index,title,desc,hot,url,image,source,type,ranking_id,surface,published_at,datetime
1,因为国 所以潮,习近平总书记指出：“文化自信是更基本、更深沉、更持久的力量”。今天，古韵国风成为年轻人眼中的“顶流审美”，传统文化与现代生活相融相通，国风浩荡，国潮奔涌。为何国潮？答案炽热滚烫：因为国，所以潮。,7903954,https://www.baidu.com/s?wd=%E5%9B%A0%E4%B8%BA%E5%9B%BD+%E6%89%80%E4%BB%A5%E6%BD%AE&sa=fyb_news&rsv_dl=fyb_news,https://fyb-2.cdn.bcebos.com/hotboard_image/459767bb0c31e801caa7939b4610271d,百度热搜,实时热搜,realtime,hotlist,,2026-10-05 00:59:16
2,10万游客涌入小县城 文旅局长给铺床,10月3日，超10万游客涌入仅5万人口的青海祁连县，酒店民宿全部满房，当地紧急开放学校宿舍免费安置近500名无住宿游客，文旅局长给游客铺床，游客直呼暖心。,7808159,https://www.baidu.com/s?wd=10%E4%B8%87%E6%B8%B8%E5%AE%A2%E6%B6%8C%E5%85%A5%E5%B0%8F%E5%8E%BF%E5%9F%8E+%E6%96%87%E6%97%85%E5%B1%80%E9%95%BF%E7%BB%99%E9%93%BA%E5%BA%8A&sa=fyb_news&rsv_dl=fyb_news,https://fyb-2.cdn.bcebos.com/hotboard_image/2aca78bc6eb4eb3c4de72dfa735cddd4,百度热搜,实时热搜,realtime,hotlist,,2026-10-05 00:59:16
3,央视迎来新主播,近日，央视《新闻直播间》栏目迎来两位新主播许斌、程河源，两人先后出镜担任主播。,7712590,https://www.baidu.com/s?wd=%E5%A4%AE%E8%A7%86%E8%BF%8E%E6%9D%A5%E6%96%B0%E4%B8%BB%E6%92%AD&sa=fyb_news&rsv_dl=fyb_news,https://fyb-2.cdn.bcebos.com/hotboard_image/87fa41e6b03edf73648b23159a4a8c61,百度热搜,实时热搜,realtime,hotlist,,2026-10-05 00:59:16
4,全国客流持续高位运行,国庆假期第四天，全国交通客流继续保持高位运行。铁路、公路、水路等部门及时增加运力、优化服务，全力保障旅客安全顺畅出行。,7616136,https://www.baidu.com/s?wd=%E5%85%A8%E5%9B%BD%E5%AE%A2%E6%B5%81%E6%8C%81%E7%BB%AD%E9%AB%98%E4%BD%8D%E8%BF%90%E8%A1%8C&sa=fyb_news&rsv_dl=fyb_news,https://fyb-2.cdn.bcebos.com/hotboard_image/4c0238416a4c6374bc2e65729c1dde63,百度热搜,实时热搜,realtime,hotlist,,2026-10-05 00:59:16
5,西安肉夹馍师傅已忙到3秒夹一个,国庆期间，西安一肉夹馍店生意火爆。师傅是河南濮阳人，因客流大增忙到3秒夹一个，手都被馍烫起泡。据其介绍，国庆客流量比平时多一倍，三秦套餐大概能卖两三千份，每天从6点半营业到晚上12点半。,7523753,https://www.baidu.com/s?wd=%E8%A5%BF%E5%AE%89%E8%82%89%E5%A4%B9%E9%A6%8D%E5%B8%88%E5%82%85%E5%B7%B2%E5%BF%99%E5%88%B03%E7%A7%92%E5%A4%B9%E4%B8%80%E4%B8%AA&sa=fyb_news&rsv_dl=fyb_news,https://fyb-2.cdn.bcebos.com/hotboard_image/6b02d95ab9b9cd588cbad558cddb7657,百度热搜,实时热搜,realtime,hotlist,,2026-10-05 00:59:16
6,耐克为何“失宠”,10月1日，耐克2027财年一季报出炉，总营收同比下滑4%，大中华区已连续九个季度负增长。此前5年耐克累计蒸发超2100亿美元。起因是年轻人对大牌祛魅及运动消费场景碎片化，加之产品迭代收窄、国货技术追平，致其在细分市场失去主场。,7424222,https://www.baidu.com/s?wd=%E8%80%90%E5%85%8B%E4%B8%BA%E4%BD%95%E2%80%9C%E5%A4%B1%E5%AE%A0%E2%80%9D&sa=fyb_news&rsv_dl=fyb_news,https://fyb-2.cdn.bcebos.com/hotboard_image/3353c4704ee564ad83870e8eec3c2978,百度热搜,实时热搜,realtime,hotlist,,2026-10-05 00:59:16
7,永州站手动翻牌火了：一朝手搓天下知,10月4日，记者实地探访湖南永州站发现，此前因纯手动翻牌走红的检票显示屏已被更换为电子屏。近日，永州站因扩建采用人工翻牌作为临时过渡，相关视频走红网络。永州站曾辟谣屏幕被借走，目前手动装置已被电子屏取代。,7333075,https://www.baidu.com/s?wd=%E6%B0%B8%E5%B7%9E%E7%AB%99%E6%89%8B%E5%8A%A8%E7%BF%BB%E7%89%8C%E7%81%AB%E4%BA%86%EF%BC%9A%E4%B8%80%E6%9C%9D%E6%89%8B%E6%90%93%E5%A4%A9%E4%B8%8B%E7%9F%A5&sa=fyb_news&rsv_dl=fyb_news,https://fyb-2.cdn.bcebos.com/hotboard_image/b7974bc75cc7ebe52628e22c807ca983,百度热搜,实时热搜,realtime,hotlist,,2026-10-05 00:59:16
8,吴宜泽击败袁思俊夺冠,,7239151,https://www.baidu.com/s?wd=%E5%90%B4%E5%AE%9C%E6%B3%BD%E5%87%BB%E8%B4%A5%E8%A2%81%E6%80%9D%E4%BF%8A%E5%A4%BA%E5%86%A0&sa=fyb_news&rsv_dl=fyb_news,https://fyb-1.cdn.bcebos.com/fyb/de6163834f53ca92c1273fff98ac9078.jpeg,百度热搜,实时热搜,realtime,hotlist,,2026-10-05 00:59:16
9,两个孩子创作的这首歌 中国人都会唱,1971年10月1日，《我爱北京天安门》在中央人民广播电台播出并传遍中华大地。此前，1969年9月，十几岁的上海少年金果临因向往天安门创作该诗作，1970年发表。随后其堂姐金月苓谱曲使歌曲诞生。该曲至今已融入无数中国人的记忆。,7143805,https://www.baidu.com/s?wd=%E4%B8%A4%E4%B8%AA%E5%AD%A9%E5%AD%90%E5%88%9B%E4%BD%9C%E7%9A%84%E8%BF%99%E9%A6%96%E6%AD%8C+%E4%B8%AD%E5%9B%BD%E4%BA%BA%E9%83%BD%E4%BC%9A%E5%94%B1&sa=fyb_news&rsv_dl=fyb_news,https://fyb-2.cdn.bcebos.com/hotboard_image/83178e3e1d2faa2c2b3f0a2b10f4f57d,百度热搜,实时热搜,realtime,hotlist,,2026-10-05 00:59:16
10,官方通报“阿尔山景区200一晚酒店”,10月4日，阿尔山市市场监督管理局通报“二百一晚大酒店”视频核查情况。经查，该地为居民自有住宅，当事人未办执照私自提供住宿，构成无照经营，已被责令停业。通报称，入住系随团司机因无房被推荐入住，协商100元/人/晚并提供免费餐食，未发现价格欺诈。,7043675,https://www.baidu.com/s?wd=%E5%AE%98%E6%96%B9%E9%80%9A%E6%8A%A5%E2%80%9C%E9%98%BF%E5%B0%94%E5%B1%B1%E6%99%AF%E5%8C%BA200%E4%B8%80%E6%99%9A%E9%85%92%E5%BA%97%E2%80%9D&sa=fyb_news&rsv_dl=fyb_news,https://fyb-2.cdn.bcebos.com/hotboard_image/d5d0db1e2fbdf93a292f67dc0ac85e30,百度热搜,实时热搜,realtime,hotlist,,2026-10-05 00:59:16
11,江苏高速临时开放500公里应急车道,国庆假期期间，江苏高速通过“苏安畅行系统”实时研判拥堵情况，临时开放路网500公里应急车道以实现智慧扩容。司机遇车多缓行时，可观察路侧情报板提示。开放时可按指示谨慎通行，关闭后立即恢复禁行，切勿违规占用。,6946093,https://www.baidu.com/s?wd=%E6%B1%9F%E8%8B%8F%E9%AB%98%E9%80%9F%E4%B8%B4%E6%97%B6%E5%BC%80%E6%94%BE500%E5%85%AC%E9%87%8C%E5%BA%94%E6%80%A5%E8%BD%A6%E9%81%93&sa=fyb_news&rsv_dl=fyb_news,https://fyb-2.cdn.bcebos.com/hotboard_image/04b8fff3bbd811b84fd8316250ac3e57,百度热搜,实时热搜,realtime,hotlist,,2026-10-05 00:59:16
12,国庆出行警惕票务诈骗陷阱,国庆返程高峰将至，火车票、机票“一票难求”，假客服、低价代购、“候补妙招”等票务骗局卷土重来，警方提醒旅客通过官方渠道购票、警惕转账。,6856701,https://www.baidu.com/s?wd=%E5%9B%BD%E5%BA%86%E5%87%BA%E8%A1%8C%E8%AD%A6%E6%83%95%E7%A5%A8%E5%8A%A1%E8%AF%88%E9%AA%97%E9%99%B7%E9%98%B1&sa=fyb_news&rsv_dl=fyb_news,https://fyb-2.cdn.bcebos.com/hotboard_image/c3294f15e10f4ba5d8205662002f45dc,百度热搜,实时热搜,realtime,hotlist,,2026-10-05 00:59:16
13,摆酒未领证分手 18.8万彩礼判退10万,9月30日，中国裁判文书网公布一起彩礼纠纷案判决。黄某与焦某甲办婚礼未领证后分手，黄某索要18.8万彩礼及10万酒席钱，并质疑女儿非亲生。此前男方称女方骗婚，女方称男方隐瞒父亲瘫痪。广州中院认定双方均无过错，维持原判。,6755205,https://www.baidu.com/s?wd=%E6%91%86%E9%85%92%E6%9C%AA%E9%A2%86%E8%AF%81%E5%88%86%E6%89%8B+18.8%E4%B8%87%E5%BD%A9%E7%A4%BC%E5%88%A4%E9%80%8010%E4%B8%87&sa=fyb_news&rsv_dl=fyb_news,https://fyb-2.cdn.bcebos.com/hotboard_image/58b850f4c799c084b01df3738f0ffd9f,百度热搜,实时热搜,realtime,hotlist,,2026-10-05 00:59:16
14,“雪姨”王琳晒健身照：马甲线清晰,10月3日，演员王琳在社交平台发文晒图：保持的秘诀是自律。照片里其马甲线清晰、肌肉线条明显，网友直呼状态太好，差点没认出。,6662717,https://www.baidu.com/s?wd=%E2%80%9C%E9%9B%AA%E5%A7%A8%E2%80%9D%E7%8E%8B%E7%90%B3%E6%99%92%E5%81%A5%E8%BA%AB%E7%85%A7%EF%BC%9A%E9%A9%AC%E7%94%B2%E7%BA%BF%E6%B8%85%E6%99%B0&sa=fyb_news&rsv_dl=fyb_news,https://fyb-2.cdn.bcebos.com/hotboard_image/47e9c1f6c24d4325495068bcab2058d0,百度热搜,实时热搜,realtime,hotlist,,2026-10-05 00:59:16
15,梅德韦杰夫2-0战胜塞伦多罗,,6570616,https://www.baidu.com/s?wd=%E6%A2%85%E5%BE%B7%E9%9F%A6%E6%9D%B0%E5%A4%AB2-0%E6%88%98%E8%83%9C%E5%A1%9E%E4%BC%A6%E5%A4%9A%E7%BD%97&sa=fyb_news&rsv_dl=fyb_news,https://fyb-1.cdn.bcebos.com/fyb/de6163834f53ca92c1273fff98ac9078.jpeg,百度热搜,实时热搜,realtime,hotlist,,2026-10-05 00:59:16
16,吴奇隆称“不拍戏了”,9月28日，演员吴奇隆在社交平台发布短视频，涵盖《步步惊心》等经典作品及小虎队金曲，戴老花镜自嘲看不清弹幕。此前，他在评论区被网友追问不出新剧时，直接回复“不拍戏了”。吴奇隆还透露将举办演唱会。,6472465,https://www.baidu.com/s?wd=%E5%90%B4%E5%A5%87%E9%9A%86%E7%A7%B0%E2%80%9C%E4%B8%8D%E6%8B%8D%E6%88%8F%E4%BA%86%E2%80%9D&sa=fyb_news&rsv_dl=fyb_news,https://fyb-2.cdn.bcebos.com/hotboard_image/a254bbc7ca331a1344b4349417f56b18,百度热搜,实时热搜,realtime,hotlist,,2026-10-05 00:59:16
17,星巴克化身星巴扎扎了谁的心,星巴克在乌鲁木齐开出新疆首批两家门店，融入艾德莱斯绸、非遗元素的“星巴扎”开门迎客人气火爆，美国会却妄称“道德沦丧”，遭中方驳斥。,6377776,https://www.baidu.com/s?wd=%E6%98%9F%E5%B7%B4%E5%85%8B%E5%8C%96%E8%BA%AB%E6%98%9F%E5%B7%B4%E6%89%8E%E6%89%8E%E4%BA%86%E8%B0%81%E7%9A%84%E5%BF%83&sa=fyb_news&rsv_dl=fyb_news,https://fyb-2.cdn.bcebos.com/hotboard_image/a9bc620c60842b3c73c7a08ba9202e35,百度热搜,实时热搜,realtime,hotlist,,2026-10-05 00:59:16
18,日本197人专案组连夜抓捕驻日美士兵,10月4日，日本冲绳县警方以涉嫌抢劫杀人罪逮捕一名20岁驻日美军上等兵。此前10月3日凌晨，那霸市一酒店发生39岁日本女性遇害案。当地警方成立197人专案组，依监控锁定特征于3日深夜在冲绳市娱乐区将其抓获。,6285536,https://www.baidu.com/s?wd=%E6%97%A5%E6%9C%AC197%E4%BA%BA%E4%B8%93%E6%A1%88%E7%BB%84%E8%BF%9E%E5%A4%9C%E6%8A%93%E6%8D%95%E9%A9%BB%E6%97%A5%E7%BE%8E%E5%A3%AB%E5%85%B5&sa=fyb_news&rsv_dl=fyb_news,https://fyb-2.cdn.bcebos.com/hotboard_image/e50c4cfd165a54cacb088c2552286032,百度热搜,实时热搜,realtime,hotlist,,2026-10-05 00:59:16
19,德约科维奇晋级中网四强,10月4日晚， 2026中网男单1/4决赛德约科维奇vs兹维列夫，最终39岁的的德约2-1战胜兹维列夫，晋级中网半决赛。,6182788,https://www.baidu.com/s?wd=%E5%BE%B7%E7%BA%A6%E7%A7%91%E7%BB%B4%E5%A5%87%E6%99%8B%E7%BA%A7%E4%B8%AD%E7%BD%91%E5%9B%9B%E5%BC%BA&sa=fyb_news&rsv_dl=fyb_news,https://fyb-2.cdn.bcebos.com/hotboard_image/4c6744ca3ef3b8c3cf293a6a0afbb9c8,百度热搜,实时热搜,realtime,hotlist,,2026-10-05 00:59:16
20,雷军一口气刷完7期民间拆车视频,10月4日消息，雷军完整看完7期民间拆车视频并在社交平台公开强烈推荐。雷军评价博主“老章说车”对量产版小米汽车的拆解深入浅出，并欢迎同行交流。,6091960,https://www.baidu.com/s?wd=%E9%9B%B7%E5%86%9B%E4%B8%80%E5%8F%A3%E6%B0%94%E5%88%B7%E5%AE%8C7%E6%9C%9F%E6%B0%91%E9%97%B4%E6%8B%86%E8%BD%A6%E8%A7%86%E9%A2%91&sa=fyb_news&rsv_dl=fyb_news,https://fyb-2.cdn.bcebos.com/hotboard_image/5dd318561fa8a638c84bb40bde379705,百度热搜,实时热搜,realtime,hotlist,,2026-10-05 00:59:16
21,赵心童吴宜泽世界排名前二,10月4日晚，斯诺克深圳公开赛收官，吴宜泽10-5击败袁思俊获得本人赛季首冠，赛后世界排名更新，吴宜泽超过特鲁姆普升至第二，而赵心童依旧排名世界第一。,5990613,https://www.baidu.com/s?wd=%E8%B5%B5%E5%BF%83%E7%AB%A5%E5%90%B4%E5%AE%9C%E6%B3%BD%E4%B8%96%E7%95%8C%E6%8E%92%E5%90%8D%E5%89%8D%E4%BA%8C&sa=fyb_news&rsv_dl=fyb_news,https://fyb-2.cdn.bcebos.com/hotboard_image/27f30f3d8875d21208000b7a557e4428,百度热搜,实时热搜,realtime,hotlist,,2026-10-05 00:59:16
22,莫氏鸡煲国庆又火了 全家都来帮忙,国庆假期，莫氏鸡煲再次火爆，吸引浙江、广州等地食客慕名前来品尝地道美食。药膳鸡煲与竹升面成为必点菜品，老莫亲自下场斩鸡，全家总动员帮忙。目前其养殖场已拓展至清远300亩及新兴约100亩，以保证食材质量。,5899322,https://www.baidu.com/s?wd=%E8%8E%AB%E6%B0%8F%E9%B8%A1%E7%85%B2%E5%9B%BD%E5%BA%86%E5%8F%88%E7%81%AB%E4%BA%86+%E5%85%A8%E5%AE%B6%E9%83%BD%E6%9D%A5%E5%B8%AE%E5%BF%99&sa=fyb_news&rsv_dl=fyb_news,https://fyb-2.cdn.bcebos.com/hotboard_image/d1812c0effe161b445b170beaf51ab75,百度热搜,实时热搜,realtime,hotlist,,2026-10-05 00:59:16
23,重庆市高院、检察院、公安局联合通告,10月2日，重庆市高级人民法院、市人民检察院、市公安局联合发布通告，依法收缴非法枪爆等物品。通告明确，凡在2027年3月31日前投案自首或主动交出非法物品者，可依法从轻、减轻或免除处罚；逾期不交者将依法从严惩处。鼓励群众积极举报相关违法犯罪活动。,5804422,https://www.baidu.com/s?wd=%E9%87%8D%E5%BA%86%E5%B8%82%E9%AB%98%E9%99%A2%E3%80%81%E6%A3%80%E5%AF%9F%E9%99%A2%E3%80%81%E5%85%AC%E5%AE%89%E5%B1%80%E8%81%94%E5%90%88%E9%80%9A%E5%91%8A&sa=fyb_news&rsv_dl=fyb_news,https://fyb-2.cdn.bcebos.com/hotboard_image/eac3557ee2e32b5027b4ed1684f024a0,百度热搜,实时热搜,realtime,hotlist,,2026-10-05 00:59:16
24,河南万岁山只见人不见“山”,国庆假期，河南开封万岁山武侠城客流爆棚，网友直呼“只见人不见山”，景区已连续4日发布限流公告。,5697446,https://www.baidu.com/s?wd=%E6%B2%B3%E5%8D%97%E4%B8%87%E5%B2%81%E5%B1%B1%E5%8F%AA%E8%A7%81%E4%BA%BA%E4%B8%8D%E8%A7%81%E2%80%9C%E5%B1%B1%E2%80%9D&sa=fyb_news&rsv_dl=fyb_news,https://fyb-2.cdn.bcebos.com/hotboard_image/b8bad49902b331e9448be9139f62394a,百度热搜,实时热搜,realtime,hotlist,,2026-10-05 00:59:16
25,武汉地铁站“行李箱墙”范围又扩大,10月4日，为适配假期客流需求，武汉地铁全面扩容提质“行李友好”服务，在司门口黄鹤楼、江汉路等热门站点划定专属区域供游客集中存放行李，形成整齐“行李箱墙”。现场配有监控与人员巡查保障安全，让游客轻装畅游，获一致好评。,5599257,https://www.baidu.com/s?wd=%E6%AD%A6%E6%B1%89%E5%9C%B0%E9%93%81%E7%AB%99%E2%80%9C%E8%A1%8C%E6%9D%8E%E7%AE%B1%E5%A2%99%E2%80%9D%E8%8C%83%E5%9B%B4%E5%8F%88%E6%89%A9%E5%A4%A7&sa=fyb_news&rsv_dl=fyb_news,https://fyb-2.cdn.bcebos.com/hotboard_image/5f11b1f9e4c4b3387c2760f4906ae673,百度热搜,实时热搜,realtime,hotlist,,2026-10-05 00:59:16
26,浙江亚运35金列全国第一,浙江省体育局就浙江亚运代表团获35金、金牌贡献率全国第一作出回应。体育局表示，浙江构建了完整的选拔体系，发掘培养体育后备力量。人才从校运会中被发掘，形成了发现、培养、输送、为国争光的完整闭环体系，教练员的坚守也为优异成绩奠定基础。,5518440,https://www.baidu.com/s?wd=%E6%B5%99%E6%B1%9F%E4%BA%9A%E8%BF%9035%E9%87%91%E5%88%97%E5%85%A8%E5%9B%BD%E7%AC%AC%E4%B8%80&sa=fyb_news&rsv_dl=fyb_news,https://fyb-2.cdn.bcebos.com/hotboard_image/794d966acd5187fc6dfeb5eab4392c19,百度热搜,实时热搜,realtime,hotlist,,2026-10-05 00:59:16
27,西双版纳景区用象粪做文创：卖得不错,近日，多位网友发布视频称，在云南西双版纳野象谷景区发现了用大象粪便制作的文创产品，引发关注。工作人员介绍，之前象粪纸笔记本卖得不错。一些喜欢种花的游客，会购买象粪护花基质，产品具体售价需咨询现场工作人员。,5427597,https://www.baidu.com/s?wd=%E8%A5%BF%E5%8F%8C%E7%89%88%E7%BA%B3%E6%99%AF%E5%8C%BA%E7%94%A8%E8%B1%A1%E7%B2%AA%E5%81%9A%E6%96%87%E5%88%9B%EF%BC%9A%E5%8D%96%E5%BE%97%E4%B8%8D%E9%94%99&sa=fyb_news&rsv_dl=fyb_news,https://fyb-2.cdn.bcebos.com/hotboard_image/32a4a972cf043a90f12f36d231132ec4,百度热搜,实时热搜,realtime,hotlist,,2026-10-05 00:59:16
28,广西涠洲岛海域出现“三龙吸水”奇观,,5323590,https://www.baidu.com/s?wd=%E5%B9%BF%E8%A5%BF%E6%B6%A0%E6%B4%B2%E5%B2%9B%E6%B5%B7%E5%9F%9F%E5%87%BA%E7%8E%B0%E2%80%9C%E4%B8%89%E9%BE%99%E5%90%B8%E6%B0%B4%E2%80%9D%E5%A5%87%E8%A7%82&sa=fyb_news&rsv_dl=fyb_news,https://fyb-1.cdn.bcebos.com/fyb/de6163834f53ca92c1273fff98ac9078.jpeg,百度热搜,实时热搜,realtime,hotlist,,2026-10-05 00:59:16
29,国庆档票房破6亿 你最想看哪一部,2026年10月1日至7日国庆档期间，全国院线总票房（含预售）突破6亿元。《神探之痕迹》《什么意思夫妇》《欢迎来龙餐馆》暂列档期票房榜前三。今年国庆档影片题材多元，涵盖合家欢、动画、悬疑等类型，合家欢影片成为观影亮点。,5233287,https://www.baidu.com/s?wd=%E5%9B%BD%E5%BA%86%E6%A1%A3%E7%A5%A8%E6%88%BF%E7%A0%B46%E4%BA%BF+%E4%BD%A0%E6%9C%80%E6%83%B3%E7%9C%8B%E5%93%AA%E4%B8%80%E9%83%A8&sa=fyb_news&rsv_dl=fyb_news,https://fyb-2.cdn.bcebos.com/hotboard_image/15e88ce5a06ba6ce6b084e8beaa708bc,百度热搜,实时热搜,realtime,hotlist,,2026-10-05 00:59:16
30,药师科普中药养生误区,,5131744,https://www.baidu.com/s?wd=%E8%8D%AF%E5%B8%88%E7%A7%91%E6%99%AE%E4%B8%AD%E8%8D%AF%E5%85%BB%E7%94%9F%E8%AF%AF%E5%8C%BA++++&sa=fyb_news&rsv_dl=fyb_news,https://fyb-1.cdn.bcebos.com/fyb/de6163834f53ca92c1273fff98ac9078.jpeg,百度热搜,实时热搜,realtime,hotlist,,2026-10-05 00:59:16
31,13岁于子迪当选亚运女子MVP,10月4日，2026年亚运会最有价值运动员出炉：13岁于子迪当选亚运女子MVP。她在本届亚运会收获3金，是中国代表团最年轻的三金得主。,5026272,https://www.baidu.com/s?wd=13%E5%B2%81%E4%BA%8E%E5%AD%90%E8%BF%AA%E5%BD%93%E9%80%89%E4%BA%9A%E8%BF%90%E5%A5%B3%E5%AD%90MVP&sa=fyb_news&rsv_dl=fyb_news,https://fyb-2.cdn.bcebos.com/hotboard_image/c7c2f2def6bffa2661a2777dcaf92aab,百度热搜,实时热搜,realtime,hotlist,,2026-10-05 00:59:16
32,一级市场风向变了,10月4日，高榕、五源、经纬等推进或完成数十亿元新基金募集，矿业、化工等传统实业资金频繁成为科技投资机构LP。实业资金对AI等硬科技关注度提高，希望借基金拓宽渠道并探索业务协同，一级市场出资人和资金流向正发生变化。,4954238,https://www.baidu.com/s?wd=%E4%B8%80%E7%BA%A7%E5%B8%82%E5%9C%BA%E9%A3%8E%E5%90%91%E5%8F%98%E4%BA%86&sa=fyb_news&rsv_dl=fyb_news,https://fyb-2.cdn.bcebos.com/hotboard_image/551faa327da11acae6a759bf6f977f6c,百度热搜,实时热搜,realtime,hotlist,,2026-10-05 00:59:16
33,十一游客流行“跳城游”,今年双节假期，“多城串游”热度持续上升。数据显示，通过飞机、高铁串联多城的游客同比增长14%，约两成游客住进“第二城”。其背后原因是立体交通网络不断完善，如9月28日京港高铁等四条高铁同步开通提升通达性。,4841751,https://www.baidu.com/s?wd=%E5%8D%81%E4%B8%80%E6%B8%B8%E5%AE%A2%E6%B5%81%E8%A1%8C%E2%80%9C%E8%B7%B3%E5%9F%8E%E6%B8%B8%E2%80%9D&sa=fyb_news&rsv_dl=fyb_news,https://fyb-2.cdn.bcebos.com/hotboard_image/c85241829d9f4ec3cbe6b5821a479329,百度热搜,实时热搜,realtime,hotlist,,2026-10-05 00:59:16
34,俄前总理就俄乌冲突发表看法,,4757397,https://www.baidu.com/s?wd=%E4%BF%84%E5%89%8D%E6%80%BB%E7%90%86%E5%B0%B1%E4%BF%84%E4%B9%8C%E5%86%B2%E7%AA%81%E5%8F%91%E8%A1%A8%E7%9C%8B%E6%B3%95&sa=fyb_news&rsv_dl=fyb_news,https://fyb-1.cdn.bcebos.com/fyb/de6163834f53ca92c1273fff98ac9078.jpeg,百度热搜,实时热搜,realtime,hotlist,,2026-10-05 00:59:16
35,奶龙玩偶舞台倒立的无声视频走红,10月3日，湖南衡东县花奇里生态旅游区表演者回应“奶龙玩偶倒立”视频走红。近日，该景区奶龙玩偶在空舞台上笨拙倒立的无声视频获50多万点赞。表演者小杨表示，因天气冷人少时会扮奶龙倒立，视频走红后观众变多。,4664967,https://www.baidu.com/s?wd=%E5%A5%B6%E9%BE%99%E7%8E%A9%E5%81%B6%E8%88%9E%E5%8F%B0%E5%80%92%E7%AB%8B%E7%9A%84%E6%97%A0%E5%A3%B0%E8%A7%86%E9%A2%91%E8%B5%B0%E7%BA%A2&sa=fyb_news&rsv_dl=fyb_news,https://fyb-2.cdn.bcebos.com/hotboard_image/403a91a36172c9cbf1e6d3abea7863ee,百度热搜,实时热搜,realtime,hotlist,,2026-10-05 00:59:16
36,第20届亚运会完整奖牌榜,10月4日，第20届亚运会在日本名古屋闭幕。第20届亚运会完整奖牌榜：中国代表团获169金89银83铜，位列金牌榜与奖牌榜首位，创境外参赛最佳战绩。,4559336,https://www.baidu.com/s?wd=%E7%AC%AC20%E5%B1%8A%E4%BA%9A%E8%BF%90%E4%BC%9A%E5%AE%8C%E6%95%B4%E5%A5%96%E7%89%8C%E6%A6%9C&sa=fyb_news&rsv_dl=fyb_news,https://fyb-2.cdn.bcebos.com/hotboard_image/d42a43bede60d4e00946bce24892007c,百度热搜,实时热搜,realtime,hotlist,,2026-10-05 00:59:16
37,年轻人国庆旅游偏爱“隐居山林”,晨起习练八段锦、静坐，入夜漫步山野，这般闲云野鹤的古意生活，在国庆出游热潮中悄然走红，成为年轻人追捧的新式度假方式。这类产品热度攀升，部分机构国庆团期节前就已报满。针对这股新兴度假风潮，记者采访专家，解读热潮背后的社会心态。,4476062,https://www.baidu.com/s?wd=%E5%B9%B4%E8%BD%BB%E4%BA%BA%E5%9B%BD%E5%BA%86%E6%97%85%E6%B8%B8%E5%81%8F%E7%88%B1%E2%80%9C%E9%9A%90%E5%B1%85%E5%B1%B1%E6%9E%97%E2%80%9D&sa=fyb_news&rsv_dl=fyb_news,https://fyb-2.cdn.bcebos.com/hotboard_image/c034a17e4f6fe9c6a54ef91b76d9ea43,百度热搜,实时热搜,realtime,hotlist,,2026-10-05 00:59:16
38,鸠山由纪夫：应该让驻日美军撤走,日本冲绳县警方10月4日逮捕了一名驻冲绳美国士兵，此人涉嫌在冲绳一家酒店抢劫并杀害一名当地女性。日本前首相鸠山由纪夫呼吁让美军撤走。,4351391,https://www.baidu.com/s?wd=%E9%B8%A0%E5%B1%B1%E7%94%B1%E7%BA%AA%E5%A4%AB%EF%BC%9A%E5%BA%94%E8%AF%A5%E8%AE%A9%E9%A9%BB%E6%97%A5%E7%BE%8E%E5%86%9B%E6%92%A4%E8%B5%B0&sa=fyb_news&rsv_dl=fyb_news,https://fyb-2.cdn.bcebos.com/hotboard_image/cd332f7a1612d798f5be68b91cbb9116,百度热搜,实时热搜,realtime,hotlist,,2026-10-05 00:59:16
39,周传雄：在工体开演唱会圆了北漂梦,10月4日晚，周传雄北京演唱会现场，他表示在工体开演唱会圆了北漂梦，特别感谢观众，愿歌声陪伴每一个追梦人。,4286758,https://www.baidu.com/s?wd=%E5%91%A8%E4%BC%A0%E9%9B%84%EF%BC%9A%E5%9C%A8%E5%B7%A5%E4%BD%93%E5%BC%80%E6%BC%94%E5%94%B1%E4%BC%9A%E5%9C%86%E4%BA%86%E5%8C%97%E6%BC%82%E6%A2%A6&sa=fyb_news&rsv_dl=fyb_news,https://fyb-2.cdn.bcebos.com/hotboard_image/49e358373e8d2cd50f30040245cba906,百度热搜,实时热搜,realtime,hotlist,,2026-10-05 00:59:16
40,吴艳妮总结亚运会,,4159777,https://www.baidu.com/s?wd=%E5%90%B4%E8%89%B3%E5%A6%AE%E6%80%BB%E7%BB%93%E4%BA%9A%E8%BF%90%E4%BC%9A&sa=fyb_news&rsv_dl=fyb_news,https://fyb-1.cdn.bcebos.com/fyb/de6163834f53ca92c1273fff98ac9078.jpeg,百度热搜,实时热搜,realtime,hotlist,,2026-10-05 00:59:16
41,中国人民银行公开征求意见,根据中国人民银行官网消息，为进一步规范金融信用信息基础数据库业务，强化金融监管，维护信息主体合法权益，中国人民银行起草了《金融信用信息基础数据库管理办法（征求意见稿）》，面向社会公开征求意见，意见反馈截止时间为2026年10月30日。,4061694,https://www.baidu.com/s?wd=%E4%B8%AD%E5%9B%BD%E4%BA%BA%E6%B0%91%E9%93%B6%E8%A1%8C%E5%85%AC%E5%BC%80%E5%BE%81%E6%B1%82%E6%84%8F%E8%A7%81&sa=fyb_news&rsv_dl=fyb_news,https://fyb-2.cdn.bcebos.com/hotboard_image/a363d3d5c4841537052f3677d9672c73,百度热搜,实时热搜,realtime,hotlist,,2026-10-05 00:59:16
42,姆巴佩社媒晒骑自行车兜风照,,3991845,https://www.baidu.com/s?wd=%E5%A7%86%E5%B7%B4%E4%BD%A9%E7%A4%BE%E5%AA%92%E6%99%92%E9%AA%91%E8%87%AA%E8%A1%8C%E8%BD%A6%E5%85%9C%E9%A3%8E%E7%85%A7&sa=fyb_news&rsv_dl=fyb_news,https://fyb-1.cdn.bcebos.com/fyb/de6163834f53ca92c1273fff98ac9078.jpeg,百度热搜,实时热搜,realtime,hotlist,,2026-10-05 00:59:16
43,小罗伯特唐尼晒《复联5》海报,10月4日，小罗伯特唐尼在社交平台晒出《复联5：毁灭之日》最新海报，宣布回归饰演头号反派毁灭博士。此前他在《复联4》中饰演钢铁侠并牺牲，被指告别漫威。该片北美定档12月18日上映，内地已过审但未定档。,3907940,https://www.baidu.com/s?wd=%E5%B0%8F%E7%BD%97%E4%BC%AF%E7%89%B9%E5%94%90%E5%B0%BC%E6%99%92%E3%80%8A%E5%A4%8D%E8%81%945%E3%80%8B%E6%B5%B7%E6%8A%A5&sa=fyb_news&rsv_dl=fyb_news,https://fyb-2.cdn.bcebos.com/hotboard_image/f7cf33329d61232134809fbc4290d101,百度热搜,实时热搜,realtime,hotlist,,2026-10-05 00:59:16
44,德约科维奇盖了四条毛巾,10月4日晚， 2026中网男单1/4决赛德约科维奇vs兹维列夫，由于现场太冷了，德约科维奇盖了四条毛巾。,3789422,https://www.baidu.com/s?wd=%E5%BE%B7%E7%BA%A6%E7%A7%91%E7%BB%B4%E5%A5%87%E7%9B%96%E4%BA%86%E5%9B%9B%E6%9D%A1%E6%AF%9B%E5%B7%BE&sa=fyb_news&rsv_dl=fyb_news,https://fyb-2.cdn.bcebos.com/hotboard_image/e0f940a0c05f194fe17287b551ee9c80,百度热搜,实时热搜,realtime,hotlist,,2026-10-05 00:59:16
45,国庆前3天高速新能源车充电近300万次,10月4日据国家能源局通报，10月1日0时至3日24时，全国高速公路新能源汽车充电次数共计296.86万次，较去年同期增长48.41%；充电量达7161.93万千瓦时，同比增长49.39%。,3718741,https://www.baidu.com/s?wd=%E5%9B%BD%E5%BA%86%E5%89%8D3%E5%A4%A9%E9%AB%98%E9%80%9F%E6%96%B0%E8%83%BD%E6%BA%90%E8%BD%A6%E5%85%85%E7%94%B5%E8%BF%91300%E4%B8%87%E6%AC%A1&sa=fyb_news&rsv_dl=fyb_news,https://fyb-2.cdn.bcebos.com/hotboard_image/c2e7bc2b5727afb1cb10c18d3d767025,百度热搜,实时热搜,realtime,hotlist,,2026-10-05 00:59:16
46,周传雄文俊辉合唱《送别》,10月4日晚，周传雄称在北京工人体育场开演唱会圆了北漂梦，和文俊辉合唱《送别》，网友：我的青春又回来了。,3608293,https://www.baidu.com/s?wd=%E5%91%A8%E4%BC%A0%E9%9B%84%E6%96%87%E4%BF%8A%E8%BE%89%E5%90%88%E5%94%B1%E3%80%8A%E9%80%81%E5%88%AB%E3%80%8B&sa=fyb_news&rsv_dl=fyb_news,https://fyb-2.cdn.bcebos.com/hotboard_image/93f39e4eb9ffef359f602e6f71bc0d69,百度热搜,实时热搜,realtime,hotlist,,2026-10-05 00:59:16
47,小朋友绘手抄报送武警战士,,3486568,https://www.baidu.com/s?wd=%E5%B0%8F%E6%9C%8B%E5%8F%8B%E7%BB%98%E6%89%8B%E6%8A%84%E6%8A%A5%E9%80%81%E6%AD%A6%E8%AD%A6%E6%88%98%E5%A3%AB&sa=fyb_news&rsv_dl=fyb_news,https://fyb-1.cdn.bcebos.com/fyb/de6163834f53ca92c1273fff98ac9078.jpeg,百度热搜,实时热搜,realtime,hotlist,,2026-10-05 00:59:16
48,山东大学团队七年守护“海上大熊猫”,,3434774,https://www.baidu.com/s?wd=%E5%B1%B1%E4%B8%9C%E5%A4%A7%E5%AD%A6%E5%9B%A2%E9%98%9F%E4%B8%83%E5%B9%B4%E5%AE%88%E6%8A%A4%E2%80%9C%E6%B5%B7%E4%B8%8A%E5%A4%A7%E7%86%8A%E7%8C%AB%E2%80%9D&sa=fyb_news&rsv_dl=fyb_news,https://fyb-1.cdn.bcebos.com/fyb/de6163834f53ca92c1273fff98ac9078.jpeg,百度热搜,实时热搜,realtime,hotlist,,2026-10-05 00:59:16
49,亚运银牌 回家也得掰苞米,国庆假期，亚运会田径女子1500米银牌得主李春辉回村帮爷爷奶奶掰苞米，手法熟练。其经纪人表示，李春辉出生农村，从小懂事，经常帮家人干农活。此前，李春辉在决赛最后时刻超越日本名将夺得银牌，让中国选手时隔28年再次登上该项目领奖台。,3307959,https://www.baidu.com/s?wd=%E4%BA%9A%E8%BF%90%E9%93%B6%E7%89%8C+%E5%9B%9E%E5%AE%B6%E4%B9%9F%E5%BE%97%E6%8E%B0%E8%8B%9E%E7%B1%B3&sa=fyb_news&rsv_dl=fyb_news,https://fyb-2.cdn.bcebos.com/hotboard_image/36a22237b4e3c57ee991fc05ec949bf0,百度热搜,实时热搜,realtime,hotlist,,2026-10-05 00:59:16
50,下单不到2分钟退电影票被扣16元,淘票票用户下单不到两分钟退票被扣16元，投诉时骂了一句脏话，AI客服竟回敬同款脏话，平台回应将核查，代金券已补发。,3218306,https://www.baidu.com/s?wd=%E4%B8%8B%E5%8D%95%E4%B8%8D%E5%88%B02%E5%88%86%E9%92%9F%E9%80%80%E7%94%B5%E5%BD%B1%E7%A5%A8%E8%A2%AB%E6%89%A316%E5%85%83&sa=fyb_news&rsv_dl=fyb_news,https://fyb-2.cdn.bcebos.com/hotboard_image/1dcf5adc3bf08fabc7255b6aa0403054,百度热搜,实时热搜,realtime,hotlist,,2026-10-05 00:59:16
1,因为国 所以潮,习近平总书记指出：“文化自信是更基本、更深沉、更持久的力量”。今天，古韵国风成为年轻人眼中的“顶流审美”，传统文化与现代生活相融相通，国风浩荡，国潮奔涌。为何国潮？答案炽热滚烫：因为国，所以潮。,7904456,https://www.baidu.com/s?wd=%E5%9B%A0%E4%B8%BA%E5%9B%BD+%E6%89%80%E4%BB%A5%E6%BD%AE&sa=fyb_news&rsv_dl=fyb_news,https://fyb-2.cdn.bcebos.com/hotboard_image/459767bb0c31e801caa7939b4610271d,百度热搜,实时热搜,realtime,hotlist,,2026-10-05 02:09:52
2,10万游客涌入小县城 文旅局长给铺床,10月3日，超10万游客涌入仅5万人口的青海祁连县，酒店民宿全部满房，当地紧急开放学校宿舍免费安置近500名无住宿游客，文旅局长给游客铺床，游客直呼暖心。,7808823,https://www.baidu.com/s?wd=10%E4%B8%87%E6%B8%B8%E5%AE%A2%E6%B6%8C%E5%85%A5%E5%B0%8F%E5%8E%BF%E5%9F%8E+%E6%96%87%E6%97%85%E5%B1%80%E9%95%BF%E7%BB%99%E9%93%BA%E5%BA%8A&sa=fyb_news&rsv_dl=fyb_news,https://fyb-2.cdn.bcebos.com/hotboard_image/2aca78bc6eb4eb3c4de72dfa735cddd4,百度热搜,实时热搜,realtime,hotlist,,2026-10-05 02:09:52
3,央视迎来新主播,近日，央视《新闻直播间》栏目迎来两位新主播许斌、程河源，两人先后出镜担任主播。,7714068,https://www.baidu.com/s?wd=%E5%A4%AE%E8%A7%86%E8%BF%8E%E6%9D%A5%E6%96%B0%E4%B8%BB%E6%92%AD&sa=fyb_news&rsv_dl=fyb_news,https://fyb-2.cdn.bcebos.com/hotboard_image/87fa41e6b03edf73648b23159a4a8c61,百度热搜,实时热搜,realtime,hotlist,,2026-10-05 02:09:52
4,全国客流持续高位运行,国庆假期第四天，全国交通客流继续保持高位运行。铁路、公路、水路等部门及时增加运力、优化服务，全力保障旅客安全顺畅出行。,7619218,https://www.baidu.com/s?wd=%E5%85%A8%E5%9B%BD%E5%AE%A2%E6%B5%81%E6%8C%81%E7%BB%AD%E9%AB%98%E4%BD%8D%E8%BF%90%E8%A1%8C&sa=fyb_news&rsv_dl=fyb_news,https://fyb-2.cdn.bcebos.com/hotboard_image/4c0238416a4c6374bc2e65729c1dde63,百度热搜,实时热搜,realtime,hotlist,,2026-10-05 02:09:52
5,西安肉夹馍师傅已忙到3秒夹一个,国庆期间，西安一肉夹馍店生意火爆。师傅是河南濮阳人，因客流大增忙到3秒夹一个，手都被馍烫起泡。据其介绍，国庆客流量比平时多一倍，三秦套餐大概能卖两三千份，每天从6点半营业到晚上12点半。,7521118,https://www.baidu.com/s?wd=%E8%A5%BF%E5%AE%89%E8%82%89%E5%A4%B9%E9%A6%8D%E5%B8%88%E5%82%85%E5%B7%B2%E5%BF%99%E5%88%B03%E7%A7%92%E5%A4%B9%E4%B8%80%E4%B8%AA&sa=fyb_news&rsv_dl=fyb_news,https://fyb-2.cdn.bcebos.com/hotboard_image/6b02d95ab9b9cd588cbad558cddb7657,百度热搜,实时热搜,realtime,hotlist,,2026-10-05 02:09:52
6,耐克为何“失宠”,10月1日，耐克2027财年一季报出炉，总营收同比下滑4%，大中华区已连续九个季度负增长。此前5年耐克累计蒸发超2100亿美元。起因是年轻人对大牌祛魅及运动消费场景碎片化，加之产品迭代收窄、国货技术追平，致其在细分市场失去主场。,7427008,https://www.baidu.com/s?wd=%E8%80%90%E5%85%8B%E4%B8%BA%E4%BD%95%E2%80%9C%E5%A4%B1%E5%AE%A0%E2%80%9D&sa=fyb_news&rsv_dl=fyb_news,https://fyb-2.cdn.bcebos.com/hotboard_image/3353c4704ee564ad83870e8eec3c2978,百度热搜,实时热搜,realtime,hotlist,,2026-10-05 02:09:52
7,两个孩子创作的这首歌 中国人都会唱,1971年10月1日，《我爱北京天安门》在中央人民广播电台播出并传遍中华大地。此前，1969年9月，十几岁的上海少年金果临因向往天安门创作该诗作，1970年发表。随后其堂姐金月苓谱曲使歌曲诞生。该曲至今已融入无数中国人的记忆。,7333299,https://www.baidu.com/s?wd=%E4%B8%A4%E4%B8%AA%E5%AD%A9%E5%AD%90%E5%88%9B%E4%BD%9C%E7%9A%84%E8%BF%99%E9%A6%96%E6%AD%8C+%E4%B8%AD%E5%9B%BD%E4%BA%BA%E9%83%BD%E4%BC%9A%E5%94%B1&sa=fyb_news&rsv_dl=fyb_news,https://fyb-2.cdn.bcebos.com/hotboard_image/83178e3e1d2faa2c2b3f0a2b10f4f57d,百度热搜,实时热搜,realtime,hotlist,,2026-10-05 02:09:52
8,吴宜泽击败袁思俊夺冠,,7238219,https://www.baidu.com/s?wd=%E5%90%B4%E5%AE%9C%E6%B3%BD%E5%87%BB%E8%B4%A5%E8%A2%81%E6%80%9D%E4%BF%8A%E5%A4%BA%E5%86%A0&sa=fyb_news&rsv_dl=fyb_news,https://fyb-1.cdn.bcebos.com/fyb/de6163834f53ca92c1273fff98ac9078.jpeg,百度热搜,实时热搜,realtime,hotlist,,2026-10-05 02:09:52
9,梅德韦杰夫2-0战胜塞伦多罗,,7138111,https://www.baidu.com/s?wd=%E6%A2%85%E5%BE%B7%E9%9F%A6%E6%9D%B0%E5%A4%AB2-0%E6%88%98%E8%83%9C%E5%A1%9E%E4%BC%A6%E5%A4%9A%E7%BD%97&sa=fyb_news&rsv_dl=fyb_news,https://fyb-1.cdn.bcebos.com/fyb/de6163834f53ca92c1273fff98ac9078.jpeg,百度热搜,实时热搜,realtime,hotlist,,2026-10-05 02:09:52
10,日本197人专案组连夜抓捕驻日美士兵,10月4日，日本冲绳县警方以涉嫌抢劫杀人罪逮捕一名20岁驻日美军上等兵。此前10月3日凌晨，那霸市一酒店发生39岁日本女性遇害案。当地警方成立197人专案组，依监控锁定特征于3日深夜在冲绳市娱乐区将其抓获。,7048182,https://www.baidu.com/s?wd=%E6%97%A5%E6%9C%AC197%E4%BA%BA%E4%B8%93%E6%A1%88%E7%BB%84%E8%BF%9E%E5%A4%9C%E6%8A%93%E6%8D%95%E9%A9%BB%E6%97%A5%E7%BE%8E%E5%A3%AB%E5%85%B5&sa=fyb_news&rsv_dl=fyb_news,https://fyb-2.cdn.bcebos.com/hotboard_image/e50c4cfd165a54cacb088c2552286032,百度热搜,实时热搜,realtime,hotlist,,2026-10-05 02:09:52
11,赵心童吴宜泽世界排名前二,10月4日晚，斯诺克深圳公开赛收官，吴宜泽10-5击败袁思俊获得本人赛季首冠，赛后世界排名更新，吴宜泽超过特鲁姆普升至第二，而赵心童依旧排名世界第一。,6945520,https://www.baidu.com/s?wd=%E8%B5%B5%E5%BF%83%E7%AB%A5%E5%90%B4%E5%AE%9C%E6%B3%BD%E4%B8%96%E7%95%8C%E6%8E%92%E5%90%8D%E5%89%8D%E4%BA%8C&sa=fyb_news&rsv_dl=fyb_news,https://fyb-2.cdn.bcebos.com/hotboard_image/27f30f3d8875d21208000b7a557e4428,百度热搜,实时热搜,realtime,hotlist,,2026-10-05 02:09:52
12,国庆出行警惕票务诈骗陷阱,国庆返程高峰将至，火车票、机票“一票难求”，假客服、低价代购、“候补妙招”等票务骗局卷土重来，警方提醒旅客通过官方渠道购票、警惕转账。,6851687,https://www.baidu.com/s?wd=%E5%9B%BD%E5%BA%86%E5%87%BA%E8%A1%8C%E8%AD%A6%E6%83%95%E7%A5%A8%E5%8A%A1%E8%AF%88%E9%AA%97%E9%99%B7%E9%98%B1&sa=fyb_news&rsv_dl=fyb_news,https://fyb-2.cdn.bcebos.com/hotboard_image/c3294f15e10f4ba5d8205662002f45dc,百度热搜,实时热搜,realtime,hotlist,,2026-10-05 02:09:52
13,“雪姨”王琳晒健身照：马甲线清晰,10月3日，演员王琳在社交平台发文晒图：保持的秘诀是自律。照片里其马甲线清晰、肌肉线条明显，网友直呼状态太好，差点没认出。,6758526,https://www.baidu.com/s?wd=%E2%80%9C%E9%9B%AA%E5%A7%A8%E2%80%9D%E7%8E%8B%E7%90%B3%E6%99%92%E5%81%A5%E8%BA%AB%E7%85%A7%EF%BC%9A%E9%A9%AC%E7%94%B2%E7%BA%BF%E6%B8%85%E6%99%B0&sa=fyb_news&rsv_dl=fyb_news,https://fyb-2.cdn.bcebos.com/hotboard_image/47e9c1f6c24d4325495068bcab2058d0,百度热搜,实时热搜,realtime,hotlist,,2026-10-05 02:09:52
14,摆酒未领证分手 18.8万彩礼判退10万,9月30日，中国裁判文书网公布一起彩礼纠纷案判决。黄某与焦某甲办婚礼未领证后分手，黄某索要18.8万彩礼及10万酒席钱，并质疑女儿非亲生。此前男方称女方骗婚，女方称男方隐瞒父亲瘫痪。广州中院认定双方均无过错，维持原判。,6665047,https://www.baidu.com/s?wd=%E6%91%86%E9%85%92%E6%9C%AA%E9%A2%86%E8%AF%81%E5%88%86%E6%89%8B+18.8%E4%B8%87%E5%BD%A9%E7%A4%BC%E5%88%A4%E9%80%8010%E4%B8%87&sa=fyb_news&rsv_dl=fyb_news,https://fyb-2.cdn.bcebos.com/hotboard_image/58b850f4c799c084b01df3738f0ffd9f,百度热搜,实时热搜,realtime,hotlist,,2026-10-05 02:09:52
15,永州站手动翻牌火了：一朝手搓天下知,10月4日，记者实地探访湖南永州站发现，此前因纯手动翻牌走红的检票显示屏已被更换为电子屏。近日，永州站因扩建采用人工翻牌作为临时过渡，相关视频走红网络。永州站曾辟谣屏幕被借走，目前手动装置已被电子屏取代。,6562093,https://www.baidu.com/s?wd=%E6%B0%B8%E5%B7%9E%E7%AB%99%E6%89%8B%E5%8A%A8%E7%BF%BB%E7%89%8C%E7%81%AB%E4%BA%86%EF%BC%9A%E4%B8%80%E6%9C%9D%E6%89%8B%E6%90%93%E5%A4%A9%E4%B8%8B%E7%9F%A5&sa=fyb_news&rsv_dl=fyb_news,https://fyb-2.cdn.bcebos.com/hotboard_image/b7974bc75cc7ebe52628e22c807ca983,百度热搜,实时热搜,realtime,hotlist,,2026-10-05 02:09:52
16,武汉地铁站“行李箱墙”范围又扩大,10月4日，为适配假期客流需求，武汉地铁全面扩容提质“行李友好”服务，在司门口黄鹤楼、江汉路等热门站点划定专属区域供游客集中存放行李，形成整齐“行李箱墙”。现场配有监控与人员巡查保障安全，让游客轻装畅游，获一致好评。,6471931,https://www.baidu.com/s?wd=%E6%AD%A6%E6%B1%89%E5%9C%B0%E9%93%81%E7%AB%99%E2%80%9C%E8%A1%8C%E6%9D%8E%E7%AE%B1%E5%A2%99%E2%80%9D%E8%8C%83%E5%9B%B4%E5%8F%88%E6%89%A9%E5%A4%A7&sa=fyb_news&rsv_dl=fyb_news,https://fyb-2.cdn.bcebos.com/hotboard_image/5f11b1f9e4c4b3387c2760f4906ae673,百度热搜,实时热搜,realtime,hotlist,,2026-10-05 02:09:52
17,官方通报“阿尔山景区200一晚酒店”,10月4日，阿尔山市市场监督管理局通报“二百一晚大酒店”视频核查情况。经查，该地为居民自有住宅，当事人未办执照私自提供住宿，构成无照经营，已被责令停业。通报称，入住系随团司机因无房被推荐入住，协商100元/人/晚并提供免费餐食，未发现价格欺诈。,6366700,https://www.baidu.com/s?wd=%E5%AE%98%E6%96%B9%E9%80%9A%E6%8A%A5%E2%80%9C%E9%98%BF%E5%B0%94%E5%B1%B1%E6%99%AF%E5%8C%BA200%E4%B8%80%E6%99%9A%E9%85%92%E5%BA%97%E2%80%9D&sa=fyb_news&rsv_dl=fyb_news,https://fyb-2.cdn.bcebos.com/hotboard_image/d5d0db1e2fbdf93a292f67dc0ac85e30,百度热搜,实时热搜,realtime,hotlist,,2026-10-05 02:09:52
18,河南万岁山只见人不见“山”,国庆假期，河南开封万岁山武侠城客流爆棚，网友直呼“只见人不见山”，景区已连续4日发布限流公告。,6273255,https://www.baidu.com/s?wd=%E6%B2%B3%E5%8D%97%E4%B8%87%E5%B2%81%E5%B1%B1%E5%8F%AA%E8%A7%81%E4%BA%BA%E4%B8%8D%E8%A7%81%E2%80%9C%E5%B1%B1%E2%80%9D&sa=fyb_news&rsv_dl=fyb_news,https://fyb-2.cdn.bcebos.com/hotboard_image/b8bad49902b331e9448be9139f62394a,百度热搜,实时热搜,realtime,hotlist,,2026-10-05 02:09:52
19,德约科维奇晋级中网四强,10月4日晚， 2026中网男单1/4决赛德约科维奇vs兹维列夫，最终39岁的的德约2-1战胜兹维列夫，晋级中网半决赛。,6185979,https://www.baidu.com/s?wd=%E5%BE%B7%E7%BA%A6%E7%A7%91%E7%BB%B4%E5%A5%87%E6%99%8B%E7%BA%A7%E4%B8%AD%E7%BD%91%E5%9B%9B%E5%BC%BA&sa=fyb_news&rsv_dl=fyb_news,https://fyb-2.cdn.bcebos.com/hotboard_image/4c6744ca3ef3b8c3cf293a6a0afbb9c8,百度热搜,实时热搜,realtime,hotlist,,2026-10-05 02:09:52
20,雷军一口气刷完7期民间拆车视频,10月4日消息，雷军完整看完7期民间拆车视频并在社交平台公开强烈推荐。雷军评价博主“老章说车”对量产版小米汽车的拆解深入浅出，并欢迎同行交流。,6097263,https://www.baidu.com/s?wd=%E9%9B%B7%E5%86%9B%E4%B8%80%E5%8F%A3%E6%B0%94%E5%88%B7%E5%AE%8C7%E6%9C%9F%E6%B0%91%E9%97%B4%E6%8B%86%E8%BD%A6%E8%A7%86%E9%A2%91&sa=fyb_news&rsv_dl=fyb_news,https://fyb-2.cdn.bcebos.com/hotboard_image/5dd318561fa8a638c84bb40bde379705,百度热搜,实时热搜,realtime,hotlist,,2026-10-05 02:09:52
21,星巴克化身星巴扎扎了谁的心,星巴克在乌鲁木齐开出新疆首批两家门店，融入艾德莱斯绸、非遗元素的“星巴扎”开门迎客人气火爆，美国会却妄称“道德沦丧”，遭中方驳斥。,5984992,https://www.baidu.com/s?wd=%E6%98%9F%E5%B7%B4%E5%85%8B%E5%8C%96%E8%BA%AB%E6%98%9F%E5%B7%B4%E6%89%8E%E6%89%8E%E4%BA%86%E8%B0%81%E7%9A%84%E5%BF%83&sa=fyb_news&rsv_dl=fyb_news,https://fyb-2.cdn.bcebos.com/hotboard_image/a9bc620c60842b3c73c7a08ba9202e35,百度热搜,实时热搜,realtime,hotlist,,2026-10-05 02:09:52
22,莫氏鸡煲国庆又火了 全家都来帮忙,国庆假期，莫氏鸡煲再次火爆，吸引浙江、广州等地食客慕名前来品尝地道美食。药膳鸡煲与竹升面成为必点菜品，老莫亲自下场斩鸡，全家总动员帮忙。目前其养殖场已拓展至清远300亩及新兴约100亩，以保证食材质量。,5888003,https://www.baidu.com/s?wd=%E8%8E%AB%E6%B0%8F%E9%B8%A1%E7%85%B2%E5%9B%BD%E5%BA%86%E5%8F%88%E7%81%AB%E4%BA%86+%E5%85%A8%E5%AE%B6%E9%83%BD%E6%9D%A5%E5%B8%AE%E5%BF%99&sa=fyb_news&rsv_dl=fyb_news,https://fyb-2.cdn.bcebos.com/hotboard_image/d1812c0effe161b445b170beaf51ab75,百度热搜,实时热搜,realtime,hotlist,,2026-10-05 02:09:52
23,吴奇隆称“不拍戏了”,9月28日，演员吴奇隆在社交平台发布短视频，涵盖《步步惊心》等经典作品及小虎队金曲，戴老花镜自嘲看不清弹幕。此前，他在评论区被网友追问不出新剧时，直接回复“不拍戏了”。吴奇隆还透露将举办演唱会。,5805846,https://www.baidu.com/s?wd=%E5%90%B4%E5%A5%87%E9%9A%86%E7%A7%B0%E2%80%9C%E4%B8%8D%E6%8B%8D%E6%88%8F%E4%BA%86%E2%80%9D&sa=fyb_news&rsv_dl=fyb_news,https://fyb-2.cdn.bcebos.com/hotboard_image/a254bbc7ca331a1344b4349417f56b18,百度热搜,实时热搜,realtime,hotlist,,2026-10-05 02:09:52
24,广西涠洲岛海域出现“三龙吸水”奇观,,5713024,https://www.baidu.com/s?wd=%E5%B9%BF%E8%A5%BF%E6%B6%A0%E6%B4%B2%E5%B2%9B%E6%B5%B7%E5%9F%9F%E5%87%BA%E7%8E%B0%E2%80%9C%E4%B8%89%E9%BE%99%E5%90%B8%E6%B0%B4%E2%80%9D%E5%A5%87%E8%A7%82&sa=fyb_news&rsv_dl=fyb_news,https://fyb-1.cdn.bcebos.com/fyb/de6163834f53ca92c1273fff98ac9078.jpeg,百度热搜,实时热搜,realtime,hotlist,,2026-10-05 02:09:52
25,13岁于子迪当选亚运女子MVP,10月4日，2026年亚运会最有价值运动员出炉：13岁于子迪当选亚运女子MVP。她在本届亚运会收获3金，是中国代表团最年轻的三金得主。,5620692,https://www.baidu.com/s?wd=13%E5%B2%81%E4%BA%8E%E5%AD%90%E8%BF%AA%E5%BD%93%E9%80%89%E4%BA%9A%E8%BF%90%E5%A5%B3%E5%AD%90MVP&sa=fyb_news&rsv_dl=fyb_news,https://fyb-2.cdn.bcebos.com/hotboard_image/c7c2f2def6bffa2661a2777dcaf92aab,百度热搜,实时热搜,realtime,hotlist,,2026-10-05 02:09:52
26,西双版纳景区用象粪做文创：卖得不错,近日，多位网友发布视频称，在云南西双版纳野象谷景区发现了用大象粪便制作的文创产品，引发关注。工作人员介绍，之前象粪纸笔记本卖得不错。一些喜欢种花的游客，会购买象粪护花基质，产品具体售价需咨询现场工作人员。,5524584,https://www.baidu.com/s?wd=%E8%A5%BF%E5%8F%8C%E7%89%88%E7%BA%B3%E6%99%AF%E5%8C%BA%E7%94%A8%E8%B1%A1%E7%B2%AA%E5%81%9A%E6%96%87%E5%88%9B%EF%BC%9A%E5%8D%96%E5%BE%97%E4%B8%8D%E9%94%99&sa=fyb_news&rsv_dl=fyb_news,https://fyb-2.cdn.bcebos.com/hotboard_image/32a4a972cf043a90f12f36d231132ec4,百度热搜,实时热搜,realtime,hotlist,,2026-10-05 02:09:52
27,国庆档票房破6亿 你最想看哪一部,2026年10月1日至7日国庆档期间，全国院线总票房（含预售）突破6亿元。《神探之痕迹》《什么意思夫妇》《欢迎来龙餐馆》暂列档期票房榜前三。今年国庆档影片题材多元，涵盖合家欢、动画、悬疑等类型，合家欢影片成为观影亮点。,5428332,https://www.baidu.com/s?wd=%E5%9B%BD%E5%BA%86%E6%A1%A3%E7%A5%A8%E6%88%BF%E7%A0%B46%E4%BA%BF+%E4%BD%A0%E6%9C%80%E6%83%B3%E7%9C%8B%E5%93%AA%E4%B8%80%E9%83%A8&sa=fyb_news&rsv_dl=fyb_news,https://fyb-2.cdn.bcebos.com/hotboard_image/15e88ce5a06ba6ce6b084e8beaa708bc,百度热搜,实时热搜,realtime,hotlist,,2026-10-05 02:09:52
28,江苏高速临时开放500公里应急车道,国庆假期期间，江苏高速通过“苏安畅行系统”实时研判拥堵情况，临时开放路网500公里应急车道以实现智慧扩容。司机遇车多缓行时，可观察路侧情报板提示。开放时可按指示谨慎通行，关闭后立即恢复禁行，切勿违规占用。,5322349,https://www.baidu.com/s?wd=%E6%B1%9F%E8%8B%8F%E9%AB%98%E9%80%9F%E4%B8%B4%E6%97%B6%E5%BC%80%E6%94%BE500%E5%85%AC%E9%87%8C%E5%BA%94%E6%80%A5%E8%BD%A6%E9%81%93&sa=fyb_news&rsv_dl=fyb_news,https://fyb-2.cdn.bcebos.com/hotboard_image/04b8fff3bbd811b84fd8316250ac3e57,百度热搜,实时热搜,realtime,hotlist,,2026-10-05 02:09:52
29,重庆市高院、检察院、公安局联合通告,10月2日，重庆市高级人民法院、市人民检察院、市公安局联合发布通告，依法收缴非法枪爆等物品。通告明确，凡在2027年3月31日前投案自首或主动交出非法物品者，可依法从轻、减轻或免除处罚；逾期不交者将依法从严惩处。鼓励群众积极举报相关违法犯罪活动。,5234671,https://www.baidu.com/s?wd=%E9%87%8D%E5%BA%86%E5%B8%82%E9%AB%98%E9%99%A2%E3%80%81%E6%A3%80%E5%AF%9F%E9%99%A2%E3%80%81%E5%85%AC%E5%AE%89%E5%B1%80%E8%81%94%E5%90%88%E9%80%9A%E5%91%8A&sa=fyb_news&rsv_dl=fyb_news,https://fyb-2.cdn.bcebos.com/hotboard_image/eac3557ee2e32b5027b4ed1684f024a0,百度热搜,实时热搜,realtime,hotlist,,2026-10-05 02:09:52
30,第20届亚运会完整奖牌榜,10月4日，第20届亚运会在日本名古屋闭幕。第20届亚运会完整奖牌榜：中国代表团获169金89银83铜，位列金牌榜与奖牌榜首位，创境外参赛最佳战绩。,5127357,https://www.baidu.com/s?wd=%E7%AC%AC20%E5%B1%8A%E4%BA%9A%E8%BF%90%E4%BC%9A%E5%AE%8C%E6%95%B4%E5%A5%96%E7%89%8C%E6%A6%9C&sa=fyb_news&rsv_dl=fyb_news,https://fyb-2.cdn.bcebos.com/hotboard_image/d42a43bede60d4e00946bce24892007c,百度热搜,实时热搜,realtime,hotlist,,2026-10-05 02:09:52
31,浙江亚运35金列全国第一,浙江省体育局就浙江亚运代表团获35金、金牌贡献率全国第一作出回应。体育局表示，浙江构建了完整的选拔体系，发掘培养体育后备力量。人才从校运会中被发掘，形成了发现、培养、输送、为国争光的完整闭环体系，教练员的坚守也为优异成绩奠定基础。,5048724,https://www.baidu.com/s?wd=%E6%B5%99%E6%B1%9F%E4%BA%9A%E8%BF%9035%E9%87%91%E5%88%97%E5%85%A8%E5%9B%BD%E7%AC%AC%E4%B8%80&sa=fyb_news&rsv_dl=fyb_news,https://fyb-2.cdn.bcebos.com/hotboard_image/794d966acd5187fc6dfeb5eab4392c19,百度热搜,实时热搜,realtime,hotlist,,2026-10-05 02:09:52
32,药师科普中药养生误区,,4944539,https://www.baidu.com/s?wd=%E8%8D%AF%E5%B8%88%E7%A7%91%E6%99%AE%E4%B8%AD%E8%8D%AF%E5%85%BB%E7%94%9F%E8%AF%AF%E5%8C%BA++++&sa=fyb_news&rsv_dl=fyb_news,https://fyb-1.cdn.bcebos.com/fyb/de6163834f53ca92c1273fff98ac9078.jpeg,百度热搜,实时热搜,realtime,hotlist,,2026-10-05 02:09:52
33,奶龙玩偶舞台倒立的无声视频走红,10月3日，湖南衡东县花奇里生态旅游区表演者回应“奶龙玩偶倒立”视频走红。近日，该景区奶龙玩偶在空舞台上笨拙倒立的无声视频获50多万点赞。表演者小杨表示，因天气冷人少时会扮奶龙倒立，视频走红后观众变多。,4834560,https://www.baidu.com/s?wd=%E5%A5%B6%E9%BE%99%E7%8E%A9%E5%81%B6%E8%88%9E%E5%8F%B0%E5%80%92%E7%AB%8B%E7%9A%84%E6%97%A0%E5%A3%B0%E8%A7%86%E9%A2%91%E8%B5%B0%E7%BA%A2&sa=fyb_news&rsv_dl=fyb_news,https://fyb-2.cdn.bcebos.com/hotboard_image/403a91a36172c9cbf1e6d3abea7863ee,百度热搜,实时热搜,realtime,hotlist,,2026-10-05 02:09:52
34,一级市场风向变了,10月4日，高榕、五源、经纬等推进或完成数十亿元新基金募集，矿业、化工等传统实业资金频繁成为科技投资机构LP。实业资金对AI等硬科技关注度提高，希望借基金拓宽渠道并探索业务协同，一级市场出资人和资金流向正发生变化。,4743824,https://www.baidu.com/s?wd=%E4%B8%80%E7%BA%A7%E5%B8%82%E5%9C%BA%E9%A3%8E%E5%90%91%E5%8F%98%E4%BA%86&sa=fyb_news&rsv_dl=fyb_news,https://fyb-2.cdn.bcebos.com/hotboard_image/551faa327da11acae6a759bf6f977f6c,百度热搜,实时热搜,realtime,hotlist,,2026-10-05 02:09:52
35,吴艳妮总结亚运会,,4644212,https://www.baidu.com/s?wd=%E5%90%B4%E8%89%B3%E5%A6%AE%E6%80%BB%E7%BB%93%E4%BA%9A%E8%BF%90%E4%BC%9A&sa=fyb_news&rsv_dl=fyb_news,https://fyb-1.cdn.bcebos.com/fyb/de6163834f53ca92c1273fff98ac9078.jpeg,百度热搜,实时热搜,realtime,hotlist,,2026-10-05 02:09:52
36,姆巴佩社媒晒骑自行车兜风照,,4550796,https://www.baidu.com/s?wd=%E5%A7%86%E5%B7%B4%E4%BD%A9%E7%A4%BE%E5%AA%92%E6%99%92%E9%AA%91%E8%87%AA%E8%A1%8C%E8%BD%A6%E5%85%9C%E9%A3%8E%E7%85%A7&sa=fyb_news&rsv_dl=fyb_news,https://fyb-1.cdn.bcebos.com/fyb/de6163834f53ca92c1273fff98ac9078.jpeg,百度热搜,实时热搜,realtime,hotlist,,2026-10-05 02:09:52
37,十一游客流行“跳城游”,今年双节假期，“多城串游”热度持续上升。数据显示，通过飞机、高铁串联多城的游客同比增长14%，约两成游客住进“第二城”。其背后原因是立体交通网络不断完善，如9月28日京港高铁等四条高铁同步开通提升通达性。,4467044,https://www.baidu.com/s?wd=%E5%8D%81%E4%B8%80%E6%B8%B8%E5%AE%A2%E6%B5%81%E8%A1%8C%E2%80%9C%E8%B7%B3%E5%9F%8E%E6%B8%B8%E2%80%9D&sa=fyb_news&rsv_dl=fyb_news,https://fyb-2.cdn.bcebos.com/hotboard_image/c85241829d9f4ec3cbe6b5821a479329,百度热搜,实时热搜,realtime,hotlist,,2026-10-05 02:09:52
38,年轻人国庆旅游偏爱“隐居山林”,晨起习练八段锦、静坐，入夜漫步山野，这般闲云野鹤的古意生活，在国庆出游热潮中悄然走红，成为年轻人追捧的新式度假方式。这类产品热度攀升，部分机构国庆团期节前就已报满。针对这股新兴度假风潮，记者采访专家，解读热潮背后的社会心态。,4366302,https://www.baidu.com/s?wd=%E5%B9%B4%E8%BD%BB%E4%BA%BA%E5%9B%BD%E5%BA%86%E6%97%85%E6%B8%B8%E5%81%8F%E7%88%B1%E2%80%9C%E9%9A%90%E5%B1%85%E5%B1%B1%E6%9E%97%E2%80%9D&sa=fyb_news&rsv_dl=fyb_news,https://fyb-2.cdn.bcebos.com/hotboard_image/c034a17e4f6fe9c6a54ef91b76d9ea43,百度热搜,实时热搜,realtime,hotlist,,2026-10-05 02:09:52
39,小罗伯特唐尼晒《复联5》海报,10月4日，小罗伯特唐尼在社交平台晒出《复联5：毁灭之日》最新海报，宣布回归饰演头号反派毁灭博士。此前他在《复联4》中饰演钢铁侠并牺牲，被指告别漫威。该片北美定档12月18日上映，内地已过审但未定档。,4256395,https://www.baidu.com/s?wd=%E5%B0%8F%E7%BD%97%E4%BC%AF%E7%89%B9%E5%94%90%E5%B0%BC%E6%99%92%E3%80%8A%E5%A4%8D%E8%81%945%E3%80%8B%E6%B5%B7%E6%8A%A5&sa=fyb_news&rsv_dl=fyb_news,https://fyb-2.cdn.bcebos.com/hotboard_image/f7cf33329d61232134809fbc4290d101,百度热搜,实时热搜,realtime,hotlist,,2026-10-05 02:09:52
40,鸠山由纪夫：应该让驻日美军撤走,日本冲绳县警方10月4日逮捕了一名驻冲绳美国士兵，此人涉嫌在冲绳一家酒店抢劫并杀害一名当地女性。日本前首相鸠山由纪夫呼吁让美军撤走。,4194140,https://www.baidu.com/s?wd=%E9%B8%A0%E5%B1%B1%E7%94%B1%E7%BA%AA%E5%A4%AB%EF%BC%9A%E5%BA%94%E8%AF%A5%E8%AE%A9%E9%A9%BB%E6%97%A5%E7%BE%8E%E5%86%9B%E6%92%A4%E8%B5%B0&sa=fyb_news&rsv_dl=fyb_news,https://fyb-2.cdn.bcebos.com/hotboard_image/cd332f7a1612d798f5be68b91cbb9116,百度热搜,实时热搜,realtime,hotlist,,2026-10-05 02:09:52
41,德约科维奇盖了四条毛巾,10月4日晚， 2026中网男单1/4决赛德约科维奇vs兹维列夫，由于现场太冷了，德约科维奇盖了四条毛巾。,4075838,https://www.baidu.com/s?wd=%E5%BE%B7%E7%BA%A6%E7%A7%91%E7%BB%B4%E5%A5%87%E7%9B%96%E4%BA%86%E5%9B%9B%E6%9D%A1%E6%AF%9B%E5%B7%BE&sa=fyb_news&rsv_dl=fyb_news,https://fyb-2.cdn.bcebos.com/hotboard_image/e0f940a0c05f194fe17287b551ee9c80,百度热搜,实时热搜,realtime,hotlist,,2026-10-05 02:09:52
42,周传雄文俊辉合唱《送别》,10月4日晚，周传雄称在北京工人体育场开演唱会圆了北漂梦，和文俊辉合唱《送别》，网友：我的青春又回来了。,3977215,https://www.baidu.com/s?wd=%E5%91%A8%E4%BC%A0%E9%9B%84%E6%96%87%E4%BF%8A%E8%BE%89%E5%90%88%E5%94%B1%E3%80%8A%E9%80%81%E5%88%AB%E3%80%8B&sa=fyb_news&rsv_dl=fyb_news,https://fyb-2.cdn.bcebos.com/hotboard_image/93f39e4eb9ffef359f602e6f71bc0d69,百度热搜,实时热搜,realtime,hotlist,,2026-10-05 02:09:52
43,周传雄：在工体开演唱会圆了北漂梦,10月4日晚，周传雄北京演唱会现场，他表示在工体开演唱会圆了北漂梦，特别感谢观众，愿歌声陪伴每一个追梦人。,3872667,https://www.baidu.com/s?wd=%E5%91%A8%E4%BC%A0%E9%9B%84%EF%BC%9A%E5%9C%A8%E5%B7%A5%E4%BD%93%E5%BC%80%E6%BC%94%E5%94%B1%E4%BC%9A%E5%9C%86%E4%BA%86%E5%8C%97%E6%BC%82%E6%A2%A6&sa=fyb_news&rsv_dl=fyb_news,https://fyb-2.cdn.bcebos.com/hotboard_image/49e358373e8d2cd50f30040245cba906,百度热搜,实时热搜,realtime,hotlist,,2026-10-05 02:09:52
44,亚运国足主帅：这代球员有望进世界杯,,3774249,https://www.baidu.com/s?wd=%E4%BA%9A%E8%BF%90%E5%9B%BD%E8%B6%B3%E4%B8%BB%E5%B8%85%EF%BC%9A%E8%BF%99%E4%BB%A3%E7%90%83%E5%91%98%E6%9C%89%E6%9C%9B%E8%BF%9B%E4%B8%96%E7%95%8C%E6%9D%AF&sa=fyb_news&rsv_dl=fyb_news,https://fyb-1.cdn.bcebos.com/fyb/de6163834f53ca92c1273fff98ac9078.jpeg,百度热搜,实时热搜,realtime,hotlist,,2026-10-05 02:09:52
45,山东大学团队七年守护“海上大熊猫”,,3700524,https://www.baidu.com/s?wd=%E5%B1%B1%E4%B8%9C%E5%A4%A7%E5%AD%A6%E5%9B%A2%E9%98%9F%E4%B8%83%E5%B9%B4%E5%AE%88%E6%8A%A4%E2%80%9C%E6%B5%B7%E4%B8%8A%E5%A4%A7%E7%86%8A%E7%8C%AB%E2%80%9D&sa=fyb_news&rsv_dl=fyb_news,https://fyb-1.cdn.bcebos.com/fyb/de6163834f53ca92c1273fff98ac9078.jpeg,百度热搜,实时热搜,realtime,hotlist,,2026-10-05 02:09:52
46,亚运会 新华社出图,当地时间10月4日，爱知·名古屋亚运会落下帷幕。这是一届不断超越自我的亚运、这是一届年轻身影不断涌现的亚运、这也是一届在竞技之外留下无数美好相遇的亚运。新华社出图为你回顾赛场和闭幕式精彩瞬间，一起来看！,3592364,https://www.baidu.com/s?wd=%E4%BA%9A%E8%BF%90%E4%BC%9A+%E6%96%B0%E5%8D%8E%E7%A4%BE%E5%87%BA%E5%9B%BE&sa=fyb_news&rsv_dl=fyb_news,https://fyb-2.cdn.bcebos.com/hotboard_image/72431ea19dfb6afd1f1d9ba839975185,百度热搜,实时热搜,realtime,hotlist,,2026-10-05 02:09:52
47,俄前总理就俄乌冲突发表看法,,3497646,https://www.baidu.com/s?wd=%E4%BF%84%E5%89%8D%E6%80%BB%E7%90%86%E5%B0%B1%E4%BF%84%E4%B9%8C%E5%86%B2%E7%AA%81%E5%8F%91%E8%A1%A8%E7%9C%8B%E6%B3%95&sa=fyb_news&rsv_dl=fyb_news,https://fyb-1.cdn.bcebos.com/fyb/de6163834f53ca92c1273fff98ac9078.jpeg,百度热搜,实时热搜,realtime,hotlist,,2026-10-05 02:09:52
48,下单不到2分钟退电影票被扣16元,淘票票用户下单不到两分钟退票被扣16元，投诉时骂了一句脏话，AI客服竟回敬同款脏话，平台回应将核查，代金券已补发。,3402474,https://www.baidu.com/s?wd=%E4%B8%8B%E5%8D%95%E4%B8%8D%E5%88%B02%E5%88%86%E9%92%9F%E9%80%80%E7%94%B5%E5%BD%B1%E7%A5%A8%E8%A2%AB%E6%89%A316%E5%85%83&sa=fyb_news&rsv_dl=fyb_news,https://fyb-2.cdn.bcebos.com/hotboard_image/1dcf5adc3bf08fabc7255b6aa0403054,百度热搜,实时热搜,realtime,hotlist,,2026-10-05 02:09:52
49,陈垣宇2-3不敌科顿,,3302331,https://www.baidu.com/s?wd=%E9%99%88%E5%9E%A3%E5%AE%872-3%E4%B8%8D%E6%95%8C%E7%A7%91%E9%A1%BF&sa=fyb_news&rsv_dl=fyb_news,https://fyb-1.cdn.bcebos.com/fyb/de6163834f53ca92c1273fff98ac9078.jpeg,百度热搜,实时热搜,realtime,hotlist,,2026-10-05 02:09:52
50,邵子恒心脏不适就医 请假《披哥》录制,10月4日晚，邵兵儿子邵子恒社交平台发文称自己前一天晚上突发心脏不适就医，自曝心肌酶偏高，请假披哥后续录制。,3199189,https://www.baidu.com/s?wd=%E9%82%B5%E5%AD%90%E6%81%92%E5%BF%83%E8%84%8F%E4%B8%8D%E9%80%82%E5%B0%B1%E5%8C%BB+%E8%AF%B7%E5%81%87%E3%80%8A%E6%8A%AB%E5%93%A5%E3%80%8B%E5%BD%95%E5%88%B6&sa=fyb_news&rsv_dl=fyb_news,https://fyb-2.cdn.bcebos.com/hotboard_image/0227a038d81e934143802c1b989b4173,百度热搜,实时热搜,realtime,hotlist,,2026-10-05 02:09:52
1,因为国 所以潮,习近平总书记指出：“文化自信是更基本、更深沉、更持久的力量”。今天，古韵国风成为年轻人眼中的“顶流审美”，传统文化与现代生活相融相通，国风浩荡，国潮奔涌。为何国潮？答案炽热滚烫：因为国，所以潮。,7904560,https://www.baidu.com/s?wd=%E5%9B%A0%E4%B8%BA%E5%9B%BD+%E6%89%80%E4%BB%A5%E6%BD%AE&sa=fyb_news&rsv_dl=fyb_news,https://fyb-2.cdn.bcebos.com/hotboard_image/459767bb0c31e801caa7939b4610271d,百度热搜,实时热搜,realtime,hotlist,,2026-10-05 03:39:15
2,10万游客涌入小县城 文旅局长给铺床,10月3日，超10万游客涌入仅5万人口的青海祁连县，酒店民宿全部满房，当地紧急开放学校宿舍免费安置近500名无住宿游客，文旅局长给游客铺床，游客直呼暖心。,7807964,https://www.baidu.com/s?wd=10%E4%B8%87%E6%B8%B8%E5%AE%A2%E6%B6%8C%E5%85%A5%E5%B0%8F%E5%8E%BF%E5%9F%8E+%E6%96%87%E6%97%85%E5%B1%80%E9%95%BF%E7%BB%99%E9%93%BA%E5%BA%8A&sa=fyb_news&rsv_dl=fyb_news,https://fyb-2.cdn.bcebos.com/hotboard_image/2aca78bc6eb4eb3c4de72dfa735cddd4,百度热搜,实时热搜,realtime,hotlist,,2026-10-05 03:39:15
3,央视迎来新主播,近日，央视《新闻直播间》栏目迎来两位新主播许斌、程河源，两人先后出镜担任主播。,7714478,https://www.baidu.com/s?wd=%E5%A4%AE%E8%A7%86%E8%BF%8E%E6%9D%A5%E6%96%B0%E4%B8%BB%E6%92%AD&sa=fyb_news&rsv_dl=fyb_news,https://fyb-2.cdn.bcebos.com/hotboard_image/87fa41e6b03edf73648b23159a4a8c61,百度热搜,实时热搜,realtime,hotlist,,2026-10-05 03:39:15
4,全国客流持续高位运行,国庆假期第四天，全国交通客流继续保持高位运行。铁路、公路、水路等部门及时增加运力、优化服务，全力保障旅客安全顺畅出行。,7616726,https://www.baidu.com/s?wd=%E5%85%A8%E5%9B%BD%E5%AE%A2%E6%B5%81%E6%8C%81%E7%BB%AD%E9%AB%98%E4%BD%8D%E8%BF%90%E8%A1%8C&sa=fyb_news&rsv_dl=fyb_news,https://fyb-2.cdn.bcebos.com/hotboard_image/4c0238416a4c6374bc2e65729c1dde63,百度热搜,实时热搜,realtime,hotlist,,2026-10-05 03:39:15
5,西安肉夹馍师傅已忙到3秒夹一个,国庆期间，西安一肉夹馍店生意火爆。师傅是河南濮阳人，因客流大增忙到3秒夹一个，手都被馍烫起泡。据其介绍，国庆客流量比平时多一倍，三秦套餐大概能卖两三千份，每天从6点半营业到晚上12点半。,7521553,https://www.baidu.com/s?wd=%E8%A5%BF%E5%AE%89%E8%82%89%E5%A4%B9%E9%A6%8D%E5%B8%88%E5%82%85%E5%B7%B2%E5%BF%99%E5%88%B03%E7%A7%92%E5%A4%B9%E4%B8%80%E4%B8%AA&sa=fyb_news&rsv_dl=fyb_news,https://fyb-2.cdn.bcebos.com/hotboard_image/6b02d95ab9b9cd588cbad558cddb7657,百度热搜,实时热搜,realtime,hotlist,,2026-10-05 03:39:15
6,耐克为何“失宠”,10月1日，耐克2027财年一季报出炉，总营收同比下滑4%，大中华区已连续九个季度负增长。此前5年耐克累计蒸发超2100亿美元。起因是年轻人对大牌祛魅及运动消费场景碎片化，加之产品迭代收窄、国货技术追平，致其在细分市场失去主场。,7428033,https://www.baidu.com/s?wd=%E8%80%90%E5%85%8B%E4%B8%BA%E4%BD%95%E2%80%9C%E5%A4%B1%E5%AE%A0%E2%80%9D&sa=fyb_news&rsv_dl=fyb_news,https://fyb-2.cdn.bcebos.com/hotboard_image/3353c4704ee564ad83870e8eec3c2978,百度热搜,实时热搜,realtime,hotlist,,2026-10-05 03:39:15
7,日本197人专案组连夜抓捕驻日美士兵,10月4日，日本冲绳县警方以涉嫌抢劫杀人罪逮捕一名20岁驻日美军上等兵。此前10月3日凌晨，那霸市一酒店发生39岁日本女性遇害案。当地警方成立197人专案组，依监控锁定特征于3日深夜在冲绳市娱乐区将其抓获。,7332731,https://www.baidu.com/s?wd=%E6%97%A5%E6%9C%AC197%E4%BA%BA%E4%B8%93%E6%A1%88%E7%BB%84%E8%BF%9E%E5%A4%9C%E6%8A%93%E6%8D%95%E9%A9%BB%E6%97%A5%E7%BE%8E%E5%A3%AB%E5%85%B5&sa=fyb_news&rsv_dl=fyb_news,https://fyb-2.cdn.bcebos.com/hotboard_image/e50c4cfd165a54cacb088c2552286032,百度热搜,实时热搜,realtime,hotlist,,2026-10-05 03:39:15
8,吴宜泽击败袁思俊夺冠,,7234462,https://www.baidu.com/s?wd=%E5%90%B4%E5%AE%9C%E6%B3%BD%E5%87%BB%E8%B4%A5%E8%A2%81%E6%80%9D%E4%BF%8A%E5%A4%BA%E5%86%A0&sa=fyb_news&rsv_dl=fyb_news,https://fyb-1.cdn.bcebos.com/fyb/de6163834f53ca92c1273fff98ac9078.jpeg,百度热搜,实时热搜,realtime,hotlist,,2026-10-05 03:39:15
9,武汉地铁站“行李箱墙”范围又扩大,10月4日，为适配假期客流需求，武汉地铁全面扩容提质“行李友好”服务，在司门口黄鹤楼、江汉路等热门站点划定专属区域供游客集中存放行李，形成整齐“行李箱墙”。现场配有监控与人员巡查保障安全，让游客轻装畅游，获一致好评。,7142987,https://www.baidu.com/s?wd=%E6%AD%A6%E6%B1%89%E5%9C%B0%E9%93%81%E7%AB%99%E2%80%9C%E8%A1%8C%E6%9D%8E%E7%AE%B1%E5%A2%99%E2%80%9D%E8%8C%83%E5%9B%B4%E5%8F%88%E6%89%A9%E5%A4%A7&sa=fyb_news&rsv_dl=fyb_news,https://fyb-2.cdn.bcebos.com/hotboard_image/5f11b1f9e4c4b3387c2760f4906ae673,百度热搜,实时热搜,realtime,hotlist,,2026-10-05 03:39:15
10,赵心童吴宜泽世界排名前二,10月4日晚，斯诺克深圳公开赛收官，吴宜泽10-5击败袁思俊获得本人赛季首冠，赛后世界排名更新，吴宜泽超过特鲁姆普升至第二，而赵心童依旧排名世界第一。,7040240,https://www.baidu.com/s?wd=%E8%B5%B5%E5%BF%83%E7%AB%A5%E5%90%B4%E5%AE%9C%E6%B3%BD%E4%B8%96%E7%95%8C%E6%8E%92%E5%90%8D%E5%89%8D%E4%BA%8C&sa=fyb_news&rsv_dl=fyb_news,https://fyb-2.cdn.bcebos.com/hotboard_image/27f30f3d8875d21208000b7a557e4428,百度热搜,实时热搜,realtime,hotlist,,2026-10-05 03:39:15
11,官方通报“阿尔山景区200一晚酒店”,10月4日，阿尔山市市场监督管理局通报“二百一晚大酒店”视频核查情况。经查，该地为居民自有住宅，当事人未办执照私自提供住宿，构成无照经营，已被责令停业。通报称，入住系随团司机因无房被推荐入住，协商100元/人/晚并提供免费餐食，未发现价格欺诈。,6949946,https://www.baidu.com/s?wd=%E5%AE%98%E6%96%B9%E9%80%9A%E6%8A%A5%E2%80%9C%E9%98%BF%E5%B0%94%E5%B1%B1%E6%99%AF%E5%8C%BA200%E4%B8%80%E6%99%9A%E9%85%92%E5%BA%97%E2%80%9D&sa=fyb_news&rsv_dl=fyb_news,https://fyb-2.cdn.bcebos.com/hotboard_image/d5d0db1e2fbdf93a292f67dc0ac85e30,百度热搜,实时热搜,realtime,hotlist,,2026-10-05 03:39:15
12,国庆出行警惕票务诈骗陷阱,国庆返程高峰将至，火车票、机票“一票难求”，假客服、低价代购、“候补妙招”等票务骗局卷土重来，警方提醒旅客通过官方渠道购票、警惕转账。,6853166,https://www.baidu.com/s?wd=%E5%9B%BD%E5%BA%86%E5%87%BA%E8%A1%8C%E8%AD%A6%E6%83%95%E7%A5%A8%E5%8A%A1%E8%AF%88%E9%AA%97%E9%99%B7%E9%98%B1&sa=fyb_news&rsv_dl=fyb_news,https://fyb-2.cdn.bcebos.com/hotboard_image/c3294f15e10f4ba5d8205662002f45dc,百度热搜,实时热搜,realtime,hotlist,,2026-10-05 03:39:15
13,“雪姨”王琳晒健身照：马甲线清晰,10月3日，演员王琳在社交平台发文晒图：保持的秘诀是自律。照片里其马甲线清晰、肌肉线条明显，网友直呼状态太好，差点没认出。,6752978,https://www.baidu.com/s?wd=%E2%80%9C%E9%9B%AA%E5%A7%A8%E2%80%9D%E7%8E%8B%E7%90%B3%E6%99%92%E5%81%A5%E8%BA%AB%E7%85%A7%EF%BC%9A%E9%A9%AC%E7%94%B2%E7%BA%BF%E6%B8%85%E6%99%B0&sa=fyb_news&rsv_dl=fyb_news,https://fyb-2.cdn.bcebos.com/hotboard_image/47e9c1f6c24d4325495068bcab2058d0,百度热搜,实时热搜,realtime,hotlist,,2026-10-05 03:39:15
14,摆酒未领证分手 18.8万彩礼判退10万,9月30日，中国裁判文书网公布一起彩礼纠纷案判决。黄某与焦某甲办婚礼未领证后分手，黄某索要18.8万彩礼及10万酒席钱，并质疑女儿非亲生。此前男方称女方骗婚，女方称男方隐瞒父亲瘫痪。广州中院认定双方均无过错，维持原判。,6661161,https://www.baidu.com/s?wd=%E6%91%86%E9%85%92%E6%9C%AA%E9%A2%86%E8%AF%81%E5%88%86%E6%89%8B+18.8%E4%B8%87%E5%BD%A9%E7%A4%BC%E5%88%A4%E9%80%8010%E4%B8%87&sa=fyb_news&rsv_dl=fyb_news,https://fyb-2.cdn.bcebos.com/hotboard_image/58b850f4c799c084b01df3738f0ffd9f,百度热搜,实时热搜,realtime,hotlist,,2026-10-05 03:39:15
15,西双版纳景区用象粪做文创：卖得不错,近日，多位网友发布视频称，在云南西双版纳野象谷景区发现了用大象粪便制作的文创产品，引发关注。工作人员介绍，之前象粪纸笔记本卖得不错。一些喜欢种花的游客，会购买象粪护花基质，产品具体售价需咨询现场工作人员。,6564514,https://www.baidu.com/s?wd=%E8%A5%BF%E5%8F%8C%E7%89%88%E7%BA%B3%E6%99%AF%E5%8C%BA%E7%94%A8%E8%B1%A1%E7%B2%AA%E5%81%9A%E6%96%87%E5%88%9B%EF%BC%9A%E5%8D%96%E5%BE%97%E4%B8%8D%E9%94%99&sa=fyb_news&rsv_dl=fyb_news,https://fyb-2.cdn.bcebos.com/hotboard_image/32a4a972cf043a90f12f36d231132ec4,百度热搜,实时热搜,realtime,hotlist,,2026-10-05 03:39:15
16,13岁于子迪当选亚运女子MVP,10月4日，2026年亚运会最有价值运动员出炉：13岁于子迪当选亚运女子MVP。她在本届亚运会收获3金，是中国代表团最年轻的三金得主。,6473624,https://www.baidu.com/s?wd=13%E5%B2%81%E4%BA%8E%E5%AD%90%E8%BF%AA%E5%BD%93%E9%80%89%E4%BA%9A%E8%BF%90%E5%A5%B3%E5%AD%90MVP&sa=fyb_news&rsv_dl=fyb_news,https://fyb-2.cdn.bcebos.com/hotboard_image/c7c2f2def6bffa2661a2777dcaf92aab,百度热搜,实时热搜,realtime,hotlist,,2026-10-05 03:39:15
17,两个孩子创作的这首歌 中国人都会唱,1971年10月1日，《我爱北京天安门》在中央人民广播电台播出并传遍中华大地。此前，1969年9月，十几岁的上海少年金果临因向往天安门创作该诗作，1970年发表。随后其堂姐金月苓谱曲使歌曲诞生。该曲至今已融入无数中国人的记忆。,6369021,https://www.baidu.com/s?wd=%E4%B8%A4%E4%B8%AA%E5%AD%A9%E5%AD%90%E5%88%9B%E4%BD%9C%E7%9A%84%E8%BF%99%E9%A6%96%E6%AD%8C+%E4%B8%AD%E5%9B%BD%E4%BA%BA%E9%83%BD%E4%BC%9A%E5%94%B1&sa=fyb_news&rsv_dl=fyb_news,https://fyb-2.cdn.bcebos.com/hotboard_image/83178e3e1d2faa2c2b3f0a2b10f4f57d,百度热搜,实时热搜,realtime,hotlist,,2026-10-05 03:39:15
18,永州站手动翻牌火了：一朝手搓天下知,10月4日，记者实地探访湖南永州站发现，此前因纯手动翻牌走红的检票显示屏已被更换为电子屏。近日，永州站因扩建采用人工翻牌作为临时过渡，相关视频走红网络。永州站曾辟谣屏幕被借走，目前手动装置已被电子屏取代。,6277766,https://www.baidu.com/s?wd=%E6%B0%B8%E5%B7%9E%E7%AB%99%E6%89%8B%E5%8A%A8%E7%BF%BB%E7%89%8C%E7%81%AB%E4%BA%86%EF%BC%9A%E4%B8%80%E6%9C%9D%E6%89%8B%E6%90%93%E5%A4%A9%E4%B8%8B%E7%9F%A5&sa=fyb_news&rsv_dl=fyb_news,https://fyb-2.cdn.bcebos.com/hotboard_image/b7974bc75cc7ebe52628e22c807ca983,百度热搜,实时热搜,realtime,hotlist,,2026-10-05 03:39:15
19,德约科维奇晋级中网四强,10月4日晚， 2026中网男单1/4决赛德约科维奇vs兹维列夫，最终39岁的的德约2-1战胜兹维列夫，晋级中网半决赛。,6187114,https://www.baidu.com/s?wd=%E5%BE%B7%E7%BA%A6%E7%A7%91%E7%BB%B4%E5%A5%87%E6%99%8B%E7%BA%A7%E4%B8%AD%E7%BD%91%E5%9B%9B%E5%BC%BA&sa=fyb_news&rsv_dl=fyb_news,https://fyb-2.cdn.bcebos.com/hotboard_image/4c6744ca3ef3b8c3cf293a6a0afbb9c8,百度热搜,实时热搜,realtime,hotlist,,2026-10-05 03:39:15
20,河南万岁山只见人不见“山”,国庆假期，河南开封万岁山武侠城客流爆棚，网友直呼“只见人不见山”，景区已连续4日发布限流公告。,6080310,https://www.baidu.com/s?wd=%E6%B2%B3%E5%8D%97%E4%B8%87%E5%B2%81%E5%B1%B1%E5%8F%AA%E8%A7%81%E4%BA%BA%E4%B8%8D%E8%A7%81%E2%80%9C%E5%B1%B1%E2%80%9D&sa=fyb_news&rsv_dl=fyb_news,https://fyb-2.cdn.bcebos.com/hotboard_image/b8bad49902b331e9448be9139f62394a,百度热搜,实时热搜,realtime,hotlist,,2026-10-05 03:39:15
21,梅德韦杰夫2-0战胜塞伦多罗,,6002697,https://www.baidu.com/s?wd=%E6%A2%85%E5%BE%B7%E9%9F%A6%E6%9D%B0%E5%A4%AB2-0%E6%88%98%E8%83%9C%E5%A1%9E%E4%BC%A6%E5%A4%9A%E7%BD%97&sa=fyb_news&rsv_dl=fyb_news,https://fyb-1.cdn.bcebos.com/fyb/de6163834f53ca92c1273fff98ac9078.jpeg,百度热搜,实时热搜,realtime,hotlist,,2026-10-05 03:39:15
22,莫氏鸡煲国庆又火了 全家都来帮忙,国庆假期，莫氏鸡煲再次火爆，吸引浙江、广州等地食客慕名前来品尝地道美食。药膳鸡煲与竹升面成为必点菜品，老莫亲自下场斩鸡，全家总动员帮忙。目前其养殖场已拓展至清远300亩及新兴约100亩，以保证食材质量。,5900227,https://www.baidu.com/s?wd=%E8%8E%AB%E6%B0%8F%E9%B8%A1%E7%85%B2%E5%9B%BD%E5%BA%86%E5%8F%88%E7%81%AB%E4%BA%86+%E5%85%A8%E5%AE%B6%E9%83%BD%E6%9D%A5%E5%B8%AE%E5%BF%99&sa=fyb_news&rsv_dl=fyb_news,https://fyb-2.cdn.bcebos.com/hotboard_image/d1812c0effe161b445b170beaf51ab75,百度热搜,实时热搜,realtime,hotlist,,2026-10-05 03:39:15
23,雷军一口气刷完7期民间拆车视频,10月4日消息，雷军完整看完7期民间拆车视频并在社交平台公开强烈推荐。雷军评价博主“老章说车”对量产版小米汽车的拆解深入浅出，并欢迎同行交流。,5806194,https://www.baidu.com/s?wd=%E9%9B%B7%E5%86%9B%E4%B8%80%E5%8F%A3%E6%B0%94%E5%88%B7%E5%AE%8C7%E6%9C%9F%E6%B0%91%E9%97%B4%E6%8B%86%E8%BD%A6%E8%A7%86%E9%A2%91&sa=fyb_news&rsv_dl=fyb_news,https://fyb-2.cdn.bcebos.com/hotboard_image/5dd318561fa8a638c84bb40bde379705,百度热搜,实时热搜,realtime,hotlist,,2026-10-05 03:39:15
24,浙江亚运35金列全国第一,浙江省体育局就浙江亚运代表团获35金、金牌贡献率全国第一作出回应。体育局表示，浙江构建了完整的选拔体系，发掘培养体育后备力量。人才从校运会中被发掘，形成了发现、培养、输送、为国争光的完整闭环体系，教练员的坚守也为优异成绩奠定基础。,5702672,https://www.baidu.com/s?wd=%E6%B5%99%E6%B1%9F%E4%BA%9A%E8%BF%9035%E9%87%91%E5%88%97%E5%85%A8%E5%9B%BD%E7%AC%AC%E4%B8%80&sa=fyb_news&rsv_dl=fyb_news,https://fyb-2.cdn.bcebos.com/hotboard_image/794d966acd5187fc6dfeb5eab4392c19,百度热搜,实时热搜,realtime,hotlist,,2026-10-05 03:39:15
25,第20届亚运会完整奖牌榜,10月4日，第20届亚运会在日本名古屋闭幕。第20届亚运会完整奖牌榜：中国代表团获169金89银83铜，位列金牌榜与奖牌榜首位，创境外参赛最佳战绩。,5603721,https://www.baidu.com/s?wd=%E7%AC%AC20%E5%B1%8A%E4%BA%9A%E8%BF%90%E4%BC%9A%E5%AE%8C%E6%95%B4%E5%A5%96%E7%89%8C%E6%A6%9C&sa=fyb_news&rsv_dl=fyb_news,https://fyb-2.cdn.bcebos.com/hotboard_image/d42a43bede60d4e00946bce24892007c,百度热搜,实时热搜,realtime,hotlist,,2026-10-05 03:39:15
26,一级市场风向变了,10月4日，高榕、五源、经纬等推进或完成数十亿元新基金募集，矿业、化工等传统实业资金频繁成为科技投资机构LP。实业资金对AI等硬科技关注度提高，希望借基金拓宽渠道并探索业务协同，一级市场出资人和资金流向正发生变化。,5517038,https://www.baidu.com/s?wd=%E4%B8%80%E7%BA%A7%E5%B8%82%E5%9C%BA%E9%A3%8E%E5%90%91%E5%8F%98%E4%BA%86&sa=fyb_news&rsv_dl=fyb_news,https://fyb-2.cdn.bcebos.com/hotboard_image/551faa327da11acae6a759bf6f977f6c,百度热搜,实时热搜,realtime,hotlist,,2026-10-05 03:39:15
27,国庆档票房破6亿 你最想看哪一部,2026年10月1日至7日国庆档期间，全国院线总票房（含预售）突破6亿元。《神探之痕迹》《什么意思夫妇》《欢迎来龙餐馆》暂列档期票房榜前三。今年国庆档影片题材多元，涵盖合家欢、动画、悬疑等类型，合家欢影片成为观影亮点。,5406261,https://www.baidu.com/s?wd=%E5%9B%BD%E5%BA%86%E6%A1%A3%E7%A5%A8%E6%88%BF%E7%A0%B46%E4%BA%BF+%E4%BD%A0%E6%9C%80%E6%83%B3%E7%9C%8B%E5%93%AA%E4%B8%80%E9%83%A8&sa=fyb_news&rsv_dl=fyb_news,https://fyb-2.cdn.bcebos.com/hotboard_image/15e88ce5a06ba6ce6b084e8beaa708bc,百度热搜,实时热搜,realtime,hotlist,,2026-10-05 03:39:15
28,广西涠洲岛海域出现“三龙吸水”奇观,,5322002,https://www.baidu.com/s?wd=%E5%B9%BF%E8%A5%BF%E6%B6%A0%E6%B4%B2%E5%B2%9B%E6%B5%B7%E5%9F%9F%E5%87%BA%E7%8E%B0%E2%80%9C%E4%B8%89%E9%BE%99%E5%90%B8%E6%B0%B4%E2%80%9D%E5%A5%87%E8%A7%82&sa=fyb_news&rsv_dl=fyb_news,https://fyb-1.cdn.bcebos.com/fyb/de6163834f53ca92c1273fff98ac9078.jpeg,百度热搜,实时热搜,realtime,hotlist,,2026-10-05 03:39:15
29,吴奇隆称“不拍戏了”,9月28日，演员吴奇隆在社交平台发布短视频，涵盖《步步惊心》等经典作品及小虎队金曲，戴老花镜自嘲看不清弹幕。此前，他在评论区被网友追问不出新剧时，直接回复“不拍戏了”。吴奇隆还透露将举办演唱会。,5221502,https://www.baidu.com/s?wd=%E5%90%B4%E5%A5%87%E9%9A%86%E7%A7%B0%E2%80%9C%E4%B8%8D%E6%8B%8D%E6%88%8F%E4%BA%86%E2%80%9D&sa=fyb_news&rsv_dl=fyb_news,https://fyb-2.cdn.bcebos.com/hotboard_image/a254bbc7ca331a1344b4349417f56b18,百度热搜,实时热搜,realtime,hotlist,,2026-10-05 03:39:15
30,亚运会 新华社出图,当地时间10月4日，爱知·名古屋亚运会落下帷幕。这是一届不断超越自我的亚运、这是一届年轻身影不断涌现的亚运、这也是一届在竞技之外留下无数美好相遇的亚运。新华社出图为你回顾赛场和闭幕式精彩瞬间，一起来看！,5144648,https://www.baidu.com/s?wd=%E4%BA%9A%E8%BF%90%E4%BC%9A+%E6%96%B0%E5%8D%8E%E7%A4%BE%E5%87%BA%E5%9B%BE&sa=fyb_news&rsv_dl=fyb_news,https://fyb-2.cdn.bcebos.com/hotboard_image/72431ea19dfb6afd1f1d9ba839975185,百度热搜,实时热搜,realtime,hotlist,,2026-10-05 03:39:15
31,十一游客流行“跳城游”,今年双节假期，“多城串游”热度持续上升。数据显示，通过飞机、高铁串联多城的游客同比增长14%，约两成游客住进“第二城”。其背后原因是立体交通网络不断完善，如9月28日京港高铁等四条高铁同步开通提升通达性。,5035053,https://www.baidu.com/s?wd=%E5%8D%81%E4%B8%80%E6%B8%B8%E5%AE%A2%E6%B5%81%E8%A1%8C%E2%80%9C%E8%B7%B3%E5%9F%8E%E6%B8%B8%E2%80%9D&sa=fyb_news&rsv_dl=fyb_news,https://fyb-2.cdn.bcebos.com/hotboard_image/c85241829d9f4ec3cbe6b5821a479329,百度热搜,实时热搜,realtime,hotlist,,2026-10-05 03:39:15
32,星巴克化身星巴扎扎了谁的心,星巴克在乌鲁木齐开出新疆首批两家门店，融入艾德莱斯绸、非遗元素的“星巴扎”开门迎客人气火爆，美国会却妄称“道德沦丧”，遭中方驳斥。,4946212,https://www.baidu.com/s?wd=%E6%98%9F%E5%B7%B4%E5%85%8B%E5%8C%96%E8%BA%AB%E6%98%9F%E5%B7%B4%E6%89%8E%E6%89%8E%E4%BA%86%E8%B0%81%E7%9A%84%E5%BF%83&sa=fyb_news&rsv_dl=fyb_news,https://fyb-2.cdn.bcebos.com/hotboard_image/a9bc620c60842b3c73c7a08ba9202e35,百度热搜,实时热搜,realtime,hotlist,,2026-10-05 03:39:15
33,药师科普中药养生误区,,4845635,https://www.baidu.com/s?wd=%E8%8D%AF%E5%B8%88%E7%A7%91%E6%99%AE%E4%B8%AD%E8%8D%AF%E5%85%BB%E7%94%9F%E8%AF%AF%E5%8C%BA++++&sa=fyb_news&rsv_dl=fyb_news,https://fyb-1.cdn.bcebos.com/fyb/de6163834f53ca92c1273fff98ac9078.jpeg,百度热搜,实时热搜,realtime,hotlist,,2026-10-05 03:39:15
34,年轻人国庆旅游偏爱“隐居山林”,晨起习练八段锦、静坐，入夜漫步山野，这般闲云野鹤的古意生活，在国庆出游热潮中悄然走红，成为年轻人追捧的新式度假方式。这类产品热度攀升，部分机构国庆团期节前就已报满。针对这股新兴度假风潮，记者采访专家，解读热潮背后的社会心态。,4764707,https://www.baidu.com/s?wd=%E5%B9%B4%E8%BD%BB%E4%BA%BA%E5%9B%BD%E5%BA%86%E6%97%85%E6%B8%B8%E5%81%8F%E7%88%B1%E2%80%9C%E9%9A%90%E5%B1%85%E5%B1%B1%E6%9E%97%E2%80%9D&sa=fyb_news&rsv_dl=fyb_news,https://fyb-2.cdn.bcebos.com/hotboard_image/c034a17e4f6fe9c6a54ef91b76d9ea43,百度热搜,实时热搜,realtime,hotlist,,2026-10-05 03:39:15
35,江苏高速临时开放500公里应急车道,国庆假期期间，江苏高速通过“苏安畅行系统”实时研判拥堵情况，临时开放路网500公里应急车道以实现智慧扩容。司机遇车多缓行时，可观察路侧情报板提示。开放时可按指示谨慎通行，关闭后立即恢复禁行，切勿违规占用。,4667293,https://www.baidu.com/s?wd=%E6%B1%9F%E8%8B%8F%E9%AB%98%E9%80%9F%E4%B8%B4%E6%97%B6%E5%BC%80%E6%94%BE500%E5%85%AC%E9%87%8C%E5%BA%94%E6%80%A5%E8%BD%A6%E9%81%93&sa=fyb_news&rsv_dl=fyb_news,https://fyb-2.cdn.bcebos.com/hotboard_image/04b8fff3bbd811b84fd8316250ac3e57,百度热搜,实时热搜,realtime,hotlist,,2026-10-05 03:39:15
36,姆巴佩社媒晒骑自行车兜风照,,4559602,https://www.baidu.com/s?wd=%E5%A7%86%E5%B7%B4%E4%BD%A9%E7%A4%BE%E5%AA%92%E6%99%92%E9%AA%91%E8%87%AA%E8%A1%8C%E8%BD%A6%E5%85%9C%E9%A3%8E%E7%85%A7&sa=fyb_news&rsv_dl=fyb_news,https://fyb-1.cdn.bcebos.com/fyb/de6163834f53ca92c1273fff98ac9078.jpeg,百度热搜,实时热搜,realtime,hotlist,,2026-10-05 03:39:15
37,李昊：安东尼奥改变我的职业生涯,,4478109,https://www.baidu.com/s?wd=%E6%9D%8E%E6%98%8A%EF%BC%9A%E5%AE%89%E4%B8%9C%E5%B0%BC%E5%A5%A5%E6%94%B9%E5%8F%98%E6%88%91%E7%9A%84%E8%81%8C%E4%B8%9A%E7%94%9F%E6%B6%AF&sa=fyb_news&rsv_dl=fyb_news,https://fyb-1.cdn.bcebos.com/fyb/de6163834f53ca92c1273fff98ac9078.jpeg,百度热搜,实时热搜,realtime,hotlist,,2026-10-05 03:39:15
38,德约科维奇盖了四条毛巾,10月4日晚， 2026中网男单1/4决赛德约科维奇vs兹维列夫，由于现场太冷了，德约科维奇盖了四条毛巾。,4373904,https://www.baidu.com/s?wd=%E5%BE%B7%E7%BA%A6%E7%A7%91%E7%BB%B4%E5%A5%87%E7%9B%96%E4%BA%86%E5%9B%9B%E6%9D%A1%E6%AF%9B%E5%B7%BE&sa=fyb_news&rsv_dl=fyb_news,https://fyb-2.cdn.bcebos.com/hotboard_image/e0f940a0c05f194fe17287b551ee9c80,百度热搜,实时热搜,realtime,hotlist,,2026-10-05 03:39:15
39,下单不到2分钟退电影票被扣16元,淘票票用户下单不到两分钟退票被扣16元，投诉时骂了一句脏话，AI客服竟回敬同款脏话，平台回应将核查，代金券已补发。,4286474,https://www.baidu.com/s?wd=%E4%B8%8B%E5%8D%95%E4%B8%8D%E5%88%B02%E5%88%86%E9%92%9F%E9%80%80%E7%94%B5%E5%BD%B1%E7%A5%A8%E8%A2%AB%E6%89%A316%E5%85%83&sa=fyb_news&rsv_dl=fyb_news,https://fyb-2.cdn.bcebos.com/hotboard_image/1dcf5adc3bf08fabc7255b6aa0403054,百度热搜,实时热搜,realtime,hotlist,,2026-10-05 03:39:15
40,小罗伯特唐尼晒《复联5》海报,10月4日，小罗伯特唐尼在社交平台晒出《复联5：毁灭之日》最新海报，宣布回归饰演头号反派毁灭博士。此前他在《复联4》中饰演钢铁侠并牺牲，被指告别漫威。该片北美定档12月18日上映，内地已过审但未定档。,4173742,https://www.baidu.com/s?wd=%E5%B0%8F%E7%BD%97%E4%BC%AF%E7%89%B9%E5%94%90%E5%B0%BC%E6%99%92%E3%80%8A%E5%A4%8D%E8%81%945%E3%80%8B%E6%B5%B7%E6%8A%A5&sa=fyb_news&rsv_dl=fyb_news,https://fyb-2.cdn.bcebos.com/hotboard_image/f7cf33329d61232134809fbc4290d101,百度热搜,实时热搜,realtime,hotlist,,2026-10-05 03:39:15
41,吴艳妮总结亚运会,,4100747,https://www.baidu.com/s?wd=%E5%90%B4%E8%89%B3%E5%A6%AE%E6%80%BB%E7%BB%93%E4%BA%9A%E8%BF%90%E4%BC%9A&sa=fyb_news&rsv_dl=fyb_news,https://fyb-1.cdn.bcebos.com/fyb/de6163834f53ca92c1273fff98ac9078.jpeg,百度热搜,实时热搜,realtime,hotlist,,2026-10-05 03:39:15
42,亚运国足主帅：这代球员有望进世界杯,,3979187,https://www.baidu.com/s?wd=%E4%BA%9A%E8%BF%90%E5%9B%BD%E8%B6%B3%E4%B8%BB%E5%B8%85%EF%BC%9A%E8%BF%99%E4%BB%A3%E7%90%83%E5%91%98%E6%9C%89%E6%9C%9B%E8%BF%9B%E4%B8%96%E7%95%8C%E6%9D%AF&sa=fyb_news&rsv_dl=fyb_news,https://fyb-1.cdn.bcebos.com/fyb/de6163834f53ca92c1273fff98ac9078.jpeg,百度热搜,实时热搜,realtime,hotlist,,2026-10-05 03:39:15
43,奶龙玩偶舞台倒立的无声视频走红,10月3日，湖南衡东县花奇里生态旅游区表演者回应“奶龙玩偶倒立”视频走红。近日，该景区奶龙玩偶在空舞台上笨拙倒立的无声视频获50多万点赞。表演者小杨表示，因天气冷人少时会扮奶龙倒立，视频走红后观众变多。,3887297,https://www.baidu.com/s?wd=%E5%A5%B6%E9%BE%99%E7%8E%A9%E5%81%B6%E8%88%9E%E5%8F%B0%E5%80%92%E7%AB%8B%E7%9A%84%E6%97%A0%E5%A3%B0%E8%A7%86%E9%A2%91%E8%B5%B0%E7%BA%A2&sa=fyb_news&rsv_dl=fyb_news,https://fyb-2.cdn.bcebos.com/hotboard_image/403a91a36172c9cbf1e6d3abea7863ee,百度热搜,实时热搜,realtime,hotlist,,2026-10-05 03:39:15
44,中网女单一二号种子均已出局,2026中网女单赛场接连爆出冷门：女单头号种子莱巴金娜第二轮1-2不敌查拉耶娃，止步32强；2号种子萨巴伦卡第三轮0-2负于巴尔图科娃，无缘16强。赛会女单1、2号种子双双出局。,3810472,https://www.baidu.com/s?wd=%E4%B8%AD%E7%BD%91%E5%A5%B3%E5%8D%95%E4%B8%80%E4%BA%8C%E5%8F%B7%E7%A7%8D%E5%AD%90%E5%9D%87%E5%B7%B2%E5%87%BA%E5%B1%80&sa=fyb_news&rsv_dl=fyb_news,https://fyb-2.cdn.bcebos.com/hotboard_image/7b3af801d7ba33068327597e7903a980,百度热搜,实时热搜,realtime,hotlist,,2026-10-05 03:39:15
45,山东大学团队七年守护“海上大熊猫”,,3709772,https://www.baidu.com/s?wd=%E5%B1%B1%E4%B8%9C%E5%A4%A7%E5%AD%A6%E5%9B%A2%E9%98%9F%E4%B8%83%E5%B9%B4%E5%AE%88%E6%8A%A4%E2%80%9C%E6%B5%B7%E4%B8%8A%E5%A4%A7%E7%86%8A%E7%8C%AB%E2%80%9D&sa=fyb_news&rsv_dl=fyb_news,https://fyb-1.cdn.bcebos.com/fyb/de6163834f53ca92c1273fff98ac9078.jpeg,百度热搜,实时热搜,realtime,hotlist,,2026-10-05 03:39:15
46,国庆前3天高速新能源车充电近300万次,10月4日据国家能源局通报，10月1日0时至3日24时，全国高速公路新能源汽车充电次数共计296.86万次，较去年同期增长48.41%；充电量达7161.93万千瓦时，同比增长49.39%。,3623590,https://www.baidu.com/s?wd=%E5%9B%BD%E5%BA%86%E5%89%8D3%E5%A4%A9%E9%AB%98%E9%80%9F%E6%96%B0%E8%83%BD%E6%BA%90%E8%BD%A6%E5%85%85%E7%94%B5%E8%BF%91300%E4%B8%87%E6%AC%A1&sa=fyb_news&rsv_dl=fyb_news,https://fyb-2.cdn.bcebos.com/hotboard_image/c2e7bc2b5727afb1cb10c18d3d767025,百度热搜,实时热搜,realtime,hotlist,,2026-10-05 03:39:15
47,陈垣宇2-3不敌科顿,,3500053,https://www.baidu.com/s?wd=%E9%99%88%E5%9E%A3%E5%AE%872-3%E4%B8%8D%E6%95%8C%E7%A7%91%E9%A1%BF&sa=fyb_news&rsv_dl=fyb_news,https://fyb-1.cdn.bcebos.com/fyb/de6163834f53ca92c1273fff98ac9078.jpeg,百度热搜,实时热搜,realtime,hotlist,,2026-10-05 03:39:15
48,于子迪 亚运史上最年轻MVP,当地时间10月4日，亚奥理事会宣布，泰国短跑运动员汶颂、中国游泳运动员于子迪分别当选第20届亚运会男子、女子最有价值运动员。13岁的于子迪成为亚运历史上最年轻MVP。,3396982,https://www.baidu.com/s?wd=%E4%BA%8E%E5%AD%90%E8%BF%AA+%E4%BA%9A%E8%BF%90%E5%8F%B2%E4%B8%8A%E6%9C%80%E5%B9%B4%E8%BD%BBMVP&sa=fyb_news&rsv_dl=fyb_news,https://fyb-2.cdn.bcebos.com/hotboard_image/b3aea699180f5603a031f347b928ba0a,百度热搜,实时热搜,realtime,hotlist,,2026-10-05 03:39:15
49,韦世豪向球迷致歉,,3322103,https://www.baidu.com/s?wd=%E9%9F%A6%E4%B8%96%E8%B1%AA%E5%90%91%E7%90%83%E8%BF%B7%E8%87%B4%E6%AD%89&sa=fyb_news&rsv_dl=fyb_news,https://fyb-1.cdn.bcebos.com/fyb/de6163834f53ca92c1273fff98ac9078.jpeg,百度热搜,实时热搜,realtime,hotlist,,2026-10-05 03:39:15
50,周传雄：在工体开演唱会圆了北漂梦,10月4日晚，周传雄北京演唱会现场，他表示在工体开演唱会圆了北漂梦，特别感谢观众，愿歌声陪伴每一个追梦人。,3205740,https://www.baidu.com/s?wd=%E5%91%A8%E4%BC%A0%E9%9B%84%EF%BC%9A%E5%9C%A8%E5%B7%A5%E4%BD%93%E5%BC%80%E6%BC%94%E5%94%B1%E4%BC%9A%E5%9C%86%E4%BA%86%E5%8C%97%E6%BC%82%E6%A2%A6&sa=fyb_news&rsv_dl=fyb_news,https://fyb-2.cdn.bcebos.com/hotboard_image/49e358373e8d2cd50f30040245cba906,百度热搜,实时热搜,realtime,hotlist,,2026-10-05 03:39:15
1,因为国 所以潮,习近平总书记指出：“文化自信是更基本、更深沉、更持久的力量”。今天，古韵国风成为年轻人眼中的“顶流审美”，传统文化与现代生活相融相通，国风浩荡，国潮奔涌。为何国潮？答案炽热滚烫：因为国，所以潮。,7904328,https://www.baidu.com/s?wd=%E5%9B%A0%E4%B8%BA%E5%9B%BD+%E6%89%80%E4%BB%A5%E6%BD%AE&sa=fyb_news&rsv_dl=fyb_news,https://fyb-2.cdn.bcebos.com/hotboard_image/459767bb0c31e801caa7939b4610271d,百度热搜,实时热搜,realtime,hotlist,,2026-10-05 04:50:16
2,10万游客涌入小县城 文旅局长给铺床,10月3日，超10万游客涌入仅5万人口的青海祁连县，酒店民宿全部满房，当地紧急开放学校宿舍免费安置近500名无住宿游客，文旅局长给游客铺床，游客直呼暖心。,7809130,https://www.baidu.com/s?wd=10%E4%B8%87%E6%B8%B8%E5%AE%A2%E6%B6%8C%E5%85%A5%E5%B0%8F%E5%8E%BF%E5%9F%8E+%E6%96%87%E6%97%85%E5%B1%80%E9%95%BF%E7%BB%99%E9%93%BA%E5%BA%8A&sa=fyb_news&rsv_dl=fyb_news,https://fyb-2.cdn.bcebos.com/hotboard_image/2aca78bc6eb4eb3c4de72dfa735cddd4,百度热搜,实时热搜,realtime,hotlist,,2026-10-05 04:50:16
3,央视迎来新主播,近日，央视《新闻直播间》栏目迎来两位新主播许斌、程河源，两人先后出镜担任主播。,7713366,https://www.baidu.com/s?wd=%E5%A4%AE%E8%A7%86%E8%BF%8E%E6%9D%A5%E6%96%B0%E4%B8%BB%E6%92%AD&sa=fyb_news&rsv_dl=fyb_news,https://fyb-2.cdn.bcebos.com/hotboard_image/87fa41e6b03edf73648b23159a4a8c61,百度热搜,实时热搜,realtime,hotlist,,2026-10-05 04:50:16
4,全国客流持续高位运行,国庆假期第四天，全国交通客流继续保持高位运行。铁路、公路、水路等部门及时增加运力、优化服务，全力保障旅客安全顺畅出行。,7616169,https://www.baidu.com/s?wd=%E5%85%A8%E5%9B%BD%E5%AE%A2%E6%B5%81%E6%8C%81%E7%BB%AD%E9%AB%98%E4%BD%8D%E8%BF%90%E8%A1%8C&sa=fyb_news&rsv_dl=fyb_news,https://fyb-2.cdn.bcebos.com/hotboard_image/4c0238416a4c6374bc2e65729c1dde63,百度热搜,实时热搜,realtime,hotlist,,2026-10-05 04:50:16
5,西安肉夹馍师傅已忙到3秒夹一个,国庆期间，西安一肉夹馍店生意火爆。师傅是河南濮阳人，因客流大增忙到3秒夹一个，手都被馍烫起泡。据其介绍，国庆客流量比平时多一倍，三秦套餐大概能卖两三千份，每天从6点半营业到晚上12点半。,7522112,https://www.baidu.com/s?wd=%E8%A5%BF%E5%AE%89%E8%82%89%E5%A4%B9%E9%A6%8D%E5%B8%88%E5%82%85%E5%B7%B2%E5%BF%99%E5%88%B03%E7%A7%92%E5%A4%B9%E4%B8%80%E4%B8%AA&sa=fyb_news&rsv_dl=fyb_news,https://fyb-2.cdn.bcebos.com/hotboard_image/6b02d95ab9b9cd588cbad558cddb7657,百度热搜,实时热搜,realtime,hotlist,,2026-10-05 04:50:16
6,耐克为何“失宠”,10月1日，耐克2027财年一季报出炉，总营收同比下滑4%，大中华区已连续九个季度负增长。此前5年耐克累计蒸发超2100亿美元。起因是年轻人对大牌祛魅及运动消费场景碎片化，加之产品迭代收窄、国货技术追平，致其在细分市场失去主场。,7427799,https://www.baidu.com/s?wd=%E8%80%90%E5%85%8B%E4%B8%BA%E4%BD%95%E2%80%9C%E5%A4%B1%E5%AE%A0%E2%80%9D&sa=fyb_news&rsv_dl=fyb_news,https://fyb-2.cdn.bcebos.com/hotboard_image/3353c4704ee564ad83870e8eec3c2978,百度热搜,实时热搜,realtime,hotlist,,2026-10-05 04:50:16
7,日本197人专案组连夜抓捕驻日美士兵,10月4日，日本冲绳县警方以涉嫌抢劫杀人罪逮捕一名20岁驻日美军上等兵。此前10月3日凌晨，那霸市一酒店发生39岁日本女性遇害案。当地警方成立197人专案组，依监控锁定特征于3日深夜在冲绳市娱乐区将其抓获。,7330262,https://www.baidu.com/s?wd=%E6%97%A5%E6%9C%AC197%E4%BA%BA%E4%B8%93%E6%A1%88%E7%BB%84%E8%BF%9E%E5%A4%9C%E6%8A%93%E6%8D%95%E9%A9%BB%E6%97%A5%E7%BE%8E%E5%A3%AB%E5%85%B5&sa=fyb_news&rsv_dl=fyb_news,https://fyb-2.cdn.bcebos.com/hotboard_image/e50c4cfd165a54cacb088c2552286032,百度热搜,实时热搜,realtime,hotlist,,2026-10-05 04:50:16
8,吴宜泽击败袁思俊夺冠,,7235711,https://www.baidu.com/s?wd=%E5%90%B4%E5%AE%9C%E6%B3%BD%E5%87%BB%E8%B4%A5%E8%A2%81%E6%80%9D%E4%BF%8A%E5%A4%BA%E5%86%A0&sa=fyb_news&rsv_dl=fyb_news,https://fyb-1.cdn.bcebos.com/fyb/de6163834f53ca92c1273fff98ac9078.jpeg,百度热搜,实时热搜,realtime,hotlist,,2026-10-05 04:50:16
9,13岁于子迪当选亚运女子MVP,10月4日，2026年亚运会最有价值运动员出炉：13岁于子迪当选亚运女子MVP。她在本届亚运会收获3金，是中国代表团最年轻的三金得主。,7140470,https://www.baidu.com/s?wd=13%E5%B2%81%E4%BA%8E%E5%AD%90%E8%BF%AA%E5%BD%93%E9%80%89%E4%BA%9A%E8%BF%90%E5%A5%B3%E5%AD%90MVP&sa=fyb_news&rsv_dl=fyb_news,https://fyb-2.cdn.bcebos.com/hotboard_image/c7c2f2def6bffa2661a2777dcaf92aab,百度热搜,实时热搜,realtime,hotlist,,2026-10-05 04:50:16
10,河南万岁山只见人不见“山”,国庆假期，河南开封万岁山武侠城客流爆棚，网友直呼“只见人不见山”，景区已连续4日发布限流公告。,7046124,https://www.baidu.com/s?wd=%E6%B2%B3%E5%8D%97%E4%B8%87%E5%B2%81%E5%B1%B1%E5%8F%AA%E8%A7%81%E4%BA%BA%E4%B8%8D%E8%A7%81%E2%80%9C%E5%B1%B1%E2%80%9D&sa=fyb_news&rsv_dl=fyb_news,https://fyb-2.cdn.bcebos.com/hotboard_image/b8bad49902b331e9448be9139f62394a,百度热搜,实时热搜,realtime,hotlist,,2026-10-05 04:50:16
11,官方通报“阿尔山景区200一晚酒店”,10月4日，阿尔山市市场监督管理局通报“二百一晚大酒店”视频核查情况。经查，该地为居民自有住宅，当事人未办执照私自提供住宿，构成无照经营，已被责令停业。通报称，入住系随团司机因无房被推荐入住，协商100元/人/晚并提供免费餐食，未发现价格欺诈。,6945589,https://www.baidu.com/s?wd=%E5%AE%98%E6%96%B9%E9%80%9A%E6%8A%A5%E2%80%9C%E9%98%BF%E5%B0%94%E5%B1%B1%E6%99%AF%E5%8C%BA200%E4%B8%80%E6%99%9A%E9%85%92%E5%BA%97%E2%80%9D&sa=fyb_news&rsv_dl=fyb_news,https://fyb-2.cdn.bcebos.com/hotboard_image/d5d0db1e2fbdf93a292f67dc0ac85e30,百度热搜,实时热搜,realtime,hotlist,,2026-10-05 04:50:16
12,国庆出行警惕票务诈骗陷阱,国庆返程高峰将至，火车票、机票“一票难求”，假客服、低价代购、“候补妙招”等票务骗局卷土重来，警方提醒旅客通过官方渠道购票、警惕转账。,6852147,https://www.baidu.com/s?wd=%E5%9B%BD%E5%BA%86%E5%87%BA%E8%A1%8C%E8%AD%A6%E6%83%95%E7%A5%A8%E5%8A%A1%E8%AF%88%E9%AA%97%E9%99%B7%E9%98%B1&sa=fyb_news&rsv_dl=fyb_news,https://fyb-2.cdn.bcebos.com/hotboard_image/c3294f15e10f4ba5d8205662002f45dc,百度热搜,实时热搜,realtime,hotlist,,2026-10-05 04:50:16
13,“雪姨”王琳晒健身照：马甲线清晰,10月3日，演员王琳在社交平台发文晒图：保持的秘诀是自律。照片里其马甲线清晰、肌肉线条明显，网友直呼状态太好，差点没认出。,6753844,https://www.baidu.com/s?wd=%E2%80%9C%E9%9B%AA%E5%A7%A8%E2%80%9D%E7%8E%8B%E7%90%B3%E6%99%92%E5%81%A5%E8%BA%AB%E7%85%A7%EF%BC%9A%E9%A9%AC%E7%94%B2%E7%BA%BF%E6%B8%85%E6%99%B0&sa=fyb_news&rsv_dl=fyb_news,https://fyb-2.cdn.bcebos.com/hotboard_image/47e9c1f6c24d4325495068bcab2058d0,百度热搜,实时热搜,realtime,hotlist,,2026-10-05 04:50:16
14,武汉地铁站“行李箱墙”范围又扩大,10月4日，为适配假期客流需求，武汉地铁全面扩容提质“行李友好”服务，在司门口黄鹤楼、江汉路等热门站点划定专属区域供游客集中存放行李，形成整齐“行李箱墙”。现场配有监控与人员巡查保障安全，让游客轻装畅游，获一致好评。,6662233,https://www.baidu.com/s?wd=%E6%AD%A6%E6%B1%89%E5%9C%B0%E9%93%81%E7%AB%99%E2%80%9C%E8%A1%8C%E6%9D%8E%E7%AE%B1%E5%A2%99%E2%80%9D%E8%8C%83%E5%9B%B4%E5%8F%88%E6%89%A9%E5%A4%A7&sa=fyb_news&rsv_dl=fyb_news,https://fyb-2.cdn.bcebos.com/hotboard_image/5f11b1f9e4c4b3387c2760f4906ae673,百度热搜,实时热搜,realtime,hotlist,,2026-10-05 04:50:16
15,莫氏鸡煲国庆又火了 全家都来帮忙,国庆假期，莫氏鸡煲再次火爆，吸引浙江、广州等地食客慕名前来品尝地道美食。药膳鸡煲与竹升面成为必点菜品，老莫亲自下场斩鸡，全家总动员帮忙。目前其养殖场已拓展至清远300亩及新兴约100亩，以保证食材质量。,6559472,https://www.baidu.com/s?wd=%E8%8E%AB%E6%B0%8F%E9%B8%A1%E7%85%B2%E5%9B%BD%E5%BA%86%E5%8F%88%E7%81%AB%E4%BA%86+%E5%85%A8%E5%AE%B6%E9%83%BD%E6%9D%A5%E5%B8%AE%E5%BF%99&sa=fyb_news&rsv_dl=fyb_news,https://fyb-2.cdn.bcebos.com/hotboard_image/d1812c0effe161b445b170beaf51ab75,百度热搜,实时热搜,realtime,hotlist,,2026-10-05 04:50:16
16,十一游客流行“跳城游”,今年双节假期，“多城串游”热度持续上升。数据显示，通过飞机、高铁串联多城的游客同比增长14%，约两成游客住进“第二城”。其背后原因是立体交通网络不断完善，如9月28日京港高铁等四条高铁同步开通提升通达性。,6473891,https://www.baidu.com/s?wd=%E5%8D%81%E4%B8%80%E6%B8%B8%E5%AE%A2%E6%B5%81%E8%A1%8C%E2%80%9C%E8%B7%B3%E5%9F%8E%E6%B8%B8%E2%80%9D&sa=fyb_news&rsv_dl=fyb_news,https://fyb-2.cdn.bcebos.com/hotboard_image/c85241829d9f4ec3cbe6b5821a479329,百度热搜,实时热搜,realtime,hotlist,,2026-10-05 04:50:16
17,第20届亚运会完整奖牌榜,10月4日，第20届亚运会在日本名古屋闭幕。第20届亚运会完整奖牌榜：中国代表团获169金89银83铜，位列金牌榜与奖牌榜首位，创境外参赛最佳战绩。,6381718,https://www.baidu.com/s?wd=%E7%AC%AC20%E5%B1%8A%E4%BA%9A%E8%BF%90%E4%BC%9A%E5%AE%8C%E6%95%B4%E5%A5%96%E7%89%8C%E6%A6%9C&sa=fyb_news&rsv_dl=fyb_news,https://fyb-2.cdn.bcebos.com/hotboard_image/d42a43bede60d4e00946bce24892007c,百度热搜,实时热搜,realtime,hotlist,,2026-10-05 04:50:16
18,赵心童吴宜泽世界排名前二,10月4日晚，斯诺克深圳公开赛收官，吴宜泽10-5击败袁思俊获得本人赛季首冠，赛后世界排名更新，吴宜泽超过特鲁姆普升至第二，而赵心童依旧排名世界第一。,6283680,https://www.baidu.com/s?wd=%E8%B5%B5%E5%BF%83%E7%AB%A5%E5%90%B4%E5%AE%9C%E6%B3%BD%E4%B8%96%E7%95%8C%E6%8E%92%E5%90%8D%E5%89%8D%E4%BA%8C&sa=fyb_news&rsv_dl=fyb_news,https://fyb-2.cdn.bcebos.com/hotboard_image/27f30f3d8875d21208000b7a557e4428,百度热搜,实时热搜,realtime,hotlist,,2026-10-05 04:50:16
19,德约科维奇晋级中网四强,10月4日晚， 2026中网男单1/4决赛德约科维奇vs兹维列夫，最终39岁的的德约2-1战胜兹维列夫，晋级中网半决赛。,6186558,https://www.baidu.com/s?wd=%E5%BE%B7%E7%BA%A6%E7%A7%91%E7%BB%B4%E5%A5%87%E6%99%8B%E7%BA%A7%E4%B8%AD%E7%BD%91%E5%9B%9B%E5%BC%BA&sa=fyb_news&rsv_dl=fyb_news,https://fyb-2.cdn.bcebos.com/hotboard_image/4c6744ca3ef3b8c3cf293a6a0afbb9c8,百度热搜,实时热搜,realtime,hotlist,,2026-10-05 04:50:16
20,国庆档票房破6亿 你最想看哪一部,2026年10月1日至7日国庆档期间，全国院线总票房（含预售）突破6亿元。《神探之痕迹》《什么意思夫妇》《欢迎来龙餐馆》暂列档期票房榜前三。今年国庆档影片题材多元，涵盖合家欢、动画、悬疑等类型，合家欢影片成为观影亮点。,6092541,https://www.baidu.com/s?wd=%E5%9B%BD%E5%BA%86%E6%A1%A3%E7%A5%A8%E6%88%BF%E7%A0%B46%E4%BA%BF+%E4%BD%A0%E6%9C%80%E6%83%B3%E7%9C%8B%E5%93%AA%E4%B8%80%E9%83%A8&sa=fyb_news&rsv_dl=fyb_news,https://fyb-2.cdn.bcebos.com/hotboard_image/15e88ce5a06ba6ce6b084e8beaa708bc,百度热搜,实时热搜,realtime,hotlist,,2026-10-05 04:50:16
21,雷军一口气刷完7期民间拆车视频,10月4日消息，雷军完整看完7期民间拆车视频并在社交平台公开强烈推荐。雷军评价博主“老章说车”对量产版小米汽车的拆解深入浅出，并欢迎同行交流。,6001072,https://www.baidu.com/s?wd=%E9%9B%B7%E5%86%9B%E4%B8%80%E5%8F%A3%E6%B0%94%E5%88%B7%E5%AE%8C7%E6%9C%9F%E6%B0%91%E9%97%B4%E6%8B%86%E8%BD%A6%E8%A7%86%E9%A2%91&sa=fyb_news&rsv_dl=fyb_news,https://fyb-2.cdn.bcebos.com/hotboard_image/5dd318561fa8a638c84bb40bde379705,百度热搜,实时热搜,realtime,hotlist,,2026-10-05 04:50:16
22,永州站手动翻牌火了：一朝手搓天下知,10月4日，记者实地探访湖南永州站发现，此前因纯手动翻牌走红的检票显示屏已被更换为电子屏。近日，永州站因扩建采用人工翻牌作为临时过渡，相关视频走红网络。永州站曾辟谣屏幕被借走，目前手动装置已被电子屏取代。,5891901,https://www.baidu.com/s?wd=%E6%B0%B8%E5%B7%9E%E7%AB%99%E6%89%8B%E5%8A%A8%E7%BF%BB%E7%89%8C%E7%81%AB%E4%BA%86%EF%BC%9A%E4%B8%80%E6%9C%9D%E6%89%8B%E6%90%93%E5%A4%A9%E4%B8%8B%E7%9F%A5&sa=fyb_news&rsv_dl=fyb_news,https://fyb-2.cdn.bcebos.com/hotboard_image/b7974bc75cc7ebe52628e22c807ca983,百度热搜,实时热搜,realtime,hotlist,,2026-10-05 04:50:16
23,吴奇隆称“不拍戏了”,9月28日，演员吴奇隆在社交平台发布短视频，涵盖《步步惊心》等经典作品及小虎队金曲，戴老花镜自嘲看不清弹幕。此前，他在评论区被网友追问不出新剧时，直接回复“不拍戏了”。吴奇隆还透露将举办演唱会。,5802379,https://www.baidu.com/s?wd=%E5%90%B4%E5%A5%87%E9%9A%86%E7%A7%B0%E2%80%9C%E4%B8%8D%E6%8B%8D%E6%88%8F%E4%BA%86%E2%80%9D&sa=fyb_news&rsv_dl=fyb_news,https://fyb-2.cdn.bcebos.com/hotboard_image/a254bbc7ca331a1344b4349417f56b18,百度热搜,实时热搜,realtime,hotlist,,2026-10-05 04:50:16
24,一级市场风向变了,10月4日，高榕、五源、经纬等推进或完成数十亿元新基金募集，矿业、化工等传统实业资金频繁成为科技投资机构LP。实业资金对AI等硬科技关注度提高，希望借基金拓宽渠道并探索业务协同，一级市场出资人和资金流向正发生变化。,5716251,https://www.baidu.com/s?wd=%E4%B8%80%E7%BA%A7%E5%B8%82%E5%9C%BA%E9%A3%8E%E5%90%91%E5%8F%98%E4%BA%86&sa=fyb_news&rsv_dl=fyb_news,https://fyb-2.cdn.bcebos.com/hotboard_image/551faa327da11acae6a759bf6f977f6c,百度热搜,实时热搜,realtime,hotlist,,2026-10-05 04:50:16
25,梅德韦杰夫2-0战胜塞伦多罗,,5620885,https://www.baidu.com/s?wd=%E6%A2%85%E5%BE%B7%E9%9F%A6%E6%9D%B0%E5%A4%AB2-0%E6%88%98%E8%83%9C%E5%A1%9E%E4%BC%A6%E5%A4%9A%E7%BD%97&sa=fyb_news&rsv_dl=fyb_news,https://fyb-1.cdn.bcebos.com/fyb/de6163834f53ca92c1273fff98ac9078.jpeg,百度热搜,实时热搜,realtime,hotlist,,2026-10-05 04:50:16
26,西双版纳景区用象粪做文创：卖得不错,近日，多位网友发布视频称，在云南西双版纳野象谷景区发现了用大象粪便制作的文创产品，引发关注。工作人员介绍，之前象粪纸笔记本卖得不错。一些喜欢种花的游客，会购买象粪护花基质，产品具体售价需咨询现场工作人员。,5507459,https://www.baidu.com/s?wd=%E8%A5%BF%E5%8F%8C%E7%89%88%E7%BA%B3%E6%99%AF%E5%8C%BA%E7%94%A8%E8%B1%A1%E7%B2%AA%E5%81%9A%E6%96%87%E5%88%9B%EF%BC%9A%E5%8D%96%E5%BE%97%E4%B8%8D%E9%94%99&sa=fyb_news&rsv_dl=fyb_news,https://fyb-2.cdn.bcebos.com/hotboard_image/32a4a972cf043a90f12f36d231132ec4,百度热搜,实时热搜,realtime,hotlist,,2026-10-05 04:50:16
27,摆酒未领证分手 18.8万彩礼判退10万,9月30日，中国裁判文书网公布一起彩礼纠纷案判决。黄某与焦某甲办婚礼未领证后分手，黄某索要18.8万彩礼及10万酒席钱，并质疑女儿非亲生。此前男方称女方骗婚，女方称男方隐瞒父亲瘫痪。广州中院认定双方均无过错，维持原判。,5428664,https://www.baidu.com/s?wd=%E6%91%86%E9%85%92%E6%9C%AA%E9%A2%86%E8%AF%81%E5%88%86%E6%89%8B+18.8%E4%B8%87%E5%BD%A9%E7%A4%BC%E5%88%A4%E9%80%8010%E4%B8%87&sa=fyb_news&rsv_dl=fyb_news,https://fyb-2.cdn.bcebos.com/hotboard_image/58b850f4c799c084b01df3738f0ffd9f,百度热搜,实时热搜,realtime,hotlist,,2026-10-05 04:50:16
28,江苏高速临时开放500公里应急车道,国庆假期期间，江苏高速通过“苏安畅行系统”实时研判拥堵情况，临时开放路网500公里应急车道以实现智慧扩容。司机遇车多缓行时，可观察路侧情报板提示。开放时可按指示谨慎通行，关闭后立即恢复禁行，切勿违规占用。,5318110,https://www.baidu.com/s?wd=%E6%B1%9F%E8%8B%8F%E9%AB%98%E9%80%9F%E4%B8%B4%E6%97%B6%E5%BC%80%E6%94%BE500%E5%85%AC%E9%87%8C%E5%BA%94%E6%80%A5%E8%BD%A6%E9%81%93&sa=fyb_news&rsv_dl=fyb_news,https://fyb-2.cdn.bcebos.com/hotboard_image/04b8fff3bbd811b84fd8316250ac3e57,百度热搜,实时热搜,realtime,hotlist,,2026-10-05 04:50:16
29,两个孩子创作的这首歌 中国人都会唱,1971年10月1日，《我爱北京天安门》在中央人民广播电台播出并传遍中华大地。此前，1969年9月，十几岁的上海少年金果临因向往天安门创作该诗作，1970年发表。随后其堂姐金月苓谱曲使歌曲诞生。该曲至今已融入无数中国人的记忆。,5219639,https://www.baidu.com/s?wd=%E4%B8%A4%E4%B8%AA%E5%AD%A9%E5%AD%90%E5%88%9B%E4%BD%9C%E7%9A%84%E8%BF%99%E9%A6%96%E6%AD%8C+%E4%B8%AD%E5%9B%BD%E4%BA%BA%E9%83%BD%E4%BC%9A%E5%94%B1&sa=fyb_news&rsv_dl=fyb_news,https://fyb-2.cdn.bcebos.com/hotboard_image/83178e3e1d2faa2c2b3f0a2b10f4f57d,百度热搜,实时热搜,realtime,hotlist,,2026-10-05 04:50:16
30,广西涠洲岛海域出现“三龙吸水”奇观,,5142516,https://www.baidu.com/s?wd=%E5%B9%BF%E8%A5%BF%E6%B6%A0%E6%B4%B2%E5%B2%9B%E6%B5%B7%E5%9F%9F%E5%87%BA%E7%8E%B0%E2%80%9C%E4%B8%89%E9%BE%99%E5%90%B8%E6%B0%B4%E2%80%9D%E5%A5%87%E8%A7%82&sa=fyb_news&rsv_dl=fyb_news,https://fyb-1.cdn.bcebos.com/fyb/de6163834f53ca92c1273fff98ac9078.jpeg,百度热搜,实时热搜,realtime,hotlist,,2026-10-05 04:50:16
31,药师科普中药养生误区,,5045286,https://www.baidu.com/s?wd=%E8%8D%AF%E5%B8%88%E7%A7%91%E6%99%AE%E4%B8%AD%E8%8D%AF%E5%85%BB%E7%94%9F%E8%AF%AF%E5%8C%BA++++&sa=fyb_news&rsv_dl=fyb_news,https://fyb-1.cdn.bcebos.com/fyb/de6163834f53ca92c1273fff98ac9078.jpeg,百度热搜,实时热搜,realtime,hotlist,,2026-10-05 04:50:16
32,小罗伯特唐尼晒《复联5》海报,10月4日，小罗伯特唐尼在社交平台晒出《复联5：毁灭之日》最新海报，宣布回归饰演头号反派毁灭博士。此前他在《复联4》中饰演钢铁侠并牺牲，被指告别漫威。该片北美定档12月18日上映，内地已过审但未定档。,4937560,https://www.baidu.com/s?wd=%E5%B0%8F%E7%BD%97%E4%BC%AF%E7%89%B9%E5%94%90%E5%B0%BC%E6%99%92%E3%80%8A%E5%A4%8D%E8%81%945%E3%80%8B%E6%B5%B7%E6%8A%A5&sa=fyb_news&rsv_dl=fyb_news,https://fyb-2.cdn.bcebos.com/hotboard_image/f7cf33329d61232134809fbc4290d101,百度热搜,实时热搜,realtime,hotlist,,2026-10-05 04:50:16
33,浙江亚运35金列全国第一,浙江省体育局就浙江亚运代表团获35金、金牌贡献率全国第一作出回应。体育局表示，浙江构建了完整的选拔体系，发掘培养体育后备力量。人才从校运会中被发掘，形成了发现、培养、输送、为国争光的完整闭环体系，教练员的坚守也为优异成绩奠定基础。,4830003,https://www.baidu.com/s?wd=%E6%B5%99%E6%B1%9F%E4%BA%9A%E8%BF%9035%E9%87%91%E5%88%97%E5%85%A8%E5%9B%BD%E7%AC%AC%E4%B8%80&sa=fyb_news&rsv_dl=fyb_news,https://fyb-2.cdn.bcebos.com/hotboard_image/794d966acd5187fc6dfeb5eab4392c19,百度热搜,实时热搜,realtime,hotlist,,2026-10-05 04:50:16
34,下单不到2分钟退电影票被扣16元,淘票票用户下单不到两分钟退票被扣16元，投诉时骂了一句脏话，AI客服竟回敬同款脏话，平台回应将核查，代金券已补发。,4748368,https://www.baidu.com/s?wd=%E4%B8%8B%E5%8D%95%E4%B8%8D%E5%88%B02%E5%88%86%E9%92%9F%E9%80%80%E7%94%B5%E5%BD%B1%E7%A5%A8%E8%A2%AB%E6%89%A316%E5%85%83&sa=fyb_news&rsv_dl=fyb_news,https://fyb-2.cdn.bcebos.com/hotboard_image/1dcf5adc3bf08fabc7255b6aa0403054,百度热搜,实时热搜,realtime,hotlist,,2026-10-05 04:50:16
35,奶龙玩偶舞台倒立的无声视频走红,10月3日，湖南衡东县花奇里生态旅游区表演者回应“奶龙玩偶倒立”视频走红。近日，该景区奶龙玩偶在空舞台上笨拙倒立的无声视频获50多万点赞。表演者小杨表示，因天气冷人少时会扮奶龙倒立，视频走红后观众变多。,4639262,https://www.baidu.com/s?wd=%E5%A5%B6%E9%BE%99%E7%8E%A9%E5%81%B6%E8%88%9E%E5%8F%B0%E5%80%92%E7%AB%8B%E7%9A%84%E6%97%A0%E5%A3%B0%E8%A7%86%E9%A2%91%E8%B5%B0%E7%BA%A2&sa=fyb_news&rsv_dl=fyb_news,https://fyb-2.cdn.bcebos.com/hotboard_image/403a91a36172c9cbf1e6d3abea7863ee,百度热搜,实时热搜,realtime,hotlist,,2026-10-05 04:50:16
36,年轻人国庆旅游偏爱“隐居山林”,晨起习练八段锦、静坐，入夜漫步山野，这般闲云野鹤的古意生活，在国庆出游热潮中悄然走红，成为年轻人追捧的新式度假方式。这类产品热度攀升，部分机构国庆团期节前就已报满。针对这股新兴度假风潮，记者采访专家，解读热潮背后的社会心态。,4554127,https://www.baidu.com/s?wd=%E5%B9%B4%E8%BD%BB%E4%BA%BA%E5%9B%BD%E5%BA%86%E6%97%85%E6%B8%B8%E5%81%8F%E7%88%B1%E2%80%9C%E9%9A%90%E5%B1%85%E5%B1%B1%E6%9E%97%E2%80%9D&sa=fyb_news&rsv_dl=fyb_news,https://fyb-2.cdn.bcebos.com/hotboard_image/c034a17e4f6fe9c6a54ef91b76d9ea43,百度热搜,实时热搜,realtime,hotlist,,2026-10-05 04:50:16
37,星巴克化身星巴扎扎了谁的心,星巴克在乌鲁木齐开出新疆首批两家门店，融入艾德莱斯绸、非遗元素的“星巴扎”开门迎客人气火爆，美国会却妄称“道德沦丧”，遭中方驳斥。,4467888,https://www.baidu.com/s?wd=%E6%98%9F%E5%B7%B4%E5%85%8B%E5%8C%96%E8%BA%AB%E6%98%9F%E5%B7%B4%E6%89%8E%E6%89%8E%E4%BA%86%E8%B0%81%E7%9A%84%E5%BF%83&sa=fyb_news&rsv_dl=fyb_news,https://fyb-2.cdn.bcebos.com/hotboard_image/a9bc620c60842b3c73c7a08ba9202e35,百度热搜,实时热搜,realtime,hotlist,,2026-10-05 04:50:16
38,亚运会 新华社出图,当地时间10月4日，爱知·名古屋亚运会落下帷幕。这是一届不断超越自我的亚运、这是一届年轻身影不断涌现的亚运、这也是一届在竞技之外留下无数美好相遇的亚运。新华社出图为你回顾赛场和闭幕式精彩瞬间，一起来看！,4386175,https://www.baidu.com/s?wd=%E4%BA%9A%E8%BF%90%E4%BC%9A+%E6%96%B0%E5%8D%8E%E7%A4%BE%E5%87%BA%E5%9B%BE&sa=fyb_news&rsv_dl=fyb_news,https://fyb-2.cdn.bcebos.com/hotboard_image/72431ea19dfb6afd1f1d9ba839975185,百度热搜,实时热搜,realtime,hotlist,,2026-10-05 04:50:16
39,周传雄：在工体开演唱会圆了北漂梦,10月4日晚，周传雄北京演唱会现场，他表示在工体开演唱会圆了北漂梦，特别感谢观众，愿歌声陪伴每一个追梦人。,4284632,https://www.baidu.com/s?wd=%E5%91%A8%E4%BC%A0%E9%9B%84%EF%BC%9A%E5%9C%A8%E5%B7%A5%E4%BD%93%E5%BC%80%E6%BC%94%E5%94%B1%E4%BC%9A%E5%9C%86%E4%BA%86%E5%8C%97%E6%BC%82%E6%A2%A6&sa=fyb_news&rsv_dl=fyb_news,https://fyb-2.cdn.bcebos.com/hotboard_image/49e358373e8d2cd50f30040245cba906,百度热搜,实时热搜,realtime,hotlist,,2026-10-05 04:50:16
40,李昊：安东尼奥改变我的职业生涯,,4179595,https://www.baidu.com/s?wd=%E6%9D%8E%E6%98%8A%EF%BC%9A%E5%AE%89%E4%B8%9C%E5%B0%BC%E5%A5%A5%E6%94%B9%E5%8F%98%E6%88%91%E7%9A%84%E8%81%8C%E4%B8%9A%E7%94%9F%E6%B6%AF&sa=fyb_news&rsv_dl=fyb_news,https://fyb-1.cdn.bcebos.com/fyb/de6163834f53ca92c1273fff98ac9078.jpeg,百度热搜,实时热搜,realtime,hotlist,,2026-10-05 04:50:16
41,亚运国足主帅：这代球员有望进世界杯,,4091537,https://www.baidu.com/s?wd=%E4%BA%9A%E8%BF%90%E5%9B%BD%E8%B6%B3%E4%B8%BB%E5%B8%85%EF%BC%9A%E8%BF%99%E4%BB%A3%E7%90%83%E5%91%98%E6%9C%89%E6%9C%9B%E8%BF%9B%E4%B8%96%E7%95%8C%E6%9D%AF&sa=fyb_news&rsv_dl=fyb_news,https://fyb-1.cdn.bcebos.com/fyb/de6163834f53ca92c1273fff98ac9078.jpeg,百度热搜,实时热搜,realtime,hotlist,,2026-10-05 04:50:16
42,姆巴佩社媒晒骑自行车兜风照,,4001997,https://www.baidu.com/s?wd=%E5%A7%86%E5%B7%B4%E4%BD%A9%E7%A4%BE%E5%AA%92%E6%99%92%E9%AA%91%E8%87%AA%E8%A1%8C%E8%BD%A6%E5%85%9C%E9%A3%8E%E7%85%A7&sa=fyb_news&rsv_dl=fyb_news,https://fyb-1.cdn.bcebos.com/fyb/de6163834f53ca92c1273fff98ac9078.jpeg,百度热搜,实时热搜,realtime,hotlist,,2026-10-05 04:50:16
43,周传雄文俊辉合唱《送别》,10月4日晚，周传雄称在北京工人体育场开演唱会圆了北漂梦，和文俊辉合唱《送别》，网友：我的青春又回来了。,3894235,https://www.baidu.com/s?wd=%E5%91%A8%E4%BC%A0%E9%9B%84%E6%96%87%E4%BF%8A%E8%BE%89%E5%90%88%E5%94%B1%E3%80%8A%E9%80%81%E5%88%AB%E3%80%8B&sa=fyb_news&rsv_dl=fyb_news,https://fyb-2.cdn.bcebos.com/hotboard_image/93f39e4eb9ffef359f602e6f71bc0d69,百度热搜,实时热搜,realtime,hotlist,,2026-10-05 04:50:16
44,中网女单一二号种子均已出局,2026中网女单赛场接连爆出冷门：女单头号种子莱巴金娜第二轮1-2不敌查拉耶娃，止步32强；2号种子萨巴伦卡第三轮0-2负于巴尔图科娃，无缘16强。赛会女单1、2号种子双双出局。,3780205,https://www.baidu.com/s?wd=%E4%B8%AD%E7%BD%91%E5%A5%B3%E5%8D%95%E4%B8%80%E4%BA%8C%E5%8F%B7%E7%A7%8D%E5%AD%90%E5%9D%87%E5%B7%B2%E5%87%BA%E5%B1%80&sa=fyb_news&rsv_dl=fyb_news,https://fyb-2.cdn.bcebos.com/hotboard_image/7b3af801d7ba33068327597e7903a980,百度热搜,实时热搜,realtime,hotlist,,2026-10-05 04:50:16
45,国庆前3天高速新能源车充电近300万次,10月4日据国家能源局通报，10月1日0时至3日24时，全国高速公路新能源汽车充电次数共计296.86万次，较去年同期增长48.41%；充电量达7161.93万千瓦时，同比增长49.39%。,3680091,https://www.baidu.com/s?wd=%E5%9B%BD%E5%BA%86%E5%89%8D3%E5%A4%A9%E9%AB%98%E9%80%9F%E6%96%B0%E8%83%BD%E6%BA%90%E8%BD%A6%E5%85%85%E7%94%B5%E8%BF%91300%E4%B8%87%E6%AC%A1&sa=fyb_news&rsv_dl=fyb_news,https://fyb-2.cdn.bcebos.com/hotboard_image/c2e7bc2b5727afb1cb10c18d3d767025,百度热搜,实时热搜,realtime,hotlist,,2026-10-05 04:50:16
46,毕焜担任中国代表团旗手亮相闭幕式,当地时间10月4日，第20届亚洲运动会闭幕式在日本名古屋举行，毕焜担任中国代表团旗手亮相闭幕式。,3615324,https://www.baidu.com/s?wd=%E6%AF%95%E7%84%9C%E6%8B%85%E4%BB%BB%E4%B8%AD%E5%9B%BD%E4%BB%A3%E8%A1%A8%E5%9B%A2%E6%97%97%E6%89%8B%E4%BA%AE%E7%9B%B8%E9%97%AD%E5%B9%95%E5%BC%8F&sa=fyb_news&rsv_dl=fyb_news,https://fyb-2.cdn.bcebos.com/hotboard_image/6afba4f96f135a3f3dc2cae07951488b,百度热搜,实时热搜,realtime,hotlist,,2026-10-05 04:50:16
47,邵子恒心脏不适就医 请假《披哥》录制,10月4日晚，邵兵儿子邵子恒社交平台发文称自己前一天晚上突发心脏不适就医，自曝心肌酶偏高，请假披哥后续录制。,3487481,https://www.baidu.com/s?wd=%E9%82%B5%E5%AD%90%E6%81%92%E5%BF%83%E8%84%8F%E4%B8%8D%E9%80%82%E5%B0%B1%E5%8C%BB+%E8%AF%B7%E5%81%87%E3%80%8A%E6%8A%AB%E5%93%A5%E3%80%8B%E5%BD%95%E5%88%B6&sa=fyb_news&rsv_dl=fyb_news,https://fyb-2.cdn.bcebos.com/hotboard_image/0227a038d81e934143802c1b989b4173,百度热搜,实时热搜,realtime,hotlist,,2026-10-05 04:50:16
48,德约科维奇盖了四条毛巾,10月4日晚， 2026中网男单1/4决赛德约科维奇vs兹维列夫，由于现场太冷了，德约科维奇盖了四条毛巾。,3424453,https://www.baidu.com/s?wd=%E5%BE%B7%E7%BA%A6%E7%A7%91%E7%BB%B4%E5%A5%87%E7%9B%96%E4%BA%86%E5%9B%9B%E6%9D%A1%E6%AF%9B%E5%B7%BE&sa=fyb_news&rsv_dl=fyb_news,https://fyb-2.cdn.bcebos.com/hotboard_image/e0f940a0c05f194fe17287b551ee9c80,百度热搜,实时热搜,realtime,hotlist,,2026-10-05 04:50:16
49,吴艳妮总结亚运会,,3331137,https://www.baidu.com/s?wd=%E5%90%B4%E8%89%B3%E5%A6%AE%E6%80%BB%E7%BB%93%E4%BA%9A%E8%BF%90%E4%BC%9A&sa=fyb_news&rsv_dl=fyb_news,https://fyb-1.cdn.bcebos.com/fyb/de6163834f53ca92c1273fff98ac9078.jpeg,百度热搜,实时热搜,realtime,hotlist,,2026-10-05 04:50:16
50,山东大学团队七年守护“海上大熊猫”,,3198273,https://www.baidu.com/s?wd=%E5%B1%B1%E4%B8%9C%E5%A4%A7%E5%AD%A6%E5%9B%A2%E9%98%9F%E4%B8%83%E5%B9%B4%E5%AE%88%E6%8A%A4%E2%80%9C%E6%B5%B7%E4%B8%8A%E5%A4%A7%E7%86%8A%E7%8C%AB%E2%80%9D&sa=fyb_news&rsv_dl=fyb_news,https://fyb-1.cdn.bcebos.com/fyb/de6163834f53ca92c1273fff98ac9078.jpeg,百度热搜,实时热搜,realtime,hotlist,,2026-10-05 04:50:16
1,因为国 所以潮,习近平总书记指出：“文化自信是更基本、更深沉、更持久的力量”。今天，古韵国风成为年轻人眼中的“顶流审美”，传统文化与现代生活相融相通，国风浩荡，国潮奔涌。为何国潮？答案炽热滚烫：因为国，所以潮。,7904361,https://www.baidu.com/s?wd=%E5%9B%A0%E4%B8%BA%E5%9B%BD+%E6%89%80%E4%BB%A5%E6%BD%AE&sa=fyb_news&rsv_dl=fyb_news,https://fyb-2.cdn.bcebos.com/hotboard_image/459767bb0c31e801caa7939b4610271d,百度热搜,实时热搜,realtime,hotlist,,2026-10-05 05:43:48
2,10万游客涌入小县城 文旅局长给铺床,10月3日，超10万游客涌入仅5万人口的青海祁连县，酒店民宿全部满房，当地紧急开放学校宿舍免费安置近500名无住宿游客，文旅局长给游客铺床，游客直呼暖心。,7808502,https://www.baidu.com/s?wd=10%E4%B8%87%E6%B8%B8%E5%AE%A2%E6%B6%8C%E5%85%A5%E5%B0%8F%E5%8E%BF%E5%9F%8E+%E6%96%87%E6%97%85%E5%B1%80%E9%95%BF%E7%BB%99%E9%93%BA%E5%BA%8A&sa=fyb_news&rsv_dl=fyb_news,https://fyb-2.cdn.bcebos.com/hotboard_image/2aca78bc6eb4eb3c4de72dfa735cddd4,百度热搜,实时热搜,realtime,hotlist,,2026-10-05 05:43:48
3,央视迎来新主播,近日，央视《新闻直播间》栏目迎来两位新主播许斌、程河源，两人先后出镜担任主播。,7714649,https://www.baidu.com/s?wd=%E5%A4%AE%E8%A7%86%E8%BF%8E%E6%9D%A5%E6%96%B0%E4%B8%BB%E6%92%AD&sa=fyb_news&rsv_dl=fyb_news,https://fyb-2.cdn.bcebos.com/hotboard_image/87fa41e6b03edf73648b23159a4a8c61,百度热搜,实时热搜,realtime,hotlist,,2026-10-05 05:43:48
4,全国客流持续高位运行,国庆假期第四天，全国交通客流继续保持高位运行。铁路、公路、水路等部门及时增加运力、优化服务，全力保障旅客安全顺畅出行。,7618358,https://www.baidu.com/s?wd=%E5%85%A8%E5%9B%BD%E5%AE%A2%E6%B5%81%E6%8C%81%E7%BB%AD%E9%AB%98%E4%BD%8D%E8%BF%90%E8%A1%8C&sa=fyb_news&rsv_dl=fyb_news,https://fyb-2.cdn.bcebos.com/hotboard_image/4c0238416a4c6374bc2e65729c1dde63,百度热搜,实时热搜,realtime,hotlist,,2026-10-05 05:43:48
5,西安肉夹馍师傅已忙到3秒夹一个,国庆期间，西安一肉夹馍店生意火爆。师傅是河南濮阳人，因客流大增忙到3秒夹一个，手都被馍烫起泡。据其介绍，国庆客流量比平时多一倍，三秦套餐大概能卖两三千份，每天从6点半营业到晚上12点半。,7523704,https://www.baidu.com/s?wd=%E8%A5%BF%E5%AE%89%E8%82%89%E5%A4%B9%E9%A6%8D%E5%B8%88%E5%82%85%E5%B7%B2%E5%BF%99%E5%88%B03%E7%A7%92%E5%A4%B9%E4%B8%80%E4%B8%AA&sa=fyb_news&rsv_dl=fyb_news,https://fyb-2.cdn.bcebos.com/hotboard_image/6b02d95ab9b9cd588cbad558cddb7657,百度热搜,实时热搜,realtime,hotlist,,2026-10-05 05:43:48
6,耐克为何“失宠”,10月1日，耐克2027财年一季报出炉，总营收同比下滑4%，大中华区已连续九个季度负增长。此前5年耐克累计蒸发超2100亿美元。起因是年轻人对大牌祛魅及运动消费场景碎片化，加之产品迭代收窄、国货技术追平，致其在细分市场失去主场。,7426515,https://www.baidu.com/s?wd=%E8%80%90%E5%85%8B%E4%B8%BA%E4%BD%95%E2%80%9C%E5%A4%B1%E5%AE%A0%E2%80%9D&sa=fyb_news&rsv_dl=fyb_news,https://fyb-2.cdn.bcebos.com/hotboard_image/3353c4704ee564ad83870e8eec3c2978,百度热搜,实时热搜,realtime,hotlist,,2026-10-05 05:43:48
7,日本197人专案组连夜抓捕驻日美士兵,10月4日，日本冲绳县警方以涉嫌抢劫杀人罪逮捕一名20岁驻日美军上等兵。此前10月3日凌晨，那霸市一酒店发生39岁日本女性遇害案。当地警方成立197人专案组，依监控锁定特征于3日深夜在冲绳市娱乐区将其抓获。,7333040,https://www.baidu.com/s?wd=%E6%97%A5%E6%9C%AC197%E4%BA%BA%E4%B8%93%E6%A1%88%E7%BB%84%E8%BF%9E%E5%A4%9C%E6%8A%93%E6%8D%95%E9%A9%BB%E6%97%A5%E7%BE%8E%E5%A3%AB%E5%85%B5&sa=fyb_news&rsv_dl=fyb_news,https://fyb-2.cdn.bcebos.com/hotboard_image/e50c4cfd165a54cacb088c2552286032,百度热搜,实时热搜,realtime,hotlist,,2026-10-05 05:43:48
8,吴宜泽击败袁思俊夺冠,,7233627,https://www.baidu.com/s?wd=%E5%90%B4%E5%AE%9C%E6%B3%BD%E5%87%BB%E8%B4%A5%E8%A2%81%E6%80%9D%E4%BF%8A%E5%A4%BA%E5%86%A0&sa=fyb_news&rsv_dl=fyb_news,https://fyb-1.cdn.bcebos.com/fyb/de6163834f53ca92c1273fff98ac9078.jpeg,百度热搜,实时热搜,realtime,hotlist,,2026-10-05 05:43:48
9,13岁于子迪当选亚运女子MVP,10月4日，2026年亚运会最有价值运动员出炉：13岁于子迪当选亚运女子MVP。她在本届亚运会收获3金，是中国代表团最年轻的三金得主。,7143861,https://www.baidu.com/s?wd=13%E5%B2%81%E4%BA%8E%E5%AD%90%E8%BF%AA%E5%BD%93%E9%80%89%E4%BA%9A%E8%BF%90%E5%A5%B3%E5%AD%90MVP&sa=fyb_news&rsv_dl=fyb_news,https://fyb-2.cdn.bcebos.com/hotboard_image/c7c2f2def6bffa2661a2777dcaf92aab,百度热搜,实时热搜,realtime,hotlist,,2026-10-05 05:43:48
10,官方通报“阿尔山景区200一晚酒店”,10月4日，阿尔山市市场监督管理局通报“二百一晚大酒店”视频核查情况。经查，该地为居民自有住宅，当事人未办执照私自提供住宿，构成无照经营，已被责令停业。通报称，入住系随团司机因无房被推荐入住，协商100元/人/晚并提供免费餐食，未发现价格欺诈。,7039746,https://www.baidu.com/s?wd=%E5%AE%98%E6%96%B9%E9%80%9A%E6%8A%A5%E2%80%9C%E9%98%BF%E5%B0%94%E5%B1%B1%E6%99%AF%E5%8C%BA200%E4%B8%80%E6%99%9A%E9%85%92%E5%BA%97%E2%80%9D&sa=fyb_news&rsv_dl=fyb_news,https://fyb-2.cdn.bcebos.com/hotboard_image/d5d0db1e2fbdf93a292f67dc0ac85e30,百度热搜,实时热搜,realtime,hotlist,,2026-10-05 05:43:48
11,武汉地铁站“行李箱墙”范围又扩大,10月4日，为适配假期客流需求，武汉地铁全面扩容提质“行李友好”服务，在司门口黄鹤楼、江汉路等热门站点划定专属区域供游客集中存放行李，形成整齐“行李箱墙”。现场配有监控与人员巡查保障安全，让游客轻装畅游，获一致好评。,6945808,https://www.baidu.com/s?wd=%E6%AD%A6%E6%B1%89%E5%9C%B0%E9%93%81%E7%AB%99%E2%80%9C%E8%A1%8C%E6%9D%8E%E7%AE%B1%E5%A2%99%E2%80%9D%E8%8C%83%E5%9B%B4%E5%8F%88%E6%89%A9%E5%A4%A7&sa=fyb_news&rsv_dl=fyb_news,https://fyb-2.cdn.bcebos.com/hotboard_image/5f11b1f9e4c4b3387c2760f4906ae673,百度热搜,实时热搜,realtime,hotlist,,2026-10-05 05:43:48
12,国庆出行警惕票务诈骗陷阱,国庆返程高峰将至，火车票、机票“一票难求”，假客服、低价代购、“候补妙招”等票务骗局卷土重来，警方提醒旅客通过官方渠道购票、警惕转账。,6850236,https://www.baidu.com/s?wd=%E5%9B%BD%E5%BA%86%E5%87%BA%E8%A1%8C%E8%AD%A6%E6%83%95%E7%A5%A8%E5%8A%A1%E8%AF%88%E9%AA%97%E9%99%B7%E9%98%B1&sa=fyb_news&rsv_dl=fyb_news,https://fyb-2.cdn.bcebos.com/hotboard_image/c3294f15e10f4ba5d8205662002f45dc,百度热搜,实时热搜,realtime,hotlist,,2026-10-05 05:43:48
13,“雪姨”王琳晒健身照：马甲线清晰,10月3日，演员王琳在社交平台发文晒图：保持的秘诀是自律。照片里其马甲线清晰、肌肉线条明显，网友直呼状态太好，差点没认出。,6756560,https://www.baidu.com/s?wd=%E2%80%9C%E9%9B%AA%E5%A7%A8%E2%80%9D%E7%8E%8B%E7%90%B3%E6%99%92%E5%81%A5%E8%BA%AB%E7%85%A7%EF%BC%9A%E9%A9%AC%E7%94%B2%E7%BA%BF%E6%B8%85%E6%99%B0&sa=fyb_news&rsv_dl=fyb_news,https://fyb-2.cdn.bcebos.com/hotboard_image/47e9c1f6c24d4325495068bcab2058d0,百度热搜,实时热搜,realtime,hotlist,,2026-10-05 05:43:48
14,一级市场风向变了,10月4日，高榕、五源、经纬等推进或完成数十亿元新基金募集，矿业、化工等传统实业资金频繁成为科技投资机构LP。实业资金对AI等硬科技关注度提高，希望借基金拓宽渠道并探索业务协同，一级市场出资人和资金流向正发生变化。,6662723,https://www.baidu.com/s?wd=%E4%B8%80%E7%BA%A7%E5%B8%82%E5%9C%BA%E9%A3%8E%E5%90%91%E5%8F%98%E4%BA%86&sa=fyb_news&rsv_dl=fyb_news,https://fyb-2.cdn.bcebos.com/hotboard_image/551faa327da11acae6a759bf6f977f6c,百度热搜,实时热搜,realtime,hotlist,,2026-10-05 05:43:48
15,河南万岁山只见人不见“山”,国庆假期，河南开封万岁山武侠城客流爆棚，网友直呼“只见人不见山”，景区已连续4日发布限流公告。,6572714,https://www.baidu.com/s?wd=%E6%B2%B3%E5%8D%97%E4%B8%87%E5%B2%81%E5%B1%B1%E5%8F%AA%E8%A7%81%E4%BA%BA%E4%B8%8D%E8%A7%81%E2%80%9C%E5%B1%B1%E2%80%9D&sa=fyb_news&rsv_dl=fyb_news,https://fyb-2.cdn.bcebos.com/hotboard_image/b8bad49902b331e9448be9139f62394a,百度热搜,实时热搜,realtime,hotlist,,2026-10-05 05:43:48
16,莫氏鸡煲国庆又火了 全家都来帮忙,国庆假期，莫氏鸡煲再次火爆，吸引浙江、广州等地食客慕名前来品尝地道美食。药膳鸡煲与竹升面成为必点菜品，老莫亲自下场斩鸡，全家总动员帮忙。目前其养殖场已拓展至清远300亩及新兴约100亩，以保证食材质量。,6467299,https://www.baidu.com/s?wd=%E8%8E%AB%E6%B0%8F%E9%B8%A1%E7%85%B2%E5%9B%BD%E5%BA%86%E5%8F%88%E7%81%AB%E4%BA%86+%E5%85%A8%E5%AE%B6%E9%83%BD%E6%9D%A5%E5%B8%AE%E5%BF%99&sa=fyb_news&rsv_dl=fyb_news,https://fyb-2.cdn.bcebos.com/hotboard_image/d1812c0effe161b445b170beaf51ab75,百度热搜,实时热搜,realtime,hotlist,,2026-10-05 05:43:48
17,梅德韦杰夫2-0战胜塞伦多罗,,6371256,https://www.baidu.com/s?wd=%E6%A2%85%E5%BE%B7%E9%9F%A6%E6%9D%B0%E5%A4%AB2-0%E6%88%98%E8%83%9C%E5%A1%9E%E4%BC%A6%E5%A4%9A%E7%BD%97&sa=fyb_news&rsv_dl=fyb_news,https://fyb-1.cdn.bcebos.com/fyb/de6163834f53ca92c1273fff98ac9078.jpeg,百度热搜,实时热搜,realtime,hotlist,,2026-10-05 05:43:48
18,两个孩子创作的这首歌 中国人都会唱,1971年10月1日，《我爱北京天安门》在中央人民广播电台播出并传遍中华大地。此前，1969年9月，十几岁的上海少年金果临因向往天安门创作该诗作，1970年发表。随后其堂姐金月苓谱曲使歌曲诞生。该曲至今已融入无数中国人的记忆。,6276604,https://www.baidu.com/s?wd=%E4%B8%A4%E4%B8%AA%E5%AD%A9%E5%AD%90%E5%88%9B%E4%BD%9C%E7%9A%84%E8%BF%99%E9%A6%96%E6%AD%8C+%E4%B8%AD%E5%9B%BD%E4%BA%BA%E9%83%BD%E4%BC%9A%E5%94%B1&sa=fyb_news&rsv_dl=fyb_news,https://fyb-2.cdn.bcebos.com/hotboard_image/83178e3e1d2faa2c2b3f0a2b10f4f57d,百度热搜,实时热搜,realtime,hotlist,,2026-10-05 05:43:48
19,德约科维奇晋级中网四强,10月4日晚， 2026中网男单1/4决赛德约科维奇vs兹维列夫，最终39岁的的德约2-1战胜兹维列夫，晋级中网半决赛。,6176849,https://www.baidu.com/s?wd=%E5%BE%B7%E7%BA%A6%E7%A7%91%E7%BB%B4%E5%A5%87%E6%99%8B%E7%BA%A7%E4%B8%AD%E7%BD%91%E5%9B%9B%E5%BC%BA&sa=fyb_news&rsv_dl=fyb_news,https://fyb-2.cdn.bcebos.com/hotboard_image/4c6744ca3ef3b8c3cf293a6a0afbb9c8,百度热搜,实时热搜,realtime,hotlist,,2026-10-05 05:43:48
20,雷军一口气刷完7期民间拆车视频,10月4日消息，雷军完整看完7期民间拆车视频并在社交平台公开强烈推荐。雷军评价博主“老章说车”对量产版小米汽车的拆解深入浅出，并欢迎同行交流。,6097301,https://www.baidu.com/s?wd=%E9%9B%B7%E5%86%9B%E4%B8%80%E5%8F%A3%E6%B0%94%E5%88%B7%E5%AE%8C7%E6%9C%9F%E6%B0%91%E9%97%B4%E6%8B%86%E8%BD%A6%E8%A7%86%E9%A2%91&sa=fyb_news&rsv_dl=fyb_news,https://fyb-2.cdn.bcebos.com/hotboard_image/5dd318561fa8a638c84bb40bde379705,百度热搜,实时热搜,realtime,hotlist,,2026-10-05 05:43:48
21,赵心童吴宜泽世界排名前二,10月4日晚，斯诺克深圳公开赛收官，吴宜泽10-5击败袁思俊获得本人赛季首冠，赛后世界排名更新，吴宜泽超过特鲁姆普升至第二，而赵心童依旧排名世界第一。,6002764,https://www.baidu.com/s?wd=%E8%B5%B5%E5%BF%83%E7%AB%A5%E5%90%B4%E5%AE%9C%E6%B3%BD%E4%B8%96%E7%95%8C%E6%8E%92%E5%90%8D%E5%89%8D%E4%BA%8C&sa=fyb_news&rsv_dl=fyb_news,https://fyb-2.cdn.bcebos.com/hotboard_image/27f30f3d8875d21208000b7a557e4428,百度热搜,实时热搜,realtime,hotlist,,2026-10-05 05:43:48
22,吴奇隆称“不拍戏了”,9月28日，演员吴奇隆在社交平台发布短视频，涵盖《步步惊心》等经典作品及小虎队金曲，戴老花镜自嘲看不清弹幕。此前，他在评论区被网友追问不出新剧时，直接回复“不拍戏了”。吴奇隆还透露将举办演唱会。,5899855,https://www.baidu.com/s?wd=%E5%90%B4%E5%A5%87%E9%9A%86%E7%A7%B0%E2%80%9C%E4%B8%8D%E6%8B%8D%E6%88%8F%E4%BA%86%E2%80%9D&sa=fyb_news&rsv_dl=fyb_news,https://fyb-2.cdn.bcebos.com/hotboard_image/a254bbc7ca331a1344b4349417f56b18,百度热搜,实时热搜,realtime,hotlist,,2026-10-05 05:43:48
23,十一游客流行“跳城游”,今年双节假期，“多城串游”热度持续上升。数据显示，通过飞机、高铁串联多城的游客同比增长14%，约两成游客住进“第二城”。其背后原因是立体交通网络不断完善，如9月28日京港高铁等四条高铁同步开通提升通达性。,5807265,https://www.baidu.com/s?wd=%E5%8D%81%E4%B8%80%E6%B8%B8%E5%AE%A2%E6%B5%81%E8%A1%8C%E2%80%9C%E8%B7%B3%E5%9F%8E%E6%B8%B8%E2%80%9D&sa=fyb_news&rsv_dl=fyb_news,https://fyb-2.cdn.bcebos.com/hotboard_image/c85241829d9f4ec3cbe6b5821a479329,百度热搜,实时热搜,realtime,hotlist,,2026-10-05 05:43:48
24,第20届亚运会完整奖牌榜,10月4日，第20届亚运会在日本名古屋闭幕。第20届亚运会完整奖牌榜：中国代表团获169金89银83铜，位列金牌榜与奖牌榜首位，创境外参赛最佳战绩。,5709413,https://www.baidu.com/s?wd=%E7%AC%AC20%E5%B1%8A%E4%BA%9A%E8%BF%90%E4%BC%9A%E5%AE%8C%E6%95%B4%E5%A5%96%E7%89%8C%E6%A6%9C&sa=fyb_news&rsv_dl=fyb_news,https://fyb-2.cdn.bcebos.com/hotboard_image/d42a43bede60d4e00946bce24892007c,百度热搜,实时热搜,realtime,hotlist,,2026-10-05 05:43:48
25,年轻人国庆旅游偏爱“隐居山林”,晨起习练八段锦、静坐，入夜漫步山野，这般闲云野鹤的古意生活，在国庆出游热潮中悄然走红，成为年轻人追捧的新式度假方式。这类产品热度攀升，部分机构国庆团期节前就已报满。针对这股新兴度假风潮，记者采访专家，解读热潮背后的社会心态。,5613998,https://www.baidu.com/s?wd=%E5%B9%B4%E8%BD%BB%E4%BA%BA%E5%9B%BD%E5%BA%86%E6%97%85%E6%B8%B8%E5%81%8F%E7%88%B1%E2%80%9C%E9%9A%90%E5%B1%85%E5%B1%B1%E6%9E%97%E2%80%9D&sa=fyb_news&rsv_dl=fyb_news,https://fyb-2.cdn.bcebos.com/hotboard_image/c034a17e4f6fe9c6a54ef91b76d9ea43,百度热搜,实时热搜,realtime,hotlist,,2026-10-05 05:43:48
26,国庆档票房破6亿 你最想看哪一部,2026年10月1日至7日国庆档期间，全国院线总票房（含预售）突破6亿元。《神探之痕迹》《什么意思夫妇》《欢迎来龙餐馆》暂列档期票房榜前三。今年国庆档影片题材多元，涵盖合家欢、动画、悬疑等类型，合家欢影片成为观影亮点。,5522139,https://www.baidu.com/s?wd=%E5%9B%BD%E5%BA%86%E6%A1%A3%E7%A5%A8%E6%88%BF%E7%A0%B46%E4%BA%BF+%E4%BD%A0%E6%9C%80%E6%83%B3%E7%9C%8B%E5%93%AA%E4%B8%80%E9%83%A8&sa=fyb_news&rsv_dl=fyb_news,https://fyb-2.cdn.bcebos.com/hotboard_image/15e88ce5a06ba6ce6b084e8beaa708bc,百度热搜,实时热搜,realtime,hotlist,,2026-10-05 05:43:48
27,摆酒未领证分手 18.8万彩礼判退10万,9月30日，中国裁判文书网公布一起彩礼纠纷案判决。黄某与焦某甲办婚礼未领证后分手，黄某索要18.8万彩礼及10万酒席钱，并质疑女儿非亲生。此前男方称女方骗婚，女方称男方隐瞒父亲瘫痪。广州中院认定双方均无过错，维持原判。,5406453,https://www.baidu.com/s?wd=%E6%91%86%E9%85%92%E6%9C%AA%E9%A2%86%E8%AF%81%E5%88%86%E6%89%8B+18.8%E4%B8%87%E5%BD%A9%E7%A4%BC%E5%88%A4%E9%80%8010%E4%B8%87&sa=fyb_news&rsv_dl=fyb_news,https://fyb-2.cdn.bcebos.com/hotboard_image/58b850f4c799c084b01df3738f0ffd9f,百度热搜,实时热搜,realtime,hotlist,,2026-10-05 05:43:48
28,永州站手动翻牌火了：一朝手搓天下知,10月4日，记者实地探访湖南永州站发现，此前因纯手动翻牌走红的检票显示屏已被更换为电子屏。近日，永州站因扩建采用人工翻牌作为临时过渡，相关视频走红网络。永州站曾辟谣屏幕被借走，目前手动装置已被电子屏取代。,5323778,https://www.baidu.com/s?wd=%E6%B0%B8%E5%B7%9E%E7%AB%99%E6%89%8B%E5%8A%A8%E7%BF%BB%E7%89%8C%E7%81%AB%E4%BA%86%EF%BC%9A%E4%B8%80%E6%9C%9D%E6%89%8B%E6%90%93%E5%A4%A9%E4%B8%8B%E7%9F%A5&sa=fyb_news&rsv_dl=fyb_news,https://fyb-2.cdn.bcebos.com/hotboard_image/b7974bc75cc7ebe52628e22c807ca983,百度热搜,实时热搜,realtime,hotlist,,2026-10-05 05:43:48
29,药师科普中药养生误区,,5217551,https://www.baidu.com/s?wd=%E8%8D%AF%E5%B8%88%E7%A7%91%E6%99%AE%E4%B8%AD%E8%8D%AF%E5%85%BB%E7%94%9F%E8%AF%AF%E5%8C%BA++++&sa=fyb_news&rsv_dl=fyb_news,https://fyb-1.cdn.bcebos.com/fyb/de6163834f53ca92c1273fff98ac9078.jpeg,百度热搜,实时热搜,realtime,hotlist,,2026-10-05 05:43:48
30,江苏高速临时开放500公里应急车道,国庆假期期间，江苏高速通过“苏安畅行系统”实时研判拥堵情况，临时开放路网500公里应急车道以实现智慧扩容。司机遇车多缓行时，可观察路侧情报板提示。开放时可按指示谨慎通行，关闭后立即恢复禁行，切勿违规占用。,5133853,https://www.baidu.com/s?wd=%E6%B1%9F%E8%8B%8F%E9%AB%98%E9%80%9F%E4%B8%B4%E6%97%B6%E5%BC%80%E6%94%BE500%E5%85%AC%E9%87%8C%E5%BA%94%E6%80%A5%E8%BD%A6%E9%81%93&sa=fyb_news&rsv_dl=fyb_news,https://fyb-2.cdn.bcebos.com/hotboard_image/04b8fff3bbd811b84fd8316250ac3e57,百度热搜,实时热搜,realtime,hotlist,,2026-10-05 05:43:48
31,西双版纳景区用象粪做文创：卖得不错,近日，多位网友发布视频称，在云南西双版纳野象谷景区发现了用大象粪便制作的文创产品，引发关注。工作人员介绍，之前象粪纸笔记本卖得不错。一些喜欢种花的游客，会购买象粪护花基质，产品具体售价需咨询现场工作人员。,5022758,https://www.baidu.com/s?wd=%E8%A5%BF%E5%8F%8C%E7%89%88%E7%BA%B3%E6%99%AF%E5%8C%BA%E7%94%A8%E8%B1%A1%E7%B2%AA%E5%81%9A%E6%96%87%E5%88%9B%EF%BC%9A%E5%8D%96%E5%BE%97%E4%B8%8D%E9%94%99&sa=fyb_news&rsv_dl=fyb_news,https://fyb-2.cdn.bcebos.com/hotboard_image/32a4a972cf043a90f12f36d231132ec4,百度热搜,实时热搜,realtime,hotlist,,2026-10-05 05:43:48
32,亚运国足主帅：这代球员有望进世界杯,,4945202,https://www.baidu.com/s?wd=%E4%BA%9A%E8%BF%90%E5%9B%BD%E8%B6%B3%E4%B8%BB%E5%B8%85%EF%BC%9A%E8%BF%99%E4%BB%A3%E7%90%83%E5%91%98%E6%9C%89%E6%9C%9B%E8%BF%9B%E4%B8%96%E7%95%8C%E6%9D%AF&sa=fyb_news&rsv_dl=fyb_news,https://fyb-1.cdn.bcebos.com/fyb/de6163834f53ca92c1273fff98ac9078.jpeg,百度热搜,实时热搜,realtime,hotlist,,2026-10-05 05:43:48
33,小罗伯特唐尼晒《复联5》海报,10月4日，小罗伯特唐尼在社交平台晒出《复联5：毁灭之日》最新海报，宣布回归饰演头号反派毁灭博士。此前他在《复联4》中饰演钢铁侠并牺牲，被指告别漫威。该片北美定档12月18日上映，内地已过审但未定档。,4860856,https://www.baidu.com/s?wd=%E5%B0%8F%E7%BD%97%E4%BC%AF%E7%89%B9%E5%94%90%E5%B0%BC%E6%99%92%E3%80%8A%E5%A4%8D%E8%81%945%E3%80%8B%E6%B5%B7%E6%8A%A5&sa=fyb_news&rsv_dl=fyb_news,https://fyb-2.cdn.bcebos.com/hotboard_image/f7cf33329d61232134809fbc4290d101,百度热搜,实时热搜,realtime,hotlist,,2026-10-05 05:43:48
34,下单不到2分钟退电影票被扣16元,淘票票用户下单不到两分钟退票被扣16元，投诉时骂了一句脏话，AI客服竟回敬同款脏话，平台回应将核查，代金券已补发。,4741895,https://www.baidu.com/s?wd=%E4%B8%8B%E5%8D%95%E4%B8%8D%E5%88%B02%E5%88%86%E9%92%9F%E9%80%80%E7%94%B5%E5%BD%B1%E7%A5%A8%E8%A2%AB%E6%89%A316%E5%85%83&sa=fyb_news&rsv_dl=fyb_news,https://fyb-2.cdn.bcebos.com/hotboard_image/1dcf5adc3bf08fabc7255b6aa0403054,百度热搜,实时热搜,realtime,hotlist,,2026-10-05 05:43:48
35,李昊：安东尼奥改变我的职业生涯,,4647085,https://www.baidu.com/s?wd=%E6%9D%8E%E6%98%8A%EF%BC%9A%E5%AE%89%E4%B8%9C%E5%B0%BC%E5%A5%A5%E6%94%B9%E5%8F%98%E6%88%91%E7%9A%84%E8%81%8C%E4%B8%9A%E7%94%9F%E6%B6%AF&sa=fyb_news&rsv_dl=fyb_news,https://fyb-1.cdn.bcebos.com/fyb/de6163834f53ca92c1273fff98ac9078.jpeg,百度热搜,实时热搜,realtime,hotlist,,2026-10-05 05:43:48
36,亚运会 新华社出图,当地时间10月4日，爱知·名古屋亚运会落下帷幕。这是一届不断超越自我的亚运、这是一届年轻身影不断涌现的亚运、这也是一届在竞技之外留下无数美好相遇的亚运。新华社出图为你回顾赛场和闭幕式精彩瞬间，一起来看！,4548483,https://www.baidu.com/s?wd=%E4%BA%9A%E8%BF%90%E4%BC%9A+%E6%96%B0%E5%8D%8E%E7%A4%BE%E5%87%BA%E5%9B%BE&sa=fyb_news&rsv_dl=fyb_news,https://fyb-2.cdn.bcebos.com/hotboard_image/72431ea19dfb6afd1f1d9ba839975185,百度热搜,实时热搜,realtime,hotlist,,2026-10-05 05:43:48
37,星巴克化身星巴扎扎了谁的心,星巴克在乌鲁木齐开出新疆首批两家门店，融入艾德莱斯绸、非遗元素的“星巴扎”开门迎客人气火爆，美国会却妄称“道德沦丧”，遭中方驳斥。,4471693,https://www.baidu.com/s?wd=%E6%98%9F%E5%B7%B4%E5%85%8B%E5%8C%96%E8%BA%AB%E6%98%9F%E5%B7%B4%E6%89%8E%E6%89%8E%E4%BA%86%E8%B0%81%E7%9A%84%E5%BF%83&sa=fyb_news&rsv_dl=fyb_news,https://fyb-2.cdn.bcebos.com/hotboard_image/a9bc620c60842b3c73c7a08ba9202e35,百度热搜,实时热搜,realtime,hotlist,,2026-10-05 05:43:48
38,浙江亚运35金列全国第一,浙江省体育局就浙江亚运代表团获35金、金牌贡献率全国第一作出回应。体育局表示，浙江构建了完整的选拔体系，发掘培养体育后备力量。人才从校运会中被发掘，形成了发现、培养、输送、为国争光的完整闭环体系，教练员的坚守也为优异成绩奠定基础。,4375406,https://www.baidu.com/s?wd=%E6%B5%99%E6%B1%9F%E4%BA%9A%E8%BF%9035%E9%87%91%E5%88%97%E5%85%A8%E5%9B%BD%E7%AC%AC%E4%B8%80&sa=fyb_news&rsv_dl=fyb_news,https://fyb-2.cdn.bcebos.com/hotboard_image/794d966acd5187fc6dfeb5eab4392c19,百度热搜,实时热搜,realtime,hotlist,,2026-10-05 05:43:48
39,奶龙玩偶舞台倒立的无声视频走红,10月3日，湖南衡东县花奇里生态旅游区表演者回应“奶龙玩偶倒立”视频走红。近日，该景区奶龙玩偶在空舞台上笨拙倒立的无声视频获50多万点赞。表演者小杨表示，因天气冷人少时会扮奶龙倒立，视频走红后观众变多。,4279132,https://www.baidu.com/s?wd=%E5%A5%B6%E9%BE%99%E7%8E%A9%E5%81%B6%E8%88%9E%E5%8F%B0%E5%80%92%E7%AB%8B%E7%9A%84%E6%97%A0%E5%A3%B0%E8%A7%86%E9%A2%91%E8%B5%B0%E7%BA%A2&sa=fyb_news&rsv_dl=fyb_news,https://fyb-2.cdn.bcebos.com/hotboard_image/403a91a36172c9cbf1e6d3abea7863ee,百度热搜,实时热搜,realtime,hotlist,,2026-10-05 05:43:48
40,韦世豪向球迷致歉,,4158648,https://www.baidu.com/s?wd=%E9%9F%A6%E4%B8%96%E8%B1%AA%E5%90%91%E7%90%83%E8%BF%B7%E8%87%B4%E6%AD%89&sa=fyb_news&rsv_dl=fyb_news,https://fyb-1.cdn.bcebos.com/fyb/de6163834f53ca92c1273fff98ac9078.jpeg,百度热搜,实时热搜,realtime,hotlist,,2026-10-05 05:43:48
41,姆巴佩社媒晒骑自行车兜风照,,4096355,https://www.baidu.com/s?wd=%E5%A7%86%E5%B7%B4%E4%BD%A9%E7%A4%BE%E5%AA%92%E6%99%92%E9%AA%91%E8%87%AA%E8%A1%8C%E8%BD%A6%E5%85%9C%E9%A3%8E%E7%85%A7&sa=fyb_news&rsv_dl=fyb_news,https://fyb-1.cdn.bcebos.com/fyb/de6163834f53ca92c1273fff98ac9078.jpeg,百度热搜,实时热搜,realtime,hotlist,,2026-10-05 05:43:48
42,广西涠洲岛海域出现“三龙吸水”奇观,,3993001,https://www.baidu.com/s?wd=%E5%B9%BF%E8%A5%BF%E6%B6%A0%E6%B4%B2%E5%B2%9B%E6%B5%B7%E5%9F%9F%E5%87%BA%E7%8E%B0%E2%80%9C%E4%B8%89%E9%BE%99%E5%90%B8%E6%B0%B4%E2%80%9D%E5%A5%87%E8%A7%82&sa=fyb_news&rsv_dl=fyb_news,https://fyb-1.cdn.bcebos.com/fyb/de6163834f53ca92c1273fff98ac9078.jpeg,百度热搜,实时热搜,realtime,hotlist,,2026-10-05 05:43:48
43,德约科维奇盖了四条毛巾,10月4日晚， 2026中网男单1/4决赛德约科维奇vs兹维列夫，由于现场太冷了，德约科维奇盖了四条毛巾。,3881821,https://www.baidu.com/s?wd=%E5%BE%B7%E7%BA%A6%E7%A7%91%E7%BB%B4%E5%A5%87%E7%9B%96%E4%BA%86%E5%9B%9B%E6%9D%A1%E6%AF%9B%E5%B7%BE&sa=fyb_news&rsv_dl=fyb_news,https://fyb-2.cdn.bcebos.com/hotboard_image/e0f940a0c05f194fe17287b551ee9c80,百度热搜,实时热搜,realtime,hotlist,,2026-10-05 05:43:48
44,山东大学团队七年守护“海上大熊猫”,,3810165,https://www.baidu.com/s?wd=%E5%B1%B1%E4%B8%9C%E5%A4%A7%E5%AD%A6%E5%9B%A2%E9%98%9F%E4%B8%83%E5%B9%B4%E5%AE%88%E6%8A%A4%E2%80%9C%E6%B5%B7%E4%B8%8A%E5%A4%A7%E7%86%8A%E7%8C%AB%E2%80%9D&sa=fyb_news&rsv_dl=fyb_news,https://fyb-1.cdn.bcebos.com/fyb/de6163834f53ca92c1273fff98ac9078.jpeg,百度热搜,实时热搜,realtime,hotlist,,2026-10-05 05:43:48
45,中网女单一二号种子均已出局,2026中网女单赛场接连爆出冷门：女单头号种子莱巴金娜第二轮1-2不敌查拉耶娃，止步32强；2号种子萨巴伦卡第三轮0-2负于巴尔图科娃，无缘16强。赛会女单1、2号种子双双出局。,3713112,https://www.baidu.com/s?wd=%E4%B8%AD%E7%BD%91%E5%A5%B3%E5%8D%95%E4%B8%80%E4%BA%8C%E5%8F%B7%E7%A7%8D%E5%AD%90%E5%9D%87%E5%B7%B2%E5%87%BA%E5%B1%80&sa=fyb_news&rsv_dl=fyb_news,https://fyb-2.cdn.bcebos.com/hotboard_image/7b3af801d7ba33068327597e7903a980,百度热搜,实时热搜,realtime,hotlist,,2026-10-05 05:43:48
46,周传雄文俊辉合唱《送别》,10月4日晚，周传雄称在北京工人体育场开演唱会圆了北漂梦，和文俊辉合唱《送别》，网友：我的青春又回来了。,3593771,https://www.baidu.com/s?wd=%E5%91%A8%E4%BC%A0%E9%9B%84%E6%96%87%E4%BF%8A%E8%BE%89%E5%90%88%E5%94%B1%E3%80%8A%E9%80%81%E5%88%AB%E3%80%8B&sa=fyb_news&rsv_dl=fyb_news,https://fyb-2.cdn.bcebos.com/hotboard_image/93f39e4eb9ffef359f602e6f71bc0d69,百度热搜,实时热搜,realtime,hotlist,,2026-10-05 05:43:48
47,周传雄：在工体开演唱会圆了北漂梦,10月4日晚，周传雄北京演唱会现场，他表示在工体开演唱会圆了北漂梦，特别感谢观众，愿歌声陪伴每一个追梦人。,3488090,https://www.baidu.com/s?wd=%E5%91%A8%E4%BC%A0%E9%9B%84%EF%BC%9A%E5%9C%A8%E5%B7%A5%E4%BD%93%E5%BC%80%E6%BC%94%E5%94%B1%E4%BC%9A%E5%9C%86%E4%BA%86%E5%8C%97%E6%BC%82%E6%A2%A6&sa=fyb_news&rsv_dl=fyb_news,https://fyb-2.cdn.bcebos.com/hotboard_image/49e358373e8d2cd50f30040245cba906,百度热搜,实时热搜,realtime,hotlist,,2026-10-05 05:43:48
48,鸠山由纪夫：应该让驻日美军撤走,日本冲绳县警方10月4日逮捕了一名驻冲绳美国士兵，此人涉嫌在冲绳一家酒店抢劫并杀害一名当地女性。日本前首相鸠山由纪夫呼吁让美军撤走。,3426109,https://www.baidu.com/s?wd=%E9%B8%A0%E5%B1%B1%E7%94%B1%E7%BA%AA%E5%A4%AB%EF%BC%9A%E5%BA%94%E8%AF%A5%E8%AE%A9%E9%A9%BB%E6%97%A5%E7%BE%8E%E5%86%9B%E6%92%A4%E8%B5%B0&sa=fyb_news&rsv_dl=fyb_news,https://fyb-2.cdn.bcebos.com/hotboard_image/cd332f7a1612d798f5be68b91cbb9116,百度热搜,实时热搜,realtime,hotlist,,2026-10-05 05:43:48
49,陈垣宇2-3不敌科顿,,3314189,https://www.baidu.com/s?wd=%E9%99%88%E5%9E%A3%E5%AE%872-3%E4%B8%8D%E6%95%8C%E7%A7%91%E9%A1%BF&sa=fyb_news&rsv_dl=fyb_news,https://fyb-1.cdn.bcebos.com/fyb/de6163834f53ca92c1273fff98ac9078.jpeg,百度热搜,实时热搜,realtime,hotlist,,2026-10-05 05:43:48
50,国庆前3天高速新能源车充电近300万次,10月4日据国家能源局通报，10月1日0时至3日24时，全国高速公路新能源汽车充电次数共计296.86万次，较去年同期增长48.41%；充电量达7161.93万千瓦时，同比增长49.39%。,3211709,https://www.baidu.com/s?wd=%E5%9B%BD%E5%BA%86%E5%89%8D3%E5%A4%A9%E9%AB%98%E9%80%9F%E6%96%B0%E8%83%BD%E6%BA%90%E8%BD%A6%E5%85%85%E7%94%B5%E8%BF%91300%E4%B8%87%E6%AC%A1&sa=fyb_news&rsv_dl=fyb_news,https://fyb-2.cdn.bcebos.com/hotboard_image/c2e7bc2b5727afb1cb10c18d3d767025,百度热搜,实时热搜,realtime,hotlist,,2026-10-05 05:43:48
1,因为国 所以潮,习近平总书记指出：“文化自信是更基本、更深沉、更持久的力量”。今天，古韵国风成为年轻人眼中的“顶流审美”，传统文化与现代生活相融相通，国风浩荡，国潮奔涌。为何国潮？答案炽热滚烫：因为国，所以潮。,7904778,https://www.baidu.com/s?wd=%E5%9B%A0%E4%B8%BA%E5%9B%BD+%E6%89%80%E4%BB%A5%E6%BD%AE&sa=fyb_news&rsv_dl=fyb_news,https://fyb-2.cdn.bcebos.com/hotboard_image/459767bb0c31e801caa7939b4610271d,百度热搜,实时热搜,realtime,hotlist,,2026-10-05 06:37:50
2,10万游客涌入小县城 文旅局长给铺床,10月3日，超10万游客涌入仅5万人口的青海祁连县，酒店民宿全部满房，当地紧急开放学校宿舍免费安置近500名无住宿游客，文旅局长给游客铺床，游客直呼暖心。,7808234,https://www.baidu.com/s?wd=10%E4%B8%87%E6%B8%B8%E5%AE%A2%E6%B6%8C%E5%85%A5%E5%B0%8F%E5%8E%BF%E5%9F%8E+%E6%96%87%E6%97%85%E5%B1%80%E9%95%BF%E7%BB%99%E9%93%BA%E5%BA%8A&sa=fyb_news&rsv_dl=fyb_news,https://fyb-2.cdn.bcebos.com/hotboard_image/2aca78bc6eb4eb3c4de72dfa735cddd4,百度热搜,实时热搜,realtime,hotlist,,2026-10-05 06:37:50
3,央视迎来新主播,近日，央视《新闻直播间》栏目迎来两位新主播许斌、程河源，两人先后出镜担任主播。,7711952,https://www.baidu.com/s?wd=%E5%A4%AE%E8%A7%86%E8%BF%8E%E6%9D%A5%E6%96%B0%E4%B8%BB%E6%92%AD&sa=fyb_news&rsv_dl=fyb_news,https://fyb-2.cdn.bcebos.com/hotboard_image/87fa41e6b03edf73648b23159a4a8c61,百度热搜,实时热搜,realtime,hotlist,,2026-10-05 06:37:50
4,全国客流持续高位运行,国庆假期第四天，全国交通客流继续保持高位运行。铁路、公路、水路等部门及时增加运力、优化服务，全力保障旅客安全顺畅出行。,7616616,https://www.baidu.com/s?wd=%E5%85%A8%E5%9B%BD%E5%AE%A2%E6%B5%81%E6%8C%81%E7%BB%AD%E9%AB%98%E4%BD%8D%E8%BF%90%E8%A1%8C&sa=fyb_news&rsv_dl=fyb_news,https://fyb-2.cdn.bcebos.com/hotboard_image/4c0238416a4c6374bc2e65729c1dde63,百度热搜,实时热搜,realtime,hotlist,,2026-10-05 06:37:50
5,西安肉夹馍师傅已忙到3秒夹一个,国庆期间，西安一肉夹馍店生意火爆。师傅是河南濮阳人，因客流大增忙到3秒夹一个，手都被馍烫起泡。据其介绍，国庆客流量比平时多一倍，三秦套餐大概能卖两三千份，每天从6点半营业到晚上12点半。,7523035,https://www.baidu.com/s?wd=%E8%A5%BF%E5%AE%89%E8%82%89%E5%A4%B9%E9%A6%8D%E5%B8%88%E5%82%85%E5%B7%B2%E5%BF%99%E5%88%B03%E7%A7%92%E5%A4%B9%E4%B8%80%E4%B8%AA&sa=fyb_news&rsv_dl=fyb_news,https://fyb-2.cdn.bcebos.com/hotboard_image/6b02d95ab9b9cd588cbad558cddb7657,百度热搜,实时热搜,realtime,hotlist,,2026-10-05 06:37:50
6,耐克为何“失宠”,10月1日，耐克2027财年一季报出炉，总营收同比下滑4%，大中华区已连续九个季度负增长。此前5年耐克累计蒸发超2100亿美元。起因是年轻人对大牌祛魅及运动消费场景碎片化，加之产品迭代收窄、国货技术追平，致其在细分市场失去主场。,7426506,https://www.baidu.com/s?wd=%E8%80%90%E5%85%8B%E4%B8%BA%E4%BD%95%E2%80%9C%E5%A4%B1%E5%AE%A0%E2%80%9D&sa=fyb_news&rsv_dl=fyb_news,https://fyb-2.cdn.bcebos.com/hotboard_image/3353c4704ee564ad83870e8eec3c2978,百度热搜,实时热搜,realtime,hotlist,,2026-10-05 06:37:50
7,武汉地铁站“行李箱墙”范围又扩大,10月4日，为适配假期客流需求，武汉地铁全面扩容提质“行李友好”服务，在司门口黄鹤楼、江汉路等热门站点划定专属区域供游客集中存放行李，形成整齐“行李箱墙”。现场配有监控与人员巡查保障安全，让游客轻装畅游，获一致好评。,7330378,https://www.baidu.com/s?wd=%E6%AD%A6%E6%B1%89%E5%9C%B0%E9%93%81%E7%AB%99%E2%80%9C%E8%A1%8C%E6%9D%8E%E7%AE%B1%E5%A2%99%E2%80%9D%E8%8C%83%E5%9B%B4%E5%8F%88%E6%89%A9%E5%A4%A7&sa=fyb_news&rsv_dl=fyb_news,https://fyb-2.cdn.bcebos.com/hotboard_image/5f11b1f9e4c4b3387c2760f4906ae673,百度热搜,实时热搜,realtime,hotlist,,2026-10-05 06:37:50
8,吴宜泽击败袁思俊夺冠,,7235990,https://www.baidu.com/s?wd=%E5%90%B4%E5%AE%9C%E6%B3%BD%E5%87%BB%E8%B4%A5%E8%A2%81%E6%80%9D%E4%BF%8A%E5%A4%BA%E5%86%A0&sa=fyb_news&rsv_dl=fyb_news,https://fyb-1.cdn.bcebos.com/fyb/de6163834f53ca92c1273fff98ac9078.jpeg,百度热搜,实时热搜,realtime,hotlist,,2026-10-05 06:37:50
9,13岁于子迪当选亚运女子MVP,10月4日，2026年亚运会最有价值运动员出炉：13岁于子迪当选亚运女子MVP。她在本届亚运会收获3金，是中国代表团最年轻的三金得主。,7138265,https://www.baidu.com/s?wd=13%E5%B2%81%E4%BA%8E%E5%AD%90%E8%BF%AA%E5%BD%93%E9%80%89%E4%BA%9A%E8%BF%90%E5%A5%B3%E5%AD%90MVP&sa=fyb_news&rsv_dl=fyb_news,https://fyb-2.cdn.bcebos.com/hotboard_image/c7c2f2def6bffa2661a2777dcaf92aab,百度热搜,实时热搜,realtime,hotlist,,2026-10-05 06:37:50
10,永州站手动翻牌火了：一朝手搓天下知,10月4日，记者实地探访湖南永州站发现，此前因纯手动翻牌走红的检票显示屏已被更换为电子屏。近日，永州站因扩建采用人工翻牌作为临时过渡，相关视频走红网络。永州站曾辟谣屏幕被借走，目前手动装置已被电子屏取代。,7042144,https://www.baidu.com/s?wd=%E6%B0%B8%E5%B7%9E%E7%AB%99%E6%89%8B%E5%8A%A8%E7%BF%BB%E7%89%8C%E7%81%AB%E4%BA%86%EF%BC%9A%E4%B8%80%E6%9C%9D%E6%89%8B%E6%90%93%E5%A4%A9%E4%B8%8B%E7%9F%A5&sa=fyb_news&rsv_dl=fyb_news,https://fyb-2.cdn.bcebos.com/hotboard_image/b7974bc75cc7ebe52628e22c807ca983,百度热搜,实时热搜,realtime,hotlist,,2026-10-05 06:37:50
11,日本197人专案组连夜抓捕驻日美士兵,10月4日，日本冲绳县警方以涉嫌抢劫杀人罪逮捕一名20岁驻日美军上等兵。此前10月3日凌晨，那霸市一酒店发生39岁日本女性遇害案。当地警方成立197人专案组，依监控锁定特征于3日深夜在冲绳市娱乐区将其抓获。,6948077,https://www.baidu.com/s?wd=%E6%97%A5%E6%9C%AC197%E4%BA%BA%E4%B8%93%E6%A1%88%E7%BB%84%E8%BF%9E%E5%A4%9C%E6%8A%93%E6%8D%95%E9%A9%BB%E6%97%A5%E7%BE%8E%E5%A3%AB%E5%85%B5&sa=fyb_news&rsv_dl=fyb_news,https://fyb-2.cdn.bcebos.com/hotboard_image/e50c4cfd165a54cacb088c2552286032,百度热搜,实时热搜,realtime,hotlist,,2026-10-05 06:37:50
12,国庆出行警惕票务诈骗陷阱,国庆返程高峰将至，火车票、机票“一票难求”，假客服、低价代购、“候补妙招”等票务骗局卷土重来，警方提醒旅客通过官方渠道购票、警惕转账。,6850136,https://www.baidu.com/s?wd=%E5%9B%BD%E5%BA%86%E5%87%BA%E8%A1%8C%E8%AD%A6%E6%83%95%E7%A5%A8%E5%8A%A1%E8%AF%88%E9%AA%97%E9%99%B7%E9%98%B1&sa=fyb_news&rsv_dl=fyb_news,https://fyb-2.cdn.bcebos.com/hotboard_image/c3294f15e10f4ba5d8205662002f45dc,百度热搜,实时热搜,realtime,hotlist,,2026-10-05 06:37:50
13,“雪姨”王琳晒健身照：马甲线清晰,10月3日，演员王琳在社交平台发文晒图：保持的秘诀是自律。照片里其马甲线清晰、肌肉线条明显，网友直呼状态太好，差点没认出。,6759233,https://www.baidu.com/s?wd=%E2%80%9C%E9%9B%AA%E5%A7%A8%E2%80%9D%E7%8E%8B%E7%90%B3%E6%99%92%E5%81%A5%E8%BA%AB%E7%85%A7%EF%BC%9A%E9%A9%AC%E7%94%B2%E7%BA%BF%E6%B8%85%E6%99%B0&sa=fyb_news&rsv_dl=fyb_news,https://fyb-2.cdn.bcebos.com/hotboard_image/47e9c1f6c24d4325495068bcab2058d0,百度热搜,实时热搜,realtime,hotlist,,2026-10-05 06:37:50
14,摆酒未领证分手 18.8万彩礼判退10万,9月30日，中国裁判文书网公布一起彩礼纠纷案判决。黄某与焦某甲办婚礼未领证后分手，黄某索要18.8万彩礼及10万酒席钱，并质疑女儿非亲生。此前男方称女方骗婚，女方称男方隐瞒父亲瘫痪。广州中院认定双方均无过错，维持原判。,6664676,https://www.baidu.com/s?wd=%E6%91%86%E9%85%92%E6%9C%AA%E9%A2%86%E8%AF%81%E5%88%86%E6%89%8B+18.8%E4%B8%87%E5%BD%A9%E7%A4%BC%E5%88%A4%E9%80%8010%E4%B8%87&sa=fyb_news&rsv_dl=fyb_news,https://fyb-2.cdn.bcebos.com/hotboard_image/58b850f4c799c084b01df3738f0ffd9f,百度热搜,实时热搜,realtime,hotlist,,2026-10-05 06:37:50
15,官方通报“阿尔山景区200一晚酒店”,10月4日，阿尔山市市场监督管理局通报“二百一晚大酒店”视频核查情况。经查，该地为居民自有住宅，当事人未办执照私自提供住宿，构成无照经营，已被责令停业。通报称，入住系随团司机因无房被推荐入住，协商100元/人/晚并提供免费餐食，未发现价格欺诈。,6570472,https://www.baidu.com/s?wd=%E5%AE%98%E6%96%B9%E9%80%9A%E6%8A%A5%E2%80%9C%E9%98%BF%E5%B0%94%E5%B1%B1%E6%99%AF%E5%8C%BA200%E4%B8%80%E6%99%9A%E9%85%92%E5%BA%97%E2%80%9D&sa=fyb_news&rsv_dl=fyb_news,https://fyb-2.cdn.bcebos.com/hotboard_image/d5d0db1e2fbdf93a292f67dc0ac85e30,百度热搜,实时热搜,realtime,hotlist,,2026-10-05 06:37:50
16,河南万岁山只见人不见“山”,国庆假期，河南开封万岁山武侠城客流爆棚，网友直呼“只见人不见山”，景区已连续4日发布限流公告。,6473208,https://www.baidu.com/s?wd=%E6%B2%B3%E5%8D%97%E4%B8%87%E5%B2%81%E5%B1%B1%E5%8F%AA%E8%A7%81%E4%BA%BA%E4%B8%8D%E8%A7%81%E2%80%9C%E5%B1%B1%E2%80%9D&sa=fyb_news&rsv_dl=fyb_news,https://fyb-2.cdn.bcebos.com/hotboard_image/b8bad49902b331e9448be9139f62394a,百度热搜,实时热搜,realtime,hotlist,,2026-10-05 06:37:50
17,吴奇隆称“不拍戏了”,9月28日，演员吴奇隆在社交平台发布短视频，涵盖《步步惊心》等经典作品及小虎队金曲，戴老花镜自嘲看不清弹幕。此前，他在评论区被网友追问不出新剧时，直接回复“不拍戏了”。吴奇隆还透露将举办演唱会。,6370639,https://www.baidu.com/s?wd=%E5%90%B4%E5%A5%87%E9%9A%86%E7%A7%B0%E2%80%9C%E4%B8%8D%E6%8B%8D%E6%88%8F%E4%BA%86%E2%80%9D&sa=fyb_news&rsv_dl=fyb_news,https://fyb-2.cdn.bcebos.com/hotboard_image/a254bbc7ca331a1344b4349417f56b18,百度热搜,实时热搜,realtime,hotlist,,2026-10-05 06:37:50
18,赵心童吴宜泽世界排名前二,10月4日晚，斯诺克深圳公开赛收官，吴宜泽10-5击败袁思俊获得本人赛季首冠，赛后世界排名更新，吴宜泽超过特鲁姆普升至第二，而赵心童依旧排名世界第一。,6280232,https://www.baidu.com/s?wd=%E8%B5%B5%E5%BF%83%E7%AB%A5%E5%90%B4%E5%AE%9C%E6%B3%BD%E4%B8%96%E7%95%8C%E6%8E%92%E5%90%8D%E5%89%8D%E4%BA%8C&sa=fyb_news&rsv_dl=fyb_news,https://fyb-2.cdn.bcebos.com/hotboard_image/27f30f3d8875d21208000b7a557e4428,百度热搜,实时热搜,realtime,hotlist,,2026-10-05 06:37:50
19,德约科维奇晋级中网四强,10月4日晚， 2026中网男单1/4决赛德约科维奇vs兹维列夫，最终39岁的的德约2-1战胜兹维列夫，晋级中网半决赛。,6185623,https://www.baidu.com/s?wd=%E5%BE%B7%E7%BA%A6%E7%A7%91%E7%BB%B4%E5%A5%87%E6%99%8B%E7%BA%A7%E4%B8%AD%E7%BD%91%E5%9B%9B%E5%BC%BA&sa=fyb_news&rsv_dl=fyb_news,https://fyb-2.cdn.bcebos.com/hotboard_image/4c6744ca3ef3b8c3cf293a6a0afbb9c8,百度热搜,实时热搜,realtime,hotlist,,2026-10-05 06:37:50
20,一级市场风向变了,10月4日，高榕、五源、经纬等推进或完成数十亿元新基金募集，矿业、化工等传统实业资金频繁成为科技投资机构LP。实业资金对AI等硬科技关注度提高，希望借基金拓宽渠道并探索业务协同，一级市场出资人和资金流向正发生变化。,6090895,https://www.baidu.com/s?wd=%E4%B8%80%E7%BA%A7%E5%B8%82%E5%9C%BA%E9%A3%8E%E5%90%91%E5%8F%98%E4%BA%86&sa=fyb_news&rsv_dl=fyb_news,https://fyb-2.cdn.bcebos.com/hotboard_image/551faa327da11acae6a759bf6f977f6c,百度热搜,实时热搜,realtime,hotlist,,2026-10-05 06:37:50
21,药师科普中药养生误区,,5983253,https://www.baidu.com/s?wd=%E8%8D%AF%E5%B8%88%E7%A7%91%E6%99%AE%E4%B8%AD%E8%8D%AF%E5%85%BB%E7%94%9F%E8%AF%AF%E5%8C%BA++++&sa=fyb_news&rsv_dl=fyb_news,https://fyb-1.cdn.bcebos.com/fyb/de6163834f53ca92c1273fff98ac9078.jpeg,百度热搜,实时热搜,realtime,hotlist,,2026-10-05 06:37:50
22,雷军一口气刷完7期民间拆车视频,10月4日消息，雷军完整看完7期民间拆车视频并在社交平台公开强烈推荐。雷军评价博主“老章说车”对量产版小米汽车的拆解深入浅出，并欢迎同行交流。,5898492,https://www.baidu.com/s?wd=%E9%9B%B7%E5%86%9B%E4%B8%80%E5%8F%A3%E6%B0%94%E5%88%B7%E5%AE%8C7%E6%9C%9F%E6%B0%91%E9%97%B4%E6%8B%86%E8%BD%A6%E8%A7%86%E9%A2%91&sa=fyb_news&rsv_dl=fyb_news,https://fyb-2.cdn.bcebos.com/hotboard_image/5dd318561fa8a638c84bb40bde379705,百度热搜,实时热搜,realtime,hotlist,,2026-10-05 06:37:50
23,两个孩子创作的这首歌 中国人都会唱,1971年10月1日，《我爱北京天安门》在中央人民广播电台播出并传遍中华大地。此前，1969年9月，十几岁的上海少年金果临因向往天安门创作该诗作，1970年发表。随后其堂姐金月苓谱曲使歌曲诞生。该曲至今已融入无数中国人的记忆。,5802057,https://www.baidu.com/s?wd=%E4%B8%A4%E4%B8%AA%E5%AD%A9%E5%AD%90%E5%88%9B%E4%BD%9C%E7%9A%84%E8%BF%99%E9%A6%96%E6%AD%8C+%E4%B8%AD%E5%9B%BD%E4%BA%BA%E9%83%BD%E4%BC%9A%E5%94%B1&sa=fyb_news&rsv_dl=fyb_news,https://fyb-2.cdn.bcebos.com/hotboard_image/83178e3e1d2faa2c2b3f0a2b10f4f57d,百度热搜,实时热搜,realtime,hotlist,,2026-10-05 06:37:50
24,十一游客流行“跳城游”,今年双节假期，“多城串游”热度持续上升。数据显示，通过飞机、高铁串联多城的游客同比增长14%，约两成游客住进“第二城”。其背后原因是立体交通网络不断完善，如9月28日京港高铁等四条高铁同步开通提升通达性。,5701302,https://www.baidu.com/s?wd=%E5%8D%81%E4%B8%80%E6%B8%B8%E5%AE%A2%E6%B5%81%E8%A1%8C%E2%80%9C%E8%B7%B3%E5%9F%8E%E6%B8%B8%E2%80%9D&sa=fyb_news&rsv_dl=fyb_news,https://fyb-2.cdn.bcebos.com/hotboard_image/c85241829d9f4ec3cbe6b5821a479329,百度热搜,实时热搜,realtime,hotlist,,2026-10-05 06:37:50
25,梅德韦杰夫2-0战胜塞伦多罗,,5622329,https://www.baidu.com/s?wd=%E6%A2%85%E5%BE%B7%E9%9F%A6%E6%9D%B0%E5%A4%AB2-0%E6%88%98%E8%83%9C%E5%A1%9E%E4%BC%A6%E5%A4%9A%E7%BD%97&sa=fyb_news&rsv_dl=fyb_news,https://fyb-1.cdn.bcebos.com/fyb/de6163834f53ca92c1273fff98ac9078.jpeg,百度热搜,实时热搜,realtime,hotlist,,2026-10-05 06:37:50
26,莫氏鸡煲国庆又火了 全家都来帮忙,国庆假期，莫氏鸡煲再次火爆，吸引浙江、广州等地食客慕名前来品尝地道美食。药膳鸡煲与竹升面成为必点菜品，老莫亲自下场斩鸡，全家总动员帮忙。目前其养殖场已拓展至清远300亩及新兴约100亩，以保证食材质量。,5521455,https://www.baidu.com/s?wd=%E8%8E%AB%E6%B0%8F%E9%B8%A1%E7%85%B2%E5%9B%BD%E5%BA%86%E5%8F%88%E7%81%AB%E4%BA%86+%E5%85%A8%E5%AE%B6%E9%83%BD%E6%9D%A5%E5%B8%AE%E5%BF%99&sa=fyb_news&rsv_dl=fyb_news,https://fyb-2.cdn.bcebos.com/hotboard_image/d1812c0effe161b445b170beaf51ab75,百度热搜,实时热搜,realtime,hotlist,,2026-10-05 06:37:50
27,年轻人国庆旅游偏爱“隐居山林”,晨起习练八段锦、静坐，入夜漫步山野，这般闲云野鹤的古意生活，在国庆出游热潮中悄然走红，成为年轻人追捧的新式度假方式。这类产品热度攀升，部分机构国庆团期节前就已报满。针对这股新兴度假风潮，记者采访专家，解读热潮背后的社会心态。,5426688,https://www.baidu.com/s?wd=%E5%B9%B4%E8%BD%BB%E4%BA%BA%E5%9B%BD%E5%BA%86%E6%97%85%E6%B8%B8%E5%81%8F%E7%88%B1%E2%80%9C%E9%9A%90%E5%B1%85%E5%B1%B1%E6%9E%97%E2%80%9D&sa=fyb_news&rsv_dl=fyb_news,https://fyb-2.cdn.bcebos.com/hotboard_image/c034a17e4f6fe9c6a54ef91b76d9ea43,百度热搜,实时热搜,realtime,hotlist,,2026-10-05 06:37:50
28,江苏高速临时开放500公里应急车道,国庆假期期间，江苏高速通过“苏安畅行系统”实时研判拥堵情况，临时开放路网500公里应急车道以实现智慧扩容。司机遇车多缓行时，可观察路侧情报板提示。开放时可按指示谨慎通行，关闭后立即恢复禁行，切勿违规占用。,5310368,https://www.baidu.com/s?wd=%E6%B1%9F%E8%8B%8F%E9%AB%98%E9%80%9F%E4%B8%B4%E6%97%B6%E5%BC%80%E6%94%BE500%E5%85%AC%E9%87%8C%E5%BA%94%E6%80%A5%E8%BD%A6%E9%81%93&sa=fyb_news&rsv_dl=fyb_news,https://fyb-2.cdn.bcebos.com/hotboard_image/04b8fff3bbd811b84fd8316250ac3e57,百度热搜,实时热搜,realtime,hotlist,,2026-10-05 06:37:50
29,小罗伯特唐尼晒《复联5》海报,10月4日，小罗伯特唐尼在社交平台晒出《复联5：毁灭之日》最新海报，宣布回归饰演头号反派毁灭博士。此前他在《复联4》中饰演钢铁侠并牺牲，被指告别漫威。该片北美定档12月18日上映，内地已过审但未定档。,5236962,https://www.baidu.com/s?wd=%E5%B0%8F%E7%BD%97%E4%BC%AF%E7%89%B9%E5%94%90%E5%B0%BC%E6%99%92%E3%80%8A%E5%A4%8D%E8%81%945%E3%80%8B%E6%B5%B7%E6%8A%A5&sa=fyb_news&rsv_dl=fyb_news,https://fyb-2.cdn.bcebos.com/hotboard_image/f7cf33329d61232134809fbc4290d101,百度热搜,实时热搜,realtime,hotlist,,2026-10-05 06:37:50
30,第20届亚运会完整奖牌榜,10月4日，第20届亚运会在日本名古屋闭幕。第20届亚运会完整奖牌榜：中国代表团获169金89银83铜，位列金牌榜与奖牌榜首位，创境外参赛最佳战绩。,5129886,https://www.baidu.com/s?wd=%E7%AC%AC20%E5%B1%8A%E4%BA%9A%E8%BF%90%E4%BC%9A%E5%AE%8C%E6%95%B4%E5%A5%96%E7%89%8C%E6%A6%9C&sa=fyb_news&rsv_dl=fyb_news,https://fyb-2.cdn.bcebos.com/hotboard_image/d42a43bede60d4e00946bce24892007c,百度热搜,实时热搜,realtime,hotlist,,2026-10-05 06:37:50
31,西双版纳景区用象粪做文创：卖得不错,近日，多位网友发布视频称，在云南西双版纳野象谷景区发现了用大象粪便制作的文创产品，引发关注。工作人员介绍，之前象粪纸笔记本卖得不错。一些喜欢种花的游客，会购买象粪护花基质，产品具体售价需咨询现场工作人员。,5044270,https://www.baidu.com/s?wd=%E8%A5%BF%E5%8F%8C%E7%89%88%E7%BA%B3%E6%99%AF%E5%8C%BA%E7%94%A8%E8%B1%A1%E7%B2%AA%E5%81%9A%E6%96%87%E5%88%9B%EF%BC%9A%E5%8D%96%E5%BE%97%E4%B8%8D%E9%94%99&sa=fyb_news&rsv_dl=fyb_news,https://fyb-2.cdn.bcebos.com/hotboard_image/32a4a972cf043a90f12f36d231132ec4,百度热搜,实时热搜,realtime,hotlist,,2026-10-05 06:37:50
32,国庆档票房破6亿 你最想看哪一部,2026年10月1日至7日国庆档期间，全国院线总票房（含预售）突破6亿元。《神探之痕迹》《什么意思夫妇》《欢迎来龙餐馆》暂列档期票房榜前三。今年国庆档影片题材多元，涵盖合家欢、动画、悬疑等类型，合家欢影片成为观影亮点。,4943654,https://www.baidu.com/s?wd=%E5%9B%BD%E5%BA%86%E6%A1%A3%E7%A5%A8%E6%88%BF%E7%A0%B46%E4%BA%BF+%E4%BD%A0%E6%9C%80%E6%83%B3%E7%9C%8B%E5%93%AA%E4%B8%80%E9%83%A8&sa=fyb_news&rsv_dl=fyb_news,https://fyb-2.cdn.bcebos.com/hotboard_image/15e88ce5a06ba6ce6b084e8beaa708bc,百度热搜,实时热搜,realtime,hotlist,,2026-10-05 06:37:50
33,鸠山由纪夫：应该让驻日美军撤走,日本冲绳县警方10月4日逮捕了一名驻冲绳美国士兵，此人涉嫌在冲绳一家酒店抢劫并杀害一名当地女性。日本前首相鸠山由纪夫呼吁让美军撤走。,4841032,https://www.baidu.com/s?wd=%E9%B8%A0%E5%B1%B1%E7%94%B1%E7%BA%AA%E5%A4%AB%EF%BC%9A%E5%BA%94%E8%AF%A5%E8%AE%A9%E9%A9%BB%E6%97%A5%E7%BE%8E%E5%86%9B%E6%92%A4%E8%B5%B0&sa=fyb_news&rsv_dl=fyb_news,https://fyb-2.cdn.bcebos.com/hotboard_image/cd332f7a1612d798f5be68b91cbb9116,百度热搜,实时热搜,realtime,hotlist,,2026-10-05 06:37:50
34,奶龙玩偶舞台倒立的无声视频走红,10月3日，湖南衡东县花奇里生态旅游区表演者回应“奶龙玩偶倒立”视频走红。近日，该景区奶龙玩偶在空舞台上笨拙倒立的无声视频获50多万点赞。表演者小杨表示，因天气冷人少时会扮奶龙倒立，视频走红后观众变多。,4742085,https://www.baidu.com/s?wd=%E5%A5%B6%E9%BE%99%E7%8E%A9%E5%81%B6%E8%88%9E%E5%8F%B0%E5%80%92%E7%AB%8B%E7%9A%84%E6%97%A0%E5%A3%B0%E8%A7%86%E9%A2%91%E8%B5%B0%E7%BA%A2&sa=fyb_news&rsv_dl=fyb_news,https://fyb-2.cdn.bcebos.com/hotboard_image/403a91a36172c9cbf1e6d3abea7863ee,百度热搜,实时热搜,realtime,hotlist,,2026-10-05 06:37:50
35,亚运国足主帅：这代球员有望进世界杯,,4661910,https://www.baidu.com/s?wd=%E4%BA%9A%E8%BF%90%E5%9B%BD%E8%B6%B3%E4%B8%BB%E5%B8%85%EF%BC%9A%E8%BF%99%E4%BB%A3%E7%90%83%E5%91%98%E6%9C%89%E6%9C%9B%E8%BF%9B%E4%B8%96%E7%95%8C%E6%9D%AF&sa=fyb_news&rsv_dl=fyb_news,https://fyb-1.cdn.bcebos.com/fyb/de6163834f53ca92c1273fff98ac9078.jpeg,百度热搜,实时热搜,realtime,hotlist,,2026-10-05 06:37:50
36,星巴克化身星巴扎扎了谁的心,星巴克在乌鲁木齐开出新疆首批两家门店，融入艾德莱斯绸、非遗元素的“星巴扎”开门迎客人气火爆，美国会却妄称“道德沦丧”，遭中方驳斥。,4573648,https://www.baidu.com/s?wd=%E6%98%9F%E5%B7%B4%E5%85%8B%E5%8C%96%E8%BA%AB%E6%98%9F%E5%B7%B4%E6%89%8E%E6%89%8E%E4%BA%86%E8%B0%81%E7%9A%84%E5%BF%83&sa=fyb_news&rsv_dl=fyb_news,https://fyb-2.cdn.bcebos.com/hotboard_image/a9bc620c60842b3c73c7a08ba9202e35,百度热搜,实时热搜,realtime,hotlist,,2026-10-05 06:37:50
37,浙江亚运35金列全国第一,浙江省体育局就浙江亚运代表团获35金、金牌贡献率全国第一作出回应。体育局表示，浙江构建了完整的选拔体系，发掘培养体育后备力量。人才从校运会中被发掘，形成了发现、培养、输送、为国争光的完整闭环体系，教练员的坚守也为优异成绩奠定基础。,4447505,https://www.baidu.com/s?wd=%E6%B5%99%E6%B1%9F%E4%BA%9A%E8%BF%9035%E9%87%91%E5%88%97%E5%85%A8%E5%9B%BD%E7%AC%AC%E4%B8%80&sa=fyb_news&rsv_dl=fyb_news,https://fyb-2.cdn.bcebos.com/hotboard_image/794d966acd5187fc6dfeb5eab4392c19,百度热搜,实时热搜,realtime,hotlist,,2026-10-05 06:37:50
38,李昊：安东尼奥改变我的职业生涯,,4365817,https://www.baidu.com/s?wd=%E6%9D%8E%E6%98%8A%EF%BC%9A%E5%AE%89%E4%B8%9C%E5%B0%BC%E5%A5%A5%E6%94%B9%E5%8F%98%E6%88%91%E7%9A%84%E8%81%8C%E4%B8%9A%E7%94%9F%E6%B6%AF&sa=fyb_news&rsv_dl=fyb_news,https://fyb-1.cdn.bcebos.com/fyb/de6163834f53ca92c1273fff98ac9078.jpeg,百度热搜,实时热搜,realtime,hotlist,,2026-10-05 06:37:50
39,下单不到2分钟退电影票被扣16元,淘票票用户下单不到两分钟退票被扣16元，投诉时骂了一句脏话，AI客服竟回敬同款脏话，平台回应将核查，代金券已补发。,4280545,https://www.baidu.com/s?wd=%E4%B8%8B%E5%8D%95%E4%B8%8D%E5%88%B02%E5%88%86%E9%92%9F%E9%80%80%E7%94%B5%E5%BD%B1%E7%A5%A8%E8%A2%AB%E6%89%A316%E5%85%83&sa=fyb_news&rsv_dl=fyb_news,https://fyb-2.cdn.bcebos.com/hotboard_image/1dcf5adc3bf08fabc7255b6aa0403054,百度热搜,实时热搜,realtime,hotlist,,2026-10-05 06:37:50
40,德约科维奇盖了四条毛巾,10月4日晚， 2026中网男单1/4决赛德约科维奇vs兹维列夫，由于现场太冷了，德约科维奇盖了四条毛巾。,4189822,https://www.baidu.com/s?wd=%E5%BE%B7%E7%BA%A6%E7%A7%91%E7%BB%B4%E5%A5%87%E7%9B%96%E4%BA%86%E5%9B%9B%E6%9D%A1%E6%AF%9B%E5%B7%BE&sa=fyb_news&rsv_dl=fyb_news,https://fyb-2.cdn.bcebos.com/hotboard_image/e0f940a0c05f194fe17287b551ee9c80,百度热搜,实时热搜,realtime,hotlist,,2026-10-05 06:37:50
41,亚运会 新华社出图,当地时间10月4日，爱知·名古屋亚运会落下帷幕。这是一届不断超越自我的亚运、这是一届年轻身影不断涌现的亚运、这也是一届在竞技之外留下无数美好相遇的亚运。新华社出图为你回顾赛场和闭幕式精彩瞬间，一起来看！,4060837,https://www.baidu.com/s?wd=%E4%BA%9A%E8%BF%90%E4%BC%9A+%E6%96%B0%E5%8D%8E%E7%A4%BE%E5%87%BA%E5%9B%BE&sa=fyb_news&rsv_dl=fyb_news,https://fyb-2.cdn.bcebos.com/hotboard_image/72431ea19dfb6afd1f1d9ba839975185,百度热搜,实时热搜,realtime,hotlist,,2026-10-05 06:37:50
42,韦世豪向球迷致歉,,3975070,https://www.baidu.com/s?wd=%E9%9F%A6%E4%B8%96%E8%B1%AA%E5%90%91%E7%90%83%E8%BF%B7%E8%87%B4%E6%AD%89&sa=fyb_news&rsv_dl=fyb_news,https://fyb-1.cdn.bcebos.com/fyb/de6163834f53ca92c1273fff98ac9078.jpeg,百度热搜,实时热搜,realtime,hotlist,,2026-10-05 06:37:50
43,姆巴佩社媒晒骑自行车兜风照,,3889402,https://www.baidu.com/s?wd=%E5%A7%86%E5%B7%B4%E4%BD%A9%E7%A4%BE%E5%AA%92%E6%99%92%E9%AA%91%E8%87%AA%E8%A1%8C%E8%BD%A6%E5%85%9C%E9%A3%8E%E7%85%A7&sa=fyb_news&rsv_dl=fyb_news,https://fyb-1.cdn.bcebos.com/fyb/de6163834f53ca92c1273fff98ac9078.jpeg,百度热搜,实时热搜,realtime,hotlist,,2026-10-05 06:37:50
44,周传雄：在工体开演唱会圆了北漂梦,10月4日晚，周传雄北京演唱会现场，他表示在工体开演唱会圆了北漂梦，特别感谢观众，愿歌声陪伴每一个追梦人。,3796328,https://www.baidu.com/s?wd=%E5%91%A8%E4%BC%A0%E9%9B%84%EF%BC%9A%E5%9C%A8%E5%B7%A5%E4%BD%93%E5%BC%80%E6%BC%94%E5%94%B1%E4%BC%9A%E5%9C%86%E4%BA%86%E5%8C%97%E6%BC%82%E6%A2%A6&sa=fyb_news&rsv_dl=fyb_news,https://fyb-2.cdn.bcebos.com/hotboard_image/49e358373e8d2cd50f30040245cba906,百度热搜,实时热搜,realtime,hotlist,,2026-10-05 06:37:50
45,广西涠洲岛海域出现“三龙吸水”奇观,,3678585,https://www.baidu.com/s?wd=%E5%B9%BF%E8%A5%BF%E6%B6%A0%E6%B4%B2%E5%B2%9B%E6%B5%B7%E5%9F%9F%E5%87%BA%E7%8E%B0%E2%80%9C%E4%B8%89%E9%BE%99%E5%90%B8%E6%B0%B4%E2%80%9D%E5%A5%87%E8%A7%82&sa=fyb_news&rsv_dl=fyb_news,https://fyb-1.cdn.bcebos.com/fyb/de6163834f53ca92c1273fff98ac9078.jpeg,百度热搜,实时热搜,realtime,hotlist,,2026-10-05 06:37:50
46,山东大学团队七年守护“海上大熊猫”,,3596308,https://www.baidu.com/s?wd=%E5%B1%B1%E4%B8%9C%E5%A4%A7%E5%AD%A6%E5%9B%A2%E9%98%9F%E4%B8%83%E5%B9%B4%E5%AE%88%E6%8A%A4%E2%80%9C%E6%B5%B7%E4%B8%8A%E5%A4%A7%E7%86%8A%E7%8C%AB%E2%80%9D&sa=fyb_news&rsv_dl=fyb_news,https://fyb-1.cdn.bcebos.com/fyb/de6163834f53ca92c1273fff98ac9078.jpeg,百度热搜,实时热搜,realtime,hotlist,,2026-10-05 06:37:50
47,周传雄文俊辉合唱《送别》,10月4日晚，周传雄称在北京工人体育场开演唱会圆了北漂梦，和文俊辉合唱《送别》，网友：我的青春又回来了。,3519795,https://www.baidu.com/s?wd=%E5%91%A8%E4%BC%A0%E9%9B%84%E6%96%87%E4%BF%8A%E8%BE%89%E5%90%88%E5%94%B1%E3%80%8A%E9%80%81%E5%88%AB%E3%80%8B&sa=fyb_news&rsv_dl=fyb_news,https://fyb-2.cdn.bcebos.com/hotboard_image/93f39e4eb9ffef359f602e6f71bc0d69,百度热搜,实时热搜,realtime,hotlist,,2026-10-05 06:37:50
48,陈垣宇2-3不敌科顿,,3424813,https://www.baidu.com/s?wd=%E9%99%88%E5%9E%A3%E5%AE%872-3%E4%B8%8D%E6%95%8C%E7%A7%91%E9%A1%BF&sa=fyb_news&rsv_dl=fyb_news,https://fyb-1.cdn.bcebos.com/fyb/de6163834f53ca92c1273fff98ac9078.jpeg,百度热搜,实时热搜,realtime,hotlist,,2026-10-05 06:37:50
49,中网女单一二号种子均已出局,2026中网女单赛场接连爆出冷门：女单头号种子莱巴金娜第二轮1-2不敌查拉耶娃，止步32强；2号种子萨巴伦卡第三轮0-2负于巴尔图科娃，无缘16强。赛会女单1、2号种子双双出局。,3314844,https://www.baidu.com/s?wd=%E4%B8%AD%E7%BD%91%E5%A5%B3%E5%8D%95%E4%B8%80%E4%BA%8C%E5%8F%B7%E7%A7%8D%E5%AD%90%E5%9D%87%E5%B7%B2%E5%87%BA%E5%B1%80&sa=fyb_news&rsv_dl=fyb_news,https://fyb-2.cdn.bcebos.com/hotboard_image/7b3af801d7ba33068327597e7903a980,百度热搜,实时热搜,realtime,hotlist,,2026-10-05 06:37:50
50,名古屋亚运会闭幕,,3240907,https://www.baidu.com/s?wd=%E5%90%8D%E5%8F%A4%E5%B1%8B%E4%BA%9A%E8%BF%90%E4%BC%9A%E9%97%AD%E5%B9%95&sa=fyb_news&rsv_dl=fyb_news,https://fyb-1.cdn.bcebos.com/fyb/de6163834f53ca92c1273fff98ac9078.jpeg,百度热搜,实时热搜,realtime,hotlist,,2026-10-05 06:37:50
1,因为国 所以潮,习近平总书记指出：“文化自信是更基本、更深沉、更持久的力量”。今天，古韵国风成为年轻人眼中的“顶流审美”，传统文化与现代生活相融相通，国风浩荡，国潮奔涌。为何国潮？答案炽热滚烫：因为国，所以潮。,7904188,https://www.baidu.com/s?wd=%E5%9B%A0%E4%B8%BA%E5%9B%BD+%E6%89%80%E4%BB%A5%E6%BD%AE&sa=fyb_news&rsv_dl=fyb_news,https://fyb-2.cdn.bcebos.com/hotboard_image/459767bb0c31e801caa7939b4610271d,百度热搜,实时热搜,realtime,hotlist,,2026-10-05 07:11:28
2,10万游客涌入小县城 文旅局长给铺床,10月3日，超10万游客涌入仅5万人口的青海祁连县，酒店民宿全部满房，当地紧急开放学校宿舍免费安置近500名无住宿游客，文旅局长给游客铺床，游客直呼暖心。,7809800,https://www.baidu.com/s?wd=10%E4%B8%87%E6%B8%B8%E5%AE%A2%E6%B6%8C%E5%85%A5%E5%B0%8F%E5%8E%BF%E5%9F%8E+%E6%96%87%E6%97%85%E5%B1%80%E9%95%BF%E7%BB%99%E9%93%BA%E5%BA%8A&sa=fyb_news&rsv_dl=fyb_news,https://fyb-2.cdn.bcebos.com/hotboard_image/2aca78bc6eb4eb3c4de72dfa735cddd4,百度热搜,实时热搜,realtime,hotlist,,2026-10-05 07:11:28
3,央视迎来新主播,近日，央视《新闻直播间》栏目迎来两位新主播许斌、程河源，两人先后出镜担任主播。,7712705,https://www.baidu.com/s?wd=%E5%A4%AE%E8%A7%86%E8%BF%8E%E6%9D%A5%E6%96%B0%E4%B8%BB%E6%92%AD&sa=fyb_news&rsv_dl=fyb_news,https://fyb-2.cdn.bcebos.com/hotboard_image/87fa41e6b03edf73648b23159a4a8c61,百度热搜,实时热搜,realtime,hotlist,,2026-10-05 07:11:28
4,全国客流持续高位运行,国庆假期第四天，全国交通客流继续保持高位运行。铁路、公路、水路等部门及时增加运力、优化服务，全力保障旅客安全顺畅出行。,7617794,https://www.baidu.com/s?wd=%E5%85%A8%E5%9B%BD%E5%AE%A2%E6%B5%81%E6%8C%81%E7%BB%AD%E9%AB%98%E4%BD%8D%E8%BF%90%E8%A1%8C&sa=fyb_news&rsv_dl=fyb_news,https://fyb-2.cdn.bcebos.com/hotboard_image/4c0238416a4c6374bc2e65729c1dde63,百度热搜,实时热搜,realtime,hotlist,,2026-10-05 07:11:28
5,西安肉夹馍师傅已忙到3秒夹一个,国庆期间，西安一肉夹馍店生意火爆。师傅是河南濮阳人，因客流大增忙到3秒夹一个，手都被馍烫起泡。据其介绍，国庆客流量比平时多一倍，三秦套餐大概能卖两三千份，每天从6点半营业到晚上12点半。,7521491,https://www.baidu.com/s?wd=%E8%A5%BF%E5%AE%89%E8%82%89%E5%A4%B9%E9%A6%8D%E5%B8%88%E5%82%85%E5%B7%B2%E5%BF%99%E5%88%B03%E7%A7%92%E5%A4%B9%E4%B8%80%E4%B8%AA&sa=fyb_news&rsv_dl=fyb_news,https://fyb-2.cdn.bcebos.com/hotboard_image/6b02d95ab9b9cd588cbad558cddb7657,百度热搜,实时热搜,realtime,hotlist,,2026-10-05 07:11:28
6,耐克为何“失宠”,10月1日，耐克2027财年一季报出炉，总营收同比下滑4%，大中华区已连续九个季度负增长。此前5年耐克累计蒸发超2100亿美元。起因是年轻人对大牌祛魅及运动消费场景碎片化，加之产品迭代收窄、国货技术追平，致其在细分市场失去主场。,7427955,https://www.baidu.com/s?wd=%E8%80%90%E5%85%8B%E4%B8%BA%E4%BD%95%E2%80%9C%E5%A4%B1%E5%AE%A0%E2%80%9D&sa=fyb_news&rsv_dl=fyb_news,https://fyb-2.cdn.bcebos.com/hotboard_image/3353c4704ee564ad83870e8eec3c2978,百度热搜,实时热搜,realtime,hotlist,,2026-10-05 07:11:28
7,赵心童吴宜泽世界排名前二,10月4日晚，斯诺克深圳公开赛收官，吴宜泽10-5击败袁思俊获得本人赛季首冠，赛后世界排名更新，吴宜泽超过特鲁姆普升至第二，而赵心童依旧排名世界第一。,7330778,https://www.baidu.com/s?wd=%E8%B5%B5%E5%BF%83%E7%AB%A5%E5%90%B4%E5%AE%9C%E6%B3%BD%E4%B8%96%E7%95%8C%E6%8E%92%E5%90%8D%E5%89%8D%E4%BA%8C&sa=fyb_news&rsv_dl=fyb_news,https://fyb-2.cdn.bcebos.com/hotboard_image/27f30f3d8875d21208000b7a557e4428,百度热搜,实时热搜,realtime,hotlist,,2026-10-05 07:11:28
8,吴宜泽击败袁思俊夺冠,,7236844,https://www.baidu.com/s?wd=%E5%90%B4%E5%AE%9C%E6%B3%BD%E5%87%BB%E8%B4%A5%E8%A2%81%E6%80%9D%E4%BF%8A%E5%A4%BA%E5%86%A0&sa=fyb_news&rsv_dl=fyb_news,https://fyb-1.cdn.bcebos.com/fyb/de6163834f53ca92c1273fff98ac9078.jpeg,百度热搜,实时热搜,realtime,hotlist,,2026-10-05 07:11:28
9,13岁于子迪当选亚运女子MVP,10月4日，2026年亚运会最有价值运动员出炉：13岁于子迪当选亚运女子MVP。她在本届亚运会收获3金，是中国代表团最年轻的三金得主。,7139327,https://www.baidu.com/s?wd=13%E5%B2%81%E4%BA%8E%E5%AD%90%E8%BF%AA%E5%BD%93%E9%80%89%E4%BA%9A%E8%BF%90%E5%A5%B3%E5%AD%90MVP&sa=fyb_news&rsv_dl=fyb_news,https://fyb-2.cdn.bcebos.com/hotboard_image/c7c2f2def6bffa2661a2777dcaf92aab,百度热搜,实时热搜,realtime,hotlist,,2026-10-05 07:11:28
10,永州站手动翻牌火了：一朝手搓天下知,10月4日，记者实地探访湖南永州站发现，此前因纯手动翻牌走红的检票显示屏已被更换为电子屏。近日，永州站因扩建采用人工翻牌作为临时过渡，相关视频走红网络。永州站曾辟谣屏幕被借走，目前手动装置已被电子屏取代。,7044442,https://www.baidu.com/s?wd=%E6%B0%B8%E5%B7%9E%E7%AB%99%E6%89%8B%E5%8A%A8%E7%BF%BB%E7%89%8C%E7%81%AB%E4%BA%86%EF%BC%9A%E4%B8%80%E6%9C%9D%E6%89%8B%E6%90%93%E5%A4%A9%E4%B8%8B%E7%9F%A5&sa=fyb_news&rsv_dl=fyb_news,https://fyb-2.cdn.bcebos.com/hotboard_image/b7974bc75cc7ebe52628e22c807ca983,百度热搜,实时热搜,realtime,hotlist,,2026-10-05 07:11:28
11,武汉地铁站“行李箱墙”范围又扩大,10月4日，为适配假期客流需求，武汉地铁全面扩容提质“行李友好”服务，在司门口黄鹤楼、江汉路等热门站点划定专属区域供游客集中存放行李，形成整齐“行李箱墙”。现场配有监控与人员巡查保障安全，让游客轻装畅游，获一致好评。,6947107,https://www.baidu.com/s?wd=%E6%AD%A6%E6%B1%89%E5%9C%B0%E9%93%81%E7%AB%99%E2%80%9C%E8%A1%8C%E6%9D%8E%E7%AE%B1%E5%A2%99%E2%80%9D%E8%8C%83%E5%9B%B4%E5%8F%88%E6%89%A9%E5%A4%A7&sa=fyb_news&rsv_dl=fyb_news,https://fyb-2.cdn.bcebos.com/hotboard_image/5f11b1f9e4c4b3387c2760f4906ae673,百度热搜,实时热搜,realtime,hotlist,,2026-10-05 07:11:28
12,国庆出行警惕票务诈骗陷阱,国庆返程高峰将至，火车票、机票“一票难求”，假客服、低价代购、“候补妙招”等票务骗局卷土重来，警方提醒旅客通过官方渠道购票、警惕转账。,6854076,https://www.baidu.com/s?wd=%E5%9B%BD%E5%BA%86%E5%87%BA%E8%A1%8C%E8%AD%A6%E6%83%95%E7%A5%A8%E5%8A%A1%E8%AF%88%E9%AA%97%E9%99%B7%E9%98%B1&sa=fyb_news&rsv_dl=fyb_news,https://fyb-2.cdn.bcebos.com/hotboard_image/c3294f15e10f4ba5d8205662002f45dc,百度热搜,实时热搜,realtime,hotlist,,2026-10-05 07:11:28
13,“雪姨”王琳晒健身照：马甲线清晰,10月3日，演员王琳在社交平台发文晒图：保持的秘诀是自律。照片里其马甲线清晰、肌肉线条明显，网友直呼状态太好，差点没认出。,6761653,https://www.baidu.com/s?wd=%E2%80%9C%E9%9B%AA%E5%A7%A8%E2%80%9D%E7%8E%8B%E7%90%B3%E6%99%92%E5%81%A5%E8%BA%AB%E7%85%A7%EF%BC%9A%E9%A9%AC%E7%94%B2%E7%BA%BF%E6%B8%85%E6%99%B0&sa=fyb_news&rsv_dl=fyb_news,https://fyb-2.cdn.bcebos.com/hotboard_image/47e9c1f6c24d4325495068bcab2058d0,百度热搜,实时热搜,realtime,hotlist,,2026-10-05 07:11:28
14,日本197人专案组连夜抓捕驻日美士兵,10月4日，日本冲绳县警方以涉嫌抢劫杀人罪逮捕一名20岁驻日美军上等兵。此前10月3日凌晨，那霸市一酒店发生39岁日本女性遇害案。当地警方成立197人专案组，依监控锁定特征于3日深夜在冲绳市娱乐区将其抓获。,6660555,https://www.baidu.com/s?wd=%E6%97%A5%E6%9C%AC197%E4%BA%BA%E4%B8%93%E6%A1%88%E7%BB%84%E8%BF%9E%E5%A4%9C%E6%8A%93%E6%8D%95%E9%A9%BB%E6%97%A5%E7%BE%8E%E5%A3%AB%E5%85%B5&sa=fyb_news&rsv_dl=fyb_news,https://fyb-2.cdn.bcebos.com/hotboard_image/e50c4cfd165a54cacb088c2552286032,百度热搜,实时热搜,realtime,hotlist,,2026-10-05 07:11:28
15,摆酒未领证分手 18.8万彩礼判退10万,9月30日，中国裁判文书网公布一起彩礼纠纷案判决。黄某与焦某甲办婚礼未领证后分手，黄某索要18.8万彩礼及10万酒席钱，并质疑女儿非亲生。此前男方称女方骗婚，女方称男方隐瞒父亲瘫痪。广州中院认定双方均无过错，维持原判。,6559255,https://www.baidu.com/s?wd=%E6%91%86%E9%85%92%E6%9C%AA%E9%A2%86%E8%AF%81%E5%88%86%E6%89%8B+18.8%E4%B8%87%E5%BD%A9%E7%A4%BC%E5%88%A4%E9%80%8010%E4%B8%87&sa=fyb_news&rsv_dl=fyb_news,https://fyb-2.cdn.bcebos.com/hotboard_image/58b850f4c799c084b01df3738f0ffd9f,百度热搜,实时热搜,realtime,hotlist,,2026-10-05 07:11:28
16,河南万岁山只见人不见“山”,国庆假期，河南开封万岁山武侠城客流爆棚，网友直呼“只见人不见山”，景区已连续4日发布限流公告。,6474079,https://www.baidu.com/s?wd=%E6%B2%B3%E5%8D%97%E4%B8%87%E5%B2%81%E5%B1%B1%E5%8F%AA%E8%A7%81%E4%BA%BA%E4%B8%8D%E8%A7%81%E2%80%9C%E5%B1%B1%E2%80%9D&sa=fyb_news&rsv_dl=fyb_news,https://fyb-2.cdn.bcebos.com/hotboard_image/b8bad49902b331e9448be9139f62394a,百度热搜,实时热搜,realtime,hotlist,,2026-10-05 07:11:28
17,官方通报“阿尔山景区200一晚酒店”,10月4日，阿尔山市市场监督管理局通报“二百一晚大酒店”视频核查情况。经查，该地为居民自有住宅，当事人未办执照私自提供住宿，构成无照经营，已被责令停业。通报称，入住系随团司机因无房被推荐入住，协商100元/人/晚并提供免费餐食，未发现价格欺诈。,6372069,https://www.baidu.com/s?wd=%E5%AE%98%E6%96%B9%E9%80%9A%E6%8A%A5%E2%80%9C%E9%98%BF%E5%B0%94%E5%B1%B1%E6%99%AF%E5%8C%BA200%E4%B8%80%E6%99%9A%E9%85%92%E5%BA%97%E2%80%9D&sa=fyb_news&rsv_dl=fyb_news,https://fyb-2.cdn.bcebos.com/hotboard_image/d5d0db1e2fbdf93a292f67dc0ac85e30,百度热搜,实时热搜,realtime,hotlist,,2026-10-05 07:11:28
18,莫氏鸡煲国庆又火了 全家都来帮忙,国庆假期，莫氏鸡煲再次火爆，吸引浙江、广州等地食客慕名前来品尝地道美食。药膳鸡煲与竹升面成为必点菜品，老莫亲自下场斩鸡，全家总动员帮忙。目前其养殖场已拓展至清远300亩及新兴约100亩，以保证食材质量。,6283258,https://www.baidu.com/s?wd=%E8%8E%AB%E6%B0%8F%E9%B8%A1%E7%85%B2%E5%9B%BD%E5%BA%86%E5%8F%88%E7%81%AB%E4%BA%86+%E5%85%A8%E5%AE%B6%E9%83%BD%E6%9D%A5%E5%B8%AE%E5%BF%99&sa=fyb_news&rsv_dl=fyb_news,https://fyb-2.cdn.bcebos.com/hotboard_image/d1812c0effe161b445b170beaf51ab75,百度热搜,实时热搜,realtime,hotlist,,2026-10-05 07:11:28
19,德约科维奇晋级中网四强,10月4日晚， 2026中网男单1/4决赛德约科维奇vs兹维列夫，最终39岁的的德约2-1战胜兹维列夫，晋级中网半决赛。,6188031,https://www.baidu.com/s?wd=%E5%BE%B7%E7%BA%A6%E7%A7%91%E7%BB%B4%E5%A5%87%E6%99%8B%E7%BA%A7%E4%B8%AD%E7%BD%91%E5%9B%9B%E5%BC%BA&sa=fyb_news&rsv_dl=fyb_news,https://fyb-2.cdn.bcebos.com/hotboard_image/4c6744ca3ef3b8c3cf293a6a0afbb9c8,百度热搜,实时热搜,realtime,hotlist,,2026-10-05 07:11:28
20,两个孩子创作的这首歌 中国人都会唱,1971年10月1日，《我爱北京天安门》在中央人民广播电台播出并传遍中华大地。此前，1969年9月，十几岁的上海少年金果临因向往天安门创作该诗作，1970年发表。随后其堂姐金月苓谱曲使歌曲诞生。该曲至今已融入无数中国人的记忆。,6097818,https://www.baidu.com/s?wd=%E4%B8%A4%E4%B8%AA%E5%AD%A9%E5%AD%90%E5%88%9B%E4%BD%9C%E7%9A%84%E8%BF%99%E9%A6%96%E6%AD%8C+%E4%B8%AD%E5%9B%BD%E4%BA%BA%E9%83%BD%E4%BC%9A%E5%94%B1&sa=fyb_news&rsv_dl=fyb_news,https://fyb-2.cdn.bcebos.com/hotboard_image/83178e3e1d2faa2c2b3f0a2b10f4f57d,百度热搜,实时热搜,realtime,hotlist,,2026-10-05 07:11:28
21,一级市场风向变了,10月4日，高榕、五源、经纬等推进或完成数十亿元新基金募集，矿业、化工等传统实业资金频繁成为科技投资机构LP。实业资金对AI等硬科技关注度提高，希望借基金拓宽渠道并探索业务协同，一级市场出资人和资金流向正发生变化。,5996470,https://www.baidu.com/s?wd=%E4%B8%80%E7%BA%A7%E5%B8%82%E5%9C%BA%E9%A3%8E%E5%90%91%E5%8F%98%E4%BA%86&sa=fyb_news&rsv_dl=fyb_news,https://fyb-2.cdn.bcebos.com/hotboard_image/551faa327da11acae6a759bf6f977f6c,百度热搜,实时热搜,realtime,hotlist,,2026-10-05 07:11:28
22,雷军一口气刷完7期民间拆车视频,10月4日消息，雷军完整看完7期民间拆车视频并在社交平台公开强烈推荐。雷军评价博主“老章说车”对量产版小米汽车的拆解深入浅出，并欢迎同行交流。,5897556,https://www.baidu.com/s?wd=%E9%9B%B7%E5%86%9B%E4%B8%80%E5%8F%A3%E6%B0%94%E5%88%B7%E5%AE%8C7%E6%9C%9F%E6%B0%91%E9%97%B4%E6%8B%86%E8%BD%A6%E8%A7%86%E9%A2%91&sa=fyb_news&rsv_dl=fyb_news,https://fyb-2.cdn.bcebos.com/hotboard_image/5dd318561fa8a638c84bb40bde379705,百度热搜,实时热搜,realtime,hotlist,,2026-10-05 07:11:28
23,药师科普中药养生误区,,5810048,https://www.baidu.com/s?wd=%E8%8D%AF%E5%B8%88%E7%A7%91%E6%99%AE%E4%B8%AD%E8%8D%AF%E5%85%BB%E7%94%9F%E8%AF%AF%E5%8C%BA++++&sa=fyb_news&rsv_dl=fyb_news,https://fyb-1.cdn.bcebos.com/fyb/de6163834f53ca92c1273fff98ac9078.jpeg,百度热搜,实时热搜,realtime,hotlist,,2026-10-05 07:11:28
24,吴奇隆称“不拍戏了”,9月28日，演员吴奇隆在社交平台发布短视频，涵盖《步步惊心》等经典作品及小虎队金曲，戴老花镜自嘲看不清弹幕。此前，他在评论区被网友追问不出新剧时，直接回复“不拍戏了”。吴奇隆还透露将举办演唱会。,5706879,https://www.baidu.com/s?wd=%E5%90%B4%E5%A5%87%E9%9A%86%E7%A7%B0%E2%80%9C%E4%B8%8D%E6%8B%8D%E6%88%8F%E4%BA%86%E2%80%9D&sa=fyb_news&rsv_dl=fyb_news,https://fyb-2.cdn.bcebos.com/hotboard_image/a254bbc7ca331a1344b4349417f56b18,百度热搜,实时热搜,realtime,hotlist,,2026-10-05 07:11:28
25,十一游客流行“跳城游”,今年双节假期，“多城串游”热度持续上升。数据显示，通过飞机、高铁串联多城的游客同比增长14%，约两成游客住进“第二城”。其背后原因是立体交通网络不断完善，如9月28日京港高铁等四条高铁同步开通提升通达性。,5615423,https://www.baidu.com/s?wd=%E5%8D%81%E4%B8%80%E6%B8%B8%E5%AE%A2%E6%B5%81%E8%A1%8C%E2%80%9C%E8%B7%B3%E5%9F%8E%E6%B8%B8%E2%80%9D&sa=fyb_news&rsv_dl=fyb_news,https://fyb-2.cdn.bcebos.com/hotboard_image/c85241829d9f4ec3cbe6b5821a479329,百度热搜,实时热搜,realtime,hotlist,,2026-10-05 07:11:28
26,江苏高速临时开放500公里应急车道,国庆假期期间，江苏高速通过“苏安畅行系统”实时研判拥堵情况，临时开放路网500公里应急车道以实现智慧扩容。司机遇车多缓行时，可观察路侧情报板提示。开放时可按指示谨慎通行，关闭后立即恢复禁行，切勿违规占用。,5515550,https://www.baidu.com/s?wd=%E6%B1%9F%E8%8B%8F%E9%AB%98%E9%80%9F%E4%B8%B4%E6%97%B6%E5%BC%80%E6%94%BE500%E5%85%AC%E9%87%8C%E5%BA%94%E6%80%A5%E8%BD%A6%E9%81%93&sa=fyb_news&rsv_dl=fyb_news,https://fyb-2.cdn.bcebos.com/hotboard_image/04b8fff3bbd811b84fd8316250ac3e57,百度热搜,实时热搜,realtime,hotlist,,2026-10-05 07:11:28
27,鸠山由纪夫：应该让驻日美军撤走,日本冲绳县警方10月4日逮捕了一名驻冲绳美国士兵，此人涉嫌在冲绳一家酒店抢劫并杀害一名当地女性。日本前首相鸠山由纪夫呼吁让美军撤走。,5430799,https://www.baidu.com/s?wd=%E9%B8%A0%E5%B1%B1%E7%94%B1%E7%BA%AA%E5%A4%AB%EF%BC%9A%E5%BA%94%E8%AF%A5%E8%AE%A9%E9%A9%BB%E6%97%A5%E7%BE%8E%E5%86%9B%E6%92%A4%E8%B5%B0&sa=fyb_news&rsv_dl=fyb_news,https://fyb-2.cdn.bcebos.com/hotboard_image/cd332f7a1612d798f5be68b91cbb9116,百度热搜,实时热搜,realtime,hotlist,,2026-10-05 07:11:28
28,年轻人国庆旅游偏爱“隐居山林”,晨起习练八段锦、静坐，入夜漫步山野，这般闲云野鹤的古意生活，在国庆出游热潮中悄然走红，成为年轻人追捧的新式度假方式。这类产品热度攀升，部分机构国庆团期节前就已报满。针对这股新兴度假风潮，记者采访专家，解读热潮背后的社会心态。,5324145,https://www.baidu.com/s?wd=%E5%B9%B4%E8%BD%BB%E4%BA%BA%E5%9B%BD%E5%BA%86%E6%97%85%E6%B8%B8%E5%81%8F%E7%88%B1%E2%80%9C%E9%9A%90%E5%B1%85%E5%B1%B1%E6%9E%97%E2%80%9D&sa=fyb_news&rsv_dl=fyb_news,https://fyb-2.cdn.bcebos.com/hotboard_image/c034a17e4f6fe9c6a54ef91b76d9ea43,百度热搜,实时热搜,realtime,hotlist,,2026-10-05 07:11:28
29,国庆档票房破6亿 你最想看哪一部,2026年10月1日至7日国庆档期间，全国院线总票房（含预售）突破6亿元。《神探之痕迹》《什么意思夫妇》《欢迎来龙餐馆》暂列档期票房榜前三。今年国庆档影片题材多元，涵盖合家欢、动画、悬疑等类型，合家欢影片成为观影亮点。,5228026,https://www.baidu.com/s?wd=%E5%9B%BD%E5%BA%86%E6%A1%A3%E7%A5%A8%E6%88%BF%E7%A0%B46%E4%BA%BF+%E4%BD%A0%E6%9C%80%E6%83%B3%E7%9C%8B%E5%93%AA%E4%B8%80%E9%83%A8&sa=fyb_news&rsv_dl=fyb_news,https://fyb-2.cdn.bcebos.com/hotboard_image/15e88ce5a06ba6ce6b084e8beaa708bc,百度热搜,实时热搜,realtime,hotlist,,2026-10-05 07:11:28
30,第20届亚运会完整奖牌榜,10月4日，第20届亚运会在日本名古屋闭幕。第20届亚运会完整奖牌榜：中国代表团获169金89银83铜，位列金牌榜与奖牌榜首位，创境外参赛最佳战绩。,5124236,https://www.baidu.com/s?wd=%E7%AC%AC20%E5%B1%8A%E4%BA%9A%E8%BF%90%E4%BC%9A%E5%AE%8C%E6%95%B4%E5%A5%96%E7%89%8C%E6%A6%9C&sa=fyb_news&rsv_dl=fyb_news,https://fyb-2.cdn.bcebos.com/hotboard_image/d42a43bede60d4e00946bce24892007c,百度热搜,实时热搜,realtime,hotlist,,2026-10-05 07:11:28
31,小罗伯特唐尼晒《复联5》海报,10月4日，小罗伯特唐尼在社交平台晒出《复联5：毁灭之日》最新海报，宣布回归饰演头号反派毁灭博士。此前他在《复联4》中饰演钢铁侠并牺牲，被指告别漫威。该片北美定档12月18日上映，内地已过审但未定档。,5041876,https://www.baidu.com/s?wd=%E5%B0%8F%E7%BD%97%E4%BC%AF%E7%89%B9%E5%94%90%E5%B0%BC%E6%99%92%E3%80%8A%E5%A4%8D%E8%81%945%E3%80%8B%E6%B5%B7%E6%8A%A5&sa=fyb_news&rsv_dl=fyb_news,https://fyb-2.cdn.bcebos.com/hotboard_image/f7cf33329d61232134809fbc4290d101,百度热搜,实时热搜,realtime,hotlist,,2026-10-05 07:11:28
32,西双版纳景区用象粪做文创：卖得不错,近日，多位网友发布视频称，在云南西双版纳野象谷景区发现了用大象粪便制作的文创产品，引发关注。工作人员介绍，之前象粪纸笔记本卖得不错。一些喜欢种花的游客，会购买象粪护花基质，产品具体售价需咨询现场工作人员。,4946778,https://www.baidu.com/s?wd=%E8%A5%BF%E5%8F%8C%E7%89%88%E7%BA%B3%E6%99%AF%E5%8C%BA%E7%94%A8%E8%B1%A1%E7%B2%AA%E5%81%9A%E6%96%87%E5%88%9B%EF%BC%9A%E5%8D%96%E5%BE%97%E4%B8%8D%E9%94%99&sa=fyb_news&rsv_dl=fyb_news,https://fyb-2.cdn.bcebos.com/hotboard_image/32a4a972cf043a90f12f36d231132ec4,百度热搜,实时热搜,realtime,hotlist,,2026-10-05 07:11:28
33,梅德韦杰夫2-0战胜塞伦多罗,,4834548,https://www.baidu.com/s?wd=%E6%A2%85%E5%BE%B7%E9%9F%A6%E6%9D%B0%E5%A4%AB2-0%E6%88%98%E8%83%9C%E5%A1%9E%E4%BC%A6%E5%A4%9A%E7%BD%97&sa=fyb_news&rsv_dl=fyb_news,https://fyb-1.cdn.bcebos.com/fyb/de6163834f53ca92c1273fff98ac9078.jpeg,百度热搜,实时热搜,realtime,hotlist,,2026-10-05 07:11:28
34,星巴克化身星巴扎扎了谁的心,星巴克在乌鲁木齐开出新疆首批两家门店，融入艾德莱斯绸、非遗元素的“星巴扎”开门迎客人气火爆，美国会却妄称“道德沦丧”，遭中方驳斥。,4735680,https://www.baidu.com/s?wd=%E6%98%9F%E5%B7%B4%E5%85%8B%E5%8C%96%E8%BA%AB%E6%98%9F%E5%B7%B4%E6%89%8E%E6%89%8E%E4%BA%86%E8%B0%81%E7%9A%84%E5%BF%83&sa=fyb_news&rsv_dl=fyb_news,https://fyb-2.cdn.bcebos.com/hotboard_image/a9bc620c60842b3c73c7a08ba9202e35,百度热搜,实时热搜,realtime,hotlist,,2026-10-05 07:11:28
35,浙江亚运35金列全国第一,浙江省体育局就浙江亚运代表团获35金、金牌贡献率全国第一作出回应。体育局表示，浙江构建了完整的选拔体系，发掘培养体育后备力量。人才从校运会中被发掘，形成了发现、培养、输送、为国争光的完整闭环体系，教练员的坚守也为优异成绩奠定基础。,4652332,https://www.baidu.com/s?wd=%E6%B5%99%E6%B1%9F%E4%BA%9A%E8%BF%9035%E9%87%91%E5%88%97%E5%85%A8%E5%9B%BD%E7%AC%AC%E4%B8%80&sa=fyb_news&rsv_dl=fyb_news,https://fyb-2.cdn.bcebos.com/hotboard_image/794d966acd5187fc6dfeb5eab4392c19,百度热搜,实时热搜,realtime,hotlist,,2026-10-05 07:11:28
36,亚运国足主帅：这代球员有望进世界杯,,4564555,https://www.baidu.com/s?wd=%E4%BA%9A%E8%BF%90%E5%9B%BD%E8%B6%B3%E4%B8%BB%E5%B8%85%EF%BC%9A%E8%BF%99%E4%BB%A3%E7%90%83%E5%91%98%E6%9C%89%E6%9C%9B%E8%BF%9B%E4%B8%96%E7%95%8C%E6%9D%AF&sa=fyb_news&rsv_dl=fyb_news,https://fyb-1.cdn.bcebos.com/fyb/de6163834f53ca92c1273fff98ac9078.jpeg,百度热搜,实时热搜,realtime,hotlist,,2026-10-05 07:11:28
37,李昊：安东尼奥改变我的职业生涯,,4479658,https://www.baidu.com/s?wd=%E6%9D%8E%E6%98%8A%EF%BC%9A%E5%AE%89%E4%B8%9C%E5%B0%BC%E5%A5%A5%E6%94%B9%E5%8F%98%E6%88%91%E7%9A%84%E8%81%8C%E4%B8%9A%E7%94%9F%E6%B6%AF&sa=fyb_news&rsv_dl=fyb_news,https://fyb-1.cdn.bcebos.com/fyb/de6163834f53ca92c1273fff98ac9078.jpeg,百度热搜,实时热搜,realtime,hotlist,,2026-10-05 07:11:28
38,奶龙玩偶舞台倒立的无声视频走红,10月3日，湖南衡东县花奇里生态旅游区表演者回应“奶龙玩偶倒立”视频走红。近日，该景区奶龙玩偶在空舞台上笨拙倒立的无声视频获50多万点赞。表演者小杨表示，因天气冷人少时会扮奶龙倒立，视频走红后观众变多。,4379482,https://www.baidu.com/s?wd=%E5%A5%B6%E9%BE%99%E7%8E%A9%E5%81%B6%E8%88%9E%E5%8F%B0%E5%80%92%E7%AB%8B%E7%9A%84%E6%97%A0%E5%A3%B0%E8%A7%86%E9%A2%91%E8%B5%B0%E7%BA%A2&sa=fyb_news&rsv_dl=fyb_news,https://fyb-2.cdn.bcebos.com/hotboard_image/403a91a36172c9cbf1e6d3abea7863ee,百度热搜,实时热搜,realtime,hotlist,,2026-10-05 07:11:28
39,韦世豪向球迷致歉,,4268522,https://www.baidu.com/s?wd=%E9%9F%A6%E4%B8%96%E8%B1%AA%E5%90%91%E7%90%83%E8%BF%B7%E8%87%B4%E6%AD%89&sa=fyb_news&rsv_dl=fyb_news,https://fyb-1.cdn.bcebos.com/fyb/de6163834f53ca92c1273fff98ac9078.jpeg,百度热搜,实时热搜,realtime,hotlist,,2026-10-05 07:11:28
40,广西涠洲岛海域出现“三龙吸水”奇观,,4184760,https://www.baidu.com/s?wd=%E5%B9%BF%E8%A5%BF%E6%B6%A0%E6%B4%B2%E5%B2%9B%E6%B5%B7%E5%9F%9F%E5%87%BA%E7%8E%B0%E2%80%9C%E4%B8%89%E9%BE%99%E5%90%B8%E6%B0%B4%E2%80%9D%E5%A5%87%E8%A7%82&sa=fyb_news&rsv_dl=fyb_news,https://fyb-1.cdn.bcebos.com/fyb/de6163834f53ca92c1273fff98ac9078.jpeg,百度热搜,实时热搜,realtime,hotlist,,2026-10-05 07:11:28
41,亚运会 新华社出图,当地时间10月4日，爱知·名古屋亚运会落下帷幕。这是一届不断超越自我的亚运、这是一届年轻身影不断涌现的亚运、这也是一届在竞技之外留下无数美好相遇的亚运。新华社出图为你回顾赛场和闭幕式精彩瞬间，一起来看！,4072600,https://www.baidu.com/s?wd=%E4%BA%9A%E8%BF%90%E4%BC%9A+%E6%96%B0%E5%8D%8E%E7%A4%BE%E5%87%BA%E5%9B%BE&sa=fyb_news&rsv_dl=fyb_news,https://fyb-2.cdn.bcebos.com/hotboard_image/72431ea19dfb6afd1f1d9ba839975185,百度热搜,实时热搜,realtime,hotlist,,2026-10-05 07:11:28
42,山东大学团队七年守护“海上大熊猫”,,3984105,https://www.baidu.com/s?wd=%E5%B1%B1%E4%B8%9C%E5%A4%A7%E5%AD%A6%E5%9B%A2%E9%98%9F%E4%B8%83%E5%B9%B4%E5%AE%88%E6%8A%A4%E2%80%9C%E6%B5%B7%E4%B8%8A%E5%A4%A7%E7%86%8A%E7%8C%AB%E2%80%9D&sa=fyb_news&rsv_dl=fyb_news,https://fyb-1.cdn.bcebos.com/fyb/de6163834f53ca92c1273fff98ac9078.jpeg,百度热搜,实时热搜,realtime,hotlist,,2026-10-05 07:11:28
43,姆巴佩社媒晒骑自行车兜风照,,3890378,https://www.baidu.com/s?wd=%E5%A7%86%E5%B7%B4%E4%BD%A9%E7%A4%BE%E5%AA%92%E6%99%92%E9%AA%91%E8%87%AA%E8%A1%8C%E8%BD%A6%E5%85%9C%E9%A3%8E%E7%85%A7&sa=fyb_news&rsv_dl=fyb_news,https://fyb-1.cdn.bcebos.com/fyb/de6163834f53ca92c1273fff98ac9078.jpeg,百度热搜,实时热搜,realtime,hotlist,,2026-10-05 07:11:28
44,德约科维奇盖了四条毛巾,10月4日晚， 2026中网男单1/4决赛德约科维奇vs兹维列夫，由于现场太冷了，德约科维奇盖了四条毛巾。,3788500,https://www.baidu.com/s?wd=%E5%BE%B7%E7%BA%A6%E7%A7%91%E7%BB%B4%E5%A5%87%E7%9B%96%E4%BA%86%E5%9B%9B%E6%9D%A1%E6%AF%9B%E5%B7%BE&sa=fyb_news&rsv_dl=fyb_news,https://fyb-2.cdn.bcebos.com/hotboard_image/e0f940a0c05f194fe17287b551ee9c80,百度热搜,实时热搜,realtime,hotlist,,2026-10-05 07:11:28
45,下单不到2分钟退电影票被扣16元,淘票票用户下单不到两分钟退票被扣16元，投诉时骂了一句脏话，AI客服竟回敬同款脏话，平台回应将核查，代金券已补发。,3682628,https://www.baidu.com/s?wd=%E4%B8%8B%E5%8D%95%E4%B8%8D%E5%88%B02%E5%88%86%E9%92%9F%E9%80%80%E7%94%B5%E5%BD%B1%E7%A5%A8%E8%A2%AB%E6%89%A316%E5%85%83&sa=fyb_news&rsv_dl=fyb_news,https://fyb-2.cdn.bcebos.com/hotboard_image/1dcf5adc3bf08fabc7255b6aa0403054,百度热搜,实时热搜,realtime,hotlist,,2026-10-05 07:11:28
46,陈垣宇2-3不敌科顿,,3621982,https://www.baidu.com/s?wd=%E9%99%88%E5%9E%A3%E5%AE%872-3%E4%B8%8D%E6%95%8C%E7%A7%91%E9%A1%BF&sa=fyb_news&rsv_dl=fyb_news,https://fyb-1.cdn.bcebos.com/fyb/de6163834f53ca92c1273fff98ac9078.jpeg,百度热搜,实时热搜,realtime,hotlist,,2026-10-05 07:11:28
47,高速拥堵女子憋尿被送进急诊,,3494483,https://www.baidu.com/s?wd=%E9%AB%98%E9%80%9F%E6%8B%A5%E5%A0%B5%E5%A5%B3%E5%AD%90%E6%86%8B%E5%B0%BF%E8%A2%AB%E9%80%81%E8%BF%9B%E6%80%A5%E8%AF%8A&sa=fyb_news&rsv_dl=fyb_news,https://fyb-1.cdn.bcebos.com/fyb/de6163834f53ca92c1273fff98ac9078.jpeg,百度热搜,实时热搜,realtime,hotlist,,2026-10-05 07:11:28
48,吴艳妮总结亚运会,,3414176,https://www.baidu.com/s?wd=%E5%90%B4%E8%89%B3%E5%A6%AE%E6%80%BB%E7%BB%93%E4%BA%9A%E8%BF%90%E4%BC%9A&sa=fyb_news&rsv_dl=fyb_news,https://fyb-1.cdn.bcebos.com/fyb/de6163834f53ca92c1273fff98ac9078.jpeg,百度热搜,实时热搜,realtime,hotlist,,2026-10-05 07:11:28
49,周传雄：在工体开演唱会圆了北漂梦,10月4日晚，周传雄北京演唱会现场，他表示在工体开演唱会圆了北漂梦，特别感谢观众，愿歌声陪伴每一个追梦人。,3332185,https://www.baidu.com/s?wd=%E5%91%A8%E4%BC%A0%E9%9B%84%EF%BC%9A%E5%9C%A8%E5%B7%A5%E4%BD%93%E5%BC%80%E6%BC%94%E5%94%B1%E4%BC%9A%E5%9C%86%E4%BA%86%E5%8C%97%E6%BC%82%E6%A2%A6&sa=fyb_news&rsv_dl=fyb_news,https://fyb-2.cdn.bcebos.com/hotboard_image/49e358373e8d2cd50f30040245cba906,百度热搜,实时热搜,realtime,hotlist,,2026-10-05 07:11:28
50,邵子恒心脏不适就医 请假《披哥》录制,10月4日晚，邵兵儿子邵子恒社交平台发文称自己前一天晚上突发心脏不适就医，自曝心肌酶偏高，请假披哥后续录制。,3202192,https://www.baidu.com/s?wd=%E9%82%B5%E5%AD%90%E6%81%92%E5%BF%83%E8%84%8F%E4%B8%8D%E9%80%82%E5%B0%B1%E5%8C%BB+%E8%AF%B7%E5%81%87%E3%80%8A%E6%8A%AB%E5%93%A5%E3%80%8B%E5%BD%95%E5%88%B6&sa=fyb_news&rsv_dl=fyb_news,https://fyb-2.cdn.bcebos.com/hotboard_image/0227a038d81e934143802c1b989b4173,百度热搜,实时热搜,realtime,hotlist,,2026-10-05 07:11:28
1,因为国 所以潮,习近平总书记指出：“文化自信是更基本、更深沉、更持久的力量”。今天，古韵国风成为年轻人眼中的“顶流审美”，传统文化与现代生活相融相通，国风浩荡，国潮奔涌。为何国潮？答案炽热滚烫：因为国，所以潮。,7904097,https://www.baidu.com/s?wd=%E5%9B%A0%E4%B8%BA%E5%9B%BD+%E6%89%80%E4%BB%A5%E6%BD%AE&sa=fyb_news&rsv_dl=fyb_news,https://fyb-2.cdn.bcebos.com/hotboard_image/459767bb0c31e801caa7939b4610271d,百度热搜,实时热搜,realtime,hotlist,,2026-10-05 08:38:48
2,日本罕见1天3次强烈抗议美国,近日，日本罕见在一天内3次向美国提出强烈抗议，针对驻冲绳美军在酒店劫杀日本女子事件。日本防卫省、外务省等相继表态，要求美军整顿军纪并配合调查。,7809743,https://www.baidu.com/s?wd=%E6%97%A5%E6%9C%AC%E7%BD%95%E8%A7%811%E5%A4%A93%E6%AC%A1%E5%BC%BA%E7%83%88%E6%8A%97%E8%AE%AE%E7%BE%8E%E5%9B%BD&sa=fyb_news&rsv_dl=fyb_news,https://fyb-2.cdn.bcebos.com/hotboard_image/bbb0edf87ef52f58e58b3f243bd2f3c3,百度热搜,实时热搜,realtime,hotlist,,2026-10-05 08:38:48
3,官方通报“阿尔山景区200一晚酒店”,10月4日，阿尔山市市场监督管理局通报“二百一晚大酒店”视频核查情况。经查，该地为居民自有住宅，当事人未办执照私自提供住宿，构成无照经营，已被责令停业。通报称，入住系随团司机因无房被推荐入住，协商100元/人/晚并提供免费餐食，未发现价格欺诈。,7714384,https://www.baidu.com/s?wd=%E5%AE%98%E6%96%B9%E9%80%9A%E6%8A%A5%E2%80%9C%E9%98%BF%E5%B0%94%E5%B1%B1%E6%99%AF%E5%8C%BA200%E4%B8%80%E6%99%9A%E9%85%92%E5%BA%97%E2%80%9D&sa=fyb_news&rsv_dl=fyb_news,https://fyb-2.cdn.bcebos.com/hotboard_image/d5d0db1e2fbdf93a292f67dc0ac85e30,百度热搜,实时热搜,realtime,hotlist,,2026-10-05 08:38:48
4,全国客流持续高位运行,国庆假期第四天，全国交通客流继续保持高位运行。铁路、公路、水路等部门及时增加运力、优化服务，全力保障旅客安全顺畅出行。,7619109,https://www.baidu.com/s?wd=%E5%85%A8%E5%9B%BD%E5%AE%A2%E6%B5%81%E6%8C%81%E7%BB%AD%E9%AB%98%E4%BD%8D%E8%BF%90%E8%A1%8C&sa=fyb_news&rsv_dl=fyb_news,https://fyb-2.cdn.bcebos.com/hotboard_image/4c0238416a4c6374bc2e65729c1dde63,百度热搜,实时热搜,realtime,hotlist,,2026-10-05 08:38:48
5,零跑汽车下线蔡康永全部内容,10月4日，“蔡康永现身台独分子竞选现场”话题登上热搜。零跑汽车发布声明，表明坚持一个中国原则，反对“台独”分裂言行。声明称蔡康永只是过往合作艺人，并非品牌代言人，现已下架其相关全部内容并保留追责权利，后续会强化合作方背景审核。,7520621,https://www.baidu.com/s?wd=%E9%9B%B6%E8%B7%91%E6%B1%BD%E8%BD%A6%E4%B8%8B%E7%BA%BF%E8%94%A1%E5%BA%B7%E6%B0%B8%E5%85%A8%E9%83%A8%E5%86%85%E5%AE%B9&sa=fyb_news&rsv_dl=fyb_news,https://fyb-2.cdn.bcebos.com/hotboard_image/15e4ddae12276e5fd87bb0dbd8fd498b,百度热搜,实时热搜,realtime,hotlist,,2026-10-05 08:38:48
6,西双版纳景区用象粪做文创：卖得不错,近日，多位网友发布视频称，在云南西双版纳野象谷景区发现了用大象粪便制作的文创产品，引发关注。工作人员介绍，之前象粪纸笔记本卖得不错。一些喜欢种花的游客，会购买象粪护花基质，产品具体售价需咨询现场工作人员。,7428439,https://www.baidu.com/s?wd=%E8%A5%BF%E5%8F%8C%E7%89%88%E7%BA%B3%E6%99%AF%E5%8C%BA%E7%94%A8%E8%B1%A1%E7%B2%AA%E5%81%9A%E6%96%87%E5%88%9B%EF%BC%9A%E5%8D%96%E5%BE%97%E4%B8%8D%E9%94%99&sa=fyb_news&rsv_dl=fyb_news,https://fyb-2.cdn.bcebos.com/hotboard_image/32a4a972cf043a90f12f36d231132ec4,百度热搜,实时热搜,realtime,hotlist,,2026-10-05 08:38:48
7,超10万份孕妇血样被偷运出境,国安部发布提醒，警惕个别境外组织以“医疗检测”为名非法采集我国人血样、窃取基因资源。此前，广州海关破获一起特大走私孕妇血样系列案。涉案团伙借无创胎儿性别鉴定等噱头，累计将超10万份孕妇血液样本走私出境。,7331042,https://www.baidu.com/s?wd=%E8%B6%8510%E4%B8%87%E4%BB%BD%E5%AD%95%E5%A6%87%E8%A1%80%E6%A0%B7%E8%A2%AB%E5%81%B7%E8%BF%90%E5%87%BA%E5%A2%83&sa=fyb_news&rsv_dl=fyb_news,https://fyb-2.cdn.bcebos.com/hotboard_image/f8f2fa9c9d87e9142333c535ab91ace1,百度热搜,实时热搜,realtime,hotlist,,2026-10-05 08:38:48
8,“八分饱”对新能源车有影响吗,国庆前三天高速新能源车充电量大幅增长，多地服务区推行充电至80%强制离场。国网专家表示，“八分饱”充电不会损伤电池，锂电池80%后充电速度大幅变慢。车主可通过小程序查桩、错峰充电，返程时段充电压力较大，充电时需留意车辆安全。,7233757,https://www.baidu.com/s?wd=%E2%80%9C%E5%85%AB%E5%88%86%E9%A5%B1%E2%80%9D%E5%AF%B9%E6%96%B0%E8%83%BD%E6%BA%90%E8%BD%A6%E6%9C%89%E5%BD%B1%E5%93%8D%E5%90%97&sa=fyb_news&rsv_dl=fyb_news,https://fyb-2.cdn.bcebos.com/hotboard_image/bb4c430e5cd4d643ab281635ae4caf6e,百度热搜,实时热搜,realtime,hotlist,,2026-10-05 08:38:48
9,葡萄牙2-1挪威‌‌ 4连胜提前出线,,7138169,https://www.baidu.com/s?wd=%E8%91%A1%E8%90%84%E7%89%992-1%E6%8C%AA%E5%A8%81%E2%80%8C%E2%80%8C+4%E8%BF%9E%E8%83%9C%E6%8F%90%E5%89%8D%E5%87%BA%E7%BA%BF&sa=fyb_news&rsv_dl=fyb_news,https://fyb-1.cdn.bcebos.com/fyb/de6163834f53ca92c1273fff98ac9078.jpeg,百度热搜,实时热搜,realtime,hotlist,,2026-10-05 08:38:48
10,一级市场风向变了,10月4日，高榕、五源、经纬等推进或完成数十亿元新基金募集，矿业、化工等传统实业资金频繁成为科技投资机构LP。实业资金对AI等硬科技关注度提高，希望借基金拓宽渠道并探索业务协同，一级市场出资人和资金流向正发生变化。,7040902,https://www.baidu.com/s?wd=%E4%B8%80%E7%BA%A7%E5%B8%82%E5%9C%BA%E9%A3%8E%E5%90%91%E5%8F%98%E4%BA%86&sa=fyb_news&rsv_dl=fyb_news,https://fyb-2.cdn.bcebos.com/hotboard_image/551faa327da11acae6a759bf6f977f6c,百度热搜,实时热搜,realtime,hotlist,,2026-10-05 08:38:48
11,十一游客流行“跳城游”,今年双节假期，“多城串游”热度持续上升。数据显示，通过飞机、高铁串联多城的游客同比增长14%，约两成游客住进“第二城”。其背后原因是立体交通网络不断完善，如9月28日京港高铁等四条高铁同步开通提升通达性。,6947390,https://www.baidu.com/s?wd=%E5%8D%81%E4%B8%80%E6%B8%B8%E5%AE%A2%E6%B5%81%E8%A1%8C%E2%80%9C%E8%B7%B3%E5%9F%8E%E6%B8%B8%E2%80%9D&sa=fyb_news&rsv_dl=fyb_news,https://fyb-2.cdn.bcebos.com/hotboard_image/c85241829d9f4ec3cbe6b5821a479329,百度热搜,实时热搜,realtime,hotlist,,2026-10-05 08:38:48
12,国庆出行警惕票务诈骗陷阱,国庆返程高峰将至，火车票、机票“一票难求”，假客服、低价代购、“候补妙招”等票务骗局卷土重来，警方提醒旅客通过官方渠道购票、警惕转账。,6854960,https://www.baidu.com/s?wd=%E5%9B%BD%E5%BA%86%E5%87%BA%E8%A1%8C%E8%AD%A6%E6%83%95%E7%A5%A8%E5%8A%A1%E8%AF%88%E9%AA%97%E9%99%B7%E9%98%B1&sa=fyb_news&rsv_dl=fyb_news,https://fyb-2.cdn.bcebos.com/hotboard_image/c3294f15e10f4ba5d8205662002f45dc,百度热搜,实时热搜,realtime,hotlist,,2026-10-05 08:38:48
13,蔡康永现身台独分子竞选会场,10月4日，知名主持人蔡康永现身‌中国台湾‌地区民进党籍参选人沈伯洋的竞选总部成立大会，引发舆论广泛关注与争议。,6762761,https://www.baidu.com/s?wd=%E8%94%A1%E5%BA%B7%E6%B0%B8%E7%8E%B0%E8%BA%AB%E5%8F%B0%E7%8B%AC%E5%88%86%E5%AD%90%E7%AB%9E%E9%80%89%E4%BC%9A%E5%9C%BA&sa=fyb_news&rsv_dl=fyb_news,https://fyb-2.cdn.bcebos.com/hotboard_image/38d1de571058a5c94ce511b335827cda,百度热搜,实时热搜,realtime,hotlist,,2026-10-05 08:38:48
14,年轻人国庆旅游偏爱“隐居山林”,晨起习练八段锦、静坐，入夜漫步山野，这般闲云野鹤的古意生活，在国庆出游热潮中悄然走红，成为年轻人追捧的新式度假方式。这类产品热度攀升，部分机构国庆团期节前就已报满。针对这股新兴度假风潮，记者采访专家，解读热潮背后的社会心态。,6656883,https://www.baidu.com/s?wd=%E5%B9%B4%E8%BD%BB%E4%BA%BA%E5%9B%BD%E5%BA%86%E6%97%85%E6%B8%B8%E5%81%8F%E7%88%B1%E2%80%9C%E9%9A%90%E5%B1%85%E5%B1%B1%E6%9E%97%E2%80%9D&sa=fyb_news&rsv_dl=fyb_news,https://fyb-2.cdn.bcebos.com/hotboard_image/c034a17e4f6fe9c6a54ef91b76d9ea43,百度热搜,实时热搜,realtime,hotlist,,2026-10-05 08:38:48
15,央视迎来新主播,近日，央视《新闻直播间》栏目迎来两位新主播许斌、程河源，两人先后出镜担任主播。,6570379,https://www.baidu.com/s?wd=%E5%A4%AE%E8%A7%86%E8%BF%8E%E6%9D%A5%E6%96%B0%E4%B8%BB%E6%92%AD&sa=fyb_news&rsv_dl=fyb_news,https://fyb-2.cdn.bcebos.com/hotboard_image/87fa41e6b03edf73648b23159a4a8c61,百度热搜,实时热搜,realtime,hotlist,,2026-10-05 08:38:48
16,格力技工学校开学 董明珠担任校长,10月4日，董明珠担任校长的珠海市格力技工学校迎来首届新生。这所全日制民办技校吸引超8000人报名，首日326名学生报到，六成来自省外，开设九大专业，机电一体化、制冷相关专业最热门。报到后将开展入学教育，董明珠会通过多种形式与学生交流，传递工匠精神。,6463417,https://www.baidu.com/s?wd=%E6%A0%BC%E5%8A%9B%E6%8A%80%E5%B7%A5%E5%AD%A6%E6%A0%A1%E5%BC%80%E5%AD%A6+%E8%91%A3%E6%98%8E%E7%8F%A0%E6%8B%85%E4%BB%BB%E6%A0%A1%E9%95%BF&sa=fyb_news&rsv_dl=fyb_news,https://fyb-2.cdn.bcebos.com/hotboard_image/fc056f118a7f65271789d048bc047011,百度热搜,实时热搜,realtime,hotlist,,2026-10-05 08:38:48
17,多名小孩用充电枪荡秋千 客服回应,近日，南宁多名小孩玩充电枪引发关注。针对此事，客服回应称严禁该行为，肯定不建议拿着去玩，并表示会让工作人员去处理，到现场查看有无相关防护措施。,6376344,https://www.baidu.com/s?wd=%E5%A4%9A%E5%90%8D%E5%B0%8F%E5%AD%A9%E7%94%A8%E5%85%85%E7%94%B5%E6%9E%AA%E8%8D%A1%E7%A7%8B%E5%8D%83+%E5%AE%A2%E6%9C%8D%E5%9B%9E%E5%BA%94&sa=fyb_news&rsv_dl=fyb_news,https://fyb-2.cdn.bcebos.com/hotboard_image/cfda685235ba293fb242ffb7493b92c2,百度热搜,实时热搜,realtime,hotlist,,2026-10-05 08:38:48
18,店还没开就有“差评”了,近日，拥有900多万粉丝的汽车博主韩路发文，其新开的烤串店尚未营业，美团、高德、大众点评上就出现多条编造消费经历的差评并冲上热搜。韩路质疑平台审核机制，高德已清理虚假评论并作出回应，美团、大众点评暂未公开回复，相关差评现已全部清除。,6287976,https://www.baidu.com/s?wd=%E5%BA%97%E8%BF%98%E6%B2%A1%E5%BC%80%E5%B0%B1%E6%9C%89%E2%80%9C%E5%B7%AE%E8%AF%84%E2%80%9D%E4%BA%86&sa=fyb_news&rsv_dl=fyb_news,https://fyb-2.cdn.bcebos.com/hotboard_image/f789364c8e4fc50f1fe001810560db7c,百度热搜,实时热搜,realtime,hotlist,,2026-10-05 08:38:48
19,耐克为何“失宠”,10月1日，耐克2027财年一季报出炉，总营收同比下滑4%，大中华区已连续九个季度负增长。此前5年耐克累计蒸发超2100亿美元。起因是年轻人对大牌祛魅及运动消费场景碎片化，加之产品迭代收窄、国货技术追平，致其在细分市场失去主场。,6180690,https://www.baidu.com/s?wd=%E8%80%90%E5%85%8B%E4%B8%BA%E4%BD%95%E2%80%9C%E5%A4%B1%E5%AE%A0%E2%80%9D&sa=fyb_news&rsv_dl=fyb_news,https://fyb-2.cdn.bcebos.com/hotboard_image/3353c4704ee564ad83870e8eec3c2978,百度热搜,实时热搜,realtime,hotlist,,2026-10-05 08:38:48
20,李昊：无所谓 反正他们踢不进,10月3日，在爱知·名古屋亚运会男足铜牌赛中，中国队点球击败乌兹别克斯坦队，时隔28年再获铜牌。比赛中，门将李昊贴有对手射门习惯的水瓶被对方扔上看台。李昊赛后表示“无所谓，反正他们踢不进”。,6086629,https://www.baidu.com/s?wd=%E6%9D%8E%E6%98%8A%EF%BC%9A%E6%97%A0%E6%89%80%E8%B0%93+%E5%8F%8D%E6%AD%A3%E4%BB%96%E4%BB%AC%E8%B8%A2%E4%B8%8D%E8%BF%9B&sa=fyb_news&rsv_dl=fyb_news,https://fyb-2.cdn.bcebos.com/hotboard_image/c682ab7986c51ecc4c19ae5b3eb9eaea,百度热搜,实时热搜,realtime,hotlist,,2026-10-05 08:38:48
21,“雪姨”王琳晒健身照：马甲线清晰,10月3日，演员王琳在社交平台发文晒图：保持的秘诀是自律。照片里其马甲线清晰、肌肉线条明显，网友直呼状态太好，差点没认出。,6001618,https://www.baidu.com/s?wd=%E2%80%9C%E9%9B%AA%E5%A7%A8%E2%80%9D%E7%8E%8B%E7%90%B3%E6%99%92%E5%81%A5%E8%BA%AB%E7%85%A7%EF%BC%9A%E9%A9%AC%E7%94%B2%E7%BA%BF%E6%B8%85%E6%99%B0&sa=fyb_news&rsv_dl=fyb_news,https://fyb-2.cdn.bcebos.com/hotboard_image/47e9c1f6c24d4325495068bcab2058d0,百度热搜,实时热搜,realtime,hotlist,,2026-10-05 08:38:48
22,杭州“现实版桃花源记”火了,4日下午，记者实地探访杭州突然走红的宝石山隧道。该隧道连接居民区与西湖断桥，步行2分钟即可走完，穿过幽暗通道后视野豁然开朗。此前，网友发帖推荐此秘境并赞其为“现实版桃花源记”。,5906825,https://www.baidu.com/s?wd=%E6%9D%AD%E5%B7%9E%E2%80%9C%E7%8E%B0%E5%AE%9E%E7%89%88%E6%A1%83%E8%8A%B1%E6%BA%90%E8%AE%B0%E2%80%9D%E7%81%AB%E4%BA%86&sa=fyb_news&rsv_dl=fyb_news,https://fyb-2.cdn.bcebos.com/hotboard_image/7142a85e510dddac084a7fdfc6d235fd,百度热搜,实时热搜,realtime,hotlist,,2026-10-05 08:38:48
23,康奈尔7人轮奸案震惊全美 细节披露,日前，美国康奈尔大学一兄弟会7名成员涉嫌下药并轮奸一名女生的案件，在全美范围内引发广泛关注。受害人今年9月起诉7人及校方未尽保护之责，9月底检方重启刑事调查。7名被告否认指控；10月3日校长回应，承诺聘外部律所审查。,5797510,https://www.baidu.com/s?wd=%E5%BA%B7%E5%A5%88%E5%B0%947%E4%BA%BA%E8%BD%AE%E5%A5%B8%E6%A1%88%E9%9C%87%E6%83%8A%E5%85%A8%E7%BE%8E+%E7%BB%86%E8%8A%82%E6%8A%AB%E9%9C%B2&sa=fyb_news&rsv_dl=fyb_news,https://fyb-2.cdn.bcebos.com/hotboard_image/7ca372362c106715d6af82da6edfcf2e,百度热搜,实时热搜,realtime,hotlist,,2026-10-05 08:38:48
24,高速拥堵女子憋尿被送进急诊,国庆高速拥堵，有女子途中憋尿被送急诊。不少女性为减少如厕刻意少喝水、长时间憋尿。西安医生称长假常接诊这类泌尿系不适患者，严重可引发急性肾盂肾炎。妊娠期、绝经女性风险更高，建议科学饮水，出现相关症状及时就医。,5705032,https://www.baidu.com/s?wd=%E9%AB%98%E9%80%9F%E6%8B%A5%E5%A0%B5%E5%A5%B3%E5%AD%90%E6%86%8B%E5%B0%BF%E8%A2%AB%E9%80%81%E8%BF%9B%E6%80%A5%E8%AF%8A&sa=fyb_news&rsv_dl=fyb_news,https://fyb-2.cdn.bcebos.com/hotboard_image/b340028212c1c43ed48d268bdf46773a,百度热搜,实时热搜,realtime,hotlist,,2026-10-05 08:38:48
25,永州站手动翻牌火了：一朝手搓天下知,10月4日，记者实地探访湖南永州站发现，此前因纯手动翻牌走红的检票显示屏已被更换为电子屏。近日，永州站因扩建采用人工翻牌作为临时过渡，相关视频走红网络。永州站曾辟谣屏幕被借走，目前手动装置已被电子屏取代。,5606100,https://www.baidu.com/s?wd=%E6%B0%B8%E5%B7%9E%E7%AB%99%E6%89%8B%E5%8A%A8%E7%BF%BB%E7%89%8C%E7%81%AB%E4%BA%86%EF%BC%9A%E4%B8%80%E6%9C%9D%E6%89%8B%E6%90%93%E5%A4%A9%E4%B8%8B%E7%9F%A5&sa=fyb_news&rsv_dl=fyb_news,https://fyb-2.cdn.bcebos.com/hotboard_image/b7974bc75cc7ebe52628e22c807ca983,百度热搜,实时热搜,realtime,hotlist,,2026-10-05 08:38:48
26,武汉地铁站“行李箱墙”范围又扩大,10月4日，为适配假期客流需求，武汉地铁全面扩容提质“行李友好”服务，在司门口黄鹤楼、江汉路等热门站点划定专属区域供游客集中存放行李，形成整齐“行李箱墙”。现场配有监控与人员巡查保障安全，让游客轻装畅游，获一致好评。,5520686,https://www.baidu.com/s?wd=%E6%AD%A6%E6%B1%89%E5%9C%B0%E9%93%81%E7%AB%99%E2%80%9C%E8%A1%8C%E6%9D%8E%E7%AE%B1%E5%A2%99%E2%80%9D%E8%8C%83%E5%9B%B4%E5%8F%88%E6%89%A9%E5%A4%A7&sa=fyb_news&rsv_dl=fyb_news,https://fyb-2.cdn.bcebos.com/hotboard_image/5f11b1f9e4c4b3387c2760f4906ae673,百度热搜,实时热搜,realtime,hotlist,,2026-10-05 08:38:48
27,莫氏鸡煲国庆又火了 全家都来帮忙,国庆假期，莫氏鸡煲再次火爆，吸引浙江、广州等地食客慕名前来品尝地道美食。药膳鸡煲与竹升面成为必点菜品，老莫亲自下场斩鸡，全家总动员帮忙。目前其养殖场已拓展至清远300亩及新兴约100亩，以保证食材质量。,5414123,https://www.baidu.com/s?wd=%E8%8E%AB%E6%B0%8F%E9%B8%A1%E7%85%B2%E5%9B%BD%E5%BA%86%E5%8F%88%E7%81%AB%E4%BA%86+%E5%85%A8%E5%AE%B6%E9%83%BD%E6%9D%A5%E5%B8%AE%E5%BF%99&sa=fyb_news&rsv_dl=fyb_news,https://fyb-2.cdn.bcebos.com/hotboard_image/d1812c0effe161b445b170beaf51ab75,百度热搜,实时热搜,realtime,hotlist,,2026-10-05 08:38:48
28,西安肉夹馍师傅已忙到3秒夹一个,国庆期间，西安一肉夹馍店生意火爆。师傅是河南濮阳人，因客流大增忙到3秒夹一个，手都被馍烫起泡。据其介绍，国庆客流量比平时多一倍，三秦套餐大概能卖两三千份，每天从6点半营业到晚上12点半。,5322610,https://www.baidu.com/s?wd=%E8%A5%BF%E5%AE%89%E8%82%89%E5%A4%B9%E9%A6%8D%E5%B8%88%E5%82%85%E5%B7%B2%E5%BF%99%E5%88%B03%E7%A7%92%E5%A4%B9%E4%B8%80%E4%B8%AA&sa=fyb_news&rsv_dl=fyb_news,https://fyb-2.cdn.bcebos.com/hotboard_image/6b02d95ab9b9cd588cbad558cddb7657,百度热搜,实时热搜,realtime,hotlist,,2026-10-05 08:38:48
29,摆酒未领证分手 18.8万彩礼判退10万,9月30日，中国裁判文书网公布一起彩礼纠纷案判决。黄某与焦某甲办婚礼未领证后分手，黄某索要18.8万彩礼及10万酒席钱，并质疑女儿非亲生。此前男方称女方骗婚，女方称男方隐瞒父亲瘫痪。广州中院认定双方均无过错，维持原判。,5221646,https://www.baidu.com/s?wd=%E6%91%86%E9%85%92%E6%9C%AA%E9%A2%86%E8%AF%81%E5%88%86%E6%89%8B+18.8%E4%B8%87%E5%BD%A9%E7%A4%BC%E5%88%A4%E9%80%8010%E4%B8%87&sa=fyb_news&rsv_dl=fyb_news,https://fyb-2.cdn.bcebos.com/hotboard_image/58b850f4c799c084b01df3738f0ffd9f,百度热搜,实时热搜,realtime,hotlist,,2026-10-05 08:38:48
30,两个孩子创作的这首歌 中国人都会唱,1971年10月1日，《我爱北京天安门》在中央人民广播电台播出并传遍中华大地。此前，1969年9月，十几岁的上海少年金果临因向往天安门创作该诗作，1970年发表。随后其堂姐金月苓谱曲使歌曲诞生。该曲至今已融入无数中国人的记忆。,5133257,https://www.baidu.com/s?wd=%E4%B8%A4%E4%B8%AA%E5%AD%A9%E5%AD%90%E5%88%9B%E4%BD%9C%E7%9A%84%E8%BF%99%E9%A6%96%E6%AD%8C+%E4%B8%AD%E5%9B%BD%E4%BA%BA%E9%83%BD%E4%BC%9A%E5%94%B1&sa=fyb_news&rsv_dl=fyb_news,https://fyb-2.cdn.bcebos.com/hotboard_image/83178e3e1d2faa2c2b3f0a2b10f4f57d,百度热搜,实时热搜,realtime,hotlist,,2026-10-05 08:38:48
31,13岁于子迪当选亚运女子MVP,10月4日，2026年亚运会最有价值运动员出炉：13岁于子迪当选亚运女子MVP。她在本届亚运会收获3金，是中国代表团最年轻的三金得主。,5035706,https://www.baidu.com/s?wd=13%E5%B2%81%E4%BA%8E%E5%AD%90%E8%BF%AA%E5%BD%93%E9%80%89%E4%BA%9A%E8%BF%90%E5%A5%B3%E5%AD%90MVP&sa=fyb_news&rsv_dl=fyb_news,https://fyb-2.cdn.bcebos.com/hotboard_image/c7c2f2def6bffa2661a2777dcaf92aab,百度热搜,实时热搜,realtime,hotlist,,2026-10-05 08:38:48
32,河南万岁山只见人不见“山”,国庆假期，河南开封万岁山武侠城客流爆棚，网友直呼“只见人不见山”，景区已连续4日发布限流公告。,4939266,https://www.baidu.com/s?wd=%E6%B2%B3%E5%8D%97%E4%B8%87%E5%B2%81%E5%B1%B1%E5%8F%AA%E8%A7%81%E4%BA%BA%E4%B8%8D%E8%A7%81%E2%80%9C%E5%B1%B1%E2%80%9D&sa=fyb_news&rsv_dl=fyb_news,https://fyb-2.cdn.bcebos.com/hotboard_image/b8bad49902b331e9448be9139f62394a,百度热搜,实时热搜,realtime,hotlist,,2026-10-05 08:38:48
33,日本197人专案组连夜抓捕驻日美士兵,10月4日，日本冲绳县警方以涉嫌抢劫杀人罪逮捕一名20岁驻日美军上等兵。此前10月3日凌晨，那霸市一酒店发生39岁日本女性遇害案。当地警方成立197人专案组，依监控锁定特征于3日深夜在冲绳市娱乐区将其抓获。,4849437,https://www.baidu.com/s?wd=%E6%97%A5%E6%9C%AC197%E4%BA%BA%E4%B8%93%E6%A1%88%E7%BB%84%E8%BF%9E%E5%A4%9C%E6%8A%93%E6%8D%95%E9%A9%BB%E6%97%A5%E7%BE%8E%E5%A3%AB%E5%85%B5&sa=fyb_news&rsv_dl=fyb_news,https://fyb-2.cdn.bcebos.com/hotboard_image/e50c4cfd165a54cacb088c2552286032,百度热搜,实时热搜,realtime,hotlist,,2026-10-05 08:38:48
34,赵心童吴宜泽世界排名前二,10月4日晚，斯诺克深圳公开赛收官，吴宜泽10-5击败袁思俊获得本人赛季首冠，赛后世界排名更新，吴宜泽超过特鲁姆普升至第二，而赵心童依旧排名世界第一。,4751515,https://www.baidu.com/s?wd=%E8%B5%B5%E5%BF%83%E7%AB%A5%E5%90%B4%E5%AE%9C%E6%B3%BD%E4%B8%96%E7%95%8C%E6%8E%92%E5%90%8D%E5%89%8D%E4%BA%8C&sa=fyb_news&rsv_dl=fyb_news,https://fyb-2.cdn.bcebos.com/hotboard_image/27f30f3d8875d21208000b7a557e4428,百度热搜,实时热搜,realtime,hotlist,,2026-10-05 08:38:48
35,药师科普中药养生误区,,4647203,https://www.baidu.com/s?wd=%E8%8D%AF%E5%B8%88%E7%A7%91%E6%99%AE%E4%B8%AD%E8%8D%AF%E5%85%BB%E7%94%9F%E8%AF%AF%E5%8C%BA++++&sa=fyb_news&rsv_dl=fyb_news,https://fyb-1.cdn.bcebos.com/fyb/de6163834f53ca92c1273fff98ac9078.jpeg,百度热搜,实时热搜,realtime,hotlist,,2026-10-05 08:38:48
36,央视主持人上课太生动了,,4557461,https://www.baidu.com/s?wd=%E5%A4%AE%E8%A7%86%E4%B8%BB%E6%8C%81%E4%BA%BA%E4%B8%8A%E8%AF%BE%E5%A4%AA%E7%94%9F%E5%8A%A8%E4%BA%86&sa=fyb_news&rsv_dl=fyb_news,https://fyb-1.cdn.bcebos.com/fyb/de6163834f53ca92c1273fff98ac9078.jpeg,百度热搜,实时热搜,realtime,hotlist,,2026-10-05 08:38:48
37,吴奇隆称“不拍戏了”,9月28日，演员吴奇隆在社交平台发布短视频，涵盖《步步惊心》等经典作品及小虎队金曲，戴老花镜自嘲看不清弹幕。此前，他在评论区被网友追问不出新剧时，直接回复“不拍戏了”。吴奇隆还透露将举办演唱会。,4467047,https://www.baidu.com/s?wd=%E5%90%B4%E5%A5%87%E9%9A%86%E7%A7%B0%E2%80%9C%E4%B8%8D%E6%8B%8D%E6%88%8F%E4%BA%86%E2%80%9D&sa=fyb_news&rsv_dl=fyb_news,https://fyb-2.cdn.bcebos.com/hotboard_image/a254bbc7ca331a1344b4349417f56b18,百度热搜,实时热搜,realtime,hotlist,,2026-10-05 08:38:48
38,白岩松谈严子怡夺冠,,4352484,https://www.baidu.com/s?wd=%E7%99%BD%E5%B2%A9%E6%9D%BE%E8%B0%88%E4%B8%A5%E5%AD%90%E6%80%A1%E5%A4%BA%E5%86%A0&sa=fyb_news&rsv_dl=fyb_news,https://fyb-1.cdn.bcebos.com/fyb/de6163834f53ca92c1273fff98ac9078.jpeg,百度热搜,实时热搜,realtime,hotlist,,2026-10-05 08:38:48
39,飞行员霸气应对外机抵近：我就是界碑,,4279799,https://www.baidu.com/s?wd=%E9%A3%9E%E8%A1%8C%E5%91%98%E9%9C%B8%E6%B0%94%E5%BA%94%E5%AF%B9%E5%A4%96%E6%9C%BA%E6%8A%B5%E8%BF%91%EF%BC%9A%E6%88%91%E5%B0%B1%E6%98%AF%E7%95%8C%E7%A2%91&sa=fyb_news&rsv_dl=fyb_news,https://fyb-1.cdn.bcebos.com/fyb/de6163834f53ca92c1273fff98ac9078.jpeg,百度热搜,实时热搜,realtime,hotlist,,2026-10-05 08:38:48
40,雷军一口气刷完7期民间拆车视频,10月4日消息，雷军完整看完7期民间拆车视频并在社交平台公开强烈推荐。雷军评价博主“老章说车”对量产版小米汽车的拆解深入浅出，并欢迎同行交流。,4161876,https://www.baidu.com/s?wd=%E9%9B%B7%E5%86%9B%E4%B8%80%E5%8F%A3%E6%B0%94%E5%88%B7%E5%AE%8C7%E6%9C%9F%E6%B0%91%E9%97%B4%E6%8B%86%E8%BD%A6%E8%A7%86%E9%A2%91&sa=fyb_news&rsv_dl=fyb_news,https://fyb-2.cdn.bcebos.com/hotboard_image/5dd318561fa8a638c84bb40bde379705,百度热搜,实时热搜,realtime,hotlist,,2026-10-05 08:38:48
41,迪拜航空袭击者系“独狼式”作案,4日报道，以色列初步调查显示，9月30日迪拜航空客机遭袭事件中，29岁阿曼籍副驾驶系“独狼式”作案，原计划杀机长并驾机撞向特拉维夫摩天大楼。,4073451,https://www.baidu.com/s?wd=%E8%BF%AA%E6%8B%9C%E8%88%AA%E7%A9%BA%E8%A2%AD%E5%87%BB%E8%80%85%E7%B3%BB%E2%80%9C%E7%8B%AC%E7%8B%BC%E5%BC%8F%E2%80%9D%E4%BD%9C%E6%A1%88&sa=fyb_news&rsv_dl=fyb_news,https://fyb-2.cdn.bcebos.com/hotboard_image/b6ed4ad71ae0e1e86e1bf4a7c52f42aa,百度热搜,实时热搜,realtime,hotlist,,2026-10-05 08:38:48
42,鸠山由纪夫：应该让驻日美军撤走,日本冲绳县警方10月4日逮捕了一名驻冲绳美国士兵，此人涉嫌在冲绳一家酒店抢劫并杀害一名当地女性。日本前首相鸠山由纪夫呼吁让美军撤走。,3975228,https://www.baidu.com/s?wd=%E9%B8%A0%E5%B1%B1%E7%94%B1%E7%BA%AA%E5%A4%AB%EF%BC%9A%E5%BA%94%E8%AF%A5%E8%AE%A9%E9%A9%BB%E6%97%A5%E7%BE%8E%E5%86%9B%E6%92%A4%E8%B5%B0&sa=fyb_news&rsv_dl=fyb_news,https://fyb-2.cdn.bcebos.com/hotboard_image/cd332f7a1612d798f5be68b91cbb9116,百度热搜,实时热搜,realtime,hotlist,,2026-10-05 08:38:48
43,国庆档票房破6亿 你最想看哪一部,2026年10月1日至7日国庆档期间，全国院线总票房（含预售）突破6亿元。《神探之痕迹》《什么意思夫妇》《欢迎来龙餐馆》暂列档期票房榜前三。今年国庆档影片题材多元，涵盖合家欢、动画、悬疑等类型，合家欢影片成为观影亮点。,3882990,https://www.baidu.com/s?wd=%E5%9B%BD%E5%BA%86%E6%A1%A3%E7%A5%A8%E6%88%BF%E7%A0%B46%E4%BA%BF+%E4%BD%A0%E6%9C%80%E6%83%B3%E7%9C%8B%E5%93%AA%E4%B8%80%E9%83%A8&sa=fyb_news&rsv_dl=fyb_news,https://fyb-2.cdn.bcebos.com/hotboard_image/15e88ce5a06ba6ce6b084e8beaa708bc,百度热搜,实时热搜,realtime,hotlist,,2026-10-05 08:38:48
44,日本民众举行集会 抗议驻日美军暴行,,3777667,https://www.baidu.com/s?wd=%E6%97%A5%E6%9C%AC%E6%B0%91%E4%BC%97%E4%B8%BE%E8%A1%8C%E9%9B%86%E4%BC%9A+%E6%8A%97%E8%AE%AE%E9%A9%BB%E6%97%A5%E7%BE%8E%E5%86%9B%E6%9A%B4%E8%A1%8C&sa=fyb_news&rsv_dl=fyb_news,https://fyb-1.cdn.bcebos.com/fyb/de6163834f53ca92c1273fff98ac9078.jpeg,百度热搜,实时热搜,realtime,hotlist,,2026-10-05 08:38:48
45,安东尼奥：这一代很有机会打进世界杯,U23国足在名古屋亚运会点球击败乌兹别克斯坦，时隔28年斩获铜牌。主帅安东尼奥接受专访，回顾执教经历，称赞这批球员优秀，认为这一代球员有很大机会冲击世界杯。他介绍球队攻防打磨思路，并对即将告别青少年赛事的弟子表达肯定。,3710756,https://www.baidu.com/s?wd=%E5%AE%89%E4%B8%9C%E5%B0%BC%E5%A5%A5%EF%BC%9A%E8%BF%99%E4%B8%80%E4%BB%A3%E5%BE%88%E6%9C%89%E6%9C%BA%E4%BC%9A%E6%89%93%E8%BF%9B%E4%B8%96%E7%95%8C%E6%9D%AF&sa=fyb_news&rsv_dl=fyb_news,https://fyb-2.cdn.bcebos.com/hotboard_image/6938341b07aa752d2f8787f96678a5da,百度热搜,实时热搜,realtime,hotlist,,2026-10-05 08:38:48
46,浙江亚运35金列全国第一,浙江省体育局就浙江亚运代表团获35金、金牌贡献率全国第一作出回应。体育局表示，浙江构建了完整的选拔体系，发掘培养体育后备力量。人才从校运会中被发掘，形成了发现、培养、输送、为国争光的完整闭环体系，教练员的坚守也为优异成绩奠定基础。,3609203,https://www.baidu.com/s?wd=%E6%B5%99%E6%B1%9F%E4%BA%9A%E8%BF%9035%E9%87%91%E5%88%97%E5%85%A8%E5%9B%BD%E7%AC%AC%E4%B8%80&sa=fyb_news&rsv_dl=fyb_news,https://fyb-2.cdn.bcebos.com/hotboard_image/794d966acd5187fc6dfeb5eab4392c19,百度热搜,实时热搜,realtime,hotlist,,2026-10-05 08:38:48
47,小罗伯特唐尼晒《复联5》海报,10月4日，小罗伯特唐尼在社交平台晒出《复联5：毁灭之日》最新海报，宣布回归饰演头号反派毁灭博士。此前他在《复联4》中饰演钢铁侠并牺牲，被指告别漫威。该片北美定档12月18日上映，内地已过审但未定档。,3500342,https://www.baidu.com/s?wd=%E5%B0%8F%E7%BD%97%E4%BC%AF%E7%89%B9%E5%94%90%E5%B0%BC%E6%99%92%E3%80%8A%E5%A4%8D%E8%81%945%E3%80%8B%E6%B5%B7%E6%8A%A5&sa=fyb_news&rsv_dl=fyb_news,https://fyb-2.cdn.bcebos.com/hotboard_image/f7cf33329d61232134809fbc4290d101,百度热搜,实时热搜,realtime,hotlist,,2026-10-05 08:38:48
48,第20届亚运会完整奖牌榜,10月4日，第20届亚运会在日本名古屋闭幕。第20届亚运会完整奖牌榜：中国代表团获169金89银83铜，位列金牌榜与奖牌榜首位，创境外参赛最佳战绩。,3433956,https://www.baidu.com/s?wd=%E7%AC%AC20%E5%B1%8A%E4%BA%9A%E8%BF%90%E4%BC%9A%E5%AE%8C%E6%95%B4%E5%A5%96%E7%89%8C%E6%A6%9C&sa=fyb_news&rsv_dl=fyb_news,https://fyb-2.cdn.bcebos.com/hotboard_image/d42a43bede60d4e00946bce24892007c,百度热搜,实时热搜,realtime,hotlist,,2026-10-05 08:38:48
49,小兴安岭秋天氛围感拉满,,3295835,https://www.baidu.com/s?wd=%E5%B0%8F%E5%85%B4%E5%AE%89%E5%B2%AD%E7%A7%8B%E5%A4%A9%E6%B0%9B%E5%9B%B4%E6%84%9F%E6%8B%89%E6%BB%A1&sa=fyb_news&rsv_dl=fyb_news,https://fyb-1.cdn.bcebos.com/fyb/de6163834f53ca92c1273fff98ac9078.jpeg,百度热搜,实时热搜,realtime,hotlist,,2026-10-05 08:38:48
50,王艺迪称还能打10局,,3228130,https://www.baidu.com/s?wd=%E7%8E%8B%E8%89%BA%E8%BF%AA%E7%A7%B0%E8%BF%98%E8%83%BD%E6%89%9310%E5%B1%80&sa=fyb_news&rsv_dl=fyb_news,https://fyb-1.cdn.bcebos.com/fyb/de6163834f53ca92c1273fff98ac9078.jpeg,百度热搜,实时热搜,realtime,hotlist,,2026-10-05 08:38:48
1,因为国 所以潮,习近平总书记指出：“文化自信是更基本、更深沉、更持久的力量”。今天，古韵国风成为年轻人眼中的“顶流审美”，传统文化与现代生活相融相通，国风浩荡，国潮奔涌。为何国潮？答案炽热滚烫：因为国，所以潮。,7904514,https://www.baidu.com/s?wd=%E5%9B%A0%E4%B8%BA%E5%9B%BD+%E6%89%80%E4%BB%A5%E6%BD%AE&sa=fyb_news&rsv_dl=fyb_news,https://fyb-2.cdn.bcebos.com/hotboard_image/459767bb0c31e801caa7939b4610271d,百度热搜,实时热搜,realtime,hotlist,,2026-10-05 10:29:20
2,民进党用高压水炮对大陆渔船喷射90秒,10月1日，台海巡署“云林”舰在东沙岛以东约27海里处，向未及时撤离的大陆“金沙号”渔船驾驶舱喷射高压水炮约90秒，致渔船动力受损、船员被困。,7809715,https://www.baidu.com/s?wd=%E6%B0%91%E8%BF%9B%E5%85%9A%E7%94%A8%E9%AB%98%E5%8E%8B%E6%B0%B4%E7%82%AE%E5%AF%B9%E5%A4%A7%E9%99%86%E6%B8%94%E8%88%B9%E5%96%B7%E5%B0%8490%E7%A7%92&sa=fyb_news&rsv_dl=fyb_news,https://fyb-2.cdn.bcebos.com/hotboard_image/eee7a110cd07bc82c2ebfa6ab5bd0835,百度热搜,实时热搜,realtime,hotlist,,2026-10-05 10:29:20
3,店还没开就有“差评”了,近日，拥有900多万粉丝的汽车博主韩路发文，其新开的烤串店尚未营业，美团、高德、大众点评上就出现多条编造消费经历的差评并冲上热搜。韩路质疑平台审核机制，高德已清理虚假评论并作出回应，美团、大众点评暂未公开回复，相关差评现已全部清除。,7714520,https://www.baidu.com/s?wd=%E5%BA%97%E8%BF%98%E6%B2%A1%E5%BC%80%E5%B0%B1%E6%9C%89%E2%80%9C%E5%B7%AE%E8%AF%84%E2%80%9D%E4%BA%86&sa=fyb_news&rsv_dl=fyb_news,https://fyb-2.cdn.bcebos.com/hotboard_image/f789364c8e4fc50f1fe001810560db7c,百度热搜,实时热搜,realtime,hotlist,,2026-10-05 10:29:20
4,六张“超级大网” 如何编织,提到中国基建，很多人脑海里浮现的是高铁、大桥、超级港口。但其实，中国基建的“打开方式”早就升级了。当前，国家正在编织一套超级新基建体系——“六张网”。,7619576,https://www.baidu.com/s?wd=%E5%85%AD%E5%BC%A0%E2%80%9C%E8%B6%85%E7%BA%A7%E5%A4%A7%E7%BD%91%E2%80%9D+%E5%A6%82%E4%BD%95%E7%BC%96%E7%BB%87&sa=fyb_news&rsv_dl=fyb_news,https://fyb-2.cdn.bcebos.com/hotboard_image/16910f046580c4af112a049b93077bf8,百度热搜,实时热搜,realtime,hotlist,,2026-10-05 10:29:20
5,零跑汽车下线蔡康永全部内容,10月4日，“蔡康永现身台独分子竞选现场”话题登上热搜。零跑汽车发布声明，表明坚持一个中国原则，反对“台独”分裂言行。声明称蔡康永只是过往合作艺人，并非品牌代言人，现已下架其相关全部内容并保留追责权利，后续会强化合作方背景审核。,7522109,https://www.baidu.com/s?wd=%E9%9B%B6%E8%B7%91%E6%B1%BD%E8%BD%A6%E4%B8%8B%E7%BA%BF%E8%94%A1%E5%BA%B7%E6%B0%B8%E5%85%A8%E9%83%A8%E5%86%85%E5%AE%B9&sa=fyb_news&rsv_dl=fyb_news,https://fyb-2.cdn.bcebos.com/hotboard_image/15e4ddae12276e5fd87bb0dbd8fd498b,百度热搜,实时热搜,realtime,hotlist,,2026-10-05 10:29:20
6,央媒曝光外卖“明厨亮灶”造假,10月4日，市场监管总局迅速部署多地核查处置央媒曝光的外卖“明厨亮灶”造假等问题。当日，武汉市监局对曝光商户立案调查并督促下架；丽江市对涉事门店停业整顿并立案调查，开展集中整治。此前，央视曝光多地外卖商户监控刻意避开后厨核心区，后厨脏乱差甚至有老鼠出没。,7425874,https://www.baidu.com/s?wd=%E5%A4%AE%E5%AA%92%E6%9B%9D%E5%85%89%E5%A4%96%E5%8D%96%E2%80%9C%E6%98%8E%E5%8E%A8%E4%BA%AE%E7%81%B6%E2%80%9D%E9%80%A0%E5%81%87&sa=fyb_news&rsv_dl=fyb_news,https://fyb-2.cdn.bcebos.com/hotboard_image/6f3bc42ee4913b5fcce06f1ab1e1265f,百度热搜,实时热搜,realtime,hotlist,,2026-10-05 10:29:20
7,央视主持人上课太生动了,近日，新一期《你好时光》节目中，嘉宾们来到青海德尼小学为孩子们上课。撒贝宁、尼格买提等央视主持人带来电影、音乐、科学实验及美术课程。他们因材施教，将专业知识与趣味实验结合，让孩子们真听真做真感受。网友感叹央视主持人不仅专业过人，上起课来也极具风格，教育艺术拉满。,7329551,https://www.baidu.com/s?wd=%E5%A4%AE%E8%A7%86%E4%B8%BB%E6%8C%81%E4%BA%BA%E4%B8%8A%E8%AF%BE%E5%A4%AA%E7%94%9F%E5%8A%A8%E4%BA%86&sa=fyb_news&rsv_dl=fyb_news,https://fyb-2.cdn.bcebos.com/hotboard_image/7f7cb52340ad1ca8d389a1f8db9a3d4b,百度热搜,实时热搜,realtime,hotlist,,2026-10-05 10:29:20
8,河南爆火景区要IPO了,近期，开封清明上河园递交港交所上市申请，有望成为河南文旅第一股。该景区依托宋文化实景演艺，客流旺盛，但营收高度依赖门票与演出，近年利润承压。本次募资用于园区扩建、新剧打造等，试图突破单一门票经济，与开封万岁山形成差异化竞争。,7237930,https://www.baidu.com/s?wd=%E6%B2%B3%E5%8D%97%E7%88%86%E7%81%AB%E6%99%AF%E5%8C%BA%E8%A6%81IPO%E4%BA%86&sa=fyb_news&rsv_dl=fyb_news,https://fyb-2.cdn.bcebos.com/hotboard_image/2768619b4ab41b81aca7a0fab34eeebb,百度热搜,实时热搜,realtime,hotlist,,2026-10-05 10:29:20
9,李昊：无所谓 反正他们踢不进,10月3日，在爱知·名古屋亚运会男足铜牌赛中，中国队点球击败乌兹别克斯坦队，时隔28年再获铜牌。比赛中，门将李昊贴有对手射门习惯的水瓶被对方扔上看台。李昊赛后表示“无所谓，反正他们踢不进”。,7143139,https://www.baidu.com/s?wd=%E6%9D%8E%E6%98%8A%EF%BC%9A%E6%97%A0%E6%89%80%E8%B0%93+%E5%8F%8D%E6%AD%A3%E4%BB%96%E4%BB%AC%E8%B8%A2%E4%B8%8D%E8%BF%9B&sa=fyb_news&rsv_dl=fyb_news,https://fyb-2.cdn.bcebos.com/hotboard_image/c682ab7986c51ecc4c19ae5b3eb9eaea,百度热搜,实时热搜,realtime,hotlist,,2026-10-05 10:29:20
10,杭州“现实版桃花源记”火了,4日下午，记者实地探访杭州突然走红的宝石山隧道。该隧道连接居民区与西湖断桥，步行2分钟即可走完，穿过幽暗通道后视野豁然开朗。此前，网友发帖推荐此秘境并赞其为“现实版桃花源记”。,7039887,https://www.baidu.com/s?wd=%E6%9D%AD%E5%B7%9E%E2%80%9C%E7%8E%B0%E5%AE%9E%E7%89%88%E6%A1%83%E8%8A%B1%E6%BA%90%E8%AE%B0%E2%80%9D%E7%81%AB%E4%BA%86&sa=fyb_news&rsv_dl=fyb_news,https://fyb-2.cdn.bcebos.com/hotboard_image/7142a85e510dddac084a7fdfc6d235fd,百度热搜,实时热搜,realtime,hotlist,,2026-10-05 10:29:20
11,超10万份孕妇血样被偷运出境,国安部发布提醒，警惕个别境外组织以“医疗检测”为名非法采集我国人血样、窃取基因资源。此前，广州海关破获一起特大走私孕妇血样系列案。涉案团伙借无创胎儿性别鉴定等噱头，累计将超10万份孕妇血液样本走私出境。,6947144,https://www.baidu.com/s?wd=%E8%B6%8510%E4%B8%87%E4%BB%BD%E5%AD%95%E5%A6%87%E8%A1%80%E6%A0%B7%E8%A2%AB%E5%81%B7%E8%BF%90%E5%87%BA%E5%A2%83&sa=fyb_news&rsv_dl=fyb_news,https://fyb-2.cdn.bcebos.com/hotboard_image/f8f2fa9c9d87e9142333c535ab91ace1,百度热搜,实时热搜,realtime,hotlist,,2026-10-05 10:29:20
12,国庆出行警惕票务诈骗陷阱,国庆返程高峰将至，火车票、机票“一票难求”，假客服、低价代购、“候补妙招”等票务骗局卷土重来，警方提醒旅客通过官方渠道购票、警惕转账。,6858317,https://www.baidu.com/s?wd=%E5%9B%BD%E5%BA%86%E5%87%BA%E8%A1%8C%E8%AD%A6%E6%83%95%E7%A5%A8%E5%8A%A1%E8%AF%88%E9%AA%97%E9%99%B7%E9%98%B1&sa=fyb_news&rsv_dl=fyb_news,https://fyb-2.cdn.bcebos.com/hotboard_image/c3294f15e10f4ba5d8205662002f45dc,百度热搜,实时热搜,realtime,hotlist,,2026-10-05 10:29:20
13,蔡康永现身台独分子竞选会场,10月4日，知名主持人蔡康永现身‌中国台湾‌地区民进党籍参选人沈伯洋的竞选总部成立大会，引发舆论广泛关注与争议。,6761755,https://www.baidu.com/s?wd=%E8%94%A1%E5%BA%B7%E6%B0%B8%E7%8E%B0%E8%BA%AB%E5%8F%B0%E7%8B%AC%E5%88%86%E5%AD%90%E7%AB%9E%E9%80%89%E4%BC%9A%E5%9C%BA&sa=fyb_news&rsv_dl=fyb_news,https://fyb-2.cdn.bcebos.com/hotboard_image/3089da88c483160f92873646e17b14e7,百度热搜,实时热搜,realtime,hotlist,,2026-10-05 10:29:20
14,75岁王石要再造一个“万科”吗,9月28日，深圳深石城市更新有限公司完成注册，75岁的王石出任董事长。新公司未含房地产开发经营，瞄准城市存量资产的改造盘活与运营赛道。,6660923,https://www.baidu.com/s?wd=75%E5%B2%81%E7%8E%8B%E7%9F%B3%E8%A6%81%E5%86%8D%E9%80%A0%E4%B8%80%E4%B8%AA%E2%80%9C%E4%B8%87%E7%A7%91%E2%80%9D%E5%90%97&sa=fyb_news&rsv_dl=fyb_news,https://fyb-2.cdn.bcebos.com/hotboard_image/be6ff0430bf1eaaead30c62c5a0a5cf0,百度热搜,实时热搜,realtime,hotlist,,2026-10-05 10:29:20
15,多名小孩用充电枪荡秋千 客服回应,近日，南宁多名小孩玩充电枪引发关注。针对此事，客服回应称严禁该行为，肯定不建议拿着去玩，并表示会让工作人员去处理，到现场查看有无相关防护措施。,6562356,https://www.baidu.com/s?wd=%E5%A4%9A%E5%90%8D%E5%B0%8F%E5%AD%A9%E7%94%A8%E5%85%85%E7%94%B5%E6%9E%AA%E8%8D%A1%E7%A7%8B%E5%8D%83+%E5%AE%A2%E6%9C%8D%E5%9B%9E%E5%BA%94&sa=fyb_news&rsv_dl=fyb_news,https://fyb-2.cdn.bcebos.com/hotboard_image/cfda685235ba293fb242ffb7493b92c2,百度热搜,实时热搜,realtime,hotlist,,2026-10-05 10:29:20
16,陈飞宇演反派吓到自己和父母,近日，电影《神探之痕迹》在长沙路演，张译、马丽、陈飞宇等出席。活动中，张译与马丽盛赞陈飞宇演技“太炸裂了”。陈飞宇透露，其父母陈凯歌与陈红去影院观影时，也被其反派造型吓到。,6472036,https://www.baidu.com/s?wd=%E9%99%88%E9%A3%9E%E5%AE%87%E6%BC%94%E5%8F%8D%E6%B4%BE%E5%90%93%E5%88%B0%E8%87%AA%E5%B7%B1%E5%92%8C%E7%88%B6%E6%AF%8D&sa=fyb_news&rsv_dl=fyb_news,https://fyb-2.cdn.bcebos.com/hotboard_image/61badab0787d3b0162116fe49e9958fb,百度热搜,实时热搜,realtime,hotlist,,2026-10-05 10:29:20
17,官方通报“阿尔山景区200一晚酒店”,10月4日，阿尔山市市场监督管理局通报“二百一晚大酒店”视频核查情况。经查，该地为居民自有住宅，当事人未办执照私自提供住宿，构成无照经营，已被责令停业。通报称，入住系随团司机因无房被推荐入住，协商100元/人/晚并提供免费餐食，未发现价格欺诈。,6379997,https://www.baidu.com/s?wd=%E5%AE%98%E6%96%B9%E9%80%9A%E6%8A%A5%E2%80%9C%E9%98%BF%E5%B0%94%E5%B1%B1%E6%99%AF%E5%8C%BA200%E4%B8%80%E6%99%9A%E9%85%92%E5%BA%97%E2%80%9D&sa=fyb_news&rsv_dl=fyb_news,https://fyb-2.cdn.bcebos.com/hotboard_image/d5d0db1e2fbdf93a292f67dc0ac85e30,百度热搜,实时热搜,realtime,hotlist,,2026-10-05 10:29:20
18,“国民辣酱”老干妈也用上AI,国民辣酱老干妈斩获贵州省省长质量奖，2025年上线AI视觉质检系统，实现原料全溯源，不良率大幅下降，当年营收54亿元创历史新高。企业曾因二代接班换辣椒遭遇口碑业绩危机，陶华碧回归救场，如今营收增速放缓，面临行业竞争加剧等挑战。,6274869,https://www.baidu.com/s?wd=%E2%80%9C%E5%9B%BD%E6%B0%91%E8%BE%A3%E9%85%B1%E2%80%9D%E8%80%81%E5%B9%B2%E5%A6%88%E4%B9%9F%E7%94%A8%E4%B8%8AAI&sa=fyb_news&rsv_dl=fyb_news,https://fyb-2.cdn.bcebos.com/hotboard_image/480dd41df68bd29a89432bd98a96794c,百度热搜,实时热搜,realtime,hotlist,,2026-10-05 10:29:20
19,日本罕见1天3次强烈抗议美国,近日，日本罕见在一天内3次向美国提出强烈抗议，针对驻冲绳美军在酒店劫杀日本女子事件。日本防卫省、外务省等相继表态，要求美军整顿军纪并配合调查。,6191291,https://www.baidu.com/s?wd=%E6%97%A5%E6%9C%AC%E7%BD%95%E8%A7%811%E5%A4%A93%E6%AC%A1%E5%BC%BA%E7%83%88%E6%8A%97%E8%AE%AE%E7%BE%8E%E5%9B%BD&sa=fyb_news&rsv_dl=fyb_news,https://fyb-2.cdn.bcebos.com/hotboard_image/bbb0edf87ef52f58e58b3f243bd2f3c3,百度热搜,实时热搜,realtime,hotlist,,2026-10-05 10:29:20
20,德总理会见泽连斯基 现场响起爆炸声,10月4日，德国总理默茨在基辅会见乌克兰总统泽连斯基，承诺支持乌克兰并敦促俄罗斯停止不断升级的袭击。与此同时，基辅响起了空袭警报和爆炸声。,6094464,https://www.baidu.com/s?wd=%E5%BE%B7%E6%80%BB%E7%90%86%E4%BC%9A%E8%A7%81%E6%B3%BD%E8%BF%9E%E6%96%AF%E5%9F%BA+%E7%8E%B0%E5%9C%BA%E5%93%8D%E8%B5%B7%E7%88%86%E7%82%B8%E5%A3%B0&sa=fyb_news&rsv_dl=fyb_news,https://fyb-2.cdn.bcebos.com/hotboard_image/da6983c4dbe6009f6d532561ac15e95f,百度热搜,实时热搜,realtime,hotlist,,2026-10-05 10:29:20
21,央视迎来新主播,近日，央视《新闻直播间》栏目迎来两位新主播许斌、程河源，两人先后出镜担任主播。,5985143,https://www.baidu.com/s?wd=%E5%A4%AE%E8%A7%86%E8%BF%8E%E6%9D%A5%E6%96%B0%E4%B8%BB%E6%92%AD&sa=fyb_news&rsv_dl=fyb_news,https://fyb-2.cdn.bcebos.com/hotboard_image/87fa41e6b03edf73648b23159a4a8c61,百度热搜,实时热搜,realtime,hotlist,,2026-10-05 10:29:20
22,杭州商K大面积关停,近日，杭州天际线、iN11等高端商K因专项整顿被大面积关停，部分营业执照被吊销，行业一夜清零。此前，包厢内发生猥亵案致人员被刑拘、公职人员被免职，突破监管底线引发此次整顿。主打隐秘奢华商务社交的商K曾以高价酒及分等级“演员”服务为卖点，如今已全面停摆。,5897592,https://www.baidu.com/s?wd=%E6%9D%AD%E5%B7%9E%E5%95%86K%E5%A4%A7%E9%9D%A2%E7%A7%AF%E5%85%B3%E5%81%9C&sa=fyb_news&rsv_dl=fyb_news,https://fyb-2.cdn.bcebos.com/hotboard_image/461ba6e96cf4b390eca1c079b574843b,百度热搜,实时热搜,realtime,hotlist,,2026-10-05 10:29:20
23,高速拥堵女子憋尿被送进急诊,国庆高速拥堵，有女子途中憋尿被送急诊。不少女性为减少如厕刻意少喝水、长时间憋尿。西安医生称长假常接诊这类泌尿系不适患者，严重可引发急性肾盂肾炎。妊娠期、绝经女性风险更高，建议科学饮水，出现相关症状及时就医。,5806825,https://www.baidu.com/s?wd=%E9%AB%98%E9%80%9F%E6%8B%A5%E5%A0%B5%E5%A5%B3%E5%AD%90%E6%86%8B%E5%B0%BF%E8%A2%AB%E9%80%81%E8%BF%9B%E6%80%A5%E8%AF%8A&sa=fyb_news&rsv_dl=fyb_news,https://fyb-2.cdn.bcebos.com/hotboard_image/b340028212c1c43ed48d268bdf46773a,百度热搜,实时热搜,realtime,hotlist,,2026-10-05 10:29:20
24,美股通宵交易要来了,预计12月6日，纳斯达克等多家机构将实施美股夜间交易扩展计划，新增纽约时间晚上9点至次日凌晨4点的交易时段。此举旨在满足海外投资者需求，并应对加密货币和预测市场带来的竞争。,5697680,https://www.baidu.com/s?wd=%E7%BE%8E%E8%82%A1%E9%80%9A%E5%AE%B5%E4%BA%A4%E6%98%93%E8%A6%81%E6%9D%A5%E4%BA%86&sa=fyb_news&rsv_dl=fyb_news,https://fyb-2.cdn.bcebos.com/hotboard_image/6f10c41ae8414fe5931de96d60602b6a,百度热搜,实时热搜,realtime,hotlist,,2026-10-05 10:29:20
25,特警礼貌拒绝老外过于热情的动作,国庆假期的上海外滩人头攒动，不少游客都会找执勤民警合影留念。其中一段视频在国内外社交平台走红，视频里上海女特警大方答应外国游客的合影请求，可对方拍照时突然伸手想要搂肩，被她礼貌且坚定地拒绝。,5601121,https://www.baidu.com/s?wd=%E7%89%B9%E8%AD%A6%E7%A4%BC%E8%B2%8C%E6%8B%92%E7%BB%9D%E8%80%81%E5%A4%96%E8%BF%87%E4%BA%8E%E7%83%AD%E6%83%85%E7%9A%84%E5%8A%A8%E4%BD%9C&sa=fyb_news&rsv_dl=fyb_news,https://fyb-2.cdn.bcebos.com/hotboard_image/9b27c315a472405f3f0ab286427abda7,百度热搜,实时热搜,realtime,hotlist,,2026-10-05 10:29:20
26,Muse狂飙 龙虾退潮,近日，Meta推出的AI智能体Muse迅速爆火，验证了大众对个人智能代理的需求，但商业模式尚未跑通。国内大厂纷纷布局同类产品，不过国内互联网生态封闭，很难诞生跨平台的中国版Muse，只会形成各生态内的管家。此前“养龙虾”项目已落幕，大厂跟进更多是出于防守。,5506175,https://www.baidu.com/s?wd=Muse%E7%8B%82%E9%A3%99+%E9%BE%99%E8%99%BE%E9%80%80%E6%BD%AE&sa=fyb_news&rsv_dl=fyb_news,https://fyb-2.cdn.bcebos.com/hotboard_image/45ece40e39f27d55dcc3b3b87ef0f364,百度热搜,实时热搜,realtime,hotlist,,2026-10-05 10:29:20
27,大量网友抵制蔡康永,4日晚，零跑汽车声明称蔡康永非代言人，已下线与其相关全部内容并保留追究法律责任。此前，蔡康永亮相“台独”顽固分子沈伯洋在台北市举行的竞选总部成立大会，其账号遭大量网友抵制。,5421753,https://www.baidu.com/s?wd=%E5%A4%A7%E9%87%8F%E7%BD%91%E5%8F%8B%E6%8A%B5%E5%88%B6%E8%94%A1%E5%BA%B7%E6%B0%B8&sa=fyb_news&rsv_dl=fyb_news,https://fyb-2.cdn.bcebos.com/hotboard_image/fad562ee6bf5873ca4ac927b23cb00c3,百度热搜,实时热搜,realtime,hotlist,,2026-10-05 10:29:20
28,武汉地铁站“行李箱墙”范围又扩大,10月4日，为适配假期客流需求，武汉地铁全面扩容提质“行李友好”服务，在司门口黄鹤楼、江汉路等热门站点划定专属区域供游客集中存放行李，形成整齐“行李箱墙”。现场配有监控与人员巡查保障安全，让游客轻装畅游，获一致好评。,5314453,https://www.baidu.com/s?wd=%E6%AD%A6%E6%B1%89%E5%9C%B0%E9%93%81%E7%AB%99%E2%80%9C%E8%A1%8C%E6%9D%8E%E7%AE%B1%E5%A2%99%E2%80%9D%E8%8C%83%E5%9B%B4%E5%8F%88%E6%89%A9%E5%A4%A7&sa=fyb_news&rsv_dl=fyb_news,https://fyb-2.cdn.bcebos.com/hotboard_image/5f11b1f9e4c4b3387c2760f4906ae673,百度热搜,实时热搜,realtime,hotlist,,2026-10-05 10:29:20
29,河南万岁山只见人不见“山”,国庆假期，河南开封万岁山武侠城客流爆棚，网友直呼“只见人不见山”，景区已连续4日发布限流公告。,5222383,https://www.baidu.com/s?wd=%E6%B2%B3%E5%8D%97%E4%B8%87%E5%B2%81%E5%B1%B1%E5%8F%AA%E8%A7%81%E4%BA%BA%E4%B8%8D%E8%A7%81%E2%80%9C%E5%B1%B1%E2%80%9D&sa=fyb_news&rsv_dl=fyb_news,https://fyb-2.cdn.bcebos.com/hotboard_image/b8bad49902b331e9448be9139f62394a,百度热搜,实时热搜,realtime,hotlist,,2026-10-05 10:29:20
30,这届老外来中国扫货顺便旅个游,近日，外国游客来华“扫货”成热潮，购物从旅行附属项变为核心目的。2026年1至8月，外国人出入境超6128万人次，1至7月在华消费达2636亿元。,5118020,https://www.baidu.com/s?wd=%E8%BF%99%E5%B1%8A%E8%80%81%E5%A4%96%E6%9D%A5%E4%B8%AD%E5%9B%BD%E6%89%AB%E8%B4%A7%E9%A1%BA%E4%BE%BF%E6%97%85%E4%B8%AA%E6%B8%B8&sa=fyb_news&rsv_dl=fyb_news,https://fyb-2.cdn.bcebos.com/hotboard_image/a7f0edee0acbc1bafcd92c934983dc08,百度热搜,实时热搜,realtime,hotlist,,2026-10-05 10:29:20
31,莫氏鸡煲国庆又火了 全家都来帮忙,国庆假期，莫氏鸡煲再次火爆，吸引浙江、广州等地食客慕名前来品尝地道美食。药膳鸡煲与竹升面成为必点菜品，老莫亲自下场斩鸡，全家总动员帮忙。目前其养殖场已拓展至清远300亩及新兴约100亩，以保证食材质量。,5050315,https://www.baidu.com/s?wd=%E8%8E%AB%E6%B0%8F%E9%B8%A1%E7%85%B2%E5%9B%BD%E5%BA%86%E5%8F%88%E7%81%AB%E4%BA%86+%E5%85%A8%E5%AE%B6%E9%83%BD%E6%9D%A5%E5%B8%AE%E5%BF%99&sa=fyb_news&rsv_dl=fyb_news,https://fyb-2.cdn.bcebos.com/hotboard_image/d1812c0effe161b445b170beaf51ab75,百度热搜,实时热搜,realtime,hotlist,,2026-10-05 10:29:20
32,反向旅游依然被价格背刺,国庆前夕，多名打工人为避开人潮寻找冷门小城“反向旅游”，却遭遇酒店机票价格大涨被“背刺”。此前大众为躲避拥挤挖掘低物价小城，因小众目的地酒店少、承载力小，节假日流量涌入导致酒店价格翻数倍甚至十倍。,4931743,https://www.baidu.com/s?wd=%E5%8F%8D%E5%90%91%E6%97%85%E6%B8%B8%E4%BE%9D%E7%84%B6%E8%A2%AB%E4%BB%B7%E6%A0%BC%E8%83%8C%E5%88%BA&sa=fyb_news&rsv_dl=fyb_news,https://fyb-2.cdn.bcebos.com/hotboard_image/497a36529d8006daf5b729b127a59203,百度热搜,实时热搜,realtime,hotlist,,2026-10-05 10:29:20
33,摆酒未领证分手 18.8万彩礼判退10万,9月30日，中国裁判文书网公布一起彩礼纠纷案判决。黄某与焦某甲办婚礼未领证后分手，黄某索要18.8万彩礼及10万酒席钱，并质疑女儿非亲生。此前男方称女方骗婚，女方称男方隐瞒父亲瘫痪。广州中院认定双方均无过错，维持原判。,4851254,https://www.baidu.com/s?wd=%E6%91%86%E9%85%92%E6%9C%AA%E9%A2%86%E8%AF%81%E5%88%86%E6%89%8B+18.8%E4%B8%87%E5%BD%A9%E7%A4%BC%E5%88%A4%E9%80%8010%E4%B8%87&sa=fyb_news&rsv_dl=fyb_news,https://fyb-2.cdn.bcebos.com/hotboard_image/58b850f4c799c084b01df3738f0ffd9f,百度热搜,实时热搜,realtime,hotlist,,2026-10-05 10:29:20
34,贵是贵了点 但吃了不烧心,“贵是贵点，但吃了不烧心”等台词催生全网热梗“不烧心文学”，这些句子源自AI短剧里摊贩、餐馆老板的固定台词。这类短剧套用同一套模板，内容高度同质化，引发人们对流水线短剧质量的思考。,4739209,https://www.baidu.com/s?wd=%E8%B4%B5%E6%98%AF%E8%B4%B5%E4%BA%86%E7%82%B9+%E4%BD%86%E5%90%83%E4%BA%86%E4%B8%8D%E7%83%A7%E5%BF%83&sa=fyb_news&rsv_dl=fyb_news,https://fyb-2.cdn.bcebos.com/hotboard_image/3b9b7f426796a87d68efda3cf33f8401,百度热搜,实时热搜,realtime,hotlist,,2026-10-05 10:29:20
35,格力技工学校开学 董明珠担任校长,10月4日，董明珠担任校长的珠海市格力技工学校迎来首届新生。这所全日制民办技校吸引超8000人报名，首日326名学生报到，六成来自省外，开设九大专业，机电一体化、制冷相关专业最热门。报到后将开展入学教育，董明珠会通过多种形式与学生交流，传递工匠精神。,4667693,https://www.baidu.com/s?wd=%E6%A0%BC%E5%8A%9B%E6%8A%80%E5%B7%A5%E5%AD%A6%E6%A0%A1%E5%BC%80%E5%AD%A6+%E8%91%A3%E6%98%8E%E7%8F%A0%E6%8B%85%E4%BB%BB%E6%A0%A1%E9%95%BF&sa=fyb_news&rsv_dl=fyb_news,https://fyb-2.cdn.bcebos.com/hotboard_image/fc056f118a7f65271789d048bc047011,百度热搜,实时热搜,realtime,hotlist,,2026-10-05 10:29:20
36,本想见世面 没想到自己就是世面,当地时间10月4日，亚奥理事会宣布，泰国短跑运动员汶颂、中国游泳运动员于子迪分别当选第20届亚运会男子、女子最有价值运动员。网友感慨，她本想见识世面，没想到自己本身就是世面，纷纷称赞这名小将实力出众。,4573049,https://www.baidu.com/s?wd=%E6%9C%AC%E6%83%B3%E8%A7%81%E4%B8%96%E9%9D%A2+%E6%B2%A1%E6%83%B3%E5%88%B0%E8%87%AA%E5%B7%B1%E5%B0%B1%E6%98%AF%E4%B8%96%E9%9D%A2&sa=fyb_news&rsv_dl=fyb_news,https://fyb-2.cdn.bcebos.com/hotboard_image/b3aea699180f5603a031f347b928ba0a,百度热搜,实时热搜,realtime,hotlist,,2026-10-05 10:29:20
37,“八分饱”对新能源车有影响吗,国庆前三天高速新能源车充电量大幅增长，多地服务区推行充电至80%强制离场。国网专家表示，“八分饱”充电不会损伤电池，锂电池80%后充电速度大幅变慢。车主可通过小程序查桩、错峰充电，返程时段充电压力较大，充电时需留意车辆安全。,4453371,https://www.baidu.com/s?wd=%E2%80%9C%E5%85%AB%E5%88%86%E9%A5%B1%E2%80%9D%E5%AF%B9%E6%96%B0%E8%83%BD%E6%BA%90%E8%BD%A6%E6%9C%89%E5%BD%B1%E5%93%8D%E5%90%97&sa=fyb_news&rsv_dl=fyb_news,https://fyb-2.cdn.bcebos.com/hotboard_image/bb4c430e5cd4d643ab281635ae4caf6e,百度热搜,实时热搜,realtime,hotlist,,2026-10-05 10:29:20
38,飞行员霸气应对外机抵近：我就是界碑,近日，央视军事披露轰-6K飞行员朱力在一次巡航任务中遭外机抵近跟监。外军飞机高速冲来企图恐吓我方改变航向。面对挑衅，朱力和战友沉着应对、毫不退让，保持高度航向不变，并高喊“我就是界碑，我不退”。,4375687,https://www.baidu.com/s?wd=%E9%A3%9E%E8%A1%8C%E5%91%98%E9%9C%B8%E6%B0%94%E5%BA%94%E5%AF%B9%E5%A4%96%E6%9C%BA%E6%8A%B5%E8%BF%91%EF%BC%9A%E6%88%91%E5%B0%B1%E6%98%AF%E7%95%8C%E7%A2%91&sa=fyb_news&rsv_dl=fyb_news,https://fyb-2.cdn.bcebos.com/hotboard_image/9765de3029011a0908628a8a69e3aaa6,百度热搜,实时热搜,realtime,hotlist,,2026-10-05 10:29:20
39,西安肉夹馍师傅已忙到3秒夹一个,国庆期间，西安一肉夹馍店生意火爆。师傅是河南濮阳人，因客流大增忙到3秒夹一个，手都被馍烫起泡。据其介绍，国庆客流量比平时多一倍，三秦套餐大概能卖两三千份，每天从6点半营业到晚上12点半。,4262375,https://www.baidu.com/s?wd=%E8%A5%BF%E5%AE%89%E8%82%89%E5%A4%B9%E9%A6%8D%E5%B8%88%E5%82%85%E5%B7%B2%E5%BF%99%E5%88%B03%E7%A7%92%E5%A4%B9%E4%B8%80%E4%B8%AA&sa=fyb_news&rsv_dl=fyb_news,https://fyb-2.cdn.bcebos.com/hotboard_image/6b02d95ab9b9cd588cbad558cddb7657,百度热搜,实时热搜,realtime,hotlist,,2026-10-05 10:29:20
40,安东尼奥：这一代很有机会打进世界杯,U23国足在名古屋亚运会点球击败乌兹别克斯坦，时隔28年斩获铜牌。主帅安东尼奥接受专访，回顾执教经历，称赞这批球员优秀，认为这一代球员有很大机会冲击世界杯。他介绍球队攻防打磨思路，并对即将告别青少年赛事的弟子表达肯定。,4193951,https://www.baidu.com/s?wd=%E5%AE%89%E4%B8%9C%E5%B0%BC%E5%A5%A5%EF%BC%9A%E8%BF%99%E4%B8%80%E4%BB%A3%E5%BE%88%E6%9C%89%E6%9C%BA%E4%BC%9A%E6%89%93%E8%BF%9B%E4%B8%96%E7%95%8C%E6%9D%AF&sa=fyb_news&rsv_dl=fyb_news,https://fyb-2.cdn.bcebos.com/hotboard_image/6938341b07aa752d2f8787f96678a5da,百度热搜,实时热搜,realtime,hotlist,,2026-10-05 10:29:20
41,年轻人国庆旅游偏爱“隐居山林”,晨起习练八段锦、静坐，入夜漫步山野，这般闲云野鹤的古意生活，在国庆出游热潮中悄然走红，成为年轻人追捧的新式度假方式。这类产品热度攀升，部分机构国庆团期节前就已报满。针对这股新兴度假风潮，记者采访专家，解读热潮背后的社会心态。,4091056,https://www.baidu.com/s?wd=%E5%B9%B4%E8%BD%BB%E4%BA%BA%E5%9B%BD%E5%BA%86%E6%97%85%E6%B8%B8%E5%81%8F%E7%88%B1%E2%80%9C%E9%9A%90%E5%B1%85%E5%B1%B1%E6%9E%97%E2%80%9D&sa=fyb_news&rsv_dl=fyb_news,https://fyb-2.cdn.bcebos.com/hotboard_image/c034a17e4f6fe9c6a54ef91b76d9ea43,百度热搜,实时热搜,realtime,hotlist,,2026-10-05 10:29:20
42,十一游客流行“跳城游”,今年双节假期，“多城串游”热度持续上升。数据显示，通过飞机、高铁串联多城的游客同比增长14%，约两成游客住进“第二城”。其背后原因是立体交通网络不断完善，如9月28日京港高铁等四条高铁同步开通提升通达性。,3996817,https://www.baidu.com/s?wd=%E5%8D%81%E4%B8%80%E6%B8%B8%E5%AE%A2%E6%B5%81%E8%A1%8C%E2%80%9C%E8%B7%B3%E5%9F%8E%E6%B8%B8%E2%80%9D&sa=fyb_news&rsv_dl=fyb_news,https://fyb-2.cdn.bcebos.com/hotboard_image/c85241829d9f4ec3cbe6b5821a479329,百度热搜,实时热搜,realtime,hotlist,,2026-10-05 10:29:20
43,张译现场科普指甲的秘密,近日，张译在电影《神探之痕迹》路演现场科普，澄清指甲上的竖纹并非生病而是正常现象。他强调，每个人从出生起指甲形态就固定且独一无二，如同伴随一生的人生密码。,3908900,https://www.baidu.com/s?wd=%E5%BC%A0%E8%AF%91%E7%8E%B0%E5%9C%BA%E7%A7%91%E6%99%AE%E6%8C%87%E7%94%B2%E7%9A%84%E7%A7%98%E5%AF%86&sa=fyb_news&rsv_dl=fyb_news,https://fyb-2.cdn.bcebos.com/hotboard_image/78e4891ff197cd3f5af5d73fca431580,百度热搜,实时热搜,realtime,hotlist,,2026-10-05 10:29:20
44,马丽自曝连背三天台词不睡觉,马丽称《神探之痕迹》是她人生中最难拍的一部戏。她表示，由于该戏节奏快且含大量专业术语，对自己这个年纪的演员来说很难记住。有一场面对好几百人的戏，她连背三天台词、晚上几乎不睡觉，拍摄时依然极度紧张，直言这是这辈子拍戏最紧张的一次，永生难忘。,3813858,https://www.baidu.com/s?wd=%E9%A9%AC%E4%B8%BD%E8%87%AA%E6%9B%9D%E8%BF%9E%E8%83%8C%E4%B8%89%E5%A4%A9%E5%8F%B0%E8%AF%8D%E4%B8%8D%E7%9D%A1%E8%A7%89&sa=fyb_news&rsv_dl=fyb_news,https://fyb-2.cdn.bcebos.com/hotboard_image/0e17888bb7ed7640a979f75cc076f901,百度热搜,实时热搜,realtime,hotlist,,2026-10-05 10:29:20
45,永州站手动翻牌火了：一朝手搓天下知,10月4日，记者实地探访湖南永州站发现，此前因纯手动翻牌走红的检票显示屏已被更换为电子屏。近日，永州站因扩建采用人工翻牌作为临时过渡，相关视频走红网络。永州站曾辟谣屏幕被借走，目前手动装置已被电子屏取代。,3709003,https://www.baidu.com/s?wd=%E6%B0%B8%E5%B7%9E%E7%AB%99%E6%89%8B%E5%8A%A8%E7%BF%BB%E7%89%8C%E7%81%AB%E4%BA%86%EF%BC%9A%E4%B8%80%E6%9C%9D%E6%89%8B%E6%90%93%E5%A4%A9%E4%B8%8B%E7%9F%A5&sa=fyb_news&rsv_dl=fyb_news,https://fyb-2.cdn.bcebos.com/hotboard_image/b7974bc75cc7ebe52628e22c807ca983,百度热搜,实时热搜,realtime,hotlist,,2026-10-05 10:29:20
46,“雪姨”王琳晒健身照：马甲线清晰,10月3日，演员王琳在社交平台发文晒图：保持的秘诀是自律。照片里其马甲线清晰、肌肉线条明显，网友直呼状态太好，差点没认出。,3609465,https://www.baidu.com/s?wd=%E2%80%9C%E9%9B%AA%E5%A7%A8%E2%80%9D%E7%8E%8B%E7%90%B3%E6%99%92%E5%81%A5%E8%BA%AB%E7%85%A7%EF%BC%9A%E9%A9%AC%E7%94%B2%E7%BA%BF%E6%B8%85%E6%99%B0&sa=fyb_news&rsv_dl=fyb_news,https://fyb-2.cdn.bcebos.com/hotboard_image/47e9c1f6c24d4325495068bcab2058d0,百度热搜,实时热搜,realtime,hotlist,,2026-10-05 10:29:20
47,白岩松谈严子怡夺冠,9月27日，名古屋亚运会女子标枪决赛中，18岁中国选手严子怡第一投投出70米46，打破维持8年的亚运会纪录夺冠。白岩松评价称教练发掘至关重要，期待这位“小孩姐”一步一个脚印走上奥运领奖台。,3488966,https://www.baidu.com/s?wd=%E7%99%BD%E5%B2%A9%E6%9D%BE%E8%B0%88%E4%B8%A5%E5%AD%90%E6%80%A1%E5%A4%BA%E5%86%A0&sa=fyb_news&rsv_dl=fyb_news,https://fyb-2.cdn.bcebos.com/hotboard_image/a36693b2c5b824bba0c86f1d2cce432d,百度热搜,实时热搜,realtime,hotlist,,2026-10-05 10:29:20
48,23岁小伙十一自驾吹空调5小时面瘫,,3413865,https://www.baidu.com/s?wd=23%E5%B2%81%E5%B0%8F%E4%BC%99%E5%8D%81%E4%B8%80%E8%87%AA%E9%A9%BE%E5%90%B9%E7%A9%BA%E8%B0%835%E5%B0%8F%E6%97%B6%E9%9D%A2%E7%98%AB&sa=fyb_news&rsv_dl=fyb_news,https://fyb-1.cdn.bcebos.com/fyb/de6163834f53ca92c1273fff98ac9078.jpeg,百度热搜,实时热搜,realtime,hotlist,,2026-10-05 10:29:20
49,担心高铁座椅传播皮肤病 有必要吗,国庆期间，高铁一次性座椅套引发热议，不少人担忧座椅传播皮肤病、感染HPV。专家称高铁消毒规范，这类间接接触传播风险很低，HPV很难在座椅表面存活。一次性座套仅有物理隔离作用，更多是心理安慰，特殊人群可针对性做好防护。,3293566,https://www.baidu.com/s?wd=%E6%8B%85%E5%BF%83%E9%AB%98%E9%93%81%E5%BA%A7%E6%A4%85%E4%BC%A0%E6%92%AD%E7%9A%AE%E8%82%A4%E7%97%85+%E6%9C%89%E5%BF%85%E8%A6%81%E5%90%97&sa=fyb_news&rsv_dl=fyb_news,https://fyb-2.cdn.bcebos.com/hotboard_image/2c3bb2b42ee8d5dbadb45acb455c7e03,百度热搜,实时热搜,realtime,hotlist,,2026-10-05 10:29:20
50,新乡胖东来排队约一公里,,3201069,https://www.baidu.com/s?wd=%E6%96%B0%E4%B9%A1%E8%83%96%E4%B8%9C%E6%9D%A5%E6%8E%92%E9%98%9F%E7%BA%A6%E4%B8%80%E5%85%AC%E9%87%8C&sa=fyb_news&rsv_dl=fyb_news,https://fyb-1.cdn.bcebos.com/fyb/de6163834f53ca92c1273fff98ac9078.jpeg,百度热搜,实时热搜,realtime,hotlist,,2026-10-05 10:29:20
1,过一个风清气正的节日,中秋连国庆。既是举国欢庆的日子，也是团圆相聚的时光。“洁不洁，看过节”。过好节，更要守住“节”。在清风正气中涵养浩然正气，每一名党员、干部都应在人情往来中守住原则、守住底线，在团圆欢聚时不忘规矩、不忘职责，以自身清正、担当作为为党旗增色、为节日添彩。,7904476,https://www.baidu.com/s?wd=%E8%BF%87%E4%B8%80%E4%B8%AA%E9%A3%8E%E6%B8%85%E6%B0%94%E6%AD%A3%E7%9A%84%E8%8A%82%E6%97%A5&sa=fyb_news&rsv_dl=fyb_news,https://fyb-2.cdn.bcebos.com/hotboard_image/0cc0aedd0a28055b2f8ee3cb4065d095,百度热搜,实时热搜,realtime,hotlist,,2026-10-05 11:33:10
2,缅北电诈回流人员自述被割肾经历,近日，缅北电诈回流人员唐某丰自述偷渡缅北后遭毒打倒卖，因无业绩，被诈骗团伙以卖肾抵债，在农家小院接受手术，缅北电诈犯罪残害无数受害者。,7808360,https://www.baidu.com/s?wd=%E7%BC%85%E5%8C%97%E7%94%B5%E8%AF%88%E5%9B%9E%E6%B5%81%E4%BA%BA%E5%91%98%E8%87%AA%E8%BF%B0%E8%A2%AB%E5%89%B2%E8%82%BE%E7%BB%8F%E5%8E%86&sa=fyb_news&rsv_dl=fyb_news,https://fyb-2.cdn.bcebos.com/hotboard_image/10462787ceedd584fdf8e90193fa010e,百度热搜,实时热搜,realtime,hotlist,,2026-10-05 11:33:10
3,本想见世面 没想到自己就是世面,当地时间10月4日，亚奥理事会宣布，泰国短跑运动员汶颂、中国游泳运动员于子迪分别当选第20届亚运会男子、女子最有价值运动员。网友感慨，她本想见识世面，没想到自己本身就是世面，纷纷称赞这名小将实力出众。,7713468,https://www.baidu.com/s?wd=%E6%9C%AC%E6%83%B3%E8%A7%81%E4%B8%96%E9%9D%A2+%E6%B2%A1%E6%83%B3%E5%88%B0%E8%87%AA%E5%B7%B1%E5%B0%B1%E6%98%AF%E4%B8%96%E9%9D%A2&sa=fyb_news&rsv_dl=fyb_news,https://fyb-2.cdn.bcebos.com/hotboard_image/b3aea699180f5603a031f347b928ba0a,百度热搜,实时热搜,realtime,hotlist,,2026-10-05 11:33:10
4,六张“超级大网” 如何编织,提到中国基建，很多人脑海里浮现的是高铁、大桥、超级港口。但其实，中国基建的“打开方式”早就升级了。当前，国家正在编织一套超级新基建体系——“六张网”。,7616397,https://www.baidu.com/s?wd=%E5%85%AD%E5%BC%A0%E2%80%9C%E8%B6%85%E7%BA%A7%E5%A4%A7%E7%BD%91%E2%80%9D+%E5%A6%82%E4%BD%95%E7%BC%96%E7%BB%87&sa=fyb_news&rsv_dl=fyb_news,https://fyb-2.cdn.bcebos.com/hotboard_image/16910f046580c4af112a049b93077bf8,百度热搜,实时热搜,realtime,hotlist,,2026-10-05 11:33:10
5,贵是贵了点 但吃了不烧心,“贵是贵了点，但吃了不烧心”等台词催生全网热梗“不烧心文学”，这些句子源自AI短剧里摊贩、餐馆老板的固定台词。这类短剧套用同一套模板，内容高度同质化，引发人们对流水线短剧质量的思考。,7522389,https://www.baidu.com/s?wd=%E8%B4%B5%E6%98%AF%E8%B4%B5%E4%BA%86%E7%82%B9+%E4%BD%86%E5%90%83%E4%BA%86%E4%B8%8D%E7%83%A7%E5%BF%83&sa=fyb_news&rsv_dl=fyb_news,https://fyb-2.cdn.bcebos.com/hotboard_image/3b9b7f426796a87d68efda3cf33f8401,百度热搜,实时热搜,realtime,hotlist,,2026-10-05 11:33:10
6,上海一书店试行25元入场费,近日，上海小森林独立书店国庆起试行新规，临时到店需付25元入场费，费用可抵扣消费，小程序提前预约则免费。店主称此举是筛选打卡客流、引导维护空间，并非为盈利，该自助运营模式引发行业讨论。,7426548,https://www.baidu.com/s?wd=%E4%B8%8A%E6%B5%B7%E4%B8%80%E4%B9%A6%E5%BA%97%E8%AF%95%E8%A1%8C25%E5%85%83%E5%85%A5%E5%9C%BA%E8%B4%B9&sa=fyb_news&rsv_dl=fyb_news,https://fyb-2.cdn.bcebos.com/hotboard_image/86c7cfbf3b51f4d1549e298bf2bb00cd,百度热搜,实时热搜,realtime,hotlist,,2026-10-05 11:33:10
7,超10万份孕妇血样被偷运出境,国安部发布提醒，警惕个别境外组织以“医疗检测”为名非法采集我国人血样、窃取基因资源。此前，广州海关破获一起特大走私孕妇血样系列案。涉案团伙借无创胎儿性别鉴定等噱头，累计将超10万份孕妇血液样本走私出境。,7332637,https://www.baidu.com/s?wd=%E8%B6%8510%E4%B8%87%E4%BB%BD%E5%AD%95%E5%A6%87%E8%A1%80%E6%A0%B7%E8%A2%AB%E5%81%B7%E8%BF%90%E5%87%BA%E5%A2%83&sa=fyb_news&rsv_dl=fyb_news,https://fyb-2.cdn.bcebos.com/hotboard_image/f8f2fa9c9d87e9142333c535ab91ace1,百度热搜,实时热搜,realtime,hotlist,,2026-10-05 11:33:10
8,零跑汽车下线蔡康永全部内容,10月4日，“蔡康永现身台独分子竞选现场”话题登上热搜。零跑汽车发布声明，表明坚持一个中国原则，反对“台独”分裂言行。声明称蔡康永只是过往合作艺人，并非品牌代言人，现已下架其相关全部内容并保留追责权利，后续会强化合作方背景审核。,7233816,https://www.baidu.com/s?wd=%E9%9B%B6%E8%B7%91%E6%B1%BD%E8%BD%A6%E4%B8%8B%E7%BA%BF%E8%94%A1%E5%BA%B7%E6%B0%B8%E5%85%A8%E9%83%A8%E5%86%85%E5%AE%B9&sa=fyb_news&rsv_dl=fyb_news,https://fyb-2.cdn.bcebos.com/hotboard_image/15e4ddae12276e5fd87bb0dbd8fd498b,百度热搜,实时热搜,realtime,hotlist,,2026-10-05 11:33:10
9,陈飞宇演反派吓到自己和父母,近日，电影《神探之痕迹》在长沙路演，张译、马丽、陈飞宇等出席。活动中，张译与马丽盛赞陈飞宇演技“太炸裂了”。陈飞宇透露，其父母陈凯歌与陈红去影院观影时，也被其反派造型吓到。,7135472,https://www.baidu.com/s?wd=%E9%99%88%E9%A3%9E%E5%AE%87%E6%BC%94%E5%8F%8D%E6%B4%BE%E5%90%93%E5%88%B0%E8%87%AA%E5%B7%B1%E5%92%8C%E7%88%B6%E6%AF%8D&sa=fyb_news&rsv_dl=fyb_news,https://fyb-2.cdn.bcebos.com/hotboard_image/61badab0787d3b0162116fe49e9958fb,百度热搜,实时热搜,realtime,hotlist,,2026-10-05 11:33:10
10,Muse狂飙 龙虾退潮,近日，Meta推出的AI智能体Muse迅速爆火，验证了大众对个人智能代理的需求，但商业模式尚未跑通。国内大厂纷纷布局同类产品，不过国内互联网生态封闭，很难诞生跨平台的中国版Muse，只会形成各生态内的管家。此前“养龙虾”项目已落幕，大厂跟进更多是出于防守。,7040647,https://www.baidu.com/s?wd=Muse%E7%8B%82%E9%A3%99+%E9%BE%99%E8%99%BE%E9%80%80%E6%BD%AE&sa=fyb_news&rsv_dl=fyb_news,https://fyb-2.cdn.bcebos.com/hotboard_image/45ece40e39f27d55dcc3b3b87ef0f364,百度热搜,实时热搜,realtime,hotlist,,2026-10-05 11:33:10
11,安东尼奥：这一代很有机会打进世界杯,U23国足在名古屋亚运会点球击败乌兹别克斯坦，时隔28年斩获铜牌。主帅安东尼奥接受专访，回顾执教经历，称赞这批球员优秀，认为这一代球员有很大机会冲击世界杯。他介绍球队攻防打磨思路，并对即将告别青少年赛事的弟子表达肯定。,6951840,https://www.baidu.com/s?wd=%E5%AE%89%E4%B8%9C%E5%B0%BC%E5%A5%A5%EF%BC%9A%E8%BF%99%E4%B8%80%E4%BB%A3%E5%BE%88%E6%9C%89%E6%9C%BA%E4%BC%9A%E6%89%93%E8%BF%9B%E4%B8%96%E7%95%8C%E6%9D%AF&sa=fyb_news&rsv_dl=fyb_news,https://fyb-2.cdn.bcebos.com/hotboard_image/6938341b07aa752d2f8787f96678a5da,百度热搜,实时热搜,realtime,hotlist,,2026-10-05 11:33:10
12,国庆出行警惕票务诈骗陷阱,国庆返程高峰将至，火车票、机票“一票难求”，假客服、低价代购、“候补妙招”等票务骗局卷土重来，警方提醒旅客通过官方渠道购票、警惕转账。,6853630,https://www.baidu.com/s?wd=%E5%9B%BD%E5%BA%86%E5%87%BA%E8%A1%8C%E8%AD%A6%E6%83%95%E7%A5%A8%E5%8A%A1%E8%AF%88%E9%AA%97%E9%99%B7%E9%98%B1&sa=fyb_news&rsv_dl=fyb_news,https://fyb-2.cdn.bcebos.com/hotboard_image/c3294f15e10f4ba5d8205662002f45dc,百度热搜,实时热搜,realtime,hotlist,,2026-10-05 11:33:10
13,蔡康永现身台独分子竞选会场,10月4日，知名主持人蔡康永现身‌中国台湾‌地区民进党籍参选人沈伯洋的竞选总部成立大会，引发舆论广泛关注与争议。,6762018,https://www.baidu.com/s?wd=%E8%94%A1%E5%BA%B7%E6%B0%B8%E7%8E%B0%E8%BA%AB%E5%8F%B0%E7%8B%AC%E5%88%86%E5%AD%90%E7%AB%9E%E9%80%89%E4%BC%9A%E5%9C%BA&sa=fyb_news&rsv_dl=fyb_news,https://fyb-2.cdn.bcebos.com/hotboard_image/3089da88c483160f92873646e17b14e7,百度热搜,实时热搜,realtime,hotlist,,2026-10-05 11:33:10
14,马丽自曝连背三天台词不睡觉,马丽称《神探之痕迹》是她人生中最难拍的一部戏。她表示，由于该戏节奏快且含大量专业术语，对自己这个年纪的演员来说很难记住。有一场面对好几百人的戏，她连背三天台词、晚上几乎不睡觉，拍摄时依然极度紧张，直言这是这辈子拍戏最紧张的一次，永生难忘。,6658347,https://www.baidu.com/s?wd=%E9%A9%AC%E4%B8%BD%E8%87%AA%E6%9B%9D%E8%BF%9E%E8%83%8C%E4%B8%89%E5%A4%A9%E5%8F%B0%E8%AF%8D%E4%B8%8D%E7%9D%A1%E8%A7%89&sa=fyb_news&rsv_dl=fyb_news,https://fyb-2.cdn.bcebos.com/hotboard_image/0e17888bb7ed7640a979f75cc076f901,百度热搜,实时热搜,realtime,hotlist,,2026-10-05 11:33:10
15,大量网友抵制蔡康永,4日晚，零跑汽车声明称蔡康永非代言人，已下线与其相关全部内容并保留追究法律责任。此前，蔡康永亮相“台独”顽固分子沈伯洋在台北市举行的竞选总部成立大会，其账号遭大量网友抵制。,6572514,https://www.baidu.com/s?wd=%E5%A4%A7%E9%87%8F%E7%BD%91%E5%8F%8B%E6%8A%B5%E5%88%B6%E8%94%A1%E5%BA%B7%E6%B0%B8&sa=fyb_news&rsv_dl=fyb_news,https://fyb-2.cdn.bcebos.com/hotboard_image/fad562ee6bf5873ca4ac927b23cb00c3,百度热搜,实时热搜,realtime,hotlist,,2026-10-05 11:33:10
16,陈思诚这次把“唐探”商标撕了,10月1日，陈思诚执导的电影《神探之痕迹》上映，首日票房约7100万，国庆档累计票房达2.8亿。该片与以往“唐探”系列不同，不再依赖反转取胜，而是以痕检专家崔道植为蓝本，聚焦真实的物证检验过程。,6467997,https://www.baidu.com/s?wd=%E9%99%88%E6%80%9D%E8%AF%9A%E8%BF%99%E6%AC%A1%E6%8A%8A%E2%80%9C%E5%94%90%E6%8E%A2%E2%80%9D%E5%95%86%E6%A0%87%E6%92%95%E4%BA%86&sa=fyb_news&rsv_dl=fyb_news,https://fyb-2.cdn.bcebos.com/hotboard_image/1f517f343bd982443e5a125661208e9d,百度热搜,实时热搜,realtime,hotlist,,2026-10-05 11:33:10
17,店还没开就有“差评”了,近日，拥有900多万粉丝的汽车博主韩路发文，其新开的烤串店尚未营业，美团、高德、大众点评上就出现多条编造消费经历的差评并冲上热搜。韩路质疑平台审核机制，高德已清理虚假评论并作出回应，美团、大众点评暂未公开回复，相关差评现已全部清除。,6374087,https://www.baidu.com/s?wd=%E5%BA%97%E8%BF%98%E6%B2%A1%E5%BC%80%E5%B0%B1%E6%9C%89%E2%80%9C%E5%B7%AE%E8%AF%84%E2%80%9D%E4%BA%86&sa=fyb_news&rsv_dl=fyb_news,https://fyb-2.cdn.bcebos.com/hotboard_image/f789364c8e4fc50f1fe001810560db7c,百度热搜,实时热搜,realtime,hotlist,,2026-10-05 11:33:10
18,新乡胖东来排队约一公里,10月3日国庆假期，河南新乡胖东来门店外排队约一公里，游客等待长达3小时。该超市被视作“6A级景点”，吸引大量外地游客专程打卡消费。,6277757,https://www.baidu.com/s?wd=%E6%96%B0%E4%B9%A1%E8%83%96%E4%B8%9C%E6%9D%A5%E6%8E%92%E9%98%9F%E7%BA%A6%E4%B8%80%E5%85%AC%E9%87%8C&sa=fyb_news&rsv_dl=fyb_news,https://fyb-2.cdn.bcebos.com/hotboard_image/c0e91730c93a8f92e0c2b293cd9b249c,百度热搜,实时热搜,realtime,hotlist,,2026-10-05 11:33:10
19,河南爆火景区要IPO了,近期，开封清明上河园递交港交所上市申请，有望成为河南文旅第一股。该景区依托宋文化实景演艺，客流旺盛，但营收高度依赖门票与演出，近年利润承压。本次募资用于园区扩建、新剧打造等，试图突破单一门票经济，与开封万岁山形成差异化竞争。,6181001,https://www.baidu.com/s?wd=%E6%B2%B3%E5%8D%97%E7%88%86%E7%81%AB%E6%99%AF%E5%8C%BA%E8%A6%81IPO%E4%BA%86&sa=fyb_news&rsv_dl=fyb_news,https://fyb-2.cdn.bcebos.com/hotboard_image/2768619b4ab41b81aca7a0fab34eeebb,百度热搜,实时热搜,realtime,hotlist,,2026-10-05 11:33:10
20,丰田大降价将退出历史舞台？车企辟谣,10月5日，一汽丰田发布声明辟谣网传“丰田大降价、一汽丰田退出历史舞台”等不实消息，称保留追责权利。广汽集团拟收购一汽丰田50%股权，本次重组意在推动南北丰田协同，一汽丰田各项业务仍按计划正常推进。,6085169,https://www.baidu.com/s?wd=%E4%B8%B0%E7%94%B0%E5%A4%A7%E9%99%8D%E4%BB%B7%E5%B0%86%E9%80%80%E5%87%BA%E5%8E%86%E5%8F%B2%E8%88%9E%E5%8F%B0%EF%BC%9F%E8%BD%A6%E4%BC%81%E8%BE%9F%E8%B0%A3&sa=fyb_news&rsv_dl=fyb_news,https://fyb-2.cdn.bcebos.com/hotboard_image/7895a779d355616442eea8b18be852e1,百度热搜,实时热搜,realtime,hotlist,,2026-10-05 11:33:10
21,民进党用高压水炮对大陆渔船喷射90秒,10月1日，台海巡署“云林”舰在东沙岛以东约27海里处，向未及时撤离的大陆“金沙号”渔船驾驶舱喷射高压水炮约90秒，致渔船动力受损、船员被困。,5988126,https://www.baidu.com/s?wd=%E6%B0%91%E8%BF%9B%E5%85%9A%E7%94%A8%E9%AB%98%E5%8E%8B%E6%B0%B4%E7%82%AE%E5%AF%B9%E5%A4%A7%E9%99%86%E6%B8%94%E8%88%B9%E5%96%B7%E5%B0%8490%E7%A7%92&sa=fyb_news&rsv_dl=fyb_news,https://fyb-2.cdn.bcebos.com/hotboard_image/eee7a110cd07bc82c2ebfa6ab5bd0835,百度热搜,实时热搜,realtime,hotlist,,2026-10-05 11:33:10
22,缅北电诈头目现金多到发霉,毗邻云南普洱的佤邦是缅北电诈主要策源地。佤邦勐波县原县长鲍岩板、勐能县原县长何春田，庇护官匪一体的电诈集团。鲍岩板家中囤积巨额现金，为防止发霉，常在房顶和院子晒钱，成为当地一景。,5887420,https://www.baidu.com/s?wd=%E7%BC%85%E5%8C%97%E7%94%B5%E8%AF%88%E5%A4%B4%E7%9B%AE%E7%8E%B0%E9%87%91%E5%A4%9A%E5%88%B0%E5%8F%91%E9%9C%89&sa=fyb_news&rsv_dl=fyb_news,https://fyb-2.cdn.bcebos.com/hotboard_image/640d7ea544fcb73ef351f327830d48e1,百度热搜,实时热搜,realtime,hotlist,,2026-10-05 11:33:10
23,杭州商K大面积关停,近日，杭州天际线、iN11等高端商K因专项整顿被大面积关停，部分营业执照被吊销，行业一夜清零。此前，包厢内发生猥亵案致人员被刑拘、公职人员被免职，突破监管底线引发此次整顿。主打隐秘奢华商务社交的商K曾以高价酒及分等级“演员”服务为卖点，如今已全面停摆。,5794414,https://www.baidu.com/s?wd=%E6%9D%AD%E5%B7%9E%E5%95%86K%E5%A4%A7%E9%9D%A2%E7%A7%AF%E5%85%B3%E5%81%9C&sa=fyb_news&rsv_dl=fyb_news,https://fyb-2.cdn.bcebos.com/hotboard_image/461ba6e96cf4b390eca1c079b574843b,百度热搜,实时热搜,realtime,hotlist,,2026-10-05 11:33:10
24,张译现场科普指甲的秘密,近日，张译在电影《神探之痕迹》路演现场科普，澄清指甲上的竖纹并非生病而是正常现象。他强调，每个人从出生起指甲形态就固定且独一无二，如同伴随一生的人生密码。,5715533,https://www.baidu.com/s?wd=%E5%BC%A0%E8%AF%91%E7%8E%B0%E5%9C%BA%E7%A7%91%E6%99%AE%E6%8C%87%E7%94%B2%E7%9A%84%E7%A7%98%E5%AF%86&sa=fyb_news&rsv_dl=fyb_news,https://fyb-2.cdn.bcebos.com/hotboard_image/78e4891ff197cd3f5af5d73fca431580,百度热搜,实时热搜,realtime,hotlist,,2026-10-05 11:33:10
25,日本罕见1天3次强烈抗议美国,近日，日本罕见在一天内3次向美国提出强烈抗议，针对驻冲绳美军在酒店劫杀日本女子事件。日本防卫省、外务省等相继表态，要求美军整顿军纪并配合调查。,5604317,https://www.baidu.com/s?wd=%E6%97%A5%E6%9C%AC%E7%BD%95%E8%A7%811%E5%A4%A93%E6%AC%A1%E5%BC%BA%E7%83%88%E6%8A%97%E8%AE%AE%E7%BE%8E%E5%9B%BD&sa=fyb_news&rsv_dl=fyb_news,https://fyb-2.cdn.bcebos.com/hotboard_image/bbb0edf87ef52f58e58b3f243bd2f3c3,百度热搜,实时热搜,realtime,hotlist,,2026-10-05 11:33:10
26,热苏斯首次公开回应C罗离队,北京时间10月5日凌晨，葡萄牙2-1击败挪威，成功锁定欧国联八强席位。赛后，主帅若热·热苏斯首次公开回应C罗此前突然离开国家队的争议。他表示，双方之间并不存在隔阂，所谓“离队风波”只是一场可以轻松解决的“误会”。,5525502,https://www.baidu.com/s?wd=%E7%83%AD%E8%8B%8F%E6%96%AF%E9%A6%96%E6%AC%A1%E5%85%AC%E5%BC%80%E5%9B%9E%E5%BA%94C%E7%BD%97%E7%A6%BB%E9%98%9F&sa=fyb_news&rsv_dl=fyb_news,https://fyb-2.cdn.bcebos.com/hotboard_image/dd2c78389a244f437906c685ce278453,百度热搜,实时热搜,realtime,hotlist,,2026-10-05 11:33:10
27,高速拥堵女子憋尿被送进急诊,国庆高速拥堵，有女子途中憋尿被送急诊。不少女性为减少如厕刻意少喝水、长时间憋尿。西安医生称长假常接诊这类泌尿系不适患者，严重可引发急性肾盂肾炎。妊娠期、绝经女性风险更高，建议科学饮水，出现相关症状及时就医。,5427331,https://www.baidu.com/s?wd=%E9%AB%98%E9%80%9F%E6%8B%A5%E5%A0%B5%E5%A5%B3%E5%AD%90%E6%86%8B%E5%B0%BF%E8%A2%AB%E9%80%81%E8%BF%9B%E6%80%A5%E8%AF%8A&sa=fyb_news&rsv_dl=fyb_news,https://fyb-2.cdn.bcebos.com/hotboard_image/b340028212c1c43ed48d268bdf46773a,百度热搜,实时热搜,realtime,hotlist,,2026-10-05 11:33:10
28,被执行死刑的巫鸿明、白应苍出镜,10月5日至7日，纪录片《缅北电诈覆灭纪实》首播，曝光缅北电诈黑暗生态。片中，缅北明家犯罪集团首要分子巫鸿明、白家首要分子白应苍出镜，两人已分别于2026年1月29日、2月2日被执行死刑。,5314798,https://www.baidu.com/s?wd=%E8%A2%AB%E6%89%A7%E8%A1%8C%E6%AD%BB%E5%88%91%E7%9A%84%E5%B7%AB%E9%B8%BF%E6%98%8E%E3%80%81%E7%99%BD%E5%BA%94%E8%8B%8D%E5%87%BA%E9%95%9C&sa=fyb_news&rsv_dl=fyb_news,https://fyb-2.cdn.bcebos.com/hotboard_image/3a781995d99e571d02f6208834513667,百度热搜,实时热搜,realtime,hotlist,,2026-10-05 11:33:10
29,央媒曝光外卖“明厨亮灶”造假,10月4日，市场监管总局迅速部署多地核查处置央媒曝光的外卖“明厨亮灶”造假等问题。当日，武汉市监局对曝光商户立案调查并督促下架；丽江市对涉事门店停业整顿并立案调查，开展集中整治。此前，央视曝光多地外卖商户监控刻意避开后厨核心区，后厨脏乱差甚至有老鼠出没。,5231617,https://www.baidu.com/s?wd=%E5%A4%AE%E5%AA%92%E6%9B%9D%E5%85%89%E5%A4%96%E5%8D%96%E2%80%9C%E6%98%8E%E5%8E%A8%E4%BA%AE%E7%81%B6%E2%80%9D%E9%80%A0%E5%81%87&sa=fyb_news&rsv_dl=fyb_news,https://fyb-2.cdn.bcebos.com/hotboard_image/6f3bc42ee4913b5fcce06f1ab1e1265f,百度热搜,实时热搜,realtime,hotlist,,2026-10-05 11:33:10
30,特警礼貌拒绝老外过于热情的动作,国庆假期的上海外滩人头攒动，不少游客都会找执勤民警合影留念。其中一段视频在国内外社交平台走红，视频里上海女特警大方答应外国游客的合影请求，可对方拍照时突然伸手想要搂肩，被她礼貌且坚定地拒绝。,5145059,https://www.baidu.com/s?wd=%E7%89%B9%E8%AD%A6%E7%A4%BC%E8%B2%8C%E6%8B%92%E7%BB%9D%E8%80%81%E5%A4%96%E8%BF%87%E4%BA%8E%E7%83%AD%E6%83%85%E7%9A%84%E5%8A%A8%E4%BD%9C&sa=fyb_news&rsv_dl=fyb_news,https://fyb-2.cdn.bcebos.com/hotboard_image/9b27c315a472405f3f0ab286427abda7,百度热搜,实时热搜,realtime,hotlist,,2026-10-05 11:33:10
31,杭州“现实版桃花源记”火了,4日下午，记者实地探访杭州突然走红的宝石山隧道。该隧道连接居民区与西湖断桥，步行2分钟即可走完，穿过幽暗通道后视野豁然开朗。此前，网友发帖推荐此秘境并赞其为“现实版桃花源记”。,5040582,https://www.baidu.com/s?wd=%E6%9D%AD%E5%B7%9E%E2%80%9C%E7%8E%B0%E5%AE%9E%E7%89%88%E6%A1%83%E8%8A%B1%E6%BA%90%E8%AE%B0%E2%80%9D%E7%81%AB%E4%BA%86&sa=fyb_news&rsv_dl=fyb_news,https://fyb-2.cdn.bcebos.com/hotboard_image/7142a85e510dddac084a7fdfc6d235fd,百度热搜,实时热搜,realtime,hotlist,,2026-10-05 11:33:10
32,多名小孩用充电枪荡秋千 客服回应,近日，南宁多名小孩玩充电枪引发关注。针对此事，客服回应称严禁该行为，肯定不建议拿着去玩，并表示会让工作人员去处理，到现场查看有无相关防护措施。,4953266,https://www.baidu.com/s?wd=%E5%A4%9A%E5%90%8D%E5%B0%8F%E5%AD%A9%E7%94%A8%E5%85%85%E7%94%B5%E6%9E%AA%E8%8D%A1%E7%A7%8B%E5%8D%83+%E5%AE%A2%E6%9C%8D%E5%9B%9E%E5%BA%94&sa=fyb_news&rsv_dl=fyb_news,https://fyb-2.cdn.bcebos.com/hotboard_image/cfda685235ba293fb242ffb7493b92c2,百度热搜,实时热搜,realtime,hotlist,,2026-10-05 11:33:10
33,75岁王石要再造一个“万科”吗,9月28日，深圳深石城市更新有限公司完成注册，75岁的王石出任董事长。新公司未含房地产开发经营，瞄准城市存量资产的改造盘活与运营赛道。,4835819,https://www.baidu.com/s?wd=75%E5%B2%81%E7%8E%8B%E7%9F%B3%E8%A6%81%E5%86%8D%E9%80%A0%E4%B8%80%E4%B8%AA%E2%80%9C%E4%B8%87%E7%A7%91%E2%80%9D%E5%90%97&sa=fyb_news&rsv_dl=fyb_news,https://fyb-2.cdn.bcebos.com/hotboard_image/be6ff0430bf1eaaead30c62c5a0a5cf0,百度热搜,实时热搜,realtime,hotlist,,2026-10-05 11:33:10
34,德总理会见泽连斯基 现场响起爆炸声,10月4日，德国总理默茨在基辅会见乌克兰总统泽连斯基，承诺支持乌克兰并敦促俄罗斯停止不断升级的袭击。与此同时，基辅响起了空袭警报和爆炸声。,4759610,https://www.baidu.com/s?wd=%E5%BE%B7%E6%80%BB%E7%90%86%E4%BC%9A%E8%A7%81%E6%B3%BD%E8%BF%9E%E6%96%AF%E5%9F%BA+%E7%8E%B0%E5%9C%BA%E5%93%8D%E8%B5%B7%E7%88%86%E7%82%B8%E5%A3%B0&sa=fyb_news&rsv_dl=fyb_news,https://fyb-2.cdn.bcebos.com/hotboard_image/da6983c4dbe6009f6d532561ac15e95f,百度热搜,实时热搜,realtime,hotlist,,2026-10-05 11:33:10
35,李昊：无所谓 反正他们踢不进,10月3日，在爱知·名古屋亚运会男足铜牌赛中，中国队点球击败乌兹别克斯坦队，时隔28年再获铜牌。比赛中，门将李昊贴有对手射门习惯的水瓶被对方扔上看台。李昊赛后表示“无所谓，反正他们踢不进”。,4662331,https://www.baidu.com/s?wd=%E6%9D%8E%E6%98%8A%EF%BC%9A%E6%97%A0%E6%89%80%E8%B0%93+%E5%8F%8D%E6%AD%A3%E4%BB%96%E4%BB%AC%E8%B8%A2%E4%B8%8D%E8%BF%9B&sa=fyb_news&rsv_dl=fyb_news,https://fyb-2.cdn.bcebos.com/hotboard_image/c682ab7986c51ecc4c19ae5b3eb9eaea,百度热搜,实时热搜,realtime,hotlist,,2026-10-05 11:33:10
36,央视主持人上课太生动了,近日，新一期《你好时光》节目中，嘉宾们来到青海德尼小学为孩子们上课。撒贝宁、尼格买提等央视主持人带来电影、音乐、科学实验及美术课程。他们因材施教，将专业知识与趣味实验结合，让孩子们真听真做真感受。网友感叹央视主持人不仅专业过人，上起课来也极具风格，教育艺术拉满。,4552520,https://www.baidu.com/s?wd=%E5%A4%AE%E8%A7%86%E4%B8%BB%E6%8C%81%E4%BA%BA%E4%B8%8A%E8%AF%BE%E5%A4%AA%E7%94%9F%E5%8A%A8%E4%BA%86&sa=fyb_news&rsv_dl=fyb_news,https://fyb-2.cdn.bcebos.com/hotboard_image/7f7cb52340ad1ca8d389a1f8db9a3d4b,百度热搜,实时热搜,realtime,hotlist,,2026-10-05 11:33:10
37,摆酒未领证分手 18.8万彩礼判退10万,9月30日，中国裁判文书网公布一起彩礼纠纷案判决。黄某与焦某甲办婚礼未领证后分手，黄某索要18.8万彩礼及10万酒席钱，并质疑女儿非亲生。此前男方称女方骗婚，女方称男方隐瞒父亲瘫痪。广州中院认定双方均无过错，维持原判。,4465147,https://www.baidu.com/s?wd=%E6%91%86%E9%85%92%E6%9C%AA%E9%A2%86%E8%AF%81%E5%88%86%E6%89%8B+18.8%E4%B8%87%E5%BD%A9%E7%A4%BC%E5%88%A4%E9%80%8010%E4%B8%87&sa=fyb_news&rsv_dl=fyb_news,https://fyb-2.cdn.bcebos.com/hotboard_image/58b850f4c799c084b01df3738f0ffd9f,百度热搜,实时热搜,realtime,hotlist,,2026-10-05 11:33:10
38,“八分饱”对新能源车有影响吗,国庆前三天高速新能源车充电量大幅增长，多地服务区推行充电至80%强制离场。国网专家表示，“八分饱”充电不会损伤电池，锂电池80%后充电速度大幅变慢。车主可通过小程序查桩、错峰充电，返程时段充电压力较大，充电时需留意车辆安全。,4382822,https://www.baidu.com/s?wd=%E2%80%9C%E5%85%AB%E5%88%86%E9%A5%B1%E2%80%9D%E5%AF%B9%E6%96%B0%E8%83%BD%E6%BA%90%E8%BD%A6%E6%9C%89%E5%BD%B1%E5%93%8D%E5%90%97&sa=fyb_news&rsv_dl=fyb_news,https://fyb-2.cdn.bcebos.com/hotboard_image/bb4c430e5cd4d643ab281635ae4caf6e,百度热搜,实时热搜,realtime,hotlist,,2026-10-05 11:33:10
39,美股通宵交易要来了,预计12月6日，纳斯达克等多家机构将实施美股夜间交易扩展计划，新增纽约时间晚上9点至次日凌晨4点的交易时段。此举旨在满足海外投资者需求，并应对加密货币和预测市场带来的竞争。,4286004,https://www.baidu.com/s?wd=%E7%BE%8E%E8%82%A1%E9%80%9A%E5%AE%B5%E4%BA%A4%E6%98%93%E8%A6%81%E6%9D%A5%E4%BA%86&sa=fyb_news&rsv_dl=fyb_news,https://fyb-2.cdn.bcebos.com/hotboard_image/6f10c41ae8414fe5931de96d60602b6a,百度热搜,实时热搜,realtime,hotlist,,2026-10-05 11:33:10
40,年轻人国庆旅游偏爱“隐居山林”,晨起习练八段锦、静坐，入夜漫步山野，这般闲云野鹤的古意生活，在国庆出游热潮中悄然走红，成为年轻人追捧的新式度假方式。这类产品热度攀升，部分机构国庆团期节前就已报满。针对这股新兴度假风潮，记者采访专家，解读热潮背后的社会心态。,4164897,https://www.baidu.com/s?wd=%E5%B9%B4%E8%BD%BB%E4%BA%BA%E5%9B%BD%E5%BA%86%E6%97%85%E6%B8%B8%E5%81%8F%E7%88%B1%E2%80%9C%E9%9A%90%E5%B1%85%E5%B1%B1%E6%9E%97%E2%80%9D&sa=fyb_news&rsv_dl=fyb_news,https://fyb-2.cdn.bcebos.com/hotboard_image/c034a17e4f6fe9c6a54ef91b76d9ea43,百度热搜,实时热搜,realtime,hotlist,,2026-10-05 11:33:10
41,飞行员霸气应对外机抵近：我就是界碑,近日，央视军事披露轰-6K飞行员朱力在一次巡航任务中遭外机抵近跟监。外军飞机高速冲来企图恐吓我方改变航向。面对挑衅，朱力和战友沉着应对、毫不退让，保持高度航向不变，并高喊“我就是界碑，我不退”。,4080652,https://www.baidu.com/s?wd=%E9%A3%9E%E8%A1%8C%E5%91%98%E9%9C%B8%E6%B0%94%E5%BA%94%E5%AF%B9%E5%A4%96%E6%9C%BA%E6%8A%B5%E8%BF%91%EF%BC%9A%E6%88%91%E5%B0%B1%E6%98%AF%E7%95%8C%E7%A2%91&sa=fyb_news&rsv_dl=fyb_news,https://fyb-2.cdn.bcebos.com/hotboard_image/9765de3029011a0908628a8a69e3aaa6,百度热搜,实时热搜,realtime,hotlist,,2026-10-05 11:33:10
42,格力技工学校开学 董明珠担任校长,10月4日，董明珠担任校长的珠海市格力技工学校迎来首届新生。这所全日制民办技校吸引超8000人报名，首日326名学生报到，六成来自省外，开设九大专业，机电一体化、制冷相关专业最热门。报到后将开展入学教育，董明珠会通过多种形式与学生交流，传递工匠精神。,4003790,https://www.baidu.com/s?wd=%E6%A0%BC%E5%8A%9B%E6%8A%80%E5%B7%A5%E5%AD%A6%E6%A0%A1%E5%BC%80%E5%AD%A6+%E8%91%A3%E6%98%8E%E7%8F%A0%E6%8B%85%E4%BB%BB%E6%A0%A1%E9%95%BF&sa=fyb_news&rsv_dl=fyb_news,https://fyb-2.cdn.bcebos.com/hotboard_image/fc056f118a7f65271789d048bc047011,百度热搜,实时热搜,realtime,hotlist,,2026-10-05 11:33:10
43,村民自建“瀑布楼” 水流从5楼往下淌,10月4日，广西百色靖西禄峒镇平江村一栋村民自筹自建的“瀑布楼”走红网络。水流从5楼楼顶倾泻而下，形成独特景观，吸引不少游客专程打卡。,3902710,https://www.baidu.com/s?wd=%E6%9D%91%E6%B0%91%E8%87%AA%E5%BB%BA%E2%80%9C%E7%80%91%E5%B8%83%E6%A5%BC%E2%80%9D+%E6%B0%B4%E6%B5%81%E4%BB%8E5%E6%A5%BC%E5%BE%80%E4%B8%8B%E6%B7%8C&sa=fyb_news&rsv_dl=fyb_news,https://fyb-2.cdn.bcebos.com/hotboard_image/942a9e1f1e1ec91e70f732e651264de8,百度热搜,实时热搜,realtime,hotlist,,2026-10-05 11:33:10
44,反向旅游依然被价格背刺,国庆前夕，多名打工人为避开人潮寻找冷门小城“反向旅游”，却遭遇酒店机票价格大涨被“背刺”。此前大众为躲避拥挤挖掘低物价小城，因小众目的地酒店少、承载力小，节假日流量涌入导致酒店价格翻数倍甚至十倍。,3800405,https://www.baidu.com/s?wd=%E5%8F%8D%E5%90%91%E6%97%85%E6%B8%B8%E4%BE%9D%E7%84%B6%E8%A2%AB%E4%BB%B7%E6%A0%BC%E8%83%8C%E5%88%BA&sa=fyb_news&rsv_dl=fyb_news,https://fyb-2.cdn.bcebos.com/hotboard_image/497a36529d8006daf5b729b127a59203,百度热搜,实时热搜,realtime,hotlist,,2026-10-05 11:33:10
45,这届老外来中国扫货顺便旅个游,近日，外国游客来华“扫货”成热潮，购物从旅行附属项变为核心目的。2026年1至8月，外国人出入境超6128万人次，1至7月在华消费达2636亿元。,3703533,https://www.baidu.com/s?wd=%E8%BF%99%E5%B1%8A%E8%80%81%E5%A4%96%E6%9D%A5%E4%B8%AD%E5%9B%BD%E6%89%AB%E8%B4%A7%E9%A1%BA%E4%BE%BF%E6%97%85%E4%B8%AA%E6%B8%B8&sa=fyb_news&rsv_dl=fyb_news,https://fyb-2.cdn.bcebos.com/hotboard_image/a7f0edee0acbc1bafcd92c934983dc08,百度热搜,实时热搜,realtime,hotlist,,2026-10-05 11:33:10
46,“国民辣酱”老干妈也用上AI,国民辣酱老干妈斩获贵州省省长质量奖，2025年上线AI视觉质检系统，实现原料全溯源，不良率大幅下降，当年营收54亿元创历史新高。企业曾因二代接班换辣椒遭遇口碑业绩危机，陶华碧回归救场，如今营收增速放缓，面临行业竞争加剧等挑战。,3586955,https://www.baidu.com/s?wd=%E2%80%9C%E5%9B%BD%E6%B0%91%E8%BE%A3%E9%85%B1%E2%80%9D%E8%80%81%E5%B9%B2%E5%A6%88%E4%B9%9F%E7%94%A8%E4%B8%8AAI&sa=fyb_news&rsv_dl=fyb_news,https://fyb-2.cdn.bcebos.com/hotboard_image/480dd41df68bd29a89432bd98a96794c,百度热搜,实时热搜,realtime,hotlist,,2026-10-05 11:33:10
47,23岁小伙十一自驾吹空调5小时面瘫,,3504104,https://www.baidu.com/s?wd=23%E5%B2%81%E5%B0%8F%E4%BC%99%E5%8D%81%E4%B8%80%E8%87%AA%E9%A9%BE%E5%90%B9%E7%A9%BA%E8%B0%835%E5%B0%8F%E6%97%B6%E9%9D%A2%E7%98%AB&sa=fyb_news&rsv_dl=fyb_news,https://fyb-1.cdn.bcebos.com/fyb/de6163834f53ca92c1273fff98ac9078.jpeg,百度热搜,实时热搜,realtime,hotlist,,2026-10-05 11:33:10
48,官方通报“阿尔山景区200一晚酒店”,10月4日，阿尔山市市场监督管理局通报“二百一晚大酒店”视频核查情况。经查，该地为居民自有住宅，当事人未办执照私自提供住宿，构成无照经营，已被责令停业。通报称，入住系随团司机因无房被推荐入住，协商100元/人/晚并提供免费餐食，未发现价格欺诈。,3388776,https://www.baidu.com/s?wd=%E5%AE%98%E6%96%B9%E9%80%9A%E6%8A%A5%E2%80%9C%E9%98%BF%E5%B0%94%E5%B1%B1%E6%99%AF%E5%8C%BA200%E4%B8%80%E6%99%9A%E9%85%92%E5%BA%97%E2%80%9D&sa=fyb_news&rsv_dl=fyb_news,https://fyb-2.cdn.bcebos.com/hotboard_image/d5d0db1e2fbdf93a292f67dc0ac85e30,百度热搜,实时热搜,realtime,hotlist,,2026-10-05 11:33:10
49,担心高铁座椅传播皮肤病 有必要吗,国庆期间，高铁一次性座椅套引发热议，不少人担忧座椅传播皮肤病、感染HPV。专家称高铁消毒规范，这类间接接触传播风险很低，HPV很难在座椅表面存活。一次性座套仅有物理隔离作用，更多是心理安慰，特殊人群可针对性做好防护。,3312696,https://www.baidu.com/s?wd=%E6%8B%85%E5%BF%83%E9%AB%98%E9%93%81%E5%BA%A7%E6%A4%85%E4%BC%A0%E6%92%AD%E7%9A%AE%E8%82%A4%E7%97%85+%E6%9C%89%E5%BF%85%E8%A6%81%E5%90%97&sa=fyb_news&rsv_dl=fyb_news,https://fyb-2.cdn.bcebos.com/hotboard_image/2c3bb2b42ee8d5dbadb45acb455c7e03,百度热搜,实时热搜,realtime,hotlist,,2026-10-05 11:33:10
50,十一游客流行“跳城游”,今年双节假期，“多城串游”热度持续上升。数据显示，通过飞机、高铁串联多城的游客同比增长14%，约两成游客住进“第二城”。其背后原因是立体交通网络不断完善，如9月28日京港高铁等四条高铁同步开通提升通达性。,3235950,https://www.baidu.com/s?wd=%E5%8D%81%E4%B8%80%E6%B8%B8%E5%AE%A2%E6%B5%81%E8%A1%8C%E2%80%9C%E8%B7%B3%E5%9F%8E%E6%B8%B8%E2%80%9D&sa=fyb_news&rsv_dl=fyb_news,https://fyb-2.cdn.bcebos.com/hotboard_image/c85241829d9f4ec3cbe6b5821a479329,百度热搜,实时热搜,realtime,hotlist,,2026-10-05 11:33:10
1,过一个风清气正的节日,中秋连国庆。既是举国欢庆的日子，也是团圆相聚的时光。“洁不洁，看过节”。过好节，更要守住“节”。在清风正气中涵养浩然正气，每一名党员、干部都应在人情往来中守住原则、守住底线，在团圆欢聚时不忘规矩、不忘职责，以自身清正、担当作为为党旗增色、为节日添彩。,7904721,https://www.baidu.com/s?wd=%E8%BF%87%E4%B8%80%E4%B8%AA%E9%A3%8E%E6%B8%85%E6%B0%94%E6%AD%A3%E7%9A%84%E8%8A%82%E6%97%A5&sa=fyb_news&rsv_dl=fyb_news,https://fyb-2.cdn.bcebos.com/hotboard_image/0cc0aedd0a28055b2f8ee3cb4065d095,百度热搜,实时热搜,realtime,hotlist,,2026-10-05 12:21:26
2,缅北电诈回流人员自述被割肾经历,近日，缅北电诈回流人员唐某丰自述偷渡缅北后遭毒打倒卖，因无业绩，被诈骗团伙以卖肾抵债，在农家小院接受手术，缅北电诈犯罪残害无数受害者。,7808983,https://www.baidu.com/s?wd=%E7%BC%85%E5%8C%97%E7%94%B5%E8%AF%88%E5%9B%9E%E6%B5%81%E4%BA%BA%E5%91%98%E8%87%AA%E8%BF%B0%E8%A2%AB%E5%89%B2%E8%82%BE%E7%BB%8F%E5%8E%86&sa=fyb_news&rsv_dl=fyb_news,https://fyb-2.cdn.bcebos.com/hotboard_image/10462787ceedd584fdf8e90193fa010e,百度热搜,实时热搜,realtime,hotlist,,2026-10-05 12:21:26
3,本想见世面 没想到自己就是世面,当地时间10月4日，亚奥理事会宣布，泰国短跑运动员汶颂、中国游泳运动员于子迪分别当选第20届亚运会男子、女子最有价值运动员。网友感慨，她本想见识世面，没想到自己本身就是世面，纷纷称赞这名小将实力出众。,7711969,https://www.baidu.com/s?wd=%E6%9C%AC%E6%83%B3%E8%A7%81%E4%B8%96%E9%9D%A2+%E6%B2%A1%E6%83%B3%E5%88%B0%E8%87%AA%E5%B7%B1%E5%B0%B1%E6%98%AF%E4%B8%96%E9%9D%A2&sa=fyb_news&rsv_dl=fyb_news,https://fyb-2.cdn.bcebos.com/hotboard_image/b3aea699180f5603a031f347b928ba0a,百度热搜,实时热搜,realtime,hotlist,,2026-10-05 12:21:26
4,六张“超级大网” 如何编织,提到中国基建，很多人脑海里浮现的是高铁、大桥、超级港口。但其实，中国基建的“打开方式”早就升级了。当前，国家正在编织一套超级新基建体系——“六张网”。,7616170,https://www.baidu.com/s?wd=%E5%85%AD%E5%BC%A0%E2%80%9C%E8%B6%85%E7%BA%A7%E5%A4%A7%E7%BD%91%E2%80%9D+%E5%A6%82%E4%BD%95%E7%BC%96%E7%BB%87&sa=fyb_news&rsv_dl=fyb_news,https://fyb-2.cdn.bcebos.com/hotboard_image/16910f046580c4af112a049b93077bf8,百度热搜,实时热搜,realtime,hotlist,,2026-10-05 12:21:26
5,贵是贵了点 但吃了不烧心,“贵是贵了点，但吃了不烧心”等台词催生全网热梗“不烧心文学”，这些句子源自AI短剧里摊贩、餐馆老板的固定台词。这类短剧套用同一套模板，内容高度同质化，引发人们对流水线短剧质量的思考。,7521602,https://www.baidu.com/s?wd=%E8%B4%B5%E6%98%AF%E8%B4%B5%E4%BA%86%E7%82%B9+%E4%BD%86%E5%90%83%E4%BA%86%E4%B8%8D%E7%83%A7%E5%BF%83&sa=fyb_news&rsv_dl=fyb_news,https://fyb-2.cdn.bcebos.com/hotboard_image/3b9b7f426796a87d68efda3cf33f8401,百度热搜,实时热搜,realtime,hotlist,,2026-10-05 12:21:26
6,缅北电诈头目现金多到发霉,毗邻云南普洱的佤邦是缅北电诈主要策源地。佤邦勐波县原县长鲍岩板、勐能县原县长何春田，庇护官匪一体的电诈集团。鲍岩板家中囤积巨额现金，为防止发霉，常在房顶和院子晒钱，成为当地一景。,7427207,https://www.baidu.com/s?wd=%E7%BC%85%E5%8C%97%E7%94%B5%E8%AF%88%E5%A4%B4%E7%9B%AE%E7%8E%B0%E9%87%91%E5%A4%9A%E5%88%B0%E5%8F%91%E9%9C%89&sa=fyb_news&rsv_dl=fyb_news,https://fyb-2.cdn.bcebos.com/hotboard_image/640d7ea544fcb73ef351f327830d48e1,百度热搜,实时热搜,realtime,hotlist,,2026-10-05 12:21:26
7,丰田大降价将退出历史舞台？车企辟谣,10月5日，一汽丰田发布声明辟谣网传“丰田大降价、一汽丰田退出历史舞台”等不实消息，称保留追责权利。广汽集团拟收购一汽丰田50%股权，本次重组意在推动南北丰田协同，一汽丰田各项业务仍按计划正常推进。,7333893,https://www.baidu.com/s?wd=%E4%B8%B0%E7%94%B0%E5%A4%A7%E9%99%8D%E4%BB%B7%E5%B0%86%E9%80%80%E5%87%BA%E5%8E%86%E5%8F%B2%E8%88%9E%E5%8F%B0%EF%BC%9F%E8%BD%A6%E4%BC%81%E8%BE%9F%E8%B0%A3&sa=fyb_news&rsv_dl=fyb_news,https://fyb-2.cdn.bcebos.com/hotboard_image/7895a779d355616442eea8b18be852e1,百度热搜,实时热搜,realtime,hotlist,,2026-10-05 12:21:26
8,新乡胖东来排队约一公里,10月3日国庆假期，河南新乡胖东来门店外排队约一公里，游客等待长达3小时。该超市被视作“6A级景点”，吸引大量外地游客专程打卡消费。,7236919,https://www.baidu.com/s?wd=%E6%96%B0%E4%B9%A1%E8%83%96%E4%B8%9C%E6%9D%A5%E6%8E%92%E9%98%9F%E7%BA%A6%E4%B8%80%E5%85%AC%E9%87%8C&sa=fyb_news&rsv_dl=fyb_news,https://fyb-2.cdn.bcebos.com/hotboard_image/c0e91730c93a8f92e0c2b293cd9b249c,百度热搜,实时热搜,realtime,hotlist,,2026-10-05 12:21:26
9,超10万份孕妇血样被偷运出境,国安部发布提醒，警惕个别境外组织以“医疗检测”为名非法采集我国人血样、窃取基因资源。此前，广州海关破获一起特大走私孕妇血样系列案。涉案团伙借无创胎儿性别鉴定等噱头，累计将超10万份孕妇血液样本走私出境。,7141026,https://www.baidu.com/s?wd=%E8%B6%8510%E4%B8%87%E4%BB%BD%E5%AD%95%E5%A6%87%E8%A1%80%E6%A0%B7%E8%A2%AB%E5%81%B7%E8%BF%90%E5%87%BA%E5%A2%83&sa=fyb_news&rsv_dl=fyb_news,https://fyb-2.cdn.bcebos.com/hotboard_image/f8f2fa9c9d87e9142333c535ab91ace1,百度热搜,实时热搜,realtime,hotlist,,2026-10-05 12:21:26
10,Muse狂飙 龙虾退潮,近日，Meta推出的AI智能体Muse迅速爆火，验证了大众对个人智能代理的需求，但商业模式尚未跑通。国内大厂纷纷布局同类产品，不过国内互联网生态封闭，很难诞生跨平台的中国版Muse，只会形成各生态内的管家。此前“养龙虾”项目已落幕，大厂跟进更多是出于防守。,7044744,https://www.baidu.com/s?wd=Muse%E7%8B%82%E9%A3%99+%E9%BE%99%E8%99%BE%E9%80%80%E6%BD%AE&sa=fyb_news&rsv_dl=fyb_news,https://fyb-2.cdn.bcebos.com/hotboard_image/45ece40e39f27d55dcc3b3b87ef0f364,百度热搜,实时热搜,realtime,hotlist,,2026-10-05 12:21:26
11,安东尼奥：这一代很有机会打进世界杯,U23国足在名古屋亚运会点球击败乌兹别克斯坦，时隔28年斩获铜牌。主帅安东尼奥接受专访，回顾执教经历，称赞这批球员优秀，认为这一代球员有很大机会冲击世界杯。他介绍球队攻防打磨思路，并对即将告别青少年赛事的弟子表达肯定。,6943489,https://www.baidu.com/s?wd=%E5%AE%89%E4%B8%9C%E5%B0%BC%E5%A5%A5%EF%BC%9A%E8%BF%99%E4%B8%80%E4%BB%A3%E5%BE%88%E6%9C%89%E6%9C%BA%E4%BC%9A%E6%89%93%E8%BF%9B%E4%B8%96%E7%95%8C%E6%9D%AF&sa=fyb_news&rsv_dl=fyb_news,https://fyb-2.cdn.bcebos.com/hotboard_image/6938341b07aa752d2f8787f96678a5da,百度热搜,实时热搜,realtime,hotlist,,2026-10-05 12:21:26
12,国庆出行警惕票务诈骗陷阱,国庆返程高峰将至，火车票、机票“一票难求”，假客服、低价代购、“候补妙招”等票务骗局卷土重来，警方提醒旅客通过官方渠道购票、警惕转账。,6852852,https://www.baidu.com/s?wd=%E5%9B%BD%E5%BA%86%E5%87%BA%E8%A1%8C%E8%AD%A6%E6%83%95%E7%A5%A8%E5%8A%A1%E8%AF%88%E9%AA%97%E9%99%B7%E9%98%B1&sa=fyb_news&rsv_dl=fyb_news,https://fyb-2.cdn.bcebos.com/hotboard_image/c3294f15e10f4ba5d8205662002f45dc,百度热搜,实时热搜,realtime,hotlist,,2026-10-05 12:21:26
13,蔡康永现身台独分子竞选会场,10月4日，知名主持人蔡康永现身‌中国台湾‌地区民进党籍参选人沈伯洋的竞选总部成立大会，引发舆论广泛关注与争议。,6760763,https://www.baidu.com/s?wd=%E8%94%A1%E5%BA%B7%E6%B0%B8%E7%8E%B0%E8%BA%AB%E5%8F%B0%E7%8B%AC%E5%88%86%E5%AD%90%E7%AB%9E%E9%80%89%E4%BC%9A%E5%9C%BA&sa=fyb_news&rsv_dl=fyb_news,https://fyb-2.cdn.bcebos.com/hotboard_image/3089da88c483160f92873646e17b14e7,百度热搜,实时热搜,realtime,hotlist,,2026-10-05 12:21:26
14,马丽自曝连背三天台词不睡觉,马丽称《神探之痕迹》是她人生中最难拍的一部戏。她表示，由于该戏节奏快且含大量专业术语，对自己这个年纪的演员来说很难记住。有一场面对好几百人的戏，她连背三天台词、晚上几乎不睡觉，拍摄时依然极度紧张，直言这是这辈子拍戏最紧张的一次，永生难忘。,6656697,https://www.baidu.com/s?wd=%E9%A9%AC%E4%B8%BD%E8%87%AA%E6%9B%9D%E8%BF%9E%E8%83%8C%E4%B8%89%E5%A4%A9%E5%8F%B0%E8%AF%8D%E4%B8%8D%E7%9D%A1%E8%A7%89&sa=fyb_news&rsv_dl=fyb_news,https://fyb-2.cdn.bcebos.com/hotboard_image/0e17888bb7ed7640a979f75cc076f901,百度热搜,实时热搜,realtime,hotlist,,2026-10-05 12:21:26
15,大量网友抵制蔡康永,4日晚，零跑汽车声明称蔡康永非代言人，已下线与其相关全部内容并保留追究法律责任。此前，蔡康永亮相“台独”顽固分子沈伯洋在台北市举行的竞选总部成立大会，其账号遭大量网友抵制。,6570264,https://www.baidu.com/s?wd=%E5%A4%A7%E9%87%8F%E7%BD%91%E5%8F%8B%E6%8A%B5%E5%88%B6%E8%94%A1%E5%BA%B7%E6%B0%B8&sa=fyb_news&rsv_dl=fyb_news,https://fyb-2.cdn.bcebos.com/hotboard_image/fad562ee6bf5873ca4ac927b23cb00c3,百度热搜,实时热搜,realtime,hotlist,,2026-10-05 12:21:26
16,陈思诚这次把“唐探”商标撕了,10月1日，陈思诚执导的电影《神探之痕迹》上映，首日票房约7100万，国庆档累计票房达2.8亿。该片与以往“唐探”系列不同，不再依赖反转取胜，而是以痕检专家崔道植为蓝本，聚焦真实的物证检验过程。,6466831,https://www.baidu.com/s?wd=%E9%99%88%E6%80%9D%E8%AF%9A%E8%BF%99%E6%AC%A1%E6%8A%8A%E2%80%9C%E5%94%90%E6%8E%A2%E2%80%9D%E5%95%86%E6%A0%87%E6%92%95%E4%BA%86&sa=fyb_news&rsv_dl=fyb_news,https://fyb-2.cdn.bcebos.com/hotboard_image/1f517f343bd982443e5a125661208e9d,百度热搜,实时热搜,realtime,hotlist,,2026-10-05 12:21:26
17,陈飞宇演反派吓到自己和父母,近日，电影《神探之痕迹》在长沙路演，张译、马丽、陈飞宇等出席。活动中，张译与马丽盛赞陈飞宇演技“太炸裂了”。陈飞宇透露，其父母陈凯歌与陈红去影院观影时，也被其反派造型吓到。,6367876,https://www.baidu.com/s?wd=%E9%99%88%E9%A3%9E%E5%AE%87%E6%BC%94%E5%8F%8D%E6%B4%BE%E5%90%93%E5%88%B0%E8%87%AA%E5%B7%B1%E5%92%8C%E7%88%B6%E6%AF%8D&sa=fyb_news&rsv_dl=fyb_news,https://fyb-2.cdn.bcebos.com/hotboard_image/61badab0787d3b0162116fe49e9958fb,百度热搜,实时热搜,realtime,hotlist,,2026-10-05 12:21:26
18,张译现场科普指甲的秘密,近日，张译在电影《神探之痕迹》路演现场科普，澄清指甲上的竖纹并非生病而是正常现象。他强调，每个人从出生起指甲形态就固定且独一无二，如同伴随一生的人生密码。,6272855,https://www.baidu.com/s?wd=%E5%BC%A0%E8%AF%91%E7%8E%B0%E5%9C%BA%E7%A7%91%E6%99%AE%E6%8C%87%E7%94%B2%E7%9A%84%E7%A7%98%E5%AF%86&sa=fyb_news&rsv_dl=fyb_news,https://fyb-2.cdn.bcebos.com/hotboard_image/78e4891ff197cd3f5af5d73fca431580,百度热搜,实时热搜,realtime,hotlist,,2026-10-05 12:21:26
19,民进党用高压水炮对大陆渔船喷射90秒,10月1日，台海巡署“云林”舰在东沙岛以东约27海里处，向未及时撤离的大陆“金沙号”渔船驾驶舱喷射高压水炮约90秒，致渔船动力受损、船员被困。,6191631,https://www.baidu.com/s?wd=%E6%B0%91%E8%BF%9B%E5%85%9A%E7%94%A8%E9%AB%98%E5%8E%8B%E6%B0%B4%E7%82%AE%E5%AF%B9%E5%A4%A7%E9%99%86%E6%B8%94%E8%88%B9%E5%96%B7%E5%B0%8490%E7%A7%92&sa=fyb_news&rsv_dl=fyb_news,https://fyb-2.cdn.bcebos.com/hotboard_image/eee7a110cd07bc82c2ebfa6ab5bd0835,百度热搜,实时热搜,realtime,hotlist,,2026-10-05 12:21:26
20,被执行死刑的巫鸿明、白应苍出镜,10月5日至7日，纪录片《缅北电诈覆灭纪实》首播，曝光缅北电诈黑暗生态。片中，缅北明家犯罪集团首要分子巫鸿明、白家首要分子白应苍出镜，两人已分别于2026年1月29日、2月2日被执行死刑。,6094388,https://www.baidu.com/s?wd=%E8%A2%AB%E6%89%A7%E8%A1%8C%E6%AD%BB%E5%88%91%E7%9A%84%E5%B7%AB%E9%B8%BF%E6%98%8E%E3%80%81%E7%99%BD%E5%BA%94%E8%8B%8D%E5%87%BA%E9%95%9C&sa=fyb_news&rsv_dl=fyb_news,https://fyb-2.cdn.bcebos.com/hotboard_image/1fd9236b5e3ac860a26d1f224828ad5c,百度热搜,实时热搜,realtime,hotlist,,2026-10-05 12:21:26
21,日本罕见1天3次强烈抗议美国,近日，日本罕见在一天内3次向美国提出强烈抗议，针对驻冲绳美军在酒店劫杀日本女子事件。日本防卫省、外务省等相继表态，要求美军整顿军纪并配合调查。,5998094,https://www.baidu.com/s?wd=%E6%97%A5%E6%9C%AC%E7%BD%95%E8%A7%811%E5%A4%A93%E6%AC%A1%E5%BC%BA%E7%83%88%E6%8A%97%E8%AE%AE%E7%BE%8E%E5%9B%BD&sa=fyb_news&rsv_dl=fyb_news,https://fyb-2.cdn.bcebos.com/hotboard_image/bbb0edf87ef52f58e58b3f243bd2f3c3,百度热搜,实时热搜,realtime,hotlist,,2026-10-05 12:21:26
22,村民自建“瀑布楼” 水流从5楼往下淌,10月4日，广西百色靖西禄峒镇平江村一栋村民自筹自建的“瀑布楼”走红网络。水流从5楼楼顶倾泻而下，形成独特景观，吸引不少游客专程打卡。,5896122,https://www.baidu.com/s?wd=%E6%9D%91%E6%B0%91%E8%87%AA%E5%BB%BA%E2%80%9C%E7%80%91%E5%B8%83%E6%A5%BC%E2%80%9D+%E6%B0%B4%E6%B5%81%E4%BB%8E5%E6%A5%BC%E5%BE%80%E4%B8%8B%E6%B7%8C&sa=fyb_news&rsv_dl=fyb_news,https://fyb-2.cdn.bcebos.com/hotboard_image/942a9e1f1e1ec91e70f732e651264de8,百度热搜,实时热搜,realtime,hotlist,,2026-10-05 12:21:26
23,杭州商K大面积关停,近日，杭州天际线、iN11等高端商K因专项整顿被大面积关停，部分营业执照被吊销，行业一夜清零。此前，包厢内发生猥亵案致人员被刑拘、公职人员被免职，突破监管底线引发此次整顿。主打隐秘奢华商务社交的商K曾以高价酒及分等级“演员”服务为卖点，如今已全面停摆。,5792112,https://www.baidu.com/s?wd=%E6%9D%AD%E5%B7%9E%E5%95%86K%E5%A4%A7%E9%9D%A2%E7%A7%AF%E5%85%B3%E5%81%9C&sa=fyb_news&rsv_dl=fyb_news,https://fyb-2.cdn.bcebos.com/hotboard_image/461ba6e96cf4b390eca1c079b574843b,百度热搜,实时热搜,realtime,hotlist,,2026-10-05 12:21:26
24,重庆“落地签” 隐患,国庆重庆网红“落地签”商拍暗藏隐患：南滨路摩托商拍存在脱把、占道、蛇形行驶扰民问题；洪崖洞江滩拍摄点位湿滑无防护。专家建议精细化管控，多方呼吁出台行业规范保障安全。,5706652,https://www.baidu.com/s?wd=%E9%87%8D%E5%BA%86%E2%80%9C%E8%90%BD%E5%9C%B0%E7%AD%BE%E2%80%9D+%E9%9A%90%E6%82%A3&sa=fyb_news&rsv_dl=fyb_news,https://fyb-2.cdn.bcebos.com/hotboard_image/6c7dbc32745c162ade28045e0e73e072,百度热搜,实时热搜,realtime,hotlist,,2026-10-05 12:21:26
25,河南爆火景区要IPO了,近期，开封清明上河园递交港交所上市申请，有望成为河南文旅第一股。该景区依托宋文化实景演艺，客流旺盛，但营收高度依赖门票与演出，近年利润承压。本次募资用于园区扩建、新剧打造等，试图突破单一门票经济，与开封万岁山形成差异化竞争。,5602226,https://www.baidu.com/s?wd=%E6%B2%B3%E5%8D%97%E7%88%86%E7%81%AB%E6%99%AF%E5%8C%BA%E8%A6%81IPO%E4%BA%86&sa=fyb_news&rsv_dl=fyb_news,https://fyb-2.cdn.bcebos.com/hotboard_image/2768619b4ab41b81aca7a0fab34eeebb,百度热搜,实时热搜,realtime,hotlist,,2026-10-05 12:21:26
26,松岛辉空成史上最年轻世界第一,,5505072,https://www.baidu.com/s?wd=%E6%9D%BE%E5%B2%9B%E8%BE%89%E7%A9%BA%E6%88%90%E5%8F%B2%E4%B8%8A%E6%9C%80%E5%B9%B4%E8%BD%BB%E4%B8%96%E7%95%8C%E7%AC%AC%E4%B8%80&sa=fyb_news&rsv_dl=fyb_news,https://fyb-1.cdn.bcebos.com/fyb/de6163834f53ca92c1273fff98ac9078.jpeg,百度热搜,实时热搜,realtime,hotlist,,2026-10-05 12:21:26
27,特警礼貌拒绝老外过于热情的动作,国庆假期的上海外滩人头攒动，不少游客都会找执勤民警合影留念。其中一段视频在国内外社交平台走红，视频里上海女特警大方答应外国游客的合影请求，可对方拍照时突然伸手想要搂肩，被她礼貌且坚定地拒绝。,5412899,https://www.baidu.com/s?wd=%E7%89%B9%E8%AD%A6%E7%A4%BC%E8%B2%8C%E6%8B%92%E7%BB%9D%E8%80%81%E5%A4%96%E8%BF%87%E4%BA%8E%E7%83%AD%E6%83%85%E7%9A%84%E5%8A%A8%E4%BD%9C&sa=fyb_news&rsv_dl=fyb_news,https://fyb-2.cdn.bcebos.com/hotboard_image/9b27c315a472405f3f0ab286427abda7,百度热搜,实时热搜,realtime,hotlist,,2026-10-05 12:21:26
28,杭州“现实版桃花源记”火了,4日下午，记者实地探访杭州突然走红的宝石山隧道。该隧道连接居民区与西湖断桥，步行2分钟即可走完，穿过幽暗通道后视野豁然开朗。此前，网友发帖推荐此秘境并赞其为“现实版桃花源记”。,5335641,https://www.baidu.com/s?wd=%E6%9D%AD%E5%B7%9E%E2%80%9C%E7%8E%B0%E5%AE%9E%E7%89%88%E6%A1%83%E8%8A%B1%E6%BA%90%E8%AE%B0%E2%80%9D%E7%81%AB%E4%BA%86&sa=fyb_news&rsv_dl=fyb_news,https://fyb-2.cdn.bcebos.com/hotboard_image/7142a85e510dddac084a7fdfc6d235fd,百度热搜,实时热搜,realtime,hotlist,,2026-10-05 12:21:26
29,高速拥堵女子憋尿被送进急诊,国庆高速拥堵，有女子途中憋尿被送急诊。不少女性为减少如厕刻意少喝水、长时间憋尿。西安医生称长假常接诊这类泌尿系不适患者，严重可引发急性肾盂肾炎。妊娠期、绝经女性风险更高，建议科学饮水，出现相关症状及时就医。,5239086,https://www.baidu.com/s?wd=%E9%AB%98%E9%80%9F%E6%8B%A5%E5%A0%B5%E5%A5%B3%E5%AD%90%E6%86%8B%E5%B0%BF%E8%A2%AB%E9%80%81%E8%BF%9B%E6%80%A5%E8%AF%8A&sa=fyb_news&rsv_dl=fyb_news,https://fyb-2.cdn.bcebos.com/hotboard_image/b340028212c1c43ed48d268bdf46773a,百度热搜,实时热搜,realtime,hotlist,,2026-10-05 12:21:26
30,多名小孩用充电枪荡秋千 客服回应,近日，南宁多名小孩玩充电枪引发关注。针对此事，客服回应称严禁该行为，肯定不建议拿着去玩，并表示会让工作人员去处理，到现场查看有无相关防护措施。,5129544,https://www.baidu.com/s?wd=%E5%A4%9A%E5%90%8D%E5%B0%8F%E5%AD%A9%E7%94%A8%E5%85%85%E7%94%B5%E6%9E%AA%E8%8D%A1%E7%A7%8B%E5%8D%83+%E5%AE%A2%E6%9C%8D%E5%9B%9E%E5%BA%94&sa=fyb_news&rsv_dl=fyb_news,https://fyb-2.cdn.bcebos.com/hotboard_image/cfda685235ba293fb242ffb7493b92c2,百度热搜,实时热搜,realtime,hotlist,,2026-10-05 12:21:26
31,央媒曝光外卖“明厨亮灶”造假,10月4日，市场监管总局迅速部署多地核查处置央媒曝光的外卖“明厨亮灶”造假等问题。当日，武汉市监局对曝光商户立案调查并督促下架；丽江市对涉事门店停业整顿并立案调查，开展集中整治。此前，央视曝光多地外卖商户监控刻意避开后厨核心区，后厨脏乱差甚至有老鼠出没。,5048546,https://www.baidu.com/s?wd=%E5%A4%AE%E5%AA%92%E6%9B%9D%E5%85%89%E5%A4%96%E5%8D%96%E2%80%9C%E6%98%8E%E5%8E%A8%E4%BA%AE%E7%81%B6%E2%80%9D%E9%80%A0%E5%81%87&sa=fyb_news&rsv_dl=fyb_news,https://fyb-2.cdn.bcebos.com/hotboard_image/6f3bc42ee4913b5fcce06f1ab1e1265f,百度热搜,实时热搜,realtime,hotlist,,2026-10-05 12:21:26
32,德总理会见泽连斯基 现场响起爆炸声,10月4日，德国总理默茨在基辅会见乌克兰总统泽连斯基，承诺支持乌克兰并敦促俄罗斯停止不断升级的袭击。与此同时，基辅响起了空袭警报和爆炸声。,4942857,https://www.baidu.com/s?wd=%E5%BE%B7%E6%80%BB%E7%90%86%E4%BC%9A%E8%A7%81%E6%B3%BD%E8%BF%9E%E6%96%AF%E5%9F%BA+%E7%8E%B0%E5%9C%BA%E5%93%8D%E8%B5%B7%E7%88%86%E7%82%B8%E5%A3%B0&sa=fyb_news&rsv_dl=fyb_news,https://fyb-2.cdn.bcebos.com/hotboard_image/da6983c4dbe6009f6d532561ac15e95f,百度热搜,实时热搜,realtime,hotlist,,2026-10-05 12:21:26
33,店还没开就有“差评”了,近日，拥有900多万粉丝的汽车博主韩路发文，其新开的烤串店尚未营业，美团、高德、大众点评上就出现多条编造消费经历的差评并冲上热搜。韩路质疑平台审核机制，高德已清理虚假评论并作出回应，美团、大众点评暂未公开回复，相关差评现已全部清除。,4850713,https://www.baidu.com/s?wd=%E5%BA%97%E8%BF%98%E6%B2%A1%E5%BC%80%E5%B0%B1%E6%9C%89%E2%80%9C%E5%B7%AE%E8%AF%84%E2%80%9D%E4%BA%86&sa=fyb_news&rsv_dl=fyb_news,https://fyb-2.cdn.bcebos.com/hotboard_image/f789364c8e4fc50f1fe001810560db7c,百度热搜,实时热搜,realtime,hotlist,,2026-10-05 12:21:26
34,上海一书店试行25元入场费,近日，上海小森林独立书店国庆起试行新规，临时到店需付25元入场费，费用可抵扣消费，小程序提前预约则免费。店主称此举是筛选打卡客流、引导维护空间，并非为盈利，该自助运营模式引发行业讨论。,4751144,https://www.baidu.com/s?wd=%E4%B8%8A%E6%B5%B7%E4%B8%80%E4%B9%A6%E5%BA%97%E8%AF%95%E8%A1%8C25%E5%85%83%E5%85%A5%E5%9C%BA%E8%B4%B9&sa=fyb_news&rsv_dl=fyb_news,https://fyb-2.cdn.bcebos.com/hotboard_image/86c7cfbf3b51f4d1549e298bf2bb00cd,百度热搜,实时热搜,realtime,hotlist,,2026-10-05 12:21:26
35,央视主持人上课太生动了,近日，新一期《你好时光》节目中，嘉宾们来到青海德尼小学为孩子们上课。撒贝宁、尼格买提等央视主持人带来电影、音乐、科学实验及美术课程。他们因材施教，将专业知识与趣味实验结合，让孩子们真听真做真感受。网友感叹央视主持人不仅专业过人，上起课来也极具风格，教育艺术拉满。,4661885,https://www.baidu.com/s?wd=%E5%A4%AE%E8%A7%86%E4%B8%BB%E6%8C%81%E4%BA%BA%E4%B8%8A%E8%AF%BE%E5%A4%AA%E7%94%9F%E5%8A%A8%E4%BA%86&sa=fyb_news&rsv_dl=fyb_news,https://fyb-2.cdn.bcebos.com/hotboard_image/7f7cb52340ad1ca8d389a1f8db9a3d4b,百度热搜,实时热搜,realtime,hotlist,,2026-10-05 12:21:26
36,75岁王石要再造一个“万科”吗,9月28日，深圳深石城市更新有限公司完成注册，75岁的王石出任董事长。新公司未含房地产开发经营，瞄准城市存量资产的改造盘活与运营赛道。,4562010,https://www.baidu.com/s?wd=75%E5%B2%81%E7%8E%8B%E7%9F%B3%E8%A6%81%E5%86%8D%E9%80%A0%E4%B8%80%E4%B8%AA%E2%80%9C%E4%B8%87%E7%A7%91%E2%80%9D%E5%90%97&sa=fyb_news&rsv_dl=fyb_news,https://fyb-2.cdn.bcebos.com/hotboard_image/be6ff0430bf1eaaead30c62c5a0a5cf0,百度热搜,实时热搜,realtime,hotlist,,2026-10-05 12:21:26
37,本以为只是街头表演者 没想到是大神,,4458326,https://www.baidu.com/s?wd=%E6%9C%AC%E4%BB%A5%E4%B8%BA%E5%8F%AA%E6%98%AF%E8%A1%97%E5%A4%B4%E8%A1%A8%E6%BC%94%E8%80%85+%E6%B2%A1%E6%83%B3%E5%88%B0%E6%98%AF%E5%A4%A7%E7%A5%9E&sa=fyb_news&rsv_dl=fyb_news,https://fyb-1.cdn.bcebos.com/fyb/de6163834f53ca92c1273fff98ac9078.jpeg,百度热搜,实时热搜,realtime,hotlist,,2026-10-05 12:21:26
38,美股通宵交易要来了,预计12月6日，纳斯达克等多家机构将实施美股夜间交易扩展计划，新增纽约时间晚上9点至次日凌晨4点的交易时段。此举旨在满足海外投资者需求，并应对加密货币和预测市场带来的竞争。,4360568,https://www.baidu.com/s?wd=%E7%BE%8E%E8%82%A1%E9%80%9A%E5%AE%B5%E4%BA%A4%E6%98%93%E8%A6%81%E6%9D%A5%E4%BA%86&sa=fyb_news&rsv_dl=fyb_news,https://fyb-2.cdn.bcebos.com/hotboard_image/6f10c41ae8414fe5931de96d60602b6a,百度热搜,实时热搜,realtime,hotlist,,2026-10-05 12:21:26
39,零跑汽车下线蔡康永全部内容,10月4日，“蔡康永现身台独分子竞选现场”话题登上热搜。零跑汽车发布声明，表明坚持一个中国原则，反对“台独”分裂言行。声明称蔡康永只是过往合作艺人，并非品牌代言人，现已下架其相关全部内容并保留追责权利，后续会强化合作方背景审核。,4262288,https://www.baidu.com/s?wd=%E9%9B%B6%E8%B7%91%E6%B1%BD%E8%BD%A6%E4%B8%8B%E7%BA%BF%E8%94%A1%E5%BA%B7%E6%B0%B8%E5%85%A8%E9%83%A8%E5%86%85%E5%AE%B9&sa=fyb_news&rsv_dl=fyb_news,https://fyb-2.cdn.bcebos.com/hotboard_image/15e4ddae12276e5fd87bb0dbd8fd498b,百度热搜,实时热搜,realtime,hotlist,,2026-10-05 12:21:26
40,高铁遗落10万 失主淡定：相信旅客素质,,4194164,https://www.baidu.com/s?wd=%E9%AB%98%E9%93%81%E9%81%97%E8%90%BD10%E4%B8%87+%E5%A4%B1%E4%B8%BB%E6%B7%A1%E5%AE%9A%EF%BC%9A%E7%9B%B8%E4%BF%A1%E6%97%85%E5%AE%A2%E7%B4%A0%E8%B4%A8&sa=fyb_news&rsv_dl=fyb_news,https://fyb-1.cdn.bcebos.com/fyb/de6163834f53ca92c1273fff98ac9078.jpeg,百度热搜,实时热搜,realtime,hotlist,,2026-10-05 12:21:26
41,反向旅游依然被价格背刺,国庆前夕，多名打工人为避开人潮寻找冷门小城“反向旅游”，却遭遇酒店机票价格大涨被“背刺”。此前大众为躲避拥挤挖掘低物价小城，因小众目的地酒店少、承载力小，节假日流量涌入导致酒店价格翻数倍甚至十倍。,4093383,https://www.baidu.com/s?wd=%E5%8F%8D%E5%90%91%E6%97%85%E6%B8%B8%E4%BE%9D%E7%84%B6%E8%A2%AB%E4%BB%B7%E6%A0%BC%E8%83%8C%E5%88%BA&sa=fyb_news&rsv_dl=fyb_news,https://fyb-2.cdn.bcebos.com/hotboard_image/497a36529d8006daf5b729b127a59203,百度热搜,实时热搜,realtime,hotlist,,2026-10-05 12:21:26
42,这届老外来中国扫货顺便旅个游,近日，外国游客来华“扫货”成热潮，购物从旅行附属项变为核心目的。2026年1至8月，外国人出入境超6128万人次，1至7月在华消费达2636亿元。,3974751,https://www.baidu.com/s?wd=%E8%BF%99%E5%B1%8A%E8%80%81%E5%A4%96%E6%9D%A5%E4%B8%AD%E5%9B%BD%E6%89%AB%E8%B4%A7%E9%A1%BA%E4%BE%BF%E6%97%85%E4%B8%AA%E6%B8%B8&sa=fyb_news&rsv_dl=fyb_news,https://fyb-2.cdn.bcebos.com/hotboard_image/a7f0edee0acbc1bafcd92c934983dc08,百度热搜,实时热搜,realtime,hotlist,,2026-10-05 12:21:26
43,“国民辣酱”老干妈也用上AI,国民辣酱老干妈斩获贵州省省长质量奖，2025年上线AI视觉质检系统，实现原料全溯源，不良率大幅下降，当年营收54亿元创历史新高。企业曾因二代接班换辣椒遭遇口碑业绩危机，陶华碧回归救场，如今营收增速放缓，面临行业竞争加剧等挑战。,3895165,https://www.baidu.com/s?wd=%E2%80%9C%E5%9B%BD%E6%B0%91%E8%BE%A3%E9%85%B1%E2%80%9D%E8%80%81%E5%B9%B2%E5%A6%88%E4%B9%9F%E7%94%A8%E4%B8%8AAI&sa=fyb_news&rsv_dl=fyb_news,https://fyb-2.cdn.bcebos.com/hotboard_image/480dd41df68bd29a89432bd98a96794c,百度热搜,实时热搜,realtime,hotlist,,2026-10-05 12:21:26
44,网友称奶茶中喝出壁虎 商家：已报警,近日，广东湛江一网友发帖称，在果物集奶茶中喝出壁虎，质疑商家存在食品安全问题。涉事商家回应称，顾客取餐7小时后才反馈奶茶有问题，否认制作环节存在问题，表示店内有监控，目前已报警。,3813432,https://www.baidu.com/s?wd=%E7%BD%91%E5%8F%8B%E7%A7%B0%E5%A5%B6%E8%8C%B6%E4%B8%AD%E5%96%9D%E5%87%BA%E5%A3%81%E8%99%8E+%E5%95%86%E5%AE%B6%EF%BC%9A%E5%B7%B2%E6%8A%A5%E8%AD%A6&sa=fyb_news&rsv_dl=fyb_news,https://fyb-2.cdn.bcebos.com/hotboard_image/8ae55440dbc9c757ec1755581e4d4157,百度热搜,实时热搜,realtime,hotlist,,2026-10-05 12:21:26
45,担心高铁座椅传播皮肤病 有必要吗,国庆期间，高铁一次性座椅套引发热议，不少人担忧座椅传播皮肤病、感染HPV。专家称高铁消毒规范，这类间接接触传播风险很低，HPV很难在座椅表面存活。一次性座套仅有物理隔离作用，更多是心理安慰，特殊人群可针对性做好防护。,3679257,https://www.baidu.com/s?wd=%E6%8B%85%E5%BF%83%E9%AB%98%E9%93%81%E5%BA%A7%E6%A4%85%E4%BC%A0%E6%92%AD%E7%9A%AE%E8%82%A4%E7%97%85+%E6%9C%89%E5%BF%85%E8%A6%81%E5%90%97&sa=fyb_news&rsv_dl=fyb_news,https://fyb-2.cdn.bcebos.com/hotboard_image/2c3bb2b42ee8d5dbadb45acb455c7e03,百度热搜,实时热搜,realtime,hotlist,,2026-10-05 12:21:26
46,用户投诉说脏话 AI客服回复也含脏话,10月3日，用户林莉在票务平台两分钟内退票被扣16元手续费，平台承诺的代金券迟迟未到。她沟通时发送脏话，AI客服竟回以脏话。平台后续称已补发代金券，并表示会核查AI骂人事件。,3599408,https://www.baidu.com/s?wd=%E7%94%A8%E6%88%B7%E6%8A%95%E8%AF%89%E8%AF%B4%E8%84%8F%E8%AF%9D+AI%E5%AE%A2%E6%9C%8D%E5%9B%9E%E5%A4%8D%E4%B9%9F%E5%90%AB%E8%84%8F%E8%AF%9D&sa=fyb_news&rsv_dl=fyb_news,https://fyb-2.cdn.bcebos.com/hotboard_image/b635ee469554c66a83c2e86aec54f388,百度热搜,实时热搜,realtime,hotlist,,2026-10-05 12:21:26
47,越来越多90后患冠心病,世界心脏日相关提醒，如今90后冠心病患者增多，出现“人未老心先衰”现象。熬夜、作息紊乱、突击运动等会损伤心脏，中青年斑块更易破裂，情绪剧烈波动也会伤心脏，专家建议尽早养护心脏。,3504238,https://www.baidu.com/s?wd=%E8%B6%8A%E6%9D%A5%E8%B6%8A%E5%A4%9A90%E5%90%8E%E6%82%A3%E5%86%A0%E5%BF%83%E7%97%85&sa=fyb_news&rsv_dl=fyb_news,https://fyb-2.cdn.bcebos.com/hotboard_image/1358204240e00dfa29f7bb54b100cea0,百度热搜,实时热搜,realtime,hotlist,,2026-10-05 12:21:26
48,飞行员霸气应对外机抵近：我就是界碑,近日，央视军事披露轰-6K飞行员朱力在一次巡航任务中遭外机抵近跟监。外军飞机高速冲来企图恐吓我方改变航向。面对挑衅，朱力和战友沉着应对、毫不退让，保持高度航向不变，并高喊“我就是界碑，我不退”。,3400572,https://www.baidu.com/s?wd=%E9%A3%9E%E8%A1%8C%E5%91%98%E9%9C%B8%E6%B0%94%E5%BA%94%E5%AF%B9%E5%A4%96%E6%9C%BA%E6%8A%B5%E8%BF%91%EF%BC%9A%E6%88%91%E5%B0%B1%E6%98%AF%E7%95%8C%E7%A2%91&sa=fyb_news&rsv_dl=fyb_news,https://fyb-2.cdn.bcebos.com/hotboard_image/9765de3029011a0908628a8a69e3aaa6,百度热搜,实时热搜,realtime,hotlist,,2026-10-05 12:21:26
49,邓紫棋演唱会遇暴雨 现场状况百出,邓紫棋深圳演唱会遇暴雨！现场状况百出，隐形眼镜翻了、耳返话筒失灵，其全程坚持冒雨演出。,3301575,https://www.baidu.com/s?wd=%E9%82%93%E7%B4%AB%E6%A3%8B%E6%BC%94%E5%94%B1%E4%BC%9A%E9%81%87%E6%9A%B4%E9%9B%A8+%E7%8E%B0%E5%9C%BA%E7%8A%B6%E5%86%B5%E7%99%BE%E5%87%BA&sa=fyb_news&rsv_dl=fyb_news,https://fyb-2.cdn.bcebos.com/hotboard_image/84b471b08b60ed49f5949cd19ae207e7,百度热搜,实时热搜,realtime,hotlist,,2026-10-05 12:21:26
50,摆酒未领证分手 18.8万彩礼判退10万,9月30日，中国裁判文书网公布一起彩礼纠纷案判决。黄某与焦某甲办婚礼未领证后分手，黄某索要18.8万彩礼及10万酒席钱，并质疑女儿非亲生。此前男方称女方骗婚，女方称男方隐瞒父亲瘫痪。广州中院认定双方均无过错，维持原判。,3197172,https://www.baidu.com/s?wd=%E6%91%86%E9%85%92%E6%9C%AA%E9%A2%86%E8%AF%81%E5%88%86%E6%89%8B+18.8%E4%B8%87%E5%BD%A9%E7%A4%BC%E5%88%A4%E9%80%8010%E4%B8%87&sa=fyb_news&rsv_dl=fyb_news,https://fyb-2.cdn.bcebos.com/hotboard_image/58b850f4c799c084b01df3738f0ffd9f,百度热搜,实时热搜,realtime,hotlist,,2026-10-05 12:21:26
1,过一个风清气正的节日,中秋连国庆。既是举国欢庆的日子，也是团圆相聚的时光。“洁不洁，看过节”。过好节，更要守住“节”。在清风正气中涵养浩然正气，每一名党员、干部都应在人情往来中守住原则、守住底线，在团圆欢聚时不忘规矩、不忘职责，以自身清正、担当作为为党旗增色、为节日添彩。,7904791,https://www.baidu.com/s?wd=%E8%BF%87%E4%B8%80%E4%B8%AA%E9%A3%8E%E6%B8%85%E6%B0%94%E6%AD%A3%E7%9A%84%E8%8A%82%E6%97%A5&sa=fyb_news&rsv_dl=fyb_news,https://fyb-2.cdn.bcebos.com/hotboard_image/0cc0aedd0a28055b2f8ee3cb4065d095,百度热搜,实时热搜,realtime,hotlist,,2026-10-05 13:07:09
2,缅北电诈头目现金多到发霉,毗邻云南普洱的佤邦是缅北电诈主要策源地。佤邦勐波县原县长鲍岩板、勐能县原县长何春田，庇护官匪一体的电诈集团。鲍岩板家中囤积巨额现金，为防止发霉，常在房顶和院子晒钱，成为当地一景。,7809344,https://www.baidu.com/s?wd=%E7%BC%85%E5%8C%97%E7%94%B5%E8%AF%88%E5%A4%B4%E7%9B%AE%E7%8E%B0%E9%87%91%E5%A4%9A%E5%88%B0%E5%8F%91%E9%9C%89&sa=fyb_news&rsv_dl=fyb_news,https://fyb-2.cdn.bcebos.com/hotboard_image/640d7ea544fcb73ef351f327830d48e1,百度热搜,实时热搜,realtime,hotlist,,2026-10-05 13:07:09
3,被执行死刑的巫鸿明、白应苍出镜,10月5日至7日，纪录片《缅北电诈覆灭纪实》首播，曝光缅北电诈黑暗生态。片中，缅北明家犯罪集团首要分子巫鸿明、白家首要分子白应苍出镜，两人已分别于2026年1月29日、2月2日被执行死刑。,7712017,https://www.baidu.com/s?wd=%E8%A2%AB%E6%89%A7%E8%A1%8C%E6%AD%BB%E5%88%91%E7%9A%84%E5%B7%AB%E9%B8%BF%E6%98%8E%E3%80%81%E7%99%BD%E5%BA%94%E8%8B%8D%E5%87%BA%E9%95%9C&sa=fyb_news&rsv_dl=fyb_news,https://fyb-2.cdn.bcebos.com/hotboard_image/1fd9236b5e3ac860a26d1f224828ad5c,百度热搜,实时热搜,realtime,hotlist,,2026-10-05 13:07:09
4,六张“超级大网” 如何编织,提到中国基建，很多人脑海里浮现的是高铁、大桥、超级港口。但其实，中国基建的“打开方式”早就升级了。当前，国家正在编织一套超级新基建体系——“六张网”。,7617025,https://www.baidu.com/s?wd=%E5%85%AD%E5%BC%A0%E2%80%9C%E8%B6%85%E7%BA%A7%E5%A4%A7%E7%BD%91%E2%80%9D+%E5%A6%82%E4%BD%95%E7%BC%96%E7%BB%87&sa=fyb_news&rsv_dl=fyb_news,https://fyb-2.cdn.bcebos.com/hotboard_image/16910f046580c4af112a049b93077bf8,百度热搜,实时热搜,realtime,hotlist,,2026-10-05 13:07:09
5,松岛辉空成史上最年轻世界第一,10月5日，19岁日本选手‌松岛辉空‌登顶男单世界第一，以19岁5个月零6天成史上最年轻世界第一。‌王楚钦‌跌至第四，国乒男单无缘前三。,7519959,https://www.baidu.com/s?wd=%E6%9D%BE%E5%B2%9B%E8%BE%89%E7%A9%BA%E6%88%90%E5%8F%B2%E4%B8%8A%E6%9C%80%E5%B9%B4%E8%BD%BB%E4%B8%96%E7%95%8C%E7%AC%AC%E4%B8%80&sa=fyb_news&rsv_dl=fyb_news,https://fyb-2.cdn.bcebos.com/hotboard_image/0373c7a2dd11d447ff813c7bba031c14,百度热搜,实时热搜,realtime,hotlist,,2026-10-05 13:07:09
6,重庆“落地签” 隐患,国庆重庆网红“落地签”商拍暗藏隐患：南滨路摩托商拍存在脱把、占道、蛇形行驶扰民问题；洪崖洞江滩拍摄点位湿滑无防护。专家建议精细化管控，多方呼吁出台行业规范保障安全。,7429340,https://www.baidu.com/s?wd=%E9%87%8D%E5%BA%86%E2%80%9C%E8%90%BD%E5%9C%B0%E7%AD%BE%E2%80%9D+%E9%9A%90%E6%82%A3&sa=fyb_news&rsv_dl=fyb_news,https://fyb-2.cdn.bcebos.com/hotboard_image/6c7dbc32745c162ade28045e0e73e072,百度热搜,实时热搜,realtime,hotlist,,2026-10-05 13:07:09
7,本以为只是街头表演者 没想到是大神,国庆期间‌，网友在‌重庆‌游玩时偶遇两位‌街头表演者‌。起初以为只是普通街头表演者，打算转身离开，后来才发现两位表演者竟是原唱大神。,7331815,https://www.baidu.com/s?wd=%E6%9C%AC%E4%BB%A5%E4%B8%BA%E5%8F%AA%E6%98%AF%E8%A1%97%E5%A4%B4%E8%A1%A8%E6%BC%94%E8%80%85+%E6%B2%A1%E6%83%B3%E5%88%B0%E6%98%AF%E5%A4%A7%E7%A5%9E&sa=fyb_news&rsv_dl=fyb_news,https://fyb-2.cdn.bcebos.com/hotboard_image/d88e6c8cd0933c260fbe785cb9c65e6e,百度热搜,实时热搜,realtime,hotlist,,2026-10-05 13:07:09
8,新乡胖东来排队约一公里,10月3日国庆假期，河南新乡胖东来门店外排队约一公里，游客等待长达3小时。该超市被视作“6A级景点”，吸引大量外地游客专程打卡消费。,7237240,https://www.baidu.com/s?wd=%E6%96%B0%E4%B9%A1%E8%83%96%E4%B8%9C%E6%9D%A5%E6%8E%92%E9%98%9F%E7%BA%A6%E4%B8%80%E5%85%AC%E9%87%8C&sa=fyb_news&rsv_dl=fyb_news,https://fyb-2.cdn.bcebos.com/hotboard_image/c0e91730c93a8f92e0c2b293cd9b249c,百度热搜,实时热搜,realtime,hotlist,,2026-10-05 13:07:09
9,陈思诚这次把“唐探”商标撕了,10月1日，陈思诚执导的电影《神探之痕迹》上映，首日票房约7100万，国庆档累计票房达2.8亿。该片与以往“唐探”系列不同，不再依赖反转取胜，而是以痕检专家崔道植为蓝本，聚焦真实的物证检验过程。,7140139,https://www.baidu.com/s?wd=%E9%99%88%E6%80%9D%E8%AF%9A%E8%BF%99%E6%AC%A1%E6%8A%8A%E2%80%9C%E5%94%90%E6%8E%A2%E2%80%9D%E5%95%86%E6%A0%87%E6%92%95%E4%BA%86&sa=fyb_news&rsv_dl=fyb_news,https://fyb-2.cdn.bcebos.com/hotboard_image/1f517f343bd982443e5a125661208e9d,百度热搜,实时热搜,realtime,hotlist,,2026-10-05 13:07:09
10,超10万份孕妇血样被偷运出境,国安部发布提醒，警惕个别境外组织以“医疗检测”为名非法采集我国人血样、窃取基因资源。此前，广州海关破获一起特大走私孕妇血样系列案。涉案团伙借无创胎儿性别鉴定等噱头，累计将超10万份孕妇血液样本走私出境。,7039949,https://www.baidu.com/s?wd=%E8%B6%8510%E4%B8%87%E4%BB%BD%E5%AD%95%E5%A6%87%E8%A1%80%E6%A0%B7%E8%A2%AB%E5%81%B7%E8%BF%90%E5%87%BA%E5%A2%83&sa=fyb_news&rsv_dl=fyb_news,https://fyb-2.cdn.bcebos.com/hotboard_image/f8f2fa9c9d87e9142333c535ab91ace1,百度热搜,实时热搜,realtime,hotlist,,2026-10-05 13:07:09
11,贵是贵了点 但吃了不烧心,“贵是贵了点，但吃了不烧心”等台词催生全网热梗“不烧心文学”，这些句子源自AI短剧里摊贩、餐馆老板的固定台词。这类短剧套用同一套模板，内容高度同质化，引发人们对流水线短剧质量的思考。,6946984,https://www.baidu.com/s?wd=%E8%B4%B5%E6%98%AF%E8%B4%B5%E4%BA%86%E7%82%B9+%E4%BD%86%E5%90%83%E4%BA%86%E4%B8%8D%E7%83%A7%E5%BF%83&sa=fyb_news&rsv_dl=fyb_news,https://fyb-2.cdn.bcebos.com/hotboard_image/3b9b7f426796a87d68efda3cf33f8401,百度热搜,实时热搜,realtime,hotlist,,2026-10-05 13:07:09
12,国庆出行警惕票务诈骗陷阱,国庆返程高峰将至，火车票、机票“一票难求”，假客服、低价代购、“候补妙招”等票务骗局卷土重来，警方提醒旅客通过官方渠道购票、警惕转账。,6848960,https://www.baidu.com/s?wd=%E5%9B%BD%E5%BA%86%E5%87%BA%E8%A1%8C%E8%AD%A6%E6%83%95%E7%A5%A8%E5%8A%A1%E8%AF%88%E9%AA%97%E9%99%B7%E9%98%B1&sa=fyb_news&rsv_dl=fyb_news,https://fyb-2.cdn.bcebos.com/hotboard_image/c3294f15e10f4ba5d8205662002f45dc,百度热搜,实时热搜,realtime,hotlist,,2026-10-05 13:07:09
13,蔡康永现身台独分子竞选会场,10月4日，知名主持人蔡康永现身‌中国台湾‌地区民进党籍参选人沈伯洋的竞选总部成立大会，引发舆论广泛关注与争议。,6760724,https://www.baidu.com/s?wd=%E8%94%A1%E5%BA%B7%E6%B0%B8%E7%8E%B0%E8%BA%AB%E5%8F%B0%E7%8B%AC%E5%88%86%E5%AD%90%E7%AB%9E%E9%80%89%E4%BC%9A%E5%9C%BA&sa=fyb_news&rsv_dl=fyb_news,https://fyb-2.cdn.bcebos.com/hotboard_image/3089da88c483160f92873646e17b14e7,百度热搜,实时热搜,realtime,hotlist,,2026-10-05 13:07:09
14,村民自建“瀑布楼” 水流从5楼往下淌,10月4日，广西百色靖西禄峒镇平江村一栋村民自筹自建的“瀑布楼”走红网络。水流从5楼楼顶倾泻而下，形成独特景观，吸引不少游客专程打卡。,6662486,https://www.baidu.com/s?wd=%E6%9D%91%E6%B0%91%E8%87%AA%E5%BB%BA%E2%80%9C%E7%80%91%E5%B8%83%E6%A5%BC%E2%80%9D+%E6%B0%B4%E6%B5%81%E4%BB%8E5%E6%A5%BC%E5%BE%80%E4%B8%8B%E6%B7%8C&sa=fyb_news&rsv_dl=fyb_news,https://fyb-2.cdn.bcebos.com/hotboard_image/942a9e1f1e1ec91e70f732e651264de8,百度热搜,实时热搜,realtime,hotlist,,2026-10-05 13:07:09
15,大量网友抵制蔡康永,4日晚，零跑汽车声明称蔡康永非代言人，已下线与其相关全部内容并保留追究法律责任。此前，蔡康永亮相“台独”顽固分子沈伯洋在台北市举行的竞选总部成立大会，其账号遭大量网友抵制。,6569291,https://www.baidu.com/s?wd=%E5%A4%A7%E9%87%8F%E7%BD%91%E5%8F%8B%E6%8A%B5%E5%88%B6%E8%94%A1%E5%BA%B7%E6%B0%B8&sa=fyb_news&rsv_dl=fyb_news,https://fyb-2.cdn.bcebos.com/hotboard_image/fad562ee6bf5873ca4ac927b23cb00c3,百度热搜,实时热搜,realtime,hotlist,,2026-10-05 13:07:09
16,用户投诉说脏话 AI客服回复也含脏话,10月3日，用户林莉在票务平台两分钟内退票被扣16元手续费，平台承诺的代金券迟迟未到。她沟通时发送脏话，AI客服竟回以脏话。平台后续称已补发代金券，并表示会核查AI骂人事件。,6466656,https://www.baidu.com/s?wd=%E7%94%A8%E6%88%B7%E6%8A%95%E8%AF%89%E8%AF%B4%E8%84%8F%E8%AF%9D+AI%E5%AE%A2%E6%9C%8D%E5%9B%9E%E5%A4%8D%E4%B9%9F%E5%90%AB%E8%84%8F%E8%AF%9D&sa=fyb_news&rsv_dl=fyb_news,https://fyb-2.cdn.bcebos.com/hotboard_image/b635ee469554c66a83c2e86aec54f388,百度热搜,实时热搜,realtime,hotlist,,2026-10-05 13:07:09
17,本想见世面 没想到自己就是世面,当地时间10月4日，亚奥理事会宣布，泰国短跑运动员汶颂、中国游泳运动员于子迪分别当选第20届亚运会男子、女子最有价值运动员。网友感慨，她本想见识世面，没想到自己本身就是世面，纷纷称赞这名小将实力出众。,6372876,https://www.baidu.com/s?wd=%E6%9C%AC%E6%83%B3%E8%A7%81%E4%B8%96%E9%9D%A2+%E6%B2%A1%E6%83%B3%E5%88%B0%E8%87%AA%E5%B7%B1%E5%B0%B1%E6%98%AF%E4%B8%96%E9%9D%A2&sa=fyb_news&rsv_dl=fyb_news,https://fyb-2.cdn.bcebos.com/hotboard_image/b3aea699180f5603a031f347b928ba0a,百度热搜,实时热搜,realtime,hotlist,,2026-10-05 13:07:09
18,蔡康永个人社交账号多个作品下架,10月5日，记者发现零跑汽车与蔡康永合作视频已下架，蔡康永个人社交账号多个作品也下架，评论区遭网友抵制。4日晚间，零跑汽车发声明称蔡康永并非代言人，坚决反对任何形式的“台独”分裂活动。事件起因于近日“蔡康永现身台独分子竞选会场”引发关注。,6281988,https://www.baidu.com/s?wd=%E8%94%A1%E5%BA%B7%E6%B0%B8%E4%B8%AA%E4%BA%BA%E7%A4%BE%E4%BA%A4%E8%B4%A6%E5%8F%B7%E5%A4%9A%E4%B8%AA%E4%BD%9C%E5%93%81%E4%B8%8B%E6%9E%B6&sa=fyb_news&rsv_dl=fyb_news,https://fyb-2.cdn.bcebos.com/hotboard_image/b8b1b06068e48820a8ac653626621db6,百度热搜,实时热搜,realtime,hotlist,,2026-10-05 13:07:09
19,陈飞宇演反派吓到自己和父母,近日，电影《神探之痕迹》在长沙路演，张译、马丽、陈飞宇等出席。活动中，张译与马丽盛赞陈飞宇演技“太炸裂了”。陈飞宇透露，其父母陈凯歌与陈红去影院观影时，也被其反派造型吓到。,6192102,https://www.baidu.com/s?wd=%E9%99%88%E9%A3%9E%E5%AE%87%E6%BC%94%E5%8F%8D%E6%B4%BE%E5%90%93%E5%88%B0%E8%87%AA%E5%B7%B1%E5%92%8C%E7%88%B6%E6%AF%8D&sa=fyb_news&rsv_dl=fyb_news,https://fyb-2.cdn.bcebos.com/hotboard_image/61badab0787d3b0162116fe49e9958fb,百度热搜,实时热搜,realtime,hotlist,,2026-10-05 13:07:09
20,1700万买义乌天价商铺 商户：值这个价,义乌国际商贸城9.42平方米商铺经376轮竞价，以1700万元成交。商户张女士称商铺位置绝佳，用来售卖琉璃珠饰品，并非炒摊位。官方说明使用权可每年自动续签，国庆期间该店客流旺盛。,6092911,https://www.baidu.com/s?wd=1700%E4%B8%87%E4%B9%B0%E4%B9%89%E4%B9%8C%E5%A4%A9%E4%BB%B7%E5%95%86%E9%93%BA+%E5%95%86%E6%88%B7%EF%BC%9A%E5%80%BC%E8%BF%99%E4%B8%AA%E4%BB%B7&sa=fyb_news&rsv_dl=fyb_news,https://fyb-2.cdn.bcebos.com/hotboard_image/56be0dfb3c959aee88845bb510b9b6bc,百度热搜,实时热搜,realtime,hotlist,,2026-10-05 13:07:09
21,缅北电诈回流人员自述被割肾经历,近日，缅北电诈回流人员唐某丰自述偷渡缅北后遭毒打倒卖，因无业绩，被诈骗团伙以卖肾抵债，在农家小院接受手术，缅北电诈犯罪残害无数受害者。,5995447,https://www.baidu.com/s?wd=%E7%BC%85%E5%8C%97%E7%94%B5%E8%AF%88%E5%9B%9E%E6%B5%81%E4%BA%BA%E5%91%98%E8%87%AA%E8%BF%B0%E8%A2%AB%E5%89%B2%E8%82%BE%E7%BB%8F%E5%8E%86&sa=fyb_news&rsv_dl=fyb_news,https://fyb-2.cdn.bcebos.com/hotboard_image/10462787ceedd584fdf8e90193fa010e,百度热搜,实时热搜,realtime,hotlist,,2026-10-05 13:07:09
22,诺奖奖金再涨 历届得主奖金花哪了,今年10月5日至12日，2026年诺贝尔奖各奖项将陆续揭晓。诺贝尔基金会决定将每项奖金上调100万瑞典克朗至1200万瑞典克朗（约815万人民币）。历届得主奖金去向各异，如屠呦呦曾将部分奖金捐赠母校及科研机构，也有得主用于缴税还债。,5895979,https://www.baidu.com/s?wd=%E8%AF%BA%E5%A5%96%E5%A5%96%E9%87%91%E5%86%8D%E6%B6%A8+%E5%8E%86%E5%B1%8A%E5%BE%97%E4%B8%BB%E5%A5%96%E9%87%91%E8%8A%B1%E5%93%AA%E4%BA%86&sa=fyb_news&rsv_dl=fyb_news,https://fyb-2.cdn.bcebos.com/hotboard_image/f741e58e70ea5d0acc2a1961d8c4ffe5,百度热搜,实时热搜,realtime,hotlist,,2026-10-05 13:07:09
23,日本罕见1天3次强烈抗议美国,近日，日本罕见在一天内3次向美国提出强烈抗议，针对驻冲绳美军在酒店劫杀日本女子事件。日本防卫省、外务省等相继表态，要求美军整顿军纪并配合调查。,5799617,https://www.baidu.com/s?wd=%E6%97%A5%E6%9C%AC%E7%BD%95%E8%A7%811%E5%A4%A93%E6%AC%A1%E5%BC%BA%E7%83%88%E6%8A%97%E8%AE%AE%E7%BE%8E%E5%9B%BD&sa=fyb_news&rsv_dl=fyb_news,https://fyb-2.cdn.bcebos.com/hotboard_image/bbb0edf87ef52f58e58b3f243bd2f3c3,百度热搜,实时热搜,realtime,hotlist,,2026-10-05 13:07:09
24,刘国正：王楚钦压力远超此前几代主力,近日，前国乒教练刘国正在复盘名古屋亚运会时，直言王楚钦正处于国乒男队前所未有的单核扛重担状态，压力远超此前几代主力。,5712278,https://www.baidu.com/s?wd=%E5%88%98%E5%9B%BD%E6%AD%A3%EF%BC%9A%E7%8E%8B%E6%A5%9A%E9%92%A6%E5%8E%8B%E5%8A%9B%E8%BF%9C%E8%B6%85%E6%AD%A4%E5%89%8D%E5%87%A0%E4%BB%A3%E4%B8%BB%E5%8A%9B&sa=fyb_news&rsv_dl=fyb_news,https://fyb-2.cdn.bcebos.com/hotboard_image/74a78c43318a986a8bc60d607af1a405,百度热搜,实时热搜,realtime,hotlist,,2026-10-05 13:07:09
25,杭州商K大面积关停,近日，杭州天际线、iN11等高端商K因专项整顿被大面积关停，部分营业执照被吊销，行业一夜清零。此前，包厢内发生猥亵案致人员被刑拘、公职人员被免职，突破监管底线引发此次整顿。主打隐秘奢华商务社交的商K曾以高价酒及分等级“演员”服务为卖点，如今已全面停摆。,5611748,https://www.baidu.com/s?wd=%E6%9D%AD%E5%B7%9E%E5%95%86K%E5%A4%A7%E9%9D%A2%E7%A7%AF%E5%85%B3%E5%81%9C&sa=fyb_news&rsv_dl=fyb_news,https://fyb-2.cdn.bcebos.com/hotboard_image/461ba6e96cf4b390eca1c079b574843b,百度热搜,实时热搜,realtime,hotlist,,2026-10-05 13:07:09
26,名校校友捐赠越来越卷 钱都花哪了,近日中国人民大学获一校友捐赠5.03亿元建通州校区体育中心，近两年高校亿级校友捐赠频现，复旦、天大更达10亿级。据各校基金会信息，这些钱主要流向奖助学金、引才、科研学科建设、盖楼修馆、创业转化等。,5516373,https://www.baidu.com/s?wd=%E5%90%8D%E6%A0%A1%E6%A0%A1%E5%8F%8B%E6%8D%90%E8%B5%A0%E8%B6%8A%E6%9D%A5%E8%B6%8A%E5%8D%B7+%E9%92%B1%E9%83%BD%E8%8A%B1%E5%93%AA%E4%BA%86&sa=fyb_news&rsv_dl=fyb_news,https://fyb-2.cdn.bcebos.com/hotboard_image/fa6af2d7dedf3b057c69d2bab9a21159,百度热搜,实时热搜,realtime,hotlist,,2026-10-05 13:07:09
27,高速拥堵女子憋尿被送进急诊,国庆高速拥堵，有女子途中憋尿被送急诊。不少女性为减少如厕刻意少喝水、长时间憋尿。西安医生称长假常接诊这类泌尿系不适患者，严重可引发急性肾盂肾炎。妊娠期、绝经女性风险更高，建议科学饮水，出现相关症状及时就医。,5417297,https://www.baidu.com/s?wd=%E9%AB%98%E9%80%9F%E6%8B%A5%E5%A0%B5%E5%A5%B3%E5%AD%90%E6%86%8B%E5%B0%BF%E8%A2%AB%E9%80%81%E8%BF%9B%E6%80%A5%E8%AF%8A&sa=fyb_news&rsv_dl=fyb_news,https://fyb-2.cdn.bcebos.com/hotboard_image/b340028212c1c43ed48d268bdf46773a,百度热搜,实时热搜,realtime,hotlist,,2026-10-05 13:07:09
28,俄罗斯人抢购中国电动车,北京时间10月5日报道，因乌克兰袭击致俄罗斯炼油厂受损引发燃料短缺，俄罗斯民众开始抢购中国电动汽车。此前，今年7月俄炼油厂遇袭致多地加油站排长队，促使该国电动汽车市场规模自6月底以来翻倍，且多为中国品牌。,5335524,https://www.baidu.com/s?wd=%E4%BF%84%E7%BD%97%E6%96%AF%E4%BA%BA%E6%8A%A2%E8%B4%AD%E4%B8%AD%E5%9B%BD%E7%94%B5%E5%8A%A8%E8%BD%A6&sa=fyb_news&rsv_dl=fyb_news,https://fyb-2.cdn.bcebos.com/hotboard_image/4da97301bf9b2633df918b14879a325b,百度热搜,实时热搜,realtime,hotlist,,2026-10-05 13:07:09
29,民进党用高压水炮对大陆渔船喷射90秒,10月1日，台海巡署“云林”舰在东沙岛以东约27海里处，向未及时撤离的大陆“金沙号”渔船驾驶舱喷射高压水炮约90秒，致渔船动力受损、船员被困。,5232475,https://www.baidu.com/s?wd=%E6%B0%91%E8%BF%9B%E5%85%9A%E7%94%A8%E9%AB%98%E5%8E%8B%E6%B0%B4%E7%82%AE%E5%AF%B9%E5%A4%A7%E9%99%86%E6%B8%94%E8%88%B9%E5%96%B7%E5%B0%8490%E7%A7%92&sa=fyb_news&rsv_dl=fyb_news,https://fyb-2.cdn.bcebos.com/hotboard_image/eee7a110cd07bc82c2ebfa6ab5bd0835,百度热搜,实时热搜,realtime,hotlist,,2026-10-05 13:07:09
30,9位华人科学家成诺奖热门人选,10月5日至12日，2026年诺贝尔奖将陆续公布结果。基于科学家论文成果与同行评价，外界预测9位华人科学家为本届热门候选人。其中包括物理学领域的薛其坤、叶军，生理学或医学领域的卢煜明、陈志坚，以及化学领域的刘如谦等人。,5118155,https://www.baidu.com/s?wd=9%E4%BD%8D%E5%8D%8E%E4%BA%BA%E7%A7%91%E5%AD%A6%E5%AE%B6%E6%88%90%E8%AF%BA%E5%A5%96%E7%83%AD%E9%97%A8%E4%BA%BA%E9%80%89&sa=fyb_news&rsv_dl=fyb_news,https://fyb-2.cdn.bcebos.com/hotboard_image/ea2225e7863be6249c6e1613f26ed3ff,百度热搜,实时热搜,realtime,hotlist,,2026-10-05 13:07:09
31,多名小孩用充电枪荡秋千 客服回应,近日，南宁多名小孩玩充电枪引发关注。针对此事，客服回应称严禁该行为，肯定不建议拿着去玩，并表示会让工作人员去处理，到现场查看有无相关防护措施。,5022678,https://www.baidu.com/s?wd=%E5%A4%9A%E5%90%8D%E5%B0%8F%E5%AD%A9%E7%94%A8%E5%85%85%E7%94%B5%E6%9E%AA%E8%8D%A1%E7%A7%8B%E5%8D%83+%E5%AE%A2%E6%9C%8D%E5%9B%9E%E5%BA%94&sa=fyb_news&rsv_dl=fyb_news,https://fyb-2.cdn.bcebos.com/hotboard_image/cfda685235ba293fb242ffb7493b92c2,百度热搜,实时热搜,realtime,hotlist,,2026-10-05 13:07:09
32,任嘉伦方否认入驻红果短剧,10月5日，任嘉伦工作室发声明辟谣任嘉伦入驻红果短剧，称网络上的同名账号均为仿冒。,4926109,https://www.baidu.com/s?wd=%E4%BB%BB%E5%98%89%E4%BC%A6%E6%96%B9%E5%90%A6%E8%AE%A4%E5%85%A5%E9%A9%BB%E7%BA%A2%E6%9E%9C%E7%9F%AD%E5%89%A7&sa=fyb_news&rsv_dl=fyb_news,https://fyb-2.cdn.bcebos.com/hotboard_image/094a8ad6b670fb6d347acba0653675a4,百度热搜,实时热搜,realtime,hotlist,,2026-10-05 13:07:09
33,上海一书店试行25元入场费,近日，上海小森林独立书店国庆起试行新规，临时到店需付25元入场费，费用可抵扣消费，小程序提前预约则免费。店主称此举是筛选打卡客流、引导维护空间，并非为盈利，该自助运营模式引发行业讨论。,4856412,https://www.baidu.com/s?wd=%E4%B8%8A%E6%B5%B7%E4%B8%80%E4%B9%A6%E5%BA%97%E8%AF%95%E8%A1%8C25%E5%85%83%E5%85%A5%E5%9C%BA%E8%B4%B9&sa=fyb_news&rsv_dl=fyb_news,https://fyb-2.cdn.bcebos.com/hotboard_image/86c7cfbf3b51f4d1549e298bf2bb00cd,百度热搜,实时热搜,realtime,hotlist,,2026-10-05 13:07:09
34,白应苍被执行死刑前受访画面曝光,10月5日至7日，纪录片《缅北电诈覆灭纪实》首播，披露已于2026年2月2日被执行死刑的缅北白家首要分子白应苍受访画面。此前在今年2月节目中，白应苍曾出庭忏悔，称当地“你不做诈骗就代表你无所事事”，并代表全家向中国人民道歉。,4738860,https://www.baidu.com/s?wd=%E7%99%BD%E5%BA%94%E8%8B%8D%E8%A2%AB%E6%89%A7%E8%A1%8C%E6%AD%BB%E5%88%91%E5%89%8D%E5%8F%97%E8%AE%BF%E7%94%BB%E9%9D%A2%E6%9B%9D%E5%85%89&sa=fyb_news&rsv_dl=fyb_news,https://fyb-2.cdn.bcebos.com/hotboard_image/0f33c465619791a4e0424fdf70223769,百度热搜,实时热搜,realtime,hotlist,,2026-10-05 13:07:09
35,Muse狂飙 龙虾退潮,近日，Meta推出的AI智能体Muse迅速爆火，验证了大众对个人智能代理的需求，但商业模式尚未跑通。国内大厂纷纷布局同类产品，不过国内互联网生态封闭，很难诞生跨平台的中国版Muse，只会形成各生态内的管家。此前“养龙虾”项目已落幕，大厂跟进更多是出于防守。,4656865,https://www.baidu.com/s?wd=Muse%E7%8B%82%E9%A3%99+%E9%BE%99%E8%99%BE%E9%80%80%E6%BD%AE&sa=fyb_news&rsv_dl=fyb_news,https://fyb-2.cdn.bcebos.com/hotboard_image/45ece40e39f27d55dcc3b3b87ef0f364,百度热搜,实时热搜,realtime,hotlist,,2026-10-05 13:07:09
36,《龙餐馆》上映一个多月仍是前三,截至2026年10月4日18时，国庆档总票房破6.8亿元。陈思诚新作《神探之痕迹》以约2.7亿断层领跑，《欢迎来龙餐馆》上映近两月仍居前三。,4559620,https://www.baidu.com/s?wd=%E3%80%8A%E9%BE%99%E9%A4%90%E9%A6%86%E3%80%8B%E4%B8%8A%E6%98%A0%E4%B8%80%E4%B8%AA%E5%A4%9A%E6%9C%88%E4%BB%8D%E6%98%AF%E5%89%8D%E4%B8%89&sa=fyb_news&rsv_dl=fyb_news,https://fyb-2.cdn.bcebos.com/hotboard_image/a54eb4e68732778189d1f36967e5a700,百度热搜,实时热搜,realtime,hotlist,,2026-10-05 13:07:09
37,央媒曝光外卖“明厨亮灶”造假,10月4日，市场监管总局迅速部署多地核查处置央媒曝光的外卖“明厨亮灶”造假等问题。当日，武汉市监局对曝光商户立案调查并督促下架；丽江市对涉事门店停业整顿并立案调查，开展集中整治。此前，央视曝光多地外卖商户监控刻意避开后厨核心区，后厨脏乱差甚至有老鼠出没。,4466293,https://www.baidu.com/s?wd=%E5%A4%AE%E5%AA%92%E6%9B%9D%E5%85%89%E5%A4%96%E5%8D%96%E2%80%9C%E6%98%8E%E5%8E%A8%E4%BA%AE%E7%81%B6%E2%80%9D%E9%80%A0%E5%81%87&sa=fyb_news&rsv_dl=fyb_news,https://fyb-2.cdn.bcebos.com/hotboard_image/6f3bc42ee4913b5fcce06f1ab1e1265f,百度热搜,实时热搜,realtime,hotlist,,2026-10-05 13:07:09
38,年轻人十一出片全靠15元次抛衣,今年十一期间，全国景点流行起十几元的“次抛衣”。年轻人低价购买仅供拍照的衣服，以最小成本换取旅行出片的新鲜感。,4370484,https://www.baidu.com/s?wd=%E5%B9%B4%E8%BD%BB%E4%BA%BA%E5%8D%81%E4%B8%80%E5%87%BA%E7%89%87%E5%85%A8%E9%9D%A015%E5%85%83%E6%AC%A1%E6%8A%9B%E8%A1%A3&sa=fyb_news&rsv_dl=fyb_news,https://fyb-2.cdn.bcebos.com/hotboard_image/1b75044ed9d956ffb24d34729b485670,百度热搜,实时热搜,realtime,hotlist,,2026-10-05 13:07:09
39,德总理会见泽连斯基 现场响起爆炸声,10月4日，德国总理默茨在基辅会见乌克兰总统泽连斯基，承诺支持乌克兰并敦促俄罗斯停止不断升级的袭击。与此同时，基辅响起了空袭警报和爆炸声。,4277892,https://www.baidu.com/s?wd=%E5%BE%B7%E6%80%BB%E7%90%86%E4%BC%9A%E8%A7%81%E6%B3%BD%E8%BF%9E%E6%96%AF%E5%9F%BA+%E7%8E%B0%E5%9C%BA%E5%93%8D%E8%B5%B7%E7%88%86%E7%82%B8%E5%A3%B0&sa=fyb_news&rsv_dl=fyb_news,https://fyb-2.cdn.bcebos.com/hotboard_image/da6983c4dbe6009f6d532561ac15e95f,百度热搜,实时热搜,realtime,hotlist,,2026-10-05 13:07:09
40,14城市度过今年下半年来最冷清晨,10月5日，受冷空气及晴空辐射降温影响，我国太原、北京等14个省会及直辖市度过今年下半年来最冷清晨。,4159814,https://www.baidu.com/s?wd=14%E5%9F%8E%E5%B8%82%E5%BA%A6%E8%BF%87%E4%BB%8A%E5%B9%B4%E4%B8%8B%E5%8D%8A%E5%B9%B4%E6%9D%A5%E6%9C%80%E5%86%B7%E6%B8%85%E6%99%A8&sa=fyb_news&rsv_dl=fyb_news,https://fyb-2.cdn.bcebos.com/hotboard_image/9983908369d70c84fb624dcb4defe2e7,百度热搜,实时热搜,realtime,hotlist,,2026-10-05 13:07:09
41,河南爆火景区要IPO了,近期，开封清明上河园递交港交所上市申请，有望成为河南文旅第一股。该景区依托宋文化实景演艺，客流旺盛，但营收高度依赖门票与演出，近年利润承压。本次募资用于园区扩建、新剧打造等，试图突破单一门票经济，与开封万岁山形成差异化竞争。,4074036,https://www.baidu.com/s?wd=%E6%B2%B3%E5%8D%97%E7%88%86%E7%81%AB%E6%99%AF%E5%8C%BA%E8%A6%81IPO%E4%BA%86&sa=fyb_news&rsv_dl=fyb_news,https://fyb-2.cdn.bcebos.com/hotboard_image/2768619b4ab41b81aca7a0fab34eeebb,百度热搜,实时热搜,realtime,hotlist,,2026-10-05 13:07:09
42,上映仅5天 电影《侦战》撤档,10月5日上午，电影《侦战》发文宣布正式取消本轮公映档期，后续将择期重启公映。片方称此举为尊重创作初心，保障观影体验。此前该片上映仅5天，累计票房仅443万。,3980867,https://www.baidu.com/s?wd=%E4%B8%8A%E6%98%A0%E4%BB%855%E5%A4%A9+%E7%94%B5%E5%BD%B1%E3%80%8A%E4%BE%A6%E6%88%98%E3%80%8B%E6%92%A4%E6%A1%A3&sa=fyb_news&rsv_dl=fyb_news,https://fyb-2.cdn.bcebos.com/hotboard_image/eb9e631cb2bb15558169e2fe0c8be9d3,百度热搜,实时热搜,realtime,hotlist,,2026-10-05 13:07:09
43,央视主持人上课太生动了,近日，新一期《你好时光》节目中，嘉宾们来到青海德尼小学为孩子们上课。撒贝宁、尼格买提等央视主持人带来电影、音乐、科学实验及美术课程。他们因材施教，将专业知识与趣味实验结合，让孩子们真听真做真感受。网友感叹央视主持人不仅专业过人，上起课来也极具风格，教育艺术拉满。,3890148,https://www.baidu.com/s?wd=%E5%A4%AE%E8%A7%86%E4%B8%BB%E6%8C%81%E4%BA%BA%E4%B8%8A%E8%AF%BE%E5%A4%AA%E7%94%9F%E5%8A%A8%E4%BA%86&sa=fyb_news&rsv_dl=fyb_news,https://fyb-2.cdn.bcebos.com/hotboard_image/7f7cb52340ad1ca8d389a1f8db9a3d4b,百度热搜,实时热搜,realtime,hotlist,,2026-10-05 13:07:09
44,华山缆车人满为患被质疑超负荷,近日，针对华山缆车人满为患被质疑超负荷一事，华山景区回应称系正常运力，不存在超负荷，需要下山的游客均已安全下山。景区表示每天均有限流，国庆期间人流量较大，尤其在下午5时至8时，建议游客尽早下山以避免拥挤。,3815019,https://www.baidu.com/s?wd=%E5%8D%8E%E5%B1%B1%E7%BC%86%E8%BD%A6%E4%BA%BA%E6%BB%A1%E4%B8%BA%E6%82%A3%E8%A2%AB%E8%B4%A8%E7%96%91%E8%B6%85%E8%B4%9F%E8%8D%B7&sa=fyb_news&rsv_dl=fyb_news,https://fyb-2.cdn.bcebos.com/hotboard_image/4e8fb4acf41c0798ce9d9dd3659e40b1,百度热搜,实时热搜,realtime,hotlist,,2026-10-05 13:07:09
45,75岁王石要再造一个“万科”吗,9月28日，深圳深石城市更新有限公司完成注册，75岁的王石出任董事长。新公司未含房地产开发经营，瞄准城市存量资产的改造盘活与运营赛道。,3716320,https://www.baidu.com/s?wd=75%E5%B2%81%E7%8E%8B%E7%9F%B3%E8%A6%81%E5%86%8D%E9%80%A0%E4%B8%80%E4%B8%AA%E2%80%9C%E4%B8%87%E7%A7%91%E2%80%9D%E5%90%97&sa=fyb_news&rsv_dl=fyb_news,https://fyb-2.cdn.bcebos.com/hotboard_image/be6ff0430bf1eaaead30c62c5a0a5cf0,百度热搜,实时热搜,realtime,hotlist,,2026-10-05 13:07:09
46,张译现场科普指甲的秘密,近日，张译在电影《神探之痕迹》路演现场科普，澄清指甲上的竖纹并非生病而是正常现象。他强调，每个人从出生起指甲形态就固定且独一无二，如同伴随一生的人生密码。,3583372,https://www.baidu.com/s?wd=%E5%BC%A0%E8%AF%91%E7%8E%B0%E5%9C%BA%E7%A7%91%E6%99%AE%E6%8C%87%E7%94%B2%E7%9A%84%E7%A7%98%E5%AF%86&sa=fyb_news&rsv_dl=fyb_news,https://fyb-2.cdn.bcebos.com/hotboard_image/78e4891ff197cd3f5af5d73fca431580,百度热搜,实时热搜,realtime,hotlist,,2026-10-05 13:07:09
47,松岛辉空首登男单世界第一,10月5日WTT公布排名，日本选手松岛辉空以6930分首登男单世界第一，并以19岁5个月6天刷新最年轻纪录、终结日本46年无此头衔历史。因王楚钦等积分过期丢分，中国男队出现21世纪以来首次无人进前三。,3499477,https://www.baidu.com/s?wd=%E6%9D%BE%E5%B2%9B%E8%BE%89%E7%A9%BA%E9%A6%96%E7%99%BB%E7%94%B7%E5%8D%95%E4%B8%96%E7%95%8C%E7%AC%AC%E4%B8%80&sa=fyb_news&rsv_dl=fyb_news,https://fyb-2.cdn.bcebos.com/hotboard_image/cdefc808419acc11507ca65a5e6c184a,百度热搜,实时热搜,realtime,hotlist,,2026-10-05 13:07:09
48,特警礼貌拒绝老外过于热情的动作,国庆假期的上海外滩人头攒动，不少游客都会找执勤民警合影留念。其中一段视频在国内外社交平台走红，视频里上海女特警大方答应外国游客的合影请求，可对方拍照时突然伸手想要搂肩，被她礼貌且坚定地拒绝。,3412161,https://www.baidu.com/s?wd=%E7%89%B9%E8%AD%A6%E7%A4%BC%E8%B2%8C%E6%8B%92%E7%BB%9D%E8%80%81%E5%A4%96%E8%BF%87%E4%BA%8E%E7%83%AD%E6%83%85%E7%9A%84%E5%8A%A8%E4%BD%9C&sa=fyb_news&rsv_dl=fyb_news,https://fyb-2.cdn.bcebos.com/hotboard_image/9b27c315a472405f3f0ab286427abda7,百度热搜,实时热搜,realtime,hotlist,,2026-10-05 13:07:09
49,越来越多90后患冠心病,世界心脏日相关提醒，如今90后冠心病患者增多，出现“人未老心先衰”现象。熬夜、作息紊乱、突击运动等会损伤心脏，中青年斑块更易破裂，情绪剧烈波动也会伤心脏，专家建议尽早养护心脏。,3324458,https://www.baidu.com/s?wd=%E8%B6%8A%E6%9D%A5%E8%B6%8A%E5%A4%9A90%E5%90%8E%E6%82%A3%E5%86%A0%E5%BF%83%E7%97%85&sa=fyb_news&rsv_dl=fyb_news,https://fyb-2.cdn.bcebos.com/hotboard_image/1358204240e00dfa29f7bb54b100cea0,百度热搜,实时热搜,realtime,hotlist,,2026-10-05 13:07:09
50,高铁遗落10万 失主淡定：相信旅客素质,10月3日，D2221次列车旅客周先生不慎将装有10万元现金的行李箱遗落车上，钱款本是女儿婚礼贺礼。铁路工作人员找到并妥善保管，移交至杭州东站。周先生十分淡定，相信旅客素质与治安，计划托朋友取回。,3197771,https://www.baidu.com/s?wd=%E9%AB%98%E9%93%81%E9%81%97%E8%90%BD10%E4%B8%87+%E5%A4%B1%E4%B8%BB%E6%B7%A1%E5%AE%9A%EF%BC%9A%E7%9B%B8%E4%BF%A1%E6%97%85%E5%AE%A2%E7%B4%A0%E8%B4%A8&sa=fyb_news&rsv_dl=fyb_news,https://fyb-2.cdn.bcebos.com/hotboard_image/275ab6614e4dfdc0d19af018b959ee5c,百度热搜,实时热搜,realtime,hotlist,,2026-10-05 13:07:09
1,过一个风清气正的节日,中秋连国庆。既是举国欢庆的日子，也是团圆相聚的时光。“洁不洁，看过节”。过好节，更要守住“节”。在清风正气中涵养浩然正气，每一名党员、干部都应在人情往来中守住原则、守住底线，在团圆欢聚时不忘规矩、不忘职责，以自身清正、担当作为为党旗增色、为节日添彩。,7904302,https://www.baidu.com/s?wd=%E8%BF%87%E4%B8%80%E4%B8%AA%E9%A3%8E%E6%B8%85%E6%B0%94%E6%AD%A3%E7%9A%84%E8%8A%82%E6%97%A5&sa=fyb_news&rsv_dl=fyb_news,https://fyb-2.cdn.bcebos.com/hotboard_image/0cc0aedd0a28055b2f8ee3cb4065d095,百度热搜,实时热搜,realtime,hotlist,,2026-10-05 13:52:25
2,缅北电诈头目现金多到发霉,毗邻云南普洱的佤邦是缅北电诈主要策源地。佤邦勐波县原县长鲍岩板、勐能县原县长何春田，庇护官匪一体的电诈集团。鲍岩板家中囤积巨额现金，为防止发霉，常在房顶和院子晒钱，成为当地一景。,7808713,https://www.baidu.com/s?wd=%E7%BC%85%E5%8C%97%E7%94%B5%E8%AF%88%E5%A4%B4%E7%9B%AE%E7%8E%B0%E9%87%91%E5%A4%9A%E5%88%B0%E5%8F%91%E9%9C%89&sa=fyb_news&rsv_dl=fyb_news,https://fyb-2.cdn.bcebos.com/hotboard_image/640d7ea544fcb73ef351f327830d48e1,百度热搜,实时热搜,realtime,hotlist,,2026-10-05 13:52:25
3,被执行死刑的巫鸿明、白应苍出镜,10月5日至7日，纪录片《缅北电诈覆灭纪实》首播，曝光缅北电诈黑暗生态。片中，缅北明家犯罪集团首要分子巫鸿明、白家首要分子白应苍出镜，两人已分别于2026年1月29日、2月2日被执行死刑。,7711975,https://www.baidu.com/s?wd=%E8%A2%AB%E6%89%A7%E8%A1%8C%E6%AD%BB%E5%88%91%E7%9A%84%E5%B7%AB%E9%B8%BF%E6%98%8E%E3%80%81%E7%99%BD%E5%BA%94%E8%8B%8D%E5%87%BA%E9%95%9C&sa=fyb_news&rsv_dl=fyb_news,https://fyb-2.cdn.bcebos.com/hotboard_image/1fd9236b5e3ac860a26d1f224828ad5c,百度热搜,实时热搜,realtime,hotlist,,2026-10-05 13:52:25
4,六张“超级大网” 如何编织,提到中国基建，很多人脑海里浮现的是高铁、大桥、超级港口。但其实，中国基建的“打开方式”早就升级了。当前，国家正在编织一套超级新基建体系——“六张网”。,7617954,https://www.baidu.com/s?wd=%E5%85%AD%E5%BC%A0%E2%80%9C%E8%B6%85%E7%BA%A7%E5%A4%A7%E7%BD%91%E2%80%9D+%E5%A6%82%E4%BD%95%E7%BC%96%E7%BB%87&sa=fyb_news&rsv_dl=fyb_news,https://fyb-2.cdn.bcebos.com/hotboard_image/16910f046580c4af112a049b93077bf8,百度热搜,实时热搜,realtime,hotlist,,2026-10-05 13:52:25
5,松岛辉空成史上最年轻世界第一,10月5日，19岁日本选手‌松岛辉空‌登顶男单世界第一，以19岁5个月零6天成史上最年轻世界第一。‌王楚钦‌跌至第四，国乒男单无缘前三。,7523074,https://www.baidu.com/s?wd=%E6%9D%BE%E5%B2%9B%E8%BE%89%E7%A9%BA%E6%88%90%E5%8F%B2%E4%B8%8A%E6%9C%80%E5%B9%B4%E8%BD%BB%E4%B8%96%E7%95%8C%E7%AC%AC%E4%B8%80&sa=fyb_news&rsv_dl=fyb_news,https://fyb-2.cdn.bcebos.com/hotboard_image/0373c7a2dd11d447ff813c7bba031c14,百度热搜,实时热搜,realtime,hotlist,,2026-10-05 13:52:25
6,村民自建“瀑布楼” 水流从5楼往下淌,10月4日，广西百色靖西禄峒镇平江村一栋村民自筹自建的“瀑布楼”走红网络。水流从5楼楼顶倾泻而下，形成独特景观，吸引不少游客专程打卡。,7425821,https://www.baidu.com/s?wd=%E6%9D%91%E6%B0%91%E8%87%AA%E5%BB%BA%E2%80%9C%E7%80%91%E5%B8%83%E6%A5%BC%E2%80%9D+%E6%B0%B4%E6%B5%81%E4%BB%8E5%E6%A5%BC%E5%BE%80%E4%B8%8B%E6%B7%8C&sa=fyb_news&rsv_dl=fyb_news,https://fyb-2.cdn.bcebos.com/hotboard_image/942a9e1f1e1ec91e70f732e651264de8,百度热搜,实时热搜,realtime,hotlist,,2026-10-05 13:52:25
7,用户投诉说脏话 AI客服回复也含脏话,10月3日，用户林莉在票务平台两分钟内退票被扣16元手续费，平台承诺的代金券迟迟未到。她沟通时发送脏话，AI客服竟回以脏话。平台后续称已补发代金券，并表示会核查AI骂人事件。,7331141,https://www.baidu.com/s?wd=%E7%94%A8%E6%88%B7%E6%8A%95%E8%AF%89%E8%AF%B4%E8%84%8F%E8%AF%9D+AI%E5%AE%A2%E6%9C%8D%E5%9B%9E%E5%A4%8D%E4%B9%9F%E5%90%AB%E8%84%8F%E8%AF%9D&sa=fyb_news&rsv_dl=fyb_news,https://fyb-2.cdn.bcebos.com/hotboard_image/b635ee469554c66a83c2e86aec54f388,百度热搜,实时热搜,realtime,hotlist,,2026-10-05 13:52:25
8,蔡康永个人社交账号多个作品下架,10月5日，记者发现零跑汽车与蔡康永合作视频已下架，蔡康永个人社交账号多个作品也下架，评论区遭网友抵制。4日晚间，零跑汽车发声明称蔡康永并非代言人，坚决反对任何形式的“台独”分裂活动。事件起因于近日“蔡康永现身台独分子竞选会场”引发关注。,7233104,https://www.baidu.com/s?wd=%E8%94%A1%E5%BA%B7%E6%B0%B8%E4%B8%AA%E4%BA%BA%E7%A4%BE%E4%BA%A4%E8%B4%A6%E5%8F%B7%E5%A4%9A%E4%B8%AA%E4%BD%9C%E5%93%81%E4%B8%8B%E6%9E%B6&sa=fyb_news&rsv_dl=fyb_news,https://fyb-2.cdn.bcebos.com/hotboard_image/b8b1b06068e48820a8ac653626621db6,百度热搜,实时热搜,realtime,hotlist,,2026-10-05 13:52:25
9,陈思诚这次把“唐探”商标撕了,10月1日，陈思诚执导的电影《神探之痕迹》上映，首日票房约7100万，国庆档累计票房达2.8亿。该片与以往“唐探”系列不同，不再依赖反转取胜，而是以痕检专家崔道植为蓝本，聚焦真实的物证检验过程。,7139224,https://www.baidu.com/s?wd=%E9%99%88%E6%80%9D%E8%AF%9A%E8%BF%99%E6%AC%A1%E6%8A%8A%E2%80%9C%E5%94%90%E6%8E%A2%E2%80%9D%E5%95%86%E6%A0%87%E6%92%95%E4%BA%86&sa=fyb_news&rsv_dl=fyb_news,https://fyb-2.cdn.bcebos.com/hotboard_image/1f517f343bd982443e5a125661208e9d,百度热搜,实时热搜,realtime,hotlist,,2026-10-05 13:52:25
10,超10万份孕妇血样被偷运出境,国安部发布提醒，警惕个别境外组织以“医疗检测”为名非法采集我国人血样、窃取基因资源。此前，广州海关破获一起特大走私孕妇血样系列案。涉案团伙借无创胎儿性别鉴定等噱头，累计将超10万份孕妇血液样本走私出境。,7045372,https://www.baidu.com/s?wd=%E8%B6%8510%E4%B8%87%E4%BB%BD%E5%AD%95%E5%A6%87%E8%A1%80%E6%A0%B7%E8%A2%AB%E5%81%B7%E8%BF%90%E5%87%BA%E5%A2%83&sa=fyb_news&rsv_dl=fyb_news,https://fyb-2.cdn.bcebos.com/hotboard_image/f8f2fa9c9d87e9142333c535ab91ace1,百度热搜,实时热搜,realtime,hotlist,,2026-10-05 13:52:25
11,贵是贵了点 但吃了不烧心,“贵是贵了点，但吃了不烧心”等台词催生全网热梗“不烧心文学”，这些句子源自AI短剧里摊贩、餐馆老板的固定台词。这类短剧套用同一套模板，内容高度同质化，引发人们对流水线短剧质量的思考。,6950330,https://www.baidu.com/s?wd=%E8%B4%B5%E6%98%AF%E8%B4%B5%E4%BA%86%E7%82%B9+%E4%BD%86%E5%90%83%E4%BA%86%E4%B8%8D%E7%83%A7%E5%BF%83&sa=fyb_news&rsv_dl=fyb_news,https://fyb-2.cdn.bcebos.com/hotboard_image/3b9b7f426796a87d68efda3cf33f8401,百度热搜,实时热搜,realtime,hotlist,,2026-10-05 13:52:25
12,国庆出行警惕票务诈骗陷阱,国庆返程高峰将至，火车票、机票“一票难求”，假客服、低价代购、“候补妙招”等票务骗局卷土重来，警方提醒旅客通过官方渠道购票、警惕转账。,6848633,https://www.baidu.com/s?wd=%E5%9B%BD%E5%BA%86%E5%87%BA%E8%A1%8C%E8%AD%A6%E6%83%95%E7%A5%A8%E5%8A%A1%E8%AF%88%E9%AA%97%E9%99%B7%E9%98%B1&sa=fyb_news&rsv_dl=fyb_news,https://fyb-2.cdn.bcebos.com/hotboard_image/c3294f15e10f4ba5d8205662002f45dc,百度热搜,实时热搜,realtime,hotlist,,2026-10-05 13:52:25
13,蔡康永现身台独分子竞选会场,10月4日，知名主持人蔡康永现身‌中国台湾‌地区民进党籍参选人沈伯洋的竞选总部成立大会，引发舆论广泛关注与争议。,6758759,https://www.baidu.com/s?wd=%E8%94%A1%E5%BA%B7%E6%B0%B8%E7%8E%B0%E8%BA%AB%E5%8F%B0%E7%8B%AC%E5%88%86%E5%AD%90%E7%AB%9E%E9%80%89%E4%BC%9A%E5%9C%BA&sa=fyb_news&rsv_dl=fyb_news,https://fyb-2.cdn.bcebos.com/hotboard_image/3089da88c483160f92873646e17b14e7,百度热搜,实时热搜,realtime,hotlist,,2026-10-05 13:52:25
14,1700万买义乌天价商铺 商户：值这个价,义乌国际商贸城9.42平方米商铺经376轮竞价，以1700万元成交。商户张女士称商铺位置绝佳，用来售卖琉璃珠饰品，并非炒摊位。官方说明使用权可每年自动续签，国庆期间该店客流旺盛。,6666511,https://www.baidu.com/s?wd=1700%E4%B8%87%E4%B9%B0%E4%B9%89%E4%B9%8C%E5%A4%A9%E4%BB%B7%E5%95%86%E9%93%BA+%E5%95%86%E6%88%B7%EF%BC%9A%E5%80%BC%E8%BF%99%E4%B8%AA%E4%BB%B7&sa=fyb_news&rsv_dl=fyb_news,https://fyb-2.cdn.bcebos.com/hotboard_image/56be0dfb3c959aee88845bb510b9b6bc,百度热搜,实时热搜,realtime,hotlist,,2026-10-05 13:52:25
15,本想见世面 没想到自己就是世面,当地时间10月4日，亚奥理事会宣布，泰国短跑运动员汶颂、中国游泳运动员于子迪分别当选第20届亚运会男子、女子最有价值运动员。网友感慨，她本想见识世面，没想到自己本身就是世面，纷纷称赞这名小将实力出众。,6565426,https://www.baidu.com/s?wd=%E6%9C%AC%E6%83%B3%E8%A7%81%E4%B8%96%E9%9D%A2+%E6%B2%A1%E6%83%B3%E5%88%B0%E8%87%AA%E5%B7%B1%E5%B0%B1%E6%98%AF%E4%B8%96%E9%9D%A2&sa=fyb_news&rsv_dl=fyb_news,https://fyb-2.cdn.bcebos.com/hotboard_image/b3aea699180f5603a031f347b928ba0a,百度热搜,实时热搜,realtime,hotlist,,2026-10-05 13:52:25
16,诺奖奖金再涨 历届得主奖金花哪了,今年10月5日至12日，2026年诺贝尔奖各奖项将陆续揭晓。诺贝尔基金会决定将每项奖金上调100万瑞典克朗至1200万瑞典克朗（约815万人民币）。历届得主奖金去向各异，如屠呦呦曾将部分奖金捐赠母校及科研机构，也有得主用于缴税还债。,6463279,https://www.baidu.com/s?wd=%E8%AF%BA%E5%A5%96%E5%A5%96%E9%87%91%E5%86%8D%E6%B6%A8+%E5%8E%86%E5%B1%8A%E5%BE%97%E4%B8%BB%E5%A5%96%E9%87%91%E8%8A%B1%E5%93%AA%E4%BA%86&sa=fyb_news&rsv_dl=fyb_news,https://fyb-2.cdn.bcebos.com/hotboard_image/f741e58e70ea5d0acc2a1961d8c4ffe5,百度热搜,实时热搜,realtime,hotlist,,2026-10-05 13:52:25
17,缅北电诈回流人员自述被割肾经历,近日，缅北电诈回流人员唐某丰自述偷渡缅北后遭毒打倒卖，因无业绩，被诈骗团伙以卖肾抵债，在农家小院接受手术，缅北电诈犯罪残害无数受害者。,6375292,https://www.baidu.com/s?wd=%E7%BC%85%E5%8C%97%E7%94%B5%E8%AF%88%E5%9B%9E%E6%B5%81%E4%BA%BA%E5%91%98%E8%87%AA%E8%BF%B0%E8%A2%AB%E5%89%B2%E8%82%BE%E7%BB%8F%E5%8E%86&sa=fyb_news&rsv_dl=fyb_news,https://fyb-2.cdn.bcebos.com/hotboard_image/10462787ceedd584fdf8e90193fa010e,百度热搜,实时热搜,realtime,hotlist,,2026-10-05 13:52:25
18,刘国正：王楚钦压力远超此前几代主力,近日，前国乒教练刘国正在复盘名古屋亚运会时，直言王楚钦正处于国乒男队前所未有的单核扛重担状态，压力远超此前几代主力。,6278115,https://www.baidu.com/s?wd=%E5%88%98%E5%9B%BD%E6%AD%A3%EF%BC%9A%E7%8E%8B%E6%A5%9A%E9%92%A6%E5%8E%8B%E5%8A%9B%E8%BF%9C%E8%B6%85%E6%AD%A4%E5%89%8D%E5%87%A0%E4%BB%A3%E4%B8%BB%E5%8A%9B&sa=fyb_news&rsv_dl=fyb_news,https://fyb-2.cdn.bcebos.com/hotboard_image/74a78c43318a986a8bc60d607af1a405,百度热搜,实时热搜,realtime,hotlist,,2026-10-05 13:52:25
19,大量网友抵制蔡康永,4日晚，零跑汽车声明称蔡康永非代言人，已下线与其相关全部内容并保留追究法律责任。此前，蔡康永亮相“台独”顽固分子沈伯洋在台北市举行的竞选总部成立大会，其账号遭大量网友抵制。,6189079,https://www.baidu.com/s?wd=%E5%A4%A7%E9%87%8F%E7%BD%91%E5%8F%8B%E6%8A%B5%E5%88%B6%E8%94%A1%E5%BA%B7%E6%B0%B8&sa=fyb_news&rsv_dl=fyb_news,https://fyb-2.cdn.bcebos.com/hotboard_image/fad562ee6bf5873ca4ac927b23cb00c3,百度热搜,实时热搜,realtime,hotlist,,2026-10-05 13:52:25
20,名校校友捐赠越来越卷 钱都花哪了,近日中国人民大学获一校友捐赠5.03亿元建通州校区体育中心，近两年高校亿级校友捐赠频现，复旦、天大更达10亿级。据各校基金会信息，这些钱主要流向奖助学金、引才、科研学科建设、盖楼修馆、创业转化等。,6092680,https://www.baidu.com/s?wd=%E5%90%8D%E6%A0%A1%E6%A0%A1%E5%8F%8B%E6%8D%90%E8%B5%A0%E8%B6%8A%E6%9D%A5%E8%B6%8A%E5%8D%B7+%E9%92%B1%E9%83%BD%E8%8A%B1%E5%93%AA%E4%BA%86&sa=fyb_news&rsv_dl=fyb_news,https://fyb-2.cdn.bcebos.com/hotboard_image/fa6af2d7dedf3b057c69d2bab9a21159,百度热搜,实时热搜,realtime,hotlist,,2026-10-05 13:52:25
21,陈飞宇演反派吓到自己和父母,近日，电影《神探之痕迹》在长沙路演，张译、马丽、陈飞宇等出席。活动中，张译与马丽盛赞陈飞宇演技“太炸裂了”。陈飞宇透露，其父母陈凯歌与陈红去影院观影时，也被其反派造型吓到。,6000779,https://www.baidu.com/s?wd=%E9%99%88%E9%A3%9E%E5%AE%87%E6%BC%94%E5%8F%8D%E6%B4%BE%E5%90%93%E5%88%B0%E8%87%AA%E5%B7%B1%E5%92%8C%E7%88%B6%E6%AF%8D&sa=fyb_news&rsv_dl=fyb_news,https://fyb-2.cdn.bcebos.com/hotboard_image/61badab0787d3b0162116fe49e9958fb,百度热搜,实时热搜,realtime,hotlist,,2026-10-05 13:52:25
22,俄罗斯人抢购中国电动车,北京时间10月5日报道，因乌克兰袭击致俄罗斯炼油厂受损引发燃料短缺，俄罗斯民众开始抢购中国电动汽车。此前，今年7月俄炼油厂遇袭致多地加油站排长队，促使该国电动汽车市场规模自6月底以来翻倍，且多为中国品牌。,5887141,https://www.baidu.com/s?wd=%E4%BF%84%E7%BD%97%E6%96%AF%E4%BA%BA%E6%8A%A2%E8%B4%AD%E4%B8%AD%E5%9B%BD%E7%94%B5%E5%8A%A8%E8%BD%A6&sa=fyb_news&rsv_dl=fyb_news,https://fyb-2.cdn.bcebos.com/hotboard_image/4da97301bf9b2633df918b14879a325b,百度热搜,实时热搜,realtime,hotlist,,2026-10-05 13:52:25
23,新乡胖东来排队约一公里,10月3日国庆假期，河南新乡胖东来门店外排队约一公里，游客等待长达3小时。该超市被视作“6A级景点”，吸引大量外地游客专程打卡消费。,5803825,https://www.baidu.com/s?wd=%E6%96%B0%E4%B9%A1%E8%83%96%E4%B8%9C%E6%9D%A5%E6%8E%92%E9%98%9F%E7%BA%A6%E4%B8%80%E5%85%AC%E9%87%8C&sa=fyb_news&rsv_dl=fyb_news,https://fyb-2.cdn.bcebos.com/hotboard_image/c0e91730c93a8f92e0c2b293cd9b249c,百度热搜,实时热搜,realtime,hotlist,,2026-10-05 13:52:25
24,9位华人科学家成诺奖热门人选,10月5日至12日，2026年诺贝尔奖将陆续公布结果。基于科学家论文成果与同行评价，外界预测9位华人科学家为本届热门候选人。其中包括物理学领域的薛其坤、叶军，生理学或医学领域的卢煜明、陈志坚，以及化学领域的刘如谦等人。,5698936,https://www.baidu.com/s?wd=9%E4%BD%8D%E5%8D%8E%E4%BA%BA%E7%A7%91%E5%AD%A6%E5%AE%B6%E6%88%90%E8%AF%BA%E5%A5%96%E7%83%AD%E9%97%A8%E4%BA%BA%E9%80%89&sa=fyb_news&rsv_dl=fyb_news,https://fyb-2.cdn.bcebos.com/hotboard_image/ea2225e7863be6249c6e1613f26ed3ff,百度热搜,实时热搜,realtime,hotlist,,2026-10-05 13:52:25
25,本以为只是街头表演者 没想到是大神,国庆期间‌，网友在‌重庆‌游玩时偶遇两位‌街头表演者‌。起初以为只是普通街头表演者，打算转身离开，后来才发现两位表演者竟是原唱大神。,5612453,https://www.baidu.com/s?wd=%E6%9C%AC%E4%BB%A5%E4%B8%BA%E5%8F%AA%E6%98%AF%E8%A1%97%E5%A4%B4%E8%A1%A8%E6%BC%94%E8%80%85+%E6%B2%A1%E6%83%B3%E5%88%B0%E6%98%AF%E5%A4%A7%E7%A5%9E&sa=fyb_news&rsv_dl=fyb_news,https://fyb-2.cdn.bcebos.com/hotboard_image/d88e6c8cd0933c260fbe785cb9c65e6e,百度热搜,实时热搜,realtime,hotlist,,2026-10-05 13:52:25
26,任嘉伦方否认入驻红果短剧,10月5日，任嘉伦工作室发声明辟谣任嘉伦入驻红果短剧，称网络上的同名账号均为仿冒。,5515447,https://www.baidu.com/s?wd=%E4%BB%BB%E5%98%89%E4%BC%A6%E6%96%B9%E5%90%A6%E8%AE%A4%E5%85%A5%E9%A9%BB%E7%BA%A2%E6%9E%9C%E7%9F%AD%E5%89%A7&sa=fyb_news&rsv_dl=fyb_news,https://fyb-2.cdn.bcebos.com/hotboard_image/094a8ad6b670fb6d347acba0653675a4,百度热搜,实时热搜,realtime,hotlist,,2026-10-05 13:52:25
27,上海一书店试行25元入场费,近日，上海小森林独立书店国庆起试行新规，临时到店需付25元入场费，费用可抵扣消费，小程序提前预约则免费。店主称此举是筛选打卡客流、引导维护空间，并非为盈利，该自助运营模式引发行业讨论。,5419650,https://www.baidu.com/s?wd=%E4%B8%8A%E6%B5%B7%E4%B8%80%E4%B9%A6%E5%BA%97%E8%AF%95%E8%A1%8C25%E5%85%83%E5%85%A5%E5%9C%BA%E8%B4%B9&sa=fyb_news&rsv_dl=fyb_news,https://fyb-2.cdn.bcebos.com/hotboard_image/86c7cfbf3b51f4d1549e298bf2bb00cd,百度热搜,实时热搜,realtime,hotlist,,2026-10-05 13:52:25
28,白应苍被执行死刑前受访画面曝光,10月5日至7日，纪录片《缅北电诈覆灭纪实》首播，披露已于2026年2月2日被执行死刑的缅北白家首要分子白应苍受访画面。此前在今年2月节目中，白应苍曾出庭忏悔，称当地“你不做诈骗就代表你无所事事”，并代表全家向中国人民道歉。,5335499,https://www.baidu.com/s?wd=%E7%99%BD%E5%BA%94%E8%8B%8D%E8%A2%AB%E6%89%A7%E8%A1%8C%E6%AD%BB%E5%88%91%E5%89%8D%E5%8F%97%E8%AE%BF%E7%94%BB%E9%9D%A2%E6%9B%9D%E5%85%89&sa=fyb_news&rsv_dl=fyb_news,https://fyb-2.cdn.bcebos.com/hotboard_image/0f33c465619791a4e0424fdf70223769,百度热搜,实时热搜,realtime,hotlist,,2026-10-05 13:52:25
29,高速拥堵女子憋尿被送进急诊,国庆高速拥堵，有女子途中憋尿被送急诊。不少女性为减少如厕刻意少喝水、长时间憋尿。西安医生称长假常接诊这类泌尿系不适患者，严重可引发急性肾盂肾炎。妊娠期、绝经女性风险更高，建议科学饮水，出现相关症状及时就医。,5216261,https://www.baidu.com/s?wd=%E9%AB%98%E9%80%9F%E6%8B%A5%E5%A0%B5%E5%A5%B3%E5%AD%90%E6%86%8B%E5%B0%BF%E8%A2%AB%E9%80%81%E8%BF%9B%E6%80%A5%E8%AF%8A&sa=fyb_news&rsv_dl=fyb_news,https://fyb-2.cdn.bcebos.com/hotboard_image/b340028212c1c43ed48d268bdf46773a,百度热搜,实时热搜,realtime,hotlist,,2026-10-05 13:52:25
30,《龙餐馆》上映一个多月仍是前三,截至2026年10月4日18时，国庆档总票房破6.8亿元。陈思诚新作《神探之痕迹》以约2.7亿断层领跑，《欢迎来龙餐馆》上映近两月仍居前三。,5138020,https://www.baidu.com/s?wd=%E3%80%8A%E9%BE%99%E9%A4%90%E9%A6%86%E3%80%8B%E4%B8%8A%E6%98%A0%E4%B8%80%E4%B8%AA%E5%A4%9A%E6%9C%88%E4%BB%8D%E6%98%AF%E5%89%8D%E4%B8%89&sa=fyb_news&rsv_dl=fyb_news,https://fyb-2.cdn.bcebos.com/hotboard_image/a54eb4e68732778189d1f36967e5a700,百度热搜,实时热搜,realtime,hotlist,,2026-10-05 13:52:25
31,Muse狂飙 龙虾退潮,近日，Meta推出的AI智能体Muse迅速爆火，验证了大众对个人智能代理的需求，但商业模式尚未跑通。国内大厂纷纷布局同类产品，不过国内互联网生态封闭，很难诞生跨平台的中国版Muse，只会形成各生态内的管家。此前“养龙虾”项目已落幕，大厂跟进更多是出于防守。,5045392,https://www.baidu.com/s?wd=Muse%E7%8B%82%E9%A3%99+%E9%BE%99%E8%99%BE%E9%80%80%E6%BD%AE&sa=fyb_news&rsv_dl=fyb_news,https://fyb-2.cdn.bcebos.com/hotboard_image/45ece40e39f27d55dcc3b3b87ef0f364,百度热搜,实时热搜,realtime,hotlist,,2026-10-05 13:52:25
32,年轻人十一出片全靠15元次抛衣,今年十一期间，全国景点流行起十几元的“次抛衣”。年轻人低价购买仅供拍照的衣服，以最小成本换取旅行出片的新鲜感。,4950464,https://www.baidu.com/s?wd=%E5%B9%B4%E8%BD%BB%E4%BA%BA%E5%8D%81%E4%B8%80%E5%87%BA%E7%89%87%E5%85%A8%E9%9D%A015%E5%85%83%E6%AC%A1%E6%8A%9B%E8%A1%A3&sa=fyb_news&rsv_dl=fyb_news,https://fyb-2.cdn.bcebos.com/hotboard_image/1b75044ed9d956ffb24d34729b485670,百度热搜,实时热搜,realtime,hotlist,,2026-10-05 13:52:25
33,民进党用高压水炮对大陆渔船喷射90秒,10月1日，台海巡署“云林”舰在东沙岛以东约27海里处，向未及时撤离的大陆“金沙号”渔船驾驶舱喷射高压水炮约90秒，致渔船动力受损、船员被困。,4853985,https://www.baidu.com/s?wd=%E6%B0%91%E8%BF%9B%E5%85%9A%E7%94%A8%E9%AB%98%E5%8E%8B%E6%B0%B4%E7%82%AE%E5%AF%B9%E5%A4%A7%E9%99%86%E6%B8%94%E8%88%B9%E5%96%B7%E5%B0%8490%E7%A7%92&sa=fyb_news&rsv_dl=fyb_news,https://fyb-2.cdn.bcebos.com/hotboard_image/eee7a110cd07bc82c2ebfa6ab5bd0835,百度热搜,实时热搜,realtime,hotlist,,2026-10-05 13:52:25
34,上映仅5天 电影《侦战》撤档,10月5日上午，电影《侦战》发文宣布正式取消本轮公映档期，后续将择期重启公映。片方称此举为尊重创作初心，保障观影体验。此前该片上映仅5天，累计票房仅443万。,4763085,https://www.baidu.com/s?wd=%E4%B8%8A%E6%98%A0%E4%BB%855%E5%A4%A9+%E7%94%B5%E5%BD%B1%E3%80%8A%E4%BE%A6%E6%88%98%E3%80%8B%E6%92%A4%E6%A1%A3&sa=fyb_news&rsv_dl=fyb_news,https://fyb-2.cdn.bcebos.com/hotboard_image/eb9e631cb2bb15558169e2fe0c8be9d3,百度热搜,实时热搜,realtime,hotlist,,2026-10-05 13:52:25
35,越来越多90后患冠心病,世界心脏日相关提醒，如今90后冠心病患者增多，出现“人未老心先衰”现象。熬夜、作息紊乱、突击运动等会损伤心脏，中青年斑块更易破裂，情绪剧烈波动也会伤心脏，专家建议尽早养护心脏。,4657182,https://www.baidu.com/s?wd=%E8%B6%8A%E6%9D%A5%E8%B6%8A%E5%A4%9A90%E5%90%8E%E6%82%A3%E5%86%A0%E5%BF%83%E7%97%85&sa=fyb_news&rsv_dl=fyb_news,https://fyb-2.cdn.bcebos.com/hotboard_image/1358204240e00dfa29f7bb54b100cea0,百度热搜,实时热搜,realtime,hotlist,,2026-10-05 13:52:25
36,华山缆车人满为患被质疑超负荷,近日，针对华山缆车人满为患被质疑超负荷一事，华山景区回应称系正常运力，不存在超负荷，需要下山的游客均已安全下山。景区表示每天均有限流，国庆期间人流量较大，尤其在下午5时至8时，建议游客尽早下山以避免拥挤。,4562287,https://www.baidu.com/s?wd=%E5%8D%8E%E5%B1%B1%E7%BC%86%E8%BD%A6%E4%BA%BA%E6%BB%A1%E4%B8%BA%E6%82%A3%E8%A2%AB%E8%B4%A8%E7%96%91%E8%B6%85%E8%B4%9F%E8%8D%B7&sa=fyb_news&rsv_dl=fyb_news,https://fyb-2.cdn.bcebos.com/hotboard_image/4e8fb4acf41c0798ce9d9dd3659e40b1,百度热搜,实时热搜,realtime,hotlist,,2026-10-05 13:52:25
37,德总理会见泽连斯基 现场响起爆炸声,10月4日，德国总理默茨在基辅会见乌克兰总统泽连斯基，承诺支持乌克兰并敦促俄罗斯停止不断升级的袭击。与此同时，基辅响起了空袭警报和爆炸声。,4464249,https://www.baidu.com/s?wd=%E5%BE%B7%E6%80%BB%E7%90%86%E4%BC%9A%E8%A7%81%E6%B3%BD%E8%BF%9E%E6%96%AF%E5%9F%BA+%E7%8E%B0%E5%9C%BA%E5%93%8D%E8%B5%B7%E7%88%86%E7%82%B8%E5%A3%B0&sa=fyb_news&rsv_dl=fyb_news,https://fyb-2.cdn.bcebos.com/hotboard_image/da6983c4dbe6009f6d532561ac15e95f,百度热搜,实时热搜,realtime,hotlist,,2026-10-05 13:52:25
38,一代人有一代人的“西游记”,国庆期间，走红网络的“26版西游记”团队将在南京景区上演实景演出。该团队以直播即兴演绎师徒日常，致敬86版经典，跳出降妖主线，借角色日常，讲述当代人相伴前行、在历练中成长的“取经”内涵。,4374047,https://www.baidu.com/s?wd=%E4%B8%80%E4%BB%A3%E4%BA%BA%E6%9C%89%E4%B8%80%E4%BB%A3%E4%BA%BA%E7%9A%84%E2%80%9C%E8%A5%BF%E6%B8%B8%E8%AE%B0%E2%80%9D&sa=fyb_news&rsv_dl=fyb_news,https://fyb-2.cdn.bcebos.com/hotboard_image/70ac9dac3ed567c60b3866e11ffbd1f5,百度热搜,实时热搜,realtime,hotlist,,2026-10-05 13:52:25
39,高铁遗落10万 失主淡定：相信旅客素质,10月3日，D2221次列车旅客周先生不慎将装有10万元现金的行李箱遗落车上，钱款本是女儿婚礼贺礼。铁路工作人员找到并妥善保管，移交至杭州东站。周先生十分淡定，相信旅客素质与治安，计划托朋友取回。,4284658,https://www.baidu.com/s?wd=%E9%AB%98%E9%93%81%E9%81%97%E8%90%BD10%E4%B8%87+%E5%A4%B1%E4%B8%BB%E6%B7%A1%E5%AE%9A%EF%BC%9A%E7%9B%B8%E4%BF%A1%E6%97%85%E5%AE%A2%E7%B4%A0%E8%B4%A8&sa=fyb_news&rsv_dl=fyb_news,https://fyb-2.cdn.bcebos.com/hotboard_image/275ab6614e4dfdc0d19af018b959ee5c,百度热搜,实时热搜,realtime,hotlist,,2026-10-05 13:52:25
40,14城市度过今年下半年来最冷清晨,10月5日，受冷空气及晴空辐射降温影响，我国太原、北京等14个省会及直辖市度过今年下半年来最冷清晨。,4190732,https://www.baidu.com/s?wd=14%E5%9F%8E%E5%B8%82%E5%BA%A6%E8%BF%87%E4%BB%8A%E5%B9%B4%E4%B8%8B%E5%8D%8A%E5%B9%B4%E6%9D%A5%E6%9C%80%E5%86%B7%E6%B8%85%E6%99%A8&sa=fyb_news&rsv_dl=fyb_news,https://fyb-2.cdn.bcebos.com/hotboard_image/9983908369d70c84fb624dcb4defe2e7,百度热搜,实时热搜,realtime,hotlist,,2026-10-05 13:52:25
41,重庆“落地签” 隐患,国庆重庆网红“落地签”商拍暗藏隐患：南滨路摩托商拍存在脱把、占道、蛇形行驶扰民问题；洪崖洞江滩拍摄点位湿滑无防护。专家建议精细化管控，多方呼吁出台行业规范保障安全。,4078962,https://www.baidu.com/s?wd=%E9%87%8D%E5%BA%86%E2%80%9C%E8%90%BD%E5%9C%B0%E7%AD%BE%E2%80%9D+%E9%9A%90%E6%82%A3&sa=fyb_news&rsv_dl=fyb_news,https://fyb-2.cdn.bcebos.com/hotboard_image/6c7dbc32745c162ade28045e0e73e072,百度热搜,实时热搜,realtime,hotlist,,2026-10-05 13:52:25
42,老挝进行高层领导调整,10月5日，老挝第十届国会第二次常务会议在万象召开，会上完成高层人事调整，沙伦赛・贡玛西当选新任政府总理，宋赛・西潘敦当选国会主席。两人均为中央政治局委员，会议举办时间为10月5日至21日。,3965855,https://www.baidu.com/s?wd=%E8%80%81%E6%8C%9D%E8%BF%9B%E8%A1%8C%E9%AB%98%E5%B1%82%E9%A2%86%E5%AF%BC%E8%B0%83%E6%95%B4&sa=fyb_news&rsv_dl=fyb_news,https://fyb-2.cdn.bcebos.com/hotboard_image/7dc7175b28ced3ae66ae3b76b60b8f75,百度热搜,实时热搜,realtime,hotlist,,2026-10-05 13:52:25
43,12岁少年花盆里发现恐龙蛋化石,近日，河源一12岁少年在花盆里发现恐龙蛋化石。少年表示老师家长曾教育发现类似化石要上交博物馆。专家表示，这两个恐龙蛋化石的具体类型还需进一步切片分析，同时将进行产地复核以了解其出土位置等详情。此前，同村在30年前也曾有发现恐龙蛋化石的先例。,3888376,https://www.baidu.com/s?wd=12%E5%B2%81%E5%B0%91%E5%B9%B4%E8%8A%B1%E7%9B%86%E9%87%8C%E5%8F%91%E7%8E%B0%E6%81%90%E9%BE%99%E8%9B%8B%E5%8C%96%E7%9F%B3&sa=fyb_news&rsv_dl=fyb_news,https://fyb-2.cdn.bcebos.com/hotboard_image/19c005e8a900d6d567e67bd488221724,百度热搜,实时热搜,realtime,hotlist,,2026-10-05 13:52:25
44,张译现场科普指甲的秘密,近日，张译在电影《神探之痕迹》路演现场科普，澄清指甲上的竖纹并非生病而是正常现象。他强调，每个人从出生起指甲形态就固定且独一无二，如同伴随一生的人生密码。,3784896,https://www.baidu.com/s?wd=%E5%BC%A0%E8%AF%91%E7%8E%B0%E5%9C%BA%E7%A7%91%E6%99%AE%E6%8C%87%E7%94%B2%E7%9A%84%E7%A7%98%E5%AF%86&sa=fyb_news&rsv_dl=fyb_news,https://fyb-2.cdn.bcebos.com/hotboard_image/78e4891ff197cd3f5af5d73fca431580,百度热搜,实时热搜,realtime,hotlist,,2026-10-05 13:52:25
45,别人都活力四射 只有我在倒立玩手机,每逢长假，身边的人大抵分成两种状态：一种是“浑身牛劲使不完”，另一种是“天塌下来也别叫我，睡醒再说”。朋友圈也大致是这两种画风，对比鲜明：一类是“泰国~新加坡~印度尼西亚~”，另一类是“躺着玩手机、坐着玩手机、倒立玩手机”。,3706131,https://www.baidu.com/s?wd=%E5%88%AB%E4%BA%BA%E9%83%BD%E6%B4%BB%E5%8A%9B%E5%9B%9B%E5%B0%84+%E5%8F%AA%E6%9C%89%E6%88%91%E5%9C%A8%E5%80%92%E7%AB%8B%E7%8E%A9%E6%89%8B%E6%9C%BA&sa=fyb_news&rsv_dl=fyb_news,https://fyb-2.cdn.bcebos.com/hotboard_image/fc4e053a99786d58387e6ad2132af89d,百度热搜,实时热搜,realtime,hotlist,,2026-10-05 13:52:25
46,杭州商K大面积关停,近日，杭州天际线、iN11等高端商K因专项整顿被大面积关停，部分营业执照被吊销，行业一夜清零。此前，包厢内发生猥亵案致人员被刑拘、公职人员被免职，突破监管底线引发此次整顿。主打隐秘奢华商务社交的商K曾以高价酒及分等级“演员”服务为卖点，如今已全面停摆。,3604406,https://www.baidu.com/s?wd=%E6%9D%AD%E5%B7%9E%E5%95%86K%E5%A4%A7%E9%9D%A2%E7%A7%AF%E5%85%B3%E5%81%9C&sa=fyb_news&rsv_dl=fyb_news,https://fyb-2.cdn.bcebos.com/hotboard_image/461ba6e96cf4b390eca1c079b574843b,百度热搜,实时热搜,realtime,hotlist,,2026-10-05 13:52:25
47,日本罕见1天3次强烈抗议美国,近日，日本罕见在一天内3次向美国提出强烈抗议，针对驻冲绳美军在酒店劫杀日本女子事件。日本防卫省、外务省等相继表态，要求美军整顿军纪并配合调查。,3508758,https://www.baidu.com/s?wd=%E6%97%A5%E6%9C%AC%E7%BD%95%E8%A7%811%E5%A4%A93%E6%AC%A1%E5%BC%BA%E7%83%88%E6%8A%97%E8%AE%AE%E7%BE%8E%E5%9B%BD&sa=fyb_news&rsv_dl=fyb_news,https://fyb-2.cdn.bcebos.com/hotboard_image/bbb0edf87ef52f58e58b3f243bd2f3c3,百度热搜,实时热搜,realtime,hotlist,,2026-10-05 13:52:25
48,反向旅游依然被价格背刺,国庆前夕，多名打工人为避开人潮寻找冷门小城“反向旅游”，却遭遇酒店机票价格大涨被“背刺”。此前大众为躲避拥挤挖掘低物价小城，因小众目的地酒店少、承载力小，节假日流量涌入导致酒店价格翻数倍甚至十倍。,3406947,https://www.baidu.com/s?wd=%E5%8F%8D%E5%90%91%E6%97%85%E6%B8%B8%E4%BE%9D%E7%84%B6%E8%A2%AB%E4%BB%B7%E6%A0%BC%E8%83%8C%E5%88%BA&sa=fyb_news&rsv_dl=fyb_news,https://fyb-2.cdn.bcebos.com/hotboard_image/497a36529d8006daf5b729b127a59203,百度热搜,实时热搜,realtime,hotlist,,2026-10-05 13:52:25
49,中国已织就低空反无人天网,,3334492,https://www.baidu.com/s?wd=%E4%B8%AD%E5%9B%BD%E5%B7%B2%E7%BB%87%E5%B0%B1%E4%BD%8E%E7%A9%BA%E5%8F%8D%E6%97%A0%E4%BA%BA%E5%A4%A9%E7%BD%91&sa=fyb_news&rsv_dl=fyb_news,https://fyb-1.cdn.bcebos.com/fyb/de6163834f53ca92c1273fff98ac9078.jpeg,百度热搜,实时热搜,realtime,hotlist,,2026-10-05 13:52:25
50,女式凉鞋内藏海洛因被查,,3202513,https://www.baidu.com/s?wd=%E5%A5%B3%E5%BC%8F%E5%87%89%E9%9E%8B%E5%86%85%E8%97%8F%E6%B5%B7%E6%B4%9B%E5%9B%A0%E8%A2%AB%E6%9F%A5&sa=fyb_news&rsv_dl=fyb_news,https://fyb-1.cdn.bcebos.com/fyb/de6163834f53ca92c1273fff98ac9078.jpeg,百度热搜,实时热搜,realtime,hotlist,,2026-10-05 13:52:25
1,过一个风清气正的节日,中秋连国庆。既是举国欢庆的日子，也是团圆相聚的时光。“洁不洁，看过节”。过好节，更要守住“节”。在清风正气中涵养浩然正气，每一名党员、干部都应在人情往来中守住原则、守住底线，在团圆欢聚时不忘规矩、不忘职责，以自身清正、担当作为为党旗增色、为节日添彩。,7904887,https://www.baidu.com/s?wd=%E8%BF%87%E4%B8%80%E4%B8%AA%E9%A3%8E%E6%B8%85%E6%B0%94%E6%AD%A3%E7%9A%84%E8%8A%82%E6%97%A5&sa=fyb_news&rsv_dl=fyb_news,https://fyb-2.cdn.bcebos.com/hotboard_image/0cc0aedd0a28055b2f8ee3cb4065d095,百度热搜,实时热搜,realtime,hotlist,,2026-10-05 14:33:56
2,白应苍被执行死刑前受访画面曝光,10月5日至7日，纪录片《缅北电诈覆灭纪实》首播，披露已于2026年2月2日被执行死刑的缅北白家首要分子白应苍受访画面。此前在今年2月节目中，白应苍曾出庭忏悔，称当地“你不做诈骗就代表你无所事事”，并代表全家向中国人民道歉。,7808386,https://www.baidu.com/s?wd=%E7%99%BD%E5%BA%94%E8%8B%8D%E8%A2%AB%E6%89%A7%E8%A1%8C%E6%AD%BB%E5%88%91%E5%89%8D%E5%8F%97%E8%AE%BF%E7%94%BB%E9%9D%A2%E6%9B%9D%E5%85%89&sa=fyb_news&rsv_dl=fyb_news,https://fyb-2.cdn.bcebos.com/hotboard_image/0f33c465619791a4e0424fdf70223769,百度热搜,实时热搜,realtime,hotlist,,2026-10-05 14:33:56
3,年轻人十一出片全靠15元次抛衣,今年十一期间，全国景点流行起十几元的“次抛衣”。年轻人低价购买仅供拍照的衣服，以最小成本换取旅行出片的新鲜感。,7713783,https://www.baidu.com/s?wd=%E5%B9%B4%E8%BD%BB%E4%BA%BA%E5%8D%81%E4%B8%80%E5%87%BA%E7%89%87%E5%85%A8%E9%9D%A015%E5%85%83%E6%AC%A1%E6%8A%9B%E8%A1%A3&sa=fyb_news&rsv_dl=fyb_news,https://fyb-2.cdn.bcebos.com/hotboard_image/1b75044ed9d956ffb24d34729b485670,百度热搜,实时热搜,realtime,hotlist,,2026-10-05 14:33:56
4,六张“超级大网” 如何编织,提到中国基建，很多人脑海里浮现的是高铁、大桥、超级港口。但其实，中国基建的“打开方式”早就升级了。当前，国家正在编织一套超级新基建体系——“六张网”。,7616779,https://www.baidu.com/s?wd=%E5%85%AD%E5%BC%A0%E2%80%9C%E8%B6%85%E7%BA%A7%E5%A4%A7%E7%BD%91%E2%80%9D+%E5%A6%82%E4%BD%95%E7%BC%96%E7%BB%87&sa=fyb_news&rsv_dl=fyb_news,https://fyb-2.cdn.bcebos.com/hotboard_image/16910f046580c4af112a049b93077bf8,百度热搜,实时热搜,realtime,hotlist,,2026-10-05 14:33:56
5,9位华人科学家成诺奖热门人选,10月5日至12日，2026年诺贝尔奖将陆续公布结果。基于科学家论文成果与同行评价，外界预测9位华人科学家为本届热门候选人。其中包括物理学领域的薛其坤、叶军，生理学或医学领域的卢煜明、陈志坚，以及化学领域的刘如谦等人。,7524227,https://www.baidu.com/s?wd=9%E4%BD%8D%E5%8D%8E%E4%BA%BA%E7%A7%91%E5%AD%A6%E5%AE%B6%E6%88%90%E8%AF%BA%E5%A5%96%E7%83%AD%E9%97%A8%E4%BA%BA%E9%80%89&sa=fyb_news&rsv_dl=fyb_news,https://fyb-2.cdn.bcebos.com/hotboard_image/ea2225e7863be6249c6e1613f26ed3ff,百度热搜,实时热搜,realtime,hotlist,,2026-10-05 14:33:56
6,1700万买义乌天价商铺 商户：值这个价,义乌国际商贸城9.42平方米商铺经376轮竞价，以1700万元成交。商户张女士称商铺位置绝佳，用来售卖琉璃珠饰品，并非炒摊位。官方说明使用权可每年自动续签，国庆期间该店客流旺盛。,7425604,https://www.baidu.com/s?wd=1700%E4%B8%87%E4%B9%B0%E4%B9%89%E4%B9%8C%E5%A4%A9%E4%BB%B7%E5%95%86%E9%93%BA+%E5%95%86%E6%88%B7%EF%BC%9A%E5%80%BC%E8%BF%99%E4%B8%AA%E4%BB%B7&sa=fyb_news&rsv_dl=fyb_news,https://fyb-2.cdn.bcebos.com/hotboard_image/56be0dfb3c959aee88845bb510b9b6bc,百度热搜,实时热搜,realtime,hotlist,,2026-10-05 14:33:56
7,上映仅5天 电影《侦战》撤档,10月5日上午，电影《侦战》发文宣布正式取消本轮公映档期，后续将择期重启公映。片方称此举为尊重创作初心，保障观影体验。此前该片上映仅5天，累计票房仅443万。,7334075,https://www.baidu.com/s?wd=%E4%B8%8A%E6%98%A0%E4%BB%855%E5%A4%A9+%E7%94%B5%E5%BD%B1%E3%80%8A%E4%BE%A6%E6%88%98%E3%80%8B%E6%92%A4%E6%A1%A3&sa=fyb_news&rsv_dl=fyb_news,https://fyb-2.cdn.bcebos.com/hotboard_image/eb9e631cb2bb15558169e2fe0c8be9d3,百度热搜,实时热搜,realtime,hotlist,,2026-10-05 14:33:56
8,《龙餐馆》上映一个多月仍是前三,截至2026年10月4日18时，国庆档总票房破6.8亿元。陈思诚新作《神探之痕迹》以约2.7亿断层领跑，《欢迎来龙餐馆》上映近两月仍居前三。,7237663,https://www.baidu.com/s?wd=%E3%80%8A%E9%BE%99%E9%A4%90%E9%A6%86%E3%80%8B%E4%B8%8A%E6%98%A0%E4%B8%80%E4%B8%AA%E5%A4%9A%E6%9C%88%E4%BB%8D%E6%98%AF%E5%89%8D%E4%B8%89&sa=fyb_news&rsv_dl=fyb_news,https://fyb-2.cdn.bcebos.com/hotboard_image/a54eb4e68732778189d1f36967e5a700,百度热搜,实时热搜,realtime,hotlist,,2026-10-05 14:33:56
9,俄罗斯人抢购中国电动车,北京时间10月5日报道，因乌克兰袭击致俄罗斯炼油厂受损引发燃料短缺，俄罗斯民众开始抢购中国电动汽车。此前，今年7月俄炼油厂遇袭致多地加油站排长队，促使该国电动汽车市场规模自6月底以来翻倍，且多为中国品牌。,7140367,https://www.baidu.com/s?wd=%E4%BF%84%E7%BD%97%E6%96%AF%E4%BA%BA%E6%8A%A2%E8%B4%AD%E4%B8%AD%E5%9B%BD%E7%94%B5%E5%8A%A8%E8%BD%A6&sa=fyb_news&rsv_dl=fyb_news,https://fyb-2.cdn.bcebos.com/hotboard_image/4da97301bf9b2633df918b14879a325b,百度热搜,实时热搜,realtime,hotlist,,2026-10-05 14:33:56
10,松岛辉空成史上最年轻世界第一,10月5日，19岁日本选手‌松岛辉空‌登顶男单世界第一，以19岁5个月零6天成史上最年轻世界第一。‌王楚钦‌跌至第四，国乒男单无缘前三。,7042195,https://www.baidu.com/s?wd=%E6%9D%BE%E5%B2%9B%E8%BE%89%E7%A9%BA%E6%88%90%E5%8F%B2%E4%B8%8A%E6%9C%80%E5%B9%B4%E8%BD%BB%E4%B8%96%E7%95%8C%E7%AC%AC%E4%B8%80&sa=fyb_news&rsv_dl=fyb_news,https://fyb-2.cdn.bcebos.com/hotboard_image/0373c7a2dd11d447ff813c7bba031c14,百度热搜,实时热搜,realtime,hotlist,,2026-10-05 14:33:56
11,被执行死刑的巫鸿明、白应苍出镜,10月5日至7日，纪录片《缅北电诈覆灭纪实》首播，曝光缅北电诈黑暗生态。片中，缅北明家犯罪集团首要分子巫鸿明、白家首要分子白应苍出镜，两人已分别于2026年1月29日、2月2日被执行死刑。,6953880,https://www.baidu.com/s?wd=%E8%A2%AB%E6%89%A7%E8%A1%8C%E6%AD%BB%E5%88%91%E7%9A%84%E5%B7%AB%E9%B8%BF%E6%98%8E%E3%80%81%E7%99%BD%E5%BA%94%E8%8B%8D%E5%87%BA%E9%95%9C&sa=fyb_news&rsv_dl=fyb_news,https://fyb-2.cdn.bcebos.com/hotboard_image/1fd9236b5e3ac860a26d1f224828ad5c,百度热搜,实时热搜,realtime,hotlist,,2026-10-05 14:33:56
12,国庆出行警惕票务诈骗陷阱,国庆返程高峰将至，火车票、机票“一票难求”，假客服、低价代购、“候补妙招”等票务骗局卷土重来，警方提醒旅客通过官方渠道购票、警惕转账。,6854231,https://www.baidu.com/s?wd=%E5%9B%BD%E5%BA%86%E5%87%BA%E8%A1%8C%E8%AD%A6%E6%83%95%E7%A5%A8%E5%8A%A1%E8%AF%88%E9%AA%97%E9%99%B7%E9%98%B1&sa=fyb_news&rsv_dl=fyb_news,https://fyb-2.cdn.bcebos.com/hotboard_image/c3294f15e10f4ba5d8205662002f45dc,百度热搜,实时热搜,realtime,hotlist,,2026-10-05 14:33:56
13,贵是贵了点 但吃了不烧心,“贵是贵了点，但吃了不烧心”等台词催生全网热梗“不烧心文学”，这些句子源自AI短剧里摊贩、餐馆老板的固定台词。这类短剧套用同一套模板，内容高度同质化，引发人们对流水线短剧质量的思考。,6754747,https://www.baidu.com/s?wd=%E8%B4%B5%E6%98%AF%E8%B4%B5%E4%BA%86%E7%82%B9+%E4%BD%86%E5%90%83%E4%BA%86%E4%B8%8D%E7%83%A7%E5%BF%83&sa=fyb_news&rsv_dl=fyb_news,https://fyb-2.cdn.bcebos.com/hotboard_image/3b9b7f426796a87d68efda3cf33f8401,百度热搜,实时热搜,realtime,hotlist,,2026-10-05 14:33:56
14,刘国正：王楚钦压力远超此前几代主力,近日，前国乒教练刘国正在复盘名古屋亚运会时，直言王楚钦正处于国乒男队前所未有的单核扛重担状态，压力远超此前几代主力。,6665307,https://www.baidu.com/s?wd=%E5%88%98%E5%9B%BD%E6%AD%A3%EF%BC%9A%E7%8E%8B%E6%A5%9A%E9%92%A6%E5%8E%8B%E5%8A%9B%E8%BF%9C%E8%B6%85%E6%AD%A4%E5%89%8D%E5%87%A0%E4%BB%A3%E4%B8%BB%E5%8A%9B&sa=fyb_news&rsv_dl=fyb_news,https://fyb-2.cdn.bcebos.com/hotboard_image/74a78c43318a986a8bc60d607af1a405,百度热搜,实时热搜,realtime,hotlist,,2026-10-05 14:33:56
15,缅北电诈头目现金多到发霉,毗邻云南普洱的佤邦是缅北电诈主要策源地。佤邦勐波县原县长鲍岩板、勐能县原县长何春田，庇护官匪一体的电诈集团。鲍岩板家中囤积巨额现金，为防止发霉，常在房顶和院子晒钱，成为当地一景。,6566369,https://www.baidu.com/s?wd=%E7%BC%85%E5%8C%97%E7%94%B5%E8%AF%88%E5%A4%B4%E7%9B%AE%E7%8E%B0%E9%87%91%E5%A4%9A%E5%88%B0%E5%8F%91%E9%9C%89&sa=fyb_news&rsv_dl=fyb_news,https://fyb-2.cdn.bcebos.com/hotboard_image/640d7ea544fcb73ef351f327830d48e1,百度热搜,实时热搜,realtime,hotlist,,2026-10-05 14:33:56
16,一代人有一代人的“西游记”,国庆期间，走红网络的“26版西游记”团队将在南京景区上演实景演出。该团队以直播即兴演绎师徒日常，致敬86版经典，跳出降妖主线，借角色日常，讲述当代人相伴前行、在历练中成长的“取经”内涵。,6472233,https://www.baidu.com/s?wd=%E4%B8%80%E4%BB%A3%E4%BA%BA%E6%9C%89%E4%B8%80%E4%BB%A3%E4%BA%BA%E7%9A%84%E2%80%9C%E8%A5%BF%E6%B8%B8%E8%AE%B0%E2%80%9D&sa=fyb_news&rsv_dl=fyb_news,https://fyb-2.cdn.bcebos.com/hotboard_image/70ac9dac3ed567c60b3866e11ffbd1f5,百度热搜,实时热搜,realtime,hotlist,,2026-10-05 14:33:56
17,缅北电诈回流人员自述被割肾经历,近日，缅北电诈回流人员唐某丰自述偷渡缅北后遭毒打倒卖，因无业绩，被诈骗团伙以卖肾抵债，在农家小院接受手术，缅北电诈犯罪残害无数受害者。,6367453,https://www.baidu.com/s?wd=%E7%BC%85%E5%8C%97%E7%94%B5%E8%AF%88%E5%9B%9E%E6%B5%81%E4%BA%BA%E5%91%98%E8%87%AA%E8%BF%B0%E8%A2%AB%E5%89%B2%E8%82%BE%E7%BB%8F%E5%8E%86&sa=fyb_news&rsv_dl=fyb_news,https://fyb-2.cdn.bcebos.com/hotboard_image/10462787ceedd584fdf8e90193fa010e,百度热搜,实时热搜,realtime,hotlist,,2026-10-05 14:33:56
18,原来课本也有博物馆,近日，一博主晒图让山东淄博中国课本博物馆走红。它是亚洲首座课本主题互动博物馆，馆藏海量旧课本，复原旧时教室场景，展现百年教科书史。该馆国庆正常开放，特定人群可免票，师生可享优惠。,6279014,https://www.baidu.com/s?wd=%E5%8E%9F%E6%9D%A5%E8%AF%BE%E6%9C%AC%E4%B9%9F%E6%9C%89%E5%8D%9A%E7%89%A9%E9%A6%86&sa=fyb_news&rsv_dl=fyb_news,https://fyb-2.cdn.bcebos.com/hotboard_image/95973ee02fe357882c84bfafd614f2ef,百度热搜,实时热搜,realtime,hotlist,,2026-10-05 14:33:56
19,蔡康永个人社交账号多个作品下架,10月5日，记者发现零跑汽车与蔡康永合作视频已下架，蔡康永个人社交账号多个作品也下架，评论区遭网友抵制。4日晚间，零跑汽车发声明称蔡康永并非代言人，坚决反对任何形式的“台独”分裂活动。事件起因于近日“蔡康永现身台独分子竞选会场”引发关注。,6179894,https://www.baidu.com/s?wd=%E8%94%A1%E5%BA%B7%E6%B0%B8%E4%B8%AA%E4%BA%BA%E7%A4%BE%E4%BA%A4%E8%B4%A6%E5%8F%B7%E5%A4%9A%E4%B8%AA%E4%BD%9C%E5%93%81%E4%B8%8B%E6%9E%B6&sa=fyb_news&rsv_dl=fyb_news,https://fyb-2.cdn.bcebos.com/hotboard_image/b8b1b06068e48820a8ac653626621db6,百度热搜,实时热搜,realtime,hotlist,,2026-10-05 14:33:56
20,中方10分钟收网缅北四大家族重要成员,10月5日至7日，纪录片《缅北电诈覆灭纪实》在央视首播，展现我国公安机关铲除缅北“四大家族”等犯罪集团的历程。此前，借“四大家族”重要成员魏青涛、刘正琦等人进入我国境内之机，中国警方特别行动小组果断收网，整个过程仅持续10分钟。,6089706,https://www.baidu.com/s?wd=%E4%B8%AD%E6%96%B910%E5%88%86%E9%92%9F%E6%94%B6%E7%BD%91%E7%BC%85%E5%8C%97%E5%9B%9B%E5%A4%A7%E5%AE%B6%E6%97%8F%E9%87%8D%E8%A6%81%E6%88%90%E5%91%98&sa=fyb_news&rsv_dl=fyb_news,https://fyb-2.cdn.bcebos.com/hotboard_image/45d3392a87a58f04c98d62d642cb6061,百度热搜,实时热搜,realtime,hotlist,,2026-10-05 14:33:56
21,超10万份孕妇血样被偷运出境,国安部发布提醒，警惕个别境外组织以“医疗检测”为名非法采集我国人血样、窃取基因资源。此前，广州海关破获一起特大走私孕妇血样系列案。涉案团伙借无创胎儿性别鉴定等噱头，累计将超10万份孕妇血液样本走私出境。,5994967,https://www.baidu.com/s?wd=%E8%B6%8510%E4%B8%87%E4%BB%BD%E5%AD%95%E5%A6%87%E8%A1%80%E6%A0%B7%E8%A2%AB%E5%81%B7%E8%BF%90%E5%87%BA%E5%A2%83&sa=fyb_news&rsv_dl=fyb_news,https://fyb-2.cdn.bcebos.com/hotboard_image/f8f2fa9c9d87e9142333c535ab91ace1,百度热搜,实时热搜,realtime,hotlist,,2026-10-05 14:33:56
22,别人都活力四射 只有我在倒立玩手机,每逢长假，身边的人大抵分成两种状态：一种是“浑身牛劲使不完”，另一种是“天塌下来也别叫我，睡醒再说”。朋友圈也大致是这两种画风，对比鲜明：一类是“泰国~新加坡~印度尼西亚~”，另一类是“躺着玩手机、坐着玩手机、倒立玩手机”。,5901900,https://www.baidu.com/s?wd=%E5%88%AB%E4%BA%BA%E9%83%BD%E6%B4%BB%E5%8A%9B%E5%9B%9B%E5%B0%84+%E5%8F%AA%E6%9C%89%E6%88%91%E5%9C%A8%E5%80%92%E7%AB%8B%E7%8E%A9%E6%89%8B%E6%9C%BA&sa=fyb_news&rsv_dl=fyb_news,https://fyb-2.cdn.bcebos.com/hotboard_image/fc4e053a99786d58387e6ad2132af89d,百度热搜,实时热搜,realtime,hotlist,,2026-10-05 14:33:56
23,本想见世面 没想到自己就是世面,当地时间10月4日，亚奥理事会宣布，泰国短跑运动员汶颂、中国游泳运动员于子迪分别当选第20届亚运会男子、女子最有价值运动员。网友感慨，她本想见识世面，没想到自己本身就是世面，纷纷称赞这名小将实力出众。,5809848,https://www.baidu.com/s?wd=%E6%9C%AC%E6%83%B3%E8%A7%81%E4%B8%96%E9%9D%A2+%E6%B2%A1%E6%83%B3%E5%88%B0%E8%87%AA%E5%B7%B1%E5%B0%B1%E6%98%AF%E4%B8%96%E9%9D%A2&sa=fyb_news&rsv_dl=fyb_news,https://fyb-2.cdn.bcebos.com/hotboard_image/b3aea699180f5603a031f347b928ba0a,百度热搜,实时热搜,realtime,hotlist,,2026-10-05 14:33:56
24,中国足球小将日本两天双冠,10月3日至4日，由董路率领的中国足球小将2016队（U10）在日本两天内连夺两冠，且决赛均以1-0战胜了日本同年龄段全国冠军FC PORTA。短短两天内实现对这支日本顶尖青训强队的“双线双杀”。,5712889,https://www.baidu.com/s?wd=%E4%B8%AD%E5%9B%BD%E8%B6%B3%E7%90%83%E5%B0%8F%E5%B0%86%E6%97%A5%E6%9C%AC%E4%B8%A4%E5%A4%A9%E5%8F%8C%E5%86%A0&sa=fyb_news&rsv_dl=fyb_news,https://fyb-2.cdn.bcebos.com/hotboard_image/765eb4dc4d4b67231c7f7f669eac7f6b,百度热搜,实时热搜,realtime,hotlist,,2026-10-05 14:33:56
25,本以为只是街头表演者 没想到是大神,国庆期间‌，网友在‌重庆‌游玩时偶遇两位‌街头表演者‌。起初以为只是普通街头表演者，打算转身离开，后来才发现两位表演者竟是原唱大神。,5606300,https://www.baidu.com/s?wd=%E6%9C%AC%E4%BB%A5%E4%B8%BA%E5%8F%AA%E6%98%AF%E8%A1%97%E5%A4%B4%E8%A1%A8%E6%BC%94%E8%80%85+%E6%B2%A1%E6%83%B3%E5%88%B0%E6%98%AF%E5%A4%A7%E7%A5%9E&sa=fyb_news&rsv_dl=fyb_news,https://fyb-2.cdn.bcebos.com/hotboard_image/d88e6c8cd0933c260fbe785cb9c65e6e,百度热搜,实时热搜,realtime,hotlist,,2026-10-05 14:33:56
26,00后大学生靠上门做饭打开新赛道,00后大学生入局上门做饭，开辟新业态。他们认为该行业自由度高，能让食客吃得安心，看好其发展前景，想要亲身尝试这一新赛道。,5520976,https://www.baidu.com/s?wd=00%E5%90%8E%E5%A4%A7%E5%AD%A6%E7%94%9F%E9%9D%A0%E4%B8%8A%E9%97%A8%E5%81%9A%E9%A5%AD%E6%89%93%E5%BC%80%E6%96%B0%E8%B5%9B%E9%81%93&sa=fyb_news&rsv_dl=fyb_news,https://fyb-2.cdn.bcebos.com/hotboard_image/d7ec2c69975a1f9755fa61ff4c9fd726,百度热搜,实时热搜,realtime,hotlist,,2026-10-05 14:33:56
27,新乡胖东来排队约一公里,10月3日国庆假期，河南新乡胖东来门店外排队约一公里，游客等待长达3小时。该超市被视作“6A级景点”，吸引大量外地游客专程打卡消费。,5430151,https://www.baidu.com/s?wd=%E6%96%B0%E4%B9%A1%E8%83%96%E4%B8%9C%E6%9D%A5%E6%8E%92%E9%98%9F%E7%BA%A6%E4%B8%80%E5%85%AC%E9%87%8C&sa=fyb_news&rsv_dl=fyb_news,https://fyb-2.cdn.bcebos.com/hotboard_image/c0e91730c93a8f92e0c2b293cd9b249c,百度热搜,实时热搜,realtime,hotlist,,2026-10-05 14:33:56
28,大量网友抵制蔡康永,4日晚，零跑汽车声明称蔡康永非代言人，已下线与其相关全部内容并保留追究法律责任。此前，蔡康永亮相“台独”顽固分子沈伯洋在台北市举行的竞选总部成立大会，其账号遭大量网友抵制。,5320874,https://www.baidu.com/s?wd=%E5%A4%A7%E9%87%8F%E7%BD%91%E5%8F%8B%E6%8A%B5%E5%88%B6%E8%94%A1%E5%BA%B7%E6%B0%B8&sa=fyb_news&rsv_dl=fyb_news,https://fyb-2.cdn.bcebos.com/hotboard_image/fad562ee6bf5873ca4ac927b23cb00c3,百度热搜,实时热搜,realtime,hotlist,,2026-10-05 14:33:56
29,陈飞宇演反派吓到自己和父母,近日，电影《神探之痕迹》在长沙路演，张译、马丽、陈飞宇等出席。活动中，张译与马丽盛赞陈飞宇演技“太炸裂了”。陈飞宇透露，其父母陈凯歌与陈红去影院观影时，也被其反派造型吓到。,5219936,https://www.baidu.com/s?wd=%E9%99%88%E9%A3%9E%E5%AE%87%E6%BC%94%E5%8F%8D%E6%B4%BE%E5%90%93%E5%88%B0%E8%87%AA%E5%B7%B1%E5%92%8C%E7%88%B6%E6%AF%8D&sa=fyb_news&rsv_dl=fyb_news,https://fyb-2.cdn.bcebos.com/hotboard_image/61badab0787d3b0162116fe49e9958fb,百度热搜,实时热搜,realtime,hotlist,,2026-10-05 14:33:56
30,用户投诉说脏话 AI客服回复也含脏话,10月3日，用户林莉在票务平台两分钟内退票被扣16元手续费，平台承诺的代金券迟迟未到。她沟通时发送脏话，AI客服竟回以脏话。平台后续称已补发代金券，并表示会核查AI骂人事件。,5143106,https://www.baidu.com/s?wd=%E7%94%A8%E6%88%B7%E6%8A%95%E8%AF%89%E8%AF%B4%E8%84%8F%E8%AF%9D+AI%E5%AE%A2%E6%9C%8D%E5%9B%9E%E5%A4%8D%E4%B9%9F%E5%90%AB%E8%84%8F%E8%AF%9D&sa=fyb_news&rsv_dl=fyb_news,https://fyb-2.cdn.bcebos.com/hotboard_image/b635ee469554c66a83c2e86aec54f388,百度热搜,实时热搜,realtime,hotlist,,2026-10-05 14:33:56
31,村民自建“瀑布楼” 水流从5楼往下淌,10月4日，广西百色靖西禄峒镇平江村一栋村民自筹自建的“瀑布楼”走红网络。水流从5楼楼顶倾泻而下，形成独特景观，吸引不少游客专程打卡。,5048842,https://www.baidu.com/s?wd=%E6%9D%91%E6%B0%91%E8%87%AA%E5%BB%BA%E2%80%9C%E7%80%91%E5%B8%83%E6%A5%BC%E2%80%9D+%E6%B0%B4%E6%B5%81%E4%BB%8E5%E6%A5%BC%E5%BE%80%E4%B8%8B%E6%B7%8C&sa=fyb_news&rsv_dl=fyb_news,https://fyb-2.cdn.bcebos.com/hotboard_image/942a9e1f1e1ec91e70f732e651264de8,百度热搜,实时热搜,realtime,hotlist,,2026-10-05 14:33:56
32,高速拥堵女子憋尿被送进急诊,国庆高速拥堵，有女子途中憋尿被送急诊。不少女性为减少如厕刻意少喝水、长时间憋尿。西安医生称长假常接诊这类泌尿系不适患者，严重可引发急性肾盂肾炎。妊娠期、绝经女性风险更高，建议科学饮水，出现相关症状及时就医。,4933301,https://www.baidu.com/s?wd=%E9%AB%98%E9%80%9F%E6%8B%A5%E5%A0%B5%E5%A5%B3%E5%AD%90%E6%86%8B%E5%B0%BF%E8%A2%AB%E9%80%81%E8%BF%9B%E6%80%A5%E8%AF%8A&sa=fyb_news&rsv_dl=fyb_news,https://fyb-2.cdn.bcebos.com/hotboard_image/b340028212c1c43ed48d268bdf46773a,百度热搜,实时热搜,realtime,hotlist,,2026-10-05 14:33:56
33,上海一书店试行25元入场费,近日，上海小森林独立书店国庆起试行新规，临时到店需付25元入场费，费用可抵扣消费，小程序提前预约则免费。店主称此举是筛选打卡客流、引导维护空间，并非为盈利，该自助运营模式引发行业讨论。,4844189,https://www.baidu.com/s?wd=%E4%B8%8A%E6%B5%B7%E4%B8%80%E4%B9%A6%E5%BA%97%E8%AF%95%E8%A1%8C25%E5%85%83%E5%85%A5%E5%9C%BA%E8%B4%B9&sa=fyb_news&rsv_dl=fyb_news,https://fyb-2.cdn.bcebos.com/hotboard_image/86c7cfbf3b51f4d1549e298bf2bb00cd,百度热搜,实时热搜,realtime,hotlist,,2026-10-05 14:33:56
34,越来越多90后患冠心病,世界心脏日相关提醒，如今90后冠心病患者增多，出现“人未老心先衰”现象。熬夜、作息紊乱、突击运动等会损伤心脏，中青年斑块更易破裂，情绪剧烈波动也会伤心脏，专家建议尽早养护心脏。,4743225,https://www.baidu.com/s?wd=%E8%B6%8A%E6%9D%A5%E8%B6%8A%E5%A4%9A90%E5%90%8E%E6%82%A3%E5%86%A0%E5%BF%83%E7%97%85&sa=fyb_news&rsv_dl=fyb_news,https://fyb-2.cdn.bcebos.com/hotboard_image/1358204240e00dfa29f7bb54b100cea0,百度热搜,实时热搜,realtime,hotlist,,2026-10-05 14:33:56
35,12岁少年花盆里发现恐龙蛋化石,近日，河源一12岁少年在花盆里发现恐龙蛋化石。少年表示老师家长曾教育发现类似化石要上交博物馆。专家表示，这两个恐龙蛋化石的具体类型还需进一步切片分析，同时将进行产地复核以了解其出土位置等详情。此前，同村在30年前也曾有发现恐龙蛋化石的先例。,4667412,https://www.baidu.com/s?wd=12%E5%B2%81%E5%B0%91%E5%B9%B4%E8%8A%B1%E7%9B%86%E9%87%8C%E5%8F%91%E7%8E%B0%E6%81%90%E9%BE%99%E8%9B%8B%E5%8C%96%E7%9F%B3&sa=fyb_news&rsv_dl=fyb_news,https://fyb-2.cdn.bcebos.com/hotboard_image/19c005e8a900d6d567e67bd488221724,百度热搜,实时热搜,realtime,hotlist,,2026-10-05 14:33:56
36,重庆“落地签” 隐患,国庆重庆网红“落地签”商拍暗藏隐患：南滨路摩托商拍存在脱把、占道、蛇形行驶扰民问题；洪崖洞江滩拍摄点位湿滑无防护。专家建议精细化管控，多方呼吁出台行业规范保障安全。,4567301,https://www.baidu.com/s?wd=%E9%87%8D%E5%BA%86%E2%80%9C%E8%90%BD%E5%9C%B0%E7%AD%BE%E2%80%9D+%E9%9A%90%E6%82%A3&sa=fyb_news&rsv_dl=fyb_news,https://fyb-2.cdn.bcebos.com/hotboard_image/6c7dbc32745c162ade28045e0e73e072,百度热搜,实时热搜,realtime,hotlist,,2026-10-05 14:33:56
37,代入代露娃妈妈视角天塌了,近日，代露娃讲述原生家庭故事引发网友质疑。网友认为其消费原生家庭博取同情，将父母推至舆论风口。此前，代露娃哭诉考上戏时很惨，住150元酒店睡15米小床，并抱怨母亲。但网友指出其母曾做月嫂供其留学，认为代露娃没吃过苦，真正受害者是其母。,4461111,https://www.baidu.com/s?wd=%E4%BB%A3%E5%85%A5%E4%BB%A3%E9%9C%B2%E5%A8%83%E5%A6%88%E5%A6%88%E8%A7%86%E8%A7%92%E5%A4%A9%E5%A1%8C%E4%BA%86&sa=fyb_news&rsv_dl=fyb_news,https://fyb-2.cdn.bcebos.com/hotboard_image/d14215e84143948ac6bc406f9cce4e85,百度热搜,实时热搜,realtime,hotlist,,2026-10-05 14:33:56
38,名校校友捐赠越来越卷 钱都花哪了,近日中国人民大学获一校友捐赠5.03亿元建通州校区体育中心，近两年高校亿级校友捐赠频现，复旦、天大更达10亿级。据各校基金会信息，这些钱主要流向奖助学金、引才、科研学科建设、盖楼修馆、创业转化等。,4353548,https://www.baidu.com/s?wd=%E5%90%8D%E6%A0%A1%E6%A0%A1%E5%8F%8B%E6%8D%90%E8%B5%A0%E8%B6%8A%E6%9D%A5%E8%B6%8A%E5%8D%B7+%E9%92%B1%E9%83%BD%E8%8A%B1%E5%93%AA%E4%BA%86&sa=fyb_news&rsv_dl=fyb_news,https://fyb-2.cdn.bcebos.com/hotboard_image/fa6af2d7dedf3b057c69d2bab9a21159,百度热搜,实时热搜,realtime,hotlist,,2026-10-05 14:33:56
39,陈思诚这次把“唐探”商标撕了,10月1日，陈思诚执导的电影《神探之痕迹》上映，首日票房约7100万，国庆档累计票房达2.8亿。该片与以往“唐探”系列不同，不再依赖反转取胜，而是以痕检专家崔道植为蓝本，聚焦真实的物证检验过程。,4256321,https://www.baidu.com/s?wd=%E9%99%88%E6%80%9D%E8%AF%9A%E8%BF%99%E6%AC%A1%E6%8A%8A%E2%80%9C%E5%94%90%E6%8E%A2%E2%80%9D%E5%95%86%E6%A0%87%E6%92%95%E4%BA%86&sa=fyb_news&rsv_dl=fyb_news,https://fyb-2.cdn.bcebos.com/hotboard_image/1f517f343bd982443e5a125661208e9d,百度热搜,实时热搜,realtime,hotlist,,2026-10-05 14:33:56
40,张译现场科普指甲的秘密,近日，张译在电影《神探之痕迹》路演现场科普，澄清指甲上的竖纹并非生病而是正常现象。他强调，每个人从出生起指甲形态就固定且独一无二，如同伴随一生的人生密码。,4187209,https://www.baidu.com/s?wd=%E5%BC%A0%E8%AF%91%E7%8E%B0%E5%9C%BA%E7%A7%91%E6%99%AE%E6%8C%87%E7%94%B2%E7%9A%84%E7%A7%98%E5%AF%86&sa=fyb_news&rsv_dl=fyb_news,https://fyb-2.cdn.bcebos.com/hotboard_image/78e4891ff197cd3f5af5d73fca431580,百度热搜,实时热搜,realtime,hotlist,,2026-10-05 14:33:56
41,Muse狂飙 龙虾退潮,近日，Meta推出的AI智能体Muse迅速爆火，验证了大众对个人智能代理的需求，但商业模式尚未跑通。国内大厂纷纷布局同类产品，不过国内互联网生态封闭，很难诞生跨平台的中国版Muse，只会形成各生态内的管家。此前“养龙虾”项目已落幕，大厂跟进更多是出于防守。,4100014,https://www.baidu.com/s?wd=Muse%E7%8B%82%E9%A3%99+%E9%BE%99%E8%99%BE%E9%80%80%E6%BD%AE&sa=fyb_news&rsv_dl=fyb_news,https://fyb-2.cdn.bcebos.com/hotboard_image/45ece40e39f27d55dcc3b3b87ef0f364,百度热搜,实时热搜,realtime,hotlist,,2026-10-05 14:33:56
42,成都这里今天下雪啦,,3982088,https://www.baidu.com/s?wd=%E6%88%90%E9%83%BD%E8%BF%99%E9%87%8C%E4%BB%8A%E5%A4%A9%E4%B8%8B%E9%9B%AA%E5%95%A6&sa=fyb_news&rsv_dl=fyb_news,https://fyb-1.cdn.bcebos.com/fyb/de6163834f53ca92c1273fff98ac9078.jpeg,百度热搜,实时热搜,realtime,hotlist,,2026-10-05 14:33:56
43,民进党用高压水炮对大陆渔船喷射90秒,10月1日，台海巡署“云林”舰在东沙岛以东约27海里处，向未及时撤离的大陆“金沙号”渔船驾驶舱喷射高压水炮约90秒，致渔船动力受损、船员被困。,3896315,https://www.baidu.com/s?wd=%E6%B0%91%E8%BF%9B%E5%85%9A%E7%94%A8%E9%AB%98%E5%8E%8B%E6%B0%B4%E7%82%AE%E5%AF%B9%E5%A4%A7%E9%99%86%E6%B8%94%E8%88%B9%E5%96%B7%E5%B0%8490%E7%A7%92&sa=fyb_news&rsv_dl=fyb_news,https://fyb-2.cdn.bcebos.com/hotboard_image/eee7a110cd07bc82c2ebfa6ab5bd0835,百度热搜,实时热搜,realtime,hotlist,,2026-10-05 14:33:56
44,女式凉鞋内藏海洛因被查,,3780081,https://www.baidu.com/s?wd=%E5%A5%B3%E5%BC%8F%E5%87%89%E9%9E%8B%E5%86%85%E8%97%8F%E6%B5%B7%E6%B4%9B%E5%9B%A0%E8%A2%AB%E6%9F%A5&sa=fyb_news&rsv_dl=fyb_news,https://fyb-1.cdn.bcebos.com/fyb/de6163834f53ca92c1273fff98ac9078.jpeg,百度热搜,实时热搜,realtime,hotlist,,2026-10-05 14:33:56
45,中国已织就低空反无人天网,,3682655,https://www.baidu.com/s?wd=%E4%B8%AD%E5%9B%BD%E5%B7%B2%E7%BB%87%E5%B0%B1%E4%BD%8E%E7%A9%BA%E5%8F%8D%E6%97%A0%E4%BA%BA%E5%A4%A9%E7%BD%91&sa=fyb_news&rsv_dl=fyb_news,https://fyb-1.cdn.bcebos.com/fyb/de6163834f53ca92c1273fff98ac9078.jpeg,百度热搜,实时热搜,realtime,hotlist,,2026-10-05 14:33:56
46,网友称司机收高速费后拖到零点免费下,10月4日，湖南一网友称，9月30日晚乘哈啰顺风车从湘潭到益阳，司机收取60元高速费，并疑似故意拖延至10月1日零时高速免费后才下高速。平台回应称正核查，如属实将退费并处罚司机。,3620737,https://www.baidu.com/s?wd=%E7%BD%91%E5%8F%8B%E7%A7%B0%E5%8F%B8%E6%9C%BA%E6%94%B6%E9%AB%98%E9%80%9F%E8%B4%B9%E5%90%8E%E6%8B%96%E5%88%B0%E9%9B%B6%E7%82%B9%E5%85%8D%E8%B4%B9%E4%B8%8B&sa=fyb_news&rsv_dl=fyb_news,https://fyb-2.cdn.bcebos.com/hotboard_image/1f76664f5eb80b7895f5bfcc980e095d,百度热搜,实时热搜,realtime,hotlist,,2026-10-05 14:33:56
47,学生手机落水 景区连续两天打捞找到,10月2日下午，河南理工大学的大一新生陈同学在焦作云台山景区玩桨板项目时，不慎将手机落入水中，随后，景区工作人员连续两天下水搜寻。4日上午，陈同学及景区管理方向记者表示，经过十多个小时的打捞，手机已被成功找到，目前可以正常使用。,3515832,https://www.baidu.com/s?wd=%E5%AD%A6%E7%94%9F%E6%89%8B%E6%9C%BA%E8%90%BD%E6%B0%B4+%E6%99%AF%E5%8C%BA%E8%BF%9E%E7%BB%AD%E4%B8%A4%E5%A4%A9%E6%89%93%E6%8D%9E%E6%89%BE%E5%88%B0&sa=fyb_news&rsv_dl=fyb_news,https://fyb-2.cdn.bcebos.com/hotboard_image/b945c27147813facbd3507a8cdf38992,百度热搜,实时热搜,realtime,hotlist,,2026-10-05 14:33:56
48,重庆网红落地签经营团队被约谈,日前，重庆市启动网红商拍专项整治与规范工作。此前央视报道重庆摩托商拍及江滩旅拍存在脱把、炸街等安全隐患。对此，南岸区已约谈“摩托落地签”经营团队并明确停靠区域与时段；两江新区针对江滩公园开展劝导与分区管理规范商拍。,3435073,https://www.baidu.com/s?wd=%E9%87%8D%E5%BA%86%E7%BD%91%E7%BA%A2%E8%90%BD%E5%9C%B0%E7%AD%BE%E7%BB%8F%E8%90%A5%E5%9B%A2%E9%98%9F%E8%A2%AB%E7%BA%A6%E8%B0%88&sa=fyb_news&rsv_dl=fyb_news,https://fyb-2.cdn.bcebos.com/hotboard_image/5defd7105d87a23dfea9db5f1bd74001,百度热搜,实时热搜,realtime,hotlist,,2026-10-05 14:33:56
49,德总理会见泽连斯基 现场响起爆炸声,10月4日，德国总理默茨在基辅会见乌克兰总统泽连斯基，承诺支持乌克兰并敦促俄罗斯停止不断升级的袭击。与此同时，基辅响起了空袭警报和爆炸声。,3292795,https://www.baidu.com/s?wd=%E5%BE%B7%E6%80%BB%E7%90%86%E4%BC%9A%E8%A7%81%E6%B3%BD%E8%BF%9E%E6%96%AF%E5%9F%BA+%E7%8E%B0%E5%9C%BA%E5%93%8D%E8%B5%B7%E7%88%86%E7%82%B8%E5%A3%B0&sa=fyb_news&rsv_dl=fyb_news,https://fyb-2.cdn.bcebos.com/hotboard_image/da6983c4dbe6009f6d532561ac15e95f,百度热搜,实时热搜,realtime,hotlist,,2026-10-05 14:33:56
50,华山缆车人满为患被质疑超负荷,近日，针对华山缆车人满为患被质疑超负荷一事，华山景区回应称系正常运力，不存在超负荷，需要下山的游客均已安全下山。景区表示每天均有限流，国庆期间人流量较大，尤其在下午5时至8时，建议游客尽早下山以避免拥挤。,3222385,https://www.baidu.com/s?wd=%E5%8D%8E%E5%B1%B1%E7%BC%86%E8%BD%A6%E4%BA%BA%E6%BB%A1%E4%B8%BA%E6%82%A3%E8%A2%AB%E8%B4%A8%E7%96%91%E8%B6%85%E8%B4%9F%E8%8D%B7&sa=fyb_news&rsv_dl=fyb_news,https://fyb-2.cdn.bcebos.com/hotboard_image/4e8fb4acf41c0798ce9d9dd3659e40b1,百度热搜,实时热搜,realtime,hotlist,,2026-10-05 14:33:56
