index,title,desc,hot,url,image,source,type,ranking_id,surface,published_at,datetime
1,娃：真遗憾，本来打算亲自告诉你们的,嘿嘿希望大家都万事顺意～心想事成,4036,https://www.acfun.cn/v/ac48871740,https://tx-free-imgs.acfun.cn/newUpload/17062172_d1a93166ed084e3aadac2fea4bba0707.jpg?imageslim,AcFun,日榜,day,hotlist,,2026-09-26 00:24:58
2,裸足圆脸仙女下凡～跳一曲千里邀月【可心喵】,,1959,https://www.acfun.cn/v/ac48872448,https://tx-free-imgs.acfun.cn/newUpload/12892608_6691690fd8e944278bda5d5390e1e5a9.jpg?imageslim,AcFun,日榜,day,hotlist,,2026-09-26 00:24:58
3,拜托了，夫人！★手机竖屏2014★,审核大大辛苦了！<br/>谢谢每一个投蕉的帅哥美女！香蕉没有来个赞也好啊！<br/>视频来自快手等平台，侵权联系删除！,2985,https://www.acfun.cn/v/ac48871493,https://tx-free-imgs.acfun.cn/newUpload/2176158_afaf0913878443b1bc00d636136ffce3.gif?imageslim,AcFun,日榜,day,hotlist,,2026-09-26 00:24:58
4,【锅锅x怀瑜x阔落】千里邀月——共饮此杯赏此月，夜好眠,中秋到了，和姐妹们合唱了千里邀月~~<br/>乐：可乐祝大家身体健康，永不加班，月圆人团圆<br/>鱼：怀瑜愿诸位财源广进，常能摸鱼，花好月更圆<br/>锅：锅锅祝大家桂香满锅，早归赏月，饼甜心更甜<br/>祝大家中秋快乐~,1690,https://www.acfun.cn/v/ac48871580,https://tx-free-imgs.acfun.cn/newUpload/67206930_e47be8dbac2546e1b5a4a831e71dabe4.jpeg?imageslim,AcFun,日榜,day,hotlist,,2026-09-26 00:24:58
5,和我一起健身吧！！！欢乐八点档-1783,审核大大辛苦了！<br/>免费的香蕉投一下吧，没有那就点个赞吧，这对我来说很重要，谢谢！！！<br/>谢谢每一个投蕉的帅哥美女！你们是我坚持更新的动力！<br/>视频来自快手等平台，侵权联系删除！,1810,https://www.acfun.cn/v/ac48872699,https://tx-free-imgs.acfun.cn/newUpload/2176158_e379c7202d2e43029e07ad17f40cab19.gif?imageslim,AcFun,日榜,day,hotlist,,2026-09-26 00:24:58
6,女妖邪神凶宅索命，最惨主角逆天求生！克系神游《魔女屋中之梦》像素恐怖游戏详细讲述【深夜档】,如何在60天内，让洛夫克拉夫特小说中惨死的倒霉主角逆天改命？这位芬兰作者打造了一部又硬核又忠实的优秀克苏鲁游戏！入住阿卡姆百年凶宅的凡人主角沃尔特·吉尔曼，接连遭到人脸妖鼠，恐怖女巫，不可名状外神的侵袭。白天钻研神秘学知识，梦中游历邪恶异星。他将与密斯卡托尼克大学最强战神亨利·阿米蒂奇教授联手对抗邪神降世！这是一部真正将洛氏“宇宙恐怖”带入到日常，并忠实于原著的游戏，自由度超高且信息量惊人！我将细致地带各位体验这跌宕起伏的60天，看弱小的主角如何起死回生并拯救世界！,1222,https://www.acfun.cn/v/ac48872418,https://tx-free-imgs.acfun.cn/newUpload/817797_2631b7cf26c14c2fbbfb062962a775be.jpeg?imageslim,AcFun,日榜,day,hotlist,,2026-09-26 00:24:58
7,网络上常见的热门短视频集锦   第三千四百四十九期,审核大大辛苦了！<br/>谢谢每一个投蕉的帅哥美女！香蕉没有来个赞也好啊！<br/>视频来自快手等平台，侵权联系删除！,2395,https://www.acfun.cn/v/ac48871496,https://tx-free-imgs.acfun.cn/newUpload/2176158_cf20f7722011491da25ce2efbc799dba.gif?imageslim,AcFun,日榜,day,hotlist,,2026-09-26 00:24:58
8,网络上常见的热门短视频集锦   第三千四百五十期,审核大大辛苦了！<br/>谢谢每一个投蕉的帅哥美女！香蕉没有来个赞也好啊！<br/>视频来自快手等平台，侵权联系删除！,2265,https://www.acfun.cn/v/ac48872279,https://tx-free-imgs.acfun.cn/newUpload/2176158_a96ecd95394b4517928ac111407f75b1.gif?imageslim,AcFun,日榜,day,hotlist,,2026-09-26 00:24:58
9,【4K超高清】「JOJO的奇妙冒险 飙马野郎」第2话,,4238,https://www.acfun.cn/v/ac48872740,https://tx-free-imgs.acfun.cn/newUpload/72840608_a526e08904d049d2b38ce5f38bd71e63.jpeg?imageslim,AcFun,日榜,day,hotlist,,2026-09-26 00:24:58
10,【东方/汉化】咲夜带你了解汉字【MMD搞笑小剧场】,作者：クローバー,1099,https://www.acfun.cn/v/ac48872652,https://tx-free-imgs.acfun.cn/newUpload/6102_8b2072189ecb4044a7de95bb450d02ed.jpeg?imageslim,AcFun,日榜,day,hotlist,,2026-09-26 00:24:58
11,【颜音】中秋歌回~祝大家节日快乐,皓月凌空，桂香满庭。<br/>愿今夜歌声暖心，祝各位中秋快乐，阖家美满！,1402,https://www.acfun.cn/v/ac48872065,https://tx-free-imgs.acfun.cn/newUpload/4425861_3dab8cdf19a74bf6accbdcd688cd9b6a.jpeg?imageslim,AcFun,日榜,day,hotlist,,2026-09-26 00:24:58
12,望眼欲穿【今天有什么好笑的 #2517】,：），谢谢大家的投蕉和点赞，祝你开心愉快~<br/>Wallpaper壁纸：雪山与女孩<br/>Bgm：あのね。,1645,https://www.acfun.cn/v/ac48872647,https://tx-free-imgs.acfun.cn/newUpload/383079_40beb913fd1a44d3afa053553d53b466.gif?imageslim,AcFun,日榜,day,hotlist,,2026-09-26 00:24:58
13,短裙挑战！超长翻跳一次看个够~【生日作】,,1228,https://www.acfun.cn/v/ac48872675,https://tx-free-imgs.acfun.cn/newUpload/32485245_415db634556140d1841e2ebb4c0d9371.jpeg?imageslim,AcFun,日榜,day,hotlist,,2026-09-26 00:24:58
14,我终于明白什么都不缺的含金量！,,1149,https://www.acfun.cn/v/ac48872781,https://tx-free-imgs.acfun.cn/newUpload/6177430_06f5f9b03edd4f73a3dfeba4cf78db16.jpeg?imageslim,AcFun,日榜,day,hotlist,,2026-09-26 00:24:58
15,两段不伦恋 15年复仇路《老男孩》吴大秀我的折磨可是一辈子,本期带来《老男孩》50分钟 国庆要到了，铁粉都知道背包住在网红街道 小长假根本没法做节目，阿杰提意带着各自父母一起出去玩几天 所以这几天会加急看看能不能赶出来一期，实再不行就小长假后更新咯，中秋国庆都祝小伙伴开心快乐！,1088,https://www.acfun.cn/v/ac48871285,https://tx-free-imgs.acfun.cn/newUpload/6894185_ab259859c7df40d1b092d2e828bf38e5.jpeg?imageslim,AcFun,日榜,day,hotlist,,2026-09-26 00:24:58
16,空姐OL~第57次取消发送,中秋节快乐,1439,https://www.acfun.cn/v/ac48872674,https://tx-free-imgs.acfun.cn/newUpload/14539629_46621bdc88a44c63be63172c5ba6cb6a.jpeg?imageslim,AcFun,日榜,day,hotlist,,2026-09-26 00:24:58
17,如果我和她恋爱的话……,,1170,https://www.acfun.cn/v/ac48871545,https://tx-free-imgs.acfun.cn/newUpload/2277346_de526594356a4c9f90b71bf5823054e6.jpg?imageslim,AcFun,日榜,day,hotlist,,2026-09-26 00:24:58
18,“原来和思念的人相见，就是人们常说的团圆” | 愿年年有今夜《妙妙人间》,「愿岁岁年年有此夜。」<br/>To : 虽然隔着屏幕，但同一轮月亮也让我们团圆在这里。中秋快乐呀~<br/>==========<br/>《妙妙人间》<br/>原唱：张含韵<br/>混音：饭団子p<br/>翻唱&视频：露纱琳黛,1067,https://www.acfun.cn/v/ac48871599,https://tx-free-imgs.acfun.cn/newUpload/69790459_0b53ce48e1c7437c9bdd3cf45d53de8f.jpeg?imageslim,AcFun,日榜,day,hotlist,,2026-09-26 00:24:58
19,【绘画过程】9月保底《金秋》,大家中秋快乐！<br/>本月的保底是百贴布~ 某宝同步预售。,1454,https://www.acfun.cn/v/ac48872808,https://tx-free-imgs.acfun.cn/newUpload/179922_630934cb2f3245e5a4a4020570f61eca.png?imageslim,AcFun,日榜,day,hotlist,,2026-09-26 00:24:58
20,【官方中字】SBR JOJO的奇妙冒险 飙马野郎 2nd＆3rd STAGE 第二集,,1555,https://www.acfun.cn/v/ac48872883,https://tx-free-imgs.acfun.cn/newUpload/30501027_27e89cd7cd684f01a120b8ec666a3896.png?imageslim,AcFun,日榜,day,hotlist,,2026-09-26 00:24:58
21,香煎盐焗鸡｜简单到不可能失败，外焦里嫩巨好吃,,1089,https://www.acfun.cn/v/ac48870521,https://tx-free-imgs.acfun.cn/newUpload/1383198_a8487ee2fe9849dc9807f9da5d193fb1.jpeg?imageslim,AcFun,日榜,day,hotlist,,2026-09-26 00:24:58
22,【1080P.奇幻冒险】JOJO的奇妙冒险 飙马野郎 (2026)第七季 第二集,1890年，一场世纪大赛“SBR”于美国举开。全长共6000公里，是人类史上第一场骑乘马匹横越北美大陆的比赛！为了拿下高达5千万美元（60亿日元）的冠军奖金，一群强悍的冒险家们正式展开了他们的争战！,1722,https://www.acfun.cn/v/ac48872840,https://tx-free-imgs.acfun.cn/newUpload/903432_bb4a52ee7e3e42cc853e5ff0b8a21e0d.png?imageslim,AcFun,日榜,day,hotlist,,2026-09-26 00:24:58
23,【柯基】《金风玉露》～～～晚风啊～～～,,1131,https://www.acfun.cn/v/ac48872627,https://tx-free-imgs.acfun.cn/newUpload/29493245_88171143b6bd4aa6885743ffe64d6584.png?imageslim,AcFun,日榜,day,hotlist,,2026-09-26 00:24:58
24,新肤色超辣！,,1253,https://www.acfun.cn/v/ac48863964,https://tx-free-imgs.acfun.cn/newUpload/12439728_70c7284ba2724c048fb5266f61c33e34.png?imageslim,AcFun,日榜,day,hotlist,,2026-09-26 00:24:58
25,卓哥儿那可是专业杰哥，人群之中七进七出不成问题！,自定义也发？,1502,https://www.acfun.cn/v/ac48871816,https://tx-free-imgs.acfun.cn/newUpload/581357_d49b41a0e554440db6952de719b3f832.jpeg?imageslim,AcFun,日榜,day,hotlist,,2026-09-26 00:24:58
26,三周摧毁美国东海岸，绿色流感为何无法阻止？【求生之路剧情解析+涂鸦翻译】,刺骨寒溪和最后一战的涂鸦和官方剧情联系不大，因此没有放在视频中；<br/>前面的内容感觉都有点多余，最后的涂鸦翻译才是本体。<br/><br/>,1186,https://www.acfun.cn/v/ac48867996,https://tx-free-imgs.acfun.cn/newUpload/1020536_15195e7242e247fb9dc7a625a61a3662.jpeg?imageslim,AcFun,日榜,day,hotlist,,2026-09-26 00:24:58
27,想和你一起赏月𐔌՞ ܸ.ˬ.ܸ՞𐦯千里邀月,,909,https://www.acfun.cn/v/ac48873207,https://tx-free-imgs.acfun.cn/newUpload/57336445_c7d705d3782c4b0193b62c6d02e43748.jpg?imageslim,AcFun,日榜,day,hotlist,,2026-09-26 00:24:58
28,【夏雅】Don t let go of my hand.,,1266,https://www.acfun.cn/v/ac48873108,https://tx-free-imgs.acfun.cn/newUpload/16279345_4e8e1897539648e8869f4815f9bd1572.jpg?imageslim,AcFun,日榜,day,hotlist,,2026-09-26 00:24:58
29,中秋节快乐呀！！,,997,https://www.acfun.cn/v/ac48872753,https://tx-free-imgs.acfun.cn/newUpload/25756908_e40f0ac3bdb34aa6a05629d19ec12f7c.png?imageslim,AcFun,日榜,day,hotlist,,2026-09-26 00:24:58
30,拼凑的断音,动作有做方向上的一些改动等<br/>歌曲：拼凑的断音-（舞蹈：あおい aoi とみたけ tomitake）,1075,https://www.acfun.cn/v/ac48871758,https://tx-free-imgs.acfun.cn/newUpload/12229455_ccda2f5ac69244d1aa813dc04c9a63d5.jpeg?imageslim,AcFun,日榜,day,hotlist,,2026-09-26 00:24:58
31,石头剪刀布卖个萌,难得假期来凡人线下嘉年华cos了一下银月，玩得很开心，不知道有没有碰到我的道友～,1022,https://www.acfun.cn/v/ac48873212,https://tx-free-imgs.acfun.cn/newUpload/12229455_c6e4220d0d7c41e2b5d489a9386cbe72.png?imageslim,AcFun,日榜,day,hotlist,,2026-09-26 00:24:58
32,恶魔想成为你的家人！请交出性命！阴间电视台！越南模拟恐怖APTV EP6,喜欢记得关注五蕉~谢谢支持~！,732,https://www.acfun.cn/v/ac48871608,https://tx-free-imgs.acfun.cn/newUpload/26364938_c8b3f3a89c5d45989f596c7abadfe5de.jpeg?imageslim,AcFun,日榜,day,hotlist,,2026-09-26 00:24:58
33,【绝望女神/翻唱】【火影忍者 ED1 Wind】,想听啥继续评论回复~,833,https://www.acfun.cn/v/ac48873021,https://tx-free-imgs.acfun.cn/newUpload/20705199_4163259e9c314ff193a9aac80be14188.jpeg?imageslim,AcFun,日榜,day,hotlist,,2026-09-26 00:24:58
34,十几万买台“莲花”，行吗？,,1059,https://www.acfun.cn/v/ac48872934,https://tx-free-imgs.acfun.cn/newUpload/14288157_b6f51fa0cabc4a0fa6b69c8bffff34ea.jpeg?imageslim,AcFun,日榜,day,hotlist,,2026-09-26 00:24:58
35,「Super8」《如烟》大家中秋快乐鸭～,原唱：五月天<br/>翻唱：把超人<br/>混音：废废哟<br/>视频：星马豪<br/>录了有一段时间的歌咧，五月天的歌里算很喜欢的一首，词非常喜欢，祝大家中秋快乐哟～,811,https://www.acfun.cn/v/ac48872351,https://tx-free-imgs.acfun.cn/newUpload/301519_95463a4627374a178e3b102bc74e8bcf.jpeg?imageslim,AcFun,日榜,day,hotlist,,2026-09-26 00:24:58
36,明月几时有？我想有时就有～,,949,https://www.acfun.cn/v/ac48872948,https://tx-free-imgs.acfun.cn/newUpload/31922015_3de6c615f9d24a4ab766c9c22f19d8ed.jpg?imageslim,AcFun,日榜,day,hotlist,,2026-09-26 00:24:58
37,这身衣服跳什么都好帅啊！哈哈哈,,1048,https://www.acfun.cn/v/ac48872819,https://tx-free-imgs.acfun.cn/newUpload/16380981_3be481ccc3bd44c3a12928fa1f84b25e.png?imageslim,AcFun,日榜,day,hotlist,,2026-09-26 00:24:58
38,十月新番最爽厕纸！男主化身黄毛！转生夺走原主的女友们！？,十月新番最爽厕纸！男主化身黄毛！转生夺走原主的女友们！？,1047,https://www.acfun.cn/v/ac48873035,https://tx-free-imgs.acfun.cn/newUpload/13467496_1abceb83c1454743bcb9d4abcf823669.jpeg?imageslim,AcFun,日榜,day,hotlist,,2026-09-26 00:24:58
39,白井黑子·佐天泪子 中秋月色双人手势舞【AI动画/超清】,本人本地部署的AI生成图片视频模型制作，硬件英伟达显卡RTX5070TI 16G+96G DDR5 6000内存，花费2小时合成.<br/>这次引入新的二次元动漫人物模型，二次元脸部质量效果会更好些，同时步数可以适当降低，降本增效。引入后期处理工具修复强化背景<br/><br/>人物：佐天泪子 白井黑子<br/>舞蹈技术与BGM：网红手势舞<br/>场景：中秋月色,1150,https://www.acfun.cn/v/ac48871101,https://tx-free-imgs.acfun.cn/newUpload/46764084_397c08849b344139b09a46fb71f814b3.png?imageslim,AcFun,日榜,day,hotlist,,2026-09-26 00:24:58
40,告女子书！,,1000,https://www.acfun.cn/v/ac48872722,https://tx-free-imgs.acfun.cn/newUpload/16380981_45b2d4d6fdb34b34876bc5e8fcdaca47.png?imageslim,AcFun,日榜,day,hotlist,,2026-09-26 00:24:58
41,open the door,,1136,https://www.acfun.cn/v/ac48873110,https://tx-free-imgs.acfun.cn/newUpload/79951_cacbb88182cb435a99a97d446363fa53.jpg?imageslim,AcFun,日榜,day,hotlist,,2026-09-26 00:24:58
42,又何尝不是一种很新的花灯...,胶佬过中秋有自己的灯笼！其实是万代的MEGX独角兽换了灯组嘻嘻～双节快乐！,1023,https://www.acfun.cn/v/ac48873084,https://tx-free-imgs.acfun.cn/newUpload/13449743_b5143a98667f48bdb3f046459ee13864.jpeg?imageslim,AcFun,日榜,day,hotlist,,2026-09-26 00:24:58
43,【猪肝来也】one love,,1027,https://www.acfun.cn/v/ac48873230,https://tx-free-imgs.acfun.cn/newUpload/4599324_253057be5bbe40d1b82d24222d803ec4.jpg?imageslim,AcFun,日榜,day,hotlist,,2026-09-26 00:24:58
44,Acfun评论才是本体啊2026年8月和九月,香蕉点赞来一点哦，,745,https://www.acfun.cn/v/ac48872845,https://tx-free-imgs.acfun.cn/newUpload/36839617_4ce9b7b878c344edbc971706d81900cc.jpeg?imageslim,AcFun,日榜,day,hotlist,,2026-09-26 00:24:58
45,嘀，纣王体验卡,,1069,https://www.acfun.cn/v/ac48872737,https://tx-free-imgs.acfun.cn/newUpload/77181154_7c7593de7b584caebd43b4bb4e8dc517.png?imageslim,AcFun,日榜,day,hotlist,,2026-09-26 00:24:58
46,【甲鱼的旅法十年】迷你专辑《心之所往的创作背景,,622,https://www.acfun.cn/v/ac48872771,https://tx-free-imgs.acfun.cn/newUpload/44128996_e3793329f00e48dc80645b417f8ea4d9.png?imageslim,AcFun,日榜,day,hotlist,,2026-09-26 00:24:58
47,真嫩啊，这鱼头肉,干饭,1029,https://www.acfun.cn/v/ac48872520,https://tx-free-imgs.acfun.cn/newUpload/25980011_e06de3d5eb114677b4b50284d921f33c.png?imageslim,AcFun,日榜,day,hotlist,,2026-09-26 00:24:58
48,【官方双语】存储价格飞涨  蓝光会是那个意想不到的解决方案吗?#linus谈科技,,1068,https://www.acfun.cn/v/ac48872033,https://tx-free-imgs.acfun.cn/newUpload/1630166_48020992cf374f349c36bc0d54f08d91.jpeg?imageslim,AcFun,日榜,day,hotlist,,2026-09-26 00:24:58
49,绝顶性感黑丝兔女郎｜大摆锤舞蹈翻跳正面版,,1140,https://www.acfun.cn/v/ac48872667,https://tx-free-imgs.acfun.cn/newUpload/28629507_7fbcce0fdec9424f9538c9354fd61371.png?imageslim,AcFun,日榜,day,hotlist,,2026-09-26 00:24:58
50,"宙斯神王也会是这战绩？快速看完一局韩服王者斗殴局#837 Zeus, Racoon, Clozer,","宙斯神王也会是这战绩？快速看完一局韩服王者斗殴局#837 Zeus, Racoon, Clozer, Wenbo, Canyon, 叶秋枫 <br/>BGM:https://music.163.com/playlist?id=650818240&userid=30476594",1086,https://www.acfun.cn/v/ac48865858,https://tx-free-imgs.acfun.cn/newUpload/1378726_0477a53ac6df4eb3b611b241b6a08941.jpeg?imageslim,AcFun,日榜,day,hotlist,,2026-09-26 00:24:58
1,是谁点的小恶魔，蕉出来～,,6141,https://www.acfun.cn/v/ac48867778,https://tx-free-imgs.acfun.cn/newUpload/17062172_6098fee67d1748e0ab5dab3b5665736c.jpg?imageslim,AcFun,三日榜,three-days,hotlist,,2026-09-26 00:24:58
2,《野生动物迷惑行为》,喜欢请投蕉啊   谢谢啦！,2884,https://www.acfun.cn/v/ac48868360,https://tx-free-imgs.acfun.cn/newUpload/1342385_3fab348c538e4c0fa001871a708fe302.jpeg?imageslim,AcFun,三日榜,three-days,hotlist,,2026-09-26 00:24:58
3,娃：真遗憾，本来打算亲自告诉你们的,嘿嘿希望大家都万事顺意～心想事成,4036,https://www.acfun.cn/v/ac48871740,https://tx-free-imgs.acfun.cn/newUpload/17062172_d1a93166ed084e3aadac2fea4bba0707.jpg?imageslim,AcFun,三日榜,three-days,hotlist,,2026-09-26 00:24:58
4,漫威金刚狼深陷争议！SweetBaby又毁一款？【绅批】,这算是DEI的历史遗留问题了，所有现在已经从sweetbaby离职的人，只要参与过游戏制作也会被署名（比如桥本和真）,2908,https://www.acfun.cn/v/ac48868810,https://tx-free-imgs.acfun.cn/newUpload/526850_ca1da1572b1d494a93e2f6bab46cf76b.jpeg?imageslim,AcFun,三日榜,three-days,hotlist,,2026-09-26 00:24:58
5,因为害怕被讨厌 所以把自己藏起来了,,3148,https://www.acfun.cn/v/ac48871331,https://tx-free-imgs.acfun.cn/newUpload/11361784_3d4bd69b46f541e184c2922c24f09276.jpg?imageslim,AcFun,三日榜,three-days,hotlist,,2026-09-26 00:24:58
6,我真的是来吃饭的！★手机竖屏2013★,审核大大辛苦了！<br/>谢谢每一个投蕉的帅哥美女！香蕉没有来个赞也好啊！<br/>视频来自快手等平台，侵权联系删除！,3855,https://www.acfun.cn/v/ac48869145,https://tx-free-imgs.acfun.cn/newUpload/2176158_eb4b69370b8f435aa2b171e72403d356.gif?imageslim,AcFun,三日榜,three-days,hotlist,,2026-09-26 00:24:58
7,mr chu!!好怀念这首歌,,2109,https://www.acfun.cn/v/ac48869375,https://tx-free-imgs.acfun.cn/newUpload/16380981_19592eb83a88429695ee1a0508fc3df0.png?imageslim,AcFun,三日榜,three-days,hotlist,,2026-09-26 00:24:58
8,裸足圆脸仙女下凡～跳一曲千里邀月【可心喵】,,1959,https://www.acfun.cn/v/ac48872448,https://tx-free-imgs.acfun.cn/newUpload/12892608_6691690fd8e944278bda5d5390e1e5a9.jpg?imageslim,AcFun,三日榜,three-days,hotlist,,2026-09-26 00:24:58
9,拳击好啊，拳击得学！欢乐八点档-1781,审核大大辛苦了！<br/>免费的香蕉投一下吧，没有那就点个赞吧，这对我来说很重要，谢谢！！！<br/>谢谢每一个投蕉的帅哥美女！你们是我坚持更新的动力！<br/>视频来自快手等平台，侵权联系删除！,4136,https://www.acfun.cn/v/ac48868336,https://tx-free-imgs.acfun.cn/newUpload/2176158_3f6c601293a54468bae97f781440217b.gif?imageslim,AcFun,三日榜,three-days,hotlist,,2026-09-26 00:24:58
10,这样的学姐喜欢吗？欢乐八点档-1782,审核大大辛苦了！<br/>免费的香蕉投一下吧，没有那就点个赞吧，这对我来说很重要，谢谢！！！<br/>谢谢每一个投蕉的帅哥美女！你们是我坚持更新的动力！<br/>视频来自快手等平台，侵权联系删除！,3751,https://www.acfun.cn/v/ac48870057,https://tx-free-imgs.acfun.cn/newUpload/2176158_4c1f3b60f73e451abc443941d47305d8.gif?imageslim,AcFun,三日榜,three-days,hotlist,,2026-09-26 00:24:58
11,网络上常见的热门短视频集锦   第三千四百四十五期,审核大大辛苦了！<br/>谢谢每一个投蕉的帅哥美女！香蕉没有来个赞也好啊！<br/>视频来自快手等平台，侵权联系删除！,3935,https://www.acfun.cn/v/ac48866824,https://tx-free-imgs.acfun.cn/newUpload/2176158_dba921eb42f14c7ba31a1af83bfe71ce.gif?imageslim,AcFun,三日榜,three-days,hotlist,,2026-09-26 00:24:58
12,空中瑜伽！！！★手机竖屏2012★,审核大大辛苦了！<br/>谢谢每一个投蕉的帅哥美女！香蕉没有来个赞也好啊！<br/>视频来自快手等平台，侵权联系删除！,4430,https://www.acfun.cn/v/ac48866821,https://tx-free-imgs.acfun.cn/newUpload/2176158_610807af48f5463a891fc9f341c9b16f.gif?imageslim,AcFun,三日榜,three-days,hotlist,,2026-09-26 00:24:58
13,厨师长教你：“鱼香肉丝”的家常做法，酸甜微辣，口感丰富,,2044,https://www.acfun.cn/v/ac48867741,https://tx-free-imgs.acfun.cn/newUpload/13274260_93e68d1098d04ffca2683655a6a404c2.jpeg?imageslim,AcFun,三日榜,three-days,hotlist,,2026-09-26 00:24:58
14,嘴角压不住了【今天有什么好笑的 #2515】,：），谢谢大家的投蕉和点赞，祝你开心愉快~<br/>wallpaper壁纸：Genshin 神里绫华<br/>BGM：Wake me up when september ends,2422,https://www.acfun.cn/v/ac48868130,https://tx-free-imgs.acfun.cn/newUpload/383079_ef65121591434d2b86d53db1622776cd.gif?imageslim,AcFun,三日榜,three-days,hotlist,,2026-09-26 00:24:58
15,姛姛？！蝴蝶耳机Manget中文翻唱【箐羽Hane】x【缇若柯Teivoc】,“是否你确实表里如一淡然，还是说你——并不似我贪婪？”<br/>《Manget》磁石 / 蝴蝶耳机 - 中文翻唱<br/>原作作曲 / 流星P<br/>曲绘&翻唱 / 箐羽hane & 缇若柯Teivoc<br/>中文填词 / 果汁凉菜<br/>混音 / 风尘<br/>和笋笋一起唱了我们二次元姛神曲！曲绘也是我和笋笋每个人负责了自己的部分最后再拼到一起的！真好！( *^ ^)o(^ ^* )希望大家也能喜欢！,1614,https://www.acfun.cn/v/ac48869340,https://tx-free-imgs.acfun.cn/newUpload/67511609_d868cdbd6b1849e8958696cdc9db1493.jpeg?imageslim,AcFun,三日榜,three-days,hotlist,,2026-09-26 00:24:58
16,现在电脑不好卖了，以后我们出租AI机器人吧,,2157,https://www.acfun.cn/v/ac48867767,https://tx-free-imgs.acfun.cn/newUpload/17928_c684f06231604145b533a0f00627c624.png?imageslim,AcFun,三日榜,three-days,hotlist,,2026-09-26 00:24:58
17,拜托了，夫人！★手机竖屏2014★,审核大大辛苦了！<br/>谢谢每一个投蕉的帅哥美女！香蕉没有来个赞也好啊！<br/>视频来自快手等平台，侵权联系删除！,2985,https://www.acfun.cn/v/ac48871493,https://tx-free-imgs.acfun.cn/newUpload/2176158_afaf0913878443b1bc00d636136ffce3.gif?imageslim,AcFun,三日榜,three-days,hotlist,,2026-09-26 00:24:58
18,【锅锅x怀瑜x阔落】千里邀月——共饮此杯赏此月，夜好眠,中秋到了，和姐妹们合唱了千里邀月~~<br/>乐：可乐祝大家身体健康，永不加班，月圆人团圆<br/>鱼：怀瑜愿诸位财源广进，常能摸鱼，花好月更圆<br/>锅：锅锅祝大家桂香满锅，早归赏月，饼甜心更甜<br/>祝大家中秋快乐~,1690,https://www.acfun.cn/v/ac48871580,https://tx-free-imgs.acfun.cn/newUpload/67206930_e47be8dbac2546e1b5a4a831e71dabe4.jpeg?imageslim,AcFun,三日榜,three-days,hotlist,,2026-09-26 00:24:58
19,我要冲会员【今天有什么好笑的 #2516】,：），谢谢大家的投蕉和点赞，祝你开心愉快~<br/>wallpaper壁纸：Reze | Chainsaw Man<br/>BGM：Nicoleta Matei - Love mail<br/>,2453,https://www.acfun.cn/v/ac48870763,https://tx-free-imgs.acfun.cn/newUpload/383079_47b0fc3f458042f5bd3717967e55c598.gif?imageslim,AcFun,三日榜,three-days,hotlist,,2026-09-26 00:24:58
20,和我一起健身吧！！！欢乐八点档-1783,审核大大辛苦了！<br/>免费的香蕉投一下吧，没有那就点个赞吧，这对我来说很重要，谢谢！！！<br/>谢谢每一个投蕉的帅哥美女！你们是我坚持更新的动力！<br/>视频来自快手等平台，侵权联系删除！,1810,https://www.acfun.cn/v/ac48872699,https://tx-free-imgs.acfun.cn/newUpload/2176158_e379c7202d2e43029e07ad17f40cab19.gif?imageslim,AcFun,三日榜,three-days,hotlist,,2026-09-26 00:24:58
21,网络上常见的热门短视频集锦   第三千四百四十六期,审核大大辛苦了！<br/>谢谢每一个投蕉的帅哥美女！香蕉没有来个赞也好啊！<br/>视频来自快手等平台，侵权联系删除！,3674,https://www.acfun.cn/v/ac48867732,https://tx-free-imgs.acfun.cn/newUpload/2176158_2ec1d99da19a48e0a8e4ff2a2447e612.gif?imageslim,AcFun,三日榜,three-days,hotlist,,2026-09-26 00:24:58
22,网络上常见的热门短视频集锦   第三千四百四十八期,审核大大辛苦了！<br/>谢谢每一个投蕉的帅哥美女！香蕉没有来个赞也好啊！<br/>视频来自快手等平台，侵权联系删除！,3490,https://www.acfun.cn/v/ac48870020,https://tx-free-imgs.acfun.cn/newUpload/2176158_d65e54f4e9ee489b86b6fc28c31c84ee.gif?imageslim,AcFun,三日榜,three-days,hotlist,,2026-09-26 00:24:58
23,女妖邪神凶宅索命，最惨主角逆天求生！克系神游《魔女屋中之梦》像素恐怖游戏详细讲述【深夜档】,如何在60天内，让洛夫克拉夫特小说中惨死的倒霉主角逆天改命？这位芬兰作者打造了一部又硬核又忠实的优秀克苏鲁游戏！入住阿卡姆百年凶宅的凡人主角沃尔特·吉尔曼，接连遭到人脸妖鼠，恐怖女巫，不可名状外神的侵袭。白天钻研神秘学知识，梦中游历邪恶异星。他将与密斯卡托尼克大学最强战神亨利·阿米蒂奇教授联手对抗邪神降世！这是一部真正将洛氏“宇宙恐怖”带入到日常，并忠实于原著的游戏，自由度超高且信息量惊人！我将细致地带各位体验这跌宕起伏的60天，看弱小的主角如何起死回生并拯救世界！,1222,https://www.acfun.cn/v/ac48872418,https://tx-free-imgs.acfun.cn/newUpload/817797_2631b7cf26c14c2fbbfb062962a775be.jpeg?imageslim,AcFun,三日榜,three-days,hotlist,,2026-09-26 00:24:58
24,网络上常见的热门短视频集锦   第三千四百四十七期,审核大大辛苦了！<br/>谢谢每一个投蕉的帅哥美女！香蕉没有来个赞也好啊！<br/>视频来自快手等平台，侵权联系删除！,3229,https://www.acfun.cn/v/ac48869149,https://tx-free-imgs.acfun.cn/newUpload/2176158_fdf9afe2e00a4a1aa62415c846776eaf.gif?imageslim,AcFun,三日榜,three-days,hotlist,,2026-09-26 00:24:58
25,交通事故20260923：交通车祸实例，提高安全驾驶意识,,1445,https://www.acfun.cn/v/ac48868861,https://tx-free-imgs.acfun.cn/newUpload/76871961_edea5de6659a4cd2b733a74989043440.jpg?imageslim,AcFun,三日榜,three-days,hotlist,,2026-09-26 00:24:58
26,沦陷️,歌曲舞蹈：沦陷dj版-星奇摇   动作有改编,1726,https://www.acfun.cn/v/ac48869381,https://tx-free-imgs.acfun.cn/newUpload/12229455_aacf9da97a0940ad8e5f0b509d9cc159.jpeg?imageslim,AcFun,三日榜,three-days,hotlist,,2026-09-26 00:24:58
27,老板直聘（89）,,1644,https://www.acfun.cn/v/ac48868552,https://tx-free-imgs.acfun.cn/newUpload/74706824_db2c7ba15c5d4aa18872db6b0763b7ca.jpeg?imageslim,AcFun,三日榜,three-days,hotlist,,2026-09-26 00:24:58
28,网络上常见的热门短视频集锦   第三千四百四十九期,审核大大辛苦了！<br/>谢谢每一个投蕉的帅哥美女！香蕉没有来个赞也好啊！<br/>视频来自快手等平台，侵权联系删除！,2395,https://www.acfun.cn/v/ac48871496,https://tx-free-imgs.acfun.cn/newUpload/2176158_cf20f7722011491da25ce2efbc799dba.gif?imageslim,AcFun,三日榜,three-days,hotlist,,2026-09-26 00:24:58
29,人鱼的眼泪,歌曲舞蹈：爱乐之城-人鱼的眼泪,1556,https://www.acfun.cn/v/ac48867050,https://tx-free-imgs.acfun.cn/newUpload/12229455_130b1f041e6741dab4f6295ee27d927e.jpeg?imageslim,AcFun,三日榜,three-days,hotlist,,2026-09-26 00:24:58
30,常州新开巴西烤肉自助，100块钱值得吗？,这是我目前为止，去过的第二家巴西烤肉自助，团购优惠的情况下，花了94元。正常价格在95~110不等<br/><br/>简单带大家看下菜品，除了取餐台这么些，各种牛肉制品、大串烧烤都是循环上桌，大家觉得这么些菜式花样，100块钱左右你们觉得贵还是便宜啊，觉得贵的扣1，觉得便宜的扣2,1875,https://www.acfun.cn/v/ac48868891,https://tx-free-imgs.acfun.cn/newUpload/2046675_bf3a59ddff624646850829452262094e.jpeg?imageslim,AcFun,三日榜,three-days,hotlist,,2026-09-26 00:24:58
31,在英国差点被上门诈骗,可能看到我一人在家，就大胆敲门了，还好平常也会注意周边邻居，没发生什么事儿，这个金额就算被骗也不会报警，以后还是要小心一些了。#英国日常#vlog,1657,https://www.acfun.cn/v/ac48869505,https://tx-free-imgs.acfun.cn/newUpload/43181603_1c8c6c487a864d098b5e7e7bf2a12c6a.jpg?imageslim,AcFun,三日榜,three-days,hotlist,,2026-09-26 00:24:58
32,原创编舞《千层套路》的定机位竖屏来啦！,,1627,https://www.acfun.cn/v/ac48869245,https://tx-free-imgs.acfun.cn/newUpload/16380981_24bafd11c027499d9fe6820162faa782.png?imageslim,AcFun,三日榜,three-days,hotlist,,2026-09-26 00:24:58
33,北京的最北端在黑龙江？？？国内飞地是怎么形成的？,这份中国地图，是你从未看过的船新版本，放大几倍就会发现，在大家熟悉的各个省份中，还藏着一堆 “你中有我、我中有你” 的飞地。,1808,https://www.acfun.cn/v/ac48867896,https://tx-free-imgs.acfun.cn/newUpload/13630266_cc2428a99a42453f99c9e1306e7a43bb.jpeg?imageslim,AcFun,三日榜,three-days,hotlist,,2026-09-26 00:24:58
34,我要辞职了！,,1684,https://www.acfun.cn/v/ac48863957,https://tx-free-imgs.acfun.cn/newUpload/12439728_7c57a0735675474590bf7b25e1a34527.png?imageslim,AcFun,三日榜,three-days,hotlist,,2026-09-26 00:24:58
35,发个friend圈,,1532,https://www.acfun.cn/v/ac48863958,https://tx-free-imgs.acfun.cn/newUpload/12439728_b44cb67ae45a4c179b08227368f4159c.png?imageslim,AcFun,三日榜,three-days,hotlist,,2026-09-26 00:24:58
36,网络上常见的热门短视频集锦   第三千四百五十期,审核大大辛苦了！<br/>谢谢每一个投蕉的帅哥美女！香蕉没有来个赞也好啊！<br/>视频来自快手等平台，侵权联系删除！,2265,https://www.acfun.cn/v/ac48872279,https://tx-free-imgs.acfun.cn/newUpload/2176158_a96ecd95394b4517928ac111407f75b1.gif?imageslim,AcFun,三日榜,three-days,hotlist,,2026-09-26 00:24:58
37,捏捏已经已进化到可以吃的地步啦？,,1627,https://www.acfun.cn/v/ac48868638,https://tx-free-imgs.acfun.cn/newUpload/6177430_486c910212d548c991eeb140f146a6ed.jpeg?imageslim,AcFun,三日榜,three-days,hotlist,,2026-09-26 00:24:58
38,奥迪“宫斗”十年大结局？一汽拿四环，上汽拿AUDI,一汽奥迪和上汽奥迪“宫斗”了十年，终于要划下句号了？,1711,https://www.acfun.cn/v/ac48870981,https://tx-free-imgs.acfun.cn/newUpload/13630266_3fde785be5a2411495618f67d01ab66a.jpeg?imageslim,AcFun,三日榜,three-days,hotlist,,2026-09-26 00:24:58
39,换你穿越三国乱世，你是起兵还是种田？,有没有宝贝和我一样，看三国的时候总在想，如果换我身在那个乱世，我会怎么样？是起兵争霸，还是归隐山林？ 或是是咱们可以选三国里有名的角色或者可以架空历史从素人做起，一统三国，那会怎么样?我最近就玩了这么一款游戏，一玩就是五个小时，根本停不下来，那今天来聊聊这款开放世界slg游戏《英雄立志传：三国志》~<br/>,1863,https://www.acfun.cn/v/ac48869043,https://tx-free-imgs.acfun.cn/newUpload/61352468_39715609bed041b98b21f3dbb482ad70.jpeg?imageslim,AcFun,三日榜,three-days,hotlist,,2026-09-26 00:24:58
40,【东方】QUEEN【蕾米莉亚 Miy Ver. MMD】,作者：やくも<br/><br/>楽曲:Kanaria 様→https://www.nicovideo.jp/watch/sm4088...<br/>振付:AKIRA様<br/>モーション:P-nez 様→https://www.nicovideo.jp/watch/sm4350...<br/>カメラ:Mizuha様→https://www.nicovideo.jp/watch/sm4353...<br/>モデル:MIy様<br/>ステージ:栗ごはん様<br/>アクセサリ:アスカ様,1249,https://www.acfun.cn/v/ac48870080,https://tx-free-imgs.acfun.cn/newUpload/6102_6a4dce20c9b74fa0bbdff3ccc0a73c5d.png?imageslim,AcFun,三日榜,three-days,hotlist,,2026-09-26 00:24:58
41,我终于瘦到120斤以下了！,,1652,https://www.acfun.cn/v/ac48867016,https://tx-free-imgs.acfun.cn/newUpload/16380981_906db098cf5d4eaca57bde52b0ae8bf2.jpg?imageslim,AcFun,三日榜,three-days,hotlist,,2026-09-26 00:24:58
42,这套皮肤真的很喜欢,,1447,https://www.acfun.cn/v/ac48871657,https://tx-free-imgs.acfun.cn/newUpload/16380981_ac9640e59a3a42e093fcee0a0b81d474.jpg?imageslim,AcFun,三日榜,three-days,hotlist,,2026-09-26 00:24:58
43,【颜音】中秋歌回~祝大家节日快乐,皓月凌空，桂香满庭。<br/>愿今夜歌声暖心，祝各位中秋快乐，阖家美满！,1402,https://www.acfun.cn/v/ac48872065,https://tx-free-imgs.acfun.cn/newUpload/4425861_3dab8cdf19a74bf6accbdcd688cd9b6a.jpeg?imageslim,AcFun,三日榜,three-days,hotlist,,2026-09-26 00:24:58
44,【东方/汉化】咲夜带你了解汉字【MMD搞笑小剧场】,作者：クローバー,1099,https://www.acfun.cn/v/ac48872652,https://tx-free-imgs.acfun.cn/newUpload/6102_8b2072189ecb4044a7de95bb450d02ed.jpeg?imageslim,AcFun,三日榜,three-days,hotlist,,2026-09-26 00:24:58
45,【4K超高清】「JOJO的奇妙冒险 飙马野郎」第2话,,4238,https://www.acfun.cn/v/ac48872740,https://tx-free-imgs.acfun.cn/newUpload/72840608_a526e08904d049d2b38ce5f38bd71e63.jpeg?imageslim,AcFun,三日榜,three-days,hotlist,,2026-09-26 00:24:58
46,你吃月饼了吗？,,1436,https://www.acfun.cn/v/ac48869054,https://tx-free-imgs.acfun.cn/newUpload/1167675_8f48723afb0e41ecbe772249b3f4df1a.jpg?imageslim,AcFun,三日榜,three-days,hotlist,,2026-09-26 00:24:58
47,抱紧原生家庭（90）,,1411,https://www.acfun.cn/v/ac48867786,https://tx-free-imgs.acfun.cn/newUpload/74706824_fcc9a2386aff4fb0b3ecd158e3c6b97f.png?imageslim,AcFun,三日榜,three-days,hotlist,,2026-09-26 00:24:58
48,只有刀鸣最小丑？各大游戏千年血战联动盘点！,300英雄的含金量还在上升,1960,https://www.acfun.cn/v/ac48869154,https://tx-free-imgs.acfun.cn/newUpload/247671_7d920e56c00e4af39fed560bf094f965.jpeg?imageslim,AcFun,三日榜,three-days,hotlist,,2026-09-26 00:24:58
49,极限竞速地平线6：0.01 秒绝杀！GMC 反超宝马 X6M 越野赛,骄兵必败，我深刻的体验到了这句话的含义。,1632,https://www.acfun.cn/v/ac48867212,https://tx-free-imgs.acfun.cn/newUpload/11602352_36f126479072481b9dd82c3ea4d19f3b.jpeg?imageslim,AcFun,三日榜,three-days,hotlist,,2026-09-26 00:24:58
50,【柯基】papi酱《生气了》｜oh my god你吓到我了,,1435,https://www.acfun.cn/v/ac48867295,https://tx-free-imgs.acfun.cn/newUpload/29493245_980e56a85587473a82c7499c2ed115cb.png?imageslim,AcFun,三日榜,three-days,hotlist,,2026-09-26 00:24:58
1,剑戟战斗的巅峰 关卡内容的洼地 偏科严重的《鬼武者：剑之道》,它给人爽的部分是真的爽，但是在每次爽之前，你得堵不少马桶，先生。,4488,https://www.acfun.cn/v/ac48859506,https://tx-free-imgs.acfun.cn/newUpload/934542_5d98ad80ca9c4307b5cdc2051c11cb50.jpeg?imageslim,AcFun,周榜,week,hotlist,,2026-09-26 00:24:58
2,是谁点的小恶魔，蕉出来～,,6141,https://www.acfun.cn/v/ac48867778,https://tx-free-imgs.acfun.cn/newUpload/17062172_6098fee67d1748e0ab5dab3b5665736c.jpg?imageslim,AcFun,周榜,week,hotlist,,2026-09-26 00:24:58
3,跳最开心的一集,,3976,https://www.acfun.cn/v/ac48860571,https://tx-free-imgs.acfun.cn/newUpload/50330447_79a3f269514140c29e7a85fb7c9dc94c.jpg?imageslim,AcFun,周榜,week,hotlist,,2026-09-26 00:24:58
4,喜欢哪套？,,6845,https://www.acfun.cn/v/ac48861422,https://tx-free-imgs.acfun.cn/newUpload/3540234_729e0d22251f439da3735f26e58d174f.jpg?imageslim,AcFun,周榜,week,hotlist,,2026-09-26 00:24:58
5,过期JK碎碎念！,家人们记得蕉一蕉捏 啾咪,5903,https://www.acfun.cn/v/ac48859219,https://tx-free-imgs.acfun.cn/newUpload/17062172_5dd6ea8b5f2741ff87f0911db6dfb909.jpg?imageslim,AcFun,周榜,week,hotlist,,2026-09-26 00:24:58
6,人间琴悠扬，姑娘把谁记心上～,,2725,https://www.acfun.cn/v/ac48863143,https://tx-free-imgs.acfun.cn/newUpload/50330447_938d77716a11477e843914663278ff07.jpg?imageslim,AcFun,周榜,week,hotlist,,2026-09-26 00:24:58
7,娃：真遗憾，本来打算亲自告诉你们的,嘿嘿希望大家都万事顺意～心想事成,4036,https://www.acfun.cn/v/ac48871740,https://tx-free-imgs.acfun.cn/newUpload/17062172_d1a93166ed084e3aadac2fea4bba0707.jpg?imageslim,AcFun,周榜,week,hotlist,,2026-09-26 00:24:58
8,《野生动物迷惑行为》,喜欢请投蕉啊   谢谢啦！,2884,https://www.acfun.cn/v/ac48868360,https://tx-free-imgs.acfun.cn/newUpload/1342385_3fab348c538e4c0fa001871a708fe302.jpeg?imageslim,AcFun,周榜,week,hotlist,,2026-09-26 00:24:58
9,《动物游戏行为图鉴》,喜欢请投蕉啊 谢谢啦！,2869,https://www.acfun.cn/v/ac48857450,https://tx-free-imgs.acfun.cn/newUpload/1342385_485bc20a4c164df2928409b209fa9afc.jpeg?imageslim,AcFun,周榜,week,hotlist,,2026-09-26 00:24:58
10,《动物迷惑行为大赏325》,喜欢请投蕉啊 谢谢啦！,2655,https://www.acfun.cn/v/ac48861293,https://tx-free-imgs.acfun.cn/newUpload/1342385_03080470038d444a95ce01ff6a6aeb9f.jpeg?imageslim,AcFun,周榜,week,hotlist,,2026-09-26 00:24:58
11,双马尾小女仆带来的情绪摇～,,3996,https://www.acfun.cn/v/ac48861966,https://tx-free-imgs.acfun.cn/newUpload/11361784_8cee0402b4754b1e82f85b7099791793.jpg?imageslim,AcFun,周榜,week,hotlist,,2026-09-26 00:24:58
12,帮Acer问一下，地址在哪里？欢乐八点档-1779,审核大大辛苦了！<br/>免费的香蕉投一下吧，没有那就点个赞吧，这对我来说很重要，谢谢！！！<br/>谢谢每一个投蕉的帅哥美女！你们是我坚持更新的动力！<br/>视频来自快手等平台，侵权联系删除！,4496,https://www.acfun.cn/v/ac48863633,https://tx-free-imgs.acfun.cn/newUpload/2176158_ff69c3c797d5414e8056b329918cc5b6.gif?imageslim,AcFun,周榜,week,hotlist,,2026-09-26 00:24:58
13,【绘图过程】《海边》6周年纪念插图过程,6周年纪念插图挂画（预售）、沙滩巾（预售），阿宝已上架,3364,https://www.acfun.cn/v/ac48836990,https://tx-free-imgs.acfun.cn/newUpload/179922_9f95aba039e84f3594c3947b3c8fdd58.jpeg?imageslim,AcFun,周榜,week,hotlist,,2026-09-26 00:24:58
14,还是少妇会的多啊！★手机竖屏2011★,审核大大辛苦了！<br/>谢谢每一个投蕉的帅哥美女！香蕉没有来个赞也好啊！<br/>视频来自快手等平台，侵权联系删除！,5212,https://www.acfun.cn/v/ac48864360,https://tx-free-imgs.acfun.cn/newUpload/2176158_3d4f199fd93640468e543b9ee25ac4c0.gif?imageslim,AcFun,周榜,week,hotlist,,2026-09-26 00:24:58
15,漫威金刚狼深陷争议！SweetBaby又毁一款？【绅批】,这算是DEI的历史遗留问题了，所有现在已经从sweetbaby离职的人，只要参与过游戏制作也会被署名（比如桥本和真）,2908,https://www.acfun.cn/v/ac48868810,https://tx-free-imgs.acfun.cn/newUpload/526850_ca1da1572b1d494a93e2f6bab46cf76b.jpeg?imageslim,AcFun,周榜,week,hotlist,,2026-09-26 00:24:58
16,因为害怕被讨厌 所以把自己藏起来了,,3148,https://www.acfun.cn/v/ac48871331,https://tx-free-imgs.acfun.cn/newUpload/11361784_3d4bd69b46f541e184c2922c24f09276.jpg?imageslim,AcFun,周榜,week,hotlist,,2026-09-26 00:24:58
17,我真的是来吃饭的！★手机竖屏2013★,审核大大辛苦了！<br/>谢谢每一个投蕉的帅哥美女！香蕉没有来个赞也好啊！<br/>视频来自快手等平台，侵权联系删除！,3855,https://www.acfun.cn/v/ac48869145,https://tx-free-imgs.acfun.cn/newUpload/2176158_eb4b69370b8f435aa2b171e72403d356.gif?imageslim,AcFun,周榜,week,hotlist,,2026-09-26 00:24:58
18,mr chu!!好怀念这首歌,,2109,https://www.acfun.cn/v/ac48869375,https://tx-free-imgs.acfun.cn/newUpload/16380981_19592eb83a88429695ee1a0508fc3df0.png?imageslim,AcFun,周榜,week,hotlist,,2026-09-26 00:24:58
19,网络上常见的热门短视频集锦   第三千四百三十八期,审核大大辛苦了！<br/>谢谢每一个投蕉的帅哥美女！香蕉没有来个赞也好啊！<br/>视频来自快手等平台，侵权联系删除！,4448,https://www.acfun.cn/v/ac48858394,https://tx-free-imgs.acfun.cn/newUpload/2176158_38174e72af934b9e86687045b01f0dd3.gif?imageslim,AcFun,周榜,week,hotlist,,2026-09-26 00:24:58
20,裸足圆脸仙女下凡～跳一曲千里邀月【可心喵】,,1959,https://www.acfun.cn/v/ac48872448,https://tx-free-imgs.acfun.cn/newUpload/12892608_6691690fd8e944278bda5d5390e1e5a9.jpg?imageslim,AcFun,周榜,week,hotlist,,2026-09-26 00:24:58
21,钓鱼佬是真会享受！欢乐八点档-1777,审核大大辛苦了！<br/>免费的香蕉投一下吧，没有那就点个赞吧，这对我来说很重要，谢谢！！！<br/>谢谢每一个投蕉的帅哥美女！你们是我坚持更新的动力！<br/>视频来自快手等平台，侵权联系删除！,4610,https://www.acfun.cn/v/ac48858969,https://tx-free-imgs.acfun.cn/newUpload/2176158_c9d74d926c4c4d709a4b6b7769dffcca.gif?imageslim,AcFun,周榜,week,hotlist,,2026-09-26 00:24:58
22,一波还未平息一波又来侵袭！★手机竖屏2010★,审核大大辛苦了！<br/>谢谢每一个投蕉的帅哥美女！香蕉没有来个赞也好啊！<br/>视频来自快手等平台，侵权联系删除！,4780,https://www.acfun.cn/v/ac48862013,https://tx-free-imgs.acfun.cn/newUpload/2176158_c4802142afc14d50b2cd775e67890cca.gif?imageslim,AcFun,周榜,week,hotlist,,2026-09-26 00:24:58
23,还是少妇会啊！！！★手机竖屏2009★,审核大大辛苦了！<br/>谢谢每一个投蕉的帅哥美女！香蕉没有来个赞也好啊！<br/>视频来自快手等平台，侵权联系删除！,4899,https://www.acfun.cn/v/ac48859515,https://tx-free-imgs.acfun.cn/newUpload/2176158_d4e9e6e30f4446319f9e720adfe35ef9.gif?imageslim,AcFun,周榜,week,hotlist,,2026-09-26 00:24:58
24,【AC娘】琵琶曲,原作者：Kotte Animation<br/>还有瑕疵，看个乐吧,3158,https://www.acfun.cn/v/ac48864492,https://tx-free-imgs.acfun.cn/newUpload/41729435_02cbd995b6d54f508eb21d3cb8621903.jpeg?imageslim,AcFun,周榜,week,hotlist,,2026-09-26 00:24:58
25,25年了，回坊天花板小酥肉，还是那个味儿,记忆中的味道，回来了，都回来了……<br/>一口椒麻一口鲜，大口吃肉，配上热腾腾的米饭，绝了。<br/>素三鲜也是无敌的存在！,2554,https://www.acfun.cn/v/ac48865538,https://tx-free-imgs.acfun.cn/newUpload/13765438_9bc4a0abf32a4c1aa3e83c844de84649.jpeg?imageslim,AcFun,周榜,week,hotlist,,2026-09-26 00:24:58
26,拳击好啊，拳击得学！欢乐八点档-1781,审核大大辛苦了！<br/>免费的香蕉投一下吧，没有那就点个赞吧，这对我来说很重要，谢谢！！！<br/>谢谢每一个投蕉的帅哥美女！你们是我坚持更新的动力！<br/>视频来自快手等平台，侵权联系删除！,4136,https://www.acfun.cn/v/ac48868336,https://tx-free-imgs.acfun.cn/newUpload/2176158_3f6c601293a54468bae97f781440217b.gif?imageslim,AcFun,周榜,week,hotlist,,2026-09-26 00:24:58
27,这样的学姐喜欢吗？欢乐八点档-1782,审核大大辛苦了！<br/>免费的香蕉投一下吧，没有那就点个赞吧，这对我来说很重要，谢谢！！！<br/>谢谢每一个投蕉的帅哥美女！你们是我坚持更新的动力！<br/>视频来自快手等平台，侵权联系删除！,3751,https://www.acfun.cn/v/ac48870057,https://tx-free-imgs.acfun.cn/newUpload/2176158_4c1f3b60f73e451abc443941d47305d8.gif?imageslim,AcFun,周榜,week,hotlist,,2026-09-26 00:24:58
28,你的拳头真是肥嘟嘟的...,动漫：心灵的声音，作者：赵石【韩国】,2194,https://www.acfun.cn/v/ac48859870,https://tx-free-imgs.acfun.cn/newUpload/509259_2fa91d5206504450be471808d9c93a22.jpeg?imageslim,AcFun,周榜,week,hotlist,,2026-09-26 00:24:58
29,北京豆汁会惩罚每一个好奇的人！欢乐八点档-1780,审核大大辛苦了！<br/>免费的香蕉投一下吧，没有那就点个赞吧，这对我来说很重要，谢谢！！！<br/>谢谢每一个投蕉的帅哥美女！你们是我坚持更新的动力！<br/>视频来自快手等平台，侵权联系删除！,4467,https://www.acfun.cn/v/ac48865965,https://tx-free-imgs.acfun.cn/newUpload/2176158_ec83e6fb2ffc4005b41881ac13dbaeca.gif?imageslim,AcFun,周榜,week,hotlist,,2026-09-26 00:24:58
30,这个一字马技术含量很高啊！欢乐八点档-1778,审核大大辛苦了！<br/>免费的香蕉投一下吧，没有那就点个赞吧，这对我来说很重要，谢谢！！！<br/>谢谢每一个投蕉的帅哥美女！你们是我坚持更新的动力！<br/>视频来自快手等平台，侵权联系删除！,4399,https://www.acfun.cn/v/ac48861225,https://tx-free-imgs.acfun.cn/newUpload/2176158_0824627cb76d40dc99ce9cb12c07e4cc.gif?imageslim,AcFun,周榜,week,hotlist,,2026-09-26 00:24:58
31,网络上常见的热门短视频集锦   第三千四百四十五期,审核大大辛苦了！<br/>谢谢每一个投蕉的帅哥美女！香蕉没有来个赞也好啊！<br/>视频来自快手等平台，侵权联系删除！,3935,https://www.acfun.cn/v/ac48866824,https://tx-free-imgs.acfun.cn/newUpload/2176158_dba921eb42f14c7ba31a1af83bfe71ce.gif?imageslim,AcFun,周榜,week,hotlist,,2026-09-26 00:24:58
32,琵琶曲丨夜神月 VS  L,原曲：琵琶曲,2266,https://www.acfun.cn/v/ac48861693,https://tx-free-imgs.acfun.cn/newUpload/16986934_3bf4dd94910c4845acf851f7f0fdb757.jpeg?imageslim,AcFun,周榜,week,hotlist,,2026-09-26 00:24:58
33,网络上常见的热门短视频集锦   第三千四百四十一期,审核大大辛苦了！<br/>谢谢每一个投蕉的帅哥美女！香蕉没有来个赞也好啊！<br/>视频来自快手等平台，侵权联系删除！,4199,https://www.acfun.cn/v/ac48862019,https://tx-free-imgs.acfun.cn/newUpload/2176158_6e5a88d95f344d92a8d97a57f03ac4b9.gif?imageslim,AcFun,周榜,week,hotlist,,2026-09-26 00:24:58
34,空中瑜伽！！！★手机竖屏2012★,审核大大辛苦了！<br/>谢谢每一个投蕉的帅哥美女！香蕉没有来个赞也好啊！<br/>视频来自快手等平台，侵权联系删除！,4430,https://www.acfun.cn/v/ac48866821,https://tx-free-imgs.acfun.cn/newUpload/2176158_610807af48f5463a891fc9f341c9b16f.gif?imageslim,AcFun,周榜,week,hotlist,,2026-09-26 00:24:58
35,厨师长教你：“鱼香肉丝”的家常做法，酸甜微辣，口感丰富,,2044,https://www.acfun.cn/v/ac48867741,https://tx-free-imgs.acfun.cn/newUpload/13274260_93e68d1098d04ffca2683655a6a404c2.jpeg?imageslim,AcFun,周榜,week,hotlist,,2026-09-26 00:24:58
36,网络上常见的热门短视频集锦   第三千四百三十九期,审核大大辛苦了！<br/>谢谢每一个投蕉的帅哥美女！香蕉没有来个赞也好啊！<br/>视频来自快手等平台，侵权联系删除！,4052,https://www.acfun.cn/v/ac48859518,https://tx-free-imgs.acfun.cn/newUpload/2176158_13f61f1aa39c4732bdaeed87fe0e28a4.gif?imageslim,AcFun,周榜,week,hotlist,,2026-09-26 00:24:58
37,拜托了，夫人！★手机竖屏2014★,审核大大辛苦了！<br/>谢谢每一个投蕉的帅哥美女！香蕉没有来个赞也好啊！<br/>视频来自快手等平台，侵权联系删除！,2985,https://www.acfun.cn/v/ac48871493,https://tx-free-imgs.acfun.cn/newUpload/2176158_afaf0913878443b1bc00d636136ffce3.gif?imageslim,AcFun,周榜,week,hotlist,,2026-09-26 00:24:58
38,一天生产500万个！速冻水饺是如何制造出来的？,,2163,https://www.acfun.cn/v/ac48859253,https://tx-free-imgs.acfun.cn/newUpload/19281632_57f07fe28e24422d948491fd2d43586c.jpeg?imageslim,AcFun,周榜,week,hotlist,,2026-09-26 00:24:58
39,今天你不能嫁出去【今天有什么好笑的 #2514】,：)，谢谢大家，祝你们开心。<br/>wallpaper壁纸：Fading Astronaut 5K (update)<br/>BGM：I Want It That Way,2895,https://www.acfun.cn/v/ac48865864,https://tx-free-imgs.acfun.cn/newUpload/383079_ee4f5f7badf74f05a2ef6c691387f327.gif?imageslim,AcFun,周榜,week,hotlist,,2026-09-26 00:24:58
40,单纯的约会（92）,,1818,https://www.acfun.cn/v/ac48857199,https://tx-free-imgs.acfun.cn/newUpload/74706824_a3a60d77e6934225b168686e44216c4b.png?imageslim,AcFun,周榜,week,hotlist,,2026-09-26 00:24:58
41,【东方】推特东方小视频选集 第272期,睡觉睡觉睡觉睡觉睡觉睡觉睡觉睡觉睡觉睡觉……,1403,https://www.acfun.cn/v/ac48858830,https://tx-free-imgs.acfun.cn/newUpload/6102_5a13d6efeec742ff84c512206aaeb7b0.jpeg?imageslim,AcFun,周榜,week,hotlist,,2026-09-26 00:24:58
42,甜妹来袭！,,2163,https://www.acfun.cn/v/ac48863947,https://tx-free-imgs.acfun.cn/newUpload/12439728_1fd5a3c6e60241a1a1cd8f89dbede769.png?imageslim,AcFun,周榜,week,hotlist,,2026-09-26 00:24:58
43,网络上常见的热门短视频集锦   第三千四百四十三期,审核大大辛苦了！<br/>谢谢每一个投蕉的帅哥美女！香蕉没有来个赞也好啊！<br/>视频来自快手等平台，侵权联系删除！,3651,https://www.acfun.cn/v/ac48864363,https://tx-free-imgs.acfun.cn/newUpload/2176158_dfef22dbf6934a15a594e5766b8680ca.gif?imageslim,AcFun,周榜,week,hotlist,,2026-09-26 00:24:58
44,嘴角压不住了【今天有什么好笑的 #2515】,：），谢谢大家的投蕉和点赞，祝你开心愉快~<br/>wallpaper壁纸：Genshin 神里绫华<br/>BGM：Wake me up when september ends,2422,https://www.acfun.cn/v/ac48868130,https://tx-free-imgs.acfun.cn/newUpload/383079_ef65121591434d2b86d53db1622776cd.gif?imageslim,AcFun,周榜,week,hotlist,,2026-09-26 00:24:58
45,嘞个就是爱情【今天有什么好笑的 #2512】,：），谢谢大家的投蕉和点赞，祝你开心愉快~<br/>wallpaper壁纸：lamp<br/>BGM：What a Feeling,2449,https://www.acfun.cn/v/ac48860992,https://tx-free-imgs.acfun.cn/newUpload/383079_172d192fee55441c96b7352f61e0a25f.gif?imageslim,AcFun,周榜,week,hotlist,,2026-09-26 00:24:58
46,网络上常见的热门短视频集锦   第三千四百四十四期,审核大大辛苦了！<br/>谢谢每一个投蕉的帅哥美女！香蕉没有来个赞也好啊！<br/>视频来自快手等平台，侵权联系删除！,3547,https://www.acfun.cn/v/ac48865021,https://tx-free-imgs.acfun.cn/newUpload/2176158_663463f1e6004dc2b4dea153d1e60c05.gif?imageslim,AcFun,周榜,week,hotlist,,2026-09-26 00:24:58
47,网络上常见的热门短视频集锦   第三千四百三十七期,审核大大辛苦了！<br/>谢谢每一个投蕉的帅哥美女！香蕉没有来个赞也好啊！<br/>视频来自快手等平台，侵权联系删除！,3675,https://www.acfun.cn/v/ac48857544,https://tx-free-imgs.acfun.cn/newUpload/2176158_65f1d403dce7484b8d62b6f272bdbe31.gif?imageslim,AcFun,周榜,week,hotlist,,2026-09-26 00:24:58
48,姛姛？！蝴蝶耳机Manget中文翻唱【箐羽Hane】x【缇若柯Teivoc】,“是否你确实表里如一淡然，还是说你——并不似我贪婪？”<br/>《Manget》磁石 / 蝴蝶耳机 - 中文翻唱<br/>原作作曲 / 流星P<br/>曲绘&翻唱 / 箐羽hane & 缇若柯Teivoc<br/>中文填词 / 果汁凉菜<br/>混音 / 风尘<br/>和笋笋一起唱了我们二次元姛神曲！曲绘也是我和笋笋每个人负责了自己的部分最后再拼到一起的！真好！( *^ ^)o(^ ^* )希望大家也能喜欢！,1614,https://www.acfun.cn/v/ac48869340,https://tx-free-imgs.acfun.cn/newUpload/67511609_d868cdbd6b1849e8958696cdc9db1493.jpeg?imageslim,AcFun,周榜,week,hotlist,,2026-09-26 00:24:58
49,厨师长分享制作“宫保鸡丁”的三大要素：腌制、调味及火候,,2133,https://www.acfun.cn/v/ac48863018,https://tx-free-imgs.acfun.cn/newUpload/13274260_803e1613305b460d878594c16c1c5a87.jpeg?imageslim,AcFun,周榜,week,hotlist,,2026-09-26 00:24:58
50,现在电脑不好卖了，以后我们出租AI机器人吧,,2157,https://www.acfun.cn/v/ac48867767,https://tx-free-imgs.acfun.cn/newUpload/17928_c684f06231604145b533a0f00627c624.png?imageslim,AcFun,周榜,week,hotlist,,2026-09-26 00:24:58
1,娃：真遗憾，本来打算亲自告诉你们的,嘿嘿希望大家都万事顺意～心想事成,4196,https://www.acfun.cn/v/ac48871740,https://tx-free-imgs.acfun.cn/newUpload/17062172_d1a93166ed084e3aadac2fea4bba0707.jpg?imageslim,AcFun,日榜,day,hotlist,,2026-09-26 01:19:21
2,裸足圆脸仙女下凡～跳一曲千里邀月【可心喵】,,2051,https://www.acfun.cn/v/ac48872448,https://tx-free-imgs.acfun.cn/newUpload/12892608_6691690fd8e944278bda5d5390e1e5a9.jpg?imageslim,AcFun,日榜,day,hotlist,,2026-09-26 01:19:21
3,拜托了，夫人！★手机竖屏2014★,审核大大辛苦了！<br/>谢谢每一个投蕉的帅哥美女！香蕉没有来个赞也好啊！<br/>视频来自快手等平台，侵权联系删除！,3076,https://www.acfun.cn/v/ac48871493,https://tx-free-imgs.acfun.cn/newUpload/2176158_afaf0913878443b1bc00d636136ffce3.gif?imageslim,AcFun,日榜,day,hotlist,,2026-09-26 01:19:21
4,【锅锅x怀瑜x阔落】千里邀月——共饮此杯赏此月，夜好眠,中秋到了，和姐妹们合唱了千里邀月~~<br/>乐：可乐祝大家身体健康，永不加班，月圆人团圆<br/>鱼：怀瑜愿诸位财源广进，常能摸鱼，花好月更圆<br/>锅：锅锅祝大家桂香满锅，早归赏月，饼甜心更甜<br/>祝大家中秋快乐~,1711,https://www.acfun.cn/v/ac48871580,https://tx-free-imgs.acfun.cn/newUpload/67206930_e47be8dbac2546e1b5a4a831e71dabe4.jpeg?imageslim,AcFun,日榜,day,hotlist,,2026-09-26 01:19:21
5,和我一起健身吧！！！欢乐八点档-1783,审核大大辛苦了！<br/>免费的香蕉投一下吧，没有那就点个赞吧，这对我来说很重要，谢谢！！！<br/>谢谢每一个投蕉的帅哥美女！你们是我坚持更新的动力！<br/>视频来自快手等平台，侵权联系删除！,1942,https://www.acfun.cn/v/ac48872699,https://tx-free-imgs.acfun.cn/newUpload/2176158_e379c7202d2e43029e07ad17f40cab19.gif?imageslim,AcFun,日榜,day,hotlist,,2026-09-26 01:19:21
6,女妖邪神凶宅索命，最惨主角逆天求生！克系神游《魔女屋中之梦》像素恐怖游戏详细讲述【深夜档】,如何在60天内，让洛夫克拉夫特小说中惨死的倒霉主角逆天改命？这位芬兰作者打造了一部又硬核又忠实的优秀克苏鲁游戏！入住阿卡姆百年凶宅的凡人主角沃尔特·吉尔曼，接连遭到人脸妖鼠，恐怖女巫，不可名状外神的侵袭。白天钻研神秘学知识，梦中游历邪恶异星。他将与密斯卡托尼克大学最强战神亨利·阿米蒂奇教授联手对抗邪神降世！这是一部真正将洛氏“宇宙恐怖”带入到日常，并忠实于原著的游戏，自由度超高且信息量惊人！我将细致地带各位体验这跌宕起伏的60天，看弱小的主角如何起死回生并拯救世界！,1259,https://www.acfun.cn/v/ac48872418,https://tx-free-imgs.acfun.cn/newUpload/817797_2631b7cf26c14c2fbbfb062962a775be.jpeg?imageslim,AcFun,日榜,day,hotlist,,2026-09-26 01:19:21
7,网络上常见的热门短视频集锦   第三千四百四十九期,审核大大辛苦了！<br/>谢谢每一个投蕉的帅哥美女！香蕉没有来个赞也好啊！<br/>视频来自快手等平台，侵权联系删除！,2457,https://www.acfun.cn/v/ac48871496,https://tx-free-imgs.acfun.cn/newUpload/2176158_cf20f7722011491da25ce2efbc799dba.gif?imageslim,AcFun,日榜,day,hotlist,,2026-09-26 01:19:21
8,网络上常见的热门短视频集锦   第三千四百五十期,审核大大辛苦了！<br/>谢谢每一个投蕉的帅哥美女！香蕉没有来个赞也好啊！<br/>视频来自快手等平台，侵权联系删除！,2363,https://www.acfun.cn/v/ac48872279,https://tx-free-imgs.acfun.cn/newUpload/2176158_a96ecd95394b4517928ac111407f75b1.gif?imageslim,AcFun,日榜,day,hotlist,,2026-09-26 01:19:21
9,【颜音】中秋歌回~祝大家节日快乐,皓月凌空，桂香满庭。<br/>愿今夜歌声暖心，祝各位中秋快乐，阖家美满！,1417,https://www.acfun.cn/v/ac48872065,https://tx-free-imgs.acfun.cn/newUpload/4425861_3dab8cdf19a74bf6accbdcd688cd9b6a.jpeg?imageslim,AcFun,日榜,day,hotlist,,2026-09-26 01:19:21
10,【4K超高清】「JOJO的奇妙冒险 飙马野郎」第2话,,4372,https://www.acfun.cn/v/ac48872740,https://tx-free-imgs.acfun.cn/newUpload/72840608_a526e08904d049d2b38ce5f38bd71e63.jpeg?imageslim,AcFun,日榜,day,hotlist,,2026-09-26 01:19:21
11,【东方/汉化】咲夜带你了解汉字【MMD搞笑小剧场】,作者：クローバー,1131,https://www.acfun.cn/v/ac48872652,https://tx-free-imgs.acfun.cn/newUpload/6102_8b2072189ecb4044a7de95bb450d02ed.jpeg?imageslim,AcFun,日榜,day,hotlist,,2026-09-26 01:19:21
12,短裙挑战！超长翻跳一次看个够~【生日作】,,1286,https://www.acfun.cn/v/ac48872675,https://tx-free-imgs.acfun.cn/newUpload/32485245_415db634556140d1841e2ebb4c0d9371.jpeg?imageslim,AcFun,日榜,day,hotlist,,2026-09-26 01:19:21
13,望眼欲穿【今天有什么好笑的 #2517】,：），谢谢大家的投蕉和点赞，祝你开心愉快~<br/>Wallpaper壁纸：雪山与女孩<br/>Bgm：あのね。,1697,https://www.acfun.cn/v/ac48872647,https://tx-free-imgs.acfun.cn/newUpload/383079_40beb913fd1a44d3afa053553d53b466.gif?imageslim,AcFun,日榜,day,hotlist,,2026-09-26 01:19:21
14,两段不伦恋 15年复仇路《老男孩》吴大秀我的折磨可是一辈子,本期带来《老男孩》50分钟 国庆要到了，铁粉都知道背包住在网红街道 小长假根本没法做节目，阿杰提意带着各自父母一起出去玩几天 所以这几天会加急看看能不能赶出来一期，实再不行就小长假后更新咯，中秋国庆都祝小伙伴开心快乐！,1108,https://www.acfun.cn/v/ac48871285,https://tx-free-imgs.acfun.cn/newUpload/6894185_ab259859c7df40d1b092d2e828bf38e5.jpeg?imageslim,AcFun,日榜,day,hotlist,,2026-09-26 01:19:21
15,我终于明白什么都不缺的含金量！,,1161,https://www.acfun.cn/v/ac48872781,https://tx-free-imgs.acfun.cn/newUpload/6177430_06f5f9b03edd4f73a3dfeba4cf78db16.jpeg?imageslim,AcFun,日榜,day,hotlist,,2026-09-26 01:19:21
16,今夜的风悄悄月悄悄~,,1137,https://www.acfun.cn/v/ac48873434,https://tx-free-imgs.acfun.cn/newUpload/23512715_0f364b6606dd467ab9975ffef5af1b29.jpg?imageslim,AcFun,日榜,day,hotlist,,2026-09-26 01:19:21
17,空姐OL~第57次取消发送,中秋节快乐,1492,https://www.acfun.cn/v/ac48872674,https://tx-free-imgs.acfun.cn/newUpload/14539629_46621bdc88a44c63be63172c5ba6cb6a.jpeg?imageslim,AcFun,日榜,day,hotlist,,2026-09-26 01:19:21
18,如果我和她恋爱的话……,,1220,https://www.acfun.cn/v/ac48871545,https://tx-free-imgs.acfun.cn/newUpload/2277346_de526594356a4c9f90b71bf5823054e6.jpg?imageslim,AcFun,日榜,day,hotlist,,2026-09-26 01:19:21
19,“原来和思念的人相见，就是人们常说的团圆” | 愿年年有今夜《妙妙人间》,「愿岁岁年年有此夜。」<br/>To : 虽然隔着屏幕，但同一轮月亮也让我们团圆在这里。中秋快乐呀~<br/>==========<br/>《妙妙人间》<br/>原唱：张含韵<br/>混音：饭団子p<br/>翻唱&视频：露纱琳黛,1071,https://www.acfun.cn/v/ac48871599,https://tx-free-imgs.acfun.cn/newUpload/69790459_0b53ce48e1c7437c9bdd3cf45d53de8f.jpeg?imageslim,AcFun,日榜,day,hotlist,,2026-09-26 01:19:21
20,【绘画过程】9月保底《金秋》,大家中秋快乐！<br/>本月的保底是百贴布~ 某宝同步预售。,1484,https://www.acfun.cn/v/ac48872808,https://tx-free-imgs.acfun.cn/newUpload/179922_630934cb2f3245e5a4a4020570f61eca.png?imageslim,AcFun,日榜,day,hotlist,,2026-09-26 01:19:21
21,【官方中字】SBR JOJO的奇妙冒险 飙马野郎 2nd＆3rd STAGE 第二集,,1614,https://www.acfun.cn/v/ac48872883,https://tx-free-imgs.acfun.cn/newUpload/30501027_27e89cd7cd684f01a120b8ec666a3896.png?imageslim,AcFun,日榜,day,hotlist,,2026-09-26 01:19:21
22,【1080P.奇幻冒险】JOJO的奇妙冒险 飙马野郎 (2026)第七季 第二集,1890年，一场世纪大赛“SBR”于美国举开。全长共6000公里，是人类史上第一场骑乘马匹横越北美大陆的比赛！为了拿下高达5千万美元（60亿日元）的冠军奖金，一群强悍的冒险家们正式展开了他们的争战！,1769,https://www.acfun.cn/v/ac48872840,https://tx-free-imgs.acfun.cn/newUpload/903432_bb4a52ee7e3e42cc853e5ff0b8a21e0d.png?imageslim,AcFun,日榜,day,hotlist,,2026-09-26 01:19:21
23,香煎盐焗鸡｜简单到不可能失败，外焦里嫩巨好吃,,1102,https://www.acfun.cn/v/ac48870521,https://tx-free-imgs.acfun.cn/newUpload/1383198_a8487ee2fe9849dc9807f9da5d193fb1.jpeg?imageslim,AcFun,日榜,day,hotlist,,2026-09-26 01:19:21
24,【柯基】《金风玉露》～～～晚风啊～～～,,1141,https://www.acfun.cn/v/ac48872627,https://tx-free-imgs.acfun.cn/newUpload/29493245_88171143b6bd4aa6885743ffe64d6584.png?imageslim,AcFun,日榜,day,hotlist,,2026-09-26 01:19:21
25,新肤色超辣！,,1275,https://www.acfun.cn/v/ac48863964,https://tx-free-imgs.acfun.cn/newUpload/12439728_70c7284ba2724c048fb5266f61c33e34.png?imageslim,AcFun,日榜,day,hotlist,,2026-09-26 01:19:21
26,三周摧毁美国东海岸，绿色流感为何无法阻止？【求生之路剧情解析+涂鸦翻译】,刺骨寒溪和最后一战的涂鸦和官方剧情联系不大，因此没有放在视频中；<br/>前面的内容感觉都有点多余，最后的涂鸦翻译才是本体。<br/><br/>,1209,https://www.acfun.cn/v/ac48867996,https://tx-free-imgs.acfun.cn/newUpload/1020536_15195e7242e247fb9dc7a625a61a3662.jpeg?imageslim,AcFun,日榜,day,hotlist,,2026-09-26 01:19:21
27,想和你一起赏月𐔌՞ ܸ.ˬ.ܸ՞𐦯千里邀月,,1028,https://www.acfun.cn/v/ac48873207,https://tx-free-imgs.acfun.cn/newUpload/57336445_c7d705d3782c4b0193b62c6d02e43748.jpg?imageslim,AcFun,日榜,day,hotlist,,2026-09-26 01:19:21
28,卓哥儿那可是专业杰哥，人群之中七进七出不成问题！,自定义也发？,1507,https://www.acfun.cn/v/ac48871816,https://tx-free-imgs.acfun.cn/newUpload/581357_d49b41a0e554440db6952de719b3f832.jpeg?imageslim,AcFun,日榜,day,hotlist,,2026-09-26 01:19:21
29,中秋节快乐呀！！,,1030,https://www.acfun.cn/v/ac48872753,https://tx-free-imgs.acfun.cn/newUpload/25756908_e40f0ac3bdb34aa6a05629d19ec12f7c.png?imageslim,AcFun,日榜,day,hotlist,,2026-09-26 01:19:21
30,【夏雅】Don t let go of my hand.,,1354,https://www.acfun.cn/v/ac48873108,https://tx-free-imgs.acfun.cn/newUpload/16279345_4e8e1897539648e8869f4815f9bd1572.jpg?imageslim,AcFun,日榜,day,hotlist,,2026-09-26 01:19:21
31,拼凑的断音,动作有做方向上的一些改动等<br/>歌曲：拼凑的断音-（舞蹈：あおい aoi とみたけ tomitake）,1092,https://www.acfun.cn/v/ac48871758,https://tx-free-imgs.acfun.cn/newUpload/12229455_ccda2f5ac69244d1aa813dc04c9a63d5.jpeg?imageslim,AcFun,日榜,day,hotlist,,2026-09-26 01:19:21
32,Acfun评论才是本体啊2026年8月和九月,香蕉点赞来一点哦，,826,https://www.acfun.cn/v/ac48872845,https://tx-free-imgs.acfun.cn/newUpload/36839617_4ce9b7b878c344edbc971706d81900cc.jpeg?imageslim,AcFun,日榜,day,hotlist,,2026-09-26 01:19:21
33,石头剪刀布卖个萌,难得假期来凡人线下嘉年华cos了一下银月，玩得很开心，不知道有没有碰到我的道友～,1044,https://www.acfun.cn/v/ac48873212,https://tx-free-imgs.acfun.cn/newUpload/12229455_c6e4220d0d7c41e2b5d489a9386cbe72.png?imageslim,AcFun,日榜,day,hotlist,,2026-09-26 01:19:21
34,【猪肝来也】one love,,1040,https://www.acfun.cn/v/ac48873230,https://tx-free-imgs.acfun.cn/newUpload/4599324_253057be5bbe40d1b82d24222d803ec4.jpg?imageslim,AcFun,日榜,day,hotlist,,2026-09-26 01:19:21
35,【绝望女神/翻唱】【火影忍者 ED1 Wind】,想听啥继续评论回复~,880,https://www.acfun.cn/v/ac48873021,https://tx-free-imgs.acfun.cn/newUpload/20705199_4163259e9c314ff193a9aac80be14188.jpeg?imageslim,AcFun,日榜,day,hotlist,,2026-09-26 01:19:21
36,十几万买台“莲花”，行吗？,,1070,https://www.acfun.cn/v/ac48872934,https://tx-free-imgs.acfun.cn/newUpload/14288157_b6f51fa0cabc4a0fa6b69c8bffff34ea.jpeg?imageslim,AcFun,日榜,day,hotlist,,2026-09-26 01:19:21
37,恶魔想成为你的家人！请交出性命！阴间电视台！越南模拟恐怖APTV EP6,喜欢记得关注五蕉~谢谢支持~！,826,https://www.acfun.cn/v/ac48871608,https://tx-free-imgs.acfun.cn/newUpload/26364938_c8b3f3a89c5d45989f596c7abadfe5de.jpeg?imageslim,AcFun,日榜,day,hotlist,,2026-09-26 01:19:21
38,明月几时有？我想有时就有～,,979,https://www.acfun.cn/v/ac48872948,https://tx-free-imgs.acfun.cn/newUpload/31922015_3de6c615f9d24a4ab766c9c22f19d8ed.jpg?imageslim,AcFun,日榜,day,hotlist,,2026-09-26 01:19:21
39,「Super8」《如烟》大家中秋快乐鸭～,原唱：五月天<br/>翻唱：把超人<br/>混音：废废哟<br/>视频：星马豪<br/>录了有一段时间的歌咧，五月天的歌里算很喜欢的一首，词非常喜欢，祝大家中秋快乐哟～,825,https://www.acfun.cn/v/ac48872351,https://tx-free-imgs.acfun.cn/newUpload/301519_95463a4627374a178e3b102bc74e8bcf.jpeg?imageslim,AcFun,日榜,day,hotlist,,2026-09-26 01:19:21
40,这身衣服跳什么都好帅啊！哈哈哈,,1063,https://www.acfun.cn/v/ac48872819,https://tx-free-imgs.acfun.cn/newUpload/16380981_3be481ccc3bd44c3a12928fa1f84b25e.png?imageslim,AcFun,日榜,day,hotlist,,2026-09-26 01:19:21
41,十月新番最爽厕纸！男主化身黄毛！转生夺走原主的女友们！？,十月新番最爽厕纸！男主化身黄毛！转生夺走原主的女友们！？,1086,https://www.acfun.cn/v/ac48873035,https://tx-free-imgs.acfun.cn/newUpload/13467496_1abceb83c1454743bcb9d4abcf823669.jpeg?imageslim,AcFun,日榜,day,hotlist,,2026-09-26 01:19:21
42,告女子书！,,1034,https://www.acfun.cn/v/ac48872722,https://tx-free-imgs.acfun.cn/newUpload/16380981_45b2d4d6fdb34b34876bc5e8fcdaca47.png?imageslim,AcFun,日榜,day,hotlist,,2026-09-26 01:19:21
43,白井黑子·佐天泪子 中秋月色双人手势舞【AI动画/超清】,本人本地部署的AI生成图片视频模型制作，硬件英伟达显卡RTX5070TI 16G+96G DDR5 6000内存，花费2小时合成.<br/>这次引入新的二次元动漫人物模型，二次元脸部质量效果会更好些，同时步数可以适当降低，降本增效。引入后期处理工具修复强化背景<br/><br/>人物：佐天泪子 白井黑子<br/>舞蹈技术与BGM：网红手势舞<br/>场景：中秋月色,1156,https://www.acfun.cn/v/ac48871101,https://tx-free-imgs.acfun.cn/newUpload/46764084_397c08849b344139b09a46fb71f814b3.png?imageslim,AcFun,日榜,day,hotlist,,2026-09-26 01:19:21
44,open the door,,1164,https://www.acfun.cn/v/ac48873110,https://tx-free-imgs.acfun.cn/newUpload/79951_cacbb88182cb435a99a97d446363fa53.jpg?imageslim,AcFun,日榜,day,hotlist,,2026-09-26 01:19:21
45,又何尝不是一种很新的花灯...,胶佬过中秋有自己的灯笼！其实是万代的MEGX独角兽换了灯组嘻嘻～双节快乐！,1024,https://www.acfun.cn/v/ac48873084,https://tx-free-imgs.acfun.cn/newUpload/13449743_b5143a98667f48bdb3f046459ee13864.jpeg?imageslim,AcFun,日榜,day,hotlist,,2026-09-26 01:19:21
46,嘀，纣王体验卡,,1094,https://www.acfun.cn/v/ac48872737,https://tx-free-imgs.acfun.cn/newUpload/77181154_7c7593de7b584caebd43b4bb4e8dc517.png?imageslim,AcFun,日榜,day,hotlist,,2026-09-26 01:19:21
47,【甲鱼的旅法十年】迷你专辑《心之所往的创作背景,,646,https://www.acfun.cn/v/ac48872771,https://tx-free-imgs.acfun.cn/newUpload/44128996_e3793329f00e48dc80645b417f8ea4d9.png?imageslim,AcFun,日榜,day,hotlist,,2026-09-26 01:19:21
48,真嫩啊，这鱼头肉,干饭,1034,https://www.acfun.cn/v/ac48872520,https://tx-free-imgs.acfun.cn/newUpload/25980011_e06de3d5eb114677b4b50284d921f33c.png?imageslim,AcFun,日榜,day,hotlist,,2026-09-26 01:19:21
49,绝顶性感黑丝兔女郎｜大摆锤舞蹈翻跳正面版,,1179,https://www.acfun.cn/v/ac48872667,https://tx-free-imgs.acfun.cn/newUpload/28629507_7fbcce0fdec9424f9538c9354fd61371.png?imageslim,AcFun,日榜,day,hotlist,,2026-09-26 01:19:21
50,"宙斯神王也会是这战绩？快速看完一局韩服王者斗殴局#837 Zeus, Racoon, Clozer,","宙斯神王也会是这战绩？快速看完一局韩服王者斗殴局#837 Zeus, Racoon, Clozer, Wenbo, Canyon, 叶秋枫 <br/>BGM:https://music.163.com/playlist?id=650818240&userid=30476594",1113,https://www.acfun.cn/v/ac48865858,https://tx-free-imgs.acfun.cn/newUpload/1378726_0477a53ac6df4eb3b611b241b6a08941.jpeg?imageslim,AcFun,日榜,day,hotlist,,2026-09-26 01:19:21
1,是谁点的小恶魔，蕉出来～,,6197,https://www.acfun.cn/v/ac48867778,https://tx-free-imgs.acfun.cn/newUpload/17062172_6098fee67d1748e0ab5dab3b5665736c.jpg?imageslim,AcFun,三日榜,three-days,hotlist,,2026-09-26 01:19:21
2,娃：真遗憾，本来打算亲自告诉你们的,嘿嘿希望大家都万事顺意～心想事成,4196,https://www.acfun.cn/v/ac48871740,https://tx-free-imgs.acfun.cn/newUpload/17062172_d1a93166ed084e3aadac2fea4bba0707.jpg?imageslim,AcFun,三日榜,three-days,hotlist,,2026-09-26 01:19:21
3,《野生动物迷惑行为》,喜欢请投蕉啊   谢谢啦！,2889,https://www.acfun.cn/v/ac48868360,https://tx-free-imgs.acfun.cn/newUpload/1342385_3fab348c538e4c0fa001871a708fe302.jpeg?imageslim,AcFun,三日榜,three-days,hotlist,,2026-09-26 01:19:21
4,漫威金刚狼深陷争议！SweetBaby又毁一款？【绅批】,这算是DEI的历史遗留问题了，所有现在已经从sweetbaby离职的人，只要参与过游戏制作也会被署名（比如桥本和真）,2918,https://www.acfun.cn/v/ac48868810,https://tx-free-imgs.acfun.cn/newUpload/526850_ca1da1572b1d494a93e2f6bab46cf76b.jpeg?imageslim,AcFun,三日榜,three-days,hotlist,,2026-09-26 01:19:21
5,因为害怕被讨厌 所以把自己藏起来了,,3164,https://www.acfun.cn/v/ac48871331,https://tx-free-imgs.acfun.cn/newUpload/11361784_3d4bd69b46f541e184c2922c24f09276.jpg?imageslim,AcFun,三日榜,three-days,hotlist,,2026-09-26 01:19:21
6,我真的是来吃饭的！★手机竖屏2013★,审核大大辛苦了！<br/>谢谢每一个投蕉的帅哥美女！香蕉没有来个赞也好啊！<br/>视频来自快手等平台，侵权联系删除！,3866,https://www.acfun.cn/v/ac48869145,https://tx-free-imgs.acfun.cn/newUpload/2176158_eb4b69370b8f435aa2b171e72403d356.gif?imageslim,AcFun,三日榜,three-days,hotlist,,2026-09-26 01:19:21
7,裸足圆脸仙女下凡～跳一曲千里邀月【可心喵】,,2051,https://www.acfun.cn/v/ac48872448,https://tx-free-imgs.acfun.cn/newUpload/12892608_6691690fd8e944278bda5d5390e1e5a9.jpg?imageslim,AcFun,三日榜,three-days,hotlist,,2026-09-26 01:19:21
8,mr chu!!好怀念这首歌,,2116,https://www.acfun.cn/v/ac48869375,https://tx-free-imgs.acfun.cn/newUpload/16380981_19592eb83a88429695ee1a0508fc3df0.png?imageslim,AcFun,三日榜,three-days,hotlist,,2026-09-26 01:19:21
9,拳击好啊，拳击得学！欢乐八点档-1781,审核大大辛苦了！<br/>免费的香蕉投一下吧，没有那就点个赞吧，这对我来说很重要，谢谢！！！<br/>谢谢每一个投蕉的帅哥美女！你们是我坚持更新的动力！<br/>视频来自快手等平台，侵权联系删除！,4147,https://www.acfun.cn/v/ac48868336,https://tx-free-imgs.acfun.cn/newUpload/2176158_3f6c601293a54468bae97f781440217b.gif?imageslim,AcFun,三日榜,three-days,hotlist,,2026-09-26 01:19:21
10,这样的学姐喜欢吗？欢乐八点档-1782,审核大大辛苦了！<br/>免费的香蕉投一下吧，没有那就点个赞吧，这对我来说很重要，谢谢！！！<br/>谢谢每一个投蕉的帅哥美女！你们是我坚持更新的动力！<br/>视频来自快手等平台，侵权联系删除！,3778,https://www.acfun.cn/v/ac48870057,https://tx-free-imgs.acfun.cn/newUpload/2176158_4c1f3b60f73e451abc443941d47305d8.gif?imageslim,AcFun,三日榜,three-days,hotlist,,2026-09-26 01:19:21
11,网络上常见的热门短视频集锦   第三千四百四十五期,审核大大辛苦了！<br/>谢谢每一个投蕉的帅哥美女！香蕉没有来个赞也好啊！<br/>视频来自快手等平台，侵权联系删除！,3943,https://www.acfun.cn/v/ac48866824,https://tx-free-imgs.acfun.cn/newUpload/2176158_dba921eb42f14c7ba31a1af83bfe71ce.gif?imageslim,AcFun,三日榜,three-days,hotlist,,2026-09-26 01:19:21
12,空中瑜伽！！！★手机竖屏2012★,审核大大辛苦了！<br/>谢谢每一个投蕉的帅哥美女！香蕉没有来个赞也好啊！<br/>视频来自快手等平台，侵权联系删除！,4448,https://www.acfun.cn/v/ac48866821,https://tx-free-imgs.acfun.cn/newUpload/2176158_610807af48f5463a891fc9f341c9b16f.gif?imageslim,AcFun,三日榜,three-days,hotlist,,2026-09-26 01:19:21
13,拜托了，夫人！★手机竖屏2014★,审核大大辛苦了！<br/>谢谢每一个投蕉的帅哥美女！香蕉没有来个赞也好啊！<br/>视频来自快手等平台，侵权联系删除！,3076,https://www.acfun.cn/v/ac48871493,https://tx-free-imgs.acfun.cn/newUpload/2176158_afaf0913878443b1bc00d636136ffce3.gif?imageslim,AcFun,三日榜,three-days,hotlist,,2026-09-26 01:19:21
14,厨师长教你：“鱼香肉丝”的家常做法，酸甜微辣，口感丰富,,2046,https://www.acfun.cn/v/ac48867741,https://tx-free-imgs.acfun.cn/newUpload/13274260_93e68d1098d04ffca2683655a6a404c2.jpeg?imageslim,AcFun,三日榜,three-days,hotlist,,2026-09-26 01:19:21
15,嘴角压不住了【今天有什么好笑的 #2515】,：），谢谢大家的投蕉和点赞，祝你开心愉快~<br/>wallpaper壁纸：Genshin 神里绫华<br/>BGM：Wake me up when september ends,2425,https://www.acfun.cn/v/ac48868130,https://tx-free-imgs.acfun.cn/newUpload/383079_ef65121591434d2b86d53db1622776cd.gif?imageslim,AcFun,三日榜,three-days,hotlist,,2026-09-26 01:19:21
16,姛姛？！蝴蝶耳机Manget中文翻唱【箐羽Hane】x【缇若柯Teivoc】,“是否你确实表里如一淡然，还是说你——并不似我贪婪？”<br/>《Manget》磁石 / 蝴蝶耳机 - 中文翻唱<br/>原作作曲 / 流星P<br/>曲绘&翻唱 / 箐羽hane & 缇若柯Teivoc<br/>中文填词 / 果汁凉菜<br/>混音 / 风尘<br/>和笋笋一起唱了我们二次元姛神曲！曲绘也是我和笋笋每个人负责了自己的部分最后再拼到一起的！真好！( *^ ^)o(^ ^* )希望大家也能喜欢！,1617,https://www.acfun.cn/v/ac48869340,https://tx-free-imgs.acfun.cn/newUpload/67511609_d868cdbd6b1849e8958696cdc9db1493.jpeg?imageslim,AcFun,三日榜,three-days,hotlist,,2026-09-26 01:19:21
17,【锅锅x怀瑜x阔落】千里邀月——共饮此杯赏此月，夜好眠,中秋到了，和姐妹们合唱了千里邀月~~<br/>乐：可乐祝大家身体健康，永不加班，月圆人团圆<br/>鱼：怀瑜愿诸位财源广进，常能摸鱼，花好月更圆<br/>锅：锅锅祝大家桂香满锅，早归赏月，饼甜心更甜<br/>祝大家中秋快乐~,1711,https://www.acfun.cn/v/ac48871580,https://tx-free-imgs.acfun.cn/newUpload/67206930_e47be8dbac2546e1b5a4a831e71dabe4.jpeg?imageslim,AcFun,三日榜,three-days,hotlist,,2026-09-26 01:19:21
18,现在电脑不好卖了，以后我们出租AI机器人吧,,2195,https://www.acfun.cn/v/ac48867767,https://tx-free-imgs.acfun.cn/newUpload/17928_c684f06231604145b533a0f00627c624.png?imageslim,AcFun,三日榜,three-days,hotlist,,2026-09-26 01:19:21
19,和我一起健身吧！！！欢乐八点档-1783,审核大大辛苦了！<br/>免费的香蕉投一下吧，没有那就点个赞吧，这对我来说很重要，谢谢！！！<br/>谢谢每一个投蕉的帅哥美女！你们是我坚持更新的动力！<br/>视频来自快手等平台，侵权联系删除！,1942,https://www.acfun.cn/v/ac48872699,https://tx-free-imgs.acfun.cn/newUpload/2176158_e379c7202d2e43029e07ad17f40cab19.gif?imageslim,AcFun,三日榜,three-days,hotlist,,2026-09-26 01:19:21
20,我要冲会员【今天有什么好笑的 #2516】,：），谢谢大家的投蕉和点赞，祝你开心愉快~<br/>wallpaper壁纸：Reze | Chainsaw Man<br/>BGM：Nicoleta Matei - Love mail<br/>,2461,https://www.acfun.cn/v/ac48870763,https://tx-free-imgs.acfun.cn/newUpload/383079_47b0fc3f458042f5bd3717967e55c598.gif?imageslim,AcFun,三日榜,three-days,hotlist,,2026-09-26 01:19:21
21,女妖邪神凶宅索命，最惨主角逆天求生！克系神游《魔女屋中之梦》像素恐怖游戏详细讲述【深夜档】,如何在60天内，让洛夫克拉夫特小说中惨死的倒霉主角逆天改命？这位芬兰作者打造了一部又硬核又忠实的优秀克苏鲁游戏！入住阿卡姆百年凶宅的凡人主角沃尔特·吉尔曼，接连遭到人脸妖鼠，恐怖女巫，不可名状外神的侵袭。白天钻研神秘学知识，梦中游历邪恶异星。他将与密斯卡托尼克大学最强战神亨利·阿米蒂奇教授联手对抗邪神降世！这是一部真正将洛氏“宇宙恐怖”带入到日常，并忠实于原著的游戏，自由度超高且信息量惊人！我将细致地带各位体验这跌宕起伏的60天，看弱小的主角如何起死回生并拯救世界！,1259,https://www.acfun.cn/v/ac48872418,https://tx-free-imgs.acfun.cn/newUpload/817797_2631b7cf26c14c2fbbfb062962a775be.jpeg?imageslim,AcFun,三日榜,three-days,hotlist,,2026-09-26 01:19:21
22,网络上常见的热门短视频集锦   第三千四百四十六期,审核大大辛苦了！<br/>谢谢每一个投蕉的帅哥美女！香蕉没有来个赞也好啊！<br/>视频来自快手等平台，侵权联系删除！,3679,https://www.acfun.cn/v/ac48867732,https://tx-free-imgs.acfun.cn/newUpload/2176158_2ec1d99da19a48e0a8e4ff2a2447e612.gif?imageslim,AcFun,三日榜,three-days,hotlist,,2026-09-26 01:19:21
23,网络上常见的热门短视频集锦   第三千四百四十八期,审核大大辛苦了！<br/>谢谢每一个投蕉的帅哥美女！香蕉没有来个赞也好啊！<br/>视频来自快手等平台，侵权联系删除！,3505,https://www.acfun.cn/v/ac48870020,https://tx-free-imgs.acfun.cn/newUpload/2176158_d65e54f4e9ee489b86b6fc28c31c84ee.gif?imageslim,AcFun,三日榜,three-days,hotlist,,2026-09-26 01:19:21
24,交通事故20260923：交通车祸实例，提高安全驾驶意识,,1446,https://www.acfun.cn/v/ac48868861,https://tx-free-imgs.acfun.cn/newUpload/76871961_edea5de6659a4cd2b733a74989043440.jpg?imageslim,AcFun,三日榜,three-days,hotlist,,2026-09-26 01:19:21
25,网络上常见的热门短视频集锦   第三千四百四十九期,审核大大辛苦了！<br/>谢谢每一个投蕉的帅哥美女！香蕉没有来个赞也好啊！<br/>视频来自快手等平台，侵权联系删除！,2457,https://www.acfun.cn/v/ac48871496,https://tx-free-imgs.acfun.cn/newUpload/2176158_cf20f7722011491da25ce2efbc799dba.gif?imageslim,AcFun,三日榜,three-days,hotlist,,2026-09-26 01:19:21
26,网络上常见的热门短视频集锦   第三千四百四十七期,审核大大辛苦了！<br/>谢谢每一个投蕉的帅哥美女！香蕉没有来个赞也好啊！<br/>视频来自快手等平台，侵权联系删除！,3234,https://www.acfun.cn/v/ac48869149,https://tx-free-imgs.acfun.cn/newUpload/2176158_fdf9afe2e00a4a1aa62415c846776eaf.gif?imageslim,AcFun,三日榜,three-days,hotlist,,2026-09-26 01:19:21
27,沦陷️,歌曲舞蹈：沦陷dj版-星奇摇   动作有改编,1734,https://www.acfun.cn/v/ac48869381,https://tx-free-imgs.acfun.cn/newUpload/12229455_aacf9da97a0940ad8e5f0b509d9cc159.jpeg?imageslim,AcFun,三日榜,three-days,hotlist,,2026-09-26 01:19:21
28,老板直聘（89）,,1648,https://www.acfun.cn/v/ac48868552,https://tx-free-imgs.acfun.cn/newUpload/74706824_db2c7ba15c5d4aa18872db6b0763b7ca.jpeg?imageslim,AcFun,三日榜,three-days,hotlist,,2026-09-26 01:19:21
29,人鱼的眼泪,歌曲舞蹈：爱乐之城-人鱼的眼泪,1557,https://www.acfun.cn/v/ac48867050,https://tx-free-imgs.acfun.cn/newUpload/12229455_130b1f041e6741dab4f6295ee27d927e.jpeg?imageslim,AcFun,三日榜,three-days,hotlist,,2026-09-26 01:19:21
30,常州新开巴西烤肉自助，100块钱值得吗？,这是我目前为止，去过的第二家巴西烤肉自助，团购优惠的情况下，花了94元。正常价格在95~110不等<br/><br/>简单带大家看下菜品，除了取餐台这么些，各种牛肉制品、大串烧烤都是循环上桌，大家觉得这么些菜式花样，100块钱左右你们觉得贵还是便宜啊，觉得贵的扣1，觉得便宜的扣2,1876,https://www.acfun.cn/v/ac48868891,https://tx-free-imgs.acfun.cn/newUpload/2046675_bf3a59ddff624646850829452262094e.jpeg?imageslim,AcFun,三日榜,three-days,hotlist,,2026-09-26 01:19:21
31,在英国差点被上门诈骗,可能看到我一人在家，就大胆敲门了，还好平常也会注意周边邻居，没发生什么事儿，这个金额就算被骗也不会报警，以后还是要小心一些了。#英国日常#vlog,1661,https://www.acfun.cn/v/ac48869505,https://tx-free-imgs.acfun.cn/newUpload/43181603_1c8c6c487a864d098b5e7e7bf2a12c6a.jpg?imageslim,AcFun,三日榜,three-days,hotlist,,2026-09-26 01:19:21
32,原创编舞《千层套路》的定机位竖屏来啦！,,1629,https://www.acfun.cn/v/ac48869245,https://tx-free-imgs.acfun.cn/newUpload/16380981_24bafd11c027499d9fe6820162faa782.png?imageslim,AcFun,三日榜,three-days,hotlist,,2026-09-26 01:19:21
33,【颜音】中秋歌回~祝大家节日快乐,皓月凌空，桂香满庭。<br/>愿今夜歌声暖心，祝各位中秋快乐，阖家美满！,1417,https://www.acfun.cn/v/ac48872065,https://tx-free-imgs.acfun.cn/newUpload/4425861_3dab8cdf19a74bf6accbdcd688cd9b6a.jpeg?imageslim,AcFun,三日榜,three-days,hotlist,,2026-09-26 01:19:21
34,北京的最北端在黑龙江？？？国内飞地是怎么形成的？,这份中国地图，是你从未看过的船新版本，放大几倍就会发现，在大家熟悉的各个省份中，还藏着一堆 “你中有我、我中有你” 的飞地。,1812,https://www.acfun.cn/v/ac48867896,https://tx-free-imgs.acfun.cn/newUpload/13630266_cc2428a99a42453f99c9e1306e7a43bb.jpeg?imageslim,AcFun,三日榜,three-days,hotlist,,2026-09-26 01:19:21
35,我要辞职了！,,1689,https://www.acfun.cn/v/ac48863957,https://tx-free-imgs.acfun.cn/newUpload/12439728_7c57a0735675474590bf7b25e1a34527.png?imageslim,AcFun,三日榜,three-days,hotlist,,2026-09-26 01:19:21
36,发个friend圈,,1533,https://www.acfun.cn/v/ac48863958,https://tx-free-imgs.acfun.cn/newUpload/12439728_b44cb67ae45a4c179b08227368f4159c.png?imageslim,AcFun,三日榜,three-days,hotlist,,2026-09-26 01:19:21
37,换你穿越三国乱世，你是起兵还是种田？,有没有宝贝和我一样，看三国的时候总在想，如果换我身在那个乱世，我会怎么样？是起兵争霸，还是归隐山林？ 或是是咱们可以选三国里有名的角色或者可以架空历史从素人做起，一统三国，那会怎么样?我最近就玩了这么一款游戏，一玩就是五个小时，根本停不下来，那今天来聊聊这款开放世界slg游戏《英雄立志传：三国志》~<br/>,1895,https://www.acfun.cn/v/ac48869043,https://tx-free-imgs.acfun.cn/newUpload/61352468_39715609bed041b98b21f3dbb482ad70.jpeg?imageslim,AcFun,三日榜,three-days,hotlist,,2026-09-26 01:19:21
38,网络上常见的热门短视频集锦   第三千四百五十期,审核大大辛苦了！<br/>谢谢每一个投蕉的帅哥美女！香蕉没有来个赞也好啊！<br/>视频来自快手等平台，侵权联系删除！,2363,https://www.acfun.cn/v/ac48872279,https://tx-free-imgs.acfun.cn/newUpload/2176158_a96ecd95394b4517928ac111407f75b1.gif?imageslim,AcFun,三日榜,three-days,hotlist,,2026-09-26 01:19:21
39,捏捏已经已进化到可以吃的地步啦？,,1629,https://www.acfun.cn/v/ac48868638,https://tx-free-imgs.acfun.cn/newUpload/6177430_486c910212d548c991eeb140f146a6ed.jpeg?imageslim,AcFun,三日榜,three-days,hotlist,,2026-09-26 01:19:21
40,奥迪“宫斗”十年大结局？一汽拿四环，上汽拿AUDI,一汽奥迪和上汽奥迪“宫斗”了十年，终于要划下句号了？,1716,https://www.acfun.cn/v/ac48870981,https://tx-free-imgs.acfun.cn/newUpload/13630266_3fde785be5a2411495618f67d01ab66a.jpeg?imageslim,AcFun,三日榜,three-days,hotlist,,2026-09-26 01:19:21
41,【4K超高清】「JOJO的奇妙冒险 飙马野郎」第2话,,4372,https://www.acfun.cn/v/ac48872740,https://tx-free-imgs.acfun.cn/newUpload/72840608_a526e08904d049d2b38ce5f38bd71e63.jpeg?imageslim,AcFun,三日榜,three-days,hotlist,,2026-09-26 01:19:21
42,【东方】QUEEN【蕾米莉亚 Miy Ver. MMD】,作者：やくも<br/><br/>楽曲:Kanaria 様→https://www.nicovideo.jp/watch/sm4088...<br/>振付:AKIRA様<br/>モーション:P-nez 様→https://www.nicovideo.jp/watch/sm4350...<br/>カメラ:Mizuha様→https://www.nicovideo.jp/watch/sm4353...<br/>モデル:MIy様<br/>ステージ:栗ごはん様<br/>アクセサリ:アスカ様,1251,https://www.acfun.cn/v/ac48870080,https://tx-free-imgs.acfun.cn/newUpload/6102_6a4dce20c9b74fa0bbdff3ccc0a73c5d.png?imageslim,AcFun,三日榜,three-days,hotlist,,2026-09-26 01:19:21
43,短裙挑战！超长翻跳一次看个够~【生日作】,,1286,https://www.acfun.cn/v/ac48872675,https://tx-free-imgs.acfun.cn/newUpload/32485245_415db634556140d1841e2ebb4c0d9371.jpeg?imageslim,AcFun,三日榜,three-days,hotlist,,2026-09-26 01:19:21
44,【东方/汉化】咲夜带你了解汉字【MMD搞笑小剧场】,作者：クローバー,1131,https://www.acfun.cn/v/ac48872652,https://tx-free-imgs.acfun.cn/newUpload/6102_8b2072189ecb4044a7de95bb450d02ed.jpeg?imageslim,AcFun,三日榜,three-days,hotlist,,2026-09-26 01:19:21
45,这套皮肤真的很喜欢,,1459,https://www.acfun.cn/v/ac48871657,https://tx-free-imgs.acfun.cn/newUpload/16380981_ac9640e59a3a42e093fcee0a0b81d474.jpg?imageslim,AcFun,三日榜,three-days,hotlist,,2026-09-26 01:19:21
46,你吃月饼了吗？,,1436,https://www.acfun.cn/v/ac48869054,https://tx-free-imgs.acfun.cn/newUpload/1167675_8f48723afb0e41ecbe772249b3f4df1a.jpg?imageslim,AcFun,三日榜,three-days,hotlist,,2026-09-26 01:19:21
47,抱紧原生家庭（90）,,1411,https://www.acfun.cn/v/ac48867786,https://tx-free-imgs.acfun.cn/newUpload/74706824_fcc9a2386aff4fb0b3ecd158e3c6b97f.png?imageslim,AcFun,三日榜,three-days,hotlist,,2026-09-26 01:19:21
48,望眼欲穿【今天有什么好笑的 #2517】,：），谢谢大家的投蕉和点赞，祝你开心愉快~<br/>Wallpaper壁纸：雪山与女孩<br/>Bgm：あのね。,1697,https://www.acfun.cn/v/ac48872647,https://tx-free-imgs.acfun.cn/newUpload/383079_40beb913fd1a44d3afa053553d53b466.gif?imageslim,AcFun,三日榜,three-days,hotlist,,2026-09-26 01:19:21
49,只有刀鸣最小丑？各大游戏千年血战联动盘点！,300英雄的含金量还在上升,1963,https://www.acfun.cn/v/ac48869154,https://tx-free-imgs.acfun.cn/newUpload/247671_7d920e56c00e4af39fed560bf094f965.jpeg?imageslim,AcFun,三日榜,three-days,hotlist,,2026-09-26 01:19:21
50,极限竞速地平线6：0.01 秒绝杀！GMC 反超宝马 X6M 越野赛,骄兵必败，我深刻的体验到了这句话的含义。,1654,https://www.acfun.cn/v/ac48867212,https://tx-free-imgs.acfun.cn/newUpload/11602352_36f126479072481b9dd82c3ea4d19f3b.jpeg?imageslim,AcFun,三日榜,three-days,hotlist,,2026-09-26 01:19:21
1,剑戟战斗的巅峰 关卡内容的洼地 偏科严重的《鬼武者：剑之道》,它给人爽的部分是真的爽，但是在每次爽之前，你得堵不少马桶，先生。,4488,https://www.acfun.cn/v/ac48859506,https://tx-free-imgs.acfun.cn/newUpload/934542_5d98ad80ca9c4307b5cdc2051c11cb50.jpeg?imageslim,AcFun,周榜,week,hotlist,,2026-09-26 01:19:21
2,是谁点的小恶魔，蕉出来～,,6197,https://www.acfun.cn/v/ac48867778,https://tx-free-imgs.acfun.cn/newUpload/17062172_6098fee67d1748e0ab5dab3b5665736c.jpg?imageslim,AcFun,周榜,week,hotlist,,2026-09-26 01:19:21
3,跳最开心的一集,,3976,https://www.acfun.cn/v/ac48860571,https://tx-free-imgs.acfun.cn/newUpload/50330447_79a3f269514140c29e7a85fb7c9dc94c.jpg?imageslim,AcFun,周榜,week,hotlist,,2026-09-26 01:19:21
4,喜欢哪套？,,6857,https://www.acfun.cn/v/ac48861422,https://tx-free-imgs.acfun.cn/newUpload/3540234_729e0d22251f439da3735f26e58d174f.jpg?imageslim,AcFun,周榜,week,hotlist,,2026-09-26 01:19:21
5,过期JK碎碎念！,家人们记得蕉一蕉捏 啾咪,5913,https://www.acfun.cn/v/ac48859219,https://tx-free-imgs.acfun.cn/newUpload/17062172_5dd6ea8b5f2741ff87f0911db6dfb909.jpg?imageslim,AcFun,周榜,week,hotlist,,2026-09-26 01:19:21
6,娃：真遗憾，本来打算亲自告诉你们的,嘿嘿希望大家都万事顺意～心想事成,4196,https://www.acfun.cn/v/ac48871740,https://tx-free-imgs.acfun.cn/newUpload/17062172_d1a93166ed084e3aadac2fea4bba0707.jpg?imageslim,AcFun,周榜,week,hotlist,,2026-09-26 01:19:21
7,人间琴悠扬，姑娘把谁记心上～,,2725,https://www.acfun.cn/v/ac48863143,https://tx-free-imgs.acfun.cn/newUpload/50330447_938d77716a11477e843914663278ff07.jpg?imageslim,AcFun,周榜,week,hotlist,,2026-09-26 01:19:21
8,《野生动物迷惑行为》,喜欢请投蕉啊   谢谢啦！,2889,https://www.acfun.cn/v/ac48868360,https://tx-free-imgs.acfun.cn/newUpload/1342385_3fab348c538e4c0fa001871a708fe302.jpeg?imageslim,AcFun,周榜,week,hotlist,,2026-09-26 01:19:21
9,《动物游戏行为图鉴》,喜欢请投蕉啊 谢谢啦！,2872,https://www.acfun.cn/v/ac48857450,https://tx-free-imgs.acfun.cn/newUpload/1342385_485bc20a4c164df2928409b209fa9afc.jpeg?imageslim,AcFun,周榜,week,hotlist,,2026-09-26 01:19:21
10,《动物迷惑行为大赏325》,喜欢请投蕉啊 谢谢啦！,2655,https://www.acfun.cn/v/ac48861293,https://tx-free-imgs.acfun.cn/newUpload/1342385_03080470038d444a95ce01ff6a6aeb9f.jpeg?imageslim,AcFun,周榜,week,hotlist,,2026-09-26 01:19:21
11,双马尾小女仆带来的情绪摇～,,4000,https://www.acfun.cn/v/ac48861966,https://tx-free-imgs.acfun.cn/newUpload/11361784_8cee0402b4754b1e82f85b7099791793.jpg?imageslim,AcFun,周榜,week,hotlist,,2026-09-26 01:19:21
12,帮Acer问一下，地址在哪里？欢乐八点档-1779,审核大大辛苦了！<br/>免费的香蕉投一下吧，没有那就点个赞吧，这对我来说很重要，谢谢！！！<br/>谢谢每一个投蕉的帅哥美女！你们是我坚持更新的动力！<br/>视频来自快手等平台，侵权联系删除！,4496,https://www.acfun.cn/v/ac48863633,https://tx-free-imgs.acfun.cn/newUpload/2176158_ff69c3c797d5414e8056b329918cc5b6.gif?imageslim,AcFun,周榜,week,hotlist,,2026-09-26 01:19:21
13,【绘图过程】《海边》6周年纪念插图过程,6周年纪念插图挂画（预售）、沙滩巾（预售），阿宝已上架,3369,https://www.acfun.cn/v/ac48836990,https://tx-free-imgs.acfun.cn/newUpload/179922_9f95aba039e84f3594c3947b3c8fdd58.jpeg?imageslim,AcFun,周榜,week,hotlist,,2026-09-26 01:19:21
14,还是少妇会的多啊！★手机竖屏2011★,审核大大辛苦了！<br/>谢谢每一个投蕉的帅哥美女！香蕉没有来个赞也好啊！<br/>视频来自快手等平台，侵权联系删除！,5218,https://www.acfun.cn/v/ac48864360,https://tx-free-imgs.acfun.cn/newUpload/2176158_3d4f199fd93640468e543b9ee25ac4c0.gif?imageslim,AcFun,周榜,week,hotlist,,2026-09-26 01:19:21
15,漫威金刚狼深陷争议！SweetBaby又毁一款？【绅批】,这算是DEI的历史遗留问题了，所有现在已经从sweetbaby离职的人，只要参与过游戏制作也会被署名（比如桥本和真）,2918,https://www.acfun.cn/v/ac48868810,https://tx-free-imgs.acfun.cn/newUpload/526850_ca1da1572b1d494a93e2f6bab46cf76b.jpeg?imageslim,AcFun,周榜,week,hotlist,,2026-09-26 01:19:21
16,因为害怕被讨厌 所以把自己藏起来了,,3164,https://www.acfun.cn/v/ac48871331,https://tx-free-imgs.acfun.cn/newUpload/11361784_3d4bd69b46f541e184c2922c24f09276.jpg?imageslim,AcFun,周榜,week,hotlist,,2026-09-26 01:19:21
17,我真的是来吃饭的！★手机竖屏2013★,审核大大辛苦了！<br/>谢谢每一个投蕉的帅哥美女！香蕉没有来个赞也好啊！<br/>视频来自快手等平台，侵权联系删除！,3866,https://www.acfun.cn/v/ac48869145,https://tx-free-imgs.acfun.cn/newUpload/2176158_eb4b69370b8f435aa2b171e72403d356.gif?imageslim,AcFun,周榜,week,hotlist,,2026-09-26 01:19:21
18,裸足圆脸仙女下凡～跳一曲千里邀月【可心喵】,,2051,https://www.acfun.cn/v/ac48872448,https://tx-free-imgs.acfun.cn/newUpload/12892608_6691690fd8e944278bda5d5390e1e5a9.jpg?imageslim,AcFun,周榜,week,hotlist,,2026-09-26 01:19:21
19,mr chu!!好怀念这首歌,,2116,https://www.acfun.cn/v/ac48869375,https://tx-free-imgs.acfun.cn/newUpload/16380981_19592eb83a88429695ee1a0508fc3df0.png?imageslim,AcFun,周榜,week,hotlist,,2026-09-26 01:19:21
20,网络上常见的热门短视频集锦   第三千四百三十八期,审核大大辛苦了！<br/>谢谢每一个投蕉的帅哥美女！香蕉没有来个赞也好啊！<br/>视频来自快手等平台，侵权联系删除！,4452,https://www.acfun.cn/v/ac48858394,https://tx-free-imgs.acfun.cn/newUpload/2176158_38174e72af934b9e86687045b01f0dd3.gif?imageslim,AcFun,周榜,week,hotlist,,2026-09-26 01:19:21
21,钓鱼佬是真会享受！欢乐八点档-1777,审核大大辛苦了！<br/>免费的香蕉投一下吧，没有那就点个赞吧，这对我来说很重要，谢谢！！！<br/>谢谢每一个投蕉的帅哥美女！你们是我坚持更新的动力！<br/>视频来自快手等平台，侵权联系删除！,4610,https://www.acfun.cn/v/ac48858969,https://tx-free-imgs.acfun.cn/newUpload/2176158_c9d74d926c4c4d709a4b6b7769dffcca.gif?imageslim,AcFun,周榜,week,hotlist,,2026-09-26 01:19:21
22,一波还未平息一波又来侵袭！★手机竖屏2010★,审核大大辛苦了！<br/>谢谢每一个投蕉的帅哥美女！香蕉没有来个赞也好啊！<br/>视频来自快手等平台，侵权联系删除！,4791,https://www.acfun.cn/v/ac48862013,https://tx-free-imgs.acfun.cn/newUpload/2176158_c4802142afc14d50b2cd775e67890cca.gif?imageslim,AcFun,周榜,week,hotlist,,2026-09-26 01:19:21
23,还是少妇会啊！！！★手机竖屏2009★,审核大大辛苦了！<br/>谢谢每一个投蕉的帅哥美女！香蕉没有来个赞也好啊！<br/>视频来自快手等平台，侵权联系删除！,4904,https://www.acfun.cn/v/ac48859515,https://tx-free-imgs.acfun.cn/newUpload/2176158_d4e9e6e30f4446319f9e720adfe35ef9.gif?imageslim,AcFun,周榜,week,hotlist,,2026-09-26 01:19:21
24,【AC娘】琵琶曲,原作者：Kotte Animation<br/>还有瑕疵，看个乐吧,3160,https://www.acfun.cn/v/ac48864492,https://tx-free-imgs.acfun.cn/newUpload/41729435_02cbd995b6d54f508eb21d3cb8621903.jpeg?imageslim,AcFun,周榜,week,hotlist,,2026-09-26 01:19:21
25,25年了，回坊天花板小酥肉，还是那个味儿,记忆中的味道，回来了，都回来了……<br/>一口椒麻一口鲜，大口吃肉，配上热腾腾的米饭，绝了。<br/>素三鲜也是无敌的存在！,2558,https://www.acfun.cn/v/ac48865538,https://tx-free-imgs.acfun.cn/newUpload/13765438_9bc4a0abf32a4c1aa3e83c844de84649.jpeg?imageslim,AcFun,周榜,week,hotlist,,2026-09-26 01:19:21
26,拳击好啊，拳击得学！欢乐八点档-1781,审核大大辛苦了！<br/>免费的香蕉投一下吧，没有那就点个赞吧，这对我来说很重要，谢谢！！！<br/>谢谢每一个投蕉的帅哥美女！你们是我坚持更新的动力！<br/>视频来自快手等平台，侵权联系删除！,4147,https://www.acfun.cn/v/ac48868336,https://tx-free-imgs.acfun.cn/newUpload/2176158_3f6c601293a54468bae97f781440217b.gif?imageslim,AcFun,周榜,week,hotlist,,2026-09-26 01:19:21
27,这样的学姐喜欢吗？欢乐八点档-1782,审核大大辛苦了！<br/>免费的香蕉投一下吧，没有那就点个赞吧，这对我来说很重要，谢谢！！！<br/>谢谢每一个投蕉的帅哥美女！你们是我坚持更新的动力！<br/>视频来自快手等平台，侵权联系删除！,3778,https://www.acfun.cn/v/ac48870057,https://tx-free-imgs.acfun.cn/newUpload/2176158_4c1f3b60f73e451abc443941d47305d8.gif?imageslim,AcFun,周榜,week,hotlist,,2026-09-26 01:19:21
28,你的拳头真是肥嘟嘟的...,动漫：心灵的声音，作者：赵石【韩国】,2194,https://www.acfun.cn/v/ac48859870,https://tx-free-imgs.acfun.cn/newUpload/509259_2fa91d5206504450be471808d9c93a22.jpeg?imageslim,AcFun,周榜,week,hotlist,,2026-09-26 01:19:21
29,北京豆汁会惩罚每一个好奇的人！欢乐八点档-1780,审核大大辛苦了！<br/>免费的香蕉投一下吧，没有那就点个赞吧，这对我来说很重要，谢谢！！！<br/>谢谢每一个投蕉的帅哥美女！你们是我坚持更新的动力！<br/>视频来自快手等平台，侵权联系删除！,4472,https://www.acfun.cn/v/ac48865965,https://tx-free-imgs.acfun.cn/newUpload/2176158_ec83e6fb2ffc4005b41881ac13dbaeca.gif?imageslim,AcFun,周榜,week,hotlist,,2026-09-26 01:19:21
30,这个一字马技术含量很高啊！欢乐八点档-1778,审核大大辛苦了！<br/>免费的香蕉投一下吧，没有那就点个赞吧，这对我来说很重要，谢谢！！！<br/>谢谢每一个投蕉的帅哥美女！你们是我坚持更新的动力！<br/>视频来自快手等平台，侵权联系删除！,4401,https://www.acfun.cn/v/ac48861225,https://tx-free-imgs.acfun.cn/newUpload/2176158_0824627cb76d40dc99ce9cb12c07e4cc.gif?imageslim,AcFun,周榜,week,hotlist,,2026-09-26 01:19:21
31,网络上常见的热门短视频集锦   第三千四百四十五期,审核大大辛苦了！<br/>谢谢每一个投蕉的帅哥美女！香蕉没有来个赞也好啊！<br/>视频来自快手等平台，侵权联系删除！,3943,https://www.acfun.cn/v/ac48866824,https://tx-free-imgs.acfun.cn/newUpload/2176158_dba921eb42f14c7ba31a1af83bfe71ce.gif?imageslim,AcFun,周榜,week,hotlist,,2026-09-26 01:19:21
32,琵琶曲丨夜神月 VS  L,原曲：琵琶曲,2270,https://www.acfun.cn/v/ac48861693,https://tx-free-imgs.acfun.cn/newUpload/16986934_3bf4dd94910c4845acf851f7f0fdb757.jpeg?imageslim,AcFun,周榜,week,hotlist,,2026-09-26 01:19:21
33,网络上常见的热门短视频集锦   第三千四百四十一期,审核大大辛苦了！<br/>谢谢每一个投蕉的帅哥美女！香蕉没有来个赞也好啊！<br/>视频来自快手等平台，侵权联系删除！,4199,https://www.acfun.cn/v/ac48862019,https://tx-free-imgs.acfun.cn/newUpload/2176158_6e5a88d95f344d92a8d97a57f03ac4b9.gif?imageslim,AcFun,周榜,week,hotlist,,2026-09-26 01:19:21
34,空中瑜伽！！！★手机竖屏2012★,审核大大辛苦了！<br/>谢谢每一个投蕉的帅哥美女！香蕉没有来个赞也好啊！<br/>视频来自快手等平台，侵权联系删除！,4448,https://www.acfun.cn/v/ac48866821,https://tx-free-imgs.acfun.cn/newUpload/2176158_610807af48f5463a891fc9f341c9b16f.gif?imageslim,AcFun,周榜,week,hotlist,,2026-09-26 01:19:21
35,厨师长教你：“鱼香肉丝”的家常做法，酸甜微辣，口感丰富,,2046,https://www.acfun.cn/v/ac48867741,https://tx-free-imgs.acfun.cn/newUpload/13274260_93e68d1098d04ffca2683655a6a404c2.jpeg?imageslim,AcFun,周榜,week,hotlist,,2026-09-26 01:19:21
36,拜托了，夫人！★手机竖屏2014★,审核大大辛苦了！<br/>谢谢每一个投蕉的帅哥美女！香蕉没有来个赞也好啊！<br/>视频来自快手等平台，侵权联系删除！,3076,https://www.acfun.cn/v/ac48871493,https://tx-free-imgs.acfun.cn/newUpload/2176158_afaf0913878443b1bc00d636136ffce3.gif?imageslim,AcFun,周榜,week,hotlist,,2026-09-26 01:19:21
37,网络上常见的热门短视频集锦   第三千四百三十九期,审核大大辛苦了！<br/>谢谢每一个投蕉的帅哥美女！香蕉没有来个赞也好啊！<br/>视频来自快手等平台，侵权联系删除！,4052,https://www.acfun.cn/v/ac48859518,https://tx-free-imgs.acfun.cn/newUpload/2176158_13f61f1aa39c4732bdaeed87fe0e28a4.gif?imageslim,AcFun,周榜,week,hotlist,,2026-09-26 01:19:21
38,一天生产500万个！速冻水饺是如何制造出来的？,,2163,https://www.acfun.cn/v/ac48859253,https://tx-free-imgs.acfun.cn/newUpload/19281632_57f07fe28e24422d948491fd2d43586c.jpeg?imageslim,AcFun,周榜,week,hotlist,,2026-09-26 01:19:21
39,今天你不能嫁出去【今天有什么好笑的 #2514】,：)，谢谢大家，祝你们开心。<br/>wallpaper壁纸：Fading Astronaut 5K (update)<br/>BGM：I Want It That Way,2899,https://www.acfun.cn/v/ac48865864,https://tx-free-imgs.acfun.cn/newUpload/383079_ee4f5f7badf74f05a2ef6c691387f327.gif?imageslim,AcFun,周榜,week,hotlist,,2026-09-26 01:19:21
40,单纯的约会（92）,,1820,https://www.acfun.cn/v/ac48857199,https://tx-free-imgs.acfun.cn/newUpload/74706824_a3a60d77e6934225b168686e44216c4b.png?imageslim,AcFun,周榜,week,hotlist,,2026-09-26 01:19:21
41,【东方】推特东方小视频选集 第272期,睡觉睡觉睡觉睡觉睡觉睡觉睡觉睡觉睡觉睡觉……,1406,https://www.acfun.cn/v/ac48858830,https://tx-free-imgs.acfun.cn/newUpload/6102_5a13d6efeec742ff84c512206aaeb7b0.jpeg?imageslim,AcFun,周榜,week,hotlist,,2026-09-26 01:19:21
42,甜妹来袭！,,2164,https://www.acfun.cn/v/ac48863947,https://tx-free-imgs.acfun.cn/newUpload/12439728_1fd5a3c6e60241a1a1cd8f89dbede769.png?imageslim,AcFun,周榜,week,hotlist,,2026-09-26 01:19:21
43,网络上常见的热门短视频集锦   第三千四百四十三期,审核大大辛苦了！<br/>谢谢每一个投蕉的帅哥美女！香蕉没有来个赞也好啊！<br/>视频来自快手等平台，侵权联系删除！,3651,https://www.acfun.cn/v/ac48864363,https://tx-free-imgs.acfun.cn/newUpload/2176158_dfef22dbf6934a15a594e5766b8680ca.gif?imageslim,AcFun,周榜,week,hotlist,,2026-09-26 01:19:21
44,嘴角压不住了【今天有什么好笑的 #2515】,：），谢谢大家的投蕉和点赞，祝你开心愉快~<br/>wallpaper壁纸：Genshin 神里绫华<br/>BGM：Wake me up when september ends,2425,https://www.acfun.cn/v/ac48868130,https://tx-free-imgs.acfun.cn/newUpload/383079_ef65121591434d2b86d53db1622776cd.gif?imageslim,AcFun,周榜,week,hotlist,,2026-09-26 01:19:21
45,嘞个就是爱情【今天有什么好笑的 #2512】,：），谢谢大家的投蕉和点赞，祝你开心愉快~<br/>wallpaper壁纸：lamp<br/>BGM：What a Feeling,2450,https://www.acfun.cn/v/ac48860992,https://tx-free-imgs.acfun.cn/newUpload/383079_172d192fee55441c96b7352f61e0a25f.gif?imageslim,AcFun,周榜,week,hotlist,,2026-09-26 01:19:21
46,网络上常见的热门短视频集锦   第三千四百四十四期,审核大大辛苦了！<br/>谢谢每一个投蕉的帅哥美女！香蕉没有来个赞也好啊！<br/>视频来自快手等平台，侵权联系删除！,3554,https://www.acfun.cn/v/ac48865021,https://tx-free-imgs.acfun.cn/newUpload/2176158_663463f1e6004dc2b4dea153d1e60c05.gif?imageslim,AcFun,周榜,week,hotlist,,2026-09-26 01:19:21
47,网络上常见的热门短视频集锦   第三千四百三十七期,审核大大辛苦了！<br/>谢谢每一个投蕉的帅哥美女！香蕉没有来个赞也好啊！<br/>视频来自快手等平台，侵权联系删除！,3679,https://www.acfun.cn/v/ac48857544,https://tx-free-imgs.acfun.cn/newUpload/2176158_65f1d403dce7484b8d62b6f272bdbe31.gif?imageslim,AcFun,周榜,week,hotlist,,2026-09-26 01:19:21
48,姛姛？！蝴蝶耳机Manget中文翻唱【箐羽Hane】x【缇若柯Teivoc】,“是否你确实表里如一淡然，还是说你——并不似我贪婪？”<br/>《Manget》磁石 / 蝴蝶耳机 - 中文翻唱<br/>原作作曲 / 流星P<br/>曲绘&翻唱 / 箐羽hane & 缇若柯Teivoc<br/>中文填词 / 果汁凉菜<br/>混音 / 风尘<br/>和笋笋一起唱了我们二次元姛神曲！曲绘也是我和笋笋每个人负责了自己的部分最后再拼到一起的！真好！( *^ ^)o(^ ^* )希望大家也能喜欢！,1617,https://www.acfun.cn/v/ac48869340,https://tx-free-imgs.acfun.cn/newUpload/67511609_d868cdbd6b1849e8958696cdc9db1493.jpeg?imageslim,AcFun,周榜,week,hotlist,,2026-09-26 01:19:21
49,厨师长分享制作“宫保鸡丁”的三大要素：腌制、调味及火候,,2133,https://www.acfun.cn/v/ac48863018,https://tx-free-imgs.acfun.cn/newUpload/13274260_803e1613305b460d878594c16c1c5a87.jpeg?imageslim,AcFun,周榜,week,hotlist,,2026-09-26 01:19:21
50,现在电脑不好卖了，以后我们出租AI机器人吧,,2195,https://www.acfun.cn/v/ac48867767,https://tx-free-imgs.acfun.cn/newUpload/17928_c684f06231604145b533a0f00627c624.png?imageslim,AcFun,周榜,week,hotlist,,2026-09-26 01:19:21
1,娃：真遗憾，本来打算亲自告诉你们的,嘿嘿希望大家都万事顺意～心想事成,4304,https://www.acfun.cn/v/ac48871740,https://tx-free-imgs.acfun.cn/newUpload/17062172_d1a93166ed084e3aadac2fea4bba0707.jpg?imageslim,AcFun,日榜,day,hotlist,,2026-09-26 02:26:03
2,裸足圆脸仙女下凡～跳一曲千里邀月【可心喵】,,2121,https://www.acfun.cn/v/ac48872448,https://tx-free-imgs.acfun.cn/newUpload/12892608_6691690fd8e944278bda5d5390e1e5a9.jpg?imageslim,AcFun,日榜,day,hotlist,,2026-09-26 02:26:03
3,拜托了，夫人！★手机竖屏2014★,审核大大辛苦了！<br/>谢谢每一个投蕉的帅哥美女！香蕉没有来个赞也好啊！<br/>视频来自快手等平台，侵权联系删除！,3148,https://www.acfun.cn/v/ac48871493,https://tx-free-imgs.acfun.cn/newUpload/2176158_afaf0913878443b1bc00d636136ffce3.gif?imageslim,AcFun,日榜,day,hotlist,,2026-09-26 02:26:03
4,和我一起健身吧！！！欢乐八点档-1783,审核大大辛苦了！<br/>免费的香蕉投一下吧，没有那就点个赞吧，这对我来说很重要，谢谢！！！<br/>谢谢每一个投蕉的帅哥美女！你们是我坚持更新的动力！<br/>视频来自快手等平台，侵权联系删除！,2029,https://www.acfun.cn/v/ac48872699,https://tx-free-imgs.acfun.cn/newUpload/2176158_e379c7202d2e43029e07ad17f40cab19.gif?imageslim,AcFun,日榜,day,hotlist,,2026-09-26 02:26:03
5,【锅锅x怀瑜x阔落】千里邀月——共饮此杯赏此月，夜好眠,中秋到了，和姐妹们合唱了千里邀月~~<br/>乐：可乐祝大家身体健康，永不加班，月圆人团圆<br/>鱼：怀瑜愿诸位财源广进，常能摸鱼，花好月更圆<br/>锅：锅锅祝大家桂香满锅，早归赏月，饼甜心更甜<br/>祝大家中秋快乐~,1732,https://www.acfun.cn/v/ac48871580,https://tx-free-imgs.acfun.cn/newUpload/67206930_e47be8dbac2546e1b5a4a831e71dabe4.jpeg?imageslim,AcFun,日榜,day,hotlist,,2026-09-26 02:26:03
6,女妖邪神凶宅索命，最惨主角逆天求生！克系神游《魔女屋中之梦》像素恐怖游戏详细讲述【深夜档】,如何在60天内，让洛夫克拉夫特小说中惨死的倒霉主角逆天改命？这位芬兰作者打造了一部又硬核又忠实的优秀克苏鲁游戏！入住阿卡姆百年凶宅的凡人主角沃尔特·吉尔曼，接连遭到人脸妖鼠，恐怖女巫，不可名状外神的侵袭。白天钻研神秘学知识，梦中游历邪恶异星。他将与密斯卡托尼克大学最强战神亨利·阿米蒂奇教授联手对抗邪神降世！这是一部真正将洛氏“宇宙恐怖”带入到日常，并忠实于原著的游戏，自由度超高且信息量惊人！我将细致地带各位体验这跌宕起伏的60天，看弱小的主角如何起死回生并拯救世界！,1284,https://www.acfun.cn/v/ac48872418,https://tx-free-imgs.acfun.cn/newUpload/817797_2631b7cf26c14c2fbbfb062962a775be.jpeg?imageslim,AcFun,日榜,day,hotlist,,2026-09-26 02:26:03
7,网络上常见的热门短视频集锦   第三千四百四十九期,审核大大辛苦了！<br/>谢谢每一个投蕉的帅哥美女！香蕉没有来个赞也好啊！<br/>视频来自快手等平台，侵权联系删除！,2517,https://www.acfun.cn/v/ac48871496,https://tx-free-imgs.acfun.cn/newUpload/2176158_cf20f7722011491da25ce2efbc799dba.gif?imageslim,AcFun,日榜,day,hotlist,,2026-09-26 02:26:03
8,网络上常见的热门短视频集锦   第三千四百五十期,审核大大辛苦了！<br/>谢谢每一个投蕉的帅哥美女！香蕉没有来个赞也好啊！<br/>视频来自快手等平台，侵权联系删除！,2400,https://www.acfun.cn/v/ac48872279,https://tx-free-imgs.acfun.cn/newUpload/2176158_a96ecd95394b4517928ac111407f75b1.gif?imageslim,AcFun,日榜,day,hotlist,,2026-09-26 02:26:03
9,【4K超高清】「JOJO的奇妙冒险 飙马野郎」第2话,,4482,https://www.acfun.cn/v/ac48872740,https://tx-free-imgs.acfun.cn/newUpload/72840608_a526e08904d049d2b38ce5f38bd71e63.jpeg?imageslim,AcFun,日榜,day,hotlist,,2026-09-26 02:26:03
10,【颜音】中秋歌回~祝大家节日快乐,皓月凌空，桂香满庭。<br/>愿今夜歌声暖心，祝各位中秋快乐，阖家美满！,1430,https://www.acfun.cn/v/ac48872065,https://tx-free-imgs.acfun.cn/newUpload/4425861_3dab8cdf19a74bf6accbdcd688cd9b6a.jpeg?imageslim,AcFun,日榜,day,hotlist,,2026-09-26 02:26:03
11,短裙挑战！超长翻跳一次看个够~【生日作】,,1319,https://www.acfun.cn/v/ac48872675,https://tx-free-imgs.acfun.cn/newUpload/32485245_415db634556140d1841e2ebb4c0d9371.jpeg?imageslim,AcFun,日榜,day,hotlist,,2026-09-26 02:26:03
12,今夜的风悄悄月悄悄~,,1229,https://www.acfun.cn/v/ac48873434,https://tx-free-imgs.acfun.cn/newUpload/23512715_0f364b6606dd467ab9975ffef5af1b29.jpg?imageslim,AcFun,日榜,day,hotlist,,2026-09-26 02:26:03
13,【东方/汉化】咲夜带你了解汉字【MMD搞笑小剧场】,作者：クローバー,1156,https://www.acfun.cn/v/ac48872652,https://tx-free-imgs.acfun.cn/newUpload/6102_8b2072189ecb4044a7de95bb450d02ed.jpeg?imageslim,AcFun,日榜,day,hotlist,,2026-09-26 02:26:03
14,望眼欲穿【今天有什么好笑的 #2517】,：），谢谢大家的投蕉和点赞，祝你开心愉快~<br/>Wallpaper壁纸：雪山与女孩<br/>Bgm：あのね。,1726,https://www.acfun.cn/v/ac48872647,https://tx-free-imgs.acfun.cn/newUpload/383079_40beb913fd1a44d3afa053553d53b466.gif?imageslim,AcFun,日榜,day,hotlist,,2026-09-26 02:26:03
15,两段不伦恋 15年复仇路《老男孩》吴大秀我的折磨可是一辈子,本期带来《老男孩》50分钟 国庆要到了，铁粉都知道背包住在网红街道 小长假根本没法做节目，阿杰提意带着各自父母一起出去玩几天 所以这几天会加急看看能不能赶出来一期，实再不行就小长假后更新咯，中秋国庆都祝小伙伴开心快乐！,1115,https://www.acfun.cn/v/ac48871285,https://tx-free-imgs.acfun.cn/newUpload/6894185_ab259859c7df40d1b092d2e828bf38e5.jpeg?imageslim,AcFun,日榜,day,hotlist,,2026-09-26 02:26:03
16,空姐OL~第57次取消发送,中秋节快乐,1526,https://www.acfun.cn/v/ac48872674,https://tx-free-imgs.acfun.cn/newUpload/14539629_46621bdc88a44c63be63172c5ba6cb6a.jpeg?imageslim,AcFun,日榜,day,hotlist,,2026-09-26 02:26:03
17,如果我和她恋爱的话……,,1252,https://www.acfun.cn/v/ac48871545,https://tx-free-imgs.acfun.cn/newUpload/2277346_de526594356a4c9f90b71bf5823054e6.jpg?imageslim,AcFun,日榜,day,hotlist,,2026-09-26 02:26:03
18,“原来和思念的人相见，就是人们常说的团圆” | 愿年年有今夜《妙妙人间》,「愿岁岁年年有此夜。」<br/>To : 虽然隔着屏幕，但同一轮月亮也让我们团圆在这里。中秋快乐呀~<br/>==========<br/>《妙妙人间》<br/>原唱：张含韵<br/>混音：饭団子p<br/>翻唱&视频：露纱琳黛,1077,https://www.acfun.cn/v/ac48871599,https://tx-free-imgs.acfun.cn/newUpload/69790459_0b53ce48e1c7437c9bdd3cf45d53de8f.jpeg?imageslim,AcFun,日榜,day,hotlist,,2026-09-26 02:26:03
19,我终于明白什么都不缺的含金量！,,1170,https://www.acfun.cn/v/ac48872781,https://tx-free-imgs.acfun.cn/newUpload/6177430_06f5f9b03edd4f73a3dfeba4cf78db16.jpeg?imageslim,AcFun,日榜,day,hotlist,,2026-09-26 02:26:03
20,【绘画过程】9月保底《金秋》,大家中秋快乐！<br/>本月的保底是百贴布~ 某宝同步预售。,1503,https://www.acfun.cn/v/ac48872808,https://tx-free-imgs.acfun.cn/newUpload/179922_630934cb2f3245e5a4a4020570f61eca.png?imageslim,AcFun,日榜,day,hotlist,,2026-09-26 02:26:03
21,香煎盐焗鸡｜简单到不可能失败，外焦里嫩巨好吃,,1113,https://www.acfun.cn/v/ac48870521,https://tx-free-imgs.acfun.cn/newUpload/1383198_a8487ee2fe9849dc9807f9da5d193fb1.jpeg?imageslim,AcFun,日榜,day,hotlist,,2026-09-26 02:26:03
22,【1080P.奇幻冒险】JOJO的奇妙冒险 飙马野郎 (2026)第七季 第二集,1890年，一场世纪大赛“SBR”于美国举开。全长共6000公里，是人类史上第一场骑乘马匹横越北美大陆的比赛！为了拿下高达5千万美元（60亿日元）的冠军奖金，一群强悍的冒险家们正式展开了他们的争战！,1824,https://www.acfun.cn/v/ac48872840,https://tx-free-imgs.acfun.cn/newUpload/903432_bb4a52ee7e3e42cc853e5ff0b8a21e0d.png?imageslim,AcFun,日榜,day,hotlist,,2026-09-26 02:26:03
23,【官方中字】SBR JOJO的奇妙冒险 飙马野郎 2nd＆3rd STAGE 第二集,,1651,https://www.acfun.cn/v/ac48872883,https://tx-free-imgs.acfun.cn/newUpload/30501027_27e89cd7cd684f01a120b8ec666a3896.png?imageslim,AcFun,日榜,day,hotlist,,2026-09-26 02:26:03
24,三周摧毁美国东海岸，绿色流感为何无法阻止？【求生之路剧情解析+涂鸦翻译】,刺骨寒溪和最后一战的涂鸦和官方剧情联系不大，因此没有放在视频中；<br/>前面的内容感觉都有点多余，最后的涂鸦翻译才是本体。<br/><br/>,1227,https://www.acfun.cn/v/ac48867996,https://tx-free-imgs.acfun.cn/newUpload/1020536_15195e7242e247fb9dc7a625a61a3662.jpeg?imageslim,AcFun,日榜,day,hotlist,,2026-09-26 02:26:03
25,想和你一起赏月𐔌՞ ܸ.ˬ.ܸ՞𐦯千里邀月,,1044,https://www.acfun.cn/v/ac48873207,https://tx-free-imgs.acfun.cn/newUpload/57336445_c7d705d3782c4b0193b62c6d02e43748.jpg?imageslim,AcFun,日榜,day,hotlist,,2026-09-26 02:26:03
26,忘情牛肉面,,1064,https://www.acfun.cn/v/ac48873433,https://tx-free-imgs.acfun.cn/newUpload/11361784_6fe659c9e31e428c8b700a04d46742fd.jpg?imageslim,AcFun,日榜,day,hotlist,,2026-09-26 02:26:03
27,新肤色超辣！,,1299,https://www.acfun.cn/v/ac48863964,https://tx-free-imgs.acfun.cn/newUpload/12439728_70c7284ba2724c048fb5266f61c33e34.png?imageslim,AcFun,日榜,day,hotlist,,2026-09-26 02:26:03
28,【柯基】《金风玉露》～～～晚风啊～～～,,1149,https://www.acfun.cn/v/ac48872627,https://tx-free-imgs.acfun.cn/newUpload/29493245_88171143b6bd4aa6885743ffe64d6584.png?imageslim,AcFun,日榜,day,hotlist,,2026-09-26 02:26:03
29,中秋节快乐呀！！,,1043,https://www.acfun.cn/v/ac48872753,https://tx-free-imgs.acfun.cn/newUpload/25756908_e40f0ac3bdb34aa6a05629d19ec12f7c.png?imageslim,AcFun,日榜,day,hotlist,,2026-09-26 02:26:03
30,【夏雅】Don t let go of my hand.,,1413,https://www.acfun.cn/v/ac48873108,https://tx-free-imgs.acfun.cn/newUpload/16279345_4e8e1897539648e8869f4815f9bd1572.jpg?imageslim,AcFun,日榜,day,hotlist,,2026-09-26 02:26:03
31,拼凑的断音,动作有做方向上的一些改动等<br/>歌曲：拼凑的断音-（舞蹈：あおい aoi とみたけ tomitake）,1105,https://www.acfun.cn/v/ac48871758,https://tx-free-imgs.acfun.cn/newUpload/12229455_ccda2f5ac69244d1aa813dc04c9a63d5.jpeg?imageslim,AcFun,日榜,day,hotlist,,2026-09-26 02:26:03
32,石头剪刀布卖个萌,难得假期来凡人线下嘉年华cos了一下银月，玩得很开心，不知道有没有碰到我的道友～,1054,https://www.acfun.cn/v/ac48873212,https://tx-free-imgs.acfun.cn/newUpload/12229455_c6e4220d0d7c41e2b5d489a9386cbe72.png?imageslim,AcFun,日榜,day,hotlist,,2026-09-26 02:26:03
33,"宙斯神王也会是这战绩？快速看完一局韩服王者斗殴局#837 Zeus, Racoon, Clozer,","宙斯神王也会是这战绩？快速看完一局韩服王者斗殴局#837 Zeus, Racoon, Clozer, Wenbo, Canyon, 叶秋枫 <br/>BGM:https://music.163.com/playlist?id=650818240&userid=30476594",1153,https://www.acfun.cn/v/ac48865858,https://tx-free-imgs.acfun.cn/newUpload/1378726_0477a53ac6df4eb3b611b241b6a08941.jpeg?imageslim,AcFun,日榜,day,hotlist,,2026-09-26 02:26:03
34,Acfun评论才是本体啊2026年8月和九月,香蕉点赞来一点哦，,862,https://www.acfun.cn/v/ac48872845,https://tx-free-imgs.acfun.cn/newUpload/36839617_4ce9b7b878c344edbc971706d81900cc.jpeg?imageslim,AcFun,日榜,day,hotlist,,2026-09-26 02:26:03
35,「Super8」《如烟》大家中秋快乐鸭～,原唱：五月天<br/>翻唱：把超人<br/>混音：废废哟<br/>视频：星马豪<br/>录了有一段时间的歌咧，五月天的歌里算很喜欢的一首，词非常喜欢，祝大家中秋快乐哟～,847,https://www.acfun.cn/v/ac48872351,https://tx-free-imgs.acfun.cn/newUpload/301519_95463a4627374a178e3b102bc74e8bcf.jpeg?imageslim,AcFun,日榜,day,hotlist,,2026-09-26 02:26:03
36,恶魔想成为你的家人！请交出性命！阴间电视台！越南模拟恐怖APTV EP6,喜欢记得关注五蕉~谢谢支持~！,919,https://www.acfun.cn/v/ac48871608,https://tx-free-imgs.acfun.cn/newUpload/26364938_c8b3f3a89c5d45989f596c7abadfe5de.jpeg?imageslim,AcFun,日榜,day,hotlist,,2026-09-26 02:26:03
37,【猪肝来也】one love,,1052,https://www.acfun.cn/v/ac48873230,https://tx-free-imgs.acfun.cn/newUpload/4599324_253057be5bbe40d1b82d24222d803ec4.jpg?imageslim,AcFun,日榜,day,hotlist,,2026-09-26 02:26:03
38,这身衣服跳什么都好帅啊！哈哈哈,,1072,https://www.acfun.cn/v/ac48872819,https://tx-free-imgs.acfun.cn/newUpload/16380981_3be481ccc3bd44c3a12928fa1f84b25e.png?imageslim,AcFun,日榜,day,hotlist,,2026-09-26 02:26:03
39,告女子书！,,1041,https://www.acfun.cn/v/ac48872722,https://tx-free-imgs.acfun.cn/newUpload/16380981_45b2d4d6fdb34b34876bc5e8fcdaca47.png?imageslim,AcFun,日榜,day,hotlist,,2026-09-26 02:26:03
40,十几万买台“莲花”，行吗？,,1079,https://www.acfun.cn/v/ac48872934,https://tx-free-imgs.acfun.cn/newUpload/14288157_b6f51fa0cabc4a0fa6b69c8bffff34ea.jpeg?imageslim,AcFun,日榜,day,hotlist,,2026-09-26 02:26:03
41,【绝望女神/翻唱】【火影忍者 ED1 Wind】,想听啥继续评论回复~,880,https://www.acfun.cn/v/ac48873021,https://tx-free-imgs.acfun.cn/newUpload/20705199_4163259e9c314ff193a9aac80be14188.jpeg?imageslim,AcFun,日榜,day,hotlist,,2026-09-26 02:26:03
42,明月几时有？我想有时就有～,,1022,https://www.acfun.cn/v/ac48872948,https://tx-free-imgs.acfun.cn/newUpload/31922015_3de6c615f9d24a4ab766c9c22f19d8ed.jpg?imageslim,AcFun,日榜,day,hotlist,,2026-09-26 02:26:03
43,十月新番最爽厕纸！男主化身黄毛！转生夺走原主的女友们！？,十月新番最爽厕纸！男主化身黄毛！转生夺走原主的女友们！？,1101,https://www.acfun.cn/v/ac48873035,https://tx-free-imgs.acfun.cn/newUpload/13467496_1abceb83c1454743bcb9d4abcf823669.jpeg?imageslim,AcFun,日榜,day,hotlist,,2026-09-26 02:26:03
44,open the door,,1178,https://www.acfun.cn/v/ac48873110,https://tx-free-imgs.acfun.cn/newUpload/79951_cacbb88182cb435a99a97d446363fa53.jpg?imageslim,AcFun,日榜,day,hotlist,,2026-09-26 02:26:03
45,又何尝不是一种很新的花灯...,胶佬过中秋有自己的灯笼！其实是万代的MEGX独角兽换了灯组嘻嘻～双节快乐！,1030,https://www.acfun.cn/v/ac48873084,https://tx-free-imgs.acfun.cn/newUpload/13449743_b5143a98667f48bdb3f046459ee13864.jpeg?imageslim,AcFun,日榜,day,hotlist,,2026-09-26 02:26:03
46,白井黑子·佐天泪子 中秋月色双人手势舞【AI动画/超清】,本人本地部署的AI生成图片视频模型制作，硬件英伟达显卡RTX5070TI 16G+96G DDR5 6000内存，花费2小时合成.<br/>这次引入新的二次元动漫人物模型，二次元脸部质量效果会更好些，同时步数可以适当降低，降本增效。引入后期处理工具修复强化背景<br/><br/>人物：佐天泪子 白井黑子<br/>舞蹈技术与BGM：网红手势舞<br/>场景：中秋月色,1156,https://www.acfun.cn/v/ac48871101,https://tx-free-imgs.acfun.cn/newUpload/46764084_397c08849b344139b09a46fb71f814b3.png?imageslim,AcFun,日榜,day,hotlist,,2026-09-26 02:26:03
47,【cheerup+快乐指南+nobody】跑调的人去KTV就蹦哒呗～,,728,https://www.acfun.cn/v/ac48872721,https://tx-free-imgs.acfun.cn/newUpload/31922015_51babcf260aa4990ade2ad884f023973.jpg?imageslim,AcFun,日榜,day,hotlist,,2026-09-26 02:26:03
48,嘀，纣王体验卡,,1108,https://www.acfun.cn/v/ac48872737,https://tx-free-imgs.acfun.cn/newUpload/77181154_7c7593de7b584caebd43b4bb4e8dc517.png?imageslim,AcFun,日榜,day,hotlist,,2026-09-26 02:26:03
49,【甲鱼的旅法十年】迷你专辑《心之所往的创作背景,,657,https://www.acfun.cn/v/ac48872771,https://tx-free-imgs.acfun.cn/newUpload/44128996_e3793329f00e48dc80645b417f8ea4d9.png?imageslim,AcFun,日榜,day,hotlist,,2026-09-26 02:26:03
50,绝顶性感黑丝兔女郎｜大摆锤舞蹈翻跳正面版,,1210,https://www.acfun.cn/v/ac48872667,https://tx-free-imgs.acfun.cn/newUpload/28629507_7fbcce0fdec9424f9538c9354fd61371.png?imageslim,AcFun,日榜,day,hotlist,,2026-09-26 02:26:03
1,是谁点的小恶魔，蕉出来～,,6220,https://www.acfun.cn/v/ac48867778,https://tx-free-imgs.acfun.cn/newUpload/17062172_6098fee67d1748e0ab5dab3b5665736c.jpg?imageslim,AcFun,三日榜,three-days,hotlist,,2026-09-26 02:26:03
2,娃：真遗憾，本来打算亲自告诉你们的,嘿嘿希望大家都万事顺意～心想事成,4304,https://www.acfun.cn/v/ac48871740,https://tx-free-imgs.acfun.cn/newUpload/17062172_d1a93166ed084e3aadac2fea4bba0707.jpg?imageslim,AcFun,三日榜,three-days,hotlist,,2026-09-26 02:26:03
3,《野生动物迷惑行为》,喜欢请投蕉啊   谢谢啦！,2889,https://www.acfun.cn/v/ac48868360,https://tx-free-imgs.acfun.cn/newUpload/1342385_3fab348c538e4c0fa001871a708fe302.jpeg?imageslim,AcFun,三日榜,three-days,hotlist,,2026-09-26 02:26:03
4,漫威金刚狼深陷争议！SweetBaby又毁一款？【绅批】,这算是DEI的历史遗留问题了，所有现在已经从sweetbaby离职的人，只要参与过游戏制作也会被署名（比如桥本和真）,2920,https://www.acfun.cn/v/ac48868810,https://tx-free-imgs.acfun.cn/newUpload/526850_ca1da1572b1d494a93e2f6bab46cf76b.jpeg?imageslim,AcFun,三日榜,three-days,hotlist,,2026-09-26 02:26:03
5,因为害怕被讨厌 所以把自己藏起来了,,3173,https://www.acfun.cn/v/ac48871331,https://tx-free-imgs.acfun.cn/newUpload/11361784_3d4bd69b46f541e184c2922c24f09276.jpg?imageslim,AcFun,三日榜,three-days,hotlist,,2026-09-26 02:26:03
6,裸足圆脸仙女下凡～跳一曲千里邀月【可心喵】,,2121,https://www.acfun.cn/v/ac48872448,https://tx-free-imgs.acfun.cn/newUpload/12892608_6691690fd8e944278bda5d5390e1e5a9.jpg?imageslim,AcFun,三日榜,three-days,hotlist,,2026-09-26 02:26:03
7,我真的是来吃饭的！★手机竖屏2013★,审核大大辛苦了！<br/>谢谢每一个投蕉的帅哥美女！香蕉没有来个赞也好啊！<br/>视频来自快手等平台，侵权联系删除！,3875,https://www.acfun.cn/v/ac48869145,https://tx-free-imgs.acfun.cn/newUpload/2176158_eb4b69370b8f435aa2b171e72403d356.gif?imageslim,AcFun,三日榜,three-days,hotlist,,2026-09-26 02:26:03
8,mr chu!!好怀念这首歌,,2122,https://www.acfun.cn/v/ac48869375,https://tx-free-imgs.acfun.cn/newUpload/16380981_19592eb83a88429695ee1a0508fc3df0.png?imageslim,AcFun,三日榜,three-days,hotlist,,2026-09-26 02:26:03
9,拳击好啊，拳击得学！欢乐八点档-1781,审核大大辛苦了！<br/>免费的香蕉投一下吧，没有那就点个赞吧，这对我来说很重要，谢谢！！！<br/>谢谢每一个投蕉的帅哥美女！你们是我坚持更新的动力！<br/>视频来自快手等平台，侵权联系删除！,4153,https://www.acfun.cn/v/ac48868336,https://tx-free-imgs.acfun.cn/newUpload/2176158_3f6c601293a54468bae97f781440217b.gif?imageslim,AcFun,三日榜,three-days,hotlist,,2026-09-26 02:26:03
10,这样的学姐喜欢吗？欢乐八点档-1782,审核大大辛苦了！<br/>免费的香蕉投一下吧，没有那就点个赞吧，这对我来说很重要，谢谢！！！<br/>谢谢每一个投蕉的帅哥美女！你们是我坚持更新的动力！<br/>视频来自快手等平台，侵权联系删除！,3796,https://www.acfun.cn/v/ac48870057,https://tx-free-imgs.acfun.cn/newUpload/2176158_4c1f3b60f73e451abc443941d47305d8.gif?imageslim,AcFun,三日榜,three-days,hotlist,,2026-09-26 02:26:03
11,网络上常见的热门短视频集锦   第三千四百四十五期,审核大大辛苦了！<br/>谢谢每一个投蕉的帅哥美女！香蕉没有来个赞也好啊！<br/>视频来自快手等平台，侵权联系删除！,3950,https://www.acfun.cn/v/ac48866824,https://tx-free-imgs.acfun.cn/newUpload/2176158_dba921eb42f14c7ba31a1af83bfe71ce.gif?imageslim,AcFun,三日榜,three-days,hotlist,,2026-09-26 02:26:03
12,空中瑜伽！！！★手机竖屏2012★,审核大大辛苦了！<br/>谢谢每一个投蕉的帅哥美女！香蕉没有来个赞也好啊！<br/>视频来自快手等平台，侵权联系删除！,4456,https://www.acfun.cn/v/ac48866821,https://tx-free-imgs.acfun.cn/newUpload/2176158_610807af48f5463a891fc9f341c9b16f.gif?imageslim,AcFun,三日榜,three-days,hotlist,,2026-09-26 02:26:03
13,拜托了，夫人！★手机竖屏2014★,审核大大辛苦了！<br/>谢谢每一个投蕉的帅哥美女！香蕉没有来个赞也好啊！<br/>视频来自快手等平台，侵权联系删除！,3148,https://www.acfun.cn/v/ac48871493,https://tx-free-imgs.acfun.cn/newUpload/2176158_afaf0913878443b1bc00d636136ffce3.gif?imageslim,AcFun,三日榜,three-days,hotlist,,2026-09-26 02:26:03
14,厨师长教你：“鱼香肉丝”的家常做法，酸甜微辣，口感丰富,,2048,https://www.acfun.cn/v/ac48867741,https://tx-free-imgs.acfun.cn/newUpload/13274260_93e68d1098d04ffca2683655a6a404c2.jpeg?imageslim,AcFun,三日榜,three-days,hotlist,,2026-09-26 02:26:03
15,嘴角压不住了【今天有什么好笑的 #2515】,：），谢谢大家的投蕉和点赞，祝你开心愉快~<br/>wallpaper壁纸：Genshin 神里绫华<br/>BGM：Wake me up when september ends,2427,https://www.acfun.cn/v/ac48868130,https://tx-free-imgs.acfun.cn/newUpload/383079_ef65121591434d2b86d53db1622776cd.gif?imageslim,AcFun,三日榜,three-days,hotlist,,2026-09-26 02:26:03
16,【锅锅x怀瑜x阔落】千里邀月——共饮此杯赏此月，夜好眠,中秋到了，和姐妹们合唱了千里邀月~~<br/>乐：可乐祝大家身体健康，永不加班，月圆人团圆<br/>鱼：怀瑜愿诸位财源广进，常能摸鱼，花好月更圆<br/>锅：锅锅祝大家桂香满锅，早归赏月，饼甜心更甜<br/>祝大家中秋快乐~,1732,https://www.acfun.cn/v/ac48871580,https://tx-free-imgs.acfun.cn/newUpload/67206930_e47be8dbac2546e1b5a4a831e71dabe4.jpeg?imageslim,AcFun,三日榜,three-days,hotlist,,2026-09-26 02:26:03
17,姛姛？！蝴蝶耳机Manget中文翻唱【箐羽Hane】x【缇若柯Teivoc】,“是否你确实表里如一淡然，还是说你——并不似我贪婪？”<br/>《Manget》磁石 / 蝴蝶耳机 - 中文翻唱<br/>原作作曲 / 流星P<br/>曲绘&翻唱 / 箐羽hane & 缇若柯Teivoc<br/>中文填词 / 果汁凉菜<br/>混音 / 风尘<br/>和笋笋一起唱了我们二次元姛神曲！曲绘也是我和笋笋每个人负责了自己的部分最后再拼到一起的！真好！( *^ ^)o(^ ^* )希望大家也能喜欢！,1621,https://www.acfun.cn/v/ac48869340,https://tx-free-imgs.acfun.cn/newUpload/67511609_d868cdbd6b1849e8958696cdc9db1493.jpeg?imageslim,AcFun,三日榜,three-days,hotlist,,2026-09-26 02:26:03
18,和我一起健身吧！！！欢乐八点档-1783,审核大大辛苦了！<br/>免费的香蕉投一下吧，没有那就点个赞吧，这对我来说很重要，谢谢！！！<br/>谢谢每一个投蕉的帅哥美女！你们是我坚持更新的动力！<br/>视频来自快手等平台，侵权联系删除！,2029,https://www.acfun.cn/v/ac48872699,https://tx-free-imgs.acfun.cn/newUpload/2176158_e379c7202d2e43029e07ad17f40cab19.gif?imageslim,AcFun,三日榜,three-days,hotlist,,2026-09-26 02:26:03
19,现在电脑不好卖了，以后我们出租AI机器人吧,,2240,https://www.acfun.cn/v/ac48867767,https://tx-free-imgs.acfun.cn/newUpload/17928_c684f06231604145b533a0f00627c624.png?imageslim,AcFun,三日榜,three-days,hotlist,,2026-09-26 02:26:03
20,我要冲会员【今天有什么好笑的 #2516】,：），谢谢大家的投蕉和点赞，祝你开心愉快~<br/>wallpaper壁纸：Reze | Chainsaw Man<br/>BGM：Nicoleta Matei - Love mail<br/>,2474,https://www.acfun.cn/v/ac48870763,https://tx-free-imgs.acfun.cn/newUpload/383079_47b0fc3f458042f5bd3717967e55c598.gif?imageslim,AcFun,三日榜,three-days,hotlist,,2026-09-26 02:26:03
21,女妖邪神凶宅索命，最惨主角逆天求生！克系神游《魔女屋中之梦》像素恐怖游戏详细讲述【深夜档】,如何在60天内，让洛夫克拉夫特小说中惨死的倒霉主角逆天改命？这位芬兰作者打造了一部又硬核又忠实的优秀克苏鲁游戏！入住阿卡姆百年凶宅的凡人主角沃尔特·吉尔曼，接连遭到人脸妖鼠，恐怖女巫，不可名状外神的侵袭。白天钻研神秘学知识，梦中游历邪恶异星。他将与密斯卡托尼克大学最强战神亨利·阿米蒂奇教授联手对抗邪神降世！这是一部真正将洛氏“宇宙恐怖”带入到日常，并忠实于原著的游戏，自由度超高且信息量惊人！我将细致地带各位体验这跌宕起伏的60天，看弱小的主角如何起死回生并拯救世界！,1284,https://www.acfun.cn/v/ac48872418,https://tx-free-imgs.acfun.cn/newUpload/817797_2631b7cf26c14c2fbbfb062962a775be.jpeg?imageslim,AcFun,三日榜,three-days,hotlist,,2026-09-26 02:26:03
22,网络上常见的热门短视频集锦   第三千四百四十六期,审核大大辛苦了！<br/>谢谢每一个投蕉的帅哥美女！香蕉没有来个赞也好啊！<br/>视频来自快手等平台，侵权联系删除！,3684,https://www.acfun.cn/v/ac48867732,https://tx-free-imgs.acfun.cn/newUpload/2176158_2ec1d99da19a48e0a8e4ff2a2447e612.gif?imageslim,AcFun,三日榜,three-days,hotlist,,2026-09-26 02:26:03
23,网络上常见的热门短视频集锦   第三千四百四十八期,审核大大辛苦了！<br/>谢谢每一个投蕉的帅哥美女！香蕉没有来个赞也好啊！<br/>视频来自快手等平台，侵权联系删除！,3519,https://www.acfun.cn/v/ac48870020,https://tx-free-imgs.acfun.cn/newUpload/2176158_d65e54f4e9ee489b86b6fc28c31c84ee.gif?imageslim,AcFun,三日榜,three-days,hotlist,,2026-09-26 02:26:03
24,网络上常见的热门短视频集锦   第三千四百四十九期,审核大大辛苦了！<br/>谢谢每一个投蕉的帅哥美女！香蕉没有来个赞也好啊！<br/>视频来自快手等平台，侵权联系删除！,2517,https://www.acfun.cn/v/ac48871496,https://tx-free-imgs.acfun.cn/newUpload/2176158_cf20f7722011491da25ce2efbc799dba.gif?imageslim,AcFun,三日榜,three-days,hotlist,,2026-09-26 02:26:03
25,交通事故20260923：交通车祸实例，提高安全驾驶意识,,1446,https://www.acfun.cn/v/ac48868861,https://tx-free-imgs.acfun.cn/newUpload/76871961_edea5de6659a4cd2b733a74989043440.jpg?imageslim,AcFun,三日榜,three-days,hotlist,,2026-09-26 02:26:03
26,沦陷️,歌曲舞蹈：沦陷dj版-星奇摇   动作有改编,1738,https://www.acfun.cn/v/ac48869381,https://tx-free-imgs.acfun.cn/newUpload/12229455_aacf9da97a0940ad8e5f0b509d9cc159.jpeg?imageslim,AcFun,三日榜,three-days,hotlist,,2026-09-26 02:26:03
27,网络上常见的热门短视频集锦   第三千四百四十七期,审核大大辛苦了！<br/>谢谢每一个投蕉的帅哥美女！香蕉没有来个赞也好啊！<br/>视频来自快手等平台，侵权联系删除！,3240,https://www.acfun.cn/v/ac48869149,https://tx-free-imgs.acfun.cn/newUpload/2176158_fdf9afe2e00a4a1aa62415c846776eaf.gif?imageslim,AcFun,三日榜,three-days,hotlist,,2026-09-26 02:26:03
28,老板直聘（89）,,1648,https://www.acfun.cn/v/ac48868552,https://tx-free-imgs.acfun.cn/newUpload/74706824_db2c7ba15c5d4aa18872db6b0763b7ca.jpeg?imageslim,AcFun,三日榜,three-days,hotlist,,2026-09-26 02:26:03
29,人鱼的眼泪,歌曲舞蹈：爱乐之城-人鱼的眼泪,1557,https://www.acfun.cn/v/ac48867050,https://tx-free-imgs.acfun.cn/newUpload/12229455_130b1f041e6741dab4f6295ee27d927e.jpeg?imageslim,AcFun,三日榜,three-days,hotlist,,2026-09-26 02:26:03
30,常州新开巴西烤肉自助，100块钱值得吗？,这是我目前为止，去过的第二家巴西烤肉自助，团购优惠的情况下，花了94元。正常价格在95~110不等<br/><br/>简单带大家看下菜品，除了取餐台这么些，各种牛肉制品、大串烧烤都是循环上桌，大家觉得这么些菜式花样，100块钱左右你们觉得贵还是便宜啊，觉得贵的扣1，觉得便宜的扣2,1878,https://www.acfun.cn/v/ac48868891,https://tx-free-imgs.acfun.cn/newUpload/2046675_bf3a59ddff624646850829452262094e.jpeg?imageslim,AcFun,三日榜,three-days,hotlist,,2026-09-26 02:26:03
31,在英国差点被上门诈骗,可能看到我一人在家，就大胆敲门了，还好平常也会注意周边邻居，没发生什么事儿，这个金额就算被骗也不会报警，以后还是要小心一些了。#英国日常#vlog,1666,https://www.acfun.cn/v/ac48869505,https://tx-free-imgs.acfun.cn/newUpload/43181603_1c8c6c487a864d098b5e7e7bf2a12c6a.jpg?imageslim,AcFun,三日榜,three-days,hotlist,,2026-09-26 02:26:03
32,原创编舞《千层套路》的定机位竖屏来啦！,,1633,https://www.acfun.cn/v/ac48869245,https://tx-free-imgs.acfun.cn/newUpload/16380981_24bafd11c027499d9fe6820162faa782.png?imageslim,AcFun,三日榜,three-days,hotlist,,2026-09-26 02:26:03
33,【颜音】中秋歌回~祝大家节日快乐,皓月凌空，桂香满庭。<br/>愿今夜歌声暖心，祝各位中秋快乐，阖家美满！,1430,https://www.acfun.cn/v/ac48872065,https://tx-free-imgs.acfun.cn/newUpload/4425861_3dab8cdf19a74bf6accbdcd688cd9b6a.jpeg?imageslim,AcFun,三日榜,three-days,hotlist,,2026-09-26 02:26:03
34,换你穿越三国乱世，你是起兵还是种田？,有没有宝贝和我一样，看三国的时候总在想，如果换我身在那个乱世，我会怎么样？是起兵争霸，还是归隐山林？ 或是是咱们可以选三国里有名的角色或者可以架空历史从素人做起，一统三国，那会怎么样?我最近就玩了这么一款游戏，一玩就是五个小时，根本停不下来，那今天来聊聊这款开放世界slg游戏《英雄立志传：三国志》~<br/>,1918,https://www.acfun.cn/v/ac48869043,https://tx-free-imgs.acfun.cn/newUpload/61352468_39715609bed041b98b21f3dbb482ad70.jpeg?imageslim,AcFun,三日榜,three-days,hotlist,,2026-09-26 02:26:03
35,北京的最北端在黑龙江？？？国内飞地是怎么形成的？,这份中国地图，是你从未看过的船新版本，放大几倍就会发现，在大家熟悉的各个省份中，还藏着一堆 “你中有我、我中有你” 的飞地。,1813,https://www.acfun.cn/v/ac48867896,https://tx-free-imgs.acfun.cn/newUpload/13630266_cc2428a99a42453f99c9e1306e7a43bb.jpeg?imageslim,AcFun,三日榜,three-days,hotlist,,2026-09-26 02:26:03
36,我要辞职了！,,1694,https://www.acfun.cn/v/ac48863957,https://tx-free-imgs.acfun.cn/newUpload/12439728_7c57a0735675474590bf7b25e1a34527.png?imageslim,AcFun,三日榜,three-days,hotlist,,2026-09-26 02:26:03
37,发个friend圈,,1534,https://www.acfun.cn/v/ac48863958,https://tx-free-imgs.acfun.cn/newUpload/12439728_b44cb67ae45a4c179b08227368f4159c.png?imageslim,AcFun,三日榜,three-days,hotlist,,2026-09-26 02:26:03
38,网络上常见的热门短视频集锦   第三千四百五十期,审核大大辛苦了！<br/>谢谢每一个投蕉的帅哥美女！香蕉没有来个赞也好啊！<br/>视频来自快手等平台，侵权联系删除！,2400,https://www.acfun.cn/v/ac48872279,https://tx-free-imgs.acfun.cn/newUpload/2176158_a96ecd95394b4517928ac111407f75b1.gif?imageslim,AcFun,三日榜,three-days,hotlist,,2026-09-26 02:26:03
39,【4K超高清】「JOJO的奇妙冒险 飙马野郎」第2话,,4482,https://www.acfun.cn/v/ac48872740,https://tx-free-imgs.acfun.cn/newUpload/72840608_a526e08904d049d2b38ce5f38bd71e63.jpeg?imageslim,AcFun,三日榜,three-days,hotlist,,2026-09-26 02:26:03
40,短裙挑战！超长翻跳一次看个够~【生日作】,,1319,https://www.acfun.cn/v/ac48872675,https://tx-free-imgs.acfun.cn/newUpload/32485245_415db634556140d1841e2ebb4c0d9371.jpeg?imageslim,AcFun,三日榜,three-days,hotlist,,2026-09-26 02:26:03
41,奥迪“宫斗”十年大结局？一汽拿四环，上汽拿AUDI,一汽奥迪和上汽奥迪“宫斗”了十年，终于要划下句号了？,1718,https://www.acfun.cn/v/ac48870981,https://tx-free-imgs.acfun.cn/newUpload/13630266_3fde785be5a2411495618f67d01ab66a.jpeg?imageslim,AcFun,三日榜,three-days,hotlist,,2026-09-26 02:26:03
42,捏捏已经已进化到可以吃的地步啦？,,1630,https://www.acfun.cn/v/ac48868638,https://tx-free-imgs.acfun.cn/newUpload/6177430_486c910212d548c991eeb140f146a6ed.jpeg?imageslim,AcFun,三日榜,three-days,hotlist,,2026-09-26 02:26:03
43,【东方】QUEEN【蕾米莉亚 Miy Ver. MMD】,作者：やくも<br/><br/>楽曲:Kanaria 様→https://www.nicovideo.jp/watch/sm4088...<br/>振付:AKIRA様<br/>モーション:P-nez 様→https://www.nicovideo.jp/watch/sm4350...<br/>カメラ:Mizuha様→https://www.nicovideo.jp/watch/sm4353...<br/>モデル:MIy様<br/>ステージ:栗ごはん様<br/>アクセサリ:アスカ様,1252,https://www.acfun.cn/v/ac48870080,https://tx-free-imgs.acfun.cn/newUpload/6102_6a4dce20c9b74fa0bbdff3ccc0a73c5d.png?imageslim,AcFun,三日榜,three-days,hotlist,,2026-09-26 02:26:03
44,今夜的风悄悄月悄悄~,,1229,https://www.acfun.cn/v/ac48873434,https://tx-free-imgs.acfun.cn/newUpload/23512715_0f364b6606dd467ab9975ffef5af1b29.jpg?imageslim,AcFun,三日榜,three-days,hotlist,,2026-09-26 02:26:03
45,【东方/汉化】咲夜带你了解汉字【MMD搞笑小剧场】,作者：クローバー,1156,https://www.acfun.cn/v/ac48872652,https://tx-free-imgs.acfun.cn/newUpload/6102_8b2072189ecb4044a7de95bb450d02ed.jpeg?imageslim,AcFun,三日榜,three-days,hotlist,,2026-09-26 02:26:03
46,这套皮肤真的很喜欢,,1462,https://www.acfun.cn/v/ac48871657,https://tx-free-imgs.acfun.cn/newUpload/16380981_ac9640e59a3a42e093fcee0a0b81d474.jpg?imageslim,AcFun,三日榜,three-days,hotlist,,2026-09-26 02:26:03
47,你吃月饼了吗？,,1439,https://www.acfun.cn/v/ac48869054,https://tx-free-imgs.acfun.cn/newUpload/1167675_8f48723afb0e41ecbe772249b3f4df1a.jpg?imageslim,AcFun,三日榜,three-days,hotlist,,2026-09-26 02:26:03
48,抱紧原生家庭（90）,,1411,https://www.acfun.cn/v/ac48867786,https://tx-free-imgs.acfun.cn/newUpload/74706824_fcc9a2386aff4fb0b3ecd158e3c6b97f.png?imageslim,AcFun,三日榜,three-days,hotlist,,2026-09-26 02:26:03
49,望眼欲穿【今天有什么好笑的 #2517】,：），谢谢大家的投蕉和点赞，祝你开心愉快~<br/>Wallpaper壁纸：雪山与女孩<br/>Bgm：あのね。,1726,https://www.acfun.cn/v/ac48872647,https://tx-free-imgs.acfun.cn/newUpload/383079_40beb913fd1a44d3afa053553d53b466.gif?imageslim,AcFun,三日榜,three-days,hotlist,,2026-09-26 02:26:03
50,只有刀鸣最小丑？各大游戏千年血战联动盘点！,300英雄的含金量还在上升,1964,https://www.acfun.cn/v/ac48869154,https://tx-free-imgs.acfun.cn/newUpload/247671_7d920e56c00e4af39fed560bf094f965.jpeg?imageslim,AcFun,三日榜,three-days,hotlist,,2026-09-26 02:26:03
1,剑戟战斗的巅峰 关卡内容的洼地 偏科严重的《鬼武者：剑之道》,它给人爽的部分是真的爽，但是在每次爽之前，你得堵不少马桶，先生。,4494,https://www.acfun.cn/v/ac48859506,https://tx-free-imgs.acfun.cn/newUpload/934542_5d98ad80ca9c4307b5cdc2051c11cb50.jpeg?imageslim,AcFun,周榜,week,hotlist,,2026-09-26 02:26:03
2,是谁点的小恶魔，蕉出来～,,6220,https://www.acfun.cn/v/ac48867778,https://tx-free-imgs.acfun.cn/newUpload/17062172_6098fee67d1748e0ab5dab3b5665736c.jpg?imageslim,AcFun,周榜,week,hotlist,,2026-09-26 02:26:03
3,跳最开心的一集,,3978,https://www.acfun.cn/v/ac48860571,https://tx-free-imgs.acfun.cn/newUpload/50330447_79a3f269514140c29e7a85fb7c9dc94c.jpg?imageslim,AcFun,周榜,week,hotlist,,2026-09-26 02:26:03
4,喜欢哪套？,,6872,https://www.acfun.cn/v/ac48861422,https://tx-free-imgs.acfun.cn/newUpload/3540234_729e0d22251f439da3735f26e58d174f.jpg?imageslim,AcFun,周榜,week,hotlist,,2026-09-26 02:26:03
5,过期JK碎碎念！,家人们记得蕉一蕉捏 啾咪,5914,https://www.acfun.cn/v/ac48859219,https://tx-free-imgs.acfun.cn/newUpload/17062172_5dd6ea8b5f2741ff87f0911db6dfb909.jpg?imageslim,AcFun,周榜,week,hotlist,,2026-09-26 02:26:03
6,娃：真遗憾，本来打算亲自告诉你们的,嘿嘿希望大家都万事顺意～心想事成,4304,https://www.acfun.cn/v/ac48871740,https://tx-free-imgs.acfun.cn/newUpload/17062172_d1a93166ed084e3aadac2fea4bba0707.jpg?imageslim,AcFun,周榜,week,hotlist,,2026-09-26 02:26:03
7,人间琴悠扬，姑娘把谁记心上～,,2727,https://www.acfun.cn/v/ac48863143,https://tx-free-imgs.acfun.cn/newUpload/50330447_938d77716a11477e843914663278ff07.jpg?imageslim,AcFun,周榜,week,hotlist,,2026-09-26 02:26:03
8,《野生动物迷惑行为》,喜欢请投蕉啊   谢谢啦！,2889,https://www.acfun.cn/v/ac48868360,https://tx-free-imgs.acfun.cn/newUpload/1342385_3fab348c538e4c0fa001871a708fe302.jpeg?imageslim,AcFun,周榜,week,hotlist,,2026-09-26 02:26:03
9,《动物游戏行为图鉴》,喜欢请投蕉啊 谢谢啦！,2881,https://www.acfun.cn/v/ac48857450,https://tx-free-imgs.acfun.cn/newUpload/1342385_485bc20a4c164df2928409b209fa9afc.jpeg?imageslim,AcFun,周榜,week,hotlist,,2026-09-26 02:26:03
10,《动物迷惑行为大赏325》,喜欢请投蕉啊 谢谢啦！,2656,https://www.acfun.cn/v/ac48861293,https://tx-free-imgs.acfun.cn/newUpload/1342385_03080470038d444a95ce01ff6a6aeb9f.jpeg?imageslim,AcFun,周榜,week,hotlist,,2026-09-26 02:26:03
11,双马尾小女仆带来的情绪摇～,,4004,https://www.acfun.cn/v/ac48861966,https://tx-free-imgs.acfun.cn/newUpload/11361784_8cee0402b4754b1e82f85b7099791793.jpg?imageslim,AcFun,周榜,week,hotlist,,2026-09-26 02:26:03
12,帮Acer问一下，地址在哪里？欢乐八点档-1779,审核大大辛苦了！<br/>免费的香蕉投一下吧，没有那就点个赞吧，这对我来说很重要，谢谢！！！<br/>谢谢每一个投蕉的帅哥美女！你们是我坚持更新的动力！<br/>视频来自快手等平台，侵权联系删除！,4502,https://www.acfun.cn/v/ac48863633,https://tx-free-imgs.acfun.cn/newUpload/2176158_ff69c3c797d5414e8056b329918cc5b6.gif?imageslim,AcFun,周榜,week,hotlist,,2026-09-26 02:26:03
13,【绘图过程】《海边》6周年纪念插图过程,6周年纪念插图挂画（预售）、沙滩巾（预售），阿宝已上架,3369,https://www.acfun.cn/v/ac48836990,https://tx-free-imgs.acfun.cn/newUpload/179922_9f95aba039e84f3594c3947b3c8fdd58.jpeg?imageslim,AcFun,周榜,week,hotlist,,2026-09-26 02:26:03
14,还是少妇会的多啊！★手机竖屏2011★,审核大大辛苦了！<br/>谢谢每一个投蕉的帅哥美女！香蕉没有来个赞也好啊！<br/>视频来自快手等平台，侵权联系删除！,5228,https://www.acfun.cn/v/ac48864360,https://tx-free-imgs.acfun.cn/newUpload/2176158_3d4f199fd93640468e543b9ee25ac4c0.gif?imageslim,AcFun,周榜,week,hotlist,,2026-09-26 02:26:03
15,漫威金刚狼深陷争议！SweetBaby又毁一款？【绅批】,这算是DEI的历史遗留问题了，所有现在已经从sweetbaby离职的人，只要参与过游戏制作也会被署名（比如桥本和真）,2920,https://www.acfun.cn/v/ac48868810,https://tx-free-imgs.acfun.cn/newUpload/526850_ca1da1572b1d494a93e2f6bab46cf76b.jpeg?imageslim,AcFun,周榜,week,hotlist,,2026-09-26 02:26:03
16,因为害怕被讨厌 所以把自己藏起来了,,3173,https://www.acfun.cn/v/ac48871331,https://tx-free-imgs.acfun.cn/newUpload/11361784_3d4bd69b46f541e184c2922c24f09276.jpg?imageslim,AcFun,周榜,week,hotlist,,2026-09-26 02:26:03
17,裸足圆脸仙女下凡～跳一曲千里邀月【可心喵】,,2121,https://www.acfun.cn/v/ac48872448,https://tx-free-imgs.acfun.cn/newUpload/12892608_6691690fd8e944278bda5d5390e1e5a9.jpg?imageslim,AcFun,周榜,week,hotlist,,2026-09-26 02:26:03
18,我真的是来吃饭的！★手机竖屏2013★,审核大大辛苦了！<br/>谢谢每一个投蕉的帅哥美女！香蕉没有来个赞也好啊！<br/>视频来自快手等平台，侵权联系删除！,3875,https://www.acfun.cn/v/ac48869145,https://tx-free-imgs.acfun.cn/newUpload/2176158_eb4b69370b8f435aa2b171e72403d356.gif?imageslim,AcFun,周榜,week,hotlist,,2026-09-26 02:26:03
19,mr chu!!好怀念这首歌,,2122,https://www.acfun.cn/v/ac48869375,https://tx-free-imgs.acfun.cn/newUpload/16380981_19592eb83a88429695ee1a0508fc3df0.png?imageslim,AcFun,周榜,week,hotlist,,2026-09-26 02:26:03
20,网络上常见的热门短视频集锦   第三千四百三十八期,审核大大辛苦了！<br/>谢谢每一个投蕉的帅哥美女！香蕉没有来个赞也好啊！<br/>视频来自快手等平台，侵权联系删除！,4452,https://www.acfun.cn/v/ac48858394,https://tx-free-imgs.acfun.cn/newUpload/2176158_38174e72af934b9e86687045b01f0dd3.gif?imageslim,AcFun,周榜,week,hotlist,,2026-09-26 02:26:03
21,钓鱼佬是真会享受！欢乐八点档-1777,审核大大辛苦了！<br/>免费的香蕉投一下吧，没有那就点个赞吧，这对我来说很重要，谢谢！！！<br/>谢谢每一个投蕉的帅哥美女！你们是我坚持更新的动力！<br/>视频来自快手等平台，侵权联系删除！,4612,https://www.acfun.cn/v/ac48858969,https://tx-free-imgs.acfun.cn/newUpload/2176158_c9d74d926c4c4d709a4b6b7769dffcca.gif?imageslim,AcFun,周榜,week,hotlist,,2026-09-26 02:26:03
22,一波还未平息一波又来侵袭！★手机竖屏2010★,审核大大辛苦了！<br/>谢谢每一个投蕉的帅哥美女！香蕉没有来个赞也好啊！<br/>视频来自快手等平台，侵权联系删除！,4795,https://www.acfun.cn/v/ac48862013,https://tx-free-imgs.acfun.cn/newUpload/2176158_c4802142afc14d50b2cd775e67890cca.gif?imageslim,AcFun,周榜,week,hotlist,,2026-09-26 02:26:03
23,还是少妇会啊！！！★手机竖屏2009★,审核大大辛苦了！<br/>谢谢每一个投蕉的帅哥美女！香蕉没有来个赞也好啊！<br/>视频来自快手等平台，侵权联系删除！,4906,https://www.acfun.cn/v/ac48859515,https://tx-free-imgs.acfun.cn/newUpload/2176158_d4e9e6e30f4446319f9e720adfe35ef9.gif?imageslim,AcFun,周榜,week,hotlist,,2026-09-26 02:26:03
24,【AC娘】琵琶曲,原作者：Kotte Animation<br/>还有瑕疵，看个乐吧,3163,https://www.acfun.cn/v/ac48864492,https://tx-free-imgs.acfun.cn/newUpload/41729435_02cbd995b6d54f508eb21d3cb8621903.jpeg?imageslim,AcFun,周榜,week,hotlist,,2026-09-26 02:26:03
25,25年了，回坊天花板小酥肉，还是那个味儿,记忆中的味道，回来了，都回来了……<br/>一口椒麻一口鲜，大口吃肉，配上热腾腾的米饭，绝了。<br/>素三鲜也是无敌的存在！,2561,https://www.acfun.cn/v/ac48865538,https://tx-free-imgs.acfun.cn/newUpload/13765438_9bc4a0abf32a4c1aa3e83c844de84649.jpeg?imageslim,AcFun,周榜,week,hotlist,,2026-09-26 02:26:03
26,拳击好啊，拳击得学！欢乐八点档-1781,审核大大辛苦了！<br/>免费的香蕉投一下吧，没有那就点个赞吧，这对我来说很重要，谢谢！！！<br/>谢谢每一个投蕉的帅哥美女！你们是我坚持更新的动力！<br/>视频来自快手等平台，侵权联系删除！,4153,https://www.acfun.cn/v/ac48868336,https://tx-free-imgs.acfun.cn/newUpload/2176158_3f6c601293a54468bae97f781440217b.gif?imageslim,AcFun,周榜,week,hotlist,,2026-09-26 02:26:03
27,这样的学姐喜欢吗？欢乐八点档-1782,审核大大辛苦了！<br/>免费的香蕉投一下吧，没有那就点个赞吧，这对我来说很重要，谢谢！！！<br/>谢谢每一个投蕉的帅哥美女！你们是我坚持更新的动力！<br/>视频来自快手等平台，侵权联系删除！,3796,https://www.acfun.cn/v/ac48870057,https://tx-free-imgs.acfun.cn/newUpload/2176158_4c1f3b60f73e451abc443941d47305d8.gif?imageslim,AcFun,周榜,week,hotlist,,2026-09-26 02:26:03
28,你的拳头真是肥嘟嘟的...,动漫：心灵的声音，作者：赵石【韩国】,2194,https://www.acfun.cn/v/ac48859870,https://tx-free-imgs.acfun.cn/newUpload/509259_2fa91d5206504450be471808d9c93a22.jpeg?imageslim,AcFun,周榜,week,hotlist,,2026-09-26 02:26:03
29,北京豆汁会惩罚每一个好奇的人！欢乐八点档-1780,审核大大辛苦了！<br/>免费的香蕉投一下吧，没有那就点个赞吧，这对我来说很重要，谢谢！！！<br/>谢谢每一个投蕉的帅哥美女！你们是我坚持更新的动力！<br/>视频来自快手等平台，侵权联系删除！,4478,https://www.acfun.cn/v/ac48865965,https://tx-free-imgs.acfun.cn/newUpload/2176158_ec83e6fb2ffc4005b41881ac13dbaeca.gif?imageslim,AcFun,周榜,week,hotlist,,2026-09-26 02:26:03
30,这个一字马技术含量很高啊！欢乐八点档-1778,审核大大辛苦了！<br/>免费的香蕉投一下吧，没有那就点个赞吧，这对我来说很重要，谢谢！！！<br/>谢谢每一个投蕉的帅哥美女！你们是我坚持更新的动力！<br/>视频来自快手等平台，侵权联系删除！,4404,https://www.acfun.cn/v/ac48861225,https://tx-free-imgs.acfun.cn/newUpload/2176158_0824627cb76d40dc99ce9cb12c07e4cc.gif?imageslim,AcFun,周榜,week,hotlist,,2026-09-26 02:26:03
31,网络上常见的热门短视频集锦   第三千四百四十五期,审核大大辛苦了！<br/>谢谢每一个投蕉的帅哥美女！香蕉没有来个赞也好啊！<br/>视频来自快手等平台，侵权联系删除！,3950,https://www.acfun.cn/v/ac48866824,https://tx-free-imgs.acfun.cn/newUpload/2176158_dba921eb42f14c7ba31a1af83bfe71ce.gif?imageslim,AcFun,周榜,week,hotlist,,2026-09-26 02:26:03
32,琵琶曲丨夜神月 VS  L,原曲：琵琶曲,2270,https://www.acfun.cn/v/ac48861693,https://tx-free-imgs.acfun.cn/newUpload/16986934_3bf4dd94910c4845acf851f7f0fdb757.jpeg?imageslim,AcFun,周榜,week,hotlist,,2026-09-26 02:26:03
33,网络上常见的热门短视频集锦   第三千四百四十一期,审核大大辛苦了！<br/>谢谢每一个投蕉的帅哥美女！香蕉没有来个赞也好啊！<br/>视频来自快手等平台，侵权联系删除！,4202,https://www.acfun.cn/v/ac48862019,https://tx-free-imgs.acfun.cn/newUpload/2176158_6e5a88d95f344d92a8d97a57f03ac4b9.gif?imageslim,AcFun,周榜,week,hotlist,,2026-09-26 02:26:03
34,拜托了，夫人！★手机竖屏2014★,审核大大辛苦了！<br/>谢谢每一个投蕉的帅哥美女！香蕉没有来个赞也好啊！<br/>视频来自快手等平台，侵权联系删除！,3148,https://www.acfun.cn/v/ac48871493,https://tx-free-imgs.acfun.cn/newUpload/2176158_afaf0913878443b1bc00d636136ffce3.gif?imageslim,AcFun,周榜,week,hotlist,,2026-09-26 02:26:03
35,空中瑜伽！！！★手机竖屏2012★,审核大大辛苦了！<br/>谢谢每一个投蕉的帅哥美女！香蕉没有来个赞也好啊！<br/>视频来自快手等平台，侵权联系删除！,4456,https://www.acfun.cn/v/ac48866821,https://tx-free-imgs.acfun.cn/newUpload/2176158_610807af48f5463a891fc9f341c9b16f.gif?imageslim,AcFun,周榜,week,hotlist,,2026-09-26 02:26:03
36,厨师长教你：“鱼香肉丝”的家常做法，酸甜微辣，口感丰富,,2048,https://www.acfun.cn/v/ac48867741,https://tx-free-imgs.acfun.cn/newUpload/13274260_93e68d1098d04ffca2683655a6a404c2.jpeg?imageslim,AcFun,周榜,week,hotlist,,2026-09-26 02:26:03
37,网络上常见的热门短视频集锦   第三千四百三十九期,审核大大辛苦了！<br/>谢谢每一个投蕉的帅哥美女！香蕉没有来个赞也好啊！<br/>视频来自快手等平台，侵权联系删除！,4055,https://www.acfun.cn/v/ac48859518,https://tx-free-imgs.acfun.cn/newUpload/2176158_13f61f1aa39c4732bdaeed87fe0e28a4.gif?imageslim,AcFun,周榜,week,hotlist,,2026-09-26 02:26:03
38,今天你不能嫁出去【今天有什么好笑的 #2514】,：)，谢谢大家，祝你们开心。<br/>wallpaper壁纸：Fading Astronaut 5K (update)<br/>BGM：I Want It That Way,2904,https://www.acfun.cn/v/ac48865864,https://tx-free-imgs.acfun.cn/newUpload/383079_ee4f5f7badf74f05a2ef6c691387f327.gif?imageslim,AcFun,周榜,week,hotlist,,2026-09-26 02:26:03
39,一天生产500万个！速冻水饺是如何制造出来的？,,2163,https://www.acfun.cn/v/ac48859253,https://tx-free-imgs.acfun.cn/newUpload/19281632_57f07fe28e24422d948491fd2d43586c.jpeg?imageslim,AcFun,周榜,week,hotlist,,2026-09-26 02:26:03
40,嘴角压不住了【今天有什么好笑的 #2515】,：），谢谢大家的投蕉和点赞，祝你开心愉快~<br/>wallpaper壁纸：Genshin 神里绫华<br/>BGM：Wake me up when september ends,2427,https://www.acfun.cn/v/ac48868130,https://tx-free-imgs.acfun.cn/newUpload/383079_ef65121591434d2b86d53db1622776cd.gif?imageslim,AcFun,周榜,week,hotlist,,2026-09-26 02:26:03
41,单纯的约会（92）,,1821,https://www.acfun.cn/v/ac48857199,https://tx-free-imgs.acfun.cn/newUpload/74706824_a3a60d77e6934225b168686e44216c4b.png?imageslim,AcFun,周榜,week,hotlist,,2026-09-26 02:26:03
42,【东方】推特东方小视频选集 第272期,睡觉睡觉睡觉睡觉睡觉睡觉睡觉睡觉睡觉睡觉……,1407,https://www.acfun.cn/v/ac48858830,https://tx-free-imgs.acfun.cn/newUpload/6102_5a13d6efeec742ff84c512206aaeb7b0.jpeg?imageslim,AcFun,周榜,week,hotlist,,2026-09-26 02:26:03
43,甜妹来袭！,,2164,https://www.acfun.cn/v/ac48863947,https://tx-free-imgs.acfun.cn/newUpload/12439728_1fd5a3c6e60241a1a1cd8f89dbede769.png?imageslim,AcFun,周榜,week,hotlist,,2026-09-26 02:26:03
44,网络上常见的热门短视频集锦   第三千四百四十三期,审核大大辛苦了！<br/>谢谢每一个投蕉的帅哥美女！香蕉没有来个赞也好啊！<br/>视频来自快手等平台，侵权联系删除！,3658,https://www.acfun.cn/v/ac48864363,https://tx-free-imgs.acfun.cn/newUpload/2176158_dfef22dbf6934a15a594e5766b8680ca.gif?imageslim,AcFun,周榜,week,hotlist,,2026-09-26 02:26:03
45,嘞个就是爱情【今天有什么好笑的 #2512】,：），谢谢大家的投蕉和点赞，祝你开心愉快~<br/>wallpaper壁纸：lamp<br/>BGM：What a Feeling,2450,https://www.acfun.cn/v/ac48860992,https://tx-free-imgs.acfun.cn/newUpload/383079_172d192fee55441c96b7352f61e0a25f.gif?imageslim,AcFun,周榜,week,hotlist,,2026-09-26 02:26:03
46,网络上常见的热门短视频集锦   第三千四百四十四期,审核大大辛苦了！<br/>谢谢每一个投蕉的帅哥美女！香蕉没有来个赞也好啊！<br/>视频来自快手等平台，侵权联系删除！,3563,https://www.acfun.cn/v/ac48865021,https://tx-free-imgs.acfun.cn/newUpload/2176158_663463f1e6004dc2b4dea153d1e60c05.gif?imageslim,AcFun,周榜,week,hotlist,,2026-09-26 02:26:03
47,和我一起健身吧！！！欢乐八点档-1783,审核大大辛苦了！<br/>免费的香蕉投一下吧，没有那就点个赞吧，这对我来说很重要，谢谢！！！<br/>谢谢每一个投蕉的帅哥美女！你们是我坚持更新的动力！<br/>视频来自快手等平台，侵权联系删除！,2029,https://www.acfun.cn/v/ac48872699,https://tx-free-imgs.acfun.cn/newUpload/2176158_e379c7202d2e43029e07ad17f40cab19.gif?imageslim,AcFun,周榜,week,hotlist,,2026-09-26 02:26:03
48,【锅锅x怀瑜x阔落】千里邀月——共饮此杯赏此月，夜好眠,中秋到了，和姐妹们合唱了千里邀月~~<br/>乐：可乐祝大家身体健康，永不加班，月圆人团圆<br/>鱼：怀瑜愿诸位财源广进，常能摸鱼，花好月更圆<br/>锅：锅锅祝大家桂香满锅，早归赏月，饼甜心更甜<br/>祝大家中秋快乐~,1732,https://www.acfun.cn/v/ac48871580,https://tx-free-imgs.acfun.cn/newUpload/67206930_e47be8dbac2546e1b5a4a831e71dabe4.jpeg?imageslim,AcFun,周榜,week,hotlist,,2026-09-26 02:26:03
49,网络上常见的热门短视频集锦   第三千四百三十七期,审核大大辛苦了！<br/>谢谢每一个投蕉的帅哥美女！香蕉没有来个赞也好啊！<br/>视频来自快手等平台，侵权联系删除！,3679,https://www.acfun.cn/v/ac48857544,https://tx-free-imgs.acfun.cn/newUpload/2176158_65f1d403dce7484b8d62b6f272bdbe31.gif?imageslim,AcFun,周榜,week,hotlist,,2026-09-26 02:26:03
50,姛姛？！蝴蝶耳机Manget中文翻唱【箐羽Hane】x【缇若柯Teivoc】,“是否你确实表里如一淡然，还是说你——并不似我贪婪？”<br/>《Manget》磁石 / 蝴蝶耳机 - 中文翻唱<br/>原作作曲 / 流星P<br/>曲绘&翻唱 / 箐羽hane & 缇若柯Teivoc<br/>中文填词 / 果汁凉菜<br/>混音 / 风尘<br/>和笋笋一起唱了我们二次元姛神曲！曲绘也是我和笋笋每个人负责了自己的部分最后再拼到一起的！真好！( *^ ^)o(^ ^* )希望大家也能喜欢！,1621,https://www.acfun.cn/v/ac48869340,https://tx-free-imgs.acfun.cn/newUpload/67511609_d868cdbd6b1849e8958696cdc9db1493.jpeg?imageslim,AcFun,周榜,week,hotlist,,2026-09-26 02:26:03
1,娃：真遗憾，本来打算亲自告诉你们的,嘿嘿希望大家都万事顺意～心想事成,4373,https://www.acfun.cn/v/ac48871740,https://tx-free-imgs.acfun.cn/newUpload/17062172_d1a93166ed084e3aadac2fea4bba0707.jpg?imageslim,AcFun,日榜,day,hotlist,,2026-09-26 03:17:33
2,裸足圆脸仙女下凡～跳一曲千里邀月【可心喵】,,2148,https://www.acfun.cn/v/ac48872448,https://tx-free-imgs.acfun.cn/newUpload/12892608_6691690fd8e944278bda5d5390e1e5a9.jpg?imageslim,AcFun,日榜,day,hotlist,,2026-09-26 03:17:33
3,拜托了，夫人！★手机竖屏2014★,审核大大辛苦了！<br/>谢谢每一个投蕉的帅哥美女！香蕉没有来个赞也好啊！<br/>视频来自快手等平台，侵权联系删除！,3178,https://www.acfun.cn/v/ac48871493,https://tx-free-imgs.acfun.cn/newUpload/2176158_afaf0913878443b1bc00d636136ffce3.gif?imageslim,AcFun,日榜,day,hotlist,,2026-09-26 03:17:33
4,和我一起健身吧！！！欢乐八点档-1783,审核大大辛苦了！<br/>免费的香蕉投一下吧，没有那就点个赞吧，这对我来说很重要，谢谢！！！<br/>谢谢每一个投蕉的帅哥美女！你们是我坚持更新的动力！<br/>视频来自快手等平台，侵权联系删除！,2081,https://www.acfun.cn/v/ac48872699,https://tx-free-imgs.acfun.cn/newUpload/2176158_e379c7202d2e43029e07ad17f40cab19.gif?imageslim,AcFun,日榜,day,hotlist,,2026-09-26 03:17:33
5,女妖邪神凶宅索命，最惨主角逆天求生！克系神游《魔女屋中之梦》像素恐怖游戏详细讲述【深夜档】,如何在60天内，让洛夫克拉夫特小说中惨死的倒霉主角逆天改命？这位芬兰作者打造了一部又硬核又忠实的优秀克苏鲁游戏！入住阿卡姆百年凶宅的凡人主角沃尔特·吉尔曼，接连遭到人脸妖鼠，恐怖女巫，不可名状外神的侵袭。白天钻研神秘学知识，梦中游历邪恶异星。他将与密斯卡托尼克大学最强战神亨利·阿米蒂奇教授联手对抗邪神降世！这是一部真正将洛氏“宇宙恐怖”带入到日常，并忠实于原著的游戏，自由度超高且信息量惊人！我将细致地带各位体验这跌宕起伏的60天，看弱小的主角如何起死回生并拯救世界！,1295,https://www.acfun.cn/v/ac48872418,https://tx-free-imgs.acfun.cn/newUpload/817797_2631b7cf26c14c2fbbfb062962a775be.jpeg?imageslim,AcFun,日榜,day,hotlist,,2026-09-26 03:17:33
6,【锅锅x怀瑜x阔落】千里邀月——共饮此杯赏此月，夜好眠,中秋到了，和姐妹们合唱了千里邀月~~<br/>乐：可乐祝大家身体健康，永不加班，月圆人团圆<br/>鱼：怀瑜愿诸位财源广进，常能摸鱼，花好月更圆<br/>锅：锅锅祝大家桂香满锅，早归赏月，饼甜心更甜<br/>祝大家中秋快乐~,1749,https://www.acfun.cn/v/ac48871580,https://tx-free-imgs.acfun.cn/newUpload/67206930_e47be8dbac2546e1b5a4a831e71dabe4.jpeg?imageslim,AcFun,日榜,day,hotlist,,2026-09-26 03:17:33
7,网络上常见的热门短视频集锦   第三千四百四十九期,审核大大辛苦了！<br/>谢谢每一个投蕉的帅哥美女！香蕉没有来个赞也好啊！<br/>视频来自快手等平台，侵权联系删除！,2541,https://www.acfun.cn/v/ac48871496,https://tx-free-imgs.acfun.cn/newUpload/2176158_cf20f7722011491da25ce2efbc799dba.gif?imageslim,AcFun,日榜,day,hotlist,,2026-09-26 03:17:33
8,【4K超高清】「JOJO的奇妙冒险 飙马野郎」第2话,,4556,https://www.acfun.cn/v/ac48872740,https://tx-free-imgs.acfun.cn/newUpload/72840608_a526e08904d049d2b38ce5f38bd71e63.jpeg?imageslim,AcFun,日榜,day,hotlist,,2026-09-26 03:17:33
9,网络上常见的热门短视频集锦   第三千四百五十期,审核大大辛苦了！<br/>谢谢每一个投蕉的帅哥美女！香蕉没有来个赞也好啊！<br/>视频来自快手等平台，侵权联系删除！,2437,https://www.acfun.cn/v/ac48872279,https://tx-free-imgs.acfun.cn/newUpload/2176158_a96ecd95394b4517928ac111407f75b1.gif?imageslim,AcFun,日榜,day,hotlist,,2026-09-26 03:17:33
10,【颜音】中秋歌回~祝大家节日快乐,皓月凌空，桂香满庭。<br/>愿今夜歌声暖心，祝各位中秋快乐，阖家美满！,1436,https://www.acfun.cn/v/ac48872065,https://tx-free-imgs.acfun.cn/newUpload/4425861_3dab8cdf19a74bf6accbdcd688cd9b6a.jpeg?imageslim,AcFun,日榜,day,hotlist,,2026-09-26 03:17:33
11,今夜的风悄悄月悄悄~,,1267,https://www.acfun.cn/v/ac48873434,https://tx-free-imgs.acfun.cn/newUpload/23512715_0f364b6606dd467ab9975ffef5af1b29.jpg?imageslim,AcFun,日榜,day,hotlist,,2026-09-26 03:17:33
12,望眼欲穿【今天有什么好笑的 #2517】,：），谢谢大家的投蕉和点赞，祝你开心愉快~<br/>Wallpaper壁纸：雪山与女孩<br/>Bgm：あのね。,1748,https://www.acfun.cn/v/ac48872647,https://tx-free-imgs.acfun.cn/newUpload/383079_40beb913fd1a44d3afa053553d53b466.gif?imageslim,AcFun,日榜,day,hotlist,,2026-09-26 03:17:33
13,短裙挑战！超长翻跳一次看个够~【生日作】,,1338,https://www.acfun.cn/v/ac48872675,https://tx-free-imgs.acfun.cn/newUpload/32485245_415db634556140d1841e2ebb4c0d9371.jpeg?imageslim,AcFun,日榜,day,hotlist,,2026-09-26 03:17:33
14,【东方/汉化】咲夜带你了解汉字【MMD搞笑小剧场】,作者：クローバー,1165,https://www.acfun.cn/v/ac48872652,https://tx-free-imgs.acfun.cn/newUpload/6102_8b2072189ecb4044a7de95bb450d02ed.jpeg?imageslim,AcFun,日榜,day,hotlist,,2026-09-26 03:17:33
15,两段不伦恋 15年复仇路《老男孩》吴大秀我的折磨可是一辈子,本期带来《老男孩》50分钟 国庆要到了，铁粉都知道背包住在网红街道 小长假根本没法做节目，阿杰提意带着各自父母一起出去玩几天 所以这几天会加急看看能不能赶出来一期，实再不行就小长假后更新咯，中秋国庆都祝小伙伴开心快乐！,1120,https://www.acfun.cn/v/ac48871285,https://tx-free-imgs.acfun.cn/newUpload/6894185_ab259859c7df40d1b092d2e828bf38e5.jpeg?imageslim,AcFun,日榜,day,hotlist,,2026-09-26 03:17:33
16,我终于明白什么都不缺的含金量！,,1180,https://www.acfun.cn/v/ac48872781,https://tx-free-imgs.acfun.cn/newUpload/6177430_06f5f9b03edd4f73a3dfeba4cf78db16.jpeg?imageslim,AcFun,日榜,day,hotlist,,2026-09-26 03:17:33
17,“原来和思念的人相见，就是人们常说的团圆” | 愿年年有今夜《妙妙人间》,「愿岁岁年年有此夜。」<br/>To : 虽然隔着屏幕，但同一轮月亮也让我们团圆在这里。中秋快乐呀~<br/>==========<br/>《妙妙人间》<br/>原唱：张含韵<br/>混音：饭団子p<br/>翻唱&视频：露纱琳黛,1084,https://www.acfun.cn/v/ac48871599,https://tx-free-imgs.acfun.cn/newUpload/69790459_0b53ce48e1c7437c9bdd3cf45d53de8f.jpeg?imageslim,AcFun,日榜,day,hotlist,,2026-09-26 03:17:33
18,如果我和她恋爱的话……,,1276,https://www.acfun.cn/v/ac48871545,https://tx-free-imgs.acfun.cn/newUpload/2277346_de526594356a4c9f90b71bf5823054e6.jpg?imageslim,AcFun,日榜,day,hotlist,,2026-09-26 03:17:33
19,空姐OL~第57次取消发送,中秋节快乐,1546,https://www.acfun.cn/v/ac48872674,https://tx-free-imgs.acfun.cn/newUpload/14539629_46621bdc88a44c63be63172c5ba6cb6a.jpeg?imageslim,AcFun,日榜,day,hotlist,,2026-09-26 03:17:33
20,想和你一起赏月𐔌՞ ܸ.ˬ.ܸ՞𐦯千里邀月,,1056,https://www.acfun.cn/v/ac48873207,https://tx-free-imgs.acfun.cn/newUpload/57336445_c7d705d3782c4b0193b62c6d02e43748.jpg?imageslim,AcFun,日榜,day,hotlist,,2026-09-26 03:17:33
21,【绘画过程】9月保底《金秋》,大家中秋快乐！<br/>本月的保底是百贴布~ 某宝同步预售。,1513,https://www.acfun.cn/v/ac48872808,https://tx-free-imgs.acfun.cn/newUpload/179922_630934cb2f3245e5a4a4020570f61eca.png?imageslim,AcFun,日榜,day,hotlist,,2026-09-26 03:17:33
22,香煎盐焗鸡｜简单到不可能失败，外焦里嫩巨好吃,,1123,https://www.acfun.cn/v/ac48870521,https://tx-free-imgs.acfun.cn/newUpload/1383198_a8487ee2fe9849dc9807f9da5d193fb1.jpeg?imageslim,AcFun,日榜,day,hotlist,,2026-09-26 03:17:33
23,【1080P.奇幻冒险】JOJO的奇妙冒险 飙马野郎 (2026)第七季 第二集,1890年，一场世纪大赛“SBR”于美国举开。全长共6000公里，是人类史上第一场骑乘马匹横越北美大陆的比赛！为了拿下高达5千万美元（60亿日元）的冠军奖金，一群强悍的冒险家们正式展开了他们的争战！,1833,https://www.acfun.cn/v/ac48872840,https://tx-free-imgs.acfun.cn/newUpload/903432_bb4a52ee7e3e42cc853e5ff0b8a21e0d.png?imageslim,AcFun,日榜,day,hotlist,,2026-09-26 03:17:33
24,【官方中字】SBR JOJO的奇妙冒险 飙马野郎 2nd＆3rd STAGE 第二集,,1665,https://www.acfun.cn/v/ac48872883,https://tx-free-imgs.acfun.cn/newUpload/30501027_27e89cd7cd684f01a120b8ec666a3896.png?imageslim,AcFun,日榜,day,hotlist,,2026-09-26 03:17:33
25,忘情牛肉面,,1085,https://www.acfun.cn/v/ac48873433,https://tx-free-imgs.acfun.cn/newUpload/11361784_6fe659c9e31e428c8b700a04d46742fd.jpg?imageslim,AcFun,日榜,day,hotlist,,2026-09-26 03:17:33
26,三周摧毁美国东海岸，绿色流感为何无法阻止？【求生之路剧情解析+涂鸦翻译】,刺骨寒溪和最后一战的涂鸦和官方剧情联系不大，因此没有放在视频中；<br/>前面的内容感觉都有点多余，最后的涂鸦翻译才是本体。<br/><br/>,1239,https://www.acfun.cn/v/ac48867996,https://tx-free-imgs.acfun.cn/newUpload/1020536_15195e7242e247fb9dc7a625a61a3662.jpeg?imageslim,AcFun,日榜,day,hotlist,,2026-09-26 03:17:33
27,【柯基】《金风玉露》～～～晚风啊～～～,,1156,https://www.acfun.cn/v/ac48872627,https://tx-free-imgs.acfun.cn/newUpload/29493245_88171143b6bd4aa6885743ffe64d6584.png?imageslim,AcFun,日榜,day,hotlist,,2026-09-26 03:17:33
28,新肤色超辣！,,1305,https://www.acfun.cn/v/ac48863964,https://tx-free-imgs.acfun.cn/newUpload/12439728_70c7284ba2724c048fb5266f61c33e34.png?imageslim,AcFun,日榜,day,hotlist,,2026-09-26 03:17:33
29,中秋节快乐呀！！,,1048,https://www.acfun.cn/v/ac48872753,https://tx-free-imgs.acfun.cn/newUpload/25756908_e40f0ac3bdb34aa6a05629d19ec12f7c.png?imageslim,AcFun,日榜,day,hotlist,,2026-09-26 03:17:33
30,【夏雅】Don t let go of my hand.,,1434,https://www.acfun.cn/v/ac48873108,https://tx-free-imgs.acfun.cn/newUpload/16279345_4e8e1897539648e8869f4815f9bd1572.jpg?imageslim,AcFun,日榜,day,hotlist,,2026-09-26 03:17:33
31,"宙斯神王也会是这战绩？快速看完一局韩服王者斗殴局#837 Zeus, Racoon, Clozer,","宙斯神王也会是这战绩？快速看完一局韩服王者斗殴局#837 Zeus, Racoon, Clozer, Wenbo, Canyon, 叶秋枫 <br/>BGM:https://music.163.com/playlist?id=650818240&userid=30476594",1160,https://www.acfun.cn/v/ac48865858,https://tx-free-imgs.acfun.cn/newUpload/1378726_0477a53ac6df4eb3b611b241b6a08941.jpeg?imageslim,AcFun,日榜,day,hotlist,,2026-09-26 03:17:33
32,拼凑的断音,动作有做方向上的一些改动等<br/>歌曲：拼凑的断音-（舞蹈：あおい aoi とみたけ tomitake）,1115,https://www.acfun.cn/v/ac48871758,https://tx-free-imgs.acfun.cn/newUpload/12229455_ccda2f5ac69244d1aa813dc04c9a63d5.jpeg?imageslim,AcFun,日榜,day,hotlist,,2026-09-26 03:17:33
33,石头剪刀布卖个萌,难得假期来凡人线下嘉年华cos了一下银月，玩得很开心，不知道有没有碰到我的道友～,1069,https://www.acfun.cn/v/ac48873212,https://tx-free-imgs.acfun.cn/newUpload/12229455_c6e4220d0d7c41e2b5d489a9386cbe72.png?imageslim,AcFun,日榜,day,hotlist,,2026-09-26 03:17:33
34,Acfun评论才是本体啊2026年8月和九月,香蕉点赞来一点哦，,874,https://www.acfun.cn/v/ac48872845,https://tx-free-imgs.acfun.cn/newUpload/36839617_4ce9b7b878c344edbc971706d81900cc.jpeg?imageslim,AcFun,日榜,day,hotlist,,2026-09-26 03:17:33
35,「Super8」《如烟》大家中秋快乐鸭～,原唱：五月天<br/>翻唱：把超人<br/>混音：废废哟<br/>视频：星马豪<br/>录了有一段时间的歌咧，五月天的歌里算很喜欢的一首，词非常喜欢，祝大家中秋快乐哟～,909,https://www.acfun.cn/v/ac48872351,https://tx-free-imgs.acfun.cn/newUpload/301519_95463a4627374a178e3b102bc74e8bcf.jpeg?imageslim,AcFun,日榜,day,hotlist,,2026-09-26 03:17:33
36,恶魔想成为你的家人！请交出性命！阴间电视台！越南模拟恐怖APTV EP6,喜欢记得关注五蕉~谢谢支持~！,948,https://www.acfun.cn/v/ac48871608,https://tx-free-imgs.acfun.cn/newUpload/26364938_c8b3f3a89c5d45989f596c7abadfe5de.jpeg?imageslim,AcFun,日榜,day,hotlist,,2026-09-26 03:17:33
37,【猪肝来也】one love,,1059,https://www.acfun.cn/v/ac48873230,https://tx-free-imgs.acfun.cn/newUpload/4599324_253057be5bbe40d1b82d24222d803ec4.jpg?imageslim,AcFun,日榜,day,hotlist,,2026-09-26 03:17:33
38,这身衣服跳什么都好帅啊！哈哈哈,,1083,https://www.acfun.cn/v/ac48872819,https://tx-free-imgs.acfun.cn/newUpload/16380981_3be481ccc3bd44c3a12928fa1f84b25e.png?imageslim,AcFun,日榜,day,hotlist,,2026-09-26 03:17:33
39,告女子书！,,1047,https://www.acfun.cn/v/ac48872722,https://tx-free-imgs.acfun.cn/newUpload/16380981_45b2d4d6fdb34b34876bc5e8fcdaca47.png?imageslim,AcFun,日榜,day,hotlist,,2026-09-26 03:17:33
40,【绝望女神/翻唱】【火影忍者 ED1 Wind】,想听啥继续评论回复~,892,https://www.acfun.cn/v/ac48873021,https://tx-free-imgs.acfun.cn/newUpload/20705199_4163259e9c314ff193a9aac80be14188.jpeg?imageslim,AcFun,日榜,day,hotlist,,2026-09-26 03:17:33
41,十几万买台“莲花”，行吗？,,1089,https://www.acfun.cn/v/ac48872934,https://tx-free-imgs.acfun.cn/newUpload/14288157_b6f51fa0cabc4a0fa6b69c8bffff34ea.jpeg?imageslim,AcFun,日榜,day,hotlist,,2026-09-26 03:17:33
42,明月几时有？我想有时就有～,,1022,https://www.acfun.cn/v/ac48872948,https://tx-free-imgs.acfun.cn/newUpload/31922015_3de6c615f9d24a4ab766c9c22f19d8ed.jpg?imageslim,AcFun,日榜,day,hotlist,,2026-09-26 03:17:33
43,十月新番最爽厕纸！男主化身黄毛！转生夺走原主的女友们！？,十月新番最爽厕纸！男主化身黄毛！转生夺走原主的女友们！？,1111,https://www.acfun.cn/v/ac48873035,https://tx-free-imgs.acfun.cn/newUpload/13467496_1abceb83c1454743bcb9d4abcf823669.jpeg?imageslim,AcFun,日榜,day,hotlist,,2026-09-26 03:17:33
44,open the door,,1185,https://www.acfun.cn/v/ac48873110,https://tx-free-imgs.acfun.cn/newUpload/79951_cacbb88182cb435a99a97d446363fa53.jpg?imageslim,AcFun,日榜,day,hotlist,,2026-09-26 03:17:33
45,又何尝不是一种很新的花灯...,胶佬过中秋有自己的灯笼！其实是万代的MEGX独角兽换了灯组嘻嘻～双节快乐！,1037,https://www.acfun.cn/v/ac48873084,https://tx-free-imgs.acfun.cn/newUpload/13449743_b5143a98667f48bdb3f046459ee13864.jpeg?imageslim,AcFun,日榜,day,hotlist,,2026-09-26 03:17:33
46,【cheerup+快乐指南+nobody】跑调的人去KTV就蹦哒呗～,,762,https://www.acfun.cn/v/ac48872721,https://tx-free-imgs.acfun.cn/newUpload/31922015_51babcf260aa4990ade2ad884f023973.jpg?imageslim,AcFun,日榜,day,hotlist,,2026-09-26 03:17:33
47,白井黑子·佐天泪子 中秋月色双人手势舞【AI动画/超清】,本人本地部署的AI生成图片视频模型制作，硬件英伟达显卡RTX5070TI 16G+96G DDR5 6000内存，花费2小时合成.<br/>这次引入新的二次元动漫人物模型，二次元脸部质量效果会更好些，同时步数可以适当降低，降本增效。引入后期处理工具修复强化背景<br/><br/>人物：佐天泪子 白井黑子<br/>舞蹈技术与BGM：网红手势舞<br/>场景：中秋月色,1159,https://www.acfun.cn/v/ac48871101,https://tx-free-imgs.acfun.cn/newUpload/46764084_397c08849b344139b09a46fb71f814b3.png?imageslim,AcFun,日榜,day,hotlist,,2026-09-26 03:17:33
48,嘀，纣王体验卡,,1112,https://www.acfun.cn/v/ac48872737,https://tx-free-imgs.acfun.cn/newUpload/77181154_7c7593de7b584caebd43b4bb4e8dc517.png?imageslim,AcFun,日榜,day,hotlist,,2026-09-26 03:17:33
49,【甲鱼的旅法十年】迷你专辑《心之所往的创作背景,,681,https://www.acfun.cn/v/ac48872771,https://tx-free-imgs.acfun.cn/newUpload/44128996_e3793329f00e48dc80645b417f8ea4d9.png?imageslim,AcFun,日榜,day,hotlist,,2026-09-26 03:17:33
50,绝顶性感黑丝兔女郎｜大摆锤舞蹈翻跳正面版,,1221,https://www.acfun.cn/v/ac48872667,https://tx-free-imgs.acfun.cn/newUpload/28629507_7fbcce0fdec9424f9538c9354fd61371.png?imageslim,AcFun,日榜,day,hotlist,,2026-09-26 03:17:33
1,是谁点的小恶魔，蕉出来～,,6234,https://www.acfun.cn/v/ac48867778,https://tx-free-imgs.acfun.cn/newUpload/17062172_6098fee67d1748e0ab5dab3b5665736c.jpg?imageslim,AcFun,三日榜,three-days,hotlist,,2026-09-26 03:17:33
2,娃：真遗憾，本来打算亲自告诉你们的,嘿嘿希望大家都万事顺意～心想事成,4373,https://www.acfun.cn/v/ac48871740,https://tx-free-imgs.acfun.cn/newUpload/17062172_d1a93166ed084e3aadac2fea4bba0707.jpg?imageslim,AcFun,三日榜,three-days,hotlist,,2026-09-26 03:17:33
3,《野生动物迷惑行为》,喜欢请投蕉啊   谢谢啦！,2891,https://www.acfun.cn/v/ac48868360,https://tx-free-imgs.acfun.cn/newUpload/1342385_3fab348c538e4c0fa001871a708fe302.jpeg?imageslim,AcFun,三日榜,three-days,hotlist,,2026-09-26 03:17:33
4,漫威金刚狼深陷争议！SweetBaby又毁一款？【绅批】,这算是DEI的历史遗留问题了，所有现在已经从sweetbaby离职的人，只要参与过游戏制作也会被署名（比如桥本和真）,2924,https://www.acfun.cn/v/ac48868810,https://tx-free-imgs.acfun.cn/newUpload/526850_ca1da1572b1d494a93e2f6bab46cf76b.jpeg?imageslim,AcFun,三日榜,three-days,hotlist,,2026-09-26 03:17:33
5,裸足圆脸仙女下凡～跳一曲千里邀月【可心喵】,,2148,https://www.acfun.cn/v/ac48872448,https://tx-free-imgs.acfun.cn/newUpload/12892608_6691690fd8e944278bda5d5390e1e5a9.jpg?imageslim,AcFun,三日榜,three-days,hotlist,,2026-09-26 03:17:33
6,因为害怕被讨厌 所以把自己藏起来了,,3181,https://www.acfun.cn/v/ac48871331,https://tx-free-imgs.acfun.cn/newUpload/11361784_3d4bd69b46f541e184c2922c24f09276.jpg?imageslim,AcFun,三日榜,three-days,hotlist,,2026-09-26 03:17:33
7,我真的是来吃饭的！★手机竖屏2013★,审核大大辛苦了！<br/>谢谢每一个投蕉的帅哥美女！香蕉没有来个赞也好啊！<br/>视频来自快手等平台，侵权联系删除！,3883,https://www.acfun.cn/v/ac48869145,https://tx-free-imgs.acfun.cn/newUpload/2176158_eb4b69370b8f435aa2b171e72403d356.gif?imageslim,AcFun,三日榜,three-days,hotlist,,2026-09-26 03:17:33
8,mr chu!!好怀念这首歌,,2123,https://www.acfun.cn/v/ac48869375,https://tx-free-imgs.acfun.cn/newUpload/16380981_19592eb83a88429695ee1a0508fc3df0.png?imageslim,AcFun,三日榜,three-days,hotlist,,2026-09-26 03:17:33
9,拳击好啊，拳击得学！欢乐八点档-1781,审核大大辛苦了！<br/>免费的香蕉投一下吧，没有那就点个赞吧，这对我来说很重要，谢谢！！！<br/>谢谢每一个投蕉的帅哥美女！你们是我坚持更新的动力！<br/>视频来自快手等平台，侵权联系删除！,4153,https://www.acfun.cn/v/ac48868336,https://tx-free-imgs.acfun.cn/newUpload/2176158_3f6c601293a54468bae97f781440217b.gif?imageslim,AcFun,三日榜,three-days,hotlist,,2026-09-26 03:17:33
10,这样的学姐喜欢吗？欢乐八点档-1782,审核大大辛苦了！<br/>免费的香蕉投一下吧，没有那就点个赞吧，这对我来说很重要，谢谢！！！<br/>谢谢每一个投蕉的帅哥美女！你们是我坚持更新的动力！<br/>视频来自快手等平台，侵权联系删除！,3811,https://www.acfun.cn/v/ac48870057,https://tx-free-imgs.acfun.cn/newUpload/2176158_4c1f3b60f73e451abc443941d47305d8.gif?imageslim,AcFun,三日榜,three-days,hotlist,,2026-09-26 03:17:33
11,网络上常见的热门短视频集锦   第三千四百四十五期,审核大大辛苦了！<br/>谢谢每一个投蕉的帅哥美女！香蕉没有来个赞也好啊！<br/>视频来自快手等平台，侵权联系删除！,3953,https://www.acfun.cn/v/ac48866824,https://tx-free-imgs.acfun.cn/newUpload/2176158_dba921eb42f14c7ba31a1af83bfe71ce.gif?imageslim,AcFun,三日榜,three-days,hotlist,,2026-09-26 03:17:33
12,拜托了，夫人！★手机竖屏2014★,审核大大辛苦了！<br/>谢谢每一个投蕉的帅哥美女！香蕉没有来个赞也好啊！<br/>视频来自快手等平台，侵权联系删除！,3178,https://www.acfun.cn/v/ac48871493,https://tx-free-imgs.acfun.cn/newUpload/2176158_afaf0913878443b1bc00d636136ffce3.gif?imageslim,AcFun,三日榜,three-days,hotlist,,2026-09-26 03:17:33
13,空中瑜伽！！！★手机竖屏2012★,审核大大辛苦了！<br/>谢谢每一个投蕉的帅哥美女！香蕉没有来个赞也好啊！<br/>视频来自快手等平台，侵权联系删除！,4464,https://www.acfun.cn/v/ac48866821,https://tx-free-imgs.acfun.cn/newUpload/2176158_610807af48f5463a891fc9f341c9b16f.gif?imageslim,AcFun,三日榜,three-days,hotlist,,2026-09-26 03:17:33
14,厨师长教你：“鱼香肉丝”的家常做法，酸甜微辣，口感丰富,,2049,https://www.acfun.cn/v/ac48867741,https://tx-free-imgs.acfun.cn/newUpload/13274260_93e68d1098d04ffca2683655a6a404c2.jpeg?imageslim,AcFun,三日榜,three-days,hotlist,,2026-09-26 03:17:33
15,嘴角压不住了【今天有什么好笑的 #2515】,：），谢谢大家的投蕉和点赞，祝你开心愉快~<br/>wallpaper壁纸：Genshin 神里绫华<br/>BGM：Wake me up when september ends,2431,https://www.acfun.cn/v/ac48868130,https://tx-free-imgs.acfun.cn/newUpload/383079_ef65121591434d2b86d53db1622776cd.gif?imageslim,AcFun,三日榜,three-days,hotlist,,2026-09-26 03:17:33
16,和我一起健身吧！！！欢乐八点档-1783,审核大大辛苦了！<br/>免费的香蕉投一下吧，没有那就点个赞吧，这对我来说很重要，谢谢！！！<br/>谢谢每一个投蕉的帅哥美女！你们是我坚持更新的动力！<br/>视频来自快手等平台，侵权联系删除！,2081,https://www.acfun.cn/v/ac48872699,https://tx-free-imgs.acfun.cn/newUpload/2176158_e379c7202d2e43029e07ad17f40cab19.gif?imageslim,AcFun,三日榜,three-days,hotlist,,2026-09-26 03:17:33
17,【锅锅x怀瑜x阔落】千里邀月——共饮此杯赏此月，夜好眠,中秋到了，和姐妹们合唱了千里邀月~~<br/>乐：可乐祝大家身体健康，永不加班，月圆人团圆<br/>鱼：怀瑜愿诸位财源广进，常能摸鱼，花好月更圆<br/>锅：锅锅祝大家桂香满锅，早归赏月，饼甜心更甜<br/>祝大家中秋快乐~,1749,https://www.acfun.cn/v/ac48871580,https://tx-free-imgs.acfun.cn/newUpload/67206930_e47be8dbac2546e1b5a4a831e71dabe4.jpeg?imageslim,AcFun,三日榜,three-days,hotlist,,2026-09-26 03:17:33
18,姛姛？！蝴蝶耳机Manget中文翻唱【箐羽Hane】x【缇若柯Teivoc】,“是否你确实表里如一淡然，还是说你——并不似我贪婪？”<br/>《Manget》磁石 / 蝴蝶耳机 - 中文翻唱<br/>原作作曲 / 流星P<br/>曲绘&翻唱 / 箐羽hane & 缇若柯Teivoc<br/>中文填词 / 果汁凉菜<br/>混音 / 风尘<br/>和笋笋一起唱了我们二次元姛神曲！曲绘也是我和笋笋每个人负责了自己的部分最后再拼到一起的！真好！( *^ ^)o(^ ^* )希望大家也能喜欢！,1623,https://www.acfun.cn/v/ac48869340,https://tx-free-imgs.acfun.cn/newUpload/67511609_d868cdbd6b1849e8958696cdc9db1493.jpeg?imageslim,AcFun,三日榜,three-days,hotlist,,2026-09-26 03:17:33
19,现在电脑不好卖了，以后我们出租AI机器人吧,,2246,https://www.acfun.cn/v/ac48867767,https://tx-free-imgs.acfun.cn/newUpload/17928_c684f06231604145b533a0f00627c624.png?imageslim,AcFun,三日榜,three-days,hotlist,,2026-09-26 03:17:33
20,女妖邪神凶宅索命，最惨主角逆天求生！克系神游《魔女屋中之梦》像素恐怖游戏详细讲述【深夜档】,如何在60天内，让洛夫克拉夫特小说中惨死的倒霉主角逆天改命？这位芬兰作者打造了一部又硬核又忠实的优秀克苏鲁游戏！入住阿卡姆百年凶宅的凡人主角沃尔特·吉尔曼，接连遭到人脸妖鼠，恐怖女巫，不可名状外神的侵袭。白天钻研神秘学知识，梦中游历邪恶异星。他将与密斯卡托尼克大学最强战神亨利·阿米蒂奇教授联手对抗邪神降世！这是一部真正将洛氏“宇宙恐怖”带入到日常，并忠实于原著的游戏，自由度超高且信息量惊人！我将细致地带各位体验这跌宕起伏的60天，看弱小的主角如何起死回生并拯救世界！,1295,https://www.acfun.cn/v/ac48872418,https://tx-free-imgs.acfun.cn/newUpload/817797_2631b7cf26c14c2fbbfb062962a775be.jpeg?imageslim,AcFun,三日榜,three-days,hotlist,,2026-09-26 03:17:33
21,我要冲会员【今天有什么好笑的 #2516】,：），谢谢大家的投蕉和点赞，祝你开心愉快~<br/>wallpaper壁纸：Reze | Chainsaw Man<br/>BGM：Nicoleta Matei - Love mail<br/>,2485,https://www.acfun.cn/v/ac48870763,https://tx-free-imgs.acfun.cn/newUpload/383079_47b0fc3f458042f5bd3717967e55c598.gif?imageslim,AcFun,三日榜,three-days,hotlist,,2026-09-26 03:17:33
22,网络上常见的热门短视频集锦   第三千四百四十六期,审核大大辛苦了！<br/>谢谢每一个投蕉的帅哥美女！香蕉没有来个赞也好啊！<br/>视频来自快手等平台，侵权联系删除！,3684,https://www.acfun.cn/v/ac48867732,https://tx-free-imgs.acfun.cn/newUpload/2176158_2ec1d99da19a48e0a8e4ff2a2447e612.gif?imageslim,AcFun,三日榜,three-days,hotlist,,2026-09-26 03:17:33
23,网络上常见的热门短视频集锦   第三千四百四十八期,审核大大辛苦了！<br/>谢谢每一个投蕉的帅哥美女！香蕉没有来个赞也好啊！<br/>视频来自快手等平台，侵权联系删除！,3529,https://www.acfun.cn/v/ac48870020,https://tx-free-imgs.acfun.cn/newUpload/2176158_d65e54f4e9ee489b86b6fc28c31c84ee.gif?imageslim,AcFun,三日榜,three-days,hotlist,,2026-09-26 03:17:33
24,网络上常见的热门短视频集锦   第三千四百四十九期,审核大大辛苦了！<br/>谢谢每一个投蕉的帅哥美女！香蕉没有来个赞也好啊！<br/>视频来自快手等平台，侵权联系删除！,2541,https://www.acfun.cn/v/ac48871496,https://tx-free-imgs.acfun.cn/newUpload/2176158_cf20f7722011491da25ce2efbc799dba.gif?imageslim,AcFun,三日榜,three-days,hotlist,,2026-09-26 03:17:33
25,交通事故20260923：交通车祸实例，提高安全驾驶意识,,1446,https://www.acfun.cn/v/ac48868861,https://tx-free-imgs.acfun.cn/newUpload/76871961_edea5de6659a4cd2b733a74989043440.jpg?imageslim,AcFun,三日榜,three-days,hotlist,,2026-09-26 03:17:33
26,沦陷️,歌曲舞蹈：沦陷dj版-星奇摇   动作有改编,1741,https://www.acfun.cn/v/ac48869381,https://tx-free-imgs.acfun.cn/newUpload/12229455_aacf9da97a0940ad8e5f0b509d9cc159.jpeg?imageslim,AcFun,三日榜,three-days,hotlist,,2026-09-26 03:17:33
27,网络上常见的热门短视频集锦   第三千四百四十七期,审核大大辛苦了！<br/>谢谢每一个投蕉的帅哥美女！香蕉没有来个赞也好啊！<br/>视频来自快手等平台，侵权联系删除！,3248,https://www.acfun.cn/v/ac48869149,https://tx-free-imgs.acfun.cn/newUpload/2176158_fdf9afe2e00a4a1aa62415c846776eaf.gif?imageslim,AcFun,三日榜,three-days,hotlist,,2026-09-26 03:17:33
28,老板直聘（89）,,1648,https://www.acfun.cn/v/ac48868552,https://tx-free-imgs.acfun.cn/newUpload/74706824_db2c7ba15c5d4aa18872db6b0763b7ca.jpeg?imageslim,AcFun,三日榜,three-days,hotlist,,2026-09-26 03:17:33
29,换你穿越三国乱世，你是起兵还是种田？,有没有宝贝和我一样，看三国的时候总在想，如果换我身在那个乱世，我会怎么样？是起兵争霸，还是归隐山林？ 或是是咱们可以选三国里有名的角色或者可以架空历史从素人做起，一统三国，那会怎么样?我最近就玩了这么一款游戏，一玩就是五个小时，根本停不下来，那今天来聊聊这款开放世界slg游戏《英雄立志传：三国志》~<br/>,1928,https://www.acfun.cn/v/ac48869043,https://tx-free-imgs.acfun.cn/newUpload/61352468_39715609bed041b98b21f3dbb482ad70.jpeg?imageslim,AcFun,三日榜,three-days,hotlist,,2026-09-26 03:17:33
30,人鱼的眼泪,歌曲舞蹈：爱乐之城-人鱼的眼泪,1557,https://www.acfun.cn/v/ac48867050,https://tx-free-imgs.acfun.cn/newUpload/12229455_130b1f041e6741dab4f6295ee27d927e.jpeg?imageslim,AcFun,三日榜,three-days,hotlist,,2026-09-26 03:17:33
31,【4K超高清】「JOJO的奇妙冒险 飙马野郎」第2话,,4556,https://www.acfun.cn/v/ac48872740,https://tx-free-imgs.acfun.cn/newUpload/72840608_a526e08904d049d2b38ce5f38bd71e63.jpeg?imageslim,AcFun,三日榜,three-days,hotlist,,2026-09-26 03:17:33
32,常州新开巴西烤肉自助，100块钱值得吗？,这是我目前为止，去过的第二家巴西烤肉自助，团购优惠的情况下，花了94元。正常价格在95~110不等<br/><br/>简单带大家看下菜品，除了取餐台这么些，各种牛肉制品、大串烧烤都是循环上桌，大家觉得这么些菜式花样，100块钱左右你们觉得贵还是便宜啊，觉得贵的扣1，觉得便宜的扣2,1879,https://www.acfun.cn/v/ac48868891,https://tx-free-imgs.acfun.cn/newUpload/2046675_bf3a59ddff624646850829452262094e.jpeg?imageslim,AcFun,三日榜,three-days,hotlist,,2026-09-26 03:17:33
33,在英国差点被上门诈骗,可能看到我一人在家，就大胆敲门了，还好平常也会注意周边邻居，没发生什么事儿，这个金额就算被骗也不会报警，以后还是要小心一些了。#英国日常#vlog,1667,https://www.acfun.cn/v/ac48869505,https://tx-free-imgs.acfun.cn/newUpload/43181603_1c8c6c487a864d098b5e7e7bf2a12c6a.jpg?imageslim,AcFun,三日榜,three-days,hotlist,,2026-09-26 03:17:33
34,原创编舞《千层套路》的定机位竖屏来啦！,,1634,https://www.acfun.cn/v/ac48869245,https://tx-free-imgs.acfun.cn/newUpload/16380981_24bafd11c027499d9fe6820162faa782.png?imageslim,AcFun,三日榜,three-days,hotlist,,2026-09-26 03:17:33
35,【颜音】中秋歌回~祝大家节日快乐,皓月凌空，桂香满庭。<br/>愿今夜歌声暖心，祝各位中秋快乐，阖家美满！,1436,https://www.acfun.cn/v/ac48872065,https://tx-free-imgs.acfun.cn/newUpload/4425861_3dab8cdf19a74bf6accbdcd688cd9b6a.jpeg?imageslim,AcFun,三日榜,three-days,hotlist,,2026-09-26 03:17:33
36,北京的最北端在黑龙江？？？国内飞地是怎么形成的？,这份中国地图，是你从未看过的船新版本，放大几倍就会发现，在大家熟悉的各个省份中，还藏着一堆 “你中有我、我中有你” 的飞地。,1814,https://www.acfun.cn/v/ac48867896,https://tx-free-imgs.acfun.cn/newUpload/13630266_cc2428a99a42453f99c9e1306e7a43bb.jpeg?imageslim,AcFun,三日榜,three-days,hotlist,,2026-09-26 03:17:33
37,我要辞职了！,,1694,https://www.acfun.cn/v/ac48863957,https://tx-free-imgs.acfun.cn/newUpload/12439728_7c57a0735675474590bf7b25e1a34527.png?imageslim,AcFun,三日榜,three-days,hotlist,,2026-09-26 03:17:33
38,发个friend圈,,1537,https://www.acfun.cn/v/ac48863958,https://tx-free-imgs.acfun.cn/newUpload/12439728_b44cb67ae45a4c179b08227368f4159c.png?imageslim,AcFun,三日榜,three-days,hotlist,,2026-09-26 03:17:33
39,网络上常见的热门短视频集锦   第三千四百五十期,审核大大辛苦了！<br/>谢谢每一个投蕉的帅哥美女！香蕉没有来个赞也好啊！<br/>视频来自快手等平台，侵权联系删除！,2437,https://www.acfun.cn/v/ac48872279,https://tx-free-imgs.acfun.cn/newUpload/2176158_a96ecd95394b4517928ac111407f75b1.gif?imageslim,AcFun,三日榜,three-days,hotlist,,2026-09-26 03:17:33
40,短裙挑战！超长翻跳一次看个够~【生日作】,,1338,https://www.acfun.cn/v/ac48872675,https://tx-free-imgs.acfun.cn/newUpload/32485245_415db634556140d1841e2ebb4c0d9371.jpeg?imageslim,AcFun,三日榜,three-days,hotlist,,2026-09-26 03:17:33
41,奥迪“宫斗”十年大结局？一汽拿四环，上汽拿AUDI,一汽奥迪和上汽奥迪“宫斗”了十年，终于要划下句号了？,1720,https://www.acfun.cn/v/ac48870981,https://tx-free-imgs.acfun.cn/newUpload/13630266_3fde785be5a2411495618f67d01ab66a.jpeg?imageslim,AcFun,三日榜,three-days,hotlist,,2026-09-26 03:17:33
42,捏捏已经已进化到可以吃的地步啦？,,1630,https://www.acfun.cn/v/ac48868638,https://tx-free-imgs.acfun.cn/newUpload/6177430_486c910212d548c991eeb140f146a6ed.jpeg?imageslim,AcFun,三日榜,three-days,hotlist,,2026-09-26 03:17:33
43,今夜的风悄悄月悄悄~,,1267,https://www.acfun.cn/v/ac48873434,https://tx-free-imgs.acfun.cn/newUpload/23512715_0f364b6606dd467ab9975ffef5af1b29.jpg?imageslim,AcFun,三日榜,three-days,hotlist,,2026-09-26 03:17:33
44,【东方】QUEEN【蕾米莉亚 Miy Ver. MMD】,作者：やくも<br/><br/>楽曲:Kanaria 様→https://www.nicovideo.jp/watch/sm4088...<br/>振付:AKIRA様<br/>モーション:P-nez 様→https://www.nicovideo.jp/watch/sm4350...<br/>カメラ:Mizuha様→https://www.nicovideo.jp/watch/sm4353...<br/>モデル:MIy様<br/>ステージ:栗ごはん様<br/>アクセサリ:アスカ様,1252,https://www.acfun.cn/v/ac48870080,https://tx-free-imgs.acfun.cn/newUpload/6102_6a4dce20c9b74fa0bbdff3ccc0a73c5d.png?imageslim,AcFun,三日榜,three-days,hotlist,,2026-09-26 03:17:33
45,【东方/汉化】咲夜带你了解汉字【MMD搞笑小剧场】,作者：クローバー,1165,https://www.acfun.cn/v/ac48872652,https://tx-free-imgs.acfun.cn/newUpload/6102_8b2072189ecb4044a7de95bb450d02ed.jpeg?imageslim,AcFun,三日榜,three-days,hotlist,,2026-09-26 03:17:33
46,这套皮肤真的很喜欢,,1467,https://www.acfun.cn/v/ac48871657,https://tx-free-imgs.acfun.cn/newUpload/16380981_ac9640e59a3a42e093fcee0a0b81d474.jpg?imageslim,AcFun,三日榜,three-days,hotlist,,2026-09-26 03:17:33
47,望眼欲穿【今天有什么好笑的 #2517】,：），谢谢大家的投蕉和点赞，祝你开心愉快~<br/>Wallpaper壁纸：雪山与女孩<br/>Bgm：あのね。,1748,https://www.acfun.cn/v/ac48872647,https://tx-free-imgs.acfun.cn/newUpload/383079_40beb913fd1a44d3afa053553d53b466.gif?imageslim,AcFun,三日榜,three-days,hotlist,,2026-09-26 03:17:33
48,你吃月饼了吗？,,1439,https://www.acfun.cn/v/ac48869054,https://tx-free-imgs.acfun.cn/newUpload/1167675_8f48723afb0e41ecbe772249b3f4df1a.jpg?imageslim,AcFun,三日榜,three-days,hotlist,,2026-09-26 03:17:33
49,抱紧原生家庭（90）,,1411,https://www.acfun.cn/v/ac48867786,https://tx-free-imgs.acfun.cn/newUpload/74706824_fcc9a2386aff4fb0b3ecd158e3c6b97f.png?imageslim,AcFun,三日榜,three-days,hotlist,,2026-09-26 03:17:33
50,只有刀鸣最小丑？各大游戏千年血战联动盘点！,300英雄的含金量还在上升,1964,https://www.acfun.cn/v/ac48869154,https://tx-free-imgs.acfun.cn/newUpload/247671_7d920e56c00e4af39fed560bf094f965.jpeg?imageslim,AcFun,三日榜,three-days,hotlist,,2026-09-26 03:17:33
1,剑戟战斗的巅峰 关卡内容的洼地 偏科严重的《鬼武者：剑之道》,它给人爽的部分是真的爽，但是在每次爽之前，你得堵不少马桶，先生。,4498,https://www.acfun.cn/v/ac48859506,https://tx-free-imgs.acfun.cn/newUpload/934542_5d98ad80ca9c4307b5cdc2051c11cb50.jpeg?imageslim,AcFun,周榜,week,hotlist,,2026-09-26 03:17:33
2,是谁点的小恶魔，蕉出来～,,6234,https://www.acfun.cn/v/ac48867778,https://tx-free-imgs.acfun.cn/newUpload/17062172_6098fee67d1748e0ab5dab3b5665736c.jpg?imageslim,AcFun,周榜,week,hotlist,,2026-09-26 03:17:33
3,跳最开心的一集,,3978,https://www.acfun.cn/v/ac48860571,https://tx-free-imgs.acfun.cn/newUpload/50330447_79a3f269514140c29e7a85fb7c9dc94c.jpg?imageslim,AcFun,周榜,week,hotlist,,2026-09-26 03:17:33
4,喜欢哪套？,,6880,https://www.acfun.cn/v/ac48861422,https://tx-free-imgs.acfun.cn/newUpload/3540234_729e0d22251f439da3735f26e58d174f.jpg?imageslim,AcFun,周榜,week,hotlist,,2026-09-26 03:17:33
5,过期JK碎碎念！,家人们记得蕉一蕉捏 啾咪,5914,https://www.acfun.cn/v/ac48859219,https://tx-free-imgs.acfun.cn/newUpload/17062172_5dd6ea8b5f2741ff87f0911db6dfb909.jpg?imageslim,AcFun,周榜,week,hotlist,,2026-09-26 03:17:33
6,娃：真遗憾，本来打算亲自告诉你们的,嘿嘿希望大家都万事顺意～心想事成,4373,https://www.acfun.cn/v/ac48871740,https://tx-free-imgs.acfun.cn/newUpload/17062172_d1a93166ed084e3aadac2fea4bba0707.jpg?imageslim,AcFun,周榜,week,hotlist,,2026-09-26 03:17:33
7,人间琴悠扬，姑娘把谁记心上～,,2729,https://www.acfun.cn/v/ac48863143,https://tx-free-imgs.acfun.cn/newUpload/50330447_938d77716a11477e843914663278ff07.jpg?imageslim,AcFun,周榜,week,hotlist,,2026-09-26 03:17:33
8,《野生动物迷惑行为》,喜欢请投蕉啊   谢谢啦！,2891,https://www.acfun.cn/v/ac48868360,https://tx-free-imgs.acfun.cn/newUpload/1342385_3fab348c538e4c0fa001871a708fe302.jpeg?imageslim,AcFun,周榜,week,hotlist,,2026-09-26 03:17:33
9,《动物游戏行为图鉴》,喜欢请投蕉啊 谢谢啦！,2882,https://www.acfun.cn/v/ac48857450,https://tx-free-imgs.acfun.cn/newUpload/1342385_485bc20a4c164df2928409b209fa9afc.jpeg?imageslim,AcFun,周榜,week,hotlist,,2026-09-26 03:17:33
10,《动物迷惑行为大赏325》,喜欢请投蕉啊 谢谢啦！,2656,https://www.acfun.cn/v/ac48861293,https://tx-free-imgs.acfun.cn/newUpload/1342385_03080470038d444a95ce01ff6a6aeb9f.jpeg?imageslim,AcFun,周榜,week,hotlist,,2026-09-26 03:17:33
11,双马尾小女仆带来的情绪摇～,,4004,https://www.acfun.cn/v/ac48861966,https://tx-free-imgs.acfun.cn/newUpload/11361784_8cee0402b4754b1e82f85b7099791793.jpg?imageslim,AcFun,周榜,week,hotlist,,2026-09-26 03:17:33
12,帮Acer问一下，地址在哪里？欢乐八点档-1779,审核大大辛苦了！<br/>免费的香蕉投一下吧，没有那就点个赞吧，这对我来说很重要，谢谢！！！<br/>谢谢每一个投蕉的帅哥美女！你们是我坚持更新的动力！<br/>视频来自快手等平台，侵权联系删除！,4513,https://www.acfun.cn/v/ac48863633,https://tx-free-imgs.acfun.cn/newUpload/2176158_ff69c3c797d5414e8056b329918cc5b6.gif?imageslim,AcFun,周榜,week,hotlist,,2026-09-26 03:17:33
13,【绘图过程】《海边》6周年纪念插图过程,6周年纪念插图挂画（预售）、沙滩巾（预售），阿宝已上架,3373,https://www.acfun.cn/v/ac48836990,https://tx-free-imgs.acfun.cn/newUpload/179922_9f95aba039e84f3594c3947b3c8fdd58.jpeg?imageslim,AcFun,周榜,week,hotlist,,2026-09-26 03:17:33
14,还是少妇会的多啊！★手机竖屏2011★,审核大大辛苦了！<br/>谢谢每一个投蕉的帅哥美女！香蕉没有来个赞也好啊！<br/>视频来自快手等平台，侵权联系删除！,5236,https://www.acfun.cn/v/ac48864360,https://tx-free-imgs.acfun.cn/newUpload/2176158_3d4f199fd93640468e543b9ee25ac4c0.gif?imageslim,AcFun,周榜,week,hotlist,,2026-09-26 03:17:33
15,漫威金刚狼深陷争议！SweetBaby又毁一款？【绅批】,这算是DEI的历史遗留问题了，所有现在已经从sweetbaby离职的人，只要参与过游戏制作也会被署名（比如桥本和真）,2924,https://www.acfun.cn/v/ac48868810,https://tx-free-imgs.acfun.cn/newUpload/526850_ca1da1572b1d494a93e2f6bab46cf76b.jpeg?imageslim,AcFun,周榜,week,hotlist,,2026-09-26 03:17:33
16,裸足圆脸仙女下凡～跳一曲千里邀月【可心喵】,,2148,https://www.acfun.cn/v/ac48872448,https://tx-free-imgs.acfun.cn/newUpload/12892608_6691690fd8e944278bda5d5390e1e5a9.jpg?imageslim,AcFun,周榜,week,hotlist,,2026-09-26 03:17:33
17,因为害怕被讨厌 所以把自己藏起来了,,3181,https://www.acfun.cn/v/ac48871331,https://tx-free-imgs.acfun.cn/newUpload/11361784_3d4bd69b46f541e184c2922c24f09276.jpg?imageslim,AcFun,周榜,week,hotlist,,2026-09-26 03:17:33
18,我真的是来吃饭的！★手机竖屏2013★,审核大大辛苦了！<br/>谢谢每一个投蕉的帅哥美女！香蕉没有来个赞也好啊！<br/>视频来自快手等平台，侵权联系删除！,3883,https://www.acfun.cn/v/ac48869145,https://tx-free-imgs.acfun.cn/newUpload/2176158_eb4b69370b8f435aa2b171e72403d356.gif?imageslim,AcFun,周榜,week,hotlist,,2026-09-26 03:17:33
19,mr chu!!好怀念这首歌,,2123,https://www.acfun.cn/v/ac48869375,https://tx-free-imgs.acfun.cn/newUpload/16380981_19592eb83a88429695ee1a0508fc3df0.png?imageslim,AcFun,周榜,week,hotlist,,2026-09-26 03:17:33
20,网络上常见的热门短视频集锦   第三千四百三十八期,审核大大辛苦了！<br/>谢谢每一个投蕉的帅哥美女！香蕉没有来个赞也好啊！<br/>视频来自快手等平台，侵权联系删除！,4454,https://www.acfun.cn/v/ac48858394,https://tx-free-imgs.acfun.cn/newUpload/2176158_38174e72af934b9e86687045b01f0dd3.gif?imageslim,AcFun,周榜,week,hotlist,,2026-09-26 03:17:33
21,钓鱼佬是真会享受！欢乐八点档-1777,审核大大辛苦了！<br/>免费的香蕉投一下吧，没有那就点个赞吧，这对我来说很重要，谢谢！！！<br/>谢谢每一个投蕉的帅哥美女！你们是我坚持更新的动力！<br/>视频来自快手等平台，侵权联系删除！,4615,https://www.acfun.cn/v/ac48858969,https://tx-free-imgs.acfun.cn/newUpload/2176158_c9d74d926c4c4d709a4b6b7769dffcca.gif?imageslim,AcFun,周榜,week,hotlist,,2026-09-26 03:17:33
22,一波还未平息一波又来侵袭！★手机竖屏2010★,审核大大辛苦了！<br/>谢谢每一个投蕉的帅哥美女！香蕉没有来个赞也好啊！<br/>视频来自快手等平台，侵权联系删除！,4801,https://www.acfun.cn/v/ac48862013,https://tx-free-imgs.acfun.cn/newUpload/2176158_c4802142afc14d50b2cd775e67890cca.gif?imageslim,AcFun,周榜,week,hotlist,,2026-09-26 03:17:33
23,还是少妇会啊！！！★手机竖屏2009★,审核大大辛苦了！<br/>谢谢每一个投蕉的帅哥美女！香蕉没有来个赞也好啊！<br/>视频来自快手等平台，侵权联系删除！,4906,https://www.acfun.cn/v/ac48859515,https://tx-free-imgs.acfun.cn/newUpload/2176158_d4e9e6e30f4446319f9e720adfe35ef9.gif?imageslim,AcFun,周榜,week,hotlist,,2026-09-26 03:17:33
24,【AC娘】琵琶曲,原作者：Kotte Animation<br/>还有瑕疵，看个乐吧,3163,https://www.acfun.cn/v/ac48864492,https://tx-free-imgs.acfun.cn/newUpload/41729435_02cbd995b6d54f508eb21d3cb8621903.jpeg?imageslim,AcFun,周榜,week,hotlist,,2026-09-26 03:17:33
25,25年了，回坊天花板小酥肉，还是那个味儿,记忆中的味道，回来了，都回来了……<br/>一口椒麻一口鲜，大口吃肉，配上热腾腾的米饭，绝了。<br/>素三鲜也是无敌的存在！,2562,https://www.acfun.cn/v/ac48865538,https://tx-free-imgs.acfun.cn/newUpload/13765438_9bc4a0abf32a4c1aa3e83c844de84649.jpeg?imageslim,AcFun,周榜,week,hotlist,,2026-09-26 03:17:33
26,北京豆汁会惩罚每一个好奇的人！欢乐八点档-1780,审核大大辛苦了！<br/>免费的香蕉投一下吧，没有那就点个赞吧，这对我来说很重要，谢谢！！！<br/>谢谢每一个投蕉的帅哥美女！你们是我坚持更新的动力！<br/>视频来自快手等平台，侵权联系删除！,4485,https://www.acfun.cn/v/ac48865965,https://tx-free-imgs.acfun.cn/newUpload/2176158_ec83e6fb2ffc4005b41881ac13dbaeca.gif?imageslim,AcFun,周榜,week,hotlist,,2026-09-26 03:17:33
27,拳击好啊，拳击得学！欢乐八点档-1781,审核大大辛苦了！<br/>免费的香蕉投一下吧，没有那就点个赞吧，这对我来说很重要，谢谢！！！<br/>谢谢每一个投蕉的帅哥美女！你们是我坚持更新的动力！<br/>视频来自快手等平台，侵权联系删除！,4153,https://www.acfun.cn/v/ac48868336,https://tx-free-imgs.acfun.cn/newUpload/2176158_3f6c601293a54468bae97f781440217b.gif?imageslim,AcFun,周榜,week,hotlist,,2026-09-26 03:17:33
28,这样的学姐喜欢吗？欢乐八点档-1782,审核大大辛苦了！<br/>免费的香蕉投一下吧，没有那就点个赞吧，这对我来说很重要，谢谢！！！<br/>谢谢每一个投蕉的帅哥美女！你们是我坚持更新的动力！<br/>视频来自快手等平台，侵权联系删除！,3811,https://www.acfun.cn/v/ac48870057,https://tx-free-imgs.acfun.cn/newUpload/2176158_4c1f3b60f73e451abc443941d47305d8.gif?imageslim,AcFun,周榜,week,hotlist,,2026-09-26 03:17:33
29,你的拳头真是肥嘟嘟的...,动漫：心灵的声音，作者：赵石【韩国】,2194,https://www.acfun.cn/v/ac48859870,https://tx-free-imgs.acfun.cn/newUpload/509259_2fa91d5206504450be471808d9c93a22.jpeg?imageslim,AcFun,周榜,week,hotlist,,2026-09-26 03:17:33
30,这个一字马技术含量很高啊！欢乐八点档-1778,审核大大辛苦了！<br/>免费的香蕉投一下吧，没有那就点个赞吧，这对我来说很重要，谢谢！！！<br/>谢谢每一个投蕉的帅哥美女！你们是我坚持更新的动力！<br/>视频来自快手等平台，侵权联系删除！,4404,https://www.acfun.cn/v/ac48861225,https://tx-free-imgs.acfun.cn/newUpload/2176158_0824627cb76d40dc99ce9cb12c07e4cc.gif?imageslim,AcFun,周榜,week,hotlist,,2026-09-26 03:17:33
31,网络上常见的热门短视频集锦   第三千四百四十五期,审核大大辛苦了！<br/>谢谢每一个投蕉的帅哥美女！香蕉没有来个赞也好啊！<br/>视频来自快手等平台，侵权联系删除！,3953,https://www.acfun.cn/v/ac48866824,https://tx-free-imgs.acfun.cn/newUpload/2176158_dba921eb42f14c7ba31a1af83bfe71ce.gif?imageslim,AcFun,周榜,week,hotlist,,2026-09-26 03:17:33
32,琵琶曲丨夜神月 VS  L,原曲：琵琶曲,2270,https://www.acfun.cn/v/ac48861693,https://tx-free-imgs.acfun.cn/newUpload/16986934_3bf4dd94910c4845acf851f7f0fdb757.jpeg?imageslim,AcFun,周榜,week,hotlist,,2026-09-26 03:17:33
33,网络上常见的热门短视频集锦   第三千四百四十一期,审核大大辛苦了！<br/>谢谢每一个投蕉的帅哥美女！香蕉没有来个赞也好啊！<br/>视频来自快手等平台，侵权联系删除！,4204,https://www.acfun.cn/v/ac48862019,https://tx-free-imgs.acfun.cn/newUpload/2176158_6e5a88d95f344d92a8d97a57f03ac4b9.gif?imageslim,AcFun,周榜,week,hotlist,,2026-09-26 03:17:33
34,拜托了，夫人！★手机竖屏2014★,审核大大辛苦了！<br/>谢谢每一个投蕉的帅哥美女！香蕉没有来个赞也好啊！<br/>视频来自快手等平台，侵权联系删除！,3178,https://www.acfun.cn/v/ac48871493,https://tx-free-imgs.acfun.cn/newUpload/2176158_afaf0913878443b1bc00d636136ffce3.gif?imageslim,AcFun,周榜,week,hotlist,,2026-09-26 03:17:33
35,空中瑜伽！！！★手机竖屏2012★,审核大大辛苦了！<br/>谢谢每一个投蕉的帅哥美女！香蕉没有来个赞也好啊！<br/>视频来自快手等平台，侵权联系删除！,4464,https://www.acfun.cn/v/ac48866821,https://tx-free-imgs.acfun.cn/newUpload/2176158_610807af48f5463a891fc9f341c9b16f.gif?imageslim,AcFun,周榜,week,hotlist,,2026-09-26 03:17:33
36,厨师长教你：“鱼香肉丝”的家常做法，酸甜微辣，口感丰富,,2049,https://www.acfun.cn/v/ac48867741,https://tx-free-imgs.acfun.cn/newUpload/13274260_93e68d1098d04ffca2683655a6a404c2.jpeg?imageslim,AcFun,周榜,week,hotlist,,2026-09-26 03:17:33
37,网络上常见的热门短视频集锦   第三千四百三十九期,审核大大辛苦了！<br/>谢谢每一个投蕉的帅哥美女！香蕉没有来个赞也好啊！<br/>视频来自快手等平台，侵权联系删除！,4055,https://www.acfun.cn/v/ac48859518,https://tx-free-imgs.acfun.cn/newUpload/2176158_13f61f1aa39c4732bdaeed87fe0e28a4.gif?imageslim,AcFun,周榜,week,hotlist,,2026-09-26 03:17:33
38,一天生产500万个！速冻水饺是如何制造出来的？,,2163,https://www.acfun.cn/v/ac48859253,https://tx-free-imgs.acfun.cn/newUpload/19281632_57f07fe28e24422d948491fd2d43586c.jpeg?imageslim,AcFun,周榜,week,hotlist,,2026-09-26 03:17:33
39,今天你不能嫁出去【今天有什么好笑的 #2514】,：)，谢谢大家，祝你们开心。<br/>wallpaper壁纸：Fading Astronaut 5K (update)<br/>BGM：I Want It That Way,2911,https://www.acfun.cn/v/ac48865864,https://tx-free-imgs.acfun.cn/newUpload/383079_ee4f5f7badf74f05a2ef6c691387f327.gif?imageslim,AcFun,周榜,week,hotlist,,2026-09-26 03:17:33
40,嘴角压不住了【今天有什么好笑的 #2515】,：），谢谢大家的投蕉和点赞，祝你开心愉快~<br/>wallpaper壁纸：Genshin 神里绫华<br/>BGM：Wake me up when september ends,2431,https://www.acfun.cn/v/ac48868130,https://tx-free-imgs.acfun.cn/newUpload/383079_ef65121591434d2b86d53db1622776cd.gif?imageslim,AcFun,周榜,week,hotlist,,2026-09-26 03:17:33
41,单纯的约会（92）,,1821,https://www.acfun.cn/v/ac48857199,https://tx-free-imgs.acfun.cn/newUpload/74706824_a3a60d77e6934225b168686e44216c4b.png?imageslim,AcFun,周榜,week,hotlist,,2026-09-26 03:17:33
42,【东方】推特东方小视频选集 第272期,睡觉睡觉睡觉睡觉睡觉睡觉睡觉睡觉睡觉睡觉……,1407,https://www.acfun.cn/v/ac48858830,https://tx-free-imgs.acfun.cn/newUpload/6102_5a13d6efeec742ff84c512206aaeb7b0.jpeg?imageslim,AcFun,周榜,week,hotlist,,2026-09-26 03:17:33
43,甜妹来袭！,,2167,https://www.acfun.cn/v/ac48863947,https://tx-free-imgs.acfun.cn/newUpload/12439728_1fd5a3c6e60241a1a1cd8f89dbede769.png?imageslim,AcFun,周榜,week,hotlist,,2026-09-26 03:17:33
44,网络上常见的热门短视频集锦   第三千四百四十三期,审核大大辛苦了！<br/>谢谢每一个投蕉的帅哥美女！香蕉没有来个赞也好啊！<br/>视频来自快手等平台，侵权联系删除！,3664,https://www.acfun.cn/v/ac48864363,https://tx-free-imgs.acfun.cn/newUpload/2176158_dfef22dbf6934a15a594e5766b8680ca.gif?imageslim,AcFun,周榜,week,hotlist,,2026-09-26 03:17:33
45,和我一起健身吧！！！欢乐八点档-1783,审核大大辛苦了！<br/>免费的香蕉投一下吧，没有那就点个赞吧，这对我来说很重要，谢谢！！！<br/>谢谢每一个投蕉的帅哥美女！你们是我坚持更新的动力！<br/>视频来自快手等平台，侵权联系删除！,2081,https://www.acfun.cn/v/ac48872699,https://tx-free-imgs.acfun.cn/newUpload/2176158_e379c7202d2e43029e07ad17f40cab19.gif?imageslim,AcFun,周榜,week,hotlist,,2026-09-26 03:17:33
46,嘞个就是爱情【今天有什么好笑的 #2512】,：），谢谢大家的投蕉和点赞，祝你开心愉快~<br/>wallpaper壁纸：lamp<br/>BGM：What a Feeling,2450,https://www.acfun.cn/v/ac48860992,https://tx-free-imgs.acfun.cn/newUpload/383079_172d192fee55441c96b7352f61e0a25f.gif?imageslim,AcFun,周榜,week,hotlist,,2026-09-26 03:17:33
47,网络上常见的热门短视频集锦   第三千四百四十四期,审核大大辛苦了！<br/>谢谢每一个投蕉的帅哥美女！香蕉没有来个赞也好啊！<br/>视频来自快手等平台，侵权联系删除！,3565,https://www.acfun.cn/v/ac48865021,https://tx-free-imgs.acfun.cn/newUpload/2176158_663463f1e6004dc2b4dea153d1e60c05.gif?imageslim,AcFun,周榜,week,hotlist,,2026-09-26 03:17:33
48,【锅锅x怀瑜x阔落】千里邀月——共饮此杯赏此月，夜好眠,中秋到了，和姐妹们合唱了千里邀月~~<br/>乐：可乐祝大家身体健康，永不加班，月圆人团圆<br/>鱼：怀瑜愿诸位财源广进，常能摸鱼，花好月更圆<br/>锅：锅锅祝大家桂香满锅，早归赏月，饼甜心更甜<br/>祝大家中秋快乐~,1749,https://www.acfun.cn/v/ac48871580,https://tx-free-imgs.acfun.cn/newUpload/67206930_e47be8dbac2546e1b5a4a831e71dabe4.jpeg?imageslim,AcFun,周榜,week,hotlist,,2026-09-26 03:17:33
49,现在电脑不好卖了，以后我们出租AI机器人吧,,2246,https://www.acfun.cn/v/ac48867767,https://tx-free-imgs.acfun.cn/newUpload/17928_c684f06231604145b533a0f00627c624.png?imageslim,AcFun,周榜,week,hotlist,,2026-09-26 03:17:33
50,网络上常见的热门短视频集锦   第三千四百三十七期,审核大大辛苦了！<br/>谢谢每一个投蕉的帅哥美女！香蕉没有来个赞也好啊！<br/>视频来自快手等平台，侵权联系删除！,3679,https://www.acfun.cn/v/ac48857544,https://tx-free-imgs.acfun.cn/newUpload/2176158_65f1d403dce7484b8d62b6f272bdbe31.gif?imageslim,AcFun,周榜,week,hotlist,,2026-09-26 03:17:33
1,娃：真遗憾，本来打算亲自告诉你们的,嘿嘿希望大家都万事顺意～心想事成,4419,https://www.acfun.cn/v/ac48871740,https://tx-free-imgs.acfun.cn/newUpload/17062172_d1a93166ed084e3aadac2fea4bba0707.jpg?imageslim,AcFun,日榜,day,hotlist,,2026-09-26 04:20:13
2,裸足圆脸仙女下凡～跳一曲千里邀月【可心喵】,,2171,https://www.acfun.cn/v/ac48872448,https://tx-free-imgs.acfun.cn/newUpload/12892608_6691690fd8e944278bda5d5390e1e5a9.jpg?imageslim,AcFun,日榜,day,hotlist,,2026-09-26 04:20:13
3,拜托了，夫人！★手机竖屏2014★,审核大大辛苦了！<br/>谢谢每一个投蕉的帅哥美女！香蕉没有来个赞也好啊！<br/>视频来自快手等平台，侵权联系删除！,3201,https://www.acfun.cn/v/ac48871493,https://tx-free-imgs.acfun.cn/newUpload/2176158_afaf0913878443b1bc00d636136ffce3.gif?imageslim,AcFun,日榜,day,hotlist,,2026-09-26 04:20:13
4,女妖邪神凶宅索命，最惨主角逆天求生！克系神游《魔女屋中之梦》像素恐怖游戏详细讲述【深夜档】,如何在60天内，让洛夫克拉夫特小说中惨死的倒霉主角逆天改命？这位芬兰作者打造了一部又硬核又忠实的优秀克苏鲁游戏！入住阿卡姆百年凶宅的凡人主角沃尔特·吉尔曼，接连遭到人脸妖鼠，恐怖女巫，不可名状外神的侵袭。白天钻研神秘学知识，梦中游历邪恶异星。他将与密斯卡托尼克大学最强战神亨利·阿米蒂奇教授联手对抗邪神降世！这是一部真正将洛氏“宇宙恐怖”带入到日常，并忠实于原著的游戏，自由度超高且信息量惊人！我将细致地带各位体验这跌宕起伏的60天，看弱小的主角如何起死回生并拯救世界！,1315,https://www.acfun.cn/v/ac48872418,https://tx-free-imgs.acfun.cn/newUpload/817797_2631b7cf26c14c2fbbfb062962a775be.jpeg?imageslim,AcFun,日榜,day,hotlist,,2026-09-26 04:20:13
5,和我一起健身吧！！！欢乐八点档-1783,审核大大辛苦了！<br/>免费的香蕉投一下吧，没有那就点个赞吧，这对我来说很重要，谢谢！！！<br/>谢谢每一个投蕉的帅哥美女！你们是我坚持更新的动力！<br/>视频来自快手等平台，侵权联系删除！,2103,https://www.acfun.cn/v/ac48872699,https://tx-free-imgs.acfun.cn/newUpload/2176158_e379c7202d2e43029e07ad17f40cab19.gif?imageslim,AcFun,日榜,day,hotlist,,2026-09-26 04:20:13
6,【锅锅x怀瑜x阔落】千里邀月——共饮此杯赏此月，夜好眠,中秋到了，和姐妹们合唱了千里邀月~~<br/>乐：可乐祝大家身体健康，永不加班，月圆人团圆<br/>鱼：怀瑜愿诸位财源广进，常能摸鱼，花好月更圆<br/>锅：锅锅祝大家桂香满锅，早归赏月，饼甜心更甜<br/>祝大家中秋快乐~,1758,https://www.acfun.cn/v/ac48871580,https://tx-free-imgs.acfun.cn/newUpload/67206930_e47be8dbac2546e1b5a4a831e71dabe4.jpeg?imageslim,AcFun,日榜,day,hotlist,,2026-09-26 04:20:13
7,网络上常见的热门短视频集锦   第三千四百四十九期,审核大大辛苦了！<br/>谢谢每一个投蕉的帅哥美女！香蕉没有来个赞也好啊！<br/>视频来自快手等平台，侵权联系删除！,2551,https://www.acfun.cn/v/ac48871496,https://tx-free-imgs.acfun.cn/newUpload/2176158_cf20f7722011491da25ce2efbc799dba.gif?imageslim,AcFun,日榜,day,hotlist,,2026-09-26 04:20:13
8,【4K超高清】「JOJO的奇妙冒险 飙马野郎」第2话,,4580,https://www.acfun.cn/v/ac48872740,https://tx-free-imgs.acfun.cn/newUpload/72840608_a526e08904d049d2b38ce5f38bd71e63.jpeg?imageslim,AcFun,日榜,day,hotlist,,2026-09-26 04:20:13
9,网络上常见的热门短视频集锦   第三千四百五十期,审核大大辛苦了！<br/>谢谢每一个投蕉的帅哥美女！香蕉没有来个赞也好啊！<br/>视频来自快手等平台，侵权联系删除！,2456,https://www.acfun.cn/v/ac48872279,https://tx-free-imgs.acfun.cn/newUpload/2176158_a96ecd95394b4517928ac111407f75b1.gif?imageslim,AcFun,日榜,day,hotlist,,2026-09-26 04:20:13
10,今夜的风悄悄月悄悄~,,1306,https://www.acfun.cn/v/ac48873434,https://tx-free-imgs.acfun.cn/newUpload/23512715_0f364b6606dd467ab9975ffef5af1b29.jpg?imageslim,AcFun,日榜,day,hotlist,,2026-09-26 04:20:13
11,【颜音】中秋歌回~祝大家节日快乐,皓月凌空，桂香满庭。<br/>愿今夜歌声暖心，祝各位中秋快乐，阖家美满！,1445,https://www.acfun.cn/v/ac48872065,https://tx-free-imgs.acfun.cn/newUpload/4425861_3dab8cdf19a74bf6accbdcd688cd9b6a.jpeg?imageslim,AcFun,日榜,day,hotlist,,2026-09-26 04:20:13
12,短裙挑战！超长翻跳一次看个够~【生日作】,,1361,https://www.acfun.cn/v/ac48872675,https://tx-free-imgs.acfun.cn/newUpload/32485245_415db634556140d1841e2ebb4c0d9371.jpeg?imageslim,AcFun,日榜,day,hotlist,,2026-09-26 04:20:13
13,望眼欲穿【今天有什么好笑的 #2517】,：），谢谢大家的投蕉和点赞，祝你开心愉快~<br/>Wallpaper壁纸：雪山与女孩<br/>Bgm：あのね。,1760,https://www.acfun.cn/v/ac48872647,https://tx-free-imgs.acfun.cn/newUpload/383079_40beb913fd1a44d3afa053553d53b466.gif?imageslim,AcFun,日榜,day,hotlist,,2026-09-26 04:20:13
14,【东方/汉化】咲夜带你了解汉字【MMD搞笑小剧场】,作者：クローバー,1172,https://www.acfun.cn/v/ac48872652,https://tx-free-imgs.acfun.cn/newUpload/6102_8b2072189ecb4044a7de95bb450d02ed.jpeg?imageslim,AcFun,日榜,day,hotlist,,2026-09-26 04:20:13
15,我终于明白什么都不缺的含金量！,,1189,https://www.acfun.cn/v/ac48872781,https://tx-free-imgs.acfun.cn/newUpload/6177430_06f5f9b03edd4f73a3dfeba4cf78db16.jpeg?imageslim,AcFun,日榜,day,hotlist,,2026-09-26 04:20:13
16,两段不伦恋 15年复仇路《老男孩》吴大秀我的折磨可是一辈子,本期带来《老男孩》50分钟 国庆要到了，铁粉都知道背包住在网红街道 小长假根本没法做节目，阿杰提意带着各自父母一起出去玩几天 所以这几天会加急看看能不能赶出来一期，实再不行就小长假后更新咯，中秋国庆都祝小伙伴开心快乐！,1136,https://www.acfun.cn/v/ac48871285,https://tx-free-imgs.acfun.cn/newUpload/6894185_ab259859c7df40d1b092d2e828bf38e5.jpeg?imageslim,AcFun,日榜,day,hotlist,,2026-09-26 04:20:13
17,如果我和她恋爱的话……,,1293,https://www.acfun.cn/v/ac48871545,https://tx-free-imgs.acfun.cn/newUpload/2277346_de526594356a4c9f90b71bf5823054e6.jpg?imageslim,AcFun,日榜,day,hotlist,,2026-09-26 04:20:13
18,“原来和思念的人相见，就是人们常说的团圆” | 愿年年有今夜《妙妙人间》,「愿岁岁年年有此夜。」<br/>To : 虽然隔着屏幕，但同一轮月亮也让我们团圆在这里。中秋快乐呀~<br/>==========<br/>《妙妙人间》<br/>原唱：张含韵<br/>混音：饭団子p<br/>翻唱&视频：露纱琳黛,1092,https://www.acfun.cn/v/ac48871599,https://tx-free-imgs.acfun.cn/newUpload/69790459_0b53ce48e1c7437c9bdd3cf45d53de8f.jpeg?imageslim,AcFun,日榜,day,hotlist,,2026-09-26 04:20:13
19,空姐OL~第57次取消发送,中秋节快乐,1569,https://www.acfun.cn/v/ac48872674,https://tx-free-imgs.acfun.cn/newUpload/14539629_46621bdc88a44c63be63172c5ba6cb6a.jpeg?imageslim,AcFun,日榜,day,hotlist,,2026-09-26 04:20:13
20,想和你一起赏月𐔌՞ ܸ.ˬ.ܸ՞𐦯千里邀月,,1071,https://www.acfun.cn/v/ac48873207,https://tx-free-imgs.acfun.cn/newUpload/57336445_c7d705d3782c4b0193b62c6d02e43748.jpg?imageslim,AcFun,日榜,day,hotlist,,2026-09-26 04:20:13
21,香煎盐焗鸡｜简单到不可能失败，外焦里嫩巨好吃,,1130,https://www.acfun.cn/v/ac48870521,https://tx-free-imgs.acfun.cn/newUpload/1383198_a8487ee2fe9849dc9807f9da5d193fb1.jpeg?imageslim,AcFun,日榜,day,hotlist,,2026-09-26 04:20:13
22,【绘画过程】9月保底《金秋》,大家中秋快乐！<br/>本月的保底是百贴布~ 某宝同步预售。,1519,https://www.acfun.cn/v/ac48872808,https://tx-free-imgs.acfun.cn/newUpload/179922_630934cb2f3245e5a4a4020570f61eca.png?imageslim,AcFun,日榜,day,hotlist,,2026-09-26 04:20:13
23,【官方中字】SBR JOJO的奇妙冒险 飙马野郎 2nd＆3rd STAGE 第二集,,1675,https://www.acfun.cn/v/ac48872883,https://tx-free-imgs.acfun.cn/newUpload/30501027_27e89cd7cd684f01a120b8ec666a3896.png?imageslim,AcFun,日榜,day,hotlist,,2026-09-26 04:20:13
24,忘情牛肉面,,1118,https://www.acfun.cn/v/ac48873433,https://tx-free-imgs.acfun.cn/newUpload/11361784_6fe659c9e31e428c8b700a04d46742fd.jpg?imageslim,AcFun,日榜,day,hotlist,,2026-09-26 04:20:13
25,【1080P.奇幻冒险】JOJO的奇妙冒险 飙马野郎 (2026)第七季 第二集,1890年，一场世纪大赛“SBR”于美国举开。全长共6000公里，是人类史上第一场骑乘马匹横越北美大陆的比赛！为了拿下高达5千万美元（60亿日元）的冠军奖金，一群强悍的冒险家们正式展开了他们的争战！,1854,https://www.acfun.cn/v/ac48872840,https://tx-free-imgs.acfun.cn/newUpload/903432_bb4a52ee7e3e42cc853e5ff0b8a21e0d.png?imageslim,AcFun,日榜,day,hotlist,,2026-09-26 04:20:13
26,三周摧毁美国东海岸，绿色流感为何无法阻止？【求生之路剧情解析+涂鸦翻译】,刺骨寒溪和最后一战的涂鸦和官方剧情联系不大，因此没有放在视频中；<br/>前面的内容感觉都有点多余，最后的涂鸦翻译才是本体。<br/><br/>,1251,https://www.acfun.cn/v/ac48867996,https://tx-free-imgs.acfun.cn/newUpload/1020536_15195e7242e247fb9dc7a625a61a3662.jpeg?imageslim,AcFun,日榜,day,hotlist,,2026-09-26 04:20:13
27,新肤色超辣！,,1317,https://www.acfun.cn/v/ac48863964,https://tx-free-imgs.acfun.cn/newUpload/12439728_70c7284ba2724c048fb5266f61c33e34.png?imageslim,AcFun,日榜,day,hotlist,,2026-09-26 04:20:13
28,【柯基】《金风玉露》～～～晚风啊～～～,,1162,https://www.acfun.cn/v/ac48872627,https://tx-free-imgs.acfun.cn/newUpload/29493245_88171143b6bd4aa6885743ffe64d6584.png?imageslim,AcFun,日榜,day,hotlist,,2026-09-26 04:20:13
29,中秋节快乐呀！！,,1053,https://www.acfun.cn/v/ac48872753,https://tx-free-imgs.acfun.cn/newUpload/25756908_e40f0ac3bdb34aa6a05629d19ec12f7c.png?imageslim,AcFun,日榜,day,hotlist,,2026-09-26 04:20:13
30,【夏雅】Don t let go of my hand.,,1455,https://www.acfun.cn/v/ac48873108,https://tx-free-imgs.acfun.cn/newUpload/16279345_4e8e1897539648e8869f4815f9bd1572.jpg?imageslim,AcFun,日榜,day,hotlist,,2026-09-26 04:20:13
31,拼凑的断音,动作有做方向上的一些改动等<br/>歌曲：拼凑的断音-（舞蹈：あおい aoi とみたけ tomitake）,1123,https://www.acfun.cn/v/ac48871758,https://tx-free-imgs.acfun.cn/newUpload/12229455_ccda2f5ac69244d1aa813dc04c9a63d5.jpeg?imageslim,AcFun,日榜,day,hotlist,,2026-09-26 04:20:13
32,"宙斯神王也会是这战绩？快速看完一局韩服王者斗殴局#837 Zeus, Racoon, Clozer,","宙斯神王也会是这战绩？快速看完一局韩服王者斗殴局#837 Zeus, Racoon, Clozer, Wenbo, Canyon, 叶秋枫 <br/>BGM:https://music.163.com/playlist?id=650818240&userid=30476594",1172,https://www.acfun.cn/v/ac48865858,https://tx-free-imgs.acfun.cn/newUpload/1378726_0477a53ac6df4eb3b611b241b6a08941.jpeg?imageslim,AcFun,日榜,day,hotlist,,2026-09-26 04:20:13
33,石头剪刀布卖个萌,难得假期来凡人线下嘉年华cos了一下银月，玩得很开心，不知道有没有碰到我的道友～,1077,https://www.acfun.cn/v/ac48873212,https://tx-free-imgs.acfun.cn/newUpload/12229455_c6e4220d0d7c41e2b5d489a9386cbe72.png?imageslim,AcFun,日榜,day,hotlist,,2026-09-26 04:20:13
34,Acfun评论才是本体啊2026年8月和九月,香蕉点赞来一点哦，,927,https://www.acfun.cn/v/ac48872845,https://tx-free-imgs.acfun.cn/newUpload/36839617_4ce9b7b878c344edbc971706d81900cc.jpeg?imageslim,AcFun,日榜,day,hotlist,,2026-09-26 04:20:13
35,「Super8」《如烟》大家中秋快乐鸭～,原唱：五月天<br/>翻唱：把超人<br/>混音：废废哟<br/>视频：星马豪<br/>录了有一段时间的歌咧，五月天的歌里算很喜欢的一首，词非常喜欢，祝大家中秋快乐哟～,944,https://www.acfun.cn/v/ac48872351,https://tx-free-imgs.acfun.cn/newUpload/301519_95463a4627374a178e3b102bc74e8bcf.jpeg?imageslim,AcFun,日榜,day,hotlist,,2026-09-26 04:20:13
36,恶魔想成为你的家人！请交出性命！阴间电视台！越南模拟恐怖APTV EP6,喜欢记得关注五蕉~谢谢支持~！,948,https://www.acfun.cn/v/ac48871608,https://tx-free-imgs.acfun.cn/newUpload/26364938_c8b3f3a89c5d45989f596c7abadfe5de.jpeg?imageslim,AcFun,日榜,day,hotlist,,2026-09-26 04:20:13
37,【猪肝来也】one love,,1060,https://www.acfun.cn/v/ac48873230,https://tx-free-imgs.acfun.cn/newUpload/4599324_253057be5bbe40d1b82d24222d803ec4.jpg?imageslim,AcFun,日榜,day,hotlist,,2026-09-26 04:20:13
38,这身衣服跳什么都好帅啊！哈哈哈,,1087,https://www.acfun.cn/v/ac48872819,https://tx-free-imgs.acfun.cn/newUpload/16380981_3be481ccc3bd44c3a12928fa1f84b25e.png?imageslim,AcFun,日榜,day,hotlist,,2026-09-26 04:20:13
39,告女子书！,,1051,https://www.acfun.cn/v/ac48872722,https://tx-free-imgs.acfun.cn/newUpload/16380981_45b2d4d6fdb34b34876bc5e8fcdaca47.png?imageslim,AcFun,日榜,day,hotlist,,2026-09-26 04:20:13
40,【绝望女神/翻唱】【火影忍者 ED1 Wind】,想听啥继续评论回复~,937,https://www.acfun.cn/v/ac48873021,https://tx-free-imgs.acfun.cn/newUpload/20705199_4163259e9c314ff193a9aac80be14188.jpeg?imageslim,AcFun,日榜,day,hotlist,,2026-09-26 04:20:13
41,十几万买台“莲花”，行吗？,,1090,https://www.acfun.cn/v/ac48872934,https://tx-free-imgs.acfun.cn/newUpload/14288157_b6f51fa0cabc4a0fa6b69c8bffff34ea.jpeg?imageslim,AcFun,日榜,day,hotlist,,2026-09-26 04:20:13
42,明月几时有？我想有时就有～,,1024,https://www.acfun.cn/v/ac48872948,https://tx-free-imgs.acfun.cn/newUpload/31922015_3de6c615f9d24a4ab766c9c22f19d8ed.jpg?imageslim,AcFun,日榜,day,hotlist,,2026-09-26 04:20:13
43,十月新番最爽厕纸！男主化身黄毛！转生夺走原主的女友们！？,十月新番最爽厕纸！男主化身黄毛！转生夺走原主的女友们！？,1119,https://www.acfun.cn/v/ac48873035,https://tx-free-imgs.acfun.cn/newUpload/13467496_1abceb83c1454743bcb9d4abcf823669.jpeg?imageslim,AcFun,日榜,day,hotlist,,2026-09-26 04:20:13
44,open the door,,1190,https://www.acfun.cn/v/ac48873110,https://tx-free-imgs.acfun.cn/newUpload/79951_cacbb88182cb435a99a97d446363fa53.jpg?imageslim,AcFun,日榜,day,hotlist,,2026-09-26 04:20:13
45,又何尝不是一种很新的花灯...,胶佬过中秋有自己的灯笼！其实是万代的MEGX独角兽换了灯组嘻嘻～双节快乐！,1045,https://www.acfun.cn/v/ac48873084,https://tx-free-imgs.acfun.cn/newUpload/13449743_b5143a98667f48bdb3f046459ee13864.jpeg?imageslim,AcFun,日榜,day,hotlist,,2026-09-26 04:20:13
46,【cheerup+快乐指南+nobody】跑调的人去KTV就蹦哒呗～,,762,https://www.acfun.cn/v/ac48872721,https://tx-free-imgs.acfun.cn/newUpload/31922015_51babcf260aa4990ade2ad884f023973.jpg?imageslim,AcFun,日榜,day,hotlist,,2026-09-26 04:20:13
47,白井黑子·佐天泪子 中秋月色双人手势舞【AI动画/超清】,本人本地部署的AI生成图片视频模型制作，硬件英伟达显卡RTX5070TI 16G+96G DDR5 6000内存，花费2小时合成.<br/>这次引入新的二次元动漫人物模型，二次元脸部质量效果会更好些，同时步数可以适当降低，降本增效。引入后期处理工具修复强化背景<br/><br/>人物：佐天泪子 白井黑子<br/>舞蹈技术与BGM：网红手势舞<br/>场景：中秋月色,1159,https://www.acfun.cn/v/ac48871101,https://tx-free-imgs.acfun.cn/newUpload/46764084_397c08849b344139b09a46fb71f814b3.png?imageslim,AcFun,日榜,day,hotlist,,2026-09-26 04:20:13
48,嘀，纣王体验卡,,1117,https://www.acfun.cn/v/ac48872737,https://tx-free-imgs.acfun.cn/newUpload/77181154_7c7593de7b584caebd43b4bb4e8dc517.png?imageslim,AcFun,日榜,day,hotlist,,2026-09-26 04:20:13
49,【甲鱼的旅法十年】迷你专辑《心之所往的创作背景,,693,https://www.acfun.cn/v/ac48872771,https://tx-free-imgs.acfun.cn/newUpload/44128996_e3793329f00e48dc80645b417f8ea4d9.png?imageslim,AcFun,日榜,day,hotlist,,2026-09-26 04:20:13
50,TGS现场女玩家击败虎牢关吕布【真三国无双2with猛将传】复刻版,Up主现场实拍TGS2026《真三国无双2with猛将传】复刻版现场试玩,953,https://www.acfun.cn/v/ac48873376,https://tx-free-imgs.acfun.cn/newUpload/17097644_3295b46ed232444db8c34ee0206b58a7.png?imageslim,AcFun,日榜,day,hotlist,,2026-09-26 04:20:13
1,是谁点的小恶魔，蕉出来～,,6244,https://www.acfun.cn/v/ac48867778,https://tx-free-imgs.acfun.cn/newUpload/17062172_6098fee67d1748e0ab5dab3b5665736c.jpg?imageslim,AcFun,三日榜,three-days,hotlist,,2026-09-26 04:20:13
2,娃：真遗憾，本来打算亲自告诉你们的,嘿嘿希望大家都万事顺意～心想事成,4419,https://www.acfun.cn/v/ac48871740,https://tx-free-imgs.acfun.cn/newUpload/17062172_d1a93166ed084e3aadac2fea4bba0707.jpg?imageslim,AcFun,三日榜,three-days,hotlist,,2026-09-26 04:20:13
3,《野生动物迷惑行为》,喜欢请投蕉啊   谢谢啦！,2894,https://www.acfun.cn/v/ac48868360,https://tx-free-imgs.acfun.cn/newUpload/1342385_3fab348c538e4c0fa001871a708fe302.jpeg?imageslim,AcFun,三日榜,three-days,hotlist,,2026-09-26 04:20:13
4,漫威金刚狼深陷争议！SweetBaby又毁一款？【绅批】,这算是DEI的历史遗留问题了，所有现在已经从sweetbaby离职的人，只要参与过游戏制作也会被署名（比如桥本和真）,2926,https://www.acfun.cn/v/ac48868810,https://tx-free-imgs.acfun.cn/newUpload/526850_ca1da1572b1d494a93e2f6bab46cf76b.jpeg?imageslim,AcFun,三日榜,three-days,hotlist,,2026-09-26 04:20:13
5,裸足圆脸仙女下凡～跳一曲千里邀月【可心喵】,,2171,https://www.acfun.cn/v/ac48872448,https://tx-free-imgs.acfun.cn/newUpload/12892608_6691690fd8e944278bda5d5390e1e5a9.jpg?imageslim,AcFun,三日榜,three-days,hotlist,,2026-09-26 04:20:13
6,因为害怕被讨厌 所以把自己藏起来了,,3187,https://www.acfun.cn/v/ac48871331,https://tx-free-imgs.acfun.cn/newUpload/11361784_3d4bd69b46f541e184c2922c24f09276.jpg?imageslim,AcFun,三日榜,three-days,hotlist,,2026-09-26 04:20:13
7,我真的是来吃饭的！★手机竖屏2013★,审核大大辛苦了！<br/>谢谢每一个投蕉的帅哥美女！香蕉没有来个赞也好啊！<br/>视频来自快手等平台，侵权联系删除！,3890,https://www.acfun.cn/v/ac48869145,https://tx-free-imgs.acfun.cn/newUpload/2176158_eb4b69370b8f435aa2b171e72403d356.gif?imageslim,AcFun,三日榜,three-days,hotlist,,2026-09-26 04:20:13
8,mr chu!!好怀念这首歌,,2125,https://www.acfun.cn/v/ac48869375,https://tx-free-imgs.acfun.cn/newUpload/16380981_19592eb83a88429695ee1a0508fc3df0.png?imageslim,AcFun,三日榜,three-days,hotlist,,2026-09-26 04:20:13
9,拳击好啊，拳击得学！欢乐八点档-1781,审核大大辛苦了！<br/>免费的香蕉投一下吧，没有那就点个赞吧，这对我来说很重要，谢谢！！！<br/>谢谢每一个投蕉的帅哥美女！你们是我坚持更新的动力！<br/>视频来自快手等平台，侵权联系删除！,4159,https://www.acfun.cn/v/ac48868336,https://tx-free-imgs.acfun.cn/newUpload/2176158_3f6c601293a54468bae97f781440217b.gif?imageslim,AcFun,三日榜,three-days,hotlist,,2026-09-26 04:20:13
10,这样的学姐喜欢吗？欢乐八点档-1782,审核大大辛苦了！<br/>免费的香蕉投一下吧，没有那就点个赞吧，这对我来说很重要，谢谢！！！<br/>谢谢每一个投蕉的帅哥美女！你们是我坚持更新的动力！<br/>视频来自快手等平台，侵权联系删除！,3813,https://www.acfun.cn/v/ac48870057,https://tx-free-imgs.acfun.cn/newUpload/2176158_4c1f3b60f73e451abc443941d47305d8.gif?imageslim,AcFun,三日榜,three-days,hotlist,,2026-09-26 04:20:13
11,网络上常见的热门短视频集锦   第三千四百四十五期,审核大大辛苦了！<br/>谢谢每一个投蕉的帅哥美女！香蕉没有来个赞也好啊！<br/>视频来自快手等平台，侵权联系删除！,3957,https://www.acfun.cn/v/ac48866824,https://tx-free-imgs.acfun.cn/newUpload/2176158_dba921eb42f14c7ba31a1af83bfe71ce.gif?imageslim,AcFun,三日榜,three-days,hotlist,,2026-09-26 04:20:13
12,拜托了，夫人！★手机竖屏2014★,审核大大辛苦了！<br/>谢谢每一个投蕉的帅哥美女！香蕉没有来个赞也好啊！<br/>视频来自快手等平台，侵权联系删除！,3201,https://www.acfun.cn/v/ac48871493,https://tx-free-imgs.acfun.cn/newUpload/2176158_afaf0913878443b1bc00d636136ffce3.gif?imageslim,AcFun,三日榜,three-days,hotlist,,2026-09-26 04:20:13
13,空中瑜伽！！！★手机竖屏2012★,审核大大辛苦了！<br/>谢谢每一个投蕉的帅哥美女！香蕉没有来个赞也好啊！<br/>视频来自快手等平台，侵权联系删除！,4468,https://www.acfun.cn/v/ac48866821,https://tx-free-imgs.acfun.cn/newUpload/2176158_610807af48f5463a891fc9f341c9b16f.gif?imageslim,AcFun,三日榜,three-days,hotlist,,2026-09-26 04:20:13
14,厨师长教你：“鱼香肉丝”的家常做法，酸甜微辣，口感丰富,,2055,https://www.acfun.cn/v/ac48867741,https://tx-free-imgs.acfun.cn/newUpload/13274260_93e68d1098d04ffca2683655a6a404c2.jpeg?imageslim,AcFun,三日榜,three-days,hotlist,,2026-09-26 04:20:13
15,嘴角压不住了【今天有什么好笑的 #2515】,：），谢谢大家的投蕉和点赞，祝你开心愉快~<br/>wallpaper壁纸：Genshin 神里绫华<br/>BGM：Wake me up when september ends,2432,https://www.acfun.cn/v/ac48868130,https://tx-free-imgs.acfun.cn/newUpload/383079_ef65121591434d2b86d53db1622776cd.gif?imageslim,AcFun,三日榜,three-days,hotlist,,2026-09-26 04:20:13
16,和我一起健身吧！！！欢乐八点档-1783,审核大大辛苦了！<br/>免费的香蕉投一下吧，没有那就点个赞吧，这对我来说很重要，谢谢！！！<br/>谢谢每一个投蕉的帅哥美女！你们是我坚持更新的动力！<br/>视频来自快手等平台，侵权联系删除！,2103,https://www.acfun.cn/v/ac48872699,https://tx-free-imgs.acfun.cn/newUpload/2176158_e379c7202d2e43029e07ad17f40cab19.gif?imageslim,AcFun,三日榜,three-days,hotlist,,2026-09-26 04:20:13
17,【锅锅x怀瑜x阔落】千里邀月——共饮此杯赏此月，夜好眠,中秋到了，和姐妹们合唱了千里邀月~~<br/>乐：可乐祝大家身体健康，永不加班，月圆人团圆<br/>鱼：怀瑜愿诸位财源广进，常能摸鱼，花好月更圆<br/>锅：锅锅祝大家桂香满锅，早归赏月，饼甜心更甜<br/>祝大家中秋快乐~,1758,https://www.acfun.cn/v/ac48871580,https://tx-free-imgs.acfun.cn/newUpload/67206930_e47be8dbac2546e1b5a4a831e71dabe4.jpeg?imageslim,AcFun,三日榜,three-days,hotlist,,2026-09-26 04:20:13
18,姛姛？！蝴蝶耳机Manget中文翻唱【箐羽Hane】x【缇若柯Teivoc】,“是否你确实表里如一淡然，还是说你——并不似我贪婪？”<br/>《Manget》磁石 / 蝴蝶耳机 - 中文翻唱<br/>原作作曲 / 流星P<br/>曲绘&翻唱 / 箐羽hane & 缇若柯Teivoc<br/>中文填词 / 果汁凉菜<br/>混音 / 风尘<br/>和笋笋一起唱了我们二次元姛神曲！曲绘也是我和笋笋每个人负责了自己的部分最后再拼到一起的！真好！( *^ ^)o(^ ^* )希望大家也能喜欢！,1623,https://www.acfun.cn/v/ac48869340,https://tx-free-imgs.acfun.cn/newUpload/67511609_d868cdbd6b1849e8958696cdc9db1493.jpeg?imageslim,AcFun,三日榜,three-days,hotlist,,2026-09-26 04:20:13
19,现在电脑不好卖了，以后我们出租AI机器人吧,,2259,https://www.acfun.cn/v/ac48867767,https://tx-free-imgs.acfun.cn/newUpload/17928_c684f06231604145b533a0f00627c624.png?imageslim,AcFun,三日榜,three-days,hotlist,,2026-09-26 04:20:13
20,女妖邪神凶宅索命，最惨主角逆天求生！克系神游《魔女屋中之梦》像素恐怖游戏详细讲述【深夜档】,如何在60天内，让洛夫克拉夫特小说中惨死的倒霉主角逆天改命？这位芬兰作者打造了一部又硬核又忠实的优秀克苏鲁游戏！入住阿卡姆百年凶宅的凡人主角沃尔特·吉尔曼，接连遭到人脸妖鼠，恐怖女巫，不可名状外神的侵袭。白天钻研神秘学知识，梦中游历邪恶异星。他将与密斯卡托尼克大学最强战神亨利·阿米蒂奇教授联手对抗邪神降世！这是一部真正将洛氏“宇宙恐怖”带入到日常，并忠实于原著的游戏，自由度超高且信息量惊人！我将细致地带各位体验这跌宕起伏的60天，看弱小的主角如何起死回生并拯救世界！,1315,https://www.acfun.cn/v/ac48872418,https://tx-free-imgs.acfun.cn/newUpload/817797_2631b7cf26c14c2fbbfb062962a775be.jpeg?imageslim,AcFun,三日榜,three-days,hotlist,,2026-09-26 04:20:13
21,我要冲会员【今天有什么好笑的 #2516】,：），谢谢大家的投蕉和点赞，祝你开心愉快~<br/>wallpaper壁纸：Reze | Chainsaw Man<br/>BGM：Nicoleta Matei - Love mail<br/>,2487,https://www.acfun.cn/v/ac48870763,https://tx-free-imgs.acfun.cn/newUpload/383079_47b0fc3f458042f5bd3717967e55c598.gif?imageslim,AcFun,三日榜,three-days,hotlist,,2026-09-26 04:20:13
22,网络上常见的热门短视频集锦   第三千四百四十六期,审核大大辛苦了！<br/>谢谢每一个投蕉的帅哥美女！香蕉没有来个赞也好啊！<br/>视频来自快手等平台，侵权联系删除！,3689,https://www.acfun.cn/v/ac48867732,https://tx-free-imgs.acfun.cn/newUpload/2176158_2ec1d99da19a48e0a8e4ff2a2447e612.gif?imageslim,AcFun,三日榜,three-days,hotlist,,2026-09-26 04:20:13
23,网络上常见的热门短视频集锦   第三千四百四十八期,审核大大辛苦了！<br/>谢谢每一个投蕉的帅哥美女！香蕉没有来个赞也好啊！<br/>视频来自快手等平台，侵权联系删除！,3533,https://www.acfun.cn/v/ac48870020,https://tx-free-imgs.acfun.cn/newUpload/2176158_d65e54f4e9ee489b86b6fc28c31c84ee.gif?imageslim,AcFun,三日榜,three-days,hotlist,,2026-09-26 04:20:13
24,网络上常见的热门短视频集锦   第三千四百四十九期,审核大大辛苦了！<br/>谢谢每一个投蕉的帅哥美女！香蕉没有来个赞也好啊！<br/>视频来自快手等平台，侵权联系删除！,2551,https://www.acfun.cn/v/ac48871496,https://tx-free-imgs.acfun.cn/newUpload/2176158_cf20f7722011491da25ce2efbc799dba.gif?imageslim,AcFun,三日榜,three-days,hotlist,,2026-09-26 04:20:13
25,交通事故20260923：交通车祸实例，提高安全驾驶意识,,1446,https://www.acfun.cn/v/ac48868861,https://tx-free-imgs.acfun.cn/newUpload/76871961_edea5de6659a4cd2b733a74989043440.jpg?imageslim,AcFun,三日榜,three-days,hotlist,,2026-09-26 04:20:13
26,沦陷️,歌曲舞蹈：沦陷dj版-星奇摇   动作有改编,1743,https://www.acfun.cn/v/ac48869381,https://tx-free-imgs.acfun.cn/newUpload/12229455_aacf9da97a0940ad8e5f0b509d9cc159.jpeg?imageslim,AcFun,三日榜,three-days,hotlist,,2026-09-26 04:20:13
27,网络上常见的热门短视频集锦   第三千四百四十七期,审核大大辛苦了！<br/>谢谢每一个投蕉的帅哥美女！香蕉没有来个赞也好啊！<br/>视频来自快手等平台，侵权联系删除！,3254,https://www.acfun.cn/v/ac48869149,https://tx-free-imgs.acfun.cn/newUpload/2176158_fdf9afe2e00a4a1aa62415c846776eaf.gif?imageslim,AcFun,三日榜,three-days,hotlist,,2026-09-26 04:20:13
28,老板直聘（89）,,1651,https://www.acfun.cn/v/ac48868552,https://tx-free-imgs.acfun.cn/newUpload/74706824_db2c7ba15c5d4aa18872db6b0763b7ca.jpeg?imageslim,AcFun,三日榜,three-days,hotlist,,2026-09-26 04:20:13
29,换你穿越三国乱世，你是起兵还是种田？,有没有宝贝和我一样，看三国的时候总在想，如果换我身在那个乱世，我会怎么样？是起兵争霸，还是归隐山林？ 或是是咱们可以选三国里有名的角色或者可以架空历史从素人做起，一统三国，那会怎么样?我最近就玩了这么一款游戏，一玩就是五个小时，根本停不下来，那今天来聊聊这款开放世界slg游戏《英雄立志传：三国志》~<br/>,1934,https://www.acfun.cn/v/ac48869043,https://tx-free-imgs.acfun.cn/newUpload/61352468_39715609bed041b98b21f3dbb482ad70.jpeg?imageslim,AcFun,三日榜,three-days,hotlist,,2026-09-26 04:20:13
30,人鱼的眼泪,歌曲舞蹈：爱乐之城-人鱼的眼泪,1561,https://www.acfun.cn/v/ac48867050,https://tx-free-imgs.acfun.cn/newUpload/12229455_130b1f041e6741dab4f6295ee27d927e.jpeg?imageslim,AcFun,三日榜,three-days,hotlist,,2026-09-26 04:20:13
31,【4K超高清】「JOJO的奇妙冒险 飙马野郎」第2话,,4580,https://www.acfun.cn/v/ac48872740,https://tx-free-imgs.acfun.cn/newUpload/72840608_a526e08904d049d2b38ce5f38bd71e63.jpeg?imageslim,AcFun,三日榜,three-days,hotlist,,2026-09-26 04:20:13
32,常州新开巴西烤肉自助，100块钱值得吗？,这是我目前为止，去过的第二家巴西烤肉自助，团购优惠的情况下，花了94元。正常价格在95~110不等<br/><br/>简单带大家看下菜品，除了取餐台这么些，各种牛肉制品、大串烧烤都是循环上桌，大家觉得这么些菜式花样，100块钱左右你们觉得贵还是便宜啊，觉得贵的扣1，觉得便宜的扣2,1880,https://www.acfun.cn/v/ac48868891,https://tx-free-imgs.acfun.cn/newUpload/2046675_bf3a59ddff624646850829452262094e.jpeg?imageslim,AcFun,三日榜,three-days,hotlist,,2026-09-26 04:20:13
33,在英国差点被上门诈骗,可能看到我一人在家，就大胆敲门了，还好平常也会注意周边邻居，没发生什么事儿，这个金额就算被骗也不会报警，以后还是要小心一些了。#英国日常#vlog,1667,https://www.acfun.cn/v/ac48869505,https://tx-free-imgs.acfun.cn/newUpload/43181603_1c8c6c487a864d098b5e7e7bf2a12c6a.jpg?imageslim,AcFun,三日榜,three-days,hotlist,,2026-09-26 04:20:13
34,原创编舞《千层套路》的定机位竖屏来啦！,,1639,https://www.acfun.cn/v/ac48869245,https://tx-free-imgs.acfun.cn/newUpload/16380981_24bafd11c027499d9fe6820162faa782.png?imageslim,AcFun,三日榜,three-days,hotlist,,2026-09-26 04:20:13
35,【颜音】中秋歌回~祝大家节日快乐,皓月凌空，桂香满庭。<br/>愿今夜歌声暖心，祝各位中秋快乐，阖家美满！,1445,https://www.acfun.cn/v/ac48872065,https://tx-free-imgs.acfun.cn/newUpload/4425861_3dab8cdf19a74bf6accbdcd688cd9b6a.jpeg?imageslim,AcFun,三日榜,three-days,hotlist,,2026-09-26 04:20:13
36,短裙挑战！超长翻跳一次看个够~【生日作】,,1361,https://www.acfun.cn/v/ac48872675,https://tx-free-imgs.acfun.cn/newUpload/32485245_415db634556140d1841e2ebb4c0d9371.jpeg?imageslim,AcFun,三日榜,three-days,hotlist,,2026-09-26 04:20:13
37,北京的最北端在黑龙江？？？国内飞地是怎么形成的？,这份中国地图，是你从未看过的船新版本，放大几倍就会发现，在大家熟悉的各个省份中，还藏着一堆 “你中有我、我中有你” 的飞地。,1814,https://www.acfun.cn/v/ac48867896,https://tx-free-imgs.acfun.cn/newUpload/13630266_cc2428a99a42453f99c9e1306e7a43bb.jpeg?imageslim,AcFun,三日榜,three-days,hotlist,,2026-09-26 04:20:13
38,我要辞职了！,,1696,https://www.acfun.cn/v/ac48863957,https://tx-free-imgs.acfun.cn/newUpload/12439728_7c57a0735675474590bf7b25e1a34527.png?imageslim,AcFun,三日榜,three-days,hotlist,,2026-09-26 04:20:13
39,发个friend圈,,1539,https://www.acfun.cn/v/ac48863958,https://tx-free-imgs.acfun.cn/newUpload/12439728_b44cb67ae45a4c179b08227368f4159c.png?imageslim,AcFun,三日榜,three-days,hotlist,,2026-09-26 04:20:13
40,网络上常见的热门短视频集锦   第三千四百五十期,审核大大辛苦了！<br/>谢谢每一个投蕉的帅哥美女！香蕉没有来个赞也好啊！<br/>视频来自快手等平台，侵权联系删除！,2456,https://www.acfun.cn/v/ac48872279,https://tx-free-imgs.acfun.cn/newUpload/2176158_a96ecd95394b4517928ac111407f75b1.gif?imageslim,AcFun,三日榜,three-days,hotlist,,2026-09-26 04:20:13
41,今夜的风悄悄月悄悄~,,1306,https://www.acfun.cn/v/ac48873434,https://tx-free-imgs.acfun.cn/newUpload/23512715_0f364b6606dd467ab9975ffef5af1b29.jpg?imageslim,AcFun,三日榜,three-days,hotlist,,2026-09-26 04:20:13
42,奥迪“宫斗”十年大结局？一汽拿四环，上汽拿AUDI,一汽奥迪和上汽奥迪“宫斗”了十年，终于要划下句号了？,1723,https://www.acfun.cn/v/ac48870981,https://tx-free-imgs.acfun.cn/newUpload/13630266_3fde785be5a2411495618f67d01ab66a.jpeg?imageslim,AcFun,三日榜,three-days,hotlist,,2026-09-26 04:20:13
43,捏捏已经已进化到可以吃的地步啦？,,1630,https://www.acfun.cn/v/ac48868638,https://tx-free-imgs.acfun.cn/newUpload/6177430_486c910212d548c991eeb140f146a6ed.jpeg?imageslim,AcFun,三日榜,three-days,hotlist,,2026-09-26 04:20:13
44,【东方】QUEEN【蕾米莉亚 Miy Ver. MMD】,作者：やくも<br/><br/>楽曲:Kanaria 様→https://www.nicovideo.jp/watch/sm4088...<br/>振付:AKIRA様<br/>モーション:P-nez 様→https://www.nicovideo.jp/watch/sm4350...<br/>カメラ:Mizuha様→https://www.nicovideo.jp/watch/sm4353...<br/>モデル:MIy様<br/>ステージ:栗ごはん様<br/>アクセサリ:アスカ様,1256,https://www.acfun.cn/v/ac48870080,https://tx-free-imgs.acfun.cn/newUpload/6102_6a4dce20c9b74fa0bbdff3ccc0a73c5d.png?imageslim,AcFun,三日榜,three-days,hotlist,,2026-09-26 04:20:13
45,【东方/汉化】咲夜带你了解汉字【MMD搞笑小剧场】,作者：クローバー,1172,https://www.acfun.cn/v/ac48872652,https://tx-free-imgs.acfun.cn/newUpload/6102_8b2072189ecb4044a7de95bb450d02ed.jpeg?imageslim,AcFun,三日榜,three-days,hotlist,,2026-09-26 04:20:13
46,这套皮肤真的很喜欢,,1470,https://www.acfun.cn/v/ac48871657,https://tx-free-imgs.acfun.cn/newUpload/16380981_ac9640e59a3a42e093fcee0a0b81d474.jpg?imageslim,AcFun,三日榜,three-days,hotlist,,2026-09-26 04:20:13
47,望眼欲穿【今天有什么好笑的 #2517】,：），谢谢大家的投蕉和点赞，祝你开心愉快~<br/>Wallpaper壁纸：雪山与女孩<br/>Bgm：あのね。,1760,https://www.acfun.cn/v/ac48872647,https://tx-free-imgs.acfun.cn/newUpload/383079_40beb913fd1a44d3afa053553d53b466.gif?imageslim,AcFun,三日榜,three-days,hotlist,,2026-09-26 04:20:13
48,你吃月饼了吗？,,1441,https://www.acfun.cn/v/ac48869054,https://tx-free-imgs.acfun.cn/newUpload/1167675_8f48723afb0e41ecbe772249b3f4df1a.jpg?imageslim,AcFun,三日榜,three-days,hotlist,,2026-09-26 04:20:13
49,抱紧原生家庭（90）,,1411,https://www.acfun.cn/v/ac48867786,https://tx-free-imgs.acfun.cn/newUpload/74706824_fcc9a2386aff4fb0b3ecd158e3c6b97f.png?imageslim,AcFun,三日榜,three-days,hotlist,,2026-09-26 04:20:13
50,只有刀鸣最小丑？各大游戏千年血战联动盘点！,300英雄的含金量还在上升,1965,https://www.acfun.cn/v/ac48869154,https://tx-free-imgs.acfun.cn/newUpload/247671_7d920e56c00e4af39fed560bf094f965.jpeg?imageslim,AcFun,三日榜,three-days,hotlist,,2026-09-26 04:20:13
1,剑戟战斗的巅峰 关卡内容的洼地 偏科严重的《鬼武者：剑之道》,它给人爽的部分是真的爽，但是在每次爽之前，你得堵不少马桶，先生。,4501,https://www.acfun.cn/v/ac48859506,https://tx-free-imgs.acfun.cn/newUpload/934542_5d98ad80ca9c4307b5cdc2051c11cb50.jpeg?imageslim,AcFun,周榜,week,hotlist,,2026-09-26 04:20:13
2,是谁点的小恶魔，蕉出来～,,6244,https://www.acfun.cn/v/ac48867778,https://tx-free-imgs.acfun.cn/newUpload/17062172_6098fee67d1748e0ab5dab3b5665736c.jpg?imageslim,AcFun,周榜,week,hotlist,,2026-09-26 04:20:13
3,跳最开心的一集,,3979,https://www.acfun.cn/v/ac48860571,https://tx-free-imgs.acfun.cn/newUpload/50330447_79a3f269514140c29e7a85fb7c9dc94c.jpg?imageslim,AcFun,周榜,week,hotlist,,2026-09-26 04:20:13
4,喜欢哪套？,,6889,https://www.acfun.cn/v/ac48861422,https://tx-free-imgs.acfun.cn/newUpload/3540234_729e0d22251f439da3735f26e58d174f.jpg?imageslim,AcFun,周榜,week,hotlist,,2026-09-26 04:20:13
5,过期JK碎碎念！,家人们记得蕉一蕉捏 啾咪,5917,https://www.acfun.cn/v/ac48859219,https://tx-free-imgs.acfun.cn/newUpload/17062172_5dd6ea8b5f2741ff87f0911db6dfb909.jpg?imageslim,AcFun,周榜,week,hotlist,,2026-09-26 04:20:13
6,娃：真遗憾，本来打算亲自告诉你们的,嘿嘿希望大家都万事顺意～心想事成,4419,https://www.acfun.cn/v/ac48871740,https://tx-free-imgs.acfun.cn/newUpload/17062172_d1a93166ed084e3aadac2fea4bba0707.jpg?imageslim,AcFun,周榜,week,hotlist,,2026-09-26 04:20:13
7,人间琴悠扬，姑娘把谁记心上～,,2730,https://www.acfun.cn/v/ac48863143,https://tx-free-imgs.acfun.cn/newUpload/50330447_938d77716a11477e843914663278ff07.jpg?imageslim,AcFun,周榜,week,hotlist,,2026-09-26 04:20:13
8,《野生动物迷惑行为》,喜欢请投蕉啊   谢谢啦！,2894,https://www.acfun.cn/v/ac48868360,https://tx-free-imgs.acfun.cn/newUpload/1342385_3fab348c538e4c0fa001871a708fe302.jpeg?imageslim,AcFun,周榜,week,hotlist,,2026-09-26 04:20:13
9,《动物游戏行为图鉴》,喜欢请投蕉啊 谢谢啦！,2882,https://www.acfun.cn/v/ac48857450,https://tx-free-imgs.acfun.cn/newUpload/1342385_485bc20a4c164df2928409b209fa9afc.jpeg?imageslim,AcFun,周榜,week,hotlist,,2026-09-26 04:20:13
10,《动物迷惑行为大赏325》,喜欢请投蕉啊 谢谢啦！,2656,https://www.acfun.cn/v/ac48861293,https://tx-free-imgs.acfun.cn/newUpload/1342385_03080470038d444a95ce01ff6a6aeb9f.jpeg?imageslim,AcFun,周榜,week,hotlist,,2026-09-26 04:20:13
11,双马尾小女仆带来的情绪摇～,,4011,https://www.acfun.cn/v/ac48861966,https://tx-free-imgs.acfun.cn/newUpload/11361784_8cee0402b4754b1e82f85b7099791793.jpg?imageslim,AcFun,周榜,week,hotlist,,2026-09-26 04:20:13
12,帮Acer问一下，地址在哪里？欢乐八点档-1779,审核大大辛苦了！<br/>免费的香蕉投一下吧，没有那就点个赞吧，这对我来说很重要，谢谢！！！<br/>谢谢每一个投蕉的帅哥美女！你们是我坚持更新的动力！<br/>视频来自快手等平台，侵权联系删除！,4514,https://www.acfun.cn/v/ac48863633,https://tx-free-imgs.acfun.cn/newUpload/2176158_ff69c3c797d5414e8056b329918cc5b6.gif?imageslim,AcFun,周榜,week,hotlist,,2026-09-26 04:20:13
13,【绘图过程】《海边》6周年纪念插图过程,6周年纪念插图挂画（预售）、沙滩巾（预售），阿宝已上架,3374,https://www.acfun.cn/v/ac48836990,https://tx-free-imgs.acfun.cn/newUpload/179922_9f95aba039e84f3594c3947b3c8fdd58.jpeg?imageslim,AcFun,周榜,week,hotlist,,2026-09-26 04:20:13
14,还是少妇会的多啊！★手机竖屏2011★,审核大大辛苦了！<br/>谢谢每一个投蕉的帅哥美女！香蕉没有来个赞也好啊！<br/>视频来自快手等平台，侵权联系删除！,5240,https://www.acfun.cn/v/ac48864360,https://tx-free-imgs.acfun.cn/newUpload/2176158_3d4f199fd93640468e543b9ee25ac4c0.gif?imageslim,AcFun,周榜,week,hotlist,,2026-09-26 04:20:13
15,漫威金刚狼深陷争议！SweetBaby又毁一款？【绅批】,这算是DEI的历史遗留问题了，所有现在已经从sweetbaby离职的人，只要参与过游戏制作也会被署名（比如桥本和真）,2926,https://www.acfun.cn/v/ac48868810,https://tx-free-imgs.acfun.cn/newUpload/526850_ca1da1572b1d494a93e2f6bab46cf76b.jpeg?imageslim,AcFun,周榜,week,hotlist,,2026-09-26 04:20:13
16,裸足圆脸仙女下凡～跳一曲千里邀月【可心喵】,,2171,https://www.acfun.cn/v/ac48872448,https://tx-free-imgs.acfun.cn/newUpload/12892608_6691690fd8e944278bda5d5390e1e5a9.jpg?imageslim,AcFun,周榜,week,hotlist,,2026-09-26 04:20:13
17,因为害怕被讨厌 所以把自己藏起来了,,3187,https://www.acfun.cn/v/ac48871331,https://tx-free-imgs.acfun.cn/newUpload/11361784_3d4bd69b46f541e184c2922c24f09276.jpg?imageslim,AcFun,周榜,week,hotlist,,2026-09-26 04:20:13
18,我真的是来吃饭的！★手机竖屏2013★,审核大大辛苦了！<br/>谢谢每一个投蕉的帅哥美女！香蕉没有来个赞也好啊！<br/>视频来自快手等平台，侵权联系删除！,3890,https://www.acfun.cn/v/ac48869145,https://tx-free-imgs.acfun.cn/newUpload/2176158_eb4b69370b8f435aa2b171e72403d356.gif?imageslim,AcFun,周榜,week,hotlist,,2026-09-26 04:20:13
19,mr chu!!好怀念这首歌,,2125,https://www.acfun.cn/v/ac48869375,https://tx-free-imgs.acfun.cn/newUpload/16380981_19592eb83a88429695ee1a0508fc3df0.png?imageslim,AcFun,周榜,week,hotlist,,2026-09-26 04:20:13
20,网络上常见的热门短视频集锦   第三千四百三十八期,审核大大辛苦了！<br/>谢谢每一个投蕉的帅哥美女！香蕉没有来个赞也好啊！<br/>视频来自快手等平台，侵权联系删除！,4454,https://www.acfun.cn/v/ac48858394,https://tx-free-imgs.acfun.cn/newUpload/2176158_38174e72af934b9e86687045b01f0dd3.gif?imageslim,AcFun,周榜,week,hotlist,,2026-09-26 04:20:13
21,钓鱼佬是真会享受！欢乐八点档-1777,审核大大辛苦了！<br/>免费的香蕉投一下吧，没有那就点个赞吧，这对我来说很重要，谢谢！！！<br/>谢谢每一个投蕉的帅哥美女！你们是我坚持更新的动力！<br/>视频来自快手等平台，侵权联系删除！,4615,https://www.acfun.cn/v/ac48858969,https://tx-free-imgs.acfun.cn/newUpload/2176158_c9d74d926c4c4d709a4b6b7769dffcca.gif?imageslim,AcFun,周榜,week,hotlist,,2026-09-26 04:20:13
22,一波还未平息一波又来侵袭！★手机竖屏2010★,审核大大辛苦了！<br/>谢谢每一个投蕉的帅哥美女！香蕉没有来个赞也好啊！<br/>视频来自快手等平台，侵权联系删除！,4802,https://www.acfun.cn/v/ac48862013,https://tx-free-imgs.acfun.cn/newUpload/2176158_c4802142afc14d50b2cd775e67890cca.gif?imageslim,AcFun,周榜,week,hotlist,,2026-09-26 04:20:13
23,还是少妇会啊！！！★手机竖屏2009★,审核大大辛苦了！<br/>谢谢每一个投蕉的帅哥美女！香蕉没有来个赞也好啊！<br/>视频来自快手等平台，侵权联系删除！,4906,https://www.acfun.cn/v/ac48859515,https://tx-free-imgs.acfun.cn/newUpload/2176158_d4e9e6e30f4446319f9e720adfe35ef9.gif?imageslim,AcFun,周榜,week,hotlist,,2026-09-26 04:20:13
24,【AC娘】琵琶曲,原作者：Kotte Animation<br/>还有瑕疵，看个乐吧,3163,https://www.acfun.cn/v/ac48864492,https://tx-free-imgs.acfun.cn/newUpload/41729435_02cbd995b6d54f508eb21d3cb8621903.jpeg?imageslim,AcFun,周榜,week,hotlist,,2026-09-26 04:20:13
25,25年了，回坊天花板小酥肉，还是那个味儿,记忆中的味道，回来了，都回来了……<br/>一口椒麻一口鲜，大口吃肉，配上热腾腾的米饭，绝了。<br/>素三鲜也是无敌的存在！,2566,https://www.acfun.cn/v/ac48865538,https://tx-free-imgs.acfun.cn/newUpload/13765438_9bc4a0abf32a4c1aa3e83c844de84649.jpeg?imageslim,AcFun,周榜,week,hotlist,,2026-09-26 04:20:13
26,北京豆汁会惩罚每一个好奇的人！欢乐八点档-1780,审核大大辛苦了！<br/>免费的香蕉投一下吧，没有那就点个赞吧，这对我来说很重要，谢谢！！！<br/>谢谢每一个投蕉的帅哥美女！你们是我坚持更新的动力！<br/>视频来自快手等平台，侵权联系删除！,4489,https://www.acfun.cn/v/ac48865965,https://tx-free-imgs.acfun.cn/newUpload/2176158_ec83e6fb2ffc4005b41881ac13dbaeca.gif?imageslim,AcFun,周榜,week,hotlist,,2026-09-26 04:20:13
27,拳击好啊，拳击得学！欢乐八点档-1781,审核大大辛苦了！<br/>免费的香蕉投一下吧，没有那就点个赞吧，这对我来说很重要，谢谢！！！<br/>谢谢每一个投蕉的帅哥美女！你们是我坚持更新的动力！<br/>视频来自快手等平台，侵权联系删除！,4159,https://www.acfun.cn/v/ac48868336,https://tx-free-imgs.acfun.cn/newUpload/2176158_3f6c601293a54468bae97f781440217b.gif?imageslim,AcFun,周榜,week,hotlist,,2026-09-26 04:20:13
28,这样的学姐喜欢吗？欢乐八点档-1782,审核大大辛苦了！<br/>免费的香蕉投一下吧，没有那就点个赞吧，这对我来说很重要，谢谢！！！<br/>谢谢每一个投蕉的帅哥美女！你们是我坚持更新的动力！<br/>视频来自快手等平台，侵权联系删除！,3814,https://www.acfun.cn/v/ac48870057,https://tx-free-imgs.acfun.cn/newUpload/2176158_4c1f3b60f73e451abc443941d47305d8.gif?imageslim,AcFun,周榜,week,hotlist,,2026-09-26 04:20:13
29,你的拳头真是肥嘟嘟的...,动漫：心灵的声音，作者：赵石【韩国】,2196,https://www.acfun.cn/v/ac48859870,https://tx-free-imgs.acfun.cn/newUpload/509259_2fa91d5206504450be471808d9c93a22.jpeg?imageslim,AcFun,周榜,week,hotlist,,2026-09-26 04:20:13
30,这个一字马技术含量很高啊！欢乐八点档-1778,审核大大辛苦了！<br/>免费的香蕉投一下吧，没有那就点个赞吧，这对我来说很重要，谢谢！！！<br/>谢谢每一个投蕉的帅哥美女！你们是我坚持更新的动力！<br/>视频来自快手等平台，侵权联系删除！,4404,https://www.acfun.cn/v/ac48861225,https://tx-free-imgs.acfun.cn/newUpload/2176158_0824627cb76d40dc99ce9cb12c07e4cc.gif?imageslim,AcFun,周榜,week,hotlist,,2026-09-26 04:20:13
31,网络上常见的热门短视频集锦   第三千四百四十五期,审核大大辛苦了！<br/>谢谢每一个投蕉的帅哥美女！香蕉没有来个赞也好啊！<br/>视频来自快手等平台，侵权联系删除！,3957,https://www.acfun.cn/v/ac48866824,https://tx-free-imgs.acfun.cn/newUpload/2176158_dba921eb42f14c7ba31a1af83bfe71ce.gif?imageslim,AcFun,周榜,week,hotlist,,2026-09-26 04:20:13
32,琵琶曲丨夜神月 VS  L,原曲：琵琶曲,2270,https://www.acfun.cn/v/ac48861693,https://tx-free-imgs.acfun.cn/newUpload/16986934_3bf4dd94910c4845acf851f7f0fdb757.jpeg?imageslim,AcFun,周榜,week,hotlist,,2026-09-26 04:20:13
33,网络上常见的热门短视频集锦   第三千四百四十一期,审核大大辛苦了！<br/>谢谢每一个投蕉的帅哥美女！香蕉没有来个赞也好啊！<br/>视频来自快手等平台，侵权联系删除！,4206,https://www.acfun.cn/v/ac48862019,https://tx-free-imgs.acfun.cn/newUpload/2176158_6e5a88d95f344d92a8d97a57f03ac4b9.gif?imageslim,AcFun,周榜,week,hotlist,,2026-09-26 04:20:13
34,拜托了，夫人！★手机竖屏2014★,审核大大辛苦了！<br/>谢谢每一个投蕉的帅哥美女！香蕉没有来个赞也好啊！<br/>视频来自快手等平台，侵权联系删除！,3201,https://www.acfun.cn/v/ac48871493,https://tx-free-imgs.acfun.cn/newUpload/2176158_afaf0913878443b1bc00d636136ffce3.gif?imageslim,AcFun,周榜,week,hotlist,,2026-09-26 04:20:13
35,空中瑜伽！！！★手机竖屏2012★,审核大大辛苦了！<br/>谢谢每一个投蕉的帅哥美女！香蕉没有来个赞也好啊！<br/>视频来自快手等平台，侵权联系删除！,4468,https://www.acfun.cn/v/ac48866821,https://tx-free-imgs.acfun.cn/newUpload/2176158_610807af48f5463a891fc9f341c9b16f.gif?imageslim,AcFun,周榜,week,hotlist,,2026-09-26 04:20:13
36,厨师长教你：“鱼香肉丝”的家常做法，酸甜微辣，口感丰富,,2055,https://www.acfun.cn/v/ac48867741,https://tx-free-imgs.acfun.cn/newUpload/13274260_93e68d1098d04ffca2683655a6a404c2.jpeg?imageslim,AcFun,周榜,week,hotlist,,2026-09-26 04:20:13
37,网络上常见的热门短视频集锦   第三千四百三十九期,审核大大辛苦了！<br/>谢谢每一个投蕉的帅哥美女！香蕉没有来个赞也好啊！<br/>视频来自快手等平台，侵权联系删除！,4055,https://www.acfun.cn/v/ac48859518,https://tx-free-imgs.acfun.cn/newUpload/2176158_13f61f1aa39c4732bdaeed87fe0e28a4.gif?imageslim,AcFun,周榜,week,hotlist,,2026-09-26 04:20:13
38,一天生产500万个！速冻水饺是如何制造出来的？,,2163,https://www.acfun.cn/v/ac48859253,https://tx-free-imgs.acfun.cn/newUpload/19281632_57f07fe28e24422d948491fd2d43586c.jpeg?imageslim,AcFun,周榜,week,hotlist,,2026-09-26 04:20:13
39,今天你不能嫁出去【今天有什么好笑的 #2514】,：)，谢谢大家，祝你们开心。<br/>wallpaper壁纸：Fading Astronaut 5K (update)<br/>BGM：I Want It That Way,2913,https://www.acfun.cn/v/ac48865864,https://tx-free-imgs.acfun.cn/newUpload/383079_ee4f5f7badf74f05a2ef6c691387f327.gif?imageslim,AcFun,周榜,week,hotlist,,2026-09-26 04:20:13
40,嘴角压不住了【今天有什么好笑的 #2515】,：），谢谢大家的投蕉和点赞，祝你开心愉快~<br/>wallpaper壁纸：Genshin 神里绫华<br/>BGM：Wake me up when september ends,2432,https://www.acfun.cn/v/ac48868130,https://tx-free-imgs.acfun.cn/newUpload/383079_ef65121591434d2b86d53db1622776cd.gif?imageslim,AcFun,周榜,week,hotlist,,2026-09-26 04:20:13
41,单纯的约会（92）,,1821,https://www.acfun.cn/v/ac48857199,https://tx-free-imgs.acfun.cn/newUpload/74706824_a3a60d77e6934225b168686e44216c4b.png?imageslim,AcFun,周榜,week,hotlist,,2026-09-26 04:20:13
42,【东方】推特东方小视频选集 第272期,睡觉睡觉睡觉睡觉睡觉睡觉睡觉睡觉睡觉睡觉……,1407,https://www.acfun.cn/v/ac48858830,https://tx-free-imgs.acfun.cn/newUpload/6102_5a13d6efeec742ff84c512206aaeb7b0.jpeg?imageslim,AcFun,周榜,week,hotlist,,2026-09-26 04:20:13
43,甜妹来袭！,,2169,https://www.acfun.cn/v/ac48863947,https://tx-free-imgs.acfun.cn/newUpload/12439728_1fd5a3c6e60241a1a1cd8f89dbede769.png?imageslim,AcFun,周榜,week,hotlist,,2026-09-26 04:20:13
44,网络上常见的热门短视频集锦   第三千四百四十三期,审核大大辛苦了！<br/>谢谢每一个投蕉的帅哥美女！香蕉没有来个赞也好啊！<br/>视频来自快手等平台，侵权联系删除！,3670,https://www.acfun.cn/v/ac48864363,https://tx-free-imgs.acfun.cn/newUpload/2176158_dfef22dbf6934a15a594e5766b8680ca.gif?imageslim,AcFun,周榜,week,hotlist,,2026-09-26 04:20:13
45,和我一起健身吧！！！欢乐八点档-1783,审核大大辛苦了！<br/>免费的香蕉投一下吧，没有那就点个赞吧，这对我来说很重要，谢谢！！！<br/>谢谢每一个投蕉的帅哥美女！你们是我坚持更新的动力！<br/>视频来自快手等平台，侵权联系删除！,2106,https://www.acfun.cn/v/ac48872699,https://tx-free-imgs.acfun.cn/newUpload/2176158_e379c7202d2e43029e07ad17f40cab19.gif?imageslim,AcFun,周榜,week,hotlist,,2026-09-26 04:20:13
46,【锅锅x怀瑜x阔落】千里邀月——共饮此杯赏此月，夜好眠,中秋到了，和姐妹们合唱了千里邀月~~<br/>乐：可乐祝大家身体健康，永不加班，月圆人团圆<br/>鱼：怀瑜愿诸位财源广进，常能摸鱼，花好月更圆<br/>锅：锅锅祝大家桂香满锅，早归赏月，饼甜心更甜<br/>祝大家中秋快乐~,1758,https://www.acfun.cn/v/ac48871580,https://tx-free-imgs.acfun.cn/newUpload/67206930_e47be8dbac2546e1b5a4a831e71dabe4.jpeg?imageslim,AcFun,周榜,week,hotlist,,2026-09-26 04:20:13
47,嘞个就是爱情【今天有什么好笑的 #2512】,：），谢谢大家的投蕉和点赞，祝你开心愉快~<br/>wallpaper壁纸：lamp<br/>BGM：What a Feeling,2450,https://www.acfun.cn/v/ac48860992,https://tx-free-imgs.acfun.cn/newUpload/383079_172d192fee55441c96b7352f61e0a25f.gif?imageslim,AcFun,周榜,week,hotlist,,2026-09-26 04:20:13
48,网络上常见的热门短视频集锦   第三千四百四十四期,审核大大辛苦了！<br/>谢谢每一个投蕉的帅哥美女！香蕉没有来个赞也好啊！<br/>视频来自快手等平台，侵权联系删除！,3569,https://www.acfun.cn/v/ac48865021,https://tx-free-imgs.acfun.cn/newUpload/2176158_663463f1e6004dc2b4dea153d1e60c05.gif?imageslim,AcFun,周榜,week,hotlist,,2026-09-26 04:20:13
49,现在电脑不好卖了，以后我们出租AI机器人吧,,2259,https://www.acfun.cn/v/ac48867767,https://tx-free-imgs.acfun.cn/newUpload/17928_c684f06231604145b533a0f00627c624.png?imageslim,AcFun,周榜,week,hotlist,,2026-09-26 04:20:13
50,网络上常见的热门短视频集锦   第三千四百三十七期,审核大大辛苦了！<br/>谢谢每一个投蕉的帅哥美女！香蕉没有来个赞也好啊！<br/>视频来自快手等平台，侵权联系删除！,3679,https://www.acfun.cn/v/ac48857544,https://tx-free-imgs.acfun.cn/newUpload/2176158_65f1d403dce7484b8d62b6f272bdbe31.gif?imageslim,AcFun,周榜,week,hotlist,,2026-09-26 04:20:13
1,娃：真遗憾，本来打算亲自告诉你们的,嘿嘿希望大家都万事顺意～心想事成,4443,https://www.acfun.cn/v/ac48871740,https://tx-free-imgs.acfun.cn/newUpload/17062172_d1a93166ed084e3aadac2fea4bba0707.jpg?imageslim,AcFun,日榜,day,hotlist,,2026-09-26 05:19:36
2,裸足圆脸仙女下凡～跳一曲千里邀月【可心喵】,,2181,https://www.acfun.cn/v/ac48872448,https://tx-free-imgs.acfun.cn/newUpload/12892608_6691690fd8e944278bda5d5390e1e5a9.jpg?imageslim,AcFun,日榜,day,hotlist,,2026-09-26 05:19:36
3,拜托了，夫人！★手机竖屏2014★,审核大大辛苦了！<br/>谢谢每一个投蕉的帅哥美女！香蕉没有来个赞也好啊！<br/>视频来自快手等平台，侵权联系删除！,3219,https://www.acfun.cn/v/ac48871493,https://tx-free-imgs.acfun.cn/newUpload/2176158_afaf0913878443b1bc00d636136ffce3.gif?imageslim,AcFun,日榜,day,hotlist,,2026-09-26 05:19:36
4,女妖邪神凶宅索命，最惨主角逆天求生！克系神游《魔女屋中之梦》像素恐怖游戏详细讲述【深夜档】,如何在60天内，让洛夫克拉夫特小说中惨死的倒霉主角逆天改命？这位芬兰作者打造了一部又硬核又忠实的优秀克苏鲁游戏！入住阿卡姆百年凶宅的凡人主角沃尔特·吉尔曼，接连遭到人脸妖鼠，恐怖女巫，不可名状外神的侵袭。白天钻研神秘学知识，梦中游历邪恶异星。他将与密斯卡托尼克大学最强战神亨利·阿米蒂奇教授联手对抗邪神降世！这是一部真正将洛氏“宇宙恐怖”带入到日常，并忠实于原著的游戏，自由度超高且信息量惊人！我将细致地带各位体验这跌宕起伏的60天，看弱小的主角如何起死回生并拯救世界！,1323,https://www.acfun.cn/v/ac48872418,https://tx-free-imgs.acfun.cn/newUpload/817797_2631b7cf26c14c2fbbfb062962a775be.jpeg?imageslim,AcFun,日榜,day,hotlist,,2026-09-26 05:19:36
5,和我一起健身吧！！！欢乐八点档-1783,审核大大辛苦了！<br/>免费的香蕉投一下吧，没有那就点个赞吧，这对我来说很重要，谢谢！！！<br/>谢谢每一个投蕉的帅哥美女！你们是我坚持更新的动力！<br/>视频来自快手等平台，侵权联系删除！,2127,https://www.acfun.cn/v/ac48872699,https://tx-free-imgs.acfun.cn/newUpload/2176158_e379c7202d2e43029e07ad17f40cab19.gif?imageslim,AcFun,日榜,day,hotlist,,2026-09-26 05:19:36
6,【锅锅x怀瑜x阔落】千里邀月——共饮此杯赏此月，夜好眠,中秋到了，和姐妹们合唱了千里邀月~~<br/>乐：可乐祝大家身体健康，永不加班，月圆人团圆<br/>鱼：怀瑜愿诸位财源广进，常能摸鱼，花好月更圆<br/>锅：锅锅祝大家桂香满锅，早归赏月，饼甜心更甜<br/>祝大家中秋快乐~,1765,https://www.acfun.cn/v/ac48871580,https://tx-free-imgs.acfun.cn/newUpload/67206930_e47be8dbac2546e1b5a4a831e71dabe4.jpeg?imageslim,AcFun,日榜,day,hotlist,,2026-09-26 05:19:36
7,网络上常见的热门短视频集锦   第三千四百四十九期,审核大大辛苦了！<br/>谢谢每一个投蕉的帅哥美女！香蕉没有来个赞也好啊！<br/>视频来自快手等平台，侵权联系删除！,2563,https://www.acfun.cn/v/ac48871496,https://tx-free-imgs.acfun.cn/newUpload/2176158_cf20f7722011491da25ce2efbc799dba.gif?imageslim,AcFun,日榜,day,hotlist,,2026-09-26 05:19:36
8,【4K超高清】「JOJO的奇妙冒险 飙马野郎」第2话,,4600,https://www.acfun.cn/v/ac48872740,https://tx-free-imgs.acfun.cn/newUpload/72840608_a526e08904d049d2b38ce5f38bd71e63.jpeg?imageslim,AcFun,日榜,day,hotlist,,2026-09-26 05:19:36
9,今夜的风悄悄月悄悄~,,1336,https://www.acfun.cn/v/ac48873434,https://tx-free-imgs.acfun.cn/newUpload/23512715_0f364b6606dd467ab9975ffef5af1b29.jpg?imageslim,AcFun,日榜,day,hotlist,,2026-09-26 05:19:36
10,网络上常见的热门短视频集锦   第三千四百五十期,审核大大辛苦了！<br/>谢谢每一个投蕉的帅哥美女！香蕉没有来个赞也好啊！<br/>视频来自快手等平台，侵权联系删除！,2468,https://www.acfun.cn/v/ac48872279,https://tx-free-imgs.acfun.cn/newUpload/2176158_a96ecd95394b4517928ac111407f75b1.gif?imageslim,AcFun,日榜,day,hotlist,,2026-09-26 05:19:36
11,短裙挑战！超长翻跳一次看个够~【生日作】,,1369,https://www.acfun.cn/v/ac48872675,https://tx-free-imgs.acfun.cn/newUpload/32485245_415db634556140d1841e2ebb4c0d9371.jpeg?imageslim,AcFun,日榜,day,hotlist,,2026-09-26 05:19:36
12,【颜音】中秋歌回~祝大家节日快乐,皓月凌空，桂香满庭。<br/>愿今夜歌声暖心，祝各位中秋快乐，阖家美满！,1446,https://www.acfun.cn/v/ac48872065,https://tx-free-imgs.acfun.cn/newUpload/4425861_3dab8cdf19a74bf6accbdcd688cd9b6a.jpeg?imageslim,AcFun,日榜,day,hotlist,,2026-09-26 05:19:36
13,望眼欲穿【今天有什么好笑的 #2517】,：），谢谢大家的投蕉和点赞，祝你开心愉快~<br/>Wallpaper壁纸：雪山与女孩<br/>Bgm：あのね。,1776,https://www.acfun.cn/v/ac48872647,https://tx-free-imgs.acfun.cn/newUpload/383079_40beb913fd1a44d3afa053553d53b466.gif?imageslim,AcFun,日榜,day,hotlist,,2026-09-26 05:19:36
14,【东方/汉化】咲夜带你了解汉字【MMD搞笑小剧场】,作者：クローバー,1177,https://www.acfun.cn/v/ac48872652,https://tx-free-imgs.acfun.cn/newUpload/6102_8b2072189ecb4044a7de95bb450d02ed.jpeg?imageslim,AcFun,日榜,day,hotlist,,2026-09-26 05:19:36
15,我终于明白什么都不缺的含金量！,,1191,https://www.acfun.cn/v/ac48872781,https://tx-free-imgs.acfun.cn/newUpload/6177430_06f5f9b03edd4f73a3dfeba4cf78db16.jpeg?imageslim,AcFun,日榜,day,hotlist,,2026-09-26 05:19:36
16,两段不伦恋 15年复仇路《老男孩》吴大秀我的折磨可是一辈子,本期带来《老男孩》50分钟 国庆要到了，铁粉都知道背包住在网红街道 小长假根本没法做节目，阿杰提意带着各自父母一起出去玩几天 所以这几天会加急看看能不能赶出来一期，实再不行就小长假后更新咯，中秋国庆都祝小伙伴开心快乐！,1144,https://www.acfun.cn/v/ac48871285,https://tx-free-imgs.acfun.cn/newUpload/6894185_ab259859c7df40d1b092d2e828bf38e5.jpeg?imageslim,AcFun,日榜,day,hotlist,,2026-09-26 05:19:36
17,如果我和她恋爱的话……,,1297,https://www.acfun.cn/v/ac48871545,https://tx-free-imgs.acfun.cn/newUpload/2277346_de526594356a4c9f90b71bf5823054e6.jpg?imageslim,AcFun,日榜,day,hotlist,,2026-09-26 05:19:36
18,“原来和思念的人相见，就是人们常说的团圆” | 愿年年有今夜《妙妙人间》,「愿岁岁年年有此夜。」<br/>To : 虽然隔着屏幕，但同一轮月亮也让我们团圆在这里。中秋快乐呀~<br/>==========<br/>《妙妙人间》<br/>原唱：张含韵<br/>混音：饭団子p<br/>翻唱&视频：露纱琳黛,1093,https://www.acfun.cn/v/ac48871599,https://tx-free-imgs.acfun.cn/newUpload/69790459_0b53ce48e1c7437c9bdd3cf45d53de8f.jpeg?imageslim,AcFun,日榜,day,hotlist,,2026-09-26 05:19:36
19,空姐OL~第57次取消发送,中秋节快乐,1577,https://www.acfun.cn/v/ac48872674,https://tx-free-imgs.acfun.cn/newUpload/14539629_46621bdc88a44c63be63172c5ba6cb6a.jpeg?imageslim,AcFun,日榜,day,hotlist,,2026-09-26 05:19:36
20,想和你一起赏月𐔌՞ ܸ.ˬ.ܸ՞𐦯千里邀月,,1076,https://www.acfun.cn/v/ac48873207,https://tx-free-imgs.acfun.cn/newUpload/57336445_c7d705d3782c4b0193b62c6d02e43748.jpg?imageslim,AcFun,日榜,day,hotlist,,2026-09-26 05:19:36
21,香煎盐焗鸡｜简单到不可能失败，外焦里嫩巨好吃,,1135,https://www.acfun.cn/v/ac48870521,https://tx-free-imgs.acfun.cn/newUpload/1383198_a8487ee2fe9849dc9807f9da5d193fb1.jpeg?imageslim,AcFun,日榜,day,hotlist,,2026-09-26 05:19:36
22,【官方中字】SBR JOJO的奇妙冒险 飙马野郎 2nd＆3rd STAGE 第二集,,1684,https://www.acfun.cn/v/ac48872883,https://tx-free-imgs.acfun.cn/newUpload/30501027_27e89cd7cd684f01a120b8ec666a3896.png?imageslim,AcFun,日榜,day,hotlist,,2026-09-26 05:19:36
23,【绘画过程】9月保底《金秋》,大家中秋快乐！<br/>本月的保底是百贴布~ 某宝同步预售。,1522,https://www.acfun.cn/v/ac48872808,https://tx-free-imgs.acfun.cn/newUpload/179922_630934cb2f3245e5a4a4020570f61eca.png?imageslim,AcFun,日榜,day,hotlist,,2026-09-26 05:19:36
24,忘情牛肉面,,1125,https://www.acfun.cn/v/ac48873433,https://tx-free-imgs.acfun.cn/newUpload/11361784_6fe659c9e31e428c8b700a04d46742fd.jpg?imageslim,AcFun,日榜,day,hotlist,,2026-09-26 05:19:36
25,【1080P.奇幻冒险】JOJO的奇妙冒险 飙马野郎 (2026)第七季 第二集,1890年，一场世纪大赛“SBR”于美国举开。全长共6000公里，是人类史上第一场骑乘马匹横越北美大陆的比赛！为了拿下高达5千万美元（60亿日元）的冠军奖金，一群强悍的冒险家们正式展开了他们的争战！,1860,https://www.acfun.cn/v/ac48872840,https://tx-free-imgs.acfun.cn/newUpload/903432_bb4a52ee7e3e42cc853e5ff0b8a21e0d.png?imageslim,AcFun,日榜,day,hotlist,,2026-09-26 05:19:36
26,三周摧毁美国东海岸，绿色流感为何无法阻止？【求生之路剧情解析+涂鸦翻译】,刺骨寒溪和最后一战的涂鸦和官方剧情联系不大，因此没有放在视频中；<br/>前面的内容感觉都有点多余，最后的涂鸦翻译才是本体。<br/><br/>,1265,https://www.acfun.cn/v/ac48867996,https://tx-free-imgs.acfun.cn/newUpload/1020536_15195e7242e247fb9dc7a625a61a3662.jpeg?imageslim,AcFun,日榜,day,hotlist,,2026-09-26 05:19:36
27,新肤色超辣！,,1324,https://www.acfun.cn/v/ac48863964,https://tx-free-imgs.acfun.cn/newUpload/12439728_70c7284ba2724c048fb5266f61c33e34.png?imageslim,AcFun,日榜,day,hotlist,,2026-09-26 05:19:36
28,【柯基】《金风玉露》～～～晚风啊～～～,,1167,https://www.acfun.cn/v/ac48872627,https://tx-free-imgs.acfun.cn/newUpload/29493245_88171143b6bd4aa6885743ffe64d6584.png?imageslim,AcFun,日榜,day,hotlist,,2026-09-26 05:19:36
29,中秋节快乐呀！！,,1053,https://www.acfun.cn/v/ac48872753,https://tx-free-imgs.acfun.cn/newUpload/25756908_e40f0ac3bdb34aa6a05629d19ec12f7c.png?imageslim,AcFun,日榜,day,hotlist,,2026-09-26 05:19:36
30,【夏雅】Don t let go of my hand.,,1461,https://www.acfun.cn/v/ac48873108,https://tx-free-imgs.acfun.cn/newUpload/16279345_4e8e1897539648e8869f4815f9bd1572.jpg?imageslim,AcFun,日榜,day,hotlist,,2026-09-26 05:19:36
31,拼凑的断音,动作有做方向上的一些改动等<br/>歌曲：拼凑的断音-（舞蹈：あおい aoi とみたけ tomitake）,1125,https://www.acfun.cn/v/ac48871758,https://tx-free-imgs.acfun.cn/newUpload/12229455_ccda2f5ac69244d1aa813dc04c9a63d5.jpeg?imageslim,AcFun,日榜,day,hotlist,,2026-09-26 05:19:36
32,"宙斯神王也会是这战绩？快速看完一局韩服王者斗殴局#837 Zeus, Racoon, Clozer,","宙斯神王也会是这战绩？快速看完一局韩服王者斗殴局#837 Zeus, Racoon, Clozer, Wenbo, Canyon, 叶秋枫 <br/>BGM:https://music.163.com/playlist?id=650818240&userid=30476594",1181,https://www.acfun.cn/v/ac48865858,https://tx-free-imgs.acfun.cn/newUpload/1378726_0477a53ac6df4eb3b611b241b6a08941.jpeg?imageslim,AcFun,日榜,day,hotlist,,2026-09-26 05:19:36
33,石头剪刀布卖个萌,难得假期来凡人线下嘉年华cos了一下银月，玩得很开心，不知道有没有碰到我的道友～,1085,https://www.acfun.cn/v/ac48873212,https://tx-free-imgs.acfun.cn/newUpload/12229455_c6e4220d0d7c41e2b5d489a9386cbe72.png?imageslim,AcFun,日榜,day,hotlist,,2026-09-26 05:19:36
34,Acfun评论才是本体啊2026年8月和九月,香蕉点赞来一点哦，,948,https://www.acfun.cn/v/ac48872845,https://tx-free-imgs.acfun.cn/newUpload/36839617_4ce9b7b878c344edbc971706d81900cc.jpeg?imageslim,AcFun,日榜,day,hotlist,,2026-09-26 05:19:36
35,「Super8」《如烟》大家中秋快乐鸭～,原唱：五月天<br/>翻唱：把超人<br/>混音：废废哟<br/>视频：星马豪<br/>录了有一段时间的歌咧，五月天的歌里算很喜欢的一首，词非常喜欢，祝大家中秋快乐哟～,970,https://www.acfun.cn/v/ac48872351,https://tx-free-imgs.acfun.cn/newUpload/301519_95463a4627374a178e3b102bc74e8bcf.jpeg?imageslim,AcFun,日榜,day,hotlist,,2026-09-26 05:19:36
36,恶魔想成为你的家人！请交出性命！阴间电视台！越南模拟恐怖APTV EP6,喜欢记得关注五蕉~谢谢支持~！,974,https://www.acfun.cn/v/ac48871608,https://tx-free-imgs.acfun.cn/newUpload/26364938_c8b3f3a89c5d45989f596c7abadfe5de.jpeg?imageslim,AcFun,日榜,day,hotlist,,2026-09-26 05:19:36
37,【猪肝来也】one love,,1066,https://www.acfun.cn/v/ac48873230,https://tx-free-imgs.acfun.cn/newUpload/4599324_253057be5bbe40d1b82d24222d803ec4.jpg?imageslim,AcFun,日榜,day,hotlist,,2026-09-26 05:19:36
38,这身衣服跳什么都好帅啊！哈哈哈,,1089,https://www.acfun.cn/v/ac48872819,https://tx-free-imgs.acfun.cn/newUpload/16380981_3be481ccc3bd44c3a12928fa1f84b25e.png?imageslim,AcFun,日榜,day,hotlist,,2026-09-26 05:19:36
39,告女子书！,,1053,https://www.acfun.cn/v/ac48872722,https://tx-free-imgs.acfun.cn/newUpload/16380981_45b2d4d6fdb34b34876bc5e8fcdaca47.png?imageslim,AcFun,日榜,day,hotlist,,2026-09-26 05:19:36
40,【绝望女神/翻唱】【火影忍者 ED1 Wind】,想听啥继续评论回复~,937,https://www.acfun.cn/v/ac48873021,https://tx-free-imgs.acfun.cn/newUpload/20705199_4163259e9c314ff193a9aac80be14188.jpeg?imageslim,AcFun,日榜,day,hotlist,,2026-09-26 05:19:36
41,十几万买台“莲花”，行吗？,,1096,https://www.acfun.cn/v/ac48872934,https://tx-free-imgs.acfun.cn/newUpload/14288157_b6f51fa0cabc4a0fa6b69c8bffff34ea.jpeg?imageslim,AcFun,日榜,day,hotlist,,2026-09-26 05:19:36
42,明月几时有？我想有时就有～,,1024,https://www.acfun.cn/v/ac48872948,https://tx-free-imgs.acfun.cn/newUpload/31922015_3de6c615f9d24a4ab766c9c22f19d8ed.jpg?imageslim,AcFun,日榜,day,hotlist,,2026-09-26 05:19:36
43,十月新番最爽厕纸！男主化身黄毛！转生夺走原主的女友们！？,十月新番最爽厕纸！男主化身黄毛！转生夺走原主的女友们！？,1126,https://www.acfun.cn/v/ac48873035,https://tx-free-imgs.acfun.cn/newUpload/13467496_1abceb83c1454743bcb9d4abcf823669.jpeg?imageslim,AcFun,日榜,day,hotlist,,2026-09-26 05:19:36
44,open the door,,1197,https://www.acfun.cn/v/ac48873110,https://tx-free-imgs.acfun.cn/newUpload/79951_cacbb88182cb435a99a97d446363fa53.jpg?imageslim,AcFun,日榜,day,hotlist,,2026-09-26 05:19:36
45,又何尝不是一种很新的花灯...,胶佬过中秋有自己的灯笼！其实是万代的MEGX独角兽换了灯组嘻嘻～双节快乐！,1046,https://www.acfun.cn/v/ac48873084,https://tx-free-imgs.acfun.cn/newUpload/13449743_b5143a98667f48bdb3f046459ee13864.jpeg?imageslim,AcFun,日榜,day,hotlist,,2026-09-26 05:19:36
46,【cheerup+快乐指南+nobody】跑调的人去KTV就蹦哒呗～,,762,https://www.acfun.cn/v/ac48872721,https://tx-free-imgs.acfun.cn/newUpload/31922015_51babcf260aa4990ade2ad884f023973.jpg?imageslim,AcFun,日榜,day,hotlist,,2026-09-26 05:19:36
47,白井黑子·佐天泪子 中秋月色双人手势舞【AI动画/超清】,本人本地部署的AI生成图片视频模型制作，硬件英伟达显卡RTX5070TI 16G+96G DDR5 6000内存，花费2小时合成.<br/>这次引入新的二次元动漫人物模型，二次元脸部质量效果会更好些，同时步数可以适当降低，降本增效。引入后期处理工具修复强化背景<br/><br/>人物：佐天泪子 白井黑子<br/>舞蹈技术与BGM：网红手势舞<br/>场景：中秋月色,1160,https://www.acfun.cn/v/ac48871101,https://tx-free-imgs.acfun.cn/newUpload/46764084_397c08849b344139b09a46fb71f814b3.png?imageslim,AcFun,日榜,day,hotlist,,2026-09-26 05:19:36
48,嘀，纣王体验卡,,1125,https://www.acfun.cn/v/ac48872737,https://tx-free-imgs.acfun.cn/newUpload/77181154_7c7593de7b584caebd43b4bb4e8dc517.png?imageslim,AcFun,日榜,day,hotlist,,2026-09-26 05:19:36
49,【甲鱼的旅法十年】迷你专辑《心之所往的创作背景,,705,https://www.acfun.cn/v/ac48872771,https://tx-free-imgs.acfun.cn/newUpload/44128996_e3793329f00e48dc80645b417f8ea4d9.png?imageslim,AcFun,日榜,day,hotlist,,2026-09-26 05:19:36
50,TGS现场女玩家击败虎牢关吕布【真三国无双2with猛将传】复刻版,Up主现场实拍TGS2026《真三国无双2with猛将传】复刻版现场试玩,1023,https://www.acfun.cn/v/ac48873376,https://tx-free-imgs.acfun.cn/newUpload/17097644_3295b46ed232444db8c34ee0206b58a7.png?imageslim,AcFun,日榜,day,hotlist,,2026-09-26 05:19:36
1,是谁点的小恶魔，蕉出来～,,6249,https://www.acfun.cn/v/ac48867778,https://tx-free-imgs.acfun.cn/newUpload/17062172_6098fee67d1748e0ab5dab3b5665736c.jpg?imageslim,AcFun,三日榜,three-days,hotlist,,2026-09-26 05:19:36
2,娃：真遗憾，本来打算亲自告诉你们的,嘿嘿希望大家都万事顺意～心想事成,4443,https://www.acfun.cn/v/ac48871740,https://tx-free-imgs.acfun.cn/newUpload/17062172_d1a93166ed084e3aadac2fea4bba0707.jpg?imageslim,AcFun,三日榜,three-days,hotlist,,2026-09-26 05:19:36
3,《野生动物迷惑行为》,喜欢请投蕉啊   谢谢啦！,2894,https://www.acfun.cn/v/ac48868360,https://tx-free-imgs.acfun.cn/newUpload/1342385_3fab348c538e4c0fa001871a708fe302.jpeg?imageslim,AcFun,三日榜,three-days,hotlist,,2026-09-26 05:19:36
4,漫威金刚狼深陷争议！SweetBaby又毁一款？【绅批】,这算是DEI的历史遗留问题了，所有现在已经从sweetbaby离职的人，只要参与过游戏制作也会被署名（比如桥本和真）,2927,https://www.acfun.cn/v/ac48868810,https://tx-free-imgs.acfun.cn/newUpload/526850_ca1da1572b1d494a93e2f6bab46cf76b.jpeg?imageslim,AcFun,三日榜,three-days,hotlist,,2026-09-26 05:19:36
5,裸足圆脸仙女下凡～跳一曲千里邀月【可心喵】,,2181,https://www.acfun.cn/v/ac48872448,https://tx-free-imgs.acfun.cn/newUpload/12892608_6691690fd8e944278bda5d5390e1e5a9.jpg?imageslim,AcFun,三日榜,three-days,hotlist,,2026-09-26 05:19:36
6,因为害怕被讨厌 所以把自己藏起来了,,3189,https://www.acfun.cn/v/ac48871331,https://tx-free-imgs.acfun.cn/newUpload/11361784_3d4bd69b46f541e184c2922c24f09276.jpg?imageslim,AcFun,三日榜,three-days,hotlist,,2026-09-26 05:19:36
7,我真的是来吃饭的！★手机竖屏2013★,审核大大辛苦了！<br/>谢谢每一个投蕉的帅哥美女！香蕉没有来个赞也好啊！<br/>视频来自快手等平台，侵权联系删除！,3890,https://www.acfun.cn/v/ac48869145,https://tx-free-imgs.acfun.cn/newUpload/2176158_eb4b69370b8f435aa2b171e72403d356.gif?imageslim,AcFun,三日榜,three-days,hotlist,,2026-09-26 05:19:36
8,mr chu!!好怀念这首歌,,2127,https://www.acfun.cn/v/ac48869375,https://tx-free-imgs.acfun.cn/newUpload/16380981_19592eb83a88429695ee1a0508fc3df0.png?imageslim,AcFun,三日榜,three-days,hotlist,,2026-09-26 05:19:36
9,拳击好啊，拳击得学！欢乐八点档-1781,审核大大辛苦了！<br/>免费的香蕉投一下吧，没有那就点个赞吧，这对我来说很重要，谢谢！！！<br/>谢谢每一个投蕉的帅哥美女！你们是我坚持更新的动力！<br/>视频来自快手等平台，侵权联系删除！,4159,https://www.acfun.cn/v/ac48868336,https://tx-free-imgs.acfun.cn/newUpload/2176158_3f6c601293a54468bae97f781440217b.gif?imageslim,AcFun,三日榜,three-days,hotlist,,2026-09-26 05:19:36
10,这样的学姐喜欢吗？欢乐八点档-1782,审核大大辛苦了！<br/>免费的香蕉投一下吧，没有那就点个赞吧，这对我来说很重要，谢谢！！！<br/>谢谢每一个投蕉的帅哥美女！你们是我坚持更新的动力！<br/>视频来自快手等平台，侵权联系删除！,3814,https://www.acfun.cn/v/ac48870057,https://tx-free-imgs.acfun.cn/newUpload/2176158_4c1f3b60f73e451abc443941d47305d8.gif?imageslim,AcFun,三日榜,three-days,hotlist,,2026-09-26 05:19:36
11,网络上常见的热门短视频集锦   第三千四百四十五期,审核大大辛苦了！<br/>谢谢每一个投蕉的帅哥美女！香蕉没有来个赞也好啊！<br/>视频来自快手等平台，侵权联系删除！,3957,https://www.acfun.cn/v/ac48866824,https://tx-free-imgs.acfun.cn/newUpload/2176158_dba921eb42f14c7ba31a1af83bfe71ce.gif?imageslim,AcFun,三日榜,three-days,hotlist,,2026-09-26 05:19:36
12,拜托了，夫人！★手机竖屏2014★,审核大大辛苦了！<br/>谢谢每一个投蕉的帅哥美女！香蕉没有来个赞也好啊！<br/>视频来自快手等平台，侵权联系删除！,3219,https://www.acfun.cn/v/ac48871493,https://tx-free-imgs.acfun.cn/newUpload/2176158_afaf0913878443b1bc00d636136ffce3.gif?imageslim,AcFun,三日榜,three-days,hotlist,,2026-09-26 05:19:36
13,空中瑜伽！！！★手机竖屏2012★,审核大大辛苦了！<br/>谢谢每一个投蕉的帅哥美女！香蕉没有来个赞也好啊！<br/>视频来自快手等平台，侵权联系删除！,4468,https://www.acfun.cn/v/ac48866821,https://tx-free-imgs.acfun.cn/newUpload/2176158_610807af48f5463a891fc9f341c9b16f.gif?imageslim,AcFun,三日榜,three-days,hotlist,,2026-09-26 05:19:36
14,厨师长教你：“鱼香肉丝”的家常做法，酸甜微辣，口感丰富,,2055,https://www.acfun.cn/v/ac48867741,https://tx-free-imgs.acfun.cn/newUpload/13274260_93e68d1098d04ffca2683655a6a404c2.jpeg?imageslim,AcFun,三日榜,three-days,hotlist,,2026-09-26 05:19:36
15,嘴角压不住了【今天有什么好笑的 #2515】,：），谢谢大家的投蕉和点赞，祝你开心愉快~<br/>wallpaper壁纸：Genshin 神里绫华<br/>BGM：Wake me up when september ends,2432,https://www.acfun.cn/v/ac48868130,https://tx-free-imgs.acfun.cn/newUpload/383079_ef65121591434d2b86d53db1622776cd.gif?imageslim,AcFun,三日榜,three-days,hotlist,,2026-09-26 05:19:36
16,女妖邪神凶宅索命，最惨主角逆天求生！克系神游《魔女屋中之梦》像素恐怖游戏详细讲述【深夜档】,如何在60天内，让洛夫克拉夫特小说中惨死的倒霉主角逆天改命？这位芬兰作者打造了一部又硬核又忠实的优秀克苏鲁游戏！入住阿卡姆百年凶宅的凡人主角沃尔特·吉尔曼，接连遭到人脸妖鼠，恐怖女巫，不可名状外神的侵袭。白天钻研神秘学知识，梦中游历邪恶异星。他将与密斯卡托尼克大学最强战神亨利·阿米蒂奇教授联手对抗邪神降世！这是一部真正将洛氏“宇宙恐怖”带入到日常，并忠实于原著的游戏，自由度超高且信息量惊人！我将细致地带各位体验这跌宕起伏的60天，看弱小的主角如何起死回生并拯救世界！,1324,https://www.acfun.cn/v/ac48872418,https://tx-free-imgs.acfun.cn/newUpload/817797_2631b7cf26c14c2fbbfb062962a775be.jpeg?imageslim,AcFun,三日榜,three-days,hotlist,,2026-09-26 05:19:36
17,【锅锅x怀瑜x阔落】千里邀月——共饮此杯赏此月，夜好眠,中秋到了，和姐妹们合唱了千里邀月~~<br/>乐：可乐祝大家身体健康，永不加班，月圆人团圆<br/>鱼：怀瑜愿诸位财源广进，常能摸鱼，花好月更圆<br/>锅：锅锅祝大家桂香满锅，早归赏月，饼甜心更甜<br/>祝大家中秋快乐~,1765,https://www.acfun.cn/v/ac48871580,https://tx-free-imgs.acfun.cn/newUpload/67206930_e47be8dbac2546e1b5a4a831e71dabe4.jpeg?imageslim,AcFun,三日榜,three-days,hotlist,,2026-09-26 05:19:36
18,和我一起健身吧！！！欢乐八点档-1783,审核大大辛苦了！<br/>免费的香蕉投一下吧，没有那就点个赞吧，这对我来说很重要，谢谢！！！<br/>谢谢每一个投蕉的帅哥美女！你们是我坚持更新的动力！<br/>视频来自快手等平台，侵权联系删除！,2127,https://www.acfun.cn/v/ac48872699,https://tx-free-imgs.acfun.cn/newUpload/2176158_e379c7202d2e43029e07ad17f40cab19.gif?imageslim,AcFun,三日榜,three-days,hotlist,,2026-09-26 05:19:36
19,姛姛？！蝴蝶耳机Manget中文翻唱【箐羽Hane】x【缇若柯Teivoc】,“是否你确实表里如一淡然，还是说你——并不似我贪婪？”<br/>《Manget》磁石 / 蝴蝶耳机 - 中文翻唱<br/>原作作曲 / 流星P<br/>曲绘&翻唱 / 箐羽hane & 缇若柯Teivoc<br/>中文填词 / 果汁凉菜<br/>混音 / 风尘<br/>和笋笋一起唱了我们二次元姛神曲！曲绘也是我和笋笋每个人负责了自己的部分最后再拼到一起的！真好！( *^ ^)o(^ ^* )希望大家也能喜欢！,1623,https://www.acfun.cn/v/ac48869340,https://tx-free-imgs.acfun.cn/newUpload/67511609_d868cdbd6b1849e8958696cdc9db1493.jpeg?imageslim,AcFun,三日榜,three-days,hotlist,,2026-09-26 05:19:36
20,现在电脑不好卖了，以后我们出租AI机器人吧,,2266,https://www.acfun.cn/v/ac48867767,https://tx-free-imgs.acfun.cn/newUpload/17928_c684f06231604145b533a0f00627c624.png?imageslim,AcFun,三日榜,three-days,hotlist,,2026-09-26 05:19:36
21,我要冲会员【今天有什么好笑的 #2516】,：），谢谢大家的投蕉和点赞，祝你开心愉快~<br/>wallpaper壁纸：Reze | Chainsaw Man<br/>BGM：Nicoleta Matei - Love mail<br/>,2488,https://www.acfun.cn/v/ac48870763,https://tx-free-imgs.acfun.cn/newUpload/383079_47b0fc3f458042f5bd3717967e55c598.gif?imageslim,AcFun,三日榜,three-days,hotlist,,2026-09-26 05:19:36
22,网络上常见的热门短视频集锦   第三千四百四十六期,审核大大辛苦了！<br/>谢谢每一个投蕉的帅哥美女！香蕉没有来个赞也好啊！<br/>视频来自快手等平台，侵权联系删除！,3689,https://www.acfun.cn/v/ac48867732,https://tx-free-imgs.acfun.cn/newUpload/2176158_2ec1d99da19a48e0a8e4ff2a2447e612.gif?imageslim,AcFun,三日榜,three-days,hotlist,,2026-09-26 05:19:36
23,网络上常见的热门短视频集锦   第三千四百四十八期,审核大大辛苦了！<br/>谢谢每一个投蕉的帅哥美女！香蕉没有来个赞也好啊！<br/>视频来自快手等平台，侵权联系删除！,3534,https://www.acfun.cn/v/ac48870020,https://tx-free-imgs.acfun.cn/newUpload/2176158_d65e54f4e9ee489b86b6fc28c31c84ee.gif?imageslim,AcFun,三日榜,three-days,hotlist,,2026-09-26 05:19:36
24,网络上常见的热门短视频集锦   第三千四百四十九期,审核大大辛苦了！<br/>谢谢每一个投蕉的帅哥美女！香蕉没有来个赞也好啊！<br/>视频来自快手等平台，侵权联系删除！,2563,https://www.acfun.cn/v/ac48871496,https://tx-free-imgs.acfun.cn/newUpload/2176158_cf20f7722011491da25ce2efbc799dba.gif?imageslim,AcFun,三日榜,three-days,hotlist,,2026-09-26 05:19:36
25,交通事故20260923：交通车祸实例，提高安全驾驶意识,,1447,https://www.acfun.cn/v/ac48868861,https://tx-free-imgs.acfun.cn/newUpload/76871961_edea5de6659a4cd2b733a74989043440.jpg?imageslim,AcFun,三日榜,three-days,hotlist,,2026-09-26 05:19:36
26,沦陷️,歌曲舞蹈：沦陷dj版-星奇摇   动作有改编,1744,https://www.acfun.cn/v/ac48869381,https://tx-free-imgs.acfun.cn/newUpload/12229455_aacf9da97a0940ad8e5f0b509d9cc159.jpeg?imageslim,AcFun,三日榜,three-days,hotlist,,2026-09-26 05:19:36
27,网络上常见的热门短视频集锦   第三千四百四十七期,审核大大辛苦了！<br/>谢谢每一个投蕉的帅哥美女！香蕉没有来个赞也好啊！<br/>视频来自快手等平台，侵权联系删除！,3254,https://www.acfun.cn/v/ac48869149,https://tx-free-imgs.acfun.cn/newUpload/2176158_fdf9afe2e00a4a1aa62415c846776eaf.gif?imageslim,AcFun,三日榜,three-days,hotlist,,2026-09-26 05:19:36
28,老板直聘（89）,,1651,https://www.acfun.cn/v/ac48868552,https://tx-free-imgs.acfun.cn/newUpload/74706824_db2c7ba15c5d4aa18872db6b0763b7ca.jpeg?imageslim,AcFun,三日榜,three-days,hotlist,,2026-09-26 05:19:36
29,换你穿越三国乱世，你是起兵还是种田？,有没有宝贝和我一样，看三国的时候总在想，如果换我身在那个乱世，我会怎么样？是起兵争霸，还是归隐山林？ 或是是咱们可以选三国里有名的角色或者可以架空历史从素人做起，一统三国，那会怎么样?我最近就玩了这么一款游戏，一玩就是五个小时，根本停不下来，那今天来聊聊这款开放世界slg游戏《英雄立志传：三国志》~<br/>,1934,https://www.acfun.cn/v/ac48869043,https://tx-free-imgs.acfun.cn/newUpload/61352468_39715609bed041b98b21f3dbb482ad70.jpeg?imageslim,AcFun,三日榜,three-days,hotlist,,2026-09-26 05:19:36
30,【4K超高清】「JOJO的奇妙冒险 飙马野郎」第2话,,4600,https://www.acfun.cn/v/ac48872740,https://tx-free-imgs.acfun.cn/newUpload/72840608_a526e08904d049d2b38ce5f38bd71e63.jpeg?imageslim,AcFun,三日榜,three-days,hotlist,,2026-09-26 05:19:36
31,人鱼的眼泪,歌曲舞蹈：爱乐之城-人鱼的眼泪,1561,https://www.acfun.cn/v/ac48867050,https://tx-free-imgs.acfun.cn/newUpload/12229455_130b1f041e6741dab4f6295ee27d927e.jpeg?imageslim,AcFun,三日榜,three-days,hotlist,,2026-09-26 05:19:36
32,常州新开巴西烤肉自助，100块钱值得吗？,这是我目前为止，去过的第二家巴西烤肉自助，团购优惠的情况下，花了94元。正常价格在95~110不等<br/><br/>简单带大家看下菜品，除了取餐台这么些，各种牛肉制品、大串烧烤都是循环上桌，大家觉得这么些菜式花样，100块钱左右你们觉得贵还是便宜啊，觉得贵的扣1，觉得便宜的扣2,1882,https://www.acfun.cn/v/ac48868891,https://tx-free-imgs.acfun.cn/newUpload/2046675_bf3a59ddff624646850829452262094e.jpeg?imageslim,AcFun,三日榜,three-days,hotlist,,2026-09-26 05:19:36
33,今夜的风悄悄月悄悄~,,1336,https://www.acfun.cn/v/ac48873434,https://tx-free-imgs.acfun.cn/newUpload/23512715_0f364b6606dd467ab9975ffef5af1b29.jpg?imageslim,AcFun,三日榜,three-days,hotlist,,2026-09-26 05:19:36
34,在英国差点被上门诈骗,可能看到我一人在家，就大胆敲门了，还好平常也会注意周边邻居，没发生什么事儿，这个金额就算被骗也不会报警，以后还是要小心一些了。#英国日常#vlog,1667,https://www.acfun.cn/v/ac48869505,https://tx-free-imgs.acfun.cn/newUpload/43181603_1c8c6c487a864d098b5e7e7bf2a12c6a.jpg?imageslim,AcFun,三日榜,three-days,hotlist,,2026-09-26 05:19:36
35,【颜音】中秋歌回~祝大家节日快乐,皓月凌空，桂香满庭。<br/>愿今夜歌声暖心，祝各位中秋快乐，阖家美满！,1446,https://www.acfun.cn/v/ac48872065,https://tx-free-imgs.acfun.cn/newUpload/4425861_3dab8cdf19a74bf6accbdcd688cd9b6a.jpeg?imageslim,AcFun,三日榜,three-days,hotlist,,2026-09-26 05:19:36
36,原创编舞《千层套路》的定机位竖屏来啦！,,1640,https://www.acfun.cn/v/ac48869245,https://tx-free-imgs.acfun.cn/newUpload/16380981_24bafd11c027499d9fe6820162faa782.png?imageslim,AcFun,三日榜,three-days,hotlist,,2026-09-26 05:19:36
37,短裙挑战！超长翻跳一次看个够~【生日作】,,1369,https://www.acfun.cn/v/ac48872675,https://tx-free-imgs.acfun.cn/newUpload/32485245_415db634556140d1841e2ebb4c0d9371.jpeg?imageslim,AcFun,三日榜,three-days,hotlist,,2026-09-26 05:19:36
38,北京的最北端在黑龙江？？？国内飞地是怎么形成的？,这份中国地图，是你从未看过的船新版本，放大几倍就会发现，在大家熟悉的各个省份中，还藏着一堆 “你中有我、我中有你” 的飞地。,1814,https://www.acfun.cn/v/ac48867896,https://tx-free-imgs.acfun.cn/newUpload/13630266_cc2428a99a42453f99c9e1306e7a43bb.jpeg?imageslim,AcFun,三日榜,three-days,hotlist,,2026-09-26 05:19:36
39,我要辞职了！,,1696,https://www.acfun.cn/v/ac48863957,https://tx-free-imgs.acfun.cn/newUpload/12439728_7c57a0735675474590bf7b25e1a34527.png?imageslim,AcFun,三日榜,three-days,hotlist,,2026-09-26 05:19:36
40,网络上常见的热门短视频集锦   第三千四百五十期,审核大大辛苦了！<br/>谢谢每一个投蕉的帅哥美女！香蕉没有来个赞也好啊！<br/>视频来自快手等平台，侵权联系删除！,2468,https://www.acfun.cn/v/ac48872279,https://tx-free-imgs.acfun.cn/newUpload/2176158_a96ecd95394b4517928ac111407f75b1.gif?imageslim,AcFun,三日榜,three-days,hotlist,,2026-09-26 05:19:36
41,发个friend圈,,1540,https://www.acfun.cn/v/ac48863958,https://tx-free-imgs.acfun.cn/newUpload/12439728_b44cb67ae45a4c179b08227368f4159c.png?imageslim,AcFun,三日榜,three-days,hotlist,,2026-09-26 05:19:36
42,奥迪“宫斗”十年大结局？一汽拿四环，上汽拿AUDI,一汽奥迪和上汽奥迪“宫斗”了十年，终于要划下句号了？,1723,https://www.acfun.cn/v/ac48870981,https://tx-free-imgs.acfun.cn/newUpload/13630266_3fde785be5a2411495618f67d01ab66a.jpeg?imageslim,AcFun,三日榜,three-days,hotlist,,2026-09-26 05:19:36
43,捏捏已经已进化到可以吃的地步啦？,,1630,https://www.acfun.cn/v/ac48868638,https://tx-free-imgs.acfun.cn/newUpload/6177430_486c910212d548c991eeb140f146a6ed.jpeg?imageslim,AcFun,三日榜,three-days,hotlist,,2026-09-26 05:19:36
44,【东方/汉化】咲夜带你了解汉字【MMD搞笑小剧场】,作者：クローバー,1177,https://www.acfun.cn/v/ac48872652,https://tx-free-imgs.acfun.cn/newUpload/6102_8b2072189ecb4044a7de95bb450d02ed.jpeg?imageslim,AcFun,三日榜,three-days,hotlist,,2026-09-26 05:19:36
45,【东方】QUEEN【蕾米莉亚 Miy Ver. MMD】,作者：やくも<br/><br/>楽曲:Kanaria 様→https://www.nicovideo.jp/watch/sm4088...<br/>振付:AKIRA様<br/>モーション:P-nez 様→https://www.nicovideo.jp/watch/sm4350...<br/>カメラ:Mizuha様→https://www.nicovideo.jp/watch/sm4353...<br/>モデル:MIy様<br/>ステージ:栗ごはん様<br/>アクセサリ:アスカ様,1257,https://www.acfun.cn/v/ac48870080,https://tx-free-imgs.acfun.cn/newUpload/6102_6a4dce20c9b74fa0bbdff3ccc0a73c5d.png?imageslim,AcFun,三日榜,three-days,hotlist,,2026-09-26 05:19:36
46,望眼欲穿【今天有什么好笑的 #2517】,：），谢谢大家的投蕉和点赞，祝你开心愉快~<br/>Wallpaper壁纸：雪山与女孩<br/>Bgm：あのね。,1776,https://www.acfun.cn/v/ac48872647,https://tx-free-imgs.acfun.cn/newUpload/383079_40beb913fd1a44d3afa053553d53b466.gif?imageslim,AcFun,三日榜,three-days,hotlist,,2026-09-26 05:19:36
47,这套皮肤真的很喜欢,,1473,https://www.acfun.cn/v/ac48871657,https://tx-free-imgs.acfun.cn/newUpload/16380981_ac9640e59a3a42e093fcee0a0b81d474.jpg?imageslim,AcFun,三日榜,three-days,hotlist,,2026-09-26 05:19:36
48,你吃月饼了吗？,,1441,https://www.acfun.cn/v/ac48869054,https://tx-free-imgs.acfun.cn/newUpload/1167675_8f48723afb0e41ecbe772249b3f4df1a.jpg?imageslim,AcFun,三日榜,three-days,hotlist,,2026-09-26 05:19:36
49,抱紧原生家庭（90）,,1411,https://www.acfun.cn/v/ac48867786,https://tx-free-imgs.acfun.cn/newUpload/74706824_fcc9a2386aff4fb0b3ecd158e3c6b97f.png?imageslim,AcFun,三日榜,three-days,hotlist,,2026-09-26 05:19:36
50,只有刀鸣最小丑？各大游戏千年血战联动盘点！,300英雄的含金量还在上升,1966,https://www.acfun.cn/v/ac48869154,https://tx-free-imgs.acfun.cn/newUpload/247671_7d920e56c00e4af39fed560bf094f965.jpeg?imageslim,AcFun,三日榜,three-days,hotlist,,2026-09-26 05:19:36
1,剑戟战斗的巅峰 关卡内容的洼地 偏科严重的《鬼武者：剑之道》,它给人爽的部分是真的爽，但是在每次爽之前，你得堵不少马桶，先生。,4502,https://www.acfun.cn/v/ac48859506,https://tx-free-imgs.acfun.cn/newUpload/934542_5d98ad80ca9c4307b5cdc2051c11cb50.jpeg?imageslim,AcFun,周榜,week,hotlist,,2026-09-26 05:19:36
2,是谁点的小恶魔，蕉出来～,,6249,https://www.acfun.cn/v/ac48867778,https://tx-free-imgs.acfun.cn/newUpload/17062172_6098fee67d1748e0ab5dab3b5665736c.jpg?imageslim,AcFun,周榜,week,hotlist,,2026-09-26 05:19:36
3,跳最开心的一集,,3980,https://www.acfun.cn/v/ac48860571,https://tx-free-imgs.acfun.cn/newUpload/50330447_79a3f269514140c29e7a85fb7c9dc94c.jpg?imageslim,AcFun,周榜,week,hotlist,,2026-09-26 05:19:36
4,喜欢哪套？,,6895,https://www.acfun.cn/v/ac48861422,https://tx-free-imgs.acfun.cn/newUpload/3540234_729e0d22251f439da3735f26e58d174f.jpg?imageslim,AcFun,周榜,week,hotlist,,2026-09-26 05:19:36
5,过期JK碎碎念！,家人们记得蕉一蕉捏 啾咪,5918,https://www.acfun.cn/v/ac48859219,https://tx-free-imgs.acfun.cn/newUpload/17062172_5dd6ea8b5f2741ff87f0911db6dfb909.jpg?imageslim,AcFun,周榜,week,hotlist,,2026-09-26 05:19:36
6,娃：真遗憾，本来打算亲自告诉你们的,嘿嘿希望大家都万事顺意～心想事成,4443,https://www.acfun.cn/v/ac48871740,https://tx-free-imgs.acfun.cn/newUpload/17062172_d1a93166ed084e3aadac2fea4bba0707.jpg?imageslim,AcFun,周榜,week,hotlist,,2026-09-26 05:19:36
7,人间琴悠扬，姑娘把谁记心上～,,2730,https://www.acfun.cn/v/ac48863143,https://tx-free-imgs.acfun.cn/newUpload/50330447_938d77716a11477e843914663278ff07.jpg?imageslim,AcFun,周榜,week,hotlist,,2026-09-26 05:19:36
8,《野生动物迷惑行为》,喜欢请投蕉啊   谢谢啦！,2894,https://www.acfun.cn/v/ac48868360,https://tx-free-imgs.acfun.cn/newUpload/1342385_3fab348c538e4c0fa001871a708fe302.jpeg?imageslim,AcFun,周榜,week,hotlist,,2026-09-26 05:19:36
9,《动物游戏行为图鉴》,喜欢请投蕉啊 谢谢啦！,2882,https://www.acfun.cn/v/ac48857450,https://tx-free-imgs.acfun.cn/newUpload/1342385_485bc20a4c164df2928409b209fa9afc.jpeg?imageslim,AcFun,周榜,week,hotlist,,2026-09-26 05:19:36
10,《动物迷惑行为大赏325》,喜欢请投蕉啊 谢谢啦！,2656,https://www.acfun.cn/v/ac48861293,https://tx-free-imgs.acfun.cn/newUpload/1342385_03080470038d444a95ce01ff6a6aeb9f.jpeg?imageslim,AcFun,周榜,week,hotlist,,2026-09-26 05:19:36
11,双马尾小女仆带来的情绪摇～,,4011,https://www.acfun.cn/v/ac48861966,https://tx-free-imgs.acfun.cn/newUpload/11361784_8cee0402b4754b1e82f85b7099791793.jpg?imageslim,AcFun,周榜,week,hotlist,,2026-09-26 05:19:36
12,帮Acer问一下，地址在哪里？欢乐八点档-1779,审核大大辛苦了！<br/>免费的香蕉投一下吧，没有那就点个赞吧，这对我来说很重要，谢谢！！！<br/>谢谢每一个投蕉的帅哥美女！你们是我坚持更新的动力！<br/>视频来自快手等平台，侵权联系删除！,4514,https://www.acfun.cn/v/ac48863633,https://tx-free-imgs.acfun.cn/newUpload/2176158_ff69c3c797d5414e8056b329918cc5b6.gif?imageslim,AcFun,周榜,week,hotlist,,2026-09-26 05:19:36
13,【绘图过程】《海边》6周年纪念插图过程,6周年纪念插图挂画（预售）、沙滩巾（预售），阿宝已上架,3374,https://www.acfun.cn/v/ac48836990,https://tx-free-imgs.acfun.cn/newUpload/179922_9f95aba039e84f3594c3947b3c8fdd58.jpeg?imageslim,AcFun,周榜,week,hotlist,,2026-09-26 05:19:36
14,还是少妇会的多啊！★手机竖屏2011★,审核大大辛苦了！<br/>谢谢每一个投蕉的帅哥美女！香蕉没有来个赞也好啊！<br/>视频来自快手等平台，侵权联系删除！,5240,https://www.acfun.cn/v/ac48864360,https://tx-free-imgs.acfun.cn/newUpload/2176158_3d4f199fd93640468e543b9ee25ac4c0.gif?imageslim,AcFun,周榜,week,hotlist,,2026-09-26 05:19:36
15,漫威金刚狼深陷争议！SweetBaby又毁一款？【绅批】,这算是DEI的历史遗留问题了，所有现在已经从sweetbaby离职的人，只要参与过游戏制作也会被署名（比如桥本和真）,2927,https://www.acfun.cn/v/ac48868810,https://tx-free-imgs.acfun.cn/newUpload/526850_ca1da1572b1d494a93e2f6bab46cf76b.jpeg?imageslim,AcFun,周榜,week,hotlist,,2026-09-26 05:19:36
16,裸足圆脸仙女下凡～跳一曲千里邀月【可心喵】,,2181,https://www.acfun.cn/v/ac48872448,https://tx-free-imgs.acfun.cn/newUpload/12892608_6691690fd8e944278bda5d5390e1e5a9.jpg?imageslim,AcFun,周榜,week,hotlist,,2026-09-26 05:19:36
17,因为害怕被讨厌 所以把自己藏起来了,,3189,https://www.acfun.cn/v/ac48871331,https://tx-free-imgs.acfun.cn/newUpload/11361784_3d4bd69b46f541e184c2922c24f09276.jpg?imageslim,AcFun,周榜,week,hotlist,,2026-09-26 05:19:36
18,我真的是来吃饭的！★手机竖屏2013★,审核大大辛苦了！<br/>谢谢每一个投蕉的帅哥美女！香蕉没有来个赞也好啊！<br/>视频来自快手等平台，侵权联系删除！,3890,https://www.acfun.cn/v/ac48869145,https://tx-free-imgs.acfun.cn/newUpload/2176158_eb4b69370b8f435aa2b171e72403d356.gif?imageslim,AcFun,周榜,week,hotlist,,2026-09-26 05:19:36
19,mr chu!!好怀念这首歌,,2127,https://www.acfun.cn/v/ac48869375,https://tx-free-imgs.acfun.cn/newUpload/16380981_19592eb83a88429695ee1a0508fc3df0.png?imageslim,AcFun,周榜,week,hotlist,,2026-09-26 05:19:36
20,网络上常见的热门短视频集锦   第三千四百三十八期,审核大大辛苦了！<br/>谢谢每一个投蕉的帅哥美女！香蕉没有来个赞也好啊！<br/>视频来自快手等平台，侵权联系删除！,4454,https://www.acfun.cn/v/ac48858394,https://tx-free-imgs.acfun.cn/newUpload/2176158_38174e72af934b9e86687045b01f0dd3.gif?imageslim,AcFun,周榜,week,hotlist,,2026-09-26 05:19:36
21,钓鱼佬是真会享受！欢乐八点档-1777,审核大大辛苦了！<br/>免费的香蕉投一下吧，没有那就点个赞吧，这对我来说很重要，谢谢！！！<br/>谢谢每一个投蕉的帅哥美女！你们是我坚持更新的动力！<br/>视频来自快手等平台，侵权联系删除！,4615,https://www.acfun.cn/v/ac48858969,https://tx-free-imgs.acfun.cn/newUpload/2176158_c9d74d926c4c4d709a4b6b7769dffcca.gif?imageslim,AcFun,周榜,week,hotlist,,2026-09-26 05:19:36
22,一波还未平息一波又来侵袭！★手机竖屏2010★,审核大大辛苦了！<br/>谢谢每一个投蕉的帅哥美女！香蕉没有来个赞也好啊！<br/>视频来自快手等平台，侵权联系删除！,4802,https://www.acfun.cn/v/ac48862013,https://tx-free-imgs.acfun.cn/newUpload/2176158_c4802142afc14d50b2cd775e67890cca.gif?imageslim,AcFun,周榜,week,hotlist,,2026-09-26 05:19:36
23,还是少妇会啊！！！★手机竖屏2009★,审核大大辛苦了！<br/>谢谢每一个投蕉的帅哥美女！香蕉没有来个赞也好啊！<br/>视频来自快手等平台，侵权联系删除！,4906,https://www.acfun.cn/v/ac48859515,https://tx-free-imgs.acfun.cn/newUpload/2176158_d4e9e6e30f4446319f9e720adfe35ef9.gif?imageslim,AcFun,周榜,week,hotlist,,2026-09-26 05:19:36
24,【AC娘】琵琶曲,原作者：Kotte Animation<br/>还有瑕疵，看个乐吧,3173,https://www.acfun.cn/v/ac48864492,https://tx-free-imgs.acfun.cn/newUpload/41729435_02cbd995b6d54f508eb21d3cb8621903.jpeg?imageslim,AcFun,周榜,week,hotlist,,2026-09-26 05:19:36
25,25年了，回坊天花板小酥肉，还是那个味儿,记忆中的味道，回来了，都回来了……<br/>一口椒麻一口鲜，大口吃肉，配上热腾腾的米饭，绝了。<br/>素三鲜也是无敌的存在！,2566,https://www.acfun.cn/v/ac48865538,https://tx-free-imgs.acfun.cn/newUpload/13765438_9bc4a0abf32a4c1aa3e83c844de84649.jpeg?imageslim,AcFun,周榜,week,hotlist,,2026-09-26 05:19:36
26,北京豆汁会惩罚每一个好奇的人！欢乐八点档-1780,审核大大辛苦了！<br/>免费的香蕉投一下吧，没有那就点个赞吧，这对我来说很重要，谢谢！！！<br/>谢谢每一个投蕉的帅哥美女！你们是我坚持更新的动力！<br/>视频来自快手等平台，侵权联系删除！,4489,https://www.acfun.cn/v/ac48865965,https://tx-free-imgs.acfun.cn/newUpload/2176158_ec83e6fb2ffc4005b41881ac13dbaeca.gif?imageslim,AcFun,周榜,week,hotlist,,2026-09-26 05:19:36
27,拳击好啊，拳击得学！欢乐八点档-1781,审核大大辛苦了！<br/>免费的香蕉投一下吧，没有那就点个赞吧，这对我来说很重要，谢谢！！！<br/>谢谢每一个投蕉的帅哥美女！你们是我坚持更新的动力！<br/>视频来自快手等平台，侵权联系删除！,4159,https://www.acfun.cn/v/ac48868336,https://tx-free-imgs.acfun.cn/newUpload/2176158_3f6c601293a54468bae97f781440217b.gif?imageslim,AcFun,周榜,week,hotlist,,2026-09-26 05:19:36
28,这样的学姐喜欢吗？欢乐八点档-1782,审核大大辛苦了！<br/>免费的香蕉投一下吧，没有那就点个赞吧，这对我来说很重要，谢谢！！！<br/>谢谢每一个投蕉的帅哥美女！你们是我坚持更新的动力！<br/>视频来自快手等平台，侵权联系删除！,3814,https://www.acfun.cn/v/ac48870057,https://tx-free-imgs.acfun.cn/newUpload/2176158_4c1f3b60f73e451abc443941d47305d8.gif?imageslim,AcFun,周榜,week,hotlist,,2026-09-26 05:19:36
29,你的拳头真是肥嘟嘟的...,动漫：心灵的声音，作者：赵石【韩国】,2196,https://www.acfun.cn/v/ac48859870,https://tx-free-imgs.acfun.cn/newUpload/509259_2fa91d5206504450be471808d9c93a22.jpeg?imageslim,AcFun,周榜,week,hotlist,,2026-09-26 05:19:36
30,这个一字马技术含量很高啊！欢乐八点档-1778,审核大大辛苦了！<br/>免费的香蕉投一下吧，没有那就点个赞吧，这对我来说很重要，谢谢！！！<br/>谢谢每一个投蕉的帅哥美女！你们是我坚持更新的动力！<br/>视频来自快手等平台，侵权联系删除！,4404,https://www.acfun.cn/v/ac48861225,https://tx-free-imgs.acfun.cn/newUpload/2176158_0824627cb76d40dc99ce9cb12c07e4cc.gif?imageslim,AcFun,周榜,week,hotlist,,2026-09-26 05:19:36
31,网络上常见的热门短视频集锦   第三千四百四十五期,审核大大辛苦了！<br/>谢谢每一个投蕉的帅哥美女！香蕉没有来个赞也好啊！<br/>视频来自快手等平台，侵权联系删除！,3957,https://www.acfun.cn/v/ac48866824,https://tx-free-imgs.acfun.cn/newUpload/2176158_dba921eb42f14c7ba31a1af83bfe71ce.gif?imageslim,AcFun,周榜,week,hotlist,,2026-09-26 05:19:36
32,琵琶曲丨夜神月 VS  L,原曲：琵琶曲,2270,https://www.acfun.cn/v/ac48861693,https://tx-free-imgs.acfun.cn/newUpload/16986934_3bf4dd94910c4845acf851f7f0fdb757.jpeg?imageslim,AcFun,周榜,week,hotlist,,2026-09-26 05:19:36
33,网络上常见的热门短视频集锦   第三千四百四十一期,审核大大辛苦了！<br/>谢谢每一个投蕉的帅哥美女！香蕉没有来个赞也好啊！<br/>视频来自快手等平台，侵权联系删除！,4206,https://www.acfun.cn/v/ac48862019,https://tx-free-imgs.acfun.cn/newUpload/2176158_6e5a88d95f344d92a8d97a57f03ac4b9.gif?imageslim,AcFun,周榜,week,hotlist,,2026-09-26 05:19:36
34,拜托了，夫人！★手机竖屏2014★,审核大大辛苦了！<br/>谢谢每一个投蕉的帅哥美女！香蕉没有来个赞也好啊！<br/>视频来自快手等平台，侵权联系删除！,3219,https://www.acfun.cn/v/ac48871493,https://tx-free-imgs.acfun.cn/newUpload/2176158_afaf0913878443b1bc00d636136ffce3.gif?imageslim,AcFun,周榜,week,hotlist,,2026-09-26 05:19:36
35,空中瑜伽！！！★手机竖屏2012★,审核大大辛苦了！<br/>谢谢每一个投蕉的帅哥美女！香蕉没有来个赞也好啊！<br/>视频来自快手等平台，侵权联系删除！,4468,https://www.acfun.cn/v/ac48866821,https://tx-free-imgs.acfun.cn/newUpload/2176158_610807af48f5463a891fc9f341c9b16f.gif?imageslim,AcFun,周榜,week,hotlist,,2026-09-26 05:19:36
36,厨师长教你：“鱼香肉丝”的家常做法，酸甜微辣，口感丰富,,2055,https://www.acfun.cn/v/ac48867741,https://tx-free-imgs.acfun.cn/newUpload/13274260_93e68d1098d04ffca2683655a6a404c2.jpeg?imageslim,AcFun,周榜,week,hotlist,,2026-09-26 05:19:36
37,网络上常见的热门短视频集锦   第三千四百三十九期,审核大大辛苦了！<br/>谢谢每一个投蕉的帅哥美女！香蕉没有来个赞也好啊！<br/>视频来自快手等平台，侵权联系删除！,4055,https://www.acfun.cn/v/ac48859518,https://tx-free-imgs.acfun.cn/newUpload/2176158_13f61f1aa39c4732bdaeed87fe0e28a4.gif?imageslim,AcFun,周榜,week,hotlist,,2026-09-26 05:19:36
38,一天生产500万个！速冻水饺是如何制造出来的？,,2163,https://www.acfun.cn/v/ac48859253,https://tx-free-imgs.acfun.cn/newUpload/19281632_57f07fe28e24422d948491fd2d43586c.jpeg?imageslim,AcFun,周榜,week,hotlist,,2026-09-26 05:19:36
39,今天你不能嫁出去【今天有什么好笑的 #2514】,：)，谢谢大家，祝你们开心。<br/>wallpaper壁纸：Fading Astronaut 5K (update)<br/>BGM：I Want It That Way,2913,https://www.acfun.cn/v/ac48865864,https://tx-free-imgs.acfun.cn/newUpload/383079_ee4f5f7badf74f05a2ef6c691387f327.gif?imageslim,AcFun,周榜,week,hotlist,,2026-09-26 05:19:36
40,嘴角压不住了【今天有什么好笑的 #2515】,：），谢谢大家的投蕉和点赞，祝你开心愉快~<br/>wallpaper壁纸：Genshin 神里绫华<br/>BGM：Wake me up when september ends,2432,https://www.acfun.cn/v/ac48868130,https://tx-free-imgs.acfun.cn/newUpload/383079_ef65121591434d2b86d53db1622776cd.gif?imageslim,AcFun,周榜,week,hotlist,,2026-09-26 05:19:36
41,单纯的约会（92）,,1821,https://www.acfun.cn/v/ac48857199,https://tx-free-imgs.acfun.cn/newUpload/74706824_a3a60d77e6934225b168686e44216c4b.png?imageslim,AcFun,周榜,week,hotlist,,2026-09-26 05:19:36
42,女妖邪神凶宅索命，最惨主角逆天求生！克系神游《魔女屋中之梦》像素恐怖游戏详细讲述【深夜档】,如何在60天内，让洛夫克拉夫特小说中惨死的倒霉主角逆天改命？这位芬兰作者打造了一部又硬核又忠实的优秀克苏鲁游戏！入住阿卡姆百年凶宅的凡人主角沃尔特·吉尔曼，接连遭到人脸妖鼠，恐怖女巫，不可名状外神的侵袭。白天钻研神秘学知识，梦中游历邪恶异星。他将与密斯卡托尼克大学最强战神亨利·阿米蒂奇教授联手对抗邪神降世！这是一部真正将洛氏“宇宙恐怖”带入到日常，并忠实于原著的游戏，自由度超高且信息量惊人！我将细致地带各位体验这跌宕起伏的60天，看弱小的主角如何起死回生并拯救世界！,1324,https://www.acfun.cn/v/ac48872418,https://tx-free-imgs.acfun.cn/newUpload/817797_2631b7cf26c14c2fbbfb062962a775be.jpeg?imageslim,AcFun,周榜,week,hotlist,,2026-09-26 05:19:36
43,【东方】推特东方小视频选集 第272期,睡觉睡觉睡觉睡觉睡觉睡觉睡觉睡觉睡觉睡觉……,1407,https://www.acfun.cn/v/ac48858830,https://tx-free-imgs.acfun.cn/newUpload/6102_5a13d6efeec742ff84c512206aaeb7b0.jpeg?imageslim,AcFun,周榜,week,hotlist,,2026-09-26 05:19:36
44,甜妹来袭！,,2169,https://www.acfun.cn/v/ac48863947,https://tx-free-imgs.acfun.cn/newUpload/12439728_1fd5a3c6e60241a1a1cd8f89dbede769.png?imageslim,AcFun,周榜,week,hotlist,,2026-09-26 05:19:36
45,【锅锅x怀瑜x阔落】千里邀月——共饮此杯赏此月，夜好眠,中秋到了，和姐妹们合唱了千里邀月~~<br/>乐：可乐祝大家身体健康，永不加班，月圆人团圆<br/>鱼：怀瑜愿诸位财源广进，常能摸鱼，花好月更圆<br/>锅：锅锅祝大家桂香满锅，早归赏月，饼甜心更甜<br/>祝大家中秋快乐~,1765,https://www.acfun.cn/v/ac48871580,https://tx-free-imgs.acfun.cn/newUpload/67206930_e47be8dbac2546e1b5a4a831e71dabe4.jpeg?imageslim,AcFun,周榜,week,hotlist,,2026-09-26 05:19:36
46,和我一起健身吧！！！欢乐八点档-1783,审核大大辛苦了！<br/>免费的香蕉投一下吧，没有那就点个赞吧，这对我来说很重要，谢谢！！！<br/>谢谢每一个投蕉的帅哥美女！你们是我坚持更新的动力！<br/>视频来自快手等平台，侵权联系删除！,2127,https://www.acfun.cn/v/ac48872699,https://tx-free-imgs.acfun.cn/newUpload/2176158_e379c7202d2e43029e07ad17f40cab19.gif?imageslim,AcFun,周榜,week,hotlist,,2026-09-26 05:19:36
47,网络上常见的热门短视频集锦   第三千四百四十三期,审核大大辛苦了！<br/>谢谢每一个投蕉的帅哥美女！香蕉没有来个赞也好啊！<br/>视频来自快手等平台，侵权联系删除！,3674,https://www.acfun.cn/v/ac48864363,https://tx-free-imgs.acfun.cn/newUpload/2176158_dfef22dbf6934a15a594e5766b8680ca.gif?imageslim,AcFun,周榜,week,hotlist,,2026-09-26 05:19:36
48,嘞个就是爱情【今天有什么好笑的 #2512】,：），谢谢大家的投蕉和点赞，祝你开心愉快~<br/>wallpaper壁纸：lamp<br/>BGM：What a Feeling,2450,https://www.acfun.cn/v/ac48860992,https://tx-free-imgs.acfun.cn/newUpload/383079_172d192fee55441c96b7352f61e0a25f.gif?imageslim,AcFun,周榜,week,hotlist,,2026-09-26 05:19:36
49,网络上常见的热门短视频集锦   第三千四百四十四期,审核大大辛苦了！<br/>谢谢每一个投蕉的帅哥美女！香蕉没有来个赞也好啊！<br/>视频来自快手等平台，侵权联系删除！,3569,https://www.acfun.cn/v/ac48865021,https://tx-free-imgs.acfun.cn/newUpload/2176158_663463f1e6004dc2b4dea153d1e60c05.gif?imageslim,AcFun,周榜,week,hotlist,,2026-09-26 05:19:36
50,现在电脑不好卖了，以后我们出租AI机器人吧,,2266,https://www.acfun.cn/v/ac48867767,https://tx-free-imgs.acfun.cn/newUpload/17928_c684f06231604145b533a0f00627c624.png?imageslim,AcFun,周榜,week,hotlist,,2026-09-26 05:19:36
1,娃：真遗憾，本来打算亲自告诉你们的,嘿嘿希望大家都万事顺意～心想事成,4482,https://www.acfun.cn/v/ac48871740,https://tx-free-imgs.acfun.cn/newUpload/17062172_d1a93166ed084e3aadac2fea4bba0707.jpg?imageslim,AcFun,日榜,day,hotlist,,2026-09-26 06:21:06
2,裸足圆脸仙女下凡～跳一曲千里邀月【可心喵】,,2193,https://www.acfun.cn/v/ac48872448,https://tx-free-imgs.acfun.cn/newUpload/12892608_6691690fd8e944278bda5d5390e1e5a9.jpg?imageslim,AcFun,日榜,day,hotlist,,2026-09-26 06:21:06
3,拜托了，夫人！★手机竖屏2014★,审核大大辛苦了！<br/>谢谢每一个投蕉的帅哥美女！香蕉没有来个赞也好啊！<br/>视频来自快手等平台，侵权联系删除！,3228,https://www.acfun.cn/v/ac48871493,https://tx-free-imgs.acfun.cn/newUpload/2176158_afaf0913878443b1bc00d636136ffce3.gif?imageslim,AcFun,日榜,day,hotlist,,2026-09-26 06:21:06
4,女妖邪神凶宅索命，最惨主角逆天求生！克系神游《魔女屋中之梦》像素恐怖游戏详细讲述【深夜档】,如何在60天内，让洛夫克拉夫特小说中惨死的倒霉主角逆天改命？这位芬兰作者打造了一部又硬核又忠实的优秀克苏鲁游戏！入住阿卡姆百年凶宅的凡人主角沃尔特·吉尔曼，接连遭到人脸妖鼠，恐怖女巫，不可名状外神的侵袭。白天钻研神秘学知识，梦中游历邪恶异星。他将与密斯卡托尼克大学最强战神亨利·阿米蒂奇教授联手对抗邪神降世！这是一部真正将洛氏“宇宙恐怖”带入到日常，并忠实于原著的游戏，自由度超高且信息量惊人！我将细致地带各位体验这跌宕起伏的60天，看弱小的主角如何起死回生并拯救世界！,1342,https://www.acfun.cn/v/ac48872418,https://tx-free-imgs.acfun.cn/newUpload/817797_2631b7cf26c14c2fbbfb062962a775be.jpeg?imageslim,AcFun,日榜,day,hotlist,,2026-09-26 06:21:06
5,和我一起健身吧！！！欢乐八点档-1783,审核大大辛苦了！<br/>免费的香蕉投一下吧，没有那就点个赞吧，这对我来说很重要，谢谢！！！<br/>谢谢每一个投蕉的帅哥美女！你们是我坚持更新的动力！<br/>视频来自快手等平台，侵权联系删除！,2148,https://www.acfun.cn/v/ac48872699,https://tx-free-imgs.acfun.cn/newUpload/2176158_e379c7202d2e43029e07ad17f40cab19.gif?imageslim,AcFun,日榜,day,hotlist,,2026-09-26 06:21:06
6,【锅锅x怀瑜x阔落】千里邀月——共饮此杯赏此月，夜好眠,中秋到了，和姐妹们合唱了千里邀月~~<br/>乐：可乐祝大家身体健康，永不加班，月圆人团圆<br/>鱼：怀瑜愿诸位财源广进，常能摸鱼，花好月更圆<br/>锅：锅锅祝大家桂香满锅，早归赏月，饼甜心更甜<br/>祝大家中秋快乐~,1777,https://www.acfun.cn/v/ac48871580,https://tx-free-imgs.acfun.cn/newUpload/67206930_e47be8dbac2546e1b5a4a831e71dabe4.jpeg?imageslim,AcFun,日榜,day,hotlist,,2026-09-26 06:21:06
7,网络上常见的热门短视频集锦   第三千四百四十九期,审核大大辛苦了！<br/>谢谢每一个投蕉的帅哥美女！香蕉没有来个赞也好啊！<br/>视频来自快手等平台，侵权联系删除！,2572,https://www.acfun.cn/v/ac48871496,https://tx-free-imgs.acfun.cn/newUpload/2176158_cf20f7722011491da25ce2efbc799dba.gif?imageslim,AcFun,日榜,day,hotlist,,2026-09-26 06:21:06
8,【4K超高清】「JOJO的奇妙冒险 飙马野郎」第2话,,4611,https://www.acfun.cn/v/ac48872740,https://tx-free-imgs.acfun.cn/newUpload/72840608_a526e08904d049d2b38ce5f38bd71e63.jpeg?imageslim,AcFun,日榜,day,hotlist,,2026-09-26 06:21:06
9,今夜的风悄悄月悄悄~,,1358,https://www.acfun.cn/v/ac48873434,https://tx-free-imgs.acfun.cn/newUpload/23512715_0f364b6606dd467ab9975ffef5af1b29.jpg?imageslim,AcFun,日榜,day,hotlist,,2026-09-26 06:21:06
10,网络上常见的热门短视频集锦   第三千四百五十期,审核大大辛苦了！<br/>谢谢每一个投蕉的帅哥美女！香蕉没有来个赞也好啊！<br/>视频来自快手等平台，侵权联系删除！,2479,https://www.acfun.cn/v/ac48872279,https://tx-free-imgs.acfun.cn/newUpload/2176158_a96ecd95394b4517928ac111407f75b1.gif?imageslim,AcFun,日榜,day,hotlist,,2026-09-26 06:21:06
11,短裙挑战！超长翻跳一次看个够~【生日作】,,1382,https://www.acfun.cn/v/ac48872675,https://tx-free-imgs.acfun.cn/newUpload/32485245_415db634556140d1841e2ebb4c0d9371.jpeg?imageslim,AcFun,日榜,day,hotlist,,2026-09-26 06:21:06
12,【颜音】中秋歌回~祝大家节日快乐,皓月凌空，桂香满庭。<br/>愿今夜歌声暖心，祝各位中秋快乐，阖家美满！,1449,https://www.acfun.cn/v/ac48872065,https://tx-free-imgs.acfun.cn/newUpload/4425861_3dab8cdf19a74bf6accbdcd688cd9b6a.jpeg?imageslim,AcFun,日榜,day,hotlist,,2026-09-26 06:21:06
13,望眼欲穿【今天有什么好笑的 #2517】,：），谢谢大家的投蕉和点赞，祝你开心愉快~<br/>Wallpaper壁纸：雪山与女孩<br/>Bgm：あのね。,1784,https://www.acfun.cn/v/ac48872647,https://tx-free-imgs.acfun.cn/newUpload/383079_40beb913fd1a44d3afa053553d53b466.gif?imageslim,AcFun,日榜,day,hotlist,,2026-09-26 06:21:06
14,【东方/汉化】咲夜带你了解汉字【MMD搞笑小剧场】,作者：クローバー,1179,https://www.acfun.cn/v/ac48872652,https://tx-free-imgs.acfun.cn/newUpload/6102_8b2072189ecb4044a7de95bb450d02ed.jpeg?imageslim,AcFun,日榜,day,hotlist,,2026-09-26 06:21:06
15,我终于明白什么都不缺的含金量！,,1192,https://www.acfun.cn/v/ac48872781,https://tx-free-imgs.acfun.cn/newUpload/6177430_06f5f9b03edd4f73a3dfeba4cf78db16.jpeg?imageslim,AcFun,日榜,day,hotlist,,2026-09-26 06:21:06
16,两段不伦恋 15年复仇路《老男孩》吴大秀我的折磨可是一辈子,本期带来《老男孩》50分钟 国庆要到了，铁粉都知道背包住在网红街道 小长假根本没法做节目，阿杰提意带着各自父母一起出去玩几天 所以这几天会加急看看能不能赶出来一期，实再不行就小长假后更新咯，中秋国庆都祝小伙伴开心快乐！,1144,https://www.acfun.cn/v/ac48871285,https://tx-free-imgs.acfun.cn/newUpload/6894185_ab259859c7df40d1b092d2e828bf38e5.jpeg?imageslim,AcFun,日榜,day,hotlist,,2026-09-26 06:21:06
17,如果我和她恋爱的话……,,1309,https://www.acfun.cn/v/ac48871545,https://tx-free-imgs.acfun.cn/newUpload/2277346_de526594356a4c9f90b71bf5823054e6.jpg?imageslim,AcFun,日榜,day,hotlist,,2026-09-26 06:21:06
18,“原来和思念的人相见，就是人们常说的团圆” | 愿年年有今夜《妙妙人间》,「愿岁岁年年有此夜。」<br/>To : 虽然隔着屏幕，但同一轮月亮也让我们团圆在这里。中秋快乐呀~<br/>==========<br/>《妙妙人间》<br/>原唱：张含韵<br/>混音：饭団子p<br/>翻唱&视频：露纱琳黛,1094,https://www.acfun.cn/v/ac48871599,https://tx-free-imgs.acfun.cn/newUpload/69790459_0b53ce48e1c7437c9bdd3cf45d53de8f.jpeg?imageslim,AcFun,日榜,day,hotlist,,2026-09-26 06:21:06
19,空姐OL~第57次取消发送,中秋节快乐,1584,https://www.acfun.cn/v/ac48872674,https://tx-free-imgs.acfun.cn/newUpload/14539629_46621bdc88a44c63be63172c5ba6cb6a.jpeg?imageslim,AcFun,日榜,day,hotlist,,2026-09-26 06:21:06
20,想和你一起赏月𐔌՞ ܸ.ˬ.ܸ՞𐦯千里邀月,,1083,https://www.acfun.cn/v/ac48873207,https://tx-free-imgs.acfun.cn/newUpload/57336445_c7d705d3782c4b0193b62c6d02e43748.jpg?imageslim,AcFun,日榜,day,hotlist,,2026-09-26 06:21:06
21,香煎盐焗鸡｜简单到不可能失败，外焦里嫩巨好吃,,1137,https://www.acfun.cn/v/ac48870521,https://tx-free-imgs.acfun.cn/newUpload/1383198_a8487ee2fe9849dc9807f9da5d193fb1.jpeg?imageslim,AcFun,日榜,day,hotlist,,2026-09-26 06:21:06
22,忘情牛肉面,,1146,https://www.acfun.cn/v/ac48873433,https://tx-free-imgs.acfun.cn/newUpload/11361784_6fe659c9e31e428c8b700a04d46742fd.jpg?imageslim,AcFun,日榜,day,hotlist,,2026-09-26 06:21:06
23,【官方中字】SBR JOJO的奇妙冒险 飙马野郎 2nd＆3rd STAGE 第二集,,1694,https://www.acfun.cn/v/ac48872883,https://tx-free-imgs.acfun.cn/newUpload/30501027_27e89cd7cd684f01a120b8ec666a3896.png?imageslim,AcFun,日榜,day,hotlist,,2026-09-26 06:21:06
24,【绘画过程】9月保底《金秋》,大家中秋快乐！<br/>本月的保底是百贴布~ 某宝同步预售。,1529,https://www.acfun.cn/v/ac48872808,https://tx-free-imgs.acfun.cn/newUpload/179922_630934cb2f3245e5a4a4020570f61eca.png?imageslim,AcFun,日榜,day,hotlist,,2026-09-26 06:21:06
25,【1080P.奇幻冒险】JOJO的奇妙冒险 飙马野郎 (2026)第七季 第二集,1890年，一场世纪大赛“SBR”于美国举开。全长共6000公里，是人类史上第一场骑乘马匹横越北美大陆的比赛！为了拿下高达5千万美元（60亿日元）的冠军奖金，一群强悍的冒险家们正式展开了他们的争战！,1861,https://www.acfun.cn/v/ac48872840,https://tx-free-imgs.acfun.cn/newUpload/903432_bb4a52ee7e3e42cc853e5ff0b8a21e0d.png?imageslim,AcFun,日榜,day,hotlist,,2026-09-26 06:21:06
26,三周摧毁美国东海岸，绿色流感为何无法阻止？【求生之路剧情解析+涂鸦翻译】,刺骨寒溪和最后一战的涂鸦和官方剧情联系不大，因此没有放在视频中；<br/>前面的内容感觉都有点多余，最后的涂鸦翻译才是本体。<br/><br/>,1270,https://www.acfun.cn/v/ac48867996,https://tx-free-imgs.acfun.cn/newUpload/1020536_15195e7242e247fb9dc7a625a61a3662.jpeg?imageslim,AcFun,日榜,day,hotlist,,2026-09-26 06:21:06
27,新肤色超辣！,,1329,https://www.acfun.cn/v/ac48863964,https://tx-free-imgs.acfun.cn/newUpload/12439728_70c7284ba2724c048fb5266f61c33e34.png?imageslim,AcFun,日榜,day,hotlist,,2026-09-26 06:21:06
28,【柯基】《金风玉露》～～～晚风啊～～～,,1170,https://www.acfun.cn/v/ac48872627,https://tx-free-imgs.acfun.cn/newUpload/29493245_88171143b6bd4aa6885743ffe64d6584.png?imageslim,AcFun,日榜,day,hotlist,,2026-09-26 06:21:06
29,中秋节快乐呀！！,,1053,https://www.acfun.cn/v/ac48872753,https://tx-free-imgs.acfun.cn/newUpload/25756908_e40f0ac3bdb34aa6a05629d19ec12f7c.png?imageslim,AcFun,日榜,day,hotlist,,2026-09-26 06:21:06
30,【夏雅】Don t let go of my hand.,,1468,https://www.acfun.cn/v/ac48873108,https://tx-free-imgs.acfun.cn/newUpload/16279345_4e8e1897539648e8869f4815f9bd1572.jpg?imageslim,AcFun,日榜,day,hotlist,,2026-09-26 06:21:06
31,拼凑的断音,动作有做方向上的一些改动等<br/>歌曲：拼凑的断音-（舞蹈：あおい aoi とみたけ tomitake）,1126,https://www.acfun.cn/v/ac48871758,https://tx-free-imgs.acfun.cn/newUpload/12229455_ccda2f5ac69244d1aa813dc04c9a63d5.jpeg?imageslim,AcFun,日榜,day,hotlist,,2026-09-26 06:21:06
32,"宙斯神王也会是这战绩？快速看完一局韩服王者斗殴局#837 Zeus, Racoon, Clozer,","宙斯神王也会是这战绩？快速看完一局韩服王者斗殴局#837 Zeus, Racoon, Clozer, Wenbo, Canyon, 叶秋枫 <br/>BGM:https://music.163.com/playlist?id=650818240&userid=30476594",1187,https://www.acfun.cn/v/ac48865858,https://tx-free-imgs.acfun.cn/newUpload/1378726_0477a53ac6df4eb3b611b241b6a08941.jpeg?imageslim,AcFun,日榜,day,hotlist,,2026-09-26 06:21:06
33,石头剪刀布卖个萌,难得假期来凡人线下嘉年华cos了一下银月，玩得很开心，不知道有没有碰到我的道友～,1091,https://www.acfun.cn/v/ac48873212,https://tx-free-imgs.acfun.cn/newUpload/12229455_c6e4220d0d7c41e2b5d489a9386cbe72.png?imageslim,AcFun,日榜,day,hotlist,,2026-09-26 06:21:06
34,Acfun评论才是本体啊2026年8月和九月,香蕉点赞来一点哦，,965,https://www.acfun.cn/v/ac48872845,https://tx-free-imgs.acfun.cn/newUpload/36839617_4ce9b7b878c344edbc971706d81900cc.jpeg?imageslim,AcFun,日榜,day,hotlist,,2026-09-26 06:21:06
35,「Super8」《如烟》大家中秋快乐鸭～,原唱：五月天<br/>翻唱：把超人<br/>混音：废废哟<br/>视频：星马豪<br/>录了有一段时间的歌咧，五月天的歌里算很喜欢的一首，词非常喜欢，祝大家中秋快乐哟～,987,https://www.acfun.cn/v/ac48872351,https://tx-free-imgs.acfun.cn/newUpload/301519_95463a4627374a178e3b102bc74e8bcf.jpeg?imageslim,AcFun,日榜,day,hotlist,,2026-09-26 06:21:06
36,恶魔想成为你的家人！请交出性命！阴间电视台！越南模拟恐怖APTV EP6,喜欢记得关注五蕉~谢谢支持~！,986,https://www.acfun.cn/v/ac48871608,https://tx-free-imgs.acfun.cn/newUpload/26364938_c8b3f3a89c5d45989f596c7abadfe5de.jpeg?imageslim,AcFun,日榜,day,hotlist,,2026-09-26 06:21:06
37,【猪肝来也】one love,,1070,https://www.acfun.cn/v/ac48873230,https://tx-free-imgs.acfun.cn/newUpload/4599324_253057be5bbe40d1b82d24222d803ec4.jpg?imageslim,AcFun,日榜,day,hotlist,,2026-09-26 06:21:06
38,这身衣服跳什么都好帅啊！哈哈哈,,1091,https://www.acfun.cn/v/ac48872819,https://tx-free-imgs.acfun.cn/newUpload/16380981_3be481ccc3bd44c3a12928fa1f84b25e.png?imageslim,AcFun,日榜,day,hotlist,,2026-09-26 06:21:06
39,告女子书！,,1053,https://www.acfun.cn/v/ac48872722,https://tx-free-imgs.acfun.cn/newUpload/16380981_45b2d4d6fdb34b34876bc5e8fcdaca47.png?imageslim,AcFun,日榜,day,hotlist,,2026-09-26 06:21:06
40,【绝望女神/翻唱】【火影忍者 ED1 Wind】,想听啥继续评论回复~,937,https://www.acfun.cn/v/ac48873021,https://tx-free-imgs.acfun.cn/newUpload/20705199_4163259e9c314ff193a9aac80be14188.jpeg?imageslim,AcFun,日榜,day,hotlist,,2026-09-26 06:21:06
41,十几万买台“莲花”，行吗？,,1100,https://www.acfun.cn/v/ac48872934,https://tx-free-imgs.acfun.cn/newUpload/14288157_b6f51fa0cabc4a0fa6b69c8bffff34ea.jpeg?imageslim,AcFun,日榜,day,hotlist,,2026-09-26 06:21:06
42,明月几时有？我想有时就有～,,1024,https://www.acfun.cn/v/ac48872948,https://tx-free-imgs.acfun.cn/newUpload/31922015_3de6c615f9d24a4ab766c9c22f19d8ed.jpg?imageslim,AcFun,日榜,day,hotlist,,2026-09-26 06:21:06
43,沙特反水，退出中国主导数字货币桥项目,,1030,https://www.acfun.cn/v/ac48873521,https://tx-free-imgs.acfun.cn/newUpload/43608832_667ff672cc3548f3bae31d62bb9e3f0e.jpeg?imageslim,AcFun,日榜,day,hotlist,,2026-09-26 06:21:06
44,十月新番最爽厕纸！男主化身黄毛！转生夺走原主的女友们！？,十月新番最爽厕纸！男主化身黄毛！转生夺走原主的女友们！？,1126,https://www.acfun.cn/v/ac48873035,https://tx-free-imgs.acfun.cn/newUpload/13467496_1abceb83c1454743bcb9d4abcf823669.jpeg?imageslim,AcFun,日榜,day,hotlist,,2026-09-26 06:21:06
45,open the door,,1204,https://www.acfun.cn/v/ac48873110,https://tx-free-imgs.acfun.cn/newUpload/79951_cacbb88182cb435a99a97d446363fa53.jpg?imageslim,AcFun,日榜,day,hotlist,,2026-09-26 06:21:06
46,又何尝不是一种很新的花灯...,胶佬过中秋有自己的灯笼！其实是万代的MEGX独角兽换了灯组嘻嘻～双节快乐！,1047,https://www.acfun.cn/v/ac48873084,https://tx-free-imgs.acfun.cn/newUpload/13449743_b5143a98667f48bdb3f046459ee13864.jpeg?imageslim,AcFun,日榜,day,hotlist,,2026-09-26 06:21:06
47,【cheerup+快乐指南+nobody】跑调的人去KTV就蹦哒呗～,,762,https://www.acfun.cn/v/ac48872721,https://tx-free-imgs.acfun.cn/newUpload/31922015_51babcf260aa4990ade2ad884f023973.jpg?imageslim,AcFun,日榜,day,hotlist,,2026-09-26 06:21:06
48,白井黑子·佐天泪子 中秋月色双人手势舞【AI动画/超清】,本人本地部署的AI生成图片视频模型制作，硬件英伟达显卡RTX5070TI 16G+96G DDR5 6000内存，花费2小时合成.<br/>这次引入新的二次元动漫人物模型，二次元脸部质量效果会更好些，同时步数可以适当降低，降本增效。引入后期处理工具修复强化背景<br/><br/>人物：佐天泪子 白井黑子<br/>舞蹈技术与BGM：网红手势舞<br/>场景：中秋月色,1160,https://www.acfun.cn/v/ac48871101,https://tx-free-imgs.acfun.cn/newUpload/46764084_397c08849b344139b09a46fb71f814b3.png?imageslim,AcFun,日榜,day,hotlist,,2026-09-26 06:21:06
49,嘀，纣王体验卡,,1125,https://www.acfun.cn/v/ac48872737,https://tx-free-imgs.acfun.cn/newUpload/77181154_7c7593de7b584caebd43b4bb4e8dc517.png?imageslim,AcFun,日榜,day,hotlist,,2026-09-26 06:21:06
50,【甲鱼的旅法十年】迷你专辑《心之所往的创作背景,,705,https://www.acfun.cn/v/ac48872771,https://tx-free-imgs.acfun.cn/newUpload/44128996_e3793329f00e48dc80645b417f8ea4d9.png?imageslim,AcFun,日榜,day,hotlist,,2026-09-26 06:21:06
1,是谁点的小恶魔，蕉出来～,,6259,https://www.acfun.cn/v/ac48867778,https://tx-free-imgs.acfun.cn/newUpload/17062172_6098fee67d1748e0ab5dab3b5665736c.jpg?imageslim,AcFun,三日榜,three-days,hotlist,,2026-09-26 06:21:06
2,娃：真遗憾，本来打算亲自告诉你们的,嘿嘿希望大家都万事顺意～心想事成,4482,https://www.acfun.cn/v/ac48871740,https://tx-free-imgs.acfun.cn/newUpload/17062172_d1a93166ed084e3aadac2fea4bba0707.jpg?imageslim,AcFun,三日榜,three-days,hotlist,,2026-09-26 06:21:06
3,《野生动物迷惑行为》,喜欢请投蕉啊   谢谢啦！,2894,https://www.acfun.cn/v/ac48868360,https://tx-free-imgs.acfun.cn/newUpload/1342385_3fab348c538e4c0fa001871a708fe302.jpeg?imageslim,AcFun,三日榜,three-days,hotlist,,2026-09-26 06:21:06
4,裸足圆脸仙女下凡～跳一曲千里邀月【可心喵】,,2193,https://www.acfun.cn/v/ac48872448,https://tx-free-imgs.acfun.cn/newUpload/12892608_6691690fd8e944278bda5d5390e1e5a9.jpg?imageslim,AcFun,三日榜,three-days,hotlist,,2026-09-26 06:21:06
5,漫威金刚狼深陷争议！SweetBaby又毁一款？【绅批】,这算是DEI的历史遗留问题了，所有现在已经从sweetbaby离职的人，只要参与过游戏制作也会被署名（比如桥本和真）,2933,https://www.acfun.cn/v/ac48868810,https://tx-free-imgs.acfun.cn/newUpload/526850_ca1da1572b1d494a93e2f6bab46cf76b.jpeg?imageslim,AcFun,三日榜,three-days,hotlist,,2026-09-26 06:21:06
6,因为害怕被讨厌 所以把自己藏起来了,,3193,https://www.acfun.cn/v/ac48871331,https://tx-free-imgs.acfun.cn/newUpload/11361784_3d4bd69b46f541e184c2922c24f09276.jpg?imageslim,AcFun,三日榜,three-days,hotlist,,2026-09-26 06:21:06
7,我真的是来吃饭的！★手机竖屏2013★,审核大大辛苦了！<br/>谢谢每一个投蕉的帅哥美女！香蕉没有来个赞也好啊！<br/>视频来自快手等平台，侵权联系删除！,3892,https://www.acfun.cn/v/ac48869145,https://tx-free-imgs.acfun.cn/newUpload/2176158_eb4b69370b8f435aa2b171e72403d356.gif?imageslim,AcFun,三日榜,three-days,hotlist,,2026-09-26 06:21:06
8,mr chu!!好怀念这首歌,,2127,https://www.acfun.cn/v/ac48869375,https://tx-free-imgs.acfun.cn/newUpload/16380981_19592eb83a88429695ee1a0508fc3df0.png?imageslim,AcFun,三日榜,three-days,hotlist,,2026-09-26 06:21:06
9,拳击好啊，拳击得学！欢乐八点档-1781,审核大大辛苦了！<br/>免费的香蕉投一下吧，没有那就点个赞吧，这对我来说很重要，谢谢！！！<br/>谢谢每一个投蕉的帅哥美女！你们是我坚持更新的动力！<br/>视频来自快手等平台，侵权联系删除！,4160,https://www.acfun.cn/v/ac48868336,https://tx-free-imgs.acfun.cn/newUpload/2176158_3f6c601293a54468bae97f781440217b.gif?imageslim,AcFun,三日榜,three-days,hotlist,,2026-09-26 06:21:06
10,这样的学姐喜欢吗？欢乐八点档-1782,审核大大辛苦了！<br/>免费的香蕉投一下吧，没有那就点个赞吧，这对我来说很重要，谢谢！！！<br/>谢谢每一个投蕉的帅哥美女！你们是我坚持更新的动力！<br/>视频来自快手等平台，侵权联系删除！,3819,https://www.acfun.cn/v/ac48870057,https://tx-free-imgs.acfun.cn/newUpload/2176158_4c1f3b60f73e451abc443941d47305d8.gif?imageslim,AcFun,三日榜,three-days,hotlist,,2026-09-26 06:21:06
11,网络上常见的热门短视频集锦   第三千四百四十五期,审核大大辛苦了！<br/>谢谢每一个投蕉的帅哥美女！香蕉没有来个赞也好啊！<br/>视频来自快手等平台，侵权联系删除！,3957,https://www.acfun.cn/v/ac48866824,https://tx-free-imgs.acfun.cn/newUpload/2176158_dba921eb42f14c7ba31a1af83bfe71ce.gif?imageslim,AcFun,三日榜,three-days,hotlist,,2026-09-26 06:21:06
12,拜托了，夫人！★手机竖屏2014★,审核大大辛苦了！<br/>谢谢每一个投蕉的帅哥美女！香蕉没有来个赞也好啊！<br/>视频来自快手等平台，侵权联系删除！,3228,https://www.acfun.cn/v/ac48871493,https://tx-free-imgs.acfun.cn/newUpload/2176158_afaf0913878443b1bc00d636136ffce3.gif?imageslim,AcFun,三日榜,three-days,hotlist,,2026-09-26 06:21:06
13,空中瑜伽！！！★手机竖屏2012★,审核大大辛苦了！<br/>谢谢每一个投蕉的帅哥美女！香蕉没有来个赞也好啊！<br/>视频来自快手等平台，侵权联系删除！,4471,https://www.acfun.cn/v/ac48866821,https://tx-free-imgs.acfun.cn/newUpload/2176158_610807af48f5463a891fc9f341c9b16f.gif?imageslim,AcFun,三日榜,three-days,hotlist,,2026-09-26 06:21:06
14,厨师长教你：“鱼香肉丝”的家常做法，酸甜微辣，口感丰富,,2055,https://www.acfun.cn/v/ac48867741,https://tx-free-imgs.acfun.cn/newUpload/13274260_93e68d1098d04ffca2683655a6a404c2.jpeg?imageslim,AcFun,三日榜,three-days,hotlist,,2026-09-26 06:21:06
15,女妖邪神凶宅索命，最惨主角逆天求生！克系神游《魔女屋中之梦》像素恐怖游戏详细讲述【深夜档】,如何在60天内，让洛夫克拉夫特小说中惨死的倒霉主角逆天改命？这位芬兰作者打造了一部又硬核又忠实的优秀克苏鲁游戏！入住阿卡姆百年凶宅的凡人主角沃尔特·吉尔曼，接连遭到人脸妖鼠，恐怖女巫，不可名状外神的侵袭。白天钻研神秘学知识，梦中游历邪恶异星。他将与密斯卡托尼克大学最强战神亨利·阿米蒂奇教授联手对抗邪神降世！这是一部真正将洛氏“宇宙恐怖”带入到日常，并忠实于原著的游戏，自由度超高且信息量惊人！我将细致地带各位体验这跌宕起伏的60天，看弱小的主角如何起死回生并拯救世界！,1342,https://www.acfun.cn/v/ac48872418,https://tx-free-imgs.acfun.cn/newUpload/817797_2631b7cf26c14c2fbbfb062962a775be.jpeg?imageslim,AcFun,三日榜,three-days,hotlist,,2026-09-26 06:21:06
16,嘴角压不住了【今天有什么好笑的 #2515】,：），谢谢大家的投蕉和点赞，祝你开心愉快~<br/>wallpaper壁纸：Genshin 神里绫华<br/>BGM：Wake me up when september ends,2432,https://www.acfun.cn/v/ac48868130,https://tx-free-imgs.acfun.cn/newUpload/383079_ef65121591434d2b86d53db1622776cd.gif?imageslim,AcFun,三日榜,three-days,hotlist,,2026-09-26 06:21:06
17,【锅锅x怀瑜x阔落】千里邀月——共饮此杯赏此月，夜好眠,中秋到了，和姐妹们合唱了千里邀月~~<br/>乐：可乐祝大家身体健康，永不加班，月圆人团圆<br/>鱼：怀瑜愿诸位财源广进，常能摸鱼，花好月更圆<br/>锅：锅锅祝大家桂香满锅，早归赏月，饼甜心更甜<br/>祝大家中秋快乐~,1777,https://www.acfun.cn/v/ac48871580,https://tx-free-imgs.acfun.cn/newUpload/67206930_e47be8dbac2546e1b5a4a831e71dabe4.jpeg?imageslim,AcFun,三日榜,three-days,hotlist,,2026-09-26 06:21:06
18,和我一起健身吧！！！欢乐八点档-1783,审核大大辛苦了！<br/>免费的香蕉投一下吧，没有那就点个赞吧，这对我来说很重要，谢谢！！！<br/>谢谢每一个投蕉的帅哥美女！你们是我坚持更新的动力！<br/>视频来自快手等平台，侵权联系删除！,2148,https://www.acfun.cn/v/ac48872699,https://tx-free-imgs.acfun.cn/newUpload/2176158_e379c7202d2e43029e07ad17f40cab19.gif?imageslim,AcFun,三日榜,three-days,hotlist,,2026-09-26 06:21:06
19,现在电脑不好卖了，以后我们出租AI机器人吧,,2282,https://www.acfun.cn/v/ac48867767,https://tx-free-imgs.acfun.cn/newUpload/17928_c684f06231604145b533a0f00627c624.png?imageslim,AcFun,三日榜,three-days,hotlist,,2026-09-26 06:21:06
20,姛姛？！蝴蝶耳机Manget中文翻唱【箐羽Hane】x【缇若柯Teivoc】,“是否你确实表里如一淡然，还是说你——并不似我贪婪？”<br/>《Manget》磁石 / 蝴蝶耳机 - 中文翻唱<br/>原作作曲 / 流星P<br/>曲绘&翻唱 / 箐羽hane & 缇若柯Teivoc<br/>中文填词 / 果汁凉菜<br/>混音 / 风尘<br/>和笋笋一起唱了我们二次元姛神曲！曲绘也是我和笋笋每个人负责了自己的部分最后再拼到一起的！真好！( *^ ^)o(^ ^* )希望大家也能喜欢！,1623,https://www.acfun.cn/v/ac48869340,https://tx-free-imgs.acfun.cn/newUpload/67511609_d868cdbd6b1849e8958696cdc9db1493.jpeg?imageslim,AcFun,三日榜,three-days,hotlist,,2026-09-26 06:21:06
21,我要冲会员【今天有什么好笑的 #2516】,：），谢谢大家的投蕉和点赞，祝你开心愉快~<br/>wallpaper壁纸：Reze | Chainsaw Man<br/>BGM：Nicoleta Matei - Love mail<br/>,2490,https://www.acfun.cn/v/ac48870763,https://tx-free-imgs.acfun.cn/newUpload/383079_47b0fc3f458042f5bd3717967e55c598.gif?imageslim,AcFun,三日榜,three-days,hotlist,,2026-09-26 06:21:06
22,网络上常见的热门短视频集锦   第三千四百四十六期,审核大大辛苦了！<br/>谢谢每一个投蕉的帅哥美女！香蕉没有来个赞也好啊！<br/>视频来自快手等平台，侵权联系删除！,3689,https://www.acfun.cn/v/ac48867732,https://tx-free-imgs.acfun.cn/newUpload/2176158_2ec1d99da19a48e0a8e4ff2a2447e612.gif?imageslim,AcFun,三日榜,three-days,hotlist,,2026-09-26 06:21:06
23,网络上常见的热门短视频集锦   第三千四百四十八期,审核大大辛苦了！<br/>谢谢每一个投蕉的帅哥美女！香蕉没有来个赞也好啊！<br/>视频来自快手等平台，侵权联系删除！,3536,https://www.acfun.cn/v/ac48870020,https://tx-free-imgs.acfun.cn/newUpload/2176158_d65e54f4e9ee489b86b6fc28c31c84ee.gif?imageslim,AcFun,三日榜,three-days,hotlist,,2026-09-26 06:21:06
24,沦陷️,歌曲舞蹈：沦陷dj版-星奇摇   动作有改编,1744,https://www.acfun.cn/v/ac48869381,https://tx-free-imgs.acfun.cn/newUpload/12229455_aacf9da97a0940ad8e5f0b509d9cc159.jpeg?imageslim,AcFun,三日榜,three-days,hotlist,,2026-09-26 06:21:06
25,网络上常见的热门短视频集锦   第三千四百四十九期,审核大大辛苦了！<br/>谢谢每一个投蕉的帅哥美女！香蕉没有来个赞也好啊！<br/>视频来自快手等平台，侵权联系删除！,2572,https://www.acfun.cn/v/ac48871496,https://tx-free-imgs.acfun.cn/newUpload/2176158_cf20f7722011491da25ce2efbc799dba.gif?imageslim,AcFun,三日榜,three-days,hotlist,,2026-09-26 06:21:06
26,交通事故20260923：交通车祸实例，提高安全驾驶意识,,1447,https://www.acfun.cn/v/ac48868861,https://tx-free-imgs.acfun.cn/newUpload/76871961_edea5de6659a4cd2b733a74989043440.jpg?imageslim,AcFun,三日榜,three-days,hotlist,,2026-09-26 06:21:06
27,【4K超高清】「JOJO的奇妙冒险 飙马野郎」第2话,,4611,https://www.acfun.cn/v/ac48872740,https://tx-free-imgs.acfun.cn/newUpload/72840608_a526e08904d049d2b38ce5f38bd71e63.jpeg?imageslim,AcFun,三日榜,three-days,hotlist,,2026-09-26 06:21:06
28,网络上常见的热门短视频集锦   第三千四百四十七期,审核大大辛苦了！<br/>谢谢每一个投蕉的帅哥美女！香蕉没有来个赞也好啊！<br/>视频来自快手等平台，侵权联系删除！,3254,https://www.acfun.cn/v/ac48869149,https://tx-free-imgs.acfun.cn/newUpload/2176158_fdf9afe2e00a4a1aa62415c846776eaf.gif?imageslim,AcFun,三日榜,three-days,hotlist,,2026-09-26 06:21:06
29,老板直聘（89）,,1651,https://www.acfun.cn/v/ac48868552,https://tx-free-imgs.acfun.cn/newUpload/74706824_db2c7ba15c5d4aa18872db6b0763b7ca.jpeg?imageslim,AcFun,三日榜,three-days,hotlist,,2026-09-26 06:21:06
30,换你穿越三国乱世，你是起兵还是种田？,有没有宝贝和我一样，看三国的时候总在想，如果换我身在那个乱世，我会怎么样？是起兵争霸，还是归隐山林？ 或是是咱们可以选三国里有名的角色或者可以架空历史从素人做起，一统三国，那会怎么样?我最近就玩了这么一款游戏，一玩就是五个小时，根本停不下来，那今天来聊聊这款开放世界slg游戏《英雄立志传：三国志》~<br/>,1940,https://www.acfun.cn/v/ac48869043,https://tx-free-imgs.acfun.cn/newUpload/61352468_39715609bed041b98b21f3dbb482ad70.jpeg?imageslim,AcFun,三日榜,three-days,hotlist,,2026-09-26 06:21:06
31,今夜的风悄悄月悄悄~,,1358,https://www.acfun.cn/v/ac48873434,https://tx-free-imgs.acfun.cn/newUpload/23512715_0f364b6606dd467ab9975ffef5af1b29.jpg?imageslim,AcFun,三日榜,three-days,hotlist,,2026-09-26 06:21:06
32,人鱼的眼泪,歌曲舞蹈：爱乐之城-人鱼的眼泪,1563,https://www.acfun.cn/v/ac48867050,https://tx-free-imgs.acfun.cn/newUpload/12229455_130b1f041e6741dab4f6295ee27d927e.jpeg?imageslim,AcFun,三日榜,three-days,hotlist,,2026-09-26 06:21:06
33,常州新开巴西烤肉自助，100块钱值得吗？,这是我目前为止，去过的第二家巴西烤肉自助，团购优惠的情况下，花了94元。正常价格在95~110不等<br/><br/>简单带大家看下菜品，除了取餐台这么些，各种牛肉制品、大串烧烤都是循环上桌，大家觉得这么些菜式花样，100块钱左右你们觉得贵还是便宜啊，觉得贵的扣1，觉得便宜的扣2,1882,https://www.acfun.cn/v/ac48868891,https://tx-free-imgs.acfun.cn/newUpload/2046675_bf3a59ddff624646850829452262094e.jpeg?imageslim,AcFun,三日榜,three-days,hotlist,,2026-09-26 06:21:06
34,在英国差点被上门诈骗,可能看到我一人在家，就大胆敲门了，还好平常也会注意周边邻居，没发生什么事儿，这个金额就算被骗也不会报警，以后还是要小心一些了。#英国日常#vlog,1668,https://www.acfun.cn/v/ac48869505,https://tx-free-imgs.acfun.cn/newUpload/43181603_1c8c6c487a864d098b5e7e7bf2a12c6a.jpg?imageslim,AcFun,三日榜,three-days,hotlist,,2026-09-26 06:21:06
35,短裙挑战！超长翻跳一次看个够~【生日作】,,1382,https://www.acfun.cn/v/ac48872675,https://tx-free-imgs.acfun.cn/newUpload/32485245_415db634556140d1841e2ebb4c0d9371.jpeg?imageslim,AcFun,三日榜,three-days,hotlist,,2026-09-26 06:21:06
36,【颜音】中秋歌回~祝大家节日快乐,皓月凌空，桂香满庭。<br/>愿今夜歌声暖心，祝各位中秋快乐，阖家美满！,1449,https://www.acfun.cn/v/ac48872065,https://tx-free-imgs.acfun.cn/newUpload/4425861_3dab8cdf19a74bf6accbdcd688cd9b6a.jpeg?imageslim,AcFun,三日榜,three-days,hotlist,,2026-09-26 06:21:06
37,原创编舞《千层套路》的定机位竖屏来啦！,,1640,https://www.acfun.cn/v/ac48869245,https://tx-free-imgs.acfun.cn/newUpload/16380981_24bafd11c027499d9fe6820162faa782.png?imageslim,AcFun,三日榜,three-days,hotlist,,2026-09-26 06:21:06
38,北京的最北端在黑龙江？？？国内飞地是怎么形成的？,这份中国地图，是你从未看过的船新版本，放大几倍就会发现，在大家熟悉的各个省份中，还藏着一堆 “你中有我、我中有你” 的飞地。,1819,https://www.acfun.cn/v/ac48867896,https://tx-free-imgs.acfun.cn/newUpload/13630266_cc2428a99a42453f99c9e1306e7a43bb.jpeg?imageslim,AcFun,三日榜,three-days,hotlist,,2026-09-26 06:21:06
39,我要辞职了！,,1699,https://www.acfun.cn/v/ac48863957,https://tx-free-imgs.acfun.cn/newUpload/12439728_7c57a0735675474590bf7b25e1a34527.png?imageslim,AcFun,三日榜,three-days,hotlist,,2026-09-26 06:21:06
40,网络上常见的热门短视频集锦   第三千四百五十期,审核大大辛苦了！<br/>谢谢每一个投蕉的帅哥美女！香蕉没有来个赞也好啊！<br/>视频来自快手等平台，侵权联系删除！,2479,https://www.acfun.cn/v/ac48872279,https://tx-free-imgs.acfun.cn/newUpload/2176158_a96ecd95394b4517928ac111407f75b1.gif?imageslim,AcFun,三日榜,three-days,hotlist,,2026-09-26 06:21:06
41,发个friend圈,,1540,https://www.acfun.cn/v/ac48863958,https://tx-free-imgs.acfun.cn/newUpload/12439728_b44cb67ae45a4c179b08227368f4159c.png?imageslim,AcFun,三日榜,three-days,hotlist,,2026-09-26 06:21:06
42,奥迪“宫斗”十年大结局？一汽拿四环，上汽拿AUDI,一汽奥迪和上汽奥迪“宫斗”了十年，终于要划下句号了？,1724,https://www.acfun.cn/v/ac48870981,https://tx-free-imgs.acfun.cn/newUpload/13630266_3fde785be5a2411495618f67d01ab66a.jpeg?imageslim,AcFun,三日榜,three-days,hotlist,,2026-09-26 06:21:06
43,【东方/汉化】咲夜带你了解汉字【MMD搞笑小剧场】,作者：クローバー,1179,https://www.acfun.cn/v/ac48872652,https://tx-free-imgs.acfun.cn/newUpload/6102_8b2072189ecb4044a7de95bb450d02ed.jpeg?imageslim,AcFun,三日榜,three-days,hotlist,,2026-09-26 06:21:06
44,捏捏已经已进化到可以吃的地步啦？,,1630,https://www.acfun.cn/v/ac48868638,https://tx-free-imgs.acfun.cn/newUpload/6177430_486c910212d548c991eeb140f146a6ed.jpeg?imageslim,AcFun,三日榜,three-days,hotlist,,2026-09-26 06:21:06
45,【东方】QUEEN【蕾米莉亚 Miy Ver. MMD】,作者：やくも<br/><br/>楽曲:Kanaria 様→https://www.nicovideo.jp/watch/sm4088...<br/>振付:AKIRA様<br/>モーション:P-nez 様→https://www.nicovideo.jp/watch/sm4350...<br/>カメラ:Mizuha様→https://www.nicovideo.jp/watch/sm4353...<br/>モデル:MIy様<br/>ステージ:栗ごはん様<br/>アクセサリ:アスカ様,1257,https://www.acfun.cn/v/ac48870080,https://tx-free-imgs.acfun.cn/newUpload/6102_6a4dce20c9b74fa0bbdff3ccc0a73c5d.png?imageslim,AcFun,三日榜,three-days,hotlist,,2026-09-26 06:21:06
46,望眼欲穿【今天有什么好笑的 #2517】,：），谢谢大家的投蕉和点赞，祝你开心愉快~<br/>Wallpaper壁纸：雪山与女孩<br/>Bgm：あのね。,1784,https://www.acfun.cn/v/ac48872647,https://tx-free-imgs.acfun.cn/newUpload/383079_40beb913fd1a44d3afa053553d53b466.gif?imageslim,AcFun,三日榜,three-days,hotlist,,2026-09-26 06:21:06
47,这套皮肤真的很喜欢,,1473,https://www.acfun.cn/v/ac48871657,https://tx-free-imgs.acfun.cn/newUpload/16380981_ac9640e59a3a42e093fcee0a0b81d474.jpg?imageslim,AcFun,三日榜,three-days,hotlist,,2026-09-26 06:21:06
48,你吃月饼了吗？,,1441,https://www.acfun.cn/v/ac48869054,https://tx-free-imgs.acfun.cn/newUpload/1167675_8f48723afb0e41ecbe772249b3f4df1a.jpg?imageslim,AcFun,三日榜,three-days,hotlist,,2026-09-26 06:21:06
49,抱紧原生家庭（90）,,1411,https://www.acfun.cn/v/ac48867786,https://tx-free-imgs.acfun.cn/newUpload/74706824_fcc9a2386aff4fb0b3ecd158e3c6b97f.png?imageslim,AcFun,三日榜,three-days,hotlist,,2026-09-26 06:21:06
50,只有刀鸣最小丑？各大游戏千年血战联动盘点！,300英雄的含金量还在上升,1969,https://www.acfun.cn/v/ac48869154,https://tx-free-imgs.acfun.cn/newUpload/247671_7d920e56c00e4af39fed560bf094f965.jpeg?imageslim,AcFun,三日榜,three-days,hotlist,,2026-09-26 06:21:06
1,剑戟战斗的巅峰 关卡内容的洼地 偏科严重的《鬼武者：剑之道》,它给人爽的部分是真的爽，但是在每次爽之前，你得堵不少马桶，先生。,4502,https://www.acfun.cn/v/ac48859506,https://tx-free-imgs.acfun.cn/newUpload/934542_5d98ad80ca9c4307b5cdc2051c11cb50.jpeg?imageslim,AcFun,周榜,week,hotlist,,2026-09-26 06:21:06
2,是谁点的小恶魔，蕉出来～,,6259,https://www.acfun.cn/v/ac48867778,https://tx-free-imgs.acfun.cn/newUpload/17062172_6098fee67d1748e0ab5dab3b5665736c.jpg?imageslim,AcFun,周榜,week,hotlist,,2026-09-26 06:21:06
3,跳最开心的一集,,3980,https://www.acfun.cn/v/ac48860571,https://tx-free-imgs.acfun.cn/newUpload/50330447_79a3f269514140c29e7a85fb7c9dc94c.jpg?imageslim,AcFun,周榜,week,hotlist,,2026-09-26 06:21:06
4,喜欢哪套？,,6897,https://www.acfun.cn/v/ac48861422,https://tx-free-imgs.acfun.cn/newUpload/3540234_729e0d22251f439da3735f26e58d174f.jpg?imageslim,AcFun,周榜,week,hotlist,,2026-09-26 06:21:06
5,过期JK碎碎念！,家人们记得蕉一蕉捏 啾咪,5918,https://www.acfun.cn/v/ac48859219,https://tx-free-imgs.acfun.cn/newUpload/17062172_5dd6ea8b5f2741ff87f0911db6dfb909.jpg?imageslim,AcFun,周榜,week,hotlist,,2026-09-26 06:21:06
6,娃：真遗憾，本来打算亲自告诉你们的,嘿嘿希望大家都万事顺意～心想事成,4482,https://www.acfun.cn/v/ac48871740,https://tx-free-imgs.acfun.cn/newUpload/17062172_d1a93166ed084e3aadac2fea4bba0707.jpg?imageslim,AcFun,周榜,week,hotlist,,2026-09-26 06:21:06
7,人间琴悠扬，姑娘把谁记心上～,,2730,https://www.acfun.cn/v/ac48863143,https://tx-free-imgs.acfun.cn/newUpload/50330447_938d77716a11477e843914663278ff07.jpg?imageslim,AcFun,周榜,week,hotlist,,2026-09-26 06:21:06
8,《野生动物迷惑行为》,喜欢请投蕉啊   谢谢啦！,2894,https://www.acfun.cn/v/ac48868360,https://tx-free-imgs.acfun.cn/newUpload/1342385_3fab348c538e4c0fa001871a708fe302.jpeg?imageslim,AcFun,周榜,week,hotlist,,2026-09-26 06:21:06
9,《动物游戏行为图鉴》,喜欢请投蕉啊 谢谢啦！,2882,https://www.acfun.cn/v/ac48857450,https://tx-free-imgs.acfun.cn/newUpload/1342385_485bc20a4c164df2928409b209fa9afc.jpeg?imageslim,AcFun,周榜,week,hotlist,,2026-09-26 06:21:06
10,《动物迷惑行为大赏325》,喜欢请投蕉啊 谢谢啦！,2658,https://www.acfun.cn/v/ac48861293,https://tx-free-imgs.acfun.cn/newUpload/1342385_03080470038d444a95ce01ff6a6aeb9f.jpeg?imageslim,AcFun,周榜,week,hotlist,,2026-09-26 06:21:06
11,双马尾小女仆带来的情绪摇～,,4011,https://www.acfun.cn/v/ac48861966,https://tx-free-imgs.acfun.cn/newUpload/11361784_8cee0402b4754b1e82f85b7099791793.jpg?imageslim,AcFun,周榜,week,hotlist,,2026-09-26 06:21:06
12,帮Acer问一下，地址在哪里？欢乐八点档-1779,审核大大辛苦了！<br/>免费的香蕉投一下吧，没有那就点个赞吧，这对我来说很重要，谢谢！！！<br/>谢谢每一个投蕉的帅哥美女！你们是我坚持更新的动力！<br/>视频来自快手等平台，侵权联系删除！,4514,https://www.acfun.cn/v/ac48863633,https://tx-free-imgs.acfun.cn/newUpload/2176158_ff69c3c797d5414e8056b329918cc5b6.gif?imageslim,AcFun,周榜,week,hotlist,,2026-09-26 06:21:06
13,【绘图过程】《海边》6周年纪念插图过程,6周年纪念插图挂画（预售）、沙滩巾（预售），阿宝已上架,3374,https://www.acfun.cn/v/ac48836990,https://tx-free-imgs.acfun.cn/newUpload/179922_9f95aba039e84f3594c3947b3c8fdd58.jpeg?imageslim,AcFun,周榜,week,hotlist,,2026-09-26 06:21:06
14,还是少妇会的多啊！★手机竖屏2011★,审核大大辛苦了！<br/>谢谢每一个投蕉的帅哥美女！香蕉没有来个赞也好啊！<br/>视频来自快手等平台，侵权联系删除！,5240,https://www.acfun.cn/v/ac48864360,https://tx-free-imgs.acfun.cn/newUpload/2176158_3d4f199fd93640468e543b9ee25ac4c0.gif?imageslim,AcFun,周榜,week,hotlist,,2026-09-26 06:21:06
15,漫威金刚狼深陷争议！SweetBaby又毁一款？【绅批】,这算是DEI的历史遗留问题了，所有现在已经从sweetbaby离职的人，只要参与过游戏制作也会被署名（比如桥本和真）,2933,https://www.acfun.cn/v/ac48868810,https://tx-free-imgs.acfun.cn/newUpload/526850_ca1da1572b1d494a93e2f6bab46cf76b.jpeg?imageslim,AcFun,周榜,week,hotlist,,2026-09-26 06:21:06
16,裸足圆脸仙女下凡～跳一曲千里邀月【可心喵】,,2193,https://www.acfun.cn/v/ac48872448,https://tx-free-imgs.acfun.cn/newUpload/12892608_6691690fd8e944278bda5d5390e1e5a9.jpg?imageslim,AcFun,周榜,week,hotlist,,2026-09-26 06:21:06
17,因为害怕被讨厌 所以把自己藏起来了,,3193,https://www.acfun.cn/v/ac48871331,https://tx-free-imgs.acfun.cn/newUpload/11361784_3d4bd69b46f541e184c2922c24f09276.jpg?imageslim,AcFun,周榜,week,hotlist,,2026-09-26 06:21:06
18,我真的是来吃饭的！★手机竖屏2013★,审核大大辛苦了！<br/>谢谢每一个投蕉的帅哥美女！香蕉没有来个赞也好啊！<br/>视频来自快手等平台，侵权联系删除！,3892,https://www.acfun.cn/v/ac48869145,https://tx-free-imgs.acfun.cn/newUpload/2176158_eb4b69370b8f435aa2b171e72403d356.gif?imageslim,AcFun,周榜,week,hotlist,,2026-09-26 06:21:06
19,mr chu!!好怀念这首歌,,2127,https://www.acfun.cn/v/ac48869375,https://tx-free-imgs.acfun.cn/newUpload/16380981_19592eb83a88429695ee1a0508fc3df0.png?imageslim,AcFun,周榜,week,hotlist,,2026-09-26 06:21:06
20,网络上常见的热门短视频集锦   第三千四百三十八期,审核大大辛苦了！<br/>谢谢每一个投蕉的帅哥美女！香蕉没有来个赞也好啊！<br/>视频来自快手等平台，侵权联系删除！,4454,https://www.acfun.cn/v/ac48858394,https://tx-free-imgs.acfun.cn/newUpload/2176158_38174e72af934b9e86687045b01f0dd3.gif?imageslim,AcFun,周榜,week,hotlist,,2026-09-26 06:21:06
21,钓鱼佬是真会享受！欢乐八点档-1777,审核大大辛苦了！<br/>免费的香蕉投一下吧，没有那就点个赞吧，这对我来说很重要，谢谢！！！<br/>谢谢每一个投蕉的帅哥美女！你们是我坚持更新的动力！<br/>视频来自快手等平台，侵权联系删除！,4615,https://www.acfun.cn/v/ac48858969,https://tx-free-imgs.acfun.cn/newUpload/2176158_c9d74d926c4c4d709a4b6b7769dffcca.gif?imageslim,AcFun,周榜,week,hotlist,,2026-09-26 06:21:06
22,一波还未平息一波又来侵袭！★手机竖屏2010★,审核大大辛苦了！<br/>谢谢每一个投蕉的帅哥美女！香蕉没有来个赞也好啊！<br/>视频来自快手等平台，侵权联系删除！,4802,https://www.acfun.cn/v/ac48862013,https://tx-free-imgs.acfun.cn/newUpload/2176158_c4802142afc14d50b2cd775e67890cca.gif?imageslim,AcFun,周榜,week,hotlist,,2026-09-26 06:21:06
23,还是少妇会啊！！！★手机竖屏2009★,审核大大辛苦了！<br/>谢谢每一个投蕉的帅哥美女！香蕉没有来个赞也好啊！<br/>视频来自快手等平台，侵权联系删除！,4906,https://www.acfun.cn/v/ac48859515,https://tx-free-imgs.acfun.cn/newUpload/2176158_d4e9e6e30f4446319f9e720adfe35ef9.gif?imageslim,AcFun,周榜,week,hotlist,,2026-09-26 06:21:06
24,【AC娘】琵琶曲,原作者：Kotte Animation<br/>还有瑕疵，看个乐吧,3176,https://www.acfun.cn/v/ac48864492,https://tx-free-imgs.acfun.cn/newUpload/41729435_02cbd995b6d54f508eb21d3cb8621903.jpeg?imageslim,AcFun,周榜,week,hotlist,,2026-09-26 06:21:06
25,25年了，回坊天花板小酥肉，还是那个味儿,记忆中的味道，回来了，都回来了……<br/>一口椒麻一口鲜，大口吃肉，配上热腾腾的米饭，绝了。<br/>素三鲜也是无敌的存在！,2566,https://www.acfun.cn/v/ac48865538,https://tx-free-imgs.acfun.cn/newUpload/13765438_9bc4a0abf32a4c1aa3e83c844de84649.jpeg?imageslim,AcFun,周榜,week,hotlist,,2026-09-26 06:21:06
26,北京豆汁会惩罚每一个好奇的人！欢乐八点档-1780,审核大大辛苦了！<br/>免费的香蕉投一下吧，没有那就点个赞吧，这对我来说很重要，谢谢！！！<br/>谢谢每一个投蕉的帅哥美女！你们是我坚持更新的动力！<br/>视频来自快手等平台，侵权联系删除！,4490,https://www.acfun.cn/v/ac48865965,https://tx-free-imgs.acfun.cn/newUpload/2176158_ec83e6fb2ffc4005b41881ac13dbaeca.gif?imageslim,AcFun,周榜,week,hotlist,,2026-09-26 06:21:06
27,拳击好啊，拳击得学！欢乐八点档-1781,审核大大辛苦了！<br/>免费的香蕉投一下吧，没有那就点个赞吧，这对我来说很重要，谢谢！！！<br/>谢谢每一个投蕉的帅哥美女！你们是我坚持更新的动力！<br/>视频来自快手等平台，侵权联系删除！,4160,https://www.acfun.cn/v/ac48868336,https://tx-free-imgs.acfun.cn/newUpload/2176158_3f6c601293a54468bae97f781440217b.gif?imageslim,AcFun,周榜,week,hotlist,,2026-09-26 06:21:06
28,这样的学姐喜欢吗？欢乐八点档-1782,审核大大辛苦了！<br/>免费的香蕉投一下吧，没有那就点个赞吧，这对我来说很重要，谢谢！！！<br/>谢谢每一个投蕉的帅哥美女！你们是我坚持更新的动力！<br/>视频来自快手等平台，侵权联系删除！,3819,https://www.acfun.cn/v/ac48870057,https://tx-free-imgs.acfun.cn/newUpload/2176158_4c1f3b60f73e451abc443941d47305d8.gif?imageslim,AcFun,周榜,week,hotlist,,2026-09-26 06:21:06
29,你的拳头真是肥嘟嘟的...,动漫：心灵的声音，作者：赵石【韩国】,2196,https://www.acfun.cn/v/ac48859870,https://tx-free-imgs.acfun.cn/newUpload/509259_2fa91d5206504450be471808d9c93a22.jpeg?imageslim,AcFun,周榜,week,hotlist,,2026-09-26 06:21:06
30,这个一字马技术含量很高啊！欢乐八点档-1778,审核大大辛苦了！<br/>免费的香蕉投一下吧，没有那就点个赞吧，这对我来说很重要，谢谢！！！<br/>谢谢每一个投蕉的帅哥美女！你们是我坚持更新的动力！<br/>视频来自快手等平台，侵权联系删除！,4404,https://www.acfun.cn/v/ac48861225,https://tx-free-imgs.acfun.cn/newUpload/2176158_0824627cb76d40dc99ce9cb12c07e4cc.gif?imageslim,AcFun,周榜,week,hotlist,,2026-09-26 06:21:06
31,网络上常见的热门短视频集锦   第三千四百四十五期,审核大大辛苦了！<br/>谢谢每一个投蕉的帅哥美女！香蕉没有来个赞也好啊！<br/>视频来自快手等平台，侵权联系删除！,3957,https://www.acfun.cn/v/ac48866824,https://tx-free-imgs.acfun.cn/newUpload/2176158_dba921eb42f14c7ba31a1af83bfe71ce.gif?imageslim,AcFun,周榜,week,hotlist,,2026-09-26 06:21:06
32,琵琶曲丨夜神月 VS  L,原曲：琵琶曲,2270,https://www.acfun.cn/v/ac48861693,https://tx-free-imgs.acfun.cn/newUpload/16986934_3bf4dd94910c4845acf851f7f0fdb757.jpeg?imageslim,AcFun,周榜,week,hotlist,,2026-09-26 06:21:06
33,网络上常见的热门短视频集锦   第三千四百四十一期,审核大大辛苦了！<br/>谢谢每一个投蕉的帅哥美女！香蕉没有来个赞也好啊！<br/>视频来自快手等平台，侵权联系删除！,4207,https://www.acfun.cn/v/ac48862019,https://tx-free-imgs.acfun.cn/newUpload/2176158_6e5a88d95f344d92a8d97a57f03ac4b9.gif?imageslim,AcFun,周榜,week,hotlist,,2026-09-26 06:21:06
34,拜托了，夫人！★手机竖屏2014★,审核大大辛苦了！<br/>谢谢每一个投蕉的帅哥美女！香蕉没有来个赞也好啊！<br/>视频来自快手等平台，侵权联系删除！,3228,https://www.acfun.cn/v/ac48871493,https://tx-free-imgs.acfun.cn/newUpload/2176158_afaf0913878443b1bc00d636136ffce3.gif?imageslim,AcFun,周榜,week,hotlist,,2026-09-26 06:21:06
35,空中瑜伽！！！★手机竖屏2012★,审核大大辛苦了！<br/>谢谢每一个投蕉的帅哥美女！香蕉没有来个赞也好啊！<br/>视频来自快手等平台，侵权联系删除！,4471,https://www.acfun.cn/v/ac48866821,https://tx-free-imgs.acfun.cn/newUpload/2176158_610807af48f5463a891fc9f341c9b16f.gif?imageslim,AcFun,周榜,week,hotlist,,2026-09-26 06:21:06
36,厨师长教你：“鱼香肉丝”的家常做法，酸甜微辣，口感丰富,,2055,https://www.acfun.cn/v/ac48867741,https://tx-free-imgs.acfun.cn/newUpload/13274260_93e68d1098d04ffca2683655a6a404c2.jpeg?imageslim,AcFun,周榜,week,hotlist,,2026-09-26 06:21:06
37,网络上常见的热门短视频集锦   第三千四百三十九期,审核大大辛苦了！<br/>谢谢每一个投蕉的帅哥美女！香蕉没有来个赞也好啊！<br/>视频来自快手等平台，侵权联系删除！,4055,https://www.acfun.cn/v/ac48859518,https://tx-free-imgs.acfun.cn/newUpload/2176158_13f61f1aa39c4732bdaeed87fe0e28a4.gif?imageslim,AcFun,周榜,week,hotlist,,2026-09-26 06:21:06
38,一天生产500万个！速冻水饺是如何制造出来的？,,2163,https://www.acfun.cn/v/ac48859253,https://tx-free-imgs.acfun.cn/newUpload/19281632_57f07fe28e24422d948491fd2d43586c.jpeg?imageslim,AcFun,周榜,week,hotlist,,2026-09-26 06:21:06
39,今天你不能嫁出去【今天有什么好笑的 #2514】,：)，谢谢大家，祝你们开心。<br/>wallpaper壁纸：Fading Astronaut 5K (update)<br/>BGM：I Want It That Way,2913,https://www.acfun.cn/v/ac48865864,https://tx-free-imgs.acfun.cn/newUpload/383079_ee4f5f7badf74f05a2ef6c691387f327.gif?imageslim,AcFun,周榜,week,hotlist,,2026-09-26 06:21:06
40,女妖邪神凶宅索命，最惨主角逆天求生！克系神游《魔女屋中之梦》像素恐怖游戏详细讲述【深夜档】,如何在60天内，让洛夫克拉夫特小说中惨死的倒霉主角逆天改命？这位芬兰作者打造了一部又硬核又忠实的优秀克苏鲁游戏！入住阿卡姆百年凶宅的凡人主角沃尔特·吉尔曼，接连遭到人脸妖鼠，恐怖女巫，不可名状外神的侵袭。白天钻研神秘学知识，梦中游历邪恶异星。他将与密斯卡托尼克大学最强战神亨利·阿米蒂奇教授联手对抗邪神降世！这是一部真正将洛氏“宇宙恐怖”带入到日常，并忠实于原著的游戏，自由度超高且信息量惊人！我将细致地带各位体验这跌宕起伏的60天，看弱小的主角如何起死回生并拯救世界！,1342,https://www.acfun.cn/v/ac48872418,https://tx-free-imgs.acfun.cn/newUpload/817797_2631b7cf26c14c2fbbfb062962a775be.jpeg?imageslim,AcFun,周榜,week,hotlist,,2026-09-26 06:21:06
41,嘴角压不住了【今天有什么好笑的 #2515】,：），谢谢大家的投蕉和点赞，祝你开心愉快~<br/>wallpaper壁纸：Genshin 神里绫华<br/>BGM：Wake me up when september ends,2432,https://www.acfun.cn/v/ac48868130,https://tx-free-imgs.acfun.cn/newUpload/383079_ef65121591434d2b86d53db1622776cd.gif?imageslim,AcFun,周榜,week,hotlist,,2026-09-26 06:21:06
42,单纯的约会（92）,,1821,https://www.acfun.cn/v/ac48857199,https://tx-free-imgs.acfun.cn/newUpload/74706824_a3a60d77e6934225b168686e44216c4b.png?imageslim,AcFun,周榜,week,hotlist,,2026-09-26 06:21:06
43,【东方】推特东方小视频选集 第272期,睡觉睡觉睡觉睡觉睡觉睡觉睡觉睡觉睡觉睡觉……,1407,https://www.acfun.cn/v/ac48858830,https://tx-free-imgs.acfun.cn/newUpload/6102_5a13d6efeec742ff84c512206aaeb7b0.jpeg?imageslim,AcFun,周榜,week,hotlist,,2026-09-26 06:21:06
44,【锅锅x怀瑜x阔落】千里邀月——共饮此杯赏此月，夜好眠,中秋到了，和姐妹们合唱了千里邀月~~<br/>乐：可乐祝大家身体健康，永不加班，月圆人团圆<br/>鱼：怀瑜愿诸位财源广进，常能摸鱼，花好月更圆<br/>锅：锅锅祝大家桂香满锅，早归赏月，饼甜心更甜<br/>祝大家中秋快乐~,1777,https://www.acfun.cn/v/ac48871580,https://tx-free-imgs.acfun.cn/newUpload/67206930_e47be8dbac2546e1b5a4a831e71dabe4.jpeg?imageslim,AcFun,周榜,week,hotlist,,2026-09-26 06:21:06
45,甜妹来袭！,,2171,https://www.acfun.cn/v/ac48863947,https://tx-free-imgs.acfun.cn/newUpload/12439728_1fd5a3c6e60241a1a1cd8f89dbede769.png?imageslim,AcFun,周榜,week,hotlist,,2026-09-26 06:21:06
46,和我一起健身吧！！！欢乐八点档-1783,审核大大辛苦了！<br/>免费的香蕉投一下吧，没有那就点个赞吧，这对我来说很重要，谢谢！！！<br/>谢谢每一个投蕉的帅哥美女！你们是我坚持更新的动力！<br/>视频来自快手等平台，侵权联系删除！,2148,https://www.acfun.cn/v/ac48872699,https://tx-free-imgs.acfun.cn/newUpload/2176158_e379c7202d2e43029e07ad17f40cab19.gif?imageslim,AcFun,周榜,week,hotlist,,2026-09-26 06:21:06
47,网络上常见的热门短视频集锦   第三千四百四十三期,审核大大辛苦了！<br/>谢谢每一个投蕉的帅哥美女！香蕉没有来个赞也好啊！<br/>视频来自快手等平台，侵权联系删除！,3674,https://www.acfun.cn/v/ac48864363,https://tx-free-imgs.acfun.cn/newUpload/2176158_dfef22dbf6934a15a594e5766b8680ca.gif?imageslim,AcFun,周榜,week,hotlist,,2026-09-26 06:21:06
48,嘞个就是爱情【今天有什么好笑的 #2512】,：），谢谢大家的投蕉和点赞，祝你开心愉快~<br/>wallpaper壁纸：lamp<br/>BGM：What a Feeling,2450,https://www.acfun.cn/v/ac48860992,https://tx-free-imgs.acfun.cn/newUpload/383079_172d192fee55441c96b7352f61e0a25f.gif?imageslim,AcFun,周榜,week,hotlist,,2026-09-26 06:21:06
49,网络上常见的热门短视频集锦   第三千四百四十四期,审核大大辛苦了！<br/>谢谢每一个投蕉的帅哥美女！香蕉没有来个赞也好啊！<br/>视频来自快手等平台，侵权联系删除！,3569,https://www.acfun.cn/v/ac48865021,https://tx-free-imgs.acfun.cn/newUpload/2176158_663463f1e6004dc2b4dea153d1e60c05.gif?imageslim,AcFun,周榜,week,hotlist,,2026-09-26 06:21:06
50,现在电脑不好卖了，以后我们出租AI机器人吧,,2282,https://www.acfun.cn/v/ac48867767,https://tx-free-imgs.acfun.cn/newUpload/17928_c684f06231604145b533a0f00627c624.png?imageslim,AcFun,周榜,week,hotlist,,2026-09-26 06:21:06
1,娃：真遗憾，本来打算亲自告诉你们的,嘿嘿希望大家都万事顺意～心想事成,4528,https://www.acfun.cn/v/ac48871740,https://tx-free-imgs.acfun.cn/newUpload/17062172_d1a93166ed084e3aadac2fea4bba0707.jpg?imageslim,AcFun,日榜,day,hotlist,,2026-09-26 07:18:46
2,裸足圆脸仙女下凡～跳一曲千里邀月【可心喵】,,2209,https://www.acfun.cn/v/ac48872448,https://tx-free-imgs.acfun.cn/newUpload/12892608_6691690fd8e944278bda5d5390e1e5a9.jpg?imageslim,AcFun,日榜,day,hotlist,,2026-09-26 07:18:46
3,拜托了，夫人！★手机竖屏2014★,审核大大辛苦了！<br/>谢谢每一个投蕉的帅哥美女！香蕉没有来个赞也好啊！<br/>视频来自快手等平台，侵权联系删除！,3256,https://www.acfun.cn/v/ac48871493,https://tx-free-imgs.acfun.cn/newUpload/2176158_afaf0913878443b1bc00d636136ffce3.gif?imageslim,AcFun,日榜,day,hotlist,,2026-09-26 07:18:46
4,女妖邪神凶宅索命，最惨主角逆天求生！克系神游《魔女屋中之梦》像素恐怖游戏详细讲述【深夜档】,如何在60天内，让洛夫克拉夫特小说中惨死的倒霉主角逆天改命？这位芬兰作者打造了一部又硬核又忠实的优秀克苏鲁游戏！入住阿卡姆百年凶宅的凡人主角沃尔特·吉尔曼，接连遭到人脸妖鼠，恐怖女巫，不可名状外神的侵袭。白天钻研神秘学知识，梦中游历邪恶异星。他将与密斯卡托尼克大学最强战神亨利·阿米蒂奇教授联手对抗邪神降世！这是一部真正将洛氏“宇宙恐怖”带入到日常，并忠实于原著的游戏，自由度超高且信息量惊人！我将细致地带各位体验这跌宕起伏的60天，看弱小的主角如何起死回生并拯救世界！,1354,https://www.acfun.cn/v/ac48872418,https://tx-free-imgs.acfun.cn/newUpload/817797_2631b7cf26c14c2fbbfb062962a775be.jpeg?imageslim,AcFun,日榜,day,hotlist,,2026-09-26 07:18:46
5,和我一起健身吧！！！欢乐八点档-1783,审核大大辛苦了！<br/>免费的香蕉投一下吧，没有那就点个赞吧，这对我来说很重要，谢谢！！！<br/>谢谢每一个投蕉的帅哥美女！你们是我坚持更新的动力！<br/>视频来自快手等平台，侵权联系删除！,2185,https://www.acfun.cn/v/ac48872699,https://tx-free-imgs.acfun.cn/newUpload/2176158_e379c7202d2e43029e07ad17f40cab19.gif?imageslim,AcFun,日榜,day,hotlist,,2026-09-26 07:18:46
6,【锅锅x怀瑜x阔落】千里邀月——共饮此杯赏此月，夜好眠,中秋到了，和姐妹们合唱了千里邀月~~<br/>乐：可乐祝大家身体健康，永不加班，月圆人团圆<br/>鱼：怀瑜愿诸位财源广进，常能摸鱼，花好月更圆<br/>锅：锅锅祝大家桂香满锅，早归赏月，饼甜心更甜<br/>祝大家中秋快乐~,1782,https://www.acfun.cn/v/ac48871580,https://tx-free-imgs.acfun.cn/newUpload/67206930_e47be8dbac2546e1b5a4a831e71dabe4.jpeg?imageslim,AcFun,日榜,day,hotlist,,2026-09-26 07:18:46
7,网络上常见的热门短视频集锦   第三千四百四十九期,审核大大辛苦了！<br/>谢谢每一个投蕉的帅哥美女！香蕉没有来个赞也好啊！<br/>视频来自快手等平台，侵权联系删除！,2587,https://www.acfun.cn/v/ac48871496,https://tx-free-imgs.acfun.cn/newUpload/2176158_cf20f7722011491da25ce2efbc799dba.gif?imageslim,AcFun,日榜,day,hotlist,,2026-09-26 07:18:46
8,【4K超高清】「JOJO的奇妙冒险 飙马野郎」第2话,,4650,https://www.acfun.cn/v/ac48872740,https://tx-free-imgs.acfun.cn/newUpload/72840608_a526e08904d049d2b38ce5f38bd71e63.jpeg?imageslim,AcFun,日榜,day,hotlist,,2026-09-26 07:18:46
9,今夜的风悄悄月悄悄~,,1416,https://www.acfun.cn/v/ac48873434,https://tx-free-imgs.acfun.cn/newUpload/23512715_0f364b6606dd467ab9975ffef5af1b29.jpg?imageslim,AcFun,日榜,day,hotlist,,2026-09-26 07:18:46
10,网络上常见的热门短视频集锦   第三千四百五十期,审核大大辛苦了！<br/>谢谢每一个投蕉的帅哥美女！香蕉没有来个赞也好啊！<br/>视频来自快手等平台，侵权联系删除！,2498,https://www.acfun.cn/v/ac48872279,https://tx-free-imgs.acfun.cn/newUpload/2176158_a96ecd95394b4517928ac111407f75b1.gif?imageslim,AcFun,日榜,day,hotlist,,2026-09-26 07:18:46
11,短裙挑战！超长翻跳一次看个够~【生日作】,,1410,https://www.acfun.cn/v/ac48872675,https://tx-free-imgs.acfun.cn/newUpload/32485245_415db634556140d1841e2ebb4c0d9371.jpeg?imageslim,AcFun,日榜,day,hotlist,,2026-09-26 07:18:46
12,【颜音】中秋歌回~祝大家节日快乐,皓月凌空，桂香满庭。<br/>愿今夜歌声暖心，祝各位中秋快乐，阖家美满！,1453,https://www.acfun.cn/v/ac48872065,https://tx-free-imgs.acfun.cn/newUpload/4425861_3dab8cdf19a74bf6accbdcd688cd9b6a.jpeg?imageslim,AcFun,日榜,day,hotlist,,2026-09-26 07:18:46
13,望眼欲穿【今天有什么好笑的 #2517】,：），谢谢大家的投蕉和点赞，祝你开心愉快~<br/>Wallpaper壁纸：雪山与女孩<br/>Bgm：あのね。,1793,https://www.acfun.cn/v/ac48872647,https://tx-free-imgs.acfun.cn/newUpload/383079_40beb913fd1a44d3afa053553d53b466.gif?imageslim,AcFun,日榜,day,hotlist,,2026-09-26 07:18:46
14,【东方/汉化】咲夜带你了解汉字【MMD搞笑小剧场】,作者：クローバー,1184,https://www.acfun.cn/v/ac48872652,https://tx-free-imgs.acfun.cn/newUpload/6102_8b2072189ecb4044a7de95bb450d02ed.jpeg?imageslim,AcFun,日榜,day,hotlist,,2026-09-26 07:18:46
15,如果我和她恋爱的话……,,1329,https://www.acfun.cn/v/ac48871545,https://tx-free-imgs.acfun.cn/newUpload/2277346_de526594356a4c9f90b71bf5823054e6.jpg?imageslim,AcFun,日榜,day,hotlist,,2026-09-26 07:18:46
16,两段不伦恋 15年复仇路《老男孩》吴大秀我的折磨可是一辈子,本期带来《老男孩》50分钟 国庆要到了，铁粉都知道背包住在网红街道 小长假根本没法做节目，阿杰提意带着各自父母一起出去玩几天 所以这几天会加急看看能不能赶出来一期，实再不行就小长假后更新咯，中秋国庆都祝小伙伴开心快乐！,1161,https://www.acfun.cn/v/ac48871285,https://tx-free-imgs.acfun.cn/newUpload/6894185_ab259859c7df40d1b092d2e828bf38e5.jpeg?imageslim,AcFun,日榜,day,hotlist,,2026-09-26 07:18:46
17,我终于明白什么都不缺的含金量！,,1195,https://www.acfun.cn/v/ac48872781,https://tx-free-imgs.acfun.cn/newUpload/6177430_06f5f9b03edd4f73a3dfeba4cf78db16.jpeg?imageslim,AcFun,日榜,day,hotlist,,2026-09-26 07:18:46
18,“原来和思念的人相见，就是人们常说的团圆” | 愿年年有今夜《妙妙人间》,「愿岁岁年年有此夜。」<br/>To : 虽然隔着屏幕，但同一轮月亮也让我们团圆在这里。中秋快乐呀~<br/>==========<br/>《妙妙人间》<br/>原唱：张含韵<br/>混音：饭団子p<br/>翻唱&视频：露纱琳黛,1097,https://www.acfun.cn/v/ac48871599,https://tx-free-imgs.acfun.cn/newUpload/69790459_0b53ce48e1c7437c9bdd3cf45d53de8f.jpeg?imageslim,AcFun,日榜,day,hotlist,,2026-09-26 07:18:46
19,空姐OL~第57次取消发送,中秋节快乐,1594,https://www.acfun.cn/v/ac48872674,https://tx-free-imgs.acfun.cn/newUpload/14539629_46621bdc88a44c63be63172c5ba6cb6a.jpeg?imageslim,AcFun,日榜,day,hotlist,,2026-09-26 07:18:46
20,想和你一起赏月𐔌՞ ܸ.ˬ.ܸ՞𐦯千里邀月,,1092,https://www.acfun.cn/v/ac48873207,https://tx-free-imgs.acfun.cn/newUpload/57336445_c7d705d3782c4b0193b62c6d02e43748.jpg?imageslim,AcFun,日榜,day,hotlist,,2026-09-26 07:18:46
21,忘情牛肉面,,1181,https://www.acfun.cn/v/ac48873433,https://tx-free-imgs.acfun.cn/newUpload/11361784_6fe659c9e31e428c8b700a04d46742fd.jpg?imageslim,AcFun,日榜,day,hotlist,,2026-09-26 07:18:46
22,香煎盐焗鸡｜简单到不可能失败，外焦里嫩巨好吃,,1140,https://www.acfun.cn/v/ac48870521,https://tx-free-imgs.acfun.cn/newUpload/1383198_a8487ee2fe9849dc9807f9da5d193fb1.jpeg?imageslim,AcFun,日榜,day,hotlist,,2026-09-26 07:18:46
23,【官方中字】SBR JOJO的奇妙冒险 飙马野郎 2nd＆3rd STAGE 第二集,,1701,https://www.acfun.cn/v/ac48872883,https://tx-free-imgs.acfun.cn/newUpload/30501027_27e89cd7cd684f01a120b8ec666a3896.png?imageslim,AcFun,日榜,day,hotlist,,2026-09-26 07:18:46
24,【绘画过程】9月保底《金秋》,大家中秋快乐！<br/>本月的保底是百贴布~ 某宝同步预售。,1537,https://www.acfun.cn/v/ac48872808,https://tx-free-imgs.acfun.cn/newUpload/179922_630934cb2f3245e5a4a4020570f61eca.png?imageslim,AcFun,日榜,day,hotlist,,2026-09-26 07:18:46
25,【1080P.奇幻冒险】JOJO的奇妙冒险 飙马野郎 (2026)第七季 第二集,1890年，一场世纪大赛“SBR”于美国举开。全长共6000公里，是人类史上第一场骑乘马匹横越北美大陆的比赛！为了拿下高达5千万美元（60亿日元）的冠军奖金，一群强悍的冒险家们正式展开了他们的争战！,1867,https://www.acfun.cn/v/ac48872840,https://tx-free-imgs.acfun.cn/newUpload/903432_bb4a52ee7e3e42cc853e5ff0b8a21e0d.png?imageslim,AcFun,日榜,day,hotlist,,2026-09-26 07:18:46
26,三周摧毁美国东海岸，绿色流感为何无法阻止？【求生之路剧情解析+涂鸦翻译】,刺骨寒溪和最后一战的涂鸦和官方剧情联系不大，因此没有放在视频中；<br/>前面的内容感觉都有点多余，最后的涂鸦翻译才是本体。<br/><br/>,1274,https://www.acfun.cn/v/ac48867996,https://tx-free-imgs.acfun.cn/newUpload/1020536_15195e7242e247fb9dc7a625a61a3662.jpeg?imageslim,AcFun,日榜,day,hotlist,,2026-09-26 07:18:46
27,新肤色超辣！,,1341,https://www.acfun.cn/v/ac48863964,https://tx-free-imgs.acfun.cn/newUpload/12439728_70c7284ba2724c048fb5266f61c33e34.png?imageslim,AcFun,日榜,day,hotlist,,2026-09-26 07:18:46
28,【柯基】《金风玉露》～～～晚风啊～～～,,1174,https://www.acfun.cn/v/ac48872627,https://tx-free-imgs.acfun.cn/newUpload/29493245_88171143b6bd4aa6885743ffe64d6584.png?imageslim,AcFun,日榜,day,hotlist,,2026-09-26 07:18:46
29,中秋节快乐呀！！,,1054,https://www.acfun.cn/v/ac48872753,https://tx-free-imgs.acfun.cn/newUpload/25756908_e40f0ac3bdb34aa6a05629d19ec12f7c.png?imageslim,AcFun,日榜,day,hotlist,,2026-09-26 07:18:46
30,【夏雅】Don t let go of my hand.,,1480,https://www.acfun.cn/v/ac48873108,https://tx-free-imgs.acfun.cn/newUpload/16279345_4e8e1897539648e8869f4815f9bd1572.jpg?imageslim,AcFun,日榜,day,hotlist,,2026-09-26 07:18:46
31,拼凑的断音,动作有做方向上的一些改动等<br/>歌曲：拼凑的断音-（舞蹈：あおい aoi とみたけ tomitake）,1135,https://www.acfun.cn/v/ac48871758,https://tx-free-imgs.acfun.cn/newUpload/12229455_ccda2f5ac69244d1aa813dc04c9a63d5.jpeg?imageslim,AcFun,日榜,day,hotlist,,2026-09-26 07:18:46
32,"宙斯神王也会是这战绩？快速看完一局韩服王者斗殴局#837 Zeus, Racoon, Clozer,","宙斯神王也会是这战绩？快速看完一局韩服王者斗殴局#837 Zeus, Racoon, Clozer, Wenbo, Canyon, 叶秋枫 <br/>BGM:https://music.163.com/playlist?id=650818240&userid=30476594",1200,https://www.acfun.cn/v/ac48865858,https://tx-free-imgs.acfun.cn/newUpload/1378726_0477a53ac6df4eb3b611b241b6a08941.jpeg?imageslim,AcFun,日榜,day,hotlist,,2026-09-26 07:18:46
33,石头剪刀布卖个萌,难得假期来凡人线下嘉年华cos了一下银月，玩得很开心，不知道有没有碰到我的道友～,1099,https://www.acfun.cn/v/ac48873212,https://tx-free-imgs.acfun.cn/newUpload/12229455_c6e4220d0d7c41e2b5d489a9386cbe72.png?imageslim,AcFun,日榜,day,hotlist,,2026-09-26 07:18:46
34,Acfun评论才是本体啊2026年8月和九月,香蕉点赞来一点哦，,1005,https://www.acfun.cn/v/ac48872845,https://tx-free-imgs.acfun.cn/newUpload/36839617_4ce9b7b878c344edbc971706d81900cc.jpeg?imageslim,AcFun,日榜,day,hotlist,,2026-09-26 07:18:46
35,「Super8」《如烟》大家中秋快乐鸭～,原唱：五月天<br/>翻唱：把超人<br/>混音：废废哟<br/>视频：星马豪<br/>录了有一段时间的歌咧，五月天的歌里算很喜欢的一首，词非常喜欢，祝大家中秋快乐哟～,1001,https://www.acfun.cn/v/ac48872351,https://tx-free-imgs.acfun.cn/newUpload/301519_95463a4627374a178e3b102bc74e8bcf.jpeg?imageslim,AcFun,日榜,day,hotlist,,2026-09-26 07:18:46
36,恶魔想成为你的家人！请交出性命！阴间电视台！越南模拟恐怖APTV EP6,喜欢记得关注五蕉~谢谢支持~！,994,https://www.acfun.cn/v/ac48871608,https://tx-free-imgs.acfun.cn/newUpload/26364938_c8b3f3a89c5d45989f596c7abadfe5de.jpeg?imageslim,AcFun,日榜,day,hotlist,,2026-09-26 07:18:46
37,【猪肝来也】one love,,1072,https://www.acfun.cn/v/ac48873230,https://tx-free-imgs.acfun.cn/newUpload/4599324_253057be5bbe40d1b82d24222d803ec4.jpg?imageslim,AcFun,日榜,day,hotlist,,2026-09-26 07:18:46
38,这身衣服跳什么都好帅啊！哈哈哈,,1096,https://www.acfun.cn/v/ac48872819,https://tx-free-imgs.acfun.cn/newUpload/16380981_3be481ccc3bd44c3a12928fa1f84b25e.png?imageslim,AcFun,日榜,day,hotlist,,2026-09-26 07:18:46
39,沙特反水，退出中国主导数字货币桥项目,,1083,https://www.acfun.cn/v/ac48873521,https://tx-free-imgs.acfun.cn/newUpload/43608832_667ff672cc3548f3bae31d62bb9e3f0e.jpeg?imageslim,AcFun,日榜,day,hotlist,,2026-09-26 07:18:46
40,告女子书！,,1056,https://www.acfun.cn/v/ac48872722,https://tx-free-imgs.acfun.cn/newUpload/16380981_45b2d4d6fdb34b34876bc5e8fcdaca47.png?imageslim,AcFun,日榜,day,hotlist,,2026-09-26 07:18:46
41,【绝望女神/翻唱】【火影忍者 ED1 Wind】,想听啥继续评论回复~,937,https://www.acfun.cn/v/ac48873021,https://tx-free-imgs.acfun.cn/newUpload/20705199_4163259e9c314ff193a9aac80be14188.jpeg?imageslim,AcFun,日榜,day,hotlist,,2026-09-26 07:18:46
42,十几万买台“莲花”，行吗？,,1106,https://www.acfun.cn/v/ac48872934,https://tx-free-imgs.acfun.cn/newUpload/14288157_b6f51fa0cabc4a0fa6b69c8bffff34ea.jpeg?imageslim,AcFun,日榜,day,hotlist,,2026-09-26 07:18:46
43,明月几时有？我想有时就有～,,1026,https://www.acfun.cn/v/ac48872948,https://tx-free-imgs.acfun.cn/newUpload/31922015_3de6c615f9d24a4ab766c9c22f19d8ed.jpg?imageslim,AcFun,日榜,day,hotlist,,2026-09-26 07:18:46
44,open the door,,1215,https://www.acfun.cn/v/ac48873110,https://tx-free-imgs.acfun.cn/newUpload/79951_cacbb88182cb435a99a97d446363fa53.jpg?imageslim,AcFun,日榜,day,hotlist,,2026-09-26 07:18:46
45,十月新番最爽厕纸！男主化身黄毛！转生夺走原主的女友们！？,十月新番最爽厕纸！男主化身黄毛！转生夺走原主的女友们！？,1130,https://www.acfun.cn/v/ac48873035,https://tx-free-imgs.acfun.cn/newUpload/13467496_1abceb83c1454743bcb9d4abcf823669.jpeg?imageslim,AcFun,日榜,day,hotlist,,2026-09-26 07:18:46
46,又何尝不是一种很新的花灯...,胶佬过中秋有自己的灯笼！其实是万代的MEGX独角兽换了灯组嘻嘻～双节快乐！,1054,https://www.acfun.cn/v/ac48873084,https://tx-free-imgs.acfun.cn/newUpload/13449743_b5143a98667f48bdb3f046459ee13864.jpeg?imageslim,AcFun,日榜,day,hotlist,,2026-09-26 07:18:46
47,【cheerup+快乐指南+nobody】跑调的人去KTV就蹦哒呗～,,771,https://www.acfun.cn/v/ac48872721,https://tx-free-imgs.acfun.cn/newUpload/31922015_51babcf260aa4990ade2ad884f023973.jpg?imageslim,AcFun,日榜,day,hotlist,,2026-09-26 07:18:46
48,白井黑子·佐天泪子 中秋月色双人手势舞【AI动画/超清】,本人本地部署的AI生成图片视频模型制作，硬件英伟达显卡RTX5070TI 16G+96G DDR5 6000内存，花费2小时合成.<br/>这次引入新的二次元动漫人物模型，二次元脸部质量效果会更好些，同时步数可以适当降低，降本增效。引入后期处理工具修复强化背景<br/><br/>人物：佐天泪子 白井黑子<br/>舞蹈技术与BGM：网红手势舞<br/>场景：中秋月色,1162,https://www.acfun.cn/v/ac48871101,https://tx-free-imgs.acfun.cn/newUpload/46764084_397c08849b344139b09a46fb71f814b3.png?imageslim,AcFun,日榜,day,hotlist,,2026-09-26 07:18:46
49,嘀，纣王体验卡,,1131,https://www.acfun.cn/v/ac48872737,https://tx-free-imgs.acfun.cn/newUpload/77181154_7c7593de7b584caebd43b4bb4e8dc517.png?imageslim,AcFun,日榜,day,hotlist,,2026-09-26 07:18:46
50,TGS现场女玩家击败虎牢关吕布【真三国无双2with猛将传】复刻版,Up主现场实拍TGS2026《真三国无双2with猛将传】复刻版现场试玩,1035,https://www.acfun.cn/v/ac48873376,https://tx-free-imgs.acfun.cn/newUpload/17097644_3295b46ed232444db8c34ee0206b58a7.png?imageslim,AcFun,日榜,day,hotlist,,2026-09-26 07:18:46
1,是谁点的小恶魔，蕉出来～,,6271,https://www.acfun.cn/v/ac48867778,https://tx-free-imgs.acfun.cn/newUpload/17062172_6098fee67d1748e0ab5dab3b5665736c.jpg?imageslim,AcFun,三日榜,three-days,hotlist,,2026-09-26 07:18:46
2,娃：真遗憾，本来打算亲自告诉你们的,嘿嘿希望大家都万事顺意～心想事成,4528,https://www.acfun.cn/v/ac48871740,https://tx-free-imgs.acfun.cn/newUpload/17062172_d1a93166ed084e3aadac2fea4bba0707.jpg?imageslim,AcFun,三日榜,three-days,hotlist,,2026-09-26 07:18:46
3,《野生动物迷惑行为》,喜欢请投蕉啊   谢谢啦！,2897,https://www.acfun.cn/v/ac48868360,https://tx-free-imgs.acfun.cn/newUpload/1342385_3fab348c538e4c0fa001871a708fe302.jpeg?imageslim,AcFun,三日榜,three-days,hotlist,,2026-09-26 07:18:46
4,裸足圆脸仙女下凡～跳一曲千里邀月【可心喵】,,2209,https://www.acfun.cn/v/ac48872448,https://tx-free-imgs.acfun.cn/newUpload/12892608_6691690fd8e944278bda5d5390e1e5a9.jpg?imageslim,AcFun,三日榜,three-days,hotlist,,2026-09-26 07:18:46
5,漫威金刚狼深陷争议！SweetBaby又毁一款？【绅批】,这算是DEI的历史遗留问题了，所有现在已经从sweetbaby离职的人，只要参与过游戏制作也会被署名（比如桥本和真）,2937,https://www.acfun.cn/v/ac48868810,https://tx-free-imgs.acfun.cn/newUpload/526850_ca1da1572b1d494a93e2f6bab46cf76b.jpeg?imageslim,AcFun,三日榜,three-days,hotlist,,2026-09-26 07:18:46
6,因为害怕被讨厌 所以把自己藏起来了,,3205,https://www.acfun.cn/v/ac48871331,https://tx-free-imgs.acfun.cn/newUpload/11361784_3d4bd69b46f541e184c2922c24f09276.jpg?imageslim,AcFun,三日榜,three-days,hotlist,,2026-09-26 07:18:46
7,我真的是来吃饭的！★手机竖屏2013★,审核大大辛苦了！<br/>谢谢每一个投蕉的帅哥美女！香蕉没有来个赞也好啊！<br/>视频来自快手等平台，侵权联系删除！,3896,https://www.acfun.cn/v/ac48869145,https://tx-free-imgs.acfun.cn/newUpload/2176158_eb4b69370b8f435aa2b171e72403d356.gif?imageslim,AcFun,三日榜,three-days,hotlist,,2026-09-26 07:18:46
8,mr chu!!好怀念这首歌,,2129,https://www.acfun.cn/v/ac48869375,https://tx-free-imgs.acfun.cn/newUpload/16380981_19592eb83a88429695ee1a0508fc3df0.png?imageslim,AcFun,三日榜,three-days,hotlist,,2026-09-26 07:18:46
9,拳击好啊，拳击得学！欢乐八点档-1781,审核大大辛苦了！<br/>免费的香蕉投一下吧，没有那就点个赞吧，这对我来说很重要，谢谢！！！<br/>谢谢每一个投蕉的帅哥美女！你们是我坚持更新的动力！<br/>视频来自快手等平台，侵权联系删除！,4160,https://www.acfun.cn/v/ac48868336,https://tx-free-imgs.acfun.cn/newUpload/2176158_3f6c601293a54468bae97f781440217b.gif?imageslim,AcFun,三日榜,three-days,hotlist,,2026-09-26 07:18:46
10,这样的学姐喜欢吗？欢乐八点档-1782,审核大大辛苦了！<br/>免费的香蕉投一下吧，没有那就点个赞吧，这对我来说很重要，谢谢！！！<br/>谢谢每一个投蕉的帅哥美女！你们是我坚持更新的动力！<br/>视频来自快手等平台，侵权联系删除！,3819,https://www.acfun.cn/v/ac48870057,https://tx-free-imgs.acfun.cn/newUpload/2176158_4c1f3b60f73e451abc443941d47305d8.gif?imageslim,AcFun,三日榜,three-days,hotlist,,2026-09-26 07:18:46
11,网络上常见的热门短视频集锦   第三千四百四十五期,审核大大辛苦了！<br/>谢谢每一个投蕉的帅哥美女！香蕉没有来个赞也好啊！<br/>视频来自快手等平台，侵权联系删除！,3963,https://www.acfun.cn/v/ac48866824,https://tx-free-imgs.acfun.cn/newUpload/2176158_dba921eb42f14c7ba31a1af83bfe71ce.gif?imageslim,AcFun,三日榜,three-days,hotlist,,2026-09-26 07:18:46
12,拜托了，夫人！★手机竖屏2014★,审核大大辛苦了！<br/>谢谢每一个投蕉的帅哥美女！香蕉没有来个赞也好啊！<br/>视频来自快手等平台，侵权联系删除！,3256,https://www.acfun.cn/v/ac48871493,https://tx-free-imgs.acfun.cn/newUpload/2176158_afaf0913878443b1bc00d636136ffce3.gif?imageslim,AcFun,三日榜,three-days,hotlist,,2026-09-26 07:18:46
13,空中瑜伽！！！★手机竖屏2012★,审核大大辛苦了！<br/>谢谢每一个投蕉的帅哥美女！香蕉没有来个赞也好啊！<br/>视频来自快手等平台，侵权联系删除！,4472,https://www.acfun.cn/v/ac48866821,https://tx-free-imgs.acfun.cn/newUpload/2176158_610807af48f5463a891fc9f341c9b16f.gif?imageslim,AcFun,三日榜,three-days,hotlist,,2026-09-26 07:18:46
14,厨师长教你：“鱼香肉丝”的家常做法，酸甜微辣，口感丰富,,2055,https://www.acfun.cn/v/ac48867741,https://tx-free-imgs.acfun.cn/newUpload/13274260_93e68d1098d04ffca2683655a6a404c2.jpeg?imageslim,AcFun,三日榜,three-days,hotlist,,2026-09-26 07:18:46
15,女妖邪神凶宅索命，最惨主角逆天求生！克系神游《魔女屋中之梦》像素恐怖游戏详细讲述【深夜档】,如何在60天内，让洛夫克拉夫特小说中惨死的倒霉主角逆天改命？这位芬兰作者打造了一部又硬核又忠实的优秀克苏鲁游戏！入住阿卡姆百年凶宅的凡人主角沃尔特·吉尔曼，接连遭到人脸妖鼠，恐怖女巫，不可名状外神的侵袭。白天钻研神秘学知识，梦中游历邪恶异星。他将与密斯卡托尼克大学最强战神亨利·阿米蒂奇教授联手对抗邪神降世！这是一部真正将洛氏“宇宙恐怖”带入到日常，并忠实于原著的游戏，自由度超高且信息量惊人！我将细致地带各位体验这跌宕起伏的60天，看弱小的主角如何起死回生并拯救世界！,1354,https://www.acfun.cn/v/ac48872418,https://tx-free-imgs.acfun.cn/newUpload/817797_2631b7cf26c14c2fbbfb062962a775be.jpeg?imageslim,AcFun,三日榜,three-days,hotlist,,2026-09-26 07:18:46
16,嘴角压不住了【今天有什么好笑的 #2515】,：），谢谢大家的投蕉和点赞，祝你开心愉快~<br/>wallpaper壁纸：Genshin 神里绫华<br/>BGM：Wake me up when september ends,2432,https://www.acfun.cn/v/ac48868130,https://tx-free-imgs.acfun.cn/newUpload/383079_ef65121591434d2b86d53db1622776cd.gif?imageslim,AcFun,三日榜,three-days,hotlist,,2026-09-26 07:18:46
17,【锅锅x怀瑜x阔落】千里邀月——共饮此杯赏此月，夜好眠,中秋到了，和姐妹们合唱了千里邀月~~<br/>乐：可乐祝大家身体健康，永不加班，月圆人团圆<br/>鱼：怀瑜愿诸位财源广进，常能摸鱼，花好月更圆<br/>锅：锅锅祝大家桂香满锅，早归赏月，饼甜心更甜<br/>祝大家中秋快乐~,1782,https://www.acfun.cn/v/ac48871580,https://tx-free-imgs.acfun.cn/newUpload/67206930_e47be8dbac2546e1b5a4a831e71dabe4.jpeg?imageslim,AcFun,三日榜,three-days,hotlist,,2026-09-26 07:18:46
18,和我一起健身吧！！！欢乐八点档-1783,审核大大辛苦了！<br/>免费的香蕉投一下吧，没有那就点个赞吧，这对我来说很重要，谢谢！！！<br/>谢谢每一个投蕉的帅哥美女！你们是我坚持更新的动力！<br/>视频来自快手等平台，侵权联系删除！,2185,https://www.acfun.cn/v/ac48872699,https://tx-free-imgs.acfun.cn/newUpload/2176158_e379c7202d2e43029e07ad17f40cab19.gif?imageslim,AcFun,三日榜,three-days,hotlist,,2026-09-26 07:18:46
19,现在电脑不好卖了，以后我们出租AI机器人吧,,2296,https://www.acfun.cn/v/ac48867767,https://tx-free-imgs.acfun.cn/newUpload/17928_c684f06231604145b533a0f00627c624.png?imageslim,AcFun,三日榜,three-days,hotlist,,2026-09-26 07:18:46
20,姛姛？！蝴蝶耳机Manget中文翻唱【箐羽Hane】x【缇若柯Teivoc】,“是否你确实表里如一淡然，还是说你——并不似我贪婪？”<br/>《Manget》磁石 / 蝴蝶耳机 - 中文翻唱<br/>原作作曲 / 流星P<br/>曲绘&翻唱 / 箐羽hane & 缇若柯Teivoc<br/>中文填词 / 果汁凉菜<br/>混音 / 风尘<br/>和笋笋一起唱了我们二次元姛神曲！曲绘也是我和笋笋每个人负责了自己的部分最后再拼到一起的！真好！( *^ ^)o(^ ^* )希望大家也能喜欢！,1623,https://www.acfun.cn/v/ac48869340,https://tx-free-imgs.acfun.cn/newUpload/67511609_d868cdbd6b1849e8958696cdc9db1493.jpeg?imageslim,AcFun,三日榜,three-days,hotlist,,2026-09-26 07:18:46
21,我要冲会员【今天有什么好笑的 #2516】,：），谢谢大家的投蕉和点赞，祝你开心愉快~<br/>wallpaper壁纸：Reze | Chainsaw Man<br/>BGM：Nicoleta Matei - Love mail<br/>,2490,https://www.acfun.cn/v/ac48870763,https://tx-free-imgs.acfun.cn/newUpload/383079_47b0fc3f458042f5bd3717967e55c598.gif?imageslim,AcFun,三日榜,three-days,hotlist,,2026-09-26 07:18:46
22,网络上常见的热门短视频集锦   第三千四百四十六期,审核大大辛苦了！<br/>谢谢每一个投蕉的帅哥美女！香蕉没有来个赞也好啊！<br/>视频来自快手等平台，侵权联系删除！,3691,https://www.acfun.cn/v/ac48867732,https://tx-free-imgs.acfun.cn/newUpload/2176158_2ec1d99da19a48e0a8e4ff2a2447e612.gif?imageslim,AcFun,三日榜,three-days,hotlist,,2026-09-26 07:18:46
23,网络上常见的热门短视频集锦   第三千四百四十八期,审核大大辛苦了！<br/>谢谢每一个投蕉的帅哥美女！香蕉没有来个赞也好啊！<br/>视频来自快手等平台，侵权联系删除！,3539,https://www.acfun.cn/v/ac48870020,https://tx-free-imgs.acfun.cn/newUpload/2176158_d65e54f4e9ee489b86b6fc28c31c84ee.gif?imageslim,AcFun,三日榜,three-days,hotlist,,2026-09-26 07:18:46
24,沦陷️,歌曲舞蹈：沦陷dj版-星奇摇   动作有改编,1747,https://www.acfun.cn/v/ac48869381,https://tx-free-imgs.acfun.cn/newUpload/12229455_aacf9da97a0940ad8e5f0b509d9cc159.jpeg?imageslim,AcFun,三日榜,three-days,hotlist,,2026-09-26 07:18:46
25,网络上常见的热门短视频集锦   第三千四百四十九期,审核大大辛苦了！<br/>谢谢每一个投蕉的帅哥美女！香蕉没有来个赞也好啊！<br/>视频来自快手等平台，侵权联系删除！,2587,https://www.acfun.cn/v/ac48871496,https://tx-free-imgs.acfun.cn/newUpload/2176158_cf20f7722011491da25ce2efbc799dba.gif?imageslim,AcFun,三日榜,three-days,hotlist,,2026-09-26 07:18:46
26,交通事故20260923：交通车祸实例，提高安全驾驶意识,,1447,https://www.acfun.cn/v/ac48868861,https://tx-free-imgs.acfun.cn/newUpload/76871961_edea5de6659a4cd2b733a74989043440.jpg?imageslim,AcFun,三日榜,three-days,hotlist,,2026-09-26 07:18:46
27,【4K超高清】「JOJO的奇妙冒险 飙马野郎」第2话,,4650,https://www.acfun.cn/v/ac48872740,https://tx-free-imgs.acfun.cn/newUpload/72840608_a526e08904d049d2b38ce5f38bd71e63.jpeg?imageslim,AcFun,三日榜,three-days,hotlist,,2026-09-26 07:18:46
28,网络上常见的热门短视频集锦   第三千四百四十七期,审核大大辛苦了！<br/>谢谢每一个投蕉的帅哥美女！香蕉没有来个赞也好啊！<br/>视频来自快手等平台，侵权联系删除！,3256,https://www.acfun.cn/v/ac48869149,https://tx-free-imgs.acfun.cn/newUpload/2176158_fdf9afe2e00a4a1aa62415c846776eaf.gif?imageslim,AcFun,三日榜,three-days,hotlist,,2026-09-26 07:18:46
29,今夜的风悄悄月悄悄~,,1416,https://www.acfun.cn/v/ac48873434,https://tx-free-imgs.acfun.cn/newUpload/23512715_0f364b6606dd467ab9975ffef5af1b29.jpg?imageslim,AcFun,三日榜,three-days,hotlist,,2026-09-26 07:18:46
30,老板直聘（89）,,1651,https://www.acfun.cn/v/ac48868552,https://tx-free-imgs.acfun.cn/newUpload/74706824_db2c7ba15c5d4aa18872db6b0763b7ca.jpeg?imageslim,AcFun,三日榜,three-days,hotlist,,2026-09-26 07:18:46
31,换你穿越三国乱世，你是起兵还是种田？,有没有宝贝和我一样，看三国的时候总在想，如果换我身在那个乱世，我会怎么样？是起兵争霸，还是归隐山林？ 或是是咱们可以选三国里有名的角色或者可以架空历史从素人做起，一统三国，那会怎么样?我最近就玩了这么一款游戏，一玩就是五个小时，根本停不下来，那今天来聊聊这款开放世界slg游戏《英雄立志传：三国志》~<br/>,1940,https://www.acfun.cn/v/ac48869043,https://tx-free-imgs.acfun.cn/newUpload/61352468_39715609bed041b98b21f3dbb482ad70.jpeg?imageslim,AcFun,三日榜,three-days,hotlist,,2026-09-26 07:18:46
32,人鱼的眼泪,歌曲舞蹈：爱乐之城-人鱼的眼泪,1563,https://www.acfun.cn/v/ac48867050,https://tx-free-imgs.acfun.cn/newUpload/12229455_130b1f041e6741dab4f6295ee27d927e.jpeg?imageslim,AcFun,三日榜,three-days,hotlist,,2026-09-26 07:18:46
33,常州新开巴西烤肉自助，100块钱值得吗？,这是我目前为止，去过的第二家巴西烤肉自助，团购优惠的情况下，花了94元。正常价格在95~110不等<br/><br/>简单带大家看下菜品，除了取餐台这么些，各种牛肉制品、大串烧烤都是循环上桌，大家觉得这么些菜式花样，100块钱左右你们觉得贵还是便宜啊，觉得贵的扣1，觉得便宜的扣2,1883,https://www.acfun.cn/v/ac48868891,https://tx-free-imgs.acfun.cn/newUpload/2046675_bf3a59ddff624646850829452262094e.jpeg?imageslim,AcFun,三日榜,three-days,hotlist,,2026-09-26 07:18:46
34,短裙挑战！超长翻跳一次看个够~【生日作】,,1410,https://www.acfun.cn/v/ac48872675,https://tx-free-imgs.acfun.cn/newUpload/32485245_415db634556140d1841e2ebb4c0d9371.jpeg?imageslim,AcFun,三日榜,three-days,hotlist,,2026-09-26 07:18:46
35,在英国差点被上门诈骗,可能看到我一人在家，就大胆敲门了，还好平常也会注意周边邻居，没发生什么事儿，这个金额就算被骗也不会报警，以后还是要小心一些了。#英国日常#vlog,1670,https://www.acfun.cn/v/ac48869505,https://tx-free-imgs.acfun.cn/newUpload/43181603_1c8c6c487a864d098b5e7e7bf2a12c6a.jpg?imageslim,AcFun,三日榜,three-days,hotlist,,2026-09-26 07:18:46
36,【颜音】中秋歌回~祝大家节日快乐,皓月凌空，桂香满庭。<br/>愿今夜歌声暖心，祝各位中秋快乐，阖家美满！,1453,https://www.acfun.cn/v/ac48872065,https://tx-free-imgs.acfun.cn/newUpload/4425861_3dab8cdf19a74bf6accbdcd688cd9b6a.jpeg?imageslim,AcFun,三日榜,three-days,hotlist,,2026-09-26 07:18:46
37,原创编舞《千层套路》的定机位竖屏来啦！,,1641,https://www.acfun.cn/v/ac48869245,https://tx-free-imgs.acfun.cn/newUpload/16380981_24bafd11c027499d9fe6820162faa782.png?imageslim,AcFun,三日榜,three-days,hotlist,,2026-09-26 07:18:46
38,北京的最北端在黑龙江？？？国内飞地是怎么形成的？,这份中国地图，是你从未看过的船新版本，放大几倍就会发现，在大家熟悉的各个省份中，还藏着一堆 “你中有我、我中有你” 的飞地。,1819,https://www.acfun.cn/v/ac48867896,https://tx-free-imgs.acfun.cn/newUpload/13630266_cc2428a99a42453f99c9e1306e7a43bb.jpeg?imageslim,AcFun,三日榜,three-days,hotlist,,2026-09-26 07:18:46
39,网络上常见的热门短视频集锦   第三千四百五十期,审核大大辛苦了！<br/>谢谢每一个投蕉的帅哥美女！香蕉没有来个赞也好啊！<br/>视频来自快手等平台，侵权联系删除！,2498,https://www.acfun.cn/v/ac48872279,https://tx-free-imgs.acfun.cn/newUpload/2176158_a96ecd95394b4517928ac111407f75b1.gif?imageslim,AcFun,三日榜,three-days,hotlist,,2026-09-26 07:18:46
40,我要辞职了！,,1699,https://www.acfun.cn/v/ac48863957,https://tx-free-imgs.acfun.cn/newUpload/12439728_7c57a0735675474590bf7b25e1a34527.png?imageslim,AcFun,三日榜,three-days,hotlist,,2026-09-26 07:18:46
41,发个friend圈,,1542,https://www.acfun.cn/v/ac48863958,https://tx-free-imgs.acfun.cn/newUpload/12439728_b44cb67ae45a4c179b08227368f4159c.png?imageslim,AcFun,三日榜,three-days,hotlist,,2026-09-26 07:18:46
42,【东方/汉化】咲夜带你了解汉字【MMD搞笑小剧场】,作者：クローバー,1184,https://www.acfun.cn/v/ac48872652,https://tx-free-imgs.acfun.cn/newUpload/6102_8b2072189ecb4044a7de95bb450d02ed.jpeg?imageslim,AcFun,三日榜,three-days,hotlist,,2026-09-26 07:18:46
43,奥迪“宫斗”十年大结局？一汽拿四环，上汽拿AUDI,一汽奥迪和上汽奥迪“宫斗”了十年，终于要划下句号了？,1724,https://www.acfun.cn/v/ac48870981,https://tx-free-imgs.acfun.cn/newUpload/13630266_3fde785be5a2411495618f67d01ab66a.jpeg?imageslim,AcFun,三日榜,three-days,hotlist,,2026-09-26 07:18:46
44,捏捏已经已进化到可以吃的地步啦？,,1630,https://www.acfun.cn/v/ac48868638,https://tx-free-imgs.acfun.cn/newUpload/6177430_486c910212d548c991eeb140f146a6ed.jpeg?imageslim,AcFun,三日榜,three-days,hotlist,,2026-09-26 07:18:46
45,【东方】QUEEN【蕾米莉亚 Miy Ver. MMD】,作者：やくも<br/><br/>楽曲:Kanaria 様→https://www.nicovideo.jp/watch/sm4088...<br/>振付:AKIRA様<br/>モーション:P-nez 様→https://www.nicovideo.jp/watch/sm4350...<br/>カメラ:Mizuha様→https://www.nicovideo.jp/watch/sm4353...<br/>モデル:MIy様<br/>ステージ:栗ごはん様<br/>アクセサリ:アスカ様,1257,https://www.acfun.cn/v/ac48870080,https://tx-free-imgs.acfun.cn/newUpload/6102_6a4dce20c9b74fa0bbdff3ccc0a73c5d.png?imageslim,AcFun,三日榜,three-days,hotlist,,2026-09-26 07:18:46
46,望眼欲穿【今天有什么好笑的 #2517】,：），谢谢大家的投蕉和点赞，祝你开心愉快~<br/>Wallpaper壁纸：雪山与女孩<br/>Bgm：あのね。,1793,https://www.acfun.cn/v/ac48872647,https://tx-free-imgs.acfun.cn/newUpload/383079_40beb913fd1a44d3afa053553d53b466.gif?imageslim,AcFun,三日榜,three-days,hotlist,,2026-09-26 07:18:46
47,这套皮肤真的很喜欢,,1475,https://www.acfun.cn/v/ac48871657,https://tx-free-imgs.acfun.cn/newUpload/16380981_ac9640e59a3a42e093fcee0a0b81d474.jpg?imageslim,AcFun,三日榜,three-days,hotlist,,2026-09-26 07:18:46
48,你吃月饼了吗？,,1442,https://www.acfun.cn/v/ac48869054,https://tx-free-imgs.acfun.cn/newUpload/1167675_8f48723afb0e41ecbe772249b3f4df1a.jpg?imageslim,AcFun,三日榜,three-days,hotlist,,2026-09-26 07:18:46
49,抱紧原生家庭（90）,,1411,https://www.acfun.cn/v/ac48867786,https://tx-free-imgs.acfun.cn/newUpload/74706824_fcc9a2386aff4fb0b3ecd158e3c6b97f.png?imageslim,AcFun,三日榜,three-days,hotlist,,2026-09-26 07:18:46
50,只有刀鸣最小丑？各大游戏千年血战联动盘点！,300英雄的含金量还在上升,1969,https://www.acfun.cn/v/ac48869154,https://tx-free-imgs.acfun.cn/newUpload/247671_7d920e56c00e4af39fed560bf094f965.jpeg?imageslim,AcFun,三日榜,three-days,hotlist,,2026-09-26 07:18:46
1,剑戟战斗的巅峰 关卡内容的洼地 偏科严重的《鬼武者：剑之道》,它给人爽的部分是真的爽，但是在每次爽之前，你得堵不少马桶，先生。,4504,https://www.acfun.cn/v/ac48859506,https://tx-free-imgs.acfun.cn/newUpload/934542_5d98ad80ca9c4307b5cdc2051c11cb50.jpeg?imageslim,AcFun,周榜,week,hotlist,,2026-09-26 07:18:46
2,是谁点的小恶魔，蕉出来～,,6271,https://www.acfun.cn/v/ac48867778,https://tx-free-imgs.acfun.cn/newUpload/17062172_6098fee67d1748e0ab5dab3b5665736c.jpg?imageslim,AcFun,周榜,week,hotlist,,2026-09-26 07:18:46
3,跳最开心的一集,,3980,https://www.acfun.cn/v/ac48860571,https://tx-free-imgs.acfun.cn/newUpload/50330447_79a3f269514140c29e7a85fb7c9dc94c.jpg?imageslim,AcFun,周榜,week,hotlist,,2026-09-26 07:18:46
4,喜欢哪套？,,7006,https://www.acfun.cn/v/ac48861422,https://tx-free-imgs.acfun.cn/newUpload/3540234_729e0d22251f439da3735f26e58d174f.jpg?imageslim,AcFun,周榜,week,hotlist,,2026-09-26 07:18:46
5,过期JK碎碎念！,家人们记得蕉一蕉捏 啾咪,5918,https://www.acfun.cn/v/ac48859219,https://tx-free-imgs.acfun.cn/newUpload/17062172_5dd6ea8b5f2741ff87f0911db6dfb909.jpg?imageslim,AcFun,周榜,week,hotlist,,2026-09-26 07:18:46
6,娃：真遗憾，本来打算亲自告诉你们的,嘿嘿希望大家都万事顺意～心想事成,4528,https://www.acfun.cn/v/ac48871740,https://tx-free-imgs.acfun.cn/newUpload/17062172_d1a93166ed084e3aadac2fea4bba0707.jpg?imageslim,AcFun,周榜,week,hotlist,,2026-09-26 07:18:46
7,人间琴悠扬，姑娘把谁记心上～,,2730,https://www.acfun.cn/v/ac48863143,https://tx-free-imgs.acfun.cn/newUpload/50330447_938d77716a11477e843914663278ff07.jpg?imageslim,AcFun,周榜,week,hotlist,,2026-09-26 07:18:46
8,《野生动物迷惑行为》,喜欢请投蕉啊   谢谢啦！,2897,https://www.acfun.cn/v/ac48868360,https://tx-free-imgs.acfun.cn/newUpload/1342385_3fab348c538e4c0fa001871a708fe302.jpeg?imageslim,AcFun,周榜,week,hotlist,,2026-09-26 07:18:46
9,《动物游戏行为图鉴》,喜欢请投蕉啊 谢谢啦！,2885,https://www.acfun.cn/v/ac48857450,https://tx-free-imgs.acfun.cn/newUpload/1342385_485bc20a4c164df2928409b209fa9afc.jpeg?imageslim,AcFun,周榜,week,hotlist,,2026-09-26 07:18:46
10,《动物迷惑行为大赏325》,喜欢请投蕉啊 谢谢啦！,2658,https://www.acfun.cn/v/ac48861293,https://tx-free-imgs.acfun.cn/newUpload/1342385_03080470038d444a95ce01ff6a6aeb9f.jpeg?imageslim,AcFun,周榜,week,hotlist,,2026-09-26 07:18:46
11,双马尾小女仆带来的情绪摇～,,4011,https://www.acfun.cn/v/ac48861966,https://tx-free-imgs.acfun.cn/newUpload/11361784_8cee0402b4754b1e82f85b7099791793.jpg?imageslim,AcFun,周榜,week,hotlist,,2026-09-26 07:18:46
12,帮Acer问一下，地址在哪里？欢乐八点档-1779,审核大大辛苦了！<br/>免费的香蕉投一下吧，没有那就点个赞吧，这对我来说很重要，谢谢！！！<br/>谢谢每一个投蕉的帅哥美女！你们是我坚持更新的动力！<br/>视频来自快手等平台，侵权联系删除！,4515,https://www.acfun.cn/v/ac48863633,https://tx-free-imgs.acfun.cn/newUpload/2176158_ff69c3c797d5414e8056b329918cc5b6.gif?imageslim,AcFun,周榜,week,hotlist,,2026-09-26 07:18:46
13,【绘图过程】《海边》6周年纪念插图过程,6周年纪念插图挂画（预售）、沙滩巾（预售），阿宝已上架,3376,https://www.acfun.cn/v/ac48836990,https://tx-free-imgs.acfun.cn/newUpload/179922_9f95aba039e84f3594c3947b3c8fdd58.jpeg?imageslim,AcFun,周榜,week,hotlist,,2026-09-26 07:18:46
14,还是少妇会的多啊！★手机竖屏2011★,审核大大辛苦了！<br/>谢谢每一个投蕉的帅哥美女！香蕉没有来个赞也好啊！<br/>视频来自快手等平台，侵权联系删除！,5242,https://www.acfun.cn/v/ac48864360,https://tx-free-imgs.acfun.cn/newUpload/2176158_3d4f199fd93640468e543b9ee25ac4c0.gif?imageslim,AcFun,周榜,week,hotlist,,2026-09-26 07:18:46
15,裸足圆脸仙女下凡～跳一曲千里邀月【可心喵】,,2209,https://www.acfun.cn/v/ac48872448,https://tx-free-imgs.acfun.cn/newUpload/12892608_6691690fd8e944278bda5d5390e1e5a9.jpg?imageslim,AcFun,周榜,week,hotlist,,2026-09-26 07:18:46
16,漫威金刚狼深陷争议！SweetBaby又毁一款？【绅批】,这算是DEI的历史遗留问题了，所有现在已经从sweetbaby离职的人，只要参与过游戏制作也会被署名（比如桥本和真）,2937,https://www.acfun.cn/v/ac48868810,https://tx-free-imgs.acfun.cn/newUpload/526850_ca1da1572b1d494a93e2f6bab46cf76b.jpeg?imageslim,AcFun,周榜,week,hotlist,,2026-09-26 07:18:46
17,因为害怕被讨厌 所以把自己藏起来了,,3205,https://www.acfun.cn/v/ac48871331,https://tx-free-imgs.acfun.cn/newUpload/11361784_3d4bd69b46f541e184c2922c24f09276.jpg?imageslim,AcFun,周榜,week,hotlist,,2026-09-26 07:18:46
18,我真的是来吃饭的！★手机竖屏2013★,审核大大辛苦了！<br/>谢谢每一个投蕉的帅哥美女！香蕉没有来个赞也好啊！<br/>视频来自快手等平台，侵权联系删除！,3896,https://www.acfun.cn/v/ac48869145,https://tx-free-imgs.acfun.cn/newUpload/2176158_eb4b69370b8f435aa2b171e72403d356.gif?imageslim,AcFun,周榜,week,hotlist,,2026-09-26 07:18:46
19,mr chu!!好怀念这首歌,,2129,https://www.acfun.cn/v/ac48869375,https://tx-free-imgs.acfun.cn/newUpload/16380981_19592eb83a88429695ee1a0508fc3df0.png?imageslim,AcFun,周榜,week,hotlist,,2026-09-26 07:18:46
20,网络上常见的热门短视频集锦   第三千四百三十八期,审核大大辛苦了！<br/>谢谢每一个投蕉的帅哥美女！香蕉没有来个赞也好啊！<br/>视频来自快手等平台，侵权联系删除！,4454,https://www.acfun.cn/v/ac48858394,https://tx-free-imgs.acfun.cn/newUpload/2176158_38174e72af934b9e86687045b01f0dd3.gif?imageslim,AcFun,周榜,week,hotlist,,2026-09-26 07:18:46
21,钓鱼佬是真会享受！欢乐八点档-1777,审核大大辛苦了！<br/>免费的香蕉投一下吧，没有那就点个赞吧，这对我来说很重要，谢谢！！！<br/>谢谢每一个投蕉的帅哥美女！你们是我坚持更新的动力！<br/>视频来自快手等平台，侵权联系删除！,4615,https://www.acfun.cn/v/ac48858969,https://tx-free-imgs.acfun.cn/newUpload/2176158_c9d74d926c4c4d709a4b6b7769dffcca.gif?imageslim,AcFun,周榜,week,hotlist,,2026-09-26 07:18:46
22,一波还未平息一波又来侵袭！★手机竖屏2010★,审核大大辛苦了！<br/>谢谢每一个投蕉的帅哥美女！香蕉没有来个赞也好啊！<br/>视频来自快手等平台，侵权联系删除！,4802,https://www.acfun.cn/v/ac48862013,https://tx-free-imgs.acfun.cn/newUpload/2176158_c4802142afc14d50b2cd775e67890cca.gif?imageslim,AcFun,周榜,week,hotlist,,2026-09-26 07:18:46
23,还是少妇会啊！！！★手机竖屏2009★,审核大大辛苦了！<br/>谢谢每一个投蕉的帅哥美女！香蕉没有来个赞也好啊！<br/>视频来自快手等平台，侵权联系删除！,4906,https://www.acfun.cn/v/ac48859515,https://tx-free-imgs.acfun.cn/newUpload/2176158_d4e9e6e30f4446319f9e720adfe35ef9.gif?imageslim,AcFun,周榜,week,hotlist,,2026-09-26 07:18:46
24,【AC娘】琵琶曲,原作者：Kotte Animation<br/>还有瑕疵，看个乐吧,3176,https://www.acfun.cn/v/ac48864492,https://tx-free-imgs.acfun.cn/newUpload/41729435_02cbd995b6d54f508eb21d3cb8621903.jpeg?imageslim,AcFun,周榜,week,hotlist,,2026-09-26 07:18:46
25,25年了，回坊天花板小酥肉，还是那个味儿,记忆中的味道，回来了，都回来了……<br/>一口椒麻一口鲜，大口吃肉，配上热腾腾的米饭，绝了。<br/>素三鲜也是无敌的存在！,2566,https://www.acfun.cn/v/ac48865538,https://tx-free-imgs.acfun.cn/newUpload/13765438_9bc4a0abf32a4c1aa3e83c844de84649.jpeg?imageslim,AcFun,周榜,week,hotlist,,2026-09-26 07:18:46
26,北京豆汁会惩罚每一个好奇的人！欢乐八点档-1780,审核大大辛苦了！<br/>免费的香蕉投一下吧，没有那就点个赞吧，这对我来说很重要，谢谢！！！<br/>谢谢每一个投蕉的帅哥美女！你们是我坚持更新的动力！<br/>视频来自快手等平台，侵权联系删除！,4491,https://www.acfun.cn/v/ac48865965,https://tx-free-imgs.acfun.cn/newUpload/2176158_ec83e6fb2ffc4005b41881ac13dbaeca.gif?imageslim,AcFun,周榜,week,hotlist,,2026-09-26 07:18:46
27,拳击好啊，拳击得学！欢乐八点档-1781,审核大大辛苦了！<br/>免费的香蕉投一下吧，没有那就点个赞吧，这对我来说很重要，谢谢！！！<br/>谢谢每一个投蕉的帅哥美女！你们是我坚持更新的动力！<br/>视频来自快手等平台，侵权联系删除！,4160,https://www.acfun.cn/v/ac48868336,https://tx-free-imgs.acfun.cn/newUpload/2176158_3f6c601293a54468bae97f781440217b.gif?imageslim,AcFun,周榜,week,hotlist,,2026-09-26 07:18:46
28,这样的学姐喜欢吗？欢乐八点档-1782,审核大大辛苦了！<br/>免费的香蕉投一下吧，没有那就点个赞吧，这对我来说很重要，谢谢！！！<br/>谢谢每一个投蕉的帅哥美女！你们是我坚持更新的动力！<br/>视频来自快手等平台，侵权联系删除！,3819,https://www.acfun.cn/v/ac48870057,https://tx-free-imgs.acfun.cn/newUpload/2176158_4c1f3b60f73e451abc443941d47305d8.gif?imageslim,AcFun,周榜,week,hotlist,,2026-09-26 07:18:46
29,你的拳头真是肥嘟嘟的...,动漫：心灵的声音，作者：赵石【韩国】,2198,https://www.acfun.cn/v/ac48859870,https://tx-free-imgs.acfun.cn/newUpload/509259_2fa91d5206504450be471808d9c93a22.jpeg?imageslim,AcFun,周榜,week,hotlist,,2026-09-26 07:18:46
30,这个一字马技术含量很高啊！欢乐八点档-1778,审核大大辛苦了！<br/>免费的香蕉投一下吧，没有那就点个赞吧，这对我来说很重要，谢谢！！！<br/>谢谢每一个投蕉的帅哥美女！你们是我坚持更新的动力！<br/>视频来自快手等平台，侵权联系删除！,4404,https://www.acfun.cn/v/ac48861225,https://tx-free-imgs.acfun.cn/newUpload/2176158_0824627cb76d40dc99ce9cb12c07e4cc.gif?imageslim,AcFun,周榜,week,hotlist,,2026-09-26 07:18:46
31,网络上常见的热门短视频集锦   第三千四百四十五期,审核大大辛苦了！<br/>谢谢每一个投蕉的帅哥美女！香蕉没有来个赞也好啊！<br/>视频来自快手等平台，侵权联系删除！,3963,https://www.acfun.cn/v/ac48866824,https://tx-free-imgs.acfun.cn/newUpload/2176158_dba921eb42f14c7ba31a1af83bfe71ce.gif?imageslim,AcFun,周榜,week,hotlist,,2026-09-26 07:18:46
32,琵琶曲丨夜神月 VS  L,原曲：琵琶曲,2270,https://www.acfun.cn/v/ac48861693,https://tx-free-imgs.acfun.cn/newUpload/16986934_3bf4dd94910c4845acf851f7f0fdb757.jpeg?imageslim,AcFun,周榜,week,hotlist,,2026-09-26 07:18:46
33,网络上常见的热门短视频集锦   第三千四百四十一期,审核大大辛苦了！<br/>谢谢每一个投蕉的帅哥美女！香蕉没有来个赞也好啊！<br/>视频来自快手等平台，侵权联系删除！,4209,https://www.acfun.cn/v/ac48862019,https://tx-free-imgs.acfun.cn/newUpload/2176158_6e5a88d95f344d92a8d97a57f03ac4b9.gif?imageslim,AcFun,周榜,week,hotlist,,2026-09-26 07:18:46
34,拜托了，夫人！★手机竖屏2014★,审核大大辛苦了！<br/>谢谢每一个投蕉的帅哥美女！香蕉没有来个赞也好啊！<br/>视频来自快手等平台，侵权联系删除！,3256,https://www.acfun.cn/v/ac48871493,https://tx-free-imgs.acfun.cn/newUpload/2176158_afaf0913878443b1bc00d636136ffce3.gif?imageslim,AcFun,周榜,week,hotlist,,2026-09-26 07:18:46
35,空中瑜伽！！！★手机竖屏2012★,审核大大辛苦了！<br/>谢谢每一个投蕉的帅哥美女！香蕉没有来个赞也好啊！<br/>视频来自快手等平台，侵权联系删除！,4472,https://www.acfun.cn/v/ac48866821,https://tx-free-imgs.acfun.cn/newUpload/2176158_610807af48f5463a891fc9f341c9b16f.gif?imageslim,AcFun,周榜,week,hotlist,,2026-09-26 07:18:46
36,厨师长教你：“鱼香肉丝”的家常做法，酸甜微辣，口感丰富,,2055,https://www.acfun.cn/v/ac48867741,https://tx-free-imgs.acfun.cn/newUpload/13274260_93e68d1098d04ffca2683655a6a404c2.jpeg?imageslim,AcFun,周榜,week,hotlist,,2026-09-26 07:18:46
37,网络上常见的热门短视频集锦   第三千四百三十九期,审核大大辛苦了！<br/>谢谢每一个投蕉的帅哥美女！香蕉没有来个赞也好啊！<br/>视频来自快手等平台，侵权联系删除！,4055,https://www.acfun.cn/v/ac48859518,https://tx-free-imgs.acfun.cn/newUpload/2176158_13f61f1aa39c4732bdaeed87fe0e28a4.gif?imageslim,AcFun,周榜,week,hotlist,,2026-09-26 07:18:46
38,一天生产500万个！速冻水饺是如何制造出来的？,,2163,https://www.acfun.cn/v/ac48859253,https://tx-free-imgs.acfun.cn/newUpload/19281632_57f07fe28e24422d948491fd2d43586c.jpeg?imageslim,AcFun,周榜,week,hotlist,,2026-09-26 07:18:46
39,今天你不能嫁出去【今天有什么好笑的 #2514】,：)，谢谢大家，祝你们开心。<br/>wallpaper壁纸：Fading Astronaut 5K (update)<br/>BGM：I Want It That Way,2913,https://www.acfun.cn/v/ac48865864,https://tx-free-imgs.acfun.cn/newUpload/383079_ee4f5f7badf74f05a2ef6c691387f327.gif?imageslim,AcFun,周榜,week,hotlist,,2026-09-26 07:18:46
40,女妖邪神凶宅索命，最惨主角逆天求生！克系神游《魔女屋中之梦》像素恐怖游戏详细讲述【深夜档】,如何在60天内，让洛夫克拉夫特小说中惨死的倒霉主角逆天改命？这位芬兰作者打造了一部又硬核又忠实的优秀克苏鲁游戏！入住阿卡姆百年凶宅的凡人主角沃尔特·吉尔曼，接连遭到人脸妖鼠，恐怖女巫，不可名状外神的侵袭。白天钻研神秘学知识，梦中游历邪恶异星。他将与密斯卡托尼克大学最强战神亨利·阿米蒂奇教授联手对抗邪神降世！这是一部真正将洛氏“宇宙恐怖”带入到日常，并忠实于原著的游戏，自由度超高且信息量惊人！我将细致地带各位体验这跌宕起伏的60天，看弱小的主角如何起死回生并拯救世界！,1354,https://www.acfun.cn/v/ac48872418,https://tx-free-imgs.acfun.cn/newUpload/817797_2631b7cf26c14c2fbbfb062962a775be.jpeg?imageslim,AcFun,周榜,week,hotlist,,2026-09-26 07:18:46
41,嘴角压不住了【今天有什么好笑的 #2515】,：），谢谢大家的投蕉和点赞，祝你开心愉快~<br/>wallpaper壁纸：Genshin 神里绫华<br/>BGM：Wake me up when september ends,2432,https://www.acfun.cn/v/ac48868130,https://tx-free-imgs.acfun.cn/newUpload/383079_ef65121591434d2b86d53db1622776cd.gif?imageslim,AcFun,周榜,week,hotlist,,2026-09-26 07:18:46
42,单纯的约会（92）,,1823,https://www.acfun.cn/v/ac48857199,https://tx-free-imgs.acfun.cn/newUpload/74706824_a3a60d77e6934225b168686e44216c4b.png?imageslim,AcFun,周榜,week,hotlist,,2026-09-26 07:18:46
43,【东方】推特东方小视频选集 第272期,睡觉睡觉睡觉睡觉睡觉睡觉睡觉睡觉睡觉睡觉……,1407,https://www.acfun.cn/v/ac48858830,https://tx-free-imgs.acfun.cn/newUpload/6102_5a13d6efeec742ff84c512206aaeb7b0.jpeg?imageslim,AcFun,周榜,week,hotlist,,2026-09-26 07:18:46
44,和我一起健身吧！！！欢乐八点档-1783,审核大大辛苦了！<br/>免费的香蕉投一下吧，没有那就点个赞吧，这对我来说很重要，谢谢！！！<br/>谢谢每一个投蕉的帅哥美女！你们是我坚持更新的动力！<br/>视频来自快手等平台，侵权联系删除！,2185,https://www.acfun.cn/v/ac48872699,https://tx-free-imgs.acfun.cn/newUpload/2176158_e379c7202d2e43029e07ad17f40cab19.gif?imageslim,AcFun,周榜,week,hotlist,,2026-09-26 07:18:46
45,【锅锅x怀瑜x阔落】千里邀月——共饮此杯赏此月，夜好眠,中秋到了，和姐妹们合唱了千里邀月~~<br/>乐：可乐祝大家身体健康，永不加班，月圆人团圆<br/>鱼：怀瑜愿诸位财源广进，常能摸鱼，花好月更圆<br/>锅：锅锅祝大家桂香满锅，早归赏月，饼甜心更甜<br/>祝大家中秋快乐~,1782,https://www.acfun.cn/v/ac48871580,https://tx-free-imgs.acfun.cn/newUpload/67206930_e47be8dbac2546e1b5a4a831e71dabe4.jpeg?imageslim,AcFun,周榜,week,hotlist,,2026-09-26 07:18:46
46,甜妹来袭！,,2171,https://www.acfun.cn/v/ac48863947,https://tx-free-imgs.acfun.cn/newUpload/12439728_1fd5a3c6e60241a1a1cd8f89dbede769.png?imageslim,AcFun,周榜,week,hotlist,,2026-09-26 07:18:46
47,现在电脑不好卖了，以后我们出租AI机器人吧,,2296,https://www.acfun.cn/v/ac48867767,https://tx-free-imgs.acfun.cn/newUpload/17928_c684f06231604145b533a0f00627c624.png?imageslim,AcFun,周榜,week,hotlist,,2026-09-26 07:18:46
48,网络上常见的热门短视频集锦   第三千四百四十三期,审核大大辛苦了！<br/>谢谢每一个投蕉的帅哥美女！香蕉没有来个赞也好啊！<br/>视频来自快手等平台，侵权联系删除！,3676,https://www.acfun.cn/v/ac48864363,https://tx-free-imgs.acfun.cn/newUpload/2176158_dfef22dbf6934a15a594e5766b8680ca.gif?imageslim,AcFun,周榜,week,hotlist,,2026-09-26 07:18:46
49,嘞个就是爱情【今天有什么好笑的 #2512】,：），谢谢大家的投蕉和点赞，祝你开心愉快~<br/>wallpaper壁纸：lamp<br/>BGM：What a Feeling,2450,https://www.acfun.cn/v/ac48860992,https://tx-free-imgs.acfun.cn/newUpload/383079_172d192fee55441c96b7352f61e0a25f.gif?imageslim,AcFun,周榜,week,hotlist,,2026-09-26 07:18:46
50,网络上常见的热门短视频集锦   第三千四百四十四期,审核大大辛苦了！<br/>谢谢每一个投蕉的帅哥美女！香蕉没有来个赞也好啊！<br/>视频来自快手等平台，侵权联系删除！,3572,https://www.acfun.cn/v/ac48865021,https://tx-free-imgs.acfun.cn/newUpload/2176158_663463f1e6004dc2b4dea153d1e60c05.gif?imageslim,AcFun,周榜,week,hotlist,,2026-09-26 07:18:46
1,娃：真遗憾，本来打算亲自告诉你们的,嘿嘿希望大家都万事顺意～心想事成,4708,https://www.acfun.cn/v/ac48871740,https://tx-free-imgs.acfun.cn/newUpload/17062172_d1a93166ed084e3aadac2fea4bba0707.jpg?imageslim,AcFun,日榜,day,hotlist,,2026-09-26 08:54:42
2,裸足圆脸仙女下凡～跳一曲千里邀月【可心喵】,,2285,https://www.acfun.cn/v/ac48872448,https://tx-free-imgs.acfun.cn/newUpload/12892608_6691690fd8e944278bda5d5390e1e5a9.jpg?imageslim,AcFun,日榜,day,hotlist,,2026-09-26 08:54:42
3,拜托了，夫人！★手机竖屏2014★,审核大大辛苦了！<br/>谢谢每一个投蕉的帅哥美女！香蕉没有来个赞也好啊！<br/>视频来自快手等平台，侵权联系删除！,3337,https://www.acfun.cn/v/ac48871493,https://tx-free-imgs.acfun.cn/newUpload/2176158_afaf0913878443b1bc00d636136ffce3.gif?imageslim,AcFun,日榜,day,hotlist,,2026-09-26 08:54:42
4,女妖邪神凶宅索命，最惨主角逆天求生！克系神游《魔女屋中之梦》像素恐怖游戏详细讲述【深夜档】,如何在60天内，让洛夫克拉夫特小说中惨死的倒霉主角逆天改命？这位芬兰作者打造了一部又硬核又忠实的优秀克苏鲁游戏！入住阿卡姆百年凶宅的凡人主角沃尔特·吉尔曼，接连遭到人脸妖鼠，恐怖女巫，不可名状外神的侵袭。白天钻研神秘学知识，梦中游历邪恶异星。他将与密斯卡托尼克大学最强战神亨利·阿米蒂奇教授联手对抗邪神降世！这是一部真正将洛氏“宇宙恐怖”带入到日常，并忠实于原著的游戏，自由度超高且信息量惊人！我将细致地带各位体验这跌宕起伏的60天，看弱小的主角如何起死回生并拯救世界！,1399,https://www.acfun.cn/v/ac48872418,https://tx-free-imgs.acfun.cn/newUpload/817797_2631b7cf26c14c2fbbfb062962a775be.jpeg?imageslim,AcFun,日榜,day,hotlist,,2026-09-26 08:54:42
5,和我一起健身吧！！！欢乐八点档-1783,审核大大辛苦了！<br/>免费的香蕉投一下吧，没有那就点个赞吧，这对我来说很重要，谢谢！！！<br/>谢谢每一个投蕉的帅哥美女！你们是我坚持更新的动力！<br/>视频来自快手等平台，侵权联系删除！,2318,https://www.acfun.cn/v/ac48872699,https://tx-free-imgs.acfun.cn/newUpload/2176158_e379c7202d2e43029e07ad17f40cab19.gif?imageslim,AcFun,日榜,day,hotlist,,2026-09-26 08:54:42
6,【锅锅x怀瑜x阔落】千里邀月——共饮此杯赏此月，夜好眠,中秋到了，和姐妹们合唱了千里邀月~~<br/>乐：可乐祝大家身体健康，永不加班，月圆人团圆<br/>鱼：怀瑜愿诸位财源广进，常能摸鱼，花好月更圆<br/>锅：锅锅祝大家桂香满锅，早归赏月，饼甜心更甜<br/>祝大家中秋快乐~,1816,https://www.acfun.cn/v/ac48871580,https://tx-free-imgs.acfun.cn/newUpload/67206930_e47be8dbac2546e1b5a4a831e71dabe4.jpeg?imageslim,AcFun,日榜,day,hotlist,,2026-09-26 08:54:42
7,今夜的风悄悄月悄悄~,,1572,https://www.acfun.cn/v/ac48873434,https://tx-free-imgs.acfun.cn/newUpload/23512715_0f364b6606dd467ab9975ffef5af1b29.jpg?imageslim,AcFun,日榜,day,hotlist,,2026-09-26 08:54:42
8,网络上常见的热门短视频集锦   第三千四百四十九期,审核大大辛苦了！<br/>谢谢每一个投蕉的帅哥美女！香蕉没有来个赞也好啊！<br/>视频来自快手等平台，侵权联系删除！,2638,https://www.acfun.cn/v/ac48871496,https://tx-free-imgs.acfun.cn/newUpload/2176158_cf20f7722011491da25ce2efbc799dba.gif?imageslim,AcFun,日榜,day,hotlist,,2026-09-26 08:54:42
9,【4K超高清】「JOJO的奇妙冒险 飙马野郎」第2话,,4723,https://www.acfun.cn/v/ac48872740,https://tx-free-imgs.acfun.cn/newUpload/72840608_a526e08904d049d2b38ce5f38bd71e63.jpeg?imageslim,AcFun,日榜,day,hotlist,,2026-09-26 08:54:42
10,网络上常见的热门短视频集锦   第三千四百五十期,审核大大辛苦了！<br/>谢谢每一个投蕉的帅哥美女！香蕉没有来个赞也好啊！<br/>视频来自快手等平台，侵权联系删除！,2570,https://www.acfun.cn/v/ac48872279,https://tx-free-imgs.acfun.cn/newUpload/2176158_a96ecd95394b4517928ac111407f75b1.gif?imageslim,AcFun,日榜,day,hotlist,,2026-09-26 08:54:42
11,短裙挑战！超长翻跳一次看个够~【生日作】,,1463,https://www.acfun.cn/v/ac48872675,https://tx-free-imgs.acfun.cn/newUpload/32485245_415db634556140d1841e2ebb4c0d9371.jpeg?imageslim,AcFun,日榜,day,hotlist,,2026-09-26 08:54:42
12,望眼欲穿【今天有什么好笑的 #2517】,：），谢谢大家的投蕉和点赞，祝你开心愉快~<br/>Wallpaper壁纸：雪山与女孩<br/>Bgm：あのね。,1827,https://www.acfun.cn/v/ac48872647,https://tx-free-imgs.acfun.cn/newUpload/383079_40beb913fd1a44d3afa053553d53b466.gif?imageslim,AcFun,日榜,day,hotlist,,2026-09-26 08:54:42
13,【颜音】中秋歌回~祝大家节日快乐,皓月凌空，桂香满庭。<br/>愿今夜歌声暖心，祝各位中秋快乐，阖家美满！,1465,https://www.acfun.cn/v/ac48872065,https://tx-free-imgs.acfun.cn/newUpload/4425861_3dab8cdf19a74bf6accbdcd688cd9b6a.jpeg?imageslim,AcFun,日榜,day,hotlist,,2026-09-26 08:54:42
14,【东方/汉化】咲夜带你了解汉字【MMD搞笑小剧场】,作者：クローバー,1202,https://www.acfun.cn/v/ac48872652,https://tx-free-imgs.acfun.cn/newUpload/6102_8b2072189ecb4044a7de95bb450d02ed.jpeg?imageslim,AcFun,日榜,day,hotlist,,2026-09-26 08:54:42
15,空姐OL~第57次取消发送,中秋节快乐,1661,https://www.acfun.cn/v/ac48872674,https://tx-free-imgs.acfun.cn/newUpload/14539629_46621bdc88a44c63be63172c5ba6cb6a.jpeg?imageslim,AcFun,日榜,day,hotlist,,2026-09-26 08:54:42
16,如果我和她恋爱的话……,,1361,https://www.acfun.cn/v/ac48871545,https://tx-free-imgs.acfun.cn/newUpload/2277346_de526594356a4c9f90b71bf5823054e6.jpg?imageslim,AcFun,日榜,day,hotlist,,2026-09-26 08:54:42
17,两段不伦恋 15年复仇路《老男孩》吴大秀我的折磨可是一辈子,本期带来《老男孩》50分钟 国庆要到了，铁粉都知道背包住在网红街道 小长假根本没法做节目，阿杰提意带着各自父母一起出去玩几天 所以这几天会加急看看能不能赶出来一期，实再不行就小长假后更新咯，中秋国庆都祝小伙伴开心快乐！,1179,https://www.acfun.cn/v/ac48871285,https://tx-free-imgs.acfun.cn/newUpload/6894185_ab259859c7df40d1b092d2e828bf38e5.jpeg?imageslim,AcFun,日榜,day,hotlist,,2026-09-26 08:54:42
18,我终于明白什么都不缺的含金量！,,1208,https://www.acfun.cn/v/ac48872781,https://tx-free-imgs.acfun.cn/newUpload/6177430_06f5f9b03edd4f73a3dfeba4cf78db16.jpeg?imageslim,AcFun,日榜,day,hotlist,,2026-09-26 08:54:42
19,“原来和思念的人相见，就是人们常说的团圆” | 愿年年有今夜《妙妙人间》,「愿岁岁年年有此夜。」<br/>To : 虽然隔着屏幕，但同一轮月亮也让我们团圆在这里。中秋快乐呀~<br/>==========<br/>《妙妙人间》<br/>原唱：张含韵<br/>混音：饭団子p<br/>翻唱&视频：露纱琳黛,1118,https://www.acfun.cn/v/ac48871599,https://tx-free-imgs.acfun.cn/newUpload/69790459_0b53ce48e1c7437c9bdd3cf45d53de8f.jpeg?imageslim,AcFun,日榜,day,hotlist,,2026-09-26 08:54:42
20,想和你一起赏月𐔌՞ ܸ.ˬ.ܸ՞𐦯千里邀月,,1108,https://www.acfun.cn/v/ac48873207,https://tx-free-imgs.acfun.cn/newUpload/57336445_c7d705d3782c4b0193b62c6d02e43748.jpg?imageslim,AcFun,日榜,day,hotlist,,2026-09-26 08:54:42
21,忘情牛肉面,,1260,https://www.acfun.cn/v/ac48873433,https://tx-free-imgs.acfun.cn/newUpload/11361784_6fe659c9e31e428c8b700a04d46742fd.jpg?imageslim,AcFun,日榜,day,hotlist,,2026-09-26 08:54:42
22,香煎盐焗鸡｜简单到不可能失败，外焦里嫩巨好吃,,1166,https://www.acfun.cn/v/ac48870521,https://tx-free-imgs.acfun.cn/newUpload/1383198_a8487ee2fe9849dc9807f9da5d193fb1.jpeg?imageslim,AcFun,日榜,day,hotlist,,2026-09-26 08:54:42
23,新肤色超辣！,,1359,https://www.acfun.cn/v/ac48863964,https://tx-free-imgs.acfun.cn/newUpload/12439728_70c7284ba2724c048fb5266f61c33e34.png?imageslim,AcFun,日榜,day,hotlist,,2026-09-26 08:54:42
24,【官方中字】SBR JOJO的奇妙冒险 飙马野郎 2nd＆3rd STAGE 第二集,,1733,https://www.acfun.cn/v/ac48872883,https://tx-free-imgs.acfun.cn/newUpload/30501027_27e89cd7cd684f01a120b8ec666a3896.png?imageslim,AcFun,日榜,day,hotlist,,2026-09-26 08:54:42
25,【绘画过程】9月保底《金秋》,大家中秋快乐！<br/>本月的保底是百贴布~ 某宝同步预售。,1558,https://www.acfun.cn/v/ac48872808,https://tx-free-imgs.acfun.cn/newUpload/179922_630934cb2f3245e5a4a4020570f61eca.png?imageslim,AcFun,日榜,day,hotlist,,2026-09-26 08:54:42
26,【1080P.奇幻冒险】JOJO的奇妙冒险 飙马野郎 (2026)第七季 第二集,1890年，一场世纪大赛“SBR”于美国举开。全长共6000公里，是人类史上第一场骑乘马匹横越北美大陆的比赛！为了拿下高达5千万美元（60亿日元）的冠军奖金，一群强悍的冒险家们正式展开了他们的争战！,1886,https://www.acfun.cn/v/ac48872840,https://tx-free-imgs.acfun.cn/newUpload/903432_bb4a52ee7e3e42cc853e5ff0b8a21e0d.png?imageslim,AcFun,日榜,day,hotlist,,2026-09-26 08:54:42
27,三周摧毁美国东海岸，绿色流感为何无法阻止？【求生之路剧情解析+涂鸦翻译】,刺骨寒溪和最后一战的涂鸦和官方剧情联系不大，因此没有放在视频中；<br/>前面的内容感觉都有点多余，最后的涂鸦翻译才是本体。<br/><br/>,1306,https://www.acfun.cn/v/ac48867996,https://tx-free-imgs.acfun.cn/newUpload/1020536_15195e7242e247fb9dc7a625a61a3662.jpeg?imageslim,AcFun,日榜,day,hotlist,,2026-09-26 08:54:42
28,沙特反水，退出中国主导数字货币桥项目,,1234,https://www.acfun.cn/v/ac48873521,https://tx-free-imgs.acfun.cn/newUpload/43608832_667ff672cc3548f3bae31d62bb9e3f0e.jpeg?imageslim,AcFun,日榜,day,hotlist,,2026-09-26 08:54:42
29,【柯基】《金风玉露》～～～晚风啊～～～,,1179,https://www.acfun.cn/v/ac48872627,https://tx-free-imgs.acfun.cn/newUpload/29493245_88171143b6bd4aa6885743ffe64d6584.png?imageslim,AcFun,日榜,day,hotlist,,2026-09-26 08:54:42
30,中秋节快乐呀！！,,1065,https://www.acfun.cn/v/ac48872753,https://tx-free-imgs.acfun.cn/newUpload/25756908_e40f0ac3bdb34aa6a05629d19ec12f7c.png?imageslim,AcFun,日榜,day,hotlist,,2026-09-26 08:54:42
31,【夏雅】Don t let go of my hand.,,1520,https://www.acfun.cn/v/ac48873108,https://tx-free-imgs.acfun.cn/newUpload/16279345_4e8e1897539648e8869f4815f9bd1572.jpg?imageslim,AcFun,日榜,day,hotlist,,2026-09-26 08:54:42
32,拼凑的断音,动作有做方向上的一些改动等<br/>歌曲：拼凑的断音-（舞蹈：あおい aoi とみたけ tomitake）,1141,https://www.acfun.cn/v/ac48871758,https://tx-free-imgs.acfun.cn/newUpload/12229455_ccda2f5ac69244d1aa813dc04c9a63d5.jpeg?imageslim,AcFun,日榜,day,hotlist,,2026-09-26 08:54:42
33,"宙斯神王也会是这战绩？快速看完一局韩服王者斗殴局#837 Zeus, Racoon, Clozer,","宙斯神王也会是这战绩？快速看完一局韩服王者斗殴局#837 Zeus, Racoon, Clozer, Wenbo, Canyon, 叶秋枫 <br/>BGM:https://music.163.com/playlist?id=650818240&userid=30476594",1234,https://www.acfun.cn/v/ac48865858,https://tx-free-imgs.acfun.cn/newUpload/1378726_0477a53ac6df4eb3b611b241b6a08941.jpeg?imageslim,AcFun,日榜,day,hotlist,,2026-09-26 08:54:42
34,石头剪刀布卖个萌,难得假期来凡人线下嘉年华cos了一下银月，玩得很开心，不知道有没有碰到我的道友～,1113,https://www.acfun.cn/v/ac48873212,https://tx-free-imgs.acfun.cn/newUpload/12229455_c6e4220d0d7c41e2b5d489a9386cbe72.png?imageslim,AcFun,日榜,day,hotlist,,2026-09-26 08:54:42
35,Acfun评论才是本体啊2026年8月和九月,香蕉点赞来一点哦，,1024,https://www.acfun.cn/v/ac48872845,https://tx-free-imgs.acfun.cn/newUpload/36839617_4ce9b7b878c344edbc971706d81900cc.jpeg?imageslim,AcFun,日榜,day,hotlist,,2026-09-26 08:54:42
36,「Super8」《如烟》大家中秋快乐鸭～,原唱：五月天<br/>翻唱：把超人<br/>混音：废废哟<br/>视频：星马豪<br/>录了有一段时间的歌咧，五月天的歌里算很喜欢的一首，词非常喜欢，祝大家中秋快乐哟～,1029,https://www.acfun.cn/v/ac48872351,https://tx-free-imgs.acfun.cn/newUpload/301519_95463a4627374a178e3b102bc74e8bcf.jpeg?imageslim,AcFun,日榜,day,hotlist,,2026-09-26 08:54:42
37,恶魔想成为你的家人！请交出性命！阴间电视台！越南模拟恐怖APTV EP6,喜欢记得关注五蕉~谢谢支持~！,1027,https://www.acfun.cn/v/ac48871608,https://tx-free-imgs.acfun.cn/newUpload/26364938_c8b3f3a89c5d45989f596c7abadfe5de.jpeg?imageslim,AcFun,日榜,day,hotlist,,2026-09-26 08:54:42
38,【猪肝来也】one love,,1090,https://www.acfun.cn/v/ac48873230,https://tx-free-imgs.acfun.cn/newUpload/4599324_253057be5bbe40d1b82d24222d803ec4.jpg?imageslim,AcFun,日榜,day,hotlist,,2026-09-26 08:54:42
39,这身衣服跳什么都好帅啊！哈哈哈,,1105,https://www.acfun.cn/v/ac48872819,https://tx-free-imgs.acfun.cn/newUpload/16380981_3be481ccc3bd44c3a12928fa1f84b25e.png?imageslim,AcFun,日榜,day,hotlist,,2026-09-26 08:54:42
40,告女子书！,,1059,https://www.acfun.cn/v/ac48872722,https://tx-free-imgs.acfun.cn/newUpload/16380981_45b2d4d6fdb34b34876bc5e8fcdaca47.png?imageslim,AcFun,日榜,day,hotlist,,2026-09-26 08:54:42
41,【绝望女神/翻唱】【火影忍者 ED1 Wind】,想听啥继续评论回复~,956,https://www.acfun.cn/v/ac48873021,https://tx-free-imgs.acfun.cn/newUpload/20705199_4163259e9c314ff193a9aac80be14188.jpeg?imageslim,AcFun,日榜,day,hotlist,,2026-09-26 08:54:42
42,加息概率90%：美联储或将亲手刺破AI泡沫,,1094,https://www.acfun.cn/v/ac48873517,https://tx-free-imgs.acfun.cn/newUpload/43608832_8d2f86fa2183404c842a39cc3e7b18b0.jpeg?imageslim,AcFun,日榜,day,hotlist,,2026-09-26 08:54:42
43,十几万买台“莲花”，行吗？,,1115,https://www.acfun.cn/v/ac48872934,https://tx-free-imgs.acfun.cn/newUpload/14288157_b6f51fa0cabc4a0fa6b69c8bffff34ea.jpeg?imageslim,AcFun,日榜,day,hotlist,,2026-09-26 08:54:42
44,明月几时有？我想有时就有～,,1028,https://www.acfun.cn/v/ac48872948,https://tx-free-imgs.acfun.cn/newUpload/31922015_3de6c615f9d24a4ab766c9c22f19d8ed.jpg?imageslim,AcFun,日榜,day,hotlist,,2026-09-26 08:54:42
45,十月新番最爽厕纸！男主化身黄毛！转生夺走原主的女友们！？,十月新番最爽厕纸！男主化身黄毛！转生夺走原主的女友们！？,1156,https://www.acfun.cn/v/ac48873035,https://tx-free-imgs.acfun.cn/newUpload/13467496_1abceb83c1454743bcb9d4abcf823669.jpeg?imageslim,AcFun,日榜,day,hotlist,,2026-09-26 08:54:42
46,open the door,,1240,https://www.acfun.cn/v/ac48873110,https://tx-free-imgs.acfun.cn/newUpload/79951_cacbb88182cb435a99a97d446363fa53.jpg?imageslim,AcFun,日榜,day,hotlist,,2026-09-26 08:54:42
47,又何尝不是一种很新的花灯...,胶佬过中秋有自己的灯笼！其实是万代的MEGX独角兽换了灯组嘻嘻～双节快乐！,1062,https://www.acfun.cn/v/ac48873084,https://tx-free-imgs.acfun.cn/newUpload/13449743_b5143a98667f48bdb3f046459ee13864.jpeg?imageslim,AcFun,日榜,day,hotlist,,2026-09-26 08:54:42
48,【cheerup+快乐指南+nobody】跑调的人去KTV就蹦哒呗～,,808,https://www.acfun.cn/v/ac48872721,https://tx-free-imgs.acfun.cn/newUpload/31922015_51babcf260aa4990ade2ad884f023973.jpg?imageslim,AcFun,日榜,day,hotlist,,2026-09-26 08:54:42
49,白井黑子·佐天泪子 中秋月色双人手势舞【AI动画/超清】,本人本地部署的AI生成图片视频模型制作，硬件英伟达显卡RTX5070TI 16G+96G DDR5 6000内存，花费2小时合成.<br/>这次引入新的二次元动漫人物模型，二次元脸部质量效果会更好些，同时步数可以适当降低，降本增效。引入后期处理工具修复强化背景<br/><br/>人物：佐天泪子 白井黑子<br/>舞蹈技术与BGM：网红手势舞<br/>场景：中秋月色,1168,https://www.acfun.cn/v/ac48871101,https://tx-free-imgs.acfun.cn/newUpload/46764084_397c08849b344139b09a46fb71f814b3.png?imageslim,AcFun,日榜,day,hotlist,,2026-09-26 08:54:42
50,嘀，纣王体验卡,,1141,https://www.acfun.cn/v/ac48872737,https://tx-free-imgs.acfun.cn/newUpload/77181154_7c7593de7b584caebd43b4bb4e8dc517.png?imageslim,AcFun,日榜,day,hotlist,,2026-09-26 08:54:42
1,是谁点的小恶魔，蕉出来～,,6307,https://www.acfun.cn/v/ac48867778,https://tx-free-imgs.acfun.cn/newUpload/17062172_6098fee67d1748e0ab5dab3b5665736c.jpg?imageslim,AcFun,三日榜,three-days,hotlist,,2026-09-26 08:54:42
2,娃：真遗憾，本来打算亲自告诉你们的,嘿嘿希望大家都万事顺意～心想事成,4708,https://www.acfun.cn/v/ac48871740,https://tx-free-imgs.acfun.cn/newUpload/17062172_d1a93166ed084e3aadac2fea4bba0707.jpg?imageslim,AcFun,三日榜,three-days,hotlist,,2026-09-26 08:54:42
3,《野生动物迷惑行为》,喜欢请投蕉啊   谢谢啦！,2903,https://www.acfun.cn/v/ac48868360,https://tx-free-imgs.acfun.cn/newUpload/1342385_3fab348c538e4c0fa001871a708fe302.jpeg?imageslim,AcFun,三日榜,three-days,hotlist,,2026-09-26 08:54:42
4,裸足圆脸仙女下凡～跳一曲千里邀月【可心喵】,,2286,https://www.acfun.cn/v/ac48872448,https://tx-free-imgs.acfun.cn/newUpload/12892608_6691690fd8e944278bda5d5390e1e5a9.jpg?imageslim,AcFun,三日榜,three-days,hotlist,,2026-09-26 08:54:42
5,漫威金刚狼深陷争议！SweetBaby又毁一款？【绅批】,这算是DEI的历史遗留问题了，所有现在已经从sweetbaby离职的人，只要参与过游戏制作也会被署名（比如桥本和真）,2948,https://www.acfun.cn/v/ac48868810,https://tx-free-imgs.acfun.cn/newUpload/526850_ca1da1572b1d494a93e2f6bab46cf76b.jpeg?imageslim,AcFun,三日榜,three-days,hotlist,,2026-09-26 08:54:42
6,因为害怕被讨厌 所以把自己藏起来了,,3212,https://www.acfun.cn/v/ac48871331,https://tx-free-imgs.acfun.cn/newUpload/11361784_3d4bd69b46f541e184c2922c24f09276.jpg?imageslim,AcFun,三日榜,three-days,hotlist,,2026-09-26 08:54:42
7,我真的是来吃饭的！★手机竖屏2013★,审核大大辛苦了！<br/>谢谢每一个投蕉的帅哥美女！香蕉没有来个赞也好啊！<br/>视频来自快手等平台，侵权联系删除！,3902,https://www.acfun.cn/v/ac48869145,https://tx-free-imgs.acfun.cn/newUpload/2176158_eb4b69370b8f435aa2b171e72403d356.gif?imageslim,AcFun,三日榜,three-days,hotlist,,2026-09-26 08:54:42
8,mr chu!!好怀念这首歌,,2140,https://www.acfun.cn/v/ac48869375,https://tx-free-imgs.acfun.cn/newUpload/16380981_19592eb83a88429695ee1a0508fc3df0.png?imageslim,AcFun,三日榜,three-days,hotlist,,2026-09-26 08:54:42
9,拜托了，夫人！★手机竖屏2014★,审核大大辛苦了！<br/>谢谢每一个投蕉的帅哥美女！香蕉没有来个赞也好啊！<br/>视频来自快手等平台，侵权联系删除！,3339,https://www.acfun.cn/v/ac48871493,https://tx-free-imgs.acfun.cn/newUpload/2176158_afaf0913878443b1bc00d636136ffce3.gif?imageslim,AcFun,三日榜,three-days,hotlist,,2026-09-26 08:54:42
10,拳击好啊，拳击得学！欢乐八点档-1781,审核大大辛苦了！<br/>免费的香蕉投一下吧，没有那就点个赞吧，这对我来说很重要，谢谢！！！<br/>谢谢每一个投蕉的帅哥美女！你们是我坚持更新的动力！<br/>视频来自快手等平台，侵权联系删除！,4165,https://www.acfun.cn/v/ac48868336,https://tx-free-imgs.acfun.cn/newUpload/2176158_3f6c601293a54468bae97f781440217b.gif?imageslim,AcFun,三日榜,three-days,hotlist,,2026-09-26 08:54:42
11,这样的学姐喜欢吗？欢乐八点档-1782,审核大大辛苦了！<br/>免费的香蕉投一下吧，没有那就点个赞吧，这对我来说很重要，谢谢！！！<br/>谢谢每一个投蕉的帅哥美女！你们是我坚持更新的动力！<br/>视频来自快手等平台，侵权联系删除！,3827,https://www.acfun.cn/v/ac48870057,https://tx-free-imgs.acfun.cn/newUpload/2176158_4c1f3b60f73e451abc443941d47305d8.gif?imageslim,AcFun,三日榜,three-days,hotlist,,2026-09-26 08:54:42
12,网络上常见的热门短视频集锦   第三千四百四十五期,审核大大辛苦了！<br/>谢谢每一个投蕉的帅哥美女！香蕉没有来个赞也好啊！<br/>视频来自快手等平台，侵权联系删除！,3963,https://www.acfun.cn/v/ac48866824,https://tx-free-imgs.acfun.cn/newUpload/2176158_dba921eb42f14c7ba31a1af83bfe71ce.gif?imageslim,AcFun,三日榜,three-days,hotlist,,2026-09-26 08:54:42
13,空中瑜伽！！！★手机竖屏2012★,审核大大辛苦了！<br/>谢谢每一个投蕉的帅哥美女！香蕉没有来个赞也好啊！<br/>视频来自快手等平台，侵权联系删除！,4476,https://www.acfun.cn/v/ac48866821,https://tx-free-imgs.acfun.cn/newUpload/2176158_610807af48f5463a891fc9f341c9b16f.gif?imageslim,AcFun,三日榜,three-days,hotlist,,2026-09-26 08:54:42
14,厨师长教你：“鱼香肉丝”的家常做法，酸甜微辣，口感丰富,,2057,https://www.acfun.cn/v/ac48867741,https://tx-free-imgs.acfun.cn/newUpload/13274260_93e68d1098d04ffca2683655a6a404c2.jpeg?imageslim,AcFun,三日榜,three-days,hotlist,,2026-09-26 08:54:42
15,和我一起健身吧！！！欢乐八点档-1783,审核大大辛苦了！<br/>免费的香蕉投一下吧，没有那就点个赞吧，这对我来说很重要，谢谢！！！<br/>谢谢每一个投蕉的帅哥美女！你们是我坚持更新的动力！<br/>视频来自快手等平台，侵权联系删除！,2318,https://www.acfun.cn/v/ac48872699,https://tx-free-imgs.acfun.cn/newUpload/2176158_e379c7202d2e43029e07ad17f40cab19.gif?imageslim,AcFun,三日榜,three-days,hotlist,,2026-09-26 08:54:42
16,女妖邪神凶宅索命，最惨主角逆天求生！克系神游《魔女屋中之梦》像素恐怖游戏详细讲述【深夜档】,如何在60天内，让洛夫克拉夫特小说中惨死的倒霉主角逆天改命？这位芬兰作者打造了一部又硬核又忠实的优秀克苏鲁游戏！入住阿卡姆百年凶宅的凡人主角沃尔特·吉尔曼，接连遭到人脸妖鼠，恐怖女巫，不可名状外神的侵袭。白天钻研神秘学知识，梦中游历邪恶异星。他将与密斯卡托尼克大学最强战神亨利·阿米蒂奇教授联手对抗邪神降世！这是一部真正将洛氏“宇宙恐怖”带入到日常，并忠实于原著的游戏，自由度超高且信息量惊人！我将细致地带各位体验这跌宕起伏的60天，看弱小的主角如何起死回生并拯救世界！,1399,https://www.acfun.cn/v/ac48872418,https://tx-free-imgs.acfun.cn/newUpload/817797_2631b7cf26c14c2fbbfb062962a775be.jpeg?imageslim,AcFun,三日榜,three-days,hotlist,,2026-09-26 08:54:42
17,【锅锅x怀瑜x阔落】千里邀月——共饮此杯赏此月，夜好眠,中秋到了，和姐妹们合唱了千里邀月~~<br/>乐：可乐祝大家身体健康，永不加班，月圆人团圆<br/>鱼：怀瑜愿诸位财源广进，常能摸鱼，花好月更圆<br/>锅：锅锅祝大家桂香满锅，早归赏月，饼甜心更甜<br/>祝大家中秋快乐~,1816,https://www.acfun.cn/v/ac48871580,https://tx-free-imgs.acfun.cn/newUpload/67206930_e47be8dbac2546e1b5a4a831e71dabe4.jpeg?imageslim,AcFun,三日榜,three-days,hotlist,,2026-09-26 08:54:42
18,嘴角压不住了【今天有什么好笑的 #2515】,：），谢谢大家的投蕉和点赞，祝你开心愉快~<br/>wallpaper壁纸：Genshin 神里绫华<br/>BGM：Wake me up when september ends,2434,https://www.acfun.cn/v/ac48868130,https://tx-free-imgs.acfun.cn/newUpload/383079_ef65121591434d2b86d53db1622776cd.gif?imageslim,AcFun,三日榜,three-days,hotlist,,2026-09-26 08:54:42
19,现在电脑不好卖了，以后我们出租AI机器人吧,,2347,https://www.acfun.cn/v/ac48867767,https://tx-free-imgs.acfun.cn/newUpload/17928_c684f06231604145b533a0f00627c624.png?imageslim,AcFun,三日榜,three-days,hotlist,,2026-09-26 08:54:42
20,姛姛？！蝴蝶耳机Manget中文翻唱【箐羽Hane】x【缇若柯Teivoc】,“是否你确实表里如一淡然，还是说你——并不似我贪婪？”<br/>《Manget》磁石 / 蝴蝶耳机 - 中文翻唱<br/>原作作曲 / 流星P<br/>曲绘&翻唱 / 箐羽hane & 缇若柯Teivoc<br/>中文填词 / 果汁凉菜<br/>混音 / 风尘<br/>和笋笋一起唱了我们二次元姛神曲！曲绘也是我和笋笋每个人负责了自己的部分最后再拼到一起的！真好！( *^ ^)o(^ ^* )希望大家也能喜欢！,1624,https://www.acfun.cn/v/ac48869340,https://tx-free-imgs.acfun.cn/newUpload/67511609_d868cdbd6b1849e8958696cdc9db1493.jpeg?imageslim,AcFun,三日榜,three-days,hotlist,,2026-09-26 08:54:42
21,我要冲会员【今天有什么好笑的 #2516】,：），谢谢大家的投蕉和点赞，祝你开心愉快~<br/>wallpaper壁纸：Reze | Chainsaw Man<br/>BGM：Nicoleta Matei - Love mail<br/>,2494,https://www.acfun.cn/v/ac48870763,https://tx-free-imgs.acfun.cn/newUpload/383079_47b0fc3f458042f5bd3717967e55c598.gif?imageslim,AcFun,三日榜,three-days,hotlist,,2026-09-26 08:54:42
22,今夜的风悄悄月悄悄~,,1572,https://www.acfun.cn/v/ac48873434,https://tx-free-imgs.acfun.cn/newUpload/23512715_0f364b6606dd467ab9975ffef5af1b29.jpg?imageslim,AcFun,三日榜,three-days,hotlist,,2026-09-26 08:54:42
23,网络上常见的热门短视频集锦   第三千四百四十六期,审核大大辛苦了！<br/>谢谢每一个投蕉的帅哥美女！香蕉没有来个赞也好啊！<br/>视频来自快手等平台，侵权联系删除！,3696,https://www.acfun.cn/v/ac48867732,https://tx-free-imgs.acfun.cn/newUpload/2176158_2ec1d99da19a48e0a8e4ff2a2447e612.gif?imageslim,AcFun,三日榜,three-days,hotlist,,2026-09-26 08:54:42
24,网络上常见的热门短视频集锦   第三千四百四十八期,审核大大辛苦了！<br/>谢谢每一个投蕉的帅哥美女！香蕉没有来个赞也好啊！<br/>视频来自快手等平台，侵权联系删除！,3546,https://www.acfun.cn/v/ac48870020,https://tx-free-imgs.acfun.cn/newUpload/2176158_d65e54f4e9ee489b86b6fc28c31c84ee.gif?imageslim,AcFun,三日榜,three-days,hotlist,,2026-09-26 08:54:42
25,网络上常见的热门短视频集锦   第三千四百四十九期,审核大大辛苦了！<br/>谢谢每一个投蕉的帅哥美女！香蕉没有来个赞也好啊！<br/>视频来自快手等平台，侵权联系删除！,2638,https://www.acfun.cn/v/ac48871496,https://tx-free-imgs.acfun.cn/newUpload/2176158_cf20f7722011491da25ce2efbc799dba.gif?imageslim,AcFun,三日榜,three-days,hotlist,,2026-09-26 08:54:42
26,沦陷️,歌曲舞蹈：沦陷dj版-星奇摇   动作有改编,1750,https://www.acfun.cn/v/ac48869381,https://tx-free-imgs.acfun.cn/newUpload/12229455_aacf9da97a0940ad8e5f0b509d9cc159.jpeg?imageslim,AcFun,三日榜,three-days,hotlist,,2026-09-26 08:54:42
27,交通事故20260923：交通车祸实例，提高安全驾驶意识,,1449,https://www.acfun.cn/v/ac48868861,https://tx-free-imgs.acfun.cn/newUpload/76871961_edea5de6659a4cd2b733a74989043440.jpg?imageslim,AcFun,三日榜,three-days,hotlist,,2026-09-26 08:54:42
28,【4K超高清】「JOJO的奇妙冒险 飙马野郎」第2话,,4723,https://www.acfun.cn/v/ac48872740,https://tx-free-imgs.acfun.cn/newUpload/72840608_a526e08904d049d2b38ce5f38bd71e63.jpeg?imageslim,AcFun,三日榜,three-days,hotlist,,2026-09-26 08:54:42
29,网络上常见的热门短视频集锦   第三千四百四十七期,审核大大辛苦了！<br/>谢谢每一个投蕉的帅哥美女！香蕉没有来个赞也好啊！<br/>视频来自快手等平台，侵权联系删除！,3266,https://www.acfun.cn/v/ac48869149,https://tx-free-imgs.acfun.cn/newUpload/2176158_fdf9afe2e00a4a1aa62415c846776eaf.gif?imageslim,AcFun,三日榜,three-days,hotlist,,2026-09-26 08:54:42
30,短裙挑战！超长翻跳一次看个够~【生日作】,,1463,https://www.acfun.cn/v/ac48872675,https://tx-free-imgs.acfun.cn/newUpload/32485245_415db634556140d1841e2ebb4c0d9371.jpeg?imageslim,AcFun,三日榜,three-days,hotlist,,2026-09-26 08:54:42
31,换你穿越三国乱世，你是起兵还是种田？,有没有宝贝和我一样，看三国的时候总在想，如果换我身在那个乱世，我会怎么样？是起兵争霸，还是归隐山林？ 或是是咱们可以选三国里有名的角色或者可以架空历史从素人做起，一统三国，那会怎么样?我最近就玩了这么一款游戏，一玩就是五个小时，根本停不下来，那今天来聊聊这款开放世界slg游戏《英雄立志传：三国志》~<br/>,1953,https://www.acfun.cn/v/ac48869043,https://tx-free-imgs.acfun.cn/newUpload/61352468_39715609bed041b98b21f3dbb482ad70.jpeg?imageslim,AcFun,三日榜,three-days,hotlist,,2026-09-26 08:54:42
32,老板直聘（89）,,1651,https://www.acfun.cn/v/ac48868552,https://tx-free-imgs.acfun.cn/newUpload/74706824_db2c7ba15c5d4aa18872db6b0763b7ca.jpeg?imageslim,AcFun,三日榜,three-days,hotlist,,2026-09-26 08:54:42
33,人鱼的眼泪,歌曲舞蹈：爱乐之城-人鱼的眼泪,1565,https://www.acfun.cn/v/ac48867050,https://tx-free-imgs.acfun.cn/newUpload/12229455_130b1f041e6741dab4f6295ee27d927e.jpeg?imageslim,AcFun,三日榜,three-days,hotlist,,2026-09-26 08:54:42
34,常州新开巴西烤肉自助，100块钱值得吗？,这是我目前为止，去过的第二家巴西烤肉自助，团购优惠的情况下，花了94元。正常价格在95~110不等<br/><br/>简单带大家看下菜品，除了取餐台这么些，各种牛肉制品、大串烧烤都是循环上桌，大家觉得这么些菜式花样，100块钱左右你们觉得贵还是便宜啊，觉得贵的扣1，觉得便宜的扣2,1888,https://www.acfun.cn/v/ac48868891,https://tx-free-imgs.acfun.cn/newUpload/2046675_bf3a59ddff624646850829452262094e.jpeg?imageslim,AcFun,三日榜,three-days,hotlist,,2026-09-26 08:54:42
35,【颜音】中秋歌回~祝大家节日快乐,皓月凌空，桂香满庭。<br/>愿今夜歌声暖心，祝各位中秋快乐，阖家美满！,1465,https://www.acfun.cn/v/ac48872065,https://tx-free-imgs.acfun.cn/newUpload/4425861_3dab8cdf19a74bf6accbdcd688cd9b6a.jpeg?imageslim,AcFun,三日榜,three-days,hotlist,,2026-09-26 08:54:42
36,在英国差点被上门诈骗,可能看到我一人在家，就大胆敲门了，还好平常也会注意周边邻居，没发生什么事儿，这个金额就算被骗也不会报警，以后还是要小心一些了。#英国日常#vlog,1675,https://www.acfun.cn/v/ac48869505,https://tx-free-imgs.acfun.cn/newUpload/43181603_1c8c6c487a864d098b5e7e7bf2a12c6a.jpg?imageslim,AcFun,三日榜,three-days,hotlist,,2026-09-26 08:54:42
37,原创编舞《千层套路》的定机位竖屏来啦！,,1643,https://www.acfun.cn/v/ac48869245,https://tx-free-imgs.acfun.cn/newUpload/16380981_24bafd11c027499d9fe6820162faa782.png?imageslim,AcFun,三日榜,three-days,hotlist,,2026-09-26 08:54:42
38,网络上常见的热门短视频集锦   第三千四百五十期,审核大大辛苦了！<br/>谢谢每一个投蕉的帅哥美女！香蕉没有来个赞也好啊！<br/>视频来自快手等平台，侵权联系删除！,2570,https://www.acfun.cn/v/ac48872279,https://tx-free-imgs.acfun.cn/newUpload/2176158_a96ecd95394b4517928ac111407f75b1.gif?imageslim,AcFun,三日榜,three-days,hotlist,,2026-09-26 08:54:42
39,北京的最北端在黑龙江？？？国内飞地是怎么形成的？,这份中国地图，是你从未看过的船新版本，放大几倍就会发现，在大家熟悉的各个省份中，还藏着一堆 “你中有我、我中有你” 的飞地。,1822,https://www.acfun.cn/v/ac48867896,https://tx-free-imgs.acfun.cn/newUpload/13630266_cc2428a99a42453f99c9e1306e7a43bb.jpeg?imageslim,AcFun,三日榜,three-days,hotlist,,2026-09-26 08:54:42
40,我要辞职了！,,1701,https://www.acfun.cn/v/ac48863957,https://tx-free-imgs.acfun.cn/newUpload/12439728_7c57a0735675474590bf7b25e1a34527.png?imageslim,AcFun,三日榜,three-days,hotlist,,2026-09-26 08:54:42
41,发个friend圈,,1542,https://www.acfun.cn/v/ac48863958,https://tx-free-imgs.acfun.cn/newUpload/12439728_b44cb67ae45a4c179b08227368f4159c.png?imageslim,AcFun,三日榜,three-days,hotlist,,2026-09-26 08:54:42
42,奥迪“宫斗”十年大结局？一汽拿四环，上汽拿AUDI,一汽奥迪和上汽奥迪“宫斗”了十年，终于要划下句号了？,1729,https://www.acfun.cn/v/ac48870981,https://tx-free-imgs.acfun.cn/newUpload/13630266_3fde785be5a2411495618f67d01ab66a.jpeg?imageslim,AcFun,三日榜,three-days,hotlist,,2026-09-26 08:54:42
43,【东方/汉化】咲夜带你了解汉字【MMD搞笑小剧场】,作者：クローバー,1202,https://www.acfun.cn/v/ac48872652,https://tx-free-imgs.acfun.cn/newUpload/6102_8b2072189ecb4044a7de95bb450d02ed.jpeg?imageslim,AcFun,三日榜,three-days,hotlist,,2026-09-26 08:54:42
44,空姐OL~第57次取消发送,中秋节快乐,1661,https://www.acfun.cn/v/ac48872674,https://tx-free-imgs.acfun.cn/newUpload/14539629_46621bdc88a44c63be63172c5ba6cb6a.jpeg?imageslim,AcFun,三日榜,three-days,hotlist,,2026-09-26 08:54:42
45,捏捏已经已进化到可以吃的地步啦？,,1630,https://www.acfun.cn/v/ac48868638,https://tx-free-imgs.acfun.cn/newUpload/6177430_486c910212d548c991eeb140f146a6ed.jpeg?imageslim,AcFun,三日榜,three-days,hotlist,,2026-09-26 08:54:42
46,【东方】QUEEN【蕾米莉亚 Miy Ver. MMD】,作者：やくも<br/><br/>楽曲:Kanaria 様→https://www.nicovideo.jp/watch/sm4088...<br/>振付:AKIRA様<br/>モーション:P-nez 様→https://www.nicovideo.jp/watch/sm4350...<br/>カメラ:Mizuha様→https://www.nicovideo.jp/watch/sm4353...<br/>モデル:MIy様<br/>ステージ:栗ごはん様<br/>アクセサリ:アスカ様,1262,https://www.acfun.cn/v/ac48870080,https://tx-free-imgs.acfun.cn/newUpload/6102_6a4dce20c9b74fa0bbdff3ccc0a73c5d.png?imageslim,AcFun,三日榜,three-days,hotlist,,2026-09-26 08:54:42
47,望眼欲穿【今天有什么好笑的 #2517】,：），谢谢大家的投蕉和点赞，祝你开心愉快~<br/>Wallpaper壁纸：雪山与女孩<br/>Bgm：あのね。,1827,https://www.acfun.cn/v/ac48872647,https://tx-free-imgs.acfun.cn/newUpload/383079_40beb913fd1a44d3afa053553d53b466.gif?imageslim,AcFun,三日榜,three-days,hotlist,,2026-09-26 08:54:42
48,如果我和她恋爱的话……,,1361,https://www.acfun.cn/v/ac48871545,https://tx-free-imgs.acfun.cn/newUpload/2277346_de526594356a4c9f90b71bf5823054e6.jpg?imageslim,AcFun,三日榜,three-days,hotlist,,2026-09-26 08:54:42
49,这套皮肤真的很喜欢,,1483,https://www.acfun.cn/v/ac48871657,https://tx-free-imgs.acfun.cn/newUpload/16380981_ac9640e59a3a42e093fcee0a0b81d474.jpg?imageslim,AcFun,三日榜,three-days,hotlist,,2026-09-26 08:54:42
50,你吃月饼了吗？,,1446,https://www.acfun.cn/v/ac48869054,https://tx-free-imgs.acfun.cn/newUpload/1167675_8f48723afb0e41ecbe772249b3f4df1a.jpg?imageslim,AcFun,三日榜,three-days,hotlist,,2026-09-26 08:54:42
1,剑戟战斗的巅峰 关卡内容的洼地 偏科严重的《鬼武者：剑之道》,它给人爽的部分是真的爽，但是在每次爽之前，你得堵不少马桶，先生。,4508,https://www.acfun.cn/v/ac48859506,https://tx-free-imgs.acfun.cn/newUpload/934542_5d98ad80ca9c4307b5cdc2051c11cb50.jpeg?imageslim,AcFun,周榜,week,hotlist,,2026-09-26 08:54:42
2,是谁点的小恶魔，蕉出来～,,6307,https://www.acfun.cn/v/ac48867778,https://tx-free-imgs.acfun.cn/newUpload/17062172_6098fee67d1748e0ab5dab3b5665736c.jpg?imageslim,AcFun,周榜,week,hotlist,,2026-09-26 08:54:42
3,跳最开心的一集,,3980,https://www.acfun.cn/v/ac48860571,https://tx-free-imgs.acfun.cn/newUpload/50330447_79a3f269514140c29e7a85fb7c9dc94c.jpg?imageslim,AcFun,周榜,week,hotlist,,2026-09-26 08:54:42
4,喜欢哪套？,,7044,https://www.acfun.cn/v/ac48861422,https://tx-free-imgs.acfun.cn/newUpload/3540234_729e0d22251f439da3735f26e58d174f.jpg?imageslim,AcFun,周榜,week,hotlist,,2026-09-26 08:54:42
5,过期JK碎碎念！,家人们记得蕉一蕉捏 啾咪,5926,https://www.acfun.cn/v/ac48859219,https://tx-free-imgs.acfun.cn/newUpload/17062172_5dd6ea8b5f2741ff87f0911db6dfb909.jpg?imageslim,AcFun,周榜,week,hotlist,,2026-09-26 08:54:42
6,娃：真遗憾，本来打算亲自告诉你们的,嘿嘿希望大家都万事顺意～心想事成,4708,https://www.acfun.cn/v/ac48871740,https://tx-free-imgs.acfun.cn/newUpload/17062172_d1a93166ed084e3aadac2fea4bba0707.jpg?imageslim,AcFun,周榜,week,hotlist,,2026-09-26 08:54:42
7,人间琴悠扬，姑娘把谁记心上～,,2730,https://www.acfun.cn/v/ac48863143,https://tx-free-imgs.acfun.cn/newUpload/50330447_938d77716a11477e843914663278ff07.jpg?imageslim,AcFun,周榜,week,hotlist,,2026-09-26 08:54:42
8,《野生动物迷惑行为》,喜欢请投蕉啊   谢谢啦！,2903,https://www.acfun.cn/v/ac48868360,https://tx-free-imgs.acfun.cn/newUpload/1342385_3fab348c538e4c0fa001871a708fe302.jpeg?imageslim,AcFun,周榜,week,hotlist,,2026-09-26 08:54:42
9,《动物迷惑行为大赏325》,喜欢请投蕉啊 谢谢啦！,2662,https://www.acfun.cn/v/ac48861293,https://tx-free-imgs.acfun.cn/newUpload/1342385_03080470038d444a95ce01ff6a6aeb9f.jpeg?imageslim,AcFun,周榜,week,hotlist,,2026-09-26 08:54:42
10,双马尾小女仆带来的情绪摇～,,4014,https://www.acfun.cn/v/ac48861966,https://tx-free-imgs.acfun.cn/newUpload/11361784_8cee0402b4754b1e82f85b7099791793.jpg?imageslim,AcFun,周榜,week,hotlist,,2026-09-26 08:54:42
11,帮Acer问一下，地址在哪里？欢乐八点档-1779,审核大大辛苦了！<br/>免费的香蕉投一下吧，没有那就点个赞吧，这对我来说很重要，谢谢！！！<br/>谢谢每一个投蕉的帅哥美女！你们是我坚持更新的动力！<br/>视频来自快手等平台，侵权联系删除！,4519,https://www.acfun.cn/v/ac48863633,https://tx-free-imgs.acfun.cn/newUpload/2176158_ff69c3c797d5414e8056b329918cc5b6.gif?imageslim,AcFun,周榜,week,hotlist,,2026-09-26 08:54:42
12,【绘图过程】《海边》6周年纪念插图过程,6周年纪念插图挂画（预售）、沙滩巾（预售），阿宝已上架,3379,https://www.acfun.cn/v/ac48836990,https://tx-free-imgs.acfun.cn/newUpload/179922_9f95aba039e84f3594c3947b3c8fdd58.jpeg?imageslim,AcFun,周榜,week,hotlist,,2026-09-26 08:54:42
13,裸足圆脸仙女下凡～跳一曲千里邀月【可心喵】,,2286,https://www.acfun.cn/v/ac48872448,https://tx-free-imgs.acfun.cn/newUpload/12892608_6691690fd8e944278bda5d5390e1e5a9.jpg?imageslim,AcFun,周榜,week,hotlist,,2026-09-26 08:54:42
14,还是少妇会的多啊！★手机竖屏2011★,审核大大辛苦了！<br/>谢谢每一个投蕉的帅哥美女！香蕉没有来个赞也好啊！<br/>视频来自快手等平台，侵权联系删除！,5245,https://www.acfun.cn/v/ac48864360,https://tx-free-imgs.acfun.cn/newUpload/2176158_3d4f199fd93640468e543b9ee25ac4c0.gif?imageslim,AcFun,周榜,week,hotlist,,2026-09-26 08:54:42
15,漫威金刚狼深陷争议！SweetBaby又毁一款？【绅批】,这算是DEI的历史遗留问题了，所有现在已经从sweetbaby离职的人，只要参与过游戏制作也会被署名（比如桥本和真）,2948,https://www.acfun.cn/v/ac48868810,https://tx-free-imgs.acfun.cn/newUpload/526850_ca1da1572b1d494a93e2f6bab46cf76b.jpeg?imageslim,AcFun,周榜,week,hotlist,,2026-09-26 08:54:42
16,因为害怕被讨厌 所以把自己藏起来了,,3212,https://www.acfun.cn/v/ac48871331,https://tx-free-imgs.acfun.cn/newUpload/11361784_3d4bd69b46f541e184c2922c24f09276.jpg?imageslim,AcFun,周榜,week,hotlist,,2026-09-26 08:54:42
17,我真的是来吃饭的！★手机竖屏2013★,审核大大辛苦了！<br/>谢谢每一个投蕉的帅哥美女！香蕉没有来个赞也好啊！<br/>视频来自快手等平台，侵权联系删除！,3902,https://www.acfun.cn/v/ac48869145,https://tx-free-imgs.acfun.cn/newUpload/2176158_eb4b69370b8f435aa2b171e72403d356.gif?imageslim,AcFun,周榜,week,hotlist,,2026-09-26 08:54:42
18,mr chu!!好怀念这首歌,,2140,https://www.acfun.cn/v/ac48869375,https://tx-free-imgs.acfun.cn/newUpload/16380981_19592eb83a88429695ee1a0508fc3df0.png?imageslim,AcFun,周榜,week,hotlist,,2026-09-26 08:54:42
19,网络上常见的热门短视频集锦   第三千四百三十八期,审核大大辛苦了！<br/>谢谢每一个投蕉的帅哥美女！香蕉没有来个赞也好啊！<br/>视频来自快手等平台，侵权联系删除！,4454,https://www.acfun.cn/v/ac48858394,https://tx-free-imgs.acfun.cn/newUpload/2176158_38174e72af934b9e86687045b01f0dd3.gif?imageslim,AcFun,周榜,week,hotlist,,2026-09-26 08:54:42
20,钓鱼佬是真会享受！欢乐八点档-1777,审核大大辛苦了！<br/>免费的香蕉投一下吧，没有那就点个赞吧，这对我来说很重要，谢谢！！！<br/>谢谢每一个投蕉的帅哥美女！你们是我坚持更新的动力！<br/>视频来自快手等平台，侵权联系删除！,4615,https://www.acfun.cn/v/ac48858969,https://tx-free-imgs.acfun.cn/newUpload/2176158_c9d74d926c4c4d709a4b6b7769dffcca.gif?imageslim,AcFun,周榜,week,hotlist,,2026-09-26 08:54:42
21,一波还未平息一波又来侵袭！★手机竖屏2010★,审核大大辛苦了！<br/>谢谢每一个投蕉的帅哥美女！香蕉没有来个赞也好啊！<br/>视频来自快手等平台，侵权联系删除！,4807,https://www.acfun.cn/v/ac48862013,https://tx-free-imgs.acfun.cn/newUpload/2176158_c4802142afc14d50b2cd775e67890cca.gif?imageslim,AcFun,周榜,week,hotlist,,2026-09-26 08:54:42
22,还是少妇会啊！！！★手机竖屏2009★,审核大大辛苦了！<br/>谢谢每一个投蕉的帅哥美女！香蕉没有来个赞也好啊！<br/>视频来自快手等平台，侵权联系删除！,4909,https://www.acfun.cn/v/ac48859515,https://tx-free-imgs.acfun.cn/newUpload/2176158_d4e9e6e30f4446319f9e720adfe35ef9.gif?imageslim,AcFun,周榜,week,hotlist,,2026-09-26 08:54:42
23,【AC娘】琵琶曲,原作者：Kotte Animation<br/>还有瑕疵，看个乐吧,3181,https://www.acfun.cn/v/ac48864492,https://tx-free-imgs.acfun.cn/newUpload/41729435_02cbd995b6d54f508eb21d3cb8621903.jpeg?imageslim,AcFun,周榜,week,hotlist,,2026-09-26 08:54:42
24,25年了，回坊天花板小酥肉，还是那个味儿,记忆中的味道，回来了，都回来了……<br/>一口椒麻一口鲜，大口吃肉，配上热腾腾的米饭，绝了。<br/>素三鲜也是无敌的存在！,2570,https://www.acfun.cn/v/ac48865538,https://tx-free-imgs.acfun.cn/newUpload/13765438_9bc4a0abf32a4c1aa3e83c844de84649.jpeg?imageslim,AcFun,周榜,week,hotlist,,2026-09-26 08:54:42
25,拜托了，夫人！★手机竖屏2014★,审核大大辛苦了！<br/>谢谢每一个投蕉的帅哥美女！香蕉没有来个赞也好啊！<br/>视频来自快手等平台，侵权联系删除！,3339,https://www.acfun.cn/v/ac48871493,https://tx-free-imgs.acfun.cn/newUpload/2176158_afaf0913878443b1bc00d636136ffce3.gif?imageslim,AcFun,周榜,week,hotlist,,2026-09-26 08:54:42
26,北京豆汁会惩罚每一个好奇的人！欢乐八点档-1780,审核大大辛苦了！<br/>免费的香蕉投一下吧，没有那就点个赞吧，这对我来说很重要，谢谢！！！<br/>谢谢每一个投蕉的帅哥美女！你们是我坚持更新的动力！<br/>视频来自快手等平台，侵权联系删除！,4494,https://www.acfun.cn/v/ac48865965,https://tx-free-imgs.acfun.cn/newUpload/2176158_ec83e6fb2ffc4005b41881ac13dbaeca.gif?imageslim,AcFun,周榜,week,hotlist,,2026-09-26 08:54:42
27,这样的学姐喜欢吗？欢乐八点档-1782,审核大大辛苦了！<br/>免费的香蕉投一下吧，没有那就点个赞吧，这对我来说很重要，谢谢！！！<br/>谢谢每一个投蕉的帅哥美女！你们是我坚持更新的动力！<br/>视频来自快手等平台，侵权联系删除！,3827,https://www.acfun.cn/v/ac48870057,https://tx-free-imgs.acfun.cn/newUpload/2176158_4c1f3b60f73e451abc443941d47305d8.gif?imageslim,AcFun,周榜,week,hotlist,,2026-09-26 08:54:42
28,拳击好啊，拳击得学！欢乐八点档-1781,审核大大辛苦了！<br/>免费的香蕉投一下吧，没有那就点个赞吧，这对我来说很重要，谢谢！！！<br/>谢谢每一个投蕉的帅哥美女！你们是我坚持更新的动力！<br/>视频来自快手等平台，侵权联系删除！,4165,https://www.acfun.cn/v/ac48868336,https://tx-free-imgs.acfun.cn/newUpload/2176158_3f6c601293a54468bae97f781440217b.gif?imageslim,AcFun,周榜,week,hotlist,,2026-09-26 08:54:42
29,你的拳头真是肥嘟嘟的...,动漫：心灵的声音，作者：赵石【韩国】,2200,https://www.acfun.cn/v/ac48859870,https://tx-free-imgs.acfun.cn/newUpload/509259_2fa91d5206504450be471808d9c93a22.jpeg?imageslim,AcFun,周榜,week,hotlist,,2026-09-26 08:54:42
30,这个一字马技术含量很高啊！欢乐八点档-1778,审核大大辛苦了！<br/>免费的香蕉投一下吧，没有那就点个赞吧，这对我来说很重要，谢谢！！！<br/>谢谢每一个投蕉的帅哥美女！你们是我坚持更新的动力！<br/>视频来自快手等平台，侵权联系删除！,4406,https://www.acfun.cn/v/ac48861225,https://tx-free-imgs.acfun.cn/newUpload/2176158_0824627cb76d40dc99ce9cb12c07e4cc.gif?imageslim,AcFun,周榜,week,hotlist,,2026-09-26 08:54:42
31,网络上常见的热门短视频集锦   第三千四百四十五期,审核大大辛苦了！<br/>谢谢每一个投蕉的帅哥美女！香蕉没有来个赞也好啊！<br/>视频来自快手等平台，侵权联系删除！,3963,https://www.acfun.cn/v/ac48866824,https://tx-free-imgs.acfun.cn/newUpload/2176158_dba921eb42f14c7ba31a1af83bfe71ce.gif?imageslim,AcFun,周榜,week,hotlist,,2026-09-26 08:54:42
32,琵琶曲丨夜神月 VS  L,原曲：琵琶曲,2270,https://www.acfun.cn/v/ac48861693,https://tx-free-imgs.acfun.cn/newUpload/16986934_3bf4dd94910c4845acf851f7f0fdb757.jpeg?imageslim,AcFun,周榜,week,hotlist,,2026-09-26 08:54:42
33,网络上常见的热门短视频集锦   第三千四百四十一期,审核大大辛苦了！<br/>谢谢每一个投蕉的帅哥美女！香蕉没有来个赞也好啊！<br/>视频来自快手等平台，侵权联系删除！,4209,https://www.acfun.cn/v/ac48862019,https://tx-free-imgs.acfun.cn/newUpload/2176158_6e5a88d95f344d92a8d97a57f03ac4b9.gif?imageslim,AcFun,周榜,week,hotlist,,2026-09-26 08:54:42
34,空中瑜伽！！！★手机竖屏2012★,审核大大辛苦了！<br/>谢谢每一个投蕉的帅哥美女！香蕉没有来个赞也好啊！<br/>视频来自快手等平台，侵权联系删除！,4476,https://www.acfun.cn/v/ac48866821,https://tx-free-imgs.acfun.cn/newUpload/2176158_610807af48f5463a891fc9f341c9b16f.gif?imageslim,AcFun,周榜,week,hotlist,,2026-09-26 08:54:42
35,厨师长教你：“鱼香肉丝”的家常做法，酸甜微辣，口感丰富,,2057,https://www.acfun.cn/v/ac48867741,https://tx-free-imgs.acfun.cn/newUpload/13274260_93e68d1098d04ffca2683655a6a404c2.jpeg?imageslim,AcFun,周榜,week,hotlist,,2026-09-26 08:54:42
36,网络上常见的热门短视频集锦   第三千四百三十九期,审核大大辛苦了！<br/>谢谢每一个投蕉的帅哥美女！香蕉没有来个赞也好啊！<br/>视频来自快手等平台，侵权联系删除！,4055,https://www.acfun.cn/v/ac48859518,https://tx-free-imgs.acfun.cn/newUpload/2176158_13f61f1aa39c4732bdaeed87fe0e28a4.gif?imageslim,AcFun,周榜,week,hotlist,,2026-09-26 08:54:42
37,一天生产500万个！速冻水饺是如何制造出来的？,,2163,https://www.acfun.cn/v/ac48859253,https://tx-free-imgs.acfun.cn/newUpload/19281632_57f07fe28e24422d948491fd2d43586c.jpeg?imageslim,AcFun,周榜,week,hotlist,,2026-09-26 08:54:42
38,和我一起健身吧！！！欢乐八点档-1783,审核大大辛苦了！<br/>免费的香蕉投一下吧，没有那就点个赞吧，这对我来说很重要，谢谢！！！<br/>谢谢每一个投蕉的帅哥美女！你们是我坚持更新的动力！<br/>视频来自快手等平台，侵权联系删除！,2318,https://www.acfun.cn/v/ac48872699,https://tx-free-imgs.acfun.cn/newUpload/2176158_e379c7202d2e43029e07ad17f40cab19.gif?imageslim,AcFun,周榜,week,hotlist,,2026-09-26 08:54:42
39,今天你不能嫁出去【今天有什么好笑的 #2514】,：)，谢谢大家，祝你们开心。<br/>wallpaper壁纸：Fading Astronaut 5K (update)<br/>BGM：I Want It That Way,2918,https://www.acfun.cn/v/ac48865864,https://tx-free-imgs.acfun.cn/newUpload/383079_ee4f5f7badf74f05a2ef6c691387f327.gif?imageslim,AcFun,周榜,week,hotlist,,2026-09-26 08:54:42
40,女妖邪神凶宅索命，最惨主角逆天求生！克系神游《魔女屋中之梦》像素恐怖游戏详细讲述【深夜档】,如何在60天内，让洛夫克拉夫特小说中惨死的倒霉主角逆天改命？这位芬兰作者打造了一部又硬核又忠实的优秀克苏鲁游戏！入住阿卡姆百年凶宅的凡人主角沃尔特·吉尔曼，接连遭到人脸妖鼠，恐怖女巫，不可名状外神的侵袭。白天钻研神秘学知识，梦中游历邪恶异星。他将与密斯卡托尼克大学最强战神亨利·阿米蒂奇教授联手对抗邪神降世！这是一部真正将洛氏“宇宙恐怖”带入到日常，并忠实于原著的游戏，自由度超高且信息量惊人！我将细致地带各位体验这跌宕起伏的60天，看弱小的主角如何起死回生并拯救世界！,1399,https://www.acfun.cn/v/ac48872418,https://tx-free-imgs.acfun.cn/newUpload/817797_2631b7cf26c14c2fbbfb062962a775be.jpeg?imageslim,AcFun,周榜,week,hotlist,,2026-09-26 08:54:42
41,单纯的约会（92）,,1823,https://www.acfun.cn/v/ac48857199,https://tx-free-imgs.acfun.cn/newUpload/74706824_a3a60d77e6934225b168686e44216c4b.png?imageslim,AcFun,周榜,week,hotlist,,2026-09-26 08:54:42
42,嘴角压不住了【今天有什么好笑的 #2515】,：），谢谢大家的投蕉和点赞，祝你开心愉快~<br/>wallpaper壁纸：Genshin 神里绫华<br/>BGM：Wake me up when september ends,2434,https://www.acfun.cn/v/ac48868130,https://tx-free-imgs.acfun.cn/newUpload/383079_ef65121591434d2b86d53db1622776cd.gif?imageslim,AcFun,周榜,week,hotlist,,2026-09-26 08:54:42
43,【锅锅x怀瑜x阔落】千里邀月——共饮此杯赏此月，夜好眠,中秋到了，和姐妹们合唱了千里邀月~~<br/>乐：可乐祝大家身体健康，永不加班，月圆人团圆<br/>鱼：怀瑜愿诸位财源广进，常能摸鱼，花好月更圆<br/>锅：锅锅祝大家桂香满锅，早归赏月，饼甜心更甜<br/>祝大家中秋快乐~,1816,https://www.acfun.cn/v/ac48871580,https://tx-free-imgs.acfun.cn/newUpload/67206930_e47be8dbac2546e1b5a4a831e71dabe4.jpeg?imageslim,AcFun,周榜,week,hotlist,,2026-09-26 08:54:42
44,【东方】推特东方小视频选集 第272期,睡觉睡觉睡觉睡觉睡觉睡觉睡觉睡觉睡觉睡觉……,1407,https://www.acfun.cn/v/ac48858830,https://tx-free-imgs.acfun.cn/newUpload/6102_5a13d6efeec742ff84c512206aaeb7b0.jpeg?imageslim,AcFun,周榜,week,hotlist,,2026-09-26 08:54:42
45,甜妹来袭！,,2171,https://www.acfun.cn/v/ac48863947,https://tx-free-imgs.acfun.cn/newUpload/12439728_1fd5a3c6e60241a1a1cd8f89dbede769.png?imageslim,AcFun,周榜,week,hotlist,,2026-09-26 08:54:42
46,现在电脑不好卖了，以后我们出租AI机器人吧,,2347,https://www.acfun.cn/v/ac48867767,https://tx-free-imgs.acfun.cn/newUpload/17928_c684f06231604145b533a0f00627c624.png?imageslim,AcFun,周榜,week,hotlist,,2026-09-26 08:54:42
47,网络上常见的热门短视频集锦   第三千四百四十三期,审核大大辛苦了！<br/>谢谢每一个投蕉的帅哥美女！香蕉没有来个赞也好啊！<br/>视频来自快手等平台，侵权联系删除！,3676,https://www.acfun.cn/v/ac48864363,https://tx-free-imgs.acfun.cn/newUpload/2176158_dfef22dbf6934a15a594e5766b8680ca.gif?imageslim,AcFun,周榜,week,hotlist,,2026-09-26 08:54:42
48,嘞个就是爱情【今天有什么好笑的 #2512】,：），谢谢大家的投蕉和点赞，祝你开心愉快~<br/>wallpaper壁纸：lamp<br/>BGM：What a Feeling,2451,https://www.acfun.cn/v/ac48860992,https://tx-free-imgs.acfun.cn/newUpload/383079_172d192fee55441c96b7352f61e0a25f.gif?imageslim,AcFun,周榜,week,hotlist,,2026-09-26 08:54:42
49,网络上常见的热门短视频集锦   第三千四百四十四期,审核大大辛苦了！<br/>谢谢每一个投蕉的帅哥美女！香蕉没有来个赞也好啊！<br/>视频来自快手等平台，侵权联系删除！,3572,https://www.acfun.cn/v/ac48865021,https://tx-free-imgs.acfun.cn/newUpload/2176158_663463f1e6004dc2b4dea153d1e60c05.gif?imageslim,AcFun,周榜,week,hotlist,,2026-09-26 08:54:42
50,姛姛？！蝴蝶耳机Manget中文翻唱【箐羽Hane】x【缇若柯Teivoc】,“是否你确实表里如一淡然，还是说你——并不似我贪婪？”<br/>《Manget》磁石 / 蝴蝶耳机 - 中文翻唱<br/>原作作曲 / 流星P<br/>曲绘&翻唱 / 箐羽hane & 缇若柯Teivoc<br/>中文填词 / 果汁凉菜<br/>混音 / 风尘<br/>和笋笋一起唱了我们二次元姛神曲！曲绘也是我和笋笋每个人负责了自己的部分最后再拼到一起的！真好！( *^ ^)o(^ ^* )希望大家也能喜欢！,1624,https://www.acfun.cn/v/ac48869340,https://tx-free-imgs.acfun.cn/newUpload/67511609_d868cdbd6b1849e8958696cdc9db1493.jpeg?imageslim,AcFun,周榜,week,hotlist,,2026-09-26 08:54:42
1,娃：真遗憾，本来打算亲自告诉你们的,嘿嘿希望大家都万事顺意～心想事成,4783,https://www.acfun.cn/v/ac48871740,https://tx-free-imgs.acfun.cn/newUpload/17062172_d1a93166ed084e3aadac2fea4bba0707.jpg?imageslim,AcFun,日榜,day,hotlist,,2026-09-26 09:29:39
2,裸足圆脸仙女下凡～跳一曲千里邀月【可心喵】,,2327,https://www.acfun.cn/v/ac48872448,https://tx-free-imgs.acfun.cn/newUpload/12892608_6691690fd8e944278bda5d5390e1e5a9.jpg?imageslim,AcFun,日榜,day,hotlist,,2026-09-26 09:29:39
3,拜托了，夫人！★手机竖屏2014★,审核大大辛苦了！<br/>谢谢每一个投蕉的帅哥美女！香蕉没有来个赞也好啊！<br/>视频来自快手等平台，侵权联系删除！,3388,https://www.acfun.cn/v/ac48871493,https://tx-free-imgs.acfun.cn/newUpload/2176158_afaf0913878443b1bc00d636136ffce3.gif?imageslim,AcFun,日榜,day,hotlist,,2026-09-26 09:29:39
4,女妖邪神凶宅索命，最惨主角逆天求生！克系神游《魔女屋中之梦》像素恐怖游戏详细讲述【深夜档】,如何在60天内，让洛夫克拉夫特小说中惨死的倒霉主角逆天改命？这位芬兰作者打造了一部又硬核又忠实的优秀克苏鲁游戏！入住阿卡姆百年凶宅的凡人主角沃尔特·吉尔曼，接连遭到人脸妖鼠，恐怖女巫，不可名状外神的侵袭。白天钻研神秘学知识，梦中游历邪恶异星。他将与密斯卡托尼克大学最强战神亨利·阿米蒂奇教授联手对抗邪神降世！这是一部真正将洛氏“宇宙恐怖”带入到日常，并忠实于原著的游戏，自由度超高且信息量惊人！我将细致地带各位体验这跌宕起伏的60天，看弱小的主角如何起死回生并拯救世界！,1430,https://www.acfun.cn/v/ac48872418,https://tx-free-imgs.acfun.cn/newUpload/817797_2631b7cf26c14c2fbbfb062962a775be.jpeg?imageslim,AcFun,日榜,day,hotlist,,2026-09-26 09:29:39
5,和我一起健身吧！！！欢乐八点档-1783,审核大大辛苦了！<br/>免费的香蕉投一下吧，没有那就点个赞吧，这对我来说很重要，谢谢！！！<br/>谢谢每一个投蕉的帅哥美女！你们是我坚持更新的动力！<br/>视频来自快手等平台，侵权联系删除！,2365,https://www.acfun.cn/v/ac48872699,https://tx-free-imgs.acfun.cn/newUpload/2176158_e379c7202d2e43029e07ad17f40cab19.gif?imageslim,AcFun,日榜,day,hotlist,,2026-09-26 09:29:39
6,【锅锅x怀瑜x阔落】千里邀月——共饮此杯赏此月，夜好眠,中秋到了，和姐妹们合唱了千里邀月~~<br/>乐：可乐祝大家身体健康，永不加班，月圆人团圆<br/>鱼：怀瑜愿诸位财源广进，常能摸鱼，花好月更圆<br/>锅：锅锅祝大家桂香满锅，早归赏月，饼甜心更甜<br/>祝大家中秋快乐~,1832,https://www.acfun.cn/v/ac48871580,https://tx-free-imgs.acfun.cn/newUpload/67206930_e47be8dbac2546e1b5a4a831e71dabe4.jpeg?imageslim,AcFun,日榜,day,hotlist,,2026-09-26 09:29:39
7,今夜的风悄悄月悄悄~,,1712,https://www.acfun.cn/v/ac48873434,https://tx-free-imgs.acfun.cn/newUpload/23512715_0f364b6606dd467ab9975ffef5af1b29.jpg?imageslim,AcFun,日榜,day,hotlist,,2026-09-26 09:29:39
8,【4K超高清】「JOJO的奇妙冒险 飙马野郎」第2话,,4791,https://www.acfun.cn/v/ac48872740,https://tx-free-imgs.acfun.cn/newUpload/72840608_a526e08904d049d2b38ce5f38bd71e63.jpeg?imageslim,AcFun,日榜,day,hotlist,,2026-09-26 09:29:39
9,网络上常见的热门短视频集锦   第三千四百四十九期,审核大大辛苦了！<br/>谢谢每一个投蕉的帅哥美女！香蕉没有来个赞也好啊！<br/>视频来自快手等平台，侵权联系删除！,2667,https://www.acfun.cn/v/ac48871496,https://tx-free-imgs.acfun.cn/newUpload/2176158_cf20f7722011491da25ce2efbc799dba.gif?imageslim,AcFun,日榜,day,hotlist,,2026-09-26 09:29:39
10,网络上常见的热门短视频集锦   第三千四百五十期,审核大大辛苦了！<br/>谢谢每一个投蕉的帅哥美女！香蕉没有来个赞也好啊！<br/>视频来自快手等平台，侵权联系删除！,2608,https://www.acfun.cn/v/ac48872279,https://tx-free-imgs.acfun.cn/newUpload/2176158_a96ecd95394b4517928ac111407f75b1.gif?imageslim,AcFun,日榜,day,hotlist,,2026-09-26 09:29:39
11,短裙挑战！超长翻跳一次看个够~【生日作】,,1477,https://www.acfun.cn/v/ac48872675,https://tx-free-imgs.acfun.cn/newUpload/32485245_415db634556140d1841e2ebb4c0d9371.jpeg?imageslim,AcFun,日榜,day,hotlist,,2026-09-26 09:29:39
12,望眼欲穿【今天有什么好笑的 #2517】,：），谢谢大家的投蕉和点赞，祝你开心愉快~<br/>Wallpaper壁纸：雪山与女孩<br/>Bgm：あのね。,1840,https://www.acfun.cn/v/ac48872647,https://tx-free-imgs.acfun.cn/newUpload/383079_40beb913fd1a44d3afa053553d53b466.gif?imageslim,AcFun,日榜,day,hotlist,,2026-09-26 09:29:39
13,【颜音】中秋歌回~祝大家节日快乐,皓月凌空，桂香满庭。<br/>愿今夜歌声暖心，祝各位中秋快乐，阖家美满！,1479,https://www.acfun.cn/v/ac48872065,https://tx-free-imgs.acfun.cn/newUpload/4425861_3dab8cdf19a74bf6accbdcd688cd9b6a.jpeg?imageslim,AcFun,日榜,day,hotlist,,2026-09-26 09:29:39
14,【东方/汉化】咲夜带你了解汉字【MMD搞笑小剧场】,作者：クローバー,1212,https://www.acfun.cn/v/ac48872652,https://tx-free-imgs.acfun.cn/newUpload/6102_8b2072189ecb4044a7de95bb450d02ed.jpeg?imageslim,AcFun,日榜,day,hotlist,,2026-09-26 09:29:39
15,空姐OL~第57次取消发送,中秋节快乐,1688,https://www.acfun.cn/v/ac48872674,https://tx-free-imgs.acfun.cn/newUpload/14539629_46621bdc88a44c63be63172c5ba6cb6a.jpeg?imageslim,AcFun,日榜,day,hotlist,,2026-09-26 09:29:39
16,如果我和她恋爱的话……,,1386,https://www.acfun.cn/v/ac48871545,https://tx-free-imgs.acfun.cn/newUpload/2277346_de526594356a4c9f90b71bf5823054e6.jpg?imageslim,AcFun,日榜,day,hotlist,,2026-09-26 09:29:39
17,两段不伦恋 15年复仇路《老男孩》吴大秀我的折磨可是一辈子,本期带来《老男孩》50分钟 国庆要到了，铁粉都知道背包住在网红街道 小长假根本没法做节目，阿杰提意带着各自父母一起出去玩几天 所以这几天会加急看看能不能赶出来一期，实再不行就小长假后更新咯，中秋国庆都祝小伙伴开心快乐！,1191,https://www.acfun.cn/v/ac48871285,https://tx-free-imgs.acfun.cn/newUpload/6894185_ab259859c7df40d1b092d2e828bf38e5.jpeg?imageslim,AcFun,日榜,day,hotlist,,2026-09-26 09:29:39
18,我终于明白什么都不缺的含金量！,,1216,https://www.acfun.cn/v/ac48872781,https://tx-free-imgs.acfun.cn/newUpload/6177430_06f5f9b03edd4f73a3dfeba4cf78db16.jpeg?imageslim,AcFun,日榜,day,hotlist,,2026-09-26 09:29:39
19,“原来和思念的人相见，就是人们常说的团圆” | 愿年年有今夜《妙妙人间》,「愿岁岁年年有此夜。」<br/>To : 虽然隔着屏幕，但同一轮月亮也让我们团圆在这里。中秋快乐呀~<br/>==========<br/>《妙妙人间》<br/>原唱：张含韵<br/>混音：饭団子p<br/>翻唱&视频：露纱琳黛,1124,https://www.acfun.cn/v/ac48871599,https://tx-free-imgs.acfun.cn/newUpload/69790459_0b53ce48e1c7437c9bdd3cf45d53de8f.jpeg?imageslim,AcFun,日榜,day,hotlist,,2026-09-26 09:29:39
20,想和你一起赏月𐔌՞ ܸ.ˬ.ܸ՞𐦯千里邀月,,1113,https://www.acfun.cn/v/ac48873207,https://tx-free-imgs.acfun.cn/newUpload/57336445_c7d705d3782c4b0193b62c6d02e43748.jpg?imageslim,AcFun,日榜,day,hotlist,,2026-09-26 09:29:39
21,忘情牛肉面,,1290,https://www.acfun.cn/v/ac48873433,https://tx-free-imgs.acfun.cn/newUpload/11361784_6fe659c9e31e428c8b700a04d46742fd.jpg?imageslim,AcFun,日榜,day,hotlist,,2026-09-26 09:29:39
22,香煎盐焗鸡｜简单到不可能失败，外焦里嫩巨好吃,,1171,https://www.acfun.cn/v/ac48870521,https://tx-free-imgs.acfun.cn/newUpload/1383198_a8487ee2fe9849dc9807f9da5d193fb1.jpeg?imageslim,AcFun,日榜,day,hotlist,,2026-09-26 09:29:39
23,新肤色超辣！,,1365,https://www.acfun.cn/v/ac48863964,https://tx-free-imgs.acfun.cn/newUpload/12439728_70c7284ba2724c048fb5266f61c33e34.png?imageslim,AcFun,日榜,day,hotlist,,2026-09-26 09:29:39
24,【官方中字】SBR JOJO的奇妙冒险 飙马野郎 2nd＆3rd STAGE 第二集,,1756,https://www.acfun.cn/v/ac48872883,https://tx-free-imgs.acfun.cn/newUpload/30501027_27e89cd7cd684f01a120b8ec666a3896.png?imageslim,AcFun,日榜,day,hotlist,,2026-09-26 09:29:39
25,【1080P.奇幻冒险】JOJO的奇妙冒险 飙马野郎 (2026)第七季 第二集,1890年，一场世纪大赛“SBR”于美国举开。全长共6000公里，是人类史上第一场骑乘马匹横越北美大陆的比赛！为了拿下高达5千万美元（60亿日元）的冠军奖金，一群强悍的冒险家们正式展开了他们的争战！,1900,https://www.acfun.cn/v/ac48872840,https://tx-free-imgs.acfun.cn/newUpload/903432_bb4a52ee7e3e42cc853e5ff0b8a21e0d.png?imageslim,AcFun,日榜,day,hotlist,,2026-09-26 09:29:39
26,【绘画过程】9月保底《金秋》,大家中秋快乐！<br/>本月的保底是百贴布~ 某宝同步预售。,1578,https://www.acfun.cn/v/ac48872808,https://tx-free-imgs.acfun.cn/newUpload/179922_630934cb2f3245e5a4a4020570f61eca.png?imageslim,AcFun,日榜,day,hotlist,,2026-09-26 09:29:39
27,沙特反水，退出中国主导数字货币桥项目,,1274,https://www.acfun.cn/v/ac48873521,https://tx-free-imgs.acfun.cn/newUpload/43608832_667ff672cc3548f3bae31d62bb9e3f0e.jpeg?imageslim,AcFun,日榜,day,hotlist,,2026-09-26 09:29:39
28,三周摧毁美国东海岸，绿色流感为何无法阻止？【求生之路剧情解析+涂鸦翻译】,刺骨寒溪和最后一战的涂鸦和官方剧情联系不大，因此没有放在视频中；<br/>前面的内容感觉都有点多余，最后的涂鸦翻译才是本体。<br/><br/>,1322,https://www.acfun.cn/v/ac48867996,https://tx-free-imgs.acfun.cn/newUpload/1020536_15195e7242e247fb9dc7a625a61a3662.jpeg?imageslim,AcFun,日榜,day,hotlist,,2026-09-26 09:29:39
29,【柯基】《金风玉露》～～～晚风啊～～～,,1180,https://www.acfun.cn/v/ac48872627,https://tx-free-imgs.acfun.cn/newUpload/29493245_88171143b6bd4aa6885743ffe64d6584.png?imageslim,AcFun,日榜,day,hotlist,,2026-09-26 09:29:39
30,中秋节快乐呀！！,,1071,https://www.acfun.cn/v/ac48872753,https://tx-free-imgs.acfun.cn/newUpload/25756908_e40f0ac3bdb34aa6a05629d19ec12f7c.png?imageslim,AcFun,日榜,day,hotlist,,2026-09-26 09:29:39
31,【夏雅】Don t let go of my hand.,,1539,https://www.acfun.cn/v/ac48873108,https://tx-free-imgs.acfun.cn/newUpload/16279345_4e8e1897539648e8869f4815f9bd1572.jpg?imageslim,AcFun,日榜,day,hotlist,,2026-09-26 09:29:39
32,拼凑的断音,动作有做方向上的一些改动等<br/>歌曲：拼凑的断音-（舞蹈：あおい aoi とみたけ tomitake）,1149,https://www.acfun.cn/v/ac48871758,https://tx-free-imgs.acfun.cn/newUpload/12229455_ccda2f5ac69244d1aa813dc04c9a63d5.jpeg?imageslim,AcFun,日榜,day,hotlist,,2026-09-26 09:29:39
33,"宙斯神王也会是这战绩？快速看完一局韩服王者斗殴局#837 Zeus, Racoon, Clozer,","宙斯神王也会是这战绩？快速看完一局韩服王者斗殴局#837 Zeus, Racoon, Clozer, Wenbo, Canyon, 叶秋枫 <br/>BGM:https://music.163.com/playlist?id=650818240&userid=30476594",1253,https://www.acfun.cn/v/ac48865858,https://tx-free-imgs.acfun.cn/newUpload/1378726_0477a53ac6df4eb3b611b241b6a08941.jpeg?imageslim,AcFun,日榜,day,hotlist,,2026-09-26 09:29:39
34,石头剪刀布卖个萌,难得假期来凡人线下嘉年华cos了一下银月，玩得很开心，不知道有没有碰到我的道友～,1117,https://www.acfun.cn/v/ac48873212,https://tx-free-imgs.acfun.cn/newUpload/12229455_c6e4220d0d7c41e2b5d489a9386cbe72.png?imageslim,AcFun,日榜,day,hotlist,,2026-09-26 09:29:39
35,Acfun评论才是本体啊2026年8月和九月,香蕉点赞来一点哦，,1030,https://www.acfun.cn/v/ac48872845,https://tx-free-imgs.acfun.cn/newUpload/36839617_4ce9b7b878c344edbc971706d81900cc.jpeg?imageslim,AcFun,日榜,day,hotlist,,2026-09-26 09:29:39
36,加息概率90%：美联储或将亲手刺破AI泡沫,,1114,https://www.acfun.cn/v/ac48873517,https://tx-free-imgs.acfun.cn/newUpload/43608832_8d2f86fa2183404c842a39cc3e7b18b0.jpeg?imageslim,AcFun,日榜,day,hotlist,,2026-09-26 09:29:39
37,「Super8」《如烟》大家中秋快乐鸭～,原唱：五月天<br/>翻唱：把超人<br/>混音：废废哟<br/>视频：星马豪<br/>录了有一段时间的歌咧，五月天的歌里算很喜欢的一首，词非常喜欢，祝大家中秋快乐哟～,1037,https://www.acfun.cn/v/ac48872351,https://tx-free-imgs.acfun.cn/newUpload/301519_95463a4627374a178e3b102bc74e8bcf.jpeg?imageslim,AcFun,日榜,day,hotlist,,2026-09-26 09:29:39
38,恶魔想成为你的家人！请交出性命！阴间电视台！越南模拟恐怖APTV EP6,喜欢记得关注五蕉~谢谢支持~！,1030,https://www.acfun.cn/v/ac48871608,https://tx-free-imgs.acfun.cn/newUpload/26364938_c8b3f3a89c5d45989f596c7abadfe5de.jpeg?imageslim,AcFun,日榜,day,hotlist,,2026-09-26 09:29:39
39,【猪肝来也】one love,,1097,https://www.acfun.cn/v/ac48873230,https://tx-free-imgs.acfun.cn/newUpload/4599324_253057be5bbe40d1b82d24222d803ec4.jpg?imageslim,AcFun,日榜,day,hotlist,,2026-09-26 09:29:39
40,这身衣服跳什么都好帅啊！哈哈哈,,1106,https://www.acfun.cn/v/ac48872819,https://tx-free-imgs.acfun.cn/newUpload/16380981_3be481ccc3bd44c3a12928fa1f84b25e.png?imageslim,AcFun,日榜,day,hotlist,,2026-09-26 09:29:39
41,告女子书！,,1059,https://www.acfun.cn/v/ac48872722,https://tx-free-imgs.acfun.cn/newUpload/16380981_45b2d4d6fdb34b34876bc5e8fcdaca47.png?imageslim,AcFun,日榜,day,hotlist,,2026-09-26 09:29:39
42,十几万买台“莲花”，行吗？,,1123,https://www.acfun.cn/v/ac48872934,https://tx-free-imgs.acfun.cn/newUpload/14288157_b6f51fa0cabc4a0fa6b69c8bffff34ea.jpeg?imageslim,AcFun,日榜,day,hotlist,,2026-09-26 09:29:39
43,【绝望女神/翻唱】【火影忍者 ED1 Wind】,想听啥继续评论回复~,963,https://www.acfun.cn/v/ac48873021,https://tx-free-imgs.acfun.cn/newUpload/20705199_4163259e9c314ff193a9aac80be14188.jpeg?imageslim,AcFun,日榜,day,hotlist,,2026-09-26 09:29:39
44,明月几时有？我想有时就有～,,1029,https://www.acfun.cn/v/ac48872948,https://tx-free-imgs.acfun.cn/newUpload/31922015_3de6c615f9d24a4ab766c9c22f19d8ed.jpg?imageslim,AcFun,日榜,day,hotlist,,2026-09-26 09:29:39
45,open the door,,1258,https://www.acfun.cn/v/ac48873110,https://tx-free-imgs.acfun.cn/newUpload/79951_cacbb88182cb435a99a97d446363fa53.jpg?imageslim,AcFun,日榜,day,hotlist,,2026-09-26 09:29:39
46,十月新番最爽厕纸！男主化身黄毛！转生夺走原主的女友们！？,十月新番最爽厕纸！男主化身黄毛！转生夺走原主的女友们！？,1165,https://www.acfun.cn/v/ac48873035,https://tx-free-imgs.acfun.cn/newUpload/13467496_1abceb83c1454743bcb9d4abcf823669.jpeg?imageslim,AcFun,日榜,day,hotlist,,2026-09-26 09:29:39
47,又何尝不是一种很新的花灯...,胶佬过中秋有自己的灯笼！其实是万代的MEGX独角兽换了灯组嘻嘻～双节快乐！,1067,https://www.acfun.cn/v/ac48873084,https://tx-free-imgs.acfun.cn/newUpload/13449743_b5143a98667f48bdb3f046459ee13864.jpeg?imageslim,AcFun,日榜,day,hotlist,,2026-09-26 09:29:39
48,【cheerup+快乐指南+nobody】跑调的人去KTV就蹦哒呗～,,815,https://www.acfun.cn/v/ac48872721,https://tx-free-imgs.acfun.cn/newUpload/31922015_51babcf260aa4990ade2ad884f023973.jpg?imageslim,AcFun,日榜,day,hotlist,,2026-09-26 09:29:39
49,嘀，纣王体验卡,,1150,https://www.acfun.cn/v/ac48872737,https://tx-free-imgs.acfun.cn/newUpload/77181154_7c7593de7b584caebd43b4bb4e8dc517.png?imageslim,AcFun,日榜,day,hotlist,,2026-09-26 09:29:39
50,TGS现场女玩家击败虎牢关吕布【真三国无双2with猛将传】复刻版,Up主现场实拍TGS2026《真三国无双2with猛将传】复刻版现场试玩,1059,https://www.acfun.cn/v/ac48873376,https://tx-free-imgs.acfun.cn/newUpload/17097644_3295b46ed232444db8c34ee0206b58a7.png?imageslim,AcFun,日榜,day,hotlist,,2026-09-26 09:29:39
1,是谁点的小恶魔，蕉出来～,,6314,https://www.acfun.cn/v/ac48867778,https://tx-free-imgs.acfun.cn/newUpload/17062172_6098fee67d1748e0ab5dab3b5665736c.jpg?imageslim,AcFun,三日榜,three-days,hotlist,,2026-09-26 09:29:39
2,娃：真遗憾，本来打算亲自告诉你们的,嘿嘿希望大家都万事顺意～心想事成,4783,https://www.acfun.cn/v/ac48871740,https://tx-free-imgs.acfun.cn/newUpload/17062172_d1a93166ed084e3aadac2fea4bba0707.jpg?imageslim,AcFun,三日榜,three-days,hotlist,,2026-09-26 09:29:39
3,《野生动物迷惑行为》,喜欢请投蕉啊   谢谢啦！,2903,https://www.acfun.cn/v/ac48868360,https://tx-free-imgs.acfun.cn/newUpload/1342385_3fab348c538e4c0fa001871a708fe302.jpeg?imageslim,AcFun,三日榜,three-days,hotlist,,2026-09-26 09:29:39
4,裸足圆脸仙女下凡～跳一曲千里邀月【可心喵】,,2329,https://www.acfun.cn/v/ac48872448,https://tx-free-imgs.acfun.cn/newUpload/12892608_6691690fd8e944278bda5d5390e1e5a9.jpg?imageslim,AcFun,三日榜,three-days,hotlist,,2026-09-26 09:29:39
5,漫威金刚狼深陷争议！SweetBaby又毁一款？【绅批】,这算是DEI的历史遗留问题了，所有现在已经从sweetbaby离职的人，只要参与过游戏制作也会被署名（比如桥本和真）,2953,https://www.acfun.cn/v/ac48868810,https://tx-free-imgs.acfun.cn/newUpload/526850_ca1da1572b1d494a93e2f6bab46cf76b.jpeg?imageslim,AcFun,三日榜,three-days,hotlist,,2026-09-26 09:29:39
6,因为害怕被讨厌 所以把自己藏起来了,,3213,https://www.acfun.cn/v/ac48871331,https://tx-free-imgs.acfun.cn/newUpload/11361784_3d4bd69b46f541e184c2922c24f09276.jpg?imageslim,AcFun,三日榜,three-days,hotlist,,2026-09-26 09:29:39
7,我真的是来吃饭的！★手机竖屏2013★,审核大大辛苦了！<br/>谢谢每一个投蕉的帅哥美女！香蕉没有来个赞也好啊！<br/>视频来自快手等平台，侵权联系删除！,3906,https://www.acfun.cn/v/ac48869145,https://tx-free-imgs.acfun.cn/newUpload/2176158_eb4b69370b8f435aa2b171e72403d356.gif?imageslim,AcFun,三日榜,three-days,hotlist,,2026-09-26 09:29:39
8,mr chu!!好怀念这首歌,,2142,https://www.acfun.cn/v/ac48869375,https://tx-free-imgs.acfun.cn/newUpload/16380981_19592eb83a88429695ee1a0508fc3df0.png?imageslim,AcFun,三日榜,three-days,hotlist,,2026-09-26 09:29:39
9,拜托了，夫人！★手机竖屏2014★,审核大大辛苦了！<br/>谢谢每一个投蕉的帅哥美女！香蕉没有来个赞也好啊！<br/>视频来自快手等平台，侵权联系删除！,3388,https://www.acfun.cn/v/ac48871493,https://tx-free-imgs.acfun.cn/newUpload/2176158_afaf0913878443b1bc00d636136ffce3.gif?imageslim,AcFun,三日榜,three-days,hotlist,,2026-09-26 09:29:39
10,这样的学姐喜欢吗？欢乐八点档-1782,审核大大辛苦了！<br/>免费的香蕉投一下吧，没有那就点个赞吧，这对我来说很重要，谢谢！！！<br/>谢谢每一个投蕉的帅哥美女！你们是我坚持更新的动力！<br/>视频来自快手等平台，侵权联系删除！,3839,https://www.acfun.cn/v/ac48870057,https://tx-free-imgs.acfun.cn/newUpload/2176158_4c1f3b60f73e451abc443941d47305d8.gif?imageslim,AcFun,三日榜,three-days,hotlist,,2026-09-26 09:29:39
11,拳击好啊，拳击得学！欢乐八点档-1781,审核大大辛苦了！<br/>免费的香蕉投一下吧，没有那就点个赞吧，这对我来说很重要，谢谢！！！<br/>谢谢每一个投蕉的帅哥美女！你们是我坚持更新的动力！<br/>视频来自快手等平台，侵权联系删除！,4165,https://www.acfun.cn/v/ac48868336,https://tx-free-imgs.acfun.cn/newUpload/2176158_3f6c601293a54468bae97f781440217b.gif?imageslim,AcFun,三日榜,three-days,hotlist,,2026-09-26 09:29:39
12,网络上常见的热门短视频集锦   第三千四百四十五期,审核大大辛苦了！<br/>谢谢每一个投蕉的帅哥美女！香蕉没有来个赞也好啊！<br/>视频来自快手等平台，侵权联系删除！,3963,https://www.acfun.cn/v/ac48866824,https://tx-free-imgs.acfun.cn/newUpload/2176158_dba921eb42f14c7ba31a1af83bfe71ce.gif?imageslim,AcFun,三日榜,three-days,hotlist,,2026-09-26 09:29:39
13,空中瑜伽！！！★手机竖屏2012★,审核大大辛苦了！<br/>谢谢每一个投蕉的帅哥美女！香蕉没有来个赞也好啊！<br/>视频来自快手等平台，侵权联系删除！,4476,https://www.acfun.cn/v/ac48866821,https://tx-free-imgs.acfun.cn/newUpload/2176158_610807af48f5463a891fc9f341c9b16f.gif?imageslim,AcFun,三日榜,three-days,hotlist,,2026-09-26 09:29:39
14,厨师长教你：“鱼香肉丝”的家常做法，酸甜微辣，口感丰富,,2057,https://www.acfun.cn/v/ac48867741,https://tx-free-imgs.acfun.cn/newUpload/13274260_93e68d1098d04ffca2683655a6a404c2.jpeg?imageslim,AcFun,三日榜,three-days,hotlist,,2026-09-26 09:29:39
15,女妖邪神凶宅索命，最惨主角逆天求生！克系神游《魔女屋中之梦》像素恐怖游戏详细讲述【深夜档】,如何在60天内，让洛夫克拉夫特小说中惨死的倒霉主角逆天改命？这位芬兰作者打造了一部又硬核又忠实的优秀克苏鲁游戏！入住阿卡姆百年凶宅的凡人主角沃尔特·吉尔曼，接连遭到人脸妖鼠，恐怖女巫，不可名状外神的侵袭。白天钻研神秘学知识，梦中游历邪恶异星。他将与密斯卡托尼克大学最强战神亨利·阿米蒂奇教授联手对抗邪神降世！这是一部真正将洛氏“宇宙恐怖”带入到日常，并忠实于原著的游戏，自由度超高且信息量惊人！我将细致地带各位体验这跌宕起伏的60天，看弱小的主角如何起死回生并拯救世界！,1430,https://www.acfun.cn/v/ac48872418,https://tx-free-imgs.acfun.cn/newUpload/817797_2631b7cf26c14c2fbbfb062962a775be.jpeg?imageslim,AcFun,三日榜,three-days,hotlist,,2026-09-26 09:29:39
16,和我一起健身吧！！！欢乐八点档-1783,审核大大辛苦了！<br/>免费的香蕉投一下吧，没有那就点个赞吧，这对我来说很重要，谢谢！！！<br/>谢谢每一个投蕉的帅哥美女！你们是我坚持更新的动力！<br/>视频来自快手等平台，侵权联系删除！,2365,https://www.acfun.cn/v/ac48872699,https://tx-free-imgs.acfun.cn/newUpload/2176158_e379c7202d2e43029e07ad17f40cab19.gif?imageslim,AcFun,三日榜,three-days,hotlist,,2026-09-26 09:29:39
17,【锅锅x怀瑜x阔落】千里邀月——共饮此杯赏此月，夜好眠,中秋到了，和姐妹们合唱了千里邀月~~<br/>乐：可乐祝大家身体健康，永不加班，月圆人团圆<br/>鱼：怀瑜愿诸位财源广进，常能摸鱼，花好月更圆<br/>锅：锅锅祝大家桂香满锅，早归赏月，饼甜心更甜<br/>祝大家中秋快乐~,1832,https://www.acfun.cn/v/ac48871580,https://tx-free-imgs.acfun.cn/newUpload/67206930_e47be8dbac2546e1b5a4a831e71dabe4.jpeg?imageslim,AcFun,三日榜,three-days,hotlist,,2026-09-26 09:29:39
18,嘴角压不住了【今天有什么好笑的 #2515】,：），谢谢大家的投蕉和点赞，祝你开心愉快~<br/>wallpaper壁纸：Genshin 神里绫华<br/>BGM：Wake me up when september ends,2439,https://www.acfun.cn/v/ac48868130,https://tx-free-imgs.acfun.cn/newUpload/383079_ef65121591434d2b86d53db1622776cd.gif?imageslim,AcFun,三日榜,three-days,hotlist,,2026-09-26 09:29:39
19,现在电脑不好卖了，以后我们出租AI机器人吧,,2358,https://www.acfun.cn/v/ac48867767,https://tx-free-imgs.acfun.cn/newUpload/17928_c684f06231604145b533a0f00627c624.png?imageslim,AcFun,三日榜,three-days,hotlist,,2026-09-26 09:29:39
20,姛姛？！蝴蝶耳机Manget中文翻唱【箐羽Hane】x【缇若柯Teivoc】,“是否你确实表里如一淡然，还是说你——并不似我贪婪？”<br/>《Manget》磁石 / 蝴蝶耳机 - 中文翻唱<br/>原作作曲 / 流星P<br/>曲绘&翻唱 / 箐羽hane & 缇若柯Teivoc<br/>中文填词 / 果汁凉菜<br/>混音 / 风尘<br/>和笋笋一起唱了我们二次元姛神曲！曲绘也是我和笋笋每个人负责了自己的部分最后再拼到一起的！真好！( *^ ^)o(^ ^* )希望大家也能喜欢！,1630,https://www.acfun.cn/v/ac48869340,https://tx-free-imgs.acfun.cn/newUpload/67511609_d868cdbd6b1849e8958696cdc9db1493.jpeg?imageslim,AcFun,三日榜,three-days,hotlist,,2026-09-26 09:29:39
21,我要冲会员【今天有什么好笑的 #2516】,：），谢谢大家的投蕉和点赞，祝你开心愉快~<br/>wallpaper壁纸：Reze | Chainsaw Man<br/>BGM：Nicoleta Matei - Love mail<br/>,2497,https://www.acfun.cn/v/ac48870763,https://tx-free-imgs.acfun.cn/newUpload/383079_47b0fc3f458042f5bd3717967e55c598.gif?imageslim,AcFun,三日榜,three-days,hotlist,,2026-09-26 09:29:39
22,今夜的风悄悄月悄悄~,,1712,https://www.acfun.cn/v/ac48873434,https://tx-free-imgs.acfun.cn/newUpload/23512715_0f364b6606dd467ab9975ffef5af1b29.jpg?imageslim,AcFun,三日榜,three-days,hotlist,,2026-09-26 09:29:39
23,【4K超高清】「JOJO的奇妙冒险 飙马野郎」第2话,,4791,https://www.acfun.cn/v/ac48872740,https://tx-free-imgs.acfun.cn/newUpload/72840608_a526e08904d049d2b38ce5f38bd71e63.jpeg?imageslim,AcFun,三日榜,three-days,hotlist,,2026-09-26 09:29:39
24,网络上常见的热门短视频集锦   第三千四百四十八期,审核大大辛苦了！<br/>谢谢每一个投蕉的帅哥美女！香蕉没有来个赞也好啊！<br/>视频来自快手等平台，侵权联系删除！,3557,https://www.acfun.cn/v/ac48870020,https://tx-free-imgs.acfun.cn/newUpload/2176158_d65e54f4e9ee489b86b6fc28c31c84ee.gif?imageslim,AcFun,三日榜,three-days,hotlist,,2026-09-26 09:29:39
25,网络上常见的热门短视频集锦   第三千四百四十六期,审核大大辛苦了！<br/>谢谢每一个投蕉的帅哥美女！香蕉没有来个赞也好啊！<br/>视频来自快手等平台，侵权联系删除！,3697,https://www.acfun.cn/v/ac48867732,https://tx-free-imgs.acfun.cn/newUpload/2176158_2ec1d99da19a48e0a8e4ff2a2447e612.gif?imageslim,AcFun,三日榜,three-days,hotlist,,2026-09-26 09:29:39
26,网络上常见的热门短视频集锦   第三千四百四十九期,审核大大辛苦了！<br/>谢谢每一个投蕉的帅哥美女！香蕉没有来个赞也好啊！<br/>视频来自快手等平台，侵权联系删除！,2667,https://www.acfun.cn/v/ac48871496,https://tx-free-imgs.acfun.cn/newUpload/2176158_cf20f7722011491da25ce2efbc799dba.gif?imageslim,AcFun,三日榜,three-days,hotlist,,2026-09-26 09:29:39
27,沦陷️,歌曲舞蹈：沦陷dj版-星奇摇   动作有改编,1755,https://www.acfun.cn/v/ac48869381,https://tx-free-imgs.acfun.cn/newUpload/12229455_aacf9da97a0940ad8e5f0b509d9cc159.jpeg?imageslim,AcFun,三日榜,three-days,hotlist,,2026-09-26 09:29:39
28,交通事故20260923：交通车祸实例，提高安全驾驶意识,,1451,https://www.acfun.cn/v/ac48868861,https://tx-free-imgs.acfun.cn/newUpload/76871961_edea5de6659a4cd2b733a74989043440.jpg?imageslim,AcFun,三日榜,three-days,hotlist,,2026-09-26 09:29:39
29,换你穿越三国乱世，你是起兵还是种田？,有没有宝贝和我一样，看三国的时候总在想，如果换我身在那个乱世，我会怎么样？是起兵争霸，还是归隐山林？ 或是是咱们可以选三国里有名的角色或者可以架空历史从素人做起，一统三国，那会怎么样?我最近就玩了这么一款游戏，一玩就是五个小时，根本停不下来，那今天来聊聊这款开放世界slg游戏《英雄立志传：三国志》~<br/>,1966,https://www.acfun.cn/v/ac48869043,https://tx-free-imgs.acfun.cn/newUpload/61352468_39715609bed041b98b21f3dbb482ad70.jpeg?imageslim,AcFun,三日榜,three-days,hotlist,,2026-09-26 09:29:39
30,短裙挑战！超长翻跳一次看个够~【生日作】,,1477,https://www.acfun.cn/v/ac48872675,https://tx-free-imgs.acfun.cn/newUpload/32485245_415db634556140d1841e2ebb4c0d9371.jpeg?imageslim,AcFun,三日榜,three-days,hotlist,,2026-09-26 09:29:39
31,网络上常见的热门短视频集锦   第三千四百四十七期,审核大大辛苦了！<br/>谢谢每一个投蕉的帅哥美女！香蕉没有来个赞也好啊！<br/>视频来自快手等平台，侵权联系删除！,3278,https://www.acfun.cn/v/ac48869149,https://tx-free-imgs.acfun.cn/newUpload/2176158_fdf9afe2e00a4a1aa62415c846776eaf.gif?imageslim,AcFun,三日榜,three-days,hotlist,,2026-09-26 09:29:39
32,老板直聘（89）,,1651,https://www.acfun.cn/v/ac48868552,https://tx-free-imgs.acfun.cn/newUpload/74706824_db2c7ba15c5d4aa18872db6b0763b7ca.jpeg?imageslim,AcFun,三日榜,three-days,hotlist,,2026-09-26 09:29:39
33,人鱼的眼泪,歌曲舞蹈：爱乐之城-人鱼的眼泪,1566,https://www.acfun.cn/v/ac48867050,https://tx-free-imgs.acfun.cn/newUpload/12229455_130b1f041e6741dab4f6295ee27d927e.jpeg?imageslim,AcFun,三日榜,three-days,hotlist,,2026-09-26 09:29:39
34,常州新开巴西烤肉自助，100块钱值得吗？,这是我目前为止，去过的第二家巴西烤肉自助，团购优惠的情况下，花了94元。正常价格在95~110不等<br/><br/>简单带大家看下菜品，除了取餐台这么些，各种牛肉制品、大串烧烤都是循环上桌，大家觉得这么些菜式花样，100块钱左右你们觉得贵还是便宜啊，觉得贵的扣1，觉得便宜的扣2,1890,https://www.acfun.cn/v/ac48868891,https://tx-free-imgs.acfun.cn/newUpload/2046675_bf3a59ddff624646850829452262094e.jpeg?imageslim,AcFun,三日榜,three-days,hotlist,,2026-09-26 09:29:39
35,【颜音】中秋歌回~祝大家节日快乐,皓月凌空，桂香满庭。<br/>愿今夜歌声暖心，祝各位中秋快乐，阖家美满！,1479,https://www.acfun.cn/v/ac48872065,https://tx-free-imgs.acfun.cn/newUpload/4425861_3dab8cdf19a74bf6accbdcd688cd9b6a.jpeg?imageslim,AcFun,三日榜,three-days,hotlist,,2026-09-26 09:29:39
36,在英国差点被上门诈骗,可能看到我一人在家，就大胆敲门了，还好平常也会注意周边邻居，没发生什么事儿，这个金额就算被骗也不会报警，以后还是要小心一些了。#英国日常#vlog,1678,https://www.acfun.cn/v/ac48869505,https://tx-free-imgs.acfun.cn/newUpload/43181603_1c8c6c487a864d098b5e7e7bf2a12c6a.jpg?imageslim,AcFun,三日榜,three-days,hotlist,,2026-09-26 09:29:39
37,网络上常见的热门短视频集锦   第三千四百五十期,审核大大辛苦了！<br/>谢谢每一个投蕉的帅哥美女！香蕉没有来个赞也好啊！<br/>视频来自快手等平台，侵权联系删除！,2608,https://www.acfun.cn/v/ac48872279,https://tx-free-imgs.acfun.cn/newUpload/2176158_a96ecd95394b4517928ac111407f75b1.gif?imageslim,AcFun,三日榜,three-days,hotlist,,2026-09-26 09:29:39
38,原创编舞《千层套路》的定机位竖屏来啦！,,1645,https://www.acfun.cn/v/ac48869245,https://tx-free-imgs.acfun.cn/newUpload/16380981_24bafd11c027499d9fe6820162faa782.png?imageslim,AcFun,三日榜,three-days,hotlist,,2026-09-26 09:29:39
39,北京的最北端在黑龙江？？？国内飞地是怎么形成的？,这份中国地图，是你从未看过的船新版本，放大几倍就会发现，在大家熟悉的各个省份中，还藏着一堆 “你中有我、我中有你” 的飞地。,1824,https://www.acfun.cn/v/ac48867896,https://tx-free-imgs.acfun.cn/newUpload/13630266_cc2428a99a42453f99c9e1306e7a43bb.jpeg?imageslim,AcFun,三日榜,three-days,hotlist,,2026-09-26 09:29:39
40,我要辞职了！,,1701,https://www.acfun.cn/v/ac48863957,https://tx-free-imgs.acfun.cn/newUpload/12439728_7c57a0735675474590bf7b25e1a34527.png?imageslim,AcFun,三日榜,three-days,hotlist,,2026-09-26 09:29:39
41,发个friend圈,,1544,https://www.acfun.cn/v/ac48863958,https://tx-free-imgs.acfun.cn/newUpload/12439728_b44cb67ae45a4c179b08227368f4159c.png?imageslim,AcFun,三日榜,three-days,hotlist,,2026-09-26 09:29:39
42,空姐OL~第57次取消发送,中秋节快乐,1688,https://www.acfun.cn/v/ac48872674,https://tx-free-imgs.acfun.cn/newUpload/14539629_46621bdc88a44c63be63172c5ba6cb6a.jpeg?imageslim,AcFun,三日榜,three-days,hotlist,,2026-09-26 09:29:39
43,奥迪“宫斗”十年大结局？一汽拿四环，上汽拿AUDI,一汽奥迪和上汽奥迪“宫斗”了十年，终于要划下句号了？,1735,https://www.acfun.cn/v/ac48870981,https://tx-free-imgs.acfun.cn/newUpload/13630266_3fde785be5a2411495618f67d01ab66a.jpeg?imageslim,AcFun,三日榜,three-days,hotlist,,2026-09-26 09:29:39
44,【东方/汉化】咲夜带你了解汉字【MMD搞笑小剧场】,作者：クローバー,1212,https://www.acfun.cn/v/ac48872652,https://tx-free-imgs.acfun.cn/newUpload/6102_8b2072189ecb4044a7de95bb450d02ed.jpeg?imageslim,AcFun,三日榜,three-days,hotlist,,2026-09-26 09:29:39
45,捏捏已经已进化到可以吃的地步啦？,,1632,https://www.acfun.cn/v/ac48868638,https://tx-free-imgs.acfun.cn/newUpload/6177430_486c910212d548c991eeb140f146a6ed.jpeg?imageslim,AcFun,三日榜,three-days,hotlist,,2026-09-26 09:29:39
46,【东方】QUEEN【蕾米莉亚 Miy Ver. MMD】,作者：やくも<br/><br/>楽曲:Kanaria 様→https://www.nicovideo.jp/watch/sm4088...<br/>振付:AKIRA様<br/>モーション:P-nez 様→https://www.nicovideo.jp/watch/sm4350...<br/>カメラ:Mizuha様→https://www.nicovideo.jp/watch/sm4353...<br/>モデル:MIy様<br/>ステージ:栗ごはん様<br/>アクセサリ:アスカ様,1264,https://www.acfun.cn/v/ac48870080,https://tx-free-imgs.acfun.cn/newUpload/6102_6a4dce20c9b74fa0bbdff3ccc0a73c5d.png?imageslim,AcFun,三日榜,three-days,hotlist,,2026-09-26 09:29:39
47,望眼欲穿【今天有什么好笑的 #2517】,：），谢谢大家的投蕉和点赞，祝你开心愉快~<br/>Wallpaper壁纸：雪山与女孩<br/>Bgm：あのね。,1840,https://www.acfun.cn/v/ac48872647,https://tx-free-imgs.acfun.cn/newUpload/383079_40beb913fd1a44d3afa053553d53b466.gif?imageslim,AcFun,三日榜,three-days,hotlist,,2026-09-26 09:29:39
48,如果我和她恋爱的话……,,1386,https://www.acfun.cn/v/ac48871545,https://tx-free-imgs.acfun.cn/newUpload/2277346_de526594356a4c9f90b71bf5823054e6.jpg?imageslim,AcFun,三日榜,three-days,hotlist,,2026-09-26 09:29:39
49,这套皮肤真的很喜欢,,1485,https://www.acfun.cn/v/ac48871657,https://tx-free-imgs.acfun.cn/newUpload/16380981_ac9640e59a3a42e093fcee0a0b81d474.jpg?imageslim,AcFun,三日榜,three-days,hotlist,,2026-09-26 09:29:39
50,你吃月饼了吗？,,1448,https://www.acfun.cn/v/ac48869054,https://tx-free-imgs.acfun.cn/newUpload/1167675_8f48723afb0e41ecbe772249b3f4df1a.jpg?imageslim,AcFun,三日榜,three-days,hotlist,,2026-09-26 09:29:39
1,剑戟战斗的巅峰 关卡内容的洼地 偏科严重的《鬼武者：剑之道》,它给人爽的部分是真的爽，但是在每次爽之前，你得堵不少马桶，先生。,4515,https://www.acfun.cn/v/ac48859506,https://tx-free-imgs.acfun.cn/newUpload/934542_5d98ad80ca9c4307b5cdc2051c11cb50.jpeg?imageslim,AcFun,周榜,week,hotlist,,2026-09-26 09:29:39
2,是谁点的小恶魔，蕉出来～,,6314,https://www.acfun.cn/v/ac48867778,https://tx-free-imgs.acfun.cn/newUpload/17062172_6098fee67d1748e0ab5dab3b5665736c.jpg?imageslim,AcFun,周榜,week,hotlist,,2026-09-26 09:29:39
3,跳最开心的一集,,3981,https://www.acfun.cn/v/ac48860571,https://tx-free-imgs.acfun.cn/newUpload/50330447_79a3f269514140c29e7a85fb7c9dc94c.jpg?imageslim,AcFun,周榜,week,hotlist,,2026-09-26 09:29:39
4,喜欢哪套？,,7058,https://www.acfun.cn/v/ac48861422,https://tx-free-imgs.acfun.cn/newUpload/3540234_729e0d22251f439da3735f26e58d174f.jpg?imageslim,AcFun,周榜,week,hotlist,,2026-09-26 09:29:39
5,过期JK碎碎念！,家人们记得蕉一蕉捏 啾咪,5932,https://www.acfun.cn/v/ac48859219,https://tx-free-imgs.acfun.cn/newUpload/17062172_5dd6ea8b5f2741ff87f0911db6dfb909.jpg?imageslim,AcFun,周榜,week,hotlist,,2026-09-26 09:29:39
6,娃：真遗憾，本来打算亲自告诉你们的,嘿嘿希望大家都万事顺意～心想事成,4783,https://www.acfun.cn/v/ac48871740,https://tx-free-imgs.acfun.cn/newUpload/17062172_d1a93166ed084e3aadac2fea4bba0707.jpg?imageslim,AcFun,周榜,week,hotlist,,2026-09-26 09:29:39
7,人间琴悠扬，姑娘把谁记心上～,,2730,https://www.acfun.cn/v/ac48863143,https://tx-free-imgs.acfun.cn/newUpload/50330447_938d77716a11477e843914663278ff07.jpg?imageslim,AcFun,周榜,week,hotlist,,2026-09-26 09:29:39
8,《野生动物迷惑行为》,喜欢请投蕉啊   谢谢啦！,2903,https://www.acfun.cn/v/ac48868360,https://tx-free-imgs.acfun.cn/newUpload/1342385_3fab348c538e4c0fa001871a708fe302.jpeg?imageslim,AcFun,周榜,week,hotlist,,2026-09-26 09:29:39
9,《动物迷惑行为大赏325》,喜欢请投蕉啊 谢谢啦！,2662,https://www.acfun.cn/v/ac48861293,https://tx-free-imgs.acfun.cn/newUpload/1342385_03080470038d444a95ce01ff6a6aeb9f.jpeg?imageslim,AcFun,周榜,week,hotlist,,2026-09-26 09:29:39
10,双马尾小女仆带来的情绪摇～,,4014,https://www.acfun.cn/v/ac48861966,https://tx-free-imgs.acfun.cn/newUpload/11361784_8cee0402b4754b1e82f85b7099791793.jpg?imageslim,AcFun,周榜,week,hotlist,,2026-09-26 09:29:39
11,帮Acer问一下，地址在哪里？欢乐八点档-1779,审核大大辛苦了！<br/>免费的香蕉投一下吧，没有那就点个赞吧，这对我来说很重要，谢谢！！！<br/>谢谢每一个投蕉的帅哥美女！你们是我坚持更新的动力！<br/>视频来自快手等平台，侵权联系删除！,4519,https://www.acfun.cn/v/ac48863633,https://tx-free-imgs.acfun.cn/newUpload/2176158_ff69c3c797d5414e8056b329918cc5b6.gif?imageslim,AcFun,周榜,week,hotlist,,2026-09-26 09:29:39
12,【绘图过程】《海边》6周年纪念插图过程,6周年纪念插图挂画（预售）、沙滩巾（预售），阿宝已上架,3380,https://www.acfun.cn/v/ac48836990,https://tx-free-imgs.acfun.cn/newUpload/179922_9f95aba039e84f3594c3947b3c8fdd58.jpeg?imageslim,AcFun,周榜,week,hotlist,,2026-09-26 09:29:39
13,裸足圆脸仙女下凡～跳一曲千里邀月【可心喵】,,2329,https://www.acfun.cn/v/ac48872448,https://tx-free-imgs.acfun.cn/newUpload/12892608_6691690fd8e944278bda5d5390e1e5a9.jpg?imageslim,AcFun,周榜,week,hotlist,,2026-09-26 09:29:39
14,还是少妇会的多啊！★手机竖屏2011★,审核大大辛苦了！<br/>谢谢每一个投蕉的帅哥美女！香蕉没有来个赞也好啊！<br/>视频来自快手等平台，侵权联系删除！,5245,https://www.acfun.cn/v/ac48864360,https://tx-free-imgs.acfun.cn/newUpload/2176158_3d4f199fd93640468e543b9ee25ac4c0.gif?imageslim,AcFun,周榜,week,hotlist,,2026-09-26 09:29:39
15,漫威金刚狼深陷争议！SweetBaby又毁一款？【绅批】,这算是DEI的历史遗留问题了，所有现在已经从sweetbaby离职的人，只要参与过游戏制作也会被署名（比如桥本和真）,2953,https://www.acfun.cn/v/ac48868810,https://tx-free-imgs.acfun.cn/newUpload/526850_ca1da1572b1d494a93e2f6bab46cf76b.jpeg?imageslim,AcFun,周榜,week,hotlist,,2026-09-26 09:29:39
16,因为害怕被讨厌 所以把自己藏起来了,,3213,https://www.acfun.cn/v/ac48871331,https://tx-free-imgs.acfun.cn/newUpload/11361784_3d4bd69b46f541e184c2922c24f09276.jpg?imageslim,AcFun,周榜,week,hotlist,,2026-09-26 09:29:39
17,我真的是来吃饭的！★手机竖屏2013★,审核大大辛苦了！<br/>谢谢每一个投蕉的帅哥美女！香蕉没有来个赞也好啊！<br/>视频来自快手等平台，侵权联系删除！,3906,https://www.acfun.cn/v/ac48869145,https://tx-free-imgs.acfun.cn/newUpload/2176158_eb4b69370b8f435aa2b171e72403d356.gif?imageslim,AcFun,周榜,week,hotlist,,2026-09-26 09:29:39
18,mr chu!!好怀念这首歌,,2142,https://www.acfun.cn/v/ac48869375,https://tx-free-imgs.acfun.cn/newUpload/16380981_19592eb83a88429695ee1a0508fc3df0.png?imageslim,AcFun,周榜,week,hotlist,,2026-09-26 09:29:39
19,网络上常见的热门短视频集锦   第三千四百三十八期,审核大大辛苦了！<br/>谢谢每一个投蕉的帅哥美女！香蕉没有来个赞也好啊！<br/>视频来自快手等平台，侵权联系删除！,4454,https://www.acfun.cn/v/ac48858394,https://tx-free-imgs.acfun.cn/newUpload/2176158_38174e72af934b9e86687045b01f0dd3.gif?imageslim,AcFun,周榜,week,hotlist,,2026-09-26 09:29:39
20,钓鱼佬是真会享受！欢乐八点档-1777,审核大大辛苦了！<br/>免费的香蕉投一下吧，没有那就点个赞吧，这对我来说很重要，谢谢！！！<br/>谢谢每一个投蕉的帅哥美女！你们是我坚持更新的动力！<br/>视频来自快手等平台，侵权联系删除！,4615,https://www.acfun.cn/v/ac48858969,https://tx-free-imgs.acfun.cn/newUpload/2176158_c9d74d926c4c4d709a4b6b7769dffcca.gif?imageslim,AcFun,周榜,week,hotlist,,2026-09-26 09:29:39
21,一波还未平息一波又来侵袭！★手机竖屏2010★,审核大大辛苦了！<br/>谢谢每一个投蕉的帅哥美女！香蕉没有来个赞也好啊！<br/>视频来自快手等平台，侵权联系删除！,4807,https://www.acfun.cn/v/ac48862013,https://tx-free-imgs.acfun.cn/newUpload/2176158_c4802142afc14d50b2cd775e67890cca.gif?imageslim,AcFun,周榜,week,hotlist,,2026-09-26 09:29:39
22,还是少妇会啊！！！★手机竖屏2009★,审核大大辛苦了！<br/>谢谢每一个投蕉的帅哥美女！香蕉没有来个赞也好啊！<br/>视频来自快手等平台，侵权联系删除！,4912,https://www.acfun.cn/v/ac48859515,https://tx-free-imgs.acfun.cn/newUpload/2176158_d4e9e6e30f4446319f9e720adfe35ef9.gif?imageslim,AcFun,周榜,week,hotlist,,2026-09-26 09:29:39
23,【AC娘】琵琶曲,原作者：Kotte Animation<br/>还有瑕疵，看个乐吧,3184,https://www.acfun.cn/v/ac48864492,https://tx-free-imgs.acfun.cn/newUpload/41729435_02cbd995b6d54f508eb21d3cb8621903.jpeg?imageslim,AcFun,周榜,week,hotlist,,2026-09-26 09:29:39
24,25年了，回坊天花板小酥肉，还是那个味儿,记忆中的味道，回来了，都回来了……<br/>一口椒麻一口鲜，大口吃肉，配上热腾腾的米饭，绝了。<br/>素三鲜也是无敌的存在！,2570,https://www.acfun.cn/v/ac48865538,https://tx-free-imgs.acfun.cn/newUpload/13765438_9bc4a0abf32a4c1aa3e83c844de84649.jpeg?imageslim,AcFun,周榜,week,hotlist,,2026-09-26 09:29:39
25,拜托了，夫人！★手机竖屏2014★,审核大大辛苦了！<br/>谢谢每一个投蕉的帅哥美女！香蕉没有来个赞也好啊！<br/>视频来自快手等平台，侵权联系删除！,3388,https://www.acfun.cn/v/ac48871493,https://tx-free-imgs.acfun.cn/newUpload/2176158_afaf0913878443b1bc00d636136ffce3.gif?imageslim,AcFun,周榜,week,hotlist,,2026-09-26 09:29:39
26,北京豆汁会惩罚每一个好奇的人！欢乐八点档-1780,审核大大辛苦了！<br/>免费的香蕉投一下吧，没有那就点个赞吧，这对我来说很重要，谢谢！！！<br/>谢谢每一个投蕉的帅哥美女！你们是我坚持更新的动力！<br/>视频来自快手等平台，侵权联系删除！,4494,https://www.acfun.cn/v/ac48865965,https://tx-free-imgs.acfun.cn/newUpload/2176158_ec83e6fb2ffc4005b41881ac13dbaeca.gif?imageslim,AcFun,周榜,week,hotlist,,2026-09-26 09:29:39
27,这样的学姐喜欢吗？欢乐八点档-1782,审核大大辛苦了！<br/>免费的香蕉投一下吧，没有那就点个赞吧，这对我来说很重要，谢谢！！！<br/>谢谢每一个投蕉的帅哥美女！你们是我坚持更新的动力！<br/>视频来自快手等平台，侵权联系删除！,3839,https://www.acfun.cn/v/ac48870057,https://tx-free-imgs.acfun.cn/newUpload/2176158_4c1f3b60f73e451abc443941d47305d8.gif?imageslim,AcFun,周榜,week,hotlist,,2026-09-26 09:29:39
28,拳击好啊，拳击得学！欢乐八点档-1781,审核大大辛苦了！<br/>免费的香蕉投一下吧，没有那就点个赞吧，这对我来说很重要，谢谢！！！<br/>谢谢每一个投蕉的帅哥美女！你们是我坚持更新的动力！<br/>视频来自快手等平台，侵权联系删除！,4165,https://www.acfun.cn/v/ac48868336,https://tx-free-imgs.acfun.cn/newUpload/2176158_3f6c601293a54468bae97f781440217b.gif?imageslim,AcFun,周榜,week,hotlist,,2026-09-26 09:29:39
29,你的拳头真是肥嘟嘟的...,动漫：心灵的声音，作者：赵石【韩国】,2200,https://www.acfun.cn/v/ac48859870,https://tx-free-imgs.acfun.cn/newUpload/509259_2fa91d5206504450be471808d9c93a22.jpeg?imageslim,AcFun,周榜,week,hotlist,,2026-09-26 09:29:39
30,这个一字马技术含量很高啊！欢乐八点档-1778,审核大大辛苦了！<br/>免费的香蕉投一下吧，没有那就点个赞吧，这对我来说很重要，谢谢！！！<br/>谢谢每一个投蕉的帅哥美女！你们是我坚持更新的动力！<br/>视频来自快手等平台，侵权联系删除！,4406,https://www.acfun.cn/v/ac48861225,https://tx-free-imgs.acfun.cn/newUpload/2176158_0824627cb76d40dc99ce9cb12c07e4cc.gif?imageslim,AcFun,周榜,week,hotlist,,2026-09-26 09:29:39
31,网络上常见的热门短视频集锦   第三千四百四十五期,审核大大辛苦了！<br/>谢谢每一个投蕉的帅哥美女！香蕉没有来个赞也好啊！<br/>视频来自快手等平台，侵权联系删除！,3963,https://www.acfun.cn/v/ac48866824,https://tx-free-imgs.acfun.cn/newUpload/2176158_dba921eb42f14c7ba31a1af83bfe71ce.gif?imageslim,AcFun,周榜,week,hotlist,,2026-09-26 09:29:39
32,琵琶曲丨夜神月 VS  L,原曲：琵琶曲,2270,https://www.acfun.cn/v/ac48861693,https://tx-free-imgs.acfun.cn/newUpload/16986934_3bf4dd94910c4845acf851f7f0fdb757.jpeg?imageslim,AcFun,周榜,week,hotlist,,2026-09-26 09:29:39
33,网络上常见的热门短视频集锦   第三千四百四十一期,审核大大辛苦了！<br/>谢谢每一个投蕉的帅哥美女！香蕉没有来个赞也好啊！<br/>视频来自快手等平台，侵权联系删除！,4211,https://www.acfun.cn/v/ac48862019,https://tx-free-imgs.acfun.cn/newUpload/2176158_6e5a88d95f344d92a8d97a57f03ac4b9.gif?imageslim,AcFun,周榜,week,hotlist,,2026-09-26 09:29:39
34,空中瑜伽！！！★手机竖屏2012★,审核大大辛苦了！<br/>谢谢每一个投蕉的帅哥美女！香蕉没有来个赞也好啊！<br/>视频来自快手等平台，侵权联系删除！,4476,https://www.acfun.cn/v/ac48866821,https://tx-free-imgs.acfun.cn/newUpload/2176158_610807af48f5463a891fc9f341c9b16f.gif?imageslim,AcFun,周榜,week,hotlist,,2026-09-26 09:29:39
35,厨师长教你：“鱼香肉丝”的家常做法，酸甜微辣，口感丰富,,2057,https://www.acfun.cn/v/ac48867741,https://tx-free-imgs.acfun.cn/newUpload/13274260_93e68d1098d04ffca2683655a6a404c2.jpeg?imageslim,AcFun,周榜,week,hotlist,,2026-09-26 09:29:39
36,网络上常见的热门短视频集锦   第三千四百三十九期,审核大大辛苦了！<br/>谢谢每一个投蕉的帅哥美女！香蕉没有来个赞也好啊！<br/>视频来自快手等平台，侵权联系删除！,4055,https://www.acfun.cn/v/ac48859518,https://tx-free-imgs.acfun.cn/newUpload/2176158_13f61f1aa39c4732bdaeed87fe0e28a4.gif?imageslim,AcFun,周榜,week,hotlist,,2026-09-26 09:29:39
37,一天生产500万个！速冻水饺是如何制造出来的？,,2166,https://www.acfun.cn/v/ac48859253,https://tx-free-imgs.acfun.cn/newUpload/19281632_57f07fe28e24422d948491fd2d43586c.jpeg?imageslim,AcFun,周榜,week,hotlist,,2026-09-26 09:29:39
38,和我一起健身吧！！！欢乐八点档-1783,审核大大辛苦了！<br/>免费的香蕉投一下吧，没有那就点个赞吧，这对我来说很重要，谢谢！！！<br/>谢谢每一个投蕉的帅哥美女！你们是我坚持更新的动力！<br/>视频来自快手等平台，侵权联系删除！,2365,https://www.acfun.cn/v/ac48872699,https://tx-free-imgs.acfun.cn/newUpload/2176158_e379c7202d2e43029e07ad17f40cab19.gif?imageslim,AcFun,周榜,week,hotlist,,2026-09-26 09:29:39
39,今天你不能嫁出去【今天有什么好笑的 #2514】,：)，谢谢大家，祝你们开心。<br/>wallpaper壁纸：Fading Astronaut 5K (update)<br/>BGM：I Want It That Way,2920,https://www.acfun.cn/v/ac48865864,https://tx-free-imgs.acfun.cn/newUpload/383079_ee4f5f7badf74f05a2ef6c691387f327.gif?imageslim,AcFun,周榜,week,hotlist,,2026-09-26 09:29:39
40,女妖邪神凶宅索命，最惨主角逆天求生！克系神游《魔女屋中之梦》像素恐怖游戏详细讲述【深夜档】,如何在60天内，让洛夫克拉夫特小说中惨死的倒霉主角逆天改命？这位芬兰作者打造了一部又硬核又忠实的优秀克苏鲁游戏！入住阿卡姆百年凶宅的凡人主角沃尔特·吉尔曼，接连遭到人脸妖鼠，恐怖女巫，不可名状外神的侵袭。白天钻研神秘学知识，梦中游历邪恶异星。他将与密斯卡托尼克大学最强战神亨利·阿米蒂奇教授联手对抗邪神降世！这是一部真正将洛氏“宇宙恐怖”带入到日常，并忠实于原著的游戏，自由度超高且信息量惊人！我将细致地带各位体验这跌宕起伏的60天，看弱小的主角如何起死回生并拯救世界！,1430,https://www.acfun.cn/v/ac48872418,https://tx-free-imgs.acfun.cn/newUpload/817797_2631b7cf26c14c2fbbfb062962a775be.jpeg?imageslim,AcFun,周榜,week,hotlist,,2026-09-26 09:29:39
41,单纯的约会（92）,,1823,https://www.acfun.cn/v/ac48857199,https://tx-free-imgs.acfun.cn/newUpload/74706824_a3a60d77e6934225b168686e44216c4b.png?imageslim,AcFun,周榜,week,hotlist,,2026-09-26 09:29:39
42,嘴角压不住了【今天有什么好笑的 #2515】,：），谢谢大家的投蕉和点赞，祝你开心愉快~<br/>wallpaper壁纸：Genshin 神里绫华<br/>BGM：Wake me up when september ends,2439,https://www.acfun.cn/v/ac48868130,https://tx-free-imgs.acfun.cn/newUpload/383079_ef65121591434d2b86d53db1622776cd.gif?imageslim,AcFun,周榜,week,hotlist,,2026-09-26 09:29:39
43,【锅锅x怀瑜x阔落】千里邀月——共饮此杯赏此月，夜好眠,中秋到了，和姐妹们合唱了千里邀月~~<br/>乐：可乐祝大家身体健康，永不加班，月圆人团圆<br/>鱼：怀瑜愿诸位财源广进，常能摸鱼，花好月更圆<br/>锅：锅锅祝大家桂香满锅，早归赏月，饼甜心更甜<br/>祝大家中秋快乐~,1832,https://www.acfun.cn/v/ac48871580,https://tx-free-imgs.acfun.cn/newUpload/67206930_e47be8dbac2546e1b5a4a831e71dabe4.jpeg?imageslim,AcFun,周榜,week,hotlist,,2026-09-26 09:29:39
44,【东方】推特东方小视频选集 第272期,睡觉睡觉睡觉睡觉睡觉睡觉睡觉睡觉睡觉睡觉……,1407,https://www.acfun.cn/v/ac48858830,https://tx-free-imgs.acfun.cn/newUpload/6102_5a13d6efeec742ff84c512206aaeb7b0.jpeg?imageslim,AcFun,周榜,week,hotlist,,2026-09-26 09:29:39
45,甜妹来袭！,,2172,https://www.acfun.cn/v/ac48863947,https://tx-free-imgs.acfun.cn/newUpload/12439728_1fd5a3c6e60241a1a1cd8f89dbede769.png?imageslim,AcFun,周榜,week,hotlist,,2026-09-26 09:29:39
46,现在电脑不好卖了，以后我们出租AI机器人吧,,2358,https://www.acfun.cn/v/ac48867767,https://tx-free-imgs.acfun.cn/newUpload/17928_c684f06231604145b533a0f00627c624.png?imageslim,AcFun,周榜,week,hotlist,,2026-09-26 09:29:39
47,网络上常见的热门短视频集锦   第三千四百四十三期,审核大大辛苦了！<br/>谢谢每一个投蕉的帅哥美女！香蕉没有来个赞也好啊！<br/>视频来自快手等平台，侵权联系删除！,3676,https://www.acfun.cn/v/ac48864363,https://tx-free-imgs.acfun.cn/newUpload/2176158_dfef22dbf6934a15a594e5766b8680ca.gif?imageslim,AcFun,周榜,week,hotlist,,2026-09-26 09:29:39
48,嘞个就是爱情【今天有什么好笑的 #2512】,：），谢谢大家的投蕉和点赞，祝你开心愉快~<br/>wallpaper壁纸：lamp<br/>BGM：What a Feeling,2451,https://www.acfun.cn/v/ac48860992,https://tx-free-imgs.acfun.cn/newUpload/383079_172d192fee55441c96b7352f61e0a25f.gif?imageslim,AcFun,周榜,week,hotlist,,2026-09-26 09:29:39
49,网络上常见的热门短视频集锦   第三千四百四十四期,审核大大辛苦了！<br/>谢谢每一个投蕉的帅哥美女！香蕉没有来个赞也好啊！<br/>视频来自快手等平台，侵权联系删除！,3572,https://www.acfun.cn/v/ac48865021,https://tx-free-imgs.acfun.cn/newUpload/2176158_663463f1e6004dc2b4dea153d1e60c05.gif?imageslim,AcFun,周榜,week,hotlist,,2026-09-26 09:29:39
50,姛姛？！蝴蝶耳机Manget中文翻唱【箐羽Hane】x【缇若柯Teivoc】,“是否你确实表里如一淡然，还是说你——并不似我贪婪？”<br/>《Manget》磁石 / 蝴蝶耳机 - 中文翻唱<br/>原作作曲 / 流星P<br/>曲绘&翻唱 / 箐羽hane & 缇若柯Teivoc<br/>中文填词 / 果汁凉菜<br/>混音 / 风尘<br/>和笋笋一起唱了我们二次元姛神曲！曲绘也是我和笋笋每个人负责了自己的部分最后再拼到一起的！真好！( *^ ^)o(^ ^* )希望大家也能喜欢！,1630,https://www.acfun.cn/v/ac48869340,https://tx-free-imgs.acfun.cn/newUpload/67511609_d868cdbd6b1849e8958696cdc9db1493.jpeg?imageslim,AcFun,周榜,week,hotlist,,2026-09-26 09:29:39
1,娃：真遗憾，本来打算亲自告诉你们的,嘿嘿希望大家都万事顺意～心想事成,4908,https://www.acfun.cn/v/ac48871740,https://tx-free-imgs.acfun.cn/newUpload/17062172_d1a93166ed084e3aadac2fea4bba0707.jpg?imageslim,AcFun,日榜,day,hotlist,,2026-09-26 10:28:59
2,裸足圆脸仙女下凡～跳一曲千里邀月【可心喵】,,2377,https://www.acfun.cn/v/ac48872448,https://tx-free-imgs.acfun.cn/newUpload/12892608_6691690fd8e944278bda5d5390e1e5a9.jpg?imageslim,AcFun,日榜,day,hotlist,,2026-09-26 10:28:59
3,拜托了，夫人！★手机竖屏2014★,审核大大辛苦了！<br/>谢谢每一个投蕉的帅哥美女！香蕉没有来个赞也好啊！<br/>视频来自快手等平台，侵权联系删除！,3451,https://www.acfun.cn/v/ac48871493,https://tx-free-imgs.acfun.cn/newUpload/2176158_afaf0913878443b1bc00d636136ffce3.gif?imageslim,AcFun,日榜,day,hotlist,,2026-09-26 10:28:59
4,女妖邪神凶宅索命，最惨主角逆天求生！克系神游《魔女屋中之梦》像素恐怖游戏详细讲述【深夜档】,如何在60天内，让洛夫克拉夫特小说中惨死的倒霉主角逆天改命？这位芬兰作者打造了一部又硬核又忠实的优秀克苏鲁游戏！入住阿卡姆百年凶宅的凡人主角沃尔特·吉尔曼，接连遭到人脸妖鼠，恐怖女巫，不可名状外神的侵袭。白天钻研神秘学知识，梦中游历邪恶异星。他将与密斯卡托尼克大学最强战神亨利·阿米蒂奇教授联手对抗邪神降世！这是一部真正将洛氏“宇宙恐怖”带入到日常，并忠实于原著的游戏，自由度超高且信息量惊人！我将细致地带各位体验这跌宕起伏的60天，看弱小的主角如何起死回生并拯救世界！,1471,https://www.acfun.cn/v/ac48872418,https://tx-free-imgs.acfun.cn/newUpload/817797_2631b7cf26c14c2fbbfb062962a775be.jpeg?imageslim,AcFun,日榜,day,hotlist,,2026-09-26 10:28:59
5,和我一起健身吧！！！欢乐八点档-1783,审核大大辛苦了！<br/>免费的香蕉投一下吧，没有那就点个赞吧，这对我来说很重要，谢谢！！！<br/>谢谢每一个投蕉的帅哥美女！你们是我坚持更新的动力！<br/>视频来自快手等平台，侵权联系删除！,2441,https://www.acfun.cn/v/ac48872699,https://tx-free-imgs.acfun.cn/newUpload/2176158_e379c7202d2e43029e07ad17f40cab19.gif?imageslim,AcFun,日榜,day,hotlist,,2026-09-26 10:28:59
6,【锅锅x怀瑜x阔落】千里邀月——共饮此杯赏此月，夜好眠,中秋到了，和姐妹们合唱了千里邀月~~<br/>乐：可乐祝大家身体健康，永不加班，月圆人团圆<br/>鱼：怀瑜愿诸位财源广进，常能摸鱼，花好月更圆<br/>锅：锅锅祝大家桂香满锅，早归赏月，饼甜心更甜<br/>祝大家中秋快乐~,1858,https://www.acfun.cn/v/ac48871580,https://tx-free-imgs.acfun.cn/newUpload/67206930_e47be8dbac2546e1b5a4a831e71dabe4.jpeg?imageslim,AcFun,日榜,day,hotlist,,2026-09-26 10:28:59
7,今夜的风悄悄月悄悄~,,2035,https://www.acfun.cn/v/ac48873434,https://tx-free-imgs.acfun.cn/newUpload/23512715_0f364b6606dd467ab9975ffef5af1b29.jpg?imageslim,AcFun,日榜,day,hotlist,,2026-09-26 10:28:59
8,【4K超高清】「JOJO的奇妙冒险 飙马野郎」第2话,,4900,https://www.acfun.cn/v/ac48872740,https://tx-free-imgs.acfun.cn/newUpload/72840608_a526e08904d049d2b38ce5f38bd71e63.jpeg?imageslim,AcFun,日榜,day,hotlist,,2026-09-26 10:28:59
9,网络上常见的热门短视频集锦   第三千四百四十九期,审核大大辛苦了！<br/>谢谢每一个投蕉的帅哥美女！香蕉没有来个赞也好啊！<br/>视频来自快手等平台，侵权联系删除！,2703,https://www.acfun.cn/v/ac48871496,https://tx-free-imgs.acfun.cn/newUpload/2176158_cf20f7722011491da25ce2efbc799dba.gif?imageslim,AcFun,日榜,day,hotlist,,2026-09-26 10:28:59
10,短裙挑战！超长翻跳一次看个够~【生日作】,,1504,https://www.acfun.cn/v/ac48872675,https://tx-free-imgs.acfun.cn/newUpload/32485245_415db634556140d1841e2ebb4c0d9371.jpeg?imageslim,AcFun,日榜,day,hotlist,,2026-09-26 10:28:59
11,网络上常见的热门短视频集锦   第三千四百五十期,审核大大辛苦了！<br/>谢谢每一个投蕉的帅哥美女！香蕉没有来个赞也好啊！<br/>视频来自快手等平台，侵权联系删除！,2660,https://www.acfun.cn/v/ac48872279,https://tx-free-imgs.acfun.cn/newUpload/2176158_a96ecd95394b4517928ac111407f75b1.gif?imageslim,AcFun,日榜,day,hotlist,,2026-09-26 10:28:59
12,望眼欲穿【今天有什么好笑的 #2517】,：），谢谢大家的投蕉和点赞，祝你开心愉快~<br/>Wallpaper壁纸：雪山与女孩<br/>Bgm：あのね。,1859,https://www.acfun.cn/v/ac48872647,https://tx-free-imgs.acfun.cn/newUpload/383079_40beb913fd1a44d3afa053553d53b466.gif?imageslim,AcFun,日榜,day,hotlist,,2026-09-26 10:28:59
13,【东方/汉化】咲夜带你了解汉字【MMD搞笑小剧场】,作者：クローバー,1245,https://www.acfun.cn/v/ac48872652,https://tx-free-imgs.acfun.cn/newUpload/6102_8b2072189ecb4044a7de95bb450d02ed.jpeg?imageslim,AcFun,日榜,day,hotlist,,2026-09-26 10:28:59
14,空姐OL~第57次取消发送,中秋节快乐,1728,https://www.acfun.cn/v/ac48872674,https://tx-free-imgs.acfun.cn/newUpload/14539629_46621bdc88a44c63be63172c5ba6cb6a.jpeg?imageslim,AcFun,日榜,day,hotlist,,2026-09-26 10:28:59
15,如果我和她恋爱的话……,,1414,https://www.acfun.cn/v/ac48871545,https://tx-free-imgs.acfun.cn/newUpload/2277346_de526594356a4c9f90b71bf5823054e6.jpg?imageslim,AcFun,日榜,day,hotlist,,2026-09-26 10:28:59
16,两段不伦恋 15年复仇路《老男孩》吴大秀我的折磨可是一辈子,本期带来《老男孩》50分钟 国庆要到了，铁粉都知道背包住在网红街道 小长假根本没法做节目，阿杰提意带着各自父母一起出去玩几天 所以这几天会加急看看能不能赶出来一期，实再不行就小长假后更新咯，中秋国庆都祝小伙伴开心快乐！,1202,https://www.acfun.cn/v/ac48871285,https://tx-free-imgs.acfun.cn/newUpload/6894185_ab259859c7df40d1b092d2e828bf38e5.jpeg?imageslim,AcFun,日榜,day,hotlist,,2026-09-26 10:28:59
17,我终于明白什么都不缺的含金量！,,1227,https://www.acfun.cn/v/ac48872781,https://tx-free-imgs.acfun.cn/newUpload/6177430_06f5f9b03edd4f73a3dfeba4cf78db16.jpeg?imageslim,AcFun,日榜,day,hotlist,,2026-09-26 10:28:59
18,忘情牛肉面,,1358,https://www.acfun.cn/v/ac48873433,https://tx-free-imgs.acfun.cn/newUpload/11361784_6fe659c9e31e428c8b700a04d46742fd.jpg?imageslim,AcFun,日榜,day,hotlist,,2026-09-26 10:28:59
19,“原来和思念的人相见，就是人们常说的团圆” | 愿年年有今夜《妙妙人间》,「愿岁岁年年有此夜。」<br/>To : 虽然隔着屏幕，但同一轮月亮也让我们团圆在这里。中秋快乐呀~<br/>==========<br/>《妙妙人间》<br/>原唱：张含韵<br/>混音：饭団子p<br/>翻唱&视频：露纱琳黛,1130,https://www.acfun.cn/v/ac48871599,https://tx-free-imgs.acfun.cn/newUpload/69790459_0b53ce48e1c7437c9bdd3cf45d53de8f.jpeg?imageslim,AcFun,日榜,day,hotlist,,2026-09-26 10:28:59
20,想和你一起赏月𐔌՞ ܸ.ˬ.ܸ՞𐦯千里邀月,,1126,https://www.acfun.cn/v/ac48873207,https://tx-free-imgs.acfun.cn/newUpload/57336445_c7d705d3782c4b0193b62c6d02e43748.jpg?imageslim,AcFun,日榜,day,hotlist,,2026-09-26 10:28:59
21,沙特反水，退出中国主导数字货币桥项目,,1362,https://www.acfun.cn/v/ac48873521,https://tx-free-imgs.acfun.cn/newUpload/43608832_667ff672cc3548f3bae31d62bb9e3f0e.jpeg?imageslim,AcFun,日榜,day,hotlist,,2026-09-26 10:28:59
22,香煎盐焗鸡｜简单到不可能失败，外焦里嫩巨好吃,,1185,https://www.acfun.cn/v/ac48870521,https://tx-free-imgs.acfun.cn/newUpload/1383198_a8487ee2fe9849dc9807f9da5d193fb1.jpeg?imageslim,AcFun,日榜,day,hotlist,,2026-09-26 10:28:59
23,【官方中字】SBR JOJO的奇妙冒险 飙马野郎 2nd＆3rd STAGE 第二集,,1797,https://www.acfun.cn/v/ac48872883,https://tx-free-imgs.acfun.cn/newUpload/30501027_27e89cd7cd684f01a120b8ec666a3896.png?imageslim,AcFun,日榜,day,hotlist,,2026-09-26 10:28:59
24,新肤色超辣！,,1394,https://www.acfun.cn/v/ac48863964,https://tx-free-imgs.acfun.cn/newUpload/12439728_70c7284ba2724c048fb5266f61c33e34.png?imageslim,AcFun,日榜,day,hotlist,,2026-09-26 10:28:59
25,【绘画过程】9月保底《金秋》,大家中秋快乐！<br/>本月的保底是百贴布~ 某宝同步预售。,1608,https://www.acfun.cn/v/ac48872808,https://tx-free-imgs.acfun.cn/newUpload/179922_630934cb2f3245e5a4a4020570f61eca.png?imageslim,AcFun,日榜,day,hotlist,,2026-09-26 10:28:59
26,【1080P.奇幻冒险】JOJO的奇妙冒险 飙马野郎 (2026)第七季 第二集,1890年，一场世纪大赛“SBR”于美国举开。全长共6000公里，是人类史上第一场骑乘马匹横越北美大陆的比赛！为了拿下高达5千万美元（60亿日元）的冠军奖金，一群强悍的冒险家们正式展开了他们的争战！,1925,https://www.acfun.cn/v/ac48872840,https://tx-free-imgs.acfun.cn/newUpload/903432_bb4a52ee7e3e42cc853e5ff0b8a21e0d.png?imageslim,AcFun,日榜,day,hotlist,,2026-09-26 10:28:59
27,三周摧毁美国东海岸，绿色流感为何无法阻止？【求生之路剧情解析+涂鸦翻译】,刺骨寒溪和最后一战的涂鸦和官方剧情联系不大，因此没有放在视频中；<br/>前面的内容感觉都有点多余，最后的涂鸦翻译才是本体。<br/><br/>,1340,https://www.acfun.cn/v/ac48867996,https://tx-free-imgs.acfun.cn/newUpload/1020536_15195e7242e247fb9dc7a625a61a3662.jpeg?imageslim,AcFun,日榜,day,hotlist,,2026-09-26 10:28:59
28,【柯基】《金风玉露》～～～晚风啊～～～,,1191,https://www.acfun.cn/v/ac48872627,https://tx-free-imgs.acfun.cn/newUpload/29493245_88171143b6bd4aa6885743ffe64d6584.png?imageslim,AcFun,日榜,day,hotlist,,2026-09-26 10:28:59
29,【夏雅】Don t let go of my hand.,,1575,https://www.acfun.cn/v/ac48873108,https://tx-free-imgs.acfun.cn/newUpload/16279345_4e8e1897539648e8869f4815f9bd1572.jpg?imageslim,AcFun,日榜,day,hotlist,,2026-09-26 10:28:59
30,中秋节快乐呀！！,,1077,https://www.acfun.cn/v/ac48872753,https://tx-free-imgs.acfun.cn/newUpload/25756908_e40f0ac3bdb34aa6a05629d19ec12f7c.png?imageslim,AcFun,日榜,day,hotlist,,2026-09-26 10:28:59
31,拼凑的断音,动作有做方向上的一些改动等<br/>歌曲：拼凑的断音-（舞蹈：あおい aoi とみたけ tomitake）,1154,https://www.acfun.cn/v/ac48871758,https://tx-free-imgs.acfun.cn/newUpload/12229455_ccda2f5ac69244d1aa813dc04c9a63d5.jpeg?imageslim,AcFun,日榜,day,hotlist,,2026-09-26 10:28:59
32,"宙斯神王也会是这战绩？快速看完一局韩服王者斗殴局#837 Zeus, Racoon, Clozer,","宙斯神王也会是这战绩？快速看完一局韩服王者斗殴局#837 Zeus, Racoon, Clozer, Wenbo, Canyon, 叶秋枫 <br/>BGM:https://music.163.com/playlist?id=650818240&userid=30476594",1280,https://www.acfun.cn/v/ac48865858,https://tx-free-imgs.acfun.cn/newUpload/1378726_0477a53ac6df4eb3b611b241b6a08941.jpeg?imageslim,AcFun,日榜,day,hotlist,,2026-09-26 10:28:59
33,加息概率90%：美联储或将亲手刺破AI泡沫,,1183,https://www.acfun.cn/v/ac48873517,https://tx-free-imgs.acfun.cn/newUpload/43608832_8d2f86fa2183404c842a39cc3e7b18b0.jpeg?imageslim,AcFun,日榜,day,hotlist,,2026-09-26 10:28:59
34,石头剪刀布卖个萌,难得假期来凡人线下嘉年华cos了一下银月，玩得很开心，不知道有没有碰到我的道友～,1130,https://www.acfun.cn/v/ac48873212,https://tx-free-imgs.acfun.cn/newUpload/12229455_c6e4220d0d7c41e2b5d489a9386cbe72.png?imageslim,AcFun,日榜,day,hotlist,,2026-09-26 10:28:59
35,Acfun评论才是本体啊2026年8月和九月,香蕉点赞来一点哦，,1033,https://www.acfun.cn/v/ac48872845,https://tx-free-imgs.acfun.cn/newUpload/36839617_4ce9b7b878c344edbc971706d81900cc.jpeg?imageslim,AcFun,日榜,day,hotlist,,2026-09-26 10:28:59
36,「Super8」《如烟》大家中秋快乐鸭～,原唱：五月天<br/>翻唱：把超人<br/>混音：废废哟<br/>视频：星马豪<br/>录了有一段时间的歌咧，五月天的歌里算很喜欢的一首，词非常喜欢，祝大家中秋快乐哟～,1044,https://www.acfun.cn/v/ac48872351,https://tx-free-imgs.acfun.cn/newUpload/301519_95463a4627374a178e3b102bc74e8bcf.jpeg?imageslim,AcFun,日榜,day,hotlist,,2026-09-26 10:28:59
37,【猪肝来也】one love,,1112,https://www.acfun.cn/v/ac48873230,https://tx-free-imgs.acfun.cn/newUpload/4599324_253057be5bbe40d1b82d24222d803ec4.jpg?imageslim,AcFun,日榜,day,hotlist,,2026-09-26 10:28:59
38,【绝望女神/翻唱】【火影忍者 ED1 Wind】,想听啥继续评论回复~,1022,https://www.acfun.cn/v/ac48873021,https://tx-free-imgs.acfun.cn/newUpload/20705199_4163259e9c314ff193a9aac80be14188.jpeg?imageslim,AcFun,日榜,day,hotlist,,2026-09-26 10:28:59
39,恶魔想成为你的家人！请交出性命！阴间电视台！越南模拟恐怖APTV EP6,喜欢记得关注五蕉~谢谢支持~！,1033,https://www.acfun.cn/v/ac48871608,https://tx-free-imgs.acfun.cn/newUpload/26364938_c8b3f3a89c5d45989f596c7abadfe5de.jpeg?imageslim,AcFun,日榜,day,hotlist,,2026-09-26 10:28:59
40,这身衣服跳什么都好帅啊！哈哈哈,,1117,https://www.acfun.cn/v/ac48872819,https://tx-free-imgs.acfun.cn/newUpload/16380981_3be481ccc3bd44c3a12928fa1f84b25e.png?imageslim,AcFun,日榜,day,hotlist,,2026-09-26 10:28:59
41,告女子书！,,1064,https://www.acfun.cn/v/ac48872722,https://tx-free-imgs.acfun.cn/newUpload/16380981_45b2d4d6fdb34b34876bc5e8fcdaca47.png?imageslim,AcFun,日榜,day,hotlist,,2026-09-26 10:28:59
42,十几万买台“莲花”，行吗？,,1137,https://www.acfun.cn/v/ac48872934,https://tx-free-imgs.acfun.cn/newUpload/14288157_b6f51fa0cabc4a0fa6b69c8bffff34ea.jpeg?imageslim,AcFun,日榜,day,hotlist,,2026-09-26 10:28:59
43,明月几时有？我想有时就有～,,1030,https://www.acfun.cn/v/ac48872948,https://tx-free-imgs.acfun.cn/newUpload/31922015_3de6c615f9d24a4ab766c9c22f19d8ed.jpg?imageslim,AcFun,日榜,day,hotlist,,2026-09-26 10:28:59
44,十月新番最爽厕纸！男主化身黄毛！转生夺走原主的女友们！？,十月新番最爽厕纸！男主化身黄毛！转生夺走原主的女友们！？,1176,https://www.acfun.cn/v/ac48873035,https://tx-free-imgs.acfun.cn/newUpload/13467496_1abceb83c1454743bcb9d4abcf823669.jpeg?imageslim,AcFun,日榜,day,hotlist,,2026-09-26 10:28:59
45,open the door,,1276,https://www.acfun.cn/v/ac48873110,https://tx-free-imgs.acfun.cn/newUpload/79951_cacbb88182cb435a99a97d446363fa53.jpg?imageslim,AcFun,日榜,day,hotlist,,2026-09-26 10:28:59
46,又何尝不是一种很新的花灯...,胶佬过中秋有自己的灯笼！其实是万代的MEGX独角兽换了灯组嘻嘻～双节快乐！,1078,https://www.acfun.cn/v/ac48873084,https://tx-free-imgs.acfun.cn/newUpload/13449743_b5143a98667f48bdb3f046459ee13864.jpeg?imageslim,AcFun,日榜,day,hotlist,,2026-09-26 10:28:59
47,【cheerup+快乐指南+nobody】跑调的人去KTV就蹦哒呗～,,841,https://www.acfun.cn/v/ac48872721,https://tx-free-imgs.acfun.cn/newUpload/31922015_51babcf260aa4990ade2ad884f023973.jpg?imageslim,AcFun,日榜,day,hotlist,,2026-09-26 10:28:59
48,TGS现场女玩家击败虎牢关吕布【真三国无双2with猛将传】复刻版,Up主现场实拍TGS2026《真三国无双2with猛将传】复刻版现场试玩,1089,https://www.acfun.cn/v/ac48873376,https://tx-free-imgs.acfun.cn/newUpload/17097644_3295b46ed232444db8c34ee0206b58a7.png?imageslim,AcFun,日榜,day,hotlist,,2026-09-26 10:28:59
49,嘀，纣王体验卡,,1159,https://www.acfun.cn/v/ac48872737,https://tx-free-imgs.acfun.cn/newUpload/77181154_7c7593de7b584caebd43b4bb4e8dc517.png?imageslim,AcFun,日榜,day,hotlist,,2026-09-26 10:28:59
50,【甲鱼的旅法十年】迷你专辑《心之所往的创作背景,,786,https://www.acfun.cn/v/ac48872771,https://tx-free-imgs.acfun.cn/newUpload/44128996_e3793329f00e48dc80645b417f8ea4d9.png?imageslim,AcFun,日榜,day,hotlist,,2026-09-26 10:28:59
1,是谁点的小恶魔，蕉出来～,,6332,https://www.acfun.cn/v/ac48867778,https://tx-free-imgs.acfun.cn/newUpload/17062172_6098fee67d1748e0ab5dab3b5665736c.jpg?imageslim,AcFun,三日榜,three-days,hotlist,,2026-09-26 10:28:59
2,娃：真遗憾，本来打算亲自告诉你们的,嘿嘿希望大家都万事顺意～心想事成,4908,https://www.acfun.cn/v/ac48871740,https://tx-free-imgs.acfun.cn/newUpload/17062172_d1a93166ed084e3aadac2fea4bba0707.jpg?imageslim,AcFun,三日榜,three-days,hotlist,,2026-09-26 10:28:59
3,《野生动物迷惑行为》,喜欢请投蕉啊   谢谢啦！,2907,https://www.acfun.cn/v/ac48868360,https://tx-free-imgs.acfun.cn/newUpload/1342385_3fab348c538e4c0fa001871a708fe302.jpeg?imageslim,AcFun,三日榜,three-days,hotlist,,2026-09-26 10:28:59
4,裸足圆脸仙女下凡～跳一曲千里邀月【可心喵】,,2377,https://www.acfun.cn/v/ac48872448,https://tx-free-imgs.acfun.cn/newUpload/12892608_6691690fd8e944278bda5d5390e1e5a9.jpg?imageslim,AcFun,三日榜,three-days,hotlist,,2026-09-26 10:28:59
5,漫威金刚狼深陷争议！SweetBaby又毁一款？【绅批】,这算是DEI的历史遗留问题了，所有现在已经从sweetbaby离职的人，只要参与过游戏制作也会被署名（比如桥本和真）,2956,https://www.acfun.cn/v/ac48868810,https://tx-free-imgs.acfun.cn/newUpload/526850_ca1da1572b1d494a93e2f6bab46cf76b.jpeg?imageslim,AcFun,三日榜,three-days,hotlist,,2026-09-26 10:28:59
6,因为害怕被讨厌 所以把自己藏起来了,,3224,https://www.acfun.cn/v/ac48871331,https://tx-free-imgs.acfun.cn/newUpload/11361784_3d4bd69b46f541e184c2922c24f09276.jpg?imageslim,AcFun,三日榜,three-days,hotlist,,2026-09-26 10:28:59
7,我真的是来吃饭的！★手机竖屏2013★,审核大大辛苦了！<br/>谢谢每一个投蕉的帅哥美女！香蕉没有来个赞也好啊！<br/>视频来自快手等平台，侵权联系删除！,3914,https://www.acfun.cn/v/ac48869145,https://tx-free-imgs.acfun.cn/newUpload/2176158_eb4b69370b8f435aa2b171e72403d356.gif?imageslim,AcFun,三日榜,three-days,hotlist,,2026-09-26 10:28:59
8,mr chu!!好怀念这首歌,,2143,https://www.acfun.cn/v/ac48869375,https://tx-free-imgs.acfun.cn/newUpload/16380981_19592eb83a88429695ee1a0508fc3df0.png?imageslim,AcFun,三日榜,three-days,hotlist,,2026-09-26 10:28:59
9,拜托了，夫人！★手机竖屏2014★,审核大大辛苦了！<br/>谢谢每一个投蕉的帅哥美女！香蕉没有来个赞也好啊！<br/>视频来自快手等平台，侵权联系删除！,3451,https://www.acfun.cn/v/ac48871493,https://tx-free-imgs.acfun.cn/newUpload/2176158_afaf0913878443b1bc00d636136ffce3.gif?imageslim,AcFun,三日榜,three-days,hotlist,,2026-09-26 10:28:59
10,这样的学姐喜欢吗？欢乐八点档-1782,审核大大辛苦了！<br/>免费的香蕉投一下吧，没有那就点个赞吧，这对我来说很重要，谢谢！！！<br/>谢谢每一个投蕉的帅哥美女！你们是我坚持更新的动力！<br/>视频来自快手等平台，侵权联系删除！,3854,https://www.acfun.cn/v/ac48870057,https://tx-free-imgs.acfun.cn/newUpload/2176158_4c1f3b60f73e451abc443941d47305d8.gif?imageslim,AcFun,三日榜,three-days,hotlist,,2026-09-26 10:28:59
11,拳击好啊，拳击得学！欢乐八点档-1781,审核大大辛苦了！<br/>免费的香蕉投一下吧，没有那就点个赞吧，这对我来说很重要，谢谢！！！<br/>谢谢每一个投蕉的帅哥美女！你们是我坚持更新的动力！<br/>视频来自快手等平台，侵权联系删除！,4168,https://www.acfun.cn/v/ac48868336,https://tx-free-imgs.acfun.cn/newUpload/2176158_3f6c601293a54468bae97f781440217b.gif?imageslim,AcFun,三日榜,three-days,hotlist,,2026-09-26 10:28:59
12,网络上常见的热门短视频集锦   第三千四百四十五期,审核大大辛苦了！<br/>谢谢每一个投蕉的帅哥美女！香蕉没有来个赞也好啊！<br/>视频来自快手等平台，侵权联系删除！,3964,https://www.acfun.cn/v/ac48866824,https://tx-free-imgs.acfun.cn/newUpload/2176158_dba921eb42f14c7ba31a1af83bfe71ce.gif?imageslim,AcFun,三日榜,three-days,hotlist,,2026-09-26 10:28:59
13,空中瑜伽！！！★手机竖屏2012★,审核大大辛苦了！<br/>谢谢每一个投蕉的帅哥美女！香蕉没有来个赞也好啊！<br/>视频来自快手等平台，侵权联系删除！,4479,https://www.acfun.cn/v/ac48866821,https://tx-free-imgs.acfun.cn/newUpload/2176158_610807af48f5463a891fc9f341c9b16f.gif?imageslim,AcFun,三日榜,three-days,hotlist,,2026-09-26 10:28:59
14,女妖邪神凶宅索命，最惨主角逆天求生！克系神游《魔女屋中之梦》像素恐怖游戏详细讲述【深夜档】,如何在60天内，让洛夫克拉夫特小说中惨死的倒霉主角逆天改命？这位芬兰作者打造了一部又硬核又忠实的优秀克苏鲁游戏！入住阿卡姆百年凶宅的凡人主角沃尔特·吉尔曼，接连遭到人脸妖鼠，恐怖女巫，不可名状外神的侵袭。白天钻研神秘学知识，梦中游历邪恶异星。他将与密斯卡托尼克大学最强战神亨利·阿米蒂奇教授联手对抗邪神降世！这是一部真正将洛氏“宇宙恐怖”带入到日常，并忠实于原著的游戏，自由度超高且信息量惊人！我将细致地带各位体验这跌宕起伏的60天，看弱小的主角如何起死回生并拯救世界！,1471,https://www.acfun.cn/v/ac48872418,https://tx-free-imgs.acfun.cn/newUpload/817797_2631b7cf26c14c2fbbfb062962a775be.jpeg?imageslim,AcFun,三日榜,three-days,hotlist,,2026-09-26 10:28:59
15,厨师长教你：“鱼香肉丝”的家常做法，酸甜微辣，口感丰富,,2060,https://www.acfun.cn/v/ac48867741,https://tx-free-imgs.acfun.cn/newUpload/13274260_93e68d1098d04ffca2683655a6a404c2.jpeg?imageslim,AcFun,三日榜,three-days,hotlist,,2026-09-26 10:28:59
16,和我一起健身吧！！！欢乐八点档-1783,审核大大辛苦了！<br/>免费的香蕉投一下吧，没有那就点个赞吧，这对我来说很重要，谢谢！！！<br/>谢谢每一个投蕉的帅哥美女！你们是我坚持更新的动力！<br/>视频来自快手等平台，侵权联系删除！,2441,https://www.acfun.cn/v/ac48872699,https://tx-free-imgs.acfun.cn/newUpload/2176158_e379c7202d2e43029e07ad17f40cab19.gif?imageslim,AcFun,三日榜,three-days,hotlist,,2026-09-26 10:28:59
17,【锅锅x怀瑜x阔落】千里邀月——共饮此杯赏此月，夜好眠,中秋到了，和姐妹们合唱了千里邀月~~<br/>乐：可乐祝大家身体健康，永不加班，月圆人团圆<br/>鱼：怀瑜愿诸位财源广进，常能摸鱼，花好月更圆<br/>锅：锅锅祝大家桂香满锅，早归赏月，饼甜心更甜<br/>祝大家中秋快乐~,1858,https://www.acfun.cn/v/ac48871580,https://tx-free-imgs.acfun.cn/newUpload/67206930_e47be8dbac2546e1b5a4a831e71dabe4.jpeg?imageslim,AcFun,三日榜,three-days,hotlist,,2026-09-26 10:28:59
18,嘴角压不住了【今天有什么好笑的 #2515】,：），谢谢大家的投蕉和点赞，祝你开心愉快~<br/>wallpaper壁纸：Genshin 神里绫华<br/>BGM：Wake me up when september ends,2440,https://www.acfun.cn/v/ac48868130,https://tx-free-imgs.acfun.cn/newUpload/383079_ef65121591434d2b86d53db1622776cd.gif?imageslim,AcFun,三日榜,three-days,hotlist,,2026-09-26 10:28:59
19,现在电脑不好卖了，以后我们出租AI机器人吧,,2391,https://www.acfun.cn/v/ac48867767,https://tx-free-imgs.acfun.cn/newUpload/17928_c684f06231604145b533a0f00627c624.png?imageslim,AcFun,三日榜,three-days,hotlist,,2026-09-26 10:28:59
20,姛姛？！蝴蝶耳机Manget中文翻唱【箐羽Hane】x【缇若柯Teivoc】,“是否你确实表里如一淡然，还是说你——并不似我贪婪？”<br/>《Manget》磁石 / 蝴蝶耳机 - 中文翻唱<br/>原作作曲 / 流星P<br/>曲绘&翻唱 / 箐羽hane & 缇若柯Teivoc<br/>中文填词 / 果汁凉菜<br/>混音 / 风尘<br/>和笋笋一起唱了我们二次元姛神曲！曲绘也是我和笋笋每个人负责了自己的部分最后再拼到一起的！真好！( *^ ^)o(^ ^* )希望大家也能喜欢！,1635,https://www.acfun.cn/v/ac48869340,https://tx-free-imgs.acfun.cn/newUpload/67511609_d868cdbd6b1849e8958696cdc9db1493.jpeg?imageslim,AcFun,三日榜,three-days,hotlist,,2026-09-26 10:28:59
21,今夜的风悄悄月悄悄~,,2036,https://www.acfun.cn/v/ac48873434,https://tx-free-imgs.acfun.cn/newUpload/23512715_0f364b6606dd467ab9975ffef5af1b29.jpg?imageslim,AcFun,三日榜,three-days,hotlist,,2026-09-26 10:28:59
22,我要冲会员【今天有什么好笑的 #2516】,：），谢谢大家的投蕉和点赞，祝你开心愉快~<br/>wallpaper壁纸：Reze | Chainsaw Man<br/>BGM：Nicoleta Matei - Love mail<br/>,2500,https://www.acfun.cn/v/ac48870763,https://tx-free-imgs.acfun.cn/newUpload/383079_47b0fc3f458042f5bd3717967e55c598.gif?imageslim,AcFun,三日榜,three-days,hotlist,,2026-09-26 10:28:59
23,【4K超高清】「JOJO的奇妙冒险 飙马野郎」第2话,,4900,https://www.acfun.cn/v/ac48872740,https://tx-free-imgs.acfun.cn/newUpload/72840608_a526e08904d049d2b38ce5f38bd71e63.jpeg?imageslim,AcFun,三日榜,three-days,hotlist,,2026-09-26 10:28:59
24,网络上常见的热门短视频集锦   第三千四百四十八期,审核大大辛苦了！<br/>谢谢每一个投蕉的帅哥美女！香蕉没有来个赞也好啊！<br/>视频来自快手等平台，侵权联系删除！,3571,https://www.acfun.cn/v/ac48870020,https://tx-free-imgs.acfun.cn/newUpload/2176158_d65e54f4e9ee489b86b6fc28c31c84ee.gif?imageslim,AcFun,三日榜,three-days,hotlist,,2026-09-26 10:28:59
25,网络上常见的热门短视频集锦   第三千四百四十六期,审核大大辛苦了！<br/>谢谢每一个投蕉的帅哥美女！香蕉没有来个赞也好啊！<br/>视频来自快手等平台，侵权联系删除！,3698,https://www.acfun.cn/v/ac48867732,https://tx-free-imgs.acfun.cn/newUpload/2176158_2ec1d99da19a48e0a8e4ff2a2447e612.gif?imageslim,AcFun,三日榜,three-days,hotlist,,2026-09-26 10:28:59
26,网络上常见的热门短视频集锦   第三千四百四十九期,审核大大辛苦了！<br/>谢谢每一个投蕉的帅哥美女！香蕉没有来个赞也好啊！<br/>视频来自快手等平台，侵权联系删除！,2703,https://www.acfun.cn/v/ac48871496,https://tx-free-imgs.acfun.cn/newUpload/2176158_cf20f7722011491da25ce2efbc799dba.gif?imageslim,AcFun,三日榜,three-days,hotlist,,2026-09-26 10:28:59
27,沦陷️,歌曲舞蹈：沦陷dj版-星奇摇   动作有改编,1758,https://www.acfun.cn/v/ac48869381,https://tx-free-imgs.acfun.cn/newUpload/12229455_aacf9da97a0940ad8e5f0b509d9cc159.jpeg?imageslim,AcFun,三日榜,three-days,hotlist,,2026-09-26 10:28:59
28,换你穿越三国乱世，你是起兵还是种田？,有没有宝贝和我一样，看三国的时候总在想，如果换我身在那个乱世，我会怎么样？是起兵争霸，还是归隐山林？ 或是是咱们可以选三国里有名的角色或者可以架空历史从素人做起，一统三国，那会怎么样?我最近就玩了这么一款游戏，一玩就是五个小时，根本停不下来，那今天来聊聊这款开放世界slg游戏《英雄立志传：三国志》~<br/>,1983,https://www.acfun.cn/v/ac48869043,https://tx-free-imgs.acfun.cn/newUpload/61352468_39715609bed041b98b21f3dbb482ad70.jpeg?imageslim,AcFun,三日榜,three-days,hotlist,,2026-09-26 10:28:59
29,交通事故20260923：交通车祸实例，提高安全驾驶意识,,1455,https://www.acfun.cn/v/ac48868861,https://tx-free-imgs.acfun.cn/newUpload/76871961_edea5de6659a4cd2b733a74989043440.jpg?imageslim,AcFun,三日榜,three-days,hotlist,,2026-09-26 10:28:59
30,短裙挑战！超长翻跳一次看个够~【生日作】,,1504,https://www.acfun.cn/v/ac48872675,https://tx-free-imgs.acfun.cn/newUpload/32485245_415db634556140d1841e2ebb4c0d9371.jpeg?imageslim,AcFun,三日榜,three-days,hotlist,,2026-09-26 10:28:59
31,网络上常见的热门短视频集锦   第三千四百四十七期,审核大大辛苦了！<br/>谢谢每一个投蕉的帅哥美女！香蕉没有来个赞也好啊！<br/>视频来自快手等平台，侵权联系删除！,3285,https://www.acfun.cn/v/ac48869149,https://tx-free-imgs.acfun.cn/newUpload/2176158_fdf9afe2e00a4a1aa62415c846776eaf.gif?imageslim,AcFun,三日榜,three-days,hotlist,,2026-09-26 10:28:59
32,老板直聘（89）,,1651,https://www.acfun.cn/v/ac48868552,https://tx-free-imgs.acfun.cn/newUpload/74706824_db2c7ba15c5d4aa18872db6b0763b7ca.jpeg?imageslim,AcFun,三日榜,three-days,hotlist,,2026-09-26 10:28:59
33,人鱼的眼泪,歌曲舞蹈：爱乐之城-人鱼的眼泪,1566,https://www.acfun.cn/v/ac48867050,https://tx-free-imgs.acfun.cn/newUpload/12229455_130b1f041e6741dab4f6295ee27d927e.jpeg?imageslim,AcFun,三日榜,three-days,hotlist,,2026-09-26 10:28:59
34,常州新开巴西烤肉自助，100块钱值得吗？,这是我目前为止，去过的第二家巴西烤肉自助，团购优惠的情况下，花了94元。正常价格在95~110不等<br/><br/>简单带大家看下菜品，除了取餐台这么些，各种牛肉制品、大串烧烤都是循环上桌，大家觉得这么些菜式花样，100块钱左右你们觉得贵还是便宜啊，觉得贵的扣1，觉得便宜的扣2,1891,https://www.acfun.cn/v/ac48868891,https://tx-free-imgs.acfun.cn/newUpload/2046675_bf3a59ddff624646850829452262094e.jpeg?imageslim,AcFun,三日榜,three-days,hotlist,,2026-09-26 10:28:59
35,【颜音】中秋歌回~祝大家节日快乐,皓月凌空，桂香满庭。<br/>愿今夜歌声暖心，祝各位中秋快乐，阖家美满！,1486,https://www.acfun.cn/v/ac48872065,https://tx-free-imgs.acfun.cn/newUpload/4425861_3dab8cdf19a74bf6accbdcd688cd9b6a.jpeg?imageslim,AcFun,三日榜,three-days,hotlist,,2026-09-26 10:28:59
36,网络上常见的热门短视频集锦   第三千四百五十期,审核大大辛苦了！<br/>谢谢每一个投蕉的帅哥美女！香蕉没有来个赞也好啊！<br/>视频来自快手等平台，侵权联系删除！,2660,https://www.acfun.cn/v/ac48872279,https://tx-free-imgs.acfun.cn/newUpload/2176158_a96ecd95394b4517928ac111407f75b1.gif?imageslim,AcFun,三日榜,three-days,hotlist,,2026-09-26 10:28:59
37,在英国差点被上门诈骗,可能看到我一人在家，就大胆敲门了，还好平常也会注意周边邻居，没发生什么事儿，这个金额就算被骗也不会报警，以后还是要小心一些了。#英国日常#vlog,1681,https://www.acfun.cn/v/ac48869505,https://tx-free-imgs.acfun.cn/newUpload/43181603_1c8c6c487a864d098b5e7e7bf2a12c6a.jpg?imageslim,AcFun,三日榜,three-days,hotlist,,2026-09-26 10:28:59
38,原创编舞《千层套路》的定机位竖屏来啦！,,1645,https://www.acfun.cn/v/ac48869245,https://tx-free-imgs.acfun.cn/newUpload/16380981_24bafd11c027499d9fe6820162faa782.png?imageslim,AcFun,三日榜,three-days,hotlist,,2026-09-26 10:28:59
39,北京的最北端在黑龙江？？？国内飞地是怎么形成的？,这份中国地图，是你从未看过的船新版本，放大几倍就会发现，在大家熟悉的各个省份中，还藏着一堆 “你中有我、我中有你” 的飞地。,1831,https://www.acfun.cn/v/ac48867896,https://tx-free-imgs.acfun.cn/newUpload/13630266_cc2428a99a42453f99c9e1306e7a43bb.jpeg?imageslim,AcFun,三日榜,three-days,hotlist,,2026-09-26 10:28:59
40,空姐OL~第57次取消发送,中秋节快乐,1728,https://www.acfun.cn/v/ac48872674,https://tx-free-imgs.acfun.cn/newUpload/14539629_46621bdc88a44c63be63172c5ba6cb6a.jpeg?imageslim,AcFun,三日榜,three-days,hotlist,,2026-09-26 10:28:59
41,我要辞职了！,,1701,https://www.acfun.cn/v/ac48863957,https://tx-free-imgs.acfun.cn/newUpload/12439728_7c57a0735675474590bf7b25e1a34527.png?imageslim,AcFun,三日榜,three-days,hotlist,,2026-09-26 10:28:59
42,发个friend圈,,1544,https://www.acfun.cn/v/ac48863958,https://tx-free-imgs.acfun.cn/newUpload/12439728_b44cb67ae45a4c179b08227368f4159c.png?imageslim,AcFun,三日榜,three-days,hotlist,,2026-09-26 10:28:59
43,奥迪“宫斗”十年大结局？一汽拿四环，上汽拿AUDI,一汽奥迪和上汽奥迪“宫斗”了十年，终于要划下句号了？,1744,https://www.acfun.cn/v/ac48870981,https://tx-free-imgs.acfun.cn/newUpload/13630266_3fde785be5a2411495618f67d01ab66a.jpeg?imageslim,AcFun,三日榜,three-days,hotlist,,2026-09-26 10:28:59
44,【东方/汉化】咲夜带你了解汉字【MMD搞笑小剧场】,作者：クローバー,1245,https://www.acfun.cn/v/ac48872652,https://tx-free-imgs.acfun.cn/newUpload/6102_8b2072189ecb4044a7de95bb450d02ed.jpeg?imageslim,AcFun,三日榜,three-days,hotlist,,2026-09-26 10:28:59
45,捏捏已经已进化到可以吃的地步啦？,,1633,https://www.acfun.cn/v/ac48868638,https://tx-free-imgs.acfun.cn/newUpload/6177430_486c910212d548c991eeb140f146a6ed.jpeg?imageslim,AcFun,三日榜,three-days,hotlist,,2026-09-26 10:28:59
46,【东方】QUEEN【蕾米莉亚 Miy Ver. MMD】,作者：やくも<br/><br/>楽曲:Kanaria 様→https://www.nicovideo.jp/watch/sm4088...<br/>振付:AKIRA様<br/>モーション:P-nez 様→https://www.nicovideo.jp/watch/sm4350...<br/>カメラ:Mizuha様→https://www.nicovideo.jp/watch/sm4353...<br/>モデル:MIy様<br/>ステージ:栗ごはん様<br/>アクセサリ:アスカ様,1270,https://www.acfun.cn/v/ac48870080,https://tx-free-imgs.acfun.cn/newUpload/6102_6a4dce20c9b74fa0bbdff3ccc0a73c5d.png?imageslim,AcFun,三日榜,three-days,hotlist,,2026-09-26 10:28:59
47,望眼欲穿【今天有什么好笑的 #2517】,：），谢谢大家的投蕉和点赞，祝你开心愉快~<br/>Wallpaper壁纸：雪山与女孩<br/>Bgm：あのね。,1859,https://www.acfun.cn/v/ac48872647,https://tx-free-imgs.acfun.cn/newUpload/383079_40beb913fd1a44d3afa053553d53b466.gif?imageslim,AcFun,三日榜,three-days,hotlist,,2026-09-26 10:28:59
48,如果我和她恋爱的话……,,1414,https://www.acfun.cn/v/ac48871545,https://tx-free-imgs.acfun.cn/newUpload/2277346_de526594356a4c9f90b71bf5823054e6.jpg?imageslim,AcFun,三日榜,three-days,hotlist,,2026-09-26 10:28:59
49,这套皮肤真的很喜欢,,1486,https://www.acfun.cn/v/ac48871657,https://tx-free-imgs.acfun.cn/newUpload/16380981_ac9640e59a3a42e093fcee0a0b81d474.jpg?imageslim,AcFun,三日榜,three-days,hotlist,,2026-09-26 10:28:59
50,你吃月饼了吗？,,1452,https://www.acfun.cn/v/ac48869054,https://tx-free-imgs.acfun.cn/newUpload/1167675_8f48723afb0e41ecbe772249b3f4df1a.jpg?imageslim,AcFun,三日榜,three-days,hotlist,,2026-09-26 10:28:59
1,剑戟战斗的巅峰 关卡内容的洼地 偏科严重的《鬼武者：剑之道》,它给人爽的部分是真的爽，但是在每次爽之前，你得堵不少马桶，先生。,4518,https://www.acfun.cn/v/ac48859506,https://tx-free-imgs.acfun.cn/newUpload/934542_5d98ad80ca9c4307b5cdc2051c11cb50.jpeg?imageslim,AcFun,周榜,week,hotlist,,2026-09-26 10:28:59
2,是谁点的小恶魔，蕉出来～,,6332,https://www.acfun.cn/v/ac48867778,https://tx-free-imgs.acfun.cn/newUpload/17062172_6098fee67d1748e0ab5dab3b5665736c.jpg?imageslim,AcFun,周榜,week,hotlist,,2026-09-26 10:28:59
3,跳最开心的一集,,3985,https://www.acfun.cn/v/ac48860571,https://tx-free-imgs.acfun.cn/newUpload/50330447_79a3f269514140c29e7a85fb7c9dc94c.jpg?imageslim,AcFun,周榜,week,hotlist,,2026-09-26 10:28:59
4,喜欢哪套？,,7104,https://www.acfun.cn/v/ac48861422,https://tx-free-imgs.acfun.cn/newUpload/3540234_729e0d22251f439da3735f26e58d174f.jpg?imageslim,AcFun,周榜,week,hotlist,,2026-09-26 10:28:59
5,过期JK碎碎念！,家人们记得蕉一蕉捏 啾咪,5932,https://www.acfun.cn/v/ac48859219,https://tx-free-imgs.acfun.cn/newUpload/17062172_5dd6ea8b5f2741ff87f0911db6dfb909.jpg?imageslim,AcFun,周榜,week,hotlist,,2026-09-26 10:28:59
6,娃：真遗憾，本来打算亲自告诉你们的,嘿嘿希望大家都万事顺意～心想事成,4908,https://www.acfun.cn/v/ac48871740,https://tx-free-imgs.acfun.cn/newUpload/17062172_d1a93166ed084e3aadac2fea4bba0707.jpg?imageslim,AcFun,周榜,week,hotlist,,2026-09-26 10:28:59
7,人间琴悠扬，姑娘把谁记心上～,,2730,https://www.acfun.cn/v/ac48863143,https://tx-free-imgs.acfun.cn/newUpload/50330447_938d77716a11477e843914663278ff07.jpg?imageslim,AcFun,周榜,week,hotlist,,2026-09-26 10:28:59
8,《野生动物迷惑行为》,喜欢请投蕉啊   谢谢啦！,2907,https://www.acfun.cn/v/ac48868360,https://tx-free-imgs.acfun.cn/newUpload/1342385_3fab348c538e4c0fa001871a708fe302.jpeg?imageslim,AcFun,周榜,week,hotlist,,2026-09-26 10:28:59
9,《动物迷惑行为大赏325》,喜欢请投蕉啊 谢谢啦！,2666,https://www.acfun.cn/v/ac48861293,https://tx-free-imgs.acfun.cn/newUpload/1342385_03080470038d444a95ce01ff6a6aeb9f.jpeg?imageslim,AcFun,周榜,week,hotlist,,2026-09-26 10:28:59
10,双马尾小女仆带来的情绪摇～,,4014,https://www.acfun.cn/v/ac48861966,https://tx-free-imgs.acfun.cn/newUpload/11361784_8cee0402b4754b1e82f85b7099791793.jpg?imageslim,AcFun,周榜,week,hotlist,,2026-09-26 10:28:59
11,帮Acer问一下，地址在哪里？欢乐八点档-1779,审核大大辛苦了！<br/>免费的香蕉投一下吧，没有那就点个赞吧，这对我来说很重要，谢谢！！！<br/>谢谢每一个投蕉的帅哥美女！你们是我坚持更新的动力！<br/>视频来自快手等平台，侵权联系删除！,4519,https://www.acfun.cn/v/ac48863633,https://tx-free-imgs.acfun.cn/newUpload/2176158_ff69c3c797d5414e8056b329918cc5b6.gif?imageslim,AcFun,周榜,week,hotlist,,2026-09-26 10:28:59
12,【绘图过程】《海边》6周年纪念插图过程,6周年纪念插图挂画（预售）、沙滩巾（预售），阿宝已上架,3382,https://www.acfun.cn/v/ac48836990,https://tx-free-imgs.acfun.cn/newUpload/179922_9f95aba039e84f3594c3947b3c8fdd58.jpeg?imageslim,AcFun,周榜,week,hotlist,,2026-09-26 10:28:59
13,裸足圆脸仙女下凡～跳一曲千里邀月【可心喵】,,2377,https://www.acfun.cn/v/ac48872448,https://tx-free-imgs.acfun.cn/newUpload/12892608_6691690fd8e944278bda5d5390e1e5a9.jpg?imageslim,AcFun,周榜,week,hotlist,,2026-09-26 10:28:59
14,还是少妇会的多啊！★手机竖屏2011★,审核大大辛苦了！<br/>谢谢每一个投蕉的帅哥美女！香蕉没有来个赞也好啊！<br/>视频来自快手等平台，侵权联系删除！,5248,https://www.acfun.cn/v/ac48864360,https://tx-free-imgs.acfun.cn/newUpload/2176158_3d4f199fd93640468e543b9ee25ac4c0.gif?imageslim,AcFun,周榜,week,hotlist,,2026-09-26 10:28:59
15,漫威金刚狼深陷争议！SweetBaby又毁一款？【绅批】,这算是DEI的历史遗留问题了，所有现在已经从sweetbaby离职的人，只要参与过游戏制作也会被署名（比如桥本和真）,2956,https://www.acfun.cn/v/ac48868810,https://tx-free-imgs.acfun.cn/newUpload/526850_ca1da1572b1d494a93e2f6bab46cf76b.jpeg?imageslim,AcFun,周榜,week,hotlist,,2026-09-26 10:28:59
16,因为害怕被讨厌 所以把自己藏起来了,,3224,https://www.acfun.cn/v/ac48871331,https://tx-free-imgs.acfun.cn/newUpload/11361784_3d4bd69b46f541e184c2922c24f09276.jpg?imageslim,AcFun,周榜,week,hotlist,,2026-09-26 10:28:59
17,我真的是来吃饭的！★手机竖屏2013★,审核大大辛苦了！<br/>谢谢每一个投蕉的帅哥美女！香蕉没有来个赞也好啊！<br/>视频来自快手等平台，侵权联系删除！,3914,https://www.acfun.cn/v/ac48869145,https://tx-free-imgs.acfun.cn/newUpload/2176158_eb4b69370b8f435aa2b171e72403d356.gif?imageslim,AcFun,周榜,week,hotlist,,2026-09-26 10:28:59
18,mr chu!!好怀念这首歌,,2143,https://www.acfun.cn/v/ac48869375,https://tx-free-imgs.acfun.cn/newUpload/16380981_19592eb83a88429695ee1a0508fc3df0.png?imageslim,AcFun,周榜,week,hotlist,,2026-09-26 10:28:59
19,网络上常见的热门短视频集锦   第三千四百三十八期,审核大大辛苦了！<br/>谢谢每一个投蕉的帅哥美女！香蕉没有来个赞也好啊！<br/>视频来自快手等平台，侵权联系删除！,4454,https://www.acfun.cn/v/ac48858394,https://tx-free-imgs.acfun.cn/newUpload/2176158_38174e72af934b9e86687045b01f0dd3.gif?imageslim,AcFun,周榜,week,hotlist,,2026-09-26 10:28:59
20,钓鱼佬是真会享受！欢乐八点档-1777,审核大大辛苦了！<br/>免费的香蕉投一下吧，没有那就点个赞吧，这对我来说很重要，谢谢！！！<br/>谢谢每一个投蕉的帅哥美女！你们是我坚持更新的动力！<br/>视频来自快手等平台，侵权联系删除！,4615,https://www.acfun.cn/v/ac48858969,https://tx-free-imgs.acfun.cn/newUpload/2176158_c9d74d926c4c4d709a4b6b7769dffcca.gif?imageslim,AcFun,周榜,week,hotlist,,2026-09-26 10:28:59
21,一波还未平息一波又来侵袭！★手机竖屏2010★,审核大大辛苦了！<br/>谢谢每一个投蕉的帅哥美女！香蕉没有来个赞也好啊！<br/>视频来自快手等平台，侵权联系删除！,4808,https://www.acfun.cn/v/ac48862013,https://tx-free-imgs.acfun.cn/newUpload/2176158_c4802142afc14d50b2cd775e67890cca.gif?imageslim,AcFun,周榜,week,hotlist,,2026-09-26 10:28:59
22,还是少妇会啊！！！★手机竖屏2009★,审核大大辛苦了！<br/>谢谢每一个投蕉的帅哥美女！香蕉没有来个赞也好啊！<br/>视频来自快手等平台，侵权联系删除！,4912,https://www.acfun.cn/v/ac48859515,https://tx-free-imgs.acfun.cn/newUpload/2176158_d4e9e6e30f4446319f9e720adfe35ef9.gif?imageslim,AcFun,周榜,week,hotlist,,2026-09-26 10:28:59
23,【AC娘】琵琶曲,原作者：Kotte Animation<br/>还有瑕疵，看个乐吧,3189,https://www.acfun.cn/v/ac48864492,https://tx-free-imgs.acfun.cn/newUpload/41729435_02cbd995b6d54f508eb21d3cb8621903.jpeg?imageslim,AcFun,周榜,week,hotlist,,2026-09-26 10:28:59
24,25年了，回坊天花板小酥肉，还是那个味儿,记忆中的味道，回来了，都回来了……<br/>一口椒麻一口鲜，大口吃肉，配上热腾腾的米饭，绝了。<br/>素三鲜也是无敌的存在！,2570,https://www.acfun.cn/v/ac48865538,https://tx-free-imgs.acfun.cn/newUpload/13765438_9bc4a0abf32a4c1aa3e83c844de84649.jpeg?imageslim,AcFun,周榜,week,hotlist,,2026-09-26 10:28:59
25,拜托了，夫人！★手机竖屏2014★,审核大大辛苦了！<br/>谢谢每一个投蕉的帅哥美女！香蕉没有来个赞也好啊！<br/>视频来自快手等平台，侵权联系删除！,3451,https://www.acfun.cn/v/ac48871493,https://tx-free-imgs.acfun.cn/newUpload/2176158_afaf0913878443b1bc00d636136ffce3.gif?imageslim,AcFun,周榜,week,hotlist,,2026-09-26 10:28:59
26,北京豆汁会惩罚每一个好奇的人！欢乐八点档-1780,审核大大辛苦了！<br/>免费的香蕉投一下吧，没有那就点个赞吧，这对我来说很重要，谢谢！！！<br/>谢谢每一个投蕉的帅哥美女！你们是我坚持更新的动力！<br/>视频来自快手等平台，侵权联系删除！,4496,https://www.acfun.cn/v/ac48865965,https://tx-free-imgs.acfun.cn/newUpload/2176158_ec83e6fb2ffc4005b41881ac13dbaeca.gif?imageslim,AcFun,周榜,week,hotlist,,2026-09-26 10:28:59
27,这样的学姐喜欢吗？欢乐八点档-1782,审核大大辛苦了！<br/>免费的香蕉投一下吧，没有那就点个赞吧，这对我来说很重要，谢谢！！！<br/>谢谢每一个投蕉的帅哥美女！你们是我坚持更新的动力！<br/>视频来自快手等平台，侵权联系删除！,3854,https://www.acfun.cn/v/ac48870057,https://tx-free-imgs.acfun.cn/newUpload/2176158_4c1f3b60f73e451abc443941d47305d8.gif?imageslim,AcFun,周榜,week,hotlist,,2026-09-26 10:28:59
28,拳击好啊，拳击得学！欢乐八点档-1781,审核大大辛苦了！<br/>免费的香蕉投一下吧，没有那就点个赞吧，这对我来说很重要，谢谢！！！<br/>谢谢每一个投蕉的帅哥美女！你们是我坚持更新的动力！<br/>视频来自快手等平台，侵权联系删除！,4168,https://www.acfun.cn/v/ac48868336,https://tx-free-imgs.acfun.cn/newUpload/2176158_3f6c601293a54468bae97f781440217b.gif?imageslim,AcFun,周榜,week,hotlist,,2026-09-26 10:28:59
29,你的拳头真是肥嘟嘟的...,动漫：心灵的声音，作者：赵石【韩国】,2200,https://www.acfun.cn/v/ac48859870,https://tx-free-imgs.acfun.cn/newUpload/509259_2fa91d5206504450be471808d9c93a22.jpeg?imageslim,AcFun,周榜,week,hotlist,,2026-09-26 10:28:59
30,这个一字马技术含量很高啊！欢乐八点档-1778,审核大大辛苦了！<br/>免费的香蕉投一下吧，没有那就点个赞吧，这对我来说很重要，谢谢！！！<br/>谢谢每一个投蕉的帅哥美女！你们是我坚持更新的动力！<br/>视频来自快手等平台，侵权联系删除！,4406,https://www.acfun.cn/v/ac48861225,https://tx-free-imgs.acfun.cn/newUpload/2176158_0824627cb76d40dc99ce9cb12c07e4cc.gif?imageslim,AcFun,周榜,week,hotlist,,2026-09-26 10:28:59
31,网络上常见的热门短视频集锦   第三千四百四十五期,审核大大辛苦了！<br/>谢谢每一个投蕉的帅哥美女！香蕉没有来个赞也好啊！<br/>视频来自快手等平台，侵权联系删除！,3964,https://www.acfun.cn/v/ac48866824,https://tx-free-imgs.acfun.cn/newUpload/2176158_dba921eb42f14c7ba31a1af83bfe71ce.gif?imageslim,AcFun,周榜,week,hotlist,,2026-09-26 10:28:59
32,琵琶曲丨夜神月 VS  L,原曲：琵琶曲,2271,https://www.acfun.cn/v/ac48861693,https://tx-free-imgs.acfun.cn/newUpload/16986934_3bf4dd94910c4845acf851f7f0fdb757.jpeg?imageslim,AcFun,周榜,week,hotlist,,2026-09-26 10:28:59
33,网络上常见的热门短视频集锦   第三千四百四十一期,审核大大辛苦了！<br/>谢谢每一个投蕉的帅哥美女！香蕉没有来个赞也好啊！<br/>视频来自快手等平台，侵权联系删除！,4211,https://www.acfun.cn/v/ac48862019,https://tx-free-imgs.acfun.cn/newUpload/2176158_6e5a88d95f344d92a8d97a57f03ac4b9.gif?imageslim,AcFun,周榜,week,hotlist,,2026-09-26 10:28:59
34,空中瑜伽！！！★手机竖屏2012★,审核大大辛苦了！<br/>谢谢每一个投蕉的帅哥美女！香蕉没有来个赞也好啊！<br/>视频来自快手等平台，侵权联系删除！,4479,https://www.acfun.cn/v/ac48866821,https://tx-free-imgs.acfun.cn/newUpload/2176158_610807af48f5463a891fc9f341c9b16f.gif?imageslim,AcFun,周榜,week,hotlist,,2026-09-26 10:28:59
35,女妖邪神凶宅索命，最惨主角逆天求生！克系神游《魔女屋中之梦》像素恐怖游戏详细讲述【深夜档】,如何在60天内，让洛夫克拉夫特小说中惨死的倒霉主角逆天改命？这位芬兰作者打造了一部又硬核又忠实的优秀克苏鲁游戏！入住阿卡姆百年凶宅的凡人主角沃尔特·吉尔曼，接连遭到人脸妖鼠，恐怖女巫，不可名状外神的侵袭。白天钻研神秘学知识，梦中游历邪恶异星。他将与密斯卡托尼克大学最强战神亨利·阿米蒂奇教授联手对抗邪神降世！这是一部真正将洛氏“宇宙恐怖”带入到日常，并忠实于原著的游戏，自由度超高且信息量惊人！我将细致地带各位体验这跌宕起伏的60天，看弱小的主角如何起死回生并拯救世界！,1471,https://www.acfun.cn/v/ac48872418,https://tx-free-imgs.acfun.cn/newUpload/817797_2631b7cf26c14c2fbbfb062962a775be.jpeg?imageslim,AcFun,周榜,week,hotlist,,2026-09-26 10:28:59
36,厨师长教你：“鱼香肉丝”的家常做法，酸甜微辣，口感丰富,,2060,https://www.acfun.cn/v/ac48867741,https://tx-free-imgs.acfun.cn/newUpload/13274260_93e68d1098d04ffca2683655a6a404c2.jpeg?imageslim,AcFun,周榜,week,hotlist,,2026-09-26 10:28:59
37,网络上常见的热门短视频集锦   第三千四百三十九期,审核大大辛苦了！<br/>谢谢每一个投蕉的帅哥美女！香蕉没有来个赞也好啊！<br/>视频来自快手等平台，侵权联系删除！,4055,https://www.acfun.cn/v/ac48859518,https://tx-free-imgs.acfun.cn/newUpload/2176158_13f61f1aa39c4732bdaeed87fe0e28a4.gif?imageslim,AcFun,周榜,week,hotlist,,2026-09-26 10:28:59
38,和我一起健身吧！！！欢乐八点档-1783,审核大大辛苦了！<br/>免费的香蕉投一下吧，没有那就点个赞吧，这对我来说很重要，谢谢！！！<br/>谢谢每一个投蕉的帅哥美女！你们是我坚持更新的动力！<br/>视频来自快手等平台，侵权联系删除！,2441,https://www.acfun.cn/v/ac48872699,https://tx-free-imgs.acfun.cn/newUpload/2176158_e379c7202d2e43029e07ad17f40cab19.gif?imageslim,AcFun,周榜,week,hotlist,,2026-09-26 10:28:59
39,一天生产500万个！速冻水饺是如何制造出来的？,,2166,https://www.acfun.cn/v/ac48859253,https://tx-free-imgs.acfun.cn/newUpload/19281632_57f07fe28e24422d948491fd2d43586c.jpeg?imageslim,AcFun,周榜,week,hotlist,,2026-09-26 10:28:59
40,今天你不能嫁出去【今天有什么好笑的 #2514】,：)，谢谢大家，祝你们开心。<br/>wallpaper壁纸：Fading Astronaut 5K (update)<br/>BGM：I Want It That Way,2920,https://www.acfun.cn/v/ac48865864,https://tx-free-imgs.acfun.cn/newUpload/383079_ee4f5f7badf74f05a2ef6c691387f327.gif?imageslim,AcFun,周榜,week,hotlist,,2026-09-26 10:28:59
41,【锅锅x怀瑜x阔落】千里邀月——共饮此杯赏此月，夜好眠,中秋到了，和姐妹们合唱了千里邀月~~<br/>乐：可乐祝大家身体健康，永不加班，月圆人团圆<br/>鱼：怀瑜愿诸位财源广进，常能摸鱼，花好月更圆<br/>锅：锅锅祝大家桂香满锅，早归赏月，饼甜心更甜<br/>祝大家中秋快乐~,1858,https://www.acfun.cn/v/ac48871580,https://tx-free-imgs.acfun.cn/newUpload/67206930_e47be8dbac2546e1b5a4a831e71dabe4.jpeg?imageslim,AcFun,周榜,week,hotlist,,2026-09-26 10:28:59
42,单纯的约会（92）,,1823,https://www.acfun.cn/v/ac48857199,https://tx-free-imgs.acfun.cn/newUpload/74706824_a3a60d77e6934225b168686e44216c4b.png?imageslim,AcFun,周榜,week,hotlist,,2026-09-26 10:28:59
43,嘴角压不住了【今天有什么好笑的 #2515】,：），谢谢大家的投蕉和点赞，祝你开心愉快~<br/>wallpaper壁纸：Genshin 神里绫华<br/>BGM：Wake me up when september ends,2440,https://www.acfun.cn/v/ac48868130,https://tx-free-imgs.acfun.cn/newUpload/383079_ef65121591434d2b86d53db1622776cd.gif?imageslim,AcFun,周榜,week,hotlist,,2026-09-26 10:28:59
44,【东方】推特东方小视频选集 第272期,睡觉睡觉睡觉睡觉睡觉睡觉睡觉睡觉睡觉睡觉……,1407,https://www.acfun.cn/v/ac48858830,https://tx-free-imgs.acfun.cn/newUpload/6102_5a13d6efeec742ff84c512206aaeb7b0.jpeg?imageslim,AcFun,周榜,week,hotlist,,2026-09-26 10:28:59
45,甜妹来袭！,,2174,https://www.acfun.cn/v/ac48863947,https://tx-free-imgs.acfun.cn/newUpload/12439728_1fd5a3c6e60241a1a1cd8f89dbede769.png?imageslim,AcFun,周榜,week,hotlist,,2026-09-26 10:28:59
46,现在电脑不好卖了，以后我们出租AI机器人吧,,2391,https://www.acfun.cn/v/ac48867767,https://tx-free-imgs.acfun.cn/newUpload/17928_c684f06231604145b533a0f00627c624.png?imageslim,AcFun,周榜,week,hotlist,,2026-09-26 10:28:59
47,网络上常见的热门短视频集锦   第三千四百四十三期,审核大大辛苦了！<br/>谢谢每一个投蕉的帅哥美女！香蕉没有来个赞也好啊！<br/>视频来自快手等平台，侵权联系删除！,3676,https://www.acfun.cn/v/ac48864363,https://tx-free-imgs.acfun.cn/newUpload/2176158_dfef22dbf6934a15a594e5766b8680ca.gif?imageslim,AcFun,周榜,week,hotlist,,2026-09-26 10:28:59
48,嘞个就是爱情【今天有什么好笑的 #2512】,：），谢谢大家的投蕉和点赞，祝你开心愉快~<br/>wallpaper壁纸：lamp<br/>BGM：What a Feeling,2454,https://www.acfun.cn/v/ac48860992,https://tx-free-imgs.acfun.cn/newUpload/383079_172d192fee55441c96b7352f61e0a25f.gif?imageslim,AcFun,周榜,week,hotlist,,2026-09-26 10:28:59
49,姛姛？！蝴蝶耳机Manget中文翻唱【箐羽Hane】x【缇若柯Teivoc】,“是否你确实表里如一淡然，还是说你——并不似我贪婪？”<br/>《Manget》磁石 / 蝴蝶耳机 - 中文翻唱<br/>原作作曲 / 流星P<br/>曲绘&翻唱 / 箐羽hane & 缇若柯Teivoc<br/>中文填词 / 果汁凉菜<br/>混音 / 风尘<br/>和笋笋一起唱了我们二次元姛神曲！曲绘也是我和笋笋每个人负责了自己的部分最后再拼到一起的！真好！( *^ ^)o(^ ^* )希望大家也能喜欢！,1635,https://www.acfun.cn/v/ac48869340,https://tx-free-imgs.acfun.cn/newUpload/67511609_d868cdbd6b1849e8958696cdc9db1493.jpeg?imageslim,AcFun,周榜,week,hotlist,,2026-09-26 10:28:59
50,网络上常见的热门短视频集锦   第三千四百四十四期,审核大大辛苦了！<br/>谢谢每一个投蕉的帅哥美女！香蕉没有来个赞也好啊！<br/>视频来自快手等平台，侵权联系删除！,3573,https://www.acfun.cn/v/ac48865021,https://tx-free-imgs.acfun.cn/newUpload/2176158_663463f1e6004dc2b4dea153d1e60c05.gif?imageslim,AcFun,周榜,week,hotlist,,2026-09-26 10:28:59
1,娃：真遗憾，本来打算亲自告诉你们的,嘿嘿希望大家都万事顺意～心想事成,5030,https://www.acfun.cn/v/ac48871740,https://tx-free-imgs.acfun.cn/newUpload/17062172_d1a93166ed084e3aadac2fea4bba0707.jpg?imageslim,AcFun,日榜,day,hotlist,,2026-09-26 11:24:38
2,裸足圆脸仙女下凡～跳一曲千里邀月【可心喵】,,2424,https://www.acfun.cn/v/ac48872448,https://tx-free-imgs.acfun.cn/newUpload/12892608_6691690fd8e944278bda5d5390e1e5a9.jpg?imageslim,AcFun,日榜,day,hotlist,,2026-09-26 11:24:38
3,女妖邪神凶宅索命，最惨主角逆天求生！克系神游《魔女屋中之梦》像素恐怖游戏详细讲述【深夜档】,如何在60天内，让洛夫克拉夫特小说中惨死的倒霉主角逆天改命？这位芬兰作者打造了一部又硬核又忠实的优秀克苏鲁游戏！入住阿卡姆百年凶宅的凡人主角沃尔特·吉尔曼，接连遭到人脸妖鼠，恐怖女巫，不可名状外神的侵袭。白天钻研神秘学知识，梦中游历邪恶异星。他将与密斯卡托尼克大学最强战神亨利·阿米蒂奇教授联手对抗邪神降世！这是一部真正将洛氏“宇宙恐怖”带入到日常，并忠实于原著的游戏，自由度超高且信息量惊人！我将细致地带各位体验这跌宕起伏的60天，看弱小的主角如何起死回生并拯救世界！,1503,https://www.acfun.cn/v/ac48872418,https://tx-free-imgs.acfun.cn/newUpload/817797_2631b7cf26c14c2fbbfb062962a775be.jpeg?imageslim,AcFun,日榜,day,hotlist,,2026-09-26 11:24:38
4,和我一起健身吧！！！欢乐八点档-1783,审核大大辛苦了！<br/>免费的香蕉投一下吧，没有那就点个赞吧，这对我来说很重要，谢谢！！！<br/>谢谢每一个投蕉的帅哥美女！你们是我坚持更新的动力！<br/>视频来自快手等平台，侵权联系删除！,2563,https://www.acfun.cn/v/ac48872699,https://tx-free-imgs.acfun.cn/newUpload/2176158_e379c7202d2e43029e07ad17f40cab19.gif?imageslim,AcFun,日榜,day,hotlist,,2026-09-26 11:24:38
5,【锅锅x怀瑜x阔落】千里邀月——共饮此杯赏此月，夜好眠,中秋到了，和姐妹们合唱了千里邀月~~<br/>乐：可乐祝大家身体健康，永不加班，月圆人团圆<br/>鱼：怀瑜愿诸位财源广进，常能摸鱼，花好月更圆<br/>锅：锅锅祝大家桂香满锅，早归赏月，饼甜心更甜<br/>祝大家中秋快乐~,1872,https://www.acfun.cn/v/ac48871580,https://tx-free-imgs.acfun.cn/newUpload/67206930_e47be8dbac2546e1b5a4a831e71dabe4.jpeg?imageslim,AcFun,日榜,day,hotlist,,2026-09-26 11:24:38
6,今夜的风悄悄月悄悄~,,2235,https://www.acfun.cn/v/ac48873434,https://tx-free-imgs.acfun.cn/newUpload/23512715_0f364b6606dd467ab9975ffef5af1b29.jpg?imageslim,AcFun,日榜,day,hotlist,,2026-09-26 11:24:38
7,【4K超高清】「JOJO的奇妙冒险 飙马野郎」第2话,,5009,https://www.acfun.cn/v/ac48872740,https://tx-free-imgs.acfun.cn/newUpload/72840608_a526e08904d049d2b38ce5f38bd71e63.jpeg?imageslim,AcFun,日榜,day,hotlist,,2026-09-26 11:24:38
8,网络上常见的热门短视频集锦   第三千四百四十九期,审核大大辛苦了！<br/>谢谢每一个投蕉的帅哥美女！香蕉没有来个赞也好啊！<br/>视频来自快手等平台，侵权联系删除！,2745,https://www.acfun.cn/v/ac48871496,https://tx-free-imgs.acfun.cn/newUpload/2176158_cf20f7722011491da25ce2efbc799dba.gif?imageslim,AcFun,日榜,day,hotlist,,2026-09-26 11:24:38
9,短裙挑战！超长翻跳一次看个够~【生日作】,,1573,https://www.acfun.cn/v/ac48872675,https://tx-free-imgs.acfun.cn/newUpload/32485245_415db634556140d1841e2ebb4c0d9371.jpeg?imageslim,AcFun,日榜,day,hotlist,,2026-09-26 11:24:38
10,网络上常见的热门短视频集锦   第三千四百五十期,审核大大辛苦了！<br/>谢谢每一个投蕉的帅哥美女！香蕉没有来个赞也好啊！<br/>视频来自快手等平台，侵权联系删除！,2712,https://www.acfun.cn/v/ac48872279,https://tx-free-imgs.acfun.cn/newUpload/2176158_a96ecd95394b4517928ac111407f75b1.gif?imageslim,AcFun,日榜,day,hotlist,,2026-09-26 11:24:38
11,【东方/汉化】咲夜带你了解汉字【MMD搞笑小剧场】,作者：クローバー,1266,https://www.acfun.cn/v/ac48872652,https://tx-free-imgs.acfun.cn/newUpload/6102_8b2072189ecb4044a7de95bb450d02ed.jpeg?imageslim,AcFun,日榜,day,hotlist,,2026-09-26 11:24:38
12,空姐OL~第57次取消发送,中秋节快乐,1754,https://www.acfun.cn/v/ac48872674,https://tx-free-imgs.acfun.cn/newUpload/14539629_46621bdc88a44c63be63172c5ba6cb6a.jpeg?imageslim,AcFun,日榜,day,hotlist,,2026-09-26 11:24:38
13,望眼欲穿【今天有什么好笑的 #2517】,：），谢谢大家的投蕉和点赞，祝你开心愉快~<br/>Wallpaper壁纸：雪山与女孩<br/>Bgm：あのね。,1879,https://www.acfun.cn/v/ac48872647,https://tx-free-imgs.acfun.cn/newUpload/383079_40beb913fd1a44d3afa053553d53b466.gif?imageslim,AcFun,日榜,day,hotlist,,2026-09-26 11:24:38
14,如果我和她恋爱的话……,,1434,https://www.acfun.cn/v/ac48871545,https://tx-free-imgs.acfun.cn/newUpload/2277346_de526594356a4c9f90b71bf5823054e6.jpg?imageslim,AcFun,日榜,day,hotlist,,2026-09-26 11:24:38
15,两段不伦恋 15年复仇路《老男孩》吴大秀我的折磨可是一辈子,本期带来《老男孩》50分钟 国庆要到了，铁粉都知道背包住在网红街道 小长假根本没法做节目，阿杰提意带着各自父母一起出去玩几天 所以这几天会加急看看能不能赶出来一期，实再不行就小长假后更新咯，中秋国庆都祝小伙伴开心快乐！,1212,https://www.acfun.cn/v/ac48871285,https://tx-free-imgs.acfun.cn/newUpload/6894185_ab259859c7df40d1b092d2e828bf38e5.jpeg?imageslim,AcFun,日榜,day,hotlist,,2026-09-26 11:24:38
16,我终于明白什么都不缺的含金量！,,1234,https://www.acfun.cn/v/ac48872781,https://tx-free-imgs.acfun.cn/newUpload/6177430_06f5f9b03edd4f73a3dfeba4cf78db16.jpeg?imageslim,AcFun,日榜,day,hotlist,,2026-09-26 11:24:38
17,忘情牛肉面,,1412,https://www.acfun.cn/v/ac48873433,https://tx-free-imgs.acfun.cn/newUpload/11361784_6fe659c9e31e428c8b700a04d46742fd.jpg?imageslim,AcFun,日榜,day,hotlist,,2026-09-26 11:24:38
18,想和你一起赏月𐔌՞ ܸ.ˬ.ܸ՞𐦯千里邀月,,1149,https://www.acfun.cn/v/ac48873207,https://tx-free-imgs.acfun.cn/newUpload/57336445_c7d705d3782c4b0193b62c6d02e43748.jpg?imageslim,AcFun,日榜,day,hotlist,,2026-09-26 11:24:38
19,“原来和思念的人相见，就是人们常说的团圆” | 愿年年有今夜《妙妙人间》,「愿岁岁年年有此夜。」<br/>To : 虽然隔着屏幕，但同一轮月亮也让我们团圆在这里。中秋快乐呀~<br/>==========<br/>《妙妙人间》<br/>原唱：张含韵<br/>混音：饭団子p<br/>翻唱&视频：露纱琳黛,1143,https://www.acfun.cn/v/ac48871599,https://tx-free-imgs.acfun.cn/newUpload/69790459_0b53ce48e1c7437c9bdd3cf45d53de8f.jpeg?imageslim,AcFun,日榜,day,hotlist,,2026-09-26 11:24:38
20,沙特反水，退出中国主导数字货币桥项目,,1433,https://www.acfun.cn/v/ac48873521,https://tx-free-imgs.acfun.cn/newUpload/43608832_667ff672cc3548f3bae31d62bb9e3f0e.jpeg?imageslim,AcFun,日榜,day,hotlist,,2026-09-26 11:24:38
21,【官方中字】SBR JOJO的奇妙冒险 飙马野郎 2nd＆3rd STAGE 第二集,,1856,https://www.acfun.cn/v/ac48872883,https://tx-free-imgs.acfun.cn/newUpload/30501027_27e89cd7cd684f01a120b8ec666a3896.png?imageslim,AcFun,日榜,day,hotlist,,2026-09-26 11:24:38
22,香煎盐焗鸡｜简单到不可能失败，外焦里嫩巨好吃,,1199,https://www.acfun.cn/v/ac48870521,https://tx-free-imgs.acfun.cn/newUpload/1383198_a8487ee2fe9849dc9807f9da5d193fb1.jpeg?imageslim,AcFun,日榜,day,hotlist,,2026-09-26 11:24:38
23,新肤色超辣！,,1405,https://www.acfun.cn/v/ac48863964,https://tx-free-imgs.acfun.cn/newUpload/12439728_70c7284ba2724c048fb5266f61c33e34.png?imageslim,AcFun,日榜,day,hotlist,,2026-09-26 11:24:38
24,【1080P.奇幻冒险】JOJO的奇妙冒险 飙马野郎 (2026)第七季 第二集,1890年，一场世纪大赛“SBR”于美国举开。全长共6000公里，是人类史上第一场骑乘马匹横越北美大陆的比赛！为了拿下高达5千万美元（60亿日元）的冠军奖金，一群强悍的冒险家们正式展开了他们的争战！,1987,https://www.acfun.cn/v/ac48872840,https://tx-free-imgs.acfun.cn/newUpload/903432_bb4a52ee7e3e42cc853e5ff0b8a21e0d.png?imageslim,AcFun,日榜,day,hotlist,,2026-09-26 11:24:38
25,【绘画过程】9月保底《金秋》,大家中秋快乐！<br/>本月的保底是百贴布~ 某宝同步预售。,1619,https://www.acfun.cn/v/ac48872808,https://tx-free-imgs.acfun.cn/newUpload/179922_630934cb2f3245e5a4a4020570f61eca.png?imageslim,AcFun,日榜,day,hotlist,,2026-09-26 11:24:38
26,三周摧毁美国东海岸，绿色流感为何无法阻止？【求生之路剧情解析+涂鸦翻译】,刺骨寒溪和最后一战的涂鸦和官方剧情联系不大，因此没有放在视频中；<br/>前面的内容感觉都有点多余，最后的涂鸦翻译才是本体。<br/><br/>,1364,https://www.acfun.cn/v/ac48867996,https://tx-free-imgs.acfun.cn/newUpload/1020536_15195e7242e247fb9dc7a625a61a3662.jpeg?imageslim,AcFun,日榜,day,hotlist,,2026-09-26 11:24:38
27,【柯基】《金风玉露》～～～晚风啊～～～,,1191,https://www.acfun.cn/v/ac48872627,https://tx-free-imgs.acfun.cn/newUpload/29493245_88171143b6bd4aa6885743ffe64d6584.png?imageslim,AcFun,日榜,day,hotlist,,2026-09-26 11:24:38
28,【夏雅】Don t let go of my hand.,,1611,https://www.acfun.cn/v/ac48873108,https://tx-free-imgs.acfun.cn/newUpload/16279345_4e8e1897539648e8869f4815f9bd1572.jpg?imageslim,AcFun,日榜,day,hotlist,,2026-09-26 11:24:38
29,加息概率90%：美联储或将亲手刺破AI泡沫,,1232,https://www.acfun.cn/v/ac48873517,https://tx-free-imgs.acfun.cn/newUpload/43608832_8d2f86fa2183404c842a39cc3e7b18b0.jpeg?imageslim,AcFun,日榜,day,hotlist,,2026-09-26 11:24:38
30,中秋节快乐呀！！,,1082,https://www.acfun.cn/v/ac48872753,https://tx-free-imgs.acfun.cn/newUpload/25756908_e40f0ac3bdb34aa6a05629d19ec12f7c.png?imageslim,AcFun,日榜,day,hotlist,,2026-09-26 11:24:38
31,拼凑的断音,动作有做方向上的一些改动等<br/>歌曲：拼凑的断音-（舞蹈：あおい aoi とみたけ tomitake）,1162,https://www.acfun.cn/v/ac48871758,https://tx-free-imgs.acfun.cn/newUpload/12229455_ccda2f5ac69244d1aa813dc04c9a63d5.jpeg?imageslim,AcFun,日榜,day,hotlist,,2026-09-26 11:24:38
32,"宙斯神王也会是这战绩？快速看完一局韩服王者斗殴局#837 Zeus, Racoon, Clozer,","宙斯神王也会是这战绩？快速看完一局韩服王者斗殴局#837 Zeus, Racoon, Clozer, Wenbo, Canyon, 叶秋枫 <br/>BGM:https://music.163.com/playlist?id=650818240&userid=30476594",1294,https://www.acfun.cn/v/ac48865858,https://tx-free-imgs.acfun.cn/newUpload/1378726_0477a53ac6df4eb3b611b241b6a08941.jpeg?imageslim,AcFun,日榜,day,hotlist,,2026-09-26 11:24:38
33,石头剪刀布卖个萌,难得假期来凡人线下嘉年华cos了一下银月，玩得很开心，不知道有没有碰到我的道友～,1147,https://www.acfun.cn/v/ac48873212,https://tx-free-imgs.acfun.cn/newUpload/12229455_c6e4220d0d7c41e2b5d489a9386cbe72.png?imageslim,AcFun,日榜,day,hotlist,,2026-09-26 11:24:38
34,Acfun评论才是本体啊2026年8月和九月,香蕉点赞来一点哦，,1045,https://www.acfun.cn/v/ac48872845,https://tx-free-imgs.acfun.cn/newUpload/36839617_4ce9b7b878c344edbc971706d81900cc.jpeg?imageslim,AcFun,日榜,day,hotlist,,2026-09-26 11:24:38
35,「Super8」《如烟》大家中秋快乐鸭～,原唱：五月天<br/>翻唱：把超人<br/>混音：废废哟<br/>视频：星马豪<br/>录了有一段时间的歌咧，五月天的歌里算很喜欢的一首，词非常喜欢，祝大家中秋快乐哟～,1054,https://www.acfun.cn/v/ac48872351,https://tx-free-imgs.acfun.cn/newUpload/301519_95463a4627374a178e3b102bc74e8bcf.jpeg?imageslim,AcFun,日榜,day,hotlist,,2026-09-26 11:24:38
36,【猪肝来也】one love,,1120,https://www.acfun.cn/v/ac48873230,https://tx-free-imgs.acfun.cn/newUpload/4599324_253057be5bbe40d1b82d24222d803ec4.jpg?imageslim,AcFun,日榜,day,hotlist,,2026-09-26 11:24:38
37,【绝望女神/翻唱】【火影忍者 ED1 Wind】,想听啥继续评论回复~,1024,https://www.acfun.cn/v/ac48873021,https://tx-free-imgs.acfun.cn/newUpload/20705199_4163259e9c314ff193a9aac80be14188.jpeg?imageslim,AcFun,日榜,day,hotlist,,2026-09-26 11:24:38
38,恶魔想成为你的家人！请交出性命！阴间电视台！越南模拟恐怖APTV EP6,喜欢记得关注五蕉~谢谢支持~！,1036,https://www.acfun.cn/v/ac48871608,https://tx-free-imgs.acfun.cn/newUpload/26364938_c8b3f3a89c5d45989f596c7abadfe5de.jpeg?imageslim,AcFun,日榜,day,hotlist,,2026-09-26 11:24:38
39,这身衣服跳什么都好帅啊！哈哈哈,,1122,https://www.acfun.cn/v/ac48872819,https://tx-free-imgs.acfun.cn/newUpload/16380981_3be481ccc3bd44c3a12928fa1f84b25e.png?imageslim,AcFun,日榜,day,hotlist,,2026-09-26 11:24:38
40,告女子书！,,1066,https://www.acfun.cn/v/ac48872722,https://tx-free-imgs.acfun.cn/newUpload/16380981_45b2d4d6fdb34b34876bc5e8fcdaca47.png?imageslim,AcFun,日榜,day,hotlist,,2026-09-26 11:24:38
41,十几万买台“莲花”，行吗？,,1147,https://www.acfun.cn/v/ac48872934,https://tx-free-imgs.acfun.cn/newUpload/14288157_b6f51fa0cabc4a0fa6b69c8bffff34ea.jpeg?imageslim,AcFun,日榜,day,hotlist,,2026-09-26 11:24:38
42,明月几时有？我想有时就有～,,1031,https://www.acfun.cn/v/ac48872948,https://tx-free-imgs.acfun.cn/newUpload/31922015_3de6c615f9d24a4ab766c9c22f19d8ed.jpg?imageslim,AcFun,日榜,day,hotlist,,2026-09-26 11:24:38
43,open the door,,1310,https://www.acfun.cn/v/ac48873110,https://tx-free-imgs.acfun.cn/newUpload/79951_cacbb88182cb435a99a97d446363fa53.jpg?imageslim,AcFun,日榜,day,hotlist,,2026-09-26 11:24:38
44,十月新番最爽厕纸！男主化身黄毛！转生夺走原主的女友们！？,十月新番最爽厕纸！男主化身黄毛！转生夺走原主的女友们！？,1191,https://www.acfun.cn/v/ac48873035,https://tx-free-imgs.acfun.cn/newUpload/13467496_1abceb83c1454743bcb9d4abcf823669.jpeg?imageslim,AcFun,日榜,day,hotlist,,2026-09-26 11:24:38
45,又何尝不是一种很新的花灯...,胶佬过中秋有自己的灯笼！其实是万代的MEGX独角兽换了灯组嘻嘻～双节快乐！,1087,https://www.acfun.cn/v/ac48873084,https://tx-free-imgs.acfun.cn/newUpload/13449743_b5143a98667f48bdb3f046459ee13864.jpeg?imageslim,AcFun,日榜,day,hotlist,,2026-09-26 11:24:38
46,【cheerup+快乐指南+nobody】跑调的人去KTV就蹦哒呗～,,841,https://www.acfun.cn/v/ac48872721,https://tx-free-imgs.acfun.cn/newUpload/31922015_51babcf260aa4990ade2ad884f023973.jpg?imageslim,AcFun,日榜,day,hotlist,,2026-09-26 11:24:38
47,TGS现场女玩家击败虎牢关吕布【真三国无双2with猛将传】复刻版,Up主现场实拍TGS2026《真三国无双2with猛将传】复刻版现场试玩,1112,https://www.acfun.cn/v/ac48873376,https://tx-free-imgs.acfun.cn/newUpload/17097644_3295b46ed232444db8c34ee0206b58a7.png?imageslim,AcFun,日榜,day,hotlist,,2026-09-26 11:24:38
48,嘀，纣王体验卡,,1165,https://www.acfun.cn/v/ac48872737,https://tx-free-imgs.acfun.cn/newUpload/77181154_7c7593de7b584caebd43b4bb4e8dc517.png?imageslim,AcFun,日榜,day,hotlist,,2026-09-26 11:24:38
49,【甲鱼的旅法十年】迷你专辑《心之所往的创作背景,,786,https://www.acfun.cn/v/ac48872771,https://tx-free-imgs.acfun.cn/newUpload/44128996_e3793329f00e48dc80645b417f8ea4d9.png?imageslim,AcFun,日榜,day,hotlist,,2026-09-26 11:24:38
50,绝顶性感黑丝兔女郎｜大摆锤舞蹈翻跳正面版,,1329,https://www.acfun.cn/v/ac48872667,https://tx-free-imgs.acfun.cn/newUpload/28629507_7fbcce0fdec9424f9538c9354fd61371.png?imageslim,AcFun,日榜,day,hotlist,,2026-09-26 11:24:38
1,是谁点的小恶魔，蕉出来～,,6349,https://www.acfun.cn/v/ac48867778,https://tx-free-imgs.acfun.cn/newUpload/17062172_6098fee67d1748e0ab5dab3b5665736c.jpg?imageslim,AcFun,三日榜,three-days,hotlist,,2026-09-26 11:24:38
2,娃：真遗憾，本来打算亲自告诉你们的,嘿嘿希望大家都万事顺意～心想事成,5030,https://www.acfun.cn/v/ac48871740,https://tx-free-imgs.acfun.cn/newUpload/17062172_d1a93166ed084e3aadac2fea4bba0707.jpg?imageslim,AcFun,三日榜,three-days,hotlist,,2026-09-26 11:24:38
3,《野生动物迷惑行为》,喜欢请投蕉啊   谢谢啦！,2918,https://www.acfun.cn/v/ac48868360,https://tx-free-imgs.acfun.cn/newUpload/1342385_3fab348c538e4c0fa001871a708fe302.jpeg?imageslim,AcFun,三日榜,three-days,hotlist,,2026-09-26 11:24:38
4,裸足圆脸仙女下凡～跳一曲千里邀月【可心喵】,,2424,https://www.acfun.cn/v/ac48872448,https://tx-free-imgs.acfun.cn/newUpload/12892608_6691690fd8e944278bda5d5390e1e5a9.jpg?imageslim,AcFun,三日榜,three-days,hotlist,,2026-09-26 11:24:38
5,漫威金刚狼深陷争议！SweetBaby又毁一款？【绅批】,这算是DEI的历史遗留问题了，所有现在已经从sweetbaby离职的人，只要参与过游戏制作也会被署名（比如桥本和真）,2962,https://www.acfun.cn/v/ac48868810,https://tx-free-imgs.acfun.cn/newUpload/526850_ca1da1572b1d494a93e2f6bab46cf76b.jpeg?imageslim,AcFun,三日榜,three-days,hotlist,,2026-09-26 11:24:38
6,因为害怕被讨厌 所以把自己藏起来了,,3227,https://www.acfun.cn/v/ac48871331,https://tx-free-imgs.acfun.cn/newUpload/11361784_3d4bd69b46f541e184c2922c24f09276.jpg?imageslim,AcFun,三日榜,three-days,hotlist,,2026-09-26 11:24:38
7,我真的是来吃饭的！★手机竖屏2013★,审核大大辛苦了！<br/>谢谢每一个投蕉的帅哥美女！香蕉没有来个赞也好啊！<br/>视频来自快手等平台，侵权联系删除！,3916,https://www.acfun.cn/v/ac48869145,https://tx-free-imgs.acfun.cn/newUpload/2176158_eb4b69370b8f435aa2b171e72403d356.gif?imageslim,AcFun,三日榜,three-days,hotlist,,2026-09-26 11:24:38
8,mr chu!!好怀念这首歌,,2149,https://www.acfun.cn/v/ac48869375,https://tx-free-imgs.acfun.cn/newUpload/16380981_19592eb83a88429695ee1a0508fc3df0.png?imageslim,AcFun,三日榜,three-days,hotlist,,2026-09-26 11:24:38
9,拜托了，夫人！★手机竖屏2014★,审核大大辛苦了！<br/>谢谢每一个投蕉的帅哥美女！香蕉没有来个赞也好啊！<br/>视频来自快手等平台，侵权联系删除！,3490,https://www.acfun.cn/v/ac48871493,https://tx-free-imgs.acfun.cn/newUpload/2176158_afaf0913878443b1bc00d636136ffce3.gif?imageslim,AcFun,三日榜,three-days,hotlist,,2026-09-26 11:24:38
10,这样的学姐喜欢吗？欢乐八点档-1782,审核大大辛苦了！<br/>免费的香蕉投一下吧，没有那就点个赞吧，这对我来说很重要，谢谢！！！<br/>谢谢每一个投蕉的帅哥美女！你们是我坚持更新的动力！<br/>视频来自快手等平台，侵权联系删除！,3866,https://www.acfun.cn/v/ac48870057,https://tx-free-imgs.acfun.cn/newUpload/2176158_4c1f3b60f73e451abc443941d47305d8.gif?imageslim,AcFun,三日榜,three-days,hotlist,,2026-09-26 11:24:38
11,拳击好啊，拳击得学！欢乐八点档-1781,审核大大辛苦了！<br/>免费的香蕉投一下吧，没有那就点个赞吧，这对我来说很重要，谢谢！！！<br/>谢谢每一个投蕉的帅哥美女！你们是我坚持更新的动力！<br/>视频来自快手等平台，侵权联系删除！,4170,https://www.acfun.cn/v/ac48868336,https://tx-free-imgs.acfun.cn/newUpload/2176158_3f6c601293a54468bae97f781440217b.gif?imageslim,AcFun,三日榜,three-days,hotlist,,2026-09-26 11:24:38
12,网络上常见的热门短视频集锦   第三千四百四十五期,审核大大辛苦了！<br/>谢谢每一个投蕉的帅哥美女！香蕉没有来个赞也好啊！<br/>视频来自快手等平台，侵权联系删除！,3966,https://www.acfun.cn/v/ac48866824,https://tx-free-imgs.acfun.cn/newUpload/2176158_dba921eb42f14c7ba31a1af83bfe71ce.gif?imageslim,AcFun,三日榜,three-days,hotlist,,2026-09-26 11:24:38
13,女妖邪神凶宅索命，最惨主角逆天求生！克系神游《魔女屋中之梦》像素恐怖游戏详细讲述【深夜档】,如何在60天内，让洛夫克拉夫特小说中惨死的倒霉主角逆天改命？这位芬兰作者打造了一部又硬核又忠实的优秀克苏鲁游戏！入住阿卡姆百年凶宅的凡人主角沃尔特·吉尔曼，接连遭到人脸妖鼠，恐怖女巫，不可名状外神的侵袭。白天钻研神秘学知识，梦中游历邪恶异星。他将与密斯卡托尼克大学最强战神亨利·阿米蒂奇教授联手对抗邪神降世！这是一部真正将洛氏“宇宙恐怖”带入到日常，并忠实于原著的游戏，自由度超高且信息量惊人！我将细致地带各位体验这跌宕起伏的60天，看弱小的主角如何起死回生并拯救世界！,1503,https://www.acfun.cn/v/ac48872418,https://tx-free-imgs.acfun.cn/newUpload/817797_2631b7cf26c14c2fbbfb062962a775be.jpeg?imageslim,AcFun,三日榜,three-days,hotlist,,2026-09-26 11:24:38
14,厨师长教你：“鱼香肉丝”的家常做法，酸甜微辣，口感丰富,,2060,https://www.acfun.cn/v/ac48867741,https://tx-free-imgs.acfun.cn/newUpload/13274260_93e68d1098d04ffca2683655a6a404c2.jpeg?imageslim,AcFun,三日榜,three-days,hotlist,,2026-09-26 11:24:38
15,和我一起健身吧！！！欢乐八点档-1783,审核大大辛苦了！<br/>免费的香蕉投一下吧，没有那就点个赞吧，这对我来说很重要，谢谢！！！<br/>谢谢每一个投蕉的帅哥美女！你们是我坚持更新的动力！<br/>视频来自快手等平台，侵权联系删除！,2563,https://www.acfun.cn/v/ac48872699,https://tx-free-imgs.acfun.cn/newUpload/2176158_e379c7202d2e43029e07ad17f40cab19.gif?imageslim,AcFun,三日榜,three-days,hotlist,,2026-09-26 11:24:38
16,【锅锅x怀瑜x阔落】千里邀月——共饮此杯赏此月，夜好眠,中秋到了，和姐妹们合唱了千里邀月~~<br/>乐：可乐祝大家身体健康，永不加班，月圆人团圆<br/>鱼：怀瑜愿诸位财源广进，常能摸鱼，花好月更圆<br/>锅：锅锅祝大家桂香满锅，早归赏月，饼甜心更甜<br/>祝大家中秋快乐~,1872,https://www.acfun.cn/v/ac48871580,https://tx-free-imgs.acfun.cn/newUpload/67206930_e47be8dbac2546e1b5a4a831e71dabe4.jpeg?imageslim,AcFun,三日榜,three-days,hotlist,,2026-09-26 11:24:38
17,今夜的风悄悄月悄悄~,,2235,https://www.acfun.cn/v/ac48873434,https://tx-free-imgs.acfun.cn/newUpload/23512715_0f364b6606dd467ab9975ffef5af1b29.jpg?imageslim,AcFun,三日榜,three-days,hotlist,,2026-09-26 11:24:38
18,嘴角压不住了【今天有什么好笑的 #2515】,：），谢谢大家的投蕉和点赞，祝你开心愉快~<br/>wallpaper壁纸：Genshin 神里绫华<br/>BGM：Wake me up when september ends,2440,https://www.acfun.cn/v/ac48868130,https://tx-free-imgs.acfun.cn/newUpload/383079_ef65121591434d2b86d53db1622776cd.gif?imageslim,AcFun,三日榜,three-days,hotlist,,2026-09-26 11:24:38
19,现在电脑不好卖了，以后我们出租AI机器人吧,,2409,https://www.acfun.cn/v/ac48867767,https://tx-free-imgs.acfun.cn/newUpload/17928_c684f06231604145b533a0f00627c624.png?imageslim,AcFun,三日榜,three-days,hotlist,,2026-09-26 11:24:38
20,姛姛？！蝴蝶耳机Manget中文翻唱【箐羽Hane】x【缇若柯Teivoc】,“是否你确实表里如一淡然，还是说你——并不似我贪婪？”<br/>《Manget》磁石 / 蝴蝶耳机 - 中文翻唱<br/>原作作曲 / 流星P<br/>曲绘&翻唱 / 箐羽hane & 缇若柯Teivoc<br/>中文填词 / 果汁凉菜<br/>混音 / 风尘<br/>和笋笋一起唱了我们二次元姛神曲！曲绘也是我和笋笋每个人负责了自己的部分最后再拼到一起的！真好！( *^ ^)o(^ ^* )希望大家也能喜欢！,1641,https://www.acfun.cn/v/ac48869340,https://tx-free-imgs.acfun.cn/newUpload/67511609_d868cdbd6b1849e8958696cdc9db1493.jpeg?imageslim,AcFun,三日榜,three-days,hotlist,,2026-09-26 11:24:38
21,我要冲会员【今天有什么好笑的 #2516】,：），谢谢大家的投蕉和点赞，祝你开心愉快~<br/>wallpaper壁纸：Reze | Chainsaw Man<br/>BGM：Nicoleta Matei - Love mail<br/>,2508,https://www.acfun.cn/v/ac48870763,https://tx-free-imgs.acfun.cn/newUpload/383079_47b0fc3f458042f5bd3717967e55c598.gif?imageslim,AcFun,三日榜,three-days,hotlist,,2026-09-26 11:24:38
22,【4K超高清】「JOJO的奇妙冒险 飙马野郎」第2话,,5009,https://www.acfun.cn/v/ac48872740,https://tx-free-imgs.acfun.cn/newUpload/72840608_a526e08904d049d2b38ce5f38bd71e63.jpeg?imageslim,AcFun,三日榜,three-days,hotlist,,2026-09-26 11:24:38
23,网络上常见的热门短视频集锦   第三千四百四十九期,审核大大辛苦了！<br/>谢谢每一个投蕉的帅哥美女！香蕉没有来个赞也好啊！<br/>视频来自快手等平台，侵权联系删除！,2745,https://www.acfun.cn/v/ac48871496,https://tx-free-imgs.acfun.cn/newUpload/2176158_cf20f7722011491da25ce2efbc799dba.gif?imageslim,AcFun,三日榜,three-days,hotlist,,2026-09-26 11:24:38
24,网络上常见的热门短视频集锦   第三千四百四十八期,审核大大辛苦了！<br/>谢谢每一个投蕉的帅哥美女！香蕉没有来个赞也好啊！<br/>视频来自快手等平台，侵权联系删除！,3577,https://www.acfun.cn/v/ac48870020,https://tx-free-imgs.acfun.cn/newUpload/2176158_d65e54f4e9ee489b86b6fc28c31c84ee.gif?imageslim,AcFun,三日榜,three-days,hotlist,,2026-09-26 11:24:38
25,网络上常见的热门短视频集锦   第三千四百四十六期,审核大大辛苦了！<br/>谢谢每一个投蕉的帅哥美女！香蕉没有来个赞也好啊！<br/>视频来自快手等平台，侵权联系删除！,3706,https://www.acfun.cn/v/ac48867732,https://tx-free-imgs.acfun.cn/newUpload/2176158_2ec1d99da19a48e0a8e4ff2a2447e612.gif?imageslim,AcFun,三日榜,three-days,hotlist,,2026-09-26 11:24:38
26,沦陷️,歌曲舞蹈：沦陷dj版-星奇摇   动作有改编,1762,https://www.acfun.cn/v/ac48869381,https://tx-free-imgs.acfun.cn/newUpload/12229455_aacf9da97a0940ad8e5f0b509d9cc159.jpeg?imageslim,AcFun,三日榜,three-days,hotlist,,2026-09-26 11:24:38
27,短裙挑战！超长翻跳一次看个够~【生日作】,,1573,https://www.acfun.cn/v/ac48872675,https://tx-free-imgs.acfun.cn/newUpload/32485245_415db634556140d1841e2ebb4c0d9371.jpeg?imageslim,AcFun,三日榜,three-days,hotlist,,2026-09-26 11:24:38
28,换你穿越三国乱世，你是起兵还是种田？,有没有宝贝和我一样，看三国的时候总在想，如果换我身在那个乱世，我会怎么样？是起兵争霸，还是归隐山林？ 或是是咱们可以选三国里有名的角色或者可以架空历史从素人做起，一统三国，那会怎么样?我最近就玩了这么一款游戏，一玩就是五个小时，根本停不下来，那今天来聊聊这款开放世界slg游戏《英雄立志传：三国志》~<br/>,1993,https://www.acfun.cn/v/ac48869043,https://tx-free-imgs.acfun.cn/newUpload/61352468_39715609bed041b98b21f3dbb482ad70.jpeg?imageslim,AcFun,三日榜,three-days,hotlist,,2026-09-26 11:24:38
29,交通事故20260923：交通车祸实例，提高安全驾驶意识,,1460,https://www.acfun.cn/v/ac48868861,https://tx-free-imgs.acfun.cn/newUpload/76871961_edea5de6659a4cd2b733a74989043440.jpg?imageslim,AcFun,三日榜,three-days,hotlist,,2026-09-26 11:24:38
30,网络上常见的热门短视频集锦   第三千四百四十七期,审核大大辛苦了！<br/>谢谢每一个投蕉的帅哥美女！香蕉没有来个赞也好啊！<br/>视频来自快手等平台，侵权联系删除！,3289,https://www.acfun.cn/v/ac48869149,https://tx-free-imgs.acfun.cn/newUpload/2176158_fdf9afe2e00a4a1aa62415c846776eaf.gif?imageslim,AcFun,三日榜,three-days,hotlist,,2026-09-26 11:24:38
31,老板直聘（89）,,1653,https://www.acfun.cn/v/ac48868552,https://tx-free-imgs.acfun.cn/newUpload/74706824_db2c7ba15c5d4aa18872db6b0763b7ca.jpeg?imageslim,AcFun,三日榜,three-days,hotlist,,2026-09-26 11:24:38
32,网络上常见的热门短视频集锦   第三千四百五十期,审核大大辛苦了！<br/>谢谢每一个投蕉的帅哥美女！香蕉没有来个赞也好啊！<br/>视频来自快手等平台，侵权联系删除！,2712,https://www.acfun.cn/v/ac48872279,https://tx-free-imgs.acfun.cn/newUpload/2176158_a96ecd95394b4517928ac111407f75b1.gif?imageslim,AcFun,三日榜,three-days,hotlist,,2026-09-26 11:24:38
33,人鱼的眼泪,歌曲舞蹈：爱乐之城-人鱼的眼泪,1566,https://www.acfun.cn/v/ac48867050,https://tx-free-imgs.acfun.cn/newUpload/12229455_130b1f041e6741dab4f6295ee27d927e.jpeg?imageslim,AcFun,三日榜,three-days,hotlist,,2026-09-26 11:24:38
34,常州新开巴西烤肉自助，100块钱值得吗？,这是我目前为止，去过的第二家巴西烤肉自助，团购优惠的情况下，花了94元。正常价格在95~110不等<br/><br/>简单带大家看下菜品，除了取餐台这么些，各种牛肉制品、大串烧烤都是循环上桌，大家觉得这么些菜式花样，100块钱左右你们觉得贵还是便宜啊，觉得贵的扣1，觉得便宜的扣2,1895,https://www.acfun.cn/v/ac48868891,https://tx-free-imgs.acfun.cn/newUpload/2046675_bf3a59ddff624646850829452262094e.jpeg?imageslim,AcFun,三日榜,three-days,hotlist,,2026-09-26 11:24:38
35,【颜音】中秋歌回~祝大家节日快乐,皓月凌空，桂香满庭。<br/>愿今夜歌声暖心，祝各位中秋快乐，阖家美满！,1491,https://www.acfun.cn/v/ac48872065,https://tx-free-imgs.acfun.cn/newUpload/4425861_3dab8cdf19a74bf6accbdcd688cd9b6a.jpeg?imageslim,AcFun,三日榜,three-days,hotlist,,2026-09-26 11:24:38
36,在英国差点被上门诈骗,可能看到我一人在家，就大胆敲门了，还好平常也会注意周边邻居，没发生什么事儿，这个金额就算被骗也不会报警，以后还是要小心一些了。#英国日常#vlog,1682,https://www.acfun.cn/v/ac48869505,https://tx-free-imgs.acfun.cn/newUpload/43181603_1c8c6c487a864d098b5e7e7bf2a12c6a.jpg?imageslim,AcFun,三日榜,three-days,hotlist,,2026-09-26 11:24:38
37,原创编舞《千层套路》的定机位竖屏来啦！,,1646,https://www.acfun.cn/v/ac48869245,https://tx-free-imgs.acfun.cn/newUpload/16380981_24bafd11c027499d9fe6820162faa782.png?imageslim,AcFun,三日榜,three-days,hotlist,,2026-09-26 11:24:38
38,空姐OL~第57次取消发送,中秋节快乐,1754,https://www.acfun.cn/v/ac48872674,https://tx-free-imgs.acfun.cn/newUpload/14539629_46621bdc88a44c63be63172c5ba6cb6a.jpeg?imageslim,AcFun,三日榜,three-days,hotlist,,2026-09-26 11:24:38
39,北京的最北端在黑龙江？？？国内飞地是怎么形成的？,这份中国地图，是你从未看过的船新版本，放大几倍就会发现，在大家熟悉的各个省份中，还藏着一堆 “你中有我、我中有你” 的飞地。,1833,https://www.acfun.cn/v/ac48867896,https://tx-free-imgs.acfun.cn/newUpload/13630266_cc2428a99a42453f99c9e1306e7a43bb.jpeg?imageslim,AcFun,三日榜,three-days,hotlist,,2026-09-26 11:24:38
40,发个friend圈,,1545,https://www.acfun.cn/v/ac48863958,https://tx-free-imgs.acfun.cn/newUpload/12439728_b44cb67ae45a4c179b08227368f4159c.png?imageslim,AcFun,三日榜,three-days,hotlist,,2026-09-26 11:24:38
41,我要辞职了！,,1701,https://www.acfun.cn/v/ac48863957,https://tx-free-imgs.acfun.cn/newUpload/12439728_7c57a0735675474590bf7b25e1a34527.png?imageslim,AcFun,三日榜,three-days,hotlist,,2026-09-26 11:24:38
42,奥迪“宫斗”十年大结局？一汽拿四环，上汽拿AUDI,一汽奥迪和上汽奥迪“宫斗”了十年，终于要划下句号了？,1749,https://www.acfun.cn/v/ac48870981,https://tx-free-imgs.acfun.cn/newUpload/13630266_3fde785be5a2411495618f67d01ab66a.jpeg?imageslim,AcFun,三日榜,three-days,hotlist,,2026-09-26 11:24:38
43,【东方/汉化】咲夜带你了解汉字【MMD搞笑小剧场】,作者：クローバー,1266,https://www.acfun.cn/v/ac48872652,https://tx-free-imgs.acfun.cn/newUpload/6102_8b2072189ecb4044a7de95bb450d02ed.jpeg?imageslim,AcFun,三日榜,three-days,hotlist,,2026-09-26 11:24:38
44,捏捏已经已进化到可以吃的地步啦？,,1633,https://www.acfun.cn/v/ac48868638,https://tx-free-imgs.acfun.cn/newUpload/6177430_486c910212d548c991eeb140f146a6ed.jpeg?imageslim,AcFun,三日榜,three-days,hotlist,,2026-09-26 11:24:38
45,【东方】QUEEN【蕾米莉亚 Miy Ver. MMD】,作者：やくも<br/><br/>楽曲:Kanaria 様→https://www.nicovideo.jp/watch/sm4088...<br/>振付:AKIRA様<br/>モーション:P-nez 様→https://www.nicovideo.jp/watch/sm4350...<br/>カメラ:Mizuha様→https://www.nicovideo.jp/watch/sm4353...<br/>モデル:MIy様<br/>ステージ:栗ごはん様<br/>アクセサリ:アスカ様,1272,https://www.acfun.cn/v/ac48870080,https://tx-free-imgs.acfun.cn/newUpload/6102_6a4dce20c9b74fa0bbdff3ccc0a73c5d.png?imageslim,AcFun,三日榜,three-days,hotlist,,2026-09-26 11:24:38
46,望眼欲穿【今天有什么好笑的 #2517】,：），谢谢大家的投蕉和点赞，祝你开心愉快~<br/>Wallpaper壁纸：雪山与女孩<br/>Bgm：あのね。,1879,https://www.acfun.cn/v/ac48872647,https://tx-free-imgs.acfun.cn/newUpload/383079_40beb913fd1a44d3afa053553d53b466.gif?imageslim,AcFun,三日榜,three-days,hotlist,,2026-09-26 11:24:38
47,如果我和她恋爱的话……,,1434,https://www.acfun.cn/v/ac48871545,https://tx-free-imgs.acfun.cn/newUpload/2277346_de526594356a4c9f90b71bf5823054e6.jpg?imageslim,AcFun,三日榜,three-days,hotlist,,2026-09-26 11:24:38
48,这套皮肤真的很喜欢,,1493,https://www.acfun.cn/v/ac48871657,https://tx-free-imgs.acfun.cn/newUpload/16380981_ac9640e59a3a42e093fcee0a0b81d474.jpg?imageslim,AcFun,三日榜,three-days,hotlist,,2026-09-26 11:24:38
49,你吃月饼了吗？,,1452,https://www.acfun.cn/v/ac48869054,https://tx-free-imgs.acfun.cn/newUpload/1167675_8f48723afb0e41ecbe772249b3f4df1a.jpg?imageslim,AcFun,三日榜,three-days,hotlist,,2026-09-26 11:24:38
50,两段不伦恋 15年复仇路《老男孩》吴大秀我的折磨可是一辈子,本期带来《老男孩》50分钟 国庆要到了，铁粉都知道背包住在网红街道 小长假根本没法做节目，阿杰提意带着各自父母一起出去玩几天 所以这几天会加急看看能不能赶出来一期，实再不行就小长假后更新咯，中秋国庆都祝小伙伴开心快乐！,1212,https://www.acfun.cn/v/ac48871285,https://tx-free-imgs.acfun.cn/newUpload/6894185_ab259859c7df40d1b092d2e828bf38e5.jpeg?imageslim,AcFun,三日榜,three-days,hotlist,,2026-09-26 11:24:38
1,剑戟战斗的巅峰 关卡内容的洼地 偏科严重的《鬼武者：剑之道》,它给人爽的部分是真的爽，但是在每次爽之前，你得堵不少马桶，先生。,4523,https://www.acfun.cn/v/ac48859506,https://tx-free-imgs.acfun.cn/newUpload/934542_5d98ad80ca9c4307b5cdc2051c11cb50.jpeg?imageslim,AcFun,周榜,week,hotlist,,2026-09-26 11:24:38
2,是谁点的小恶魔，蕉出来～,,6349,https://www.acfun.cn/v/ac48867778,https://tx-free-imgs.acfun.cn/newUpload/17062172_6098fee67d1748e0ab5dab3b5665736c.jpg?imageslim,AcFun,周榜,week,hotlist,,2026-09-26 11:24:38
3,跳最开心的一集,,3986,https://www.acfun.cn/v/ac48860571,https://tx-free-imgs.acfun.cn/newUpload/50330447_79a3f269514140c29e7a85fb7c9dc94c.jpg?imageslim,AcFun,周榜,week,hotlist,,2026-09-26 11:24:38
4,喜欢哪套？,,7131,https://www.acfun.cn/v/ac48861422,https://tx-free-imgs.acfun.cn/newUpload/3540234_729e0d22251f439da3735f26e58d174f.jpg?imageslim,AcFun,周榜,week,hotlist,,2026-09-26 11:24:38
5,娃：真遗憾，本来打算亲自告诉你们的,嘿嘿希望大家都万事顺意～心想事成,5030,https://www.acfun.cn/v/ac48871740,https://tx-free-imgs.acfun.cn/newUpload/17062172_d1a93166ed084e3aadac2fea4bba0707.jpg?imageslim,AcFun,周榜,week,hotlist,,2026-09-26 11:24:38
6,过期JK碎碎念！,家人们记得蕉一蕉捏 啾咪,5937,https://www.acfun.cn/v/ac48859219,https://tx-free-imgs.acfun.cn/newUpload/17062172_5dd6ea8b5f2741ff87f0911db6dfb909.jpg?imageslim,AcFun,周榜,week,hotlist,,2026-09-26 11:24:38
7,《野生动物迷惑行为》,喜欢请投蕉啊   谢谢啦！,2918,https://www.acfun.cn/v/ac48868360,https://tx-free-imgs.acfun.cn/newUpload/1342385_3fab348c538e4c0fa001871a708fe302.jpeg?imageslim,AcFun,周榜,week,hotlist,,2026-09-26 11:24:38
8,人间琴悠扬，姑娘把谁记心上～,,2733,https://www.acfun.cn/v/ac48863143,https://tx-free-imgs.acfun.cn/newUpload/50330447_938d77716a11477e843914663278ff07.jpg?imageslim,AcFun,周榜,week,hotlist,,2026-09-26 11:24:38
9,《动物迷惑行为大赏325》,喜欢请投蕉啊 谢谢啦！,2669,https://www.acfun.cn/v/ac48861293,https://tx-free-imgs.acfun.cn/newUpload/1342385_03080470038d444a95ce01ff6a6aeb9f.jpeg?imageslim,AcFun,周榜,week,hotlist,,2026-09-26 11:24:38
10,双马尾小女仆带来的情绪摇～,,4016,https://www.acfun.cn/v/ac48861966,https://tx-free-imgs.acfun.cn/newUpload/11361784_8cee0402b4754b1e82f85b7099791793.jpg?imageslim,AcFun,周榜,week,hotlist,,2026-09-26 11:24:38
11,帮Acer问一下，地址在哪里？欢乐八点档-1779,审核大大辛苦了！<br/>免费的香蕉投一下吧，没有那就点个赞吧，这对我来说很重要，谢谢！！！<br/>谢谢每一个投蕉的帅哥美女！你们是我坚持更新的动力！<br/>视频来自快手等平台，侵权联系删除！,4519,https://www.acfun.cn/v/ac48863633,https://tx-free-imgs.acfun.cn/newUpload/2176158_ff69c3c797d5414e8056b329918cc5b6.gif?imageslim,AcFun,周榜,week,hotlist,,2026-09-26 11:24:38
12,裸足圆脸仙女下凡～跳一曲千里邀月【可心喵】,,2424,https://www.acfun.cn/v/ac48872448,https://tx-free-imgs.acfun.cn/newUpload/12892608_6691690fd8e944278bda5d5390e1e5a9.jpg?imageslim,AcFun,周榜,week,hotlist,,2026-09-26 11:24:38
13,【绘图过程】《海边》6周年纪念插图过程,6周年纪念插图挂画（预售）、沙滩巾（预售），阿宝已上架,3389,https://www.acfun.cn/v/ac48836990,https://tx-free-imgs.acfun.cn/newUpload/179922_9f95aba039e84f3594c3947b3c8fdd58.jpeg?imageslim,AcFun,周榜,week,hotlist,,2026-09-26 11:24:38
14,还是少妇会的多啊！★手机竖屏2011★,审核大大辛苦了！<br/>谢谢每一个投蕉的帅哥美女！香蕉没有来个赞也好啊！<br/>视频来自快手等平台，侵权联系删除！,5254,https://www.acfun.cn/v/ac48864360,https://tx-free-imgs.acfun.cn/newUpload/2176158_3d4f199fd93640468e543b9ee25ac4c0.gif?imageslim,AcFun,周榜,week,hotlist,,2026-09-26 11:24:38
15,漫威金刚狼深陷争议！SweetBaby又毁一款？【绅批】,这算是DEI的历史遗留问题了，所有现在已经从sweetbaby离职的人，只要参与过游戏制作也会被署名（比如桥本和真）,2962,https://www.acfun.cn/v/ac48868810,https://tx-free-imgs.acfun.cn/newUpload/526850_ca1da1572b1d494a93e2f6bab46cf76b.jpeg?imageslim,AcFun,周榜,week,hotlist,,2026-09-26 11:24:38
16,因为害怕被讨厌 所以把自己藏起来了,,3227,https://www.acfun.cn/v/ac48871331,https://tx-free-imgs.acfun.cn/newUpload/11361784_3d4bd69b46f541e184c2922c24f09276.jpg?imageslim,AcFun,周榜,week,hotlist,,2026-09-26 11:24:38
17,我真的是来吃饭的！★手机竖屏2013★,审核大大辛苦了！<br/>谢谢每一个投蕉的帅哥美女！香蕉没有来个赞也好啊！<br/>视频来自快手等平台，侵权联系删除！,3916,https://www.acfun.cn/v/ac48869145,https://tx-free-imgs.acfun.cn/newUpload/2176158_eb4b69370b8f435aa2b171e72403d356.gif?imageslim,AcFun,周榜,week,hotlist,,2026-09-26 11:24:38
18,mr chu!!好怀念这首歌,,2149,https://www.acfun.cn/v/ac48869375,https://tx-free-imgs.acfun.cn/newUpload/16380981_19592eb83a88429695ee1a0508fc3df0.png?imageslim,AcFun,周榜,week,hotlist,,2026-09-26 11:24:38
19,网络上常见的热门短视频集锦   第三千四百三十八期,审核大大辛苦了！<br/>谢谢每一个投蕉的帅哥美女！香蕉没有来个赞也好啊！<br/>视频来自快手等平台，侵权联系删除！,4454,https://www.acfun.cn/v/ac48858394,https://tx-free-imgs.acfun.cn/newUpload/2176158_38174e72af934b9e86687045b01f0dd3.gif?imageslim,AcFun,周榜,week,hotlist,,2026-09-26 11:24:38
20,钓鱼佬是真会享受！欢乐八点档-1777,审核大大辛苦了！<br/>免费的香蕉投一下吧，没有那就点个赞吧，这对我来说很重要，谢谢！！！<br/>谢谢每一个投蕉的帅哥美女！你们是我坚持更新的动力！<br/>视频来自快手等平台，侵权联系删除！,4615,https://www.acfun.cn/v/ac48858969,https://tx-free-imgs.acfun.cn/newUpload/2176158_c9d74d926c4c4d709a4b6b7769dffcca.gif?imageslim,AcFun,周榜,week,hotlist,,2026-09-26 11:24:38
21,一波还未平息一波又来侵袭！★手机竖屏2010★,审核大大辛苦了！<br/>谢谢每一个投蕉的帅哥美女！香蕉没有来个赞也好啊！<br/>视频来自快手等平台，侵权联系删除！,4810,https://www.acfun.cn/v/ac48862013,https://tx-free-imgs.acfun.cn/newUpload/2176158_c4802142afc14d50b2cd775e67890cca.gif?imageslim,AcFun,周榜,week,hotlist,,2026-09-26 11:24:38
22,还是少妇会啊！！！★手机竖屏2009★,审核大大辛苦了！<br/>谢谢每一个投蕉的帅哥美女！香蕉没有来个赞也好啊！<br/>视频来自快手等平台，侵权联系删除！,4912,https://www.acfun.cn/v/ac48859515,https://tx-free-imgs.acfun.cn/newUpload/2176158_d4e9e6e30f4446319f9e720adfe35ef9.gif?imageslim,AcFun,周榜,week,hotlist,,2026-09-26 11:24:38
23,【AC娘】琵琶曲,原作者：Kotte Animation<br/>还有瑕疵，看个乐吧,3190,https://www.acfun.cn/v/ac48864492,https://tx-free-imgs.acfun.cn/newUpload/41729435_02cbd995b6d54f508eb21d3cb8621903.jpeg?imageslim,AcFun,周榜,week,hotlist,,2026-09-26 11:24:38
24,拜托了，夫人！★手机竖屏2014★,审核大大辛苦了！<br/>谢谢每一个投蕉的帅哥美女！香蕉没有来个赞也好啊！<br/>视频来自快手等平台，侵权联系删除！,3490,https://www.acfun.cn/v/ac48871493,https://tx-free-imgs.acfun.cn/newUpload/2176158_afaf0913878443b1bc00d636136ffce3.gif?imageslim,AcFun,周榜,week,hotlist,,2026-09-26 11:24:38
25,25年了，回坊天花板小酥肉，还是那个味儿,记忆中的味道，回来了，都回来了……<br/>一口椒麻一口鲜，大口吃肉，配上热腾腾的米饭，绝了。<br/>素三鲜也是无敌的存在！,2575,https://www.acfun.cn/v/ac48865538,https://tx-free-imgs.acfun.cn/newUpload/13765438_9bc4a0abf32a4c1aa3e83c844de84649.jpeg?imageslim,AcFun,周榜,week,hotlist,,2026-09-26 11:24:38
26,北京豆汁会惩罚每一个好奇的人！欢乐八点档-1780,审核大大辛苦了！<br/>免费的香蕉投一下吧，没有那就点个赞吧，这对我来说很重要，谢谢！！！<br/>谢谢每一个投蕉的帅哥美女！你们是我坚持更新的动力！<br/>视频来自快手等平台，侵权联系删除！,4503,https://www.acfun.cn/v/ac48865965,https://tx-free-imgs.acfun.cn/newUpload/2176158_ec83e6fb2ffc4005b41881ac13dbaeca.gif?imageslim,AcFun,周榜,week,hotlist,,2026-09-26 11:24:38
27,这样的学姐喜欢吗？欢乐八点档-1782,审核大大辛苦了！<br/>免费的香蕉投一下吧，没有那就点个赞吧，这对我来说很重要，谢谢！！！<br/>谢谢每一个投蕉的帅哥美女！你们是我坚持更新的动力！<br/>视频来自快手等平台，侵权联系删除！,3866,https://www.acfun.cn/v/ac48870057,https://tx-free-imgs.acfun.cn/newUpload/2176158_4c1f3b60f73e451abc443941d47305d8.gif?imageslim,AcFun,周榜,week,hotlist,,2026-09-26 11:24:38
28,拳击好啊，拳击得学！欢乐八点档-1781,审核大大辛苦了！<br/>免费的香蕉投一下吧，没有那就点个赞吧，这对我来说很重要，谢谢！！！<br/>谢谢每一个投蕉的帅哥美女！你们是我坚持更新的动力！<br/>视频来自快手等平台，侵权联系删除！,4170,https://www.acfun.cn/v/ac48868336,https://tx-free-imgs.acfun.cn/newUpload/2176158_3f6c601293a54468bae97f781440217b.gif?imageslim,AcFun,周榜,week,hotlist,,2026-09-26 11:24:38
29,你的拳头真是肥嘟嘟的...,动漫：心灵的声音，作者：赵石【韩国】,2203,https://www.acfun.cn/v/ac48859870,https://tx-free-imgs.acfun.cn/newUpload/509259_2fa91d5206504450be471808d9c93a22.jpeg?imageslim,AcFun,周榜,week,hotlist,,2026-09-26 11:24:38
30,这个一字马技术含量很高啊！欢乐八点档-1778,审核大大辛苦了！<br/>免费的香蕉投一下吧，没有那就点个赞吧，这对我来说很重要，谢谢！！！<br/>谢谢每一个投蕉的帅哥美女！你们是我坚持更新的动力！<br/>视频来自快手等平台，侵权联系删除！,4406,https://www.acfun.cn/v/ac48861225,https://tx-free-imgs.acfun.cn/newUpload/2176158_0824627cb76d40dc99ce9cb12c07e4cc.gif?imageslim,AcFun,周榜,week,hotlist,,2026-09-26 11:24:38
31,网络上常见的热门短视频集锦   第三千四百四十五期,审核大大辛苦了！<br/>谢谢每一个投蕉的帅哥美女！香蕉没有来个赞也好啊！<br/>视频来自快手等平台，侵权联系删除！,3966,https://www.acfun.cn/v/ac48866824,https://tx-free-imgs.acfun.cn/newUpload/2176158_dba921eb42f14c7ba31a1af83bfe71ce.gif?imageslim,AcFun,周榜,week,hotlist,,2026-09-26 11:24:38
32,女妖邪神凶宅索命，最惨主角逆天求生！克系神游《魔女屋中之梦》像素恐怖游戏详细讲述【深夜档】,如何在60天内，让洛夫克拉夫特小说中惨死的倒霉主角逆天改命？这位芬兰作者打造了一部又硬核又忠实的优秀克苏鲁游戏！入住阿卡姆百年凶宅的凡人主角沃尔特·吉尔曼，接连遭到人脸妖鼠，恐怖女巫，不可名状外神的侵袭。白天钻研神秘学知识，梦中游历邪恶异星。他将与密斯卡托尼克大学最强战神亨利·阿米蒂奇教授联手对抗邪神降世！这是一部真正将洛氏“宇宙恐怖”带入到日常，并忠实于原著的游戏，自由度超高且信息量惊人！我将细致地带各位体验这跌宕起伏的60天，看弱小的主角如何起死回生并拯救世界！,1503,https://www.acfun.cn/v/ac48872418,https://tx-free-imgs.acfun.cn/newUpload/817797_2631b7cf26c14c2fbbfb062962a775be.jpeg?imageslim,AcFun,周榜,week,hotlist,,2026-09-26 11:24:38
33,琵琶曲丨夜神月 VS  L,原曲：琵琶曲,2274,https://www.acfun.cn/v/ac48861693,https://tx-free-imgs.acfun.cn/newUpload/16986934_3bf4dd94910c4845acf851f7f0fdb757.jpeg?imageslim,AcFun,周榜,week,hotlist,,2026-09-26 11:24:38
34,网络上常见的热门短视频集锦   第三千四百四十一期,审核大大辛苦了！<br/>谢谢每一个投蕉的帅哥美女！香蕉没有来个赞也好啊！<br/>视频来自快手等平台，侵权联系删除！,4213,https://www.acfun.cn/v/ac48862019,https://tx-free-imgs.acfun.cn/newUpload/2176158_6e5a88d95f344d92a8d97a57f03ac4b9.gif?imageslim,AcFun,周榜,week,hotlist,,2026-09-26 11:24:38
35,空中瑜伽！！！★手机竖屏2012★,审核大大辛苦了！<br/>谢谢每一个投蕉的帅哥美女！香蕉没有来个赞也好啊！<br/>视频来自快手等平台，侵权联系删除！,4487,https://www.acfun.cn/v/ac48866821,https://tx-free-imgs.acfun.cn/newUpload/2176158_610807af48f5463a891fc9f341c9b16f.gif?imageslim,AcFun,周榜,week,hotlist,,2026-09-26 11:24:38
36,厨师长教你：“鱼香肉丝”的家常做法，酸甜微辣，口感丰富,,2060,https://www.acfun.cn/v/ac48867741,https://tx-free-imgs.acfun.cn/newUpload/13274260_93e68d1098d04ffca2683655a6a404c2.jpeg?imageslim,AcFun,周榜,week,hotlist,,2026-09-26 11:24:38
37,和我一起健身吧！！！欢乐八点档-1783,审核大大辛苦了！<br/>免费的香蕉投一下吧，没有那就点个赞吧，这对我来说很重要，谢谢！！！<br/>谢谢每一个投蕉的帅哥美女！你们是我坚持更新的动力！<br/>视频来自快手等平台，侵权联系删除！,2563,https://www.acfun.cn/v/ac48872699,https://tx-free-imgs.acfun.cn/newUpload/2176158_e379c7202d2e43029e07ad17f40cab19.gif?imageslim,AcFun,周榜,week,hotlist,,2026-09-26 11:24:38
38,网络上常见的热门短视频集锦   第三千四百三十九期,审核大大辛苦了！<br/>谢谢每一个投蕉的帅哥美女！香蕉没有来个赞也好啊！<br/>视频来自快手等平台，侵权联系删除！,4056,https://www.acfun.cn/v/ac48859518,https://tx-free-imgs.acfun.cn/newUpload/2176158_13f61f1aa39c4732bdaeed87fe0e28a4.gif?imageslim,AcFun,周榜,week,hotlist,,2026-09-26 11:24:38
39,一天生产500万个！速冻水饺是如何制造出来的？,,2168,https://www.acfun.cn/v/ac48859253,https://tx-free-imgs.acfun.cn/newUpload/19281632_57f07fe28e24422d948491fd2d43586c.jpeg?imageslim,AcFun,周榜,week,hotlist,,2026-09-26 11:24:38
40,今天你不能嫁出去【今天有什么好笑的 #2514】,：)，谢谢大家，祝你们开心。<br/>wallpaper壁纸：Fading Astronaut 5K (update)<br/>BGM：I Want It That Way,2920,https://www.acfun.cn/v/ac48865864,https://tx-free-imgs.acfun.cn/newUpload/383079_ee4f5f7badf74f05a2ef6c691387f327.gif?imageslim,AcFun,周榜,week,hotlist,,2026-09-26 11:24:38
41,【锅锅x怀瑜x阔落】千里邀月——共饮此杯赏此月，夜好眠,中秋到了，和姐妹们合唱了千里邀月~~<br/>乐：可乐祝大家身体健康，永不加班，月圆人团圆<br/>鱼：怀瑜愿诸位财源广进，常能摸鱼，花好月更圆<br/>锅：锅锅祝大家桂香满锅，早归赏月，饼甜心更甜<br/>祝大家中秋快乐~,1872,https://www.acfun.cn/v/ac48871580,https://tx-free-imgs.acfun.cn/newUpload/67206930_e47be8dbac2546e1b5a4a831e71dabe4.jpeg?imageslim,AcFun,周榜,week,hotlist,,2026-09-26 11:24:38
42,今夜的风悄悄月悄悄~,,2235,https://www.acfun.cn/v/ac48873434,https://tx-free-imgs.acfun.cn/newUpload/23512715_0f364b6606dd467ab9975ffef5af1b29.jpg?imageslim,AcFun,周榜,week,hotlist,,2026-09-26 11:24:38
43,嘴角压不住了【今天有什么好笑的 #2515】,：），谢谢大家的投蕉和点赞，祝你开心愉快~<br/>wallpaper壁纸：Genshin 神里绫华<br/>BGM：Wake me up when september ends,2440,https://www.acfun.cn/v/ac48868130,https://tx-free-imgs.acfun.cn/newUpload/383079_ef65121591434d2b86d53db1622776cd.gif?imageslim,AcFun,周榜,week,hotlist,,2026-09-26 11:24:38
44,【东方】推特东方小视频选集 第272期,睡觉睡觉睡觉睡觉睡觉睡觉睡觉睡觉睡觉睡觉……,1410,https://www.acfun.cn/v/ac48858830,https://tx-free-imgs.acfun.cn/newUpload/6102_5a13d6efeec742ff84c512206aaeb7b0.jpeg?imageslim,AcFun,周榜,week,hotlist,,2026-09-26 11:24:38
45,甜妹来袭！,,2174,https://www.acfun.cn/v/ac48863947,https://tx-free-imgs.acfun.cn/newUpload/12439728_1fd5a3c6e60241a1a1cd8f89dbede769.png?imageslim,AcFun,周榜,week,hotlist,,2026-09-26 11:24:38
46,现在电脑不好卖了，以后我们出租AI机器人吧,,2409,https://www.acfun.cn/v/ac48867767,https://tx-free-imgs.acfun.cn/newUpload/17928_c684f06231604145b533a0f00627c624.png?imageslim,AcFun,周榜,week,hotlist,,2026-09-26 11:24:38
47,网络上常见的热门短视频集锦   第三千四百四十三期,审核大大辛苦了！<br/>谢谢每一个投蕉的帅哥美女！香蕉没有来个赞也好啊！<br/>视频来自快手等平台，侵权联系删除！,3676,https://www.acfun.cn/v/ac48864363,https://tx-free-imgs.acfun.cn/newUpload/2176158_dfef22dbf6934a15a594e5766b8680ca.gif?imageslim,AcFun,周榜,week,hotlist,,2026-09-26 11:24:38
48,姛姛？！蝴蝶耳机Manget中文翻唱【箐羽Hane】x【缇若柯Teivoc】,“是否你确实表里如一淡然，还是说你——并不似我贪婪？”<br/>《Manget》磁石 / 蝴蝶耳机 - 中文翻唱<br/>原作作曲 / 流星P<br/>曲绘&翻唱 / 箐羽hane & 缇若柯Teivoc<br/>中文填词 / 果汁凉菜<br/>混音 / 风尘<br/>和笋笋一起唱了我们二次元姛神曲！曲绘也是我和笋笋每个人负责了自己的部分最后再拼到一起的！真好！( *^ ^)o(^ ^* )希望大家也能喜欢！,1641,https://www.acfun.cn/v/ac48869340,https://tx-free-imgs.acfun.cn/newUpload/67511609_d868cdbd6b1849e8958696cdc9db1493.jpeg?imageslim,AcFun,周榜,week,hotlist,,2026-09-26 11:24:38
49,网络上常见的热门短视频集锦   第三千四百四十四期,审核大大辛苦了！<br/>谢谢每一个投蕉的帅哥美女！香蕉没有来个赞也好啊！<br/>视频来自快手等平台，侵权联系删除！,3573,https://www.acfun.cn/v/ac48865021,https://tx-free-imgs.acfun.cn/newUpload/2176158_663463f1e6004dc2b4dea153d1e60c05.gif?imageslim,AcFun,周榜,week,hotlist,,2026-09-26 11:24:38
50,嘞个就是爱情【今天有什么好笑的 #2512】,：），谢谢大家的投蕉和点赞，祝你开心愉快~<br/>wallpaper壁纸：lamp<br/>BGM：What a Feeling,2454,https://www.acfun.cn/v/ac48860992,https://tx-free-imgs.acfun.cn/newUpload/383079_172d192fee55441c96b7352f61e0a25f.gif?imageslim,AcFun,周榜,week,hotlist,,2026-09-26 11:24:38
1,娃：真遗憾，本来打算亲自告诉你们的,嘿嘿希望大家都万事顺意～心想事成,5146,https://www.acfun.cn/v/ac48871740,https://tx-free-imgs.acfun.cn/newUpload/17062172_d1a93166ed084e3aadac2fea4bba0707.jpg?imageslim,AcFun,日榜,day,hotlist,,2026-09-26 12:24:04
2,裸足圆脸仙女下凡～跳一曲千里邀月【可心喵】,,2494,https://www.acfun.cn/v/ac48872448,https://tx-free-imgs.acfun.cn/newUpload/12892608_6691690fd8e944278bda5d5390e1e5a9.jpg?imageslim,AcFun,日榜,day,hotlist,,2026-09-26 12:24:04
3,女妖邪神凶宅索命，最惨主角逆天求生！克系神游《魔女屋中之梦》像素恐怖游戏详细讲述【深夜档】,如何在60天内，让洛夫克拉夫特小说中惨死的倒霉主角逆天改命？这位芬兰作者打造了一部又硬核又忠实的优秀克苏鲁游戏！入住阿卡姆百年凶宅的凡人主角沃尔特·吉尔曼，接连遭到人脸妖鼠，恐怖女巫，不可名状外神的侵袭。白天钻研神秘学知识，梦中游历邪恶异星。他将与密斯卡托尼克大学最强战神亨利·阿米蒂奇教授联手对抗邪神降世！这是一部真正将洛氏“宇宙恐怖”带入到日常，并忠实于原著的游戏，自由度超高且信息量惊人！我将细致地带各位体验这跌宕起伏的60天，看弱小的主角如何起死回生并拯救世界！,1544,https://www.acfun.cn/v/ac48872418,https://tx-free-imgs.acfun.cn/newUpload/817797_2631b7cf26c14c2fbbfb062962a775be.jpeg?imageslim,AcFun,日榜,day,hotlist,,2026-09-26 12:24:04
4,和我一起健身吧！！！欢乐八点档-1783,审核大大辛苦了！<br/>免费的香蕉投一下吧，没有那就点个赞吧，这对我来说很重要，谢谢！！！<br/>谢谢每一个投蕉的帅哥美女！你们是我坚持更新的动力！<br/>视频来自快手等平台，侵权联系删除！,2689,https://www.acfun.cn/v/ac48872699,https://tx-free-imgs.acfun.cn/newUpload/2176158_e379c7202d2e43029e07ad17f40cab19.gif?imageslim,AcFun,日榜,day,hotlist,,2026-09-26 12:24:04
5,今夜的风悄悄月悄悄~,,2432,https://www.acfun.cn/v/ac48873434,https://tx-free-imgs.acfun.cn/newUpload/23512715_0f364b6606dd467ab9975ffef5af1b29.jpg?imageslim,AcFun,日榜,day,hotlist,,2026-09-26 12:24:04
6,【4K超高清】「JOJO的奇妙冒险 飙马野郎」第2话,,5147,https://www.acfun.cn/v/ac48872740,https://tx-free-imgs.acfun.cn/newUpload/72840608_a526e08904d049d2b38ce5f38bd71e63.jpeg?imageslim,AcFun,日榜,day,hotlist,,2026-09-26 12:24:04
7,网络上常见的热门短视频集锦   第三千四百四十九期,审核大大辛苦了！<br/>谢谢每一个投蕉的帅哥美女！香蕉没有来个赞也好啊！<br/>视频来自快手等平台，侵权联系删除！,2816,https://www.acfun.cn/v/ac48871496,https://tx-free-imgs.acfun.cn/newUpload/2176158_cf20f7722011491da25ce2efbc799dba.gif?imageslim,AcFun,日榜,day,hotlist,,2026-09-26 12:24:04
8,短裙挑战！超长翻跳一次看个够~【生日作】,,1638,https://www.acfun.cn/v/ac48872675,https://tx-free-imgs.acfun.cn/newUpload/32485245_415db634556140d1841e2ebb4c0d9371.jpeg?imageslim,AcFun,日榜,day,hotlist,,2026-09-26 12:24:04
9,网络上常见的热门短视频集锦   第三千四百五十期,审核大大辛苦了！<br/>谢谢每一个投蕉的帅哥美女！香蕉没有来个赞也好啊！<br/>视频来自快手等平台，侵权联系删除！,2805,https://www.acfun.cn/v/ac48872279,https://tx-free-imgs.acfun.cn/newUpload/2176158_a96ecd95394b4517928ac111407f75b1.gif?imageslim,AcFun,日榜,day,hotlist,,2026-09-26 12:24:04
10,【东方/汉化】咲夜带你了解汉字【MMD搞笑小剧场】,作者：クローバー,1283,https://www.acfun.cn/v/ac48872652,https://tx-free-imgs.acfun.cn/newUpload/6102_8b2072189ecb4044a7de95bb450d02ed.jpeg?imageslim,AcFun,日榜,day,hotlist,,2026-09-26 12:24:04
11,空姐OL~第57次取消发送,中秋节快乐,1779,https://www.acfun.cn/v/ac48872674,https://tx-free-imgs.acfun.cn/newUpload/14539629_46621bdc88a44c63be63172c5ba6cb6a.jpeg?imageslim,AcFun,日榜,day,hotlist,,2026-09-26 12:24:04
12,望眼欲穿【今天有什么好笑的 #2517】,：），谢谢大家的投蕉和点赞，祝你开心愉快~<br/>Wallpaper壁纸：雪山与女孩<br/>Bgm：あのね。,1911,https://www.acfun.cn/v/ac48872647,https://tx-free-imgs.acfun.cn/newUpload/383079_40beb913fd1a44d3afa053553d53b466.gif?imageslim,AcFun,日榜,day,hotlist,,2026-09-26 12:24:04
13,沙特反水，退出中国主导数字货币桥项目,,1525,https://www.acfun.cn/v/ac48873521,https://tx-free-imgs.acfun.cn/newUpload/43608832_667ff672cc3548f3bae31d62bb9e3f0e.jpeg?imageslim,AcFun,日榜,day,hotlist,,2026-09-26 12:24:04
14,如果我和她恋爱的话……,,1458,https://www.acfun.cn/v/ac48871545,https://tx-free-imgs.acfun.cn/newUpload/2277346_de526594356a4c9f90b71bf5823054e6.jpg?imageslim,AcFun,日榜,day,hotlist,,2026-09-26 12:24:04
15,两段不伦恋 15年复仇路《老男孩》吴大秀我的折磨可是一辈子,本期带来《老男孩》50分钟 国庆要到了，铁粉都知道背包住在网红街道 小长假根本没法做节目，阿杰提意带着各自父母一起出去玩几天 所以这几天会加急看看能不能赶出来一期，实再不行就小长假后更新咯，中秋国庆都祝小伙伴开心快乐！,1220,https://www.acfun.cn/v/ac48871285,https://tx-free-imgs.acfun.cn/newUpload/6894185_ab259859c7df40d1b092d2e828bf38e5.jpeg?imageslim,AcFun,日榜,day,hotlist,,2026-09-26 12:24:04
16,我终于明白什么都不缺的含金量！,,1243,https://www.acfun.cn/v/ac48872781,https://tx-free-imgs.acfun.cn/newUpload/6177430_06f5f9b03edd4f73a3dfeba4cf78db16.jpeg?imageslim,AcFun,日榜,day,hotlist,,2026-09-26 12:24:04
17,忘情牛肉面,,1449,https://www.acfun.cn/v/ac48873433,https://tx-free-imgs.acfun.cn/newUpload/11361784_6fe659c9e31e428c8b700a04d46742fd.jpg?imageslim,AcFun,日榜,day,hotlist,,2026-09-26 12:24:04
18,“原来和思念的人相见，就是人们常说的团圆” | 愿年年有今夜《妙妙人间》,「愿岁岁年年有此夜。」<br/>To : 虽然隔着屏幕，但同一轮月亮也让我们团圆在这里。中秋快乐呀~<br/>==========<br/>《妙妙人间》<br/>原唱：张含韵<br/>混音：饭団子p<br/>翻唱&视频：露纱琳黛,1145,https://www.acfun.cn/v/ac48871599,https://tx-free-imgs.acfun.cn/newUpload/69790459_0b53ce48e1c7437c9bdd3cf45d53de8f.jpeg?imageslim,AcFun,日榜,day,hotlist,,2026-09-26 12:24:04
19,想和你一起赏月𐔌՞ ܸ.ˬ.ܸ՞𐦯千里邀月,,1155,https://www.acfun.cn/v/ac48873207,https://tx-free-imgs.acfun.cn/newUpload/57336445_c7d705d3782c4b0193b62c6d02e43748.jpg?imageslim,AcFun,日榜,day,hotlist,,2026-09-26 12:24:04
20,香煎盐焗鸡｜简单到不可能失败，外焦里嫩巨好吃,,1213,https://www.acfun.cn/v/ac48870521,https://tx-free-imgs.acfun.cn/newUpload/1383198_a8487ee2fe9849dc9807f9da5d193fb1.jpeg?imageslim,AcFun,日榜,day,hotlist,,2026-09-26 12:24:04
21,【官方中字】SBR JOJO的奇妙冒险 飙马野郎 2nd＆3rd STAGE 第二集,,1948,https://www.acfun.cn/v/ac48872883,https://tx-free-imgs.acfun.cn/newUpload/30501027_27e89cd7cd684f01a120b8ec666a3896.png?imageslim,AcFun,日榜,day,hotlist,,2026-09-26 12:24:04
22,新肤色超辣！,,1413,https://www.acfun.cn/v/ac48863964,https://tx-free-imgs.acfun.cn/newUpload/12439728_70c7284ba2724c048fb5266f61c33e34.png?imageslim,AcFun,日榜,day,hotlist,,2026-09-26 12:24:04
23,【1080P.奇幻冒险】JOJO的奇妙冒险 飙马野郎 (2026)第七季 第二集,1890年，一场世纪大赛“SBR”于美国举开。全长共6000公里，是人类史上第一场骑乘马匹横越北美大陆的比赛！为了拿下高达5千万美元（60亿日元）的冠军奖金，一群强悍的冒险家们正式展开了他们的争战！,2041,https://www.acfun.cn/v/ac48872840,https://tx-free-imgs.acfun.cn/newUpload/903432_bb4a52ee7e3e42cc853e5ff0b8a21e0d.png?imageslim,AcFun,日榜,day,hotlist,,2026-09-26 12:24:04
24,【绘画过程】9月保底《金秋》,大家中秋快乐！<br/>本月的保底是百贴布~ 某宝同步预售。,1635,https://www.acfun.cn/v/ac48872808,https://tx-free-imgs.acfun.cn/newUpload/179922_630934cb2f3245e5a4a4020570f61eca.png?imageslim,AcFun,日榜,day,hotlist,,2026-09-26 12:24:04
25,三周摧毁美国东海岸，绿色流感为何无法阻止？【求生之路剧情解析+涂鸦翻译】,刺骨寒溪和最后一战的涂鸦和官方剧情联系不大，因此没有放在视频中；<br/>前面的内容感觉都有点多余，最后的涂鸦翻译才是本体。<br/><br/>,1384,https://www.acfun.cn/v/ac48867996,https://tx-free-imgs.acfun.cn/newUpload/1020536_15195e7242e247fb9dc7a625a61a3662.jpeg?imageslim,AcFun,日榜,day,hotlist,,2026-09-26 12:24:04
26,彩礼十万，你给二十万什么意思？★手机竖屏2015★,审核大大辛苦了！<br/>谢谢每一个投蕉的帅哥美女！香蕉没有来个赞也好啊！<br/>视频来自快手等平台，侵权联系删除！,1228,https://www.acfun.cn/v/ac48873346,https://tx-free-imgs.acfun.cn/newUpload/2176158_b118313c0ec044bba95e256fe492e589.gif?imageslim,AcFun,日榜,day,hotlist,,2026-09-26 12:24:04
27,加息概率90%：美联储或将亲手刺破AI泡沫,,1285,https://www.acfun.cn/v/ac48873517,https://tx-free-imgs.acfun.cn/newUpload/43608832_8d2f86fa2183404c842a39cc3e7b18b0.jpeg?imageslim,AcFun,日榜,day,hotlist,,2026-09-26 12:24:04
28,【柯基】《金风玉露》～～～晚风啊～～～,,1199,https://www.acfun.cn/v/ac48872627,https://tx-free-imgs.acfun.cn/newUpload/29493245_88171143b6bd4aa6885743ffe64d6584.png?imageslim,AcFun,日榜,day,hotlist,,2026-09-26 12:24:04
29,【夏雅】Don t let go of my hand.,,1652,https://www.acfun.cn/v/ac48873108,https://tx-free-imgs.acfun.cn/newUpload/16279345_4e8e1897539648e8869f4815f9bd1572.jpg?imageslim,AcFun,日榜,day,hotlist,,2026-09-26 12:24:04
30,中秋节快乐呀！！,,1085,https://www.acfun.cn/v/ac48872753,https://tx-free-imgs.acfun.cn/newUpload/25756908_e40f0ac3bdb34aa6a05629d19ec12f7c.png?imageslim,AcFun,日榜,day,hotlist,,2026-09-26 12:24:04
31,拼凑的断音,动作有做方向上的一些改动等<br/>歌曲：拼凑的断音-（舞蹈：あおい aoi とみたけ tomitake）,1165,https://www.acfun.cn/v/ac48871758,https://tx-free-imgs.acfun.cn/newUpload/12229455_ccda2f5ac69244d1aa813dc04c9a63d5.jpeg?imageslim,AcFun,日榜,day,hotlist,,2026-09-26 12:24:04
32,"宙斯神王也会是这战绩？快速看完一局韩服王者斗殴局#837 Zeus, Racoon, Clozer,","宙斯神王也会是这战绩？快速看完一局韩服王者斗殴局#837 Zeus, Racoon, Clozer, Wenbo, Canyon, 叶秋枫 <br/>BGM:https://music.163.com/playlist?id=650818240&userid=30476594",1306,https://www.acfun.cn/v/ac48865858,https://tx-free-imgs.acfun.cn/newUpload/1378726_0477a53ac6df4eb3b611b241b6a08941.jpeg?imageslim,AcFun,日榜,day,hotlist,,2026-09-26 12:24:04
33,石头剪刀布卖个萌,难得假期来凡人线下嘉年华cos了一下银月，玩得很开心，不知道有没有碰到我的道友～,1154,https://www.acfun.cn/v/ac48873212,https://tx-free-imgs.acfun.cn/newUpload/12229455_c6e4220d0d7c41e2b5d489a9386cbe72.png?imageslim,AcFun,日榜,day,hotlist,,2026-09-26 12:24:04
34,Acfun评论才是本体啊2026年8月和九月,香蕉点赞来一点哦，,1053,https://www.acfun.cn/v/ac48872845,https://tx-free-imgs.acfun.cn/newUpload/36839617_4ce9b7b878c344edbc971706d81900cc.jpeg?imageslim,AcFun,日榜,day,hotlist,,2026-09-26 12:24:04
35,「Super8」《如烟》大家中秋快乐鸭～,原唱：五月天<br/>翻唱：把超人<br/>混音：废废哟<br/>视频：星马豪<br/>录了有一段时间的歌咧，五月天的歌里算很喜欢的一首，词非常喜欢，祝大家中秋快乐哟～,1057,https://www.acfun.cn/v/ac48872351,https://tx-free-imgs.acfun.cn/newUpload/301519_95463a4627374a178e3b102bc74e8bcf.jpeg?imageslim,AcFun,日榜,day,hotlist,,2026-09-26 12:24:04
36,【猪肝来也】one love,,1126,https://www.acfun.cn/v/ac48873230,https://tx-free-imgs.acfun.cn/newUpload/4599324_253057be5bbe40d1b82d24222d803ec4.jpg?imageslim,AcFun,日榜,day,hotlist,,2026-09-26 12:24:04
37,【绝望女神/翻唱】【火影忍者 ED1 Wind】,想听啥继续评论回复~,1024,https://www.acfun.cn/v/ac48873021,https://tx-free-imgs.acfun.cn/newUpload/20705199_4163259e9c314ff193a9aac80be14188.jpeg?imageslim,AcFun,日榜,day,hotlist,,2026-09-26 12:24:04
38,恶魔想成为你的家人！请交出性命！阴间电视台！越南模拟恐怖APTV EP6,喜欢记得关注五蕉~谢谢支持~！,1041,https://www.acfun.cn/v/ac48871608,https://tx-free-imgs.acfun.cn/newUpload/26364938_c8b3f3a89c5d45989f596c7abadfe5de.jpeg?imageslim,AcFun,日榜,day,hotlist,,2026-09-26 12:24:04
39,这身衣服跳什么都好帅啊！哈哈哈,,1126,https://www.acfun.cn/v/ac48872819,https://tx-free-imgs.acfun.cn/newUpload/16380981_3be481ccc3bd44c3a12928fa1f84b25e.png?imageslim,AcFun,日榜,day,hotlist,,2026-09-26 12:24:04
40,告女子书！,,1070,https://www.acfun.cn/v/ac48872722,https://tx-free-imgs.acfun.cn/newUpload/16380981_45b2d4d6fdb34b34876bc5e8fcdaca47.png?imageslim,AcFun,日榜,day,hotlist,,2026-09-26 12:24:04
41,十几万买台“莲花”，行吗？,,1155,https://www.acfun.cn/v/ac48872934,https://tx-free-imgs.acfun.cn/newUpload/14288157_b6f51fa0cabc4a0fa6b69c8bffff34ea.jpeg?imageslim,AcFun,日榜,day,hotlist,,2026-09-26 12:24:04
42,明月几时有？我想有时就有～,,1033,https://www.acfun.cn/v/ac48872948,https://tx-free-imgs.acfun.cn/newUpload/31922015_3de6c615f9d24a4ab766c9c22f19d8ed.jpg?imageslim,AcFun,日榜,day,hotlist,,2026-09-26 12:24:04
43,open the door,,1317,https://www.acfun.cn/v/ac48873110,https://tx-free-imgs.acfun.cn/newUpload/79951_cacbb88182cb435a99a97d446363fa53.jpg?imageslim,AcFun,日榜,day,hotlist,,2026-09-26 12:24:04
44,十月新番最爽厕纸！男主化身黄毛！转生夺走原主的女友们！？,十月新番最爽厕纸！男主化身黄毛！转生夺走原主的女友们！？,1215,https://www.acfun.cn/v/ac48873035,https://tx-free-imgs.acfun.cn/newUpload/13467496_1abceb83c1454743bcb9d4abcf823669.jpeg?imageslim,AcFun,日榜,day,hotlist,,2026-09-26 12:24:04
45,又何尝不是一种很新的花灯...,胶佬过中秋有自己的灯笼！其实是万代的MEGX独角兽换了灯组嘻嘻～双节快乐！,1097,https://www.acfun.cn/v/ac48873084,https://tx-free-imgs.acfun.cn/newUpload/13449743_b5143a98667f48bdb3f046459ee13864.jpeg?imageslim,AcFun,日榜,day,hotlist,,2026-09-26 12:24:04
46,【cheerup+快乐指南+nobody】跑调的人去KTV就蹦哒呗～,,852,https://www.acfun.cn/v/ac48872721,https://tx-free-imgs.acfun.cn/newUpload/31922015_51babcf260aa4990ade2ad884f023973.jpg?imageslim,AcFun,日榜,day,hotlist,,2026-09-26 12:24:04
47,TGS现场女玩家击败虎牢关吕布【真三国无双2with猛将传】复刻版,Up主现场实拍TGS2026《真三国无双2with猛将传】复刻版现场试玩,1119,https://www.acfun.cn/v/ac48873376,https://tx-free-imgs.acfun.cn/newUpload/17097644_3295b46ed232444db8c34ee0206b58a7.png?imageslim,AcFun,日榜,day,hotlist,,2026-09-26 12:24:04
48,嘀，纣王体验卡,,1172,https://www.acfun.cn/v/ac48872737,https://tx-free-imgs.acfun.cn/newUpload/77181154_7c7593de7b584caebd43b4bb4e8dc517.png?imageslim,AcFun,日榜,day,hotlist,,2026-09-26 12:24:04
49,【甲鱼的旅法十年】迷你专辑《心之所往的创作背景,,786,https://www.acfun.cn/v/ac48872771,https://tx-free-imgs.acfun.cn/newUpload/44128996_e3793329f00e48dc80645b417f8ea4d9.png?imageslim,AcFun,日榜,day,hotlist,,2026-09-26 12:24:04
50,绝顶性感黑丝兔女郎｜大摆锤舞蹈翻跳正面版,,1342,https://www.acfun.cn/v/ac48872667,https://tx-free-imgs.acfun.cn/newUpload/28629507_7fbcce0fdec9424f9538c9354fd61371.png?imageslim,AcFun,日榜,day,hotlist,,2026-09-26 12:24:04
1,是谁点的小恶魔，蕉出来～,,6358,https://www.acfun.cn/v/ac48867778,https://tx-free-imgs.acfun.cn/newUpload/17062172_6098fee67d1748e0ab5dab3b5665736c.jpg?imageslim,AcFun,三日榜,three-days,hotlist,,2026-09-26 12:24:04
2,娃：真遗憾，本来打算亲自告诉你们的,嘿嘿希望大家都万事顺意～心想事成,5146,https://www.acfun.cn/v/ac48871740,https://tx-free-imgs.acfun.cn/newUpload/17062172_d1a93166ed084e3aadac2fea4bba0707.jpg?imageslim,AcFun,三日榜,three-days,hotlist,,2026-09-26 12:24:04
3,《野生动物迷惑行为》,喜欢请投蕉啊   谢谢啦！,2929,https://www.acfun.cn/v/ac48868360,https://tx-free-imgs.acfun.cn/newUpload/1342385_3fab348c538e4c0fa001871a708fe302.jpeg?imageslim,AcFun,三日榜,three-days,hotlist,,2026-09-26 12:24:04
4,裸足圆脸仙女下凡～跳一曲千里邀月【可心喵】,,2494,https://www.acfun.cn/v/ac48872448,https://tx-free-imgs.acfun.cn/newUpload/12892608_6691690fd8e944278bda5d5390e1e5a9.jpg?imageslim,AcFun,三日榜,three-days,hotlist,,2026-09-26 12:24:04
5,漫威金刚狼深陷争议！SweetBaby又毁一款？【绅批】,这算是DEI的历史遗留问题了，所有现在已经从sweetbaby离职的人，只要参与过游戏制作也会被署名（比如桥本和真）,2967,https://www.acfun.cn/v/ac48868810,https://tx-free-imgs.acfun.cn/newUpload/526850_ca1da1572b1d494a93e2f6bab46cf76b.jpeg?imageslim,AcFun,三日榜,three-days,hotlist,,2026-09-26 12:24:04
6,因为害怕被讨厌 所以把自己藏起来了,,3231,https://www.acfun.cn/v/ac48871331,https://tx-free-imgs.acfun.cn/newUpload/11361784_3d4bd69b46f541e184c2922c24f09276.jpg?imageslim,AcFun,三日榜,three-days,hotlist,,2026-09-26 12:24:04
7,我真的是来吃饭的！★手机竖屏2013★,审核大大辛苦了！<br/>谢谢每一个投蕉的帅哥美女！香蕉没有来个赞也好啊！<br/>视频来自快手等平台，侵权联系删除！,3935,https://www.acfun.cn/v/ac48869145,https://tx-free-imgs.acfun.cn/newUpload/2176158_eb4b69370b8f435aa2b171e72403d356.gif?imageslim,AcFun,三日榜,three-days,hotlist,,2026-09-26 12:24:04
8,mr chu!!好怀念这首歌,,2149,https://www.acfun.cn/v/ac48869375,https://tx-free-imgs.acfun.cn/newUpload/16380981_19592eb83a88429695ee1a0508fc3df0.png?imageslim,AcFun,三日榜,three-days,hotlist,,2026-09-26 12:24:04
9,拜托了，夫人！★手机竖屏2014★,审核大大辛苦了！<br/>谢谢每一个投蕉的帅哥美女！香蕉没有来个赞也好啊！<br/>视频来自快手等平台，侵权联系删除！,3533,https://www.acfun.cn/v/ac48871493,https://tx-free-imgs.acfun.cn/newUpload/2176158_afaf0913878443b1bc00d636136ffce3.gif?imageslim,AcFun,三日榜,three-days,hotlist,,2026-09-26 12:24:04
10,女妖邪神凶宅索命，最惨主角逆天求生！克系神游《魔女屋中之梦》像素恐怖游戏详细讲述【深夜档】,如何在60天内，让洛夫克拉夫特小说中惨死的倒霉主角逆天改命？这位芬兰作者打造了一部又硬核又忠实的优秀克苏鲁游戏！入住阿卡姆百年凶宅的凡人主角沃尔特·吉尔曼，接连遭到人脸妖鼠，恐怖女巫，不可名状外神的侵袭。白天钻研神秘学知识，梦中游历邪恶异星。他将与密斯卡托尼克大学最强战神亨利·阿米蒂奇教授联手对抗邪神降世！这是一部真正将洛氏“宇宙恐怖”带入到日常，并忠实于原著的游戏，自由度超高且信息量惊人！我将细致地带各位体验这跌宕起伏的60天，看弱小的主角如何起死回生并拯救世界！,1544,https://www.acfun.cn/v/ac48872418,https://tx-free-imgs.acfun.cn/newUpload/817797_2631b7cf26c14c2fbbfb062962a775be.jpeg?imageslim,AcFun,三日榜,three-days,hotlist,,2026-09-26 12:24:04
11,这样的学姐喜欢吗？欢乐八点档-1782,审核大大辛苦了！<br/>免费的香蕉投一下吧，没有那就点个赞吧，这对我来说很重要，谢谢！！！<br/>谢谢每一个投蕉的帅哥美女！你们是我坚持更新的动力！<br/>视频来自快手等平台，侵权联系删除！,3876,https://www.acfun.cn/v/ac48870057,https://tx-free-imgs.acfun.cn/newUpload/2176158_4c1f3b60f73e451abc443941d47305d8.gif?imageslim,AcFun,三日榜,three-days,hotlist,,2026-09-26 12:24:04
12,拳击好啊，拳击得学！欢乐八点档-1781,审核大大辛苦了！<br/>免费的香蕉投一下吧，没有那就点个赞吧，这对我来说很重要，谢谢！！！<br/>谢谢每一个投蕉的帅哥美女！你们是我坚持更新的动力！<br/>视频来自快手等平台，侵权联系删除！,4197,https://www.acfun.cn/v/ac48868336,https://tx-free-imgs.acfun.cn/newUpload/2176158_3f6c601293a54468bae97f781440217b.gif?imageslim,AcFun,三日榜,three-days,hotlist,,2026-09-26 12:24:04
13,和我一起健身吧！！！欢乐八点档-1783,审核大大辛苦了！<br/>免费的香蕉投一下吧，没有那就点个赞吧，这对我来说很重要，谢谢！！！<br/>谢谢每一个投蕉的帅哥美女！你们是我坚持更新的动力！<br/>视频来自快手等平台，侵权联系删除！,2689,https://www.acfun.cn/v/ac48872699,https://tx-free-imgs.acfun.cn/newUpload/2176158_e379c7202d2e43029e07ad17f40cab19.gif?imageslim,AcFun,三日榜,three-days,hotlist,,2026-09-26 12:24:04
14,网络上常见的热门短视频集锦   第三千四百四十五期,审核大大辛苦了！<br/>谢谢每一个投蕉的帅哥美女！香蕉没有来个赞也好啊！<br/>视频来自快手等平台，侵权联系删除！,3976,https://www.acfun.cn/v/ac48866824,https://tx-free-imgs.acfun.cn/newUpload/2176158_dba921eb42f14c7ba31a1af83bfe71ce.gif?imageslim,AcFun,三日榜,three-days,hotlist,,2026-09-26 12:24:04
15,今夜的风悄悄月悄悄~,,2432,https://www.acfun.cn/v/ac48873434,https://tx-free-imgs.acfun.cn/newUpload/23512715_0f364b6606dd467ab9975ffef5af1b29.jpg?imageslim,AcFun,三日榜,three-days,hotlist,,2026-09-26 12:24:04
16,厨师长教你：“鱼香肉丝”的家常做法，酸甜微辣，口感丰富,,2070,https://www.acfun.cn/v/ac48867741,https://tx-free-imgs.acfun.cn/newUpload/13274260_93e68d1098d04ffca2683655a6a404c2.jpeg?imageslim,AcFun,三日榜,three-days,hotlist,,2026-09-26 12:24:04
17,【锅锅x怀瑜x阔落】千里邀月——共饮此杯赏此月，夜好眠,中秋到了，和姐妹们合唱了千里邀月~~<br/>乐：可乐祝大家身体健康，永不加班，月圆人团圆<br/>鱼：怀瑜愿诸位财源广进，常能摸鱼，花好月更圆<br/>锅：锅锅祝大家桂香满锅，早归赏月，饼甜心更甜<br/>祝大家中秋快乐~,1891,https://www.acfun.cn/v/ac48871580,https://tx-free-imgs.acfun.cn/newUpload/67206930_e47be8dbac2546e1b5a4a831e71dabe4.jpeg?imageslim,AcFun,三日榜,three-days,hotlist,,2026-09-26 12:24:04
18,嘴角压不住了【今天有什么好笑的 #2515】,：），谢谢大家的投蕉和点赞，祝你开心愉快~<br/>wallpaper壁纸：Genshin 神里绫华<br/>BGM：Wake me up when september ends,2448,https://www.acfun.cn/v/ac48868130,https://tx-free-imgs.acfun.cn/newUpload/383079_ef65121591434d2b86d53db1622776cd.gif?imageslim,AcFun,三日榜,three-days,hotlist,,2026-09-26 12:24:04
19,现在电脑不好卖了，以后我们出租AI机器人吧,,2449,https://www.acfun.cn/v/ac48867767,https://tx-free-imgs.acfun.cn/newUpload/17928_c684f06231604145b533a0f00627c624.png?imageslim,AcFun,三日榜,three-days,hotlist,,2026-09-26 12:24:04
20,姛姛？！蝴蝶耳机Manget中文翻唱【箐羽Hane】x【缇若柯Teivoc】,“是否你确实表里如一淡然，还是说你——并不似我贪婪？”<br/>《Manget》磁石 / 蝴蝶耳机 - 中文翻唱<br/>原作作曲 / 流星P<br/>曲绘&翻唱 / 箐羽hane & 缇若柯Teivoc<br/>中文填词 / 果汁凉菜<br/>混音 / 风尘<br/>和笋笋一起唱了我们二次元姛神曲！曲绘也是我和笋笋每个人负责了自己的部分最后再拼到一起的！真好！( *^ ^)o(^ ^* )希望大家也能喜欢！,1642,https://www.acfun.cn/v/ac48869340,https://tx-free-imgs.acfun.cn/newUpload/67511609_d868cdbd6b1849e8958696cdc9db1493.jpeg?imageslim,AcFun,三日榜,three-days,hotlist,,2026-09-26 12:24:04
21,【4K超高清】「JOJO的奇妙冒险 飙马野郎」第2话,,5147,https://www.acfun.cn/v/ac48872740,https://tx-free-imgs.acfun.cn/newUpload/72840608_a526e08904d049d2b38ce5f38bd71e63.jpeg?imageslim,AcFun,三日榜,three-days,hotlist,,2026-09-26 12:24:04
22,我要冲会员【今天有什么好笑的 #2516】,：），谢谢大家的投蕉和点赞，祝你开心愉快~<br/>wallpaper壁纸：Reze | Chainsaw Man<br/>BGM：Nicoleta Matei - Love mail<br/>,2516,https://www.acfun.cn/v/ac48870763,https://tx-free-imgs.acfun.cn/newUpload/383079_47b0fc3f458042f5bd3717967e55c598.gif?imageslim,AcFun,三日榜,three-days,hotlist,,2026-09-26 12:24:04
23,短裙挑战！超长翻跳一次看个够~【生日作】,,1638,https://www.acfun.cn/v/ac48872675,https://tx-free-imgs.acfun.cn/newUpload/32485245_415db634556140d1841e2ebb4c0d9371.jpeg?imageslim,AcFun,三日榜,three-days,hotlist,,2026-09-26 12:24:04
24,换你穿越三国乱世，你是起兵还是种田？,有没有宝贝和我一样，看三国的时候总在想，如果换我身在那个乱世，我会怎么样？是起兵争霸，还是归隐山林？ 或是是咱们可以选三国里有名的角色或者可以架空历史从素人做起，一统三国，那会怎么样?我最近就玩了这么一款游戏，一玩就是五个小时，根本停不下来，那今天来聊聊这款开放世界slg游戏《英雄立志传：三国志》~<br/>,2012,https://www.acfun.cn/v/ac48869043,https://tx-free-imgs.acfun.cn/newUpload/61352468_39715609bed041b98b21f3dbb482ad70.jpeg?imageslim,AcFun,三日榜,three-days,hotlist,,2026-09-26 12:24:04
25,网络上常见的热门短视频集锦   第三千四百四十九期,审核大大辛苦了！<br/>谢谢每一个投蕉的帅哥美女！香蕉没有来个赞也好啊！<br/>视频来自快手等平台，侵权联系删除！,2816,https://www.acfun.cn/v/ac48871496,https://tx-free-imgs.acfun.cn/newUpload/2176158_cf20f7722011491da25ce2efbc799dba.gif?imageslim,AcFun,三日榜,three-days,hotlist,,2026-09-26 12:24:04
26,网络上常见的热门短视频集锦   第三千四百四十八期,审核大大辛苦了！<br/>谢谢每一个投蕉的帅哥美女！香蕉没有来个赞也好啊！<br/>视频来自快手等平台，侵权联系删除！,3591,https://www.acfun.cn/v/ac48870020,https://tx-free-imgs.acfun.cn/newUpload/2176158_d65e54f4e9ee489b86b6fc28c31c84ee.gif?imageslim,AcFun,三日榜,three-days,hotlist,,2026-09-26 12:24:04
27,网络上常见的热门短视频集锦   第三千四百四十六期,审核大大辛苦了！<br/>谢谢每一个投蕉的帅哥美女！香蕉没有来个赞也好啊！<br/>视频来自快手等平台，侵权联系删除！,3720,https://www.acfun.cn/v/ac48867732,https://tx-free-imgs.acfun.cn/newUpload/2176158_2ec1d99da19a48e0a8e4ff2a2447e612.gif?imageslim,AcFun,三日榜,three-days,hotlist,,2026-09-26 12:24:04
28,沦陷️,歌曲舞蹈：沦陷dj版-星奇摇   动作有改编,1764,https://www.acfun.cn/v/ac48869381,https://tx-free-imgs.acfun.cn/newUpload/12229455_aacf9da97a0940ad8e5f0b509d9cc159.jpeg?imageslim,AcFun,三日榜,three-days,hotlist,,2026-09-26 12:24:04
29,交通事故20260923：交通车祸实例，提高安全驾驶意识,,1461,https://www.acfun.cn/v/ac48868861,https://tx-free-imgs.acfun.cn/newUpload/76871961_edea5de6659a4cd2b733a74989043440.jpg?imageslim,AcFun,三日榜,three-days,hotlist,,2026-09-26 12:24:04
30,网络上常见的热门短视频集锦   第三千四百四十七期,审核大大辛苦了！<br/>谢谢每一个投蕉的帅哥美女！香蕉没有来个赞也好啊！<br/>视频来自快手等平台，侵权联系删除！,3302,https://www.acfun.cn/v/ac48869149,https://tx-free-imgs.acfun.cn/newUpload/2176158_fdf9afe2e00a4a1aa62415c846776eaf.gif?imageslim,AcFun,三日榜,three-days,hotlist,,2026-09-26 12:24:04
31,老板直聘（89）,,1653,https://www.acfun.cn/v/ac48868552,https://tx-free-imgs.acfun.cn/newUpload/74706824_db2c7ba15c5d4aa18872db6b0763b7ca.jpeg?imageslim,AcFun,三日榜,three-days,hotlist,,2026-09-26 12:24:04
32,网络上常见的热门短视频集锦   第三千四百五十期,审核大大辛苦了！<br/>谢谢每一个投蕉的帅哥美女！香蕉没有来个赞也好啊！<br/>视频来自快手等平台，侵权联系删除！,2805,https://www.acfun.cn/v/ac48872279,https://tx-free-imgs.acfun.cn/newUpload/2176158_a96ecd95394b4517928ac111407f75b1.gif?imageslim,AcFun,三日榜,three-days,hotlist,,2026-09-26 12:24:04
33,人鱼的眼泪,歌曲舞蹈：爱乐之城-人鱼的眼泪,1566,https://www.acfun.cn/v/ac48867050,https://tx-free-imgs.acfun.cn/newUpload/12229455_130b1f041e6741dab4f6295ee27d927e.jpeg?imageslim,AcFun,三日榜,three-days,hotlist,,2026-09-26 12:24:04
34,常州新开巴西烤肉自助，100块钱值得吗？,这是我目前为止，去过的第二家巴西烤肉自助，团购优惠的情况下，花了94元。正常价格在95~110不等<br/><br/>简单带大家看下菜品，除了取餐台这么些，各种牛肉制品、大串烧烤都是循环上桌，大家觉得这么些菜式花样，100块钱左右你们觉得贵还是便宜啊，觉得贵的扣1，觉得便宜的扣2,1897,https://www.acfun.cn/v/ac48868891,https://tx-free-imgs.acfun.cn/newUpload/2046675_bf3a59ddff624646850829452262094e.jpeg?imageslim,AcFun,三日榜,three-days,hotlist,,2026-09-26 12:24:04
35,【颜音】中秋歌回~祝大家节日快乐,皓月凌空，桂香满庭。<br/>愿今夜歌声暖心，祝各位中秋快乐，阖家美满！,1493,https://www.acfun.cn/v/ac48872065,https://tx-free-imgs.acfun.cn/newUpload/4425861_3dab8cdf19a74bf6accbdcd688cd9b6a.jpeg?imageslim,AcFun,三日榜,three-days,hotlist,,2026-09-26 12:24:04
36,在英国差点被上门诈骗,可能看到我一人在家，就大胆敲门了，还好平常也会注意周边邻居，没发生什么事儿，这个金额就算被骗也不会报警，以后还是要小心一些了。#英国日常#vlog,1682,https://www.acfun.cn/v/ac48869505,https://tx-free-imgs.acfun.cn/newUpload/43181603_1c8c6c487a864d098b5e7e7bf2a12c6a.jpg?imageslim,AcFun,三日榜,three-days,hotlist,,2026-09-26 12:24:04
37,原创编舞《千层套路》的定机位竖屏来啦！,,1647,https://www.acfun.cn/v/ac48869245,https://tx-free-imgs.acfun.cn/newUpload/16380981_24bafd11c027499d9fe6820162faa782.png?imageslim,AcFun,三日榜,three-days,hotlist,,2026-09-26 12:24:04
38,空姐OL~第57次取消发送,中秋节快乐,1779,https://www.acfun.cn/v/ac48872674,https://tx-free-imgs.acfun.cn/newUpload/14539629_46621bdc88a44c63be63172c5ba6cb6a.jpeg?imageslim,AcFun,三日榜,three-days,hotlist,,2026-09-26 12:24:04
39,北京的最北端在黑龙江？？？国内飞地是怎么形成的？,这份中国地图，是你从未看过的船新版本，放大几倍就会发现，在大家熟悉的各个省份中，还藏着一堆 “你中有我、我中有你” 的飞地。,1840,https://www.acfun.cn/v/ac48867896,https://tx-free-imgs.acfun.cn/newUpload/13630266_cc2428a99a42453f99c9e1306e7a43bb.jpeg?imageslim,AcFun,三日榜,three-days,hotlist,,2026-09-26 12:24:04
40,发个friend圈,,1546,https://www.acfun.cn/v/ac48863958,https://tx-free-imgs.acfun.cn/newUpload/12439728_b44cb67ae45a4c179b08227368f4159c.png?imageslim,AcFun,三日榜,three-days,hotlist,,2026-09-26 12:24:04
41,我要辞职了！,,1701,https://www.acfun.cn/v/ac48863957,https://tx-free-imgs.acfun.cn/newUpload/12439728_7c57a0735675474590bf7b25e1a34527.png?imageslim,AcFun,三日榜,three-days,hotlist,,2026-09-26 12:24:04
42,【东方/汉化】咲夜带你了解汉字【MMD搞笑小剧场】,作者：クローバー,1283,https://www.acfun.cn/v/ac48872652,https://tx-free-imgs.acfun.cn/newUpload/6102_8b2072189ecb4044a7de95bb450d02ed.jpeg?imageslim,AcFun,三日榜,three-days,hotlist,,2026-09-26 12:24:04
43,奥迪“宫斗”十年大结局？一汽拿四环，上汽拿AUDI,一汽奥迪和上汽奥迪“宫斗”了十年，终于要划下句号了？,1749,https://www.acfun.cn/v/ac48870981,https://tx-free-imgs.acfun.cn/newUpload/13630266_3fde785be5a2411495618f67d01ab66a.jpeg?imageslim,AcFun,三日榜,three-days,hotlist,,2026-09-26 12:24:04
44,捏捏已经已进化到可以吃的地步啦？,,1636,https://www.acfun.cn/v/ac48868638,https://tx-free-imgs.acfun.cn/newUpload/6177430_486c910212d548c991eeb140f146a6ed.jpeg?imageslim,AcFun,三日榜,three-days,hotlist,,2026-09-26 12:24:04
45,【东方】QUEEN【蕾米莉亚 Miy Ver. MMD】,作者：やくも<br/><br/>楽曲:Kanaria 様→https://www.nicovideo.jp/watch/sm4088...<br/>振付:AKIRA様<br/>モーション:P-nez 様→https://www.nicovideo.jp/watch/sm4350...<br/>カメラ:Mizuha様→https://www.nicovideo.jp/watch/sm4353...<br/>モデル:MIy様<br/>ステージ:栗ごはん様<br/>アクセサリ:アスカ様,1274,https://www.acfun.cn/v/ac48870080,https://tx-free-imgs.acfun.cn/newUpload/6102_6a4dce20c9b74fa0bbdff3ccc0a73c5d.png?imageslim,AcFun,三日榜,three-days,hotlist,,2026-09-26 12:24:04
46,望眼欲穿【今天有什么好笑的 #2517】,：），谢谢大家的投蕉和点赞，祝你开心愉快~<br/>Wallpaper壁纸：雪山与女孩<br/>Bgm：あのね。,1911,https://www.acfun.cn/v/ac48872647,https://tx-free-imgs.acfun.cn/newUpload/383079_40beb913fd1a44d3afa053553d53b466.gif?imageslim,AcFun,三日榜,three-days,hotlist,,2026-09-26 12:24:04
47,如果我和她恋爱的话……,,1458,https://www.acfun.cn/v/ac48871545,https://tx-free-imgs.acfun.cn/newUpload/2277346_de526594356a4c9f90b71bf5823054e6.jpg?imageslim,AcFun,三日榜,three-days,hotlist,,2026-09-26 12:24:04
48,只有刀鸣最小丑？各大游戏千年血战联动盘点！,300英雄的含金量还在上升,1988,https://www.acfun.cn/v/ac48869154,https://tx-free-imgs.acfun.cn/newUpload/247671_7d920e56c00e4af39fed560bf094f965.jpeg?imageslim,AcFun,三日榜,three-days,hotlist,,2026-09-26 12:24:04
49,沙特反水，退出中国主导数字货币桥项目,,1525,https://www.acfun.cn/v/ac48873521,https://tx-free-imgs.acfun.cn/newUpload/43608832_667ff672cc3548f3bae31d62bb9e3f0e.jpeg?imageslim,AcFun,三日榜,three-days,hotlist,,2026-09-26 12:24:04
50,这套皮肤真的很喜欢,,1495,https://www.acfun.cn/v/ac48871657,https://tx-free-imgs.acfun.cn/newUpload/16380981_ac9640e59a3a42e093fcee0a0b81d474.jpg?imageslim,AcFun,三日榜,three-days,hotlist,,2026-09-26 12:24:04
1,剑戟战斗的巅峰 关卡内容的洼地 偏科严重的《鬼武者：剑之道》,它给人爽的部分是真的爽，但是在每次爽之前，你得堵不少马桶，先生。,4529,https://www.acfun.cn/v/ac48859506,https://tx-free-imgs.acfun.cn/newUpload/934542_5d98ad80ca9c4307b5cdc2051c11cb50.jpeg?imageslim,AcFun,周榜,week,hotlist,,2026-09-26 12:24:04
2,是谁点的小恶魔，蕉出来～,,6358,https://www.acfun.cn/v/ac48867778,https://tx-free-imgs.acfun.cn/newUpload/17062172_6098fee67d1748e0ab5dab3b5665736c.jpg?imageslim,AcFun,周榜,week,hotlist,,2026-09-26 12:24:04
3,跳最开心的一集,,3986,https://www.acfun.cn/v/ac48860571,https://tx-free-imgs.acfun.cn/newUpload/50330447_79a3f269514140c29e7a85fb7c9dc94c.jpg?imageslim,AcFun,周榜,week,hotlist,,2026-09-26 12:24:04
4,喜欢哪套？,,7149,https://www.acfun.cn/v/ac48861422,https://tx-free-imgs.acfun.cn/newUpload/3540234_729e0d22251f439da3735f26e58d174f.jpg?imageslim,AcFun,周榜,week,hotlist,,2026-09-26 12:24:04
5,娃：真遗憾，本来打算亲自告诉你们的,嘿嘿希望大家都万事顺意～心想事成,5146,https://www.acfun.cn/v/ac48871740,https://tx-free-imgs.acfun.cn/newUpload/17062172_d1a93166ed084e3aadac2fea4bba0707.jpg?imageslim,AcFun,周榜,week,hotlist,,2026-09-26 12:24:04
6,过期JK碎碎念！,家人们记得蕉一蕉捏 啾咪,5937,https://www.acfun.cn/v/ac48859219,https://tx-free-imgs.acfun.cn/newUpload/17062172_5dd6ea8b5f2741ff87f0911db6dfb909.jpg?imageslim,AcFun,周榜,week,hotlist,,2026-09-26 12:24:04
7,《野生动物迷惑行为》,喜欢请投蕉啊   谢谢啦！,2929,https://www.acfun.cn/v/ac48868360,https://tx-free-imgs.acfun.cn/newUpload/1342385_3fab348c538e4c0fa001871a708fe302.jpeg?imageslim,AcFun,周榜,week,hotlist,,2026-09-26 12:24:04
8,人间琴悠扬，姑娘把谁记心上～,,2733,https://www.acfun.cn/v/ac48863143,https://tx-free-imgs.acfun.cn/newUpload/50330447_938d77716a11477e843914663278ff07.jpg?imageslim,AcFun,周榜,week,hotlist,,2026-09-26 12:24:04
9,《动物迷惑行为大赏325》,喜欢请投蕉啊 谢谢啦！,2672,https://www.acfun.cn/v/ac48861293,https://tx-free-imgs.acfun.cn/newUpload/1342385_03080470038d444a95ce01ff6a6aeb9f.jpeg?imageslim,AcFun,周榜,week,hotlist,,2026-09-26 12:24:04
10,双马尾小女仆带来的情绪摇～,,4016,https://www.acfun.cn/v/ac48861966,https://tx-free-imgs.acfun.cn/newUpload/11361784_8cee0402b4754b1e82f85b7099791793.jpg?imageslim,AcFun,周榜,week,hotlist,,2026-09-26 12:24:04
11,帮Acer问一下，地址在哪里？欢乐八点档-1779,审核大大辛苦了！<br/>免费的香蕉投一下吧，没有那就点个赞吧，这对我来说很重要，谢谢！！！<br/>谢谢每一个投蕉的帅哥美女！你们是我坚持更新的动力！<br/>视频来自快手等平台，侵权联系删除！,4523,https://www.acfun.cn/v/ac48863633,https://tx-free-imgs.acfun.cn/newUpload/2176158_ff69c3c797d5414e8056b329918cc5b6.gif?imageslim,AcFun,周榜,week,hotlist,,2026-09-26 12:24:04
12,裸足圆脸仙女下凡～跳一曲千里邀月【可心喵】,,2494,https://www.acfun.cn/v/ac48872448,https://tx-free-imgs.acfun.cn/newUpload/12892608_6691690fd8e944278bda5d5390e1e5a9.jpg?imageslim,AcFun,周榜,week,hotlist,,2026-09-26 12:24:04
13,【绘图过程】《海边》6周年纪念插图过程,6周年纪念插图挂画（预售）、沙滩巾（预售），阿宝已上架,3391,https://www.acfun.cn/v/ac48836990,https://tx-free-imgs.acfun.cn/newUpload/179922_9f95aba039e84f3594c3947b3c8fdd58.jpeg?imageslim,AcFun,周榜,week,hotlist,,2026-09-26 12:24:04
14,还是少妇会的多啊！★手机竖屏2011★,审核大大辛苦了！<br/>谢谢每一个投蕉的帅哥美女！香蕉没有来个赞也好啊！<br/>视频来自快手等平台，侵权联系删除！,5259,https://www.acfun.cn/v/ac48864360,https://tx-free-imgs.acfun.cn/newUpload/2176158_3d4f199fd93640468e543b9ee25ac4c0.gif?imageslim,AcFun,周榜,week,hotlist,,2026-09-26 12:24:04
15,漫威金刚狼深陷争议！SweetBaby又毁一款？【绅批】,这算是DEI的历史遗留问题了，所有现在已经从sweetbaby离职的人，只要参与过游戏制作也会被署名（比如桥本和真）,2967,https://www.acfun.cn/v/ac48868810,https://tx-free-imgs.acfun.cn/newUpload/526850_ca1da1572b1d494a93e2f6bab46cf76b.jpeg?imageslim,AcFun,周榜,week,hotlist,,2026-09-26 12:24:04
16,因为害怕被讨厌 所以把自己藏起来了,,3231,https://www.acfun.cn/v/ac48871331,https://tx-free-imgs.acfun.cn/newUpload/11361784_3d4bd69b46f541e184c2922c24f09276.jpg?imageslim,AcFun,周榜,week,hotlist,,2026-09-26 12:24:04
17,我真的是来吃饭的！★手机竖屏2013★,审核大大辛苦了！<br/>谢谢每一个投蕉的帅哥美女！香蕉没有来个赞也好啊！<br/>视频来自快手等平台，侵权联系删除！,3935,https://www.acfun.cn/v/ac48869145,https://tx-free-imgs.acfun.cn/newUpload/2176158_eb4b69370b8f435aa2b171e72403d356.gif?imageslim,AcFun,周榜,week,hotlist,,2026-09-26 12:24:04
18,mr chu!!好怀念这首歌,,2149,https://www.acfun.cn/v/ac48869375,https://tx-free-imgs.acfun.cn/newUpload/16380981_19592eb83a88429695ee1a0508fc3df0.png?imageslim,AcFun,周榜,week,hotlist,,2026-09-26 12:24:04
19,网络上常见的热门短视频集锦   第三千四百三十八期,审核大大辛苦了！<br/>谢谢每一个投蕉的帅哥美女！香蕉没有来个赞也好啊！<br/>视频来自快手等平台，侵权联系删除！,4457,https://www.acfun.cn/v/ac48858394,https://tx-free-imgs.acfun.cn/newUpload/2176158_38174e72af934b9e86687045b01f0dd3.gif?imageslim,AcFun,周榜,week,hotlist,,2026-09-26 12:24:04
20,钓鱼佬是真会享受！欢乐八点档-1777,审核大大辛苦了！<br/>免费的香蕉投一下吧，没有那就点个赞吧，这对我来说很重要，谢谢！！！<br/>谢谢每一个投蕉的帅哥美女！你们是我坚持更新的动力！<br/>视频来自快手等平台，侵权联系删除！,4617,https://www.acfun.cn/v/ac48858969,https://tx-free-imgs.acfun.cn/newUpload/2176158_c9d74d926c4c4d709a4b6b7769dffcca.gif?imageslim,AcFun,周榜,week,hotlist,,2026-09-26 12:24:04
21,一波还未平息一波又来侵袭！★手机竖屏2010★,审核大大辛苦了！<br/>谢谢每一个投蕉的帅哥美女！香蕉没有来个赞也好啊！<br/>视频来自快手等平台，侵权联系删除！,4813,https://www.acfun.cn/v/ac48862013,https://tx-free-imgs.acfun.cn/newUpload/2176158_c4802142afc14d50b2cd775e67890cca.gif?imageslim,AcFun,周榜,week,hotlist,,2026-09-26 12:24:04
22,还是少妇会啊！！！★手机竖屏2009★,审核大大辛苦了！<br/>谢谢每一个投蕉的帅哥美女！香蕉没有来个赞也好啊！<br/>视频来自快手等平台，侵权联系删除！,4914,https://www.acfun.cn/v/ac48859515,https://tx-free-imgs.acfun.cn/newUpload/2176158_d4e9e6e30f4446319f9e720adfe35ef9.gif?imageslim,AcFun,周榜,week,hotlist,,2026-09-26 12:24:04
23,拜托了，夫人！★手机竖屏2014★,审核大大辛苦了！<br/>谢谢每一个投蕉的帅哥美女！香蕉没有来个赞也好啊！<br/>视频来自快手等平台，侵权联系删除！,3533,https://www.acfun.cn/v/ac48871493,https://tx-free-imgs.acfun.cn/newUpload/2176158_afaf0913878443b1bc00d636136ffce3.gif?imageslim,AcFun,周榜,week,hotlist,,2026-09-26 12:24:04
24,【AC娘】琵琶曲,原作者：Kotte Animation<br/>还有瑕疵，看个乐吧,3194,https://www.acfun.cn/v/ac48864492,https://tx-free-imgs.acfun.cn/newUpload/41729435_02cbd995b6d54f508eb21d3cb8621903.jpeg?imageslim,AcFun,周榜,week,hotlist,,2026-09-26 12:24:04
25,25年了，回坊天花板小酥肉，还是那个味儿,记忆中的味道，回来了，都回来了……<br/>一口椒麻一口鲜，大口吃肉，配上热腾腾的米饭，绝了。<br/>素三鲜也是无敌的存在！,2577,https://www.acfun.cn/v/ac48865538,https://tx-free-imgs.acfun.cn/newUpload/13765438_9bc4a0abf32a4c1aa3e83c844de84649.jpeg?imageslim,AcFun,周榜,week,hotlist,,2026-09-26 12:24:04
26,北京豆汁会惩罚每一个好奇的人！欢乐八点档-1780,审核大大辛苦了！<br/>免费的香蕉投一下吧，没有那就点个赞吧，这对我来说很重要，谢谢！！！<br/>谢谢每一个投蕉的帅哥美女！你们是我坚持更新的动力！<br/>视频来自快手等平台，侵权联系删除！,4507,https://www.acfun.cn/v/ac48865965,https://tx-free-imgs.acfun.cn/newUpload/2176158_ec83e6fb2ffc4005b41881ac13dbaeca.gif?imageslim,AcFun,周榜,week,hotlist,,2026-09-26 12:24:04
27,这样的学姐喜欢吗？欢乐八点档-1782,审核大大辛苦了！<br/>免费的香蕉投一下吧，没有那就点个赞吧，这对我来说很重要，谢谢！！！<br/>谢谢每一个投蕉的帅哥美女！你们是我坚持更新的动力！<br/>视频来自快手等平台，侵权联系删除！,3876,https://www.acfun.cn/v/ac48870057,https://tx-free-imgs.acfun.cn/newUpload/2176158_4c1f3b60f73e451abc443941d47305d8.gif?imageslim,AcFun,周榜,week,hotlist,,2026-09-26 12:24:04
28,拳击好啊，拳击得学！欢乐八点档-1781,审核大大辛苦了！<br/>免费的香蕉投一下吧，没有那就点个赞吧，这对我来说很重要，谢谢！！！<br/>谢谢每一个投蕉的帅哥美女！你们是我坚持更新的动力！<br/>视频来自快手等平台，侵权联系删除！,4197,https://www.acfun.cn/v/ac48868336,https://tx-free-imgs.acfun.cn/newUpload/2176158_3f6c601293a54468bae97f781440217b.gif?imageslim,AcFun,周榜,week,hotlist,,2026-09-26 12:24:04
29,女妖邪神凶宅索命，最惨主角逆天求生！克系神游《魔女屋中之梦》像素恐怖游戏详细讲述【深夜档】,如何在60天内，让洛夫克拉夫特小说中惨死的倒霉主角逆天改命？这位芬兰作者打造了一部又硬核又忠实的优秀克苏鲁游戏！入住阿卡姆百年凶宅的凡人主角沃尔特·吉尔曼，接连遭到人脸妖鼠，恐怖女巫，不可名状外神的侵袭。白天钻研神秘学知识，梦中游历邪恶异星。他将与密斯卡托尼克大学最强战神亨利·阿米蒂奇教授联手对抗邪神降世！这是一部真正将洛氏“宇宙恐怖”带入到日常，并忠实于原著的游戏，自由度超高且信息量惊人！我将细致地带各位体验这跌宕起伏的60天，看弱小的主角如何起死回生并拯救世界！,1544,https://www.acfun.cn/v/ac48872418,https://tx-free-imgs.acfun.cn/newUpload/817797_2631b7cf26c14c2fbbfb062962a775be.jpeg?imageslim,AcFun,周榜,week,hotlist,,2026-09-26 12:24:04
30,你的拳头真是肥嘟嘟的...,动漫：心灵的声音，作者：赵石【韩国】,2205,https://www.acfun.cn/v/ac48859870,https://tx-free-imgs.acfun.cn/newUpload/509259_2fa91d5206504450be471808d9c93a22.jpeg?imageslim,AcFun,周榜,week,hotlist,,2026-09-26 12:24:04
31,这个一字马技术含量很高啊！欢乐八点档-1778,审核大大辛苦了！<br/>免费的香蕉投一下吧，没有那就点个赞吧，这对我来说很重要，谢谢！！！<br/>谢谢每一个投蕉的帅哥美女！你们是我坚持更新的动力！<br/>视频来自快手等平台，侵权联系删除！,4406,https://www.acfun.cn/v/ac48861225,https://tx-free-imgs.acfun.cn/newUpload/2176158_0824627cb76d40dc99ce9cb12c07e4cc.gif?imageslim,AcFun,周榜,week,hotlist,,2026-09-26 12:24:04
32,网络上常见的热门短视频集锦   第三千四百四十五期,审核大大辛苦了！<br/>谢谢每一个投蕉的帅哥美女！香蕉没有来个赞也好啊！<br/>视频来自快手等平台，侵权联系删除！,3976,https://www.acfun.cn/v/ac48866824,https://tx-free-imgs.acfun.cn/newUpload/2176158_dba921eb42f14c7ba31a1af83bfe71ce.gif?imageslim,AcFun,周榜,week,hotlist,,2026-09-26 12:24:04
33,琵琶曲丨夜神月 VS  L,原曲：琵琶曲,2274,https://www.acfun.cn/v/ac48861693,https://tx-free-imgs.acfun.cn/newUpload/16986934_3bf4dd94910c4845acf851f7f0fdb757.jpeg?imageslim,AcFun,周榜,week,hotlist,,2026-09-26 12:24:04
34,网络上常见的热门短视频集锦   第三千四百四十一期,审核大大辛苦了！<br/>谢谢每一个投蕉的帅哥美女！香蕉没有来个赞也好啊！<br/>视频来自快手等平台，侵权联系删除！,4213,https://www.acfun.cn/v/ac48862019,https://tx-free-imgs.acfun.cn/newUpload/2176158_6e5a88d95f344d92a8d97a57f03ac4b9.gif?imageslim,AcFun,周榜,week,hotlist,,2026-09-26 12:24:04
35,空中瑜伽！！！★手机竖屏2012★,审核大大辛苦了！<br/>谢谢每一个投蕉的帅哥美女！香蕉没有来个赞也好啊！<br/>视频来自快手等平台，侵权联系删除！,4496,https://www.acfun.cn/v/ac48866821,https://tx-free-imgs.acfun.cn/newUpload/2176158_610807af48f5463a891fc9f341c9b16f.gif?imageslim,AcFun,周榜,week,hotlist,,2026-09-26 12:24:04
36,厨师长教你：“鱼香肉丝”的家常做法，酸甜微辣，口感丰富,,2070,https://www.acfun.cn/v/ac48867741,https://tx-free-imgs.acfun.cn/newUpload/13274260_93e68d1098d04ffca2683655a6a404c2.jpeg?imageslim,AcFun,周榜,week,hotlist,,2026-09-26 12:24:04
37,和我一起健身吧！！！欢乐八点档-1783,审核大大辛苦了！<br/>免费的香蕉投一下吧，没有那就点个赞吧，这对我来说很重要，谢谢！！！<br/>谢谢每一个投蕉的帅哥美女！你们是我坚持更新的动力！<br/>视频来自快手等平台，侵权联系删除！,2689,https://www.acfun.cn/v/ac48872699,https://tx-free-imgs.acfun.cn/newUpload/2176158_e379c7202d2e43029e07ad17f40cab19.gif?imageslim,AcFun,周榜,week,hotlist,,2026-09-26 12:24:04
38,一天生产500万个！速冻水饺是如何制造出来的？,,2168,https://www.acfun.cn/v/ac48859253,https://tx-free-imgs.acfun.cn/newUpload/19281632_57f07fe28e24422d948491fd2d43586c.jpeg?imageslim,AcFun,周榜,week,hotlist,,2026-09-26 12:24:04
39,网络上常见的热门短视频集锦   第三千四百三十九期,审核大大辛苦了！<br/>谢谢每一个投蕉的帅哥美女！香蕉没有来个赞也好啊！<br/>视频来自快手等平台，侵权联系删除！,4060,https://www.acfun.cn/v/ac48859518,https://tx-free-imgs.acfun.cn/newUpload/2176158_13f61f1aa39c4732bdaeed87fe0e28a4.gif?imageslim,AcFun,周榜,week,hotlist,,2026-09-26 12:24:04
40,今夜的风悄悄月悄悄~,,2432,https://www.acfun.cn/v/ac48873434,https://tx-free-imgs.acfun.cn/newUpload/23512715_0f364b6606dd467ab9975ffef5af1b29.jpg?imageslim,AcFun,周榜,week,hotlist,,2026-09-26 12:24:04
41,今天你不能嫁出去【今天有什么好笑的 #2514】,：)，谢谢大家，祝你们开心。<br/>wallpaper壁纸：Fading Astronaut 5K (update)<br/>BGM：I Want It That Way,2924,https://www.acfun.cn/v/ac48865864,https://tx-free-imgs.acfun.cn/newUpload/383079_ee4f5f7badf74f05a2ef6c691387f327.gif?imageslim,AcFun,周榜,week,hotlist,,2026-09-26 12:24:04
42,【锅锅x怀瑜x阔落】千里邀月——共饮此杯赏此月，夜好眠,中秋到了，和姐妹们合唱了千里邀月~~<br/>乐：可乐祝大家身体健康，永不加班，月圆人团圆<br/>鱼：怀瑜愿诸位财源广进，常能摸鱼，花好月更圆<br/>锅：锅锅祝大家桂香满锅，早归赏月，饼甜心更甜<br/>祝大家中秋快乐~,1891,https://www.acfun.cn/v/ac48871580,https://tx-free-imgs.acfun.cn/newUpload/67206930_e47be8dbac2546e1b5a4a831e71dabe4.jpeg?imageslim,AcFun,周榜,week,hotlist,,2026-09-26 12:24:04
43,嘴角压不住了【今天有什么好笑的 #2515】,：），谢谢大家的投蕉和点赞，祝你开心愉快~<br/>wallpaper壁纸：Genshin 神里绫华<br/>BGM：Wake me up when september ends,2448,https://www.acfun.cn/v/ac48868130,https://tx-free-imgs.acfun.cn/newUpload/383079_ef65121591434d2b86d53db1622776cd.gif?imageslim,AcFun,周榜,week,hotlist,,2026-09-26 12:24:04
44,现在电脑不好卖了，以后我们出租AI机器人吧,,2449,https://www.acfun.cn/v/ac48867767,https://tx-free-imgs.acfun.cn/newUpload/17928_c684f06231604145b533a0f00627c624.png?imageslim,AcFun,周榜,week,hotlist,,2026-09-26 12:24:04
45,【东方】推特东方小视频选集 第272期,睡觉睡觉睡觉睡觉睡觉睡觉睡觉睡觉睡觉睡觉……,1410,https://www.acfun.cn/v/ac48858830,https://tx-free-imgs.acfun.cn/newUpload/6102_5a13d6efeec742ff84c512206aaeb7b0.jpeg?imageslim,AcFun,周榜,week,hotlist,,2026-09-26 12:24:04
46,甜妹来袭！,,2174,https://www.acfun.cn/v/ac48863947,https://tx-free-imgs.acfun.cn/newUpload/12439728_1fd5a3c6e60241a1a1cd8f89dbede769.png?imageslim,AcFun,周榜,week,hotlist,,2026-09-26 12:24:04
47,网络上常见的热门短视频集锦   第三千四百四十三期,审核大大辛苦了！<br/>谢谢每一个投蕉的帅哥美女！香蕉没有来个赞也好啊！<br/>视频来自快手等平台，侵权联系删除！,3682,https://www.acfun.cn/v/ac48864363,https://tx-free-imgs.acfun.cn/newUpload/2176158_dfef22dbf6934a15a594e5766b8680ca.gif?imageslim,AcFun,周榜,week,hotlist,,2026-09-26 12:24:04
48,姛姛？！蝴蝶耳机Manget中文翻唱【箐羽Hane】x【缇若柯Teivoc】,“是否你确实表里如一淡然，还是说你——并不似我贪婪？”<br/>《Manget》磁石 / 蝴蝶耳机 - 中文翻唱<br/>原作作曲 / 流星P<br/>曲绘&翻唱 / 箐羽hane & 缇若柯Teivoc<br/>中文填词 / 果汁凉菜<br/>混音 / 风尘<br/>和笋笋一起唱了我们二次元姛神曲！曲绘也是我和笋笋每个人负责了自己的部分最后再拼到一起的！真好！( *^ ^)o(^ ^* )希望大家也能喜欢！,1642,https://www.acfun.cn/v/ac48869340,https://tx-free-imgs.acfun.cn/newUpload/67511609_d868cdbd6b1849e8958696cdc9db1493.jpeg?imageslim,AcFun,周榜,week,hotlist,,2026-09-26 12:24:04
49,网络上常见的热门短视频集锦   第三千四百四十四期,审核大大辛苦了！<br/>谢谢每一个投蕉的帅哥美女！香蕉没有来个赞也好啊！<br/>视频来自快手等平台，侵权联系删除！,3579,https://www.acfun.cn/v/ac48865021,https://tx-free-imgs.acfun.cn/newUpload/2176158_663463f1e6004dc2b4dea153d1e60c05.gif?imageslim,AcFun,周榜,week,hotlist,,2026-09-26 12:24:04
50,嘞个就是爱情【今天有什么好笑的 #2512】,：），谢谢大家的投蕉和点赞，祝你开心愉快~<br/>wallpaper壁纸：lamp<br/>BGM：What a Feeling,2458,https://www.acfun.cn/v/ac48860992,https://tx-free-imgs.acfun.cn/newUpload/383079_172d192fee55441c96b7352f61e0a25f.gif?imageslim,AcFun,周榜,week,hotlist,,2026-09-26 12:24:04
1,裸足圆脸仙女下凡～跳一曲千里邀月【可心喵】,,2538,https://www.acfun.cn/v/ac48872448,https://tx-free-imgs.acfun.cn/newUpload/12892608_6691690fd8e944278bda5d5390e1e5a9.jpg?imageslim,AcFun,日榜,day,hotlist,,2026-09-26 13:20:34
2,女妖邪神凶宅索命，最惨主角逆天求生！克系神游《魔女屋中之梦》像素恐怖游戏详细讲述【深夜档】,如何在60天内，让洛夫克拉夫特小说中惨死的倒霉主角逆天改命？这位芬兰作者打造了一部又硬核又忠实的优秀克苏鲁游戏！入住阿卡姆百年凶宅的凡人主角沃尔特·吉尔曼，接连遭到人脸妖鼠，恐怖女巫，不可名状外神的侵袭。白天钻研神秘学知识，梦中游历邪恶异星。他将与密斯卡托尼克大学最强战神亨利·阿米蒂奇教授联手对抗邪神降世！这是一部真正将洛氏“宇宙恐怖”带入到日常，并忠实于原著的游戏，自由度超高且信息量惊人！我将细致地带各位体验这跌宕起伏的60天，看弱小的主角如何起死回生并拯救世界！,1594,https://www.acfun.cn/v/ac48872418,https://tx-free-imgs.acfun.cn/newUpload/817797_2631b7cf26c14c2fbbfb062962a775be.jpeg?imageslim,AcFun,日榜,day,hotlist,,2026-09-26 13:20:34
3,和我一起健身吧！！！欢乐八点档-1783,审核大大辛苦了！<br/>免费的香蕉投一下吧，没有那就点个赞吧，这对我来说很重要，谢谢！！！<br/>谢谢每一个投蕉的帅哥美女！你们是我坚持更新的动力！<br/>视频来自快手等平台，侵权联系删除！,2848,https://www.acfun.cn/v/ac48872699,https://tx-free-imgs.acfun.cn/newUpload/2176158_e379c7202d2e43029e07ad17f40cab19.gif?imageslim,AcFun,日榜,day,hotlist,,2026-09-26 13:20:34
4,今夜的风悄悄月悄悄~,,2594,https://www.acfun.cn/v/ac48873434,https://tx-free-imgs.acfun.cn/newUpload/23512715_0f364b6606dd467ab9975ffef5af1b29.jpg?imageslim,AcFun,日榜,day,hotlist,,2026-09-26 13:20:34
5,【4K超高清】「JOJO的奇妙冒险 飙马野郎」第2话,,5271,https://www.acfun.cn/v/ac48872740,https://tx-free-imgs.acfun.cn/newUpload/72840608_a526e08904d049d2b38ce5f38bd71e63.jpeg?imageslim,AcFun,日榜,day,hotlist,,2026-09-26 13:20:34
6,短裙挑战！超长翻跳一次看个够~【生日作】,,1693,https://www.acfun.cn/v/ac48872675,https://tx-free-imgs.acfun.cn/newUpload/32485245_415db634556140d1841e2ebb4c0d9371.jpeg?imageslim,AcFun,日榜,day,hotlist,,2026-09-26 13:20:34
7,网络上常见的热门短视频集锦   第三千四百四十九期,审核大大辛苦了！<br/>谢谢每一个投蕉的帅哥美女！香蕉没有来个赞也好啊！<br/>视频来自快手等平台，侵权联系删除！,2905,https://www.acfun.cn/v/ac48871496,https://tx-free-imgs.acfun.cn/newUpload/2176158_cf20f7722011491da25ce2efbc799dba.gif?imageslim,AcFun,日榜,day,hotlist,,2026-09-26 13:20:34
8,网络上常见的热门短视频集锦   第三千四百五十期,审核大大辛苦了！<br/>谢谢每一个投蕉的帅哥美女！香蕉没有来个赞也好啊！<br/>视频来自快手等平台，侵权联系删除！,2895,https://www.acfun.cn/v/ac48872279,https://tx-free-imgs.acfun.cn/newUpload/2176158_a96ecd95394b4517928ac111407f75b1.gif?imageslim,AcFun,日榜,day,hotlist,,2026-09-26 13:20:34
9,空姐OL~第57次取消发送,中秋节快乐,1809,https://www.acfun.cn/v/ac48872674,https://tx-free-imgs.acfun.cn/newUpload/14539629_46621bdc88a44c63be63172c5ba6cb6a.jpeg?imageslim,AcFun,日榜,day,hotlist,,2026-09-26 13:20:34
10,【东方/汉化】咲夜带你了解汉字【MMD搞笑小剧场】,作者：クローバー,1297,https://www.acfun.cn/v/ac48872652,https://tx-free-imgs.acfun.cn/newUpload/6102_8b2072189ecb4044a7de95bb450d02ed.jpeg?imageslim,AcFun,日榜,day,hotlist,,2026-09-26 13:20:34
11,望眼欲穿【今天有什么好笑的 #2517】,：），谢谢大家的投蕉和点赞，祝你开心愉快~<br/>Wallpaper壁纸：雪山与女孩<br/>Bgm：あのね。,1934,https://www.acfun.cn/v/ac48872647,https://tx-free-imgs.acfun.cn/newUpload/383079_40beb913fd1a44d3afa053553d53b466.gif?imageslim,AcFun,日榜,day,hotlist,,2026-09-26 13:20:34
12,沙特反水，退出中国主导数字货币桥项目,,1573,https://www.acfun.cn/v/ac48873521,https://tx-free-imgs.acfun.cn/newUpload/43608832_667ff672cc3548f3bae31d62bb9e3f0e.jpeg?imageslim,AcFun,日榜,day,hotlist,,2026-09-26 13:20:34
13,如果我和她恋爱的话……,,1477,https://www.acfun.cn/v/ac48871545,https://tx-free-imgs.acfun.cn/newUpload/2277346_de526594356a4c9f90b71bf5823054e6.jpg?imageslim,AcFun,日榜,day,hotlist,,2026-09-26 13:20:34
14,两段不伦恋 15年复仇路《老男孩》吴大秀我的折磨可是一辈子,本期带来《老男孩》50分钟 国庆要到了，铁粉都知道背包住在网红街道 小长假根本没法做节目，阿杰提意带着各自父母一起出去玩几天 所以这几天会加急看看能不能赶出来一期，实再不行就小长假后更新咯，中秋国庆都祝小伙伴开心快乐！,1226,https://www.acfun.cn/v/ac48871285,https://tx-free-imgs.acfun.cn/newUpload/6894185_ab259859c7df40d1b092d2e828bf38e5.jpeg?imageslim,AcFun,日榜,day,hotlist,,2026-09-26 13:20:34
15,我终于明白什么都不缺的含金量！,,1249,https://www.acfun.cn/v/ac48872781,https://tx-free-imgs.acfun.cn/newUpload/6177430_06f5f9b03edd4f73a3dfeba4cf78db16.jpeg?imageslim,AcFun,日榜,day,hotlist,,2026-09-26 13:20:34
16,忘情牛肉面,,1486,https://www.acfun.cn/v/ac48873433,https://tx-free-imgs.acfun.cn/newUpload/11361784_6fe659c9e31e428c8b700a04d46742fd.jpg?imageslim,AcFun,日榜,day,hotlist,,2026-09-26 13:20:34
17,“原来和思念的人相见，就是人们常说的团圆” | 愿年年有今夜《妙妙人间》,「愿岁岁年年有此夜。」<br/>To : 虽然隔着屏幕，但同一轮月亮也让我们团圆在这里。中秋快乐呀~<br/>==========<br/>《妙妙人间》<br/>原唱：张含韵<br/>混音：饭団子p<br/>翻唱&视频：露纱琳黛,1148,https://www.acfun.cn/v/ac48871599,https://tx-free-imgs.acfun.cn/newUpload/69790459_0b53ce48e1c7437c9bdd3cf45d53de8f.jpeg?imageslim,AcFun,日榜,day,hotlist,,2026-09-26 13:20:34
18,想和你一起赏月𐔌՞ ܸ.ˬ.ܸ՞𐦯千里邀月,,1168,https://www.acfun.cn/v/ac48873207,https://tx-free-imgs.acfun.cn/newUpload/57336445_c7d705d3782c4b0193b62c6d02e43748.jpg?imageslim,AcFun,日榜,day,hotlist,,2026-09-26 13:20:34
19,【官方中字】SBR JOJO的奇妙冒险 飙马野郎 2nd＆3rd STAGE 第二集,,2032,https://www.acfun.cn/v/ac48872883,https://tx-free-imgs.acfun.cn/newUpload/30501027_27e89cd7cd684f01a120b8ec666a3896.png?imageslim,AcFun,日榜,day,hotlist,,2026-09-26 13:20:34
20,香煎盐焗鸡｜简单到不可能失败，外焦里嫩巨好吃,,1221,https://www.acfun.cn/v/ac48870521,https://tx-free-imgs.acfun.cn/newUpload/1383198_a8487ee2fe9849dc9807f9da5d193fb1.jpeg?imageslim,AcFun,日榜,day,hotlist,,2026-09-26 13:20:34
21,【绘画过程】9月保底《金秋》,大家中秋快乐！<br/>本月的保底是百贴布~ 某宝同步预售。,1647,https://www.acfun.cn/v/ac48872808,https://tx-free-imgs.acfun.cn/newUpload/179922_630934cb2f3245e5a4a4020570f61eca.png?imageslim,AcFun,日榜,day,hotlist,,2026-09-26 13:20:34
22,【1080P.奇幻冒险】JOJO的奇妙冒险 飙马野郎 (2026)第七季 第二集,1890年，一场世纪大赛“SBR”于美国举开。全长共6000公里，是人类史上第一场骑乘马匹横越北美大陆的比赛！为了拿下高达5千万美元（60亿日元）的冠军奖金，一群强悍的冒险家们正式展开了他们的争战！,2122,https://www.acfun.cn/v/ac48872840,https://tx-free-imgs.acfun.cn/newUpload/903432_bb4a52ee7e3e42cc853e5ff0b8a21e0d.png?imageslim,AcFun,日榜,day,hotlist,,2026-09-26 13:20:34
23,新肤色超辣！,,1421,https://www.acfun.cn/v/ac48863964,https://tx-free-imgs.acfun.cn/newUpload/12439728_70c7284ba2724c048fb5266f61c33e34.png?imageslim,AcFun,日榜,day,hotlist,,2026-09-26 13:20:34
24,彩礼十万，你给二十万什么意思？★手机竖屏2015★,审核大大辛苦了！<br/>谢谢每一个投蕉的帅哥美女！香蕉没有来个赞也好啊！<br/>视频来自快手等平台，侵权联系删除！,1378,https://www.acfun.cn/v/ac48873346,https://tx-free-imgs.acfun.cn/newUpload/2176158_b118313c0ec044bba95e256fe492e589.gif?imageslim,AcFun,日榜,day,hotlist,,2026-09-26 13:20:34
25,三周摧毁美国东海岸，绿色流感为何无法阻止？【求生之路剧情解析+涂鸦翻译】,刺骨寒溪和最后一战的涂鸦和官方剧情联系不大，因此没有放在视频中；<br/>前面的内容感觉都有点多余，最后的涂鸦翻译才是本体。<br/><br/>,1402,https://www.acfun.cn/v/ac48867996,https://tx-free-imgs.acfun.cn/newUpload/1020536_15195e7242e247fb9dc7a625a61a3662.jpeg?imageslim,AcFun,日榜,day,hotlist,,2026-09-26 13:20:34
26,加息概率90%：美联储或将亲手刺破AI泡沫,,1323,https://www.acfun.cn/v/ac48873517,https://tx-free-imgs.acfun.cn/newUpload/43608832_8d2f86fa2183404c842a39cc3e7b18b0.jpeg?imageslim,AcFun,日榜,day,hotlist,,2026-09-26 13:20:34
27,【柯基】《金风玉露》～～～晚风啊～～～,,1204,https://www.acfun.cn/v/ac48872627,https://tx-free-imgs.acfun.cn/newUpload/29493245_88171143b6bd4aa6885743ffe64d6584.png?imageslim,AcFun,日榜,day,hotlist,,2026-09-26 13:20:34
28,【夏雅】Don t let go of my hand.,,1687,https://www.acfun.cn/v/ac48873108,https://tx-free-imgs.acfun.cn/newUpload/16279345_4e8e1897539648e8869f4815f9bd1572.jpg?imageslim,AcFun,日榜,day,hotlist,,2026-09-26 13:20:34
29,中秋节快乐呀！！,,1087,https://www.acfun.cn/v/ac48872753,https://tx-free-imgs.acfun.cn/newUpload/25756908_e40f0ac3bdb34aa6a05629d19ec12f7c.png?imageslim,AcFun,日榜,day,hotlist,,2026-09-26 13:20:34
30,拼凑的断音,动作有做方向上的一些改动等<br/>歌曲：拼凑的断音-（舞蹈：あおい aoi とみたけ tomitake）,1168,https://www.acfun.cn/v/ac48871758,https://tx-free-imgs.acfun.cn/newUpload/12229455_ccda2f5ac69244d1aa813dc04c9a63d5.jpeg?imageslim,AcFun,日榜,day,hotlist,,2026-09-26 13:20:34
31,"宙斯神王也会是这战绩？快速看完一局韩服王者斗殴局#837 Zeus, Racoon, Clozer,","宙斯神王也会是这战绩？快速看完一局韩服王者斗殴局#837 Zeus, Racoon, Clozer, Wenbo, Canyon, 叶秋枫 <br/>BGM:https://music.163.com/playlist?id=650818240&userid=30476594",1322,https://www.acfun.cn/v/ac48865858,https://tx-free-imgs.acfun.cn/newUpload/1378726_0477a53ac6df4eb3b611b241b6a08941.jpeg?imageslim,AcFun,日榜,day,hotlist,,2026-09-26 13:20:34
32,石头剪刀布卖个萌,难得假期来凡人线下嘉年华cos了一下银月，玩得很开心，不知道有没有碰到我的道友～,1162,https://www.acfun.cn/v/ac48873212,https://tx-free-imgs.acfun.cn/newUpload/12229455_c6e4220d0d7c41e2b5d489a9386cbe72.png?imageslim,AcFun,日榜,day,hotlist,,2026-09-26 13:20:34
33,Acfun评论才是本体啊2026年8月和九月,香蕉点赞来一点哦，,1061,https://www.acfun.cn/v/ac48872845,https://tx-free-imgs.acfun.cn/newUpload/36839617_4ce9b7b878c344edbc971706d81900cc.jpeg?imageslim,AcFun,日榜,day,hotlist,,2026-09-26 13:20:34
34,【猪肝来也】one love,,1129,https://www.acfun.cn/v/ac48873230,https://tx-free-imgs.acfun.cn/newUpload/4599324_253057be5bbe40d1b82d24222d803ec4.jpg?imageslim,AcFun,日榜,day,hotlist,,2026-09-26 13:20:34
35,【绝望女神/翻唱】【火影忍者 ED1 Wind】,想听啥继续评论回复~,1024,https://www.acfun.cn/v/ac48873021,https://tx-free-imgs.acfun.cn/newUpload/20705199_4163259e9c314ff193a9aac80be14188.jpeg?imageslim,AcFun,日榜,day,hotlist,,2026-09-26 13:20:34
36,这身衣服跳什么都好帅啊！哈哈哈,,1130,https://www.acfun.cn/v/ac48872819,https://tx-free-imgs.acfun.cn/newUpload/16380981_3be481ccc3bd44c3a12928fa1f84b25e.png?imageslim,AcFun,日榜,day,hotlist,,2026-09-26 13:20:34
37,恶魔想成为你的家人！请交出性命！阴间电视台！越南模拟恐怖APTV EP6,喜欢记得关注五蕉~谢谢支持~！,1044,https://www.acfun.cn/v/ac48871608,https://tx-free-imgs.acfun.cn/newUpload/26364938_c8b3f3a89c5d45989f596c7abadfe5de.jpeg?imageslim,AcFun,日榜,day,hotlist,,2026-09-26 13:20:34
38,告女子书！,,1070,https://www.acfun.cn/v/ac48872722,https://tx-free-imgs.acfun.cn/newUpload/16380981_45b2d4d6fdb34b34876bc5e8fcdaca47.png?imageslim,AcFun,日榜,day,hotlist,,2026-09-26 13:20:34
39,十几万买台“莲花”，行吗？,,1162,https://www.acfun.cn/v/ac48872934,https://tx-free-imgs.acfun.cn/newUpload/14288157_b6f51fa0cabc4a0fa6b69c8bffff34ea.jpeg?imageslim,AcFun,日榜,day,hotlist,,2026-09-26 13:20:34
40,明月几时有？我想有时就有～,,1033,https://www.acfun.cn/v/ac48872948,https://tx-free-imgs.acfun.cn/newUpload/31922015_3de6c615f9d24a4ab766c9c22f19d8ed.jpg?imageslim,AcFun,日榜,day,hotlist,,2026-09-26 13:20:34
41,open the door,,1323,https://www.acfun.cn/v/ac48873110,https://tx-free-imgs.acfun.cn/newUpload/79951_cacbb88182cb435a99a97d446363fa53.jpg?imageslim,AcFun,日榜,day,hotlist,,2026-09-26 13:20:34
42,十月新番最爽厕纸！男主化身黄毛！转生夺走原主的女友们！？,十月新番最爽厕纸！男主化身黄毛！转生夺走原主的女友们！？,1232,https://www.acfun.cn/v/ac48873035,https://tx-free-imgs.acfun.cn/newUpload/13467496_1abceb83c1454743bcb9d4abcf823669.jpeg?imageslim,AcFun,日榜,day,hotlist,,2026-09-26 13:20:34
43,TGS现场女玩家击败虎牢关吕布【真三国无双2with猛将传】复刻版,Up主现场实拍TGS2026《真三国无双2with猛将传】复刻版现场试玩,1137,https://www.acfun.cn/v/ac48873376,https://tx-free-imgs.acfun.cn/newUpload/17097644_3295b46ed232444db8c34ee0206b58a7.png?imageslim,AcFun,日榜,day,hotlist,,2026-09-26 13:20:34
44,又何尝不是一种很新的花灯...,胶佬过中秋有自己的灯笼！其实是万代的MEGX独角兽换了灯组嘻嘻～双节快乐！,1105,https://www.acfun.cn/v/ac48873084,https://tx-free-imgs.acfun.cn/newUpload/13449743_b5143a98667f48bdb3f046459ee13864.jpeg?imageslim,AcFun,日榜,day,hotlist,,2026-09-26 13:20:34
45,【cheerup+快乐指南+nobody】跑调的人去KTV就蹦哒呗～,,907,https://www.acfun.cn/v/ac48872721,https://tx-free-imgs.acfun.cn/newUpload/31922015_51babcf260aa4990ade2ad884f023973.jpg?imageslim,AcFun,日榜,day,hotlist,,2026-09-26 13:20:34
46,嘀，纣王体验卡,,1183,https://www.acfun.cn/v/ac48872737,https://tx-free-imgs.acfun.cn/newUpload/77181154_7c7593de7b584caebd43b4bb4e8dc517.png?imageslim,AcFun,日榜,day,hotlist,,2026-09-26 13:20:34
47,【甲鱼的旅法十年】迷你专辑《心之所往的创作背景,,796,https://www.acfun.cn/v/ac48872771,https://tx-free-imgs.acfun.cn/newUpload/44128996_e3793329f00e48dc80645b417f8ea4d9.png?imageslim,AcFun,日榜,day,hotlist,,2026-09-26 13:20:34
48,真嫩啊，这鱼头肉,干饭,1058,https://www.acfun.cn/v/ac48872520,https://tx-free-imgs.acfun.cn/newUpload/25980011_e06de3d5eb114677b4b50284d921f33c.png?imageslim,AcFun,日榜,day,hotlist,,2026-09-26 13:20:34
49,绝顶性感黑丝兔女郎｜大摆锤舞蹈翻跳正面版,,1352,https://www.acfun.cn/v/ac48872667,https://tx-free-imgs.acfun.cn/newUpload/28629507_7fbcce0fdec9424f9538c9354fd61371.png?imageslim,AcFun,日榜,day,hotlist,,2026-09-26 13:20:34
50,BESTiE -Love Options 恋爱的条件,,1183,https://www.acfun.cn/v/ac48873408,https://tx-free-imgs.acfun.cn/newUpload/795184_af41ad4bed1648c8983feb1bf7558c11.jpeg?imageslim,AcFun,日榜,day,hotlist,,2026-09-26 13:20:34
1,娃：真遗憾，本来打算亲自告诉你们的,嘿嘿希望大家都万事顺意～心想事成,5315,https://www.acfun.cn/v/ac48871740,https://tx-free-imgs.acfun.cn/newUpload/17062172_d1a93166ed084e3aadac2fea4bba0707.jpg?imageslim,AcFun,三日榜,three-days,hotlist,,2026-09-26 13:20:34
2,《野生动物迷惑行为》,喜欢请投蕉啊   谢谢啦！,2936,https://www.acfun.cn/v/ac48868360,https://tx-free-imgs.acfun.cn/newUpload/1342385_3fab348c538e4c0fa001871a708fe302.jpeg?imageslim,AcFun,三日榜,three-days,hotlist,,2026-09-26 13:20:34
3,裸足圆脸仙女下凡～跳一曲千里邀月【可心喵】,,2538,https://www.acfun.cn/v/ac48872448,https://tx-free-imgs.acfun.cn/newUpload/12892608_6691690fd8e944278bda5d5390e1e5a9.jpg?imageslim,AcFun,三日榜,three-days,hotlist,,2026-09-26 13:20:34
4,漫威金刚狼深陷争议！SweetBaby又毁一款？【绅批】,这算是DEI的历史遗留问题了，所有现在已经从sweetbaby离职的人，只要参与过游戏制作也会被署名（比如桥本和真）,2979,https://www.acfun.cn/v/ac48868810,https://tx-free-imgs.acfun.cn/newUpload/526850_ca1da1572b1d494a93e2f6bab46cf76b.jpeg?imageslim,AcFun,三日榜,three-days,hotlist,,2026-09-26 13:20:34
5,因为害怕被讨厌 所以把自己藏起来了,,3235,https://www.acfun.cn/v/ac48871331,https://tx-free-imgs.acfun.cn/newUpload/11361784_3d4bd69b46f541e184c2922c24f09276.jpg?imageslim,AcFun,三日榜,three-days,hotlist,,2026-09-26 13:20:34
6,我真的是来吃饭的！★手机竖屏2013★,审核大大辛苦了！<br/>谢谢每一个投蕉的帅哥美女！香蕉没有来个赞也好啊！<br/>视频来自快手等平台，侵权联系删除！,3957,https://www.acfun.cn/v/ac48869145,https://tx-free-imgs.acfun.cn/newUpload/2176158_eb4b69370b8f435aa2b171e72403d356.gif?imageslim,AcFun,三日榜,three-days,hotlist,,2026-09-26 13:20:34
7,mr chu!!好怀念这首歌,,2150,https://www.acfun.cn/v/ac48869375,https://tx-free-imgs.acfun.cn/newUpload/16380981_19592eb83a88429695ee1a0508fc3df0.png?imageslim,AcFun,三日榜,three-days,hotlist,,2026-09-26 13:20:34
8,女妖邪神凶宅索命，最惨主角逆天求生！克系神游《魔女屋中之梦》像素恐怖游戏详细讲述【深夜档】,如何在60天内，让洛夫克拉夫特小说中惨死的倒霉主角逆天改命？这位芬兰作者打造了一部又硬核又忠实的优秀克苏鲁游戏！入住阿卡姆百年凶宅的凡人主角沃尔特·吉尔曼，接连遭到人脸妖鼠，恐怖女巫，不可名状外神的侵袭。白天钻研神秘学知识，梦中游历邪恶异星。他将与密斯卡托尼克大学最强战神亨利·阿米蒂奇教授联手对抗邪神降世！这是一部真正将洛氏“宇宙恐怖”带入到日常，并忠实于原著的游戏，自由度超高且信息量惊人！我将细致地带各位体验这跌宕起伏的60天，看弱小的主角如何起死回生并拯救世界！,1594,https://www.acfun.cn/v/ac48872418,https://tx-free-imgs.acfun.cn/newUpload/817797_2631b7cf26c14c2fbbfb062962a775be.jpeg?imageslim,AcFun,三日榜,three-days,hotlist,,2026-09-26 13:20:34
9,拜托了，夫人！★手机竖屏2014★,审核大大辛苦了！<br/>谢谢每一个投蕉的帅哥美女！香蕉没有来个赞也好啊！<br/>视频来自快手等平台，侵权联系删除！,3572,https://www.acfun.cn/v/ac48871493,https://tx-free-imgs.acfun.cn/newUpload/2176158_afaf0913878443b1bc00d636136ffce3.gif?imageslim,AcFun,三日榜,three-days,hotlist,,2026-09-26 13:20:34
10,这样的学姐喜欢吗？欢乐八点档-1782,审核大大辛苦了！<br/>免费的香蕉投一下吧，没有那就点个赞吧，这对我来说很重要，谢谢！！！<br/>谢谢每一个投蕉的帅哥美女！你们是我坚持更新的动力！<br/>视频来自快手等平台，侵权联系删除！,3895,https://www.acfun.cn/v/ac48870057,https://tx-free-imgs.acfun.cn/newUpload/2176158_4c1f3b60f73e451abc443941d47305d8.gif?imageslim,AcFun,三日榜,three-days,hotlist,,2026-09-26 13:20:34
11,拳击好啊，拳击得学！欢乐八点档-1781,审核大大辛苦了！<br/>免费的香蕉投一下吧，没有那就点个赞吧，这对我来说很重要，谢谢！！！<br/>谢谢每一个投蕉的帅哥美女！你们是我坚持更新的动力！<br/>视频来自快手等平台，侵权联系删除！,4209,https://www.acfun.cn/v/ac48868336,https://tx-free-imgs.acfun.cn/newUpload/2176158_3f6c601293a54468bae97f781440217b.gif?imageslim,AcFun,三日榜,three-days,hotlist,,2026-09-26 13:20:34
12,和我一起健身吧！！！欢乐八点档-1783,审核大大辛苦了！<br/>免费的香蕉投一下吧，没有那就点个赞吧，这对我来说很重要，谢谢！！！<br/>谢谢每一个投蕉的帅哥美女！你们是我坚持更新的动力！<br/>视频来自快手等平台，侵权联系删除！,2848,https://www.acfun.cn/v/ac48872699,https://tx-free-imgs.acfun.cn/newUpload/2176158_e379c7202d2e43029e07ad17f40cab19.gif?imageslim,AcFun,三日榜,three-days,hotlist,,2026-09-26 13:20:34
13,网络上常见的热门短视频集锦   第三千四百四十五期,审核大大辛苦了！<br/>谢谢每一个投蕉的帅哥美女！香蕉没有来个赞也好啊！<br/>视频来自快手等平台，侵权联系删除！,3980,https://www.acfun.cn/v/ac48866824,https://tx-free-imgs.acfun.cn/newUpload/2176158_dba921eb42f14c7ba31a1af83bfe71ce.gif?imageslim,AcFun,三日榜,three-days,hotlist,,2026-09-26 13:20:34
14,今夜的风悄悄月悄悄~,,2594,https://www.acfun.cn/v/ac48873434,https://tx-free-imgs.acfun.cn/newUpload/23512715_0f364b6606dd467ab9975ffef5af1b29.jpg?imageslim,AcFun,三日榜,three-days,hotlist,,2026-09-26 13:20:34
15,【锅锅x怀瑜x阔落】千里邀月——共饮此杯赏此月，夜好眠,中秋到了，和姐妹们合唱了千里邀月~~<br/>乐：可乐祝大家身体健康，永不加班，月圆人团圆<br/>鱼：怀瑜愿诸位财源广进，常能摸鱼，花好月更圆<br/>锅：锅锅祝大家桂香满锅，早归赏月，饼甜心更甜<br/>祝大家中秋快乐~,1893,https://www.acfun.cn/v/ac48871580,https://tx-free-imgs.acfun.cn/newUpload/67206930_e47be8dbac2546e1b5a4a831e71dabe4.jpeg?imageslim,AcFun,三日榜,three-days,hotlist,,2026-09-26 13:20:34
16,嘴角压不住了【今天有什么好笑的 #2515】,：），谢谢大家的投蕉和点赞，祝你开心愉快~<br/>wallpaper壁纸：Genshin 神里绫华<br/>BGM：Wake me up when september ends,2448,https://www.acfun.cn/v/ac48868130,https://tx-free-imgs.acfun.cn/newUpload/383079_ef65121591434d2b86d53db1622776cd.gif?imageslim,AcFun,三日榜,three-days,hotlist,,2026-09-26 13:20:34
17,【4K超高清】「JOJO的奇妙冒险 飙马野郎」第2话,,5271,https://www.acfun.cn/v/ac48872740,https://tx-free-imgs.acfun.cn/newUpload/72840608_a526e08904d049d2b38ce5f38bd71e63.jpeg?imageslim,AcFun,三日榜,three-days,hotlist,,2026-09-26 13:20:34
18,姛姛？！蝴蝶耳机Manget中文翻唱【箐羽Hane】x【缇若柯Teivoc】,“是否你确实表里如一淡然，还是说你——并不似我贪婪？”<br/>《Manget》磁石 / 蝴蝶耳机 - 中文翻唱<br/>原作作曲 / 流星P<br/>曲绘&翻唱 / 箐羽hane & 缇若柯Teivoc<br/>中文填词 / 果汁凉菜<br/>混音 / 风尘<br/>和笋笋一起唱了我们二次元姛神曲！曲绘也是我和笋笋每个人负责了自己的部分最后再拼到一起的！真好！( *^ ^)o(^ ^* )希望大家也能喜欢！,1646,https://www.acfun.cn/v/ac48869340,https://tx-free-imgs.acfun.cn/newUpload/67511609_d868cdbd6b1849e8958696cdc9db1493.jpeg?imageslim,AcFun,三日榜,three-days,hotlist,,2026-09-26 13:20:34
19,我要冲会员【今天有什么好笑的 #2516】,：），谢谢大家的投蕉和点赞，祝你开心愉快~<br/>wallpaper壁纸：Reze | Chainsaw Man<br/>BGM：Nicoleta Matei - Love mail<br/>,2516,https://www.acfun.cn/v/ac48870763,https://tx-free-imgs.acfun.cn/newUpload/383079_47b0fc3f458042f5bd3717967e55c598.gif?imageslim,AcFun,三日榜,three-days,hotlist,,2026-09-26 13:20:34
20,短裙挑战！超长翻跳一次看个够~【生日作】,,1693,https://www.acfun.cn/v/ac48872675,https://tx-free-imgs.acfun.cn/newUpload/32485245_415db634556140d1841e2ebb4c0d9371.jpeg?imageslim,AcFun,三日榜,three-days,hotlist,,2026-09-26 13:20:34
21,换你穿越三国乱世，你是起兵还是种田？,有没有宝贝和我一样，看三国的时候总在想，如果换我身在那个乱世，我会怎么样？是起兵争霸，还是归隐山林？ 或是是咱们可以选三国里有名的角色或者可以架空历史从素人做起，一统三国，那会怎么样?我最近就玩了这么一款游戏，一玩就是五个小时，根本停不下来，那今天来聊聊这款开放世界slg游戏《英雄立志传：三国志》~<br/>,2027,https://www.acfun.cn/v/ac48869043,https://tx-free-imgs.acfun.cn/newUpload/61352468_39715609bed041b98b21f3dbb482ad70.jpeg?imageslim,AcFun,三日榜,three-days,hotlist,,2026-09-26 13:20:34
22,网络上常见的热门短视频集锦   第三千四百四十九期,审核大大辛苦了！<br/>谢谢每一个投蕉的帅哥美女！香蕉没有来个赞也好啊！<br/>视频来自快手等平台，侵权联系删除！,2906,https://www.acfun.cn/v/ac48871496,https://tx-free-imgs.acfun.cn/newUpload/2176158_cf20f7722011491da25ce2efbc799dba.gif?imageslim,AcFun,三日榜,three-days,hotlist,,2026-09-26 13:20:34
23,网络上常见的热门短视频集锦   第三千四百四十八期,审核大大辛苦了！<br/>谢谢每一个投蕉的帅哥美女！香蕉没有来个赞也好啊！<br/>视频来自快手等平台，侵权联系删除！,3598,https://www.acfun.cn/v/ac48870020,https://tx-free-imgs.acfun.cn/newUpload/2176158_d65e54f4e9ee489b86b6fc28c31c84ee.gif?imageslim,AcFun,三日榜,three-days,hotlist,,2026-09-26 13:20:34
24,网络上常见的热门短视频集锦   第三千四百四十六期,审核大大辛苦了！<br/>谢谢每一个投蕉的帅哥美女！香蕉没有来个赞也好啊！<br/>视频来自快手等平台，侵权联系删除！,3727,https://www.acfun.cn/v/ac48867732,https://tx-free-imgs.acfun.cn/newUpload/2176158_2ec1d99da19a48e0a8e4ff2a2447e612.gif?imageslim,AcFun,三日榜,three-days,hotlist,,2026-09-26 13:20:34
25,沦陷️,歌曲舞蹈：沦陷dj版-星奇摇   动作有改编,1768,https://www.acfun.cn/v/ac48869381,https://tx-free-imgs.acfun.cn/newUpload/12229455_aacf9da97a0940ad8e5f0b509d9cc159.jpeg?imageslim,AcFun,三日榜,three-days,hotlist,,2026-09-26 13:20:34
26,交通事故20260923：交通车祸实例，提高安全驾驶意识,,1465,https://www.acfun.cn/v/ac48868861,https://tx-free-imgs.acfun.cn/newUpload/76871961_edea5de6659a4cd2b733a74989043440.jpg?imageslim,AcFun,三日榜,three-days,hotlist,,2026-09-26 13:20:34
27,老板直聘（89）,,1653,https://www.acfun.cn/v/ac48868552,https://tx-free-imgs.acfun.cn/newUpload/74706824_db2c7ba15c5d4aa18872db6b0763b7ca.jpeg?imageslim,AcFun,三日榜,three-days,hotlist,,2026-09-26 13:20:34
28,网络上常见的热门短视频集锦   第三千四百四十七期,审核大大辛苦了！<br/>谢谢每一个投蕉的帅哥美女！香蕉没有来个赞也好啊！<br/>视频来自快手等平台，侵权联系删除！,3314,https://www.acfun.cn/v/ac48869149,https://tx-free-imgs.acfun.cn/newUpload/2176158_fdf9afe2e00a4a1aa62415c846776eaf.gif?imageslim,AcFun,三日榜,three-days,hotlist,,2026-09-26 13:20:34
29,网络上常见的热门短视频集锦   第三千四百五十期,审核大大辛苦了！<br/>谢谢每一个投蕉的帅哥美女！香蕉没有来个赞也好啊！<br/>视频来自快手等平台，侵权联系删除！,2895,https://www.acfun.cn/v/ac48872279,https://tx-free-imgs.acfun.cn/newUpload/2176158_a96ecd95394b4517928ac111407f75b1.gif?imageslim,AcFun,三日榜,three-days,hotlist,,2026-09-26 13:20:34
30,人鱼的眼泪,歌曲舞蹈：爱乐之城-人鱼的眼泪,1566,https://www.acfun.cn/v/ac48867050,https://tx-free-imgs.acfun.cn/newUpload/12229455_130b1f041e6741dab4f6295ee27d927e.jpeg?imageslim,AcFun,三日榜,three-days,hotlist,,2026-09-26 13:20:34
31,【颜音】中秋歌回~祝大家节日快乐,皓月凌空，桂香满庭。<br/>愿今夜歌声暖心，祝各位中秋快乐，阖家美满！,1495,https://www.acfun.cn/v/ac48872065,https://tx-free-imgs.acfun.cn/newUpload/4425861_3dab8cdf19a74bf6accbdcd688cd9b6a.jpeg?imageslim,AcFun,三日榜,three-days,hotlist,,2026-09-26 13:20:34
32,常州新开巴西烤肉自助，100块钱值得吗？,这是我目前为止，去过的第二家巴西烤肉自助，团购优惠的情况下，花了94元。正常价格在95~110不等<br/><br/>简单带大家看下菜品，除了取餐台这么些，各种牛肉制品、大串烧烤都是循环上桌，大家觉得这么些菜式花样，100块钱左右你们觉得贵还是便宜啊，觉得贵的扣1，觉得便宜的扣2,1900,https://www.acfun.cn/v/ac48868891,https://tx-free-imgs.acfun.cn/newUpload/2046675_bf3a59ddff624646850829452262094e.jpeg?imageslim,AcFun,三日榜,three-days,hotlist,,2026-09-26 13:20:34
33,在英国差点被上门诈骗,可能看到我一人在家，就大胆敲门了，还好平常也会注意周边邻居，没发生什么事儿，这个金额就算被骗也不会报警，以后还是要小心一些了。#英国日常#vlog,1683,https://www.acfun.cn/v/ac48869505,https://tx-free-imgs.acfun.cn/newUpload/43181603_1c8c6c487a864d098b5e7e7bf2a12c6a.jpg?imageslim,AcFun,三日榜,three-days,hotlist,,2026-09-26 13:20:34
34,原创编舞《千层套路》的定机位竖屏来啦！,,1652,https://www.acfun.cn/v/ac48869245,https://tx-free-imgs.acfun.cn/newUpload/16380981_24bafd11c027499d9fe6820162faa782.png?imageslim,AcFun,三日榜,three-days,hotlist,,2026-09-26 13:20:34
35,空姐OL~第57次取消发送,中秋节快乐,1809,https://www.acfun.cn/v/ac48872674,https://tx-free-imgs.acfun.cn/newUpload/14539629_46621bdc88a44c63be63172c5ba6cb6a.jpeg?imageslim,AcFun,三日榜,three-days,hotlist,,2026-09-26 13:20:34
36,【东方/汉化】咲夜带你了解汉字【MMD搞笑小剧场】,作者：クローバー,1297,https://www.acfun.cn/v/ac48872652,https://tx-free-imgs.acfun.cn/newUpload/6102_8b2072189ecb4044a7de95bb450d02ed.jpeg?imageslim,AcFun,三日榜,three-days,hotlist,,2026-09-26 13:20:34
37,北京的最北端在黑龙江？？？国内飞地是怎么形成的？,这份中国地图，是你从未看过的船新版本，放大几倍就会发现，在大家熟悉的各个省份中，还藏着一堆 “你中有我、我中有你” 的飞地。,1841,https://www.acfun.cn/v/ac48867896,https://tx-free-imgs.acfun.cn/newUpload/13630266_cc2428a99a42453f99c9e1306e7a43bb.jpeg?imageslim,AcFun,三日榜,three-days,hotlist,,2026-09-26 13:20:34
38,发个friend圈,,1550,https://www.acfun.cn/v/ac48863958,https://tx-free-imgs.acfun.cn/newUpload/12439728_b44cb67ae45a4c179b08227368f4159c.png?imageslim,AcFun,三日榜,three-days,hotlist,,2026-09-26 13:20:34
39,我要辞职了！,,1701,https://www.acfun.cn/v/ac48863957,https://tx-free-imgs.acfun.cn/newUpload/12439728_7c57a0735675474590bf7b25e1a34527.png?imageslim,AcFun,三日榜,three-days,hotlist,,2026-09-26 13:20:34
40,奥迪“宫斗”十年大结局？一汽拿四环，上汽拿AUDI,一汽奥迪和上汽奥迪“宫斗”了十年，终于要划下句号了？,1749,https://www.acfun.cn/v/ac48870981,https://tx-free-imgs.acfun.cn/newUpload/13630266_3fde785be5a2411495618f67d01ab66a.jpeg?imageslim,AcFun,三日榜,three-days,hotlist,,2026-09-26 13:20:34
41,【东方】QUEEN【蕾米莉亚 Miy Ver. MMD】,作者：やくも<br/><br/>楽曲:Kanaria 様→https://www.nicovideo.jp/watch/sm4088...<br/>振付:AKIRA様<br/>モーション:P-nez 様→https://www.nicovideo.jp/watch/sm4350...<br/>カメラ:Mizuha様→https://www.nicovideo.jp/watch/sm4353...<br/>モデル:MIy様<br/>ステージ:栗ごはん様<br/>アクセサリ:アスカ様,1274,https://www.acfun.cn/v/ac48870080,https://tx-free-imgs.acfun.cn/newUpload/6102_6a4dce20c9b74fa0bbdff3ccc0a73c5d.png?imageslim,AcFun,三日榜,three-days,hotlist,,2026-09-26 13:20:34
42,捏捏已经已进化到可以吃的地步啦？,,1636,https://www.acfun.cn/v/ac48868638,https://tx-free-imgs.acfun.cn/newUpload/6177430_486c910212d548c991eeb140f146a6ed.jpeg?imageslim,AcFun,三日榜,three-days,hotlist,,2026-09-26 13:20:34
43,沙特反水，退出中国主导数字货币桥项目,,1573,https://www.acfun.cn/v/ac48873521,https://tx-free-imgs.acfun.cn/newUpload/43608832_667ff672cc3548f3bae31d62bb9e3f0e.jpeg?imageslim,AcFun,三日榜,three-days,hotlist,,2026-09-26 13:20:34
44,望眼欲穿【今天有什么好笑的 #2517】,：），谢谢大家的投蕉和点赞，祝你开心愉快~<br/>Wallpaper壁纸：雪山与女孩<br/>Bgm：あのね。,1934,https://www.acfun.cn/v/ac48872647,https://tx-free-imgs.acfun.cn/newUpload/383079_40beb913fd1a44d3afa053553d53b466.gif?imageslim,AcFun,三日榜,three-days,hotlist,,2026-09-26 13:20:34
45,如果我和她恋爱的话……,,1477,https://www.acfun.cn/v/ac48871545,https://tx-free-imgs.acfun.cn/newUpload/2277346_de526594356a4c9f90b71bf5823054e6.jpg?imageslim,AcFun,三日榜,three-days,hotlist,,2026-09-26 13:20:34
46,只有刀鸣最小丑？各大游戏千年血战联动盘点！,300英雄的含金量还在上升,1990,https://www.acfun.cn/v/ac48869154,https://tx-free-imgs.acfun.cn/newUpload/247671_7d920e56c00e4af39fed560bf094f965.jpeg?imageslim,AcFun,三日榜,three-days,hotlist,,2026-09-26 13:20:34
47,这套皮肤真的很喜欢,,1496,https://www.acfun.cn/v/ac48871657,https://tx-free-imgs.acfun.cn/newUpload/16380981_ac9640e59a3a42e093fcee0a0b81d474.jpg?imageslim,AcFun,三日榜,three-days,hotlist,,2026-09-26 13:20:34
48,忘情牛肉面,,1486,https://www.acfun.cn/v/ac48873433,https://tx-free-imgs.acfun.cn/newUpload/11361784_6fe659c9e31e428c8b700a04d46742fd.jpg?imageslim,AcFun,三日榜,three-days,hotlist,,2026-09-26 13:20:34
49,你吃月饼了吗？,,1454,https://www.acfun.cn/v/ac48869054,https://tx-free-imgs.acfun.cn/newUpload/1167675_8f48723afb0e41ecbe772249b3f4df1a.jpg?imageslim,AcFun,三日榜,three-days,hotlist,,2026-09-26 13:20:34
50,两段不伦恋 15年复仇路《老男孩》吴大秀我的折磨可是一辈子,本期带来《老男孩》50分钟 国庆要到了，铁粉都知道背包住在网红街道 小长假根本没法做节目，阿杰提意带着各自父母一起出去玩几天 所以这几天会加急看看能不能赶出来一期，实再不行就小长假后更新咯，中秋国庆都祝小伙伴开心快乐！,1226,https://www.acfun.cn/v/ac48871285,https://tx-free-imgs.acfun.cn/newUpload/6894185_ab259859c7df40d1b092d2e828bf38e5.jpeg?imageslim,AcFun,三日榜,three-days,hotlist,,2026-09-26 13:20:34
1,剑戟战斗的巅峰 关卡内容的洼地 偏科严重的《鬼武者：剑之道》,它给人爽的部分是真的爽，但是在每次爽之前，你得堵不少马桶，先生。,4536,https://www.acfun.cn/v/ac48859506,https://tx-free-imgs.acfun.cn/newUpload/934542_5d98ad80ca9c4307b5cdc2051c11cb50.jpeg?imageslim,AcFun,周榜,week,hotlist,,2026-09-26 13:20:34
2,是谁点的小恶魔，蕉出来～,,6380,https://www.acfun.cn/v/ac48867778,https://tx-free-imgs.acfun.cn/newUpload/17062172_6098fee67d1748e0ab5dab3b5665736c.jpg?imageslim,AcFun,周榜,week,hotlist,,2026-09-26 13:20:34
3,跳最开心的一集,,3988,https://www.acfun.cn/v/ac48860571,https://tx-free-imgs.acfun.cn/newUpload/50330447_79a3f269514140c29e7a85fb7c9dc94c.jpg?imageslim,AcFun,周榜,week,hotlist,,2026-09-26 13:20:34
4,喜欢哪套？,,7159,https://www.acfun.cn/v/ac48861422,https://tx-free-imgs.acfun.cn/newUpload/3540234_729e0d22251f439da3735f26e58d174f.jpg?imageslim,AcFun,周榜,week,hotlist,,2026-09-26 13:20:34
5,娃：真遗憾，本来打算亲自告诉你们的,嘿嘿希望大家都万事顺意～心想事成,5315,https://www.acfun.cn/v/ac48871740,https://tx-free-imgs.acfun.cn/newUpload/17062172_d1a93166ed084e3aadac2fea4bba0707.jpg?imageslim,AcFun,周榜,week,hotlist,,2026-09-26 13:20:34
6,过期JK碎碎念！,家人们记得蕉一蕉捏 啾咪,5941,https://www.acfun.cn/v/ac48859219,https://tx-free-imgs.acfun.cn/newUpload/17062172_5dd6ea8b5f2741ff87f0911db6dfb909.jpg?imageslim,AcFun,周榜,week,hotlist,,2026-09-26 13:20:34
7,《野生动物迷惑行为》,喜欢请投蕉啊   谢谢啦！,2936,https://www.acfun.cn/v/ac48868360,https://tx-free-imgs.acfun.cn/newUpload/1342385_3fab348c538e4c0fa001871a708fe302.jpeg?imageslim,AcFun,周榜,week,hotlist,,2026-09-26 13:20:34
8,人间琴悠扬，姑娘把谁记心上～,,2736,https://www.acfun.cn/v/ac48863143,https://tx-free-imgs.acfun.cn/newUpload/50330447_938d77716a11477e843914663278ff07.jpg?imageslim,AcFun,周榜,week,hotlist,,2026-09-26 13:20:34
9,《动物迷惑行为大赏325》,喜欢请投蕉啊 谢谢啦！,2673,https://www.acfun.cn/v/ac48861293,https://tx-free-imgs.acfun.cn/newUpload/1342385_03080470038d444a95ce01ff6a6aeb9f.jpeg?imageslim,AcFun,周榜,week,hotlist,,2026-09-26 13:20:34
10,裸足圆脸仙女下凡～跳一曲千里邀月【可心喵】,,2538,https://www.acfun.cn/v/ac48872448,https://tx-free-imgs.acfun.cn/newUpload/12892608_6691690fd8e944278bda5d5390e1e5a9.jpg?imageslim,AcFun,周榜,week,hotlist,,2026-09-26 13:20:34
11,双马尾小女仆带来的情绪摇～,,4018,https://www.acfun.cn/v/ac48861966,https://tx-free-imgs.acfun.cn/newUpload/11361784_8cee0402b4754b1e82f85b7099791793.jpg?imageslim,AcFun,周榜,week,hotlist,,2026-09-26 13:20:34
12,帮Acer问一下，地址在哪里？欢乐八点档-1779,审核大大辛苦了！<br/>免费的香蕉投一下吧，没有那就点个赞吧，这对我来说很重要，谢谢！！！<br/>谢谢每一个投蕉的帅哥美女！你们是我坚持更新的动力！<br/>视频来自快手等平台，侵权联系删除！,4527,https://www.acfun.cn/v/ac48863633,https://tx-free-imgs.acfun.cn/newUpload/2176158_ff69c3c797d5414e8056b329918cc5b6.gif?imageslim,AcFun,周榜,week,hotlist,,2026-09-26 13:20:34
13,【绘图过程】《海边》6周年纪念插图过程,6周年纪念插图挂画（预售）、沙滩巾（预售），阿宝已上架,3392,https://www.acfun.cn/v/ac48836990,https://tx-free-imgs.acfun.cn/newUpload/179922_9f95aba039e84f3594c3947b3c8fdd58.jpeg?imageslim,AcFun,周榜,week,hotlist,,2026-09-26 13:20:34
14,还是少妇会的多啊！★手机竖屏2011★,审核大大辛苦了！<br/>谢谢每一个投蕉的帅哥美女！香蕉没有来个赞也好啊！<br/>视频来自快手等平台，侵权联系删除！,5264,https://www.acfun.cn/v/ac48864360,https://tx-free-imgs.acfun.cn/newUpload/2176158_3d4f199fd93640468e543b9ee25ac4c0.gif?imageslim,AcFun,周榜,week,hotlist,,2026-09-26 13:20:34
15,漫威金刚狼深陷争议！SweetBaby又毁一款？【绅批】,这算是DEI的历史遗留问题了，所有现在已经从sweetbaby离职的人，只要参与过游戏制作也会被署名（比如桥本和真）,2979,https://www.acfun.cn/v/ac48868810,https://tx-free-imgs.acfun.cn/newUpload/526850_ca1da1572b1d494a93e2f6bab46cf76b.jpeg?imageslim,AcFun,周榜,week,hotlist,,2026-09-26 13:20:34
16,因为害怕被讨厌 所以把自己藏起来了,,3235,https://www.acfun.cn/v/ac48871331,https://tx-free-imgs.acfun.cn/newUpload/11361784_3d4bd69b46f541e184c2922c24f09276.jpg?imageslim,AcFun,周榜,week,hotlist,,2026-09-26 13:20:34
17,我真的是来吃饭的！★手机竖屏2013★,审核大大辛苦了！<br/>谢谢每一个投蕉的帅哥美女！香蕉没有来个赞也好啊！<br/>视频来自快手等平台，侵权联系删除！,3957,https://www.acfun.cn/v/ac48869145,https://tx-free-imgs.acfun.cn/newUpload/2176158_eb4b69370b8f435aa2b171e72403d356.gif?imageslim,AcFun,周榜,week,hotlist,,2026-09-26 13:20:34
18,mr chu!!好怀念这首歌,,2150,https://www.acfun.cn/v/ac48869375,https://tx-free-imgs.acfun.cn/newUpload/16380981_19592eb83a88429695ee1a0508fc3df0.png?imageslim,AcFun,周榜,week,hotlist,,2026-09-26 13:20:34
19,网络上常见的热门短视频集锦   第三千四百三十八期,审核大大辛苦了！<br/>谢谢每一个投蕉的帅哥美女！香蕉没有来个赞也好啊！<br/>视频来自快手等平台，侵权联系删除！,4460,https://www.acfun.cn/v/ac48858394,https://tx-free-imgs.acfun.cn/newUpload/2176158_38174e72af934b9e86687045b01f0dd3.gif?imageslim,AcFun,周榜,week,hotlist,,2026-09-26 13:20:34
20,钓鱼佬是真会享受！欢乐八点档-1777,审核大大辛苦了！<br/>免费的香蕉投一下吧，没有那就点个赞吧，这对我来说很重要，谢谢！！！<br/>谢谢每一个投蕉的帅哥美女！你们是我坚持更新的动力！<br/>视频来自快手等平台，侵权联系删除！,4621,https://www.acfun.cn/v/ac48858969,https://tx-free-imgs.acfun.cn/newUpload/2176158_c9d74d926c4c4d709a4b6b7769dffcca.gif?imageslim,AcFun,周榜,week,hotlist,,2026-09-26 13:20:34
21,一波还未平息一波又来侵袭！★手机竖屏2010★,审核大大辛苦了！<br/>谢谢每一个投蕉的帅哥美女！香蕉没有来个赞也好啊！<br/>视频来自快手等平台，侵权联系删除！,4815,https://www.acfun.cn/v/ac48862013,https://tx-free-imgs.acfun.cn/newUpload/2176158_c4802142afc14d50b2cd775e67890cca.gif?imageslim,AcFun,周榜,week,hotlist,,2026-09-26 13:20:34
22,还是少妇会啊！！！★手机竖屏2009★,审核大大辛苦了！<br/>谢谢每一个投蕉的帅哥美女！香蕉没有来个赞也好啊！<br/>视频来自快手等平台，侵权联系删除！,4914,https://www.acfun.cn/v/ac48859515,https://tx-free-imgs.acfun.cn/newUpload/2176158_d4e9e6e30f4446319f9e720adfe35ef9.gif?imageslim,AcFun,周榜,week,hotlist,,2026-09-26 13:20:34
23,女妖邪神凶宅索命，最惨主角逆天求生！克系神游《魔女屋中之梦》像素恐怖游戏详细讲述【深夜档】,如何在60天内，让洛夫克拉夫特小说中惨死的倒霉主角逆天改命？这位芬兰作者打造了一部又硬核又忠实的优秀克苏鲁游戏！入住阿卡姆百年凶宅的凡人主角沃尔特·吉尔曼，接连遭到人脸妖鼠，恐怖女巫，不可名状外神的侵袭。白天钻研神秘学知识，梦中游历邪恶异星。他将与密斯卡托尼克大学最强战神亨利·阿米蒂奇教授联手对抗邪神降世！这是一部真正将洛氏“宇宙恐怖”带入到日常，并忠实于原著的游戏，自由度超高且信息量惊人！我将细致地带各位体验这跌宕起伏的60天，看弱小的主角如何起死回生并拯救世界！,1594,https://www.acfun.cn/v/ac48872418,https://tx-free-imgs.acfun.cn/newUpload/817797_2631b7cf26c14c2fbbfb062962a775be.jpeg?imageslim,AcFun,周榜,week,hotlist,,2026-09-26 13:20:34
24,拜托了，夫人！★手机竖屏2014★,审核大大辛苦了！<br/>谢谢每一个投蕉的帅哥美女！香蕉没有来个赞也好啊！<br/>视频来自快手等平台，侵权联系删除！,3572,https://www.acfun.cn/v/ac48871493,https://tx-free-imgs.acfun.cn/newUpload/2176158_afaf0913878443b1bc00d636136ffce3.gif?imageslim,AcFun,周榜,week,hotlist,,2026-09-26 13:20:34
25,【AC娘】琵琶曲,原作者：Kotte Animation<br/>还有瑕疵，看个乐吧,3194,https://www.acfun.cn/v/ac48864492,https://tx-free-imgs.acfun.cn/newUpload/41729435_02cbd995b6d54f508eb21d3cb8621903.jpeg?imageslim,AcFun,周榜,week,hotlist,,2026-09-26 13:20:34
26,25年了，回坊天花板小酥肉，还是那个味儿,记忆中的味道，回来了，都回来了……<br/>一口椒麻一口鲜，大口吃肉，配上热腾腾的米饭，绝了。<br/>素三鲜也是无敌的存在！,2581,https://www.acfun.cn/v/ac48865538,https://tx-free-imgs.acfun.cn/newUpload/13765438_9bc4a0abf32a4c1aa3e83c844de84649.jpeg?imageslim,AcFun,周榜,week,hotlist,,2026-09-26 13:20:34
27,北京豆汁会惩罚每一个好奇的人！欢乐八点档-1780,审核大大辛苦了！<br/>免费的香蕉投一下吧，没有那就点个赞吧，这对我来说很重要，谢谢！！！<br/>谢谢每一个投蕉的帅哥美女！你们是我坚持更新的动力！<br/>视频来自快手等平台，侵权联系删除！,4508,https://www.acfun.cn/v/ac48865965,https://tx-free-imgs.acfun.cn/newUpload/2176158_ec83e6fb2ffc4005b41881ac13dbaeca.gif?imageslim,AcFun,周榜,week,hotlist,,2026-09-26 13:20:34
28,这样的学姐喜欢吗？欢乐八点档-1782,审核大大辛苦了！<br/>免费的香蕉投一下吧，没有那就点个赞吧，这对我来说很重要，谢谢！！！<br/>谢谢每一个投蕉的帅哥美女！你们是我坚持更新的动力！<br/>视频来自快手等平台，侵权联系删除！,3895,https://www.acfun.cn/v/ac48870057,https://tx-free-imgs.acfun.cn/newUpload/2176158_4c1f3b60f73e451abc443941d47305d8.gif?imageslim,AcFun,周榜,week,hotlist,,2026-09-26 13:20:34
29,拳击好啊，拳击得学！欢乐八点档-1781,审核大大辛苦了！<br/>免费的香蕉投一下吧，没有那就点个赞吧，这对我来说很重要，谢谢！！！<br/>谢谢每一个投蕉的帅哥美女！你们是我坚持更新的动力！<br/>视频来自快手等平台，侵权联系删除！,4209,https://www.acfun.cn/v/ac48868336,https://tx-free-imgs.acfun.cn/newUpload/2176158_3f6c601293a54468bae97f781440217b.gif?imageslim,AcFun,周榜,week,hotlist,,2026-09-26 13:20:34
30,你的拳头真是肥嘟嘟的...,动漫：心灵的声音，作者：赵石【韩国】,2209,https://www.acfun.cn/v/ac48859870,https://tx-free-imgs.acfun.cn/newUpload/509259_2fa91d5206504450be471808d9c93a22.jpeg?imageslim,AcFun,周榜,week,hotlist,,2026-09-26 13:20:34
31,和我一起健身吧！！！欢乐八点档-1783,审核大大辛苦了！<br/>免费的香蕉投一下吧，没有那就点个赞吧，这对我来说很重要，谢谢！！！<br/>谢谢每一个投蕉的帅哥美女！你们是我坚持更新的动力！<br/>视频来自快手等平台，侵权联系删除！,2848,https://www.acfun.cn/v/ac48872699,https://tx-free-imgs.acfun.cn/newUpload/2176158_e379c7202d2e43029e07ad17f40cab19.gif?imageslim,AcFun,周榜,week,hotlist,,2026-09-26 13:20:34
32,这个一字马技术含量很高啊！欢乐八点档-1778,审核大大辛苦了！<br/>免费的香蕉投一下吧，没有那就点个赞吧，这对我来说很重要，谢谢！！！<br/>谢谢每一个投蕉的帅哥美女！你们是我坚持更新的动力！<br/>视频来自快手等平台，侵权联系删除！,4407,https://www.acfun.cn/v/ac48861225,https://tx-free-imgs.acfun.cn/newUpload/2176158_0824627cb76d40dc99ce9cb12c07e4cc.gif?imageslim,AcFun,周榜,week,hotlist,,2026-09-26 13:20:34
33,网络上常见的热门短视频集锦   第三千四百四十五期,审核大大辛苦了！<br/>谢谢每一个投蕉的帅哥美女！香蕉没有来个赞也好啊！<br/>视频来自快手等平台，侵权联系删除！,3980,https://www.acfun.cn/v/ac48866824,https://tx-free-imgs.acfun.cn/newUpload/2176158_dba921eb42f14c7ba31a1af83bfe71ce.gif?imageslim,AcFun,周榜,week,hotlist,,2026-09-26 13:20:34
34,今夜的风悄悄月悄悄~,,2594,https://www.acfun.cn/v/ac48873434,https://tx-free-imgs.acfun.cn/newUpload/23512715_0f364b6606dd467ab9975ffef5af1b29.jpg?imageslim,AcFun,周榜,week,hotlist,,2026-09-26 13:20:34
35,琵琶曲丨夜神月 VS  L,原曲：琵琶曲,2274,https://www.acfun.cn/v/ac48861693,https://tx-free-imgs.acfun.cn/newUpload/16986934_3bf4dd94910c4845acf851f7f0fdb757.jpeg?imageslim,AcFun,周榜,week,hotlist,,2026-09-26 13:20:34
36,网络上常见的热门短视频集锦   第三千四百四十一期,审核大大辛苦了！<br/>谢谢每一个投蕉的帅哥美女！香蕉没有来个赞也好啊！<br/>视频来自快手等平台，侵权联系删除！,4213,https://www.acfun.cn/v/ac48862019,https://tx-free-imgs.acfun.cn/newUpload/2176158_6e5a88d95f344d92a8d97a57f03ac4b9.gif?imageslim,AcFun,周榜,week,hotlist,,2026-09-26 13:20:34
37,空中瑜伽！！！★手机竖屏2012★,审核大大辛苦了！<br/>谢谢每一个投蕉的帅哥美女！香蕉没有来个赞也好啊！<br/>视频来自快手等平台，侵权联系删除！,4504,https://www.acfun.cn/v/ac48866821,https://tx-free-imgs.acfun.cn/newUpload/2176158_610807af48f5463a891fc9f341c9b16f.gif?imageslim,AcFun,周榜,week,hotlist,,2026-09-26 13:20:34
38,厨师长教你：“鱼香肉丝”的家常做法，酸甜微辣，口感丰富,,2073,https://www.acfun.cn/v/ac48867741,https://tx-free-imgs.acfun.cn/newUpload/13274260_93e68d1098d04ffca2683655a6a404c2.jpeg?imageslim,AcFun,周榜,week,hotlist,,2026-09-26 13:20:34
39,一天生产500万个！速冻水饺是如何制造出来的？,,2170,https://www.acfun.cn/v/ac48859253,https://tx-free-imgs.acfun.cn/newUpload/19281632_57f07fe28e24422d948491fd2d43586c.jpeg?imageslim,AcFun,周榜,week,hotlist,,2026-09-26 13:20:34
40,网络上常见的热门短视频集锦   第三千四百三十九期,审核大大辛苦了！<br/>谢谢每一个投蕉的帅哥美女！香蕉没有来个赞也好啊！<br/>视频来自快手等平台，侵权联系删除！,4060,https://www.acfun.cn/v/ac48859518,https://tx-free-imgs.acfun.cn/newUpload/2176158_13f61f1aa39c4732bdaeed87fe0e28a4.gif?imageslim,AcFun,周榜,week,hotlist,,2026-09-26 13:20:34
41,【锅锅x怀瑜x阔落】千里邀月——共饮此杯赏此月，夜好眠,中秋到了，和姐妹们合唱了千里邀月~~<br/>乐：可乐祝大家身体健康，永不加班，月圆人团圆<br/>鱼：怀瑜愿诸位财源广进，常能摸鱼，花好月更圆<br/>锅：锅锅祝大家桂香满锅，早归赏月，饼甜心更甜<br/>祝大家中秋快乐~,1893,https://www.acfun.cn/v/ac48871580,https://tx-free-imgs.acfun.cn/newUpload/67206930_e47be8dbac2546e1b5a4a831e71dabe4.jpeg?imageslim,AcFun,周榜,week,hotlist,,2026-09-26 13:20:34
42,今天你不能嫁出去【今天有什么好笑的 #2514】,：)，谢谢大家，祝你们开心。<br/>wallpaper壁纸：Fading Astronaut 5K (update)<br/>BGM：I Want It That Way,2924,https://www.acfun.cn/v/ac48865864,https://tx-free-imgs.acfun.cn/newUpload/383079_ee4f5f7badf74f05a2ef6c691387f327.gif?imageslim,AcFun,周榜,week,hotlist,,2026-09-26 13:20:34
43,嘴角压不住了【今天有什么好笑的 #2515】,：），谢谢大家的投蕉和点赞，祝你开心愉快~<br/>wallpaper壁纸：Genshin 神里绫华<br/>BGM：Wake me up when september ends,2448,https://www.acfun.cn/v/ac48868130,https://tx-free-imgs.acfun.cn/newUpload/383079_ef65121591434d2b86d53db1622776cd.gif?imageslim,AcFun,周榜,week,hotlist,,2026-09-26 13:20:34
44,现在电脑不好卖了，以后我们出租AI机器人吧,,2484,https://www.acfun.cn/v/ac48867767,https://tx-free-imgs.acfun.cn/newUpload/17928_c684f06231604145b533a0f00627c624.png?imageslim,AcFun,周榜,week,hotlist,,2026-09-26 13:20:34
45,【东方】推特东方小视频选集 第272期,睡觉睡觉睡觉睡觉睡觉睡觉睡觉睡觉睡觉睡觉……,1411,https://www.acfun.cn/v/ac48858830,https://tx-free-imgs.acfun.cn/newUpload/6102_5a13d6efeec742ff84c512206aaeb7b0.jpeg?imageslim,AcFun,周榜,week,hotlist,,2026-09-26 13:20:34
46,甜妹来袭！,,2174,https://www.acfun.cn/v/ac48863947,https://tx-free-imgs.acfun.cn/newUpload/12439728_1fd5a3c6e60241a1a1cd8f89dbede769.png?imageslim,AcFun,周榜,week,hotlist,,2026-09-26 13:20:34
47,【4K超高清】「JOJO的奇妙冒险 飙马野郎」第2话,,5271,https://www.acfun.cn/v/ac48872740,https://tx-free-imgs.acfun.cn/newUpload/72840608_a526e08904d049d2b38ce5f38bd71e63.jpeg?imageslim,AcFun,周榜,week,hotlist,,2026-09-26 13:20:34
48,网络上常见的热门短视频集锦   第三千四百四十三期,审核大大辛苦了！<br/>谢谢每一个投蕉的帅哥美女！香蕉没有来个赞也好啊！<br/>视频来自快手等平台，侵权联系删除！,3684,https://www.acfun.cn/v/ac48864363,https://tx-free-imgs.acfun.cn/newUpload/2176158_dfef22dbf6934a15a594e5766b8680ca.gif?imageslim,AcFun,周榜,week,hotlist,,2026-09-26 13:20:34
49,姛姛？！蝴蝶耳机Manget中文翻唱【箐羽Hane】x【缇若柯Teivoc】,“是否你确实表里如一淡然，还是说你——并不似我贪婪？”<br/>《Manget》磁石 / 蝴蝶耳机 - 中文翻唱<br/>原作作曲 / 流星P<br/>曲绘&翻唱 / 箐羽hane & 缇若柯Teivoc<br/>中文填词 / 果汁凉菜<br/>混音 / 风尘<br/>和笋笋一起唱了我们二次元姛神曲！曲绘也是我和笋笋每个人负责了自己的部分最后再拼到一起的！真好！( *^ ^)o(^ ^* )希望大家也能喜欢！,1646,https://www.acfun.cn/v/ac48869340,https://tx-free-imgs.acfun.cn/newUpload/67511609_d868cdbd6b1849e8958696cdc9db1493.jpeg?imageslim,AcFun,周榜,week,hotlist,,2026-09-26 13:20:34
50,网络上常见的热门短视频集锦   第三千四百四十四期,审核大大辛苦了！<br/>谢谢每一个投蕉的帅哥美女！香蕉没有来个赞也好啊！<br/>视频来自快手等平台，侵权联系删除！,3582,https://www.acfun.cn/v/ac48865021,https://tx-free-imgs.acfun.cn/newUpload/2176158_663463f1e6004dc2b4dea153d1e60c05.gif?imageslim,AcFun,周榜,week,hotlist,,2026-09-26 13:20:34
1,女妖邪神凶宅索命，最惨主角逆天求生！克系神游《魔女屋中之梦》像素恐怖游戏详细讲述【深夜档】,如何在60天内，让洛夫克拉夫特小说中惨死的倒霉主角逆天改命？这位芬兰作者打造了一部又硬核又忠实的优秀克苏鲁游戏！入住阿卡姆百年凶宅的凡人主角沃尔特·吉尔曼，接连遭到人脸妖鼠，恐怖女巫，不可名状外神的侵袭。白天钻研神秘学知识，梦中游历邪恶异星。他将与密斯卡托尼克大学最强战神亨利·阿米蒂奇教授联手对抗邪神降世！这是一部真正将洛氏“宇宙恐怖”带入到日常，并忠实于原著的游戏，自由度超高且信息量惊人！我将细致地带各位体验这跌宕起伏的60天，看弱小的主角如何起死回生并拯救世界！,1637,https://www.acfun.cn/v/ac48872418,https://tx-free-imgs.acfun.cn/newUpload/817797_2631b7cf26c14c2fbbfb062962a775be.jpeg?imageslim,AcFun,日榜,day,hotlist,,2026-09-26 14:33:41
2,今夜的风悄悄月悄悄~,,2788,https://www.acfun.cn/v/ac48873434,https://tx-free-imgs.acfun.cn/newUpload/23512715_0f364b6606dd467ab9975ffef5af1b29.jpg?imageslim,AcFun,日榜,day,hotlist,,2026-09-26 14:33:41
3,和我一起健身吧！！！欢乐八点档-1783,审核大大辛苦了！<br/>免费的香蕉投一下吧，没有那就点个赞吧，这对我来说很重要，谢谢！！！<br/>谢谢每一个投蕉的帅哥美女！你们是我坚持更新的动力！<br/>视频来自快手等平台，侵权联系删除！,2989,https://www.acfun.cn/v/ac48872699,https://tx-free-imgs.acfun.cn/newUpload/2176158_e379c7202d2e43029e07ad17f40cab19.gif?imageslim,AcFun,日榜,day,hotlist,,2026-09-26 14:33:41
4,【4K超高清】「JOJO的奇妙冒险 飙马野郎」第2话,,5418,https://www.acfun.cn/v/ac48872740,https://tx-free-imgs.acfun.cn/newUpload/72840608_a526e08904d049d2b38ce5f38bd71e63.jpeg?imageslim,AcFun,日榜,day,hotlist,,2026-09-26 14:33:41
5,短裙挑战！超长翻跳一次看个够~【生日作】,,1765,https://www.acfun.cn/v/ac48872675,https://tx-free-imgs.acfun.cn/newUpload/32485245_415db634556140d1841e2ebb4c0d9371.jpeg?imageslim,AcFun,日榜,day,hotlist,,2026-09-26 14:33:41
6,网络上常见的热门短视频集锦   第三千四百五十期,审核大大辛苦了！<br/>谢谢每一个投蕉的帅哥美女！香蕉没有来个赞也好啊！<br/>视频来自快手等平台，侵权联系删除！,3008,https://www.acfun.cn/v/ac48872279,https://tx-free-imgs.acfun.cn/newUpload/2176158_a96ecd95394b4517928ac111407f75b1.gif?imageslim,AcFun,日榜,day,hotlist,,2026-09-26 14:33:41
7,沙特反水，退出中国主导数字货币桥项目,,1654,https://www.acfun.cn/v/ac48873521,https://tx-free-imgs.acfun.cn/newUpload/43608832_667ff672cc3548f3bae31d62bb9e3f0e.jpeg?imageslim,AcFun,日榜,day,hotlist,,2026-09-26 14:33:41
8,【东方/汉化】咲夜带你了解汉字【MMD搞笑小剧场】,作者：クローバー,1332,https://www.acfun.cn/v/ac48872652,https://tx-free-imgs.acfun.cn/newUpload/6102_8b2072189ecb4044a7de95bb450d02ed.jpeg?imageslim,AcFun,日榜,day,hotlist,,2026-09-26 14:33:41
9,空姐OL~第57次取消发送,中秋节快乐,1849,https://www.acfun.cn/v/ac48872674,https://tx-free-imgs.acfun.cn/newUpload/14539629_46621bdc88a44c63be63172c5ba6cb6a.jpeg?imageslim,AcFun,日榜,day,hotlist,,2026-09-26 14:33:41
10,望眼欲穿【今天有什么好笑的 #2517】,：），谢谢大家的投蕉和点赞，祝你开心愉快~<br/>Wallpaper壁纸：雪山与女孩<br/>Bgm：あのね。,1959,https://www.acfun.cn/v/ac48872647,https://tx-free-imgs.acfun.cn/newUpload/383079_40beb913fd1a44d3afa053553d53b466.gif?imageslim,AcFun,日榜,day,hotlist,,2026-09-26 14:33:41
11,如果我和她恋爱的话……,,1497,https://www.acfun.cn/v/ac48871545,https://tx-free-imgs.acfun.cn/newUpload/2277346_de526594356a4c9f90b71bf5823054e6.jpg?imageslim,AcFun,日榜,day,hotlist,,2026-09-26 14:33:41
12,两段不伦恋 15年复仇路《老男孩》吴大秀我的折磨可是一辈子,本期带来《老男孩》50分钟 国庆要到了，铁粉都知道背包住在网红街道 小长假根本没法做节目，阿杰提意带着各自父母一起出去玩几天 所以这几天会加急看看能不能赶出来一期，实再不行就小长假后更新咯，中秋国庆都祝小伙伴开心快乐！,1239,https://www.acfun.cn/v/ac48871285,https://tx-free-imgs.acfun.cn/newUpload/6894185_ab259859c7df40d1b092d2e828bf38e5.jpeg?imageslim,AcFun,日榜,day,hotlist,,2026-09-26 14:33:41
13,我终于明白什么都不缺的含金量！,,1258,https://www.acfun.cn/v/ac48872781,https://tx-free-imgs.acfun.cn/newUpload/6177430_06f5f9b03edd4f73a3dfeba4cf78db16.jpeg?imageslim,AcFun,日榜,day,hotlist,,2026-09-26 14:33:41
14,忘情牛肉面,,1544,https://www.acfun.cn/v/ac48873433,https://tx-free-imgs.acfun.cn/newUpload/11361784_6fe659c9e31e428c8b700a04d46742fd.jpg?imageslim,AcFun,日榜,day,hotlist,,2026-09-26 14:33:41
15,“原来和思念的人相见，就是人们常说的团圆” | 愿年年有今夜《妙妙人间》,「愿岁岁年年有此夜。」<br/>To : 虽然隔着屏幕，但同一轮月亮也让我们团圆在这里。中秋快乐呀~<br/>==========<br/>《妙妙人间》<br/>原唱：张含韵<br/>混音：饭団子p<br/>翻唱&视频：露纱琳黛,1150,https://www.acfun.cn/v/ac48871599,https://tx-free-imgs.acfun.cn/newUpload/69790459_0b53ce48e1c7437c9bdd3cf45d53de8f.jpeg?imageslim,AcFun,日榜,day,hotlist,,2026-09-26 14:33:41
16,想和你一起赏月𐔌՞ ܸ.ˬ.ܸ՞𐦯千里邀月,,1185,https://www.acfun.cn/v/ac48873207,https://tx-free-imgs.acfun.cn/newUpload/57336445_c7d705d3782c4b0193b62c6d02e43748.jpg?imageslim,AcFun,日榜,day,hotlist,,2026-09-26 14:33:41
17,彩礼十万，你给二十万什么意思？★手机竖屏2015★,审核大大辛苦了！<br/>谢谢每一个投蕉的帅哥美女！香蕉没有来个赞也好啊！<br/>视频来自快手等平台，侵权联系删除！,1557,https://www.acfun.cn/v/ac48873346,https://tx-free-imgs.acfun.cn/newUpload/2176158_b118313c0ec044bba95e256fe492e589.gif?imageslim,AcFun,日榜,day,hotlist,,2026-09-26 14:33:41
18,【官方中字】SBR JOJO的奇妙冒险 飙马野郎 2nd＆3rd STAGE 第二集,,2132,https://www.acfun.cn/v/ac48872883,https://tx-free-imgs.acfun.cn/newUpload/30501027_27e89cd7cd684f01a120b8ec666a3896.png?imageslim,AcFun,日榜,day,hotlist,,2026-09-26 14:33:41
19,加息概率90%：美联储或将亲手刺破AI泡沫,,1372,https://www.acfun.cn/v/ac48873517,https://tx-free-imgs.acfun.cn/newUpload/43608832_8d2f86fa2183404c842a39cc3e7b18b0.jpeg?imageslim,AcFun,日榜,day,hotlist,,2026-09-26 14:33:41
20,香煎盐焗鸡｜简单到不可能失败，外焦里嫩巨好吃,,1227,https://www.acfun.cn/v/ac48870521,https://tx-free-imgs.acfun.cn/newUpload/1383198_a8487ee2fe9849dc9807f9da5d193fb1.jpeg?imageslim,AcFun,日榜,day,hotlist,,2026-09-26 14:33:41
21,【1080P.奇幻冒险】JOJO的奇妙冒险 飙马野郎 (2026)第七季 第二集,1890年，一场世纪大赛“SBR”于美国举开。全长共6000公里，是人类史上第一场骑乘马匹横越北美大陆的比赛！为了拿下高达5千万美元（60亿日元）的冠军奖金，一群强悍的冒险家们正式展开了他们的争战！,2183,https://www.acfun.cn/v/ac48872840,https://tx-free-imgs.acfun.cn/newUpload/903432_bb4a52ee7e3e42cc853e5ff0b8a21e0d.png?imageslim,AcFun,日榜,day,hotlist,,2026-09-26 14:33:41
22,【绘画过程】9月保底《金秋》,大家中秋快乐！<br/>本月的保底是百贴布~ 某宝同步预售。,1660,https://www.acfun.cn/v/ac48872808,https://tx-free-imgs.acfun.cn/newUpload/179922_630934cb2f3245e5a4a4020570f61eca.png?imageslim,AcFun,日榜,day,hotlist,,2026-09-26 14:33:41
23,三周摧毁美国东海岸，绿色流感为何无法阻止？【求生之路剧情解析+涂鸦翻译】,刺骨寒溪和最后一战的涂鸦和官方剧情联系不大，因此没有放在视频中；<br/>前面的内容感觉都有点多余，最后的涂鸦翻译才是本体。<br/><br/>,1417,https://www.acfun.cn/v/ac48867996,https://tx-free-imgs.acfun.cn/newUpload/1020536_15195e7242e247fb9dc7a625a61a3662.jpeg?imageslim,AcFun,日榜,day,hotlist,,2026-09-26 14:33:41
24,【柯基】《金风玉露》～～～晚风啊～～～,,1215,https://www.acfun.cn/v/ac48872627,https://tx-free-imgs.acfun.cn/newUpload/29493245_88171143b6bd4aa6885743ffe64d6584.png?imageslim,AcFun,日榜,day,hotlist,,2026-09-26 14:33:41
25,【夏雅】Don t let go of my hand.,,1756,https://www.acfun.cn/v/ac48873108,https://tx-free-imgs.acfun.cn/newUpload/16279345_4e8e1897539648e8869f4815f9bd1572.jpg?imageslim,AcFun,日榜,day,hotlist,,2026-09-26 14:33:41
26,中秋节快乐呀！！,,1091,https://www.acfun.cn/v/ac48872753,https://tx-free-imgs.acfun.cn/newUpload/25756908_e40f0ac3bdb34aa6a05629d19ec12f7c.png?imageslim,AcFun,日榜,day,hotlist,,2026-09-26 14:33:41
27,"宙斯神王也会是这战绩？快速看完一局韩服王者斗殴局#837 Zeus, Racoon, Clozer,","宙斯神王也会是这战绩？快速看完一局韩服王者斗殴局#837 Zeus, Racoon, Clozer, Wenbo, Canyon, 叶秋枫 <br/>BGM:https://music.163.com/playlist?id=650818240&userid=30476594",1344,https://www.acfun.cn/v/ac48865858,https://tx-free-imgs.acfun.cn/newUpload/1378726_0477a53ac6df4eb3b611b241b6a08941.jpeg?imageslim,AcFun,日榜,day,hotlist,,2026-09-26 14:33:41
28,拼凑的断音,动作有做方向上的一些改动等<br/>歌曲：拼凑的断音-（舞蹈：あおい aoi とみたけ tomitake）,1173,https://www.acfun.cn/v/ac48871758,https://tx-free-imgs.acfun.cn/newUpload/12229455_ccda2f5ac69244d1aa813dc04c9a63d5.jpeg?imageslim,AcFun,日榜,day,hotlist,,2026-09-26 14:33:41
29,Acfun评论才是本体啊2026年8月和九月,香蕉点赞来一点哦，,1070,https://www.acfun.cn/v/ac48872845,https://tx-free-imgs.acfun.cn/newUpload/36839617_4ce9b7b878c344edbc971706d81900cc.jpeg?imageslim,AcFun,日榜,day,hotlist,,2026-09-26 14:33:41
30,石头剪刀布卖个萌,难得假期来凡人线下嘉年华cos了一下银月，玩得很开心，不知道有没有碰到我的道友～,1168,https://www.acfun.cn/v/ac48873212,https://tx-free-imgs.acfun.cn/newUpload/12229455_c6e4220d0d7c41e2b5d489a9386cbe72.png?imageslim,AcFun,日榜,day,hotlist,,2026-09-26 14:33:41
31,【猪肝来也】one love,,1135,https://www.acfun.cn/v/ac48873230,https://tx-free-imgs.acfun.cn/newUpload/4599324_253057be5bbe40d1b82d24222d803ec4.jpg?imageslim,AcFun,日榜,day,hotlist,,2026-09-26 14:33:41
32,网络上常见的热门短视频集锦   第三千四百五十一期,审核大大辛苦了！<br/>谢谢每一个投蕉的帅哥美女！香蕉没有来个赞也好啊！<br/>视频来自快手等平台，侵权联系删除！,1112,https://www.acfun.cn/v/ac48873352,https://tx-free-imgs.acfun.cn/newUpload/2176158_301765c30a1c48e1843401cebd61fd11.gif?imageslim,AcFun,日榜,day,hotlist,,2026-09-26 14:33:41
33,【绝望女神/翻唱】【火影忍者 ED1 Wind】,想听啥继续评论回复~,1026,https://www.acfun.cn/v/ac48873021,https://tx-free-imgs.acfun.cn/newUpload/20705199_4163259e9c314ff193a9aac80be14188.jpeg?imageslim,AcFun,日榜,day,hotlist,,2026-09-26 14:33:41
34,这身衣服跳什么都好帅啊！哈哈哈,,1133,https://www.acfun.cn/v/ac48872819,https://tx-free-imgs.acfun.cn/newUpload/16380981_3be481ccc3bd44c3a12928fa1f84b25e.png?imageslim,AcFun,日榜,day,hotlist,,2026-09-26 14:33:41
35,恶魔想成为你的家人！请交出性命！阴间电视台！越南模拟恐怖APTV EP6,喜欢记得关注五蕉~谢谢支持~！,1053,https://www.acfun.cn/v/ac48871608,https://tx-free-imgs.acfun.cn/newUpload/26364938_c8b3f3a89c5d45989f596c7abadfe5de.jpeg?imageslim,AcFun,日榜,day,hotlist,,2026-09-26 14:33:41
36,告女子书！,,1071,https://www.acfun.cn/v/ac48872722,https://tx-free-imgs.acfun.cn/newUpload/16380981_45b2d4d6fdb34b34876bc5e8fcdaca47.png?imageslim,AcFun,日榜,day,hotlist,,2026-09-26 14:33:41
37,十几万买台“莲花”，行吗？,,1168,https://www.acfun.cn/v/ac48872934,https://tx-free-imgs.acfun.cn/newUpload/14288157_b6f51fa0cabc4a0fa6b69c8bffff34ea.jpeg?imageslim,AcFun,日榜,day,hotlist,,2026-09-26 14:33:41
38,明月几时有？我想有时就有～,,1036,https://www.acfun.cn/v/ac48872948,https://tx-free-imgs.acfun.cn/newUpload/31922015_3de6c615f9d24a4ab766c9c22f19d8ed.jpg?imageslim,AcFun,日榜,day,hotlist,,2026-09-26 14:33:41
39,open the door,,1339,https://www.acfun.cn/v/ac48873110,https://tx-free-imgs.acfun.cn/newUpload/79951_cacbb88182cb435a99a97d446363fa53.jpg?imageslim,AcFun,日榜,day,hotlist,,2026-09-26 14:33:41
40,十月新番最爽厕纸！男主化身黄毛！转生夺走原主的女友们！？,十月新番最爽厕纸！男主化身黄毛！转生夺走原主的女友们！？,1249,https://www.acfun.cn/v/ac48873035,https://tx-free-imgs.acfun.cn/newUpload/13467496_1abceb83c1454743bcb9d4abcf823669.jpeg?imageslim,AcFun,日榜,day,hotlist,,2026-09-26 14:33:41
41,TGS现场女玩家击败虎牢关吕布【真三国无双2with猛将传】复刻版,Up主现场实拍TGS2026《真三国无双2with猛将传】复刻版现场试玩,1148,https://www.acfun.cn/v/ac48873376,https://tx-free-imgs.acfun.cn/newUpload/17097644_3295b46ed232444db8c34ee0206b58a7.png?imageslim,AcFun,日榜,day,hotlist,,2026-09-26 14:33:41
42,又何尝不是一种很新的花灯...,胶佬过中秋有自己的灯笼！其实是万代的MEGX独角兽换了灯组嘻嘻～双节快乐！,1110,https://www.acfun.cn/v/ac48873084,https://tx-free-imgs.acfun.cn/newUpload/13449743_b5143a98667f48bdb3f046459ee13864.jpeg?imageslim,AcFun,日榜,day,hotlist,,2026-09-26 14:33:41
43,竖屏~ Shake It -SISTAR【巫小萤】抓住夏天的尾巴,111,1045,https://www.acfun.cn/v/ac48872714,https://tx-free-imgs.acfun.cn/newUpload/14539629_f5759c58fdee4b0db90916f1af7e5033.jpeg?imageslim,AcFun,日榜,day,hotlist,,2026-09-26 14:33:41
44,【cheerup+快乐指南+nobody】跑调的人去KTV就蹦哒呗～,,915,https://www.acfun.cn/v/ac48872721,https://tx-free-imgs.acfun.cn/newUpload/31922015_51babcf260aa4990ade2ad884f023973.jpg?imageslim,AcFun,日榜,day,hotlist,,2026-09-26 14:33:41
45,嘀，纣王体验卡,,1191,https://www.acfun.cn/v/ac48872737,https://tx-free-imgs.acfun.cn/newUpload/77181154_7c7593de7b584caebd43b4bb4e8dc517.png?imageslim,AcFun,日榜,day,hotlist,,2026-09-26 14:33:41
46,【甲鱼的旅法十年】迷你专辑《心之所往的创作背景,,796,https://www.acfun.cn/v/ac48872771,https://tx-free-imgs.acfun.cn/newUpload/44128996_e3793329f00e48dc80645b417f8ea4d9.png?imageslim,AcFun,日榜,day,hotlist,,2026-09-26 14:33:41
47,绝顶性感黑丝兔女郎｜大摆锤舞蹈翻跳正面版,,1376,https://www.acfun.cn/v/ac48872667,https://tx-free-imgs.acfun.cn/newUpload/28629507_7fbcce0fdec9424f9538c9354fd61371.png?imageslim,AcFun,日榜,day,hotlist,,2026-09-26 14:33:41
48,BESTiE -Love Options 恋爱的条件,,1211,https://www.acfun.cn/v/ac48873408,https://tx-free-imgs.acfun.cn/newUpload/795184_af41ad4bed1648c8983feb1bf7558c11.jpeg?imageslim,AcFun,日榜,day,hotlist,,2026-09-26 14:33:41
49,完美小腰精！来看MEOVV ANNA 田中杏奈跳《Abracadabra》,-v -各位中秋快乐,1052,https://www.acfun.cn/v/ac48872689,https://tx-free-imgs.acfun.cn/newUpload/199029_7bd9a724a25b4775a76fb30595a8cf31.png?imageslim,AcFun,日榜,day,hotlist,,2026-09-26 14:33:41
50,23.你从哪里来？告别海洋的勇者，四足动物的硬核远祖：肉鳍鱼,23.你从哪里来？告别海洋的勇者，四足动物的硬核远祖：肉鳍鱼,1026,https://www.acfun.cn/v/ac48869201,https://tx-free-imgs.acfun.cn/newUpload/28933912_04426f23b29049469da53505405b6d3c.jpeg?imageslim,AcFun,日榜,day,hotlist,,2026-09-26 14:33:41
1,娃：真遗憾，本来打算亲自告诉你们的,嘿嘿希望大家都万事顺意～心想事成,5419,https://www.acfun.cn/v/ac48871740,https://tx-free-imgs.acfun.cn/newUpload/17062172_d1a93166ed084e3aadac2fea4bba0707.jpg?imageslim,AcFun,三日榜,three-days,hotlist,,2026-09-26 14:33:41
2,《野生动物迷惑行为》,喜欢请投蕉啊   谢谢啦！,2944,https://www.acfun.cn/v/ac48868360,https://tx-free-imgs.acfun.cn/newUpload/1342385_3fab348c538e4c0fa001871a708fe302.jpeg?imageslim,AcFun,三日榜,three-days,hotlist,,2026-09-26 14:33:41
3,裸足圆脸仙女下凡～跳一曲千里邀月【可心喵】,,2584,https://www.acfun.cn/v/ac48872448,https://tx-free-imgs.acfun.cn/newUpload/12892608_6691690fd8e944278bda5d5390e1e5a9.jpg?imageslim,AcFun,三日榜,three-days,hotlist,,2026-09-26 14:33:41
4,漫威金刚狼深陷争议！SweetBaby又毁一款？【绅批】,这算是DEI的历史遗留问题了，所有现在已经从sweetbaby离职的人，只要参与过游戏制作也会被署名（比如桥本和真）,2991,https://www.acfun.cn/v/ac48868810,https://tx-free-imgs.acfun.cn/newUpload/526850_ca1da1572b1d494a93e2f6bab46cf76b.jpeg?imageslim,AcFun,三日榜,three-days,hotlist,,2026-09-26 14:33:41
5,因为害怕被讨厌 所以把自己藏起来了,,3244,https://www.acfun.cn/v/ac48871331,https://tx-free-imgs.acfun.cn/newUpload/11361784_3d4bd69b46f541e184c2922c24f09276.jpg?imageslim,AcFun,三日榜,three-days,hotlist,,2026-09-26 14:33:41
6,我真的是来吃饭的！★手机竖屏2013★,审核大大辛苦了！<br/>谢谢每一个投蕉的帅哥美女！香蕉没有来个赞也好啊！<br/>视频来自快手等平台，侵权联系删除！,3966,https://www.acfun.cn/v/ac48869145,https://tx-free-imgs.acfun.cn/newUpload/2176158_eb4b69370b8f435aa2b171e72403d356.gif?imageslim,AcFun,三日榜,three-days,hotlist,,2026-09-26 14:33:41
7,mr chu!!好怀念这首歌,,2154,https://www.acfun.cn/v/ac48869375,https://tx-free-imgs.acfun.cn/newUpload/16380981_19592eb83a88429695ee1a0508fc3df0.png?imageslim,AcFun,三日榜,three-days,hotlist,,2026-09-26 14:33:41
8,女妖邪神凶宅索命，最惨主角逆天求生！克系神游《魔女屋中之梦》像素恐怖游戏详细讲述【深夜档】,如何在60天内，让洛夫克拉夫特小说中惨死的倒霉主角逆天改命？这位芬兰作者打造了一部又硬核又忠实的优秀克苏鲁游戏！入住阿卡姆百年凶宅的凡人主角沃尔特·吉尔曼，接连遭到人脸妖鼠，恐怖女巫，不可名状外神的侵袭。白天钻研神秘学知识，梦中游历邪恶异星。他将与密斯卡托尼克大学最强战神亨利·阿米蒂奇教授联手对抗邪神降世！这是一部真正将洛氏“宇宙恐怖”带入到日常，并忠实于原著的游戏，自由度超高且信息量惊人！我将细致地带各位体验这跌宕起伏的60天，看弱小的主角如何起死回生并拯救世界！,1637,https://www.acfun.cn/v/ac48872418,https://tx-free-imgs.acfun.cn/newUpload/817797_2631b7cf26c14c2fbbfb062962a775be.jpeg?imageslim,AcFun,三日榜,three-days,hotlist,,2026-09-26 14:33:41
9,拜托了，夫人！★手机竖屏2014★,审核大大辛苦了！<br/>谢谢每一个投蕉的帅哥美女！香蕉没有来个赞也好啊！<br/>视频来自快手等平台，侵权联系删除！,3608,https://www.acfun.cn/v/ac48871493,https://tx-free-imgs.acfun.cn/newUpload/2176158_afaf0913878443b1bc00d636136ffce3.gif?imageslim,AcFun,三日榜,three-days,hotlist,,2026-09-26 14:33:41
10,今夜的风悄悄月悄悄~,,2790,https://www.acfun.cn/v/ac48873434,https://tx-free-imgs.acfun.cn/newUpload/23512715_0f364b6606dd467ab9975ffef5af1b29.jpg?imageslim,AcFun,三日榜,three-days,hotlist,,2026-09-26 14:33:41
11,这样的学姐喜欢吗？欢乐八点档-1782,审核大大辛苦了！<br/>免费的香蕉投一下吧，没有那就点个赞吧，这对我来说很重要，谢谢！！！<br/>谢谢每一个投蕉的帅哥美女！你们是我坚持更新的动力！<br/>视频来自快手等平台，侵权联系删除！,3914,https://www.acfun.cn/v/ac48870057,https://tx-free-imgs.acfun.cn/newUpload/2176158_4c1f3b60f73e451abc443941d47305d8.gif?imageslim,AcFun,三日榜,three-days,hotlist,,2026-09-26 14:33:41
12,拳击好啊，拳击得学！欢乐八点档-1781,审核大大辛苦了！<br/>免费的香蕉投一下吧，没有那就点个赞吧，这对我来说很重要，谢谢！！！<br/>谢谢每一个投蕉的帅哥美女！你们是我坚持更新的动力！<br/>视频来自快手等平台，侵权联系删除！,4216,https://www.acfun.cn/v/ac48868336,https://tx-free-imgs.acfun.cn/newUpload/2176158_3f6c601293a54468bae97f781440217b.gif?imageslim,AcFun,三日榜,three-days,hotlist,,2026-09-26 14:33:41
13,和我一起健身吧！！！欢乐八点档-1783,审核大大辛苦了！<br/>免费的香蕉投一下吧，没有那就点个赞吧，这对我来说很重要，谢谢！！！<br/>谢谢每一个投蕉的帅哥美女！你们是我坚持更新的动力！<br/>视频来自快手等平台，侵权联系删除！,2989,https://www.acfun.cn/v/ac48872699,https://tx-free-imgs.acfun.cn/newUpload/2176158_e379c7202d2e43029e07ad17f40cab19.gif?imageslim,AcFun,三日榜,three-days,hotlist,,2026-09-26 14:33:41
14,【锅锅x怀瑜x阔落】千里邀月——共饮此杯赏此月，夜好眠,中秋到了，和姐妹们合唱了千里邀月~~<br/>乐：可乐祝大家身体健康，永不加班，月圆人团圆<br/>鱼：怀瑜愿诸位财源广进，常能摸鱼，花好月更圆<br/>锅：锅锅祝大家桂香满锅，早归赏月，饼甜心更甜<br/>祝大家中秋快乐~,1902,https://www.acfun.cn/v/ac48871580,https://tx-free-imgs.acfun.cn/newUpload/67206930_e47be8dbac2546e1b5a4a831e71dabe4.jpeg?imageslim,AcFun,三日榜,three-days,hotlist,,2026-09-26 14:33:41
15,【4K超高清】「JOJO的奇妙冒险 飙马野郎」第2话,,5418,https://www.acfun.cn/v/ac48872740,https://tx-free-imgs.acfun.cn/newUpload/72840608_a526e08904d049d2b38ce5f38bd71e63.jpeg?imageslim,AcFun,三日榜,three-days,hotlist,,2026-09-26 14:33:41
16,嘴角压不住了【今天有什么好笑的 #2515】,：），谢谢大家的投蕉和点赞，祝你开心愉快~<br/>wallpaper壁纸：Genshin 神里绫华<br/>BGM：Wake me up when september ends,2449,https://www.acfun.cn/v/ac48868130,https://tx-free-imgs.acfun.cn/newUpload/383079_ef65121591434d2b86d53db1622776cd.gif?imageslim,AcFun,三日榜,three-days,hotlist,,2026-09-26 14:33:41
17,姛姛？！蝴蝶耳机Manget中文翻唱【箐羽Hane】x【缇若柯Teivoc】,“是否你确实表里如一淡然，还是说你——并不似我贪婪？”<br/>《Manget》磁石 / 蝴蝶耳机 - 中文翻唱<br/>原作作曲 / 流星P<br/>曲绘&翻唱 / 箐羽hane & 缇若柯Teivoc<br/>中文填词 / 果汁凉菜<br/>混音 / 风尘<br/>和笋笋一起唱了我们二次元姛神曲！曲绘也是我和笋笋每个人负责了自己的部分最后再拼到一起的！真好！( *^ ^)o(^ ^* )希望大家也能喜欢！,1654,https://www.acfun.cn/v/ac48869340,https://tx-free-imgs.acfun.cn/newUpload/67511609_d868cdbd6b1849e8958696cdc9db1493.jpeg?imageslim,AcFun,三日榜,three-days,hotlist,,2026-09-26 14:33:41
18,我要冲会员【今天有什么好笑的 #2516】,：），谢谢大家的投蕉和点赞，祝你开心愉快~<br/>wallpaper壁纸：Reze | Chainsaw Man<br/>BGM：Nicoleta Matei - Love mail<br/>,2521,https://www.acfun.cn/v/ac48870763,https://tx-free-imgs.acfun.cn/newUpload/383079_47b0fc3f458042f5bd3717967e55c598.gif?imageslim,AcFun,三日榜,three-days,hotlist,,2026-09-26 14:33:41
19,短裙挑战！超长翻跳一次看个够~【生日作】,,1765,https://www.acfun.cn/v/ac48872675,https://tx-free-imgs.acfun.cn/newUpload/32485245_415db634556140d1841e2ebb4c0d9371.jpeg?imageslim,AcFun,三日榜,three-days,hotlist,,2026-09-26 14:33:41
20,网络上常见的热门短视频集锦   第三千四百四十九期,审核大大辛苦了！<br/>谢谢每一个投蕉的帅哥美女！香蕉没有来个赞也好啊！<br/>视频来自快手等平台，侵权联系删除！,2953,https://www.acfun.cn/v/ac48871496,https://tx-free-imgs.acfun.cn/newUpload/2176158_cf20f7722011491da25ce2efbc799dba.gif?imageslim,AcFun,三日榜,three-days,hotlist,,2026-09-26 14:33:41
21,换你穿越三国乱世，你是起兵还是种田？,有没有宝贝和我一样，看三国的时候总在想，如果换我身在那个乱世，我会怎么样？是起兵争霸，还是归隐山林？ 或是是咱们可以选三国里有名的角色或者可以架空历史从素人做起，一统三国，那会怎么样?我最近就玩了这么一款游戏，一玩就是五个小时，根本停不下来，那今天来聊聊这款开放世界slg游戏《英雄立志传：三国志》~<br/>,2048,https://www.acfun.cn/v/ac48869043,https://tx-free-imgs.acfun.cn/newUpload/61352468_39715609bed041b98b21f3dbb482ad70.jpeg?imageslim,AcFun,三日榜,three-days,hotlist,,2026-09-26 14:33:41
22,网络上常见的热门短视频集锦   第三千四百四十八期,审核大大辛苦了！<br/>谢谢每一个投蕉的帅哥美女！香蕉没有来个赞也好啊！<br/>视频来自快手等平台，侵权联系删除！,3621,https://www.acfun.cn/v/ac48870020,https://tx-free-imgs.acfun.cn/newUpload/2176158_d65e54f4e9ee489b86b6fc28c31c84ee.gif?imageslim,AcFun,三日榜,three-days,hotlist,,2026-09-26 14:33:41
23,网络上常见的热门短视频集锦   第三千四百四十六期,审核大大辛苦了！<br/>谢谢每一个投蕉的帅哥美女！香蕉没有来个赞也好啊！<br/>视频来自快手等平台，侵权联系删除！,3732,https://www.acfun.cn/v/ac48867732,https://tx-free-imgs.acfun.cn/newUpload/2176158_2ec1d99da19a48e0a8e4ff2a2447e612.gif?imageslim,AcFun,三日榜,three-days,hotlist,,2026-09-26 14:33:41
24,沦陷️,歌曲舞蹈：沦陷dj版-星奇摇   动作有改编,1771,https://www.acfun.cn/v/ac48869381,https://tx-free-imgs.acfun.cn/newUpload/12229455_aacf9da97a0940ad8e5f0b509d9cc159.jpeg?imageslim,AcFun,三日榜,three-days,hotlist,,2026-09-26 14:33:41
25,交通事故20260923：交通车祸实例，提高安全驾驶意识,,1466,https://www.acfun.cn/v/ac48868861,https://tx-free-imgs.acfun.cn/newUpload/76871961_edea5de6659a4cd2b733a74989043440.jpg?imageslim,AcFun,三日榜,three-days,hotlist,,2026-09-26 14:33:41
26,网络上常见的热门短视频集锦   第三千四百四十七期,审核大大辛苦了！<br/>谢谢每一个投蕉的帅哥美女！香蕉没有来个赞也好啊！<br/>视频来自快手等平台，侵权联系删除！,3336,https://www.acfun.cn/v/ac48869149,https://tx-free-imgs.acfun.cn/newUpload/2176158_fdf9afe2e00a4a1aa62415c846776eaf.gif?imageslim,AcFun,三日榜,three-days,hotlist,,2026-09-26 14:33:41
27,老板直聘（89）,,1655,https://www.acfun.cn/v/ac48868552,https://tx-free-imgs.acfun.cn/newUpload/74706824_db2c7ba15c5d4aa18872db6b0763b7ca.jpeg?imageslim,AcFun,三日榜,three-days,hotlist,,2026-09-26 14:33:41
28,网络上常见的热门短视频集锦   第三千四百五十期,审核大大辛苦了！<br/>谢谢每一个投蕉的帅哥美女！香蕉没有来个赞也好啊！<br/>视频来自快手等平台，侵权联系删除！,3008,https://www.acfun.cn/v/ac48872279,https://tx-free-imgs.acfun.cn/newUpload/2176158_a96ecd95394b4517928ac111407f75b1.gif?imageslim,AcFun,三日榜,three-days,hotlist,,2026-09-26 14:33:41
29,人鱼的眼泪,歌曲舞蹈：爱乐之城-人鱼的眼泪,1566,https://www.acfun.cn/v/ac48867050,https://tx-free-imgs.acfun.cn/newUpload/12229455_130b1f041e6741dab4f6295ee27d927e.jpeg?imageslim,AcFun,三日榜,three-days,hotlist,,2026-09-26 14:33:41
30,【颜音】中秋歌回~祝大家节日快乐,皓月凌空，桂香满庭。<br/>愿今夜歌声暖心，祝各位中秋快乐，阖家美满！,1500,https://www.acfun.cn/v/ac48872065,https://tx-free-imgs.acfun.cn/newUpload/4425861_3dab8cdf19a74bf6accbdcd688cd9b6a.jpeg?imageslim,AcFun,三日榜,three-days,hotlist,,2026-09-26 14:33:41
31,常州新开巴西烤肉自助，100块钱值得吗？,这是我目前为止，去过的第二家巴西烤肉自助，团购优惠的情况下，花了94元。正常价格在95~110不等<br/><br/>简单带大家看下菜品，除了取餐台这么些，各种牛肉制品、大串烧烤都是循环上桌，大家觉得这么些菜式花样，100块钱左右你们觉得贵还是便宜啊，觉得贵的扣1，觉得便宜的扣2,1905,https://www.acfun.cn/v/ac48868891,https://tx-free-imgs.acfun.cn/newUpload/2046675_bf3a59ddff624646850829452262094e.jpeg?imageslim,AcFun,三日榜,three-days,hotlist,,2026-09-26 14:33:41
32,在英国差点被上门诈骗,可能看到我一人在家，就大胆敲门了，还好平常也会注意周边邻居，没发生什么事儿，这个金额就算被骗也不会报警，以后还是要小心一些了。#英国日常#vlog,1684,https://www.acfun.cn/v/ac48869505,https://tx-free-imgs.acfun.cn/newUpload/43181603_1c8c6c487a864d098b5e7e7bf2a12c6a.jpg?imageslim,AcFun,三日榜,three-days,hotlist,,2026-09-26 14:33:41
33,空姐OL~第57次取消发送,中秋节快乐,1849,https://www.acfun.cn/v/ac48872674,https://tx-free-imgs.acfun.cn/newUpload/14539629_46621bdc88a44c63be63172c5ba6cb6a.jpeg?imageslim,AcFun,三日榜,three-days,hotlist,,2026-09-26 14:33:41
34,原创编舞《千层套路》的定机位竖屏来啦！,,1652,https://www.acfun.cn/v/ac48869245,https://tx-free-imgs.acfun.cn/newUpload/16380981_24bafd11c027499d9fe6820162faa782.png?imageslim,AcFun,三日榜,three-days,hotlist,,2026-09-26 14:33:41
35,【东方/汉化】咲夜带你了解汉字【MMD搞笑小剧场】,作者：クローバー,1332,https://www.acfun.cn/v/ac48872652,https://tx-free-imgs.acfun.cn/newUpload/6102_8b2072189ecb4044a7de95bb450d02ed.jpeg?imageslim,AcFun,三日榜,three-days,hotlist,,2026-09-26 14:33:41
36,沙特反水，退出中国主导数字货币桥项目,,1654,https://www.acfun.cn/v/ac48873521,https://tx-free-imgs.acfun.cn/newUpload/43608832_667ff672cc3548f3bae31d62bb9e3f0e.jpeg?imageslim,AcFun,三日榜,three-days,hotlist,,2026-09-26 14:33:41
37,发个friend圈,,1550,https://www.acfun.cn/v/ac48863958,https://tx-free-imgs.acfun.cn/newUpload/12439728_b44cb67ae45a4c179b08227368f4159c.png?imageslim,AcFun,三日榜,three-days,hotlist,,2026-09-26 14:33:41
38,奥迪“宫斗”十年大结局？一汽拿四环，上汽拿AUDI,一汽奥迪和上汽奥迪“宫斗”了十年，终于要划下句号了？,1755,https://www.acfun.cn/v/ac48870981,https://tx-free-imgs.acfun.cn/newUpload/13630266_3fde785be5a2411495618f67d01ab66a.jpeg?imageslim,AcFun,三日榜,three-days,hotlist,,2026-09-26 14:33:41
39,望眼欲穿【今天有什么好笑的 #2517】,：），谢谢大家的投蕉和点赞，祝你开心愉快~<br/>Wallpaper壁纸：雪山与女孩<br/>Bgm：あのね。,1959,https://www.acfun.cn/v/ac48872647,https://tx-free-imgs.acfun.cn/newUpload/383079_40beb913fd1a44d3afa053553d53b466.gif?imageslim,AcFun,三日榜,three-days,hotlist,,2026-09-26 14:33:41
40,【东方】QUEEN【蕾米莉亚 Miy Ver. MMD】,作者：やくも<br/><br/>楽曲:Kanaria 様→https://www.nicovideo.jp/watch/sm4088...<br/>振付:AKIRA様<br/>モーション:P-nez 様→https://www.nicovideo.jp/watch/sm4350...<br/>カメラ:Mizuha様→https://www.nicovideo.jp/watch/sm4353...<br/>モデル:MIy様<br/>ステージ:栗ごはん様<br/>アクセサリ:アスカ様,1279,https://www.acfun.cn/v/ac48870080,https://tx-free-imgs.acfun.cn/newUpload/6102_6a4dce20c9b74fa0bbdff3ccc0a73c5d.png?imageslim,AcFun,三日榜,three-days,hotlist,,2026-09-26 14:33:41
41,捏捏已经已进化到可以吃的地步啦？,,1639,https://www.acfun.cn/v/ac48868638,https://tx-free-imgs.acfun.cn/newUpload/6177430_486c910212d548c991eeb140f146a6ed.jpeg?imageslim,AcFun,三日榜,three-days,hotlist,,2026-09-26 14:33:41
42,如果我和她恋爱的话……,,1497,https://www.acfun.cn/v/ac48871545,https://tx-free-imgs.acfun.cn/newUpload/2277346_de526594356a4c9f90b71bf5823054e6.jpg?imageslim,AcFun,三日榜,three-days,hotlist,,2026-09-26 14:33:41
43,只有刀鸣最小丑？各大游戏千年血战联动盘点！,300英雄的含金量还在上升,1994,https://www.acfun.cn/v/ac48869154,https://tx-free-imgs.acfun.cn/newUpload/247671_7d920e56c00e4af39fed560bf094f965.jpeg?imageslim,AcFun,三日榜,three-days,hotlist,,2026-09-26 14:33:41
44,这套皮肤真的很喜欢,,1496,https://www.acfun.cn/v/ac48871657,https://tx-free-imgs.acfun.cn/newUpload/16380981_ac9640e59a3a42e093fcee0a0b81d474.jpg?imageslim,AcFun,三日榜,three-days,hotlist,,2026-09-26 14:33:41
45,忘情牛肉面,,1544,https://www.acfun.cn/v/ac48873433,https://tx-free-imgs.acfun.cn/newUpload/11361784_6fe659c9e31e428c8b700a04d46742fd.jpg?imageslim,AcFun,三日榜,three-days,hotlist,,2026-09-26 14:33:41
46,两段不伦恋 15年复仇路《老男孩》吴大秀我的折磨可是一辈子,本期带来《老男孩》50分钟 国庆要到了，铁粉都知道背包住在网红街道 小长假根本没法做节目，阿杰提意带着各自父母一起出去玩几天 所以这几天会加急看看能不能赶出来一期，实再不行就小长假后更新咯，中秋国庆都祝小伙伴开心快乐！,1239,https://www.acfun.cn/v/ac48871285,https://tx-free-imgs.acfun.cn/newUpload/6894185_ab259859c7df40d1b092d2e828bf38e5.jpeg?imageslim,AcFun,三日榜,three-days,hotlist,,2026-09-26 14:33:41
47,你吃月饼了吗？,,1458,https://www.acfun.cn/v/ac48869054,https://tx-free-imgs.acfun.cn/newUpload/1167675_8f48723afb0e41ecbe772249b3f4df1a.jpg?imageslim,AcFun,三日榜,three-days,hotlist,,2026-09-26 14:33:41
48,我终于明白什么都不缺的含金量！,,1258,https://www.acfun.cn/v/ac48872781,https://tx-free-imgs.acfun.cn/newUpload/6177430_06f5f9b03edd4f73a3dfeba4cf78db16.jpeg?imageslim,AcFun,三日榜,three-days,hotlist,,2026-09-26 14:33:41
49,“原来和思念的人相见，就是人们常说的团圆” | 愿年年有今夜《妙妙人间》,「愿岁岁年年有此夜。」<br/>To : 虽然隔着屏幕，但同一轮月亮也让我们团圆在这里。中秋快乐呀~<br/>==========<br/>《妙妙人间》<br/>原唱：张含韵<br/>混音：饭団子p<br/>翻唱&视频：露纱琳黛,1150,https://www.acfun.cn/v/ac48871599,https://tx-free-imgs.acfun.cn/newUpload/69790459_0b53ce48e1c7437c9bdd3cf45d53de8f.jpeg?imageslim,AcFun,三日榜,three-days,hotlist,,2026-09-26 14:33:41
50,想和你一起赏月𐔌՞ ܸ.ˬ.ܸ՞𐦯千里邀月,,1185,https://www.acfun.cn/v/ac48873207,https://tx-free-imgs.acfun.cn/newUpload/57336445_c7d705d3782c4b0193b62c6d02e43748.jpg?imageslim,AcFun,三日榜,three-days,hotlist,,2026-09-26 14:33:41
1,剑戟战斗的巅峰 关卡内容的洼地 偏科严重的《鬼武者：剑之道》,它给人爽的部分是真的爽，但是在每次爽之前，你得堵不少马桶，先生。,4543,https://www.acfun.cn/v/ac48859506,https://tx-free-imgs.acfun.cn/newUpload/934542_5d98ad80ca9c4307b5cdc2051c11cb50.jpeg?imageslim,AcFun,周榜,week,hotlist,,2026-09-26 14:33:41
2,是谁点的小恶魔，蕉出来～,,6394,https://www.acfun.cn/v/ac48867778,https://tx-free-imgs.acfun.cn/newUpload/17062172_6098fee67d1748e0ab5dab3b5665736c.jpg?imageslim,AcFun,周榜,week,hotlist,,2026-09-26 14:33:41
3,跳最开心的一集,,3992,https://www.acfun.cn/v/ac48860571,https://tx-free-imgs.acfun.cn/newUpload/50330447_79a3f269514140c29e7a85fb7c9dc94c.jpg?imageslim,AcFun,周榜,week,hotlist,,2026-09-26 14:33:41
4,娃：真遗憾，本来打算亲自告诉你们的,嘿嘿希望大家都万事顺意～心想事成,5419,https://www.acfun.cn/v/ac48871740,https://tx-free-imgs.acfun.cn/newUpload/17062172_d1a93166ed084e3aadac2fea4bba0707.jpg?imageslim,AcFun,周榜,week,hotlist,,2026-09-26 14:33:41
5,喜欢哪套？,,7201,https://www.acfun.cn/v/ac48861422,https://tx-free-imgs.acfun.cn/newUpload/3540234_729e0d22251f439da3735f26e58d174f.jpg?imageslim,AcFun,周榜,week,hotlist,,2026-09-26 14:33:41
6,过期JK碎碎念！,家人们记得蕉一蕉捏 啾咪,5950,https://www.acfun.cn/v/ac48859219,https://tx-free-imgs.acfun.cn/newUpload/17062172_5dd6ea8b5f2741ff87f0911db6dfb909.jpg?imageslim,AcFun,周榜,week,hotlist,,2026-09-26 14:33:41
7,《野生动物迷惑行为》,喜欢请投蕉啊   谢谢啦！,2944,https://www.acfun.cn/v/ac48868360,https://tx-free-imgs.acfun.cn/newUpload/1342385_3fab348c538e4c0fa001871a708fe302.jpeg?imageslim,AcFun,周榜,week,hotlist,,2026-09-26 14:33:41
8,人间琴悠扬，姑娘把谁记心上～,,2736,https://www.acfun.cn/v/ac48863143,https://tx-free-imgs.acfun.cn/newUpload/50330447_938d77716a11477e843914663278ff07.jpg?imageslim,AcFun,周榜,week,hotlist,,2026-09-26 14:33:41
9,裸足圆脸仙女下凡～跳一曲千里邀月【可心喵】,,2584,https://www.acfun.cn/v/ac48872448,https://tx-free-imgs.acfun.cn/newUpload/12892608_6691690fd8e944278bda5d5390e1e5a9.jpg?imageslim,AcFun,周榜,week,hotlist,,2026-09-26 14:33:41
10,《动物迷惑行为大赏325》,喜欢请投蕉啊 谢谢啦！,2674,https://www.acfun.cn/v/ac48861293,https://tx-free-imgs.acfun.cn/newUpload/1342385_03080470038d444a95ce01ff6a6aeb9f.jpeg?imageslim,AcFun,周榜,week,hotlist,,2026-09-26 14:33:41
11,双马尾小女仆带来的情绪摇～,,4021,https://www.acfun.cn/v/ac48861966,https://tx-free-imgs.acfun.cn/newUpload/11361784_8cee0402b4754b1e82f85b7099791793.jpg?imageslim,AcFun,周榜,week,hotlist,,2026-09-26 14:33:41
12,帮Acer问一下，地址在哪里？欢乐八点档-1779,审核大大辛苦了！<br/>免费的香蕉投一下吧，没有那就点个赞吧，这对我来说很重要，谢谢！！！<br/>谢谢每一个投蕉的帅哥美女！你们是我坚持更新的动力！<br/>视频来自快手等平台，侵权联系删除！,4528,https://www.acfun.cn/v/ac48863633,https://tx-free-imgs.acfun.cn/newUpload/2176158_ff69c3c797d5414e8056b329918cc5b6.gif?imageslim,AcFun,周榜,week,hotlist,,2026-09-26 14:33:41
13,【绘图过程】《海边》6周年纪念插图过程,6周年纪念插图挂画（预售）、沙滩巾（预售），阿宝已上架,3397,https://www.acfun.cn/v/ac48836990,https://tx-free-imgs.acfun.cn/newUpload/179922_9f95aba039e84f3594c3947b3c8fdd58.jpeg?imageslim,AcFun,周榜,week,hotlist,,2026-09-26 14:33:41
14,还是少妇会的多啊！★手机竖屏2011★,审核大大辛苦了！<br/>谢谢每一个投蕉的帅哥美女！香蕉没有来个赞也好啊！<br/>视频来自快手等平台，侵权联系删除！,5268,https://www.acfun.cn/v/ac48864360,https://tx-free-imgs.acfun.cn/newUpload/2176158_3d4f199fd93640468e543b9ee25ac4c0.gif?imageslim,AcFun,周榜,week,hotlist,,2026-09-26 14:33:41
15,漫威金刚狼深陷争议！SweetBaby又毁一款？【绅批】,这算是DEI的历史遗留问题了，所有现在已经从sweetbaby离职的人，只要参与过游戏制作也会被署名（比如桥本和真）,2991,https://www.acfun.cn/v/ac48868810,https://tx-free-imgs.acfun.cn/newUpload/526850_ca1da1572b1d494a93e2f6bab46cf76b.jpeg?imageslim,AcFun,周榜,week,hotlist,,2026-09-26 14:33:41
16,因为害怕被讨厌 所以把自己藏起来了,,3244,https://www.acfun.cn/v/ac48871331,https://tx-free-imgs.acfun.cn/newUpload/11361784_3d4bd69b46f541e184c2922c24f09276.jpg?imageslim,AcFun,周榜,week,hotlist,,2026-09-26 14:33:41
17,我真的是来吃饭的！★手机竖屏2013★,审核大大辛苦了！<br/>谢谢每一个投蕉的帅哥美女！香蕉没有来个赞也好啊！<br/>视频来自快手等平台，侵权联系删除！,3966,https://www.acfun.cn/v/ac48869145,https://tx-free-imgs.acfun.cn/newUpload/2176158_eb4b69370b8f435aa2b171e72403d356.gif?imageslim,AcFun,周榜,week,hotlist,,2026-09-26 14:33:41
18,mr chu!!好怀念这首歌,,2154,https://www.acfun.cn/v/ac48869375,https://tx-free-imgs.acfun.cn/newUpload/16380981_19592eb83a88429695ee1a0508fc3df0.png?imageslim,AcFun,周榜,week,hotlist,,2026-09-26 14:33:41
19,网络上常见的热门短视频集锦   第三千四百三十八期,审核大大辛苦了！<br/>谢谢每一个投蕉的帅哥美女！香蕉没有来个赞也好啊！<br/>视频来自快手等平台，侵权联系删除！,4465,https://www.acfun.cn/v/ac48858394,https://tx-free-imgs.acfun.cn/newUpload/2176158_38174e72af934b9e86687045b01f0dd3.gif?imageslim,AcFun,周榜,week,hotlist,,2026-09-26 14:33:41
20,钓鱼佬是真会享受！欢乐八点档-1777,审核大大辛苦了！<br/>免费的香蕉投一下吧，没有那就点个赞吧，这对我来说很重要，谢谢！！！<br/>谢谢每一个投蕉的帅哥美女！你们是我坚持更新的动力！<br/>视频来自快手等平台，侵权联系删除！,4622,https://www.acfun.cn/v/ac48858969,https://tx-free-imgs.acfun.cn/newUpload/2176158_c9d74d926c4c4d709a4b6b7769dffcca.gif?imageslim,AcFun,周榜,week,hotlist,,2026-09-26 14:33:41
21,一波还未平息一波又来侵袭！★手机竖屏2010★,审核大大辛苦了！<br/>谢谢每一个投蕉的帅哥美女！香蕉没有来个赞也好啊！<br/>视频来自快手等平台，侵权联系删除！,4815,https://www.acfun.cn/v/ac48862013,https://tx-free-imgs.acfun.cn/newUpload/2176158_c4802142afc14d50b2cd775e67890cca.gif?imageslim,AcFun,周榜,week,hotlist,,2026-09-26 14:33:41
22,女妖邪神凶宅索命，最惨主角逆天求生！克系神游《魔女屋中之梦》像素恐怖游戏详细讲述【深夜档】,如何在60天内，让洛夫克拉夫特小说中惨死的倒霉主角逆天改命？这位芬兰作者打造了一部又硬核又忠实的优秀克苏鲁游戏！入住阿卡姆百年凶宅的凡人主角沃尔特·吉尔曼，接连遭到人脸妖鼠，恐怖女巫，不可名状外神的侵袭。白天钻研神秘学知识，梦中游历邪恶异星。他将与密斯卡托尼克大学最强战神亨利·阿米蒂奇教授联手对抗邪神降世！这是一部真正将洛氏“宇宙恐怖”带入到日常，并忠实于原著的游戏，自由度超高且信息量惊人！我将细致地带各位体验这跌宕起伏的60天，看弱小的主角如何起死回生并拯救世界！,1637,https://www.acfun.cn/v/ac48872418,https://tx-free-imgs.acfun.cn/newUpload/817797_2631b7cf26c14c2fbbfb062962a775be.jpeg?imageslim,AcFun,周榜,week,hotlist,,2026-09-26 14:33:41
23,还是少妇会啊！！！★手机竖屏2009★,审核大大辛苦了！<br/>谢谢每一个投蕉的帅哥美女！香蕉没有来个赞也好啊！<br/>视频来自快手等平台，侵权联系删除！,4917,https://www.acfun.cn/v/ac48859515,https://tx-free-imgs.acfun.cn/newUpload/2176158_d4e9e6e30f4446319f9e720adfe35ef9.gif?imageslim,AcFun,周榜,week,hotlist,,2026-09-26 14:33:41
24,拜托了，夫人！★手机竖屏2014★,审核大大辛苦了！<br/>谢谢每一个投蕉的帅哥美女！香蕉没有来个赞也好啊！<br/>视频来自快手等平台，侵权联系删除！,3608,https://www.acfun.cn/v/ac48871493,https://tx-free-imgs.acfun.cn/newUpload/2176158_afaf0913878443b1bc00d636136ffce3.gif?imageslim,AcFun,周榜,week,hotlist,,2026-09-26 14:33:41
25,【AC娘】琵琶曲,原作者：Kotte Animation<br/>还有瑕疵，看个乐吧,3199,https://www.acfun.cn/v/ac48864492,https://tx-free-imgs.acfun.cn/newUpload/41729435_02cbd995b6d54f508eb21d3cb8621903.jpeg?imageslim,AcFun,周榜,week,hotlist,,2026-09-26 14:33:41
26,25年了，回坊天花板小酥肉，还是那个味儿,记忆中的味道，回来了，都回来了……<br/>一口椒麻一口鲜，大口吃肉，配上热腾腾的米饭，绝了。<br/>素三鲜也是无敌的存在！,2584,https://www.acfun.cn/v/ac48865538,https://tx-free-imgs.acfun.cn/newUpload/13765438_9bc4a0abf32a4c1aa3e83c844de84649.jpeg?imageslim,AcFun,周榜,week,hotlist,,2026-09-26 14:33:41
27,今夜的风悄悄月悄悄~,,2790,https://www.acfun.cn/v/ac48873434,https://tx-free-imgs.acfun.cn/newUpload/23512715_0f364b6606dd467ab9975ffef5af1b29.jpg?imageslim,AcFun,周榜,week,hotlist,,2026-09-26 14:33:41
28,这样的学姐喜欢吗？欢乐八点档-1782,审核大大辛苦了！<br/>免费的香蕉投一下吧，没有那就点个赞吧，这对我来说很重要，谢谢！！！<br/>谢谢每一个投蕉的帅哥美女！你们是我坚持更新的动力！<br/>视频来自快手等平台，侵权联系删除！,3914,https://www.acfun.cn/v/ac48870057,https://tx-free-imgs.acfun.cn/newUpload/2176158_4c1f3b60f73e451abc443941d47305d8.gif?imageslim,AcFun,周榜,week,hotlist,,2026-09-26 14:33:41
29,北京豆汁会惩罚每一个好奇的人！欢乐八点档-1780,审核大大辛苦了！<br/>免费的香蕉投一下吧，没有那就点个赞吧，这对我来说很重要，谢谢！！！<br/>谢谢每一个投蕉的帅哥美女！你们是我坚持更新的动力！<br/>视频来自快手等平台，侵权联系删除！,4510,https://www.acfun.cn/v/ac48865965,https://tx-free-imgs.acfun.cn/newUpload/2176158_ec83e6fb2ffc4005b41881ac13dbaeca.gif?imageslim,AcFun,周榜,week,hotlist,,2026-09-26 14:33:41
30,拳击好啊，拳击得学！欢乐八点档-1781,审核大大辛苦了！<br/>免费的香蕉投一下吧，没有那就点个赞吧，这对我来说很重要，谢谢！！！<br/>谢谢每一个投蕉的帅哥美女！你们是我坚持更新的动力！<br/>视频来自快手等平台，侵权联系删除！,4216,https://www.acfun.cn/v/ac48868336,https://tx-free-imgs.acfun.cn/newUpload/2176158_3f6c601293a54468bae97f781440217b.gif?imageslim,AcFun,周榜,week,hotlist,,2026-09-26 14:33:41
31,和我一起健身吧！！！欢乐八点档-1783,审核大大辛苦了！<br/>免费的香蕉投一下吧，没有那就点个赞吧，这对我来说很重要，谢谢！！！<br/>谢谢每一个投蕉的帅哥美女！你们是我坚持更新的动力！<br/>视频来自快手等平台，侵权联系删除！,2989,https://www.acfun.cn/v/ac48872699,https://tx-free-imgs.acfun.cn/newUpload/2176158_e379c7202d2e43029e07ad17f40cab19.gif?imageslim,AcFun,周榜,week,hotlist,,2026-09-26 14:33:41
32,你的拳头真是肥嘟嘟的...,动漫：心灵的声音，作者：赵石【韩国】,2209,https://www.acfun.cn/v/ac48859870,https://tx-free-imgs.acfun.cn/newUpload/509259_2fa91d5206504450be471808d9c93a22.jpeg?imageslim,AcFun,周榜,week,hotlist,,2026-09-26 14:33:41
33,这个一字马技术含量很高啊！欢乐八点档-1778,审核大大辛苦了！<br/>免费的香蕉投一下吧，没有那就点个赞吧，这对我来说很重要，谢谢！！！<br/>谢谢每一个投蕉的帅哥美女！你们是我坚持更新的动力！<br/>视频来自快手等平台，侵权联系删除！,4407,https://www.acfun.cn/v/ac48861225,https://tx-free-imgs.acfun.cn/newUpload/2176158_0824627cb76d40dc99ce9cb12c07e4cc.gif?imageslim,AcFun,周榜,week,hotlist,,2026-09-26 14:33:41
34,网络上常见的热门短视频集锦   第三千四百四十五期,审核大大辛苦了！<br/>谢谢每一个投蕉的帅哥美女！香蕉没有来个赞也好啊！<br/>视频来自快手等平台，侵权联系删除！,3982,https://www.acfun.cn/v/ac48866824,https://tx-free-imgs.acfun.cn/newUpload/2176158_dba921eb42f14c7ba31a1af83bfe71ce.gif?imageslim,AcFun,周榜,week,hotlist,,2026-09-26 14:33:41
35,琵琶曲丨夜神月 VS  L,原曲：琵琶曲,2286,https://www.acfun.cn/v/ac48861693,https://tx-free-imgs.acfun.cn/newUpload/16986934_3bf4dd94910c4845acf851f7f0fdb757.jpeg?imageslim,AcFun,周榜,week,hotlist,,2026-09-26 14:33:41
36,网络上常见的热门短视频集锦   第三千四百四十一期,审核大大辛苦了！<br/>谢谢每一个投蕉的帅哥美女！香蕉没有来个赞也好啊！<br/>视频来自快手等平台，侵权联系删除！,4215,https://www.acfun.cn/v/ac48862019,https://tx-free-imgs.acfun.cn/newUpload/2176158_6e5a88d95f344d92a8d97a57f03ac4b9.gif?imageslim,AcFun,周榜,week,hotlist,,2026-09-26 14:33:41
37,空中瑜伽！！！★手机竖屏2012★,审核大大辛苦了！<br/>谢谢每一个投蕉的帅哥美女！香蕉没有来个赞也好啊！<br/>视频来自快手等平台，侵权联系删除！,4509,https://www.acfun.cn/v/ac48866821,https://tx-free-imgs.acfun.cn/newUpload/2176158_610807af48f5463a891fc9f341c9b16f.gif?imageslim,AcFun,周榜,week,hotlist,,2026-09-26 14:33:41
38,厨师长教你：“鱼香肉丝”的家常做法，酸甜微辣，口感丰富,,2075,https://www.acfun.cn/v/ac48867741,https://tx-free-imgs.acfun.cn/newUpload/13274260_93e68d1098d04ffca2683655a6a404c2.jpeg?imageslim,AcFun,周榜,week,hotlist,,2026-09-26 14:33:41
39,一天生产500万个！速冻水饺是如何制造出来的？,,2171,https://www.acfun.cn/v/ac48859253,https://tx-free-imgs.acfun.cn/newUpload/19281632_57f07fe28e24422d948491fd2d43586c.jpeg?imageslim,AcFun,周榜,week,hotlist,,2026-09-26 14:33:41
40,网络上常见的热门短视频集锦   第三千四百三十九期,审核大大辛苦了！<br/>谢谢每一个投蕉的帅哥美女！香蕉没有来个赞也好啊！<br/>视频来自快手等平台，侵权联系删除！,4060,https://www.acfun.cn/v/ac48859518,https://tx-free-imgs.acfun.cn/newUpload/2176158_13f61f1aa39c4732bdaeed87fe0e28a4.gif?imageslim,AcFun,周榜,week,hotlist,,2026-09-26 14:33:41
41,【锅锅x怀瑜x阔落】千里邀月——共饮此杯赏此月，夜好眠,中秋到了，和姐妹们合唱了千里邀月~~<br/>乐：可乐祝大家身体健康，永不加班，月圆人团圆<br/>鱼：怀瑜愿诸位财源广进，常能摸鱼，花好月更圆<br/>锅：锅锅祝大家桂香满锅，早归赏月，饼甜心更甜<br/>祝大家中秋快乐~,1902,https://www.acfun.cn/v/ac48871580,https://tx-free-imgs.acfun.cn/newUpload/67206930_e47be8dbac2546e1b5a4a831e71dabe4.jpeg?imageslim,AcFun,周榜,week,hotlist,,2026-09-26 14:33:41
42,今天你不能嫁出去【今天有什么好笑的 #2514】,：)，谢谢大家，祝你们开心。<br/>wallpaper壁纸：Fading Astronaut 5K (update)<br/>BGM：I Want It That Way,2927,https://www.acfun.cn/v/ac48865864,https://tx-free-imgs.acfun.cn/newUpload/383079_ee4f5f7badf74f05a2ef6c691387f327.gif?imageslim,AcFun,周榜,week,hotlist,,2026-09-26 14:33:41
43,【4K超高清】「JOJO的奇妙冒险 飙马野郎」第2话,,5418,https://www.acfun.cn/v/ac48872740,https://tx-free-imgs.acfun.cn/newUpload/72840608_a526e08904d049d2b38ce5f38bd71e63.jpeg?imageslim,AcFun,周榜,week,hotlist,,2026-09-26 14:33:41
44,嘴角压不住了【今天有什么好笑的 #2515】,：），谢谢大家的投蕉和点赞，祝你开心愉快~<br/>wallpaper壁纸：Genshin 神里绫华<br/>BGM：Wake me up when september ends,2449,https://www.acfun.cn/v/ac48868130,https://tx-free-imgs.acfun.cn/newUpload/383079_ef65121591434d2b86d53db1622776cd.gif?imageslim,AcFun,周榜,week,hotlist,,2026-09-26 14:33:41
45,现在电脑不好卖了，以后我们出租AI机器人吧,,2547,https://www.acfun.cn/v/ac48867767,https://tx-free-imgs.acfun.cn/newUpload/17928_c684f06231604145b533a0f00627c624.png?imageslim,AcFun,周榜,week,hotlist,,2026-09-26 14:33:41
46,【东方】推特东方小视频选集 第272期,睡觉睡觉睡觉睡觉睡觉睡觉睡觉睡觉睡觉睡觉……,1414,https://www.acfun.cn/v/ac48858830,https://tx-free-imgs.acfun.cn/newUpload/6102_5a13d6efeec742ff84c512206aaeb7b0.jpeg?imageslim,AcFun,周榜,week,hotlist,,2026-09-26 14:33:41
47,甜妹来袭！,,2174,https://www.acfun.cn/v/ac48863947,https://tx-free-imgs.acfun.cn/newUpload/12439728_1fd5a3c6e60241a1a1cd8f89dbede769.png?imageslim,AcFun,周榜,week,hotlist,,2026-09-26 14:33:41
48,网络上常见的热门短视频集锦   第三千四百四十三期,审核大大辛苦了！<br/>谢谢每一个投蕉的帅哥美女！香蕉没有来个赞也好啊！<br/>视频来自快手等平台，侵权联系删除！,3684,https://www.acfun.cn/v/ac48864363,https://tx-free-imgs.acfun.cn/newUpload/2176158_dfef22dbf6934a15a594e5766b8680ca.gif?imageslim,AcFun,周榜,week,hotlist,,2026-09-26 14:33:41
49,姛姛？！蝴蝶耳机Manget中文翻唱【箐羽Hane】x【缇若柯Teivoc】,“是否你确实表里如一淡然，还是说你——并不似我贪婪？”<br/>《Manget》磁石 / 蝴蝶耳机 - 中文翻唱<br/>原作作曲 / 流星P<br/>曲绘&翻唱 / 箐羽hane & 缇若柯Teivoc<br/>中文填词 / 果汁凉菜<br/>混音 / 风尘<br/>和笋笋一起唱了我们二次元姛神曲！曲绘也是我和笋笋每个人负责了自己的部分最后再拼到一起的！真好！( *^ ^)o(^ ^* )希望大家也能喜欢！,1654,https://www.acfun.cn/v/ac48869340,https://tx-free-imgs.acfun.cn/newUpload/67511609_d868cdbd6b1849e8958696cdc9db1493.jpeg?imageslim,AcFun,周榜,week,hotlist,,2026-09-26 14:33:41
50,网络上常见的热门短视频集锦   第三千四百四十四期,审核大大辛苦了！<br/>谢谢每一个投蕉的帅哥美女！香蕉没有来个赞也好啊！<br/>视频来自快手等平台，侵权联系删除！,3584,https://www.acfun.cn/v/ac48865021,https://tx-free-imgs.acfun.cn/newUpload/2176158_663463f1e6004dc2b4dea153d1e60c05.gif?imageslim,AcFun,周榜,week,hotlist,,2026-09-26 14:33:41
1,女妖邪神凶宅索命，最惨主角逆天求生！克系神游《魔女屋中之梦》像素恐怖游戏详细讲述【深夜档】,如何在60天内，让洛夫克拉夫特小说中惨死的倒霉主角逆天改命？这位芬兰作者打造了一部又硬核又忠实的优秀克苏鲁游戏！入住阿卡姆百年凶宅的凡人主角沃尔特·吉尔曼，接连遭到人脸妖鼠，恐怖女巫，不可名状外神的侵袭。白天钻研神秘学知识，梦中游历邪恶异星。他将与密斯卡托尼克大学最强战神亨利·阿米蒂奇教授联手对抗邪神降世！这是一部真正将洛氏“宇宙恐怖”带入到日常，并忠实于原著的游戏，自由度超高且信息量惊人！我将细致地带各位体验这跌宕起伏的60天，看弱小的主角如何起死回生并拯救世界！,1687,https://www.acfun.cn/v/ac48872418,https://tx-free-imgs.acfun.cn/newUpload/817797_2631b7cf26c14c2fbbfb062962a775be.jpeg?imageslim,AcFun,日榜,day,hotlist,,2026-09-26 15:22:19
2,今夜的风悄悄月悄悄~,,2897,https://www.acfun.cn/v/ac48873434,https://tx-free-imgs.acfun.cn/newUpload/23512715_0f364b6606dd467ab9975ffef5af1b29.jpg?imageslim,AcFun,日榜,day,hotlist,,2026-09-26 15:22:19
3,和我一起健身吧！！！欢乐八点档-1783,审核大大辛苦了！<br/>免费的香蕉投一下吧，没有那就点个赞吧，这对我来说很重要，谢谢！！！<br/>谢谢每一个投蕉的帅哥美女！你们是我坚持更新的动力！<br/>视频来自快手等平台，侵权联系删除！,3091,https://www.acfun.cn/v/ac48872699,https://tx-free-imgs.acfun.cn/newUpload/2176158_e379c7202d2e43029e07ad17f40cab19.gif?imageslim,AcFun,日榜,day,hotlist,,2026-09-26 15:22:19
4,【4K超高清】「JOJO的奇妙冒险 飙马野郎」第2话,,5484,https://www.acfun.cn/v/ac48872740,https://tx-free-imgs.acfun.cn/newUpload/72840608_a526e08904d049d2b38ce5f38bd71e63.jpeg?imageslim,AcFun,日榜,day,hotlist,,2026-09-26 15:22:19
5,短裙挑战！超长翻跳一次看个够~【生日作】,,1817,https://www.acfun.cn/v/ac48872675,https://tx-free-imgs.acfun.cn/newUpload/32485245_415db634556140d1841e2ebb4c0d9371.jpeg?imageslim,AcFun,日榜,day,hotlist,,2026-09-26 15:22:19
6,网络上常见的热门短视频集锦   第三千四百五十期,审核大大辛苦了！<br/>谢谢每一个投蕉的帅哥美女！香蕉没有来个赞也好啊！<br/>视频来自快手等平台，侵权联系删除！,3069,https://www.acfun.cn/v/ac48872279,https://tx-free-imgs.acfun.cn/newUpload/2176158_a96ecd95394b4517928ac111407f75b1.gif?imageslim,AcFun,日榜,day,hotlist,,2026-09-26 15:22:19
7,沙特反水，退出中国主导数字货币桥项目,,1706,https://www.acfun.cn/v/ac48873521,https://tx-free-imgs.acfun.cn/newUpload/43608832_667ff672cc3548f3bae31d62bb9e3f0e.jpeg?imageslim,AcFun,日榜,day,hotlist,,2026-09-26 15:22:19
8,【东方/汉化】咲夜带你了解汉字【MMD搞笑小剧场】,作者：クローバー,1350,https://www.acfun.cn/v/ac48872652,https://tx-free-imgs.acfun.cn/newUpload/6102_8b2072189ecb4044a7de95bb450d02ed.jpeg?imageslim,AcFun,日榜,day,hotlist,,2026-09-26 15:22:19
9,空姐OL~第57次取消发送,中秋节快乐,1887,https://www.acfun.cn/v/ac48872674,https://tx-free-imgs.acfun.cn/newUpload/14539629_46621bdc88a44c63be63172c5ba6cb6a.jpeg?imageslim,AcFun,日榜,day,hotlist,,2026-09-26 15:22:19
10,望眼欲穿【今天有什么好笑的 #2517】,：），谢谢大家的投蕉和点赞，祝你开心愉快~<br/>Wallpaper壁纸：雪山与女孩<br/>Bgm：あのね。,1977,https://www.acfun.cn/v/ac48872647,https://tx-free-imgs.acfun.cn/newUpload/383079_40beb913fd1a44d3afa053553d53b466.gif?imageslim,AcFun,日榜,day,hotlist,,2026-09-26 15:22:19
11,如果我和她恋爱的话……,,1536,https://www.acfun.cn/v/ac48871545,https://tx-free-imgs.acfun.cn/newUpload/2277346_de526594356a4c9f90b71bf5823054e6.jpg?imageslim,AcFun,日榜,day,hotlist,,2026-09-26 15:22:19
12,两段不伦恋 15年复仇路《老男孩》吴大秀我的折磨可是一辈子,本期带来《老男孩》50分钟 国庆要到了，铁粉都知道背包住在网红街道 小长假根本没法做节目，阿杰提意带着各自父母一起出去玩几天 所以这几天会加急看看能不能赶出来一期，实再不行就小长假后更新咯，中秋国庆都祝小伙伴开心快乐！,1249,https://www.acfun.cn/v/ac48871285,https://tx-free-imgs.acfun.cn/newUpload/6894185_ab259859c7df40d1b092d2e828bf38e5.jpeg?imageslim,AcFun,日榜,day,hotlist,,2026-09-26 15:22:19
13,我终于明白什么都不缺的含金量！,,1269,https://www.acfun.cn/v/ac48872781,https://tx-free-imgs.acfun.cn/newUpload/6177430_06f5f9b03edd4f73a3dfeba4cf78db16.jpeg?imageslim,AcFun,日榜,day,hotlist,,2026-09-26 15:22:19
14,忘情牛肉面,,1581,https://www.acfun.cn/v/ac48873433,https://tx-free-imgs.acfun.cn/newUpload/11361784_6fe659c9e31e428c8b700a04d46742fd.jpg?imageslim,AcFun,日榜,day,hotlist,,2026-09-26 15:22:19
15,“原来和思念的人相见，就是人们常说的团圆” | 愿年年有今夜《妙妙人间》,「愿岁岁年年有此夜。」<br/>To : 虽然隔着屏幕，但同一轮月亮也让我们团圆在这里。中秋快乐呀~<br/>==========<br/>《妙妙人间》<br/>原唱：张含韵<br/>混音：饭団子p<br/>翻唱&视频：露纱琳黛,1150,https://www.acfun.cn/v/ac48871599,https://tx-free-imgs.acfun.cn/newUpload/69790459_0b53ce48e1c7437c9bdd3cf45d53de8f.jpeg?imageslim,AcFun,日榜,day,hotlist,,2026-09-26 15:22:19
16,想和你一起赏月𐔌՞ ܸ.ˬ.ܸ՞𐦯千里邀月,,1201,https://www.acfun.cn/v/ac48873207,https://tx-free-imgs.acfun.cn/newUpload/57336445_c7d705d3782c4b0193b62c6d02e43748.jpg?imageslim,AcFun,日榜,day,hotlist,,2026-09-26 15:22:19
17,彩礼十万，你给二十万什么意思？★手机竖屏2015★,审核大大辛苦了！<br/>谢谢每一个投蕉的帅哥美女！香蕉没有来个赞也好啊！<br/>视频来自快手等平台，侵权联系删除！,1645,https://www.acfun.cn/v/ac48873346,https://tx-free-imgs.acfun.cn/newUpload/2176158_b118313c0ec044bba95e256fe492e589.gif?imageslim,AcFun,日榜,day,hotlist,,2026-09-26 15:22:19
18,加息概率90%：美联储或将亲手刺破AI泡沫,,1401,https://www.acfun.cn/v/ac48873517,https://tx-free-imgs.acfun.cn/newUpload/43608832_8d2f86fa2183404c842a39cc3e7b18b0.jpeg?imageslim,AcFun,日榜,day,hotlist,,2026-09-26 15:22:19
19,【官方中字】SBR JOJO的奇妙冒险 飙马野郎 2nd＆3rd STAGE 第二集,,2179,https://www.acfun.cn/v/ac48872883,https://tx-free-imgs.acfun.cn/newUpload/30501027_27e89cd7cd684f01a120b8ec666a3896.png?imageslim,AcFun,日榜,day,hotlist,,2026-09-26 15:22:19
20,香煎盐焗鸡｜简单到不可能失败，外焦里嫩巨好吃,,1235,https://www.acfun.cn/v/ac48870521,https://tx-free-imgs.acfun.cn/newUpload/1383198_a8487ee2fe9849dc9807f9da5d193fb1.jpeg?imageslim,AcFun,日榜,day,hotlist,,2026-09-26 15:22:19
21,【1080P.奇幻冒险】JOJO的奇妙冒险 飙马野郎 (2026)第七季 第二集,1890年，一场世纪大赛“SBR”于美国举开。全长共6000公里，是人类史上第一场骑乘马匹横越北美大陆的比赛！为了拿下高达5千万美元（60亿日元）的冠军奖金，一群强悍的冒险家们正式展开了他们的争战！,2221,https://www.acfun.cn/v/ac48872840,https://tx-free-imgs.acfun.cn/newUpload/903432_bb4a52ee7e3e42cc853e5ff0b8a21e0d.png?imageslim,AcFun,日榜,day,hotlist,,2026-09-26 15:22:19
22,【绘画过程】9月保底《金秋》,大家中秋快乐！<br/>本月的保底是百贴布~ 某宝同步预售。,1671,https://www.acfun.cn/v/ac48872808,https://tx-free-imgs.acfun.cn/newUpload/179922_630934cb2f3245e5a4a4020570f61eca.png?imageslim,AcFun,日榜,day,hotlist,,2026-09-26 15:22:19
23,三周摧毁美国东海岸，绿色流感为何无法阻止？【求生之路剧情解析+涂鸦翻译】,刺骨寒溪和最后一战的涂鸦和官方剧情联系不大，因此没有放在视频中；<br/>前面的内容感觉都有点多余，最后的涂鸦翻译才是本体。<br/><br/>,1426,https://www.acfun.cn/v/ac48867996,https://tx-free-imgs.acfun.cn/newUpload/1020536_15195e7242e247fb9dc7a625a61a3662.jpeg?imageslim,AcFun,日榜,day,hotlist,,2026-09-26 15:22:19
24,【柯基】《金风玉露》～～～晚风啊～～～,,1221,https://www.acfun.cn/v/ac48872627,https://tx-free-imgs.acfun.cn/newUpload/29493245_88171143b6bd4aa6885743ffe64d6584.png?imageslim,AcFun,日榜,day,hotlist,,2026-09-26 15:22:19
25,【夏雅】Don t let go of my hand.,,1804,https://www.acfun.cn/v/ac48873108,https://tx-free-imgs.acfun.cn/newUpload/16279345_4e8e1897539648e8869f4815f9bd1572.jpg?imageslim,AcFun,日榜,day,hotlist,,2026-09-26 15:22:19
26,中秋节快乐呀！！,,1095,https://www.acfun.cn/v/ac48872753,https://tx-free-imgs.acfun.cn/newUpload/25756908_e40f0ac3bdb34aa6a05629d19ec12f7c.png?imageslim,AcFun,日榜,day,hotlist,,2026-09-26 15:22:19
27,"宙斯神王也会是这战绩？快速看完一局韩服王者斗殴局#837 Zeus, Racoon, Clozer,","宙斯神王也会是这战绩？快速看完一局韩服王者斗殴局#837 Zeus, Racoon, Clozer, Wenbo, Canyon, 叶秋枫 <br/>BGM:https://music.163.com/playlist?id=650818240&userid=30476594",1354,https://www.acfun.cn/v/ac48865858,https://tx-free-imgs.acfun.cn/newUpload/1378726_0477a53ac6df4eb3b611b241b6a08941.jpeg?imageslim,AcFun,日榜,day,hotlist,,2026-09-26 15:22:19
28,拼凑的断音,动作有做方向上的一些改动等<br/>歌曲：拼凑的断音-（舞蹈：あおい aoi とみたけ tomitake）,1177,https://www.acfun.cn/v/ac48871758,https://tx-free-imgs.acfun.cn/newUpload/12229455_ccda2f5ac69244d1aa813dc04c9a63d5.jpeg?imageslim,AcFun,日榜,day,hotlist,,2026-09-26 15:22:19
29,网络上常见的热门短视频集锦   第三千四百五十一期,审核大大辛苦了！<br/>谢谢每一个投蕉的帅哥美女！香蕉没有来个赞也好啊！<br/>视频来自快手等平台，侵权联系删除！,1257,https://www.acfun.cn/v/ac48873352,https://tx-free-imgs.acfun.cn/newUpload/2176158_301765c30a1c48e1843401cebd61fd11.gif?imageslim,AcFun,日榜,day,hotlist,,2026-09-26 15:22:19
30,Acfun评论才是本体啊2026年8月和九月,香蕉点赞来一点哦，,1078,https://www.acfun.cn/v/ac48872845,https://tx-free-imgs.acfun.cn/newUpload/36839617_4ce9b7b878c344edbc971706d81900cc.jpeg?imageslim,AcFun,日榜,day,hotlist,,2026-09-26 15:22:19
31,石头剪刀布卖个萌,难得假期来凡人线下嘉年华cos了一下银月，玩得很开心，不知道有没有碰到我的道友～,1173,https://www.acfun.cn/v/ac48873212,https://tx-free-imgs.acfun.cn/newUpload/12229455_c6e4220d0d7c41e2b5d489a9386cbe72.png?imageslim,AcFun,日榜,day,hotlist,,2026-09-26 15:22:19
32,【猪肝来也】one love,,1140,https://www.acfun.cn/v/ac48873230,https://tx-free-imgs.acfun.cn/newUpload/4599324_253057be5bbe40d1b82d24222d803ec4.jpg?imageslim,AcFun,日榜,day,hotlist,,2026-09-26 15:22:19
33,竖屏~ Shake It -SISTAR【巫小萤】抓住夏天的尾巴,111,1094,https://www.acfun.cn/v/ac48872714,https://tx-free-imgs.acfun.cn/newUpload/14539629_f5759c58fdee4b0db90916f1af7e5033.jpeg?imageslim,AcFun,日榜,day,hotlist,,2026-09-26 15:22:19
34,【绝望女神/翻唱】【火影忍者 ED1 Wind】,想听啥继续评论回复~,1030,https://www.acfun.cn/v/ac48873021,https://tx-free-imgs.acfun.cn/newUpload/20705199_4163259e9c314ff193a9aac80be14188.jpeg?imageslim,AcFun,日榜,day,hotlist,,2026-09-26 15:22:19
35,这身衣服跳什么都好帅啊！哈哈哈,,1135,https://www.acfun.cn/v/ac48872819,https://tx-free-imgs.acfun.cn/newUpload/16380981_3be481ccc3bd44c3a12928fa1f84b25e.png?imageslim,AcFun,日榜,day,hotlist,,2026-09-26 15:22:19
36,恶魔想成为你的家人！请交出性命！阴间电视台！越南模拟恐怖APTV EP6,喜欢记得关注五蕉~谢谢支持~！,1058,https://www.acfun.cn/v/ac48871608,https://tx-free-imgs.acfun.cn/newUpload/26364938_c8b3f3a89c5d45989f596c7abadfe5de.jpeg?imageslim,AcFun,日榜,day,hotlist,,2026-09-26 15:22:19
37,告女子书！,,1071,https://www.acfun.cn/v/ac48872722,https://tx-free-imgs.acfun.cn/newUpload/16380981_45b2d4d6fdb34b34876bc5e8fcdaca47.png?imageslim,AcFun,日榜,day,hotlist,,2026-09-26 15:22:19
38,十几万买台“莲花”，行吗？,,1180,https://www.acfun.cn/v/ac48872934,https://tx-free-imgs.acfun.cn/newUpload/14288157_b6f51fa0cabc4a0fa6b69c8bffff34ea.jpeg?imageslim,AcFun,日榜,day,hotlist,,2026-09-26 15:22:19
39,明月几时有？我想有时就有～,,1036,https://www.acfun.cn/v/ac48872948,https://tx-free-imgs.acfun.cn/newUpload/31922015_3de6c615f9d24a4ab766c9c22f19d8ed.jpg?imageslim,AcFun,日榜,day,hotlist,,2026-09-26 15:22:19
40,open the door,,1342,https://www.acfun.cn/v/ac48873110,https://tx-free-imgs.acfun.cn/newUpload/79951_cacbb88182cb435a99a97d446363fa53.jpg?imageslim,AcFun,日榜,day,hotlist,,2026-09-26 15:22:19
41,又何尝不是一种很新的花灯...,胶佬过中秋有自己的灯笼！其实是万代的MEGX独角兽换了灯组嘻嘻～双节快乐！,1115,https://www.acfun.cn/v/ac48873084,https://tx-free-imgs.acfun.cn/newUpload/13449743_b5143a98667f48bdb3f046459ee13864.jpeg?imageslim,AcFun,日榜,day,hotlist,,2026-09-26 15:22:19
42,十月新番最爽厕纸！男主化身黄毛！转生夺走原主的女友们！？,十月新番最爽厕纸！男主化身黄毛！转生夺走原主的女友们！？,1272,https://www.acfun.cn/v/ac48873035,https://tx-free-imgs.acfun.cn/newUpload/13467496_1abceb83c1454743bcb9d4abcf823669.jpeg?imageslim,AcFun,日榜,day,hotlist,,2026-09-26 15:22:19
43,TGS现场女玩家击败虎牢关吕布【真三国无双2with猛将传】复刻版,Up主现场实拍TGS2026《真三国无双2with猛将传】复刻版现场试玩,1150,https://www.acfun.cn/v/ac48873376,https://tx-free-imgs.acfun.cn/newUpload/17097644_3295b46ed232444db8c34ee0206b58a7.png?imageslim,AcFun,日榜,day,hotlist,,2026-09-26 15:22:19
44,【cheerup+快乐指南+nobody】跑调的人去KTV就蹦哒呗～,,915,https://www.acfun.cn/v/ac48872721,https://tx-free-imgs.acfun.cn/newUpload/31922015_51babcf260aa4990ade2ad884f023973.jpg?imageslim,AcFun,日榜,day,hotlist,,2026-09-26 15:22:19
45,嘀，纣王体验卡,,1200,https://www.acfun.cn/v/ac48872737,https://tx-free-imgs.acfun.cn/newUpload/77181154_7c7593de7b584caebd43b4bb4e8dc517.png?imageslim,AcFun,日榜,day,hotlist,,2026-09-26 15:22:19
46,【甲鱼的旅法十年】迷你专辑《心之所往的创作背景,,809,https://www.acfun.cn/v/ac48872771,https://tx-free-imgs.acfun.cn/newUpload/44128996_e3793329f00e48dc80645b417f8ea4d9.png?imageslim,AcFun,日榜,day,hotlist,,2026-09-26 15:22:19
47,绝顶性感黑丝兔女郎｜大摆锤舞蹈翻跳正面版,,1387,https://www.acfun.cn/v/ac48872667,https://tx-free-imgs.acfun.cn/newUpload/28629507_7fbcce0fdec9424f9538c9354fd61371.png?imageslim,AcFun,日榜,day,hotlist,,2026-09-26 15:22:19
48,BESTiE -Love Options 恋爱的条件,,1220,https://www.acfun.cn/v/ac48873408,https://tx-free-imgs.acfun.cn/newUpload/795184_af41ad4bed1648c8983feb1bf7558c11.jpeg?imageslim,AcFun,日榜,day,hotlist,,2026-09-26 15:22:19
49,什么！银月在这么多人面前闪身步,,669,https://www.acfun.cn/v/ac48873418,https://tx-free-imgs.acfun.cn/newUpload/12229455_6c8e0e9183a14360ad1419cc7c604154.png?imageslim,AcFun,日榜,day,hotlist,,2026-09-26 15:22:19
50,完美小腰精！来看MEOVV ANNA 田中杏奈跳《Abracadabra》,-v -各位中秋快乐,1057,https://www.acfun.cn/v/ac48872689,https://tx-free-imgs.acfun.cn/newUpload/199029_7bd9a724a25b4775a76fb30595a8cf31.png?imageslim,AcFun,日榜,day,hotlist,,2026-09-26 15:22:19
1,娃：真遗憾，本来打算亲自告诉你们的,嘿嘿希望大家都万事顺意～心想事成,5465,https://www.acfun.cn/v/ac48871740,https://tx-free-imgs.acfun.cn/newUpload/17062172_d1a93166ed084e3aadac2fea4bba0707.jpg?imageslim,AcFun,三日榜,three-days,hotlist,,2026-09-26 15:22:19
2,《野生动物迷惑行为》,喜欢请投蕉啊   谢谢啦！,2945,https://www.acfun.cn/v/ac48868360,https://tx-free-imgs.acfun.cn/newUpload/1342385_3fab348c538e4c0fa001871a708fe302.jpeg?imageslim,AcFun,三日榜,three-days,hotlist,,2026-09-26 15:22:19
3,裸足圆脸仙女下凡～跳一曲千里邀月【可心喵】,,2612,https://www.acfun.cn/v/ac48872448,https://tx-free-imgs.acfun.cn/newUpload/12892608_6691690fd8e944278bda5d5390e1e5a9.jpg?imageslim,AcFun,三日榜,three-days,hotlist,,2026-09-26 15:22:19
4,漫威金刚狼深陷争议！SweetBaby又毁一款？【绅批】,这算是DEI的历史遗留问题了，所有现在已经从sweetbaby离职的人，只要参与过游戏制作也会被署名（比如桥本和真）,2993,https://www.acfun.cn/v/ac48868810,https://tx-free-imgs.acfun.cn/newUpload/526850_ca1da1572b1d494a93e2f6bab46cf76b.jpeg?imageslim,AcFun,三日榜,three-days,hotlist,,2026-09-26 15:22:19
5,因为害怕被讨厌 所以把自己藏起来了,,3251,https://www.acfun.cn/v/ac48871331,https://tx-free-imgs.acfun.cn/newUpload/11361784_3d4bd69b46f541e184c2922c24f09276.jpg?imageslim,AcFun,三日榜,three-days,hotlist,,2026-09-26 15:22:19
6,我真的是来吃饭的！★手机竖屏2013★,审核大大辛苦了！<br/>谢谢每一个投蕉的帅哥美女！香蕉没有来个赞也好啊！<br/>视频来自快手等平台，侵权联系删除！,3974,https://www.acfun.cn/v/ac48869145,https://tx-free-imgs.acfun.cn/newUpload/2176158_eb4b69370b8f435aa2b171e72403d356.gif?imageslim,AcFun,三日榜,three-days,hotlist,,2026-09-26 15:22:19
7,mr chu!!好怀念这首歌,,2154,https://www.acfun.cn/v/ac48869375,https://tx-free-imgs.acfun.cn/newUpload/16380981_19592eb83a88429695ee1a0508fc3df0.png?imageslim,AcFun,三日榜,three-days,hotlist,,2026-09-26 15:22:19
8,女妖邪神凶宅索命，最惨主角逆天求生！克系神游《魔女屋中之梦》像素恐怖游戏详细讲述【深夜档】,如何在60天内，让洛夫克拉夫特小说中惨死的倒霉主角逆天改命？这位芬兰作者打造了一部又硬核又忠实的优秀克苏鲁游戏！入住阿卡姆百年凶宅的凡人主角沃尔特·吉尔曼，接连遭到人脸妖鼠，恐怖女巫，不可名状外神的侵袭。白天钻研神秘学知识，梦中游历邪恶异星。他将与密斯卡托尼克大学最强战神亨利·阿米蒂奇教授联手对抗邪神降世！这是一部真正将洛氏“宇宙恐怖”带入到日常，并忠实于原著的游戏，自由度超高且信息量惊人！我将细致地带各位体验这跌宕起伏的60天，看弱小的主角如何起死回生并拯救世界！,1687,https://www.acfun.cn/v/ac48872418,https://tx-free-imgs.acfun.cn/newUpload/817797_2631b7cf26c14c2fbbfb062962a775be.jpeg?imageslim,AcFun,三日榜,three-days,hotlist,,2026-09-26 15:22:19
9,拜托了，夫人！★手机竖屏2014★,审核大大辛苦了！<br/>谢谢每一个投蕉的帅哥美女！香蕉没有来个赞也好啊！<br/>视频来自快手等平台，侵权联系删除！,3628,https://www.acfun.cn/v/ac48871493,https://tx-free-imgs.acfun.cn/newUpload/2176158_afaf0913878443b1bc00d636136ffce3.gif?imageslim,AcFun,三日榜,three-days,hotlist,,2026-09-26 15:22:19
10,今夜的风悄悄月悄悄~,,2897,https://www.acfun.cn/v/ac48873434,https://tx-free-imgs.acfun.cn/newUpload/23512715_0f364b6606dd467ab9975ffef5af1b29.jpg?imageslim,AcFun,三日榜,three-days,hotlist,,2026-09-26 15:22:19
11,这样的学姐喜欢吗？欢乐八点档-1782,审核大大辛苦了！<br/>免费的香蕉投一下吧，没有那就点个赞吧，这对我来说很重要，谢谢！！！<br/>谢谢每一个投蕉的帅哥美女！你们是我坚持更新的动力！<br/>视频来自快手等平台，侵权联系删除！,3927,https://www.acfun.cn/v/ac48870057,https://tx-free-imgs.acfun.cn/newUpload/2176158_4c1f3b60f73e451abc443941d47305d8.gif?imageslim,AcFun,三日榜,three-days,hotlist,,2026-09-26 15:22:19
12,拳击好啊，拳击得学！欢乐八点档-1781,审核大大辛苦了！<br/>免费的香蕉投一下吧，没有那就点个赞吧，这对我来说很重要，谢谢！！！<br/>谢谢每一个投蕉的帅哥美女！你们是我坚持更新的动力！<br/>视频来自快手等平台，侵权联系删除！,4221,https://www.acfun.cn/v/ac48868336,https://tx-free-imgs.acfun.cn/newUpload/2176158_3f6c601293a54468bae97f781440217b.gif?imageslim,AcFun,三日榜,three-days,hotlist,,2026-09-26 15:22:19
13,和我一起健身吧！！！欢乐八点档-1783,审核大大辛苦了！<br/>免费的香蕉投一下吧，没有那就点个赞吧，这对我来说很重要，谢谢！！！<br/>谢谢每一个投蕉的帅哥美女！你们是我坚持更新的动力！<br/>视频来自快手等平台，侵权联系删除！,3091,https://www.acfun.cn/v/ac48872699,https://tx-free-imgs.acfun.cn/newUpload/2176158_e379c7202d2e43029e07ad17f40cab19.gif?imageslim,AcFun,三日榜,three-days,hotlist,,2026-09-26 15:22:19
14,【锅锅x怀瑜x阔落】千里邀月——共饮此杯赏此月，夜好眠,中秋到了，和姐妹们合唱了千里邀月~~<br/>乐：可乐祝大家身体健康，永不加班，月圆人团圆<br/>鱼：怀瑜愿诸位财源广进，常能摸鱼，花好月更圆<br/>锅：锅锅祝大家桂香满锅，早归赏月，饼甜心更甜<br/>祝大家中秋快乐~,1909,https://www.acfun.cn/v/ac48871580,https://tx-free-imgs.acfun.cn/newUpload/67206930_e47be8dbac2546e1b5a4a831e71dabe4.jpeg?imageslim,AcFun,三日榜,three-days,hotlist,,2026-09-26 15:22:19
15,【4K超高清】「JOJO的奇妙冒险 飙马野郎」第2话,,5484,https://www.acfun.cn/v/ac48872740,https://tx-free-imgs.acfun.cn/newUpload/72840608_a526e08904d049d2b38ce5f38bd71e63.jpeg?imageslim,AcFun,三日榜,three-days,hotlist,,2026-09-26 15:22:19
16,嘴角压不住了【今天有什么好笑的 #2515】,：），谢谢大家的投蕉和点赞，祝你开心愉快~<br/>wallpaper壁纸：Genshin 神里绫华<br/>BGM：Wake me up when september ends,2453,https://www.acfun.cn/v/ac48868130,https://tx-free-imgs.acfun.cn/newUpload/383079_ef65121591434d2b86d53db1622776cd.gif?imageslim,AcFun,三日榜,three-days,hotlist,,2026-09-26 15:22:19
17,姛姛？！蝴蝶耳机Manget中文翻唱【箐羽Hane】x【缇若柯Teivoc】,“是否你确实表里如一淡然，还是说你——并不似我贪婪？”<br/>《Manget》磁石 / 蝴蝶耳机 - 中文翻唱<br/>原作作曲 / 流星P<br/>曲绘&翻唱 / 箐羽hane & 缇若柯Teivoc<br/>中文填词 / 果汁凉菜<br/>混音 / 风尘<br/>和笋笋一起唱了我们二次元姛神曲！曲绘也是我和笋笋每个人负责了自己的部分最后再拼到一起的！真好！( *^ ^)o(^ ^* )希望大家也能喜欢！,1660,https://www.acfun.cn/v/ac48869340,https://tx-free-imgs.acfun.cn/newUpload/67511609_d868cdbd6b1849e8958696cdc9db1493.jpeg?imageslim,AcFun,三日榜,three-days,hotlist,,2026-09-26 15:22:19
18,我要冲会员【今天有什么好笑的 #2516】,：），谢谢大家的投蕉和点赞，祝你开心愉快~<br/>wallpaper壁纸：Reze | Chainsaw Man<br/>BGM：Nicoleta Matei - Love mail<br/>,2521,https://www.acfun.cn/v/ac48870763,https://tx-free-imgs.acfun.cn/newUpload/383079_47b0fc3f458042f5bd3717967e55c598.gif?imageslim,AcFun,三日榜,three-days,hotlist,,2026-09-26 15:22:19
19,短裙挑战！超长翻跳一次看个够~【生日作】,,1817,https://www.acfun.cn/v/ac48872675,https://tx-free-imgs.acfun.cn/newUpload/32485245_415db634556140d1841e2ebb4c0d9371.jpeg?imageslim,AcFun,三日榜,three-days,hotlist,,2026-09-26 15:22:19
20,网络上常见的热门短视频集锦   第三千四百四十九期,审核大大辛苦了！<br/>谢谢每一个投蕉的帅哥美女！香蕉没有来个赞也好啊！<br/>视频来自快手等平台，侵权联系删除！,2980,https://www.acfun.cn/v/ac48871496,https://tx-free-imgs.acfun.cn/newUpload/2176158_cf20f7722011491da25ce2efbc799dba.gif?imageslim,AcFun,三日榜,three-days,hotlist,,2026-09-26 15:22:19
21,换你穿越三国乱世，你是起兵还是种田？,有没有宝贝和我一样，看三国的时候总在想，如果换我身在那个乱世，我会怎么样？是起兵争霸，还是归隐山林？ 或是是咱们可以选三国里有名的角色或者可以架空历史从素人做起，一统三国，那会怎么样?我最近就玩了这么一款游戏，一玩就是五个小时，根本停不下来，那今天来聊聊这款开放世界slg游戏《英雄立志传：三国志》~<br/>,2063,https://www.acfun.cn/v/ac48869043,https://tx-free-imgs.acfun.cn/newUpload/61352468_39715609bed041b98b21f3dbb482ad70.jpeg?imageslim,AcFun,三日榜,three-days,hotlist,,2026-09-26 15:22:19
22,网络上常见的热门短视频集锦   第三千四百四十八期,审核大大辛苦了！<br/>谢谢每一个投蕉的帅哥美女！香蕉没有来个赞也好啊！<br/>视频来自快手等平台，侵权联系删除！,3632,https://www.acfun.cn/v/ac48870020,https://tx-free-imgs.acfun.cn/newUpload/2176158_d65e54f4e9ee489b86b6fc28c31c84ee.gif?imageslim,AcFun,三日榜,three-days,hotlist,,2026-09-26 15:22:19
23,网络上常见的热门短视频集锦   第三千四百四十六期,审核大大辛苦了！<br/>谢谢每一个投蕉的帅哥美女！香蕉没有来个赞也好啊！<br/>视频来自快手等平台，侵权联系删除！,3733,https://www.acfun.cn/v/ac48867732,https://tx-free-imgs.acfun.cn/newUpload/2176158_2ec1d99da19a48e0a8e4ff2a2447e612.gif?imageslim,AcFun,三日榜,three-days,hotlist,,2026-09-26 15:22:19
24,沦陷️,歌曲舞蹈：沦陷dj版-星奇摇   动作有改编,1772,https://www.acfun.cn/v/ac48869381,https://tx-free-imgs.acfun.cn/newUpload/12229455_aacf9da97a0940ad8e5f0b509d9cc159.jpeg?imageslim,AcFun,三日榜,three-days,hotlist,,2026-09-26 15:22:19
25,常州新开巴西烤肉自助，100块钱值得吗？,这是我目前为止，去过的第二家巴西烤肉自助，团购优惠的情况下，花了94元。正常价格在95~110不等<br/><br/>简单带大家看下菜品，除了取餐台这么些，各种牛肉制品、大串烧烤都是循环上桌，大家觉得这么些菜式花样，100块钱左右你们觉得贵还是便宜啊，觉得贵的扣1，觉得便宜的扣2,1907,https://www.acfun.cn/v/ac48868891,https://tx-free-imgs.acfun.cn/newUpload/2046675_bf3a59ddff624646850829452262094e.jpeg?imageslim,AcFun,三日榜,three-days,hotlist,,2026-09-26 15:22:19
26,交通事故20260923：交通车祸实例，提高安全驾驶意识,,1473,https://www.acfun.cn/v/ac48868861,https://tx-free-imgs.acfun.cn/newUpload/76871961_edea5de6659a4cd2b733a74989043440.jpg?imageslim,AcFun,三日榜,three-days,hotlist,,2026-09-26 15:22:19
27,网络上常见的热门短视频集锦   第三千四百四十七期,审核大大辛苦了！<br/>谢谢每一个投蕉的帅哥美女！香蕉没有来个赞也好啊！<br/>视频来自快手等平台，侵权联系删除！,3339,https://www.acfun.cn/v/ac48869149,https://tx-free-imgs.acfun.cn/newUpload/2176158_fdf9afe2e00a4a1aa62415c846776eaf.gif?imageslim,AcFun,三日榜,three-days,hotlist,,2026-09-26 15:22:19
28,老板直聘（89）,,1655,https://www.acfun.cn/v/ac48868552,https://tx-free-imgs.acfun.cn/newUpload/74706824_db2c7ba15c5d4aa18872db6b0763b7ca.jpeg?imageslim,AcFun,三日榜,three-days,hotlist,,2026-09-26 15:22:19
29,网络上常见的热门短视频集锦   第三千四百五十期,审核大大辛苦了！<br/>谢谢每一个投蕉的帅哥美女！香蕉没有来个赞也好啊！<br/>视频来自快手等平台，侵权联系删除！,3069,https://www.acfun.cn/v/ac48872279,https://tx-free-imgs.acfun.cn/newUpload/2176158_a96ecd95394b4517928ac111407f75b1.gif?imageslim,AcFun,三日榜,three-days,hotlist,,2026-09-26 15:22:19
30,【颜音】中秋歌回~祝大家节日快乐,皓月凌空，桂香满庭。<br/>愿今夜歌声暖心，祝各位中秋快乐，阖家美满！,1502,https://www.acfun.cn/v/ac48872065,https://tx-free-imgs.acfun.cn/newUpload/4425861_3dab8cdf19a74bf6accbdcd688cd9b6a.jpeg?imageslim,AcFun,三日榜,three-days,hotlist,,2026-09-26 15:22:19
31,人鱼的眼泪,歌曲舞蹈：爱乐之城-人鱼的眼泪,1566,https://www.acfun.cn/v/ac48867050,https://tx-free-imgs.acfun.cn/newUpload/12229455_130b1f041e6741dab4f6295ee27d927e.jpeg?imageslim,AcFun,三日榜,three-days,hotlist,,2026-09-26 15:22:19
32,在英国差点被上门诈骗,可能看到我一人在家，就大胆敲门了，还好平常也会注意周边邻居，没发生什么事儿，这个金额就算被骗也不会报警，以后还是要小心一些了。#英国日常#vlog,1684,https://www.acfun.cn/v/ac48869505,https://tx-free-imgs.acfun.cn/newUpload/43181603_1c8c6c487a864d098b5e7e7bf2a12c6a.jpg?imageslim,AcFun,三日榜,three-days,hotlist,,2026-09-26 15:22:19
33,空姐OL~第57次取消发送,中秋节快乐,1887,https://www.acfun.cn/v/ac48872674,https://tx-free-imgs.acfun.cn/newUpload/14539629_46621bdc88a44c63be63172c5ba6cb6a.jpeg?imageslim,AcFun,三日榜,three-days,hotlist,,2026-09-26 15:22:19
34,原创编舞《千层套路》的定机位竖屏来啦！,,1654,https://www.acfun.cn/v/ac48869245,https://tx-free-imgs.acfun.cn/newUpload/16380981_24bafd11c027499d9fe6820162faa782.png?imageslim,AcFun,三日榜,three-days,hotlist,,2026-09-26 15:22:19
35,沙特反水，退出中国主导数字货币桥项目,,1706,https://www.acfun.cn/v/ac48873521,https://tx-free-imgs.acfun.cn/newUpload/43608832_667ff672cc3548f3bae31d62bb9e3f0e.jpeg?imageslim,AcFun,三日榜,three-days,hotlist,,2026-09-26 15:22:19
36,【东方/汉化】咲夜带你了解汉字【MMD搞笑小剧场】,作者：クローバー,1350,https://www.acfun.cn/v/ac48872652,https://tx-free-imgs.acfun.cn/newUpload/6102_8b2072189ecb4044a7de95bb450d02ed.jpeg?imageslim,AcFun,三日榜,three-days,hotlist,,2026-09-26 15:22:19
37,发个friend圈,,1550,https://www.acfun.cn/v/ac48863958,https://tx-free-imgs.acfun.cn/newUpload/12439728_b44cb67ae45a4c179b08227368f4159c.png?imageslim,AcFun,三日榜,three-days,hotlist,,2026-09-26 15:22:19
38,奥迪“宫斗”十年大结局？一汽拿四环，上汽拿AUDI,一汽奥迪和上汽奥迪“宫斗”了十年，终于要划下句号了？,1757,https://www.acfun.cn/v/ac48870981,https://tx-free-imgs.acfun.cn/newUpload/13630266_3fde785be5a2411495618f67d01ab66a.jpeg?imageslim,AcFun,三日榜,three-days,hotlist,,2026-09-26 15:22:19
39,望眼欲穿【今天有什么好笑的 #2517】,：），谢谢大家的投蕉和点赞，祝你开心愉快~<br/>Wallpaper壁纸：雪山与女孩<br/>Bgm：あのね。,1977,https://www.acfun.cn/v/ac48872647,https://tx-free-imgs.acfun.cn/newUpload/383079_40beb913fd1a44d3afa053553d53b466.gif?imageslim,AcFun,三日榜,three-days,hotlist,,2026-09-26 15:22:19
40,【东方】QUEEN【蕾米莉亚 Miy Ver. MMD】,作者：やくも<br/><br/>楽曲:Kanaria 様→https://www.nicovideo.jp/watch/sm4088...<br/>振付:AKIRA様<br/>モーション:P-nez 様→https://www.nicovideo.jp/watch/sm4350...<br/>カメラ:Mizuha様→https://www.nicovideo.jp/watch/sm4353...<br/>モデル:MIy様<br/>ステージ:栗ごはん様<br/>アクセサリ:アスカ様,1279,https://www.acfun.cn/v/ac48870080,https://tx-free-imgs.acfun.cn/newUpload/6102_6a4dce20c9b74fa0bbdff3ccc0a73c5d.png?imageslim,AcFun,三日榜,three-days,hotlist,,2026-09-26 15:22:19
41,捏捏已经已进化到可以吃的地步啦？,,1642,https://www.acfun.cn/v/ac48868638,https://tx-free-imgs.acfun.cn/newUpload/6177430_486c910212d548c991eeb140f146a6ed.jpeg?imageslim,AcFun,三日榜,three-days,hotlist,,2026-09-26 15:22:19
42,如果我和她恋爱的话……,,1536,https://www.acfun.cn/v/ac48871545,https://tx-free-imgs.acfun.cn/newUpload/2277346_de526594356a4c9f90b71bf5823054e6.jpg?imageslim,AcFun,三日榜,three-days,hotlist,,2026-09-26 15:22:19
43,只有刀鸣最小丑？各大游戏千年血战联动盘点！,300英雄的含金量还在上升,1994,https://www.acfun.cn/v/ac48869154,https://tx-free-imgs.acfun.cn/newUpload/247671_7d920e56c00e4af39fed560bf094f965.jpeg?imageslim,AcFun,三日榜,three-days,hotlist,,2026-09-26 15:22:19
44,这套皮肤真的很喜欢,,1498,https://www.acfun.cn/v/ac48871657,https://tx-free-imgs.acfun.cn/newUpload/16380981_ac9640e59a3a42e093fcee0a0b81d474.jpg?imageslim,AcFun,三日榜,three-days,hotlist,,2026-09-26 15:22:19
45,忘情牛肉面,,1581,https://www.acfun.cn/v/ac48873433,https://tx-free-imgs.acfun.cn/newUpload/11361784_6fe659c9e31e428c8b700a04d46742fd.jpg?imageslim,AcFun,三日榜,three-days,hotlist,,2026-09-26 15:22:19
46,两段不伦恋 15年复仇路《老男孩》吴大秀我的折磨可是一辈子,本期带来《老男孩》50分钟 国庆要到了，铁粉都知道背包住在网红街道 小长假根本没法做节目，阿杰提意带着各自父母一起出去玩几天 所以这几天会加急看看能不能赶出来一期，实再不行就小长假后更新咯，中秋国庆都祝小伙伴开心快乐！,1249,https://www.acfun.cn/v/ac48871285,https://tx-free-imgs.acfun.cn/newUpload/6894185_ab259859c7df40d1b092d2e828bf38e5.jpeg?imageslim,AcFun,三日榜,three-days,hotlist,,2026-09-26 15:22:19
47,你吃月饼了吗？,,1460,https://www.acfun.cn/v/ac48869054,https://tx-free-imgs.acfun.cn/newUpload/1167675_8f48723afb0e41ecbe772249b3f4df1a.jpg?imageslim,AcFun,三日榜,three-days,hotlist,,2026-09-26 15:22:19
48,我终于明白什么都不缺的含金量！,,1269,https://www.acfun.cn/v/ac48872781,https://tx-free-imgs.acfun.cn/newUpload/6177430_06f5f9b03edd4f73a3dfeba4cf78db16.jpeg?imageslim,AcFun,三日榜,three-days,hotlist,,2026-09-26 15:22:19
49,“原来和思念的人相见，就是人们常说的团圆” | 愿年年有今夜《妙妙人间》,「愿岁岁年年有此夜。」<br/>To : 虽然隔着屏幕，但同一轮月亮也让我们团圆在这里。中秋快乐呀~<br/>==========<br/>《妙妙人间》<br/>原唱：张含韵<br/>混音：饭団子p<br/>翻唱&视频：露纱琳黛,1150,https://www.acfun.cn/v/ac48871599,https://tx-free-imgs.acfun.cn/newUpload/69790459_0b53ce48e1c7437c9bdd3cf45d53de8f.jpeg?imageslim,AcFun,三日榜,three-days,hotlist,,2026-09-26 15:22:19
50,彩礼十万，你给二十万什么意思？★手机竖屏2015★,审核大大辛苦了！<br/>谢谢每一个投蕉的帅哥美女！香蕉没有来个赞也好啊！<br/>视频来自快手等平台，侵权联系删除！,1645,https://www.acfun.cn/v/ac48873346,https://tx-free-imgs.acfun.cn/newUpload/2176158_b118313c0ec044bba95e256fe492e589.gif?imageslim,AcFun,三日榜,three-days,hotlist,,2026-09-26 15:22:19
1,剑戟战斗的巅峰 关卡内容的洼地 偏科严重的《鬼武者：剑之道》,它给人爽的部分是真的爽，但是在每次爽之前，你得堵不少马桶，先生。,4549,https://www.acfun.cn/v/ac48859506,https://tx-free-imgs.acfun.cn/newUpload/934542_5d98ad80ca9c4307b5cdc2051c11cb50.jpeg?imageslim,AcFun,周榜,week,hotlist,,2026-09-26 15:22:19
2,是谁点的小恶魔，蕉出来～,,6403,https://www.acfun.cn/v/ac48867778,https://tx-free-imgs.acfun.cn/newUpload/17062172_6098fee67d1748e0ab5dab3b5665736c.jpg?imageslim,AcFun,周榜,week,hotlist,,2026-09-26 15:22:19
3,跳最开心的一集,,3994,https://www.acfun.cn/v/ac48860571,https://tx-free-imgs.acfun.cn/newUpload/50330447_79a3f269514140c29e7a85fb7c9dc94c.jpg?imageslim,AcFun,周榜,week,hotlist,,2026-09-26 15:22:19
4,娃：真遗憾，本来打算亲自告诉你们的,嘿嘿希望大家都万事顺意～心想事成,5465,https://www.acfun.cn/v/ac48871740,https://tx-free-imgs.acfun.cn/newUpload/17062172_d1a93166ed084e3aadac2fea4bba0707.jpg?imageslim,AcFun,周榜,week,hotlist,,2026-09-26 15:22:19
5,喜欢哪套？,,7234,https://www.acfun.cn/v/ac48861422,https://tx-free-imgs.acfun.cn/newUpload/3540234_729e0d22251f439da3735f26e58d174f.jpg?imageslim,AcFun,周榜,week,hotlist,,2026-09-26 15:22:19
6,过期JK碎碎念！,家人们记得蕉一蕉捏 啾咪,5952,https://www.acfun.cn/v/ac48859219,https://tx-free-imgs.acfun.cn/newUpload/17062172_5dd6ea8b5f2741ff87f0911db6dfb909.jpg?imageslim,AcFun,周榜,week,hotlist,,2026-09-26 15:22:19
7,《野生动物迷惑行为》,喜欢请投蕉啊   谢谢啦！,2945,https://www.acfun.cn/v/ac48868360,https://tx-free-imgs.acfun.cn/newUpload/1342385_3fab348c538e4c0fa001871a708fe302.jpeg?imageslim,AcFun,周榜,week,hotlist,,2026-09-26 15:22:19
8,人间琴悠扬，姑娘把谁记心上～,,2737,https://www.acfun.cn/v/ac48863143,https://tx-free-imgs.acfun.cn/newUpload/50330447_938d77716a11477e843914663278ff07.jpg?imageslim,AcFun,周榜,week,hotlist,,2026-09-26 15:22:19
9,裸足圆脸仙女下凡～跳一曲千里邀月【可心喵】,,2612,https://www.acfun.cn/v/ac48872448,https://tx-free-imgs.acfun.cn/newUpload/12892608_6691690fd8e944278bda5d5390e1e5a9.jpg?imageslim,AcFun,周榜,week,hotlist,,2026-09-26 15:22:19
10,《动物迷惑行为大赏325》,喜欢请投蕉啊 谢谢啦！,2677,https://www.acfun.cn/v/ac48861293,https://tx-free-imgs.acfun.cn/newUpload/1342385_03080470038d444a95ce01ff6a6aeb9f.jpeg?imageslim,AcFun,周榜,week,hotlist,,2026-09-26 15:22:19
11,双马尾小女仆带来的情绪摇～,,4024,https://www.acfun.cn/v/ac48861966,https://tx-free-imgs.acfun.cn/newUpload/11361784_8cee0402b4754b1e82f85b7099791793.jpg?imageslim,AcFun,周榜,week,hotlist,,2026-09-26 15:22:19
12,帮Acer问一下，地址在哪里？欢乐八点档-1779,审核大大辛苦了！<br/>免费的香蕉投一下吧，没有那就点个赞吧，这对我来说很重要，谢谢！！！<br/>谢谢每一个投蕉的帅哥美女！你们是我坚持更新的动力！<br/>视频来自快手等平台，侵权联系删除！,4529,https://www.acfun.cn/v/ac48863633,https://tx-free-imgs.acfun.cn/newUpload/2176158_ff69c3c797d5414e8056b329918cc5b6.gif?imageslim,AcFun,周榜,week,hotlist,,2026-09-26 15:22:19
13,【绘图过程】《海边》6周年纪念插图过程,6周年纪念插图挂画（预售）、沙滩巾（预售），阿宝已上架,3403,https://www.acfun.cn/v/ac48836990,https://tx-free-imgs.acfun.cn/newUpload/179922_9f95aba039e84f3594c3947b3c8fdd58.jpeg?imageslim,AcFun,周榜,week,hotlist,,2026-09-26 15:22:19
14,还是少妇会的多啊！★手机竖屏2011★,审核大大辛苦了！<br/>谢谢每一个投蕉的帅哥美女！香蕉没有来个赞也好啊！<br/>视频来自快手等平台，侵权联系删除！,5274,https://www.acfun.cn/v/ac48864360,https://tx-free-imgs.acfun.cn/newUpload/2176158_3d4f199fd93640468e543b9ee25ac4c0.gif?imageslim,AcFun,周榜,week,hotlist,,2026-09-26 15:22:19
15,漫威金刚狼深陷争议！SweetBaby又毁一款？【绅批】,这算是DEI的历史遗留问题了，所有现在已经从sweetbaby离职的人，只要参与过游戏制作也会被署名（比如桥本和真）,2993,https://www.acfun.cn/v/ac48868810,https://tx-free-imgs.acfun.cn/newUpload/526850_ca1da1572b1d494a93e2f6bab46cf76b.jpeg?imageslim,AcFun,周榜,week,hotlist,,2026-09-26 15:22:19
16,因为害怕被讨厌 所以把自己藏起来了,,3251,https://www.acfun.cn/v/ac48871331,https://tx-free-imgs.acfun.cn/newUpload/11361784_3d4bd69b46f541e184c2922c24f09276.jpg?imageslim,AcFun,周榜,week,hotlist,,2026-09-26 15:22:19
17,我真的是来吃饭的！★手机竖屏2013★,审核大大辛苦了！<br/>谢谢每一个投蕉的帅哥美女！香蕉没有来个赞也好啊！<br/>视频来自快手等平台，侵权联系删除！,3974,https://www.acfun.cn/v/ac48869145,https://tx-free-imgs.acfun.cn/newUpload/2176158_eb4b69370b8f435aa2b171e72403d356.gif?imageslim,AcFun,周榜,week,hotlist,,2026-09-26 15:22:19
18,mr chu!!好怀念这首歌,,2154,https://www.acfun.cn/v/ac48869375,https://tx-free-imgs.acfun.cn/newUpload/16380981_19592eb83a88429695ee1a0508fc3df0.png?imageslim,AcFun,周榜,week,hotlist,,2026-09-26 15:22:19
19,网络上常见的热门短视频集锦   第三千四百三十八期,审核大大辛苦了！<br/>谢谢每一个投蕉的帅哥美女！香蕉没有来个赞也好啊！<br/>视频来自快手等平台，侵权联系删除！,4466,https://www.acfun.cn/v/ac48858394,https://tx-free-imgs.acfun.cn/newUpload/2176158_38174e72af934b9e86687045b01f0dd3.gif?imageslim,AcFun,周榜,week,hotlist,,2026-09-26 15:22:19
20,钓鱼佬是真会享受！欢乐八点档-1777,审核大大辛苦了！<br/>免费的香蕉投一下吧，没有那就点个赞吧，这对我来说很重要，谢谢！！！<br/>谢谢每一个投蕉的帅哥美女！你们是我坚持更新的动力！<br/>视频来自快手等平台，侵权联系删除！,4622,https://www.acfun.cn/v/ac48858969,https://tx-free-imgs.acfun.cn/newUpload/2176158_c9d74d926c4c4d709a4b6b7769dffcca.gif?imageslim,AcFun,周榜,week,hotlist,,2026-09-26 15:22:19
21,一波还未平息一波又来侵袭！★手机竖屏2010★,审核大大辛苦了！<br/>谢谢每一个投蕉的帅哥美女！香蕉没有来个赞也好啊！<br/>视频来自快手等平台，侵权联系删除！,4816,https://www.acfun.cn/v/ac48862013,https://tx-free-imgs.acfun.cn/newUpload/2176158_c4802142afc14d50b2cd775e67890cca.gif?imageslim,AcFun,周榜,week,hotlist,,2026-09-26 15:22:19
22,女妖邪神凶宅索命，最惨主角逆天求生！克系神游《魔女屋中之梦》像素恐怖游戏详细讲述【深夜档】,如何在60天内，让洛夫克拉夫特小说中惨死的倒霉主角逆天改命？这位芬兰作者打造了一部又硬核又忠实的优秀克苏鲁游戏！入住阿卡姆百年凶宅的凡人主角沃尔特·吉尔曼，接连遭到人脸妖鼠，恐怖女巫，不可名状外神的侵袭。白天钻研神秘学知识，梦中游历邪恶异星。他将与密斯卡托尼克大学最强战神亨利·阿米蒂奇教授联手对抗邪神降世！这是一部真正将洛氏“宇宙恐怖”带入到日常，并忠实于原著的游戏，自由度超高且信息量惊人！我将细致地带各位体验这跌宕起伏的60天，看弱小的主角如何起死回生并拯救世界！,1688,https://www.acfun.cn/v/ac48872418,https://tx-free-imgs.acfun.cn/newUpload/817797_2631b7cf26c14c2fbbfb062962a775be.jpeg?imageslim,AcFun,周榜,week,hotlist,,2026-09-26 15:22:19
23,还是少妇会啊！！！★手机竖屏2009★,审核大大辛苦了！<br/>谢谢每一个投蕉的帅哥美女！香蕉没有来个赞也好啊！<br/>视频来自快手等平台，侵权联系删除！,4917,https://www.acfun.cn/v/ac48859515,https://tx-free-imgs.acfun.cn/newUpload/2176158_d4e9e6e30f4446319f9e720adfe35ef9.gif?imageslim,AcFun,周榜,week,hotlist,,2026-09-26 15:22:19
24,拜托了，夫人！★手机竖屏2014★,审核大大辛苦了！<br/>谢谢每一个投蕉的帅哥美女！香蕉没有来个赞也好啊！<br/>视频来自快手等平台，侵权联系删除！,3628,https://www.acfun.cn/v/ac48871493,https://tx-free-imgs.acfun.cn/newUpload/2176158_afaf0913878443b1bc00d636136ffce3.gif?imageslim,AcFun,周榜,week,hotlist,,2026-09-26 15:22:19
25,【AC娘】琵琶曲,原作者：Kotte Animation<br/>还有瑕疵，看个乐吧,3201,https://www.acfun.cn/v/ac48864492,https://tx-free-imgs.acfun.cn/newUpload/41729435_02cbd995b6d54f508eb21d3cb8621903.jpeg?imageslim,AcFun,周榜,week,hotlist,,2026-09-26 15:22:19
26,今夜的风悄悄月悄悄~,,2899,https://www.acfun.cn/v/ac48873434,https://tx-free-imgs.acfun.cn/newUpload/23512715_0f364b6606dd467ab9975ffef5af1b29.jpg?imageslim,AcFun,周榜,week,hotlist,,2026-09-26 15:22:19
27,25年了，回坊天花板小酥肉，还是那个味儿,记忆中的味道，回来了，都回来了……<br/>一口椒麻一口鲜，大口吃肉，配上热腾腾的米饭，绝了。<br/>素三鲜也是无敌的存在！,2585,https://www.acfun.cn/v/ac48865538,https://tx-free-imgs.acfun.cn/newUpload/13765438_9bc4a0abf32a4c1aa3e83c844de84649.jpeg?imageslim,AcFun,周榜,week,hotlist,,2026-09-26 15:22:19
28,这样的学姐喜欢吗？欢乐八点档-1782,审核大大辛苦了！<br/>免费的香蕉投一下吧，没有那就点个赞吧，这对我来说很重要，谢谢！！！<br/>谢谢每一个投蕉的帅哥美女！你们是我坚持更新的动力！<br/>视频来自快手等平台，侵权联系删除！,3927,https://www.acfun.cn/v/ac48870057,https://tx-free-imgs.acfun.cn/newUpload/2176158_4c1f3b60f73e451abc443941d47305d8.gif?imageslim,AcFun,周榜,week,hotlist,,2026-09-26 15:22:19
29,北京豆汁会惩罚每一个好奇的人！欢乐八点档-1780,审核大大辛苦了！<br/>免费的香蕉投一下吧，没有那就点个赞吧，这对我来说很重要，谢谢！！！<br/>谢谢每一个投蕉的帅哥美女！你们是我坚持更新的动力！<br/>视频来自快手等平台，侵权联系删除！,4514,https://www.acfun.cn/v/ac48865965,https://tx-free-imgs.acfun.cn/newUpload/2176158_ec83e6fb2ffc4005b41881ac13dbaeca.gif?imageslim,AcFun,周榜,week,hotlist,,2026-09-26 15:22:19
30,拳击好啊，拳击得学！欢乐八点档-1781,审核大大辛苦了！<br/>免费的香蕉投一下吧，没有那就点个赞吧，这对我来说很重要，谢谢！！！<br/>谢谢每一个投蕉的帅哥美女！你们是我坚持更新的动力！<br/>视频来自快手等平台，侵权联系删除！,4221,https://www.acfun.cn/v/ac48868336,https://tx-free-imgs.acfun.cn/newUpload/2176158_3f6c601293a54468bae97f781440217b.gif?imageslim,AcFun,周榜,week,hotlist,,2026-09-26 15:22:19
31,和我一起健身吧！！！欢乐八点档-1783,审核大大辛苦了！<br/>免费的香蕉投一下吧，没有那就点个赞吧，这对我来说很重要，谢谢！！！<br/>谢谢每一个投蕉的帅哥美女！你们是我坚持更新的动力！<br/>视频来自快手等平台，侵权联系删除！,3091,https://www.acfun.cn/v/ac48872699,https://tx-free-imgs.acfun.cn/newUpload/2176158_e379c7202d2e43029e07ad17f40cab19.gif?imageslim,AcFun,周榜,week,hotlist,,2026-09-26 15:22:19
32,你的拳头真是肥嘟嘟的...,动漫：心灵的声音，作者：赵石【韩国】,2212,https://www.acfun.cn/v/ac48859870,https://tx-free-imgs.acfun.cn/newUpload/509259_2fa91d5206504450be471808d9c93a22.jpeg?imageslim,AcFun,周榜,week,hotlist,,2026-09-26 15:22:19
33,这个一字马技术含量很高啊！欢乐八点档-1778,审核大大辛苦了！<br/>免费的香蕉投一下吧，没有那就点个赞吧，这对我来说很重要，谢谢！！！<br/>谢谢每一个投蕉的帅哥美女！你们是我坚持更新的动力！<br/>视频来自快手等平台，侵权联系删除！,4407,https://www.acfun.cn/v/ac48861225,https://tx-free-imgs.acfun.cn/newUpload/2176158_0824627cb76d40dc99ce9cb12c07e4cc.gif?imageslim,AcFun,周榜,week,hotlist,,2026-09-26 15:22:19
34,网络上常见的热门短视频集锦   第三千四百四十五期,审核大大辛苦了！<br/>谢谢每一个投蕉的帅哥美女！香蕉没有来个赞也好啊！<br/>视频来自快手等平台，侵权联系删除！,3985,https://www.acfun.cn/v/ac48866824,https://tx-free-imgs.acfun.cn/newUpload/2176158_dba921eb42f14c7ba31a1af83bfe71ce.gif?imageslim,AcFun,周榜,week,hotlist,,2026-09-26 15:22:19
35,琵琶曲丨夜神月 VS  L,原曲：琵琶曲,2289,https://www.acfun.cn/v/ac48861693,https://tx-free-imgs.acfun.cn/newUpload/16986934_3bf4dd94910c4845acf851f7f0fdb757.jpeg?imageslim,AcFun,周榜,week,hotlist,,2026-09-26 15:22:19
36,网络上常见的热门短视频集锦   第三千四百四十一期,审核大大辛苦了！<br/>谢谢每一个投蕉的帅哥美女！香蕉没有来个赞也好啊！<br/>视频来自快手等平台，侵权联系删除！,4219,https://www.acfun.cn/v/ac48862019,https://tx-free-imgs.acfun.cn/newUpload/2176158_6e5a88d95f344d92a8d97a57f03ac4b9.gif?imageslim,AcFun,周榜,week,hotlist,,2026-09-26 15:22:19
37,空中瑜伽！！！★手机竖屏2012★,审核大大辛苦了！<br/>谢谢每一个投蕉的帅哥美女！香蕉没有来个赞也好啊！<br/>视频来自快手等平台，侵权联系删除！,4512,https://www.acfun.cn/v/ac48866821,https://tx-free-imgs.acfun.cn/newUpload/2176158_610807af48f5463a891fc9f341c9b16f.gif?imageslim,AcFun,周榜,week,hotlist,,2026-09-26 15:22:19
38,厨师长教你：“鱼香肉丝”的家常做法，酸甜微辣，口感丰富,,2076,https://www.acfun.cn/v/ac48867741,https://tx-free-imgs.acfun.cn/newUpload/13274260_93e68d1098d04ffca2683655a6a404c2.jpeg?imageslim,AcFun,周榜,week,hotlist,,2026-09-26 15:22:19
39,一天生产500万个！速冻水饺是如何制造出来的？,,2173,https://www.acfun.cn/v/ac48859253,https://tx-free-imgs.acfun.cn/newUpload/19281632_57f07fe28e24422d948491fd2d43586c.jpeg?imageslim,AcFun,周榜,week,hotlist,,2026-09-26 15:22:19
40,网络上常见的热门短视频集锦   第三千四百三十九期,审核大大辛苦了！<br/>谢谢每一个投蕉的帅哥美女！香蕉没有来个赞也好啊！<br/>视频来自快手等平台，侵权联系删除！,4060,https://www.acfun.cn/v/ac48859518,https://tx-free-imgs.acfun.cn/newUpload/2176158_13f61f1aa39c4732bdaeed87fe0e28a4.gif?imageslim,AcFun,周榜,week,hotlist,,2026-09-26 15:22:19
41,【锅锅x怀瑜x阔落】千里邀月——共饮此杯赏此月，夜好眠,中秋到了，和姐妹们合唱了千里邀月~~<br/>乐：可乐祝大家身体健康，永不加班，月圆人团圆<br/>鱼：怀瑜愿诸位财源广进，常能摸鱼，花好月更圆<br/>锅：锅锅祝大家桂香满锅，早归赏月，饼甜心更甜<br/>祝大家中秋快乐~,1909,https://www.acfun.cn/v/ac48871580,https://tx-free-imgs.acfun.cn/newUpload/67206930_e47be8dbac2546e1b5a4a831e71dabe4.jpeg?imageslim,AcFun,周榜,week,hotlist,,2026-09-26 15:22:19
42,今天你不能嫁出去【今天有什么好笑的 #2514】,：)，谢谢大家，祝你们开心。<br/>wallpaper壁纸：Fading Astronaut 5K (update)<br/>BGM：I Want It That Way,2930,https://www.acfun.cn/v/ac48865864,https://tx-free-imgs.acfun.cn/newUpload/383079_ee4f5f7badf74f05a2ef6c691387f327.gif?imageslim,AcFun,周榜,week,hotlist,,2026-09-26 15:22:19
43,【4K超高清】「JOJO的奇妙冒险 飙马野郎」第2话,,5484,https://www.acfun.cn/v/ac48872740,https://tx-free-imgs.acfun.cn/newUpload/72840608_a526e08904d049d2b38ce5f38bd71e63.jpeg?imageslim,AcFun,周榜,week,hotlist,,2026-09-26 15:22:19
44,现在电脑不好卖了，以后我们出租AI机器人吧,,2594,https://www.acfun.cn/v/ac48867767,https://tx-free-imgs.acfun.cn/newUpload/17928_c684f06231604145b533a0f00627c624.png?imageslim,AcFun,周榜,week,hotlist,,2026-09-26 15:22:19
45,嘴角压不住了【今天有什么好笑的 #2515】,：），谢谢大家的投蕉和点赞，祝你开心愉快~<br/>wallpaper壁纸：Genshin 神里绫华<br/>BGM：Wake me up when september ends,2453,https://www.acfun.cn/v/ac48868130,https://tx-free-imgs.acfun.cn/newUpload/383079_ef65121591434d2b86d53db1622776cd.gif?imageslim,AcFun,周榜,week,hotlist,,2026-09-26 15:22:19
46,【东方】推特东方小视频选集 第272期,睡觉睡觉睡觉睡觉睡觉睡觉睡觉睡觉睡觉睡觉……,1414,https://www.acfun.cn/v/ac48858830,https://tx-free-imgs.acfun.cn/newUpload/6102_5a13d6efeec742ff84c512206aaeb7b0.jpeg?imageslim,AcFun,周榜,week,hotlist,,2026-09-26 15:22:19
47,甜妹来袭！,,2174,https://www.acfun.cn/v/ac48863947,https://tx-free-imgs.acfun.cn/newUpload/12439728_1fd5a3c6e60241a1a1cd8f89dbede769.png?imageslim,AcFun,周榜,week,hotlist,,2026-09-26 15:22:19
48,网络上常见的热门短视频集锦   第三千四百四十三期,审核大大辛苦了！<br/>谢谢每一个投蕉的帅哥美女！香蕉没有来个赞也好啊！<br/>视频来自快手等平台，侵权联系删除！,3685,https://www.acfun.cn/v/ac48864363,https://tx-free-imgs.acfun.cn/newUpload/2176158_dfef22dbf6934a15a594e5766b8680ca.gif?imageslim,AcFun,周榜,week,hotlist,,2026-09-26 15:22:19
49,姛姛？！蝴蝶耳机Manget中文翻唱【箐羽Hane】x【缇若柯Teivoc】,“是否你确实表里如一淡然，还是说你——并不似我贪婪？”<br/>《Manget》磁石 / 蝴蝶耳机 - 中文翻唱<br/>原作作曲 / 流星P<br/>曲绘&翻唱 / 箐羽hane & 缇若柯Teivoc<br/>中文填词 / 果汁凉菜<br/>混音 / 风尘<br/>和笋笋一起唱了我们二次元姛神曲！曲绘也是我和笋笋每个人负责了自己的部分最后再拼到一起的！真好！( *^ ^)o(^ ^* )希望大家也能喜欢！,1660,https://www.acfun.cn/v/ac48869340,https://tx-free-imgs.acfun.cn/newUpload/67511609_d868cdbd6b1849e8958696cdc9db1493.jpeg?imageslim,AcFun,周榜,week,hotlist,,2026-09-26 15:22:19
50,网络上常见的热门短视频集锦   第三千四百四十四期,审核大大辛苦了！<br/>谢谢每一个投蕉的帅哥美女！香蕉没有来个赞也好啊！<br/>视频来自快手等平台，侵权联系删除！,3584,https://www.acfun.cn/v/ac48865021,https://tx-free-imgs.acfun.cn/newUpload/2176158_663463f1e6004dc2b4dea153d1e60c05.gif?imageslim,AcFun,周榜,week,hotlist,,2026-09-26 15:22:19
1,女妖邪神凶宅索命，最惨主角逆天求生！克系神游《魔女屋中之梦》像素恐怖游戏详细讲述【深夜档】,如何在60天内，让洛夫克拉夫特小说中惨死的倒霉主角逆天改命？这位芬兰作者打造了一部又硬核又忠实的优秀克苏鲁游戏！入住阿卡姆百年凶宅的凡人主角沃尔特·吉尔曼，接连遭到人脸妖鼠，恐怖女巫，不可名状外神的侵袭。白天钻研神秘学知识，梦中游历邪恶异星。他将与密斯卡托尼克大学最强战神亨利·阿米蒂奇教授联手对抗邪神降世！这是一部真正将洛氏“宇宙恐怖”带入到日常，并忠实于原著的游戏，自由度超高且信息量惊人！我将细致地带各位体验这跌宕起伏的60天，看弱小的主角如何起死回生并拯救世界！,1731,https://www.acfun.cn/v/ac48872418,https://tx-free-imgs.acfun.cn/newUpload/817797_2631b7cf26c14c2fbbfb062962a775be.jpeg?imageslim,AcFun,日榜,day,hotlist,,2026-09-26 16:27:11
2,今夜的风悄悄月悄悄~,,3038,https://www.acfun.cn/v/ac48873434,https://tx-free-imgs.acfun.cn/newUpload/23512715_0f364b6606dd467ab9975ffef5af1b29.jpg?imageslim,AcFun,日榜,day,hotlist,,2026-09-26 16:27:11
3,和我一起健身吧！！！欢乐八点档-1783,审核大大辛苦了！<br/>免费的香蕉投一下吧，没有那就点个赞吧，这对我来说很重要，谢谢！！！<br/>谢谢每一个投蕉的帅哥美女！你们是我坚持更新的动力！<br/>视频来自快手等平台，侵权联系删除！,3224,https://www.acfun.cn/v/ac48872699,https://tx-free-imgs.acfun.cn/newUpload/2176158_e379c7202d2e43029e07ad17f40cab19.gif?imageslim,AcFun,日榜,day,hotlist,,2026-09-26 16:27:11
4,【4K超高清】「JOJO的奇妙冒险 飙马野郎」第2话,,5601,https://www.acfun.cn/v/ac48872740,https://tx-free-imgs.acfun.cn/newUpload/72840608_a526e08904d049d2b38ce5f38bd71e63.jpeg?imageslim,AcFun,日榜,day,hotlist,,2026-09-26 16:27:11
5,短裙挑战！超长翻跳一次看个够~【生日作】,,1891,https://www.acfun.cn/v/ac48872675,https://tx-free-imgs.acfun.cn/newUpload/32485245_415db634556140d1841e2ebb4c0d9371.jpeg?imageslim,AcFun,日榜,day,hotlist,,2026-09-26 16:27:11
6,网络上常见的热门短视频集锦   第三千四百五十期,审核大大辛苦了！<br/>谢谢每一个投蕉的帅哥美女！香蕉没有来个赞也好啊！<br/>视频来自快手等平台，侵权联系删除！,3197,https://www.acfun.cn/v/ac48872279,https://tx-free-imgs.acfun.cn/newUpload/2176158_a96ecd95394b4517928ac111407f75b1.gif?imageslim,AcFun,日榜,day,hotlist,,2026-09-26 16:27:11
7,沙特反水，退出中国主导数字货币桥项目,,1759,https://www.acfun.cn/v/ac48873521,https://tx-free-imgs.acfun.cn/newUpload/43608832_667ff672cc3548f3bae31d62bb9e3f0e.jpeg?imageslim,AcFun,日榜,day,hotlist,,2026-09-26 16:27:11
8,【东方/汉化】咲夜带你了解汉字【MMD搞笑小剧场】,作者：クローバー,1400,https://www.acfun.cn/v/ac48872652,https://tx-free-imgs.acfun.cn/newUpload/6102_8b2072189ecb4044a7de95bb450d02ed.jpeg?imageslim,AcFun,日榜,day,hotlist,,2026-09-26 16:27:11
9,我终于明白什么都不缺的含金量！,,1285,https://www.acfun.cn/v/ac48872781,https://tx-free-imgs.acfun.cn/newUpload/6177430_06f5f9b03edd4f73a3dfeba4cf78db16.jpeg?imageslim,AcFun,日榜,day,hotlist,,2026-09-26 16:27:11
10,如果我和她恋爱的话……,,1580,https://www.acfun.cn/v/ac48871545,https://tx-free-imgs.acfun.cn/newUpload/2277346_de526594356a4c9f90b71bf5823054e6.jpg?imageslim,AcFun,日榜,day,hotlist,,2026-09-26 16:27:11
11,两段不伦恋 15年复仇路《老男孩》吴大秀我的折磨可是一辈子,本期带来《老男孩》50分钟 国庆要到了，铁粉都知道背包住在网红街道 小长假根本没法做节目，阿杰提意带着各自父母一起出去玩几天 所以这几天会加急看看能不能赶出来一期，实再不行就小长假后更新咯，中秋国庆都祝小伙伴开心快乐！,1261,https://www.acfun.cn/v/ac48871285,https://tx-free-imgs.acfun.cn/newUpload/6894185_ab259859c7df40d1b092d2e828bf38e5.jpeg?imageslim,AcFun,日榜,day,hotlist,,2026-09-26 16:27:11
12,忘情牛肉面,,1627,https://www.acfun.cn/v/ac48873433,https://tx-free-imgs.acfun.cn/newUpload/11361784_6fe659c9e31e428c8b700a04d46742fd.jpg?imageslim,AcFun,日榜,day,hotlist,,2026-09-26 16:27:11
13,“原来和思念的人相见，就是人们常说的团圆” | 愿年年有今夜《妙妙人间》,「愿岁岁年年有此夜。」<br/>To : 虽然隔着屏幕，但同一轮月亮也让我们团圆在这里。中秋快乐呀~<br/>==========<br/>《妙妙人间》<br/>原唱：张含韵<br/>混音：饭団子p<br/>翻唱&视频：露纱琳黛,1159,https://www.acfun.cn/v/ac48871599,https://tx-free-imgs.acfun.cn/newUpload/69790459_0b53ce48e1c7437c9bdd3cf45d53de8f.jpeg?imageslim,AcFun,日榜,day,hotlist,,2026-09-26 16:27:11
14,想和你一起赏月𐔌՞ ܸ.ˬ.ܸ՞𐦯千里邀月,,1209,https://www.acfun.cn/v/ac48873207,https://tx-free-imgs.acfun.cn/newUpload/57336445_c7d705d3782c4b0193b62c6d02e43748.jpg?imageslim,AcFun,日榜,day,hotlist,,2026-09-26 16:27:11
15,彩礼十万，你给二十万什么意思？★手机竖屏2015★,审核大大辛苦了！<br/>谢谢每一个投蕉的帅哥美女！香蕉没有来个赞也好啊！<br/>视频来自快手等平台，侵权联系删除！,1748,https://www.acfun.cn/v/ac48873346,https://tx-free-imgs.acfun.cn/newUpload/2176158_b118313c0ec044bba95e256fe492e589.gif?imageslim,AcFun,日榜,day,hotlist,,2026-09-26 16:27:11
16,香煎盐焗鸡｜简单到不可能失败，外焦里嫩巨好吃,,1244,https://www.acfun.cn/v/ac48870521,https://tx-free-imgs.acfun.cn/newUpload/1383198_a8487ee2fe9849dc9807f9da5d193fb1.jpeg?imageslim,AcFun,日榜,day,hotlist,,2026-09-26 16:27:11
17,【官方中字】SBR JOJO的奇妙冒险 飙马野郎 2nd＆3rd STAGE 第二集,,2270,https://www.acfun.cn/v/ac48872883,https://tx-free-imgs.acfun.cn/newUpload/30501027_27e89cd7cd684f01a120b8ec666a3896.png?imageslim,AcFun,日榜,day,hotlist,,2026-09-26 16:27:11
18,加息概率90%：美联储或将亲手刺破AI泡沫,,1437,https://www.acfun.cn/v/ac48873517,https://tx-free-imgs.acfun.cn/newUpload/43608832_8d2f86fa2183404c842a39cc3e7b18b0.jpeg?imageslim,AcFun,日榜,day,hotlist,,2026-09-26 16:27:11
19,【1080P.奇幻冒险】JOJO的奇妙冒险 飙马野郎 (2026)第七季 第二集,1890年，一场世纪大赛“SBR”于美国举开。全长共6000公里，是人类史上第一场骑乘马匹横越北美大陆的比赛！为了拿下高达5千万美元（60亿日元）的冠军奖金，一群强悍的冒险家们正式展开了他们的争战！,2296,https://www.acfun.cn/v/ac48872840,https://tx-free-imgs.acfun.cn/newUpload/903432_bb4a52ee7e3e42cc853e5ff0b8a21e0d.png?imageslim,AcFun,日榜,day,hotlist,,2026-09-26 16:27:11
20,【绘画过程】9月保底《金秋》,大家中秋快乐！<br/>本月的保底是百贴布~ 某宝同步预售。,1696,https://www.acfun.cn/v/ac48872808,https://tx-free-imgs.acfun.cn/newUpload/179922_630934cb2f3245e5a4a4020570f61eca.png?imageslim,AcFun,日榜,day,hotlist,,2026-09-26 16:27:11
21,三周摧毁美国东海岸，绿色流感为何无法阻止？【求生之路剧情解析+涂鸦翻译】,刺骨寒溪和最后一战的涂鸦和官方剧情联系不大，因此没有放在视频中；<br/>前面的内容感觉都有点多余，最后的涂鸦翻译才是本体。<br/><br/>,1439,https://www.acfun.cn/v/ac48867996,https://tx-free-imgs.acfun.cn/newUpload/1020536_15195e7242e247fb9dc7a625a61a3662.jpeg?imageslim,AcFun,日榜,day,hotlist,,2026-09-26 16:27:11
22,【夏雅】Don t let go of my hand.,,1881,https://www.acfun.cn/v/ac48873108,https://tx-free-imgs.acfun.cn/newUpload/16279345_4e8e1897539648e8869f4815f9bd1572.jpg?imageslim,AcFun,日榜,day,hotlist,,2026-09-26 16:27:11
23,竖屏~ Shake It -SISTAR【巫小萤】抓住夏天的尾巴,111,1157,https://www.acfun.cn/v/ac48872714,https://tx-free-imgs.acfun.cn/newUpload/14539629_f5759c58fdee4b0db90916f1af7e5033.jpeg?imageslim,AcFun,日榜,day,hotlist,,2026-09-26 16:27:11
24,拼凑的断音,动作有做方向上的一些改动等<br/>歌曲：拼凑的断音-（舞蹈：あおい aoi とみたけ tomitake）,1191,https://www.acfun.cn/v/ac48871758,https://tx-free-imgs.acfun.cn/newUpload/12229455_ccda2f5ac69244d1aa813dc04c9a63d5.jpeg?imageslim,AcFun,日榜,day,hotlist,,2026-09-26 16:27:11
25,网络上常见的热门短视频集锦   第三千四百五十一期,审核大大辛苦了！<br/>谢谢每一个投蕉的帅哥美女！香蕉没有来个赞也好啊！<br/>视频来自快手等平台，侵权联系删除！,1450,https://www.acfun.cn/v/ac48873352,https://tx-free-imgs.acfun.cn/newUpload/2176158_301765c30a1c48e1843401cebd61fd11.gif?imageslim,AcFun,日榜,day,hotlist,,2026-09-26 16:27:11
26,石头剪刀布卖个萌,难得假期来凡人线下嘉年华cos了一下银月，玩得很开心，不知道有没有碰到我的道友～,1184,https://www.acfun.cn/v/ac48873212,https://tx-free-imgs.acfun.cn/newUpload/12229455_c6e4220d0d7c41e2b5d489a9386cbe72.png?imageslim,AcFun,日榜,day,hotlist,,2026-09-26 16:27:11
27,中秋节快乐呀！！,,1100,https://www.acfun.cn/v/ac48872753,https://tx-free-imgs.acfun.cn/newUpload/25756908_e40f0ac3bdb34aa6a05629d19ec12f7c.png?imageslim,AcFun,日榜,day,hotlist,,2026-09-26 16:27:11
28,"宙斯神王也会是这战绩？快速看完一局韩服王者斗殴局#837 Zeus, Racoon, Clozer,","宙斯神王也会是这战绩？快速看完一局韩服王者斗殴局#837 Zeus, Racoon, Clozer, Wenbo, Canyon, 叶秋枫 <br/>BGM:https://music.163.com/playlist?id=650818240&userid=30476594",1358,https://www.acfun.cn/v/ac48865858,https://tx-free-imgs.acfun.cn/newUpload/1378726_0477a53ac6df4eb3b611b241b6a08941.jpeg?imageslim,AcFun,日榜,day,hotlist,,2026-09-26 16:27:11
29,Acfun评论才是本体啊2026年8月和九月,香蕉点赞来一点哦，,1081,https://www.acfun.cn/v/ac48872845,https://tx-free-imgs.acfun.cn/newUpload/36839617_4ce9b7b878c344edbc971706d81900cc.jpeg?imageslim,AcFun,日榜,day,hotlist,,2026-09-26 16:27:11
30,【猪肝来也】one love,,1144,https://www.acfun.cn/v/ac48873230,https://tx-free-imgs.acfun.cn/newUpload/4599324_253057be5bbe40d1b82d24222d803ec4.jpg?imageslim,AcFun,日榜,day,hotlist,,2026-09-26 16:27:11
31,【绝望女神/翻唱】【火影忍者 ED1 Wind】,想听啥继续评论回复~,1032,https://www.acfun.cn/v/ac48873021,https://tx-free-imgs.acfun.cn/newUpload/20705199_4163259e9c314ff193a9aac80be14188.jpeg?imageslim,AcFun,日榜,day,hotlist,,2026-09-26 16:27:11
32,又何尝不是一种很新的花灯...,胶佬过中秋有自己的灯笼！其实是万代的MEGX独角兽换了灯组嘻嘻～双节快乐！,1121,https://www.acfun.cn/v/ac48873084,https://tx-free-imgs.acfun.cn/newUpload/13449743_b5143a98667f48bdb3f046459ee13864.jpeg?imageslim,AcFun,日榜,day,hotlist,,2026-09-26 16:27:11
33,这身衣服跳什么都好帅啊！哈哈哈,,1147,https://www.acfun.cn/v/ac48872819,https://tx-free-imgs.acfun.cn/newUpload/16380981_3be481ccc3bd44c3a12928fa1f84b25e.png?imageslim,AcFun,日榜,day,hotlist,,2026-09-26 16:27:11
34,恶魔想成为你的家人！请交出性命！阴间电视台！越南模拟恐怖APTV EP6,喜欢记得关注五蕉~谢谢支持~！,1069,https://www.acfun.cn/v/ac48871608,https://tx-free-imgs.acfun.cn/newUpload/26364938_c8b3f3a89c5d45989f596c7abadfe5de.jpeg?imageslim,AcFun,日榜,day,hotlist,,2026-09-26 16:27:11
35,告女子书！,,1079,https://www.acfun.cn/v/ac48872722,https://tx-free-imgs.acfun.cn/newUpload/16380981_45b2d4d6fdb34b34876bc5e8fcdaca47.png?imageslim,AcFun,日榜,day,hotlist,,2026-09-26 16:27:11
36,十几万买台“莲花”，行吗？,,1193,https://www.acfun.cn/v/ac48872934,https://tx-free-imgs.acfun.cn/newUpload/14288157_b6f51fa0cabc4a0fa6b69c8bffff34ea.jpeg?imageslim,AcFun,日榜,day,hotlist,,2026-09-26 16:27:11
37,明月几时有？我想有时就有～,,1036,https://www.acfun.cn/v/ac48872948,https://tx-free-imgs.acfun.cn/newUpload/31922015_3de6c615f9d24a4ab766c9c22f19d8ed.jpg?imageslim,AcFun,日榜,day,hotlist,,2026-09-26 16:27:11
38,open the door,,1353,https://www.acfun.cn/v/ac48873110,https://tx-free-imgs.acfun.cn/newUpload/79951_cacbb88182cb435a99a97d446363fa53.jpg?imageslim,AcFun,日榜,day,hotlist,,2026-09-26 16:27:11
39,十月新番最爽厕纸！男主化身黄毛！转生夺走原主的女友们！？,十月新番最爽厕纸！男主化身黄毛！转生夺走原主的女友们！？,1309,https://www.acfun.cn/v/ac48873035,https://tx-free-imgs.acfun.cn/newUpload/13467496_1abceb83c1454743bcb9d4abcf823669.jpeg?imageslim,AcFun,日榜,day,hotlist,,2026-09-26 16:27:11
40,TGS现场女玩家击败虎牢关吕布【真三国无双2with猛将传】复刻版,Up主现场实拍TGS2026《真三国无双2with猛将传】复刻版现场试玩,1155,https://www.acfun.cn/v/ac48873376,https://tx-free-imgs.acfun.cn/newUpload/17097644_3295b46ed232444db8c34ee0206b58a7.png?imageslim,AcFun,日榜,day,hotlist,,2026-09-26 16:27:11
41,【cheerup+快乐指南+nobody】跑调的人去KTV就蹦哒呗～,,939,https://www.acfun.cn/v/ac48872721,https://tx-free-imgs.acfun.cn/newUpload/31922015_51babcf260aa4990ade2ad884f023973.jpg?imageslim,AcFun,日榜,day,hotlist,,2026-09-26 16:27:11
42,嘀，纣王体验卡,,1214,https://www.acfun.cn/v/ac48872737,https://tx-free-imgs.acfun.cn/newUpload/77181154_7c7593de7b584caebd43b4bb4e8dc517.png?imageslim,AcFun,日榜,day,hotlist,,2026-09-26 16:27:11
43,什么！银月在这么多人面前闪身步,,784,https://www.acfun.cn/v/ac48873418,https://tx-free-imgs.acfun.cn/newUpload/12229455_6c8e0e9183a14360ad1419cc7c604154.png?imageslim,AcFun,日榜,day,hotlist,,2026-09-26 16:27:11
44,【甲鱼的旅法十年】迷你专辑《心之所往的创作背景,,826,https://www.acfun.cn/v/ac48872771,https://tx-free-imgs.acfun.cn/newUpload/44128996_e3793329f00e48dc80645b417f8ea4d9.png?imageslim,AcFun,日榜,day,hotlist,,2026-09-26 16:27:11
45,BESTiE -Love Options 恋爱的条件,,1240,https://www.acfun.cn/v/ac48873408,https://tx-free-imgs.acfun.cn/newUpload/795184_af41ad4bed1648c8983feb1bf7558c11.jpeg?imageslim,AcFun,日榜,day,hotlist,,2026-09-26 16:27:11
46,完美小腰精！来看MEOVV ANNA 田中杏奈跳《Abracadabra》,-v -各位中秋快乐,1060,https://www.acfun.cn/v/ac48872689,https://tx-free-imgs.acfun.cn/newUpload/199029_7bd9a724a25b4775a76fb30595a8cf31.png?imageslim,AcFun,日榜,day,hotlist,,2026-09-26 16:27:11
47,灰姑娘“Yasal” 人间极品，就无需多言！！！,,1083,https://www.acfun.cn/v/ac48873609,https://tx-free-imgs.acfun.cn/newUpload/73298133_2dab83d1a24440eb95a37438305b57f1.gif?imageslim,AcFun,日榜,day,hotlist,,2026-09-26 16:27:11
48,23.你从哪里来？告别海洋的勇者，四足动物的硬核远祖：肉鳍鱼,23.你从哪里来？告别海洋的勇者，四足动物的硬核远祖：肉鳍鱼,1033,https://www.acfun.cn/v/ac48869201,https://tx-free-imgs.acfun.cn/newUpload/28933912_04426f23b29049469da53505405b6d3c.jpeg?imageslim,AcFun,日榜,day,hotlist,,2026-09-26 16:27:11
49,《孤岛惊魂6》《女神异闻录3》等Steam大作新史低！杉果秋促全场新低特惠,杉果秋季特惠已经开启！果娘这里有更多背刺G胖的折扣！,620,https://www.acfun.cn/v/ac48869771,https://tx-free-imgs.acfun.cn/newUpload/1545930_57d7b12d54cd4053ba9572932345376d.jpeg?imageslim,AcFun,日榜,day,hotlist,,2026-09-26 16:27:11
50,【官方双语】下载更多显存 不骗人！英伟达CMP 170HX魔改#linus谈科技,,775,https://www.acfun.cn/v/ac48873638,https://tx-free-imgs.acfun.cn/newUpload/1630166_2e45d7f65d2e44c9a5a181e12fbb81ee.jpeg?imageslim,AcFun,日榜,day,hotlist,,2026-09-26 16:27:11
1,娃：真遗憾，本来打算亲自告诉你们的,嘿嘿希望大家都万事顺意～心想事成,5595,https://www.acfun.cn/v/ac48871740,https://tx-free-imgs.acfun.cn/newUpload/17062172_d1a93166ed084e3aadac2fea4bba0707.jpg?imageslim,AcFun,三日榜,three-days,hotlist,,2026-09-26 16:27:11
2,《野生动物迷惑行为》,喜欢请投蕉啊   谢谢啦！,2955,https://www.acfun.cn/v/ac48868360,https://tx-free-imgs.acfun.cn/newUpload/1342385_3fab348c538e4c0fa001871a708fe302.jpeg?imageslim,AcFun,三日榜,three-days,hotlist,,2026-09-26 16:27:11
3,裸足圆脸仙女下凡～跳一曲千里邀月【可心喵】,,2647,https://www.acfun.cn/v/ac48872448,https://tx-free-imgs.acfun.cn/newUpload/12892608_6691690fd8e944278bda5d5390e1e5a9.jpg?imageslim,AcFun,三日榜,three-days,hotlist,,2026-09-26 16:27:11
4,漫威金刚狼深陷争议！SweetBaby又毁一款？【绅批】,这算是DEI的历史遗留问题了，所有现在已经从sweetbaby离职的人，只要参与过游戏制作也会被署名（比如桥本和真）,2995,https://www.acfun.cn/v/ac48868810,https://tx-free-imgs.acfun.cn/newUpload/526850_ca1da1572b1d494a93e2f6bab46cf76b.jpeg?imageslim,AcFun,三日榜,three-days,hotlist,,2026-09-26 16:27:11
5,因为害怕被讨厌 所以把自己藏起来了,,3261,https://www.acfun.cn/v/ac48871331,https://tx-free-imgs.acfun.cn/newUpload/11361784_3d4bd69b46f541e184c2922c24f09276.jpg?imageslim,AcFun,三日榜,three-days,hotlist,,2026-09-26 16:27:11
6,我真的是来吃饭的！★手机竖屏2013★,审核大大辛苦了！<br/>谢谢每一个投蕉的帅哥美女！香蕉没有来个赞也好啊！<br/>视频来自快手等平台，侵权联系删除！,3994,https://www.acfun.cn/v/ac48869145,https://tx-free-imgs.acfun.cn/newUpload/2176158_eb4b69370b8f435aa2b171e72403d356.gif?imageslim,AcFun,三日榜,three-days,hotlist,,2026-09-26 16:27:11
7,mr chu!!好怀念这首歌,,2160,https://www.acfun.cn/v/ac48869375,https://tx-free-imgs.acfun.cn/newUpload/16380981_19592eb83a88429695ee1a0508fc3df0.png?imageslim,AcFun,三日榜,three-days,hotlist,,2026-09-26 16:27:11
8,女妖邪神凶宅索命，最惨主角逆天求生！克系神游《魔女屋中之梦》像素恐怖游戏详细讲述【深夜档】,如何在60天内，让洛夫克拉夫特小说中惨死的倒霉主角逆天改命？这位芬兰作者打造了一部又硬核又忠实的优秀克苏鲁游戏！入住阿卡姆百年凶宅的凡人主角沃尔特·吉尔曼，接连遭到人脸妖鼠，恐怖女巫，不可名状外神的侵袭。白天钻研神秘学知识，梦中游历邪恶异星。他将与密斯卡托尼克大学最强战神亨利·阿米蒂奇教授联手对抗邪神降世！这是一部真正将洛氏“宇宙恐怖”带入到日常，并忠实于原著的游戏，自由度超高且信息量惊人！我将细致地带各位体验这跌宕起伏的60天，看弱小的主角如何起死回生并拯救世界！,1731,https://www.acfun.cn/v/ac48872418,https://tx-free-imgs.acfun.cn/newUpload/817797_2631b7cf26c14c2fbbfb062962a775be.jpeg?imageslim,AcFun,三日榜,three-days,hotlist,,2026-09-26 16:27:11
9,今夜的风悄悄月悄悄~,,3038,https://www.acfun.cn/v/ac48873434,https://tx-free-imgs.acfun.cn/newUpload/23512715_0f364b6606dd467ab9975ffef5af1b29.jpg?imageslim,AcFun,三日榜,three-days,hotlist,,2026-09-26 16:27:11
10,拜托了，夫人！★手机竖屏2014★,审核大大辛苦了！<br/>谢谢每一个投蕉的帅哥美女！香蕉没有来个赞也好啊！<br/>视频来自快手等平台，侵权联系删除！,3667,https://www.acfun.cn/v/ac48871493,https://tx-free-imgs.acfun.cn/newUpload/2176158_afaf0913878443b1bc00d636136ffce3.gif?imageslim,AcFun,三日榜,three-days,hotlist,,2026-09-26 16:27:11
11,这样的学姐喜欢吗？欢乐八点档-1782,审核大大辛苦了！<br/>免费的香蕉投一下吧，没有那就点个赞吧，这对我来说很重要，谢谢！！！<br/>谢谢每一个投蕉的帅哥美女！你们是我坚持更新的动力！<br/>视频来自快手等平台，侵权联系删除！,3937,https://www.acfun.cn/v/ac48870057,https://tx-free-imgs.acfun.cn/newUpload/2176158_4c1f3b60f73e451abc443941d47305d8.gif?imageslim,AcFun,三日榜,three-days,hotlist,,2026-09-26 16:27:11
12,和我一起健身吧！！！欢乐八点档-1783,审核大大辛苦了！<br/>免费的香蕉投一下吧，没有那就点个赞吧，这对我来说很重要，谢谢！！！<br/>谢谢每一个投蕉的帅哥美女！你们是我坚持更新的动力！<br/>视频来自快手等平台，侵权联系删除！,3224,https://www.acfun.cn/v/ac48872699,https://tx-free-imgs.acfun.cn/newUpload/2176158_e379c7202d2e43029e07ad17f40cab19.gif?imageslim,AcFun,三日榜,three-days,hotlist,,2026-09-26 16:27:11
13,拳击好啊，拳击得学！欢乐八点档-1781,审核大大辛苦了！<br/>免费的香蕉投一下吧，没有那就点个赞吧，这对我来说很重要，谢谢！！！<br/>谢谢每一个投蕉的帅哥美女！你们是我坚持更新的动力！<br/>视频来自快手等平台，侵权联系删除！,4231,https://www.acfun.cn/v/ac48868336,https://tx-free-imgs.acfun.cn/newUpload/2176158_3f6c601293a54468bae97f781440217b.gif?imageslim,AcFun,三日榜,three-days,hotlist,,2026-09-26 16:27:11
14,【4K超高清】「JOJO的奇妙冒险 飙马野郎」第2话,,5601,https://www.acfun.cn/v/ac48872740,https://tx-free-imgs.acfun.cn/newUpload/72840608_a526e08904d049d2b38ce5f38bd71e63.jpeg?imageslim,AcFun,三日榜,three-days,hotlist,,2026-09-26 16:27:11
15,【锅锅x怀瑜x阔落】千里邀月——共饮此杯赏此月，夜好眠,中秋到了，和姐妹们合唱了千里邀月~~<br/>乐：可乐祝大家身体健康，永不加班，月圆人团圆<br/>鱼：怀瑜愿诸位财源广进，常能摸鱼，花好月更圆<br/>锅：锅锅祝大家桂香满锅，早归赏月，饼甜心更甜<br/>祝大家中秋快乐~,1915,https://www.acfun.cn/v/ac48871580,https://tx-free-imgs.acfun.cn/newUpload/67206930_e47be8dbac2546e1b5a4a831e71dabe4.jpeg?imageslim,AcFun,三日榜,three-days,hotlist,,2026-09-26 16:27:11
16,姛姛？！蝴蝶耳机Manget中文翻唱【箐羽Hane】x【缇若柯Teivoc】,“是否你确实表里如一淡然，还是说你——并不似我贪婪？”<br/>《Manget》磁石 / 蝴蝶耳机 - 中文翻唱<br/>原作作曲 / 流星P<br/>曲绘&翻唱 / 箐羽hane & 缇若柯Teivoc<br/>中文填词 / 果汁凉菜<br/>混音 / 风尘<br/>和笋笋一起唱了我们二次元姛神曲！曲绘也是我和笋笋每个人负责了自己的部分最后再拼到一起的！真好！( *^ ^)o(^ ^* )希望大家也能喜欢！,1669,https://www.acfun.cn/v/ac48869340,https://tx-free-imgs.acfun.cn/newUpload/67511609_d868cdbd6b1849e8958696cdc9db1493.jpeg?imageslim,AcFun,三日榜,three-days,hotlist,,2026-09-26 16:27:11
17,短裙挑战！超长翻跳一次看个够~【生日作】,,1891,https://www.acfun.cn/v/ac48872675,https://tx-free-imgs.acfun.cn/newUpload/32485245_415db634556140d1841e2ebb4c0d9371.jpeg?imageslim,AcFun,三日榜,three-days,hotlist,,2026-09-26 16:27:11
18,我要冲会员【今天有什么好笑的 #2516】,：），谢谢大家的投蕉和点赞，祝你开心愉快~<br/>wallpaper壁纸：Reze | Chainsaw Man<br/>BGM：Nicoleta Matei - Love mail<br/>,2531,https://www.acfun.cn/v/ac48870763,https://tx-free-imgs.acfun.cn/newUpload/383079_47b0fc3f458042f5bd3717967e55c598.gif?imageslim,AcFun,三日榜,three-days,hotlist,,2026-09-26 16:27:11
19,网络上常见的热门短视频集锦   第三千四百四十九期,审核大大辛苦了！<br/>谢谢每一个投蕉的帅哥美女！香蕉没有来个赞也好啊！<br/>视频来自快手等平台，侵权联系删除！,3007,https://www.acfun.cn/v/ac48871496,https://tx-free-imgs.acfun.cn/newUpload/2176158_cf20f7722011491da25ce2efbc799dba.gif?imageslim,AcFun,三日榜,three-days,hotlist,,2026-09-26 16:27:11
20,换你穿越三国乱世，你是起兵还是种田？,有没有宝贝和我一样，看三国的时候总在想，如果换我身在那个乱世，我会怎么样？是起兵争霸，还是归隐山林？ 或是是咱们可以选三国里有名的角色或者可以架空历史从素人做起，一统三国，那会怎么样?我最近就玩了这么一款游戏，一玩就是五个小时，根本停不下来，那今天来聊聊这款开放世界slg游戏《英雄立志传：三国志》~<br/>,2084,https://www.acfun.cn/v/ac48869043,https://tx-free-imgs.acfun.cn/newUpload/61352468_39715609bed041b98b21f3dbb482ad70.jpeg?imageslim,AcFun,三日榜,three-days,hotlist,,2026-09-26 16:27:11
21,网络上常见的热门短视频集锦   第三千四百四十八期,审核大大辛苦了！<br/>谢谢每一个投蕉的帅哥美女！香蕉没有来个赞也好啊！<br/>视频来自快手等平台，侵权联系删除！,3644,https://www.acfun.cn/v/ac48870020,https://tx-free-imgs.acfun.cn/newUpload/2176158_d65e54f4e9ee489b86b6fc28c31c84ee.gif?imageslim,AcFun,三日榜,three-days,hotlist,,2026-09-26 16:27:11
22,网络上常见的热门短视频集锦   第三千四百四十六期,审核大大辛苦了！<br/>谢谢每一个投蕉的帅哥美女！香蕉没有来个赞也好啊！<br/>视频来自快手等平台，侵权联系删除！,3740,https://www.acfun.cn/v/ac48867732,https://tx-free-imgs.acfun.cn/newUpload/2176158_2ec1d99da19a48e0a8e4ff2a2447e612.gif?imageslim,AcFun,三日榜,three-days,hotlist,,2026-09-26 16:27:11
23,沦陷️,歌曲舞蹈：沦陷dj版-星奇摇   动作有改编,1777,https://www.acfun.cn/v/ac48869381,https://tx-free-imgs.acfun.cn/newUpload/12229455_aacf9da97a0940ad8e5f0b509d9cc159.jpeg?imageslim,AcFun,三日榜,three-days,hotlist,,2026-09-26 16:27:11
24,常州新开巴西烤肉自助，100块钱值得吗？,这是我目前为止，去过的第二家巴西烤肉自助，团购优惠的情况下，花了94元。正常价格在95~110不等<br/><br/>简单带大家看下菜品，除了取餐台这么些，各种牛肉制品、大串烧烤都是循环上桌，大家觉得这么些菜式花样，100块钱左右你们觉得贵还是便宜啊，觉得贵的扣1，觉得便宜的扣2,1911,https://www.acfun.cn/v/ac48868891,https://tx-free-imgs.acfun.cn/newUpload/2046675_bf3a59ddff624646850829452262094e.jpeg?imageslim,AcFun,三日榜,three-days,hotlist,,2026-09-26 16:27:11
25,交通事故20260923：交通车祸实例，提高安全驾驶意识,,1477,https://www.acfun.cn/v/ac48868861,https://tx-free-imgs.acfun.cn/newUpload/76871961_edea5de6659a4cd2b733a74989043440.jpg?imageslim,AcFun,三日榜,three-days,hotlist,,2026-09-26 16:27:11
26,网络上常见的热门短视频集锦   第三千四百五十期,审核大大辛苦了！<br/>谢谢每一个投蕉的帅哥美女！香蕉没有来个赞也好啊！<br/>视频来自快手等平台，侵权联系删除！,3197,https://www.acfun.cn/v/ac48872279,https://tx-free-imgs.acfun.cn/newUpload/2176158_a96ecd95394b4517928ac111407f75b1.gif?imageslim,AcFun,三日榜,three-days,hotlist,,2026-09-26 16:27:11
27,网络上常见的热门短视频集锦   第三千四百四十七期,审核大大辛苦了！<br/>谢谢每一个投蕉的帅哥美女！香蕉没有来个赞也好啊！<br/>视频来自快手等平台，侵权联系删除！,3347,https://www.acfun.cn/v/ac48869149,https://tx-free-imgs.acfun.cn/newUpload/2176158_fdf9afe2e00a4a1aa62415c846776eaf.gif?imageslim,AcFun,三日榜,three-days,hotlist,,2026-09-26 16:27:11
28,老板直聘（89）,,1655,https://www.acfun.cn/v/ac48868552,https://tx-free-imgs.acfun.cn/newUpload/74706824_db2c7ba15c5d4aa18872db6b0763b7ca.jpeg?imageslim,AcFun,三日榜,three-days,hotlist,,2026-09-26 16:27:11
29,【颜音】中秋歌回~祝大家节日快乐,皓月凌空，桂香满庭。<br/>愿今夜歌声暖心，祝各位中秋快乐，阖家美满！,1504,https://www.acfun.cn/v/ac48872065,https://tx-free-imgs.acfun.cn/newUpload/4425861_3dab8cdf19a74bf6accbdcd688cd9b6a.jpeg?imageslim,AcFun,三日榜,three-days,hotlist,,2026-09-26 16:27:11
30,空姐OL~第57次取消发送,中秋节快乐,1923,https://www.acfun.cn/v/ac48872674,https://tx-free-imgs.acfun.cn/newUpload/14539629_46621bdc88a44c63be63172c5ba6cb6a.jpeg?imageslim,AcFun,三日榜,three-days,hotlist,,2026-09-26 16:27:11
31,人鱼的眼泪,歌曲舞蹈：爱乐之城-人鱼的眼泪,1567,https://www.acfun.cn/v/ac48867050,https://tx-free-imgs.acfun.cn/newUpload/12229455_130b1f041e6741dab4f6295ee27d927e.jpeg?imageslim,AcFun,三日榜,three-days,hotlist,,2026-09-26 16:27:11
32,【东方/汉化】咲夜带你了解汉字【MMD搞笑小剧场】,作者：クローバー,1400,https://www.acfun.cn/v/ac48872652,https://tx-free-imgs.acfun.cn/newUpload/6102_8b2072189ecb4044a7de95bb450d02ed.jpeg?imageslim,AcFun,三日榜,three-days,hotlist,,2026-09-26 16:27:11
33,沙特反水，退出中国主导数字货币桥项目,,1759,https://www.acfun.cn/v/ac48873521,https://tx-free-imgs.acfun.cn/newUpload/43608832_667ff672cc3548f3bae31d62bb9e3f0e.jpeg?imageslim,AcFun,三日榜,three-days,hotlist,,2026-09-26 16:27:11
34,在英国差点被上门诈骗,可能看到我一人在家，就大胆敲门了，还好平常也会注意周边邻居，没发生什么事儿，这个金额就算被骗也不会报警，以后还是要小心一些了。#英国日常#vlog,1689,https://www.acfun.cn/v/ac48869505,https://tx-free-imgs.acfun.cn/newUpload/43181603_1c8c6c487a864d098b5e7e7bf2a12c6a.jpg?imageslim,AcFun,三日榜,three-days,hotlist,,2026-09-26 16:27:11
35,原创编舞《千层套路》的定机位竖屏来啦！,,1664,https://www.acfun.cn/v/ac48869245,https://tx-free-imgs.acfun.cn/newUpload/16380981_24bafd11c027499d9fe6820162faa782.png?imageslim,AcFun,三日榜,three-days,hotlist,,2026-09-26 16:27:11
36,发个friend圈,,1551,https://www.acfun.cn/v/ac48863958,https://tx-free-imgs.acfun.cn/newUpload/12439728_b44cb67ae45a4c179b08227368f4159c.png?imageslim,AcFun,三日榜,three-days,hotlist,,2026-09-26 16:27:11
37,奥迪“宫斗”十年大结局？一汽拿四环，上汽拿AUDI,一汽奥迪和上汽奥迪“宫斗”了十年，终于要划下句号了？,1761,https://www.acfun.cn/v/ac48870981,https://tx-free-imgs.acfun.cn/newUpload/13630266_3fde785be5a2411495618f67d01ab66a.jpeg?imageslim,AcFun,三日榜,three-days,hotlist,,2026-09-26 16:27:11
38,如果我和她恋爱的话……,,1580,https://www.acfun.cn/v/ac48871545,https://tx-free-imgs.acfun.cn/newUpload/2277346_de526594356a4c9f90b71bf5823054e6.jpg?imageslim,AcFun,三日榜,three-days,hotlist,,2026-09-26 16:27:11
39,望眼欲穿【今天有什么好笑的 #2517】,：），谢谢大家的投蕉和点赞，祝你开心愉快~<br/>Wallpaper壁纸：雪山与女孩<br/>Bgm：あのね。,2006,https://www.acfun.cn/v/ac48872647,https://tx-free-imgs.acfun.cn/newUpload/383079_40beb913fd1a44d3afa053553d53b466.gif?imageslim,AcFun,三日榜,three-days,hotlist,,2026-09-26 16:27:11
40,【东方】QUEEN【蕾米莉亚 Miy Ver. MMD】,作者：やくも<br/><br/>楽曲:Kanaria 様→https://www.nicovideo.jp/watch/sm4088...<br/>振付:AKIRA様<br/>モーション:P-nez 様→https://www.nicovideo.jp/watch/sm4350...<br/>カメラ:Mizuha様→https://www.nicovideo.jp/watch/sm4353...<br/>モデル:MIy様<br/>ステージ:栗ごはん様<br/>アクセサリ:アスカ様,1279,https://www.acfun.cn/v/ac48870080,https://tx-free-imgs.acfun.cn/newUpload/6102_6a4dce20c9b74fa0bbdff3ccc0a73c5d.png?imageslim,AcFun,三日榜,three-days,hotlist,,2026-09-26 16:27:11
41,捏捏已经已进化到可以吃的地步啦？,,1642,https://www.acfun.cn/v/ac48868638,https://tx-free-imgs.acfun.cn/newUpload/6177430_486c910212d548c991eeb140f146a6ed.jpeg?imageslim,AcFun,三日榜,three-days,hotlist,,2026-09-26 16:27:11
42,只有刀鸣最小丑？各大游戏千年血战联动盘点！,300英雄的含金量还在上升,1994,https://www.acfun.cn/v/ac48869154,https://tx-free-imgs.acfun.cn/newUpload/247671_7d920e56c00e4af39fed560bf094f965.jpeg?imageslim,AcFun,三日榜,three-days,hotlist,,2026-09-26 16:27:11
43,这套皮肤真的很喜欢,,1506,https://www.acfun.cn/v/ac48871657,https://tx-free-imgs.acfun.cn/newUpload/16380981_ac9640e59a3a42e093fcee0a0b81d474.jpg?imageslim,AcFun,三日榜,three-days,hotlist,,2026-09-26 16:27:11
44,忘情牛肉面,,1627,https://www.acfun.cn/v/ac48873433,https://tx-free-imgs.acfun.cn/newUpload/11361784_6fe659c9e31e428c8b700a04d46742fd.jpg?imageslim,AcFun,三日榜,three-days,hotlist,,2026-09-26 16:27:11
45,两段不伦恋 15年复仇路《老男孩》吴大秀我的折磨可是一辈子,本期带来《老男孩》50分钟 国庆要到了，铁粉都知道背包住在网红街道 小长假根本没法做节目，阿杰提意带着各自父母一起出去玩几天 所以这几天会加急看看能不能赶出来一期，实再不行就小长假后更新咯，中秋国庆都祝小伙伴开心快乐！,1261,https://www.acfun.cn/v/ac48871285,https://tx-free-imgs.acfun.cn/newUpload/6894185_ab259859c7df40d1b092d2e828bf38e5.jpeg?imageslim,AcFun,三日榜,three-days,hotlist,,2026-09-26 16:27:11
46,我终于明白什么都不缺的含金量！,,1285,https://www.acfun.cn/v/ac48872781,https://tx-free-imgs.acfun.cn/newUpload/6177430_06f5f9b03edd4f73a3dfeba4cf78db16.jpeg?imageslim,AcFun,三日榜,three-days,hotlist,,2026-09-26 16:27:11
47,你吃月饼了吗？,,1466,https://www.acfun.cn/v/ac48869054,https://tx-free-imgs.acfun.cn/newUpload/1167675_8f48723afb0e41ecbe772249b3f4df1a.jpg?imageslim,AcFun,三日榜,three-days,hotlist,,2026-09-26 16:27:11
48,“原来和思念的人相见，就是人们常说的团圆” | 愿年年有今夜《妙妙人间》,「愿岁岁年年有此夜。」<br/>To : 虽然隔着屏幕，但同一轮月亮也让我们团圆在这里。中秋快乐呀~<br/>==========<br/>《妙妙人间》<br/>原唱：张含韵<br/>混音：饭団子p<br/>翻唱&视频：露纱琳黛,1159,https://www.acfun.cn/v/ac48871599,https://tx-free-imgs.acfun.cn/newUpload/69790459_0b53ce48e1c7437c9bdd3cf45d53de8f.jpeg?imageslim,AcFun,三日榜,three-days,hotlist,,2026-09-26 16:27:11
49,彩礼十万，你给二十万什么意思？★手机竖屏2015★,审核大大辛苦了！<br/>谢谢每一个投蕉的帅哥美女！香蕉没有来个赞也好啊！<br/>视频来自快手等平台，侵权联系删除！,1748,https://www.acfun.cn/v/ac48873346,https://tx-free-imgs.acfun.cn/newUpload/2176158_b118313c0ec044bba95e256fe492e589.gif?imageslim,AcFun,三日榜,three-days,hotlist,,2026-09-26 16:27:11
50,【官方中字】SBR JOJO的奇妙冒险 飙马野郎 2nd＆3rd STAGE 第二集,,2271,https://www.acfun.cn/v/ac48872883,https://tx-free-imgs.acfun.cn/newUpload/30501027_27e89cd7cd684f01a120b8ec666a3896.png?imageslim,AcFun,三日榜,three-days,hotlist,,2026-09-26 16:27:11
1,剑戟战斗的巅峰 关卡内容的洼地 偏科严重的《鬼武者：剑之道》,它给人爽的部分是真的爽，但是在每次爽之前，你得堵不少马桶，先生。,4556,https://www.acfun.cn/v/ac48859506,https://tx-free-imgs.acfun.cn/newUpload/934542_5d98ad80ca9c4307b5cdc2051c11cb50.jpeg?imageslim,AcFun,周榜,week,hotlist,,2026-09-26 16:27:11
2,是谁点的小恶魔，蕉出来～,,6418,https://www.acfun.cn/v/ac48867778,https://tx-free-imgs.acfun.cn/newUpload/17062172_6098fee67d1748e0ab5dab3b5665736c.jpg?imageslim,AcFun,周榜,week,hotlist,,2026-09-26 16:27:11
3,跳最开心的一集,,3994,https://www.acfun.cn/v/ac48860571,https://tx-free-imgs.acfun.cn/newUpload/50330447_79a3f269514140c29e7a85fb7c9dc94c.jpg?imageslim,AcFun,周榜,week,hotlist,,2026-09-26 16:27:11
4,娃：真遗憾，本来打算亲自告诉你们的,嘿嘿希望大家都万事顺意～心想事成,5595,https://www.acfun.cn/v/ac48871740,https://tx-free-imgs.acfun.cn/newUpload/17062172_d1a93166ed084e3aadac2fea4bba0707.jpg?imageslim,AcFun,周榜,week,hotlist,,2026-09-26 16:27:11
5,喜欢哪套？,,7292,https://www.acfun.cn/v/ac48861422,https://tx-free-imgs.acfun.cn/newUpload/3540234_729e0d22251f439da3735f26e58d174f.jpg?imageslim,AcFun,周榜,week,hotlist,,2026-09-26 16:27:11
6,过期JK碎碎念！,家人们记得蕉一蕉捏 啾咪,5959,https://www.acfun.cn/v/ac48859219,https://tx-free-imgs.acfun.cn/newUpload/17062172_5dd6ea8b5f2741ff87f0911db6dfb909.jpg?imageslim,AcFun,周榜,week,hotlist,,2026-09-26 16:27:11
7,人间琴悠扬，姑娘把谁记心上～,,2738,https://www.acfun.cn/v/ac48863143,https://tx-free-imgs.acfun.cn/newUpload/50330447_938d77716a11477e843914663278ff07.jpg?imageslim,AcFun,周榜,week,hotlist,,2026-09-26 16:27:11
8,《野生动物迷惑行为》,喜欢请投蕉啊   谢谢啦！,2955,https://www.acfun.cn/v/ac48868360,https://tx-free-imgs.acfun.cn/newUpload/1342385_3fab348c538e4c0fa001871a708fe302.jpeg?imageslim,AcFun,周榜,week,hotlist,,2026-09-26 16:27:11
9,裸足圆脸仙女下凡～跳一曲千里邀月【可心喵】,,2647,https://www.acfun.cn/v/ac48872448,https://tx-free-imgs.acfun.cn/newUpload/12892608_6691690fd8e944278bda5d5390e1e5a9.jpg?imageslim,AcFun,周榜,week,hotlist,,2026-09-26 16:27:11
10,《动物迷惑行为大赏325》,喜欢请投蕉啊 谢谢啦！,2677,https://www.acfun.cn/v/ac48861293,https://tx-free-imgs.acfun.cn/newUpload/1342385_03080470038d444a95ce01ff6a6aeb9f.jpeg?imageslim,AcFun,周榜,week,hotlist,,2026-09-26 16:27:11
11,双马尾小女仆带来的情绪摇～,,4030,https://www.acfun.cn/v/ac48861966,https://tx-free-imgs.acfun.cn/newUpload/11361784_8cee0402b4754b1e82f85b7099791793.jpg?imageslim,AcFun,周榜,week,hotlist,,2026-09-26 16:27:11
12,帮Acer问一下，地址在哪里？欢乐八点档-1779,审核大大辛苦了！<br/>免费的香蕉投一下吧，没有那就点个赞吧，这对我来说很重要，谢谢！！！<br/>谢谢每一个投蕉的帅哥美女！你们是我坚持更新的动力！<br/>视频来自快手等平台，侵权联系删除！,4536,https://www.acfun.cn/v/ac48863633,https://tx-free-imgs.acfun.cn/newUpload/2176158_ff69c3c797d5414e8056b329918cc5b6.gif?imageslim,AcFun,周榜,week,hotlist,,2026-09-26 16:27:11
13,【绘图过程】《海边》6周年纪念插图过程,6周年纪念插图挂画（预售）、沙滩巾（预售），阿宝已上架,3405,https://www.acfun.cn/v/ac48836990,https://tx-free-imgs.acfun.cn/newUpload/179922_9f95aba039e84f3594c3947b3c8fdd58.jpeg?imageslim,AcFun,周榜,week,hotlist,,2026-09-26 16:27:11
14,还是少妇会的多啊！★手机竖屏2011★,审核大大辛苦了！<br/>谢谢每一个投蕉的帅哥美女！香蕉没有来个赞也好啊！<br/>视频来自快手等平台，侵权联系删除！,5280,https://www.acfun.cn/v/ac48864360,https://tx-free-imgs.acfun.cn/newUpload/2176158_3d4f199fd93640468e543b9ee25ac4c0.gif?imageslim,AcFun,周榜,week,hotlist,,2026-09-26 16:27:11
15,漫威金刚狼深陷争议！SweetBaby又毁一款？【绅批】,这算是DEI的历史遗留问题了，所有现在已经从sweetbaby离职的人，只要参与过游戏制作也会被署名（比如桥本和真）,2995,https://www.acfun.cn/v/ac48868810,https://tx-free-imgs.acfun.cn/newUpload/526850_ca1da1572b1d494a93e2f6bab46cf76b.jpeg?imageslim,AcFun,周榜,week,hotlist,,2026-09-26 16:27:11
16,因为害怕被讨厌 所以把自己藏起来了,,3261,https://www.acfun.cn/v/ac48871331,https://tx-free-imgs.acfun.cn/newUpload/11361784_3d4bd69b46f541e184c2922c24f09276.jpg?imageslim,AcFun,周榜,week,hotlist,,2026-09-26 16:27:11
17,我真的是来吃饭的！★手机竖屏2013★,审核大大辛苦了！<br/>谢谢每一个投蕉的帅哥美女！香蕉没有来个赞也好啊！<br/>视频来自快手等平台，侵权联系删除！,3994,https://www.acfun.cn/v/ac48869145,https://tx-free-imgs.acfun.cn/newUpload/2176158_eb4b69370b8f435aa2b171e72403d356.gif?imageslim,AcFun,周榜,week,hotlist,,2026-09-26 16:27:11
18,mr chu!!好怀念这首歌,,2160,https://www.acfun.cn/v/ac48869375,https://tx-free-imgs.acfun.cn/newUpload/16380981_19592eb83a88429695ee1a0508fc3df0.png?imageslim,AcFun,周榜,week,hotlist,,2026-09-26 16:27:11
19,网络上常见的热门短视频集锦   第三千四百三十八期,审核大大辛苦了！<br/>谢谢每一个投蕉的帅哥美女！香蕉没有来个赞也好啊！<br/>视频来自快手等平台，侵权联系删除！,4466,https://www.acfun.cn/v/ac48858394,https://tx-free-imgs.acfun.cn/newUpload/2176158_38174e72af934b9e86687045b01f0dd3.gif?imageslim,AcFun,周榜,week,hotlist,,2026-09-26 16:27:11
20,钓鱼佬是真会享受！欢乐八点档-1777,审核大大辛苦了！<br/>免费的香蕉投一下吧，没有那就点个赞吧，这对我来说很重要，谢谢！！！<br/>谢谢每一个投蕉的帅哥美女！你们是我坚持更新的动力！<br/>视频来自快手等平台，侵权联系删除！,4622,https://www.acfun.cn/v/ac48858969,https://tx-free-imgs.acfun.cn/newUpload/2176158_c9d74d926c4c4d709a4b6b7769dffcca.gif?imageslim,AcFun,周榜,week,hotlist,,2026-09-26 16:27:11
21,一波还未平息一波又来侵袭！★手机竖屏2010★,审核大大辛苦了！<br/>谢谢每一个投蕉的帅哥美女！香蕉没有来个赞也好啊！<br/>视频来自快手等平台，侵权联系删除！,4819,https://www.acfun.cn/v/ac48862013,https://tx-free-imgs.acfun.cn/newUpload/2176158_c4802142afc14d50b2cd775e67890cca.gif?imageslim,AcFun,周榜,week,hotlist,,2026-09-26 16:27:11
22,女妖邪神凶宅索命，最惨主角逆天求生！克系神游《魔女屋中之梦》像素恐怖游戏详细讲述【深夜档】,如何在60天内，让洛夫克拉夫特小说中惨死的倒霉主角逆天改命？这位芬兰作者打造了一部又硬核又忠实的优秀克苏鲁游戏！入住阿卡姆百年凶宅的凡人主角沃尔特·吉尔曼，接连遭到人脸妖鼠，恐怖女巫，不可名状外神的侵袭。白天钻研神秘学知识，梦中游历邪恶异星。他将与密斯卡托尼克大学最强战神亨利·阿米蒂奇教授联手对抗邪神降世！这是一部真正将洛氏“宇宙恐怖”带入到日常，并忠实于原著的游戏，自由度超高且信息量惊人！我将细致地带各位体验这跌宕起伏的60天，看弱小的主角如何起死回生并拯救世界！,1731,https://www.acfun.cn/v/ac48872418,https://tx-free-imgs.acfun.cn/newUpload/817797_2631b7cf26c14c2fbbfb062962a775be.jpeg?imageslim,AcFun,周榜,week,hotlist,,2026-09-26 16:27:11
23,今夜的风悄悄月悄悄~,,3038,https://www.acfun.cn/v/ac48873434,https://tx-free-imgs.acfun.cn/newUpload/23512715_0f364b6606dd467ab9975ffef5af1b29.jpg?imageslim,AcFun,周榜,week,hotlist,,2026-09-26 16:27:11
24,还是少妇会啊！！！★手机竖屏2009★,审核大大辛苦了！<br/>谢谢每一个投蕉的帅哥美女！香蕉没有来个赞也好啊！<br/>视频来自快手等平台，侵权联系删除！,4919,https://www.acfun.cn/v/ac48859515,https://tx-free-imgs.acfun.cn/newUpload/2176158_d4e9e6e30f4446319f9e720adfe35ef9.gif?imageslim,AcFun,周榜,week,hotlist,,2026-09-26 16:27:11
25,拜托了，夫人！★手机竖屏2014★,审核大大辛苦了！<br/>谢谢每一个投蕉的帅哥美女！香蕉没有来个赞也好啊！<br/>视频来自快手等平台，侵权联系删除！,3667,https://www.acfun.cn/v/ac48871493,https://tx-free-imgs.acfun.cn/newUpload/2176158_afaf0913878443b1bc00d636136ffce3.gif?imageslim,AcFun,周榜,week,hotlist,,2026-09-26 16:27:11
26,【AC娘】琵琶曲,原作者：Kotte Animation<br/>还有瑕疵，看个乐吧,3205,https://www.acfun.cn/v/ac48864492,https://tx-free-imgs.acfun.cn/newUpload/41729435_02cbd995b6d54f508eb21d3cb8621903.jpeg?imageslim,AcFun,周榜,week,hotlist,,2026-09-26 16:27:11
27,25年了，回坊天花板小酥肉，还是那个味儿,记忆中的味道，回来了，都回来了……<br/>一口椒麻一口鲜，大口吃肉，配上热腾腾的米饭，绝了。<br/>素三鲜也是无敌的存在！,2590,https://www.acfun.cn/v/ac48865538,https://tx-free-imgs.acfun.cn/newUpload/13765438_9bc4a0abf32a4c1aa3e83c844de84649.jpeg?imageslim,AcFun,周榜,week,hotlist,,2026-09-26 16:27:11
28,这样的学姐喜欢吗？欢乐八点档-1782,审核大大辛苦了！<br/>免费的香蕉投一下吧，没有那就点个赞吧，这对我来说很重要，谢谢！！！<br/>谢谢每一个投蕉的帅哥美女！你们是我坚持更新的动力！<br/>视频来自快手等平台，侵权联系删除！,3937,https://www.acfun.cn/v/ac48870057,https://tx-free-imgs.acfun.cn/newUpload/2176158_4c1f3b60f73e451abc443941d47305d8.gif?imageslim,AcFun,周榜,week,hotlist,,2026-09-26 16:27:11
29,和我一起健身吧！！！欢乐八点档-1783,审核大大辛苦了！<br/>免费的香蕉投一下吧，没有那就点个赞吧，这对我来说很重要，谢谢！！！<br/>谢谢每一个投蕉的帅哥美女！你们是我坚持更新的动力！<br/>视频来自快手等平台，侵权联系删除！,3224,https://www.acfun.cn/v/ac48872699,https://tx-free-imgs.acfun.cn/newUpload/2176158_e379c7202d2e43029e07ad17f40cab19.gif?imageslim,AcFun,周榜,week,hotlist,,2026-09-26 16:27:11
30,北京豆汁会惩罚每一个好奇的人！欢乐八点档-1780,审核大大辛苦了！<br/>免费的香蕉投一下吧，没有那就点个赞吧，这对我来说很重要，谢谢！！！<br/>谢谢每一个投蕉的帅哥美女！你们是我坚持更新的动力！<br/>视频来自快手等平台，侵权联系删除！,4519,https://www.acfun.cn/v/ac48865965,https://tx-free-imgs.acfun.cn/newUpload/2176158_ec83e6fb2ffc4005b41881ac13dbaeca.gif?imageslim,AcFun,周榜,week,hotlist,,2026-09-26 16:27:11
31,拳击好啊，拳击得学！欢乐八点档-1781,审核大大辛苦了！<br/>免费的香蕉投一下吧，没有那就点个赞吧，这对我来说很重要，谢谢！！！<br/>谢谢每一个投蕉的帅哥美女！你们是我坚持更新的动力！<br/>视频来自快手等平台，侵权联系删除！,4231,https://www.acfun.cn/v/ac48868336,https://tx-free-imgs.acfun.cn/newUpload/2176158_3f6c601293a54468bae97f781440217b.gif?imageslim,AcFun,周榜,week,hotlist,,2026-09-26 16:27:11
32,你的拳头真是肥嘟嘟的...,动漫：心灵的声音，作者：赵石【韩国】,2217,https://www.acfun.cn/v/ac48859870,https://tx-free-imgs.acfun.cn/newUpload/509259_2fa91d5206504450be471808d9c93a22.jpeg?imageslim,AcFun,周榜,week,hotlist,,2026-09-26 16:27:11
33,这个一字马技术含量很高啊！欢乐八点档-1778,审核大大辛苦了！<br/>免费的香蕉投一下吧，没有那就点个赞吧，这对我来说很重要，谢谢！！！<br/>谢谢每一个投蕉的帅哥美女！你们是我坚持更新的动力！<br/>视频来自快手等平台，侵权联系删除！,4409,https://www.acfun.cn/v/ac48861225,https://tx-free-imgs.acfun.cn/newUpload/2176158_0824627cb76d40dc99ce9cb12c07e4cc.gif?imageslim,AcFun,周榜,week,hotlist,,2026-09-26 16:27:11
34,网络上常见的热门短视频集锦   第三千四百四十五期,审核大大辛苦了！<br/>谢谢每一个投蕉的帅哥美女！香蕉没有来个赞也好啊！<br/>视频来自快手等平台，侵权联系删除！,3992,https://www.acfun.cn/v/ac48866824,https://tx-free-imgs.acfun.cn/newUpload/2176158_dba921eb42f14c7ba31a1af83bfe71ce.gif?imageslim,AcFun,周榜,week,hotlist,,2026-09-26 16:27:11
35,琵琶曲丨夜神月 VS  L,原曲：琵琶曲,2294,https://www.acfun.cn/v/ac48861693,https://tx-free-imgs.acfun.cn/newUpload/16986934_3bf4dd94910c4845acf851f7f0fdb757.jpeg?imageslim,AcFun,周榜,week,hotlist,,2026-09-26 16:27:11
36,网络上常见的热门短视频集锦   第三千四百四十一期,审核大大辛苦了！<br/>谢谢每一个投蕉的帅哥美女！香蕉没有来个赞也好啊！<br/>视频来自快手等平台，侵权联系删除！,4222,https://www.acfun.cn/v/ac48862019,https://tx-free-imgs.acfun.cn/newUpload/2176158_6e5a88d95f344d92a8d97a57f03ac4b9.gif?imageslim,AcFun,周榜,week,hotlist,,2026-09-26 16:27:11
37,空中瑜伽！！！★手机竖屏2012★,审核大大辛苦了！<br/>谢谢每一个投蕉的帅哥美女！香蕉没有来个赞也好啊！<br/>视频来自快手等平台，侵权联系删除！,4516,https://www.acfun.cn/v/ac48866821,https://tx-free-imgs.acfun.cn/newUpload/2176158_610807af48f5463a891fc9f341c9b16f.gif?imageslim,AcFun,周榜,week,hotlist,,2026-09-26 16:27:11
38,厨师长教你：“鱼香肉丝”的家常做法，酸甜微辣，口感丰富,,2082,https://www.acfun.cn/v/ac48867741,https://tx-free-imgs.acfun.cn/newUpload/13274260_93e68d1098d04ffca2683655a6a404c2.jpeg?imageslim,AcFun,周榜,week,hotlist,,2026-09-26 16:27:11
39,一天生产500万个！速冻水饺是如何制造出来的？,,2173,https://www.acfun.cn/v/ac48859253,https://tx-free-imgs.acfun.cn/newUpload/19281632_57f07fe28e24422d948491fd2d43586c.jpeg?imageslim,AcFun,周榜,week,hotlist,,2026-09-26 16:27:11
40,网络上常见的热门短视频集锦   第三千四百三十九期,审核大大辛苦了！<br/>谢谢每一个投蕉的帅哥美女！香蕉没有来个赞也好啊！<br/>视频来自快手等平台，侵权联系删除！,4060,https://www.acfun.cn/v/ac48859518,https://tx-free-imgs.acfun.cn/newUpload/2176158_13f61f1aa39c4732bdaeed87fe0e28a4.gif?imageslim,AcFun,周榜,week,hotlist,,2026-09-26 16:27:11
41,【4K超高清】「JOJO的奇妙冒险 飙马野郎」第2话,,5601,https://www.acfun.cn/v/ac48872740,https://tx-free-imgs.acfun.cn/newUpload/72840608_a526e08904d049d2b38ce5f38bd71e63.jpeg?imageslim,AcFun,周榜,week,hotlist,,2026-09-26 16:27:11
42,【锅锅x怀瑜x阔落】千里邀月——共饮此杯赏此月，夜好眠,中秋到了，和姐妹们合唱了千里邀月~~<br/>乐：可乐祝大家身体健康，永不加班，月圆人团圆<br/>鱼：怀瑜愿诸位财源广进，常能摸鱼，花好月更圆<br/>锅：锅锅祝大家桂香满锅，早归赏月，饼甜心更甜<br/>祝大家中秋快乐~,1915,https://www.acfun.cn/v/ac48871580,https://tx-free-imgs.acfun.cn/newUpload/67206930_e47be8dbac2546e1b5a4a831e71dabe4.jpeg?imageslim,AcFun,周榜,week,hotlist,,2026-09-26 16:27:11
43,今天你不能嫁出去【今天有什么好笑的 #2514】,：)，谢谢大家，祝你们开心。<br/>wallpaper壁纸：Fading Astronaut 5K (update)<br/>BGM：I Want It That Way,2930,https://www.acfun.cn/v/ac48865864,https://tx-free-imgs.acfun.cn/newUpload/383079_ee4f5f7badf74f05a2ef6c691387f327.gif?imageslim,AcFun,周榜,week,hotlist,,2026-09-26 16:27:11
44,现在电脑不好卖了，以后我们出租AI机器人吧,,2651,https://www.acfun.cn/v/ac48867767,https://tx-free-imgs.acfun.cn/newUpload/17928_c684f06231604145b533a0f00627c624.png?imageslim,AcFun,周榜,week,hotlist,,2026-09-26 16:27:11
45,嘴角压不住了【今天有什么好笑的 #2515】,：），谢谢大家的投蕉和点赞，祝你开心愉快~<br/>wallpaper壁纸：Genshin 神里绫华<br/>BGM：Wake me up when september ends,2456,https://www.acfun.cn/v/ac48868130,https://tx-free-imgs.acfun.cn/newUpload/383079_ef65121591434d2b86d53db1622776cd.gif?imageslim,AcFun,周榜,week,hotlist,,2026-09-26 16:27:11
46,【东方】推特东方小视频选集 第272期,睡觉睡觉睡觉睡觉睡觉睡觉睡觉睡觉睡觉睡觉……,1416,https://www.acfun.cn/v/ac48858830,https://tx-free-imgs.acfun.cn/newUpload/6102_5a13d6efeec742ff84c512206aaeb7b0.jpeg?imageslim,AcFun,周榜,week,hotlist,,2026-09-26 16:27:11
47,甜妹来袭！,,2176,https://www.acfun.cn/v/ac48863947,https://tx-free-imgs.acfun.cn/newUpload/12439728_1fd5a3c6e60241a1a1cd8f89dbede769.png?imageslim,AcFun,周榜,week,hotlist,,2026-09-26 16:27:11
48,网络上常见的热门短视频集锦   第三千四百四十三期,审核大大辛苦了！<br/>谢谢每一个投蕉的帅哥美女！香蕉没有来个赞也好啊！<br/>视频来自快手等平台，侵权联系删除！,3691,https://www.acfun.cn/v/ac48864363,https://tx-free-imgs.acfun.cn/newUpload/2176158_dfef22dbf6934a15a594e5766b8680ca.gif?imageslim,AcFun,周榜,week,hotlist,,2026-09-26 16:27:11
49,姛姛？！蝴蝶耳机Manget中文翻唱【箐羽Hane】x【缇若柯Teivoc】,“是否你确实表里如一淡然，还是说你——并不似我贪婪？”<br/>《Manget》磁石 / 蝴蝶耳机 - 中文翻唱<br/>原作作曲 / 流星P<br/>曲绘&翻唱 / 箐羽hane & 缇若柯Teivoc<br/>中文填词 / 果汁凉菜<br/>混音 / 风尘<br/>和笋笋一起唱了我们二次元姛神曲！曲绘也是我和笋笋每个人负责了自己的部分最后再拼到一起的！真好！( *^ ^)o(^ ^* )希望大家也能喜欢！,1669,https://www.acfun.cn/v/ac48869340,https://tx-free-imgs.acfun.cn/newUpload/67511609_d868cdbd6b1849e8958696cdc9db1493.jpeg?imageslim,AcFun,周榜,week,hotlist,,2026-09-26 16:27:11
50,网络上常见的热门短视频集锦   第三千四百四十四期,审核大大辛苦了！<br/>谢谢每一个投蕉的帅哥美女！香蕉没有来个赞也好啊！<br/>视频来自快手等平台，侵权联系删除！,3587,https://www.acfun.cn/v/ac48865021,https://tx-free-imgs.acfun.cn/newUpload/2176158_663463f1e6004dc2b4dea153d1e60c05.gif?imageslim,AcFun,周榜,week,hotlist,,2026-09-26 16:27:11
1,女妖邪神凶宅索命，最惨主角逆天求生！克系神游《魔女屋中之梦》像素恐怖游戏详细讲述【深夜档】,如何在60天内，让洛夫克拉夫特小说中惨死的倒霉主角逆天改命？这位芬兰作者打造了一部又硬核又忠实的优秀克苏鲁游戏！入住阿卡姆百年凶宅的凡人主角沃尔特·吉尔曼，接连遭到人脸妖鼠，恐怖女巫，不可名状外神的侵袭。白天钻研神秘学知识，梦中游历邪恶异星。他将与密斯卡托尼克大学最强战神亨利·阿米蒂奇教授联手对抗邪神降世！这是一部真正将洛氏“宇宙恐怖”带入到日常，并忠实于原著的游戏，自由度超高且信息量惊人！我将细致地带各位体验这跌宕起伏的60天，看弱小的主角如何起死回生并拯救世界！,1765,https://www.acfun.cn/v/ac48872418,https://tx-free-imgs.acfun.cn/newUpload/817797_2631b7cf26c14c2fbbfb062962a775be.jpeg?imageslim,AcFun,日榜,day,hotlist,,2026-09-26 17:21:13
2,今夜的风悄悄月悄悄~,,3154,https://www.acfun.cn/v/ac48873434,https://tx-free-imgs.acfun.cn/newUpload/23512715_0f364b6606dd467ab9975ffef5af1b29.jpg?imageslim,AcFun,日榜,day,hotlist,,2026-09-26 17:21:13
3,和我一起健身吧！！！欢乐八点档-1783,审核大大辛苦了！<br/>免费的香蕉投一下吧，没有那就点个赞吧，这对我来说很重要，谢谢！！！<br/>谢谢每一个投蕉的帅哥美女！你们是我坚持更新的动力！<br/>视频来自快手等平台，侵权联系删除！,3312,https://www.acfun.cn/v/ac48872699,https://tx-free-imgs.acfun.cn/newUpload/2176158_e379c7202d2e43029e07ad17f40cab19.gif?imageslim,AcFun,日榜,day,hotlist,,2026-09-26 17:21:13
4,短裙挑战！超长翻跳一次看个够~【生日作】,,1946,https://www.acfun.cn/v/ac48872675,https://tx-free-imgs.acfun.cn/newUpload/32485245_415db634556140d1841e2ebb4c0d9371.jpeg?imageslim,AcFun,日榜,day,hotlist,,2026-09-26 17:21:13
5,【东方/汉化】咲夜带你了解汉字【MMD搞笑小剧场】,作者：クローバー,1435,https://www.acfun.cn/v/ac48872652,https://tx-free-imgs.acfun.cn/newUpload/6102_8b2072189ecb4044a7de95bb450d02ed.jpeg?imageslim,AcFun,日榜,day,hotlist,,2026-09-26 17:21:13
6,沙特反水，退出中国主导数字货币桥项目,,1821,https://www.acfun.cn/v/ac48873521,https://tx-free-imgs.acfun.cn/newUpload/43608832_667ff672cc3548f3bae31d62bb9e3f0e.jpeg?imageslim,AcFun,日榜,day,hotlist,,2026-09-26 17:21:13
7,两段不伦恋 15年复仇路《老男孩》吴大秀我的折磨可是一辈子,本期带来《老男孩》50分钟 国庆要到了，铁粉都知道背包住在网红街道 小长假根本没法做节目，阿杰提意带着各自父母一起出去玩几天 所以这几天会加急看看能不能赶出来一期，实再不行就小长假后更新咯，中秋国庆都祝小伙伴开心快乐！,1269,https://www.acfun.cn/v/ac48871285,https://tx-free-imgs.acfun.cn/newUpload/6894185_ab259859c7df40d1b092d2e828bf38e5.jpeg?imageslim,AcFun,日榜,day,hotlist,,2026-09-26 17:21:13
8,如果我和她恋爱的话……,,1619,https://www.acfun.cn/v/ac48871545,https://tx-free-imgs.acfun.cn/newUpload/2277346_de526594356a4c9f90b71bf5823054e6.jpg?imageslim,AcFun,日榜,day,hotlist,,2026-09-26 17:21:13
9,忘情牛肉面,,1653,https://www.acfun.cn/v/ac48873433,https://tx-free-imgs.acfun.cn/newUpload/11361784_6fe659c9e31e428c8b700a04d46742fd.jpg?imageslim,AcFun,日榜,day,hotlist,,2026-09-26 17:21:13
10,“原来和思念的人相见，就是人们常说的团圆” | 愿年年有今夜《妙妙人间》,「愿岁岁年年有此夜。」<br/>To : 虽然隔着屏幕，但同一轮月亮也让我们团圆在这里。中秋快乐呀~<br/>==========<br/>《妙妙人间》<br/>原唱：张含韵<br/>混音：饭団子p<br/>翻唱&视频：露纱琳黛,1164,https://www.acfun.cn/v/ac48871599,https://tx-free-imgs.acfun.cn/newUpload/69790459_0b53ce48e1c7437c9bdd3cf45d53de8f.jpeg?imageslim,AcFun,日榜,day,hotlist,,2026-09-26 17:21:13
11,加息概率90%：美联储或将亲手刺破AI泡沫,,1471,https://www.acfun.cn/v/ac48873517,https://tx-free-imgs.acfun.cn/newUpload/43608832_8d2f86fa2183404c842a39cc3e7b18b0.jpeg?imageslim,AcFun,日榜,day,hotlist,,2026-09-26 17:21:13
12,想和你一起赏月𐔌՞ ܸ.ˬ.ܸ՞𐦯千里邀月,,1219,https://www.acfun.cn/v/ac48873207,https://tx-free-imgs.acfun.cn/newUpload/57336445_c7d705d3782c4b0193b62c6d02e43748.jpg?imageslim,AcFun,日榜,day,hotlist,,2026-09-26 17:21:13
13,香煎盐焗鸡｜简单到不可能失败，外焦里嫩巨好吃,,1248,https://www.acfun.cn/v/ac48870521,https://tx-free-imgs.acfun.cn/newUpload/1383198_a8487ee2fe9849dc9807f9da5d193fb1.jpeg?imageslim,AcFun,日榜,day,hotlist,,2026-09-26 17:21:13
14,网络上常见的热门短视频集锦   第三千四百五十一期,审核大大辛苦了！<br/>谢谢每一个投蕉的帅哥美女！香蕉没有来个赞也好啊！<br/>视频来自快手等平台，侵权联系删除！,1558,https://www.acfun.cn/v/ac48873352,https://tx-free-imgs.acfun.cn/newUpload/2176158_301765c30a1c48e1843401cebd61fd11.gif?imageslim,AcFun,日榜,day,hotlist,,2026-09-26 17:21:13
15,【官方中字】SBR JOJO的奇妙冒险 飙马野郎 2nd＆3rd STAGE 第二集,,2336,https://www.acfun.cn/v/ac48872883,https://tx-free-imgs.acfun.cn/newUpload/30501027_27e89cd7cd684f01a120b8ec666a3896.png?imageslim,AcFun,日榜,day,hotlist,,2026-09-26 17:21:13
16,彩礼十万，你给二十万什么意思？★手机竖屏2015★,审核大大辛苦了！<br/>谢谢每一个投蕉的帅哥美女！香蕉没有来个赞也好啊！<br/>视频来自快手等平台，侵权联系删除！,1827,https://www.acfun.cn/v/ac48873346,https://tx-free-imgs.acfun.cn/newUpload/2176158_b118313c0ec044bba95e256fe492e589.gif?imageslim,AcFun,日榜,day,hotlist,,2026-09-26 17:21:13
17,【1080P.奇幻冒险】JOJO的奇妙冒险 飙马野郎 (2026)第七季 第二集,1890年，一场世纪大赛“SBR”于美国举开。全长共6000公里，是人类史上第一场骑乘马匹横越北美大陆的比赛！为了拿下高达5千万美元（60亿日元）的冠军奖金，一群强悍的冒险家们正式展开了他们的争战！,2330,https://www.acfun.cn/v/ac48872840,https://tx-free-imgs.acfun.cn/newUpload/903432_bb4a52ee7e3e42cc853e5ff0b8a21e0d.png?imageslim,AcFun,日榜,day,hotlist,,2026-09-26 17:21:13
18,【绘画过程】9月保底《金秋》,大家中秋快乐！<br/>本月的保底是百贴布~ 某宝同步预售。,1706,https://www.acfun.cn/v/ac48872808,https://tx-free-imgs.acfun.cn/newUpload/179922_630934cb2f3245e5a4a4020570f61eca.png?imageslim,AcFun,日榜,day,hotlist,,2026-09-26 17:21:13
19,三周摧毁美国东海岸，绿色流感为何无法阻止？【求生之路剧情解析+涂鸦翻译】,刺骨寒溪和最后一战的涂鸦和官方剧情联系不大，因此没有放在视频中；<br/>前面的内容感觉都有点多余，最后的涂鸦翻译才是本体。<br/><br/>,1449,https://www.acfun.cn/v/ac48867996,https://tx-free-imgs.acfun.cn/newUpload/1020536_15195e7242e247fb9dc7a625a61a3662.jpeg?imageslim,AcFun,日榜,day,hotlist,,2026-09-26 17:21:13
20,竖屏~ Shake It -SISTAR【巫小萤】抓住夏天的尾巴,111,1198,https://www.acfun.cn/v/ac48872714,https://tx-free-imgs.acfun.cn/newUpload/14539629_f5759c58fdee4b0db90916f1af7e5033.jpeg?imageslim,AcFun,日榜,day,hotlist,,2026-09-26 17:21:13
21,【夏雅】Don t let go of my hand.,,1948,https://www.acfun.cn/v/ac48873108,https://tx-free-imgs.acfun.cn/newUpload/16279345_4e8e1897539648e8869f4815f9bd1572.jpg?imageslim,AcFun,日榜,day,hotlist,,2026-09-26 17:21:13
22,网络上常见的热门短视频集锦   第三千四百五十二期,审核大大辛苦了！<br/>谢谢每一个投蕉的帅哥美女！香蕉没有来个赞也好啊！<br/>视频来自快手等平台，侵权联系删除！,1121,https://www.acfun.cn/v/ac48874097,https://tx-free-imgs.acfun.cn/newUpload/2176158_18570d70d1aa413e80d7f896c5bcd5c1.gif?imageslim,AcFun,日榜,day,hotlist,,2026-09-26 17:21:13
23,"宙斯神王也会是这战绩？快速看完一局韩服王者斗殴局#837 Zeus, Racoon, Clozer,","宙斯神王也会是这战绩？快速看完一局韩服王者斗殴局#837 Zeus, Racoon, Clozer, Wenbo, Canyon, 叶秋枫 <br/>BGM:https://music.163.com/playlist?id=650818240&userid=30476594",1362,https://www.acfun.cn/v/ac48865858,https://tx-free-imgs.acfun.cn/newUpload/1378726_0477a53ac6df4eb3b611b241b6a08941.jpeg?imageslim,AcFun,日榜,day,hotlist,,2026-09-26 17:21:13
24,石头剪刀布卖个萌,难得假期来凡人线下嘉年华cos了一下银月，玩得很开心，不知道有没有碰到我的道友～,1191,https://www.acfun.cn/v/ac48873212,https://tx-free-imgs.acfun.cn/newUpload/12229455_c6e4220d0d7c41e2b5d489a9386cbe72.png?imageslim,AcFun,日榜,day,hotlist,,2026-09-26 17:21:13
25,Acfun评论才是本体啊2026年8月和九月,香蕉点赞来一点哦，,1088,https://www.acfun.cn/v/ac48872845,https://tx-free-imgs.acfun.cn/newUpload/36839617_4ce9b7b878c344edbc971706d81900cc.jpeg?imageslim,AcFun,日榜,day,hotlist,,2026-09-26 17:21:13
26,【猪肝来也】one love,,1150,https://www.acfun.cn/v/ac48873230,https://tx-free-imgs.acfun.cn/newUpload/4599324_253057be5bbe40d1b82d24222d803ec4.jpg?imageslim,AcFun,日榜,day,hotlist,,2026-09-26 17:21:13
27,又何尝不是一种很新的花灯...,胶佬过中秋有自己的灯笼！其实是万代的MEGX独角兽换了灯组嘻嘻～双节快乐！,1131,https://www.acfun.cn/v/ac48873084,https://tx-free-imgs.acfun.cn/newUpload/13449743_b5143a98667f48bdb3f046459ee13864.jpeg?imageslim,AcFun,日榜,day,hotlist,,2026-09-26 17:21:13
28,【绝望女神/翻唱】【火影忍者 ED1 Wind】,想听啥继续评论回复~,1036,https://www.acfun.cn/v/ac48873021,https://tx-free-imgs.acfun.cn/newUpload/20705199_4163259e9c314ff193a9aac80be14188.jpeg?imageslim,AcFun,日榜,day,hotlist,,2026-09-26 17:21:13
29,这身衣服跳什么都好帅啊！哈哈哈,,1148,https://www.acfun.cn/v/ac48872819,https://tx-free-imgs.acfun.cn/newUpload/16380981_3be481ccc3bd44c3a12928fa1f84b25e.png?imageslim,AcFun,日榜,day,hotlist,,2026-09-26 17:21:13
30,十几万买台“莲花”，行吗？,,1201,https://www.acfun.cn/v/ac48872934,https://tx-free-imgs.acfun.cn/newUpload/14288157_b6f51fa0cabc4a0fa6b69c8bffff34ea.jpeg?imageslim,AcFun,日榜,day,hotlist,,2026-09-26 17:21:13
31,明月几时有？我想有时就有～,,1039,https://www.acfun.cn/v/ac48872948,https://tx-free-imgs.acfun.cn/newUpload/31922015_3de6c615f9d24a4ab766c9c22f19d8ed.jpg?imageslim,AcFun,日榜,day,hotlist,,2026-09-26 17:21:13
32,十月新番最爽厕纸！男主化身黄毛！转生夺走原主的女友们！？,十月新番最爽厕纸！男主化身黄毛！转生夺走原主的女友们！？,1336,https://www.acfun.cn/v/ac48873035,https://tx-free-imgs.acfun.cn/newUpload/13467496_1abceb83c1454743bcb9d4abcf823669.jpeg?imageslim,AcFun,日榜,day,hotlist,,2026-09-26 17:21:13
33,open the door,,1358,https://www.acfun.cn/v/ac48873110,https://tx-free-imgs.acfun.cn/newUpload/79951_cacbb88182cb435a99a97d446363fa53.jpg?imageslim,AcFun,日榜,day,hotlist,,2026-09-26 17:21:13
34,TGS现场女玩家击败虎牢关吕布【真三国无双2with猛将传】复刻版,Up主现场实拍TGS2026《真三国无双2with猛将传】复刻版现场试玩,1161,https://www.acfun.cn/v/ac48873376,https://tx-free-imgs.acfun.cn/newUpload/17097644_3295b46ed232444db8c34ee0206b58a7.png?imageslim,AcFun,日榜,day,hotlist,,2026-09-26 17:21:13
35,什么！银月在这么多人面前闪身步,,862,https://www.acfun.cn/v/ac48873418,https://tx-free-imgs.acfun.cn/newUpload/12229455_6c8e0e9183a14360ad1419cc7c604154.png?imageslim,AcFun,日榜,day,hotlist,,2026-09-26 17:21:13
36,不近女色【今天有什么好笑的 #251】,：），谢谢大家的投蕉和点赞，祝你开心愉快~<br/>Wallpaper壁纸： 猫アレルギー<br/>Bgm：ever (αkatsuki ver.),832,https://www.acfun.cn/v/ac48874464,https://tx-free-imgs.acfun.cn/newUpload/383079_3b007ee1aafc4dc1aa69adb4df550375.gif?imageslim,AcFun,日榜,day,hotlist,,2026-09-26 17:21:13
37,BESTiE -Love Options 恋爱的条件,,1253,https://www.acfun.cn/v/ac48873408,https://tx-free-imgs.acfun.cn/newUpload/795184_af41ad4bed1648c8983feb1bf7558c11.jpeg?imageslim,AcFun,日榜,day,hotlist,,2026-09-26 17:21:13
38,【官方双语】下载更多显存 不骗人！英伟达CMP 170HX魔改#linus谈科技,,843,https://www.acfun.cn/v/ac48873638,https://tx-free-imgs.acfun.cn/newUpload/1630166_2e45d7f65d2e44c9a5a181e12fbb81ee.jpeg?imageslim,AcFun,日榜,day,hotlist,,2026-09-26 17:21:13
39,灰姑娘“Yasal” 人间极品，就无需多言！！！,,1096,https://www.acfun.cn/v/ac48873609,https://tx-free-imgs.acfun.cn/newUpload/73298133_2dab83d1a24440eb95a37438305b57f1.gif?imageslim,AcFun,日榜,day,hotlist,,2026-09-26 17:21:13
40,23.你从哪里来？告别海洋的勇者，四足动物的硬核远祖：肉鳍鱼,23.你从哪里来？告别海洋的勇者，四足动物的硬核远祖：肉鳍鱼,1034,https://www.acfun.cn/v/ac48869201,https://tx-free-imgs.acfun.cn/newUpload/28933912_04426f23b29049469da53505405b6d3c.jpeg?imageslim,AcFun,日榜,day,hotlist,,2026-09-26 17:21:13
41,你不是我的兄弟，你只是一个路人,,1102,https://www.acfun.cn/v/ac48874327,https://tx-free-imgs.acfun.cn/newUpload/581357_5f320d7984ce4569a85ab3057437f0ae.jpeg?imageslim,AcFun,日榜,day,hotlist,,2026-09-26 17:21:13
42,碰碰—风月吻眉梢（礼越）,,668,https://www.acfun.cn/v/ac48873321,https://tx-free-imgs.acfun.cn/newUpload/11507862_6d287f4ceb7141278e56c341c32d9314.jpg?imageslim,AcFun,日榜,day,hotlist,,2026-09-26 17:21:13
43,折月满兜（cover镜予歌）,,713,https://www.acfun.cn/v/ac48873165,https://tx-free-imgs.acfun.cn/newUpload/1688088_91ac93d6b06342b894bd70e1e2c903f6.jpg?imageslim,AcFun,日榜,day,hotlist,,2026-09-26 17:21:13
44,这个就是我呀头上有两个妙脆角,六点起来画的妆，当了一天npc,548,https://www.acfun.cn/v/ac48873337,https://tx-free-imgs.acfun.cn/newUpload/12954767_73b126f71b4d46639eacd2919d904e19.png?imageslim,AcFun,日榜,day,hotlist,,2026-09-26 17:21:13
45,中秋快乐，做完啦,,1024,https://www.acfun.cn/v/ac48873066,https://tx-free-imgs.acfun.cn/newUpload/79951_8f482ada8b9b4177876905d8147d992e.jpg?imageslim,AcFun,日榜,day,hotlist,,2026-09-26 17:21:13
46,中 秋 福 利,,1059,https://www.acfun.cn/v/ac48873262,https://tx-free-imgs.acfun.cn/newUpload/73482487_6cb1df13206f49a9a4988910f8e40b94.png?imageslim,AcFun,日榜,day,hotlist,,2026-09-26 17:21:13
47,강덕구 - [9.23] 姜德玖睡覺打鼾,,1329,https://www.acfun.cn/v/ac48873359,https://tx-free-imgs.acfun.cn/newUpload/14385304_d3dc414d9d2e41c7ac6f2ee0fd4fa452.png?imageslim,AcFun,日榜,day,hotlist,,2026-09-26 17:21:13
48,【26年9月】『飙马野郎 JOJO的奇妙冒险』 NCOP＆NCED,《飙马野郎》是由荒木飞吕彦创作的漫画系列JOJO的奇妙冒险的第七部，并伴有动画、游戏等衍生作品。<br/><br/>1890年，一场横断北美大陆、总长度六千公里的超长程赛马“STEEL BALL RUN”（SBR）即将展开，这是主角乔尼·乔斯达跨越青春期、迈向大人的故事。乔尼‧乔斯达曾是顶尖骑手，但一起枪击案使他半身不遂，他遇见了神秘男子杰洛·齐贝林，杰洛手中的旋转铁球让乔尼再一次站起，乔尼为了追寻让自己重新站起的方法，跟着杰洛参与了SBR。<br/><br/>表面上、SBR是由活动策划家史蒂芬·史提尔所组织的，但比赛的幕后主使其实是美国政府。美国总统法尼·瓦伦泰为了搜集散落在北美大陆上的、不可思议的圣人遗体而筹画了这场大赛。每一份圣人遗体──故事里暗示是耶稣的遗体──都能带给持有者替身能力，而完整的遗体更具神力，总统的目的便是取得完整遗体以确保美国的荣耀。,1126,https://www.acfun.cn/v/ac48873898,https://tx-free-imgs.acfun.cn/newUpload/3449731_3c926a64f92844528b08a4c79113881f.png?imageslim,AcFun,日榜,day,hotlist,,2026-09-26 17:21:13
49,桢-20260923,,1030,https://www.acfun.cn/v/ac48872171,https://tx-free-imgs.acfun.cn/newUpload/78055394_63f3c2fd3d1c444c957bba19b1991505.png?imageslim,AcFun,日榜,day,hotlist,,2026-09-26 17:21:13
50,盛盛翻跳IVE超火韩舞LOVE DIVE,,607,https://www.acfun.cn/v/ac48870227,https://tx-free-imgs.acfun.cn/newUpload/12788875_af153cff11bb4b8fa40d1f721002e3b4.jpeg?imageslim,AcFun,日榜,day,hotlist,,2026-09-26 17:21:13
1,娃：真遗憾，本来打算亲自告诉你们的,嘿嘿希望大家都万事顺意～心想事成,5713,https://www.acfun.cn/v/ac48871740,https://tx-free-imgs.acfun.cn/newUpload/17062172_d1a93166ed084e3aadac2fea4bba0707.jpg?imageslim,AcFun,三日榜,three-days,hotlist,,2026-09-26 17:21:13
2,《野生动物迷惑行为》,喜欢请投蕉啊   谢谢啦！,2956,https://www.acfun.cn/v/ac48868360,https://tx-free-imgs.acfun.cn/newUpload/1342385_3fab348c538e4c0fa001871a708fe302.jpeg?imageslim,AcFun,三日榜,three-days,hotlist,,2026-09-26 17:21:13
3,裸足圆脸仙女下凡～跳一曲千里邀月【可心喵】,,2658,https://www.acfun.cn/v/ac48872448,https://tx-free-imgs.acfun.cn/newUpload/12892608_6691690fd8e944278bda5d5390e1e5a9.jpg?imageslim,AcFun,三日榜,three-days,hotlist,,2026-09-26 17:21:13
4,漫威金刚狼深陷争议！SweetBaby又毁一款？【绅批】,这算是DEI的历史遗留问题了，所有现在已经从sweetbaby离职的人，只要参与过游戏制作也会被署名（比如桥本和真）,2997,https://www.acfun.cn/v/ac48868810,https://tx-free-imgs.acfun.cn/newUpload/526850_ca1da1572b1d494a93e2f6bab46cf76b.jpeg?imageslim,AcFun,三日榜,three-days,hotlist,,2026-09-26 17:21:13
5,因为害怕被讨厌 所以把自己藏起来了,,3266,https://www.acfun.cn/v/ac48871331,https://tx-free-imgs.acfun.cn/newUpload/11361784_3d4bd69b46f541e184c2922c24f09276.jpg?imageslim,AcFun,三日榜,three-days,hotlist,,2026-09-26 17:21:13
6,我真的是来吃饭的！★手机竖屏2013★,审核大大辛苦了！<br/>谢谢每一个投蕉的帅哥美女！香蕉没有来个赞也好啊！<br/>视频来自快手等平台，侵权联系删除！,4003,https://www.acfun.cn/v/ac48869145,https://tx-free-imgs.acfun.cn/newUpload/2176158_eb4b69370b8f435aa2b171e72403d356.gif?imageslim,AcFun,三日榜,three-days,hotlist,,2026-09-26 17:21:13
7,mr chu!!好怀念这首歌,,2163,https://www.acfun.cn/v/ac48869375,https://tx-free-imgs.acfun.cn/newUpload/16380981_19592eb83a88429695ee1a0508fc3df0.png?imageslim,AcFun,三日榜,three-days,hotlist,,2026-09-26 17:21:13
8,今夜的风悄悄月悄悄~,,3154,https://www.acfun.cn/v/ac48873434,https://tx-free-imgs.acfun.cn/newUpload/23512715_0f364b6606dd467ab9975ffef5af1b29.jpg?imageslim,AcFun,三日榜,three-days,hotlist,,2026-09-26 17:21:13
9,女妖邪神凶宅索命，最惨主角逆天求生！克系神游《魔女屋中之梦》像素恐怖游戏详细讲述【深夜档】,如何在60天内，让洛夫克拉夫特小说中惨死的倒霉主角逆天改命？这位芬兰作者打造了一部又硬核又忠实的优秀克苏鲁游戏！入住阿卡姆百年凶宅的凡人主角沃尔特·吉尔曼，接连遭到人脸妖鼠，恐怖女巫，不可名状外神的侵袭。白天钻研神秘学知识，梦中游历邪恶异星。他将与密斯卡托尼克大学最强战神亨利·阿米蒂奇教授联手对抗邪神降世！这是一部真正将洛氏“宇宙恐怖”带入到日常，并忠实于原著的游戏，自由度超高且信息量惊人！我将细致地带各位体验这跌宕起伏的60天，看弱小的主角如何起死回生并拯救世界！,1765,https://www.acfun.cn/v/ac48872418,https://tx-free-imgs.acfun.cn/newUpload/817797_2631b7cf26c14c2fbbfb062962a775be.jpeg?imageslim,AcFun,三日榜,three-days,hotlist,,2026-09-26 17:21:13
10,拜托了，夫人！★手机竖屏2014★,审核大大辛苦了！<br/>谢谢每一个投蕉的帅哥美女！香蕉没有来个赞也好啊！<br/>视频来自快手等平台，侵权联系删除！,3681,https://www.acfun.cn/v/ac48871493,https://tx-free-imgs.acfun.cn/newUpload/2176158_afaf0913878443b1bc00d636136ffce3.gif?imageslim,AcFun,三日榜,three-days,hotlist,,2026-09-26 17:21:13
11,和我一起健身吧！！！欢乐八点档-1783,审核大大辛苦了！<br/>免费的香蕉投一下吧，没有那就点个赞吧，这对我来说很重要，谢谢！！！<br/>谢谢每一个投蕉的帅哥美女！你们是我坚持更新的动力！<br/>视频来自快手等平台，侵权联系删除！,3312,https://www.acfun.cn/v/ac48872699,https://tx-free-imgs.acfun.cn/newUpload/2176158_e379c7202d2e43029e07ad17f40cab19.gif?imageslim,AcFun,三日榜,three-days,hotlist,,2026-09-26 17:21:13
12,这样的学姐喜欢吗？欢乐八点档-1782,审核大大辛苦了！<br/>免费的香蕉投一下吧，没有那就点个赞吧，这对我来说很重要，谢谢！！！<br/>谢谢每一个投蕉的帅哥美女！你们是我坚持更新的动力！<br/>视频来自快手等平台，侵权联系删除！,3944,https://www.acfun.cn/v/ac48870057,https://tx-free-imgs.acfun.cn/newUpload/2176158_4c1f3b60f73e451abc443941d47305d8.gif?imageslim,AcFun,三日榜,three-days,hotlist,,2026-09-26 17:21:13
13,拳击好啊，拳击得学！欢乐八点档-1781,审核大大辛苦了！<br/>免费的香蕉投一下吧，没有那就点个赞吧，这对我来说很重要，谢谢！！！<br/>谢谢每一个投蕉的帅哥美女！你们是我坚持更新的动力！<br/>视频来自快手等平台，侵权联系删除！,4240,https://www.acfun.cn/v/ac48868336,https://tx-free-imgs.acfun.cn/newUpload/2176158_3f6c601293a54468bae97f781440217b.gif?imageslim,AcFun,三日榜,three-days,hotlist,,2026-09-26 17:21:13
14,【4K超高清】「JOJO的奇妙冒险 飙马野郎」第2话,,5679,https://www.acfun.cn/v/ac48872740,https://tx-free-imgs.acfun.cn/newUpload/72840608_a526e08904d049d2b38ce5f38bd71e63.jpeg?imageslim,AcFun,三日榜,three-days,hotlist,,2026-09-26 17:21:13
15,【锅锅x怀瑜x阔落】千里邀月——共饮此杯赏此月，夜好眠,中秋到了，和姐妹们合唱了千里邀月~~<br/>乐：可乐祝大家身体健康，永不加班，月圆人团圆<br/>鱼：怀瑜愿诸位财源广进，常能摸鱼，花好月更圆<br/>锅：锅锅祝大家桂香满锅，早归赏月，饼甜心更甜<br/>祝大家中秋快乐~,1921,https://www.acfun.cn/v/ac48871580,https://tx-free-imgs.acfun.cn/newUpload/67206930_e47be8dbac2546e1b5a4a831e71dabe4.jpeg?imageslim,AcFun,三日榜,three-days,hotlist,,2026-09-26 17:21:13
16,短裙挑战！超长翻跳一次看个够~【生日作】,,1946,https://www.acfun.cn/v/ac48872675,https://tx-free-imgs.acfun.cn/newUpload/32485245_415db634556140d1841e2ebb4c0d9371.jpeg?imageslim,AcFun,三日榜,three-days,hotlist,,2026-09-26 17:21:13
17,姛姛？！蝴蝶耳机Manget中文翻唱【箐羽Hane】x【缇若柯Teivoc】,“是否你确实表里如一淡然，还是说你——并不似我贪婪？”<br/>《Manget》磁石 / 蝴蝶耳机 - 中文翻唱<br/>原作作曲 / 流星P<br/>曲绘&翻唱 / 箐羽hane & 缇若柯Teivoc<br/>中文填词 / 果汁凉菜<br/>混音 / 风尘<br/>和笋笋一起唱了我们二次元姛神曲！曲绘也是我和笋笋每个人负责了自己的部分最后再拼到一起的！真好！( *^ ^)o(^ ^* )希望大家也能喜欢！,1676,https://www.acfun.cn/v/ac48869340,https://tx-free-imgs.acfun.cn/newUpload/67511609_d868cdbd6b1849e8958696cdc9db1493.jpeg?imageslim,AcFun,三日榜,three-days,hotlist,,2026-09-26 17:21:13
18,我要冲会员【今天有什么好笑的 #2516】,：），谢谢大家的投蕉和点赞，祝你开心愉快~<br/>wallpaper壁纸：Reze | Chainsaw Man<br/>BGM：Nicoleta Matei - Love mail<br/>,2533,https://www.acfun.cn/v/ac48870763,https://tx-free-imgs.acfun.cn/newUpload/383079_47b0fc3f458042f5bd3717967e55c598.gif?imageslim,AcFun,三日榜,three-days,hotlist,,2026-09-26 17:21:13
19,网络上常见的热门短视频集锦   第三千四百四十九期,审核大大辛苦了！<br/>谢谢每一个投蕉的帅哥美女！香蕉没有来个赞也好啊！<br/>视频来自快手等平台，侵权联系删除！,3020,https://www.acfun.cn/v/ac48871496,https://tx-free-imgs.acfun.cn/newUpload/2176158_cf20f7722011491da25ce2efbc799dba.gif?imageslim,AcFun,三日榜,three-days,hotlist,,2026-09-26 17:21:13
20,换你穿越三国乱世，你是起兵还是种田？,有没有宝贝和我一样，看三国的时候总在想，如果换我身在那个乱世，我会怎么样？是起兵争霸，还是归隐山林？ 或是是咱们可以选三国里有名的角色或者可以架空历史从素人做起，一统三国，那会怎么样?我最近就玩了这么一款游戏，一玩就是五个小时，根本停不下来，那今天来聊聊这款开放世界slg游戏《英雄立志传：三国志》~<br/>,2103,https://www.acfun.cn/v/ac48869043,https://tx-free-imgs.acfun.cn/newUpload/61352468_39715609bed041b98b21f3dbb482ad70.jpeg?imageslim,AcFun,三日榜,three-days,hotlist,,2026-09-26 17:21:13
21,交通事故20260923：交通车祸实例，提高安全驾驶意识,,1479,https://www.acfun.cn/v/ac48868861,https://tx-free-imgs.acfun.cn/newUpload/76871961_edea5de6659a4cd2b733a74989043440.jpg?imageslim,AcFun,三日榜,three-days,hotlist,,2026-09-26 17:21:13
22,网络上常见的热门短视频集锦   第三千四百四十八期,审核大大辛苦了！<br/>谢谢每一个投蕉的帅哥美女！香蕉没有来个赞也好啊！<br/>视频来自快手等平台，侵权联系删除！,3650,https://www.acfun.cn/v/ac48870020,https://tx-free-imgs.acfun.cn/newUpload/2176158_d65e54f4e9ee489b86b6fc28c31c84ee.gif?imageslim,AcFun,三日榜,three-days,hotlist,,2026-09-26 17:21:13
23,沦陷️,歌曲舞蹈：沦陷dj版-星奇摇   动作有改编,1777,https://www.acfun.cn/v/ac48869381,https://tx-free-imgs.acfun.cn/newUpload/12229455_aacf9da97a0940ad8e5f0b509d9cc159.jpeg?imageslim,AcFun,三日榜,three-days,hotlist,,2026-09-26 17:21:13
24,常州新开巴西烤肉自助，100块钱值得吗？,这是我目前为止，去过的第二家巴西烤肉自助，团购优惠的情况下，花了94元。正常价格在95~110不等<br/><br/>简单带大家看下菜品，除了取餐台这么些，各种牛肉制品、大串烧烤都是循环上桌，大家觉得这么些菜式花样，100块钱左右你们觉得贵还是便宜啊，觉得贵的扣1，觉得便宜的扣2,1911,https://www.acfun.cn/v/ac48868891,https://tx-free-imgs.acfun.cn/newUpload/2046675_bf3a59ddff624646850829452262094e.jpeg?imageslim,AcFun,三日榜,three-days,hotlist,,2026-09-26 17:21:13
25,老板直聘（89）,,1657,https://www.acfun.cn/v/ac48868552,https://tx-free-imgs.acfun.cn/newUpload/74706824_db2c7ba15c5d4aa18872db6b0763b7ca.jpeg?imageslim,AcFun,三日榜,three-days,hotlist,,2026-09-26 17:21:13
26,网络上常见的热门短视频集锦   第三千四百五十期,审核大大辛苦了！<br/>谢谢每一个投蕉的帅哥美女！香蕉没有来个赞也好啊！<br/>视频来自快手等平台，侵权联系删除！,3242,https://www.acfun.cn/v/ac48872279,https://tx-free-imgs.acfun.cn/newUpload/2176158_a96ecd95394b4517928ac111407f75b1.gif?imageslim,AcFun,三日榜,three-days,hotlist,,2026-09-26 17:21:13
27,网络上常见的热门短视频集锦   第三千四百四十七期,审核大大辛苦了！<br/>谢谢每一个投蕉的帅哥美女！香蕉没有来个赞也好啊！<br/>视频来自快手等平台，侵权联系删除！,3352,https://www.acfun.cn/v/ac48869149,https://tx-free-imgs.acfun.cn/newUpload/2176158_fdf9afe2e00a4a1aa62415c846776eaf.gif?imageslim,AcFun,三日榜,three-days,hotlist,,2026-09-26 17:21:13
28,空姐OL~第57次取消发送,中秋节快乐,1933,https://www.acfun.cn/v/ac48872674,https://tx-free-imgs.acfun.cn/newUpload/14539629_46621bdc88a44c63be63172c5ba6cb6a.jpeg?imageslim,AcFun,三日榜,three-days,hotlist,,2026-09-26 17:21:13
29,沙特反水，退出中国主导数字货币桥项目,,1821,https://www.acfun.cn/v/ac48873521,https://tx-free-imgs.acfun.cn/newUpload/43608832_667ff672cc3548f3bae31d62bb9e3f0e.jpeg?imageslim,AcFun,三日榜,three-days,hotlist,,2026-09-26 17:21:13
30,【颜音】中秋歌回~祝大家节日快乐,皓月凌空，桂香满庭。<br/>愿今夜歌声暖心，祝各位中秋快乐，阖家美满！,1508,https://www.acfun.cn/v/ac48872065,https://tx-free-imgs.acfun.cn/newUpload/4425861_3dab8cdf19a74bf6accbdcd688cd9b6a.jpeg?imageslim,AcFun,三日榜,three-days,hotlist,,2026-09-26 17:21:13
31,【东方/汉化】咲夜带你了解汉字【MMD搞笑小剧场】,作者：クローバー,1435,https://www.acfun.cn/v/ac48872652,https://tx-free-imgs.acfun.cn/newUpload/6102_8b2072189ecb4044a7de95bb450d02ed.jpeg?imageslim,AcFun,三日榜,three-days,hotlist,,2026-09-26 17:21:13
32,原创编舞《千层套路》的定机位竖屏来啦！,,1666,https://www.acfun.cn/v/ac48869245,https://tx-free-imgs.acfun.cn/newUpload/16380981_24bafd11c027499d9fe6820162faa782.png?imageslim,AcFun,三日榜,three-days,hotlist,,2026-09-26 17:21:13
33,在英国差点被上门诈骗,可能看到我一人在家，就大胆敲门了，还好平常也会注意周边邻居，没发生什么事儿，这个金额就算被骗也不会报警，以后还是要小心一些了。#英国日常#vlog,1691,https://www.acfun.cn/v/ac48869505,https://tx-free-imgs.acfun.cn/newUpload/43181603_1c8c6c487a864d098b5e7e7bf2a12c6a.jpg?imageslim,AcFun,三日榜,three-days,hotlist,,2026-09-26 17:21:13
34,发个friend圈,,1551,https://www.acfun.cn/v/ac48863958,https://tx-free-imgs.acfun.cn/newUpload/12439728_b44cb67ae45a4c179b08227368f4159c.png?imageslim,AcFun,三日榜,three-days,hotlist,,2026-09-26 17:21:13
35,奥迪“宫斗”十年大结局？一汽拿四环，上汽拿AUDI,一汽奥迪和上汽奥迪“宫斗”了十年，终于要划下句号了？,1761,https://www.acfun.cn/v/ac48870981,https://tx-free-imgs.acfun.cn/newUpload/13630266_3fde785be5a2411495618f67d01ab66a.jpeg?imageslim,AcFun,三日榜,three-days,hotlist,,2026-09-26 17:21:13
36,如果我和她恋爱的话……,,1619,https://www.acfun.cn/v/ac48871545,https://tx-free-imgs.acfun.cn/newUpload/2277346_de526594356a4c9f90b71bf5823054e6.jpg?imageslim,AcFun,三日榜,three-days,hotlist,,2026-09-26 17:21:13
37,两段不伦恋 15年复仇路《老男孩》吴大秀我的折磨可是一辈子,本期带来《老男孩》50分钟 国庆要到了，铁粉都知道背包住在网红街道 小长假根本没法做节目，阿杰提意带着各自父母一起出去玩几天 所以这几天会加急看看能不能赶出来一期，实再不行就小长假后更新咯，中秋国庆都祝小伙伴开心快乐！,1269,https://www.acfun.cn/v/ac48871285,https://tx-free-imgs.acfun.cn/newUpload/6894185_ab259859c7df40d1b092d2e828bf38e5.jpeg?imageslim,AcFun,三日榜,three-days,hotlist,,2026-09-26 17:21:13
38,捏捏已经已进化到可以吃的地步啦？,,1642,https://www.acfun.cn/v/ac48868638,https://tx-free-imgs.acfun.cn/newUpload/6177430_486c910212d548c991eeb140f146a6ed.jpeg?imageslim,AcFun,三日榜,three-days,hotlist,,2026-09-26 17:21:13
39,望眼欲穿【今天有什么好笑的 #2517】,：），谢谢大家的投蕉和点赞，祝你开心愉快~<br/>Wallpaper壁纸：雪山与女孩<br/>Bgm：あのね。,2024,https://www.acfun.cn/v/ac48872647,https://tx-free-imgs.acfun.cn/newUpload/383079_40beb913fd1a44d3afa053553d53b466.gif?imageslim,AcFun,三日榜,three-days,hotlist,,2026-09-26 17:21:13
40,【东方】QUEEN【蕾米莉亚 Miy Ver. MMD】,作者：やくも<br/><br/>楽曲:Kanaria 様→https://www.nicovideo.jp/watch/sm4088...<br/>振付:AKIRA様<br/>モーション:P-nez 様→https://www.nicovideo.jp/watch/sm4350...<br/>カメラ:Mizuha様→https://www.nicovideo.jp/watch/sm4353...<br/>モデル:MIy様<br/>ステージ:栗ごはん様<br/>アクセサリ:アスカ様,1282,https://www.acfun.cn/v/ac48870080,https://tx-free-imgs.acfun.cn/newUpload/6102_6a4dce20c9b74fa0bbdff3ccc0a73c5d.png?imageslim,AcFun,三日榜,three-days,hotlist,,2026-09-26 17:21:13
41,我终于明白什么都不缺的含金量！,,1305,https://www.acfun.cn/v/ac48872781,https://tx-free-imgs.acfun.cn/newUpload/6177430_06f5f9b03edd4f73a3dfeba4cf78db16.jpeg?imageslim,AcFun,三日榜,three-days,hotlist,,2026-09-26 17:21:13
42,这套皮肤真的很喜欢,,1514,https://www.acfun.cn/v/ac48871657,https://tx-free-imgs.acfun.cn/newUpload/16380981_ac9640e59a3a42e093fcee0a0b81d474.jpg?imageslim,AcFun,三日榜,three-days,hotlist,,2026-09-26 17:21:13
43,只有刀鸣最小丑？各大游戏千年血战联动盘点！,300英雄的含金量还在上升,1998,https://www.acfun.cn/v/ac48869154,https://tx-free-imgs.acfun.cn/newUpload/247671_7d920e56c00e4af39fed560bf094f965.jpeg?imageslim,AcFun,三日榜,three-days,hotlist,,2026-09-26 17:21:13
44,忘情牛肉面,,1653,https://www.acfun.cn/v/ac48873433,https://tx-free-imgs.acfun.cn/newUpload/11361784_6fe659c9e31e428c8b700a04d46742fd.jpg?imageslim,AcFun,三日榜,three-days,hotlist,,2026-09-26 17:21:13
45,加息概率90%：美联储或将亲手刺破AI泡沫,,1471,https://www.acfun.cn/v/ac48873517,https://tx-free-imgs.acfun.cn/newUpload/43608832_8d2f86fa2183404c842a39cc3e7b18b0.jpeg?imageslim,AcFun,三日榜,three-days,hotlist,,2026-09-26 17:21:13
46,“原来和思念的人相见，就是人们常说的团圆” | 愿年年有今夜《妙妙人间》,「愿岁岁年年有此夜。」<br/>To : 虽然隔着屏幕，但同一轮月亮也让我们团圆在这里。中秋快乐呀~<br/>==========<br/>《妙妙人间》<br/>原唱：张含韵<br/>混音：饭団子p<br/>翻唱&视频：露纱琳黛,1164,https://www.acfun.cn/v/ac48871599,https://tx-free-imgs.acfun.cn/newUpload/69790459_0b53ce48e1c7437c9bdd3cf45d53de8f.jpeg?imageslim,AcFun,三日榜,three-days,hotlist,,2026-09-26 17:21:13
47,你吃月饼了吗？,,1467,https://www.acfun.cn/v/ac48869054,https://tx-free-imgs.acfun.cn/newUpload/1167675_8f48723afb0e41ecbe772249b3f4df1a.jpg?imageslim,AcFun,三日榜,three-days,hotlist,,2026-09-26 17:21:13
48,彩礼十万，你给二十万什么意思？★手机竖屏2015★,审核大大辛苦了！<br/>谢谢每一个投蕉的帅哥美女！香蕉没有来个赞也好啊！<br/>视频来自快手等平台，侵权联系删除！,1827,https://www.acfun.cn/v/ac48873346,https://tx-free-imgs.acfun.cn/newUpload/2176158_b118313c0ec044bba95e256fe492e589.gif?imageslim,AcFun,三日榜,three-days,hotlist,,2026-09-26 17:21:13
49,网络上常见的热门短视频集锦   第三千四百五十一期,审核大大辛苦了！<br/>谢谢每一个投蕉的帅哥美女！香蕉没有来个赞也好啊！<br/>视频来自快手等平台，侵权联系删除！,1558,https://www.acfun.cn/v/ac48873352,https://tx-free-imgs.acfun.cn/newUpload/2176158_301765c30a1c48e1843401cebd61fd11.gif?imageslim,AcFun,三日榜,three-days,hotlist,,2026-09-26 17:21:13
50,香煎盐焗鸡｜简单到不可能失败，外焦里嫩巨好吃,,1248,https://www.acfun.cn/v/ac48870521,https://tx-free-imgs.acfun.cn/newUpload/1383198_a8487ee2fe9849dc9807f9da5d193fb1.jpeg?imageslim,AcFun,三日榜,three-days,hotlist,,2026-09-26 17:21:13
1,剑戟战斗的巅峰 关卡内容的洼地 偏科严重的《鬼武者：剑之道》,它给人爽的部分是真的爽，但是在每次爽之前，你得堵不少马桶，先生。,4557,https://www.acfun.cn/v/ac48859506,https://tx-free-imgs.acfun.cn/newUpload/934542_5d98ad80ca9c4307b5cdc2051c11cb50.jpeg?imageslim,AcFun,周榜,week,hotlist,,2026-09-26 17:21:13
2,是谁点的小恶魔，蕉出来～,,6430,https://www.acfun.cn/v/ac48867778,https://tx-free-imgs.acfun.cn/newUpload/17062172_6098fee67d1748e0ab5dab3b5665736c.jpg?imageslim,AcFun,周榜,week,hotlist,,2026-09-26 17:21:13
3,跳最开心的一集,,3998,https://www.acfun.cn/v/ac48860571,https://tx-free-imgs.acfun.cn/newUpload/50330447_79a3f269514140c29e7a85fb7c9dc94c.jpg?imageslim,AcFun,周榜,week,hotlist,,2026-09-26 17:21:13
4,娃：真遗憾，本来打算亲自告诉你们的,嘿嘿希望大家都万事顺意～心想事成,5713,https://www.acfun.cn/v/ac48871740,https://tx-free-imgs.acfun.cn/newUpload/17062172_d1a93166ed084e3aadac2fea4bba0707.jpg?imageslim,AcFun,周榜,week,hotlist,,2026-09-26 17:21:13
5,喜欢哪套？,,7309,https://www.acfun.cn/v/ac48861422,https://tx-free-imgs.acfun.cn/newUpload/3540234_729e0d22251f439da3735f26e58d174f.jpg?imageslim,AcFun,周榜,week,hotlist,,2026-09-26 17:21:13
6,过期JK碎碎念！,家人们记得蕉一蕉捏 啾咪,5960,https://www.acfun.cn/v/ac48859219,https://tx-free-imgs.acfun.cn/newUpload/17062172_5dd6ea8b5f2741ff87f0911db6dfb909.jpg?imageslim,AcFun,周榜,week,hotlist,,2026-09-26 17:21:13
7,人间琴悠扬，姑娘把谁记心上～,,2739,https://www.acfun.cn/v/ac48863143,https://tx-free-imgs.acfun.cn/newUpload/50330447_938d77716a11477e843914663278ff07.jpg?imageslim,AcFun,周榜,week,hotlist,,2026-09-26 17:21:13
8,《野生动物迷惑行为》,喜欢请投蕉啊   谢谢啦！,2956,https://www.acfun.cn/v/ac48868360,https://tx-free-imgs.acfun.cn/newUpload/1342385_3fab348c538e4c0fa001871a708fe302.jpeg?imageslim,AcFun,周榜,week,hotlist,,2026-09-26 17:21:13
9,裸足圆脸仙女下凡～跳一曲千里邀月【可心喵】,,2658,https://www.acfun.cn/v/ac48872448,https://tx-free-imgs.acfun.cn/newUpload/12892608_6691690fd8e944278bda5d5390e1e5a9.jpg?imageslim,AcFun,周榜,week,hotlist,,2026-09-26 17:21:13
10,《动物迷惑行为大赏325》,喜欢请投蕉啊 谢谢啦！,2683,https://www.acfun.cn/v/ac48861293,https://tx-free-imgs.acfun.cn/newUpload/1342385_03080470038d444a95ce01ff6a6aeb9f.jpeg?imageslim,AcFun,周榜,week,hotlist,,2026-09-26 17:21:13
11,双马尾小女仆带来的情绪摇～,,4032,https://www.acfun.cn/v/ac48861966,https://tx-free-imgs.acfun.cn/newUpload/11361784_8cee0402b4754b1e82f85b7099791793.jpg?imageslim,AcFun,周榜,week,hotlist,,2026-09-26 17:21:13
12,帮Acer问一下，地址在哪里？欢乐八点档-1779,审核大大辛苦了！<br/>免费的香蕉投一下吧，没有那就点个赞吧，这对我来说很重要，谢谢！！！<br/>谢谢每一个投蕉的帅哥美女！你们是我坚持更新的动力！<br/>视频来自快手等平台，侵权联系删除！,4539,https://www.acfun.cn/v/ac48863633,https://tx-free-imgs.acfun.cn/newUpload/2176158_ff69c3c797d5414e8056b329918cc5b6.gif?imageslim,AcFun,周榜,week,hotlist,,2026-09-26 17:21:13
13,【绘图过程】《海边》6周年纪念插图过程,6周年纪念插图挂画（预售）、沙滩巾（预售），阿宝已上架,3409,https://www.acfun.cn/v/ac48836990,https://tx-free-imgs.acfun.cn/newUpload/179922_9f95aba039e84f3594c3947b3c8fdd58.jpeg?imageslim,AcFun,周榜,week,hotlist,,2026-09-26 17:21:13
14,还是少妇会的多啊！★手机竖屏2011★,审核大大辛苦了！<br/>谢谢每一个投蕉的帅哥美女！香蕉没有来个赞也好啊！<br/>视频来自快手等平台，侵权联系删除！,5290,https://www.acfun.cn/v/ac48864360,https://tx-free-imgs.acfun.cn/newUpload/2176158_3d4f199fd93640468e543b9ee25ac4c0.gif?imageslim,AcFun,周榜,week,hotlist,,2026-09-26 17:21:13
15,漫威金刚狼深陷争议！SweetBaby又毁一款？【绅批】,这算是DEI的历史遗留问题了，所有现在已经从sweetbaby离职的人，只要参与过游戏制作也会被署名（比如桥本和真）,2997,https://www.acfun.cn/v/ac48868810,https://tx-free-imgs.acfun.cn/newUpload/526850_ca1da1572b1d494a93e2f6bab46cf76b.jpeg?imageslim,AcFun,周榜,week,hotlist,,2026-09-26 17:21:13
16,因为害怕被讨厌 所以把自己藏起来了,,3266,https://www.acfun.cn/v/ac48871331,https://tx-free-imgs.acfun.cn/newUpload/11361784_3d4bd69b46f541e184c2922c24f09276.jpg?imageslim,AcFun,周榜,week,hotlist,,2026-09-26 17:21:13
17,我真的是来吃饭的！★手机竖屏2013★,审核大大辛苦了！<br/>谢谢每一个投蕉的帅哥美女！香蕉没有来个赞也好啊！<br/>视频来自快手等平台，侵权联系删除！,4003,https://www.acfun.cn/v/ac48869145,https://tx-free-imgs.acfun.cn/newUpload/2176158_eb4b69370b8f435aa2b171e72403d356.gif?imageslim,AcFun,周榜,week,hotlist,,2026-09-26 17:21:13
18,mr chu!!好怀念这首歌,,2163,https://www.acfun.cn/v/ac48869375,https://tx-free-imgs.acfun.cn/newUpload/16380981_19592eb83a88429695ee1a0508fc3df0.png?imageslim,AcFun,周榜,week,hotlist,,2026-09-26 17:21:13
19,钓鱼佬是真会享受！欢乐八点档-1777,审核大大辛苦了！<br/>免费的香蕉投一下吧，没有那就点个赞吧，这对我来说很重要，谢谢！！！<br/>谢谢每一个投蕉的帅哥美女！你们是我坚持更新的动力！<br/>视频来自快手等平台，侵权联系删除！,4624,https://www.acfun.cn/v/ac48858969,https://tx-free-imgs.acfun.cn/newUpload/2176158_c9d74d926c4c4d709a4b6b7769dffcca.gif?imageslim,AcFun,周榜,week,hotlist,,2026-09-26 17:21:13
20,一波还未平息一波又来侵袭！★手机竖屏2010★,审核大大辛苦了！<br/>谢谢每一个投蕉的帅哥美女！香蕉没有来个赞也好啊！<br/>视频来自快手等平台，侵权联系删除！,4819,https://www.acfun.cn/v/ac48862013,https://tx-free-imgs.acfun.cn/newUpload/2176158_c4802142afc14d50b2cd775e67890cca.gif?imageslim,AcFun,周榜,week,hotlist,,2026-09-26 17:21:13
21,女妖邪神凶宅索命，最惨主角逆天求生！克系神游《魔女屋中之梦》像素恐怖游戏详细讲述【深夜档】,如何在60天内，让洛夫克拉夫特小说中惨死的倒霉主角逆天改命？这位芬兰作者打造了一部又硬核又忠实的优秀克苏鲁游戏！入住阿卡姆百年凶宅的凡人主角沃尔特·吉尔曼，接连遭到人脸妖鼠，恐怖女巫，不可名状外神的侵袭。白天钻研神秘学知识，梦中游历邪恶异星。他将与密斯卡托尼克大学最强战神亨利·阿米蒂奇教授联手对抗邪神降世！这是一部真正将洛氏“宇宙恐怖”带入到日常，并忠实于原著的游戏，自由度超高且信息量惊人！我将细致地带各位体验这跌宕起伏的60天，看弱小的主角如何起死回生并拯救世界！,1765,https://www.acfun.cn/v/ac48872418,https://tx-free-imgs.acfun.cn/newUpload/817797_2631b7cf26c14c2fbbfb062962a775be.jpeg?imageslim,AcFun,周榜,week,hotlist,,2026-09-26 17:21:13
22,今夜的风悄悄月悄悄~,,3154,https://www.acfun.cn/v/ac48873434,https://tx-free-imgs.acfun.cn/newUpload/23512715_0f364b6606dd467ab9975ffef5af1b29.jpg?imageslim,AcFun,周榜,week,hotlist,,2026-09-26 17:21:13
23,还是少妇会啊！！！★手机竖屏2009★,审核大大辛苦了！<br/>谢谢每一个投蕉的帅哥美女！香蕉没有来个赞也好啊！<br/>视频来自快手等平台，侵权联系删除！,4922,https://www.acfun.cn/v/ac48859515,https://tx-free-imgs.acfun.cn/newUpload/2176158_d4e9e6e30f4446319f9e720adfe35ef9.gif?imageslim,AcFun,周榜,week,hotlist,,2026-09-26 17:21:13
24,拜托了，夫人！★手机竖屏2014★,审核大大辛苦了！<br/>谢谢每一个投蕉的帅哥美女！香蕉没有来个赞也好啊！<br/>视频来自快手等平台，侵权联系删除！,3681,https://www.acfun.cn/v/ac48871493,https://tx-free-imgs.acfun.cn/newUpload/2176158_afaf0913878443b1bc00d636136ffce3.gif?imageslim,AcFun,周榜,week,hotlist,,2026-09-26 17:21:13
25,25年了，回坊天花板小酥肉，还是那个味儿,记忆中的味道，回来了，都回来了……<br/>一口椒麻一口鲜，大口吃肉，配上热腾腾的米饭，绝了。<br/>素三鲜也是无敌的存在！,2594,https://www.acfun.cn/v/ac48865538,https://tx-free-imgs.acfun.cn/newUpload/13765438_9bc4a0abf32a4c1aa3e83c844de84649.jpeg?imageslim,AcFun,周榜,week,hotlist,,2026-09-26 17:21:13
26,【AC娘】琵琶曲,原作者：Kotte Animation<br/>还有瑕疵，看个乐吧,3207,https://www.acfun.cn/v/ac48864492,https://tx-free-imgs.acfun.cn/newUpload/41729435_02cbd995b6d54f508eb21d3cb8621903.jpeg?imageslim,AcFun,周榜,week,hotlist,,2026-09-26 17:21:13
27,和我一起健身吧！！！欢乐八点档-1783,审核大大辛苦了！<br/>免费的香蕉投一下吧，没有那就点个赞吧，这对我来说很重要，谢谢！！！<br/>谢谢每一个投蕉的帅哥美女！你们是我坚持更新的动力！<br/>视频来自快手等平台，侵权联系删除！,3312,https://www.acfun.cn/v/ac48872699,https://tx-free-imgs.acfun.cn/newUpload/2176158_e379c7202d2e43029e07ad17f40cab19.gif?imageslim,AcFun,周榜,week,hotlist,,2026-09-26 17:21:13
28,这样的学姐喜欢吗？欢乐八点档-1782,审核大大辛苦了！<br/>免费的香蕉投一下吧，没有那就点个赞吧，这对我来说很重要，谢谢！！！<br/>谢谢每一个投蕉的帅哥美女！你们是我坚持更新的动力！<br/>视频来自快手等平台，侵权联系删除！,3944,https://www.acfun.cn/v/ac48870057,https://tx-free-imgs.acfun.cn/newUpload/2176158_4c1f3b60f73e451abc443941d47305d8.gif?imageslim,AcFun,周榜,week,hotlist,,2026-09-26 17:21:13
29,北京豆汁会惩罚每一个好奇的人！欢乐八点档-1780,审核大大辛苦了！<br/>免费的香蕉投一下吧，没有那就点个赞吧，这对我来说很重要，谢谢！！！<br/>谢谢每一个投蕉的帅哥美女！你们是我坚持更新的动力！<br/>视频来自快手等平台，侵权联系删除！,4527,https://www.acfun.cn/v/ac48865965,https://tx-free-imgs.acfun.cn/newUpload/2176158_ec83e6fb2ffc4005b41881ac13dbaeca.gif?imageslim,AcFun,周榜,week,hotlist,,2026-09-26 17:21:13
30,拳击好啊，拳击得学！欢乐八点档-1781,审核大大辛苦了！<br/>免费的香蕉投一下吧，没有那就点个赞吧，这对我来说很重要，谢谢！！！<br/>谢谢每一个投蕉的帅哥美女！你们是我坚持更新的动力！<br/>视频来自快手等平台，侵权联系删除！,4240,https://www.acfun.cn/v/ac48868336,https://tx-free-imgs.acfun.cn/newUpload/2176158_3f6c601293a54468bae97f781440217b.gif?imageslim,AcFun,周榜,week,hotlist,,2026-09-26 17:21:13
31,你的拳头真是肥嘟嘟的...,动漫：心灵的声音，作者：赵石【韩国】,2217,https://www.acfun.cn/v/ac48859870,https://tx-free-imgs.acfun.cn/newUpload/509259_2fa91d5206504450be471808d9c93a22.jpeg?imageslim,AcFun,周榜,week,hotlist,,2026-09-26 17:21:13
32,这个一字马技术含量很高啊！欢乐八点档-1778,审核大大辛苦了！<br/>免费的香蕉投一下吧，没有那就点个赞吧，这对我来说很重要，谢谢！！！<br/>谢谢每一个投蕉的帅哥美女！你们是我坚持更新的动力！<br/>视频来自快手等平台，侵权联系删除！,4410,https://www.acfun.cn/v/ac48861225,https://tx-free-imgs.acfun.cn/newUpload/2176158_0824627cb76d40dc99ce9cb12c07e4cc.gif?imageslim,AcFun,周榜,week,hotlist,,2026-09-26 17:21:13
33,网络上常见的热门短视频集锦   第三千四百四十五期,审核大大辛苦了！<br/>谢谢每一个投蕉的帅哥美女！香蕉没有来个赞也好啊！<br/>视频来自快手等平台，侵权联系删除！,3998,https://www.acfun.cn/v/ac48866824,https://tx-free-imgs.acfun.cn/newUpload/2176158_dba921eb42f14c7ba31a1af83bfe71ce.gif?imageslim,AcFun,周榜,week,hotlist,,2026-09-26 17:21:13
34,琵琶曲丨夜神月 VS  L,原曲：琵琶曲,2299,https://www.acfun.cn/v/ac48861693,https://tx-free-imgs.acfun.cn/newUpload/16986934_3bf4dd94910c4845acf851f7f0fdb757.jpeg?imageslim,AcFun,周榜,week,hotlist,,2026-09-26 17:21:13
35,网络上常见的热门短视频集锦   第三千四百四十一期,审核大大辛苦了！<br/>谢谢每一个投蕉的帅哥美女！香蕉没有来个赞也好啊！<br/>视频来自快手等平台，侵权联系删除！,4224,https://www.acfun.cn/v/ac48862019,https://tx-free-imgs.acfun.cn/newUpload/2176158_6e5a88d95f344d92a8d97a57f03ac4b9.gif?imageslim,AcFun,周榜,week,hotlist,,2026-09-26 17:21:13
36,空中瑜伽！！！★手机竖屏2012★,审核大大辛苦了！<br/>谢谢每一个投蕉的帅哥美女！香蕉没有来个赞也好啊！<br/>视频来自快手等平台，侵权联系删除！,4530,https://www.acfun.cn/v/ac48866821,https://tx-free-imgs.acfun.cn/newUpload/2176158_610807af48f5463a891fc9f341c9b16f.gif?imageslim,AcFun,周榜,week,hotlist,,2026-09-26 17:21:13
37,厨师长教你：“鱼香肉丝”的家常做法，酸甜微辣，口感丰富,,2084,https://www.acfun.cn/v/ac48867741,https://tx-free-imgs.acfun.cn/newUpload/13274260_93e68d1098d04ffca2683655a6a404c2.jpeg?imageslim,AcFun,周榜,week,hotlist,,2026-09-26 17:21:13
38,一天生产500万个！速冻水饺是如何制造出来的？,,2173,https://www.acfun.cn/v/ac48859253,https://tx-free-imgs.acfun.cn/newUpload/19281632_57f07fe28e24422d948491fd2d43586c.jpeg?imageslim,AcFun,周榜,week,hotlist,,2026-09-26 17:21:13
39,【4K超高清】「JOJO的奇妙冒险 飙马野郎」第2话,,5679,https://www.acfun.cn/v/ac48872740,https://tx-free-imgs.acfun.cn/newUpload/72840608_a526e08904d049d2b38ce5f38bd71e63.jpeg?imageslim,AcFun,周榜,week,hotlist,,2026-09-26 17:21:13
40,网络上常见的热门短视频集锦   第三千四百三十九期,审核大大辛苦了！<br/>谢谢每一个投蕉的帅哥美女！香蕉没有来个赞也好啊！<br/>视频来自快手等平台，侵权联系删除！,4060,https://www.acfun.cn/v/ac48859518,https://tx-free-imgs.acfun.cn/newUpload/2176158_13f61f1aa39c4732bdaeed87fe0e28a4.gif?imageslim,AcFun,周榜,week,hotlist,,2026-09-26 17:21:13
41,【锅锅x怀瑜x阔落】千里邀月——共饮此杯赏此月，夜好眠,中秋到了，和姐妹们合唱了千里邀月~~<br/>乐：可乐祝大家身体健康，永不加班，月圆人团圆<br/>鱼：怀瑜愿诸位财源广进，常能摸鱼，花好月更圆<br/>锅：锅锅祝大家桂香满锅，早归赏月，饼甜心更甜<br/>祝大家中秋快乐~,1921,https://www.acfun.cn/v/ac48871580,https://tx-free-imgs.acfun.cn/newUpload/67206930_e47be8dbac2546e1b5a4a831e71dabe4.jpeg?imageslim,AcFun,周榜,week,hotlist,,2026-09-26 17:21:13
42,今天你不能嫁出去【今天有什么好笑的 #2514】,：)，谢谢大家，祝你们开心。<br/>wallpaper壁纸：Fading Astronaut 5K (update)<br/>BGM：I Want It That Way,2932,https://www.acfun.cn/v/ac48865864,https://tx-free-imgs.acfun.cn/newUpload/383079_ee4f5f7badf74f05a2ef6c691387f327.gif?imageslim,AcFun,周榜,week,hotlist,,2026-09-26 17:21:13
43,现在电脑不好卖了，以后我们出租AI机器人吧,,2686,https://www.acfun.cn/v/ac48867767,https://tx-free-imgs.acfun.cn/newUpload/17928_c684f06231604145b533a0f00627c624.png?imageslim,AcFun,周榜,week,hotlist,,2026-09-26 17:21:13
44,嘴角压不住了【今天有什么好笑的 #2515】,：），谢谢大家的投蕉和点赞，祝你开心愉快~<br/>wallpaper壁纸：Genshin 神里绫华<br/>BGM：Wake me up when september ends,2458,https://www.acfun.cn/v/ac48868130,https://tx-free-imgs.acfun.cn/newUpload/383079_ef65121591434d2b86d53db1622776cd.gif?imageslim,AcFun,周榜,week,hotlist,,2026-09-26 17:21:13
45,【东方】推特东方小视频选集 第272期,睡觉睡觉睡觉睡觉睡觉睡觉睡觉睡觉睡觉睡觉……,1417,https://www.acfun.cn/v/ac48858830,https://tx-free-imgs.acfun.cn/newUpload/6102_5a13d6efeec742ff84c512206aaeb7b0.jpeg?imageslim,AcFun,周榜,week,hotlist,,2026-09-26 17:21:13
46,甜妹来袭！,,2176,https://www.acfun.cn/v/ac48863947,https://tx-free-imgs.acfun.cn/newUpload/12439728_1fd5a3c6e60241a1a1cd8f89dbede769.png?imageslim,AcFun,周榜,week,hotlist,,2026-09-26 17:21:13
47,网络上常见的热门短视频集锦   第三千四百四十三期,审核大大辛苦了！<br/>谢谢每一个投蕉的帅哥美女！香蕉没有来个赞也好啊！<br/>视频来自快手等平台，侵权联系删除！,3695,https://www.acfun.cn/v/ac48864363,https://tx-free-imgs.acfun.cn/newUpload/2176158_dfef22dbf6934a15a594e5766b8680ca.gif?imageslim,AcFun,周榜,week,hotlist,,2026-09-26 17:21:13
48,姛姛？！蝴蝶耳机Manget中文翻唱【箐羽Hane】x【缇若柯Teivoc】,“是否你确实表里如一淡然，还是说你——并不似我贪婪？”<br/>《Manget》磁石 / 蝴蝶耳机 - 中文翻唱<br/>原作作曲 / 流星P<br/>曲绘&翻唱 / 箐羽hane & 缇若柯Teivoc<br/>中文填词 / 果汁凉菜<br/>混音 / 风尘<br/>和笋笋一起唱了我们二次元姛神曲！曲绘也是我和笋笋每个人负责了自己的部分最后再拼到一起的！真好！( *^ ^)o(^ ^* )希望大家也能喜欢！,1676,https://www.acfun.cn/v/ac48869340,https://tx-free-imgs.acfun.cn/newUpload/67511609_d868cdbd6b1849e8958696cdc9db1493.jpeg?imageslim,AcFun,周榜,week,hotlist,,2026-09-26 17:21:13
49,网络上常见的热门短视频集锦   第三千四百四十四期,审核大大辛苦了！<br/>谢谢每一个投蕉的帅哥美女！香蕉没有来个赞也好啊！<br/>视频来自快手等平台，侵权联系删除！,3591,https://www.acfun.cn/v/ac48865021,https://tx-free-imgs.acfun.cn/newUpload/2176158_663463f1e6004dc2b4dea153d1e60c05.gif?imageslim,AcFun,周榜,week,hotlist,,2026-09-26 17:21:13
50,嘞个就是爱情【今天有什么好笑的 #2512】,：），谢谢大家的投蕉和点赞，祝你开心愉快~<br/>wallpaper壁纸：lamp<br/>BGM：What a Feeling,2466,https://www.acfun.cn/v/ac48860992,https://tx-free-imgs.acfun.cn/newUpload/383079_172d192fee55441c96b7352f61e0a25f.gif?imageslim,AcFun,周榜,week,hotlist,,2026-09-26 17:21:13
1,女妖邪神凶宅索命，最惨主角逆天求生！克系神游《魔女屋中之梦》像素恐怖游戏详细讲述【深夜档】,如何在60天内，让洛夫克拉夫特小说中惨死的倒霉主角逆天改命？这位芬兰作者打造了一部又硬核又忠实的优秀克苏鲁游戏！入住阿卡姆百年凶宅的凡人主角沃尔特·吉尔曼，接连遭到人脸妖鼠，恐怖女巫，不可名状外神的侵袭。白天钻研神秘学知识，梦中游历邪恶异星。他将与密斯卡托尼克大学最强战神亨利·阿米蒂奇教授联手对抗邪神降世！这是一部真正将洛氏“宇宙恐怖”带入到日常，并忠实于原著的游戏，自由度超高且信息量惊人！我将细致地带各位体验这跌宕起伏的60天，看弱小的主角如何起死回生并拯救世界！,1797,https://www.acfun.cn/v/ac48872418,https://tx-free-imgs.acfun.cn/newUpload/817797_2631b7cf26c14c2fbbfb062962a775be.jpeg?imageslim,AcFun,日榜,day,hotlist,,2026-09-26 18:19:32
2,今夜的风悄悄月悄悄~,,3270,https://www.acfun.cn/v/ac48873434,https://tx-free-imgs.acfun.cn/newUpload/23512715_0f364b6606dd467ab9975ffef5af1b29.jpg?imageslim,AcFun,日榜,day,hotlist,,2026-09-26 18:19:32
3,和我一起健身吧！！！欢乐八点档-1783,审核大大辛苦了！<br/>免费的香蕉投一下吧，没有那就点个赞吧，这对我来说很重要，谢谢！！！<br/>谢谢每一个投蕉的帅哥美女！你们是我坚持更新的动力！<br/>视频来自快手等平台，侵权联系删除！,3418,https://www.acfun.cn/v/ac48872699,https://tx-free-imgs.acfun.cn/newUpload/2176158_e379c7202d2e43029e07ad17f40cab19.gif?imageslim,AcFun,日榜,day,hotlist,,2026-09-26 18:19:32
4,短裙挑战！超长翻跳一次看个够~【生日作】,,2016,https://www.acfun.cn/v/ac48872675,https://tx-free-imgs.acfun.cn/newUpload/32485245_415db634556140d1841e2ebb4c0d9371.jpeg?imageslim,AcFun,日榜,day,hotlist,,2026-09-26 18:19:32
5,【东方/汉化】咲夜带你了解汉字【MMD搞笑小剧场】,作者：クローバー,1463,https://www.acfun.cn/v/ac48872652,https://tx-free-imgs.acfun.cn/newUpload/6102_8b2072189ecb4044a7de95bb450d02ed.jpeg?imageslim,AcFun,日榜,day,hotlist,,2026-09-26 18:19:32
6,沙特反水，退出中国主导数字货币桥项目,,1880,https://www.acfun.cn/v/ac48873521,https://tx-free-imgs.acfun.cn/newUpload/43608832_667ff672cc3548f3bae31d62bb9e3f0e.jpeg?imageslim,AcFun,日榜,day,hotlist,,2026-09-26 18:19:32
7,两段不伦恋 15年复仇路《老男孩》吴大秀我的折磨可是一辈子,本期带来《老男孩》50分钟 国庆要到了，铁粉都知道背包住在网红街道 小长假根本没法做节目，阿杰提意带着各自父母一起出去玩几天 所以这几天会加急看看能不能赶出来一期，实再不行就小长假后更新咯，中秋国庆都祝小伙伴开心快乐！,1277,https://www.acfun.cn/v/ac48871285,https://tx-free-imgs.acfun.cn/newUpload/6894185_ab259859c7df40d1b092d2e828bf38e5.jpeg?imageslim,AcFun,日榜,day,hotlist,,2026-09-26 18:19:32
8,如果我和她恋爱的话……,,1684,https://www.acfun.cn/v/ac48871545,https://tx-free-imgs.acfun.cn/newUpload/2277346_de526594356a4c9f90b71bf5823054e6.jpg?imageslim,AcFun,日榜,day,hotlist,,2026-09-26 18:19:32
9,网络上常见的热门短视频集锦   第三千四百五十一期,审核大大辛苦了！<br/>谢谢每一个投蕉的帅哥美女！香蕉没有来个赞也好啊！<br/>视频来自快手等平台，侵权联系删除！,1724,https://www.acfun.cn/v/ac48873352,https://tx-free-imgs.acfun.cn/newUpload/2176158_301765c30a1c48e1843401cebd61fd11.gif?imageslim,AcFun,日榜,day,hotlist,,2026-09-26 18:19:32
10,忘情牛肉面,,1705,https://www.acfun.cn/v/ac48873433,https://tx-free-imgs.acfun.cn/newUpload/11361784_6fe659c9e31e428c8b700a04d46742fd.jpg?imageslim,AcFun,日榜,day,hotlist,,2026-09-26 18:19:32
11,“原来和思念的人相见，就是人们常说的团圆” | 愿年年有今夜《妙妙人间》,「愿岁岁年年有此夜。」<br/>To : 虽然隔着屏幕，但同一轮月亮也让我们团圆在这里。中秋快乐呀~<br/>==========<br/>《妙妙人间》<br/>原唱：张含韵<br/>混音：饭団子p<br/>翻唱&视频：露纱琳黛,1169,https://www.acfun.cn/v/ac48871599,https://tx-free-imgs.acfun.cn/newUpload/69790459_0b53ce48e1c7437c9bdd3cf45d53de8f.jpeg?imageslim,AcFun,日榜,day,hotlist,,2026-09-26 18:19:32
12,加息概率90%：美联储或将亲手刺破AI泡沫,,1507,https://www.acfun.cn/v/ac48873517,https://tx-free-imgs.acfun.cn/newUpload/43608832_8d2f86fa2183404c842a39cc3e7b18b0.jpeg?imageslim,AcFun,日榜,day,hotlist,,2026-09-26 18:19:32
13,香煎盐焗鸡｜简单到不可能失败，外焦里嫩巨好吃,,1257,https://www.acfun.cn/v/ac48870521,https://tx-free-imgs.acfun.cn/newUpload/1383198_a8487ee2fe9849dc9807f9da5d193fb1.jpeg?imageslim,AcFun,日榜,day,hotlist,,2026-09-26 18:19:32
14,想和你一起赏月𐔌՞ ܸ.ˬ.ܸ՞𐦯千里邀月,,1232,https://www.acfun.cn/v/ac48873207,https://tx-free-imgs.acfun.cn/newUpload/57336445_c7d705d3782c4b0193b62c6d02e43748.jpg?imageslim,AcFun,日榜,day,hotlist,,2026-09-26 18:19:32
15,【官方中字】SBR JOJO的奇妙冒险 飙马野郎 2nd＆3rd STAGE 第二集,,2468,https://www.acfun.cn/v/ac48872883,https://tx-free-imgs.acfun.cn/newUpload/30501027_27e89cd7cd684f01a120b8ec666a3896.png?imageslim,AcFun,日榜,day,hotlist,,2026-09-26 18:19:32
16,彩礼十万，你给二十万什么意思？★手机竖屏2015★,审核大大辛苦了！<br/>谢谢每一个投蕉的帅哥美女！香蕉没有来个赞也好啊！<br/>视频来自快手等平台，侵权联系删除！,1968,https://www.acfun.cn/v/ac48873346,https://tx-free-imgs.acfun.cn/newUpload/2176158_b118313c0ec044bba95e256fe492e589.gif?imageslim,AcFun,日榜,day,hotlist,,2026-09-26 18:19:32
17,竖屏~ Shake It -SISTAR【巫小萤】抓住夏天的尾巴,111,1247,https://www.acfun.cn/v/ac48872714,https://tx-free-imgs.acfun.cn/newUpload/14539629_f5759c58fdee4b0db90916f1af7e5033.jpeg?imageslim,AcFun,日榜,day,hotlist,,2026-09-26 18:19:32
18,网络上常见的热门短视频集锦   第三千四百五十二期,审核大大辛苦了！<br/>谢谢每一个投蕉的帅哥美女！香蕉没有来个赞也好啊！<br/>视频来自快手等平台，侵权联系删除！,1292,https://www.acfun.cn/v/ac48874097,https://tx-free-imgs.acfun.cn/newUpload/2176158_18570d70d1aa413e80d7f896c5bcd5c1.gif?imageslim,AcFun,日榜,day,hotlist,,2026-09-26 18:19:32
19,三周摧毁美国东海岸，绿色流感为何无法阻止？【求生之路剧情解析+涂鸦翻译】,刺骨寒溪和最后一战的涂鸦和官方剧情联系不大，因此没有放在视频中；<br/>前面的内容感觉都有点多余，最后的涂鸦翻译才是本体。<br/><br/>,1461,https://www.acfun.cn/v/ac48867996,https://tx-free-imgs.acfun.cn/newUpload/1020536_15195e7242e247fb9dc7a625a61a3662.jpeg?imageslim,AcFun,日榜,day,hotlist,,2026-09-26 18:19:32
20,【夏雅】Don t let go of my hand.,,1986,https://www.acfun.cn/v/ac48873108,https://tx-free-imgs.acfun.cn/newUpload/16279345_4e8e1897539648e8869f4815f9bd1572.jpg?imageslim,AcFun,日榜,day,hotlist,,2026-09-26 18:19:32
21,石头剪刀布卖个萌,难得假期来凡人线下嘉年华cos了一下银月，玩得很开心，不知道有没有碰到我的道友～,1201,https://www.acfun.cn/v/ac48873212,https://tx-free-imgs.acfun.cn/newUpload/12229455_c6e4220d0d7c41e2b5d489a9386cbe72.png?imageslim,AcFun,日榜,day,hotlist,,2026-09-26 18:19:32
22,"宙斯神王也会是这战绩？快速看完一局韩服王者斗殴局#837 Zeus, Racoon, Clozer,","宙斯神王也会是这战绩？快速看完一局韩服王者斗殴局#837 Zeus, Racoon, Clozer, Wenbo, Canyon, 叶秋枫 <br/>BGM:https://music.163.com/playlist?id=650818240&userid=30476594",1371,https://www.acfun.cn/v/ac48865858,https://tx-free-imgs.acfun.cn/newUpload/1378726_0477a53ac6df4eb3b611b241b6a08941.jpeg?imageslim,AcFun,日榜,day,hotlist,,2026-09-26 18:19:32
23,【猪肝来也】one love,,1158,https://www.acfun.cn/v/ac48873230,https://tx-free-imgs.acfun.cn/newUpload/4599324_253057be5bbe40d1b82d24222d803ec4.jpg?imageslim,AcFun,日榜,day,hotlist,,2026-09-26 18:19:32
24,【绝望女神/翻唱】【火影忍者 ED1 Wind】,想听啥继续评论回复~,1036,https://www.acfun.cn/v/ac48873021,https://tx-free-imgs.acfun.cn/newUpload/20705199_4163259e9c314ff193a9aac80be14188.jpeg?imageslim,AcFun,日榜,day,hotlist,,2026-09-26 18:19:32
25,又何尝不是一种很新的花灯...,胶佬过中秋有自己的灯笼！其实是万代的MEGX独角兽换了灯组嘻嘻～双节快乐！,1135,https://www.acfun.cn/v/ac48873084,https://tx-free-imgs.acfun.cn/newUpload/13449743_b5143a98667f48bdb3f046459ee13864.jpeg?imageslim,AcFun,日榜,day,hotlist,,2026-09-26 18:19:32
26,十几万买台“莲花”，行吗？,,1209,https://www.acfun.cn/v/ac48872934,https://tx-free-imgs.acfun.cn/newUpload/14288157_b6f51fa0cabc4a0fa6b69c8bffff34ea.jpeg?imageslim,AcFun,日榜,day,hotlist,,2026-09-26 18:19:32
27,BESTiE -Love Options 恋爱的条件,,1270,https://www.acfun.cn/v/ac48873408,https://tx-free-imgs.acfun.cn/newUpload/795184_af41ad4bed1648c8983feb1bf7558c11.jpeg?imageslim,AcFun,日榜,day,hotlist,,2026-09-26 18:19:32
28,明月几时有？我想有时就有～,,1046,https://www.acfun.cn/v/ac48872948,https://tx-free-imgs.acfun.cn/newUpload/31922015_3de6c615f9d24a4ab766c9c22f19d8ed.jpg?imageslim,AcFun,日榜,day,hotlist,,2026-09-26 18:19:32
29,十月新番最爽厕纸！男主化身黄毛！转生夺走原主的女友们！？,十月新番最爽厕纸！男主化身黄毛！转生夺走原主的女友们！？,1364,https://www.acfun.cn/v/ac48873035,https://tx-free-imgs.acfun.cn/newUpload/13467496_1abceb83c1454743bcb9d4abcf823669.jpeg?imageslim,AcFun,日榜,day,hotlist,,2026-09-26 18:19:32
30,open the door,,1364,https://www.acfun.cn/v/ac48873110,https://tx-free-imgs.acfun.cn/newUpload/79951_cacbb88182cb435a99a97d446363fa53.jpg?imageslim,AcFun,日榜,day,hotlist,,2026-09-26 18:19:32
31,TGS现场女玩家击败虎牢关吕布【真三国无双2with猛将传】复刻版,Up主现场实拍TGS2026《真三国无双2with猛将传】复刻版现场试玩,1170,https://www.acfun.cn/v/ac48873376,https://tx-free-imgs.acfun.cn/newUpload/17097644_3295b46ed232444db8c34ee0206b58a7.png?imageslim,AcFun,日榜,day,hotlist,,2026-09-26 18:19:32
32,不近女色【今天有什么好笑的 #251】,：），谢谢大家的投蕉和点赞，祝你开心愉快~<br/>Wallpaper壁纸： 猫アレルギー<br/>Bgm：ever (αkatsuki ver.),1095,https://www.acfun.cn/v/ac48874464,https://tx-free-imgs.acfun.cn/newUpload/383079_3b007ee1aafc4dc1aa69adb4df550375.gif?imageslim,AcFun,日榜,day,hotlist,,2026-09-26 18:19:32
33,什么！银月在这么多人面前闪身步,,949,https://www.acfun.cn/v/ac48873418,https://tx-free-imgs.acfun.cn/newUpload/12229455_6c8e0e9183a14360ad1419cc7c604154.png?imageslim,AcFun,日榜,day,hotlist,,2026-09-26 18:19:32
34,【官方双语】下载更多显存 不骗人！英伟达CMP 170HX魔改#linus谈科技,,886,https://www.acfun.cn/v/ac48873638,https://tx-free-imgs.acfun.cn/newUpload/1630166_2e45d7f65d2e44c9a5a181e12fbb81ee.jpeg?imageslim,AcFun,日榜,day,hotlist,,2026-09-26 18:19:32
35,你不是我的兄弟，你只是一个路人,,1162,https://www.acfun.cn/v/ac48874327,https://tx-free-imgs.acfun.cn/newUpload/581357_5f320d7984ce4569a85ab3057437f0ae.jpeg?imageslim,AcFun,日榜,day,hotlist,,2026-09-26 18:19:32
36,灰姑娘“Yasal” 人间极品，就无需多言！！！,,1113,https://www.acfun.cn/v/ac48873609,https://tx-free-imgs.acfun.cn/newUpload/73298133_2dab83d1a24440eb95a37438305b57f1.gif?imageslim,AcFun,日榜,day,hotlist,,2026-09-26 18:19:32
37,23.你从哪里来？告别海洋的勇者，四足动物的硬核远祖：肉鳍鱼,23.你从哪里来？告别海洋的勇者，四足动物的硬核远祖：肉鳍鱼,1034,https://www.acfun.cn/v/ac48869201,https://tx-free-imgs.acfun.cn/newUpload/28933912_04426f23b29049469da53505405b6d3c.jpeg?imageslim,AcFun,日榜,day,hotlist,,2026-09-26 18:19:32
38,碰碰—风月吻眉梢（礼越）,,689,https://www.acfun.cn/v/ac48873321,https://tx-free-imgs.acfun.cn/newUpload/11507862_6d287f4ceb7141278e56c341c32d9314.jpg?imageslim,AcFun,日榜,day,hotlist,,2026-09-26 18:19:32
39,折月满兜（cover镜予歌）,,721,https://www.acfun.cn/v/ac48873165,https://tx-free-imgs.acfun.cn/newUpload/1688088_91ac93d6b06342b894bd70e1e2c903f6.jpg?imageslim,AcFun,日榜,day,hotlist,,2026-09-26 18:19:32
40,这个就是我呀头上有两个妙脆角,六点起来画的妆，当了一天npc,566,https://www.acfun.cn/v/ac48873337,https://tx-free-imgs.acfun.cn/newUpload/12954767_73b126f71b4d46639eacd2919d904e19.png?imageslim,AcFun,日榜,day,hotlist,,2026-09-26 18:19:32
41,中秋快乐，做完啦,,1028,https://www.acfun.cn/v/ac48873066,https://tx-free-imgs.acfun.cn/newUpload/79951_8f482ada8b9b4177876905d8147d992e.jpg?imageslim,AcFun,日榜,day,hotlist,,2026-09-26 18:19:32
42,中 秋 福 利,,1066,https://www.acfun.cn/v/ac48873262,https://tx-free-imgs.acfun.cn/newUpload/73482487_6cb1df13206f49a9a4988910f8e40b94.png?imageslim,AcFun,日榜,day,hotlist,,2026-09-26 18:19:32
43,【26年9月】『飙马野郎 JOJO的奇妙冒险』 NCOP＆NCED,《飙马野郎》是由荒木飞吕彦创作的漫画系列JOJO的奇妙冒险的第七部，并伴有动画、游戏等衍生作品。<br/><br/>1890年，一场横断北美大陆、总长度六千公里的超长程赛马“STEEL BALL RUN”（SBR）即将展开，这是主角乔尼·乔斯达跨越青春期、迈向大人的故事。乔尼‧乔斯达曾是顶尖骑手，但一起枪击案使他半身不遂，他遇见了神秘男子杰洛·齐贝林，杰洛手中的旋转铁球让乔尼再一次站起，乔尼为了追寻让自己重新站起的方法，跟着杰洛参与了SBR。<br/><br/>表面上、SBR是由活动策划家史蒂芬·史提尔所组织的，但比赛的幕后主使其实是美国政府。美国总统法尼·瓦伦泰为了搜集散落在北美大陆上的、不可思议的圣人遗体而筹画了这场大赛。每一份圣人遗体──故事里暗示是耶稣的遗体──都能带给持有者替身能力，而完整的遗体更具神力，总统的目的便是取得完整遗体以确保美国的荣耀。,1148,https://www.acfun.cn/v/ac48873898,https://tx-free-imgs.acfun.cn/newUpload/3449731_3c926a64f92844528b08a4c79113881f.png?imageslim,AcFun,日榜,day,hotlist,,2026-09-26 18:19:32
44,강덕구 - [9.23] 姜德玖睡覺打鼾,,1347,https://www.acfun.cn/v/ac48873359,https://tx-free-imgs.acfun.cn/newUpload/14385304_d3dc414d9d2e41c7ac6f2ee0fd4fa452.png?imageslim,AcFun,日榜,day,hotlist,,2026-09-26 18:19:32
45,桢-20260923,,1033,https://www.acfun.cn/v/ac48872171,https://tx-free-imgs.acfun.cn/newUpload/78055394_63f3c2fd3d1c444c957bba19b1991505.png?imageslim,AcFun,日榜,day,hotlist,,2026-09-26 18:19:32
46,盛盛翻跳IVE超火韩舞LOVE DIVE,,607,https://www.acfun.cn/v/ac48870227,https://tx-free-imgs.acfun.cn/newUpload/12788875_af153cff11bb4b8fa40d1f721002e3b4.jpeg?imageslim,AcFun,日榜,day,hotlist,,2026-09-26 18:19:32
47,著名音乐家刘欢老师去世，享年63岁。,,1057,https://www.acfun.cn/v/ac48873825,https://tx-free-imgs.acfun.cn/newUpload/3353002_727c0ee43230486a86da283c7b564525.png?imageslim,AcFun,日榜,day,hotlist,,2026-09-26 18:19:32
48,AC娘的狗熊哆嗦毛,包子头怎么弄都不对,431,https://www.acfun.cn/v/ac48873513,https://tx-free-imgs.acfun.cn/newUpload/247862_c8bc617e5a4645b19f8bc5a30bca2dac.png?imageslim,AcFun,日榜,day,hotlist,,2026-09-26 18:19:32
49,鱼子酱-20260924  rolin 寄明月,,1068,https://www.acfun.cn/v/ac48872178,https://tx-free-imgs.acfun.cn/newUpload/78055394_dee6ade658f64029a3a495104380a7db.jpeg?imageslim,AcFun,日榜,day,hotlist,,2026-09-26 18:19:32
50,【燕返】战锤3终焉之刻 EP1他的复活,什么啊原来是不朽大帝，我还以为是减速带呢,597,https://www.acfun.cn/v/ac48873409,https://tx-free-imgs.acfun.cn/newUpload/186848_20fda0a649a94a0195573868847189ca.jpeg?imageslim,AcFun,日榜,day,hotlist,,2026-09-26 18:19:32
1,娃：真遗憾，本来打算亲自告诉你们的,嘿嘿希望大家都万事顺意～心想事成,5779,https://www.acfun.cn/v/ac48871740,https://tx-free-imgs.acfun.cn/newUpload/17062172_d1a93166ed084e3aadac2fea4bba0707.jpg?imageslim,AcFun,三日榜,three-days,hotlist,,2026-09-26 18:19:32
2,《野生动物迷惑行为》,喜欢请投蕉啊   谢谢啦！,2966,https://www.acfun.cn/v/ac48868360,https://tx-free-imgs.acfun.cn/newUpload/1342385_3fab348c538e4c0fa001871a708fe302.jpeg?imageslim,AcFun,三日榜,three-days,hotlist,,2026-09-26 18:19:32
3,裸足圆脸仙女下凡～跳一曲千里邀月【可心喵】,,2677,https://www.acfun.cn/v/ac48872448,https://tx-free-imgs.acfun.cn/newUpload/12892608_6691690fd8e944278bda5d5390e1e5a9.jpg?imageslim,AcFun,三日榜,three-days,hotlist,,2026-09-26 18:19:32
4,漫威金刚狼深陷争议！SweetBaby又毁一款？【绅批】,这算是DEI的历史遗留问题了，所有现在已经从sweetbaby离职的人，只要参与过游戏制作也会被署名（比如桥本和真）,3002,https://www.acfun.cn/v/ac48868810,https://tx-free-imgs.acfun.cn/newUpload/526850_ca1da1572b1d494a93e2f6bab46cf76b.jpeg?imageslim,AcFun,三日榜,three-days,hotlist,,2026-09-26 18:19:32
5,因为害怕被讨厌 所以把自己藏起来了,,3271,https://www.acfun.cn/v/ac48871331,https://tx-free-imgs.acfun.cn/newUpload/11361784_3d4bd69b46f541e184c2922c24f09276.jpg?imageslim,AcFun,三日榜,three-days,hotlist,,2026-09-26 18:19:32
6,我真的是来吃饭的！★手机竖屏2013★,审核大大辛苦了！<br/>谢谢每一个投蕉的帅哥美女！香蕉没有来个赞也好啊！<br/>视频来自快手等平台，侵权联系删除！,4016,https://www.acfun.cn/v/ac48869145,https://tx-free-imgs.acfun.cn/newUpload/2176158_eb4b69370b8f435aa2b171e72403d356.gif?imageslim,AcFun,三日榜,three-days,hotlist,,2026-09-26 18:19:32
7,mr chu!!好怀念这首歌,,2166,https://www.acfun.cn/v/ac48869375,https://tx-free-imgs.acfun.cn/newUpload/16380981_19592eb83a88429695ee1a0508fc3df0.png?imageslim,AcFun,三日榜,three-days,hotlist,,2026-09-26 18:19:32
8,今夜的风悄悄月悄悄~,,3270,https://www.acfun.cn/v/ac48873434,https://tx-free-imgs.acfun.cn/newUpload/23512715_0f364b6606dd467ab9975ffef5af1b29.jpg?imageslim,AcFun,三日榜,three-days,hotlist,,2026-09-26 18:19:32
9,女妖邪神凶宅索命，最惨主角逆天求生！克系神游《魔女屋中之梦》像素恐怖游戏详细讲述【深夜档】,如何在60天内，让洛夫克拉夫特小说中惨死的倒霉主角逆天改命？这位芬兰作者打造了一部又硬核又忠实的优秀克苏鲁游戏！入住阿卡姆百年凶宅的凡人主角沃尔特·吉尔曼，接连遭到人脸妖鼠，恐怖女巫，不可名状外神的侵袭。白天钻研神秘学知识，梦中游历邪恶异星。他将与密斯卡托尼克大学最强战神亨利·阿米蒂奇教授联手对抗邪神降世！这是一部真正将洛氏“宇宙恐怖”带入到日常，并忠实于原著的游戏，自由度超高且信息量惊人！我将细致地带各位体验这跌宕起伏的60天，看弱小的主角如何起死回生并拯救世界！,1797,https://www.acfun.cn/v/ac48872418,https://tx-free-imgs.acfun.cn/newUpload/817797_2631b7cf26c14c2fbbfb062962a775be.jpeg?imageslim,AcFun,三日榜,three-days,hotlist,,2026-09-26 18:19:32
10,拜托了，夫人！★手机竖屏2014★,审核大大辛苦了！<br/>谢谢每一个投蕉的帅哥美女！香蕉没有来个赞也好啊！<br/>视频来自快手等平台，侵权联系删除！,3718,https://www.acfun.cn/v/ac48871493,https://tx-free-imgs.acfun.cn/newUpload/2176158_afaf0913878443b1bc00d636136ffce3.gif?imageslim,AcFun,三日榜,three-days,hotlist,,2026-09-26 18:19:32
11,和我一起健身吧！！！欢乐八点档-1783,审核大大辛苦了！<br/>免费的香蕉投一下吧，没有那就点个赞吧，这对我来说很重要，谢谢！！！<br/>谢谢每一个投蕉的帅哥美女！你们是我坚持更新的动力！<br/>视频来自快手等平台，侵权联系删除！,3418,https://www.acfun.cn/v/ac48872699,https://tx-free-imgs.acfun.cn/newUpload/2176158_e379c7202d2e43029e07ad17f40cab19.gif?imageslim,AcFun,三日榜,three-days,hotlist,,2026-09-26 18:19:32
12,这样的学姐喜欢吗？欢乐八点档-1782,审核大大辛苦了！<br/>免费的香蕉投一下吧，没有那就点个赞吧，这对我来说很重要，谢谢！！！<br/>谢谢每一个投蕉的帅哥美女！你们是我坚持更新的动力！<br/>视频来自快手等平台，侵权联系删除！,3978,https://www.acfun.cn/v/ac48870057,https://tx-free-imgs.acfun.cn/newUpload/2176158_4c1f3b60f73e451abc443941d47305d8.gif?imageslim,AcFun,三日榜,three-days,hotlist,,2026-09-26 18:19:32
13,拳击好啊，拳击得学！欢乐八点档-1781,审核大大辛苦了！<br/>免费的香蕉投一下吧，没有那就点个赞吧，这对我来说很重要，谢谢！！！<br/>谢谢每一个投蕉的帅哥美女！你们是我坚持更新的动力！<br/>视频来自快手等平台，侵权联系删除！,4251,https://www.acfun.cn/v/ac48868336,https://tx-free-imgs.acfun.cn/newUpload/2176158_3f6c601293a54468bae97f781440217b.gif?imageslim,AcFun,三日榜,three-days,hotlist,,2026-09-26 18:19:32
14,【4K超高清】「JOJO的奇妙冒险 飙马野郎」第2话,,5828,https://www.acfun.cn/v/ac48872740,https://tx-free-imgs.acfun.cn/newUpload/72840608_a526e08904d049d2b38ce5f38bd71e63.jpeg?imageslim,AcFun,三日榜,three-days,hotlist,,2026-09-26 18:19:32
15,【锅锅x怀瑜x阔落】千里邀月——共饮此杯赏此月，夜好眠,中秋到了，和姐妹们合唱了千里邀月~~<br/>乐：可乐祝大家身体健康，永不加班，月圆人团圆<br/>鱼：怀瑜愿诸位财源广进，常能摸鱼，花好月更圆<br/>锅：锅锅祝大家桂香满锅，早归赏月，饼甜心更甜<br/>祝大家中秋快乐~,1921,https://www.acfun.cn/v/ac48871580,https://tx-free-imgs.acfun.cn/newUpload/67206930_e47be8dbac2546e1b5a4a831e71dabe4.jpeg?imageslim,AcFun,三日榜,three-days,hotlist,,2026-09-26 18:19:32
16,短裙挑战！超长翻跳一次看个够~【生日作】,,2016,https://www.acfun.cn/v/ac48872675,https://tx-free-imgs.acfun.cn/newUpload/32485245_415db634556140d1841e2ebb4c0d9371.jpeg?imageslim,AcFun,三日榜,three-days,hotlist,,2026-09-26 18:19:32
17,姛姛？！蝴蝶耳机Manget中文翻唱【箐羽Hane】x【缇若柯Teivoc】,“是否你确实表里如一淡然，还是说你——并不似我贪婪？”<br/>《Manget》磁石 / 蝴蝶耳机 - 中文翻唱<br/>原作作曲 / 流星P<br/>曲绘&翻唱 / 箐羽hane & 缇若柯Teivoc<br/>中文填词 / 果汁凉菜<br/>混音 / 风尘<br/>和笋笋一起唱了我们二次元姛神曲！曲绘也是我和笋笋每个人负责了自己的部分最后再拼到一起的！真好！( *^ ^)o(^ ^* )希望大家也能喜欢！,1682,https://www.acfun.cn/v/ac48869340,https://tx-free-imgs.acfun.cn/newUpload/67511609_d868cdbd6b1849e8958696cdc9db1493.jpeg?imageslim,AcFun,三日榜,three-days,hotlist,,2026-09-26 18:19:32
18,我要冲会员【今天有什么好笑的 #2516】,：），谢谢大家的投蕉和点赞，祝你开心愉快~<br/>wallpaper壁纸：Reze | Chainsaw Man<br/>BGM：Nicoleta Matei - Love mail<br/>,2542,https://www.acfun.cn/v/ac48870763,https://tx-free-imgs.acfun.cn/newUpload/383079_47b0fc3f458042f5bd3717967e55c598.gif?imageslim,AcFun,三日榜,three-days,hotlist,,2026-09-26 18:19:32
19,网络上常见的热门短视频集锦   第三千四百四十九期,审核大大辛苦了！<br/>谢谢每一个投蕉的帅哥美女！香蕉没有来个赞也好啊！<br/>视频来自快手等平台，侵权联系删除！,3052,https://www.acfun.cn/v/ac48871496,https://tx-free-imgs.acfun.cn/newUpload/2176158_cf20f7722011491da25ce2efbc799dba.gif?imageslim,AcFun,三日榜,three-days,hotlist,,2026-09-26 18:19:32
20,换你穿越三国乱世，你是起兵还是种田？,有没有宝贝和我一样，看三国的时候总在想，如果换我身在那个乱世，我会怎么样？是起兵争霸，还是归隐山林？ 或是是咱们可以选三国里有名的角色或者可以架空历史从素人做起，一统三国，那会怎么样?我最近就玩了这么一款游戏，一玩就是五个小时，根本停不下来，那今天来聊聊这款开放世界slg游戏《英雄立志传：三国志》~<br/>,2122,https://www.acfun.cn/v/ac48869043,https://tx-free-imgs.acfun.cn/newUpload/61352468_39715609bed041b98b21f3dbb482ad70.jpeg?imageslim,AcFun,三日榜,three-days,hotlist,,2026-09-26 18:19:32
21,交通事故20260923：交通车祸实例，提高安全驾驶意识,,1481,https://www.acfun.cn/v/ac48868861,https://tx-free-imgs.acfun.cn/newUpload/76871961_edea5de6659a4cd2b733a74989043440.jpg?imageslim,AcFun,三日榜,three-days,hotlist,,2026-09-26 18:19:32
22,网络上常见的热门短视频集锦   第三千四百四十八期,审核大大辛苦了！<br/>谢谢每一个投蕉的帅哥美女！香蕉没有来个赞也好啊！<br/>视频来自快手等平台，侵权联系删除！,3664,https://www.acfun.cn/v/ac48870020,https://tx-free-imgs.acfun.cn/newUpload/2176158_d65e54f4e9ee489b86b6fc28c31c84ee.gif?imageslim,AcFun,三日榜,three-days,hotlist,,2026-09-26 18:19:32
23,沦陷️,歌曲舞蹈：沦陷dj版-星奇摇   动作有改编,1779,https://www.acfun.cn/v/ac48869381,https://tx-free-imgs.acfun.cn/newUpload/12229455_aacf9da97a0940ad8e5f0b509d9cc159.jpeg?imageslim,AcFun,三日榜,three-days,hotlist,,2026-09-26 18:19:32
24,常州新开巴西烤肉自助，100块钱值得吗？,这是我目前为止，去过的第二家巴西烤肉自助，团购优惠的情况下，花了94元。正常价格在95~110不等<br/><br/>简单带大家看下菜品，除了取餐台这么些，各种牛肉制品、大串烧烤都是循环上桌，大家觉得这么些菜式花样，100块钱左右你们觉得贵还是便宜啊，觉得贵的扣1，觉得便宜的扣2,1916,https://www.acfun.cn/v/ac48868891,https://tx-free-imgs.acfun.cn/newUpload/2046675_bf3a59ddff624646850829452262094e.jpeg?imageslim,AcFun,三日榜,three-days,hotlist,,2026-09-26 18:19:32
25,老板直聘（89）,,1657,https://www.acfun.cn/v/ac48868552,https://tx-free-imgs.acfun.cn/newUpload/74706824_db2c7ba15c5d4aa18872db6b0763b7ca.jpeg?imageslim,AcFun,三日榜,three-days,hotlist,,2026-09-26 18:19:32
26,网络上常见的热门短视频集锦   第三千四百五十期,审核大大辛苦了！<br/>谢谢每一个投蕉的帅哥美女！香蕉没有来个赞也好啊！<br/>视频来自快手等平台，侵权联系删除！,3279,https://www.acfun.cn/v/ac48872279,https://tx-free-imgs.acfun.cn/newUpload/2176158_a96ecd95394b4517928ac111407f75b1.gif?imageslim,AcFun,三日榜,three-days,hotlist,,2026-09-26 18:19:32
27,沙特反水，退出中国主导数字货币桥项目,,1880,https://www.acfun.cn/v/ac48873521,https://tx-free-imgs.acfun.cn/newUpload/43608832_667ff672cc3548f3bae31d62bb9e3f0e.jpeg?imageslim,AcFun,三日榜,three-days,hotlist,,2026-09-26 18:19:32
28,网络上常见的热门短视频集锦   第三千四百四十七期,审核大大辛苦了！<br/>谢谢每一个投蕉的帅哥美女！香蕉没有来个赞也好啊！<br/>视频来自快手等平台，侵权联系删除！,3375,https://www.acfun.cn/v/ac48869149,https://tx-free-imgs.acfun.cn/newUpload/2176158_fdf9afe2e00a4a1aa62415c846776eaf.gif?imageslim,AcFun,三日榜,three-days,hotlist,,2026-09-26 18:19:32
29,空姐OL~第57次取消发送,中秋节快乐,1941,https://www.acfun.cn/v/ac48872674,https://tx-free-imgs.acfun.cn/newUpload/14539629_46621bdc88a44c63be63172c5ba6cb6a.jpeg?imageslim,AcFun,三日榜,three-days,hotlist,,2026-09-26 18:19:32
30,【颜音】中秋歌回~祝大家节日快乐,皓月凌空，桂香满庭。<br/>愿今夜歌声暖心，祝各位中秋快乐，阖家美满！,1508,https://www.acfun.cn/v/ac48872065,https://tx-free-imgs.acfun.cn/newUpload/4425861_3dab8cdf19a74bf6accbdcd688cd9b6a.jpeg?imageslim,AcFun,三日榜,three-days,hotlist,,2026-09-26 18:19:32
31,【东方/汉化】咲夜带你了解汉字【MMD搞笑小剧场】,作者：クローバー,1463,https://www.acfun.cn/v/ac48872652,https://tx-free-imgs.acfun.cn/newUpload/6102_8b2072189ecb4044a7de95bb450d02ed.jpeg?imageslim,AcFun,三日榜,three-days,hotlist,,2026-09-26 18:19:32
32,原创编舞《千层套路》的定机位竖屏来啦！,,1667,https://www.acfun.cn/v/ac48869245,https://tx-free-imgs.acfun.cn/newUpload/16380981_24bafd11c027499d9fe6820162faa782.png?imageslim,AcFun,三日榜,three-days,hotlist,,2026-09-26 18:19:32
33,在英国差点被上门诈骗,可能看到我一人在家，就大胆敲门了，还好平常也会注意周边邻居，没发生什么事儿，这个金额就算被骗也不会报警，以后还是要小心一些了。#英国日常#vlog,1692,https://www.acfun.cn/v/ac48869505,https://tx-free-imgs.acfun.cn/newUpload/43181603_1c8c6c487a864d098b5e7e7bf2a12c6a.jpg?imageslim,AcFun,三日榜,three-days,hotlist,,2026-09-26 18:19:32
34,发个friend圈,,1553,https://www.acfun.cn/v/ac48863958,https://tx-free-imgs.acfun.cn/newUpload/12439728_b44cb67ae45a4c179b08227368f4159c.png?imageslim,AcFun,三日榜,three-days,hotlist,,2026-09-26 18:19:32
35,如果我和她恋爱的话……,,1684,https://www.acfun.cn/v/ac48871545,https://tx-free-imgs.acfun.cn/newUpload/2277346_de526594356a4c9f90b71bf5823054e6.jpg?imageslim,AcFun,三日榜,three-days,hotlist,,2026-09-26 18:19:32
36,奥迪“宫斗”十年大结局？一汽拿四环，上汽拿AUDI,一汽奥迪和上汽奥迪“宫斗”了十年，终于要划下句号了？,1762,https://www.acfun.cn/v/ac48870981,https://tx-free-imgs.acfun.cn/newUpload/13630266_3fde785be5a2411495618f67d01ab66a.jpeg?imageslim,AcFun,三日榜,three-days,hotlist,,2026-09-26 18:19:32
37,两段不伦恋 15年复仇路《老男孩》吴大秀我的折磨可是一辈子,本期带来《老男孩》50分钟 国庆要到了，铁粉都知道背包住在网红街道 小长假根本没法做节目，阿杰提意带着各自父母一起出去玩几天 所以这几天会加急看看能不能赶出来一期，实再不行就小长假后更新咯，中秋国庆都祝小伙伴开心快乐！,1277,https://www.acfun.cn/v/ac48871285,https://tx-free-imgs.acfun.cn/newUpload/6894185_ab259859c7df40d1b092d2e828bf38e5.jpeg?imageslim,AcFun,三日榜,three-days,hotlist,,2026-09-26 18:19:32
38,望眼欲穿【今天有什么好笑的 #2517】,：），谢谢大家的投蕉和点赞，祝你开心愉快~<br/>Wallpaper壁纸：雪山与女孩<br/>Bgm：あのね。,2041,https://www.acfun.cn/v/ac48872647,https://tx-free-imgs.acfun.cn/newUpload/383079_40beb913fd1a44d3afa053553d53b466.gif?imageslim,AcFun,三日榜,three-days,hotlist,,2026-09-26 18:19:32
39,【东方】QUEEN【蕾米莉亚 Miy Ver. MMD】,作者：やくも<br/><br/>楽曲:Kanaria 様→https://www.nicovideo.jp/watch/sm4088...<br/>振付:AKIRA様<br/>モーション:P-nez 様→https://www.nicovideo.jp/watch/sm4350...<br/>カメラ:Mizuha様→https://www.nicovideo.jp/watch/sm4353...<br/>モデル:MIy様<br/>ステージ:栗ごはん様<br/>アクセサリ:アスカ様,1285,https://www.acfun.cn/v/ac48870080,https://tx-free-imgs.acfun.cn/newUpload/6102_6a4dce20c9b74fa0bbdff3ccc0a73c5d.png?imageslim,AcFun,三日榜,three-days,hotlist,,2026-09-26 18:19:32
40,我终于明白什么都不缺的含金量！,,1316,https://www.acfun.cn/v/ac48872781,https://tx-free-imgs.acfun.cn/newUpload/6177430_06f5f9b03edd4f73a3dfeba4cf78db16.jpeg?imageslim,AcFun,三日榜,three-days,hotlist,,2026-09-26 18:19:32
41,这套皮肤真的很喜欢,,1516,https://www.acfun.cn/v/ac48871657,https://tx-free-imgs.acfun.cn/newUpload/16380981_ac9640e59a3a42e093fcee0a0b81d474.jpg?imageslim,AcFun,三日榜,three-days,hotlist,,2026-09-26 18:19:32
42,只有刀鸣最小丑？各大游戏千年血战联动盘点！,300英雄的含金量还在上升,2000,https://www.acfun.cn/v/ac48869154,https://tx-free-imgs.acfun.cn/newUpload/247671_7d920e56c00e4af39fed560bf094f965.jpeg?imageslim,AcFun,三日榜,three-days,hotlist,,2026-09-26 18:19:32
43,忘情牛肉面,,1705,https://www.acfun.cn/v/ac48873433,https://tx-free-imgs.acfun.cn/newUpload/11361784_6fe659c9e31e428c8b700a04d46742fd.jpg?imageslim,AcFun,三日榜,three-days,hotlist,,2026-09-26 18:19:32
44,网络上常见的热门短视频集锦   第三千四百五十一期,审核大大辛苦了！<br/>谢谢每一个投蕉的帅哥美女！香蕉没有来个赞也好啊！<br/>视频来自快手等平台，侵权联系删除！,1724,https://www.acfun.cn/v/ac48873352,https://tx-free-imgs.acfun.cn/newUpload/2176158_301765c30a1c48e1843401cebd61fd11.gif?imageslim,AcFun,三日榜,three-days,hotlist,,2026-09-26 18:19:32
45,加息概率90%：美联储或将亲手刺破AI泡沫,,1507,https://www.acfun.cn/v/ac48873517,https://tx-free-imgs.acfun.cn/newUpload/43608832_8d2f86fa2183404c842a39cc3e7b18b0.jpeg?imageslim,AcFun,三日榜,three-days,hotlist,,2026-09-26 18:19:32
46,“原来和思念的人相见，就是人们常说的团圆” | 愿年年有今夜《妙妙人间》,「愿岁岁年年有此夜。」<br/>To : 虽然隔着屏幕，但同一轮月亮也让我们团圆在这里。中秋快乐呀~<br/>==========<br/>《妙妙人间》<br/>原唱：张含韵<br/>混音：饭団子p<br/>翻唱&视频：露纱琳黛,1169,https://www.acfun.cn/v/ac48871599,https://tx-free-imgs.acfun.cn/newUpload/69790459_0b53ce48e1c7437c9bdd3cf45d53de8f.jpeg?imageslim,AcFun,三日榜,three-days,hotlist,,2026-09-26 18:19:32
47,香煎盐焗鸡｜简单到不可能失败，外焦里嫩巨好吃,,1257,https://www.acfun.cn/v/ac48870521,https://tx-free-imgs.acfun.cn/newUpload/1383198_a8487ee2fe9849dc9807f9da5d193fb1.jpeg?imageslim,AcFun,三日榜,three-days,hotlist,,2026-09-26 18:19:32
48,你吃月饼了吗？,,1467,https://www.acfun.cn/v/ac48869054,https://tx-free-imgs.acfun.cn/newUpload/1167675_8f48723afb0e41ecbe772249b3f4df1a.jpg?imageslim,AcFun,三日榜,three-days,hotlist,,2026-09-26 18:19:32
49,彩礼十万，你给二十万什么意思？★手机竖屏2015★,审核大大辛苦了！<br/>谢谢每一个投蕉的帅哥美女！香蕉没有来个赞也好啊！<br/>视频来自快手等平台，侵权联系删除！,1968,https://www.acfun.cn/v/ac48873346,https://tx-free-imgs.acfun.cn/newUpload/2176158_b118313c0ec044bba95e256fe492e589.gif?imageslim,AcFun,三日榜,three-days,hotlist,,2026-09-26 18:19:32
50,想和你一起赏月𐔌՞ ܸ.ˬ.ܸ՞𐦯千里邀月,,1232,https://www.acfun.cn/v/ac48873207,https://tx-free-imgs.acfun.cn/newUpload/57336445_c7d705d3782c4b0193b62c6d02e43748.jpg?imageslim,AcFun,三日榜,three-days,hotlist,,2026-09-26 18:19:32
1,剑戟战斗的巅峰 关卡内容的洼地 偏科严重的《鬼武者：剑之道》,它给人爽的部分是真的爽，但是在每次爽之前，你得堵不少马桶，先生。,4562,https://www.acfun.cn/v/ac48859506,https://tx-free-imgs.acfun.cn/newUpload/934542_5d98ad80ca9c4307b5cdc2051c11cb50.jpeg?imageslim,AcFun,周榜,week,hotlist,,2026-09-26 18:19:32
2,是谁点的小恶魔，蕉出来～,,6450,https://www.acfun.cn/v/ac48867778,https://tx-free-imgs.acfun.cn/newUpload/17062172_6098fee67d1748e0ab5dab3b5665736c.jpg?imageslim,AcFun,周榜,week,hotlist,,2026-09-26 18:19:32
3,跳最开心的一集,,3998,https://www.acfun.cn/v/ac48860571,https://tx-free-imgs.acfun.cn/newUpload/50330447_79a3f269514140c29e7a85fb7c9dc94c.jpg?imageslim,AcFun,周榜,week,hotlist,,2026-09-26 18:19:32
4,娃：真遗憾，本来打算亲自告诉你们的,嘿嘿希望大家都万事顺意～心想事成,5779,https://www.acfun.cn/v/ac48871740,https://tx-free-imgs.acfun.cn/newUpload/17062172_d1a93166ed084e3aadac2fea4bba0707.jpg?imageslim,AcFun,周榜,week,hotlist,,2026-09-26 18:19:32
5,喜欢哪套？,,7322,https://www.acfun.cn/v/ac48861422,https://tx-free-imgs.acfun.cn/newUpload/3540234_729e0d22251f439da3735f26e58d174f.jpg?imageslim,AcFun,周榜,week,hotlist,,2026-09-26 18:19:32
6,过期JK碎碎念！,家人们记得蕉一蕉捏 啾咪,5960,https://www.acfun.cn/v/ac48859219,https://tx-free-imgs.acfun.cn/newUpload/17062172_5dd6ea8b5f2741ff87f0911db6dfb909.jpg?imageslim,AcFun,周榜,week,hotlist,,2026-09-26 18:19:32
7,人间琴悠扬，姑娘把谁记心上～,,2739,https://www.acfun.cn/v/ac48863143,https://tx-free-imgs.acfun.cn/newUpload/50330447_938d77716a11477e843914663278ff07.jpg?imageslim,AcFun,周榜,week,hotlist,,2026-09-26 18:19:32
8,《野生动物迷惑行为》,喜欢请投蕉啊   谢谢啦！,2966,https://www.acfun.cn/v/ac48868360,https://tx-free-imgs.acfun.cn/newUpload/1342385_3fab348c538e4c0fa001871a708fe302.jpeg?imageslim,AcFun,周榜,week,hotlist,,2026-09-26 18:19:32
9,裸足圆脸仙女下凡～跳一曲千里邀月【可心喵】,,2677,https://www.acfun.cn/v/ac48872448,https://tx-free-imgs.acfun.cn/newUpload/12892608_6691690fd8e944278bda5d5390e1e5a9.jpg?imageslim,AcFun,周榜,week,hotlist,,2026-09-26 18:19:32
10,《动物迷惑行为大赏325》,喜欢请投蕉啊 谢谢啦！,2685,https://www.acfun.cn/v/ac48861293,https://tx-free-imgs.acfun.cn/newUpload/1342385_03080470038d444a95ce01ff6a6aeb9f.jpeg?imageslim,AcFun,周榜,week,hotlist,,2026-09-26 18:19:32
11,双马尾小女仆带来的情绪摇～,,4033,https://www.acfun.cn/v/ac48861966,https://tx-free-imgs.acfun.cn/newUpload/11361784_8cee0402b4754b1e82f85b7099791793.jpg?imageslim,AcFun,周榜,week,hotlist,,2026-09-26 18:19:32
12,帮Acer问一下，地址在哪里？欢乐八点档-1779,审核大大辛苦了！<br/>免费的香蕉投一下吧，没有那就点个赞吧，这对我来说很重要，谢谢！！！<br/>谢谢每一个投蕉的帅哥美女！你们是我坚持更新的动力！<br/>视频来自快手等平台，侵权联系删除！,4547,https://www.acfun.cn/v/ac48863633,https://tx-free-imgs.acfun.cn/newUpload/2176158_ff69c3c797d5414e8056b329918cc5b6.gif?imageslim,AcFun,周榜,week,hotlist,,2026-09-26 18:19:32
13,【绘图过程】《海边》6周年纪念插图过程,6周年纪念插图挂画（预售）、沙滩巾（预售），阿宝已上架,3414,https://www.acfun.cn/v/ac48836990,https://tx-free-imgs.acfun.cn/newUpload/179922_9f95aba039e84f3594c3947b3c8fdd58.jpeg?imageslim,AcFun,周榜,week,hotlist,,2026-09-26 18:19:32
14,还是少妇会的多啊！★手机竖屏2011★,审核大大辛苦了！<br/>谢谢每一个投蕉的帅哥美女！香蕉没有来个赞也好啊！<br/>视频来自快手等平台，侵权联系删除！,5294,https://www.acfun.cn/v/ac48864360,https://tx-free-imgs.acfun.cn/newUpload/2176158_3d4f199fd93640468e543b9ee25ac4c0.gif?imageslim,AcFun,周榜,week,hotlist,,2026-09-26 18:19:32
15,漫威金刚狼深陷争议！SweetBaby又毁一款？【绅批】,这算是DEI的历史遗留问题了，所有现在已经从sweetbaby离职的人，只要参与过游戏制作也会被署名（比如桥本和真）,3002,https://www.acfun.cn/v/ac48868810,https://tx-free-imgs.acfun.cn/newUpload/526850_ca1da1572b1d494a93e2f6bab46cf76b.jpeg?imageslim,AcFun,周榜,week,hotlist,,2026-09-26 18:19:32
16,因为害怕被讨厌 所以把自己藏起来了,,3271,https://www.acfun.cn/v/ac48871331,https://tx-free-imgs.acfun.cn/newUpload/11361784_3d4bd69b46f541e184c2922c24f09276.jpg?imageslim,AcFun,周榜,week,hotlist,,2026-09-26 18:19:32
17,我真的是来吃饭的！★手机竖屏2013★,审核大大辛苦了！<br/>谢谢每一个投蕉的帅哥美女！香蕉没有来个赞也好啊！<br/>视频来自快手等平台，侵权联系删除！,4016,https://www.acfun.cn/v/ac48869145,https://tx-free-imgs.acfun.cn/newUpload/2176158_eb4b69370b8f435aa2b171e72403d356.gif?imageslim,AcFun,周榜,week,hotlist,,2026-09-26 18:19:32
18,mr chu!!好怀念这首歌,,2166,https://www.acfun.cn/v/ac48869375,https://tx-free-imgs.acfun.cn/newUpload/16380981_19592eb83a88429695ee1a0508fc3df0.png?imageslim,AcFun,周榜,week,hotlist,,2026-09-26 18:19:32
19,今夜的风悄悄月悄悄~,,3270,https://www.acfun.cn/v/ac48873434,https://tx-free-imgs.acfun.cn/newUpload/23512715_0f364b6606dd467ab9975ffef5af1b29.jpg?imageslim,AcFun,周榜,week,hotlist,,2026-09-26 18:19:32
20,女妖邪神凶宅索命，最惨主角逆天求生！克系神游《魔女屋中之梦》像素恐怖游戏详细讲述【深夜档】,如何在60天内，让洛夫克拉夫特小说中惨死的倒霉主角逆天改命？这位芬兰作者打造了一部又硬核又忠实的优秀克苏鲁游戏！入住阿卡姆百年凶宅的凡人主角沃尔特·吉尔曼，接连遭到人脸妖鼠，恐怖女巫，不可名状外神的侵袭。白天钻研神秘学知识，梦中游历邪恶异星。他将与密斯卡托尼克大学最强战神亨利·阿米蒂奇教授联手对抗邪神降世！这是一部真正将洛氏“宇宙恐怖”带入到日常，并忠实于原著的游戏，自由度超高且信息量惊人！我将细致地带各位体验这跌宕起伏的60天，看弱小的主角如何起死回生并拯救世界！,1797,https://www.acfun.cn/v/ac48872418,https://tx-free-imgs.acfun.cn/newUpload/817797_2631b7cf26c14c2fbbfb062962a775be.jpeg?imageslim,AcFun,周榜,week,hotlist,,2026-09-26 18:19:32
21,钓鱼佬是真会享受！欢乐八点档-1777,审核大大辛苦了！<br/>免费的香蕉投一下吧，没有那就点个赞吧，这对我来说很重要，谢谢！！！<br/>谢谢每一个投蕉的帅哥美女！你们是我坚持更新的动力！<br/>视频来自快手等平台，侵权联系删除！,4624,https://www.acfun.cn/v/ac48858969,https://tx-free-imgs.acfun.cn/newUpload/2176158_c9d74d926c4c4d709a4b6b7769dffcca.gif?imageslim,AcFun,周榜,week,hotlist,,2026-09-26 18:19:32
22,一波还未平息一波又来侵袭！★手机竖屏2010★,审核大大辛苦了！<br/>谢谢每一个投蕉的帅哥美女！香蕉没有来个赞也好啊！<br/>视频来自快手等平台，侵权联系删除！,4825,https://www.acfun.cn/v/ac48862013,https://tx-free-imgs.acfun.cn/newUpload/2176158_c4802142afc14d50b2cd775e67890cca.gif?imageslim,AcFun,周榜,week,hotlist,,2026-09-26 18:19:32
23,还是少妇会啊！！！★手机竖屏2009★,审核大大辛苦了！<br/>谢谢每一个投蕉的帅哥美女！香蕉没有来个赞也好啊！<br/>视频来自快手等平台，侵权联系删除！,4922,https://www.acfun.cn/v/ac48859515,https://tx-free-imgs.acfun.cn/newUpload/2176158_d4e9e6e30f4446319f9e720adfe35ef9.gif?imageslim,AcFun,周榜,week,hotlist,,2026-09-26 18:19:32
24,拜托了，夫人！★手机竖屏2014★,审核大大辛苦了！<br/>谢谢每一个投蕉的帅哥美女！香蕉没有来个赞也好啊！<br/>视频来自快手等平台，侵权联系删除！,3718,https://www.acfun.cn/v/ac48871493,https://tx-free-imgs.acfun.cn/newUpload/2176158_afaf0913878443b1bc00d636136ffce3.gif?imageslim,AcFun,周榜,week,hotlist,,2026-09-26 18:19:32
25,25年了，回坊天花板小酥肉，还是那个味儿,记忆中的味道，回来了，都回来了……<br/>一口椒麻一口鲜，大口吃肉，配上热腾腾的米饭，绝了。<br/>素三鲜也是无敌的存在！,2599,https://www.acfun.cn/v/ac48865538,https://tx-free-imgs.acfun.cn/newUpload/13765438_9bc4a0abf32a4c1aa3e83c844de84649.jpeg?imageslim,AcFun,周榜,week,hotlist,,2026-09-26 18:19:32
26,【AC娘】琵琶曲,原作者：Kotte Animation<br/>还有瑕疵，看个乐吧,3208,https://www.acfun.cn/v/ac48864492,https://tx-free-imgs.acfun.cn/newUpload/41729435_02cbd995b6d54f508eb21d3cb8621903.jpeg?imageslim,AcFun,周榜,week,hotlist,,2026-09-26 18:19:32
27,和我一起健身吧！！！欢乐八点档-1783,审核大大辛苦了！<br/>免费的香蕉投一下吧，没有那就点个赞吧，这对我来说很重要，谢谢！！！<br/>谢谢每一个投蕉的帅哥美女！你们是我坚持更新的动力！<br/>视频来自快手等平台，侵权联系删除！,3418,https://www.acfun.cn/v/ac48872699,https://tx-free-imgs.acfun.cn/newUpload/2176158_e379c7202d2e43029e07ad17f40cab19.gif?imageslim,AcFun,周榜,week,hotlist,,2026-09-26 18:19:32
28,这样的学姐喜欢吗？欢乐八点档-1782,审核大大辛苦了！<br/>免费的香蕉投一下吧，没有那就点个赞吧，这对我来说很重要，谢谢！！！<br/>谢谢每一个投蕉的帅哥美女！你们是我坚持更新的动力！<br/>视频来自快手等平台，侵权联系删除！,3978,https://www.acfun.cn/v/ac48870057,https://tx-free-imgs.acfun.cn/newUpload/2176158_4c1f3b60f73e451abc443941d47305d8.gif?imageslim,AcFun,周榜,week,hotlist,,2026-09-26 18:19:32
29,北京豆汁会惩罚每一个好奇的人！欢乐八点档-1780,审核大大辛苦了！<br/>免费的香蕉投一下吧，没有那就点个赞吧，这对我来说很重要，谢谢！！！<br/>谢谢每一个投蕉的帅哥美女！你们是我坚持更新的动力！<br/>视频来自快手等平台，侵权联系删除！,4537,https://www.acfun.cn/v/ac48865965,https://tx-free-imgs.acfun.cn/newUpload/2176158_ec83e6fb2ffc4005b41881ac13dbaeca.gif?imageslim,AcFun,周榜,week,hotlist,,2026-09-26 18:19:32
30,拳击好啊，拳击得学！欢乐八点档-1781,审核大大辛苦了！<br/>免费的香蕉投一下吧，没有那就点个赞吧，这对我来说很重要，谢谢！！！<br/>谢谢每一个投蕉的帅哥美女！你们是我坚持更新的动力！<br/>视频来自快手等平台，侵权联系删除！,4251,https://www.acfun.cn/v/ac48868336,https://tx-free-imgs.acfun.cn/newUpload/2176158_3f6c601293a54468bae97f781440217b.gif?imageslim,AcFun,周榜,week,hotlist,,2026-09-26 18:19:32
31,你的拳头真是肥嘟嘟的...,动漫：心灵的声音，作者：赵石【韩国】,2221,https://www.acfun.cn/v/ac48859870,https://tx-free-imgs.acfun.cn/newUpload/509259_2fa91d5206504450be471808d9c93a22.jpeg?imageslim,AcFun,周榜,week,hotlist,,2026-09-26 18:19:32
32,这个一字马技术含量很高啊！欢乐八点档-1778,审核大大辛苦了！<br/>免费的香蕉投一下吧，没有那就点个赞吧，这对我来说很重要，谢谢！！！<br/>谢谢每一个投蕉的帅哥美女！你们是我坚持更新的动力！<br/>视频来自快手等平台，侵权联系删除！,4412,https://www.acfun.cn/v/ac48861225,https://tx-free-imgs.acfun.cn/newUpload/2176158_0824627cb76d40dc99ce9cb12c07e4cc.gif?imageslim,AcFun,周榜,week,hotlist,,2026-09-26 18:19:32
33,网络上常见的热门短视频集锦   第三千四百四十五期,审核大大辛苦了！<br/>谢谢每一个投蕉的帅哥美女！香蕉没有来个赞也好啊！<br/>视频来自快手等平台，侵权联系删除！,4015,https://www.acfun.cn/v/ac48866824,https://tx-free-imgs.acfun.cn/newUpload/2176158_dba921eb42f14c7ba31a1af83bfe71ce.gif?imageslim,AcFun,周榜,week,hotlist,,2026-09-26 18:19:32
34,琵琶曲丨夜神月 VS  L,原曲：琵琶曲,2301,https://www.acfun.cn/v/ac48861693,https://tx-free-imgs.acfun.cn/newUpload/16986934_3bf4dd94910c4845acf851f7f0fdb757.jpeg?imageslim,AcFun,周榜,week,hotlist,,2026-09-26 18:19:32
35,网络上常见的热门短视频集锦   第三千四百四十一期,审核大大辛苦了！<br/>谢谢每一个投蕉的帅哥美女！香蕉没有来个赞也好啊！<br/>视频来自快手等平台，侵权联系删除！,4228,https://www.acfun.cn/v/ac48862019,https://tx-free-imgs.acfun.cn/newUpload/2176158_6e5a88d95f344d92a8d97a57f03ac4b9.gif?imageslim,AcFun,周榜,week,hotlist,,2026-09-26 18:19:32
36,空中瑜伽！！！★手机竖屏2012★,审核大大辛苦了！<br/>谢谢每一个投蕉的帅哥美女！香蕉没有来个赞也好啊！<br/>视频来自快手等平台，侵权联系删除！,4546,https://www.acfun.cn/v/ac48866821,https://tx-free-imgs.acfun.cn/newUpload/2176158_610807af48f5463a891fc9f341c9b16f.gif?imageslim,AcFun,周榜,week,hotlist,,2026-09-26 18:19:32
37,厨师长教你：“鱼香肉丝”的家常做法，酸甜微辣，口感丰富,,2086,https://www.acfun.cn/v/ac48867741,https://tx-free-imgs.acfun.cn/newUpload/13274260_93e68d1098d04ffca2683655a6a404c2.jpeg?imageslim,AcFun,周榜,week,hotlist,,2026-09-26 18:19:32
38,【4K超高清】「JOJO的奇妙冒险 飙马野郎」第2话,,5828,https://www.acfun.cn/v/ac48872740,https://tx-free-imgs.acfun.cn/newUpload/72840608_a526e08904d049d2b38ce5f38bd71e63.jpeg?imageslim,AcFun,周榜,week,hotlist,,2026-09-26 18:19:32
39,一天生产500万个！速冻水饺是如何制造出来的？,,2173,https://www.acfun.cn/v/ac48859253,https://tx-free-imgs.acfun.cn/newUpload/19281632_57f07fe28e24422d948491fd2d43586c.jpeg?imageslim,AcFun,周榜,week,hotlist,,2026-09-26 18:19:32
40,网络上常见的热门短视频集锦   第三千四百三十九期,审核大大辛苦了！<br/>谢谢每一个投蕉的帅哥美女！香蕉没有来个赞也好啊！<br/>视频来自快手等平台，侵权联系删除！,4060,https://www.acfun.cn/v/ac48859518,https://tx-free-imgs.acfun.cn/newUpload/2176158_13f61f1aa39c4732bdaeed87fe0e28a4.gif?imageslim,AcFun,周榜,week,hotlist,,2026-09-26 18:19:32
41,【锅锅x怀瑜x阔落】千里邀月——共饮此杯赏此月，夜好眠,中秋到了，和姐妹们合唱了千里邀月~~<br/>乐：可乐祝大家身体健康，永不加班，月圆人团圆<br/>鱼：怀瑜愿诸位财源广进，常能摸鱼，花好月更圆<br/>锅：锅锅祝大家桂香满锅，早归赏月，饼甜心更甜<br/>祝大家中秋快乐~,1921,https://www.acfun.cn/v/ac48871580,https://tx-free-imgs.acfun.cn/newUpload/67206930_e47be8dbac2546e1b5a4a831e71dabe4.jpeg?imageslim,AcFun,周榜,week,hotlist,,2026-09-26 18:19:32
42,今天你不能嫁出去【今天有什么好笑的 #2514】,：)，谢谢大家，祝你们开心。<br/>wallpaper壁纸：Fading Astronaut 5K (update)<br/>BGM：I Want It That Way,2934,https://www.acfun.cn/v/ac48865864,https://tx-free-imgs.acfun.cn/newUpload/383079_ee4f5f7badf74f05a2ef6c691387f327.gif?imageslim,AcFun,周榜,week,hotlist,,2026-09-26 18:19:32
43,现在电脑不好卖了，以后我们出租AI机器人吧,,2729,https://www.acfun.cn/v/ac48867767,https://tx-free-imgs.acfun.cn/newUpload/17928_c684f06231604145b533a0f00627c624.png?imageslim,AcFun,周榜,week,hotlist,,2026-09-26 18:19:32
44,短裙挑战！超长翻跳一次看个够~【生日作】,,2016,https://www.acfun.cn/v/ac48872675,https://tx-free-imgs.acfun.cn/newUpload/32485245_415db634556140d1841e2ebb4c0d9371.jpeg?imageslim,AcFun,周榜,week,hotlist,,2026-09-26 18:19:32
45,嘴角压不住了【今天有什么好笑的 #2515】,：），谢谢大家的投蕉和点赞，祝你开心愉快~<br/>wallpaper壁纸：Genshin 神里绫华<br/>BGM：Wake me up when september ends,2458,https://www.acfun.cn/v/ac48868130,https://tx-free-imgs.acfun.cn/newUpload/383079_ef65121591434d2b86d53db1622776cd.gif?imageslim,AcFun,周榜,week,hotlist,,2026-09-26 18:19:32
46,【东方】推特东方小视频选集 第272期,睡觉睡觉睡觉睡觉睡觉睡觉睡觉睡觉睡觉睡觉……,1417,https://www.acfun.cn/v/ac48858830,https://tx-free-imgs.acfun.cn/newUpload/6102_5a13d6efeec742ff84c512206aaeb7b0.jpeg?imageslim,AcFun,周榜,week,hotlist,,2026-09-26 18:19:32
47,甜妹来袭！,,2176,https://www.acfun.cn/v/ac48863947,https://tx-free-imgs.acfun.cn/newUpload/12439728_1fd5a3c6e60241a1a1cd8f89dbede769.png?imageslim,AcFun,周榜,week,hotlist,,2026-09-26 18:19:32
48,网络上常见的热门短视频集锦   第三千四百四十三期,审核大大辛苦了！<br/>谢谢每一个投蕉的帅哥美女！香蕉没有来个赞也好啊！<br/>视频来自快手等平台，侵权联系删除！,3700,https://www.acfun.cn/v/ac48864363,https://tx-free-imgs.acfun.cn/newUpload/2176158_dfef22dbf6934a15a594e5766b8680ca.gif?imageslim,AcFun,周榜,week,hotlist,,2026-09-26 18:19:32
49,姛姛？！蝴蝶耳机Manget中文翻唱【箐羽Hane】x【缇若柯Teivoc】,“是否你确实表里如一淡然，还是说你——并不似我贪婪？”<br/>《Manget》磁石 / 蝴蝶耳机 - 中文翻唱<br/>原作作曲 / 流星P<br/>曲绘&翻唱 / 箐羽hane & 缇若柯Teivoc<br/>中文填词 / 果汁凉菜<br/>混音 / 风尘<br/>和笋笋一起唱了我们二次元姛神曲！曲绘也是我和笋笋每个人负责了自己的部分最后再拼到一起的！真好！( *^ ^)o(^ ^* )希望大家也能喜欢！,1682,https://www.acfun.cn/v/ac48869340,https://tx-free-imgs.acfun.cn/newUpload/67511609_d868cdbd6b1849e8958696cdc9db1493.jpeg?imageslim,AcFun,周榜,week,hotlist,,2026-09-26 18:19:32
50,网络上常见的热门短视频集锦   第三千四百四十四期,审核大大辛苦了！<br/>谢谢每一个投蕉的帅哥美女！香蕉没有来个赞也好啊！<br/>视频来自快手等平台，侵权联系删除！,3592,https://www.acfun.cn/v/ac48865021,https://tx-free-imgs.acfun.cn/newUpload/2176158_663463f1e6004dc2b4dea153d1e60c05.gif?imageslim,AcFun,周榜,week,hotlist,,2026-09-26 18:19:32
1,今夜的风悄悄月悄悄~,,3420,https://www.acfun.cn/v/ac48873434,https://tx-free-imgs.acfun.cn/newUpload/23512715_0f364b6606dd467ab9975ffef5af1b29.jpg?imageslim,AcFun,日榜,day,hotlist,,2026-09-26 19:17:44
2,和我一起健身吧！！！欢乐八点档-1783,审核大大辛苦了！<br/>免费的香蕉投一下吧，没有那就点个赞吧，这对我来说很重要，谢谢！！！<br/>谢谢每一个投蕉的帅哥美女！你们是我坚持更新的动力！<br/>视频来自快手等平台，侵权联系删除！,3549,https://www.acfun.cn/v/ac48872699,https://tx-free-imgs.acfun.cn/newUpload/2176158_e379c7202d2e43029e07ad17f40cab19.gif?imageslim,AcFun,日榜,day,hotlist,,2026-09-26 19:17:44
3,短裙挑战！超长翻跳一次看个够~【生日作】,,2102,https://www.acfun.cn/v/ac48872675,https://tx-free-imgs.acfun.cn/newUpload/32485245_415db634556140d1841e2ebb4c0d9371.jpeg?imageslim,AcFun,日榜,day,hotlist,,2026-09-26 19:17:44
4,沙特反水，退出中国主导数字货币桥项目,,1947,https://www.acfun.cn/v/ac48873521,https://tx-free-imgs.acfun.cn/newUpload/43608832_667ff672cc3548f3bae31d62bb9e3f0e.jpeg?imageslim,AcFun,日榜,day,hotlist,,2026-09-26 19:17:44
5,【东方/汉化】咲夜带你了解汉字【MMD搞笑小剧场】,作者：クローバー,1491,https://www.acfun.cn/v/ac48872652,https://tx-free-imgs.acfun.cn/newUpload/6102_8b2072189ecb4044a7de95bb450d02ed.jpeg?imageslim,AcFun,日榜,day,hotlist,,2026-09-26 19:17:44
6,网络上常见的热门短视频集锦   第三千四百五十一期,审核大大辛苦了！<br/>谢谢每一个投蕉的帅哥美女！香蕉没有来个赞也好啊！<br/>视频来自快手等平台，侵权联系删除！,1890,https://www.acfun.cn/v/ac48873352,https://tx-free-imgs.acfun.cn/newUpload/2176158_301765c30a1c48e1843401cebd61fd11.gif?imageslim,AcFun,日榜,day,hotlist,,2026-09-26 19:17:44
7,忘情牛肉面,,1793,https://www.acfun.cn/v/ac48873433,https://tx-free-imgs.acfun.cn/newUpload/11361784_6fe659c9e31e428c8b700a04d46742fd.jpg?imageslim,AcFun,日榜,day,hotlist,,2026-09-26 19:17:44
8,加息概率90%：美联储或将亲手刺破AI泡沫,,1553,https://www.acfun.cn/v/ac48873517,https://tx-free-imgs.acfun.cn/newUpload/43608832_8d2f86fa2183404c842a39cc3e7b18b0.jpeg?imageslim,AcFun,日榜,day,hotlist,,2026-09-26 19:17:44
9,想和你一起赏月𐔌՞ ܸ.ˬ.ܸ՞𐦯千里邀月,,1277,https://www.acfun.cn/v/ac48873207,https://tx-free-imgs.acfun.cn/newUpload/57336445_c7d705d3782c4b0193b62c6d02e43748.jpg?imageslim,AcFun,日榜,day,hotlist,,2026-09-26 19:17:44
10,彩礼十万，你给二十万什么意思？★手机竖屏2015★,审核大大辛苦了！<br/>谢谢每一个投蕉的帅哥美女！香蕉没有来个赞也好啊！<br/>视频来自快手等平台，侵权联系删除！,2114,https://www.acfun.cn/v/ac48873346,https://tx-free-imgs.acfun.cn/newUpload/2176158_b118313c0ec044bba95e256fe492e589.gif?imageslim,AcFun,日榜,day,hotlist,,2026-09-26 19:17:44
11,竖屏~ Shake It -SISTAR【巫小萤】抓住夏天的尾巴,111,1305,https://www.acfun.cn/v/ac48872714,https://tx-free-imgs.acfun.cn/newUpload/14539629_f5759c58fdee4b0db90916f1af7e5033.jpeg?imageslim,AcFun,日榜,day,hotlist,,2026-09-26 19:17:44
12,网络上常见的热门短视频集锦   第三千四百五十二期,审核大大辛苦了！<br/>谢谢每一个投蕉的帅哥美女！香蕉没有来个赞也好啊！<br/>视频来自快手等平台，侵权联系删除！,1443,https://www.acfun.cn/v/ac48874097,https://tx-free-imgs.acfun.cn/newUpload/2176158_18570d70d1aa413e80d7f896c5bcd5c1.gif?imageslim,AcFun,日榜,day,hotlist,,2026-09-26 19:17:44
13,三周摧毁美国东海岸，绿色流感为何无法阻止？【求生之路剧情解析+涂鸦翻译】,刺骨寒溪和最后一战的涂鸦和官方剧情联系不大，因此没有放在视频中；<br/>前面的内容感觉都有点多余，最后的涂鸦翻译才是本体。<br/><br/>,1469,https://www.acfun.cn/v/ac48867996,https://tx-free-imgs.acfun.cn/newUpload/1020536_15195e7242e247fb9dc7a625a61a3662.jpeg?imageslim,AcFun,日榜,day,hotlist,,2026-09-26 19:17:44
14,【夏雅】Don t let go of my hand.,,2037,https://www.acfun.cn/v/ac48873108,https://tx-free-imgs.acfun.cn/newUpload/16279345_4e8e1897539648e8869f4815f9bd1572.jpg?imageslim,AcFun,日榜,day,hotlist,,2026-09-26 19:17:44
15,石头剪刀布卖个萌,难得假期来凡人线下嘉年华cos了一下银月，玩得很开心，不知道有没有碰到我的道友～,1210,https://www.acfun.cn/v/ac48873212,https://tx-free-imgs.acfun.cn/newUpload/12229455_c6e4220d0d7c41e2b5d489a9386cbe72.png?imageslim,AcFun,日榜,day,hotlist,,2026-09-26 19:17:44
16,"宙斯神王也会是这战绩？快速看完一局韩服王者斗殴局#837 Zeus, Racoon, Clozer,","宙斯神王也会是这战绩？快速看完一局韩服王者斗殴局#837 Zeus, Racoon, Clozer, Wenbo, Canyon, 叶秋枫 <br/>BGM:https://music.163.com/playlist?id=650818240&userid=30476594",1383,https://www.acfun.cn/v/ac48865858,https://tx-free-imgs.acfun.cn/newUpload/1378726_0477a53ac6df4eb3b611b241b6a08941.jpeg?imageslim,AcFun,日榜,day,hotlist,,2026-09-26 19:17:44
17,【猪肝来也】one love,,1165,https://www.acfun.cn/v/ac48873230,https://tx-free-imgs.acfun.cn/newUpload/4599324_253057be5bbe40d1b82d24222d803ec4.jpg?imageslim,AcFun,日榜,day,hotlist,,2026-09-26 19:17:44
18,又何尝不是一种很新的花灯...,胶佬过中秋有自己的灯笼！其实是万代的MEGX独角兽换了灯组嘻嘻～双节快乐！,1143,https://www.acfun.cn/v/ac48873084,https://tx-free-imgs.acfun.cn/newUpload/13449743_b5143a98667f48bdb3f046459ee13864.jpeg?imageslim,AcFun,日榜,day,hotlist,,2026-09-26 19:17:44
19,【绝望女神/翻唱】【火影忍者 ED1 Wind】,想听啥继续评论回复~,1043,https://www.acfun.cn/v/ac48873021,https://tx-free-imgs.acfun.cn/newUpload/20705199_4163259e9c314ff193a9aac80be14188.jpeg?imageslim,AcFun,日榜,day,hotlist,,2026-09-26 19:17:44
20,不近女色【今天有什么好笑的 #251】,：），谢谢大家的投蕉和点赞，祝你开心愉快~<br/>Wallpaper壁纸： 猫アレルギー<br/>Bgm：ever (αkatsuki ver.),1200,https://www.acfun.cn/v/ac48874464,https://tx-free-imgs.acfun.cn/newUpload/383079_3b007ee1aafc4dc1aa69adb4df550375.gif?imageslim,AcFun,日榜,day,hotlist,,2026-09-26 19:17:44
21,BESTiE -Love Options 恋爱的条件,,1294,https://www.acfun.cn/v/ac48873408,https://tx-free-imgs.acfun.cn/newUpload/795184_af41ad4bed1648c8983feb1bf7558c11.jpeg?imageslim,AcFun,日榜,day,hotlist,,2026-09-26 19:17:44
22,十月新番最爽厕纸！男主化身黄毛！转生夺走原主的女友们！？,十月新番最爽厕纸！男主化身黄毛！转生夺走原主的女友们！？,1378,https://www.acfun.cn/v/ac48873035,https://tx-free-imgs.acfun.cn/newUpload/13467496_1abceb83c1454743bcb9d4abcf823669.jpeg?imageslim,AcFun,日榜,day,hotlist,,2026-09-26 19:17:44
23,什么！银月在这么多人面前闪身步,,1023,https://www.acfun.cn/v/ac48873418,https://tx-free-imgs.acfun.cn/newUpload/12229455_6c8e0e9183a14360ad1419cc7c604154.png?imageslim,AcFun,日榜,day,hotlist,,2026-09-26 19:17:44
24,open the door,,1381,https://www.acfun.cn/v/ac48873110,https://tx-free-imgs.acfun.cn/newUpload/79951_cacbb88182cb435a99a97d446363fa53.jpg?imageslim,AcFun,日榜,day,hotlist,,2026-09-26 19:17:44
25,TGS现场女玩家击败虎牢关吕布【真三国无双2with猛将传】复刻版,Up主现场实拍TGS2026《真三国无双2with猛将传】复刻版现场试玩,1179,https://www.acfun.cn/v/ac48873376,https://tx-free-imgs.acfun.cn/newUpload/17097644_3295b46ed232444db8c34ee0206b58a7.png?imageslim,AcFun,日榜,day,hotlist,,2026-09-26 19:17:44
26,【官方双语】下载更多显存 不骗人！英伟达CMP 170HX魔改#linus谈科技,,976,https://www.acfun.cn/v/ac48873638,https://tx-free-imgs.acfun.cn/newUpload/1630166_2e45d7f65d2e44c9a5a181e12fbb81ee.jpeg?imageslim,AcFun,日榜,day,hotlist,,2026-09-26 19:17:44
27,【AI】学姐打扰一下,Comfyui,598,https://www.acfun.cn/v/ac48874554,https://tx-free-imgs.acfun.cn/newUpload/14047168_45e34e857d2d452e8493110db3ad1d45.jpeg?imageslim,AcFun,日榜,day,hotlist,,2026-09-26 19:17:44
28,三个字形容我,,1021,https://www.acfun.cn/v/ac48874815,https://tx-free-imgs.acfun.cn/newUpload/3540234_d1d0fd8b763d48509a98c51891885d2e.jpg?imageslim,AcFun,日榜,day,hotlist,,2026-09-26 19:17:44
29,灰姑娘“Yasal” 人间极品，就无需多言！！！,,1125,https://www.acfun.cn/v/ac48873609,https://tx-free-imgs.acfun.cn/newUpload/73298133_2dab83d1a24440eb95a37438305b57f1.gif?imageslim,AcFun,日榜,day,hotlist,,2026-09-26 19:17:44
30,你不是我的兄弟，你只是一个路人,,1207,https://www.acfun.cn/v/ac48874327,https://tx-free-imgs.acfun.cn/newUpload/581357_5f320d7984ce4569a85ab3057437f0ae.jpeg?imageslim,AcFun,日榜,day,hotlist,,2026-09-26 19:17:44
31,光环易主！工作室重组！动视恐成最大赢家？【绅批】,死！,877,https://www.acfun.cn/v/ac48874809,https://tx-free-imgs.acfun.cn/newUpload/526850_71e20b3f287641e9bcd91312549b7c8f.jpeg?imageslim,AcFun,日榜,day,hotlist,,2026-09-26 19:17:44
32,23.你从哪里来？告别海洋的勇者，四足动物的硬核远祖：肉鳍鱼,23.你从哪里来？告别海洋的勇者，四足动物的硬核远祖：肉鳍鱼,1036,https://www.acfun.cn/v/ac48869201,https://tx-free-imgs.acfun.cn/newUpload/28933912_04426f23b29049469da53505405b6d3c.jpeg?imageslim,AcFun,日榜,day,hotlist,,2026-09-26 19:17:44
33,和我恋爱的条件是什么呢？,,694,https://www.acfun.cn/v/ac48873963,https://tx-free-imgs.acfun.cn/newUpload/34504553_d7cd0e4af8fd46d0afb2c5fb8fdb526c.jpeg?imageslim,AcFun,日榜,day,hotlist,,2026-09-26 19:17:44
34,这个就是我呀头上有两个妙脆角,六点起来画的妆，当了一天npc,592,https://www.acfun.cn/v/ac48873337,https://tx-free-imgs.acfun.cn/newUpload/12954767_73b126f71b4d46639eacd2919d904e19.png?imageslim,AcFun,日榜,day,hotlist,,2026-09-26 19:17:44
35,碰碰—风月吻眉梢（礼越）,,697,https://www.acfun.cn/v/ac48873321,https://tx-free-imgs.acfun.cn/newUpload/11507862_6d287f4ceb7141278e56c341c32d9314.jpg?imageslim,AcFun,日榜,day,hotlist,,2026-09-26 19:17:44
36,折月满兜（cover镜予歌）,,734,https://www.acfun.cn/v/ac48873165,https://tx-free-imgs.acfun.cn/newUpload/1688088_91ac93d6b06342b894bd70e1e2c903f6.jpg?imageslim,AcFun,日榜,day,hotlist,,2026-09-26 19:17:44
37,空手捞金,,1040,https://www.acfun.cn/v/ac48874418,https://tx-free-imgs.acfun.cn/newUpload/24775015_2fad5a3b405543398b6b8dc185bb6fed.png?imageslim,AcFun,日榜,day,hotlist,,2026-09-26 19:17:44
38,中 秋 福 利,,1071,https://www.acfun.cn/v/ac48873262,https://tx-free-imgs.acfun.cn/newUpload/73482487_6cb1df13206f49a9a4988910f8e40b94.png?imageslim,AcFun,日榜,day,hotlist,,2026-09-26 19:17:44
39,中秋快乐，做完啦,,1031,https://www.acfun.cn/v/ac48873066,https://tx-free-imgs.acfun.cn/newUpload/79951_8f482ada8b9b4177876905d8147d992e.jpg?imageslim,AcFun,日榜,day,hotlist,,2026-09-26 19:17:44
40,绝顶性感黑丝AOA猫步轻俏舞蹈翻跳,,1040,https://www.acfun.cn/v/ac48874202,https://tx-free-imgs.acfun.cn/newUpload/28629507_71e4d17ded504936aad733fa6e862b25.png?imageslim,AcFun,日榜,day,hotlist,,2026-09-26 19:17:44
41,【26年9月】『飙马野郎 JOJO的奇妙冒险』 NCOP＆NCED,《飙马野郎》是由荒木飞吕彦创作的漫画系列JOJO的奇妙冒险的第七部，并伴有动画、游戏等衍生作品。<br/><br/>1890年，一场横断北美大陆、总长度六千公里的超长程赛马“STEEL BALL RUN”（SBR）即将展开，这是主角乔尼·乔斯达跨越青春期、迈向大人的故事。乔尼‧乔斯达曾是顶尖骑手，但一起枪击案使他半身不遂，他遇见了神秘男子杰洛·齐贝林，杰洛手中的旋转铁球让乔尼再一次站起，乔尼为了追寻让自己重新站起的方法，跟着杰洛参与了SBR。<br/><br/>表面上、SBR是由活动策划家史蒂芬·史提尔所组织的，但比赛的幕后主使其实是美国政府。美国总统法尼·瓦伦泰为了搜集散落在北美大陆上的、不可思议的圣人遗体而筹画了这场大赛。每一份圣人遗体──故事里暗示是耶稣的遗体──都能带给持有者替身能力，而完整的遗体更具神力，总统的目的便是取得完整遗体以确保美国的荣耀。,1167,https://www.acfun.cn/v/ac48873898,https://tx-free-imgs.acfun.cn/newUpload/3449731_3c926a64f92844528b08a4c79113881f.png?imageslim,AcFun,日榜,day,hotlist,,2026-09-26 19:17:44
42,강덕구 - [9.23] 姜德玖睡覺打鼾,,1359,https://www.acfun.cn/v/ac48873359,https://tx-free-imgs.acfun.cn/newUpload/14385304_d3dc414d9d2e41c7ac6f2ee0fd4fa452.png?imageslim,AcFun,日榜,day,hotlist,,2026-09-26 19:17:44
43,著名音乐家刘欢老师去世，享年63岁。,,1081,https://www.acfun.cn/v/ac48873825,https://tx-free-imgs.acfun.cn/newUpload/3353002_727c0ee43230486a86da283c7b564525.png?imageslim,AcFun,日榜,day,hotlist,,2026-09-26 19:17:44
44,盛盛翻跳IVE超火韩舞LOVE DIVE,,618,https://www.acfun.cn/v/ac48870227,https://tx-free-imgs.acfun.cn/newUpload/12788875_af153cff11bb4b8fa40d1f721002e3b4.jpeg?imageslim,AcFun,日榜,day,hotlist,,2026-09-26 19:17:44
45,AC娘的狗熊哆嗦毛,包子头怎么弄都不对,485,https://www.acfun.cn/v/ac48873513,https://tx-free-imgs.acfun.cn/newUpload/247862_c8bc617e5a4645b19f8bc5a30bca2dac.png?imageslim,AcFun,日榜,day,hotlist,,2026-09-26 19:17:44
46,【AI】总裁夫人~,Comfyui,499,https://www.acfun.cn/v/ac48874548,https://tx-free-imgs.acfun.cn/newUpload/14047168_1a2d5507cda74dc29d0448fcdce22ee3.jpeg?imageslim,AcFun,日榜,day,hotlist,,2026-09-26 19:17:44
47,【燕返】战锤3终焉之刻 EP1他的复活,什么啊原来是不朽大帝，我还以为是减速带呢,635,https://www.acfun.cn/v/ac48873409,https://tx-free-imgs.acfun.cn/newUpload/186848_20fda0a649a94a0195573868847189ca.jpeg?imageslim,AcFun,日榜,day,hotlist,,2026-09-26 19:17:44
48,鱼子酱-20260924  rolin 寄明月,,1069,https://www.acfun.cn/v/ac48872178,https://tx-free-imgs.acfun.cn/newUpload/78055394_dee6ade658f64029a3a495104380a7db.jpeg?imageslim,AcFun,日榜,day,hotlist,,2026-09-26 19:17:44
49,私服灵梦-「ジャンキーナイトタウンオーケストラ」,转载自:YouTube<br/>https://youtu.be/prVkLOruae4?si=pviqDA90HYE354Nx<br/>侵权必删，如果你喜欢这个视频，请支持原作者。<br/>作者:環 梨桜<br/>标题: 【東方MMD】私服霊夢で「ジャンキーナイトタウンオーケストラ」<br/>简介:<br/>今回は「ジャンキーナイトタウンオーケストラ」です。<br/>なんか気が付いたら1ヶ月経っていました。すみません...。,424,https://www.acfun.cn/v/ac48851554,https://tx-free-imgs.acfun.cn/newUpload/17404407_86e0aeab56dd48a5b7d99b8dd8d4ac7b.png?imageslim,AcFun,日榜,day,hotlist,,2026-09-26 19:17:44
50,至尊舞团精舞社纱姬舞团随意吧舞出精彩k8舞团king8舞团,,737,https://www.acfun.cn/v/ac48873289,https://tx-free-imgs.acfun.cn/newUpload/73084622_aa2e22c667ae427889ad30dac120d4f8.png?imageslim,AcFun,日榜,day,hotlist,,2026-09-26 19:17:44
1,娃：真遗憾，本来打算亲自告诉你们的,嘿嘿希望大家都万事顺意～心想事成,5834,https://www.acfun.cn/v/ac48871740,https://tx-free-imgs.acfun.cn/newUpload/17062172_d1a93166ed084e3aadac2fea4bba0707.jpg?imageslim,AcFun,三日榜,three-days,hotlist,,2026-09-26 19:17:44
2,《野生动物迷惑行为》,喜欢请投蕉啊   谢谢啦！,2978,https://www.acfun.cn/v/ac48868360,https://tx-free-imgs.acfun.cn/newUpload/1342385_3fab348c538e4c0fa001871a708fe302.jpeg?imageslim,AcFun,三日榜,three-days,hotlist,,2026-09-26 19:17:44
3,裸足圆脸仙女下凡～跳一曲千里邀月【可心喵】,,2690,https://www.acfun.cn/v/ac48872448,https://tx-free-imgs.acfun.cn/newUpload/12892608_6691690fd8e944278bda5d5390e1e5a9.jpg?imageslim,AcFun,三日榜,three-days,hotlist,,2026-09-26 19:17:44
4,因为害怕被讨厌 所以把自己藏起来了,,3273,https://www.acfun.cn/v/ac48871331,https://tx-free-imgs.acfun.cn/newUpload/11361784_3d4bd69b46f541e184c2922c24f09276.jpg?imageslim,AcFun,三日榜,three-days,hotlist,,2026-09-26 19:17:44
5,我真的是来吃饭的！★手机竖屏2013★,审核大大辛苦了！<br/>谢谢每一个投蕉的帅哥美女！香蕉没有来个赞也好啊！<br/>视频来自快手等平台，侵权联系删除！,4030,https://www.acfun.cn/v/ac48869145,https://tx-free-imgs.acfun.cn/newUpload/2176158_eb4b69370b8f435aa2b171e72403d356.gif?imageslim,AcFun,三日榜,three-days,hotlist,,2026-09-26 19:17:44
6,今夜的风悄悄月悄悄~,,3420,https://www.acfun.cn/v/ac48873434,https://tx-free-imgs.acfun.cn/newUpload/23512715_0f364b6606dd467ab9975ffef5af1b29.jpg?imageslim,AcFun,三日榜,three-days,hotlist,,2026-09-26 19:17:44
7,女妖邪神凶宅索命，最惨主角逆天求生！克系神游《魔女屋中之梦》像素恐怖游戏详细讲述【深夜档】,如何在60天内，让洛夫克拉夫特小说中惨死的倒霉主角逆天改命？这位芬兰作者打造了一部又硬核又忠实的优秀克苏鲁游戏！入住阿卡姆百年凶宅的凡人主角沃尔特·吉尔曼，接连遭到人脸妖鼠，恐怖女巫，不可名状外神的侵袭。白天钻研神秘学知识，梦中游历邪恶异星。他将与密斯卡托尼克大学最强战神亨利·阿米蒂奇教授联手对抗邪神降世！这是一部真正将洛氏“宇宙恐怖”带入到日常，并忠实于原著的游戏，自由度超高且信息量惊人！我将细致地带各位体验这跌宕起伏的60天，看弱小的主角如何起死回生并拯救世界！,1837,https://www.acfun.cn/v/ac48872418,https://tx-free-imgs.acfun.cn/newUpload/817797_2631b7cf26c14c2fbbfb062962a775be.jpeg?imageslim,AcFun,三日榜,three-days,hotlist,,2026-09-26 19:17:44
8,mr chu!!好怀念这首歌,,2168,https://www.acfun.cn/v/ac48869375,https://tx-free-imgs.acfun.cn/newUpload/16380981_19592eb83a88429695ee1a0508fc3df0.png?imageslim,AcFun,三日榜,three-days,hotlist,,2026-09-26 19:17:44
9,拜托了，夫人！★手机竖屏2014★,审核大大辛苦了！<br/>谢谢每一个投蕉的帅哥美女！香蕉没有来个赞也好啊！<br/>视频来自快手等平台，侵权联系删除！,3747,https://www.acfun.cn/v/ac48871493,https://tx-free-imgs.acfun.cn/newUpload/2176158_afaf0913878443b1bc00d636136ffce3.gif?imageslim,AcFun,三日榜,three-days,hotlist,,2026-09-26 19:17:44
10,和我一起健身吧！！！欢乐八点档-1783,审核大大辛苦了！<br/>免费的香蕉投一下吧，没有那就点个赞吧，这对我来说很重要，谢谢！！！<br/>谢谢每一个投蕉的帅哥美女！你们是我坚持更新的动力！<br/>视频来自快手等平台，侵权联系删除！,3549,https://www.acfun.cn/v/ac48872699,https://tx-free-imgs.acfun.cn/newUpload/2176158_e379c7202d2e43029e07ad17f40cab19.gif?imageslim,AcFun,三日榜,three-days,hotlist,,2026-09-26 19:17:44
11,这样的学姐喜欢吗？欢乐八点档-1782,审核大大辛苦了！<br/>免费的香蕉投一下吧，没有那就点个赞吧，这对我来说很重要，谢谢！！！<br/>谢谢每一个投蕉的帅哥美女！你们是我坚持更新的动力！<br/>视频来自快手等平台，侵权联系删除！,3991,https://www.acfun.cn/v/ac48870057,https://tx-free-imgs.acfun.cn/newUpload/2176158_4c1f3b60f73e451abc443941d47305d8.gif?imageslim,AcFun,三日榜,three-days,hotlist,,2026-09-26 19:17:44
12,拳击好啊，拳击得学！欢乐八点档-1781,审核大大辛苦了！<br/>免费的香蕉投一下吧，没有那就点个赞吧，这对我来说很重要，谢谢！！！<br/>谢谢每一个投蕉的帅哥美女！你们是我坚持更新的动力！<br/>视频来自快手等平台，侵权联系删除！,4255,https://www.acfun.cn/v/ac48868336,https://tx-free-imgs.acfun.cn/newUpload/2176158_3f6c601293a54468bae97f781440217b.gif?imageslim,AcFun,三日榜,three-days,hotlist,,2026-09-26 19:17:44
13,【4K超高清】「JOJO的奇妙冒险 飙马野郎」第2话,,6014,https://www.acfun.cn/v/ac48872740,https://tx-free-imgs.acfun.cn/newUpload/72840608_a526e08904d049d2b38ce5f38bd71e63.jpeg?imageslim,AcFun,三日榜,three-days,hotlist,,2026-09-26 19:17:44
14,【锅锅x怀瑜x阔落】千里邀月——共饮此杯赏此月，夜好眠,中秋到了，和姐妹们合唱了千里邀月~~<br/>乐：可乐祝大家身体健康，永不加班，月圆人团圆<br/>鱼：怀瑜愿诸位财源广进，常能摸鱼，花好月更圆<br/>锅：锅锅祝大家桂香满锅，早归赏月，饼甜心更甜<br/>祝大家中秋快乐~,1926,https://www.acfun.cn/v/ac48871580,https://tx-free-imgs.acfun.cn/newUpload/67206930_e47be8dbac2546e1b5a4a831e71dabe4.jpeg?imageslim,AcFun,三日榜,three-days,hotlist,,2026-09-26 19:17:44
15,短裙挑战！超长翻跳一次看个够~【生日作】,,2102,https://www.acfun.cn/v/ac48872675,https://tx-free-imgs.acfun.cn/newUpload/32485245_415db634556140d1841e2ebb4c0d9371.jpeg?imageslim,AcFun,三日榜,three-days,hotlist,,2026-09-26 19:17:44
16,姛姛？！蝴蝶耳机Manget中文翻唱【箐羽Hane】x【缇若柯Teivoc】,“是否你确实表里如一淡然，还是说你——并不似我贪婪？”<br/>《Manget》磁石 / 蝴蝶耳机 - 中文翻唱<br/>原作作曲 / 流星P<br/>曲绘&翻唱 / 箐羽hane & 缇若柯Teivoc<br/>中文填词 / 果汁凉菜<br/>混音 / 风尘<br/>和笋笋一起唱了我们二次元姛神曲！曲绘也是我和笋笋每个人负责了自己的部分最后再拼到一起的！真好！( *^ ^)o(^ ^* )希望大家也能喜欢！,1694,https://www.acfun.cn/v/ac48869340,https://tx-free-imgs.acfun.cn/newUpload/67511609_d868cdbd6b1849e8958696cdc9db1493.jpeg?imageslim,AcFun,三日榜,three-days,hotlist,,2026-09-26 19:17:44
17,我要冲会员【今天有什么好笑的 #2516】,：），谢谢大家的投蕉和点赞，祝你开心愉快~<br/>wallpaper壁纸：Reze | Chainsaw Man<br/>BGM：Nicoleta Matei - Love mail<br/>,2555,https://www.acfun.cn/v/ac48870763,https://tx-free-imgs.acfun.cn/newUpload/383079_47b0fc3f458042f5bd3717967e55c598.gif?imageslim,AcFun,三日榜,three-days,hotlist,,2026-09-26 19:17:44
18,如果我和她恋爱的话……,,1723,https://www.acfun.cn/v/ac48871545,https://tx-free-imgs.acfun.cn/newUpload/2277346_de526594356a4c9f90b71bf5823054e6.jpg?imageslim,AcFun,三日榜,three-days,hotlist,,2026-09-26 19:17:44
19,网络上常见的热门短视频集锦   第三千四百四十九期,审核大大辛苦了！<br/>谢谢每一个投蕉的帅哥美女！香蕉没有来个赞也好啊！<br/>视频来自快手等平台，侵权联系删除！,3082,https://www.acfun.cn/v/ac48871496,https://tx-free-imgs.acfun.cn/newUpload/2176158_cf20f7722011491da25ce2efbc799dba.gif?imageslim,AcFun,三日榜,three-days,hotlist,,2026-09-26 19:17:44
20,换你穿越三国乱世，你是起兵还是种田？,有没有宝贝和我一样，看三国的时候总在想，如果换我身在那个乱世，我会怎么样？是起兵争霸，还是归隐山林？ 或是是咱们可以选三国里有名的角色或者可以架空历史从素人做起，一统三国，那会怎么样?我最近就玩了这么一款游戏，一玩就是五个小时，根本停不下来，那今天来聊聊这款开放世界slg游戏《英雄立志传：三国志》~<br/>,2139,https://www.acfun.cn/v/ac48869043,https://tx-free-imgs.acfun.cn/newUpload/61352468_39715609bed041b98b21f3dbb482ad70.jpeg?imageslim,AcFun,三日榜,three-days,hotlist,,2026-09-26 19:17:44
21,交通事故20260923：交通车祸实例，提高安全驾驶意识,,1484,https://www.acfun.cn/v/ac48868861,https://tx-free-imgs.acfun.cn/newUpload/76871961_edea5de6659a4cd2b733a74989043440.jpg?imageslim,AcFun,三日榜,three-days,hotlist,,2026-09-26 19:17:44
22,网络上常见的热门短视频集锦   第三千四百四十八期,审核大大辛苦了！<br/>谢谢每一个投蕉的帅哥美女！香蕉没有来个赞也好啊！<br/>视频来自快手等平台，侵权联系删除！,3680,https://www.acfun.cn/v/ac48870020,https://tx-free-imgs.acfun.cn/newUpload/2176158_d65e54f4e9ee489b86b6fc28c31c84ee.gif?imageslim,AcFun,三日榜,three-days,hotlist,,2026-09-26 19:17:44
23,沦陷️,歌曲舞蹈：沦陷dj版-星奇摇   动作有改编,1781,https://www.acfun.cn/v/ac48869381,https://tx-free-imgs.acfun.cn/newUpload/12229455_aacf9da97a0940ad8e5f0b509d9cc159.jpeg?imageslim,AcFun,三日榜,three-days,hotlist,,2026-09-26 19:17:44
24,沙特反水，退出中国主导数字货币桥项目,,1947,https://www.acfun.cn/v/ac48873521,https://tx-free-imgs.acfun.cn/newUpload/43608832_667ff672cc3548f3bae31d62bb9e3f0e.jpeg?imageslim,AcFun,三日榜,three-days,hotlist,,2026-09-26 19:17:44
25,常州新开巴西烤肉自助，100块钱值得吗？,这是我目前为止，去过的第二家巴西烤肉自助，团购优惠的情况下，花了94元。正常价格在95~110不等<br/><br/>简单带大家看下菜品，除了取餐台这么些，各种牛肉制品、大串烧烤都是循环上桌，大家觉得这么些菜式花样，100块钱左右你们觉得贵还是便宜啊，觉得贵的扣1，觉得便宜的扣2,1918,https://www.acfun.cn/v/ac48868891,https://tx-free-imgs.acfun.cn/newUpload/2046675_bf3a59ddff624646850829452262094e.jpeg?imageslim,AcFun,三日榜,three-days,hotlist,,2026-09-26 19:17:44
26,老板直聘（89）,,1658,https://www.acfun.cn/v/ac48868552,https://tx-free-imgs.acfun.cn/newUpload/74706824_db2c7ba15c5d4aa18872db6b0763b7ca.jpeg?imageslim,AcFun,三日榜,three-days,hotlist,,2026-09-26 19:17:44
27,网络上常见的热门短视频集锦   第三千四百五十期,审核大大辛苦了！<br/>谢谢每一个投蕉的帅哥美女！香蕉没有来个赞也好啊！<br/>视频来自快手等平台，侵权联系删除！,3310,https://www.acfun.cn/v/ac48872279,https://tx-free-imgs.acfun.cn/newUpload/2176158_a96ecd95394b4517928ac111407f75b1.gif?imageslim,AcFun,三日榜,three-days,hotlist,,2026-09-26 19:17:44
28,网络上常见的热门短视频集锦   第三千四百四十七期,审核大大辛苦了！<br/>谢谢每一个投蕉的帅哥美女！香蕉没有来个赞也好啊！<br/>视频来自快手等平台，侵权联系删除！,3381,https://www.acfun.cn/v/ac48869149,https://tx-free-imgs.acfun.cn/newUpload/2176158_fdf9afe2e00a4a1aa62415c846776eaf.gif?imageslim,AcFun,三日榜,three-days,hotlist,,2026-09-26 19:17:44
29,空姐OL~第57次取消发送,中秋节快乐,1948,https://www.acfun.cn/v/ac48872674,https://tx-free-imgs.acfun.cn/newUpload/14539629_46621bdc88a44c63be63172c5ba6cb6a.jpeg?imageslim,AcFun,三日榜,three-days,hotlist,,2026-09-26 19:17:44
30,在英国差点被上门诈骗,可能看到我一人在家，就大胆敲门了，还好平常也会注意周边邻居，没发生什么事儿，这个金额就算被骗也不会报警，以后还是要小心一些了。#英国日常#vlog,1694,https://www.acfun.cn/v/ac48869505,https://tx-free-imgs.acfun.cn/newUpload/43181603_1c8c6c487a864d098b5e7e7bf2a12c6a.jpg?imageslim,AcFun,三日榜,three-days,hotlist,,2026-09-26 19:17:44
31,【颜音】中秋歌回~祝大家节日快乐,皓月凌空，桂香满庭。<br/>愿今夜歌声暖心，祝各位中秋快乐，阖家美满！,1510,https://www.acfun.cn/v/ac48872065,https://tx-free-imgs.acfun.cn/newUpload/4425861_3dab8cdf19a74bf6accbdcd688cd9b6a.jpeg?imageslim,AcFun,三日榜,three-days,hotlist,,2026-09-26 19:17:44
32,【东方/汉化】咲夜带你了解汉字【MMD搞笑小剧场】,作者：クローバー,1491,https://www.acfun.cn/v/ac48872652,https://tx-free-imgs.acfun.cn/newUpload/6102_8b2072189ecb4044a7de95bb450d02ed.jpeg?imageslim,AcFun,三日榜,three-days,hotlist,,2026-09-26 19:17:44
33,原创编舞《千层套路》的定机位竖屏来啦！,,1668,https://www.acfun.cn/v/ac48869245,https://tx-free-imgs.acfun.cn/newUpload/16380981_24bafd11c027499d9fe6820162faa782.png?imageslim,AcFun,三日榜,three-days,hotlist,,2026-09-26 19:17:44
34,两段不伦恋 15年复仇路《老男孩》吴大秀我的折磨可是一辈子,本期带来《老男孩》50分钟 国庆要到了，铁粉都知道背包住在网红街道 小长假根本没法做节目，阿杰提意带着各自父母一起出去玩几天 所以这几天会加急看看能不能赶出来一期，实再不行就小长假后更新咯，中秋国庆都祝小伙伴开心快乐！,1282,https://www.acfun.cn/v/ac48871285,https://tx-free-imgs.acfun.cn/newUpload/6894185_ab259859c7df40d1b092d2e828bf38e5.jpeg?imageslim,AcFun,三日榜,three-days,hotlist,,2026-09-26 19:17:44
35,发个friend圈,,1555,https://www.acfun.cn/v/ac48863958,https://tx-free-imgs.acfun.cn/newUpload/12439728_b44cb67ae45a4c179b08227368f4159c.png?imageslim,AcFun,三日榜,three-days,hotlist,,2026-09-26 19:17:44
36,奥迪“宫斗”十年大结局？一汽拿四环，上汽拿AUDI,一汽奥迪和上汽奥迪“宫斗”了十年，终于要划下句号了？,1764,https://www.acfun.cn/v/ac48870981,https://tx-free-imgs.acfun.cn/newUpload/13630266_3fde785be5a2411495618f67d01ab66a.jpeg?imageslim,AcFun,三日榜,three-days,hotlist,,2026-09-26 19:17:44
37,忘情牛肉面,,1793,https://www.acfun.cn/v/ac48873433,https://tx-free-imgs.acfun.cn/newUpload/11361784_6fe659c9e31e428c8b700a04d46742fd.jpg?imageslim,AcFun,三日榜,three-days,hotlist,,2026-09-26 19:17:44
38,我终于明白什么都不缺的含金量！,,1322,https://www.acfun.cn/v/ac48872781,https://tx-free-imgs.acfun.cn/newUpload/6177430_06f5f9b03edd4f73a3dfeba4cf78db16.jpeg?imageslim,AcFun,三日榜,three-days,hotlist,,2026-09-26 19:17:44
39,网络上常见的热门短视频集锦   第三千四百五十一期,审核大大辛苦了！<br/>谢谢每一个投蕉的帅哥美女！香蕉没有来个赞也好啊！<br/>视频来自快手等平台，侵权联系删除！,1890,https://www.acfun.cn/v/ac48873352,https://tx-free-imgs.acfun.cn/newUpload/2176158_301765c30a1c48e1843401cebd61fd11.gif?imageslim,AcFun,三日榜,three-days,hotlist,,2026-09-26 19:17:44
40,望眼欲穿【今天有什么好笑的 #2517】,：），谢谢大家的投蕉和点赞，祝你开心愉快~<br/>Wallpaper壁纸：雪山与女孩<br/>Bgm：あのね。,2074,https://www.acfun.cn/v/ac48872647,https://tx-free-imgs.acfun.cn/newUpload/383079_40beb913fd1a44d3afa053553d53b466.gif?imageslim,AcFun,三日榜,three-days,hotlist,,2026-09-26 19:17:44
41,【东方】QUEEN【蕾米莉亚 Miy Ver. MMD】,作者：やくも<br/><br/>楽曲:Kanaria 様→https://www.nicovideo.jp/watch/sm4088...<br/>振付:AKIRA様<br/>モーション:P-nez 様→https://www.nicovideo.jp/watch/sm4350...<br/>カメラ:Mizuha様→https://www.nicovideo.jp/watch/sm4353...<br/>モデル:MIy様<br/>ステージ:栗ごはん様<br/>アクセサリ:アスカ様,1285,https://www.acfun.cn/v/ac48870080,https://tx-free-imgs.acfun.cn/newUpload/6102_6a4dce20c9b74fa0bbdff3ccc0a73c5d.png?imageslim,AcFun,三日榜,three-days,hotlist,,2026-09-26 19:17:44
42,【官方中字】SBR JOJO的奇妙冒险 飙马野郎 2nd＆3rd STAGE 第二集,,2596,https://www.acfun.cn/v/ac48872883,https://tx-free-imgs.acfun.cn/newUpload/30501027_27e89cd7cd684f01a120b8ec666a3896.png?imageslim,AcFun,三日榜,three-days,hotlist,,2026-09-26 19:17:44
43,这套皮肤真的很喜欢,,1520,https://www.acfun.cn/v/ac48871657,https://tx-free-imgs.acfun.cn/newUpload/16380981_ac9640e59a3a42e093fcee0a0b81d474.jpg?imageslim,AcFun,三日榜,three-days,hotlist,,2026-09-26 19:17:44
44,只有刀鸣最小丑？各大游戏千年血战联动盘点！,300英雄的含金量还在上升,2001,https://www.acfun.cn/v/ac48869154,https://tx-free-imgs.acfun.cn/newUpload/247671_7d920e56c00e4af39fed560bf094f965.jpeg?imageslim,AcFun,三日榜,three-days,hotlist,,2026-09-26 19:17:44
45,香煎盐焗鸡｜简单到不可能失败，外焦里嫩巨好吃,,1260,https://www.acfun.cn/v/ac48870521,https://tx-free-imgs.acfun.cn/newUpload/1383198_a8487ee2fe9849dc9807f9da5d193fb1.jpeg?imageslim,AcFun,三日榜,three-days,hotlist,,2026-09-26 19:17:44
46,加息概率90%：美联储或将亲手刺破AI泡沫,,1553,https://www.acfun.cn/v/ac48873517,https://tx-free-imgs.acfun.cn/newUpload/43608832_8d2f86fa2183404c842a39cc3e7b18b0.jpeg?imageslim,AcFun,三日榜,three-days,hotlist,,2026-09-26 19:17:44
47,彩礼十万，你给二十万什么意思？★手机竖屏2015★,审核大大辛苦了！<br/>谢谢每一个投蕉的帅哥美女！香蕉没有来个赞也好啊！<br/>视频来自快手等平台，侵权联系删除！,2114,https://www.acfun.cn/v/ac48873346,https://tx-free-imgs.acfun.cn/newUpload/2176158_b118313c0ec044bba95e256fe492e589.gif?imageslim,AcFun,三日榜,three-days,hotlist,,2026-09-26 19:17:44
48,“原来和思念的人相见，就是人们常说的团圆” | 愿年年有今夜《妙妙人间》,「愿岁岁年年有此夜。」<br/>To : 虽然隔着屏幕，但同一轮月亮也让我们团圆在这里。中秋快乐呀~<br/>==========<br/>《妙妙人间》<br/>原唱：张含韵<br/>混音：饭団子p<br/>翻唱&视频：露纱琳黛,1172,https://www.acfun.cn/v/ac48871599,https://tx-free-imgs.acfun.cn/newUpload/69790459_0b53ce48e1c7437c9bdd3cf45d53de8f.jpeg?imageslim,AcFun,三日榜,three-days,hotlist,,2026-09-26 19:17:44
49,你吃月饼了吗？,,1467,https://www.acfun.cn/v/ac48869054,https://tx-free-imgs.acfun.cn/newUpload/1167675_8f48723afb0e41ecbe772249b3f4df1a.jpg?imageslim,AcFun,三日榜,three-days,hotlist,,2026-09-26 19:17:44
50,想和你一起赏月𐔌՞ ܸ.ˬ.ܸ՞𐦯千里邀月,,1277,https://www.acfun.cn/v/ac48873207,https://tx-free-imgs.acfun.cn/newUpload/57336445_c7d705d3782c4b0193b62c6d02e43748.jpg?imageslim,AcFun,三日榜,three-days,hotlist,,2026-09-26 19:17:44
1,剑戟战斗的巅峰 关卡内容的洼地 偏科严重的《鬼武者：剑之道》,它给人爽的部分是真的爽，但是在每次爽之前，你得堵不少马桶，先生。,4569,https://www.acfun.cn/v/ac48859506,https://tx-free-imgs.acfun.cn/newUpload/934542_5d98ad80ca9c4307b5cdc2051c11cb50.jpeg?imageslim,AcFun,周榜,week,hotlist,,2026-09-26 19:17:44
2,是谁点的小恶魔，蕉出来～,,6459,https://www.acfun.cn/v/ac48867778,https://tx-free-imgs.acfun.cn/newUpload/17062172_6098fee67d1748e0ab5dab3b5665736c.jpg?imageslim,AcFun,周榜,week,hotlist,,2026-09-26 19:17:44
3,跳最开心的一集,,4000,https://www.acfun.cn/v/ac48860571,https://tx-free-imgs.acfun.cn/newUpload/50330447_79a3f269514140c29e7a85fb7c9dc94c.jpg?imageslim,AcFun,周榜,week,hotlist,,2026-09-26 19:17:44
4,娃：真遗憾，本来打算亲自告诉你们的,嘿嘿希望大家都万事顺意～心想事成,5834,https://www.acfun.cn/v/ac48871740,https://tx-free-imgs.acfun.cn/newUpload/17062172_d1a93166ed084e3aadac2fea4bba0707.jpg?imageslim,AcFun,周榜,week,hotlist,,2026-09-26 19:17:44
5,喜欢哪套？,,7340,https://www.acfun.cn/v/ac48861422,https://tx-free-imgs.acfun.cn/newUpload/3540234_729e0d22251f439da3735f26e58d174f.jpg?imageslim,AcFun,周榜,week,hotlist,,2026-09-26 19:17:44
6,过期JK碎碎念！,家人们记得蕉一蕉捏 啾咪,5966,https://www.acfun.cn/v/ac48859219,https://tx-free-imgs.acfun.cn/newUpload/17062172_5dd6ea8b5f2741ff87f0911db6dfb909.jpg?imageslim,AcFun,周榜,week,hotlist,,2026-09-26 19:17:44
7,人间琴悠扬，姑娘把谁记心上～,,2739,https://www.acfun.cn/v/ac48863143,https://tx-free-imgs.acfun.cn/newUpload/50330447_938d77716a11477e843914663278ff07.jpg?imageslim,AcFun,周榜,week,hotlist,,2026-09-26 19:17:44
8,《野生动物迷惑行为》,喜欢请投蕉啊   谢谢啦！,2978,https://www.acfun.cn/v/ac48868360,https://tx-free-imgs.acfun.cn/newUpload/1342385_3fab348c538e4c0fa001871a708fe302.jpeg?imageslim,AcFun,周榜,week,hotlist,,2026-09-26 19:17:44
9,裸足圆脸仙女下凡～跳一曲千里邀月【可心喵】,,2690,https://www.acfun.cn/v/ac48872448,https://tx-free-imgs.acfun.cn/newUpload/12892608_6691690fd8e944278bda5d5390e1e5a9.jpg?imageslim,AcFun,周榜,week,hotlist,,2026-09-26 19:17:44
10,《动物迷惑行为大赏325》,喜欢请投蕉啊 谢谢啦！,2686,https://www.acfun.cn/v/ac48861293,https://tx-free-imgs.acfun.cn/newUpload/1342385_03080470038d444a95ce01ff6a6aeb9f.jpeg?imageslim,AcFun,周榜,week,hotlist,,2026-09-26 19:17:44
11,双马尾小女仆带来的情绪摇～,,4034,https://www.acfun.cn/v/ac48861966,https://tx-free-imgs.acfun.cn/newUpload/11361784_8cee0402b4754b1e82f85b7099791793.jpg?imageslim,AcFun,周榜,week,hotlist,,2026-09-26 19:17:44
12,帮Acer问一下，地址在哪里？欢乐八点档-1779,审核大大辛苦了！<br/>免费的香蕉投一下吧，没有那就点个赞吧，这对我来说很重要，谢谢！！！<br/>谢谢每一个投蕉的帅哥美女！你们是我坚持更新的动力！<br/>视频来自快手等平台，侵权联系删除！,4549,https://www.acfun.cn/v/ac48863633,https://tx-free-imgs.acfun.cn/newUpload/2176158_ff69c3c797d5414e8056b329918cc5b6.gif?imageslim,AcFun,周榜,week,hotlist,,2026-09-26 19:17:44
13,【绘图过程】《海边》6周年纪念插图过程,6周年纪念插图挂画（预售）、沙滩巾（预售），阿宝已上架,3414,https://www.acfun.cn/v/ac48836990,https://tx-free-imgs.acfun.cn/newUpload/179922_9f95aba039e84f3594c3947b3c8fdd58.jpeg?imageslim,AcFun,周榜,week,hotlist,,2026-09-26 19:17:44
14,还是少妇会的多啊！★手机竖屏2011★,审核大大辛苦了！<br/>谢谢每一个投蕉的帅哥美女！香蕉没有来个赞也好啊！<br/>视频来自快手等平台，侵权联系删除！,5303,https://www.acfun.cn/v/ac48864360,https://tx-free-imgs.acfun.cn/newUpload/2176158_3d4f199fd93640468e543b9ee25ac4c0.gif?imageslim,AcFun,周榜,week,hotlist,,2026-09-26 19:17:44
15,漫威金刚狼深陷争议！SweetBaby又毁一款？【绅批】,这算是DEI的历史遗留问题了，所有现在已经从sweetbaby离职的人，只要参与过游戏制作也会被署名（比如桥本和真）,3009,https://www.acfun.cn/v/ac48868810,https://tx-free-imgs.acfun.cn/newUpload/526850_ca1da1572b1d494a93e2f6bab46cf76b.jpeg?imageslim,AcFun,周榜,week,hotlist,,2026-09-26 19:17:44
16,因为害怕被讨厌 所以把自己藏起来了,,3273,https://www.acfun.cn/v/ac48871331,https://tx-free-imgs.acfun.cn/newUpload/11361784_3d4bd69b46f541e184c2922c24f09276.jpg?imageslim,AcFun,周榜,week,hotlist,,2026-09-26 19:17:44
17,我真的是来吃饭的！★手机竖屏2013★,审核大大辛苦了！<br/>谢谢每一个投蕉的帅哥美女！香蕉没有来个赞也好啊！<br/>视频来自快手等平台，侵权联系删除！,4030,https://www.acfun.cn/v/ac48869145,https://tx-free-imgs.acfun.cn/newUpload/2176158_eb4b69370b8f435aa2b171e72403d356.gif?imageslim,AcFun,周榜,week,hotlist,,2026-09-26 19:17:44
18,mr chu!!好怀念这首歌,,2168,https://www.acfun.cn/v/ac48869375,https://tx-free-imgs.acfun.cn/newUpload/16380981_19592eb83a88429695ee1a0508fc3df0.png?imageslim,AcFun,周榜,week,hotlist,,2026-09-26 19:17:44
19,女妖邪神凶宅索命，最惨主角逆天求生！克系神游《魔女屋中之梦》像素恐怖游戏详细讲述【深夜档】,如何在60天内，让洛夫克拉夫特小说中惨死的倒霉主角逆天改命？这位芬兰作者打造了一部又硬核又忠实的优秀克苏鲁游戏！入住阿卡姆百年凶宅的凡人主角沃尔特·吉尔曼，接连遭到人脸妖鼠，恐怖女巫，不可名状外神的侵袭。白天钻研神秘学知识，梦中游历邪恶异星。他将与密斯卡托尼克大学最强战神亨利·阿米蒂奇教授联手对抗邪神降世！这是一部真正将洛氏“宇宙恐怖”带入到日常，并忠实于原著的游戏，自由度超高且信息量惊人！我将细致地带各位体验这跌宕起伏的60天，看弱小的主角如何起死回生并拯救世界！,1837,https://www.acfun.cn/v/ac48872418,https://tx-free-imgs.acfun.cn/newUpload/817797_2631b7cf26c14c2fbbfb062962a775be.jpeg?imageslim,AcFun,周榜,week,hotlist,,2026-09-26 19:17:44
20,今夜的风悄悄月悄悄~,,3420,https://www.acfun.cn/v/ac48873434,https://tx-free-imgs.acfun.cn/newUpload/23512715_0f364b6606dd467ab9975ffef5af1b29.jpg?imageslim,AcFun,周榜,week,hotlist,,2026-09-26 19:17:44
21,钓鱼佬是真会享受！欢乐八点档-1777,审核大大辛苦了！<br/>免费的香蕉投一下吧，没有那就点个赞吧，这对我来说很重要，谢谢！！！<br/>谢谢每一个投蕉的帅哥美女！你们是我坚持更新的动力！<br/>视频来自快手等平台，侵权联系删除！,4624,https://www.acfun.cn/v/ac48858969,https://tx-free-imgs.acfun.cn/newUpload/2176158_c9d74d926c4c4d709a4b6b7769dffcca.gif?imageslim,AcFun,周榜,week,hotlist,,2026-09-26 19:17:44
22,一波还未平息一波又来侵袭！★手机竖屏2010★,审核大大辛苦了！<br/>谢谢每一个投蕉的帅哥美女！香蕉没有来个赞也好啊！<br/>视频来自快手等平台，侵权联系删除！,4827,https://www.acfun.cn/v/ac48862013,https://tx-free-imgs.acfun.cn/newUpload/2176158_c4802142afc14d50b2cd775e67890cca.gif?imageslim,AcFun,周榜,week,hotlist,,2026-09-26 19:17:44
23,还是少妇会啊！！！★手机竖屏2009★,审核大大辛苦了！<br/>谢谢每一个投蕉的帅哥美女！香蕉没有来个赞也好啊！<br/>视频来自快手等平台，侵权联系删除！,4923,https://www.acfun.cn/v/ac48859515,https://tx-free-imgs.acfun.cn/newUpload/2176158_d4e9e6e30f4446319f9e720adfe35ef9.gif?imageslim,AcFun,周榜,week,hotlist,,2026-09-26 19:17:44
24,拜托了，夫人！★手机竖屏2014★,审核大大辛苦了！<br/>谢谢每一个投蕉的帅哥美女！香蕉没有来个赞也好啊！<br/>视频来自快手等平台，侵权联系删除！,3747,https://www.acfun.cn/v/ac48871493,https://tx-free-imgs.acfun.cn/newUpload/2176158_afaf0913878443b1bc00d636136ffce3.gif?imageslim,AcFun,周榜,week,hotlist,,2026-09-26 19:17:44
25,25年了，回坊天花板小酥肉，还是那个味儿,记忆中的味道，回来了，都回来了……<br/>一口椒麻一口鲜，大口吃肉，配上热腾腾的米饭，绝了。<br/>素三鲜也是无敌的存在！,2600,https://www.acfun.cn/v/ac48865538,https://tx-free-imgs.acfun.cn/newUpload/13765438_9bc4a0abf32a4c1aa3e83c844de84649.jpeg?imageslim,AcFun,周榜,week,hotlist,,2026-09-26 19:17:44
26,【AC娘】琵琶曲,原作者：Kotte Animation<br/>还有瑕疵，看个乐吧,3213,https://www.acfun.cn/v/ac48864492,https://tx-free-imgs.acfun.cn/newUpload/41729435_02cbd995b6d54f508eb21d3cb8621903.jpeg?imageslim,AcFun,周榜,week,hotlist,,2026-09-26 19:17:44
27,和我一起健身吧！！！欢乐八点档-1783,审核大大辛苦了！<br/>免费的香蕉投一下吧，没有那就点个赞吧，这对我来说很重要，谢谢！！！<br/>谢谢每一个投蕉的帅哥美女！你们是我坚持更新的动力！<br/>视频来自快手等平台，侵权联系删除！,3549,https://www.acfun.cn/v/ac48872699,https://tx-free-imgs.acfun.cn/newUpload/2176158_e379c7202d2e43029e07ad17f40cab19.gif?imageslim,AcFun,周榜,week,hotlist,,2026-09-26 19:17:44
28,这样的学姐喜欢吗？欢乐八点档-1782,审核大大辛苦了！<br/>免费的香蕉投一下吧，没有那就点个赞吧，这对我来说很重要，谢谢！！！<br/>谢谢每一个投蕉的帅哥美女！你们是我坚持更新的动力！<br/>视频来自快手等平台，侵权联系删除！,3991,https://www.acfun.cn/v/ac48870057,https://tx-free-imgs.acfun.cn/newUpload/2176158_4c1f3b60f73e451abc443941d47305d8.gif?imageslim,AcFun,周榜,week,hotlist,,2026-09-26 19:17:44
29,北京豆汁会惩罚每一个好奇的人！欢乐八点档-1780,审核大大辛苦了！<br/>免费的香蕉投一下吧，没有那就点个赞吧，这对我来说很重要，谢谢！！！<br/>谢谢每一个投蕉的帅哥美女！你们是我坚持更新的动力！<br/>视频来自快手等平台，侵权联系删除！,4543,https://www.acfun.cn/v/ac48865965,https://tx-free-imgs.acfun.cn/newUpload/2176158_ec83e6fb2ffc4005b41881ac13dbaeca.gif?imageslim,AcFun,周榜,week,hotlist,,2026-09-26 19:17:44
30,拳击好啊，拳击得学！欢乐八点档-1781,审核大大辛苦了！<br/>免费的香蕉投一下吧，没有那就点个赞吧，这对我来说很重要，谢谢！！！<br/>谢谢每一个投蕉的帅哥美女！你们是我坚持更新的动力！<br/>视频来自快手等平台，侵权联系删除！,4255,https://www.acfun.cn/v/ac48868336,https://tx-free-imgs.acfun.cn/newUpload/2176158_3f6c601293a54468bae97f781440217b.gif?imageslim,AcFun,周榜,week,hotlist,,2026-09-26 19:17:44
31,你的拳头真是肥嘟嘟的...,动漫：心灵的声音，作者：赵石【韩国】,2222,https://www.acfun.cn/v/ac48859870,https://tx-free-imgs.acfun.cn/newUpload/509259_2fa91d5206504450be471808d9c93a22.jpeg?imageslim,AcFun,周榜,week,hotlist,,2026-09-26 19:17:44
32,这个一字马技术含量很高啊！欢乐八点档-1778,审核大大辛苦了！<br/>免费的香蕉投一下吧，没有那就点个赞吧，这对我来说很重要，谢谢！！！<br/>谢谢每一个投蕉的帅哥美女！你们是我坚持更新的动力！<br/>视频来自快手等平台，侵权联系删除！,4412,https://www.acfun.cn/v/ac48861225,https://tx-free-imgs.acfun.cn/newUpload/2176158_0824627cb76d40dc99ce9cb12c07e4cc.gif?imageslim,AcFun,周榜,week,hotlist,,2026-09-26 19:17:44
33,网络上常见的热门短视频集锦   第三千四百四十五期,审核大大辛苦了！<br/>谢谢每一个投蕉的帅哥美女！香蕉没有来个赞也好啊！<br/>视频来自快手等平台，侵权联系删除！,4022,https://www.acfun.cn/v/ac48866824,https://tx-free-imgs.acfun.cn/newUpload/2176158_dba921eb42f14c7ba31a1af83bfe71ce.gif?imageslim,AcFun,周榜,week,hotlist,,2026-09-26 19:17:44
34,琵琶曲丨夜神月 VS  L,原曲：琵琶曲,2306,https://www.acfun.cn/v/ac48861693,https://tx-free-imgs.acfun.cn/newUpload/16986934_3bf4dd94910c4845acf851f7f0fdb757.jpeg?imageslim,AcFun,周榜,week,hotlist,,2026-09-26 19:17:44
35,网络上常见的热门短视频集锦   第三千四百四十一期,审核大大辛苦了！<br/>谢谢每一个投蕉的帅哥美女！香蕉没有来个赞也好啊！<br/>视频来自快手等平台，侵权联系删除！,4231,https://www.acfun.cn/v/ac48862019,https://tx-free-imgs.acfun.cn/newUpload/2176158_6e5a88d95f344d92a8d97a57f03ac4b9.gif?imageslim,AcFun,周榜,week,hotlist,,2026-09-26 19:17:44
36,空中瑜伽！！！★手机竖屏2012★,审核大大辛苦了！<br/>谢谢每一个投蕉的帅哥美女！香蕉没有来个赞也好啊！<br/>视频来自快手等平台，侵权联系删除！,4554,https://www.acfun.cn/v/ac48866821,https://tx-free-imgs.acfun.cn/newUpload/2176158_610807af48f5463a891fc9f341c9b16f.gif?imageslim,AcFun,周榜,week,hotlist,,2026-09-26 19:17:44
37,厨师长教你：“鱼香肉丝”的家常做法，酸甜微辣，口感丰富,,2089,https://www.acfun.cn/v/ac48867741,https://tx-free-imgs.acfun.cn/newUpload/13274260_93e68d1098d04ffca2683655a6a404c2.jpeg?imageslim,AcFun,周榜,week,hotlist,,2026-09-26 19:17:44
38,【4K超高清】「JOJO的奇妙冒险 飙马野郎」第2话,,6014,https://www.acfun.cn/v/ac48872740,https://tx-free-imgs.acfun.cn/newUpload/72840608_a526e08904d049d2b38ce5f38bd71e63.jpeg?imageslim,AcFun,周榜,week,hotlist,,2026-09-26 19:17:44
39,一天生产500万个！速冻水饺是如何制造出来的？,,2177,https://www.acfun.cn/v/ac48859253,https://tx-free-imgs.acfun.cn/newUpload/19281632_57f07fe28e24422d948491fd2d43586c.jpeg?imageslim,AcFun,周榜,week,hotlist,,2026-09-26 19:17:44
40,网络上常见的热门短视频集锦   第三千四百三十九期,审核大大辛苦了！<br/>谢谢每一个投蕉的帅哥美女！香蕉没有来个赞也好啊！<br/>视频来自快手等平台，侵权联系删除！,4063,https://www.acfun.cn/v/ac48859518,https://tx-free-imgs.acfun.cn/newUpload/2176158_13f61f1aa39c4732bdaeed87fe0e28a4.gif?imageslim,AcFun,周榜,week,hotlist,,2026-09-26 19:17:44
41,【锅锅x怀瑜x阔落】千里邀月——共饮此杯赏此月，夜好眠,中秋到了，和姐妹们合唱了千里邀月~~<br/>乐：可乐祝大家身体健康，永不加班，月圆人团圆<br/>鱼：怀瑜愿诸位财源广进，常能摸鱼，花好月更圆<br/>锅：锅锅祝大家桂香满锅，早归赏月，饼甜心更甜<br/>祝大家中秋快乐~,1926,https://www.acfun.cn/v/ac48871580,https://tx-free-imgs.acfun.cn/newUpload/67206930_e47be8dbac2546e1b5a4a831e71dabe4.jpeg?imageslim,AcFun,周榜,week,hotlist,,2026-09-26 19:17:44
42,今天你不能嫁出去【今天有什么好笑的 #2514】,：)，谢谢大家，祝你们开心。<br/>wallpaper壁纸：Fading Astronaut 5K (update)<br/>BGM：I Want It That Way,2946,https://www.acfun.cn/v/ac48865864,https://tx-free-imgs.acfun.cn/newUpload/383079_ee4f5f7badf74f05a2ef6c691387f327.gif?imageslim,AcFun,周榜,week,hotlist,,2026-09-26 19:17:44
43,短裙挑战！超长翻跳一次看个够~【生日作】,,2102,https://www.acfun.cn/v/ac48872675,https://tx-free-imgs.acfun.cn/newUpload/32485245_415db634556140d1841e2ebb4c0d9371.jpeg?imageslim,AcFun,周榜,week,hotlist,,2026-09-26 19:17:44
44,现在电脑不好卖了，以后我们出租AI机器人吧,,2785,https://www.acfun.cn/v/ac48867767,https://tx-free-imgs.acfun.cn/newUpload/17928_c684f06231604145b533a0f00627c624.png?imageslim,AcFun,周榜,week,hotlist,,2026-09-26 19:17:44
45,嘴角压不住了【今天有什么好笑的 #2515】,：），谢谢大家的投蕉和点赞，祝你开心愉快~<br/>wallpaper壁纸：Genshin 神里绫华<br/>BGM：Wake me up when september ends,2469,https://www.acfun.cn/v/ac48868130,https://tx-free-imgs.acfun.cn/newUpload/383079_ef65121591434d2b86d53db1622776cd.gif?imageslim,AcFun,周榜,week,hotlist,,2026-09-26 19:17:44
46,【东方】推特东方小视频选集 第272期,睡觉睡觉睡觉睡觉睡觉睡觉睡觉睡觉睡觉睡觉……,1422,https://www.acfun.cn/v/ac48858830,https://tx-free-imgs.acfun.cn/newUpload/6102_5a13d6efeec742ff84c512206aaeb7b0.jpeg?imageslim,AcFun,周榜,week,hotlist,,2026-09-26 19:17:44
47,甜妹来袭！,,2176,https://www.acfun.cn/v/ac48863947,https://tx-free-imgs.acfun.cn/newUpload/12439728_1fd5a3c6e60241a1a1cd8f89dbede769.png?imageslim,AcFun,周榜,week,hotlist,,2026-09-26 19:17:44
48,网络上常见的热门短视频集锦   第三千四百四十三期,审核大大辛苦了！<br/>谢谢每一个投蕉的帅哥美女！香蕉没有来个赞也好啊！<br/>视频来自快手等平台，侵权联系删除！,3705,https://www.acfun.cn/v/ac48864363,https://tx-free-imgs.acfun.cn/newUpload/2176158_dfef22dbf6934a15a594e5766b8680ca.gif?imageslim,AcFun,周榜,week,hotlist,,2026-09-26 19:17:44
49,姛姛？！蝴蝶耳机Manget中文翻唱【箐羽Hane】x【缇若柯Teivoc】,“是否你确实表里如一淡然，还是说你——并不似我贪婪？”<br/>《Manget》磁石 / 蝴蝶耳机 - 中文翻唱<br/>原作作曲 / 流星P<br/>曲绘&翻唱 / 箐羽hane & 缇若柯Teivoc<br/>中文填词 / 果汁凉菜<br/>混音 / 风尘<br/>和笋笋一起唱了我们二次元姛神曲！曲绘也是我和笋笋每个人负责了自己的部分最后再拼到一起的！真好！( *^ ^)o(^ ^* )希望大家也能喜欢！,1694,https://www.acfun.cn/v/ac48869340,https://tx-free-imgs.acfun.cn/newUpload/67511609_d868cdbd6b1849e8958696cdc9db1493.jpeg?imageslim,AcFun,周榜,week,hotlist,,2026-09-26 19:17:44
50,网络上常见的热门短视频集锦   第三千四百四十四期,审核大大辛苦了！<br/>谢谢每一个投蕉的帅哥美女！香蕉没有来个赞也好啊！<br/>视频来自快手等平台，侵权联系删除！,3595,https://www.acfun.cn/v/ac48865021,https://tx-free-imgs.acfun.cn/newUpload/2176158_663463f1e6004dc2b4dea153d1e60c05.gif?imageslim,AcFun,周榜,week,hotlist,,2026-09-26 19:17:44
