index,title,desc,hot,url,image,source,type,ranking_id,surface,published_at,datetime
1,《野生动物迷惑行为》,喜欢请投蕉啊   谢谢啦！,2463,https://www.acfun.cn/v/ac48868360,https://tx-free-imgs.acfun.cn/newUpload/1342385_3fab348c538e4c0fa001871a708fe302.jpeg?imageslim,AcFun,日榜,day,hotlist,,2026-09-25 00:25:10
2,mr chu!!好怀念这首歌,,1905,https://www.acfun.cn/v/ac48869375,https://tx-free-imgs.acfun.cn/newUpload/16380981_19592eb83a88429695ee1a0508fc3df0.png?imageslim,AcFun,日榜,day,hotlist,,2026-09-25 00:25:10
3,我真的是来吃饭的！★手机竖屏2013★,审核大大辛苦了！<br/>谢谢每一个投蕉的帅哥美女！香蕉没有来个赞也好啊！<br/>视频来自快手等平台，侵权联系删除！,3091,https://www.acfun.cn/v/ac48869145,https://tx-free-imgs.acfun.cn/newUpload/2176158_eb4b69370b8f435aa2b171e72403d356.gif?imageslim,AcFun,日榜,day,hotlist,,2026-09-25 00:25:10
4,因为害怕被讨厌 所以把自己藏起来了,,1582,https://www.acfun.cn/v/ac48871331,https://tx-free-imgs.acfun.cn/newUpload/11361784_3d4bd69b46f541e184c2922c24f09276.jpg?imageslim,AcFun,日榜,day,hotlist,,2026-09-25 00:25:10
5,姛姛？！蝴蝶耳机Manget中文翻唱【箐羽Hane】x【缇若柯Teivoc】,“是否你确实表里如一淡然，还是说你——并不似我贪婪？”<br/>《Manget》磁石 / 蝴蝶耳机 - 中文翻唱<br/>原作作曲 / 流星P<br/>曲绘&翻唱 / 箐羽hane & 缇若柯Teivoc<br/>中文填词 / 果汁凉菜<br/>混音 / 风尘<br/>和笋笋一起唱了我们二次元姛神曲！曲绘也是我和笋笋每个人负责了自己的部分最后再拼到一起的！真好！( *^ ^)o(^ ^* )希望大家也能喜欢！,1263,https://www.acfun.cn/v/ac48869340,https://tx-free-imgs.acfun.cn/newUpload/67511609_d868cdbd6b1849e8958696cdc9db1493.jpeg?imageslim,AcFun,日榜,day,hotlist,,2026-09-25 00:25:10
6,这样的学姐喜欢吗？欢乐八点档-1782,审核大大辛苦了！<br/>免费的香蕉投一下吧，没有那就点个赞吧，这对我来说很重要，谢谢！！！<br/>谢谢每一个投蕉的帅哥美女！你们是我坚持更新的动力！<br/>视频来自快手等平台，侵权联系删除！,1840,https://www.acfun.cn/v/ac48870057,https://tx-free-imgs.acfun.cn/newUpload/2176158_4c1f3b60f73e451abc443941d47305d8.gif?imageslim,AcFun,日榜,day,hotlist,,2026-09-25 00:25:10
7,网络上常见的热门短视频集锦   第三千四百四十八期,审核大大辛苦了！<br/>谢谢每一个投蕉的帅哥美女！香蕉没有来个赞也好啊！<br/>视频来自快手等平台，侵权联系删除！,2481,https://www.acfun.cn/v/ac48870020,https://tx-free-imgs.acfun.cn/newUpload/2176158_d65e54f4e9ee489b86b6fc28c31c84ee.gif?imageslim,AcFun,日榜,day,hotlist,,2026-09-25 00:25:10
8,网络上常见的热门短视频集锦   第三千四百四十七期,审核大大辛苦了！<br/>谢谢每一个投蕉的帅哥美女！香蕉没有来个赞也好啊！<br/>视频来自快手等平台，侵权联系删除！,2447,https://www.acfun.cn/v/ac48869149,https://tx-free-imgs.acfun.cn/newUpload/2176158_fdf9afe2e00a4a1aa62415c846776eaf.gif?imageslim,AcFun,日榜,day,hotlist,,2026-09-25 00:25:10
9,奥迪“宫斗”十年大结局？一汽拿四环，上汽拿AUDI,一汽奥迪和上汽奥迪“宫斗”了十年，终于要划下句号了？,1263,https://www.acfun.cn/v/ac48870981,https://tx-free-imgs.acfun.cn/newUpload/13630266_3fde785be5a2411495618f67d01ab66a.jpeg?imageslim,AcFun,日榜,day,hotlist,,2026-09-25 00:25:10
10,老板直聘（89）,,1333,https://www.acfun.cn/v/ac48868552,https://tx-free-imgs.acfun.cn/newUpload/74706824_db2c7ba15c5d4aa18872db6b0763b7ca.jpeg?imageslim,AcFun,日榜,day,hotlist,,2026-09-25 00:25:10
11,发个friend圈,,1217,https://www.acfun.cn/v/ac48863958,https://tx-free-imgs.acfun.cn/newUpload/12439728_b44cb67ae45a4c179b08227368f4159c.png?imageslim,AcFun,日榜,day,hotlist,,2026-09-25 00:25:10
12,我要冲会员【今天有什么好笑的 #2516】,：），谢谢大家的投蕉和点赞，祝你开心愉快~<br/>wallpaper壁纸：Reze | Chainsaw Man<br/>BGM：Nicoleta Matei - Love mail<br/>,1681,https://www.acfun.cn/v/ac48870763,https://tx-free-imgs.acfun.cn/newUpload/383079_47b0fc3f458042f5bd3717967e55c598.gif?imageslim,AcFun,日榜,day,hotlist,,2026-09-25 00:25:10
13,【东方】QUEEN【蕾米莉亚 Miy Ver. MMD】,作者：やくも<br/><br/>楽曲:Kanaria 様→https://www.nicovideo.jp/watch/sm4088...<br/>振付:AKIRA様<br/>モーション:P-nez 様→https://www.nicovideo.jp/watch/sm4350...<br/>カメラ:Mizuha様→https://www.nicovideo.jp/watch/sm4353...<br/>モデル:MIy様<br/>ステージ:栗ごはん様<br/>アクセサリ:アスカ様,781,https://www.acfun.cn/v/ac48870080,https://tx-free-imgs.acfun.cn/newUpload/6102_6a4dce20c9b74fa0bbdff3ccc0a73c5d.png?imageslim,AcFun,日榜,day,hotlist,,2026-09-25 00:25:10
14,【无字幕】《JOJO的奇妙冒险 飙马野郎 》Part 2 NCOP「SPIN」,,665,https://www.acfun.cn/v/ac48869632,https://tx-free-imgs.acfun.cn/newUpload/30501027_aae616c323af422bb4da842c191d69ce.png?imageslim,AcFun,日榜,day,hotlist,,2026-09-25 00:25:10
15,沦陷️,歌曲舞蹈：沦陷dj版-星奇摇   动作有改编,1184,https://www.acfun.cn/v/ac48869381,https://tx-free-imgs.acfun.cn/newUpload/12229455_aacf9da97a0940ad8e5f0b509d9cc159.jpeg?imageslim,AcFun,日榜,day,hotlist,,2026-09-25 00:25:10
16,【AI】今晚的期待,Comfyui,1169,https://www.acfun.cn/v/ac48870865,https://tx-free-imgs.acfun.cn/newUpload/14047168_02bac6c1158f4e108536124c7239e472.jpeg?imageslim,AcFun,日榜,day,hotlist,,2026-09-25 00:25:10
17,在英国差点被上门诈骗,可能看到我一人在家，就大胆敲门了，还好平常也会注意周边邻居，没发生什么事儿，这个金额就算被骗也不会报警，以后还是要小心一些了。#英国日常#vlog,1151,https://www.acfun.cn/v/ac48869505,https://tx-free-imgs.acfun.cn/newUpload/43181603_1c8c6c487a864d098b5e7e7bf2a12c6a.jpg?imageslim,AcFun,日榜,day,hotlist,,2026-09-25 00:25:10
18,【AI】小妈裙~chocolate cream,Comfyui,1154,https://www.acfun.cn/v/ac48870861,https://tx-free-imgs.acfun.cn/newUpload/14047168_efd2bae7c6184b3b89e82abfaadf0fb3.jpeg?imageslim,AcFun,日榜,day,hotlist,,2026-09-25 00:25:10
19,坚持跳舞8年改变了什么？《千里邀月》2018vs2026【紫嘉儿】,中秋快乐！没想到8年前的编舞每年这个时候都有很多翻跳，一起用舞蹈记录下美好时光吧！,1059,https://www.acfun.cn/v/ac48870585,https://tx-free-imgs.acfun.cn/newUpload/1161851_851c52555ace464f98231f30a167eedd.png?imageslim,AcFun,日榜,day,hotlist,,2026-09-25 00:25:10
20,好像只能礼貌的问候~,,1041,https://www.acfun.cn/v/ac48871365,https://tx-free-imgs.acfun.cn/newUpload/43459034_4572f98756df48b0bc9c323cdc49a8d2.jpg?imageslim,AcFun,日榜,day,hotlist,,2026-09-25 00:25:10
21,一场70年代的直播装柜记录《魔鬼深夜秀》,献给我1520个粉丝宝子们,1094,https://www.acfun.cn/v/ac48869492,https://tx-free-imgs.acfun.cn/newUpload/4603390_e920fb8cb01c48f6b81dfe49f9bdbdf6.jpeg?imageslim,AcFun,日榜,day,hotlist,,2026-09-25 00:25:10
22,【绝望女神/翻唱】【星际牛仔ED The Real Folk Blues】,想听啥情继续评论回复~,594,https://www.acfun.cn/v/ac48871323,https://tx-free-imgs.acfun.cn/newUpload/20705199_0be8deafcbb34bdb9f17523c5bc95087.jpeg?imageslim,AcFun,日榜,day,hotlist,,2026-09-25 00:25:10
23,少女机甲+空投轰炸？是什么神仙组合？,到底是一款什么样的机甲游戏，上线快3年还保持着特别好评？虽然是机甲美少女的设定，但是操作的是厚重质感的硬核机甲，这种硬核操作的感觉让人越玩越上头，今天来跟大家聊聊这款游戏《铁骑少女》。<br/>最近我一直期待的第三个DLC金盏花也是要上线了，这次DLC的核心新玩法，就是机甲“搜打撤”的模式。和本体死守基地的玩法不一样，这次整体的游玩思路都变了~,1037,https://www.acfun.cn/v/ac48871337,https://tx-free-imgs.acfun.cn/newUpload/61352468_77bf0ab03cd34fefa1d5530aca003edb.jpeg?imageslim,AcFun,日榜,day,hotlist,,2026-09-25 00:25:10
24,【翻唱】鬼ノ宴,本家様<br/>友成空様<br/>【鬼ノ宴】<br/>•友成空(TOMONARI SORA) -   鬼ノ宴   ［Lyric Video］<br/>https://www.youtube.com/watch?v=NFzyrPK9rtM,911,https://www.acfun.cn/v/ac48871180,https://tx-free-imgs.acfun.cn/newUpload/10144864_a75eddb97ea048b59fef6aaea5d4478f.jpeg?imageslim,AcFun,日榜,day,hotlist,,2026-09-25 00:25:10
25,记录2023年6月份在台上开心的表演lamb的我,,1072,https://www.acfun.cn/v/ac48871344,https://tx-free-imgs.acfun.cn/newUpload/16380981_00755d93042647bcb6f29a19da53e590.png?imageslim,AcFun,日榜,day,hotlist,,2026-09-25 00:25:10
26,T-ARA So Crazy,,1252,https://www.acfun.cn/v/ac48869387,https://tx-free-imgs.acfun.cn/newUpload/795184_e0ad411d1b844c569dc376c0b45f763c.jpeg?imageslim,AcFun,日榜,day,hotlist,,2026-09-25 00:25:10
27,【黒碳】ライトダンス - サカナクション【生日作】【翻唱】,本家:サカナクション ; 翻唱: 黒碳Kurotan; 后期: 黒碳Kurotan; 曲绘: 黒碳Kurotan; PV: 黒碳Kurotan以及十分牛杯的網站：https://pv.pixjam.cn/ 背景是用這個做的!! 狠狠趕工終於做完了 好感動,1028,https://www.acfun.cn/v/ac48869560,https://tx-free-imgs.acfun.cn/newUpload/13707663_f611642aa87b4dab9a8d8a6beb7ace77.jpeg?imageslim,AcFun,日榜,day,hotlist,,2026-09-25 00:25:10
28,吃！给我吃！【鬼ノ宴翻唱】,,1035,https://www.acfun.cn/v/ac48871186,https://tx-free-imgs.acfun.cn/newUpload/10144864_ee78f4d0678d414f9ce18c29231cf17a.jpeg?imageslim,AcFun,日榜,day,hotlist,,2026-09-25 00:25:10
29,BR66型蒸汽机车 trix越来越垃圾了！尤其是垃圾会员车，一个比一个烂！这一次终于拉了一坨更大的！,,613,https://www.acfun.cn/v/ac48871197,https://tx-free-imgs.acfun.cn/newUpload/66128753_8563c2ab24aa4a2289e52500bc42f1f1.png?imageslim,AcFun,日榜,day,hotlist,,2026-09-25 00:25:10
30,"长手打短手？2万分王者局！快速看完一局韩服王者斗殴局#836 十三day, Eclipse,","长手打短手？2万分王者局！快速看完一局韩服王者斗殴局#836 十三day, Eclipse, 0909, Lelitz, 1Jiang <br/>BGM:https://music.163.com/playlist?id=650818240&userid=30476594",1117,https://www.acfun.cn/v/ac48863751,https://tx-free-imgs.acfun.cn/newUpload/1378726_792b017ff72e4ed49b05fe8e1e24f6e4.jpeg?imageslim,AcFun,日榜,day,hotlist,,2026-09-25 00:25:10
31,下班后跳一段恋爱的条件～,,759,https://www.acfun.cn/v/ac48871308,https://tx-free-imgs.acfun.cn/newUpload/43459034_9aa96c2a93884a3891b73b05298d8521.jpg?imageslim,AcFun,日榜,day,hotlist,,2026-09-25 00:25:10
32,AOA-猫步轻俏,,1144,https://www.acfun.cn/v/ac48869298,https://tx-free-imgs.acfun.cn/newUpload/795184_6cc9a8a9e54144c3b69380546963be9b.jpeg?imageslim,AcFun,日榜,day,hotlist,,2026-09-25 00:25:10
33,如果是机器人女友，怎么哄男朋友呢？！,,1118,https://www.acfun.cn/v/ac48870116,https://tx-free-imgs.acfun.cn/newUpload/17928_330fc95b89c04eda831570be0a48cb0e.png?imageslim,AcFun,日榜,day,hotlist,,2026-09-25 00:25:10
34,【AI】山间竹林仙子,Comfyui,1033,https://www.acfun.cn/v/ac48870853,https://tx-free-imgs.acfun.cn/newUpload/14047168_20afdd6955bd44a9a04b0629aecb5ad1.jpeg?imageslim,AcFun,日榜,day,hotlist,,2026-09-25 00:25:10
35,偶遇杀手莲子,,1071,https://www.acfun.cn/v/ac48869299,https://tx-free-imgs.acfun.cn/newUpload/71220423_889894cc6b094cc9b583de3b2598cd68.jpeg?imageslim,AcFun,日榜,day,hotlist,,2026-09-25 00:25:10
36,绿梦：时空之声公测定档！公测版本全面优化！,绿梦：时空之声公测定档！公测版本全面优化！,1089,https://www.acfun.cn/v/ac48871268,https://tx-free-imgs.acfun.cn/newUpload/63104383_33b9de6d951a4ca0b5a7b9dfc2fc748e.gif?imageslim,AcFun,日榜,day,hotlist,,2026-09-25 00:25:10
37,绝顶性感黑丝恋爱的条件舞蹈翻跳,,1227,https://www.acfun.cn/v/ac48869441,https://tx-free-imgs.acfun.cn/newUpload/28629507_d2a69d82115e4fd395dffc8ca7572bab.png?imageslim,AcFun,日榜,day,hotlist,,2026-09-25 00:25:10
38,你迟早会背叛我的,,1292,https://www.acfun.cn/v/ac48869570,https://tx-free-imgs.acfun.cn/newUpload/2742252_1977688b66b746918c3e25dd4f72a7b1.jpg?imageslim,AcFun,日榜,day,hotlist,,2026-09-25 00:25:10
39,上线才半年，腾讯养的“龙虾”QClaw，官宣停运了！,,1072,https://www.acfun.cn/v/ac48871074,https://tx-free-imgs.acfun.cn/newUpload/17928_22da7d70ed6749f690e735b0f098a800.png?imageslim,AcFun,日榜,day,hotlist,,2026-09-25 00:25:10
40,绝顶性感黑丝excuse me｜舞蹈翻跳,,1230,https://www.acfun.cn/v/ac48869434,https://tx-free-imgs.acfun.cn/newUpload/28629507_80511010e6064ac08a071f5a8974e84b.png?imageslim,AcFun,日榜,day,hotlist,,2026-09-25 00:25:10
41,22.称霸水下四亿年，人类最古老的远房祖先：硬骨鱼总纲,22.称霸水下四亿年，人类最古老的远房祖先：硬骨鱼总纲,620,https://www.acfun.cn/v/ac48871354,https://tx-free-imgs.acfun.cn/newUpload/28933912_40dcb39f039045868ae364582e4a1797.jpeg?imageslim,AcFun,日榜,day,hotlist,,2026-09-25 00:25:10
42,这套皮肤真的很喜欢,,557,https://www.acfun.cn/v/ac48871657,https://tx-free-imgs.acfun.cn/newUpload/16380981_ac9640e59a3a42e093fcee0a0b81d474.jpg?imageslim,AcFun,日榜,day,hotlist,,2026-09-25 00:25:10
43,飒！BABYMONSTER CHIQUITA小姐姐跳《Worth It》,-v -好不好看呢,1036,https://www.acfun.cn/v/ac48870427,https://tx-free-imgs.acfun.cn/newUpload/199029_44d3343f2e3742c780253ef0f9df1a6b.png?imageslim,AcFun,日榜,day,hotlist,,2026-09-25 00:25:10
44,【雀魂汪汪录】第402期 牌没有问题，你们打吧,BGM可以通过网易云搜索【雀魂汪汪录BGM】就可以找到啦！<br/><br/>雀魂汪汪录 周四中午见<br/><br/>微博 @雀魂麻将majsoul<br/><br/>——————————————————————————<br/><br/>想要投稿的玩家~务必请通过邮箱来进行投稿~【请不要在评论区或是私信投稿，谢谢】<br/><br/>邮箱地址：tg@maj-soul.com<br/><br/>投稿最少需要注明【局目、内容、牌谱链接】哦！,811,https://www.acfun.cn/v/ac48868870,https://tx-free-imgs.acfun.cn/newUpload/14265704_e978d1ceac98487a9e811f09bc2d943f.jpeg?imageslim,AcFun,日榜,day,hotlist,,2026-09-25 00:25:10
45,重制版 2026年还有人看重制版吗？魔兽争霸xiaoy解说浪漫 kaho,,808,https://www.acfun.cn/v/ac48869843,https://tx-free-imgs.acfun.cn/newUpload/37584199_8b81592540634f919b6c685d31aa555c.jpeg?imageslim,AcFun,日榜,day,hotlist,,2026-09-25 00:25:10
46,【钢铁指挥官】新兵种百夫长登场，船长周常夺冠,独立游戏制作人、前电竞选手船长的钢铁指挥官第一视角比赛视频，每期都是夺冠战绩。欢迎小伙伴们加群对船长惨无人道的围观35515694、313228504,390,https://www.acfun.cn/v/ac48869383,https://tx-free-imgs.acfun.cn/newUpload/1408738_0bc66e195e4d4a16bc32445ba9e6e458.jpeg?imageslim,AcFun,日榜,day,hotlist,,2026-09-25 00:25:10
47,社畜身份不是你精致生活的角色扮演,,403,https://www.acfun.cn/v/ac48871467,https://tx-free-imgs.acfun.cn/newUpload/14013875_ec82a37907ff4565a6f6f6d916bd7117.png?imageslim,AcFun,日榜,day,hotlist,,2026-09-25 00:25:10
48,【小腐】暧昧回避,夕阳下起舞吧,335,https://www.acfun.cn/v/ac48869652,https://tx-free-imgs.acfun.cn/newUpload/13893173_aae9f2e333b24238961905e095f6c60c.png?imageslim,AcFun,日榜,day,hotlist,,2026-09-25 00:25:10
49,美女服务,,1243,https://www.acfun.cn/v/ac48869621,https://tx-free-imgs.acfun.cn/newUpload/2742252_02804d4219da48d19ddd15d99950021c.jpg?imageslim,AcFun,日榜,day,hotlist,,2026-09-25 00:25:10
50,三角洲行动：威力巨大的巴雷特狙击步枪，一枪毙命就是爽,反器材不行，还是来反步兵吧。,374,https://www.acfun.cn/v/ac48869561,https://tx-free-imgs.acfun.cn/newUpload/11602352_67012a71c8e64cb59ea80b622bb985f2.jpeg?imageslim,AcFun,日榜,day,hotlist,,2026-09-25 00:25:10
1,是谁点的小恶魔，蕉出来～,,4773,https://www.acfun.cn/v/ac48867778,https://tx-free-imgs.acfun.cn/newUpload/17062172_6098fee67d1748e0ab5dab3b5665736c.jpg?imageslim,AcFun,三日榜,three-days,hotlist,,2026-09-25 00:25:10
2,【绘图过程】《海边》6周年纪念插图过程,6周年纪念插图挂画（预售）、沙滩巾（预售），阿宝已上架,3214,https://www.acfun.cn/v/ac48836990,https://tx-free-imgs.acfun.cn/newUpload/179922_9f95aba039e84f3594c3947b3c8fdd58.jpeg?imageslim,AcFun,三日榜,three-days,hotlist,,2026-09-25 00:25:10
3,还是少妇会的多啊！★手机竖屏2011★,审核大大辛苦了！<br/>谢谢每一个投蕉的帅哥美女！香蕉没有来个赞也好啊！<br/>视频来自快手等平台，侵权联系删除！,5034,https://www.acfun.cn/v/ac48864360,https://tx-free-imgs.acfun.cn/newUpload/2176158_3d4f199fd93640468e543b9ee25ac4c0.gif?imageslim,AcFun,三日榜,three-days,hotlist,,2026-09-25 00:25:10
4,漫威金刚狼深陷争议！SweetBaby又毁一款？【绅批】,这算是DEI的历史遗留问题了，所有现在已经从sweetbaby离职的人，只要参与过游戏制作也会被署名（比如桥本和真）,2683,https://www.acfun.cn/v/ac48868810,https://tx-free-imgs.acfun.cn/newUpload/526850_ca1da1572b1d494a93e2f6bab46cf76b.jpeg?imageslim,AcFun,三日榜,three-days,hotlist,,2026-09-25 00:25:10
5,【AC娘】琵琶曲,原作者：Kotte Animation<br/>还有瑕疵，看个乐吧,3044,https://www.acfun.cn/v/ac48864492,https://tx-free-imgs.acfun.cn/newUpload/41729435_02cbd995b6d54f508eb21d3cb8621903.jpeg?imageslim,AcFun,三日榜,three-days,hotlist,,2026-09-25 00:25:10
6,《野生动物迷惑行为》,喜欢请投蕉啊   谢谢啦！,2463,https://www.acfun.cn/v/ac48868360,https://tx-free-imgs.acfun.cn/newUpload/1342385_3fab348c538e4c0fa001871a708fe302.jpeg?imageslim,AcFun,三日榜,three-days,hotlist,,2026-09-25 00:25:10
7,mr chu!!好怀念这首歌,,1905,https://www.acfun.cn/v/ac48869375,https://tx-free-imgs.acfun.cn/newUpload/16380981_19592eb83a88429695ee1a0508fc3df0.png?imageslim,AcFun,三日榜,three-days,hotlist,,2026-09-25 00:25:10
8,25年了，回坊天花板小酥肉，还是那个味儿,记忆中的味道，回来了，都回来了……<br/>一口椒麻一口鲜，大口吃肉，配上热腾腾的米饭，绝了。<br/>素三鲜也是无敌的存在！,2479,https://www.acfun.cn/v/ac48865538,https://tx-free-imgs.acfun.cn/newUpload/13765438_9bc4a0abf32a4c1aa3e83c844de84649.jpeg?imageslim,AcFun,三日榜,three-days,hotlist,,2026-09-25 00:25:10
9,拳击好啊，拳击得学！欢乐八点档-1781,审核大大辛苦了！<br/>免费的香蕉投一下吧，没有那就点个赞吧，这对我来说很重要，谢谢！！！<br/>谢谢每一个投蕉的帅哥美女！你们是我坚持更新的动力！<br/>视频来自快手等平台，侵权联系删除！,3877,https://www.acfun.cn/v/ac48868336,https://tx-free-imgs.acfun.cn/newUpload/2176158_3f6c601293a54468bae97f781440217b.gif?imageslim,AcFun,三日榜,three-days,hotlist,,2026-09-25 00:25:10
10,北京豆汁会惩罚每一个好奇的人！欢乐八点档-1780,审核大大辛苦了！<br/>免费的香蕉投一下吧，没有那就点个赞吧，这对我来说很重要，谢谢！！！<br/>谢谢每一个投蕉的帅哥美女！你们是我坚持更新的动力！<br/>视频来自快手等平台，侵权联系删除！,4324,https://www.acfun.cn/v/ac48865965,https://tx-free-imgs.acfun.cn/newUpload/2176158_ec83e6fb2ffc4005b41881ac13dbaeca.gif?imageslim,AcFun,三日榜,three-days,hotlist,,2026-09-25 00:25:10
11,网络上常见的热门短视频集锦   第三千四百四十五期,审核大大辛苦了！<br/>谢谢每一个投蕉的帅哥美女！香蕉没有来个赞也好啊！<br/>视频来自快手等平台，侵权联系删除！,3769,https://www.acfun.cn/v/ac48866824,https://tx-free-imgs.acfun.cn/newUpload/2176158_dba921eb42f14c7ba31a1af83bfe71ce.gif?imageslim,AcFun,三日榜,three-days,hotlist,,2026-09-25 00:25:10
12,厨师长教你：“鱼香肉丝”的家常做法，酸甜微辣，口感丰富,,1934,https://www.acfun.cn/v/ac48867741,https://tx-free-imgs.acfun.cn/newUpload/13274260_93e68d1098d04ffca2683655a6a404c2.jpeg?imageslim,AcFun,三日榜,three-days,hotlist,,2026-09-25 00:25:10
13,空中瑜伽！！！★手机竖屏2012★,审核大大辛苦了！<br/>谢谢每一个投蕉的帅哥美女！香蕉没有来个赞也好啊！<br/>视频来自快手等平台，侵权联系删除！,4258,https://www.acfun.cn/v/ac48866821,https://tx-free-imgs.acfun.cn/newUpload/2176158_610807af48f5463a891fc9f341c9b16f.gif?imageslim,AcFun,三日榜,three-days,hotlist,,2026-09-25 00:25:10
14,今天你不能嫁出去【今天有什么好笑的 #2514】,：)，谢谢大家，祝你们开心。<br/>wallpaper壁纸：Fading Astronaut 5K (update)<br/>BGM：I Want It That Way,2824,https://www.acfun.cn/v/ac48865864,https://tx-free-imgs.acfun.cn/newUpload/383079_ee4f5f7badf74f05a2ef6c691387f327.gif?imageslim,AcFun,三日榜,three-days,hotlist,,2026-09-25 00:25:10
15,网络上常见的热门短视频集锦   第三千四百四十三期,审核大大辛苦了！<br/>谢谢每一个投蕉的帅哥美女！香蕉没有来个赞也好啊！<br/>视频来自快手等平台，侵权联系删除！,3545,https://www.acfun.cn/v/ac48864363,https://tx-free-imgs.acfun.cn/newUpload/2176158_dfef22dbf6934a15a594e5766b8680ca.gif?imageslim,AcFun,三日榜,three-days,hotlist,,2026-09-25 00:25:10
16,网络上常见的热门短视频集锦   第三千四百四十四期,审核大大辛苦了！<br/>谢谢每一个投蕉的帅哥美女！香蕉没有来个赞也好啊！<br/>视频来自快手等平台，侵权联系删除！,3474,https://www.acfun.cn/v/ac48865021,https://tx-free-imgs.acfun.cn/newUpload/2176158_663463f1e6004dc2b4dea153d1e60c05.gif?imageslim,AcFun,三日榜,three-days,hotlist,,2026-09-25 00:25:10
17,嘴角压不住了【今天有什么好笑的 #2515】,：），谢谢大家的投蕉和点赞，祝你开心愉快~<br/>wallpaper壁纸：Genshin 神里绫华<br/>BGM：Wake me up when september ends,2313,https://www.acfun.cn/v/ac48868130,https://tx-free-imgs.acfun.cn/newUpload/383079_ef65121591434d2b86d53db1622776cd.gif?imageslim,AcFun,三日榜,three-days,hotlist,,2026-09-25 00:25:10
18,不看血亏1000灵玉！雨龙版本末期注意事项！,绿男这个逼还是太敬业了,1815,https://www.acfun.cn/v/ac48857875,https://tx-free-imgs.acfun.cn/newUpload/247671_14f9d45144104ca1ac23a252f4e0a164.jpeg?imageslim,AcFun,三日榜,three-days,hotlist,,2026-09-25 00:25:10
19,粉丝让我录的，不理解但照做！！！,怪哦~,1971,https://www.acfun.cn/v/ac48866011,https://tx-free-imgs.acfun.cn/newUpload/210705_6db288d8849d4e408bbee41ce9116989.jpeg?imageslim,AcFun,三日榜,three-days,hotlist,,2026-09-25 00:25:10
20,我真的是来吃饭的！★手机竖屏2013★,审核大大辛苦了！<br/>谢谢每一个投蕉的帅哥美女！香蕉没有来个赞也好啊！<br/>视频来自快手等平台，侵权联系删除！,3091,https://www.acfun.cn/v/ac48869145,https://tx-free-imgs.acfun.cn/newUpload/2176158_eb4b69370b8f435aa2b171e72403d356.gif?imageslim,AcFun,三日榜,three-days,hotlist,,2026-09-25 00:25:10
21,网络上常见的热门短视频集锦   第三千四百四十六期,审核大大辛苦了！<br/>谢谢每一个投蕉的帅哥美女！香蕉没有来个赞也好啊！<br/>视频来自快手等平台，侵权联系删除！,3512,https://www.acfun.cn/v/ac48867732,https://tx-free-imgs.acfun.cn/newUpload/2176158_2ec1d99da19a48e0a8e4ff2a2447e612.gif?imageslim,AcFun,三日榜,three-days,hotlist,,2026-09-25 00:25:10
22,双手合十萨瓦迪卡！,,1763,https://www.acfun.cn/v/ac48863951,https://tx-free-imgs.acfun.cn/newUpload/12439728_638a29114abf4b0bafda38c61f497df1.png?imageslim,AcFun,三日榜,three-days,hotlist,,2026-09-25 00:25:10
23,昆汀力荐！这部复仇老片，竟是杀死比尔的人物原型来源,,1612,https://www.acfun.cn/v/ac48865483,https://tx-free-imgs.acfun.cn/newUpload/8042365_d9ae5a725d8848abb4b488acbf483611.jpeg?imageslim,AcFun,三日榜,three-days,hotlist,,2026-09-25 00:25:10
24,人鱼的眼泪,歌曲舞蹈：爱乐之城-人鱼的眼泪,1492,https://www.acfun.cn/v/ac48867050,https://tx-free-imgs.acfun.cn/newUpload/12229455_130b1f041e6741dab4f6295ee27d927e.jpeg?imageslim,AcFun,三日榜,three-days,hotlist,,2026-09-25 00:25:10
25,常州新开巴西烤肉自助，100块钱值得吗？,这是我目前为止，去过的第二家巴西烤肉自助，团购优惠的情况下，花了94元。正常价格在95~110不等<br/><br/>简单带大家看下菜品，除了取餐台这么些，各种牛肉制品、大串烧烤都是循环上桌，大家觉得这么些菜式花样，100块钱左右你们觉得贵还是便宜啊，觉得贵的扣1，觉得便宜的扣2,1770,https://www.acfun.cn/v/ac48868891,https://tx-free-imgs.acfun.cn/newUpload/2046675_bf3a59ddff624646850829452262094e.jpeg?imageslim,AcFun,三日榜,three-days,hotlist,,2026-09-25 00:25:10
26,Summertime,歌曲：summer time<br/>动作参考：紫嘉儿<br/>原版编舞：（Millennium红房子_BON）<br/>参考编舞：(GFRIEND《Sunny Summer）,1681,https://www.acfun.cn/v/ac48864563,https://tx-free-imgs.acfun.cn/newUpload/12229455_1a8e22f51f3e4effa32c00abb4fd05af.jpeg?imageslim,AcFun,三日榜,three-days,hotlist,,2026-09-25 00:25:10
27,原创编舞《千层套路》的定机位竖屏来啦！,,1541,https://www.acfun.cn/v/ac48869245,https://tx-free-imgs.acfun.cn/newUpload/16380981_24bafd11c027499d9fe6820162faa782.png?imageslim,AcFun,三日榜,three-days,hotlist,,2026-09-25 00:25:10
28,北京的最北端在黑龙江？？？国内飞地是怎么形成的？,这份中国地图，是你从未看过的船新版本，放大几倍就会发现，在大家熟悉的各个省份中，还藏着一堆 “你中有我、我中有你” 的飞地。,1729,https://www.acfun.cn/v/ac48867896,https://tx-free-imgs.acfun.cn/newUpload/13630266_cc2428a99a42453f99c9e1306e7a43bb.jpeg?imageslim,AcFun,三日榜,three-days,hotlist,,2026-09-25 00:25:10
29,网络上常见的热门短视频集锦   第三千四百四十八期,审核大大辛苦了！<br/>谢谢每一个投蕉的帅哥美女！香蕉没有来个赞也好啊！<br/>视频来自快手等平台，侵权联系删除！,2481,https://www.acfun.cn/v/ac48870020,https://tx-free-imgs.acfun.cn/newUpload/2176158_d65e54f4e9ee489b86b6fc28c31c84ee.gif?imageslim,AcFun,三日榜,three-days,hotlist,,2026-09-25 00:25:10
30,我要辞职了！,,1619,https://www.acfun.cn/v/ac48863957,https://tx-free-imgs.acfun.cn/newUpload/12439728_7c57a0735675474590bf7b25e1a34527.png?imageslim,AcFun,三日榜,three-days,hotlist,,2026-09-25 00:25:10
31,因为害怕被讨厌 所以把自己藏起来了,,1582,https://www.acfun.cn/v/ac48871331,https://tx-free-imgs.acfun.cn/newUpload/11361784_3d4bd69b46f541e184c2922c24f09276.jpg?imageslim,AcFun,三日榜,three-days,hotlist,,2026-09-25 00:25:10
32,捏捏已经已进化到可以吃的地步啦？,,1588,https://www.acfun.cn/v/ac48868638,https://tx-free-imgs.acfun.cn/newUpload/6177430_486c910212d548c991eeb140f146a6ed.jpeg?imageslim,AcFun,三日榜,three-days,hotlist,,2026-09-25 00:25:10
33,姛姛？！蝴蝶耳机Manget中文翻唱【箐羽Hane】x【缇若柯Teivoc】,“是否你确实表里如一淡然，还是说你——并不似我贪婪？”<br/>《Manget》磁石 / 蝴蝶耳机 - 中文翻唱<br/>原作作曲 / 流星P<br/>曲绘&翻唱 / 箐羽hane & 缇若柯Teivoc<br/>中文填词 / 果汁凉菜<br/>混音 / 风尘<br/>和笋笋一起唱了我们二次元姛神曲！曲绘也是我和笋笋每个人负责了自己的部分最后再拼到一起的！真好！( *^ ^)o(^ ^* )希望大家也能喜欢！,1263,https://www.acfun.cn/v/ac48869340,https://tx-free-imgs.acfun.cn/newUpload/67511609_d868cdbd6b1849e8958696cdc9db1493.jpeg?imageslim,AcFun,三日榜,three-days,hotlist,,2026-09-25 00:25:10
34,网络上常见的热门短视频集锦   第三千四百四十七期,审核大大辛苦了！<br/>谢谢每一个投蕉的帅哥美女！香蕉没有来个赞也好啊！<br/>视频来自快手等平台，侵权联系删除！,2447,https://www.acfun.cn/v/ac48869149,https://tx-free-imgs.acfun.cn/newUpload/2176158_fdf9afe2e00a4a1aa62415c846776eaf.gif?imageslim,AcFun,三日榜,three-days,hotlist,,2026-09-25 00:25:10
35,交通事故20260923：交通车祸实例，提高安全驾驶意识,,1352,https://www.acfun.cn/v/ac48868861,https://tx-free-imgs.acfun.cn/newUpload/76871961_edea5de6659a4cd2b733a74989043440.jpg?imageslim,AcFun,三日榜,three-days,hotlist,,2026-09-25 00:25:10
36,我终于瘦到120斤以下了！,,1619,https://www.acfun.cn/v/ac48867016,https://tx-free-imgs.acfun.cn/newUpload/16380981_906db098cf5d4eaca57bde52b0ae8bf2.jpg?imageslim,AcFun,三日榜,three-days,hotlist,,2026-09-25 00:25:10
37,《奶凶奶凶的漫威金刚狼！》,游戏名：《漫威金刚狼》- Marvel s Wolverine<br/>直播玩了15小时左右一周目通关啦~(*^▽^*)开心，这期是切片呦~,1795,https://www.acfun.cn/v/ac48866669,https://tx-free-imgs.acfun.cn/newUpload/61352468_cb62bfe2e19c4f35804259fac7f8c226.jpeg?imageslim,AcFun,三日榜,three-days,hotlist,,2026-09-25 00:25:10
38,这样的学姐喜欢吗？欢乐八点档-1782,审核大大辛苦了！<br/>免费的香蕉投一下吧，没有那就点个赞吧，这对我来说很重要，谢谢！！！<br/>谢谢每一个投蕉的帅哥美女！你们是我坚持更新的动力！<br/>视频来自快手等平台，侵权联系删除！,1840,https://www.acfun.cn/v/ac48870057,https://tx-free-imgs.acfun.cn/newUpload/2176158_4c1f3b60f73e451abc443941d47305d8.gif?imageslim,AcFun,三日榜,three-days,hotlist,,2026-09-25 00:25:10
39,好曲不挑舞！《琵琶曲》你喜欢的是？,,1370,https://www.acfun.cn/v/ac48866497,https://tx-free-imgs.acfun.cn/newUpload/1161851_90c6400f25f14d969028c8a6779eaaf5.png?imageslim,AcFun,三日榜,three-days,hotlist,,2026-09-25 00:25:10
40,嘉蒂丝模型曝光！很大！策划团队产能恢复？,明天新角色就要上了，技系直接立于天上。,1780,https://www.acfun.cn/v/ac48866809,https://tx-free-imgs.acfun.cn/newUpload/247671_ee6def92d94a4ab1b770fa166f4de4b7.jpeg?imageslim,AcFun,三日榜,three-days,hotlist,,2026-09-25 00:25:10
41,抱紧原生家庭（90）,,1385,https://www.acfun.cn/v/ac48867786,https://tx-free-imgs.acfun.cn/newUpload/74706824_fcc9a2386aff4fb0b3ecd158e3c6b97f.png?imageslim,AcFun,三日榜,three-days,hotlist,,2026-09-25 00:25:10
42,你吃月饼了吗？,,1372,https://www.acfun.cn/v/ac48869054,https://tx-free-imgs.acfun.cn/newUpload/1167675_8f48723afb0e41ecbe772249b3f4df1a.jpg?imageslim,AcFun,三日榜,three-days,hotlist,,2026-09-25 00:25:10
43,奥迪“宫斗”十年大结局？一汽拿四环，上汽拿AUDI,一汽奥迪和上汽奥迪“宫斗”了十年，终于要划下句号了？,1263,https://www.acfun.cn/v/ac48870981,https://tx-free-imgs.acfun.cn/newUpload/13630266_3fde785be5a2411495618f67d01ab66a.jpeg?imageslim,AcFun,三日榜,three-days,hotlist,,2026-09-25 00:25:10
44,换你穿越三国乱世，你是起兵还是种田？,有没有宝贝和我一样，看三国的时候总在想，如果换我身在那个乱世，我会怎么样？是起兵争霸，还是归隐山林？ 或是是咱们可以选三国里有名的角色或者可以架空历史从素人做起，一统三国，那会怎么样?我最近就玩了这么一款游戏，一玩就是五个小时，根本停不下来，那今天来聊聊这款开放世界slg游戏《英雄立志传：三国志》~<br/>,1505,https://www.acfun.cn/v/ac48869043,https://tx-free-imgs.acfun.cn/newUpload/61352468_39715609bed041b98b21f3dbb482ad70.jpeg?imageslim,AcFun,三日榜,three-days,hotlist,,2026-09-25 00:25:10
45,【柯基】papi酱《生气了》｜oh my god你吓到我了,,1388,https://www.acfun.cn/v/ac48867295,https://tx-free-imgs.acfun.cn/newUpload/29493245_980e56a85587473a82c7499c2ed115cb.png?imageslim,AcFun,三日榜,three-days,hotlist,,2026-09-25 00:25:10
46,发怒了好多次哈哈哈哈，最后一遍最好！,,1381,https://www.acfun.cn/v/ac48867030,https://tx-free-imgs.acfun.cn/newUpload/16380981_8a800edc429e47809b3a0e69ec22c530.jpg?imageslim,AcFun,三日榜,three-days,hotlist,,2026-09-25 00:25:10
47,只有刀鸣最小丑？各大游戏千年血战联动盘点！,300英雄的含金量还在上升,1836,https://www.acfun.cn/v/ac48869154,https://tx-free-imgs.acfun.cn/newUpload/247671_7d920e56c00e4af39fed560bf094f965.jpeg?imageslim,AcFun,三日榜,three-days,hotlist,,2026-09-25 00:25:10
48,老板直聘（89）,,1333,https://www.acfun.cn/v/ac48868552,https://tx-free-imgs.acfun.cn/newUpload/74706824_db2c7ba15c5d4aa18872db6b0763b7ca.jpeg?imageslim,AcFun,三日榜,three-days,hotlist,,2026-09-25 00:25:10
49,现在电脑不好卖了，以后我们出租AI机器人吧,,1572,https://www.acfun.cn/v/ac48867767,https://tx-free-imgs.acfun.cn/newUpload/17928_c684f06231604145b533a0f00627c624.png?imageslim,AcFun,三日榜,three-days,hotlist,,2026-09-25 00:25:10
50,小青的对镜拍！,,1557,https://www.acfun.cn/v/ac48866985,https://tx-free-imgs.acfun.cn/newUpload/16380981_7fae31d44b2b4142ae7b9be512261487.jpg?imageslim,AcFun,三日榜,three-days,hotlist,,2026-09-25 00:25:10
1,剑戟战斗的巅峰 关卡内容的洼地 偏科严重的《鬼武者：剑之道》,它给人爽的部分是真的爽，但是在每次爽之前，你得堵不少马桶，先生。,4338,https://www.acfun.cn/v/ac48859506,https://tx-free-imgs.acfun.cn/newUpload/934542_5d98ad80ca9c4307b5cdc2051c11cb50.jpeg?imageslim,AcFun,周榜,week,hotlist,,2026-09-25 00:25:10
2,【写真】ol穿搭,,10325,https://www.acfun.cn/v/ac48856919,https://tx-free-imgs.acfun.cn/newUpload/3540234_86355333f0d94a46842be6ec42cca369.jpg?imageslim,AcFun,周榜,week,hotlist,,2026-09-25 00:25:10
3,跳最开心的一集,,3926,https://www.acfun.cn/v/ac48860571,https://tx-free-imgs.acfun.cn/newUpload/50330447_79a3f269514140c29e7a85fb7c9dc94c.jpg?imageslim,AcFun,周榜,week,hotlist,,2026-09-25 00:25:10
4,是谁点的小恶魔，蕉出来～,,4773,https://www.acfun.cn/v/ac48867778,https://tx-free-imgs.acfun.cn/newUpload/17062172_6098fee67d1748e0ab5dab3b5665736c.jpg?imageslim,AcFun,周榜,week,hotlist,,2026-09-25 00:25:10
5,喜欢哪套？,,6433,https://www.acfun.cn/v/ac48861422,https://tx-free-imgs.acfun.cn/newUpload/3540234_729e0d22251f439da3735f26e58d174f.jpg?imageslim,AcFun,周榜,week,hotlist,,2026-09-25 00:25:10
6,过期JK碎碎念！,家人们记得蕉一蕉捏 啾咪,5759,https://www.acfun.cn/v/ac48859219,https://tx-free-imgs.acfun.cn/newUpload/17062172_5dd6ea8b5f2741ff87f0911db6dfb909.jpg?imageslim,AcFun,周榜,week,hotlist,,2026-09-25 00:25:10
7,开学对各省舍友的刻板印象,,4174,https://www.acfun.cn/v/ac48857410,https://tx-free-imgs.acfun.cn/newUpload/13114172_24dabc4c47ec46458d7cdfcc1cd2ee88.jpeg?imageslim,AcFun,周榜,week,hotlist,,2026-09-25 00:25:10
8,优雅永不过时！！！★手机竖屏2007★,审核大大辛苦了！<br/>谢谢每一个投蕉的帅哥美女！香蕉没有来个赞也好啊！<br/>视频来自快手等平台，侵权联系删除！,4321,https://www.acfun.cn/v/ac48855173,https://tx-free-imgs.acfun.cn/newUpload/2176158_d6d6aa7bbc494ad4bd0950cc58784963.gif?imageslim,AcFun,周榜,week,hotlist,,2026-09-25 00:25:10
9,《动物迷惑行为大赏325》,喜欢请投蕉啊 谢谢啦！,2599,https://www.acfun.cn/v/ac48861293,https://tx-free-imgs.acfun.cn/newUpload/1342385_03080470038d444a95ce01ff6a6aeb9f.jpeg?imageslim,AcFun,周榜,week,hotlist,,2026-09-25 00:25:10
10,《动物游戏行为图鉴》,喜欢请投蕉啊 谢谢啦！,2701,https://www.acfun.cn/v/ac48857450,https://tx-free-imgs.acfun.cn/newUpload/1342385_485bc20a4c164df2928409b209fa9afc.jpeg?imageslim,AcFun,周榜,week,hotlist,,2026-09-25 00:25:10
11,双马尾小女仆带来的情绪摇～,,3901,https://www.acfun.cn/v/ac48861966,https://tx-free-imgs.acfun.cn/newUpload/11361784_8cee0402b4754b1e82f85b7099791793.jpg?imageslim,AcFun,周榜,week,hotlist,,2026-09-25 00:25:10
12,【绘图过程】《海边》6周年纪念插图过程,6周年纪念插图挂画（预售）、沙滩巾（预售），阿宝已上架,3214,https://www.acfun.cn/v/ac48836990,https://tx-free-imgs.acfun.cn/newUpload/179922_9f95aba039e84f3594c3947b3c8fdd58.jpeg?imageslim,AcFun,周榜,week,hotlist,,2026-09-25 00:25:10
13,帮Acer问一下，地址在哪里？欢乐八点档-1779,审核大大辛苦了！<br/>免费的香蕉投一下吧，没有那就点个赞吧，这对我来说很重要，谢谢！！！<br/>谢谢每一个投蕉的帅哥美女！你们是我坚持更新的动力！<br/>视频来自快手等平台，侵权联系删除！,4391,https://www.acfun.cn/v/ac48863633,https://tx-free-imgs.acfun.cn/newUpload/2176158_ff69c3c797d5414e8056b329918cc5b6.gif?imageslim,AcFun,周榜,week,hotlist,,2026-09-25 00:25:10
14,人间琴悠扬，姑娘把谁记心上～,,2677,https://www.acfun.cn/v/ac48863143,https://tx-free-imgs.acfun.cn/newUpload/50330447_938d77716a11477e843914663278ff07.jpg?imageslim,AcFun,周榜,week,hotlist,,2026-09-25 00:25:10
15,还是少妇会的多啊！★手机竖屏2011★,审核大大辛苦了！<br/>谢谢每一个投蕉的帅哥美女！香蕉没有来个赞也好啊！<br/>视频来自快手等平台，侵权联系删除！,5034,https://www.acfun.cn/v/ac48864360,https://tx-free-imgs.acfun.cn/newUpload/2176158_3d4f199fd93640468e543b9ee25ac4c0.gif?imageslim,AcFun,周榜,week,hotlist,,2026-09-25 00:25:10
16,钓鱼佬是真会享受！欢乐八点档-1777,审核大大辛苦了！<br/>免费的香蕉投一下吧，没有那就点个赞吧，这对我来说很重要，谢谢！！！<br/>谢谢每一个投蕉的帅哥美女！你们是我坚持更新的动力！<br/>视频来自快手等平台，侵权联系删除！,4570,https://www.acfun.cn/v/ac48858969,https://tx-free-imgs.acfun.cn/newUpload/2176158_c9d74d926c4c4d709a4b6b7769dffcca.gif?imageslim,AcFun,周榜,week,hotlist,,2026-09-25 00:25:10
17,漫威金刚狼深陷争议！SweetBaby又毁一款？【绅批】,这算是DEI的历史遗留问题了，所有现在已经从sweetbaby离职的人，只要参与过游戏制作也会被署名（比如桥本和真）,2683,https://www.acfun.cn/v/ac48868810,https://tx-free-imgs.acfun.cn/newUpload/526850_ca1da1572b1d494a93e2f6bab46cf76b.jpeg?imageslim,AcFun,周榜,week,hotlist,,2026-09-25 00:25:10
18,网络上常见的热门短视频集锦   第三千四百三十八期,审核大大辛苦了！<br/>谢谢每一个投蕉的帅哥美女！香蕉没有来个赞也好啊！<br/>视频来自快手等平台，侵权联系删除！,4406,https://www.acfun.cn/v/ac48858394,https://tx-free-imgs.acfun.cn/newUpload/2176158_38174e72af934b9e86687045b01f0dd3.gif?imageslim,AcFun,周榜,week,hotlist,,2026-09-25 00:25:10
19,一波还未平息一波又来侵袭！★手机竖屏2010★,审核大大辛苦了！<br/>谢谢每一个投蕉的帅哥美女！香蕉没有来个赞也好啊！<br/>视频来自快手等平台，侵权联系删除！,4693,https://www.acfun.cn/v/ac48862013,https://tx-free-imgs.acfun.cn/newUpload/2176158_c4802142afc14d50b2cd775e67890cca.gif?imageslim,AcFun,周榜,week,hotlist,,2026-09-25 00:25:10
20,魔兽无限服禁金团引爆社区！但原教旨主义玩家才是最抽象的？【绅批】,所谓“严厉处罚“”顶格也就是封号，会根据情况由短至长，当然能不能具体实行就是另一回事了,3056,https://www.acfun.cn/v/ac48857248,https://tx-free-imgs.acfun.cn/newUpload/526850_b63f9e2a1bd04c38ac3c61257e0b87dd.jpeg?imageslim,AcFun,周榜,week,hotlist,,2026-09-25 00:25:10
21,还是少妇会啊！！！★手机竖屏2009★,审核大大辛苦了！<br/>谢谢每一个投蕉的帅哥美女！香蕉没有来个赞也好啊！<br/>视频来自快手等平台，侵权联系删除！,4837,https://www.acfun.cn/v/ac48859515,https://tx-free-imgs.acfun.cn/newUpload/2176158_d4e9e6e30f4446319f9e720adfe35ef9.gif?imageslim,AcFun,周榜,week,hotlist,,2026-09-25 00:25:10
22,你们内外皆钢，而我们化身钢铁！【达奇】战锤40K故事内容,感谢下巴老师对视频内容的支持与完善,2127,https://www.acfun.cn/v/ac48856443,https://tx-free-imgs.acfun.cn/newUpload/346807_7f5f779958dd4d6986f60021118423da.jpeg?imageslim,AcFun,周榜,week,hotlist,,2026-09-25 00:25:10
23,《野生动物迷惑行为》,喜欢请投蕉啊   谢谢啦！,2463,https://www.acfun.cn/v/ac48868360,https://tx-free-imgs.acfun.cn/newUpload/1342385_3fab348c538e4c0fa001871a708fe302.jpeg?imageslim,AcFun,周榜,week,hotlist,,2026-09-25 00:25:10
24,mr chu!!好怀念这首歌,,1905,https://www.acfun.cn/v/ac48869375,https://tx-free-imgs.acfun.cn/newUpload/16380981_19592eb83a88429695ee1a0508fc3df0.png?imageslim,AcFun,周榜,week,hotlist,,2026-09-25 00:25:10
25,【AC娘】琵琶曲,原作者：Kotte Animation<br/>还有瑕疵，看个乐吧,3044,https://www.acfun.cn/v/ac48864492,https://tx-free-imgs.acfun.cn/newUpload/41729435_02cbd995b6d54f508eb21d3cb8621903.jpeg?imageslim,AcFun,周榜,week,hotlist,,2026-09-25 00:25:10
26,海洋公园一定要去啊！欢乐八点档-1776,审核大大辛苦了！<br/>免费的香蕉投一下吧，没有那就点个赞吧，这对我来说很重要，谢谢！！！<br/>谢谢每一个投蕉的帅哥美女！你们是我坚持更新的动力！<br/>视频来自快手等平台，侵权联系删除！,4460,https://www.acfun.cn/v/ac48856824,https://tx-free-imgs.acfun.cn/newUpload/2176158_3406d07fb97f486893aedb108728c2ec.gif?imageslim,AcFun,周榜,week,hotlist,,2026-09-25 00:25:10
27,25年了，回坊天花板小酥肉，还是那个味儿,记忆中的味道，回来了，都回来了……<br/>一口椒麻一口鲜，大口吃肉，配上热腾腾的米饭，绝了。<br/>素三鲜也是无敌的存在！,2479,https://www.acfun.cn/v/ac48865538,https://tx-free-imgs.acfun.cn/newUpload/13765438_9bc4a0abf32a4c1aa3e83c844de84649.jpeg?imageslim,AcFun,周榜,week,hotlist,,2026-09-25 00:25:10
28,你的拳头真是肥嘟嘟的...,动漫：心灵的声音，作者：赵石【韩国】,2150,https://www.acfun.cn/v/ac48859870,https://tx-free-imgs.acfun.cn/newUpload/509259_2fa91d5206504450be471808d9c93a22.jpeg?imageslim,AcFun,周榜,week,hotlist,,2026-09-25 00:25:10
29,拳击好啊，拳击得学！欢乐八点档-1781,审核大大辛苦了！<br/>免费的香蕉投一下吧，没有那就点个赞吧，这对我来说很重要，谢谢！！！<br/>谢谢每一个投蕉的帅哥美女！你们是我坚持更新的动力！<br/>视频来自快手等平台，侵权联系删除！,3878,https://www.acfun.cn/v/ac48868336,https://tx-free-imgs.acfun.cn/newUpload/2176158_3f6c601293a54468bae97f781440217b.gif?imageslim,AcFun,周榜,week,hotlist,,2026-09-25 00:25:10
30,这个一字马技术含量很高啊！欢乐八点档-1778,审核大大辛苦了！<br/>免费的香蕉投一下吧，没有那就点个赞吧，这对我来说很重要，谢谢！！！<br/>谢谢每一个投蕉的帅哥美女！你们是我坚持更新的动力！<br/>视频来自快手等平台，侵权联系删除！,4330,https://www.acfun.cn/v/ac48861225,https://tx-free-imgs.acfun.cn/newUpload/2176158_0824627cb76d40dc99ce9cb12c07e4cc.gif?imageslim,AcFun,周榜,week,hotlist,,2026-09-25 00:25:10
31,北京豆汁会惩罚每一个好奇的人！欢乐八点档-1780,审核大大辛苦了！<br/>免费的香蕉投一下吧，没有那就点个赞吧，这对我来说很重要，谢谢！！！<br/>谢谢每一个投蕉的帅哥美女！你们是我坚持更新的动力！<br/>视频来自快手等平台，侵权联系删除！,4324,https://www.acfun.cn/v/ac48865965,https://tx-free-imgs.acfun.cn/newUpload/2176158_ec83e6fb2ffc4005b41881ac13dbaeca.gif?imageslim,AcFun,周榜,week,hotlist,,2026-09-25 00:25:10
32,网络上常见的热门短视频集锦   第三千四百四十一期,审核大大辛苦了！<br/>谢谢每一个投蕉的帅哥美女！香蕉没有来个赞也好啊！<br/>视频来自快手等平台，侵权联系删除！,4132,https://www.acfun.cn/v/ac48862019,https://tx-free-imgs.acfun.cn/newUpload/2176158_6e5a88d95f344d92a8d97a57f03ac4b9.gif?imageslim,AcFun,周榜,week,hotlist,,2026-09-25 00:25:10
33,网络上常见的热门短视频集锦   第三千四百四十五期,审核大大辛苦了！<br/>谢谢每一个投蕉的帅哥美女！香蕉没有来个赞也好啊！<br/>视频来自快手等平台，侵权联系删除！,3769,https://www.acfun.cn/v/ac48866824,https://tx-free-imgs.acfun.cn/newUpload/2176158_dba921eb42f14c7ba31a1af83bfe71ce.gif?imageslim,AcFun,周榜,week,hotlist,,2026-09-25 00:25:10
34,【柯基】《九一八》｜黄自,,1774,https://www.acfun.cn/v/ac48855665,https://tx-free-imgs.acfun.cn/newUpload/29493245_98e6396080ff45c6aabd437a73b80398.png?imageslim,AcFun,周榜,week,hotlist,,2026-09-25 00:25:10
35,你们最爱的皮裤！,,2526,https://www.acfun.cn/v/ac48855485,https://tx-free-imgs.acfun.cn/newUpload/16380981_487b286c74a74f8992afc62c0b8156b5.png?imageslim,AcFun,周榜,week,hotlist,,2026-09-25 00:25:10
36,琵琶曲丨夜神月 VS  L,原曲：琵琶曲,2182,https://www.acfun.cn/v/ac48861693,https://tx-free-imgs.acfun.cn/newUpload/16986934_3bf4dd94910c4845acf851f7f0fdb757.jpeg?imageslim,AcFun,周榜,week,hotlist,,2026-09-25 00:25:10
37,网络上常见的热门短视频集锦   第三千四百三十九期,审核大大辛苦了！<br/>谢谢每一个投蕉的帅哥美女！香蕉没有来个赞也好啊！<br/>视频来自快手等平台，侵权联系删除！,4003,https://www.acfun.cn/v/ac48859518,https://tx-free-imgs.acfun.cn/newUpload/2176158_13f61f1aa39c4732bdaeed87fe0e28a4.gif?imageslim,AcFun,周榜,week,hotlist,,2026-09-25 00:25:10
38,厨师长教你：“鱼香肉丝”的家常做法，酸甜微辣，口感丰富,,1934,https://www.acfun.cn/v/ac48867741,https://tx-free-imgs.acfun.cn/newUpload/13274260_93e68d1098d04ffca2683655a6a404c2.jpeg?imageslim,AcFun,周榜,week,hotlist,,2026-09-25 00:25:10
39,空中瑜伽！！！★手机竖屏2012★,审核大大辛苦了！<br/>谢谢每一个投蕉的帅哥美女！香蕉没有来个赞也好啊！<br/>视频来自快手等平台，侵权联系删除！,4258,https://www.acfun.cn/v/ac48866821,https://tx-free-imgs.acfun.cn/newUpload/2176158_610807af48f5463a891fc9f341c9b16f.gif?imageslim,AcFun,周榜,week,hotlist,,2026-09-25 00:25:10
40,一天生产500万个！速冻水饺是如何制造出来的？,,2143,https://www.acfun.cn/v/ac48859253,https://tx-free-imgs.acfun.cn/newUpload/19281632_57f07fe28e24422d948491fd2d43586c.jpeg?imageslim,AcFun,周榜,week,hotlist,,2026-09-25 00:25:10
41,今天你不能嫁出去【今天有什么好笑的 #2514】,：)，谢谢大家，祝你们开心。<br/>wallpaper壁纸：Fading Astronaut 5K (update)<br/>BGM：I Want It That Way,2824,https://www.acfun.cn/v/ac48865864,https://tx-free-imgs.acfun.cn/newUpload/383079_ee4f5f7badf74f05a2ef6c691387f327.gif?imageslim,AcFun,周榜,week,hotlist,,2026-09-25 00:25:10
42,甜妹来袭！,,2131,https://www.acfun.cn/v/ac48863947,https://tx-free-imgs.acfun.cn/newUpload/12439728_1fd5a3c6e60241a1a1cd8f89dbede769.png?imageslim,AcFun,周榜,week,hotlist,,2026-09-25 00:25:10
43,单纯的约会（92）,,1802,https://www.acfun.cn/v/ac48857199,https://tx-free-imgs.acfun.cn/newUpload/74706824_a3a60d77e6934225b168686e44216c4b.png?imageslim,AcFun,周榜,week,hotlist,,2026-09-25 00:25:10
44,【东方】推特东方小视频选集 第272期,睡觉睡觉睡觉睡觉睡觉睡觉睡觉睡觉睡觉睡觉……,1373,https://www.acfun.cn/v/ac48858830,https://tx-free-imgs.acfun.cn/newUpload/6102_5a13d6efeec742ff84c512206aaeb7b0.jpeg?imageslim,AcFun,周榜,week,hotlist,,2026-09-25 00:25:10
45,网络上常见的热门短视频集锦   第三千四百三十六期,审核大大辛苦了！<br/>谢谢每一个投蕉的帅哥美女！香蕉没有来个赞也好啊！<br/>视频来自快手等平台，侵权联系删除！,3945,https://www.acfun.cn/v/ac48856130,https://tx-free-imgs.acfun.cn/newUpload/2176158_4b41dc501581491e9b900fd0a1662e27.gif?imageslim,AcFun,周榜,week,hotlist,,2026-09-25 00:25:10
46,网络上常见的热门短视频集锦   第三千四百四十三期,审核大大辛苦了！<br/>谢谢每一个投蕉的帅哥美女！香蕉没有来个赞也好啊！<br/>视频来自快手等平台，侵权联系删除！,3545,https://www.acfun.cn/v/ac48864363,https://tx-free-imgs.acfun.cn/newUpload/2176158_dfef22dbf6934a15a594e5766b8680ca.gif?imageslim,AcFun,周榜,week,hotlist,,2026-09-25 00:25:10
47,嘞个就是爱情【今天有什么好笑的 #2512】,：），谢谢大家的投蕉和点赞，祝你开心愉快~<br/>wallpaper壁纸：lamp<br/>BGM：What a Feeling,2424,https://www.acfun.cn/v/ac48860992,https://tx-free-imgs.acfun.cn/newUpload/383079_172d192fee55441c96b7352f61e0a25f.gif?imageslim,AcFun,周榜,week,hotlist,,2026-09-25 00:25:10
48,网络上常见的热门短视频集锦   第三千四百三十七期,审核大大辛苦了！<br/>谢谢每一个投蕉的帅哥美女！香蕉没有来个赞也好啊！<br/>视频来自快手等平台，侵权联系删除！,3645,https://www.acfun.cn/v/ac48857544,https://tx-free-imgs.acfun.cn/newUpload/2176158_65f1d403dce7484b8d62b6f272bdbe31.gif?imageslim,AcFun,周榜,week,hotlist,,2026-09-25 00:25:10
49,网络上常见的热门短视频集锦   第三千四百四十四期,审核大大辛苦了！<br/>谢谢每一个投蕉的帅哥美女！香蕉没有来个赞也好啊！<br/>视频来自快手等平台，侵权联系删除！,3474,https://www.acfun.cn/v/ac48865021,https://tx-free-imgs.acfun.cn/newUpload/2176158_663463f1e6004dc2b4dea153d1e60c05.gif?imageslim,AcFun,周榜,week,hotlist,,2026-09-25 00:25:10
50,厨师长分享制作“宫保鸡丁”的三大要素：腌制、调味及火候,,2097,https://www.acfun.cn/v/ac48863018,https://tx-free-imgs.acfun.cn/newUpload/13274260_803e1613305b460d878594c16c1c5a87.jpeg?imageslim,AcFun,周榜,week,hotlist,,2026-09-25 00:25:10
1,《野生动物迷惑行为》,喜欢请投蕉啊   谢谢啦！,2536,https://www.acfun.cn/v/ac48868360,https://tx-free-imgs.acfun.cn/newUpload/1342385_3fab348c538e4c0fa001871a708fe302.jpeg?imageslim,AcFun,日榜,day,hotlist,,2026-09-25 01:20:17
2,我真的是来吃饭的！★手机竖屏2013★,审核大大辛苦了！<br/>谢谢每一个投蕉的帅哥美女！香蕉没有来个赞也好啊！<br/>视频来自快手等平台，侵权联系删除！,3152,https://www.acfun.cn/v/ac48869145,https://tx-free-imgs.acfun.cn/newUpload/2176158_eb4b69370b8f435aa2b171e72403d356.gif?imageslim,AcFun,日榜,day,hotlist,,2026-09-25 01:20:17
3,因为害怕被讨厌 所以把自己藏起来了,,1660,https://www.acfun.cn/v/ac48871331,https://tx-free-imgs.acfun.cn/newUpload/11361784_3d4bd69b46f541e184c2922c24f09276.jpg?imageslim,AcFun,日榜,day,hotlist,,2026-09-25 01:20:17
4,姛姛？！蝴蝶耳机Manget中文翻唱【箐羽Hane】x【缇若柯Teivoc】,“是否你确实表里如一淡然，还是说你——并不似我贪婪？”<br/>《Manget》磁石 / 蝴蝶耳机 - 中文翻唱<br/>原作作曲 / 流星P<br/>曲绘&翻唱 / 箐羽hane & 缇若柯Teivoc<br/>中文填词 / 果汁凉菜<br/>混音 / 风尘<br/>和笋笋一起唱了我们二次元姛神曲！曲绘也是我和笋笋每个人负责了自己的部分最后再拼到一起的！真好！( *^ ^)o(^ ^* )希望大家也能喜欢！,1280,https://www.acfun.cn/v/ac48869340,https://tx-free-imgs.acfun.cn/newUpload/67511609_d868cdbd6b1849e8958696cdc9db1493.jpeg?imageslim,AcFun,日榜,day,hotlist,,2026-09-25 01:20:17
5,网络上常见的热门短视频集锦   第三千四百四十八期,审核大大辛苦了！<br/>谢谢每一个投蕉的帅哥美女！香蕉没有来个赞也好啊！<br/>视频来自快手等平台，侵权联系删除！,2575,https://www.acfun.cn/v/ac48870020,https://tx-free-imgs.acfun.cn/newUpload/2176158_d65e54f4e9ee489b86b6fc28c31c84ee.gif?imageslim,AcFun,日榜,day,hotlist,,2026-09-25 01:20:17
6,这样的学姐喜欢吗？欢乐八点档-1782,审核大大辛苦了！<br/>免费的香蕉投一下吧，没有那就点个赞吧，这对我来说很重要，谢谢！！！<br/>谢谢每一个投蕉的帅哥美女！你们是我坚持更新的动力！<br/>视频来自快手等平台，侵权联系删除！,1948,https://www.acfun.cn/v/ac48870057,https://tx-free-imgs.acfun.cn/newUpload/2176158_4c1f3b60f73e451abc443941d47305d8.gif?imageslim,AcFun,日榜,day,hotlist,,2026-09-25 01:20:17
7,网络上常见的热门短视频集锦   第三千四百四十七期,审核大大辛苦了！<br/>谢谢每一个投蕉的帅哥美女！香蕉没有来个赞也好啊！<br/>视频来自快手等平台，侵权联系删除！,2517,https://www.acfun.cn/v/ac48869149,https://tx-free-imgs.acfun.cn/newUpload/2176158_fdf9afe2e00a4a1aa62415c846776eaf.gif?imageslim,AcFun,日榜,day,hotlist,,2026-09-25 01:20:17
8,奥迪“宫斗”十年大结局？一汽拿四环，上汽拿AUDI,一汽奥迪和上汽奥迪“宫斗”了十年，终于要划下句号了？,1303,https://www.acfun.cn/v/ac48870981,https://tx-free-imgs.acfun.cn/newUpload/13630266_3fde785be5a2411495618f67d01ab66a.jpeg?imageslim,AcFun,日榜,day,hotlist,,2026-09-25 01:20:17
9,老板直聘（89）,,1363,https://www.acfun.cn/v/ac48868552,https://tx-free-imgs.acfun.cn/newUpload/74706824_db2c7ba15c5d4aa18872db6b0763b7ca.jpeg?imageslim,AcFun,日榜,day,hotlist,,2026-09-25 01:20:17
10,发个friend圈,,1238,https://www.acfun.cn/v/ac48863958,https://tx-free-imgs.acfun.cn/newUpload/12439728_b44cb67ae45a4c179b08227368f4159c.png?imageslim,AcFun,日榜,day,hotlist,,2026-09-25 01:20:17
11,我要冲会员【今天有什么好笑的 #2516】,：），谢谢大家的投蕉和点赞，祝你开心愉快~<br/>wallpaper壁纸：Reze | Chainsaw Man<br/>BGM：Nicoleta Matei - Love mail<br/>,1742,https://www.acfun.cn/v/ac48870763,https://tx-free-imgs.acfun.cn/newUpload/383079_47b0fc3f458042f5bd3717967e55c598.gif?imageslim,AcFun,日榜,day,hotlist,,2026-09-25 01:20:17
12,沦陷️,歌曲舞蹈：沦陷dj版-星奇摇   动作有改编,1219,https://www.acfun.cn/v/ac48869381,https://tx-free-imgs.acfun.cn/newUpload/12229455_aacf9da97a0940ad8e5f0b509d9cc159.jpeg?imageslim,AcFun,日榜,day,hotlist,,2026-09-25 01:20:17
13,【东方】QUEEN【蕾米莉亚 Miy Ver. MMD】,作者：やくも<br/><br/>楽曲:Kanaria 様→https://www.nicovideo.jp/watch/sm4088...<br/>振付:AKIRA様<br/>モーション:P-nez 様→https://www.nicovideo.jp/watch/sm4350...<br/>カメラ:Mizuha様→https://www.nicovideo.jp/watch/sm4353...<br/>モデル:MIy様<br/>ステージ:栗ごはん様<br/>アクセサリ:アスカ様,927,https://www.acfun.cn/v/ac48870080,https://tx-free-imgs.acfun.cn/newUpload/6102_6a4dce20c9b74fa0bbdff3ccc0a73c5d.png?imageslim,AcFun,日榜,day,hotlist,,2026-09-25 01:20:17
14,【无字幕】《JOJO的奇妙冒险 飙马野郎 》Part 2 NCOP「SPIN」,,684,https://www.acfun.cn/v/ac48869632,https://tx-free-imgs.acfun.cn/newUpload/30501027_aae616c323af422bb4da842c191d69ce.png?imageslim,AcFun,日榜,day,hotlist,,2026-09-25 01:20:17
15,在英国差点被上门诈骗,可能看到我一人在家，就大胆敲门了，还好平常也会注意周边邻居，没发生什么事儿，这个金额就算被骗也不会报警，以后还是要小心一些了。#英国日常#vlog,1178,https://www.acfun.cn/v/ac48869505,https://tx-free-imgs.acfun.cn/newUpload/43181603_1c8c6c487a864d098b5e7e7bf2a12c6a.jpg?imageslim,AcFun,日榜,day,hotlist,,2026-09-25 01:20:17
16,【AI】今晚的期待,Comfyui,1198,https://www.acfun.cn/v/ac48870865,https://tx-free-imgs.acfun.cn/newUpload/14047168_02bac6c1158f4e108536124c7239e472.jpeg?imageslim,AcFun,日榜,day,hotlist,,2026-09-25 01:20:17
17,坚持跳舞8年改变了什么？《千里邀月》2018vs2026【紫嘉儿】,中秋快乐！没想到8年前的编舞每年这个时候都有很多翻跳，一起用舞蹈记录下美好时光吧！,1065,https://www.acfun.cn/v/ac48870585,https://tx-free-imgs.acfun.cn/newUpload/1161851_851c52555ace464f98231f30a167eedd.png?imageslim,AcFun,日榜,day,hotlist,,2026-09-25 01:20:17
18,一场70年代的直播装柜记录《魔鬼深夜秀》,献给我1520个粉丝宝子们,1100,https://www.acfun.cn/v/ac48869492,https://tx-free-imgs.acfun.cn/newUpload/4603390_e920fb8cb01c48f6b81dfe49f9bdbdf6.jpeg?imageslim,AcFun,日榜,day,hotlist,,2026-09-25 01:20:17
19,好像只能礼貌的问候~,,1057,https://www.acfun.cn/v/ac48871365,https://tx-free-imgs.acfun.cn/newUpload/43459034_4572f98756df48b0bc9c323cdc49a8d2.jpg?imageslim,AcFun,日榜,day,hotlist,,2026-09-25 01:20:17
20,【AI】小妈裙~chocolate cream,Comfyui,1179,https://www.acfun.cn/v/ac48870861,https://tx-free-imgs.acfun.cn/newUpload/14047168_efd2bae7c6184b3b89e82abfaadf0fb3.jpeg?imageslim,AcFun,日榜,day,hotlist,,2026-09-25 01:20:17
21,少女机甲+空投轰炸？是什么神仙组合？,到底是一款什么样的机甲游戏，上线快3年还保持着特别好评？虽然是机甲美少女的设定，但是操作的是厚重质感的硬核机甲，这种硬核操作的感觉让人越玩越上头，今天来跟大家聊聊这款游戏《铁骑少女》。<br/>最近我一直期待的第三个DLC金盏花也是要上线了，这次DLC的核心新玩法，就是机甲“搜打撤”的模式。和本体死守基地的玩法不一样，这次整体的游玩思路都变了~,1054,https://www.acfun.cn/v/ac48871337,https://tx-free-imgs.acfun.cn/newUpload/61352468_77bf0ab03cd34fefa1d5530aca003edb.jpeg?imageslim,AcFun,日榜,day,hotlist,,2026-09-25 01:20:17
22,"长手打短手？2万分王者局！快速看完一局韩服王者斗殴局#836 十三day, Eclipse,","长手打短手？2万分王者局！快速看完一局韩服王者斗殴局#836 十三day, Eclipse, 0909, Lelitz, 1Jiang <br/>BGM:https://music.163.com/playlist?id=650818240&userid=30476594",1150,https://www.acfun.cn/v/ac48863751,https://tx-free-imgs.acfun.cn/newUpload/1378726_792b017ff72e4ed49b05fe8e1e24f6e4.jpeg?imageslim,AcFun,日榜,day,hotlist,,2026-09-25 01:20:17
23,【绝望女神/翻唱】【星际牛仔ED The Real Folk Blues】,想听啥情继续评论回复~,639,https://www.acfun.cn/v/ac48871323,https://tx-free-imgs.acfun.cn/newUpload/20705199_0be8deafcbb34bdb9f17523c5bc95087.jpeg?imageslim,AcFun,日榜,day,hotlist,,2026-09-25 01:20:17
24,记录2023年6月份在台上开心的表演lamb的我,,1088,https://www.acfun.cn/v/ac48871344,https://tx-free-imgs.acfun.cn/newUpload/16380981_00755d93042647bcb6f29a19da53e590.png?imageslim,AcFun,日榜,day,hotlist,,2026-09-25 01:20:17
25,【翻唱】鬼ノ宴,本家様<br/>友成空様<br/>【鬼ノ宴】<br/>•友成空(TOMONARI SORA) -   鬼ノ宴   ［Lyric Video］<br/>https://www.youtube.com/watch?v=NFzyrPK9rtM,959,https://www.acfun.cn/v/ac48871180,https://tx-free-imgs.acfun.cn/newUpload/10144864_a75eddb97ea048b59fef6aaea5d4478f.jpeg?imageslim,AcFun,日榜,day,hotlist,,2026-09-25 01:20:17
26,T-ARA So Crazy,,1281,https://www.acfun.cn/v/ac48869387,https://tx-free-imgs.acfun.cn/newUpload/795184_e0ad411d1b844c569dc376c0b45f763c.jpeg?imageslim,AcFun,日榜,day,hotlist,,2026-09-25 01:20:17
27,吃！给我吃！【鬼ノ宴翻唱】,,1039,https://www.acfun.cn/v/ac48871186,https://tx-free-imgs.acfun.cn/newUpload/10144864_ee78f4d0678d414f9ce18c29231cf17a.jpeg?imageslim,AcFun,日榜,day,hotlist,,2026-09-25 01:20:17
28,【黒碳】ライトダンス - サカナクション【生日作】【翻唱】,本家:サカナクション ; 翻唱: 黒碳Kurotan; 后期: 黒碳Kurotan; 曲绘: 黒碳Kurotan; PV: 黒碳Kurotan以及十分牛杯的網站：https://pv.pixjam.cn/ 背景是用這個做的!! 狠狠趕工終於做完了 好感動,1038,https://www.acfun.cn/v/ac48869560,https://tx-free-imgs.acfun.cn/newUpload/13707663_f611642aa87b4dab9a8d8a6beb7ace77.jpeg?imageslim,AcFun,日榜,day,hotlist,,2026-09-25 01:20:17
29,下班后跳一段恋爱的条件～,,812,https://www.acfun.cn/v/ac48871308,https://tx-free-imgs.acfun.cn/newUpload/43459034_9aa96c2a93884a3891b73b05298d8521.jpg?imageslim,AcFun,日榜,day,hotlist,,2026-09-25 01:20:17
30,BR66型蒸汽机车 trix越来越垃圾了！尤其是垃圾会员车，一个比一个烂！这一次终于拉了一坨更大的！,,627,https://www.acfun.cn/v/ac48871197,https://tx-free-imgs.acfun.cn/newUpload/66128753_8563c2ab24aa4a2289e52500bc42f1f1.png?imageslim,AcFun,日榜,day,hotlist,,2026-09-25 01:20:17
31,AOA-猫步轻俏,,1156,https://www.acfun.cn/v/ac48869298,https://tx-free-imgs.acfun.cn/newUpload/795184_6cc9a8a9e54144c3b69380546963be9b.jpeg?imageslim,AcFun,日榜,day,hotlist,,2026-09-25 01:20:17
32,【AI】山间竹林仙子,Comfyui,1042,https://www.acfun.cn/v/ac48870853,https://tx-free-imgs.acfun.cn/newUpload/14047168_20afdd6955bd44a9a04b0629aecb5ad1.jpeg?imageslim,AcFun,日榜,day,hotlist,,2026-09-25 01:20:17
33,这套皮肤真的很喜欢,,892,https://www.acfun.cn/v/ac48871657,https://tx-free-imgs.acfun.cn/newUpload/16380981_ac9640e59a3a42e093fcee0a0b81d474.jpg?imageslim,AcFun,日榜,day,hotlist,,2026-09-25 01:20:17
34,如果是机器人女友，怎么哄男朋友呢？！,,1125,https://www.acfun.cn/v/ac48870116,https://tx-free-imgs.acfun.cn/newUpload/17928_330fc95b89c04eda831570be0a48cb0e.png?imageslim,AcFun,日榜,day,hotlist,,2026-09-25 01:20:17
35,偶遇杀手莲子,,1084,https://www.acfun.cn/v/ac48869299,https://tx-free-imgs.acfun.cn/newUpload/71220423_889894cc6b094cc9b583de3b2598cd68.jpeg?imageslim,AcFun,日榜,day,hotlist,,2026-09-25 01:20:17
36,你迟早会背叛我的,,1300,https://www.acfun.cn/v/ac48869570,https://tx-free-imgs.acfun.cn/newUpload/2742252_1977688b66b746918c3e25dd4f72a7b1.jpg?imageslim,AcFun,日榜,day,hotlist,,2026-09-25 01:20:17
37,绿梦：时空之声公测定档！公测版本全面优化！,绿梦：时空之声公测定档！公测版本全面优化！,1108,https://www.acfun.cn/v/ac48871268,https://tx-free-imgs.acfun.cn/newUpload/63104383_33b9de6d951a4ca0b5a7b9dfc2fc748e.gif?imageslim,AcFun,日榜,day,hotlist,,2026-09-25 01:20:17
38,绝顶性感黑丝恋爱的条件舞蹈翻跳,,1241,https://www.acfun.cn/v/ac48869441,https://tx-free-imgs.acfun.cn/newUpload/28629507_d2a69d82115e4fd395dffc8ca7572bab.png?imageslim,AcFun,日榜,day,hotlist,,2026-09-25 01:20:17
39,22.称霸水下四亿年，人类最古老的远房祖先：硬骨鱼总纲,22.称霸水下四亿年，人类最古老的远房祖先：硬骨鱼总纲,697,https://www.acfun.cn/v/ac48871354,https://tx-free-imgs.acfun.cn/newUpload/28933912_40dcb39f039045868ae364582e4a1797.jpeg?imageslim,AcFun,日榜,day,hotlist,,2026-09-25 01:20:17
40,上线才半年，腾讯养的“龙虾”QClaw，官宣停运了！,,1078,https://www.acfun.cn/v/ac48871074,https://tx-free-imgs.acfun.cn/newUpload/17928_22da7d70ed6749f690e735b0f098a800.png?imageslim,AcFun,日榜,day,hotlist,,2026-09-25 01:20:17
41,【小腐】暧昧回避,夕阳下起舞吧,335,https://www.acfun.cn/v/ac48869652,https://tx-free-imgs.acfun.cn/newUpload/13893173_aae9f2e333b24238961905e095f6c60c.png?imageslim,AcFun,日榜,day,hotlist,,2026-09-25 01:20:17
42,飒！BABYMONSTER CHIQUITA小姐姐跳《Worth It》,-v -好不好看呢,1041,https://www.acfun.cn/v/ac48870427,https://tx-free-imgs.acfun.cn/newUpload/199029_44d3343f2e3742c780253ef0f9df1a6b.png?imageslim,AcFun,日榜,day,hotlist,,2026-09-25 01:20:17
43,【雀魂汪汪录】第402期 牌没有问题，你们打吧,BGM可以通过网易云搜索【雀魂汪汪录BGM】就可以找到啦！<br/><br/>雀魂汪汪录 周四中午见<br/><br/>微博 @雀魂麻将majsoul<br/><br/>——————————————————————————<br/><br/>想要投稿的玩家~务必请通过邮箱来进行投稿~【请不要在评论区或是私信投稿，谢谢】<br/><br/>邮箱地址：tg@maj-soul.com<br/><br/>投稿最少需要注明【局目、内容、牌谱链接】哦！,843,https://www.acfun.cn/v/ac48868870,https://tx-free-imgs.acfun.cn/newUpload/14265704_e978d1ceac98487a9e811f09bc2d943f.jpeg?imageslim,AcFun,日榜,day,hotlist,,2026-09-25 01:20:17
44,【牛子组合】凉凉,世事一场大梦，人生几度秋凉，祝大家26年中秋快乐,471,https://www.acfun.cn/v/ac48870493,https://tx-free-imgs.acfun.cn/newUpload/358616_22f2cb85fdca497ab5cd556c984493d6.png?imageslim,AcFun,日榜,day,hotlist,,2026-09-25 01:20:17
45,重制版 2026年还有人看重制版吗？魔兽争霸xiaoy解说浪漫 kaho,,833,https://www.acfun.cn/v/ac48869843,https://tx-free-imgs.acfun.cn/newUpload/37584199_8b81592540634f919b6c685d31aa555c.jpeg?imageslim,AcFun,日榜,day,hotlist,,2026-09-25 01:20:17
46,社畜身份不是你精致生活的角色扮演,,450,https://www.acfun.cn/v/ac48871467,https://tx-free-imgs.acfun.cn/newUpload/14013875_ec82a37907ff4565a6f6f6d916bd7117.png?imageslim,AcFun,日榜,day,hotlist,,2026-09-25 01:20:17
47,小兔-20260923 abracadabra 上下 恋爱的条件 成人礼 晚安吻,,716,https://www.acfun.cn/v/ac48870476,https://tx-free-imgs.acfun.cn/newUpload/78055394_4dcf7a6688cb4a1994bd96389cc84b38.jpeg?imageslim,AcFun,日榜,day,hotlist,,2026-09-25 01:20:17
48,AEW Dynamite #364/Collision #163 2026.09.23,"AEW Continental Title Eliminator Match<br/>Jon Moxley vs. Dezmond Xavier<br/>Tag Team Match<br/>Claudio Castagnoli & Gabe Kidd vs. Mike Bailey & Will Ospreay<br/>AEW TBS Title Match<br/>Persephone (c) vs. Hyan<br/>AEW World Trios Title Match<br/>Swerve Strickland & The New Level (Austin Creed & Kofi) (c) vs. The Demand (Bishop Kaun, Ricochet & Toa Liona)",1143,https://www.acfun.cn/v/ac48870183,https://tx-free-imgs.acfun.cn/newUpload/2327201_162cb51156a5464a9aa00ba19aac34ef.jpeg?imageslim,AcFun,日榜,day,hotlist,,2026-09-25 01:20:17
49,三角洲行动：威力巨大的巴雷特狙击步枪，一枪毙命就是爽,反器材不行，还是来反步兵吧。,404,https://www.acfun.cn/v/ac48869561,https://tx-free-imgs.acfun.cn/newUpload/11602352_67012a71c8e64cb59ea80b622bb985f2.jpeg?imageslim,AcFun,日榜,day,hotlist,,2026-09-25 01:20:17
50,美女服务,,1258,https://www.acfun.cn/v/ac48869621,https://tx-free-imgs.acfun.cn/newUpload/2742252_02804d4219da48d19ddd15d99950021c.jpg?imageslim,AcFun,日榜,day,hotlist,,2026-09-25 01:20:17
1,是谁点的小恶魔，蕉出来～,,4881,https://www.acfun.cn/v/ac48867778,https://tx-free-imgs.acfun.cn/newUpload/17062172_6098fee67d1748e0ab5dab3b5665736c.jpg?imageslim,AcFun,三日榜,three-days,hotlist,,2026-09-25 01:20:17
2,【绘图过程】《海边》6周年纪念插图过程,6周年纪念插图挂画（预售）、沙滩巾（预售），阿宝已上架,3223,https://www.acfun.cn/v/ac48836990,https://tx-free-imgs.acfun.cn/newUpload/179922_9f95aba039e84f3594c3947b3c8fdd58.jpeg?imageslim,AcFun,三日榜,three-days,hotlist,,2026-09-25 01:20:17
3,还是少妇会的多啊！★手机竖屏2011★,审核大大辛苦了！<br/>谢谢每一个投蕉的帅哥美女！香蕉没有来个赞也好啊！<br/>视频来自快手等平台，侵权联系删除！,5034,https://www.acfun.cn/v/ac48864360,https://tx-free-imgs.acfun.cn/newUpload/2176158_3d4f199fd93640468e543b9ee25ac4c0.gif?imageslim,AcFun,三日榜,three-days,hotlist,,2026-09-25 01:20:17
4,《野生动物迷惑行为》,喜欢请投蕉啊   谢谢啦！,2536,https://www.acfun.cn/v/ac48868360,https://tx-free-imgs.acfun.cn/newUpload/1342385_3fab348c538e4c0fa001871a708fe302.jpeg?imageslim,AcFun,三日榜,three-days,hotlist,,2026-09-25 01:20:17
5,漫威金刚狼深陷争议！SweetBaby又毁一款？【绅批】,这算是DEI的历史遗留问题了，所有现在已经从sweetbaby离职的人，只要参与过游戏制作也会被署名（比如桥本和真）,2697,https://www.acfun.cn/v/ac48868810,https://tx-free-imgs.acfun.cn/newUpload/526850_ca1da1572b1d494a93e2f6bab46cf76b.jpeg?imageslim,AcFun,三日榜,three-days,hotlist,,2026-09-25 01:20:17
6,mr chu!!好怀念这首歌,,1927,https://www.acfun.cn/v/ac48869375,https://tx-free-imgs.acfun.cn/newUpload/16380981_19592eb83a88429695ee1a0508fc3df0.png?imageslim,AcFun,三日榜,three-days,hotlist,,2026-09-25 01:20:17
7,25年了，回坊天花板小酥肉，还是那个味儿,记忆中的味道，回来了，都回来了……<br/>一口椒麻一口鲜，大口吃肉，配上热腾腾的米饭，绝了。<br/>素三鲜也是无敌的存在！,2485,https://www.acfun.cn/v/ac48865538,https://tx-free-imgs.acfun.cn/newUpload/13765438_9bc4a0abf32a4c1aa3e83c844de84649.jpeg?imageslim,AcFun,三日榜,three-days,hotlist,,2026-09-25 01:20:17
8,拳击好啊，拳击得学！欢乐八点档-1781,审核大大辛苦了！<br/>免费的香蕉投一下吧，没有那就点个赞吧，这对我来说很重要，谢谢！！！<br/>谢谢每一个投蕉的帅哥美女！你们是我坚持更新的动力！<br/>视频来自快手等平台，侵权联系删除！,3894,https://www.acfun.cn/v/ac48868336,https://tx-free-imgs.acfun.cn/newUpload/2176158_3f6c601293a54468bae97f781440217b.gif?imageslim,AcFun,三日榜,three-days,hotlist,,2026-09-25 01:20:17
9,北京豆汁会惩罚每一个好奇的人！欢乐八点档-1780,审核大大辛苦了！<br/>免费的香蕉投一下吧，没有那就点个赞吧，这对我来说很重要，谢谢！！！<br/>谢谢每一个投蕉的帅哥美女！你们是我坚持更新的动力！<br/>视频来自快手等平台，侵权联系删除！,4334,https://www.acfun.cn/v/ac48865965,https://tx-free-imgs.acfun.cn/newUpload/2176158_ec83e6fb2ffc4005b41881ac13dbaeca.gif?imageslim,AcFun,三日榜,three-days,hotlist,,2026-09-25 01:20:17
10,网络上常见的热门短视频集锦   第三千四百四十五期,审核大大辛苦了！<br/>谢谢每一个投蕉的帅哥美女！香蕉没有来个赞也好啊！<br/>视频来自快手等平台，侵权联系删除！,3783,https://www.acfun.cn/v/ac48866824,https://tx-free-imgs.acfun.cn/newUpload/2176158_dba921eb42f14c7ba31a1af83bfe71ce.gif?imageslim,AcFun,三日榜,three-days,hotlist,,2026-09-25 01:20:17
11,空中瑜伽！！！★手机竖屏2012★,审核大大辛苦了！<br/>谢谢每一个投蕉的帅哥美女！香蕉没有来个赞也好啊！<br/>视频来自快手等平台，侵权联系删除！,4263,https://www.acfun.cn/v/ac48866821,https://tx-free-imgs.acfun.cn/newUpload/2176158_610807af48f5463a891fc9f341c9b16f.gif?imageslim,AcFun,三日榜,three-days,hotlist,,2026-09-25 01:20:17
12,我真的是来吃饭的！★手机竖屏2013★,审核大大辛苦了！<br/>谢谢每一个投蕉的帅哥美女！香蕉没有来个赞也好啊！<br/>视频来自快手等平台，侵权联系删除！,3152,https://www.acfun.cn/v/ac48869145,https://tx-free-imgs.acfun.cn/newUpload/2176158_eb4b69370b8f435aa2b171e72403d356.gif?imageslim,AcFun,三日榜,three-days,hotlist,,2026-09-25 01:20:17
13,厨师长教你：“鱼香肉丝”的家常做法，酸甜微辣，口感丰富,,1942,https://www.acfun.cn/v/ac48867741,https://tx-free-imgs.acfun.cn/newUpload/13274260_93e68d1098d04ffca2683655a6a404c2.jpeg?imageslim,AcFun,三日榜,three-days,hotlist,,2026-09-25 01:20:17
14,今天你不能嫁出去【今天有什么好笑的 #2514】,：)，谢谢大家，祝你们开心。<br/>wallpaper壁纸：Fading Astronaut 5K (update)<br/>BGM：I Want It That Way,2829,https://www.acfun.cn/v/ac48865864,https://tx-free-imgs.acfun.cn/newUpload/383079_ee4f5f7badf74f05a2ef6c691387f327.gif?imageslim,AcFun,三日榜,three-days,hotlist,,2026-09-25 01:20:17
15,网络上常见的热门短视频集锦   第三千四百四十三期,审核大大辛苦了！<br/>谢谢每一个投蕉的帅哥美女！香蕉没有来个赞也好啊！<br/>视频来自快手等平台，侵权联系删除！,3554,https://www.acfun.cn/v/ac48864363,https://tx-free-imgs.acfun.cn/newUpload/2176158_dfef22dbf6934a15a594e5766b8680ca.gif?imageslim,AcFun,三日榜,three-days,hotlist,,2026-09-25 01:20:17
16,网络上常见的热门短视频集锦   第三千四百四十四期,审核大大辛苦了！<br/>谢谢每一个投蕉的帅哥美女！香蕉没有来个赞也好啊！<br/>视频来自快手等平台，侵权联系删除！,3479,https://www.acfun.cn/v/ac48865021,https://tx-free-imgs.acfun.cn/newUpload/2176158_663463f1e6004dc2b4dea153d1e60c05.gif?imageslim,AcFun,三日榜,three-days,hotlist,,2026-09-25 01:20:17
17,嘴角压不住了【今天有什么好笑的 #2515】,：），谢谢大家的投蕉和点赞，祝你开心愉快~<br/>wallpaper壁纸：Genshin 神里绫华<br/>BGM：Wake me up when september ends,2318,https://www.acfun.cn/v/ac48868130,https://tx-free-imgs.acfun.cn/newUpload/383079_ef65121591434d2b86d53db1622776cd.gif?imageslim,AcFun,三日榜,three-days,hotlist,,2026-09-25 01:20:17
18,粉丝让我录的，不理解但照做！！！,怪哦~,1971,https://www.acfun.cn/v/ac48866011,https://tx-free-imgs.acfun.cn/newUpload/210705_6db288d8849d4e408bbee41ce9116989.jpeg?imageslim,AcFun,三日榜,three-days,hotlist,,2026-09-25 01:20:17
19,因为害怕被讨厌 所以把自己藏起来了,,1660,https://www.acfun.cn/v/ac48871331,https://tx-free-imgs.acfun.cn/newUpload/11361784_3d4bd69b46f541e184c2922c24f09276.jpg?imageslim,AcFun,三日榜,three-days,hotlist,,2026-09-25 01:20:17
20,网络上常见的热门短视频集锦   第三千四百四十六期,审核大大辛苦了！<br/>谢谢每一个投蕉的帅哥美女！香蕉没有来个赞也好啊！<br/>视频来自快手等平台，侵权联系删除！,3518,https://www.acfun.cn/v/ac48867732,https://tx-free-imgs.acfun.cn/newUpload/2176158_2ec1d99da19a48e0a8e4ff2a2447e612.gif?imageslim,AcFun,三日榜,three-days,hotlist,,2026-09-25 01:20:17
21,双手合十萨瓦迪卡！,,1767,https://www.acfun.cn/v/ac48863951,https://tx-free-imgs.acfun.cn/newUpload/12439728_638a29114abf4b0bafda38c61f497df1.png?imageslim,AcFun,三日榜,three-days,hotlist,,2026-09-25 01:20:17
22,昆汀力荐！这部复仇老片，竟是杀死比尔的人物原型来源,,1615,https://www.acfun.cn/v/ac48865483,https://tx-free-imgs.acfun.cn/newUpload/8042365_d9ae5a725d8848abb4b488acbf483611.jpeg?imageslim,AcFun,三日榜,three-days,hotlist,,2026-09-25 01:20:17
23,姛姛？！蝴蝶耳机Manget中文翻唱【箐羽Hane】x【缇若柯Teivoc】,“是否你确实表里如一淡然，还是说你——并不似我贪婪？”<br/>《Manget》磁石 / 蝴蝶耳机 - 中文翻唱<br/>原作作曲 / 流星P<br/>曲绘&翻唱 / 箐羽hane & 缇若柯Teivoc<br/>中文填词 / 果汁凉菜<br/>混音 / 风尘<br/>和笋笋一起唱了我们二次元姛神曲！曲绘也是我和笋笋每个人负责了自己的部分最后再拼到一起的！真好！( *^ ^)o(^ ^* )希望大家也能喜欢！,1280,https://www.acfun.cn/v/ac48869340,https://tx-free-imgs.acfun.cn/newUpload/67511609_d868cdbd6b1849e8958696cdc9db1493.jpeg?imageslim,AcFun,三日榜,three-days,hotlist,,2026-09-25 01:20:17
24,人鱼的眼泪,歌曲舞蹈：爱乐之城-人鱼的眼泪,1496,https://www.acfun.cn/v/ac48867050,https://tx-free-imgs.acfun.cn/newUpload/12229455_130b1f041e6741dab4f6295ee27d927e.jpeg?imageslim,AcFun,三日榜,three-days,hotlist,,2026-09-25 01:20:17
25,常州新开巴西烤肉自助，100块钱值得吗？,这是我目前为止，去过的第二家巴西烤肉自助，团购优惠的情况下，花了94元。正常价格在95~110不等<br/><br/>简单带大家看下菜品，除了取餐台这么些，各种牛肉制品、大串烧烤都是循环上桌，大家觉得这么些菜式花样，100块钱左右你们觉得贵还是便宜啊，觉得贵的扣1，觉得便宜的扣2,1777,https://www.acfun.cn/v/ac48868891,https://tx-free-imgs.acfun.cn/newUpload/2046675_bf3a59ddff624646850829452262094e.jpeg?imageslim,AcFun,三日榜,three-days,hotlist,,2026-09-25 01:20:17
26,这样的学姐喜欢吗？欢乐八点档-1782,审核大大辛苦了！<br/>免费的香蕉投一下吧，没有那就点个赞吧，这对我来说很重要，谢谢！！！<br/>谢谢每一个投蕉的帅哥美女！你们是我坚持更新的动力！<br/>视频来自快手等平台，侵权联系删除！,1948,https://www.acfun.cn/v/ac48870057,https://tx-free-imgs.acfun.cn/newUpload/2176158_4c1f3b60f73e451abc443941d47305d8.gif?imageslim,AcFun,三日榜,three-days,hotlist,,2026-09-25 01:20:17
27,Summertime,歌曲：summer time<br/>动作参考：紫嘉儿<br/>原版编舞：（Millennium红房子_BON）<br/>参考编舞：(GFRIEND《Sunny Summer）,1687,https://www.acfun.cn/v/ac48864563,https://tx-free-imgs.acfun.cn/newUpload/12229455_1a8e22f51f3e4effa32c00abb4fd05af.jpeg?imageslim,AcFun,三日榜,three-days,hotlist,,2026-09-25 01:20:17
28,网络上常见的热门短视频集锦   第三千四百四十八期,审核大大辛苦了！<br/>谢谢每一个投蕉的帅哥美女！香蕉没有来个赞也好啊！<br/>视频来自快手等平台，侵权联系删除！,2575,https://www.acfun.cn/v/ac48870020,https://tx-free-imgs.acfun.cn/newUpload/2176158_d65e54f4e9ee489b86b6fc28c31c84ee.gif?imageslim,AcFun,三日榜,three-days,hotlist,,2026-09-25 01:20:17
29,原创编舞《千层套路》的定机位竖屏来啦！,,1548,https://www.acfun.cn/v/ac48869245,https://tx-free-imgs.acfun.cn/newUpload/16380981_24bafd11c027499d9fe6820162faa782.png?imageslim,AcFun,三日榜,three-days,hotlist,,2026-09-25 01:20:17
30,现在电脑不好卖了，以后我们出租AI机器人吧,,1610,https://www.acfun.cn/v/ac48867767,https://tx-free-imgs.acfun.cn/newUpload/17928_c684f06231604145b533a0f00627c624.png?imageslim,AcFun,三日榜,three-days,hotlist,,2026-09-25 01:20:17
31,北京的最北端在黑龙江？？？国内飞地是怎么形成的？,这份中国地图，是你从未看过的船新版本，放大几倍就会发现，在大家熟悉的各个省份中，还藏着一堆 “你中有我、我中有你” 的飞地。,1737,https://www.acfun.cn/v/ac48867896,https://tx-free-imgs.acfun.cn/newUpload/13630266_cc2428a99a42453f99c9e1306e7a43bb.jpeg?imageslim,AcFun,三日榜,three-days,hotlist,,2026-09-25 01:20:17
32,我要辞职了！,,1621,https://www.acfun.cn/v/ac48863957,https://tx-free-imgs.acfun.cn/newUpload/12439728_7c57a0735675474590bf7b25e1a34527.png?imageslim,AcFun,三日榜,three-days,hotlist,,2026-09-25 01:20:17
33,交通事故20260923：交通车祸实例，提高安全驾驶意识,,1358,https://www.acfun.cn/v/ac48868861,https://tx-free-imgs.acfun.cn/newUpload/76871961_edea5de6659a4cd2b733a74989043440.jpg?imageslim,AcFun,三日榜,three-days,hotlist,,2026-09-25 01:20:17
34,捏捏已经已进化到可以吃的地步啦？,,1592,https://www.acfun.cn/v/ac48868638,https://tx-free-imgs.acfun.cn/newUpload/6177430_486c910212d548c991eeb140f146a6ed.jpeg?imageslim,AcFun,三日榜,three-days,hotlist,,2026-09-25 01:20:17
35,网络上常见的热门短视频集锦   第三千四百四十七期,审核大大辛苦了！<br/>谢谢每一个投蕉的帅哥美女！香蕉没有来个赞也好啊！<br/>视频来自快手等平台，侵权联系删除！,2519,https://www.acfun.cn/v/ac48869149,https://tx-free-imgs.acfun.cn/newUpload/2176158_fdf9afe2e00a4a1aa62415c846776eaf.gif?imageslim,AcFun,三日榜,three-days,hotlist,,2026-09-25 01:20:17
36,我终于瘦到120斤以下了！,,1621,https://www.acfun.cn/v/ac48867016,https://tx-free-imgs.acfun.cn/newUpload/16380981_906db098cf5d4eaca57bde52b0ae8bf2.jpg?imageslim,AcFun,三日榜,three-days,hotlist,,2026-09-25 01:20:17
37,《奶凶奶凶的漫威金刚狼！》,游戏名：《漫威金刚狼》- Marvel s Wolverine<br/>直播玩了15小时左右一周目通关啦~(*^▽^*)开心，这期是切片呦~,1797,https://www.acfun.cn/v/ac48866669,https://tx-free-imgs.acfun.cn/newUpload/61352468_cb62bfe2e19c4f35804259fac7f8c226.jpeg?imageslim,AcFun,三日榜,three-days,hotlist,,2026-09-25 01:20:17
38,嘉蒂丝模型曝光！很大！策划团队产能恢复？,明天新角色就要上了，技系直接立于天上。,1788,https://www.acfun.cn/v/ac48866809,https://tx-free-imgs.acfun.cn/newUpload/247671_ee6def92d94a4ab1b770fa166f4de4b7.jpeg?imageslim,AcFun,三日榜,three-days,hotlist,,2026-09-25 01:20:17
39,好曲不挑舞！《琵琶曲》你喜欢的是？,,1370,https://www.acfun.cn/v/ac48866497,https://tx-free-imgs.acfun.cn/newUpload/1161851_90c6400f25f14d969028c8a6779eaaf5.png?imageslim,AcFun,三日榜,three-days,hotlist,,2026-09-25 01:20:17
40,抱紧原生家庭（90）,,1389,https://www.acfun.cn/v/ac48867786,https://tx-free-imgs.acfun.cn/newUpload/74706824_fcc9a2386aff4fb0b3ecd158e3c6b97f.png?imageslim,AcFun,三日榜,three-days,hotlist,,2026-09-25 01:20:17
41,你吃月饼了吗？,,1375,https://www.acfun.cn/v/ac48869054,https://tx-free-imgs.acfun.cn/newUpload/1167675_8f48723afb0e41ecbe772249b3f4df1a.jpg?imageslim,AcFun,三日榜,three-days,hotlist,,2026-09-25 01:20:17
42,换你穿越三国乱世，你是起兵还是种田？,有没有宝贝和我一样，看三国的时候总在想，如果换我身在那个乱世，我会怎么样？是起兵争霸，还是归隐山林？ 或是是咱们可以选三国里有名的角色或者可以架空历史从素人做起，一统三国，那会怎么样?我最近就玩了这么一款游戏，一玩就是五个小时，根本停不下来，那今天来聊聊这款开放世界slg游戏《英雄立志传：三国志》~<br/>,1530,https://www.acfun.cn/v/ac48869043,https://tx-free-imgs.acfun.cn/newUpload/61352468_39715609bed041b98b21f3dbb482ad70.jpeg?imageslim,AcFun,三日榜,three-days,hotlist,,2026-09-25 01:20:17
43,老板直聘（89）,,1363,https://www.acfun.cn/v/ac48868552,https://tx-free-imgs.acfun.cn/newUpload/74706824_db2c7ba15c5d4aa18872db6b0763b7ca.jpeg?imageslim,AcFun,三日榜,three-days,hotlist,,2026-09-25 01:20:17
44,奥迪“宫斗”十年大结局？一汽拿四环，上汽拿AUDI,一汽奥迪和上汽奥迪“宫斗”了十年，终于要划下句号了？,1303,https://www.acfun.cn/v/ac48870981,https://tx-free-imgs.acfun.cn/newUpload/13630266_3fde785be5a2411495618f67d01ab66a.jpeg?imageslim,AcFun,三日榜,three-days,hotlist,,2026-09-25 01:20:17
45,【柯基】papi酱《生气了》｜oh my god你吓到我了,,1390,https://www.acfun.cn/v/ac48867295,https://tx-free-imgs.acfun.cn/newUpload/29493245_980e56a85587473a82c7499c2ed115cb.png?imageslim,AcFun,三日榜,three-days,hotlist,,2026-09-25 01:20:17
46,发怒了好多次哈哈哈哈，最后一遍最好！,,1383,https://www.acfun.cn/v/ac48867030,https://tx-free-imgs.acfun.cn/newUpload/16380981_8a800edc429e47809b3a0e69ec22c530.jpg?imageslim,AcFun,三日榜,three-days,hotlist,,2026-09-25 01:20:17
47,发个friend圈,,1238,https://www.acfun.cn/v/ac48863958,https://tx-free-imgs.acfun.cn/newUpload/12439728_b44cb67ae45a4c179b08227368f4159c.png?imageslim,AcFun,三日榜,three-days,hotlist,,2026-09-25 01:20:17
48,只有刀鸣最小丑？各大游戏千年血战联动盘点！,300英雄的含金量还在上升,1845,https://www.acfun.cn/v/ac48869154,https://tx-free-imgs.acfun.cn/newUpload/247671_7d920e56c00e4af39fed560bf094f965.jpeg?imageslim,AcFun,三日榜,three-days,hotlist,,2026-09-25 01:20:17
49,【冰岛第二集】自驾穿越无人区，我遇到了百年一遇的奇观,,1353,https://www.acfun.cn/v/ac48866428,https://tx-free-imgs.acfun.cn/newUpload/14288157_43766a4a98a8466597ceb64c2965e1ff.jpeg?imageslim,AcFun,三日榜,three-days,hotlist,,2026-09-25 01:20:17
50,沦陷️,歌曲舞蹈：沦陷dj版-星奇摇   动作有改编,1219,https://www.acfun.cn/v/ac48869381,https://tx-free-imgs.acfun.cn/newUpload/12229455_aacf9da97a0940ad8e5f0b509d9cc159.jpeg?imageslim,AcFun,三日榜,three-days,hotlist,,2026-09-25 01:20:17
1,剑戟战斗的巅峰 关卡内容的洼地 偏科严重的《鬼武者：剑之道》,它给人爽的部分是真的爽，但是在每次爽之前，你得堵不少马桶，先生。,4345,https://www.acfun.cn/v/ac48859506,https://tx-free-imgs.acfun.cn/newUpload/934542_5d98ad80ca9c4307b5cdc2051c11cb50.jpeg?imageslim,AcFun,周榜,week,hotlist,,2026-09-25 01:20:17
2,【写真】ol穿搭,,10334,https://www.acfun.cn/v/ac48856919,https://tx-free-imgs.acfun.cn/newUpload/3540234_86355333f0d94a46842be6ec42cca369.jpg?imageslim,AcFun,周榜,week,hotlist,,2026-09-25 01:20:17
3,跳最开心的一集,,3927,https://www.acfun.cn/v/ac48860571,https://tx-free-imgs.acfun.cn/newUpload/50330447_79a3f269514140c29e7a85fb7c9dc94c.jpg?imageslim,AcFun,周榜,week,hotlist,,2026-09-25 01:20:17
4,是谁点的小恶魔，蕉出来～,,4881,https://www.acfun.cn/v/ac48867778,https://tx-free-imgs.acfun.cn/newUpload/17062172_6098fee67d1748e0ab5dab3b5665736c.jpg?imageslim,AcFun,周榜,week,hotlist,,2026-09-25 01:20:17
5,喜欢哪套？,,6451,https://www.acfun.cn/v/ac48861422,https://tx-free-imgs.acfun.cn/newUpload/3540234_729e0d22251f439da3735f26e58d174f.jpg?imageslim,AcFun,周榜,week,hotlist,,2026-09-25 01:20:17
6,过期JK碎碎念！,家人们记得蕉一蕉捏 啾咪,5769,https://www.acfun.cn/v/ac48859219,https://tx-free-imgs.acfun.cn/newUpload/17062172_5dd6ea8b5f2741ff87f0911db6dfb909.jpg?imageslim,AcFun,周榜,week,hotlist,,2026-09-25 01:20:17
7,开学对各省舍友的刻板印象,,4180,https://www.acfun.cn/v/ac48857410,https://tx-free-imgs.acfun.cn/newUpload/13114172_24dabc4c47ec46458d7cdfcc1cd2ee88.jpeg?imageslim,AcFun,周榜,week,hotlist,,2026-09-25 01:20:17
8,优雅永不过时！！！★手机竖屏2007★,审核大大辛苦了！<br/>谢谢每一个投蕉的帅哥美女！香蕉没有来个赞也好啊！<br/>视频来自快手等平台，侵权联系删除！,4323,https://www.acfun.cn/v/ac48855173,https://tx-free-imgs.acfun.cn/newUpload/2176158_d6d6aa7bbc494ad4bd0950cc58784963.gif?imageslim,AcFun,周榜,week,hotlist,,2026-09-25 01:20:17
9,《动物迷惑行为大赏325》,喜欢请投蕉啊 谢谢啦！,2602,https://www.acfun.cn/v/ac48861293,https://tx-free-imgs.acfun.cn/newUpload/1342385_03080470038d444a95ce01ff6a6aeb9f.jpeg?imageslim,AcFun,周榜,week,hotlist,,2026-09-25 01:20:17
10,《动物游戏行为图鉴》,喜欢请投蕉啊 谢谢啦！,2708,https://www.acfun.cn/v/ac48857450,https://tx-free-imgs.acfun.cn/newUpload/1342385_485bc20a4c164df2928409b209fa9afc.jpeg?imageslim,AcFun,周榜,week,hotlist,,2026-09-25 01:20:17
11,双马尾小女仆带来的情绪摇～,,3908,https://www.acfun.cn/v/ac48861966,https://tx-free-imgs.acfun.cn/newUpload/11361784_8cee0402b4754b1e82f85b7099791793.jpg?imageslim,AcFun,周榜,week,hotlist,,2026-09-25 01:20:17
12,【绘图过程】《海边》6周年纪念插图过程,6周年纪念插图挂画（预售）、沙滩巾（预售），阿宝已上架,3223,https://www.acfun.cn/v/ac48836990,https://tx-free-imgs.acfun.cn/newUpload/179922_9f95aba039e84f3594c3947b3c8fdd58.jpeg?imageslim,AcFun,周榜,week,hotlist,,2026-09-25 01:20:17
13,帮Acer问一下，地址在哪里？欢乐八点档-1779,审核大大辛苦了！<br/>免费的香蕉投一下吧，没有那就点个赞吧，这对我来说很重要，谢谢！！！<br/>谢谢每一个投蕉的帅哥美女！你们是我坚持更新的动力！<br/>视频来自快手等平台，侵权联系删除！,4399,https://www.acfun.cn/v/ac48863633,https://tx-free-imgs.acfun.cn/newUpload/2176158_ff69c3c797d5414e8056b329918cc5b6.gif?imageslim,AcFun,周榜,week,hotlist,,2026-09-25 01:20:17
14,人间琴悠扬，姑娘把谁记心上～,,2678,https://www.acfun.cn/v/ac48863143,https://tx-free-imgs.acfun.cn/newUpload/50330447_938d77716a11477e843914663278ff07.jpg?imageslim,AcFun,周榜,week,hotlist,,2026-09-25 01:20:17
15,还是少妇会的多啊！★手机竖屏2011★,审核大大辛苦了！<br/>谢谢每一个投蕉的帅哥美女！香蕉没有来个赞也好啊！<br/>视频来自快手等平台，侵权联系删除！,5034,https://www.acfun.cn/v/ac48864360,https://tx-free-imgs.acfun.cn/newUpload/2176158_3d4f199fd93640468e543b9ee25ac4c0.gif?imageslim,AcFun,周榜,week,hotlist,,2026-09-25 01:20:17
16,漫威金刚狼深陷争议！SweetBaby又毁一款？【绅批】,这算是DEI的历史遗留问题了，所有现在已经从sweetbaby离职的人，只要参与过游戏制作也会被署名（比如桥本和真）,2697,https://www.acfun.cn/v/ac48868810,https://tx-free-imgs.acfun.cn/newUpload/526850_ca1da1572b1d494a93e2f6bab46cf76b.jpeg?imageslim,AcFun,周榜,week,hotlist,,2026-09-25 01:20:17
17,钓鱼佬是真会享受！欢乐八点档-1777,审核大大辛苦了！<br/>免费的香蕉投一下吧，没有那就点个赞吧，这对我来说很重要，谢谢！！！<br/>谢谢每一个投蕉的帅哥美女！你们是我坚持更新的动力！<br/>视频来自快手等平台，侵权联系删除！,4570,https://www.acfun.cn/v/ac48858969,https://tx-free-imgs.acfun.cn/newUpload/2176158_c9d74d926c4c4d709a4b6b7769dffcca.gif?imageslim,AcFun,周榜,week,hotlist,,2026-09-25 01:20:17
18,网络上常见的热门短视频集锦   第三千四百三十八期,审核大大辛苦了！<br/>谢谢每一个投蕉的帅哥美女！香蕉没有来个赞也好啊！<br/>视频来自快手等平台，侵权联系删除！,4406,https://www.acfun.cn/v/ac48858394,https://tx-free-imgs.acfun.cn/newUpload/2176158_38174e72af934b9e86687045b01f0dd3.gif?imageslim,AcFun,周榜,week,hotlist,,2026-09-25 01:20:17
19,一波还未平息一波又来侵袭！★手机竖屏2010★,审核大大辛苦了！<br/>谢谢每一个投蕉的帅哥美女！香蕉没有来个赞也好啊！<br/>视频来自快手等平台，侵权联系删除！,4699,https://www.acfun.cn/v/ac48862013,https://tx-free-imgs.acfun.cn/newUpload/2176158_c4802142afc14d50b2cd775e67890cca.gif?imageslim,AcFun,周榜,week,hotlist,,2026-09-25 01:20:17
20,《野生动物迷惑行为》,喜欢请投蕉啊   谢谢啦！,2536,https://www.acfun.cn/v/ac48868360,https://tx-free-imgs.acfun.cn/newUpload/1342385_3fab348c538e4c0fa001871a708fe302.jpeg?imageslim,AcFun,周榜,week,hotlist,,2026-09-25 01:20:17
21,mr chu!!好怀念这首歌,,1927,https://www.acfun.cn/v/ac48869375,https://tx-free-imgs.acfun.cn/newUpload/16380981_19592eb83a88429695ee1a0508fc3df0.png?imageslim,AcFun,周榜,week,hotlist,,2026-09-25 01:20:17
22,魔兽无限服禁金团引爆社区！但原教旨主义玩家才是最抽象的？【绅批】,所谓“严厉处罚“”顶格也就是封号，会根据情况由短至长，当然能不能具体实行就是另一回事了,3059,https://www.acfun.cn/v/ac48857248,https://tx-free-imgs.acfun.cn/newUpload/526850_b63f9e2a1bd04c38ac3c61257e0b87dd.jpeg?imageslim,AcFun,周榜,week,hotlist,,2026-09-25 01:20:17
23,还是少妇会啊！！！★手机竖屏2009★,审核大大辛苦了！<br/>谢谢每一个投蕉的帅哥美女！香蕉没有来个赞也好啊！<br/>视频来自快手等平台，侵权联系删除！,4837,https://www.acfun.cn/v/ac48859515,https://tx-free-imgs.acfun.cn/newUpload/2176158_d4e9e6e30f4446319f9e720adfe35ef9.gif?imageslim,AcFun,周榜,week,hotlist,,2026-09-25 01:20:17
24,你们内外皆钢，而我们化身钢铁！【达奇】战锤40K故事内容,感谢下巴老师对视频内容的支持与完善,2127,https://www.acfun.cn/v/ac48856443,https://tx-free-imgs.acfun.cn/newUpload/346807_7f5f779958dd4d6986f60021118423da.jpeg?imageslim,AcFun,周榜,week,hotlist,,2026-09-25 01:20:17
25,【AC娘】琵琶曲,原作者：Kotte Animation<br/>还有瑕疵，看个乐吧,3050,https://www.acfun.cn/v/ac48864492,https://tx-free-imgs.acfun.cn/newUpload/41729435_02cbd995b6d54f508eb21d3cb8621903.jpeg?imageslim,AcFun,周榜,week,hotlist,,2026-09-25 01:20:17
26,海洋公园一定要去啊！欢乐八点档-1776,审核大大辛苦了！<br/>免费的香蕉投一下吧，没有那就点个赞吧，这对我来说很重要，谢谢！！！<br/>谢谢每一个投蕉的帅哥美女！你们是我坚持更新的动力！<br/>视频来自快手等平台，侵权联系删除！,4460,https://www.acfun.cn/v/ac48856824,https://tx-free-imgs.acfun.cn/newUpload/2176158_3406d07fb97f486893aedb108728c2ec.gif?imageslim,AcFun,周榜,week,hotlist,,2026-09-25 01:20:17
27,25年了，回坊天花板小酥肉，还是那个味儿,记忆中的味道，回来了，都回来了……<br/>一口椒麻一口鲜，大口吃肉，配上热腾腾的米饭，绝了。<br/>素三鲜也是无敌的存在！,2485,https://www.acfun.cn/v/ac48865538,https://tx-free-imgs.acfun.cn/newUpload/13765438_9bc4a0abf32a4c1aa3e83c844de84649.jpeg?imageslim,AcFun,周榜,week,hotlist,,2026-09-25 01:20:17
28,你的拳头真是肥嘟嘟的...,动漫：心灵的声音，作者：赵石【韩国】,2150,https://www.acfun.cn/v/ac48859870,https://tx-free-imgs.acfun.cn/newUpload/509259_2fa91d5206504450be471808d9c93a22.jpeg?imageslim,AcFun,周榜,week,hotlist,,2026-09-25 01:20:17
29,拳击好啊，拳击得学！欢乐八点档-1781,审核大大辛苦了！<br/>免费的香蕉投一下吧，没有那就点个赞吧，这对我来说很重要，谢谢！！！<br/>谢谢每一个投蕉的帅哥美女！你们是我坚持更新的动力！<br/>视频来自快手等平台，侵权联系删除！,3894,https://www.acfun.cn/v/ac48868336,https://tx-free-imgs.acfun.cn/newUpload/2176158_3f6c601293a54468bae97f781440217b.gif?imageslim,AcFun,周榜,week,hotlist,,2026-09-25 01:20:17
30,这个一字马技术含量很高啊！欢乐八点档-1778,审核大大辛苦了！<br/>免费的香蕉投一下吧，没有那就点个赞吧，这对我来说很重要，谢谢！！！<br/>谢谢每一个投蕉的帅哥美女！你们是我坚持更新的动力！<br/>视频来自快手等平台，侵权联系删除！,4330,https://www.acfun.cn/v/ac48861225,https://tx-free-imgs.acfun.cn/newUpload/2176158_0824627cb76d40dc99ce9cb12c07e4cc.gif?imageslim,AcFun,周榜,week,hotlist,,2026-09-25 01:20:17
31,北京豆汁会惩罚每一个好奇的人！欢乐八点档-1780,审核大大辛苦了！<br/>免费的香蕉投一下吧，没有那就点个赞吧，这对我来说很重要，谢谢！！！<br/>谢谢每一个投蕉的帅哥美女！你们是我坚持更新的动力！<br/>视频来自快手等平台，侵权联系删除！,4334,https://www.acfun.cn/v/ac48865965,https://tx-free-imgs.acfun.cn/newUpload/2176158_ec83e6fb2ffc4005b41881ac13dbaeca.gif?imageslim,AcFun,周榜,week,hotlist,,2026-09-25 01:20:17
32,网络上常见的热门短视频集锦   第三千四百四十一期,审核大大辛苦了！<br/>谢谢每一个投蕉的帅哥美女！香蕉没有来个赞也好啊！<br/>视频来自快手等平台，侵权联系删除！,4137,https://www.acfun.cn/v/ac48862019,https://tx-free-imgs.acfun.cn/newUpload/2176158_6e5a88d95f344d92a8d97a57f03ac4b9.gif?imageslim,AcFun,周榜,week,hotlist,,2026-09-25 01:20:17
33,网络上常见的热门短视频集锦   第三千四百四十五期,审核大大辛苦了！<br/>谢谢每一个投蕉的帅哥美女！香蕉没有来个赞也好啊！<br/>视频来自快手等平台，侵权联系删除！,3783,https://www.acfun.cn/v/ac48866824,https://tx-free-imgs.acfun.cn/newUpload/2176158_dba921eb42f14c7ba31a1af83bfe71ce.gif?imageslim,AcFun,周榜,week,hotlist,,2026-09-25 01:20:17
34,【柯基】《九一八》｜黄自,,1774,https://www.acfun.cn/v/ac48855665,https://tx-free-imgs.acfun.cn/newUpload/29493245_98e6396080ff45c6aabd437a73b80398.png?imageslim,AcFun,周榜,week,hotlist,,2026-09-25 01:20:17
35,你们最爱的皮裤！,,2526,https://www.acfun.cn/v/ac48855485,https://tx-free-imgs.acfun.cn/newUpload/16380981_487b286c74a74f8992afc62c0b8156b5.png?imageslim,AcFun,周榜,week,hotlist,,2026-09-25 01:20:17
36,琵琶曲丨夜神月 VS  L,原曲：琵琶曲,2187,https://www.acfun.cn/v/ac48861693,https://tx-free-imgs.acfun.cn/newUpload/16986934_3bf4dd94910c4845acf851f7f0fdb757.jpeg?imageslim,AcFun,周榜,week,hotlist,,2026-09-25 01:20:17
37,空中瑜伽！！！★手机竖屏2012★,审核大大辛苦了！<br/>谢谢每一个投蕉的帅哥美女！香蕉没有来个赞也好啊！<br/>视频来自快手等平台，侵权联系删除！,4263,https://www.acfun.cn/v/ac48866821,https://tx-free-imgs.acfun.cn/newUpload/2176158_610807af48f5463a891fc9f341c9b16f.gif?imageslim,AcFun,周榜,week,hotlist,,2026-09-25 01:20:17
38,我真的是来吃饭的！★手机竖屏2013★,审核大大辛苦了！<br/>谢谢每一个投蕉的帅哥美女！香蕉没有来个赞也好啊！<br/>视频来自快手等平台，侵权联系删除！,3152,https://www.acfun.cn/v/ac48869145,https://tx-free-imgs.acfun.cn/newUpload/2176158_eb4b69370b8f435aa2b171e72403d356.gif?imageslim,AcFun,周榜,week,hotlist,,2026-09-25 01:20:17
39,网络上常见的热门短视频集锦   第三千四百三十九期,审核大大辛苦了！<br/>谢谢每一个投蕉的帅哥美女！香蕉没有来个赞也好啊！<br/>视频来自快手等平台，侵权联系删除！,4003,https://www.acfun.cn/v/ac48859518,https://tx-free-imgs.acfun.cn/newUpload/2176158_13f61f1aa39c4732bdaeed87fe0e28a4.gif?imageslim,AcFun,周榜,week,hotlist,,2026-09-25 01:20:17
40,厨师长教你：“鱼香肉丝”的家常做法，酸甜微辣，口感丰富,,1942,https://www.acfun.cn/v/ac48867741,https://tx-free-imgs.acfun.cn/newUpload/13274260_93e68d1098d04ffca2683655a6a404c2.jpeg?imageslim,AcFun,周榜,week,hotlist,,2026-09-25 01:20:17
41,一天生产500万个！速冻水饺是如何制造出来的？,,2143,https://www.acfun.cn/v/ac48859253,https://tx-free-imgs.acfun.cn/newUpload/19281632_57f07fe28e24422d948491fd2d43586c.jpeg?imageslim,AcFun,周榜,week,hotlist,,2026-09-25 01:20:17
42,今天你不能嫁出去【今天有什么好笑的 #2514】,：)，谢谢大家，祝你们开心。<br/>wallpaper壁纸：Fading Astronaut 5K (update)<br/>BGM：I Want It That Way,2829,https://www.acfun.cn/v/ac48865864,https://tx-free-imgs.acfun.cn/newUpload/383079_ee4f5f7badf74f05a2ef6c691387f327.gif?imageslim,AcFun,周榜,week,hotlist,,2026-09-25 01:20:17
43,【东方】推特东方小视频选集 第272期,睡觉睡觉睡觉睡觉睡觉睡觉睡觉睡觉睡觉睡觉……,1376,https://www.acfun.cn/v/ac48858830,https://tx-free-imgs.acfun.cn/newUpload/6102_5a13d6efeec742ff84c512206aaeb7b0.jpeg?imageslim,AcFun,周榜,week,hotlist,,2026-09-25 01:20:17
44,甜妹来袭！,,2133,https://www.acfun.cn/v/ac48863947,https://tx-free-imgs.acfun.cn/newUpload/12439728_1fd5a3c6e60241a1a1cd8f89dbede769.png?imageslim,AcFun,周榜,week,hotlist,,2026-09-25 01:20:17
45,单纯的约会（92）,,1804,https://www.acfun.cn/v/ac48857199,https://tx-free-imgs.acfun.cn/newUpload/74706824_a3a60d77e6934225b168686e44216c4b.png?imageslim,AcFun,周榜,week,hotlist,,2026-09-25 01:20:17
46,网络上常见的热门短视频集锦   第三千四百三十六期,审核大大辛苦了！<br/>谢谢每一个投蕉的帅哥美女！香蕉没有来个赞也好啊！<br/>视频来自快手等平台，侵权联系删除！,3945,https://www.acfun.cn/v/ac48856130,https://tx-free-imgs.acfun.cn/newUpload/2176158_4b41dc501581491e9b900fd0a1662e27.gif?imageslim,AcFun,周榜,week,hotlist,,2026-09-25 01:20:17
47,网络上常见的热门短视频集锦   第三千四百四十三期,审核大大辛苦了！<br/>谢谢每一个投蕉的帅哥美女！香蕉没有来个赞也好啊！<br/>视频来自快手等平台，侵权联系删除！,3554,https://www.acfun.cn/v/ac48864363,https://tx-free-imgs.acfun.cn/newUpload/2176158_dfef22dbf6934a15a594e5766b8680ca.gif?imageslim,AcFun,周榜,week,hotlist,,2026-09-25 01:20:17
48,嘞个就是爱情【今天有什么好笑的 #2512】,：），谢谢大家的投蕉和点赞，祝你开心愉快~<br/>wallpaper壁纸：lamp<br/>BGM：What a Feeling,2426,https://www.acfun.cn/v/ac48860992,https://tx-free-imgs.acfun.cn/newUpload/383079_172d192fee55441c96b7352f61e0a25f.gif?imageslim,AcFun,周榜,week,hotlist,,2026-09-25 01:20:17
49,网络上常见的热门短视频集锦   第三千四百三十七期,审核大大辛苦了！<br/>谢谢每一个投蕉的帅哥美女！香蕉没有来个赞也好啊！<br/>视频来自快手等平台，侵权联系删除！,3645,https://www.acfun.cn/v/ac48857544,https://tx-free-imgs.acfun.cn/newUpload/2176158_65f1d403dce7484b8d62b6f272bdbe31.gif?imageslim,AcFun,周榜,week,hotlist,,2026-09-25 01:20:17
50,网络上常见的热门短视频集锦   第三千四百四十四期,审核大大辛苦了！<br/>谢谢每一个投蕉的帅哥美女！香蕉没有来个赞也好啊！<br/>视频来自快手等平台，侵权联系删除！,3479,https://www.acfun.cn/v/ac48865021,https://tx-free-imgs.acfun.cn/newUpload/2176158_663463f1e6004dc2b4dea153d1e60c05.gif?imageslim,AcFun,周榜,week,hotlist,,2026-09-25 01:20:17
1,《野生动物迷惑行为》,喜欢请投蕉啊   谢谢啦！,2586,https://www.acfun.cn/v/ac48868360,https://tx-free-imgs.acfun.cn/newUpload/1342385_3fab348c538e4c0fa001871a708fe302.jpeg?imageslim,AcFun,日榜,day,hotlist,,2026-09-25 02:27:16
2,我真的是来吃饭的！★手机竖屏2013★,审核大大辛苦了！<br/>谢谢每一个投蕉的帅哥美女！香蕉没有来个赞也好啊！<br/>视频来自快手等平台，侵权联系删除！,3206,https://www.acfun.cn/v/ac48869145,https://tx-free-imgs.acfun.cn/newUpload/2176158_eb4b69370b8f435aa2b171e72403d356.gif?imageslim,AcFun,日榜,day,hotlist,,2026-09-25 02:27:16
3,因为害怕被讨厌 所以把自己藏起来了,,1744,https://www.acfun.cn/v/ac48871331,https://tx-free-imgs.acfun.cn/newUpload/11361784_3d4bd69b46f541e184c2922c24f09276.jpg?imageslim,AcFun,日榜,day,hotlist,,2026-09-25 02:27:16
4,姛姛？！蝴蝶耳机Manget中文翻唱【箐羽Hane】x【缇若柯Teivoc】,“是否你确实表里如一淡然，还是说你——并不似我贪婪？”<br/>《Manget》磁石 / 蝴蝶耳机 - 中文翻唱<br/>原作作曲 / 流星P<br/>曲绘&翻唱 / 箐羽hane & 缇若柯Teivoc<br/>中文填词 / 果汁凉菜<br/>混音 / 风尘<br/>和笋笋一起唱了我们二次元姛神曲！曲绘也是我和笋笋每个人负责了自己的部分最后再拼到一起的！真好！( *^ ^)o(^ ^* )希望大家也能喜欢！,1302,https://www.acfun.cn/v/ac48869340,https://tx-free-imgs.acfun.cn/newUpload/67511609_d868cdbd6b1849e8958696cdc9db1493.jpeg?imageslim,AcFun,日榜,day,hotlist,,2026-09-25 02:27:16
5,网络上常见的热门短视频集锦   第三千四百四十八期,审核大大辛苦了！<br/>谢谢每一个投蕉的帅哥美女！香蕉没有来个赞也好啊！<br/>视频来自快手等平台，侵权联系删除！,2641,https://www.acfun.cn/v/ac48870020,https://tx-free-imgs.acfun.cn/newUpload/2176158_d65e54f4e9ee489b86b6fc28c31c84ee.gif?imageslim,AcFun,日榜,day,hotlist,,2026-09-25 02:27:16
6,这样的学姐喜欢吗？欢乐八点档-1782,审核大大辛苦了！<br/>免费的香蕉投一下吧，没有那就点个赞吧，这对我来说很重要，谢谢！！！<br/>谢谢每一个投蕉的帅哥美女！你们是我坚持更新的动力！<br/>视频来自快手等平台，侵权联系删除！,2049,https://www.acfun.cn/v/ac48870057,https://tx-free-imgs.acfun.cn/newUpload/2176158_4c1f3b60f73e451abc443941d47305d8.gif?imageslim,AcFun,日榜,day,hotlist,,2026-09-25 02:27:16
7,网络上常见的热门短视频集锦   第三千四百四十七期,审核大大辛苦了！<br/>谢谢每一个投蕉的帅哥美女！香蕉没有来个赞也好啊！<br/>视频来自快手等平台，侵权联系删除！,2569,https://www.acfun.cn/v/ac48869149,https://tx-free-imgs.acfun.cn/newUpload/2176158_fdf9afe2e00a4a1aa62415c846776eaf.gif?imageslim,AcFun,日榜,day,hotlist,,2026-09-25 02:27:16
8,老板直聘（89）,,1390,https://www.acfun.cn/v/ac48868552,https://tx-free-imgs.acfun.cn/newUpload/74706824_db2c7ba15c5d4aa18872db6b0763b7ca.jpeg?imageslim,AcFun,日榜,day,hotlist,,2026-09-25 02:27:16
9,我要冲会员【今天有什么好笑的 #2516】,：），谢谢大家的投蕉和点赞，祝你开心愉快~<br/>wallpaper壁纸：Reze | Chainsaw Man<br/>BGM：Nicoleta Matei - Love mail<br/>,1800,https://www.acfun.cn/v/ac48870763,https://tx-free-imgs.acfun.cn/newUpload/383079_47b0fc3f458042f5bd3717967e55c598.gif?imageslim,AcFun,日榜,day,hotlist,,2026-09-25 02:27:16
10,奥迪“宫斗”十年大结局？一汽拿四环，上汽拿AUDI,一汽奥迪和上汽奥迪“宫斗”了十年，终于要划下句号了？,1323,https://www.acfun.cn/v/ac48870981,https://tx-free-imgs.acfun.cn/newUpload/13630266_3fde785be5a2411495618f67d01ab66a.jpeg?imageslim,AcFun,日榜,day,hotlist,,2026-09-25 02:27:16
11,发个friend圈,,1261,https://www.acfun.cn/v/ac48863958,https://tx-free-imgs.acfun.cn/newUpload/12439728_b44cb67ae45a4c179b08227368f4159c.png?imageslim,AcFun,日榜,day,hotlist,,2026-09-25 02:27:16
12,沦陷️,歌曲舞蹈：沦陷dj版-星奇摇   动作有改编,1266,https://www.acfun.cn/v/ac48869381,https://tx-free-imgs.acfun.cn/newUpload/12229455_aacf9da97a0940ad8e5f0b509d9cc159.jpeg?imageslim,AcFun,日榜,day,hotlist,,2026-09-25 02:27:16
13,【东方】QUEEN【蕾米莉亚 Miy Ver. MMD】,作者：やくも<br/><br/>楽曲:Kanaria 様→https://www.nicovideo.jp/watch/sm4088...<br/>振付:AKIRA様<br/>モーション:P-nez 様→https://www.nicovideo.jp/watch/sm4350...<br/>カメラ:Mizuha様→https://www.nicovideo.jp/watch/sm4353...<br/>モデル:MIy様<br/>ステージ:栗ごはん様<br/>アクセサリ:アスカ様,1024,https://www.acfun.cn/v/ac48870080,https://tx-free-imgs.acfun.cn/newUpload/6102_6a4dce20c9b74fa0bbdff3ccc0a73c5d.png?imageslim,AcFun,日榜,day,hotlist,,2026-09-25 02:27:16
14,一场70年代的直播装柜记录《魔鬼深夜秀》,献给我1520个粉丝宝子们,1105,https://www.acfun.cn/v/ac48869492,https://tx-free-imgs.acfun.cn/newUpload/4603390_e920fb8cb01c48f6b81dfe49f9bdbdf6.jpeg?imageslim,AcFun,日榜,day,hotlist,,2026-09-25 02:27:16
15,在英国差点被上门诈骗,可能看到我一人在家，就大胆敲门了，还好平常也会注意周边邻居，没发生什么事儿，这个金额就算被骗也不会报警，以后还是要小心一些了。#英国日常#vlog,1198,https://www.acfun.cn/v/ac48869505,https://tx-free-imgs.acfun.cn/newUpload/43181603_1c8c6c487a864d098b5e7e7bf2a12c6a.jpg?imageslim,AcFun,日榜,day,hotlist,,2026-09-25 02:27:16
16,【无字幕】《JOJO的奇妙冒险 飙马野郎 》Part 2 NCOP「SPIN」,,783,https://www.acfun.cn/v/ac48869632,https://tx-free-imgs.acfun.cn/newUpload/30501027_aae616c323af422bb4da842c191d69ce.png?imageslim,AcFun,日榜,day,hotlist,,2026-09-25 02:27:16
17,【AI】今晚的期待,Comfyui,1228,https://www.acfun.cn/v/ac48870865,https://tx-free-imgs.acfun.cn/newUpload/14047168_02bac6c1158f4e108536124c7239e472.jpeg?imageslim,AcFun,日榜,day,hotlist,,2026-09-25 02:27:16
18,坚持跳舞8年改变了什么？《千里邀月》2018vs2026【紫嘉儿】,中秋快乐！没想到8年前的编舞每年这个时候都有很多翻跳，一起用舞蹈记录下美好时光吧！,1081,https://www.acfun.cn/v/ac48870585,https://tx-free-imgs.acfun.cn/newUpload/1161851_851c52555ace464f98231f30a167eedd.png?imageslim,AcFun,日榜,day,hotlist,,2026-09-25 02:27:16
19,"长手打短手？2万分王者局！快速看完一局韩服王者斗殴局#836 十三day, Eclipse,","长手打短手？2万分王者局！快速看完一局韩服王者斗殴局#836 十三day, Eclipse, 0909, Lelitz, 1Jiang <br/>BGM:https://music.163.com/playlist?id=650818240&userid=30476594",1194,https://www.acfun.cn/v/ac48863751,https://tx-free-imgs.acfun.cn/newUpload/1378726_792b017ff72e4ed49b05fe8e1e24f6e4.jpeg?imageslim,AcFun,日榜,day,hotlist,,2026-09-25 02:27:16
20,【AI】小妈裙~chocolate cream,Comfyui,1214,https://www.acfun.cn/v/ac48870861,https://tx-free-imgs.acfun.cn/newUpload/14047168_efd2bae7c6184b3b89e82abfaadf0fb3.jpeg?imageslim,AcFun,日榜,day,hotlist,,2026-09-25 02:27:16
21,好像只能礼貌的问候~,,1076,https://www.acfun.cn/v/ac48871365,https://tx-free-imgs.acfun.cn/newUpload/43459034_4572f98756df48b0bc9c323cdc49a8d2.jpg?imageslim,AcFun,日榜,day,hotlist,,2026-09-25 02:27:16
22,【绝望女神/翻唱】【星际牛仔ED The Real Folk Blues】,想听啥情继续评论回复~,684,https://www.acfun.cn/v/ac48871323,https://tx-free-imgs.acfun.cn/newUpload/20705199_0be8deafcbb34bdb9f17523c5bc95087.jpeg?imageslim,AcFun,日榜,day,hotlist,,2026-09-25 02:27:16
23,少女机甲+空投轰炸？是什么神仙组合？,到底是一款什么样的机甲游戏，上线快3年还保持着特别好评？虽然是机甲美少女的设定，但是操作的是厚重质感的硬核机甲，这种硬核操作的感觉让人越玩越上头，今天来跟大家聊聊这款游戏《铁骑少女》。<br/>最近我一直期待的第三个DLC金盏花也是要上线了，这次DLC的核心新玩法，就是机甲“搜打撤”的模式。和本体死守基地的玩法不一样，这次整体的游玩思路都变了~,1066,https://www.acfun.cn/v/ac48871337,https://tx-free-imgs.acfun.cn/newUpload/61352468_77bf0ab03cd34fefa1d5530aca003edb.jpeg?imageslim,AcFun,日榜,day,hotlist,,2026-09-25 02:27:16
24,记录2023年6月份在台上开心的表演lamb的我,,1102,https://www.acfun.cn/v/ac48871344,https://tx-free-imgs.acfun.cn/newUpload/16380981_00755d93042647bcb6f29a19da53e590.png?imageslim,AcFun,日榜,day,hotlist,,2026-09-25 02:27:16
25,【翻唱】鬼ノ宴,本家様<br/>友成空様<br/>【鬼ノ宴】<br/>•友成空(TOMONARI SORA) -   鬼ノ宴   ［Lyric Video］<br/>https://www.youtube.com/watch?v=NFzyrPK9rtM,982,https://www.acfun.cn/v/ac48871180,https://tx-free-imgs.acfun.cn/newUpload/10144864_a75eddb97ea048b59fef6aaea5d4478f.jpeg?imageslim,AcFun,日榜,day,hotlist,,2026-09-25 02:27:16
26,下班后跳一段恋爱的条件～,,934,https://www.acfun.cn/v/ac48871308,https://tx-free-imgs.acfun.cn/newUpload/43459034_9aa96c2a93884a3891b73b05298d8521.jpg?imageslim,AcFun,日榜,day,hotlist,,2026-09-25 02:27:16
27,【黒碳】ライトダンス - サカナクション【生日作】【翻唱】,本家:サカナクション ; 翻唱: 黒碳Kurotan; 后期: 黒碳Kurotan; 曲绘: 黒碳Kurotan; PV: 黒碳Kurotan以及十分牛杯的網站：https://pv.pixjam.cn/ 背景是用這個做的!! 狠狠趕工終於做完了 好感動,1048,https://www.acfun.cn/v/ac48869560,https://tx-free-imgs.acfun.cn/newUpload/13707663_f611642aa87b4dab9a8d8a6beb7ace77.jpeg?imageslim,AcFun,日榜,day,hotlist,,2026-09-25 02:27:16
28,T-ARA So Crazy,,1311,https://www.acfun.cn/v/ac48869387,https://tx-free-imgs.acfun.cn/newUpload/795184_e0ad411d1b844c569dc376c0b45f763c.jpeg?imageslim,AcFun,日榜,day,hotlist,,2026-09-25 02:27:16
29,吃！给我吃！【鬼ノ宴翻唱】,,1041,https://www.acfun.cn/v/ac48871186,https://tx-free-imgs.acfun.cn/newUpload/10144864_ee78f4d0678d414f9ce18c29231cf17a.jpeg?imageslim,AcFun,日榜,day,hotlist,,2026-09-25 02:27:16
30,BR66型蒸汽机车 trix越来越垃圾了！尤其是垃圾会员车，一个比一个烂！这一次终于拉了一坨更大的！,,627,https://www.acfun.cn/v/ac48871197,https://tx-free-imgs.acfun.cn/newUpload/66128753_8563c2ab24aa4a2289e52500bc42f1f1.png?imageslim,AcFun,日榜,day,hotlist,,2026-09-25 02:27:16
31,AOA-猫步轻俏,,1179,https://www.acfun.cn/v/ac48869298,https://tx-free-imgs.acfun.cn/newUpload/795184_6cc9a8a9e54144c3b69380546963be9b.jpeg?imageslim,AcFun,日榜,day,hotlist,,2026-09-25 02:27:16
32,这套皮肤真的很喜欢,,1039,https://www.acfun.cn/v/ac48871657,https://tx-free-imgs.acfun.cn/newUpload/16380981_ac9640e59a3a42e093fcee0a0b81d474.jpg?imageslim,AcFun,日榜,day,hotlist,,2026-09-25 02:27:16
33,【AI】山间竹林仙子,Comfyui,1057,https://www.acfun.cn/v/ac48870853,https://tx-free-imgs.acfun.cn/newUpload/14047168_20afdd6955bd44a9a04b0629aecb5ad1.jpeg?imageslim,AcFun,日榜,day,hotlist,,2026-09-25 02:27:16
34,如果是机器人女友，怎么哄男朋友呢？！,,1137,https://www.acfun.cn/v/ac48870116,https://tx-free-imgs.acfun.cn/newUpload/17928_330fc95b89c04eda831570be0a48cb0e.png?imageslim,AcFun,日榜,day,hotlist,,2026-09-25 02:27:16
35,偶遇杀手莲子,,1094,https://www.acfun.cn/v/ac48869299,https://tx-free-imgs.acfun.cn/newUpload/71220423_889894cc6b094cc9b583de3b2598cd68.jpeg?imageslim,AcFun,日榜,day,hotlist,,2026-09-25 02:27:16
36,绿梦：时空之声公测定档！公测版本全面优化！,绿梦：时空之声公测定档！公测版本全面优化！,1124,https://www.acfun.cn/v/ac48871268,https://tx-free-imgs.acfun.cn/newUpload/63104383_33b9de6d951a4ca0b5a7b9dfc2fc748e.gif?imageslim,AcFun,日榜,day,hotlist,,2026-09-25 02:27:16
37,你迟早会背叛我的,,1313,https://www.acfun.cn/v/ac48869570,https://tx-free-imgs.acfun.cn/newUpload/2742252_1977688b66b746918c3e25dd4f72a7b1.jpg?imageslim,AcFun,日榜,day,hotlist,,2026-09-25 02:27:16
38,22.称霸水下四亿年，人类最古老的远房祖先：硬骨鱼总纲,22.称霸水下四亿年，人类最古老的远房祖先：硬骨鱼总纲,734,https://www.acfun.cn/v/ac48871354,https://tx-free-imgs.acfun.cn/newUpload/28933912_40dcb39f039045868ae364582e4a1797.jpeg?imageslim,AcFun,日榜,day,hotlist,,2026-09-25 02:27:16
39,上线才半年，腾讯养的“龙虾”QClaw，官宣停运了！,,1090,https://www.acfun.cn/v/ac48871074,https://tx-free-imgs.acfun.cn/newUpload/17928_22da7d70ed6749f690e735b0f098a800.png?imageslim,AcFun,日榜,day,hotlist,,2026-09-25 02:27:16
40,【牛子组合】凉凉,世事一场大梦，人生几度秋凉，祝大家26年中秋快乐,610,https://www.acfun.cn/v/ac48870493,https://tx-free-imgs.acfun.cn/newUpload/358616_22f2cb85fdca497ab5cd556c984493d6.png?imageslim,AcFun,日榜,day,hotlist,,2026-09-25 02:27:16
41,【小腐】暧昧回避,夕阳下起舞吧,354,https://www.acfun.cn/v/ac48869652,https://tx-free-imgs.acfun.cn/newUpload/13893173_aae9f2e333b24238961905e095f6c60c.png?imageslim,AcFun,日榜,day,hotlist,,2026-09-25 02:27:16
42,三角洲行动：威力巨大的巴雷特狙击步枪，一枪毙命就是爽,反器材不行，还是来反步兵吧。,466,https://www.acfun.cn/v/ac48869561,https://tx-free-imgs.acfun.cn/newUpload/11602352_67012a71c8e64cb59ea80b622bb985f2.jpeg?imageslim,AcFun,日榜,day,hotlist,,2026-09-25 02:27:16
43,飒！BABYMONSTER CHIQUITA小姐姐跳《Worth It》,-v -好不好看呢,1054,https://www.acfun.cn/v/ac48870427,https://tx-free-imgs.acfun.cn/newUpload/199029_44d3343f2e3742c780253ef0f9df1a6b.png?imageslim,AcFun,日榜,day,hotlist,,2026-09-25 02:27:16
44,【雀魂汪汪录】第402期 牌没有问题，你们打吧,BGM可以通过网易云搜索【雀魂汪汪录BGM】就可以找到啦！<br/><br/>雀魂汪汪录 周四中午见<br/><br/>微博 @雀魂麻将majsoul<br/><br/>——————————————————————————<br/><br/>想要投稿的玩家~务必请通过邮箱来进行投稿~【请不要在评论区或是私信投稿，谢谢】<br/><br/>邮箱地址：tg@maj-soul.com<br/><br/>投稿最少需要注明【局目、内容、牌谱链接】哦！,858,https://www.acfun.cn/v/ac48868870,https://tx-free-imgs.acfun.cn/newUpload/14265704_e978d1ceac98487a9e811f09bc2d943f.jpeg?imageslim,AcFun,日榜,day,hotlist,,2026-09-25 02:27:16
45,另一版,之前还拍了一版，但是感觉镜头太晃了,332,https://www.acfun.cn/v/ac48871588,https://tx-free-imgs.acfun.cn/newUpload/12954767_f420f9f6197c43d4bb14421c32d81bbb.png?imageslim,AcFun,日榜,day,hotlist,,2026-09-25 02:27:16
46,社畜身份不是你精致生活的角色扮演,,470,https://www.acfun.cn/v/ac48871467,https://tx-free-imgs.acfun.cn/newUpload/14013875_ec82a37907ff4565a6f6f6d916bd7117.png?imageslim,AcFun,日榜,day,hotlist,,2026-09-25 02:27:16
47,重制版 2026年还有人看重制版吗？魔兽争霸xiaoy解说浪漫 kaho,,874,https://www.acfun.cn/v/ac48869843,https://tx-free-imgs.acfun.cn/newUpload/37584199_8b81592540634f919b6c685d31aa555c.jpeg?imageslim,AcFun,日榜,day,hotlist,,2026-09-25 02:27:16
48,小兔-20260923 abracadabra 上下 恋爱的条件 成人礼 晚安吻,,932,https://www.acfun.cn/v/ac48870476,https://tx-free-imgs.acfun.cn/newUpload/78055394_4dcf7a6688cb4a1994bd96389cc84b38.jpeg?imageslim,AcFun,日榜,day,hotlist,,2026-09-25 02:27:16
49,AEW Dynamite #364/Collision #163 2026.09.23,"AEW Continental Title Eliminator Match<br/>Jon Moxley vs. Dezmond Xavier<br/>Tag Team Match<br/>Claudio Castagnoli & Gabe Kidd vs. Mike Bailey & Will Ospreay<br/>AEW TBS Title Match<br/>Persephone (c) vs. Hyan<br/>AEW World Trios Title Match<br/>Swerve Strickland & The New Level (Austin Creed & Kofi) (c) vs. The Demand (Bishop Kaun, Ricochet & Toa Liona)",1151,https://www.acfun.cn/v/ac48870183,https://tx-free-imgs.acfun.cn/newUpload/2327201_162cb51156a5464a9aa00ba19aac34ef.jpeg?imageslim,AcFun,日榜,day,hotlist,,2026-09-25 02:27:16
50,동그란 안경으로 귀여운 매력 보여주는 지호,동그란 안경으로 귀여운 매력 보여주는 지호 | Beige Top & Glasses | Ji Ho,388,https://www.acfun.cn/v/ac48870864,https://tx-free-imgs.acfun.cn/newUpload/43172481_558625b6a90d469aabe28a39ba33fded.jpeg?imageslim,AcFun,日榜,day,hotlist,,2026-09-25 02:27:16
1,是谁点的小恶魔，蕉出来～,,4935,https://www.acfun.cn/v/ac48867778,https://tx-free-imgs.acfun.cn/newUpload/17062172_6098fee67d1748e0ab5dab3b5665736c.jpg?imageslim,AcFun,三日榜,three-days,hotlist,,2026-09-25 02:27:16
2,【绘图过程】《海边》6周年纪念插图过程,6周年纪念插图挂画（预售）、沙滩巾（预售），阿宝已上架,3228,https://www.acfun.cn/v/ac48836990,https://tx-free-imgs.acfun.cn/newUpload/179922_9f95aba039e84f3594c3947b3c8fdd58.jpeg?imageslim,AcFun,三日榜,three-days,hotlist,,2026-09-25 02:27:16
3,还是少妇会的多啊！★手机竖屏2011★,审核大大辛苦了！<br/>谢谢每一个投蕉的帅哥美女！香蕉没有来个赞也好啊！<br/>视频来自快手等平台，侵权联系删除！,5041,https://www.acfun.cn/v/ac48864360,https://tx-free-imgs.acfun.cn/newUpload/2176158_3d4f199fd93640468e543b9ee25ac4c0.gif?imageslim,AcFun,三日榜,three-days,hotlist,,2026-09-25 02:27:16
4,《野生动物迷惑行为》,喜欢请投蕉啊   谢谢啦！,2586,https://www.acfun.cn/v/ac48868360,https://tx-free-imgs.acfun.cn/newUpload/1342385_3fab348c538e4c0fa001871a708fe302.jpeg?imageslim,AcFun,三日榜,three-days,hotlist,,2026-09-25 02:27:16
5,漫威金刚狼深陷争议！SweetBaby又毁一款？【绅批】,这算是DEI的历史遗留问题了，所有现在已经从sweetbaby离职的人，只要参与过游戏制作也会被署名（比如桥本和真）,2709,https://www.acfun.cn/v/ac48868810,https://tx-free-imgs.acfun.cn/newUpload/526850_ca1da1572b1d494a93e2f6bab46cf76b.jpeg?imageslim,AcFun,三日榜,three-days,hotlist,,2026-09-25 02:27:16
6,mr chu!!好怀念这首歌,,1937,https://www.acfun.cn/v/ac48869375,https://tx-free-imgs.acfun.cn/newUpload/16380981_19592eb83a88429695ee1a0508fc3df0.png?imageslim,AcFun,三日榜,three-days,hotlist,,2026-09-25 02:27:16
7,25年了，回坊天花板小酥肉，还是那个味儿,记忆中的味道，回来了，都回来了……<br/>一口椒麻一口鲜，大口吃肉，配上热腾腾的米饭，绝了。<br/>素三鲜也是无敌的存在！,2488,https://www.acfun.cn/v/ac48865538,https://tx-free-imgs.acfun.cn/newUpload/13765438_9bc4a0abf32a4c1aa3e83c844de84649.jpeg?imageslim,AcFun,三日榜,three-days,hotlist,,2026-09-25 02:27:16
8,拳击好啊，拳击得学！欢乐八点档-1781,审核大大辛苦了！<br/>免费的香蕉投一下吧，没有那就点个赞吧，这对我来说很重要，谢谢！！！<br/>谢谢每一个投蕉的帅哥美女！你们是我坚持更新的动力！<br/>视频来自快手等平台，侵权联系删除！,3914,https://www.acfun.cn/v/ac48868336,https://tx-free-imgs.acfun.cn/newUpload/2176158_3f6c601293a54468bae97f781440217b.gif?imageslim,AcFun,三日榜,three-days,hotlist,,2026-09-25 02:27:16
9,北京豆汁会惩罚每一个好奇的人！欢乐八点档-1780,审核大大辛苦了！<br/>免费的香蕉投一下吧，没有那就点个赞吧，这对我来说很重要，谢谢！！！<br/>谢谢每一个投蕉的帅哥美女！你们是我坚持更新的动力！<br/>视频来自快手等平台，侵权联系删除！,4338,https://www.acfun.cn/v/ac48865965,https://tx-free-imgs.acfun.cn/newUpload/2176158_ec83e6fb2ffc4005b41881ac13dbaeca.gif?imageslim,AcFun,三日榜,three-days,hotlist,,2026-09-25 02:27:16
10,网络上常见的热门短视频集锦   第三千四百四十五期,审核大大辛苦了！<br/>谢谢每一个投蕉的帅哥美女！香蕉没有来个赞也好啊！<br/>视频来自快手等平台，侵权联系删除！,3795,https://www.acfun.cn/v/ac48866824,https://tx-free-imgs.acfun.cn/newUpload/2176158_dba921eb42f14c7ba31a1af83bfe71ce.gif?imageslim,AcFun,三日榜,three-days,hotlist,,2026-09-25 02:27:16
11,空中瑜伽！！！★手机竖屏2012★,审核大大辛苦了！<br/>谢谢每一个投蕉的帅哥美女！香蕉没有来个赞也好啊！<br/>视频来自快手等平台，侵权联系删除！,4270,https://www.acfun.cn/v/ac48866821,https://tx-free-imgs.acfun.cn/newUpload/2176158_610807af48f5463a891fc9f341c9b16f.gif?imageslim,AcFun,三日榜,three-days,hotlist,,2026-09-25 02:27:16
12,我真的是来吃饭的！★手机竖屏2013★,审核大大辛苦了！<br/>谢谢每一个投蕉的帅哥美女！香蕉没有来个赞也好啊！<br/>视频来自快手等平台，侵权联系删除！,3206,https://www.acfun.cn/v/ac48869145,https://tx-free-imgs.acfun.cn/newUpload/2176158_eb4b69370b8f435aa2b171e72403d356.gif?imageslim,AcFun,三日榜,three-days,hotlist,,2026-09-25 02:27:16
13,厨师长教你：“鱼香肉丝”的家常做法，酸甜微辣，口感丰富,,1952,https://www.acfun.cn/v/ac48867741,https://tx-free-imgs.acfun.cn/newUpload/13274260_93e68d1098d04ffca2683655a6a404c2.jpeg?imageslim,AcFun,三日榜,three-days,hotlist,,2026-09-25 02:27:16
14,今天你不能嫁出去【今天有什么好笑的 #2514】,：)，谢谢大家，祝你们开心。<br/>wallpaper壁纸：Fading Astronaut 5K (update)<br/>BGM：I Want It That Way,2830,https://www.acfun.cn/v/ac48865864,https://tx-free-imgs.acfun.cn/newUpload/383079_ee4f5f7badf74f05a2ef6c691387f327.gif?imageslim,AcFun,三日榜,three-days,hotlist,,2026-09-25 02:27:16
15,网络上常见的热门短视频集锦   第三千四百四十三期,审核大大辛苦了！<br/>谢谢每一个投蕉的帅哥美女！香蕉没有来个赞也好啊！<br/>视频来自快手等平台，侵权联系删除！,3554,https://www.acfun.cn/v/ac48864363,https://tx-free-imgs.acfun.cn/newUpload/2176158_dfef22dbf6934a15a594e5766b8680ca.gif?imageslim,AcFun,三日榜,three-days,hotlist,,2026-09-25 02:27:16
16,网络上常见的热门短视频集锦   第三千四百四十四期,审核大大辛苦了！<br/>谢谢每一个投蕉的帅哥美女！香蕉没有来个赞也好啊！<br/>视频来自快手等平台，侵权联系删除！,3482,https://www.acfun.cn/v/ac48865021,https://tx-free-imgs.acfun.cn/newUpload/2176158_663463f1e6004dc2b4dea153d1e60c05.gif?imageslim,AcFun,三日榜,three-days,hotlist,,2026-09-25 02:27:16
17,嘴角压不住了【今天有什么好笑的 #2515】,：），谢谢大家的投蕉和点赞，祝你开心愉快~<br/>wallpaper壁纸：Genshin 神里绫华<br/>BGM：Wake me up when september ends,2322,https://www.acfun.cn/v/ac48868130,https://tx-free-imgs.acfun.cn/newUpload/383079_ef65121591434d2b86d53db1622776cd.gif?imageslim,AcFun,三日榜,three-days,hotlist,,2026-09-25 02:27:16
18,因为害怕被讨厌 所以把自己藏起来了,,1746,https://www.acfun.cn/v/ac48871331,https://tx-free-imgs.acfun.cn/newUpload/11361784_3d4bd69b46f541e184c2922c24f09276.jpg?imageslim,AcFun,三日榜,three-days,hotlist,,2026-09-25 02:27:16
19,粉丝让我录的，不理解但照做！！！,怪哦~,1971,https://www.acfun.cn/v/ac48866011,https://tx-free-imgs.acfun.cn/newUpload/210705_6db288d8849d4e408bbee41ce9116989.jpeg?imageslim,AcFun,三日榜,three-days,hotlist,,2026-09-25 02:27:16
20,网络上常见的热门短视频集锦   第三千四百四十六期,审核大大辛苦了！<br/>谢谢每一个投蕉的帅哥美女！香蕉没有来个赞也好啊！<br/>视频来自快手等平台，侵权联系删除！,3526,https://www.acfun.cn/v/ac48867732,https://tx-free-imgs.acfun.cn/newUpload/2176158_2ec1d99da19a48e0a8e4ff2a2447e612.gif?imageslim,AcFun,三日榜,three-days,hotlist,,2026-09-25 02:27:16
21,双手合十萨瓦迪卡！,,1768,https://www.acfun.cn/v/ac48863951,https://tx-free-imgs.acfun.cn/newUpload/12439728_638a29114abf4b0bafda38c61f497df1.png?imageslim,AcFun,三日榜,three-days,hotlist,,2026-09-25 02:27:16
22,昆汀力荐！这部复仇老片，竟是杀死比尔的人物原型来源,,1617,https://www.acfun.cn/v/ac48865483,https://tx-free-imgs.acfun.cn/newUpload/8042365_d9ae5a725d8848abb4b488acbf483611.jpeg?imageslim,AcFun,三日榜,three-days,hotlist,,2026-09-25 02:27:16
23,姛姛？！蝴蝶耳机Manget中文翻唱【箐羽Hane】x【缇若柯Teivoc】,“是否你确实表里如一淡然，还是说你——并不似我贪婪？”<br/>《Manget》磁石 / 蝴蝶耳机 - 中文翻唱<br/>原作作曲 / 流星P<br/>曲绘&翻唱 / 箐羽hane & 缇若柯Teivoc<br/>中文填词 / 果汁凉菜<br/>混音 / 风尘<br/>和笋笋一起唱了我们二次元姛神曲！曲绘也是我和笋笋每个人负责了自己的部分最后再拼到一起的！真好！( *^ ^)o(^ ^* )希望大家也能喜欢！,1302,https://www.acfun.cn/v/ac48869340,https://tx-free-imgs.acfun.cn/newUpload/67511609_d868cdbd6b1849e8958696cdc9db1493.jpeg?imageslim,AcFun,三日榜,three-days,hotlist,,2026-09-25 02:27:16
24,交通事故20260923：交通车祸实例，提高安全驾驶意识,,1363,https://www.acfun.cn/v/ac48868861,https://tx-free-imgs.acfun.cn/newUpload/76871961_edea5de6659a4cd2b733a74989043440.jpg?imageslim,AcFun,三日榜,three-days,hotlist,,2026-09-25 02:27:16
25,常州新开巴西烤肉自助，100块钱值得吗？,这是我目前为止，去过的第二家巴西烤肉自助，团购优惠的情况下，花了94元。正常价格在95~110不等<br/><br/>简单带大家看下菜品，除了取餐台这么些，各种牛肉制品、大串烧烤都是循环上桌，大家觉得这么些菜式花样，100块钱左右你们觉得贵还是便宜啊，觉得贵的扣1，觉得便宜的扣2,1779,https://www.acfun.cn/v/ac48868891,https://tx-free-imgs.acfun.cn/newUpload/2046675_bf3a59ddff624646850829452262094e.jpeg?imageslim,AcFun,三日榜,three-days,hotlist,,2026-09-25 02:27:16
26,这样的学姐喜欢吗？欢乐八点档-1782,审核大大辛苦了！<br/>免费的香蕉投一下吧，没有那就点个赞吧，这对我来说很重要，谢谢！！！<br/>谢谢每一个投蕉的帅哥美女！你们是我坚持更新的动力！<br/>视频来自快手等平台，侵权联系删除！,2049,https://www.acfun.cn/v/ac48870057,https://tx-free-imgs.acfun.cn/newUpload/2176158_4c1f3b60f73e451abc443941d47305d8.gif?imageslim,AcFun,三日榜,three-days,hotlist,,2026-09-25 02:27:16
27,人鱼的眼泪,歌曲舞蹈：爱乐之城-人鱼的眼泪,1503,https://www.acfun.cn/v/ac48867050,https://tx-free-imgs.acfun.cn/newUpload/12229455_130b1f041e6741dab4f6295ee27d927e.jpeg?imageslim,AcFun,三日榜,three-days,hotlist,,2026-09-25 02:27:16
28,现在电脑不好卖了，以后我们出租AI机器人吧,,1628,https://www.acfun.cn/v/ac48867767,https://tx-free-imgs.acfun.cn/newUpload/17928_c684f06231604145b533a0f00627c624.png?imageslim,AcFun,三日榜,three-days,hotlist,,2026-09-25 02:27:16
29,网络上常见的热门短视频集锦   第三千四百四十八期,审核大大辛苦了！<br/>谢谢每一个投蕉的帅哥美女！香蕉没有来个赞也好啊！<br/>视频来自快手等平台，侵权联系删除！,2641,https://www.acfun.cn/v/ac48870020,https://tx-free-imgs.acfun.cn/newUpload/2176158_d65e54f4e9ee489b86b6fc28c31c84ee.gif?imageslim,AcFun,三日榜,three-days,hotlist,,2026-09-25 02:27:16
30,Summertime,歌曲：summer time<br/>动作参考：紫嘉儿<br/>原版编舞：（Millennium红房子_BON）<br/>参考编舞：(GFRIEND《Sunny Summer）,1693,https://www.acfun.cn/v/ac48864563,https://tx-free-imgs.acfun.cn/newUpload/12229455_1a8e22f51f3e4effa32c00abb4fd05af.jpeg?imageslim,AcFun,三日榜,three-days,hotlist,,2026-09-25 02:27:16
31,原创编舞《千层套路》的定机位竖屏来啦！,,1555,https://www.acfun.cn/v/ac48869245,https://tx-free-imgs.acfun.cn/newUpload/16380981_24bafd11c027499d9fe6820162faa782.png?imageslim,AcFun,三日榜,three-days,hotlist,,2026-09-25 02:27:16
32,北京的最北端在黑龙江？？？国内飞地是怎么形成的？,这份中国地图，是你从未看过的船新版本，放大几倍就会发现，在大家熟悉的各个省份中，还藏着一堆 “你中有我、我中有你” 的飞地。,1746,https://www.acfun.cn/v/ac48867896,https://tx-free-imgs.acfun.cn/newUpload/13630266_cc2428a99a42453f99c9e1306e7a43bb.jpeg?imageslim,AcFun,三日榜,three-days,hotlist,,2026-09-25 02:27:16
33,我要辞职了！,,1624,https://www.acfun.cn/v/ac48863957,https://tx-free-imgs.acfun.cn/newUpload/12439728_7c57a0735675474590bf7b25e1a34527.png?imageslim,AcFun,三日榜,three-days,hotlist,,2026-09-25 02:27:16
34,网络上常见的热门短视频集锦   第三千四百四十七期,审核大大辛苦了！<br/>谢谢每一个投蕉的帅哥美女！香蕉没有来个赞也好啊！<br/>视频来自快手等平台，侵权联系删除！,2569,https://www.acfun.cn/v/ac48869149,https://tx-free-imgs.acfun.cn/newUpload/2176158_fdf9afe2e00a4a1aa62415c846776eaf.gif?imageslim,AcFun,三日榜,three-days,hotlist,,2026-09-25 02:27:16
35,捏捏已经已进化到可以吃的地步啦？,,1597,https://www.acfun.cn/v/ac48868638,https://tx-free-imgs.acfun.cn/newUpload/6177430_486c910212d548c991eeb140f146a6ed.jpeg?imageslim,AcFun,三日榜,three-days,hotlist,,2026-09-25 02:27:16
36,我终于瘦到120斤以下了！,,1624,https://www.acfun.cn/v/ac48867016,https://tx-free-imgs.acfun.cn/newUpload/16380981_906db098cf5d4eaca57bde52b0ae8bf2.jpg?imageslim,AcFun,三日榜,three-days,hotlist,,2026-09-25 02:27:16
37,《奶凶奶凶的漫威金刚狼！》,游戏名：《漫威金刚狼》- Marvel s Wolverine<br/>直播玩了15小时左右一周目通关啦~(*^▽^*)开心，这期是切片呦~,1801,https://www.acfun.cn/v/ac48866669,https://tx-free-imgs.acfun.cn/newUpload/61352468_cb62bfe2e19c4f35804259fac7f8c226.jpeg?imageslim,AcFun,三日榜,three-days,hotlist,,2026-09-25 02:27:16
38,老板直聘（89）,,1390,https://www.acfun.cn/v/ac48868552,https://tx-free-imgs.acfun.cn/newUpload/74706824_db2c7ba15c5d4aa18872db6b0763b7ca.jpeg?imageslim,AcFun,三日榜,three-days,hotlist,,2026-09-25 02:27:16
39,嘉蒂丝模型曝光！很大！策划团队产能恢复？,明天新角色就要上了，技系直接立于天上。,1795,https://www.acfun.cn/v/ac48866809,https://tx-free-imgs.acfun.cn/newUpload/247671_ee6def92d94a4ab1b770fa166f4de4b7.jpeg?imageslim,AcFun,三日榜,three-days,hotlist,,2026-09-25 02:27:16
40,好曲不挑舞！《琵琶曲》你喜欢的是？,,1371,https://www.acfun.cn/v/ac48866497,https://tx-free-imgs.acfun.cn/newUpload/1161851_90c6400f25f14d969028c8a6779eaaf5.png?imageslim,AcFun,三日榜,three-days,hotlist,,2026-09-25 02:27:16
41,我要冲会员【今天有什么好笑的 #2516】,：），谢谢大家的投蕉和点赞，祝你开心愉快~<br/>wallpaper壁纸：Reze | Chainsaw Man<br/>BGM：Nicoleta Matei - Love mail<br/>,1800,https://www.acfun.cn/v/ac48870763,https://tx-free-imgs.acfun.cn/newUpload/383079_47b0fc3f458042f5bd3717967e55c598.gif?imageslim,AcFun,三日榜,three-days,hotlist,,2026-09-25 02:27:16
42,抱紧原生家庭（90）,,1389,https://www.acfun.cn/v/ac48867786,https://tx-free-imgs.acfun.cn/newUpload/74706824_fcc9a2386aff4fb0b3ecd158e3c6b97f.png?imageslim,AcFun,三日榜,three-days,hotlist,,2026-09-25 02:27:16
43,换你穿越三国乱世，你是起兵还是种田？,有没有宝贝和我一样，看三国的时候总在想，如果换我身在那个乱世，我会怎么样？是起兵争霸，还是归隐山林？ 或是是咱们可以选三国里有名的角色或者可以架空历史从素人做起，一统三国，那会怎么样?我最近就玩了这么一款游戏，一玩就是五个小时，根本停不下来，那今天来聊聊这款开放世界slg游戏《英雄立志传：三国志》~<br/>,1540,https://www.acfun.cn/v/ac48869043,https://tx-free-imgs.acfun.cn/newUpload/61352468_39715609bed041b98b21f3dbb482ad70.jpeg?imageslim,AcFun,三日榜,three-days,hotlist,,2026-09-25 02:27:16
44,你吃月饼了吗？,,1383,https://www.acfun.cn/v/ac48869054,https://tx-free-imgs.acfun.cn/newUpload/1167675_8f48723afb0e41ecbe772249b3f4df1a.jpg?imageslim,AcFun,三日榜,three-days,hotlist,,2026-09-25 02:27:16
45,奥迪“宫斗”十年大结局？一汽拿四环，上汽拿AUDI,一汽奥迪和上汽奥迪“宫斗”了十年，终于要划下句号了？,1323,https://www.acfun.cn/v/ac48870981,https://tx-free-imgs.acfun.cn/newUpload/13630266_3fde785be5a2411495618f67d01ab66a.jpeg?imageslim,AcFun,三日榜,three-days,hotlist,,2026-09-25 02:27:16
46,发个friend圈,,1261,https://www.acfun.cn/v/ac48863958,https://tx-free-imgs.acfun.cn/newUpload/12439728_b44cb67ae45a4c179b08227368f4159c.png?imageslim,AcFun,三日榜,three-days,hotlist,,2026-09-25 02:27:16
47,沦陷️,歌曲舞蹈：沦陷dj版-星奇摇   动作有改编,1266,https://www.acfun.cn/v/ac48869381,https://tx-free-imgs.acfun.cn/newUpload/12229455_aacf9da97a0940ad8e5f0b509d9cc159.jpeg?imageslim,AcFun,三日榜,three-days,hotlist,,2026-09-25 02:27:16
48,【柯基】papi酱《生气了》｜oh my god你吓到我了,,1396,https://www.acfun.cn/v/ac48867295,https://tx-free-imgs.acfun.cn/newUpload/29493245_980e56a85587473a82c7499c2ed115cb.png?imageslim,AcFun,三日榜,three-days,hotlist,,2026-09-25 02:27:16
49,发怒了好多次哈哈哈哈，最后一遍最好！,,1388,https://www.acfun.cn/v/ac48867030,https://tx-free-imgs.acfun.cn/newUpload/16380981_8a800edc429e47809b3a0e69ec22c530.jpg?imageslim,AcFun,三日榜,three-days,hotlist,,2026-09-25 02:27:16
50,只有刀鸣最小丑？各大游戏千年血战联动盘点！,300英雄的含金量还在上升,1856,https://www.acfun.cn/v/ac48869154,https://tx-free-imgs.acfun.cn/newUpload/247671_7d920e56c00e4af39fed560bf094f965.jpeg?imageslim,AcFun,三日榜,three-days,hotlist,,2026-09-25 02:27:16
1,剑戟战斗的巅峰 关卡内容的洼地 偏科严重的《鬼武者：剑之道》,它给人爽的部分是真的爽，但是在每次爽之前，你得堵不少马桶，先生。,4354,https://www.acfun.cn/v/ac48859506,https://tx-free-imgs.acfun.cn/newUpload/934542_5d98ad80ca9c4307b5cdc2051c11cb50.jpeg?imageslim,AcFun,周榜,week,hotlist,,2026-09-25 02:27:16
2,【写真】ol穿搭,,10358,https://www.acfun.cn/v/ac48856919,https://tx-free-imgs.acfun.cn/newUpload/3540234_86355333f0d94a46842be6ec42cca369.jpg?imageslim,AcFun,周榜,week,hotlist,,2026-09-25 02:27:16
3,跳最开心的一集,,3931,https://www.acfun.cn/v/ac48860571,https://tx-free-imgs.acfun.cn/newUpload/50330447_79a3f269514140c29e7a85fb7c9dc94c.jpg?imageslim,AcFun,周榜,week,hotlist,,2026-09-25 02:27:16
4,是谁点的小恶魔，蕉出来～,,4935,https://www.acfun.cn/v/ac48867778,https://tx-free-imgs.acfun.cn/newUpload/17062172_6098fee67d1748e0ab5dab3b5665736c.jpg?imageslim,AcFun,周榜,week,hotlist,,2026-09-25 02:27:16
5,喜欢哪套？,,6474,https://www.acfun.cn/v/ac48861422,https://tx-free-imgs.acfun.cn/newUpload/3540234_729e0d22251f439da3735f26e58d174f.jpg?imageslim,AcFun,周榜,week,hotlist,,2026-09-25 02:27:16
6,过期JK碎碎念！,家人们记得蕉一蕉捏 啾咪,5769,https://www.acfun.cn/v/ac48859219,https://tx-free-imgs.acfun.cn/newUpload/17062172_5dd6ea8b5f2741ff87f0911db6dfb909.jpg?imageslim,AcFun,周榜,week,hotlist,,2026-09-25 02:27:16
7,开学对各省舍友的刻板印象,,4182,https://www.acfun.cn/v/ac48857410,https://tx-free-imgs.acfun.cn/newUpload/13114172_24dabc4c47ec46458d7cdfcc1cd2ee88.jpeg?imageslim,AcFun,周榜,week,hotlist,,2026-09-25 02:27:16
8,优雅永不过时！！！★手机竖屏2007★,审核大大辛苦了！<br/>谢谢每一个投蕉的帅哥美女！香蕉没有来个赞也好啊！<br/>视频来自快手等平台，侵权联系删除！,4323,https://www.acfun.cn/v/ac48855173,https://tx-free-imgs.acfun.cn/newUpload/2176158_d6d6aa7bbc494ad4bd0950cc58784963.gif?imageslim,AcFun,周榜,week,hotlist,,2026-09-25 02:27:16
9,《动物迷惑行为大赏325》,喜欢请投蕉啊 谢谢啦！,2607,https://www.acfun.cn/v/ac48861293,https://tx-free-imgs.acfun.cn/newUpload/1342385_03080470038d444a95ce01ff6a6aeb9f.jpeg?imageslim,AcFun,周榜,week,hotlist,,2026-09-25 02:27:16
10,《动物游戏行为图鉴》,喜欢请投蕉啊 谢谢啦！,2715,https://www.acfun.cn/v/ac48857450,https://tx-free-imgs.acfun.cn/newUpload/1342385_485bc20a4c164df2928409b209fa9afc.jpeg?imageslim,AcFun,周榜,week,hotlist,,2026-09-25 02:27:16
11,双马尾小女仆带来的情绪摇～,,3915,https://www.acfun.cn/v/ac48861966,https://tx-free-imgs.acfun.cn/newUpload/11361784_8cee0402b4754b1e82f85b7099791793.jpg?imageslim,AcFun,周榜,week,hotlist,,2026-09-25 02:27:16
12,帮Acer问一下，地址在哪里？欢乐八点档-1779,审核大大辛苦了！<br/>免费的香蕉投一下吧，没有那就点个赞吧，这对我来说很重要，谢谢！！！<br/>谢谢每一个投蕉的帅哥美女！你们是我坚持更新的动力！<br/>视频来自快手等平台，侵权联系删除！,4401,https://www.acfun.cn/v/ac48863633,https://tx-free-imgs.acfun.cn/newUpload/2176158_ff69c3c797d5414e8056b329918cc5b6.gif?imageslim,AcFun,周榜,week,hotlist,,2026-09-25 02:27:16
13,【绘图过程】《海边》6周年纪念插图过程,6周年纪念插图挂画（预售）、沙滩巾（预售），阿宝已上架,3228,https://www.acfun.cn/v/ac48836990,https://tx-free-imgs.acfun.cn/newUpload/179922_9f95aba039e84f3594c3947b3c8fdd58.jpeg?imageslim,AcFun,周榜,week,hotlist,,2026-09-25 02:27:16
14,人间琴悠扬，姑娘把谁记心上～,,2683,https://www.acfun.cn/v/ac48863143,https://tx-free-imgs.acfun.cn/newUpload/50330447_938d77716a11477e843914663278ff07.jpg?imageslim,AcFun,周榜,week,hotlist,,2026-09-25 02:27:16
15,还是少妇会的多啊！★手机竖屏2011★,审核大大辛苦了！<br/>谢谢每一个投蕉的帅哥美女！香蕉没有来个赞也好啊！<br/>视频来自快手等平台，侵权联系删除！,5041,https://www.acfun.cn/v/ac48864360,https://tx-free-imgs.acfun.cn/newUpload/2176158_3d4f199fd93640468e543b9ee25ac4c0.gif?imageslim,AcFun,周榜,week,hotlist,,2026-09-25 02:27:16
16,《野生动物迷惑行为》,喜欢请投蕉啊   谢谢啦！,2586,https://www.acfun.cn/v/ac48868360,https://tx-free-imgs.acfun.cn/newUpload/1342385_3fab348c538e4c0fa001871a708fe302.jpeg?imageslim,AcFun,周榜,week,hotlist,,2026-09-25 02:27:16
17,漫威金刚狼深陷争议！SweetBaby又毁一款？【绅批】,这算是DEI的历史遗留问题了，所有现在已经从sweetbaby离职的人，只要参与过游戏制作也会被署名（比如桥本和真）,2709,https://www.acfun.cn/v/ac48868810,https://tx-free-imgs.acfun.cn/newUpload/526850_ca1da1572b1d494a93e2f6bab46cf76b.jpeg?imageslim,AcFun,周榜,week,hotlist,,2026-09-25 02:27:16
18,钓鱼佬是真会享受！欢乐八点档-1777,审核大大辛苦了！<br/>免费的香蕉投一下吧，没有那就点个赞吧，这对我来说很重要，谢谢！！！<br/>谢谢每一个投蕉的帅哥美女！你们是我坚持更新的动力！<br/>视频来自快手等平台，侵权联系删除！,4570,https://www.acfun.cn/v/ac48858969,https://tx-free-imgs.acfun.cn/newUpload/2176158_c9d74d926c4c4d709a4b6b7769dffcca.gif?imageslim,AcFun,周榜,week,hotlist,,2026-09-25 02:27:16
19,网络上常见的热门短视频集锦   第三千四百三十八期,审核大大辛苦了！<br/>谢谢每一个投蕉的帅哥美女！香蕉没有来个赞也好啊！<br/>视频来自快手等平台，侵权联系删除！,4410,https://www.acfun.cn/v/ac48858394,https://tx-free-imgs.acfun.cn/newUpload/2176158_38174e72af934b9e86687045b01f0dd3.gif?imageslim,AcFun,周榜,week,hotlist,,2026-09-25 02:27:16
20,一波还未平息一波又来侵袭！★手机竖屏2010★,审核大大辛苦了！<br/>谢谢每一个投蕉的帅哥美女！香蕉没有来个赞也好啊！<br/>视频来自快手等平台，侵权联系删除！,4700,https://www.acfun.cn/v/ac48862013,https://tx-free-imgs.acfun.cn/newUpload/2176158_c4802142afc14d50b2cd775e67890cca.gif?imageslim,AcFun,周榜,week,hotlist,,2026-09-25 02:27:16
21,mr chu!!好怀念这首歌,,1937,https://www.acfun.cn/v/ac48869375,https://tx-free-imgs.acfun.cn/newUpload/16380981_19592eb83a88429695ee1a0508fc3df0.png?imageslim,AcFun,周榜,week,hotlist,,2026-09-25 02:27:16
22,魔兽无限服禁金团引爆社区！但原教旨主义玩家才是最抽象的？【绅批】,所谓“严厉处罚“”顶格也就是封号，会根据情况由短至长，当然能不能具体实行就是另一回事了,3060,https://www.acfun.cn/v/ac48857248,https://tx-free-imgs.acfun.cn/newUpload/526850_b63f9e2a1bd04c38ac3c61257e0b87dd.jpeg?imageslim,AcFun,周榜,week,hotlist,,2026-09-25 02:27:16
23,还是少妇会啊！！！★手机竖屏2009★,审核大大辛苦了！<br/>谢谢每一个投蕉的帅哥美女！香蕉没有来个赞也好啊！<br/>视频来自快手等平台，侵权联系删除！,4838,https://www.acfun.cn/v/ac48859515,https://tx-free-imgs.acfun.cn/newUpload/2176158_d4e9e6e30f4446319f9e720adfe35ef9.gif?imageslim,AcFun,周榜,week,hotlist,,2026-09-25 02:27:16
24,你们内外皆钢，而我们化身钢铁！【达奇】战锤40K故事内容,感谢下巴老师对视频内容的支持与完善,2128,https://www.acfun.cn/v/ac48856443,https://tx-free-imgs.acfun.cn/newUpload/346807_7f5f779958dd4d6986f60021118423da.jpeg?imageslim,AcFun,周榜,week,hotlist,,2026-09-25 02:27:16
25,【AC娘】琵琶曲,原作者：Kotte Animation<br/>还有瑕疵，看个乐吧,3058,https://www.acfun.cn/v/ac48864492,https://tx-free-imgs.acfun.cn/newUpload/41729435_02cbd995b6d54f508eb21d3cb8621903.jpeg?imageslim,AcFun,周榜,week,hotlist,,2026-09-25 02:27:16
26,海洋公园一定要去啊！欢乐八点档-1776,审核大大辛苦了！<br/>免费的香蕉投一下吧，没有那就点个赞吧，这对我来说很重要，谢谢！！！<br/>谢谢每一个投蕉的帅哥美女！你们是我坚持更新的动力！<br/>视频来自快手等平台，侵权联系删除！,4462,https://www.acfun.cn/v/ac48856824,https://tx-free-imgs.acfun.cn/newUpload/2176158_3406d07fb97f486893aedb108728c2ec.gif?imageslim,AcFun,周榜,week,hotlist,,2026-09-25 02:27:16
27,25年了，回坊天花板小酥肉，还是那个味儿,记忆中的味道，回来了，都回来了……<br/>一口椒麻一口鲜，大口吃肉，配上热腾腾的米饭，绝了。<br/>素三鲜也是无敌的存在！,2488,https://www.acfun.cn/v/ac48865538,https://tx-free-imgs.acfun.cn/newUpload/13765438_9bc4a0abf32a4c1aa3e83c844de84649.jpeg?imageslim,AcFun,周榜,week,hotlist,,2026-09-25 02:27:16
28,你的拳头真是肥嘟嘟的...,动漫：心灵的声音，作者：赵石【韩国】,2152,https://www.acfun.cn/v/ac48859870,https://tx-free-imgs.acfun.cn/newUpload/509259_2fa91d5206504450be471808d9c93a22.jpeg?imageslim,AcFun,周榜,week,hotlist,,2026-09-25 02:27:16
29,拳击好啊，拳击得学！欢乐八点档-1781,审核大大辛苦了！<br/>免费的香蕉投一下吧，没有那就点个赞吧，这对我来说很重要，谢谢！！！<br/>谢谢每一个投蕉的帅哥美女！你们是我坚持更新的动力！<br/>视频来自快手等平台，侵权联系删除！,3914,https://www.acfun.cn/v/ac48868336,https://tx-free-imgs.acfun.cn/newUpload/2176158_3f6c601293a54468bae97f781440217b.gif?imageslim,AcFun,周榜,week,hotlist,,2026-09-25 02:27:16
30,这个一字马技术含量很高啊！欢乐八点档-1778,审核大大辛苦了！<br/>免费的香蕉投一下吧，没有那就点个赞吧，这对我来说很重要，谢谢！！！<br/>谢谢每一个投蕉的帅哥美女！你们是我坚持更新的动力！<br/>视频来自快手等平台，侵权联系删除！,4330,https://www.acfun.cn/v/ac48861225,https://tx-free-imgs.acfun.cn/newUpload/2176158_0824627cb76d40dc99ce9cb12c07e4cc.gif?imageslim,AcFun,周榜,week,hotlist,,2026-09-25 02:27:16
31,北京豆汁会惩罚每一个好奇的人！欢乐八点档-1780,审核大大辛苦了！<br/>免费的香蕉投一下吧，没有那就点个赞吧，这对我来说很重要，谢谢！！！<br/>谢谢每一个投蕉的帅哥美女！你们是我坚持更新的动力！<br/>视频来自快手等平台，侵权联系删除！,4338,https://www.acfun.cn/v/ac48865965,https://tx-free-imgs.acfun.cn/newUpload/2176158_ec83e6fb2ffc4005b41881ac13dbaeca.gif?imageslim,AcFun,周榜,week,hotlist,,2026-09-25 02:27:16
32,网络上常见的热门短视频集锦   第三千四百四十一期,审核大大辛苦了！<br/>谢谢每一个投蕉的帅哥美女！香蕉没有来个赞也好啊！<br/>视频来自快手等平台，侵权联系删除！,4137,https://www.acfun.cn/v/ac48862019,https://tx-free-imgs.acfun.cn/newUpload/2176158_6e5a88d95f344d92a8d97a57f03ac4b9.gif?imageslim,AcFun,周榜,week,hotlist,,2026-09-25 02:27:16
33,网络上常见的热门短视频集锦   第三千四百四十五期,审核大大辛苦了！<br/>谢谢每一个投蕉的帅哥美女！香蕉没有来个赞也好啊！<br/>视频来自快手等平台，侵权联系删除！,3795,https://www.acfun.cn/v/ac48866824,https://tx-free-imgs.acfun.cn/newUpload/2176158_dba921eb42f14c7ba31a1af83bfe71ce.gif?imageslim,AcFun,周榜,week,hotlist,,2026-09-25 02:27:16
34,【柯基】《九一八》｜黄自,,1774,https://www.acfun.cn/v/ac48855665,https://tx-free-imgs.acfun.cn/newUpload/29493245_98e6396080ff45c6aabd437a73b80398.png?imageslim,AcFun,周榜,week,hotlist,,2026-09-25 02:27:16
35,琵琶曲丨夜神月 VS  L,原曲：琵琶曲,2188,https://www.acfun.cn/v/ac48861693,https://tx-free-imgs.acfun.cn/newUpload/16986934_3bf4dd94910c4845acf851f7f0fdb757.jpeg?imageslim,AcFun,周榜,week,hotlist,,2026-09-25 02:27:16
36,空中瑜伽！！！★手机竖屏2012★,审核大大辛苦了！<br/>谢谢每一个投蕉的帅哥美女！香蕉没有来个赞也好啊！<br/>视频来自快手等平台，侵权联系删除！,4270,https://www.acfun.cn/v/ac48866821,https://tx-free-imgs.acfun.cn/newUpload/2176158_610807af48f5463a891fc9f341c9b16f.gif?imageslim,AcFun,周榜,week,hotlist,,2026-09-25 02:27:16
37,我真的是来吃饭的！★手机竖屏2013★,审核大大辛苦了！<br/>谢谢每一个投蕉的帅哥美女！香蕉没有来个赞也好啊！<br/>视频来自快手等平台，侵权联系删除！,3206,https://www.acfun.cn/v/ac48869145,https://tx-free-imgs.acfun.cn/newUpload/2176158_eb4b69370b8f435aa2b171e72403d356.gif?imageslim,AcFun,周榜,week,hotlist,,2026-09-25 02:27:16
38,网络上常见的热门短视频集锦   第三千四百三十九期,审核大大辛苦了！<br/>谢谢每一个投蕉的帅哥美女！香蕉没有来个赞也好啊！<br/>视频来自快手等平台，侵权联系删除！,4003,https://www.acfun.cn/v/ac48859518,https://tx-free-imgs.acfun.cn/newUpload/2176158_13f61f1aa39c4732bdaeed87fe0e28a4.gif?imageslim,AcFun,周榜,week,hotlist,,2026-09-25 02:27:16
39,厨师长教你：“鱼香肉丝”的家常做法，酸甜微辣，口感丰富,,1952,https://www.acfun.cn/v/ac48867741,https://tx-free-imgs.acfun.cn/newUpload/13274260_93e68d1098d04ffca2683655a6a404c2.jpeg?imageslim,AcFun,周榜,week,hotlist,,2026-09-25 02:27:16
40,一天生产500万个！速冻水饺是如何制造出来的？,,2143,https://www.acfun.cn/v/ac48859253,https://tx-free-imgs.acfun.cn/newUpload/19281632_57f07fe28e24422d948491fd2d43586c.jpeg?imageslim,AcFun,周榜,week,hotlist,,2026-09-25 02:27:16
41,今天你不能嫁出去【今天有什么好笑的 #2514】,：)，谢谢大家，祝你们开心。<br/>wallpaper壁纸：Fading Astronaut 5K (update)<br/>BGM：I Want It That Way,2830,https://www.acfun.cn/v/ac48865864,https://tx-free-imgs.acfun.cn/newUpload/383079_ee4f5f7badf74f05a2ef6c691387f327.gif?imageslim,AcFun,周榜,week,hotlist,,2026-09-25 02:27:16
42,单纯的约会（92）,,1807,https://www.acfun.cn/v/ac48857199,https://tx-free-imgs.acfun.cn/newUpload/74706824_a3a60d77e6934225b168686e44216c4b.png?imageslim,AcFun,周榜,week,hotlist,,2026-09-25 02:27:16
43,【东方】推特东方小视频选集 第272期,睡觉睡觉睡觉睡觉睡觉睡觉睡觉睡觉睡觉睡觉……,1376,https://www.acfun.cn/v/ac48858830,https://tx-free-imgs.acfun.cn/newUpload/6102_5a13d6efeec742ff84c512206aaeb7b0.jpeg?imageslim,AcFun,周榜,week,hotlist,,2026-09-25 02:27:16
44,甜妹来袭！,,2136,https://www.acfun.cn/v/ac48863947,https://tx-free-imgs.acfun.cn/newUpload/12439728_1fd5a3c6e60241a1a1cd8f89dbede769.png?imageslim,AcFun,周榜,week,hotlist,,2026-09-25 02:27:16
45,网络上常见的热门短视频集锦   第三千四百三十六期,审核大大辛苦了！<br/>谢谢每一个投蕉的帅哥美女！香蕉没有来个赞也好啊！<br/>视频来自快手等平台，侵权联系删除！,3945,https://www.acfun.cn/v/ac48856130,https://tx-free-imgs.acfun.cn/newUpload/2176158_4b41dc501581491e9b900fd0a1662e27.gif?imageslim,AcFun,周榜,week,hotlist,,2026-09-25 02:27:16
46,网络上常见的热门短视频集锦   第三千四百四十三期,审核大大辛苦了！<br/>谢谢每一个投蕉的帅哥美女！香蕉没有来个赞也好啊！<br/>视频来自快手等平台，侵权联系删除！,3554,https://www.acfun.cn/v/ac48864363,https://tx-free-imgs.acfun.cn/newUpload/2176158_dfef22dbf6934a15a594e5766b8680ca.gif?imageslim,AcFun,周榜,week,hotlist,,2026-09-25 02:27:16
47,嘞个就是爱情【今天有什么好笑的 #2512】,：），谢谢大家的投蕉和点赞，祝你开心愉快~<br/>wallpaper壁纸：lamp<br/>BGM：What a Feeling,2427,https://www.acfun.cn/v/ac48860992,https://tx-free-imgs.acfun.cn/newUpload/383079_172d192fee55441c96b7352f61e0a25f.gif?imageslim,AcFun,周榜,week,hotlist,,2026-09-25 02:27:16
48,网络上常见的热门短视频集锦   第三千四百三十七期,审核大大辛苦了！<br/>谢谢每一个投蕉的帅哥美女！香蕉没有来个赞也好啊！<br/>视频来自快手等平台，侵权联系删除！,3645,https://www.acfun.cn/v/ac48857544,https://tx-free-imgs.acfun.cn/newUpload/2176158_65f1d403dce7484b8d62b6f272bdbe31.gif?imageslim,AcFun,周榜,week,hotlist,,2026-09-25 02:27:16
49,网络上常见的热门短视频集锦   第三千四百四十四期,审核大大辛苦了！<br/>谢谢每一个投蕉的帅哥美女！香蕉没有来个赞也好啊！<br/>视频来自快手等平台，侵权联系删除！,3482,https://www.acfun.cn/v/ac48865021,https://tx-free-imgs.acfun.cn/newUpload/2176158_663463f1e6004dc2b4dea153d1e60c05.gif?imageslim,AcFun,周榜,week,hotlist,,2026-09-25 02:27:16
50,厨师长分享制作“宫保鸡丁”的三大要素：腌制、调味及火候,,2104,https://www.acfun.cn/v/ac48863018,https://tx-free-imgs.acfun.cn/newUpload/13274260_803e1613305b460d878594c16c1c5a87.jpeg?imageslim,AcFun,周榜,week,hotlist,,2026-09-25 02:27:16
1,《野生动物迷惑行为》,喜欢请投蕉啊   谢谢啦！,2611,https://www.acfun.cn/v/ac48868360,https://tx-free-imgs.acfun.cn/newUpload/1342385_3fab348c538e4c0fa001871a708fe302.jpeg?imageslim,AcFun,日榜,day,hotlist,,2026-09-25 03:18:41
2,我真的是来吃饭的！★手机竖屏2013★,审核大大辛苦了！<br/>谢谢每一个投蕉的帅哥美女！香蕉没有来个赞也好啊！<br/>视频来自快手等平台，侵权联系删除！,3230,https://www.acfun.cn/v/ac48869145,https://tx-free-imgs.acfun.cn/newUpload/2176158_eb4b69370b8f435aa2b171e72403d356.gif?imageslim,AcFun,日榜,day,hotlist,,2026-09-25 03:18:41
3,因为害怕被讨厌 所以把自己藏起来了,,1780,https://www.acfun.cn/v/ac48871331,https://tx-free-imgs.acfun.cn/newUpload/11361784_3d4bd69b46f541e184c2922c24f09276.jpg?imageslim,AcFun,日榜,day,hotlist,,2026-09-25 03:18:41
4,姛姛？！蝴蝶耳机Manget中文翻唱【箐羽Hane】x【缇若柯Teivoc】,“是否你确实表里如一淡然，还是说你——并不似我贪婪？”<br/>《Manget》磁石 / 蝴蝶耳机 - 中文翻唱<br/>原作作曲 / 流星P<br/>曲绘&翻唱 / 箐羽hane & 缇若柯Teivoc<br/>中文填词 / 果汁凉菜<br/>混音 / 风尘<br/>和笋笋一起唱了我们二次元姛神曲！曲绘也是我和笋笋每个人负责了自己的部分最后再拼到一起的！真好！( *^ ^)o(^ ^* )希望大家也能喜欢！,1310,https://www.acfun.cn/v/ac48869340,https://tx-free-imgs.acfun.cn/newUpload/67511609_d868cdbd6b1849e8958696cdc9db1493.jpeg?imageslim,AcFun,日榜,day,hotlist,,2026-09-25 03:18:41
5,网络上常见的热门短视频集锦   第三千四百四十八期,审核大大辛苦了！<br/>谢谢每一个投蕉的帅哥美女！香蕉没有来个赞也好啊！<br/>视频来自快手等平台，侵权联系删除！,2662,https://www.acfun.cn/v/ac48870020,https://tx-free-imgs.acfun.cn/newUpload/2176158_d65e54f4e9ee489b86b6fc28c31c84ee.gif?imageslim,AcFun,日榜,day,hotlist,,2026-09-25 03:18:41
6,这样的学姐喜欢吗？欢乐八点档-1782,审核大大辛苦了！<br/>免费的香蕉投一下吧，没有那就点个赞吧，这对我来说很重要，谢谢！！！<br/>谢谢每一个投蕉的帅哥美女！你们是我坚持更新的动力！<br/>视频来自快手等平台，侵权联系删除！,2088,https://www.acfun.cn/v/ac48870057,https://tx-free-imgs.acfun.cn/newUpload/2176158_4c1f3b60f73e451abc443941d47305d8.gif?imageslim,AcFun,日榜,day,hotlist,,2026-09-25 03:18:41
7,网络上常见的热门短视频集锦   第三千四百四十七期,审核大大辛苦了！<br/>谢谢每一个投蕉的帅哥美女！香蕉没有来个赞也好啊！<br/>视频来自快手等平台，侵权联系删除！,2589,https://www.acfun.cn/v/ac48869149,https://tx-free-imgs.acfun.cn/newUpload/2176158_fdf9afe2e00a4a1aa62415c846776eaf.gif?imageslim,AcFun,日榜,day,hotlist,,2026-09-25 03:18:41
8,老板直聘（89）,,1403,https://www.acfun.cn/v/ac48868552,https://tx-free-imgs.acfun.cn/newUpload/74706824_db2c7ba15c5d4aa18872db6b0763b7ca.jpeg?imageslim,AcFun,日榜,day,hotlist,,2026-09-25 03:18:41
9,我要冲会员【今天有什么好笑的 #2516】,：），谢谢大家的投蕉和点赞，祝你开心愉快~<br/>wallpaper壁纸：Reze | Chainsaw Man<br/>BGM：Nicoleta Matei - Love mail<br/>,1826,https://www.acfun.cn/v/ac48870763,https://tx-free-imgs.acfun.cn/newUpload/383079_47b0fc3f458042f5bd3717967e55c598.gif?imageslim,AcFun,日榜,day,hotlist,,2026-09-25 03:18:41
10,奥迪“宫斗”十年大结局？一汽拿四环，上汽拿AUDI,一汽奥迪和上汽奥迪“宫斗”了十年，终于要划下句号了？,1332,https://www.acfun.cn/v/ac48870981,https://tx-free-imgs.acfun.cn/newUpload/13630266_3fde785be5a2411495618f67d01ab66a.jpeg?imageslim,AcFun,日榜,day,hotlist,,2026-09-25 03:18:41
11,发个friend圈,,1271,https://www.acfun.cn/v/ac48863958,https://tx-free-imgs.acfun.cn/newUpload/12439728_b44cb67ae45a4c179b08227368f4159c.png?imageslim,AcFun,日榜,day,hotlist,,2026-09-25 03:18:41
12,沦陷️,歌曲舞蹈：沦陷dj版-星奇摇   动作有改编,1281,https://www.acfun.cn/v/ac48869381,https://tx-free-imgs.acfun.cn/newUpload/12229455_aacf9da97a0940ad8e5f0b509d9cc159.jpeg?imageslim,AcFun,日榜,day,hotlist,,2026-09-25 03:18:41
13,【东方】QUEEN【蕾米莉亚 Miy Ver. MMD】,作者：やくも<br/><br/>楽曲:Kanaria 様→https://www.nicovideo.jp/watch/sm4088...<br/>振付:AKIRA様<br/>モーション:P-nez 様→https://www.nicovideo.jp/watch/sm4350...<br/>カメラ:Mizuha様→https://www.nicovideo.jp/watch/sm4353...<br/>モデル:MIy様<br/>ステージ:栗ごはん様<br/>アクセサリ:アスカ様,1029,https://www.acfun.cn/v/ac48870080,https://tx-free-imgs.acfun.cn/newUpload/6102_6a4dce20c9b74fa0bbdff3ccc0a73c5d.png?imageslim,AcFun,日榜,day,hotlist,,2026-09-25 03:18:41
14,一场70年代的直播装柜记录《魔鬼深夜秀》,献给我1520个粉丝宝子们,1105,https://www.acfun.cn/v/ac48869492,https://tx-free-imgs.acfun.cn/newUpload/4603390_e920fb8cb01c48f6b81dfe49f9bdbdf6.jpeg?imageslim,AcFun,日榜,day,hotlist,,2026-09-25 03:18:41
15,在英国差点被上门诈骗,可能看到我一人在家，就大胆敲门了，还好平常也会注意周边邻居，没发生什么事儿，这个金额就算被骗也不会报警，以后还是要小心一些了。#英国日常#vlog,1206,https://www.acfun.cn/v/ac48869505,https://tx-free-imgs.acfun.cn/newUpload/43181603_1c8c6c487a864d098b5e7e7bf2a12c6a.jpg?imageslim,AcFun,日榜,day,hotlist,,2026-09-25 03:18:41
16,【无字幕】《JOJO的奇妙冒险 飙马野郎 》Part 2 NCOP「SPIN」,,794,https://www.acfun.cn/v/ac48869632,https://tx-free-imgs.acfun.cn/newUpload/30501027_aae616c323af422bb4da842c191d69ce.png?imageslim,AcFun,日榜,day,hotlist,,2026-09-25 03:18:41
17,【AI】今晚的期待,Comfyui,1239,https://www.acfun.cn/v/ac48870865,https://tx-free-imgs.acfun.cn/newUpload/14047168_02bac6c1158f4e108536124c7239e472.jpeg?imageslim,AcFun,日榜,day,hotlist,,2026-09-25 03:18:41
18,坚持跳舞8年改变了什么？《千里邀月》2018vs2026【紫嘉儿】,中秋快乐！没想到8年前的编舞每年这个时候都有很多翻跳，一起用舞蹈记录下美好时光吧！,1087,https://www.acfun.cn/v/ac48870585,https://tx-free-imgs.acfun.cn/newUpload/1161851_851c52555ace464f98231f30a167eedd.png?imageslim,AcFun,日榜,day,hotlist,,2026-09-25 03:18:41
19,"长手打短手？2万分王者局！快速看完一局韩服王者斗殴局#836 十三day, Eclipse,","长手打短手？2万分王者局！快速看完一局韩服王者斗殴局#836 十三day, Eclipse, 0909, Lelitz, 1Jiang <br/>BGM:https://music.163.com/playlist?id=650818240&userid=30476594",1210,https://www.acfun.cn/v/ac48863751,https://tx-free-imgs.acfun.cn/newUpload/1378726_792b017ff72e4ed49b05fe8e1e24f6e4.jpeg?imageslim,AcFun,日榜,day,hotlist,,2026-09-25 03:18:41
20,好像只能礼貌的问候~,,1084,https://www.acfun.cn/v/ac48871365,https://tx-free-imgs.acfun.cn/newUpload/43459034_4572f98756df48b0bc9c323cdc49a8d2.jpg?imageslim,AcFun,日榜,day,hotlist,,2026-09-25 03:18:41
21,【AI】小妈裙~chocolate cream,Comfyui,1227,https://www.acfun.cn/v/ac48870861,https://tx-free-imgs.acfun.cn/newUpload/14047168_efd2bae7c6184b3b89e82abfaadf0fb3.jpeg?imageslim,AcFun,日榜,day,hotlist,,2026-09-25 03:18:41
22,【绝望女神/翻唱】【星际牛仔ED The Real Folk Blues】,想听啥情继续评论回复~,690,https://www.acfun.cn/v/ac48871323,https://tx-free-imgs.acfun.cn/newUpload/20705199_0be8deafcbb34bdb9f17523c5bc95087.jpeg?imageslim,AcFun,日榜,day,hotlist,,2026-09-25 03:18:41
23,这套皮肤真的很喜欢,,1052,https://www.acfun.cn/v/ac48871657,https://tx-free-imgs.acfun.cn/newUpload/16380981_ac9640e59a3a42e093fcee0a0b81d474.jpg?imageslim,AcFun,日榜,day,hotlist,,2026-09-25 03:18:41
24,少女机甲+空投轰炸？是什么神仙组合？,到底是一款什么样的机甲游戏，上线快3年还保持着特别好评？虽然是机甲美少女的设定，但是操作的是厚重质感的硬核机甲，这种硬核操作的感觉让人越玩越上头，今天来跟大家聊聊这款游戏《铁骑少女》。<br/>最近我一直期待的第三个DLC金盏花也是要上线了，这次DLC的核心新玩法，就是机甲“搜打撤”的模式。和本体死守基地的玩法不一样，这次整体的游玩思路都变了~,1070,https://www.acfun.cn/v/ac48871337,https://tx-free-imgs.acfun.cn/newUpload/61352468_77bf0ab03cd34fefa1d5530aca003edb.jpeg?imageslim,AcFun,日榜,day,hotlist,,2026-09-25 03:18:41
25,记录2023年6月份在台上开心的表演lamb的我,,1104,https://www.acfun.cn/v/ac48871344,https://tx-free-imgs.acfun.cn/newUpload/16380981_00755d93042647bcb6f29a19da53e590.png?imageslim,AcFun,日榜,day,hotlist,,2026-09-25 03:18:41
26,【翻唱】鬼ノ宴,本家様<br/>友成空様<br/>【鬼ノ宴】<br/>•友成空(TOMONARI SORA) -   鬼ノ宴   ［Lyric Video］<br/>https://www.youtube.com/watch?v=NFzyrPK9rtM,992,https://www.acfun.cn/v/ac48871180,https://tx-free-imgs.acfun.cn/newUpload/10144864_a75eddb97ea048b59fef6aaea5d4478f.jpeg?imageslim,AcFun,日榜,day,hotlist,,2026-09-25 03:18:41
27,下班后跳一段恋爱的条件～,,934,https://www.acfun.cn/v/ac48871308,https://tx-free-imgs.acfun.cn/newUpload/43459034_9aa96c2a93884a3891b73b05298d8521.jpg?imageslim,AcFun,日榜,day,hotlist,,2026-09-25 03:18:41
28,T-ARA So Crazy,,1326,https://www.acfun.cn/v/ac48869387,https://tx-free-imgs.acfun.cn/newUpload/795184_e0ad411d1b844c569dc376c0b45f763c.jpeg?imageslim,AcFun,日榜,day,hotlist,,2026-09-25 03:18:41
29,【黒碳】ライトダンス - サカナクション【生日作】【翻唱】,本家:サカナクション ; 翻唱: 黒碳Kurotan; 后期: 黒碳Kurotan; 曲绘: 黒碳Kurotan; PV: 黒碳Kurotan以及十分牛杯的網站：https://pv.pixjam.cn/ 背景是用這個做的!! 狠狠趕工終於做完了 好感動,1052,https://www.acfun.cn/v/ac48869560,https://tx-free-imgs.acfun.cn/newUpload/13707663_f611642aa87b4dab9a8d8a6beb7ace77.jpeg?imageslim,AcFun,日榜,day,hotlist,,2026-09-25 03:18:41
30,吃！给我吃！【鬼ノ宴翻唱】,,1043,https://www.acfun.cn/v/ac48871186,https://tx-free-imgs.acfun.cn/newUpload/10144864_ee78f4d0678d414f9ce18c29231cf17a.jpeg?imageslim,AcFun,日榜,day,hotlist,,2026-09-25 03:18:41
31,BR66型蒸汽机车 trix越来越垃圾了！尤其是垃圾会员车，一个比一个烂！这一次终于拉了一坨更大的！,,627,https://www.acfun.cn/v/ac48871197,https://tx-free-imgs.acfun.cn/newUpload/66128753_8563c2ab24aa4a2289e52500bc42f1f1.png?imageslim,AcFun,日榜,day,hotlist,,2026-09-25 03:18:41
32,AOA-猫步轻俏,,1182,https://www.acfun.cn/v/ac48869298,https://tx-free-imgs.acfun.cn/newUpload/795184_6cc9a8a9e54144c3b69380546963be9b.jpeg?imageslim,AcFun,日榜,day,hotlist,,2026-09-25 03:18:41
33,【AI】山间竹林仙子,Comfyui,1057,https://www.acfun.cn/v/ac48870853,https://tx-free-imgs.acfun.cn/newUpload/14047168_20afdd6955bd44a9a04b0629aecb5ad1.jpeg?imageslim,AcFun,日榜,day,hotlist,,2026-09-25 03:18:41
34,如果是机器人女友，怎么哄男朋友呢？！,,1138,https://www.acfun.cn/v/ac48870116,https://tx-free-imgs.acfun.cn/newUpload/17928_330fc95b89c04eda831570be0a48cb0e.png?imageslim,AcFun,日榜,day,hotlist,,2026-09-25 03:18:41
35,绿梦：时空之声公测定档！公测版本全面优化！,绿梦：时空之声公测定档！公测版本全面优化！,1136,https://www.acfun.cn/v/ac48871268,https://tx-free-imgs.acfun.cn/newUpload/63104383_33b9de6d951a4ca0b5a7b9dfc2fc748e.gif?imageslim,AcFun,日榜,day,hotlist,,2026-09-25 03:18:41
36,偶遇杀手莲子,,1096,https://www.acfun.cn/v/ac48869299,https://tx-free-imgs.acfun.cn/newUpload/71220423_889894cc6b094cc9b583de3b2598cd68.jpeg?imageslim,AcFun,日榜,day,hotlist,,2026-09-25 03:18:41
37,你迟早会背叛我的,,1316,https://www.acfun.cn/v/ac48869570,https://tx-free-imgs.acfun.cn/newUpload/2742252_1977688b66b746918c3e25dd4f72a7b1.jpg?imageslim,AcFun,日榜,day,hotlist,,2026-09-25 03:18:41
38,22.称霸水下四亿年，人类最古老的远房祖先：硬骨鱼总纲,22.称霸水下四亿年，人类最古老的远房祖先：硬骨鱼总纲,746,https://www.acfun.cn/v/ac48871354,https://tx-free-imgs.acfun.cn/newUpload/28933912_40dcb39f039045868ae364582e4a1797.jpeg?imageslim,AcFun,日榜,day,hotlist,,2026-09-25 03:18:41
39,上线才半年，腾讯养的“龙虾”QClaw，官宣停运了！,,1094,https://www.acfun.cn/v/ac48871074,https://tx-free-imgs.acfun.cn/newUpload/17928_22da7d70ed6749f690e735b0f098a800.png?imageslim,AcFun,日榜,day,hotlist,,2026-09-25 03:18:41
40,【牛子组合】凉凉,世事一场大梦，人生几度秋凉，祝大家26年中秋快乐,700,https://www.acfun.cn/v/ac48870493,https://tx-free-imgs.acfun.cn/newUpload/358616_22f2cb85fdca497ab5cd556c984493d6.png?imageslim,AcFun,日榜,day,hotlist,,2026-09-25 03:18:41
41,小兔-20260923 abracadabra 上下 恋爱的条件 成人礼 晚安吻,,961,https://www.acfun.cn/v/ac48870476,https://tx-free-imgs.acfun.cn/newUpload/78055394_4dcf7a6688cb4a1994bd96389cc84b38.jpeg?imageslim,AcFun,日榜,day,hotlist,,2026-09-25 03:18:41
42,【小腐】暧昧回避,夕阳下起舞吧,354,https://www.acfun.cn/v/ac48869652,https://tx-free-imgs.acfun.cn/newUpload/13893173_aae9f2e333b24238961905e095f6c60c.png?imageslim,AcFun,日榜,day,hotlist,,2026-09-25 03:18:41
43,三角洲行动：威力巨大的巴雷特狙击步枪，一枪毙命就是爽,反器材不行，还是来反步兵吧。,466,https://www.acfun.cn/v/ac48869561,https://tx-free-imgs.acfun.cn/newUpload/11602352_67012a71c8e64cb59ea80b622bb985f2.jpeg?imageslim,AcFun,日榜,day,hotlist,,2026-09-25 03:18:41
44,另一版,之前还拍了一版，但是感觉镜头太晃了,371,https://www.acfun.cn/v/ac48871588,https://tx-free-imgs.acfun.cn/newUpload/12954767_f420f9f6197c43d4bb14421c32d81bbb.png?imageslim,AcFun,日榜,day,hotlist,,2026-09-25 03:18:41
45,飒！BABYMONSTER CHIQUITA小姐姐跳《Worth It》,-v -好不好看呢,1057,https://www.acfun.cn/v/ac48870427,https://tx-free-imgs.acfun.cn/newUpload/199029_44d3343f2e3742c780253ef0f9df1a6b.png?imageslim,AcFun,日榜,day,hotlist,,2026-09-25 03:18:41
46,【雀魂汪汪录】第402期 牌没有问题，你们打吧,BGM可以通过网易云搜索【雀魂汪汪录BGM】就可以找到啦！<br/><br/>雀魂汪汪录 周四中午见<br/><br/>微博 @雀魂麻将majsoul<br/><br/>——————————————————————————<br/><br/>想要投稿的玩家~务必请通过邮箱来进行投稿~【请不要在评论区或是私信投稿，谢谢】<br/><br/>邮箱地址：tg@maj-soul.com<br/><br/>投稿最少需要注明【局目、内容、牌谱链接】哦！,880,https://www.acfun.cn/v/ac48868870,https://tx-free-imgs.acfun.cn/newUpload/14265704_e978d1ceac98487a9e811f09bc2d943f.jpeg?imageslim,AcFun,日榜,day,hotlist,,2026-09-25 03:18:41
47,社畜身份不是你精致生活的角色扮演,,508,https://www.acfun.cn/v/ac48871467,https://tx-free-imgs.acfun.cn/newUpload/14013875_ec82a37907ff4565a6f6f6d916bd7117.png?imageslim,AcFun,日榜,day,hotlist,,2026-09-25 03:18:41
48,桢-20260923 abracadabra,,912,https://www.acfun.cn/v/ac48870552,https://tx-free-imgs.acfun.cn/newUpload/78055394_f7c161e6bccd480f9b8a372dd55c3678.jpeg?imageslim,AcFun,日榜,day,hotlist,,2026-09-25 03:18:41
49,重制版 2026年还有人看重制版吗？魔兽争霸xiaoy解说浪漫 kaho,,882,https://www.acfun.cn/v/ac48869843,https://tx-free-imgs.acfun.cn/newUpload/37584199_8b81592540634f919b6c685d31aa555c.jpeg?imageslim,AcFun,日榜,day,hotlist,,2026-09-25 03:18:41
50,T-ara Bo Peep Bo Peep,,823,https://www.acfun.cn/v/ac48869397,https://tx-free-imgs.acfun.cn/newUpload/795184_1876bec3bc5d43d6b42da8060c06a34a.jpeg?imageslim,AcFun,日榜,day,hotlist,,2026-09-25 03:18:41
1,是谁点的小恶魔，蕉出来～,,4962,https://www.acfun.cn/v/ac48867778,https://tx-free-imgs.acfun.cn/newUpload/17062172_6098fee67d1748e0ab5dab3b5665736c.jpg?imageslim,AcFun,三日榜,three-days,hotlist,,2026-09-25 03:18:41
2,【绘图过程】《海边》6周年纪念插图过程,6周年纪念插图挂画（预售）、沙滩巾（预售），阿宝已上架,3229,https://www.acfun.cn/v/ac48836990,https://tx-free-imgs.acfun.cn/newUpload/179922_9f95aba039e84f3594c3947b3c8fdd58.jpeg?imageslim,AcFun,三日榜,three-days,hotlist,,2026-09-25 03:18:41
3,还是少妇会的多啊！★手机竖屏2011★,审核大大辛苦了！<br/>谢谢每一个投蕉的帅哥美女！香蕉没有来个赞也好啊！<br/>视频来自快手等平台，侵权联系删除！,5041,https://www.acfun.cn/v/ac48864360,https://tx-free-imgs.acfun.cn/newUpload/2176158_3d4f199fd93640468e543b9ee25ac4c0.gif?imageslim,AcFun,三日榜,three-days,hotlist,,2026-09-25 03:18:41
4,《野生动物迷惑行为》,喜欢请投蕉啊   谢谢啦！,2611,https://www.acfun.cn/v/ac48868360,https://tx-free-imgs.acfun.cn/newUpload/1342385_3fab348c538e4c0fa001871a708fe302.jpeg?imageslim,AcFun,三日榜,three-days,hotlist,,2026-09-25 03:18:41
5,漫威金刚狼深陷争议！SweetBaby又毁一款？【绅批】,这算是DEI的历史遗留问题了，所有现在已经从sweetbaby离职的人，只要参与过游戏制作也会被署名（比如桥本和真）,2715,https://www.acfun.cn/v/ac48868810,https://tx-free-imgs.acfun.cn/newUpload/526850_ca1da1572b1d494a93e2f6bab46cf76b.jpeg?imageslim,AcFun,三日榜,three-days,hotlist,,2026-09-25 03:18:41
6,mr chu!!好怀念这首歌,,1945,https://www.acfun.cn/v/ac48869375,https://tx-free-imgs.acfun.cn/newUpload/16380981_19592eb83a88429695ee1a0508fc3df0.png?imageslim,AcFun,三日榜,three-days,hotlist,,2026-09-25 03:18:41
7,25年了，回坊天花板小酥肉，还是那个味儿,记忆中的味道，回来了，都回来了……<br/>一口椒麻一口鲜，大口吃肉，配上热腾腾的米饭，绝了。<br/>素三鲜也是无敌的存在！,2491,https://www.acfun.cn/v/ac48865538,https://tx-free-imgs.acfun.cn/newUpload/13765438_9bc4a0abf32a4c1aa3e83c844de84649.jpeg?imageslim,AcFun,三日榜,three-days,hotlist,,2026-09-25 03:18:41
8,拳击好啊，拳击得学！欢乐八点档-1781,审核大大辛苦了！<br/>免费的香蕉投一下吧，没有那就点个赞吧，这对我来说很重要，谢谢！！！<br/>谢谢每一个投蕉的帅哥美女！你们是我坚持更新的动力！<br/>视频来自快手等平台，侵权联系删除！,3917,https://www.acfun.cn/v/ac48868336,https://tx-free-imgs.acfun.cn/newUpload/2176158_3f6c601293a54468bae97f781440217b.gif?imageslim,AcFun,三日榜,three-days,hotlist,,2026-09-25 03:18:41
9,北京豆汁会惩罚每一个好奇的人！欢乐八点档-1780,审核大大辛苦了！<br/>免费的香蕉投一下吧，没有那就点个赞吧，这对我来说很重要，谢谢！！！<br/>谢谢每一个投蕉的帅哥美女！你们是我坚持更新的动力！<br/>视频来自快手等平台，侵权联系删除！,4341,https://www.acfun.cn/v/ac48865965,https://tx-free-imgs.acfun.cn/newUpload/2176158_ec83e6fb2ffc4005b41881ac13dbaeca.gif?imageslim,AcFun,三日榜,three-days,hotlist,,2026-09-25 03:18:41
10,网络上常见的热门短视频集锦   第三千四百四十五期,审核大大辛苦了！<br/>谢谢每一个投蕉的帅哥美女！香蕉没有来个赞也好啊！<br/>视频来自快手等平台，侵权联系删除！,3806,https://www.acfun.cn/v/ac48866824,https://tx-free-imgs.acfun.cn/newUpload/2176158_dba921eb42f14c7ba31a1af83bfe71ce.gif?imageslim,AcFun,三日榜,three-days,hotlist,,2026-09-25 03:18:41
11,空中瑜伽！！！★手机竖屏2012★,审核大大辛苦了！<br/>谢谢每一个投蕉的帅哥美女！香蕉没有来个赞也好啊！<br/>视频来自快手等平台，侵权联系删除！,4272,https://www.acfun.cn/v/ac48866821,https://tx-free-imgs.acfun.cn/newUpload/2176158_610807af48f5463a891fc9f341c9b16f.gif?imageslim,AcFun,三日榜,three-days,hotlist,,2026-09-25 03:18:41
12,我真的是来吃饭的！★手机竖屏2013★,审核大大辛苦了！<br/>谢谢每一个投蕉的帅哥美女！香蕉没有来个赞也好啊！<br/>视频来自快手等平台，侵权联系删除！,3230,https://www.acfun.cn/v/ac48869145,https://tx-free-imgs.acfun.cn/newUpload/2176158_eb4b69370b8f435aa2b171e72403d356.gif?imageslim,AcFun,三日榜,three-days,hotlist,,2026-09-25 03:18:41
13,厨师长教你：“鱼香肉丝”的家常做法，酸甜微辣，口感丰富,,1956,https://www.acfun.cn/v/ac48867741,https://tx-free-imgs.acfun.cn/newUpload/13274260_93e68d1098d04ffca2683655a6a404c2.jpeg?imageslim,AcFun,三日榜,three-days,hotlist,,2026-09-25 03:18:41
14,今天你不能嫁出去【今天有什么好笑的 #2514】,：)，谢谢大家，祝你们开心。<br/>wallpaper壁纸：Fading Astronaut 5K (update)<br/>BGM：I Want It That Way,2831,https://www.acfun.cn/v/ac48865864,https://tx-free-imgs.acfun.cn/newUpload/383079_ee4f5f7badf74f05a2ef6c691387f327.gif?imageslim,AcFun,三日榜,three-days,hotlist,,2026-09-25 03:18:41
15,网络上常见的热门短视频集锦   第三千四百四十三期,审核大大辛苦了！<br/>谢谢每一个投蕉的帅哥美女！香蕉没有来个赞也好啊！<br/>视频来自快手等平台，侵权联系删除！,3556,https://www.acfun.cn/v/ac48864363,https://tx-free-imgs.acfun.cn/newUpload/2176158_dfef22dbf6934a15a594e5766b8680ca.gif?imageslim,AcFun,三日榜,three-days,hotlist,,2026-09-25 03:18:41
16,网络上常见的热门短视频集锦   第三千四百四十四期,审核大大辛苦了！<br/>谢谢每一个投蕉的帅哥美女！香蕉没有来个赞也好啊！<br/>视频来自快手等平台，侵权联系删除！,3483,https://www.acfun.cn/v/ac48865021,https://tx-free-imgs.acfun.cn/newUpload/2176158_663463f1e6004dc2b4dea153d1e60c05.gif?imageslim,AcFun,三日榜,three-days,hotlist,,2026-09-25 03:18:41
17,因为害怕被讨厌 所以把自己藏起来了,,1780,https://www.acfun.cn/v/ac48871331,https://tx-free-imgs.acfun.cn/newUpload/11361784_3d4bd69b46f541e184c2922c24f09276.jpg?imageslim,AcFun,三日榜,three-days,hotlist,,2026-09-25 03:18:41
18,嘴角压不住了【今天有什么好笑的 #2515】,：），谢谢大家的投蕉和点赞，祝你开心愉快~<br/>wallpaper壁纸：Genshin 神里绫华<br/>BGM：Wake me up when september ends,2325,https://www.acfun.cn/v/ac48868130,https://tx-free-imgs.acfun.cn/newUpload/383079_ef65121591434d2b86d53db1622776cd.gif?imageslim,AcFun,三日榜,three-days,hotlist,,2026-09-25 03:18:41
19,粉丝让我录的，不理解但照做！！！,怪哦~,1971,https://www.acfun.cn/v/ac48866011,https://tx-free-imgs.acfun.cn/newUpload/210705_6db288d8849d4e408bbee41ce9116989.jpeg?imageslim,AcFun,三日榜,three-days,hotlist,,2026-09-25 03:18:41
20,网络上常见的热门短视频集锦   第三千四百四十六期,审核大大辛苦了！<br/>谢谢每一个投蕉的帅哥美女！香蕉没有来个赞也好啊！<br/>视频来自快手等平台，侵权联系删除！,3528,https://www.acfun.cn/v/ac48867732,https://tx-free-imgs.acfun.cn/newUpload/2176158_2ec1d99da19a48e0a8e4ff2a2447e612.gif?imageslim,AcFun,三日榜,three-days,hotlist,,2026-09-25 03:18:41
21,双手合十萨瓦迪卡！,,1768,https://www.acfun.cn/v/ac48863951,https://tx-free-imgs.acfun.cn/newUpload/12439728_638a29114abf4b0bafda38c61f497df1.png?imageslim,AcFun,三日榜,three-days,hotlist,,2026-09-25 03:18:41
22,姛姛？！蝴蝶耳机Manget中文翻唱【箐羽Hane】x【缇若柯Teivoc】,“是否你确实表里如一淡然，还是说你——并不似我贪婪？”<br/>《Manget》磁石 / 蝴蝶耳机 - 中文翻唱<br/>原作作曲 / 流星P<br/>曲绘&翻唱 / 箐羽hane & 缇若柯Teivoc<br/>中文填词 / 果汁凉菜<br/>混音 / 风尘<br/>和笋笋一起唱了我们二次元姛神曲！曲绘也是我和笋笋每个人负责了自己的部分最后再拼到一起的！真好！( *^ ^)o(^ ^* )希望大家也能喜欢！,1310,https://www.acfun.cn/v/ac48869340,https://tx-free-imgs.acfun.cn/newUpload/67511609_d868cdbd6b1849e8958696cdc9db1493.jpeg?imageslim,AcFun,三日榜,three-days,hotlist,,2026-09-25 03:18:41
23,昆汀力荐！这部复仇老片，竟是杀死比尔的人物原型来源,,1620,https://www.acfun.cn/v/ac48865483,https://tx-free-imgs.acfun.cn/newUpload/8042365_d9ae5a725d8848abb4b488acbf483611.jpeg?imageslim,AcFun,三日榜,three-days,hotlist,,2026-09-25 03:18:41
24,交通事故20260923：交通车祸实例，提高安全驾驶意识,,1363,https://www.acfun.cn/v/ac48868861,https://tx-free-imgs.acfun.cn/newUpload/76871961_edea5de6659a4cd2b733a74989043440.jpg?imageslim,AcFun,三日榜,three-days,hotlist,,2026-09-25 03:18:41
25,这样的学姐喜欢吗？欢乐八点档-1782,审核大大辛苦了！<br/>免费的香蕉投一下吧，没有那就点个赞吧，这对我来说很重要，谢谢！！！<br/>谢谢每一个投蕉的帅哥美女！你们是我坚持更新的动力！<br/>视频来自快手等平台，侵权联系删除！,2088,https://www.acfun.cn/v/ac48870057,https://tx-free-imgs.acfun.cn/newUpload/2176158_4c1f3b60f73e451abc443941d47305d8.gif?imageslim,AcFun,三日榜,three-days,hotlist,,2026-09-25 03:18:41
26,常州新开巴西烤肉自助，100块钱值得吗？,这是我目前为止，去过的第二家巴西烤肉自助，团购优惠的情况下，花了94元。正常价格在95~110不等<br/><br/>简单带大家看下菜品，除了取餐台这么些，各种牛肉制品、大串烧烤都是循环上桌，大家觉得这么些菜式花样，100块钱左右你们觉得贵还是便宜啊，觉得贵的扣1，觉得便宜的扣2,1781,https://www.acfun.cn/v/ac48868891,https://tx-free-imgs.acfun.cn/newUpload/2046675_bf3a59ddff624646850829452262094e.jpeg?imageslim,AcFun,三日榜,three-days,hotlist,,2026-09-25 03:18:41
27,人鱼的眼泪,歌曲舞蹈：爱乐之城-人鱼的眼泪,1503,https://www.acfun.cn/v/ac48867050,https://tx-free-imgs.acfun.cn/newUpload/12229455_130b1f041e6741dab4f6295ee27d927e.jpeg?imageslim,AcFun,三日榜,three-days,hotlist,,2026-09-25 03:18:41
28,现在电脑不好卖了，以后我们出租AI机器人吧,,1641,https://www.acfun.cn/v/ac48867767,https://tx-free-imgs.acfun.cn/newUpload/17928_c684f06231604145b533a0f00627c624.png?imageslim,AcFun,三日榜,three-days,hotlist,,2026-09-25 03:18:41
29,网络上常见的热门短视频集锦   第三千四百四十八期,审核大大辛苦了！<br/>谢谢每一个投蕉的帅哥美女！香蕉没有来个赞也好啊！<br/>视频来自快手等平台，侵权联系删除！,2662,https://www.acfun.cn/v/ac48870020,https://tx-free-imgs.acfun.cn/newUpload/2176158_d65e54f4e9ee489b86b6fc28c31c84ee.gif?imageslim,AcFun,三日榜,three-days,hotlist,,2026-09-25 03:18:41
30,Summertime,歌曲：summer time<br/>动作参考：紫嘉儿<br/>原版编舞：（Millennium红房子_BON）<br/>参考编舞：(GFRIEND《Sunny Summer）,1696,https://www.acfun.cn/v/ac48864563,https://tx-free-imgs.acfun.cn/newUpload/12229455_1a8e22f51f3e4effa32c00abb4fd05af.jpeg?imageslim,AcFun,三日榜,three-days,hotlist,,2026-09-25 03:18:41
31,原创编舞《千层套路》的定机位竖屏来啦！,,1558,https://www.acfun.cn/v/ac48869245,https://tx-free-imgs.acfun.cn/newUpload/16380981_24bafd11c027499d9fe6820162faa782.png?imageslim,AcFun,三日榜,three-days,hotlist,,2026-09-25 03:18:41
32,北京的最北端在黑龙江？？？国内飞地是怎么形成的？,这份中国地图，是你从未看过的船新版本，放大几倍就会发现，在大家熟悉的各个省份中，还藏着一堆 “你中有我、我中有你” 的飞地。,1748,https://www.acfun.cn/v/ac48867896,https://tx-free-imgs.acfun.cn/newUpload/13630266_cc2428a99a42453f99c9e1306e7a43bb.jpeg?imageslim,AcFun,三日榜,three-days,hotlist,,2026-09-25 03:18:41
33,我要辞职了！,,1624,https://www.acfun.cn/v/ac48863957,https://tx-free-imgs.acfun.cn/newUpload/12439728_7c57a0735675474590bf7b25e1a34527.png?imageslim,AcFun,三日榜,three-days,hotlist,,2026-09-25 03:18:41
34,网络上常见的热门短视频集锦   第三千四百四十七期,审核大大辛苦了！<br/>谢谢每一个投蕉的帅哥美女！香蕉没有来个赞也好啊！<br/>视频来自快手等平台，侵权联系删除！,2589,https://www.acfun.cn/v/ac48869149,https://tx-free-imgs.acfun.cn/newUpload/2176158_fdf9afe2e00a4a1aa62415c846776eaf.gif?imageslim,AcFun,三日榜,three-days,hotlist,,2026-09-25 03:18:41
35,捏捏已经已进化到可以吃的地步啦？,,1598,https://www.acfun.cn/v/ac48868638,https://tx-free-imgs.acfun.cn/newUpload/6177430_486c910212d548c991eeb140f146a6ed.jpeg?imageslim,AcFun,三日榜,three-days,hotlist,,2026-09-25 03:18:41
36,我终于瘦到120斤以下了！,,1624,https://www.acfun.cn/v/ac48867016,https://tx-free-imgs.acfun.cn/newUpload/16380981_906db098cf5d4eaca57bde52b0ae8bf2.jpg?imageslim,AcFun,三日榜,three-days,hotlist,,2026-09-25 03:18:41
37,《奶凶奶凶的漫威金刚狼！》,游戏名：《漫威金刚狼》- Marvel s Wolverine<br/>直播玩了15小时左右一周目通关啦~(*^▽^*)开心，这期是切片呦~,1802,https://www.acfun.cn/v/ac48866669,https://tx-free-imgs.acfun.cn/newUpload/61352468_cb62bfe2e19c4f35804259fac7f8c226.jpeg?imageslim,AcFun,三日榜,three-days,hotlist,,2026-09-25 03:18:41
38,老板直聘（89）,,1403,https://www.acfun.cn/v/ac48868552,https://tx-free-imgs.acfun.cn/newUpload/74706824_db2c7ba15c5d4aa18872db6b0763b7ca.jpeg?imageslim,AcFun,三日榜,three-days,hotlist,,2026-09-25 03:18:41
39,嘉蒂丝模型曝光！很大！策划团队产能恢复？,明天新角色就要上了，技系直接立于天上。,1800,https://www.acfun.cn/v/ac48866809,https://tx-free-imgs.acfun.cn/newUpload/247671_ee6def92d94a4ab1b770fa166f4de4b7.jpeg?imageslim,AcFun,三日榜,three-days,hotlist,,2026-09-25 03:18:41
40,好曲不挑舞！《琵琶曲》你喜欢的是？,,1373,https://www.acfun.cn/v/ac48866497,https://tx-free-imgs.acfun.cn/newUpload/1161851_90c6400f25f14d969028c8a6779eaaf5.png?imageslim,AcFun,三日榜,three-days,hotlist,,2026-09-25 03:18:41
41,我要冲会员【今天有什么好笑的 #2516】,：），谢谢大家的投蕉和点赞，祝你开心愉快~<br/>wallpaper壁纸：Reze | Chainsaw Man<br/>BGM：Nicoleta Matei - Love mail<br/>,1826,https://www.acfun.cn/v/ac48870763,https://tx-free-imgs.acfun.cn/newUpload/383079_47b0fc3f458042f5bd3717967e55c598.gif?imageslim,AcFun,三日榜,three-days,hotlist,,2026-09-25 03:18:41
42,抱紧原生家庭（90）,,1389,https://www.acfun.cn/v/ac48867786,https://tx-free-imgs.acfun.cn/newUpload/74706824_fcc9a2386aff4fb0b3ecd158e3c6b97f.png?imageslim,AcFun,三日榜,three-days,hotlist,,2026-09-25 03:18:41
43,换你穿越三国乱世，你是起兵还是种田？,有没有宝贝和我一样，看三国的时候总在想，如果换我身在那个乱世，我会怎么样？是起兵争霸，还是归隐山林？ 或是是咱们可以选三国里有名的角色或者可以架空历史从素人做起，一统三国，那会怎么样?我最近就玩了这么一款游戏，一玩就是五个小时，根本停不下来，那今天来聊聊这款开放世界slg游戏《英雄立志传：三国志》~<br/>,1545,https://www.acfun.cn/v/ac48869043,https://tx-free-imgs.acfun.cn/newUpload/61352468_39715609bed041b98b21f3dbb482ad70.jpeg?imageslim,AcFun,三日榜,three-days,hotlist,,2026-09-25 03:18:41
44,你吃月饼了吗？,,1389,https://www.acfun.cn/v/ac48869054,https://tx-free-imgs.acfun.cn/newUpload/1167675_8f48723afb0e41ecbe772249b3f4df1a.jpg?imageslim,AcFun,三日榜,three-days,hotlist,,2026-09-25 03:18:41
45,奥迪“宫斗”十年大结局？一汽拿四环，上汽拿AUDI,一汽奥迪和上汽奥迪“宫斗”了十年，终于要划下句号了？,1332,https://www.acfun.cn/v/ac48870981,https://tx-free-imgs.acfun.cn/newUpload/13630266_3fde785be5a2411495618f67d01ab66a.jpeg?imageslim,AcFun,三日榜,three-days,hotlist,,2026-09-25 03:18:41
46,沦陷️,歌曲舞蹈：沦陷dj版-星奇摇   动作有改编,1281,https://www.acfun.cn/v/ac48869381,https://tx-free-imgs.acfun.cn/newUpload/12229455_aacf9da97a0940ad8e5f0b509d9cc159.jpeg?imageslim,AcFun,三日榜,three-days,hotlist,,2026-09-25 03:18:41
47,发个friend圈,,1271,https://www.acfun.cn/v/ac48863958,https://tx-free-imgs.acfun.cn/newUpload/12439728_b44cb67ae45a4c179b08227368f4159c.png?imageslim,AcFun,三日榜,three-days,hotlist,,2026-09-25 03:18:41
48,【柯基】papi酱《生气了》｜oh my god你吓到我了,,1396,https://www.acfun.cn/v/ac48867295,https://tx-free-imgs.acfun.cn/newUpload/29493245_980e56a85587473a82c7499c2ed115cb.png?imageslim,AcFun,三日榜,three-days,hotlist,,2026-09-25 03:18:41
49,发怒了好多次哈哈哈哈，最后一遍最好！,,1388,https://www.acfun.cn/v/ac48867030,https://tx-free-imgs.acfun.cn/newUpload/16380981_8a800edc429e47809b3a0e69ec22c530.jpg?imageslim,AcFun,三日榜,three-days,hotlist,,2026-09-25 03:18:41
50,只有刀鸣最小丑？各大游戏千年血战联动盘点！,300英雄的含金量还在上升,1863,https://www.acfun.cn/v/ac48869154,https://tx-free-imgs.acfun.cn/newUpload/247671_7d920e56c00e4af39fed560bf094f965.jpeg?imageslim,AcFun,三日榜,three-days,hotlist,,2026-09-25 03:18:41
1,剑戟战斗的巅峰 关卡内容的洼地 偏科严重的《鬼武者：剑之道》,它给人爽的部分是真的爽，但是在每次爽之前，你得堵不少马桶，先生。,4360,https://www.acfun.cn/v/ac48859506,https://tx-free-imgs.acfun.cn/newUpload/934542_5d98ad80ca9c4307b5cdc2051c11cb50.jpeg?imageslim,AcFun,周榜,week,hotlist,,2026-09-25 03:18:41
2,【写真】ol穿搭,,10370,https://www.acfun.cn/v/ac48856919,https://tx-free-imgs.acfun.cn/newUpload/3540234_86355333f0d94a46842be6ec42cca369.jpg?imageslim,AcFun,周榜,week,hotlist,,2026-09-25 03:18:41
3,跳最开心的一集,,3934,https://www.acfun.cn/v/ac48860571,https://tx-free-imgs.acfun.cn/newUpload/50330447_79a3f269514140c29e7a85fb7c9dc94c.jpg?imageslim,AcFun,周榜,week,hotlist,,2026-09-25 03:18:41
4,是谁点的小恶魔，蕉出来～,,4962,https://www.acfun.cn/v/ac48867778,https://tx-free-imgs.acfun.cn/newUpload/17062172_6098fee67d1748e0ab5dab3b5665736c.jpg?imageslim,AcFun,周榜,week,hotlist,,2026-09-25 03:18:41
5,喜欢哪套？,,6488,https://www.acfun.cn/v/ac48861422,https://tx-free-imgs.acfun.cn/newUpload/3540234_729e0d22251f439da3735f26e58d174f.jpg?imageslim,AcFun,周榜,week,hotlist,,2026-09-25 03:18:41
6,过期JK碎碎念！,家人们记得蕉一蕉捏 啾咪,5772,https://www.acfun.cn/v/ac48859219,https://tx-free-imgs.acfun.cn/newUpload/17062172_5dd6ea8b5f2741ff87f0911db6dfb909.jpg?imageslim,AcFun,周榜,week,hotlist,,2026-09-25 03:18:41
7,开学对各省舍友的刻板印象,,4184,https://www.acfun.cn/v/ac48857410,https://tx-free-imgs.acfun.cn/newUpload/13114172_24dabc4c47ec46458d7cdfcc1cd2ee88.jpeg?imageslim,AcFun,周榜,week,hotlist,,2026-09-25 03:18:41
8,优雅永不过时！！！★手机竖屏2007★,审核大大辛苦了！<br/>谢谢每一个投蕉的帅哥美女！香蕉没有来个赞也好啊！<br/>视频来自快手等平台，侵权联系删除！,4323,https://www.acfun.cn/v/ac48855173,https://tx-free-imgs.acfun.cn/newUpload/2176158_d6d6aa7bbc494ad4bd0950cc58784963.gif?imageslim,AcFun,周榜,week,hotlist,,2026-09-25 03:18:41
9,《动物迷惑行为大赏325》,喜欢请投蕉啊 谢谢啦！,2607,https://www.acfun.cn/v/ac48861293,https://tx-free-imgs.acfun.cn/newUpload/1342385_03080470038d444a95ce01ff6a6aeb9f.jpeg?imageslim,AcFun,周榜,week,hotlist,,2026-09-25 03:18:41
10,《动物游戏行为图鉴》,喜欢请投蕉啊 谢谢啦！,2715,https://www.acfun.cn/v/ac48857450,https://tx-free-imgs.acfun.cn/newUpload/1342385_485bc20a4c164df2928409b209fa9afc.jpeg?imageslim,AcFun,周榜,week,hotlist,,2026-09-25 03:18:41
11,双马尾小女仆带来的情绪摇～,,3915,https://www.acfun.cn/v/ac48861966,https://tx-free-imgs.acfun.cn/newUpload/11361784_8cee0402b4754b1e82f85b7099791793.jpg?imageslim,AcFun,周榜,week,hotlist,,2026-09-25 03:18:41
12,帮Acer问一下，地址在哪里？欢乐八点档-1779,审核大大辛苦了！<br/>免费的香蕉投一下吧，没有那就点个赞吧，这对我来说很重要，谢谢！！！<br/>谢谢每一个投蕉的帅哥美女！你们是我坚持更新的动力！<br/>视频来自快手等平台，侵权联系删除！,4401,https://www.acfun.cn/v/ac48863633,https://tx-free-imgs.acfun.cn/newUpload/2176158_ff69c3c797d5414e8056b329918cc5b6.gif?imageslim,AcFun,周榜,week,hotlist,,2026-09-25 03:18:41
13,【绘图过程】《海边》6周年纪念插图过程,6周年纪念插图挂画（预售）、沙滩巾（预售），阿宝已上架,3229,https://www.acfun.cn/v/ac48836990,https://tx-free-imgs.acfun.cn/newUpload/179922_9f95aba039e84f3594c3947b3c8fdd58.jpeg?imageslim,AcFun,周榜,week,hotlist,,2026-09-25 03:18:41
14,人间琴悠扬，姑娘把谁记心上～,,2683,https://www.acfun.cn/v/ac48863143,https://tx-free-imgs.acfun.cn/newUpload/50330447_938d77716a11477e843914663278ff07.jpg?imageslim,AcFun,周榜,week,hotlist,,2026-09-25 03:18:41
15,还是少妇会的多啊！★手机竖屏2011★,审核大大辛苦了！<br/>谢谢每一个投蕉的帅哥美女！香蕉没有来个赞也好啊！<br/>视频来自快手等平台，侵权联系删除！,5041,https://www.acfun.cn/v/ac48864360,https://tx-free-imgs.acfun.cn/newUpload/2176158_3d4f199fd93640468e543b9ee25ac4c0.gif?imageslim,AcFun,周榜,week,hotlist,,2026-09-25 03:18:41
16,《野生动物迷惑行为》,喜欢请投蕉啊   谢谢啦！,2611,https://www.acfun.cn/v/ac48868360,https://tx-free-imgs.acfun.cn/newUpload/1342385_3fab348c538e4c0fa001871a708fe302.jpeg?imageslim,AcFun,周榜,week,hotlist,,2026-09-25 03:18:41
17,漫威金刚狼深陷争议！SweetBaby又毁一款？【绅批】,这算是DEI的历史遗留问题了，所有现在已经从sweetbaby离职的人，只要参与过游戏制作也会被署名（比如桥本和真）,2715,https://www.acfun.cn/v/ac48868810,https://tx-free-imgs.acfun.cn/newUpload/526850_ca1da1572b1d494a93e2f6bab46cf76b.jpeg?imageslim,AcFun,周榜,week,hotlist,,2026-09-25 03:18:41
18,钓鱼佬是真会享受！欢乐八点档-1777,审核大大辛苦了！<br/>免费的香蕉投一下吧，没有那就点个赞吧，这对我来说很重要，谢谢！！！<br/>谢谢每一个投蕉的帅哥美女！你们是我坚持更新的动力！<br/>视频来自快手等平台，侵权联系删除！,4570,https://www.acfun.cn/v/ac48858969,https://tx-free-imgs.acfun.cn/newUpload/2176158_c9d74d926c4c4d709a4b6b7769dffcca.gif?imageslim,AcFun,周榜,week,hotlist,,2026-09-25 03:18:41
19,网络上常见的热门短视频集锦   第三千四百三十八期,审核大大辛苦了！<br/>谢谢每一个投蕉的帅哥美女！香蕉没有来个赞也好啊！<br/>视频来自快手等平台，侵权联系删除！,4410,https://www.acfun.cn/v/ac48858394,https://tx-free-imgs.acfun.cn/newUpload/2176158_38174e72af934b9e86687045b01f0dd3.gif?imageslim,AcFun,周榜,week,hotlist,,2026-09-25 03:18:41
20,一波还未平息一波又来侵袭！★手机竖屏2010★,审核大大辛苦了！<br/>谢谢每一个投蕉的帅哥美女！香蕉没有来个赞也好啊！<br/>视频来自快手等平台，侵权联系删除！,4702,https://www.acfun.cn/v/ac48862013,https://tx-free-imgs.acfun.cn/newUpload/2176158_c4802142afc14d50b2cd775e67890cca.gif?imageslim,AcFun,周榜,week,hotlist,,2026-09-25 03:18:41
21,mr chu!!好怀念这首歌,,1945,https://www.acfun.cn/v/ac48869375,https://tx-free-imgs.acfun.cn/newUpload/16380981_19592eb83a88429695ee1a0508fc3df0.png?imageslim,AcFun,周榜,week,hotlist,,2026-09-25 03:18:41
22,魔兽无限服禁金团引爆社区！但原教旨主义玩家才是最抽象的？【绅批】,所谓“严厉处罚“”顶格也就是封号，会根据情况由短至长，当然能不能具体实行就是另一回事了,3060,https://www.acfun.cn/v/ac48857248,https://tx-free-imgs.acfun.cn/newUpload/526850_b63f9e2a1bd04c38ac3c61257e0b87dd.jpeg?imageslim,AcFun,周榜,week,hotlist,,2026-09-25 03:18:41
23,还是少妇会啊！！！★手机竖屏2009★,审核大大辛苦了！<br/>谢谢每一个投蕉的帅哥美女！香蕉没有来个赞也好啊！<br/>视频来自快手等平台，侵权联系删除！,4840,https://www.acfun.cn/v/ac48859515,https://tx-free-imgs.acfun.cn/newUpload/2176158_d4e9e6e30f4446319f9e720adfe35ef9.gif?imageslim,AcFun,周榜,week,hotlist,,2026-09-25 03:18:41
24,你们内外皆钢，而我们化身钢铁！【达奇】战锤40K故事内容,感谢下巴老师对视频内容的支持与完善,2128,https://www.acfun.cn/v/ac48856443,https://tx-free-imgs.acfun.cn/newUpload/346807_7f5f779958dd4d6986f60021118423da.jpeg?imageslim,AcFun,周榜,week,hotlist,,2026-09-25 03:18:41
25,【AC娘】琵琶曲,原作者：Kotte Animation<br/>还有瑕疵，看个乐吧,3060,https://www.acfun.cn/v/ac48864492,https://tx-free-imgs.acfun.cn/newUpload/41729435_02cbd995b6d54f508eb21d3cb8621903.jpeg?imageslim,AcFun,周榜,week,hotlist,,2026-09-25 03:18:41
26,海洋公园一定要去啊！欢乐八点档-1776,审核大大辛苦了！<br/>免费的香蕉投一下吧，没有那就点个赞吧，这对我来说很重要，谢谢！！！<br/>谢谢每一个投蕉的帅哥美女！你们是我坚持更新的动力！<br/>视频来自快手等平台，侵权联系删除！,4462,https://www.acfun.cn/v/ac48856824,https://tx-free-imgs.acfun.cn/newUpload/2176158_3406d07fb97f486893aedb108728c2ec.gif?imageslim,AcFun,周榜,week,hotlist,,2026-09-25 03:18:41
27,25年了，回坊天花板小酥肉，还是那个味儿,记忆中的味道，回来了，都回来了……<br/>一口椒麻一口鲜，大口吃肉，配上热腾腾的米饭，绝了。<br/>素三鲜也是无敌的存在！,2491,https://www.acfun.cn/v/ac48865538,https://tx-free-imgs.acfun.cn/newUpload/13765438_9bc4a0abf32a4c1aa3e83c844de84649.jpeg?imageslim,AcFun,周榜,week,hotlist,,2026-09-25 03:18:41
28,你的拳头真是肥嘟嘟的...,动漫：心灵的声音，作者：赵石【韩国】,2152,https://www.acfun.cn/v/ac48859870,https://tx-free-imgs.acfun.cn/newUpload/509259_2fa91d5206504450be471808d9c93a22.jpeg?imageslim,AcFun,周榜,week,hotlist,,2026-09-25 03:18:41
29,拳击好啊，拳击得学！欢乐八点档-1781,审核大大辛苦了！<br/>免费的香蕉投一下吧，没有那就点个赞吧，这对我来说很重要，谢谢！！！<br/>谢谢每一个投蕉的帅哥美女！你们是我坚持更新的动力！<br/>视频来自快手等平台，侵权联系删除！,3917,https://www.acfun.cn/v/ac48868336,https://tx-free-imgs.acfun.cn/newUpload/2176158_3f6c601293a54468bae97f781440217b.gif?imageslim,AcFun,周榜,week,hotlist,,2026-09-25 03:18:41
30,这个一字马技术含量很高啊！欢乐八点档-1778,审核大大辛苦了！<br/>免费的香蕉投一下吧，没有那就点个赞吧，这对我来说很重要，谢谢！！！<br/>谢谢每一个投蕉的帅哥美女！你们是我坚持更新的动力！<br/>视频来自快手等平台，侵权联系删除！,4330,https://www.acfun.cn/v/ac48861225,https://tx-free-imgs.acfun.cn/newUpload/2176158_0824627cb76d40dc99ce9cb12c07e4cc.gif?imageslim,AcFun,周榜,week,hotlist,,2026-09-25 03:18:41
31,北京豆汁会惩罚每一个好奇的人！欢乐八点档-1780,审核大大辛苦了！<br/>免费的香蕉投一下吧，没有那就点个赞吧，这对我来说很重要，谢谢！！！<br/>谢谢每一个投蕉的帅哥美女！你们是我坚持更新的动力！<br/>视频来自快手等平台，侵权联系删除！,4341,https://www.acfun.cn/v/ac48865965,https://tx-free-imgs.acfun.cn/newUpload/2176158_ec83e6fb2ffc4005b41881ac13dbaeca.gif?imageslim,AcFun,周榜,week,hotlist,,2026-09-25 03:18:41
32,网络上常见的热门短视频集锦   第三千四百四十一期,审核大大辛苦了！<br/>谢谢每一个投蕉的帅哥美女！香蕉没有来个赞也好啊！<br/>视频来自快手等平台，侵权联系删除！,4139,https://www.acfun.cn/v/ac48862019,https://tx-free-imgs.acfun.cn/newUpload/2176158_6e5a88d95f344d92a8d97a57f03ac4b9.gif?imageslim,AcFun,周榜,week,hotlist,,2026-09-25 03:18:41
33,网络上常见的热门短视频集锦   第三千四百四十五期,审核大大辛苦了！<br/>谢谢每一个投蕉的帅哥美女！香蕉没有来个赞也好啊！<br/>视频来自快手等平台，侵权联系删除！,3806,https://www.acfun.cn/v/ac48866824,https://tx-free-imgs.acfun.cn/newUpload/2176158_dba921eb42f14c7ba31a1af83bfe71ce.gif?imageslim,AcFun,周榜,week,hotlist,,2026-09-25 03:18:41
34,【柯基】《九一八》｜黄自,,1774,https://www.acfun.cn/v/ac48855665,https://tx-free-imgs.acfun.cn/newUpload/29493245_98e6396080ff45c6aabd437a73b80398.png?imageslim,AcFun,周榜,week,hotlist,,2026-09-25 03:18:41
35,琵琶曲丨夜神月 VS  L,原曲：琵琶曲,2188,https://www.acfun.cn/v/ac48861693,https://tx-free-imgs.acfun.cn/newUpload/16986934_3bf4dd94910c4845acf851f7f0fdb757.jpeg?imageslim,AcFun,周榜,week,hotlist,,2026-09-25 03:18:41
36,空中瑜伽！！！★手机竖屏2012★,审核大大辛苦了！<br/>谢谢每一个投蕉的帅哥美女！香蕉没有来个赞也好啊！<br/>视频来自快手等平台，侵权联系删除！,4272,https://www.acfun.cn/v/ac48866821,https://tx-free-imgs.acfun.cn/newUpload/2176158_610807af48f5463a891fc9f341c9b16f.gif?imageslim,AcFun,周榜,week,hotlist,,2026-09-25 03:18:41
37,我真的是来吃饭的！★手机竖屏2013★,审核大大辛苦了！<br/>谢谢每一个投蕉的帅哥美女！香蕉没有来个赞也好啊！<br/>视频来自快手等平台，侵权联系删除！,3230,https://www.acfun.cn/v/ac48869145,https://tx-free-imgs.acfun.cn/newUpload/2176158_eb4b69370b8f435aa2b171e72403d356.gif?imageslim,AcFun,周榜,week,hotlist,,2026-09-25 03:18:41
38,网络上常见的热门短视频集锦   第三千四百三十九期,审核大大辛苦了！<br/>谢谢每一个投蕉的帅哥美女！香蕉没有来个赞也好啊！<br/>视频来自快手等平台，侵权联系删除！,4004,https://www.acfun.cn/v/ac48859518,https://tx-free-imgs.acfun.cn/newUpload/2176158_13f61f1aa39c4732bdaeed87fe0e28a4.gif?imageslim,AcFun,周榜,week,hotlist,,2026-09-25 03:18:41
39,厨师长教你：“鱼香肉丝”的家常做法，酸甜微辣，口感丰富,,1956,https://www.acfun.cn/v/ac48867741,https://tx-free-imgs.acfun.cn/newUpload/13274260_93e68d1098d04ffca2683655a6a404c2.jpeg?imageslim,AcFun,周榜,week,hotlist,,2026-09-25 03:18:41
40,一天生产500万个！速冻水饺是如何制造出来的？,,2143,https://www.acfun.cn/v/ac48859253,https://tx-free-imgs.acfun.cn/newUpload/19281632_57f07fe28e24422d948491fd2d43586c.jpeg?imageslim,AcFun,周榜,week,hotlist,,2026-09-25 03:18:41
41,今天你不能嫁出去【今天有什么好笑的 #2514】,：)，谢谢大家，祝你们开心。<br/>wallpaper壁纸：Fading Astronaut 5K (update)<br/>BGM：I Want It That Way,2831,https://www.acfun.cn/v/ac48865864,https://tx-free-imgs.acfun.cn/newUpload/383079_ee4f5f7badf74f05a2ef6c691387f327.gif?imageslim,AcFun,周榜,week,hotlist,,2026-09-25 03:18:41
42,单纯的约会（92）,,1808,https://www.acfun.cn/v/ac48857199,https://tx-free-imgs.acfun.cn/newUpload/74706824_a3a60d77e6934225b168686e44216c4b.png?imageslim,AcFun,周榜,week,hotlist,,2026-09-25 03:18:41
43,【东方】推特东方小视频选集 第272期,睡觉睡觉睡觉睡觉睡觉睡觉睡觉睡觉睡觉睡觉……,1376,https://www.acfun.cn/v/ac48858830,https://tx-free-imgs.acfun.cn/newUpload/6102_5a13d6efeec742ff84c512206aaeb7b0.jpeg?imageslim,AcFun,周榜,week,hotlist,,2026-09-25 03:18:41
44,甜妹来袭！,,2136,https://www.acfun.cn/v/ac48863947,https://tx-free-imgs.acfun.cn/newUpload/12439728_1fd5a3c6e60241a1a1cd8f89dbede769.png?imageslim,AcFun,周榜,week,hotlist,,2026-09-25 03:18:41
45,网络上常见的热门短视频集锦   第三千四百三十六期,审核大大辛苦了！<br/>谢谢每一个投蕉的帅哥美女！香蕉没有来个赞也好啊！<br/>视频来自快手等平台，侵权联系删除！,3945,https://www.acfun.cn/v/ac48856130,https://tx-free-imgs.acfun.cn/newUpload/2176158_4b41dc501581491e9b900fd0a1662e27.gif?imageslim,AcFun,周榜,week,hotlist,,2026-09-25 03:18:41
46,网络上常见的热门短视频集锦   第三千四百四十三期,审核大大辛苦了！<br/>谢谢每一个投蕉的帅哥美女！香蕉没有来个赞也好啊！<br/>视频来自快手等平台，侵权联系删除！,3556,https://www.acfun.cn/v/ac48864363,https://tx-free-imgs.acfun.cn/newUpload/2176158_dfef22dbf6934a15a594e5766b8680ca.gif?imageslim,AcFun,周榜,week,hotlist,,2026-09-25 03:18:41
47,嘞个就是爱情【今天有什么好笑的 #2512】,：），谢谢大家的投蕉和点赞，祝你开心愉快~<br/>wallpaper壁纸：lamp<br/>BGM：What a Feeling,2427,https://www.acfun.cn/v/ac48860992,https://tx-free-imgs.acfun.cn/newUpload/383079_172d192fee55441c96b7352f61e0a25f.gif?imageslim,AcFun,周榜,week,hotlist,,2026-09-25 03:18:41
48,网络上常见的热门短视频集锦   第三千四百三十七期,审核大大辛苦了！<br/>谢谢每一个投蕉的帅哥美女！香蕉没有来个赞也好啊！<br/>视频来自快手等平台，侵权联系删除！,3645,https://www.acfun.cn/v/ac48857544,https://tx-free-imgs.acfun.cn/newUpload/2176158_65f1d403dce7484b8d62b6f272bdbe31.gif?imageslim,AcFun,周榜,week,hotlist,,2026-09-25 03:18:41
49,网络上常见的热门短视频集锦   第三千四百四十四期,审核大大辛苦了！<br/>谢谢每一个投蕉的帅哥美女！香蕉没有来个赞也好啊！<br/>视频来自快手等平台，侵权联系删除！,3483,https://www.acfun.cn/v/ac48865021,https://tx-free-imgs.acfun.cn/newUpload/2176158_663463f1e6004dc2b4dea153d1e60c05.gif?imageslim,AcFun,周榜,week,hotlist,,2026-09-25 03:18:41
50,因为害怕被讨厌 所以把自己藏起来了,,1780,https://www.acfun.cn/v/ac48871331,https://tx-free-imgs.acfun.cn/newUpload/11361784_3d4bd69b46f541e184c2922c24f09276.jpg?imageslim,AcFun,周榜,week,hotlist,,2026-09-25 03:18:41
1,《野生动物迷惑行为》,喜欢请投蕉啊   谢谢啦！,2620,https://www.acfun.cn/v/ac48868360,https://tx-free-imgs.acfun.cn/newUpload/1342385_3fab348c538e4c0fa001871a708fe302.jpeg?imageslim,AcFun,日榜,day,hotlist,,2026-09-25 04:23:33
2,我真的是来吃饭的！★手机竖屏2013★,审核大大辛苦了！<br/>谢谢每一个投蕉的帅哥美女！香蕉没有来个赞也好啊！<br/>视频来自快手等平台，侵权联系删除！,3244,https://www.acfun.cn/v/ac48869145,https://tx-free-imgs.acfun.cn/newUpload/2176158_eb4b69370b8f435aa2b171e72403d356.gif?imageslim,AcFun,日榜,day,hotlist,,2026-09-25 04:23:33
3,因为害怕被讨厌 所以把自己藏起来了,,1808,https://www.acfun.cn/v/ac48871331,https://tx-free-imgs.acfun.cn/newUpload/11361784_3d4bd69b46f541e184c2922c24f09276.jpg?imageslim,AcFun,日榜,day,hotlist,,2026-09-25 04:23:33
4,姛姛？！蝴蝶耳机Manget中文翻唱【箐羽Hane】x【缇若柯Teivoc】,“是否你确实表里如一淡然，还是说你——并不似我贪婪？”<br/>《Manget》磁石 / 蝴蝶耳机 - 中文翻唱<br/>原作作曲 / 流星P<br/>曲绘&翻唱 / 箐羽hane & 缇若柯Teivoc<br/>中文填词 / 果汁凉菜<br/>混音 / 风尘<br/>和笋笋一起唱了我们二次元姛神曲！曲绘也是我和笋笋每个人负责了自己的部分最后再拼到一起的！真好！( *^ ^)o(^ ^* )希望大家也能喜欢！,1322,https://www.acfun.cn/v/ac48869340,https://tx-free-imgs.acfun.cn/newUpload/67511609_d868cdbd6b1849e8958696cdc9db1493.jpeg?imageslim,AcFun,日榜,day,hotlist,,2026-09-25 04:23:33
5,网络上常见的热门短视频集锦   第三千四百四十八期,审核大大辛苦了！<br/>谢谢每一个投蕉的帅哥美女！香蕉没有来个赞也好啊！<br/>视频来自快手等平台，侵权联系删除！,2680,https://www.acfun.cn/v/ac48870020,https://tx-free-imgs.acfun.cn/newUpload/2176158_d65e54f4e9ee489b86b6fc28c31c84ee.gif?imageslim,AcFun,日榜,day,hotlist,,2026-09-25 04:23:33
6,这样的学姐喜欢吗？欢乐八点档-1782,审核大大辛苦了！<br/>免费的香蕉投一下吧，没有那就点个赞吧，这对我来说很重要，谢谢！！！<br/>谢谢每一个投蕉的帅哥美女！你们是我坚持更新的动力！<br/>视频来自快手等平台，侵权联系删除！,2118,https://www.acfun.cn/v/ac48870057,https://tx-free-imgs.acfun.cn/newUpload/2176158_4c1f3b60f73e451abc443941d47305d8.gif?imageslim,AcFun,日榜,day,hotlist,,2026-09-25 04:23:33
7,网络上常见的热门短视频集锦   第三千四百四十七期,审核大大辛苦了！<br/>谢谢每一个投蕉的帅哥美女！香蕉没有来个赞也好啊！<br/>视频来自快手等平台，侵权联系删除！,2602,https://www.acfun.cn/v/ac48869149,https://tx-free-imgs.acfun.cn/newUpload/2176158_fdf9afe2e00a4a1aa62415c846776eaf.gif?imageslim,AcFun,日榜,day,hotlist,,2026-09-25 04:23:33
8,老板直聘（89）,,1415,https://www.acfun.cn/v/ac48868552,https://tx-free-imgs.acfun.cn/newUpload/74706824_db2c7ba15c5d4aa18872db6b0763b7ca.jpeg?imageslim,AcFun,日榜,day,hotlist,,2026-09-25 04:23:33
9,我要冲会员【今天有什么好笑的 #2516】,：），谢谢大家的投蕉和点赞，祝你开心愉快~<br/>wallpaper壁纸：Reze | Chainsaw Man<br/>BGM：Nicoleta Matei - Love mail<br/>,1846,https://www.acfun.cn/v/ac48870763,https://tx-free-imgs.acfun.cn/newUpload/383079_47b0fc3f458042f5bd3717967e55c598.gif?imageslim,AcFun,日榜,day,hotlist,,2026-09-25 04:23:33
10,奥迪“宫斗”十年大结局？一汽拿四环，上汽拿AUDI,一汽奥迪和上汽奥迪“宫斗”了十年，终于要划下句号了？,1339,https://www.acfun.cn/v/ac48870981,https://tx-free-imgs.acfun.cn/newUpload/13630266_3fde785be5a2411495618f67d01ab66a.jpeg?imageslim,AcFun,日榜,day,hotlist,,2026-09-25 04:23:33
11,发个friend圈,,1284,https://www.acfun.cn/v/ac48863958,https://tx-free-imgs.acfun.cn/newUpload/12439728_b44cb67ae45a4c179b08227368f4159c.png?imageslim,AcFun,日榜,day,hotlist,,2026-09-25 04:23:33
12,沦陷️,歌曲舞蹈：沦陷dj版-星奇摇   动作有改编,1294,https://www.acfun.cn/v/ac48869381,https://tx-free-imgs.acfun.cn/newUpload/12229455_aacf9da97a0940ad8e5f0b509d9cc159.jpeg?imageslim,AcFun,日榜,day,hotlist,,2026-09-25 04:23:33
13,【东方】QUEEN【蕾米莉亚 Miy Ver. MMD】,作者：やくも<br/><br/>楽曲:Kanaria 様→https://www.nicovideo.jp/watch/sm4088...<br/>振付:AKIRA様<br/>モーション:P-nez 様→https://www.nicovideo.jp/watch/sm4350...<br/>カメラ:Mizuha様→https://www.nicovideo.jp/watch/sm4353...<br/>モデル:MIy様<br/>ステージ:栗ごはん様<br/>アクセサリ:アスカ様,1035,https://www.acfun.cn/v/ac48870080,https://tx-free-imgs.acfun.cn/newUpload/6102_6a4dce20c9b74fa0bbdff3ccc0a73c5d.png?imageslim,AcFun,日榜,day,hotlist,,2026-09-25 04:23:33
14,【AI】今晚的期待,Comfyui,1247,https://www.acfun.cn/v/ac48870865,https://tx-free-imgs.acfun.cn/newUpload/14047168_02bac6c1158f4e108536124c7239e472.jpeg?imageslim,AcFun,日榜,day,hotlist,,2026-09-25 04:23:33
15,在英国差点被上门诈骗,可能看到我一人在家，就大胆敲门了，还好平常也会注意周边邻居，没发生什么事儿，这个金额就算被骗也不会报警，以后还是要小心一些了。#英国日常#vlog,1214,https://www.acfun.cn/v/ac48869505,https://tx-free-imgs.acfun.cn/newUpload/43181603_1c8c6c487a864d098b5e7e7bf2a12c6a.jpg?imageslim,AcFun,日榜,day,hotlist,,2026-09-25 04:23:33
16,【无字幕】《JOJO的奇妙冒险 飙马野郎 》Part 2 NCOP「SPIN」,,835,https://www.acfun.cn/v/ac48869632,https://tx-free-imgs.acfun.cn/newUpload/30501027_aae616c323af422bb4da842c191d69ce.png?imageslim,AcFun,日榜,day,hotlist,,2026-09-25 04:23:33
17,坚持跳舞8年改变了什么？《千里邀月》2018vs2026【紫嘉儿】,中秋快乐！没想到8年前的编舞每年这个时候都有很多翻跳，一起用舞蹈记录下美好时光吧！,1093,https://www.acfun.cn/v/ac48870585,https://tx-free-imgs.acfun.cn/newUpload/1161851_851c52555ace464f98231f30a167eedd.png?imageslim,AcFun,日榜,day,hotlist,,2026-09-25 04:23:33
18,"长手打短手？2万分王者局！快速看完一局韩服王者斗殴局#836 十三day, Eclipse,","长手打短手？2万分王者局！快速看完一局韩服王者斗殴局#836 十三day, Eclipse, 0909, Lelitz, 1Jiang <br/>BGM:https://music.163.com/playlist?id=650818240&userid=30476594",1234,https://www.acfun.cn/v/ac48863751,https://tx-free-imgs.acfun.cn/newUpload/1378726_792b017ff72e4ed49b05fe8e1e24f6e4.jpeg?imageslim,AcFun,日榜,day,hotlist,,2026-09-25 04:23:33
19,这套皮肤真的很喜欢,,1061,https://www.acfun.cn/v/ac48871657,https://tx-free-imgs.acfun.cn/newUpload/16380981_ac9640e59a3a42e093fcee0a0b81d474.jpg?imageslim,AcFun,日榜,day,hotlist,,2026-09-25 04:23:33
20,好像只能礼貌的问候~,,1086,https://www.acfun.cn/v/ac48871365,https://tx-free-imgs.acfun.cn/newUpload/43459034_4572f98756df48b0bc9c323cdc49a8d2.jpg?imageslim,AcFun,日榜,day,hotlist,,2026-09-25 04:23:33
21,【AI】小妈裙~chocolate cream,Comfyui,1233,https://www.acfun.cn/v/ac48870861,https://tx-free-imgs.acfun.cn/newUpload/14047168_efd2bae7c6184b3b89e82abfaadf0fb3.jpeg?imageslim,AcFun,日榜,day,hotlist,,2026-09-25 04:23:33
22,【绝望女神/翻唱】【星际牛仔ED The Real Folk Blues】,想听啥情继续评论回复~,702,https://www.acfun.cn/v/ac48871323,https://tx-free-imgs.acfun.cn/newUpload/20705199_0be8deafcbb34bdb9f17523c5bc95087.jpeg?imageslim,AcFun,日榜,day,hotlist,,2026-09-25 04:23:33
23,少女机甲+空投轰炸？是什么神仙组合？,到底是一款什么样的机甲游戏，上线快3年还保持着特别好评？虽然是机甲美少女的设定，但是操作的是厚重质感的硬核机甲，这种硬核操作的感觉让人越玩越上头，今天来跟大家聊聊这款游戏《铁骑少女》。<br/>最近我一直期待的第三个DLC金盏花也是要上线了，这次DLC的核心新玩法，就是机甲“搜打撤”的模式。和本体死守基地的玩法不一样，这次整体的游玩思路都变了~,1079,https://www.acfun.cn/v/ac48871337,https://tx-free-imgs.acfun.cn/newUpload/61352468_77bf0ab03cd34fefa1d5530aca003edb.jpeg?imageslim,AcFun,日榜,day,hotlist,,2026-09-25 04:23:33
24,记录2023年6月份在台上开心的表演lamb的我,,1108,https://www.acfun.cn/v/ac48871344,https://tx-free-imgs.acfun.cn/newUpload/16380981_00755d93042647bcb6f29a19da53e590.png?imageslim,AcFun,日榜,day,hotlist,,2026-09-25 04:23:33
25,【翻唱】鬼ノ宴,本家様<br/>友成空様<br/>【鬼ノ宴】<br/>•友成空(TOMONARI SORA) -   鬼ノ宴   ［Lyric Video］<br/>https://www.youtube.com/watch?v=NFzyrPK9rtM,1000,https://www.acfun.cn/v/ac48871180,https://tx-free-imgs.acfun.cn/newUpload/10144864_a75eddb97ea048b59fef6aaea5d4478f.jpeg?imageslim,AcFun,日榜,day,hotlist,,2026-09-25 04:23:33
26,下班后跳一段恋爱的条件～,,954,https://www.acfun.cn/v/ac48871308,https://tx-free-imgs.acfun.cn/newUpload/43459034_9aa96c2a93884a3891b73b05298d8521.jpg?imageslim,AcFun,日榜,day,hotlist,,2026-09-25 04:23:33
27,T-ARA So Crazy,,1341,https://www.acfun.cn/v/ac48869387,https://tx-free-imgs.acfun.cn/newUpload/795184_e0ad411d1b844c569dc376c0b45f763c.jpeg?imageslim,AcFun,日榜,day,hotlist,,2026-09-25 04:23:33
28,【黒碳】ライトダンス - サカナクション【生日作】【翻唱】,本家:サカナクション ; 翻唱: 黒碳Kurotan; 后期: 黒碳Kurotan; 曲绘: 黒碳Kurotan; PV: 黒碳Kurotan以及十分牛杯的網站：https://pv.pixjam.cn/ 背景是用這個做的!! 狠狠趕工終於做完了 好感動,1056,https://www.acfun.cn/v/ac48869560,https://tx-free-imgs.acfun.cn/newUpload/13707663_f611642aa87b4dab9a8d8a6beb7ace77.jpeg?imageslim,AcFun,日榜,day,hotlist,,2026-09-25 04:23:33
29,吃！给我吃！【鬼ノ宴翻唱】,,1046,https://www.acfun.cn/v/ac48871186,https://tx-free-imgs.acfun.cn/newUpload/10144864_ee78f4d0678d414f9ce18c29231cf17a.jpeg?imageslim,AcFun,日榜,day,hotlist,,2026-09-25 04:23:33
30,BR66型蒸汽机车 trix越来越垃圾了！尤其是垃圾会员车，一个比一个烂！这一次终于拉了一坨更大的！,,627,https://www.acfun.cn/v/ac48871197,https://tx-free-imgs.acfun.cn/newUpload/66128753_8563c2ab24aa4a2289e52500bc42f1f1.png?imageslim,AcFun,日榜,day,hotlist,,2026-09-25 04:23:33
31,AOA-猫步轻俏,,1195,https://www.acfun.cn/v/ac48869298,https://tx-free-imgs.acfun.cn/newUpload/795184_6cc9a8a9e54144c3b69380546963be9b.jpeg?imageslim,AcFun,日榜,day,hotlist,,2026-09-25 04:23:33
32,【AI】山间竹林仙子,Comfyui,1064,https://www.acfun.cn/v/ac48870853,https://tx-free-imgs.acfun.cn/newUpload/14047168_20afdd6955bd44a9a04b0629aecb5ad1.jpeg?imageslim,AcFun,日榜,day,hotlist,,2026-09-25 04:23:33
33,如果是机器人女友，怎么哄男朋友呢？！,,1143,https://www.acfun.cn/v/ac48870116,https://tx-free-imgs.acfun.cn/newUpload/17928_330fc95b89c04eda831570be0a48cb0e.png?imageslim,AcFun,日榜,day,hotlist,,2026-09-25 04:23:33
34,你迟早会背叛我的,,1320,https://www.acfun.cn/v/ac48869570,https://tx-free-imgs.acfun.cn/newUpload/2742252_1977688b66b746918c3e25dd4f72a7b1.jpg?imageslim,AcFun,日榜,day,hotlist,,2026-09-25 04:23:33
35,绿梦：时空之声公测定档！公测版本全面优化！,绿梦：时空之声公测定档！公测版本全面优化！,1142,https://www.acfun.cn/v/ac48871268,https://tx-free-imgs.acfun.cn/newUpload/63104383_33b9de6d951a4ca0b5a7b9dfc2fc748e.gif?imageslim,AcFun,日榜,day,hotlist,,2026-09-25 04:23:33
36,偶遇杀手莲子,,1099,https://www.acfun.cn/v/ac48869299,https://tx-free-imgs.acfun.cn/newUpload/71220423_889894cc6b094cc9b583de3b2598cd68.jpeg?imageslim,AcFun,日榜,day,hotlist,,2026-09-25 04:23:33
37,22.称霸水下四亿年，人类最古老的远房祖先：硬骨鱼总纲,22.称霸水下四亿年，人类最古老的远房祖先：硬骨鱼总纲,825,https://www.acfun.cn/v/ac48871354,https://tx-free-imgs.acfun.cn/newUpload/28933912_40dcb39f039045868ae364582e4a1797.jpeg?imageslim,AcFun,日榜,day,hotlist,,2026-09-25 04:23:33
38,上线才半年，腾讯养的“龙虾”QClaw，官宣停运了！,,1100,https://www.acfun.cn/v/ac48871074,https://tx-free-imgs.acfun.cn/newUpload/17928_22da7d70ed6749f690e735b0f098a800.png?imageslim,AcFun,日榜,day,hotlist,,2026-09-25 04:23:33
39,【牛子组合】凉凉,世事一场大梦，人生几度秋凉，祝大家26年中秋快乐,742,https://www.acfun.cn/v/ac48870493,https://tx-free-imgs.acfun.cn/newUpload/358616_22f2cb85fdca497ab5cd556c984493d6.png?imageslim,AcFun,日榜,day,hotlist,,2026-09-25 04:23:33
40,小兔-20260923 abracadabra 上下 恋爱的条件 成人礼 晚安吻,,1023,https://www.acfun.cn/v/ac48870476,https://tx-free-imgs.acfun.cn/newUpload/78055394_4dcf7a6688cb4a1994bd96389cc84b38.jpeg?imageslim,AcFun,日榜,day,hotlist,,2026-09-25 04:23:33
41,【小腐】暧昧回避,夕阳下起舞吧,354,https://www.acfun.cn/v/ac48869652,https://tx-free-imgs.acfun.cn/newUpload/13893173_aae9f2e333b24238961905e095f6c60c.png?imageslim,AcFun,日榜,day,hotlist,,2026-09-25 04:23:33
42,飒！BABYMONSTER CHIQUITA小姐姐跳《Worth It》,-v -好不好看呢,1058,https://www.acfun.cn/v/ac48870427,https://tx-free-imgs.acfun.cn/newUpload/199029_44d3343f2e3742c780253ef0f9df1a6b.png?imageslim,AcFun,日榜,day,hotlist,,2026-09-25 04:23:33
43,三角洲行动：威力巨大的巴雷特狙击步枪，一枪毙命就是爽,反器材不行，还是来反步兵吧。,477,https://www.acfun.cn/v/ac48869561,https://tx-free-imgs.acfun.cn/newUpload/11602352_67012a71c8e64cb59ea80b622bb985f2.jpeg?imageslim,AcFun,日榜,day,hotlist,,2026-09-25 04:23:33
44,另一版,之前还拍了一版，但是感觉镜头太晃了,371,https://www.acfun.cn/v/ac48871588,https://tx-free-imgs.acfun.cn/newUpload/12954767_f420f9f6197c43d4bb14421c32d81bbb.png?imageslim,AcFun,日榜,day,hotlist,,2026-09-25 04:23:33
45,【雀魂汪汪录】第402期 牌没有问题，你们打吧,BGM可以通过网易云搜索【雀魂汪汪录BGM】就可以找到啦！<br/><br/>雀魂汪汪录 周四中午见<br/><br/>微博 @雀魂麻将majsoul<br/><br/>——————————————————————————<br/><br/>想要投稿的玩家~务必请通过邮箱来进行投稿~【请不要在评论区或是私信投稿，谢谢】<br/><br/>邮箱地址：tg@maj-soul.com<br/><br/>投稿最少需要注明【局目、内容、牌谱链接】哦！,880,https://www.acfun.cn/v/ac48868870,https://tx-free-imgs.acfun.cn/newUpload/14265704_e978d1ceac98487a9e811f09bc2d943f.jpeg?imageslim,AcFun,日榜,day,hotlist,,2026-09-25 04:23:33
46,社畜身份不是你精致生活的角色扮演,,535,https://www.acfun.cn/v/ac48871467,https://tx-free-imgs.acfun.cn/newUpload/14013875_ec82a37907ff4565a6f6f6d916bd7117.png?imageslim,AcFun,日榜,day,hotlist,,2026-09-25 04:23:33
47,T-ara Bo Peep Bo Peep,,967,https://www.acfun.cn/v/ac48869397,https://tx-free-imgs.acfun.cn/newUpload/795184_1876bec3bc5d43d6b42da8060c06a34a.jpeg?imageslim,AcFun,日榜,day,hotlist,,2026-09-25 04:23:33
48,桢-20260923 abracadabra,,957,https://www.acfun.cn/v/ac48870552,https://tx-free-imgs.acfun.cn/newUpload/78055394_f7c161e6bccd480f9b8a372dd55c3678.jpeg?imageslim,AcFun,日榜,day,hotlist,,2026-09-25 04:23:33
49,重制版 2026年还有人看重制版吗？魔兽争霸xiaoy解说浪漫 kaho,,896,https://www.acfun.cn/v/ac48869843,https://tx-free-imgs.acfun.cn/newUpload/37584199_8b81592540634f919b6c685d31aa555c.jpeg?imageslim,AcFun,日榜,day,hotlist,,2026-09-25 04:23:33
50,卓哥儿那可是专业杰哥，人群之中七进七出不成问题！,自定义也发？,865,https://www.acfun.cn/v/ac48871816,https://tx-free-imgs.acfun.cn/newUpload/581357_d49b41a0e554440db6952de719b3f832.jpeg?imageslim,AcFun,日榜,day,hotlist,,2026-09-25 04:23:33
1,是谁点的小恶魔，蕉出来～,,4984,https://www.acfun.cn/v/ac48867778,https://tx-free-imgs.acfun.cn/newUpload/17062172_6098fee67d1748e0ab5dab3b5665736c.jpg?imageslim,AcFun,三日榜,three-days,hotlist,,2026-09-25 04:23:33
2,【绘图过程】《海边》6周年纪念插图过程,6周年纪念插图挂画（预售）、沙滩巾（预售），阿宝已上架,3229,https://www.acfun.cn/v/ac48836990,https://tx-free-imgs.acfun.cn/newUpload/179922_9f95aba039e84f3594c3947b3c8fdd58.jpeg?imageslim,AcFun,三日榜,three-days,hotlist,,2026-09-25 04:23:33
3,还是少妇会的多啊！★手机竖屏2011★,审核大大辛苦了！<br/>谢谢每一个投蕉的帅哥美女！香蕉没有来个赞也好啊！<br/>视频来自快手等平台，侵权联系删除！,5044,https://www.acfun.cn/v/ac48864360,https://tx-free-imgs.acfun.cn/newUpload/2176158_3d4f199fd93640468e543b9ee25ac4c0.gif?imageslim,AcFun,三日榜,three-days,hotlist,,2026-09-25 04:23:33
4,《野生动物迷惑行为》,喜欢请投蕉啊   谢谢啦！,2620,https://www.acfun.cn/v/ac48868360,https://tx-free-imgs.acfun.cn/newUpload/1342385_3fab348c538e4c0fa001871a708fe302.jpeg?imageslim,AcFun,三日榜,three-days,hotlist,,2026-09-25 04:23:33
5,漫威金刚狼深陷争议！SweetBaby又毁一款？【绅批】,这算是DEI的历史遗留问题了，所有现在已经从sweetbaby离职的人，只要参与过游戏制作也会被署名（比如桥本和真）,2719,https://www.acfun.cn/v/ac48868810,https://tx-free-imgs.acfun.cn/newUpload/526850_ca1da1572b1d494a93e2f6bab46cf76b.jpeg?imageslim,AcFun,三日榜,three-days,hotlist,,2026-09-25 04:23:33
6,mr chu!!好怀念这首歌,,1948,https://www.acfun.cn/v/ac48869375,https://tx-free-imgs.acfun.cn/newUpload/16380981_19592eb83a88429695ee1a0508fc3df0.png?imageslim,AcFun,三日榜,three-days,hotlist,,2026-09-25 04:23:33
7,25年了，回坊天花板小酥肉，还是那个味儿,记忆中的味道，回来了，都回来了……<br/>一口椒麻一口鲜，大口吃肉，配上热腾腾的米饭，绝了。<br/>素三鲜也是无敌的存在！,2492,https://www.acfun.cn/v/ac48865538,https://tx-free-imgs.acfun.cn/newUpload/13765438_9bc4a0abf32a4c1aa3e83c844de84649.jpeg?imageslim,AcFun,三日榜,three-days,hotlist,,2026-09-25 04:23:33
8,拳击好啊，拳击得学！欢乐八点档-1781,审核大大辛苦了！<br/>免费的香蕉投一下吧，没有那就点个赞吧，这对我来说很重要，谢谢！！！<br/>谢谢每一个投蕉的帅哥美女！你们是我坚持更新的动力！<br/>视频来自快手等平台，侵权联系删除！,3923,https://www.acfun.cn/v/ac48868336,https://tx-free-imgs.acfun.cn/newUpload/2176158_3f6c601293a54468bae97f781440217b.gif?imageslim,AcFun,三日榜,three-days,hotlist,,2026-09-25 04:23:33
9,北京豆汁会惩罚每一个好奇的人！欢乐八点档-1780,审核大大辛苦了！<br/>免费的香蕉投一下吧，没有那就点个赞吧，这对我来说很重要，谢谢！！！<br/>谢谢每一个投蕉的帅哥美女！你们是我坚持更新的动力！<br/>视频来自快手等平台，侵权联系删除！,4343,https://www.acfun.cn/v/ac48865965,https://tx-free-imgs.acfun.cn/newUpload/2176158_ec83e6fb2ffc4005b41881ac13dbaeca.gif?imageslim,AcFun,三日榜,three-days,hotlist,,2026-09-25 04:23:33
10,网络上常见的热门短视频集锦   第三千四百四十五期,审核大大辛苦了！<br/>谢谢每一个投蕉的帅哥美女！香蕉没有来个赞也好啊！<br/>视频来自快手等平台，侵权联系删除！,3807,https://www.acfun.cn/v/ac48866824,https://tx-free-imgs.acfun.cn/newUpload/2176158_dba921eb42f14c7ba31a1af83bfe71ce.gif?imageslim,AcFun,三日榜,three-days,hotlist,,2026-09-25 04:23:33
11,空中瑜伽！！！★手机竖屏2012★,审核大大辛苦了！<br/>谢谢每一个投蕉的帅哥美女！香蕉没有来个赞也好啊！<br/>视频来自快手等平台，侵权联系删除！,4273,https://www.acfun.cn/v/ac48866821,https://tx-free-imgs.acfun.cn/newUpload/2176158_610807af48f5463a891fc9f341c9b16f.gif?imageslim,AcFun,三日榜,three-days,hotlist,,2026-09-25 04:23:33
12,我真的是来吃饭的！★手机竖屏2013★,审核大大辛苦了！<br/>谢谢每一个投蕉的帅哥美女！香蕉没有来个赞也好啊！<br/>视频来自快手等平台，侵权联系删除！,3244,https://www.acfun.cn/v/ac48869145,https://tx-free-imgs.acfun.cn/newUpload/2176158_eb4b69370b8f435aa2b171e72403d356.gif?imageslim,AcFun,三日榜,three-days,hotlist,,2026-09-25 04:23:33
13,厨师长教你：“鱼香肉丝”的家常做法，酸甜微辣，口感丰富,,1958,https://www.acfun.cn/v/ac48867741,https://tx-free-imgs.acfun.cn/newUpload/13274260_93e68d1098d04ffca2683655a6a404c2.jpeg?imageslim,AcFun,三日榜,three-days,hotlist,,2026-09-25 04:23:33
14,今天你不能嫁出去【今天有什么好笑的 #2514】,：)，谢谢大家，祝你们开心。<br/>wallpaper壁纸：Fading Astronaut 5K (update)<br/>BGM：I Want It That Way,2831,https://www.acfun.cn/v/ac48865864,https://tx-free-imgs.acfun.cn/newUpload/383079_ee4f5f7badf74f05a2ef6c691387f327.gif?imageslim,AcFun,三日榜,three-days,hotlist,,2026-09-25 04:23:33
15,网络上常见的热门短视频集锦   第三千四百四十三期,审核大大辛苦了！<br/>谢谢每一个投蕉的帅哥美女！香蕉没有来个赞也好啊！<br/>视频来自快手等平台，侵权联系删除！,3556,https://www.acfun.cn/v/ac48864363,https://tx-free-imgs.acfun.cn/newUpload/2176158_dfef22dbf6934a15a594e5766b8680ca.gif?imageslim,AcFun,三日榜,three-days,hotlist,,2026-09-25 04:23:33
16,网络上常见的热门短视频集锦   第三千四百四十四期,审核大大辛苦了！<br/>谢谢每一个投蕉的帅哥美女！香蕉没有来个赞也好啊！<br/>视频来自快手等平台，侵权联系删除！,3485,https://www.acfun.cn/v/ac48865021,https://tx-free-imgs.acfun.cn/newUpload/2176158_663463f1e6004dc2b4dea153d1e60c05.gif?imageslim,AcFun,三日榜,three-days,hotlist,,2026-09-25 04:23:33
17,因为害怕被讨厌 所以把自己藏起来了,,1808,https://www.acfun.cn/v/ac48871331,https://tx-free-imgs.acfun.cn/newUpload/11361784_3d4bd69b46f541e184c2922c24f09276.jpg?imageslim,AcFun,三日榜,three-days,hotlist,,2026-09-25 04:23:33
18,嘴角压不住了【今天有什么好笑的 #2515】,：），谢谢大家的投蕉和点赞，祝你开心愉快~<br/>wallpaper壁纸：Genshin 神里绫华<br/>BGM：Wake me up when september ends,2325,https://www.acfun.cn/v/ac48868130,https://tx-free-imgs.acfun.cn/newUpload/383079_ef65121591434d2b86d53db1622776cd.gif?imageslim,AcFun,三日榜,three-days,hotlist,,2026-09-25 04:23:33
19,粉丝让我录的，不理解但照做！！！,怪哦~,1972,https://www.acfun.cn/v/ac48866011,https://tx-free-imgs.acfun.cn/newUpload/210705_6db288d8849d4e408bbee41ce9116989.jpeg?imageslim,AcFun,三日榜,three-days,hotlist,,2026-09-25 04:23:33
20,网络上常见的热门短视频集锦   第三千四百四十六期,审核大大辛苦了！<br/>谢谢每一个投蕉的帅哥美女！香蕉没有来个赞也好啊！<br/>视频来自快手等平台，侵权联系删除！,3529,https://www.acfun.cn/v/ac48867732,https://tx-free-imgs.acfun.cn/newUpload/2176158_2ec1d99da19a48e0a8e4ff2a2447e612.gif?imageslim,AcFun,三日榜,three-days,hotlist,,2026-09-25 04:23:33
21,双手合十萨瓦迪卡！,,1771,https://www.acfun.cn/v/ac48863951,https://tx-free-imgs.acfun.cn/newUpload/12439728_638a29114abf4b0bafda38c61f497df1.png?imageslim,AcFun,三日榜,three-days,hotlist,,2026-09-25 04:23:33
22,姛姛？！蝴蝶耳机Manget中文翻唱【箐羽Hane】x【缇若柯Teivoc】,“是否你确实表里如一淡然，还是说你——并不似我贪婪？”<br/>《Manget》磁石 / 蝴蝶耳机 - 中文翻唱<br/>原作作曲 / 流星P<br/>曲绘&翻唱 / 箐羽hane & 缇若柯Teivoc<br/>中文填词 / 果汁凉菜<br/>混音 / 风尘<br/>和笋笋一起唱了我们二次元姛神曲！曲绘也是我和笋笋每个人负责了自己的部分最后再拼到一起的！真好！( *^ ^)o(^ ^* )希望大家也能喜欢！,1322,https://www.acfun.cn/v/ac48869340,https://tx-free-imgs.acfun.cn/newUpload/67511609_d868cdbd6b1849e8958696cdc9db1493.jpeg?imageslim,AcFun,三日榜,three-days,hotlist,,2026-09-25 04:23:33
23,昆汀力荐！这部复仇老片，竟是杀死比尔的人物原型来源,,1620,https://www.acfun.cn/v/ac48865483,https://tx-free-imgs.acfun.cn/newUpload/8042365_d9ae5a725d8848abb4b488acbf483611.jpeg?imageslim,AcFun,三日榜,three-days,hotlist,,2026-09-25 04:23:33
24,交通事故20260923：交通车祸实例，提高安全驾驶意识,,1363,https://www.acfun.cn/v/ac48868861,https://tx-free-imgs.acfun.cn/newUpload/76871961_edea5de6659a4cd2b733a74989043440.jpg?imageslim,AcFun,三日榜,three-days,hotlist,,2026-09-25 04:23:33
25,这样的学姐喜欢吗？欢乐八点档-1782,审核大大辛苦了！<br/>免费的香蕉投一下吧，没有那就点个赞吧，这对我来说很重要，谢谢！！！<br/>谢谢每一个投蕉的帅哥美女！你们是我坚持更新的动力！<br/>视频来自快手等平台，侵权联系删除！,2118,https://www.acfun.cn/v/ac48870057,https://tx-free-imgs.acfun.cn/newUpload/2176158_4c1f3b60f73e451abc443941d47305d8.gif?imageslim,AcFun,三日榜,three-days,hotlist,,2026-09-25 04:23:33
26,常州新开巴西烤肉自助，100块钱值得吗？,这是我目前为止，去过的第二家巴西烤肉自助，团购优惠的情况下，花了94元。正常价格在95~110不等<br/><br/>简单带大家看下菜品，除了取餐台这么些，各种牛肉制品、大串烧烤都是循环上桌，大家觉得这么些菜式花样，100块钱左右你们觉得贵还是便宜啊，觉得贵的扣1，觉得便宜的扣2,1781,https://www.acfun.cn/v/ac48868891,https://tx-free-imgs.acfun.cn/newUpload/2046675_bf3a59ddff624646850829452262094e.jpeg?imageslim,AcFun,三日榜,three-days,hotlist,,2026-09-25 04:23:33
27,人鱼的眼泪,歌曲舞蹈：爱乐之城-人鱼的眼泪,1503,https://www.acfun.cn/v/ac48867050,https://tx-free-imgs.acfun.cn/newUpload/12229455_130b1f041e6741dab4f6295ee27d927e.jpeg?imageslim,AcFun,三日榜,three-days,hotlist,,2026-09-25 04:23:33
28,现在电脑不好卖了，以后我们出租AI机器人吧,,1646,https://www.acfun.cn/v/ac48867767,https://tx-free-imgs.acfun.cn/newUpload/17928_c684f06231604145b533a0f00627c624.png?imageslim,AcFun,三日榜,three-days,hotlist,,2026-09-25 04:23:33
29,网络上常见的热门短视频集锦   第三千四百四十八期,审核大大辛苦了！<br/>谢谢每一个投蕉的帅哥美女！香蕉没有来个赞也好啊！<br/>视频来自快手等平台，侵权联系删除！,2680,https://www.acfun.cn/v/ac48870020,https://tx-free-imgs.acfun.cn/newUpload/2176158_d65e54f4e9ee489b86b6fc28c31c84ee.gif?imageslim,AcFun,三日榜,three-days,hotlist,,2026-09-25 04:23:33
30,Summertime,歌曲：summer time<br/>动作参考：紫嘉儿<br/>原版编舞：（Millennium红房子_BON）<br/>参考编舞：(GFRIEND《Sunny Summer）,1698,https://www.acfun.cn/v/ac48864563,https://tx-free-imgs.acfun.cn/newUpload/12229455_1a8e22f51f3e4effa32c00abb4fd05af.jpeg?imageslim,AcFun,三日榜,three-days,hotlist,,2026-09-25 04:23:33
31,原创编舞《千层套路》的定机位竖屏来啦！,,1562,https://www.acfun.cn/v/ac48869245,https://tx-free-imgs.acfun.cn/newUpload/16380981_24bafd11c027499d9fe6820162faa782.png?imageslim,AcFun,三日榜,three-days,hotlist,,2026-09-25 04:23:33
32,北京的最北端在黑龙江？？？国内飞地是怎么形成的？,这份中国地图，是你从未看过的船新版本，放大几倍就会发现，在大家熟悉的各个省份中，还藏着一堆 “你中有我、我中有你” 的飞地。,1751,https://www.acfun.cn/v/ac48867896,https://tx-free-imgs.acfun.cn/newUpload/13630266_cc2428a99a42453f99c9e1306e7a43bb.jpeg?imageslim,AcFun,三日榜,three-days,hotlist,,2026-09-25 04:23:33
33,我要辞职了！,,1629,https://www.acfun.cn/v/ac48863957,https://tx-free-imgs.acfun.cn/newUpload/12439728_7c57a0735675474590bf7b25e1a34527.png?imageslim,AcFun,三日榜,three-days,hotlist,,2026-09-25 04:23:33
34,网络上常见的热门短视频集锦   第三千四百四十七期,审核大大辛苦了！<br/>谢谢每一个投蕉的帅哥美女！香蕉没有来个赞也好啊！<br/>视频来自快手等平台，侵权联系删除！,2602,https://www.acfun.cn/v/ac48869149,https://tx-free-imgs.acfun.cn/newUpload/2176158_fdf9afe2e00a4a1aa62415c846776eaf.gif?imageslim,AcFun,三日榜,three-days,hotlist,,2026-09-25 04:23:33
35,捏捏已经已进化到可以吃的地步啦？,,1598,https://www.acfun.cn/v/ac48868638,https://tx-free-imgs.acfun.cn/newUpload/6177430_486c910212d548c991eeb140f146a6ed.jpeg?imageslim,AcFun,三日榜,three-days,hotlist,,2026-09-25 04:23:33
36,我终于瘦到120斤以下了！,,1624,https://www.acfun.cn/v/ac48867016,https://tx-free-imgs.acfun.cn/newUpload/16380981_906db098cf5d4eaca57bde52b0ae8bf2.jpg?imageslim,AcFun,三日榜,three-days,hotlist,,2026-09-25 04:23:33
37,《奶凶奶凶的漫威金刚狼！》,游戏名：《漫威金刚狼》- Marvel s Wolverine<br/>直播玩了15小时左右一周目通关啦~(*^▽^*)开心，这期是切片呦~,1805,https://www.acfun.cn/v/ac48866669,https://tx-free-imgs.acfun.cn/newUpload/61352468_cb62bfe2e19c4f35804259fac7f8c226.jpeg?imageslim,AcFun,三日榜,three-days,hotlist,,2026-09-25 04:23:33
38,老板直聘（89）,,1415,https://www.acfun.cn/v/ac48868552,https://tx-free-imgs.acfun.cn/newUpload/74706824_db2c7ba15c5d4aa18872db6b0763b7ca.jpeg?imageslim,AcFun,三日榜,three-days,hotlist,,2026-09-25 04:23:33
39,嘉蒂丝模型曝光！很大！策划团队产能恢复？,明天新角色就要上了，技系直接立于天上。,1802,https://www.acfun.cn/v/ac48866809,https://tx-free-imgs.acfun.cn/newUpload/247671_ee6def92d94a4ab1b770fa166f4de4b7.jpeg?imageslim,AcFun,三日榜,three-days,hotlist,,2026-09-25 04:23:33
40,好曲不挑舞！《琵琶曲》你喜欢的是？,,1373,https://www.acfun.cn/v/ac48866497,https://tx-free-imgs.acfun.cn/newUpload/1161851_90c6400f25f14d969028c8a6779eaaf5.png?imageslim,AcFun,三日榜,three-days,hotlist,,2026-09-25 04:23:33
41,我要冲会员【今天有什么好笑的 #2516】,：），谢谢大家的投蕉和点赞，祝你开心愉快~<br/>wallpaper壁纸：Reze | Chainsaw Man<br/>BGM：Nicoleta Matei - Love mail<br/>,1846,https://www.acfun.cn/v/ac48870763,https://tx-free-imgs.acfun.cn/newUpload/383079_47b0fc3f458042f5bd3717967e55c598.gif?imageslim,AcFun,三日榜,three-days,hotlist,,2026-09-25 04:23:33
42,抱紧原生家庭（90）,,1390,https://www.acfun.cn/v/ac48867786,https://tx-free-imgs.acfun.cn/newUpload/74706824_fcc9a2386aff4fb0b3ecd158e3c6b97f.png?imageslim,AcFun,三日榜,three-days,hotlist,,2026-09-25 04:23:33
43,换你穿越三国乱世，你是起兵还是种田？,有没有宝贝和我一样，看三国的时候总在想，如果换我身在那个乱世，我会怎么样？是起兵争霸，还是归隐山林？ 或是是咱们可以选三国里有名的角色或者可以架空历史从素人做起，一统三国，那会怎么样?我最近就玩了这么一款游戏，一玩就是五个小时，根本停不下来，那今天来聊聊这款开放世界slg游戏《英雄立志传：三国志》~<br/>,1549,https://www.acfun.cn/v/ac48869043,https://tx-free-imgs.acfun.cn/newUpload/61352468_39715609bed041b98b21f3dbb482ad70.jpeg?imageslim,AcFun,三日榜,three-days,hotlist,,2026-09-25 04:23:33
44,你吃月饼了吗？,,1391,https://www.acfun.cn/v/ac48869054,https://tx-free-imgs.acfun.cn/newUpload/1167675_8f48723afb0e41ecbe772249b3f4df1a.jpg?imageslim,AcFun,三日榜,three-days,hotlist,,2026-09-25 04:23:33
45,奥迪“宫斗”十年大结局？一汽拿四环，上汽拿AUDI,一汽奥迪和上汽奥迪“宫斗”了十年，终于要划下句号了？,1339,https://www.acfun.cn/v/ac48870981,https://tx-free-imgs.acfun.cn/newUpload/13630266_3fde785be5a2411495618f67d01ab66a.jpeg?imageslim,AcFun,三日榜,three-days,hotlist,,2026-09-25 04:23:33
46,发个friend圈,,1284,https://www.acfun.cn/v/ac48863958,https://tx-free-imgs.acfun.cn/newUpload/12439728_b44cb67ae45a4c179b08227368f4159c.png?imageslim,AcFun,三日榜,three-days,hotlist,,2026-09-25 04:23:33
47,沦陷️,歌曲舞蹈：沦陷dj版-星奇摇   动作有改编,1294,https://www.acfun.cn/v/ac48869381,https://tx-free-imgs.acfun.cn/newUpload/12229455_aacf9da97a0940ad8e5f0b509d9cc159.jpeg?imageslim,AcFun,三日榜,three-days,hotlist,,2026-09-25 04:23:33
48,【柯基】papi酱《生气了》｜oh my god你吓到我了,,1398,https://www.acfun.cn/v/ac48867295,https://tx-free-imgs.acfun.cn/newUpload/29493245_980e56a85587473a82c7499c2ed115cb.png?imageslim,AcFun,三日榜,three-days,hotlist,,2026-09-25 04:23:33
49,发怒了好多次哈哈哈哈，最后一遍最好！,,1388,https://www.acfun.cn/v/ac48867030,https://tx-free-imgs.acfun.cn/newUpload/16380981_8a800edc429e47809b3a0e69ec22c530.jpg?imageslim,AcFun,三日榜,three-days,hotlist,,2026-09-25 04:23:33
50,只有刀鸣最小丑？各大游戏千年血战联动盘点！,300英雄的含金量还在上升,1864,https://www.acfun.cn/v/ac48869154,https://tx-free-imgs.acfun.cn/newUpload/247671_7d920e56c00e4af39fed560bf094f965.jpeg?imageslim,AcFun,三日榜,three-days,hotlist,,2026-09-25 04:23:33
1,剑戟战斗的巅峰 关卡内容的洼地 偏科严重的《鬼武者：剑之道》,它给人爽的部分是真的爽，但是在每次爽之前，你得堵不少马桶，先生。,4365,https://www.acfun.cn/v/ac48859506,https://tx-free-imgs.acfun.cn/newUpload/934542_5d98ad80ca9c4307b5cdc2051c11cb50.jpeg?imageslim,AcFun,周榜,week,hotlist,,2026-09-25 04:23:33
2,【写真】ol穿搭,,10378,https://www.acfun.cn/v/ac48856919,https://tx-free-imgs.acfun.cn/newUpload/3540234_86355333f0d94a46842be6ec42cca369.jpg?imageslim,AcFun,周榜,week,hotlist,,2026-09-25 04:23:33
3,跳最开心的一集,,3934,https://www.acfun.cn/v/ac48860571,https://tx-free-imgs.acfun.cn/newUpload/50330447_79a3f269514140c29e7a85fb7c9dc94c.jpg?imageslim,AcFun,周榜,week,hotlist,,2026-09-25 04:23:33
4,是谁点的小恶魔，蕉出来～,,4984,https://www.acfun.cn/v/ac48867778,https://tx-free-imgs.acfun.cn/newUpload/17062172_6098fee67d1748e0ab5dab3b5665736c.jpg?imageslim,AcFun,周榜,week,hotlist,,2026-09-25 04:23:33
5,喜欢哪套？,,6501,https://www.acfun.cn/v/ac48861422,https://tx-free-imgs.acfun.cn/newUpload/3540234_729e0d22251f439da3735f26e58d174f.jpg?imageslim,AcFun,周榜,week,hotlist,,2026-09-25 04:23:33
6,过期JK碎碎念！,家人们记得蕉一蕉捏 啾咪,5774,https://www.acfun.cn/v/ac48859219,https://tx-free-imgs.acfun.cn/newUpload/17062172_5dd6ea8b5f2741ff87f0911db6dfb909.jpg?imageslim,AcFun,周榜,week,hotlist,,2026-09-25 04:23:33
7,开学对各省舍友的刻板印象,,4184,https://www.acfun.cn/v/ac48857410,https://tx-free-imgs.acfun.cn/newUpload/13114172_24dabc4c47ec46458d7cdfcc1cd2ee88.jpeg?imageslim,AcFun,周榜,week,hotlist,,2026-09-25 04:23:33
8,优雅永不过时！！！★手机竖屏2007★,审核大大辛苦了！<br/>谢谢每一个投蕉的帅哥美女！香蕉没有来个赞也好啊！<br/>视频来自快手等平台，侵权联系删除！,4323,https://www.acfun.cn/v/ac48855173,https://tx-free-imgs.acfun.cn/newUpload/2176158_d6d6aa7bbc494ad4bd0950cc58784963.gif?imageslim,AcFun,周榜,week,hotlist,,2026-09-25 04:23:33
9,《动物迷惑行为大赏325》,喜欢请投蕉啊 谢谢啦！,2608,https://www.acfun.cn/v/ac48861293,https://tx-free-imgs.acfun.cn/newUpload/1342385_03080470038d444a95ce01ff6a6aeb9f.jpeg?imageslim,AcFun,周榜,week,hotlist,,2026-09-25 04:23:33
10,《动物游戏行为图鉴》,喜欢请投蕉啊 谢谢啦！,2721,https://www.acfun.cn/v/ac48857450,https://tx-free-imgs.acfun.cn/newUpload/1342385_485bc20a4c164df2928409b209fa9afc.jpeg?imageslim,AcFun,周榜,week,hotlist,,2026-09-25 04:23:33
11,双马尾小女仆带来的情绪摇～,,3915,https://www.acfun.cn/v/ac48861966,https://tx-free-imgs.acfun.cn/newUpload/11361784_8cee0402b4754b1e82f85b7099791793.jpg?imageslim,AcFun,周榜,week,hotlist,,2026-09-25 04:23:33
12,帮Acer问一下，地址在哪里？欢乐八点档-1779,审核大大辛苦了！<br/>免费的香蕉投一下吧，没有那就点个赞吧，这对我来说很重要，谢谢！！！<br/>谢谢每一个投蕉的帅哥美女！你们是我坚持更新的动力！<br/>视频来自快手等平台，侵权联系删除！,4401,https://www.acfun.cn/v/ac48863633,https://tx-free-imgs.acfun.cn/newUpload/2176158_ff69c3c797d5414e8056b329918cc5b6.gif?imageslim,AcFun,周榜,week,hotlist,,2026-09-25 04:23:33
13,【绘图过程】《海边》6周年纪念插图过程,6周年纪念插图挂画（预售）、沙滩巾（预售），阿宝已上架,3229,https://www.acfun.cn/v/ac48836990,https://tx-free-imgs.acfun.cn/newUpload/179922_9f95aba039e84f3594c3947b3c8fdd58.jpeg?imageslim,AcFun,周榜,week,hotlist,,2026-09-25 04:23:33
14,人间琴悠扬，姑娘把谁记心上～,,2685,https://www.acfun.cn/v/ac48863143,https://tx-free-imgs.acfun.cn/newUpload/50330447_938d77716a11477e843914663278ff07.jpg?imageslim,AcFun,周榜,week,hotlist,,2026-09-25 04:23:33
15,还是少妇会的多啊！★手机竖屏2011★,审核大大辛苦了！<br/>谢谢每一个投蕉的帅哥美女！香蕉没有来个赞也好啊！<br/>视频来自快手等平台，侵权联系删除！,5044,https://www.acfun.cn/v/ac48864360,https://tx-free-imgs.acfun.cn/newUpload/2176158_3d4f199fd93640468e543b9ee25ac4c0.gif?imageslim,AcFun,周榜,week,hotlist,,2026-09-25 04:23:33
16,《野生动物迷惑行为》,喜欢请投蕉啊   谢谢啦！,2620,https://www.acfun.cn/v/ac48868360,https://tx-free-imgs.acfun.cn/newUpload/1342385_3fab348c538e4c0fa001871a708fe302.jpeg?imageslim,AcFun,周榜,week,hotlist,,2026-09-25 04:23:33
17,漫威金刚狼深陷争议！SweetBaby又毁一款？【绅批】,这算是DEI的历史遗留问题了，所有现在已经从sweetbaby离职的人，只要参与过游戏制作也会被署名（比如桥本和真）,2719,https://www.acfun.cn/v/ac48868810,https://tx-free-imgs.acfun.cn/newUpload/526850_ca1da1572b1d494a93e2f6bab46cf76b.jpeg?imageslim,AcFun,周榜,week,hotlist,,2026-09-25 04:23:33
18,钓鱼佬是真会享受！欢乐八点档-1777,审核大大辛苦了！<br/>免费的香蕉投一下吧，没有那就点个赞吧，这对我来说很重要，谢谢！！！<br/>谢谢每一个投蕉的帅哥美女！你们是我坚持更新的动力！<br/>视频来自快手等平台，侵权联系删除！,4570,https://www.acfun.cn/v/ac48858969,https://tx-free-imgs.acfun.cn/newUpload/2176158_c9d74d926c4c4d709a4b6b7769dffcca.gif?imageslim,AcFun,周榜,week,hotlist,,2026-09-25 04:23:33
19,网络上常见的热门短视频集锦   第三千四百三十八期,审核大大辛苦了！<br/>谢谢每一个投蕉的帅哥美女！香蕉没有来个赞也好啊！<br/>视频来自快手等平台，侵权联系删除！,4410,https://www.acfun.cn/v/ac48858394,https://tx-free-imgs.acfun.cn/newUpload/2176158_38174e72af934b9e86687045b01f0dd3.gif?imageslim,AcFun,周榜,week,hotlist,,2026-09-25 04:23:33
20,一波还未平息一波又来侵袭！★手机竖屏2010★,审核大大辛苦了！<br/>谢谢每一个投蕉的帅哥美女！香蕉没有来个赞也好啊！<br/>视频来自快手等平台，侵权联系删除！,4703,https://www.acfun.cn/v/ac48862013,https://tx-free-imgs.acfun.cn/newUpload/2176158_c4802142afc14d50b2cd775e67890cca.gif?imageslim,AcFun,周榜,week,hotlist,,2026-09-25 04:23:33
21,mr chu!!好怀念这首歌,,1948,https://www.acfun.cn/v/ac48869375,https://tx-free-imgs.acfun.cn/newUpload/16380981_19592eb83a88429695ee1a0508fc3df0.png?imageslim,AcFun,周榜,week,hotlist,,2026-09-25 04:23:33
22,魔兽无限服禁金团引爆社区！但原教旨主义玩家才是最抽象的？【绅批】,所谓“严厉处罚“”顶格也就是封号，会根据情况由短至长，当然能不能具体实行就是另一回事了,3060,https://www.acfun.cn/v/ac48857248,https://tx-free-imgs.acfun.cn/newUpload/526850_b63f9e2a1bd04c38ac3c61257e0b87dd.jpeg?imageslim,AcFun,周榜,week,hotlist,,2026-09-25 04:23:33
23,还是少妇会啊！！！★手机竖屏2009★,审核大大辛苦了！<br/>谢谢每一个投蕉的帅哥美女！香蕉没有来个赞也好啊！<br/>视频来自快手等平台，侵权联系删除！,4843,https://www.acfun.cn/v/ac48859515,https://tx-free-imgs.acfun.cn/newUpload/2176158_d4e9e6e30f4446319f9e720adfe35ef9.gif?imageslim,AcFun,周榜,week,hotlist,,2026-09-25 04:23:33
24,你们内外皆钢，而我们化身钢铁！【达奇】战锤40K故事内容,感谢下巴老师对视频内容的支持与完善,2128,https://www.acfun.cn/v/ac48856443,https://tx-free-imgs.acfun.cn/newUpload/346807_7f5f779958dd4d6986f60021118423da.jpeg?imageslim,AcFun,周榜,week,hotlist,,2026-09-25 04:23:33
25,【AC娘】琵琶曲,原作者：Kotte Animation<br/>还有瑕疵，看个乐吧,3062,https://www.acfun.cn/v/ac48864492,https://tx-free-imgs.acfun.cn/newUpload/41729435_02cbd995b6d54f508eb21d3cb8621903.jpeg?imageslim,AcFun,周榜,week,hotlist,,2026-09-25 04:23:33
26,海洋公园一定要去啊！欢乐八点档-1776,审核大大辛苦了！<br/>免费的香蕉投一下吧，没有那就点个赞吧，这对我来说很重要，谢谢！！！<br/>谢谢每一个投蕉的帅哥美女！你们是我坚持更新的动力！<br/>视频来自快手等平台，侵权联系删除！,4462,https://www.acfun.cn/v/ac48856824,https://tx-free-imgs.acfun.cn/newUpload/2176158_3406d07fb97f486893aedb108728c2ec.gif?imageslim,AcFun,周榜,week,hotlist,,2026-09-25 04:23:33
27,25年了，回坊天花板小酥肉，还是那个味儿,记忆中的味道，回来了，都回来了……<br/>一口椒麻一口鲜，大口吃肉，配上热腾腾的米饭，绝了。<br/>素三鲜也是无敌的存在！,2492,https://www.acfun.cn/v/ac48865538,https://tx-free-imgs.acfun.cn/newUpload/13765438_9bc4a0abf32a4c1aa3e83c844de84649.jpeg?imageslim,AcFun,周榜,week,hotlist,,2026-09-25 04:23:33
28,拳击好啊，拳击得学！欢乐八点档-1781,审核大大辛苦了！<br/>免费的香蕉投一下吧，没有那就点个赞吧，这对我来说很重要，谢谢！！！<br/>谢谢每一个投蕉的帅哥美女！你们是我坚持更新的动力！<br/>视频来自快手等平台，侵权联系删除！,3923,https://www.acfun.cn/v/ac48868336,https://tx-free-imgs.acfun.cn/newUpload/2176158_3f6c601293a54468bae97f781440217b.gif?imageslim,AcFun,周榜,week,hotlist,,2026-09-25 04:23:33
29,你的拳头真是肥嘟嘟的...,动漫：心灵的声音，作者：赵石【韩国】,2152,https://www.acfun.cn/v/ac48859870,https://tx-free-imgs.acfun.cn/newUpload/509259_2fa91d5206504450be471808d9c93a22.jpeg?imageslim,AcFun,周榜,week,hotlist,,2026-09-25 04:23:33
30,这个一字马技术含量很高啊！欢乐八点档-1778,审核大大辛苦了！<br/>免费的香蕉投一下吧，没有那就点个赞吧，这对我来说很重要，谢谢！！！<br/>谢谢每一个投蕉的帅哥美女！你们是我坚持更新的动力！<br/>视频来自快手等平台，侵权联系删除！,4334,https://www.acfun.cn/v/ac48861225,https://tx-free-imgs.acfun.cn/newUpload/2176158_0824627cb76d40dc99ce9cb12c07e4cc.gif?imageslim,AcFun,周榜,week,hotlist,,2026-09-25 04:23:33
31,北京豆汁会惩罚每一个好奇的人！欢乐八点档-1780,审核大大辛苦了！<br/>免费的香蕉投一下吧，没有那就点个赞吧，这对我来说很重要，谢谢！！！<br/>谢谢每一个投蕉的帅哥美女！你们是我坚持更新的动力！<br/>视频来自快手等平台，侵权联系删除！,4343,https://www.acfun.cn/v/ac48865965,https://tx-free-imgs.acfun.cn/newUpload/2176158_ec83e6fb2ffc4005b41881ac13dbaeca.gif?imageslim,AcFun,周榜,week,hotlist,,2026-09-25 04:23:33
32,网络上常见的热门短视频集锦   第三千四百四十一期,审核大大辛苦了！<br/>谢谢每一个投蕉的帅哥美女！香蕉没有来个赞也好啊！<br/>视频来自快手等平台，侵权联系删除！,4141,https://www.acfun.cn/v/ac48862019,https://tx-free-imgs.acfun.cn/newUpload/2176158_6e5a88d95f344d92a8d97a57f03ac4b9.gif?imageslim,AcFun,周榜,week,hotlist,,2026-09-25 04:23:33
33,网络上常见的热门短视频集锦   第三千四百四十五期,审核大大辛苦了！<br/>谢谢每一个投蕉的帅哥美女！香蕉没有来个赞也好啊！<br/>视频来自快手等平台，侵权联系删除！,3807,https://www.acfun.cn/v/ac48866824,https://tx-free-imgs.acfun.cn/newUpload/2176158_dba921eb42f14c7ba31a1af83bfe71ce.gif?imageslim,AcFun,周榜,week,hotlist,,2026-09-25 04:23:33
34,【柯基】《九一八》｜黄自,,1774,https://www.acfun.cn/v/ac48855665,https://tx-free-imgs.acfun.cn/newUpload/29493245_98e6396080ff45c6aabd437a73b80398.png?imageslim,AcFun,周榜,week,hotlist,,2026-09-25 04:23:33
35,琵琶曲丨夜神月 VS  L,原曲：琵琶曲,2195,https://www.acfun.cn/v/ac48861693,https://tx-free-imgs.acfun.cn/newUpload/16986934_3bf4dd94910c4845acf851f7f0fdb757.jpeg?imageslim,AcFun,周榜,week,hotlist,,2026-09-25 04:23:33
36,空中瑜伽！！！★手机竖屏2012★,审核大大辛苦了！<br/>谢谢每一个投蕉的帅哥美女！香蕉没有来个赞也好啊！<br/>视频来自快手等平台，侵权联系删除！,4273,https://www.acfun.cn/v/ac48866821,https://tx-free-imgs.acfun.cn/newUpload/2176158_610807af48f5463a891fc9f341c9b16f.gif?imageslim,AcFun,周榜,week,hotlist,,2026-09-25 04:23:33
37,我真的是来吃饭的！★手机竖屏2013★,审核大大辛苦了！<br/>谢谢每一个投蕉的帅哥美女！香蕉没有来个赞也好啊！<br/>视频来自快手等平台，侵权联系删除！,3244,https://www.acfun.cn/v/ac48869145,https://tx-free-imgs.acfun.cn/newUpload/2176158_eb4b69370b8f435aa2b171e72403d356.gif?imageslim,AcFun,周榜,week,hotlist,,2026-09-25 04:23:33
38,网络上常见的热门短视频集锦   第三千四百三十九期,审核大大辛苦了！<br/>谢谢每一个投蕉的帅哥美女！香蕉没有来个赞也好啊！<br/>视频来自快手等平台，侵权联系删除！,4004,https://www.acfun.cn/v/ac48859518,https://tx-free-imgs.acfun.cn/newUpload/2176158_13f61f1aa39c4732bdaeed87fe0e28a4.gif?imageslim,AcFun,周榜,week,hotlist,,2026-09-25 04:23:33
39,厨师长教你：“鱼香肉丝”的家常做法，酸甜微辣，口感丰富,,1958,https://www.acfun.cn/v/ac48867741,https://tx-free-imgs.acfun.cn/newUpload/13274260_93e68d1098d04ffca2683655a6a404c2.jpeg?imageslim,AcFun,周榜,week,hotlist,,2026-09-25 04:23:33
40,一天生产500万个！速冻水饺是如何制造出来的？,,2144,https://www.acfun.cn/v/ac48859253,https://tx-free-imgs.acfun.cn/newUpload/19281632_57f07fe28e24422d948491fd2d43586c.jpeg?imageslim,AcFun,周榜,week,hotlist,,2026-09-25 04:23:33
41,今天你不能嫁出去【今天有什么好笑的 #2514】,：)，谢谢大家，祝你们开心。<br/>wallpaper壁纸：Fading Astronaut 5K (update)<br/>BGM：I Want It That Way,2831,https://www.acfun.cn/v/ac48865864,https://tx-free-imgs.acfun.cn/newUpload/383079_ee4f5f7badf74f05a2ef6c691387f327.gif?imageslim,AcFun,周榜,week,hotlist,,2026-09-25 04:23:33
42,单纯的约会（92）,,1810,https://www.acfun.cn/v/ac48857199,https://tx-free-imgs.acfun.cn/newUpload/74706824_a3a60d77e6934225b168686e44216c4b.png?imageslim,AcFun,周榜,week,hotlist,,2026-09-25 04:23:33
43,【东方】推特东方小视频选集 第272期,睡觉睡觉睡觉睡觉睡觉睡觉睡觉睡觉睡觉睡觉……,1376,https://www.acfun.cn/v/ac48858830,https://tx-free-imgs.acfun.cn/newUpload/6102_5a13d6efeec742ff84c512206aaeb7b0.jpeg?imageslim,AcFun,周榜,week,hotlist,,2026-09-25 04:23:33
44,甜妹来袭！,,2137,https://www.acfun.cn/v/ac48863947,https://tx-free-imgs.acfun.cn/newUpload/12439728_1fd5a3c6e60241a1a1cd8f89dbede769.png?imageslim,AcFun,周榜,week,hotlist,,2026-09-25 04:23:33
45,网络上常见的热门短视频集锦   第三千四百三十六期,审核大大辛苦了！<br/>谢谢每一个投蕉的帅哥美女！香蕉没有来个赞也好啊！<br/>视频来自快手等平台，侵权联系删除！,3945,https://www.acfun.cn/v/ac48856130,https://tx-free-imgs.acfun.cn/newUpload/2176158_4b41dc501581491e9b900fd0a1662e27.gif?imageslim,AcFun,周榜,week,hotlist,,2026-09-25 04:23:33
46,网络上常见的热门短视频集锦   第三千四百四十三期,审核大大辛苦了！<br/>谢谢每一个投蕉的帅哥美女！香蕉没有来个赞也好啊！<br/>视频来自快手等平台，侵权联系删除！,3556,https://www.acfun.cn/v/ac48864363,https://tx-free-imgs.acfun.cn/newUpload/2176158_dfef22dbf6934a15a594e5766b8680ca.gif?imageslim,AcFun,周榜,week,hotlist,,2026-09-25 04:23:33
47,嘞个就是爱情【今天有什么好笑的 #2512】,：），谢谢大家的投蕉和点赞，祝你开心愉快~<br/>wallpaper壁纸：lamp<br/>BGM：What a Feeling,2427,https://www.acfun.cn/v/ac48860992,https://tx-free-imgs.acfun.cn/newUpload/383079_172d192fee55441c96b7352f61e0a25f.gif?imageslim,AcFun,周榜,week,hotlist,,2026-09-25 04:23:33
48,网络上常见的热门短视频集锦   第三千四百三十七期,审核大大辛苦了！<br/>谢谢每一个投蕉的帅哥美女！香蕉没有来个赞也好啊！<br/>视频来自快手等平台，侵权联系删除！,3645,https://www.acfun.cn/v/ac48857544,https://tx-free-imgs.acfun.cn/newUpload/2176158_65f1d403dce7484b8d62b6f272bdbe31.gif?imageslim,AcFun,周榜,week,hotlist,,2026-09-25 04:23:33
49,网络上常见的热门短视频集锦   第三千四百四十四期,审核大大辛苦了！<br/>谢谢每一个投蕉的帅哥美女！香蕉没有来个赞也好啊！<br/>视频来自快手等平台，侵权联系删除！,3485,https://www.acfun.cn/v/ac48865021,https://tx-free-imgs.acfun.cn/newUpload/2176158_663463f1e6004dc2b4dea153d1e60c05.gif?imageslim,AcFun,周榜,week,hotlist,,2026-09-25 04:23:33
50,因为害怕被讨厌 所以把自己藏起来了,,1808,https://www.acfun.cn/v/ac48871331,https://tx-free-imgs.acfun.cn/newUpload/11361784_3d4bd69b46f541e184c2922c24f09276.jpg?imageslim,AcFun,周榜,week,hotlist,,2026-09-25 04:23:33
1,《野生动物迷惑行为》,喜欢请投蕉啊   谢谢啦！,2635,https://www.acfun.cn/v/ac48868360,https://tx-free-imgs.acfun.cn/newUpload/1342385_3fab348c538e4c0fa001871a708fe302.jpeg?imageslim,AcFun,日榜,day,hotlist,,2026-09-25 05:20:17
2,我真的是来吃饭的！★手机竖屏2013★,审核大大辛苦了！<br/>谢谢每一个投蕉的帅哥美女！香蕉没有来个赞也好啊！<br/>视频来自快手等平台，侵权联系删除！,3249,https://www.acfun.cn/v/ac48869145,https://tx-free-imgs.acfun.cn/newUpload/2176158_eb4b69370b8f435aa2b171e72403d356.gif?imageslim,AcFun,日榜,day,hotlist,,2026-09-25 05:20:17
3,因为害怕被讨厌 所以把自己藏起来了,,1841,https://www.acfun.cn/v/ac48871331,https://tx-free-imgs.acfun.cn/newUpload/11361784_3d4bd69b46f541e184c2922c24f09276.jpg?imageslim,AcFun,日榜,day,hotlist,,2026-09-25 05:20:17
4,姛姛？！蝴蝶耳机Manget中文翻唱【箐羽Hane】x【缇若柯Teivoc】,“是否你确实表里如一淡然，还是说你——并不似我贪婪？”<br/>《Manget》磁石 / 蝴蝶耳机 - 中文翻唱<br/>原作作曲 / 流星P<br/>曲绘&翻唱 / 箐羽hane & 缇若柯Teivoc<br/>中文填词 / 果汁凉菜<br/>混音 / 风尘<br/>和笋笋一起唱了我们二次元姛神曲！曲绘也是我和笋笋每个人负责了自己的部分最后再拼到一起的！真好！( *^ ^)o(^ ^* )希望大家也能喜欢！,1326,https://www.acfun.cn/v/ac48869340,https://tx-free-imgs.acfun.cn/newUpload/67511609_d868cdbd6b1849e8958696cdc9db1493.jpeg?imageslim,AcFun,日榜,day,hotlist,,2026-09-25 05:20:17
5,网络上常见的热门短视频集锦   第三千四百四十八期,审核大大辛苦了！<br/>谢谢每一个投蕉的帅哥美女！香蕉没有来个赞也好啊！<br/>视频来自快手等平台，侵权联系删除！,2688,https://www.acfun.cn/v/ac48870020,https://tx-free-imgs.acfun.cn/newUpload/2176158_d65e54f4e9ee489b86b6fc28c31c84ee.gif?imageslim,AcFun,日榜,day,hotlist,,2026-09-25 05:20:17
6,这样的学姐喜欢吗？欢乐八点档-1782,审核大大辛苦了！<br/>免费的香蕉投一下吧，没有那就点个赞吧，这对我来说很重要，谢谢！！！<br/>谢谢每一个投蕉的帅哥美女！你们是我坚持更新的动力！<br/>视频来自快手等平台，侵权联系删除！,2126,https://www.acfun.cn/v/ac48870057,https://tx-free-imgs.acfun.cn/newUpload/2176158_4c1f3b60f73e451abc443941d47305d8.gif?imageslim,AcFun,日榜,day,hotlist,,2026-09-25 05:20:17
7,网络上常见的热门短视频集锦   第三千四百四十七期,审核大大辛苦了！<br/>谢谢每一个投蕉的帅哥美女！香蕉没有来个赞也好啊！<br/>视频来自快手等平台，侵权联系删除！,2611,https://www.acfun.cn/v/ac48869149,https://tx-free-imgs.acfun.cn/newUpload/2176158_fdf9afe2e00a4a1aa62415c846776eaf.gif?imageslim,AcFun,日榜,day,hotlist,,2026-09-25 05:20:17
8,老板直聘（89）,,1421,https://www.acfun.cn/v/ac48868552,https://tx-free-imgs.acfun.cn/newUpload/74706824_db2c7ba15c5d4aa18872db6b0763b7ca.jpeg?imageslim,AcFun,日榜,day,hotlist,,2026-09-25 05:20:17
9,我要冲会员【今天有什么好笑的 #2516】,：），谢谢大家的投蕉和点赞，祝你开心愉快~<br/>wallpaper壁纸：Reze | Chainsaw Man<br/>BGM：Nicoleta Matei - Love mail<br/>,1864,https://www.acfun.cn/v/ac48870763,https://tx-free-imgs.acfun.cn/newUpload/383079_47b0fc3f458042f5bd3717967e55c598.gif?imageslim,AcFun,日榜,day,hotlist,,2026-09-25 05:20:17
10,奥迪“宫斗”十年大结局？一汽拿四环，上汽拿AUDI,一汽奥迪和上汽奥迪“宫斗”了十年，终于要划下句号了？,1349,https://www.acfun.cn/v/ac48870981,https://tx-free-imgs.acfun.cn/newUpload/13630266_3fde785be5a2411495618f67d01ab66a.jpeg?imageslim,AcFun,日榜,day,hotlist,,2026-09-25 05:20:17
11,发个friend圈,,1289,https://www.acfun.cn/v/ac48863958,https://tx-free-imgs.acfun.cn/newUpload/12439728_b44cb67ae45a4c179b08227368f4159c.png?imageslim,AcFun,日榜,day,hotlist,,2026-09-25 05:20:17
12,沦陷️,歌曲舞蹈：沦陷dj版-星奇摇   动作有改编,1309,https://www.acfun.cn/v/ac48869381,https://tx-free-imgs.acfun.cn/newUpload/12229455_aacf9da97a0940ad8e5f0b509d9cc159.jpeg?imageslim,AcFun,日榜,day,hotlist,,2026-09-25 05:20:17
13,【东方】QUEEN【蕾米莉亚 Miy Ver. MMD】,作者：やくも<br/><br/>楽曲:Kanaria 様→https://www.nicovideo.jp/watch/sm4088...<br/>振付:AKIRA様<br/>モーション:P-nez 様→https://www.nicovideo.jp/watch/sm4350...<br/>カメラ:Mizuha様→https://www.nicovideo.jp/watch/sm4353...<br/>モデル:MIy様<br/>ステージ:栗ごはん様<br/>アクセサリ:アスカ様,1041,https://www.acfun.cn/v/ac48870080,https://tx-free-imgs.acfun.cn/newUpload/6102_6a4dce20c9b74fa0bbdff3ccc0a73c5d.png?imageslim,AcFun,日榜,day,hotlist,,2026-09-25 05:20:17
14,【AI】今晚的期待,Comfyui,1262,https://www.acfun.cn/v/ac48870865,https://tx-free-imgs.acfun.cn/newUpload/14047168_02bac6c1158f4e108536124c7239e472.jpeg?imageslim,AcFun,日榜,day,hotlist,,2026-09-25 05:20:17
15,【无字幕】《JOJO的奇妙冒险 飙马野郎 》Part 2 NCOP「SPIN」,,855,https://www.acfun.cn/v/ac48869632,https://tx-free-imgs.acfun.cn/newUpload/30501027_aae616c323af422bb4da842c191d69ce.png?imageslim,AcFun,日榜,day,hotlist,,2026-09-25 05:20:17
16,在英国差点被上门诈骗,可能看到我一人在家，就大胆敲门了，还好平常也会注意周边邻居，没发生什么事儿，这个金额就算被骗也不会报警，以后还是要小心一些了。#英国日常#vlog,1222,https://www.acfun.cn/v/ac48869505,https://tx-free-imgs.acfun.cn/newUpload/43181603_1c8c6c487a864d098b5e7e7bf2a12c6a.jpg?imageslim,AcFun,日榜,day,hotlist,,2026-09-25 05:20:17
17,"长手打短手？2万分王者局！快速看完一局韩服王者斗殴局#836 十三day, Eclipse,","长手打短手？2万分王者局！快速看完一局韩服王者斗殴局#836 十三day, Eclipse, 0909, Lelitz, 1Jiang <br/>BGM:https://music.163.com/playlist?id=650818240&userid=30476594",1249,https://www.acfun.cn/v/ac48863751,https://tx-free-imgs.acfun.cn/newUpload/1378726_792b017ff72e4ed49b05fe8e1e24f6e4.jpeg?imageslim,AcFun,日榜,day,hotlist,,2026-09-25 05:20:17
18,坚持跳舞8年改变了什么？《千里邀月》2018vs2026【紫嘉儿】,中秋快乐！没想到8年前的编舞每年这个时候都有很多翻跳，一起用舞蹈记录下美好时光吧！,1099,https://www.acfun.cn/v/ac48870585,https://tx-free-imgs.acfun.cn/newUpload/1161851_851c52555ace464f98231f30a167eedd.png?imageslim,AcFun,日榜,day,hotlist,,2026-09-25 05:20:17
19,这套皮肤真的很喜欢,,1065,https://www.acfun.cn/v/ac48871657,https://tx-free-imgs.acfun.cn/newUpload/16380981_ac9640e59a3a42e093fcee0a0b81d474.jpg?imageslim,AcFun,日榜,day,hotlist,,2026-09-25 05:20:17
20,【AI】小妈裙~chocolate cream,Comfyui,1244,https://www.acfun.cn/v/ac48870861,https://tx-free-imgs.acfun.cn/newUpload/14047168_efd2bae7c6184b3b89e82abfaadf0fb3.jpeg?imageslim,AcFun,日榜,day,hotlist,,2026-09-25 05:20:17
21,好像只能礼貌的问候~,,1092,https://www.acfun.cn/v/ac48871365,https://tx-free-imgs.acfun.cn/newUpload/43459034_4572f98756df48b0bc9c323cdc49a8d2.jpg?imageslim,AcFun,日榜,day,hotlist,,2026-09-25 05:20:17
22,【绝望女神/翻唱】【星际牛仔ED The Real Folk Blues】,想听啥情继续评论回复~,738,https://www.acfun.cn/v/ac48871323,https://tx-free-imgs.acfun.cn/newUpload/20705199_0be8deafcbb34bdb9f17523c5bc95087.jpeg?imageslim,AcFun,日榜,day,hotlist,,2026-09-25 05:20:17
23,少女机甲+空投轰炸？是什么神仙组合？,到底是一款什么样的机甲游戏，上线快3年还保持着特别好评？虽然是机甲美少女的设定，但是操作的是厚重质感的硬核机甲，这种硬核操作的感觉让人越玩越上头，今天来跟大家聊聊这款游戏《铁骑少女》。<br/>最近我一直期待的第三个DLC金盏花也是要上线了，这次DLC的核心新玩法，就是机甲“搜打撤”的模式。和本体死守基地的玩法不一样，这次整体的游玩思路都变了~,1085,https://www.acfun.cn/v/ac48871337,https://tx-free-imgs.acfun.cn/newUpload/61352468_77bf0ab03cd34fefa1d5530aca003edb.jpeg?imageslim,AcFun,日榜,day,hotlist,,2026-09-25 05:20:17
24,记录2023年6月份在台上开心的表演lamb的我,,1112,https://www.acfun.cn/v/ac48871344,https://tx-free-imgs.acfun.cn/newUpload/16380981_00755d93042647bcb6f29a19da53e590.png?imageslim,AcFun,日榜,day,hotlist,,2026-09-25 05:20:17
25,【翻唱】鬼ノ宴,本家様<br/>友成空様<br/>【鬼ノ宴】<br/>•友成空(TOMONARI SORA) -   鬼ノ宴   ［Lyric Video］<br/>https://www.youtube.com/watch?v=NFzyrPK9rtM,1022,https://www.acfun.cn/v/ac48871180,https://tx-free-imgs.acfun.cn/newUpload/10144864_a75eddb97ea048b59fef6aaea5d4478f.jpeg?imageslim,AcFun,日榜,day,hotlist,,2026-09-25 05:20:17
26,下班后跳一段恋爱的条件～,,1022,https://www.acfun.cn/v/ac48871308,https://tx-free-imgs.acfun.cn/newUpload/43459034_9aa96c2a93884a3891b73b05298d8521.jpg?imageslim,AcFun,日榜,day,hotlist,,2026-09-25 05:20:17
27,T-ARA So Crazy,,1348,https://www.acfun.cn/v/ac48869387,https://tx-free-imgs.acfun.cn/newUpload/795184_e0ad411d1b844c569dc376c0b45f763c.jpeg?imageslim,AcFun,日榜,day,hotlist,,2026-09-25 05:20:17
28,【黒碳】ライトダンス - サカナクション【生日作】【翻唱】,本家:サカナクション ; 翻唱: 黒碳Kurotan; 后期: 黒碳Kurotan; 曲绘: 黒碳Kurotan; PV: 黒碳Kurotan以及十分牛杯的網站：https://pv.pixjam.cn/ 背景是用這個做的!! 狠狠趕工終於做完了 好感動,1056,https://www.acfun.cn/v/ac48869560,https://tx-free-imgs.acfun.cn/newUpload/13707663_f611642aa87b4dab9a8d8a6beb7ace77.jpeg?imageslim,AcFun,日榜,day,hotlist,,2026-09-25 05:20:17
29,吃！给我吃！【鬼ノ宴翻唱】,,1047,https://www.acfun.cn/v/ac48871186,https://tx-free-imgs.acfun.cn/newUpload/10144864_ee78f4d0678d414f9ce18c29231cf17a.jpeg?imageslim,AcFun,日榜,day,hotlist,,2026-09-25 05:20:17
30,BR66型蒸汽机车 trix越来越垃圾了！尤其是垃圾会员车，一个比一个烂！这一次终于拉了一坨更大的！,,627,https://www.acfun.cn/v/ac48871197,https://tx-free-imgs.acfun.cn/newUpload/66128753_8563c2ab24aa4a2289e52500bc42f1f1.png?imageslim,AcFun,日榜,day,hotlist,,2026-09-25 05:20:17
31,AOA-猫步轻俏,,1197,https://www.acfun.cn/v/ac48869298,https://tx-free-imgs.acfun.cn/newUpload/795184_6cc9a8a9e54144c3b69380546963be9b.jpeg?imageslim,AcFun,日榜,day,hotlist,,2026-09-25 05:20:17
32,【AI】山间竹林仙子,Comfyui,1066,https://www.acfun.cn/v/ac48870853,https://tx-free-imgs.acfun.cn/newUpload/14047168_20afdd6955bd44a9a04b0629aecb5ad1.jpeg?imageslim,AcFun,日榜,day,hotlist,,2026-09-25 05:20:17
33,如果是机器人女友，怎么哄男朋友呢？！,,1144,https://www.acfun.cn/v/ac48870116,https://tx-free-imgs.acfun.cn/newUpload/17928_330fc95b89c04eda831570be0a48cb0e.png?imageslim,AcFun,日榜,day,hotlist,,2026-09-25 05:20:17
34,偶遇杀手莲子,,1103,https://www.acfun.cn/v/ac48869299,https://tx-free-imgs.acfun.cn/newUpload/71220423_889894cc6b094cc9b583de3b2598cd68.jpeg?imageslim,AcFun,日榜,day,hotlist,,2026-09-25 05:20:17
35,你迟早会背叛我的,,1330,https://www.acfun.cn/v/ac48869570,https://tx-free-imgs.acfun.cn/newUpload/2742252_1977688b66b746918c3e25dd4f72a7b1.jpg?imageslim,AcFun,日榜,day,hotlist,,2026-09-25 05:20:17
36,绿梦：时空之声公测定档！公测版本全面优化！,绿梦：时空之声公测定档！公测版本全面优化！,1144,https://www.acfun.cn/v/ac48871268,https://tx-free-imgs.acfun.cn/newUpload/63104383_33b9de6d951a4ca0b5a7b9dfc2fc748e.gif?imageslim,AcFun,日榜,day,hotlist,,2026-09-25 05:20:17
37,22.称霸水下四亿年，人类最古老的远房祖先：硬骨鱼总纲,22.称霸水下四亿年，人类最古老的远房祖先：硬骨鱼总纲,860,https://www.acfun.cn/v/ac48871354,https://tx-free-imgs.acfun.cn/newUpload/28933912_40dcb39f039045868ae364582e4a1797.jpeg?imageslim,AcFun,日榜,day,hotlist,,2026-09-25 05:20:17
38,小兔-20260923 abracadabra 上下 恋爱的条件 成人礼 晚安吻,,1041,https://www.acfun.cn/v/ac48870476,https://tx-free-imgs.acfun.cn/newUpload/78055394_4dcf7a6688cb4a1994bd96389cc84b38.jpeg?imageslim,AcFun,日榜,day,hotlist,,2026-09-25 05:20:17
39,【牛子组合】凉凉,世事一场大梦，人生几度秋凉，祝大家26年中秋快乐,784,https://www.acfun.cn/v/ac48870493,https://tx-free-imgs.acfun.cn/newUpload/358616_22f2cb85fdca497ab5cd556c984493d6.png?imageslim,AcFun,日榜,day,hotlist,,2026-09-25 05:20:17
40,上线才半年，腾讯养的“龙虾”QClaw，官宣停运了！,,1105,https://www.acfun.cn/v/ac48871074,https://tx-free-imgs.acfun.cn/newUpload/17928_22da7d70ed6749f690e735b0f098a800.png?imageslim,AcFun,日榜,day,hotlist,,2026-09-25 05:20:17
41,【小腐】暧昧回避,夕阳下起舞吧,370,https://www.acfun.cn/v/ac48869652,https://tx-free-imgs.acfun.cn/newUpload/13893173_aae9f2e333b24238961905e095f6c60c.png?imageslim,AcFun,日榜,day,hotlist,,2026-09-25 05:20:17
42,三角洲行动：威力巨大的巴雷特狙击步枪，一枪毙命就是爽,反器材不行，还是来反步兵吧。,484,https://www.acfun.cn/v/ac48869561,https://tx-free-imgs.acfun.cn/newUpload/11602352_67012a71c8e64cb59ea80b622bb985f2.jpeg?imageslim,AcFun,日榜,day,hotlist,,2026-09-25 05:20:17
43,另一版,之前还拍了一版，但是感觉镜头太晃了,413,https://www.acfun.cn/v/ac48871588,https://tx-free-imgs.acfun.cn/newUpload/12954767_f420f9f6197c43d4bb14421c32d81bbb.png?imageslim,AcFun,日榜,day,hotlist,,2026-09-25 05:20:17
44,飒！BABYMONSTER CHIQUITA小姐姐跳《Worth It》,-v -好不好看呢,1061,https://www.acfun.cn/v/ac48870427,https://tx-free-imgs.acfun.cn/newUpload/199029_44d3343f2e3742c780253ef0f9df1a6b.png?imageslim,AcFun,日榜,day,hotlist,,2026-09-25 05:20:17
45,社畜身份不是你精致生活的角色扮演,,562,https://www.acfun.cn/v/ac48871467,https://tx-free-imgs.acfun.cn/newUpload/14013875_ec82a37907ff4565a6f6f6d916bd7117.png?imageslim,AcFun,日榜,day,hotlist,,2026-09-25 05:20:17
46,桢-20260923 abracadabra,,1022,https://www.acfun.cn/v/ac48870552,https://tx-free-imgs.acfun.cn/newUpload/78055394_f7c161e6bccd480f9b8a372dd55c3678.jpeg?imageslim,AcFun,日榜,day,hotlist,,2026-09-25 05:20:17
47,【雀魂汪汪录】第402期 牌没有问题，你们打吧,BGM可以通过网易云搜索【雀魂汪汪录BGM】就可以找到啦！<br/><br/>雀魂汪汪录 周四中午见<br/><br/>微博 @雀魂麻将majsoul<br/><br/>——————————————————————————<br/><br/>想要投稿的玩家~务必请通过邮箱来进行投稿~【请不要在评论区或是私信投稿，谢谢】<br/><br/>邮箱地址：tg@maj-soul.com<br/><br/>投稿最少需要注明【局目、内容、牌谱链接】哦！,905,https://www.acfun.cn/v/ac48868870,https://tx-free-imgs.acfun.cn/newUpload/14265704_e978d1ceac98487a9e811f09bc2d943f.jpeg?imageslim,AcFun,日榜,day,hotlist,,2026-09-25 05:20:17
48,T-ara Bo Peep Bo Peep,,1003,https://www.acfun.cn/v/ac48869397,https://tx-free-imgs.acfun.cn/newUpload/795184_1876bec3bc5d43d6b42da8060c06a34a.jpeg?imageslim,AcFun,日榜,day,hotlist,,2026-09-25 05:20:17
49,卓哥儿那可是专业杰哥，人群之中七进七出不成问题！,自定义也发？,1029,https://www.acfun.cn/v/ac48871816,https://tx-free-imgs.acfun.cn/newUpload/581357_d49b41a0e554440db6952de719b3f832.jpeg?imageslim,AcFun,日榜,day,hotlist,,2026-09-25 05:20:17
50,重制版 2026年还有人看重制版吗？魔兽争霸xiaoy解说浪漫 kaho,,907,https://www.acfun.cn/v/ac48869843,https://tx-free-imgs.acfun.cn/newUpload/37584199_8b81592540634f919b6c685d31aa555c.jpeg?imageslim,AcFun,日榜,day,hotlist,,2026-09-25 05:20:17
1,是谁点的小恶魔，蕉出来～,,5006,https://www.acfun.cn/v/ac48867778,https://tx-free-imgs.acfun.cn/newUpload/17062172_6098fee67d1748e0ab5dab3b5665736c.jpg?imageslim,AcFun,三日榜,three-days,hotlist,,2026-09-25 05:20:17
2,【绘图过程】《海边》6周年纪念插图过程,6周年纪念插图挂画（预售）、沙滩巾（预售），阿宝已上架,3231,https://www.acfun.cn/v/ac48836990,https://tx-free-imgs.acfun.cn/newUpload/179922_9f95aba039e84f3594c3947b3c8fdd58.jpeg?imageslim,AcFun,三日榜,three-days,hotlist,,2026-09-25 05:20:17
3,还是少妇会的多啊！★手机竖屏2011★,审核大大辛苦了！<br/>谢谢每一个投蕉的帅哥美女！香蕉没有来个赞也好啊！<br/>视频来自快手等平台，侵权联系删除！,5044,https://www.acfun.cn/v/ac48864360,https://tx-free-imgs.acfun.cn/newUpload/2176158_3d4f199fd93640468e543b9ee25ac4c0.gif?imageslim,AcFun,三日榜,three-days,hotlist,,2026-09-25 05:20:17
4,《野生动物迷惑行为》,喜欢请投蕉啊   谢谢啦！,2635,https://www.acfun.cn/v/ac48868360,https://tx-free-imgs.acfun.cn/newUpload/1342385_3fab348c538e4c0fa001871a708fe302.jpeg?imageslim,AcFun,三日榜,three-days,hotlist,,2026-09-25 05:20:17
5,漫威金刚狼深陷争议！SweetBaby又毁一款？【绅批】,这算是DEI的历史遗留问题了，所有现在已经从sweetbaby离职的人，只要参与过游戏制作也会被署名（比如桥本和真）,2725,https://www.acfun.cn/v/ac48868810,https://tx-free-imgs.acfun.cn/newUpload/526850_ca1da1572b1d494a93e2f6bab46cf76b.jpeg?imageslim,AcFun,三日榜,three-days,hotlist,,2026-09-25 05:20:17
6,mr chu!!好怀念这首歌,,1956,https://www.acfun.cn/v/ac48869375,https://tx-free-imgs.acfun.cn/newUpload/16380981_19592eb83a88429695ee1a0508fc3df0.png?imageslim,AcFun,三日榜,three-days,hotlist,,2026-09-25 05:20:17
7,25年了，回坊天花板小酥肉，还是那个味儿,记忆中的味道，回来了，都回来了……<br/>一口椒麻一口鲜，大口吃肉，配上热腾腾的米饭，绝了。<br/>素三鲜也是无敌的存在！,2492,https://www.acfun.cn/v/ac48865538,https://tx-free-imgs.acfun.cn/newUpload/13765438_9bc4a0abf32a4c1aa3e83c844de84649.jpeg?imageslim,AcFun,三日榜,three-days,hotlist,,2026-09-25 05:20:17
8,拳击好啊，拳击得学！欢乐八点档-1781,审核大大辛苦了！<br/>免费的香蕉投一下吧，没有那就点个赞吧，这对我来说很重要，谢谢！！！<br/>谢谢每一个投蕉的帅哥美女！你们是我坚持更新的动力！<br/>视频来自快手等平台，侵权联系删除！,3925,https://www.acfun.cn/v/ac48868336,https://tx-free-imgs.acfun.cn/newUpload/2176158_3f6c601293a54468bae97f781440217b.gif?imageslim,AcFun,三日榜,three-days,hotlist,,2026-09-25 05:20:17
9,北京豆汁会惩罚每一个好奇的人！欢乐八点档-1780,审核大大辛苦了！<br/>免费的香蕉投一下吧，没有那就点个赞吧，这对我来说很重要，谢谢！！！<br/>谢谢每一个投蕉的帅哥美女！你们是我坚持更新的动力！<br/>视频来自快手等平台，侵权联系删除！,4344,https://www.acfun.cn/v/ac48865965,https://tx-free-imgs.acfun.cn/newUpload/2176158_ec83e6fb2ffc4005b41881ac13dbaeca.gif?imageslim,AcFun,三日榜,three-days,hotlist,,2026-09-25 05:20:17
10,网络上常见的热门短视频集锦   第三千四百四十五期,审核大大辛苦了！<br/>谢谢每一个投蕉的帅哥美女！香蕉没有来个赞也好啊！<br/>视频来自快手等平台，侵权联系删除！,3813,https://www.acfun.cn/v/ac48866824,https://tx-free-imgs.acfun.cn/newUpload/2176158_dba921eb42f14c7ba31a1af83bfe71ce.gif?imageslim,AcFun,三日榜,three-days,hotlist,,2026-09-25 05:20:17
11,空中瑜伽！！！★手机竖屏2012★,审核大大辛苦了！<br/>谢谢每一个投蕉的帅哥美女！香蕉没有来个赞也好啊！<br/>视频来自快手等平台，侵权联系删除！,4277,https://www.acfun.cn/v/ac48866821,https://tx-free-imgs.acfun.cn/newUpload/2176158_610807af48f5463a891fc9f341c9b16f.gif?imageslim,AcFun,三日榜,three-days,hotlist,,2026-09-25 05:20:17
12,我真的是来吃饭的！★手机竖屏2013★,审核大大辛苦了！<br/>谢谢每一个投蕉的帅哥美女！香蕉没有来个赞也好啊！<br/>视频来自快手等平台，侵权联系删除！,3249,https://www.acfun.cn/v/ac48869145,https://tx-free-imgs.acfun.cn/newUpload/2176158_eb4b69370b8f435aa2b171e72403d356.gif?imageslim,AcFun,三日榜,three-days,hotlist,,2026-09-25 05:20:17
13,厨师长教你：“鱼香肉丝”的家常做法，酸甜微辣，口感丰富,,1958,https://www.acfun.cn/v/ac48867741,https://tx-free-imgs.acfun.cn/newUpload/13274260_93e68d1098d04ffca2683655a6a404c2.jpeg?imageslim,AcFun,三日榜,three-days,hotlist,,2026-09-25 05:20:17
14,今天你不能嫁出去【今天有什么好笑的 #2514】,：)，谢谢大家，祝你们开心。<br/>wallpaper壁纸：Fading Astronaut 5K (update)<br/>BGM：I Want It That Way,2831,https://www.acfun.cn/v/ac48865864,https://tx-free-imgs.acfun.cn/newUpload/383079_ee4f5f7badf74f05a2ef6c691387f327.gif?imageslim,AcFun,三日榜,three-days,hotlist,,2026-09-25 05:20:17
15,网络上常见的热门短视频集锦   第三千四百四十三期,审核大大辛苦了！<br/>谢谢每一个投蕉的帅哥美女！香蕉没有来个赞也好啊！<br/>视频来自快手等平台，侵权联系删除！,3556,https://www.acfun.cn/v/ac48864363,https://tx-free-imgs.acfun.cn/newUpload/2176158_dfef22dbf6934a15a594e5766b8680ca.gif?imageslim,AcFun,三日榜,three-days,hotlist,,2026-09-25 05:20:17
16,因为害怕被讨厌 所以把自己藏起来了,,1841,https://www.acfun.cn/v/ac48871331,https://tx-free-imgs.acfun.cn/newUpload/11361784_3d4bd69b46f541e184c2922c24f09276.jpg?imageslim,AcFun,三日榜,three-days,hotlist,,2026-09-25 05:20:17
17,网络上常见的热门短视频集锦   第三千四百四十四期,审核大大辛苦了！<br/>谢谢每一个投蕉的帅哥美女！香蕉没有来个赞也好啊！<br/>视频来自快手等平台，侵权联系删除！,3485,https://www.acfun.cn/v/ac48865021,https://tx-free-imgs.acfun.cn/newUpload/2176158_663463f1e6004dc2b4dea153d1e60c05.gif?imageslim,AcFun,三日榜,three-days,hotlist,,2026-09-25 05:20:17
18,嘴角压不住了【今天有什么好笑的 #2515】,：），谢谢大家的投蕉和点赞，祝你开心愉快~<br/>wallpaper壁纸：Genshin 神里绫华<br/>BGM：Wake me up when september ends,2326,https://www.acfun.cn/v/ac48868130,https://tx-free-imgs.acfun.cn/newUpload/383079_ef65121591434d2b86d53db1622776cd.gif?imageslim,AcFun,三日榜,three-days,hotlist,,2026-09-25 05:20:17
19,粉丝让我录的，不理解但照做！！！,怪哦~,1972,https://www.acfun.cn/v/ac48866011,https://tx-free-imgs.acfun.cn/newUpload/210705_6db288d8849d4e408bbee41ce9116989.jpeg?imageslim,AcFun,三日榜,three-days,hotlist,,2026-09-25 05:20:17
20,网络上常见的热门短视频集锦   第三千四百四十六期,审核大大辛苦了！<br/>谢谢每一个投蕉的帅哥美女！香蕉没有来个赞也好啊！<br/>视频来自快手等平台，侵权联系删除！,3533,https://www.acfun.cn/v/ac48867732,https://tx-free-imgs.acfun.cn/newUpload/2176158_2ec1d99da19a48e0a8e4ff2a2447e612.gif?imageslim,AcFun,三日榜,three-days,hotlist,,2026-09-25 05:20:17
21,双手合十萨瓦迪卡！,,1771,https://www.acfun.cn/v/ac48863951,https://tx-free-imgs.acfun.cn/newUpload/12439728_638a29114abf4b0bafda38c61f497df1.png?imageslim,AcFun,三日榜,three-days,hotlist,,2026-09-25 05:20:17
22,姛姛？！蝴蝶耳机Manget中文翻唱【箐羽Hane】x【缇若柯Teivoc】,“是否你确实表里如一淡然，还是说你——并不似我贪婪？”<br/>《Manget》磁石 / 蝴蝶耳机 - 中文翻唱<br/>原作作曲 / 流星P<br/>曲绘&翻唱 / 箐羽hane & 缇若柯Teivoc<br/>中文填词 / 果汁凉菜<br/>混音 / 风尘<br/>和笋笋一起唱了我们二次元姛神曲！曲绘也是我和笋笋每个人负责了自己的部分最后再拼到一起的！真好！( *^ ^)o(^ ^* )希望大家也能喜欢！,1326,https://www.acfun.cn/v/ac48869340,https://tx-free-imgs.acfun.cn/newUpload/67511609_d868cdbd6b1849e8958696cdc9db1493.jpeg?imageslim,AcFun,三日榜,three-days,hotlist,,2026-09-25 05:20:17
23,昆汀力荐！这部复仇老片，竟是杀死比尔的人物原型来源,,1621,https://www.acfun.cn/v/ac48865483,https://tx-free-imgs.acfun.cn/newUpload/8042365_d9ae5a725d8848abb4b488acbf483611.jpeg?imageslim,AcFun,三日榜,three-days,hotlist,,2026-09-25 05:20:17
24,交通事故20260923：交通车祸实例，提高安全驾驶意识,,1366,https://www.acfun.cn/v/ac48868861,https://tx-free-imgs.acfun.cn/newUpload/76871961_edea5de6659a4cd2b733a74989043440.jpg?imageslim,AcFun,三日榜,three-days,hotlist,,2026-09-25 05:20:17
25,这样的学姐喜欢吗？欢乐八点档-1782,审核大大辛苦了！<br/>免费的香蕉投一下吧，没有那就点个赞吧，这对我来说很重要，谢谢！！！<br/>谢谢每一个投蕉的帅哥美女！你们是我坚持更新的动力！<br/>视频来自快手等平台，侵权联系删除！,2126,https://www.acfun.cn/v/ac48870057,https://tx-free-imgs.acfun.cn/newUpload/2176158_4c1f3b60f73e451abc443941d47305d8.gif?imageslim,AcFun,三日榜,three-days,hotlist,,2026-09-25 05:20:17
26,常州新开巴西烤肉自助，100块钱值得吗？,这是我目前为止，去过的第二家巴西烤肉自助，团购优惠的情况下，花了94元。正常价格在95~110不等<br/><br/>简单带大家看下菜品，除了取餐台这么些，各种牛肉制品、大串烧烤都是循环上桌，大家觉得这么些菜式花样，100块钱左右你们觉得贵还是便宜啊，觉得贵的扣1，觉得便宜的扣2,1783,https://www.acfun.cn/v/ac48868891,https://tx-free-imgs.acfun.cn/newUpload/2046675_bf3a59ddff624646850829452262094e.jpeg?imageslim,AcFun,三日榜,three-days,hotlist,,2026-09-25 05:20:17
27,人鱼的眼泪,歌曲舞蹈：爱乐之城-人鱼的眼泪,1504,https://www.acfun.cn/v/ac48867050,https://tx-free-imgs.acfun.cn/newUpload/12229455_130b1f041e6741dab4f6295ee27d927e.jpeg?imageslim,AcFun,三日榜,three-days,hotlist,,2026-09-25 05:20:17
28,现在电脑不好卖了，以后我们出租AI机器人吧,,1648,https://www.acfun.cn/v/ac48867767,https://tx-free-imgs.acfun.cn/newUpload/17928_c684f06231604145b533a0f00627c624.png?imageslim,AcFun,三日榜,three-days,hotlist,,2026-09-25 05:20:17
29,网络上常见的热门短视频集锦   第三千四百四十八期,审核大大辛苦了！<br/>谢谢每一个投蕉的帅哥美女！香蕉没有来个赞也好啊！<br/>视频来自快手等平台，侵权联系删除！,2688,https://www.acfun.cn/v/ac48870020,https://tx-free-imgs.acfun.cn/newUpload/2176158_d65e54f4e9ee489b86b6fc28c31c84ee.gif?imageslim,AcFun,三日榜,three-days,hotlist,,2026-09-25 05:20:17
30,Summertime,歌曲：summer time<br/>动作参考：紫嘉儿<br/>原版编舞：（Millennium红房子_BON）<br/>参考编舞：(GFRIEND《Sunny Summer）,1698,https://www.acfun.cn/v/ac48864563,https://tx-free-imgs.acfun.cn/newUpload/12229455_1a8e22f51f3e4effa32c00abb4fd05af.jpeg?imageslim,AcFun,三日榜,three-days,hotlist,,2026-09-25 05:20:17
31,原创编舞《千层套路》的定机位竖屏来啦！,,1563,https://www.acfun.cn/v/ac48869245,https://tx-free-imgs.acfun.cn/newUpload/16380981_24bafd11c027499d9fe6820162faa782.png?imageslim,AcFun,三日榜,three-days,hotlist,,2026-09-25 05:20:17
32,北京的最北端在黑龙江？？？国内飞地是怎么形成的？,这份中国地图，是你从未看过的船新版本，放大几倍就会发现，在大家熟悉的各个省份中，还藏着一堆 “你中有我、我中有你” 的飞地。,1753,https://www.acfun.cn/v/ac48867896,https://tx-free-imgs.acfun.cn/newUpload/13630266_cc2428a99a42453f99c9e1306e7a43bb.jpeg?imageslim,AcFun,三日榜,three-days,hotlist,,2026-09-25 05:20:17
33,我要辞职了！,,1629,https://www.acfun.cn/v/ac48863957,https://tx-free-imgs.acfun.cn/newUpload/12439728_7c57a0735675474590bf7b25e1a34527.png?imageslim,AcFun,三日榜,three-days,hotlist,,2026-09-25 05:20:17
34,网络上常见的热门短视频集锦   第三千四百四十七期,审核大大辛苦了！<br/>谢谢每一个投蕉的帅哥美女！香蕉没有来个赞也好啊！<br/>视频来自快手等平台，侵权联系删除！,2611,https://www.acfun.cn/v/ac48869149,https://tx-free-imgs.acfun.cn/newUpload/2176158_fdf9afe2e00a4a1aa62415c846776eaf.gif?imageslim,AcFun,三日榜,three-days,hotlist,,2026-09-25 05:20:17
35,捏捏已经已进化到可以吃的地步啦？,,1598,https://www.acfun.cn/v/ac48868638,https://tx-free-imgs.acfun.cn/newUpload/6177430_486c910212d548c991eeb140f146a6ed.jpeg?imageslim,AcFun,三日榜,three-days,hotlist,,2026-09-25 05:20:17
36,我终于瘦到120斤以下了！,,1624,https://www.acfun.cn/v/ac48867016,https://tx-free-imgs.acfun.cn/newUpload/16380981_906db098cf5d4eaca57bde52b0ae8bf2.jpg?imageslim,AcFun,三日榜,three-days,hotlist,,2026-09-25 05:20:17
37,《奶凶奶凶的漫威金刚狼！》,游戏名：《漫威金刚狼》- Marvel s Wolverine<br/>直播玩了15小时左右一周目通关啦~(*^▽^*)开心，这期是切片呦~,1805,https://www.acfun.cn/v/ac48866669,https://tx-free-imgs.acfun.cn/newUpload/61352468_cb62bfe2e19c4f35804259fac7f8c226.jpeg?imageslim,AcFun,三日榜,three-days,hotlist,,2026-09-25 05:20:17
38,老板直聘（89）,,1421,https://www.acfun.cn/v/ac48868552,https://tx-free-imgs.acfun.cn/newUpload/74706824_db2c7ba15c5d4aa18872db6b0763b7ca.jpeg?imageslim,AcFun,三日榜,three-days,hotlist,,2026-09-25 05:20:17
39,嘉蒂丝模型曝光！很大！策划团队产能恢复？,明天新角色就要上了，技系直接立于天上。,1802,https://www.acfun.cn/v/ac48866809,https://tx-free-imgs.acfun.cn/newUpload/247671_ee6def92d94a4ab1b770fa166f4de4b7.jpeg?imageslim,AcFun,三日榜,three-days,hotlist,,2026-09-25 05:20:17
40,好曲不挑舞！《琵琶曲》你喜欢的是？,,1373,https://www.acfun.cn/v/ac48866497,https://tx-free-imgs.acfun.cn/newUpload/1161851_90c6400f25f14d969028c8a6779eaaf5.png?imageslim,AcFun,三日榜,three-days,hotlist,,2026-09-25 05:20:17
41,我要冲会员【今天有什么好笑的 #2516】,：），谢谢大家的投蕉和点赞，祝你开心愉快~<br/>wallpaper壁纸：Reze | Chainsaw Man<br/>BGM：Nicoleta Matei - Love mail<br/>,1864,https://www.acfun.cn/v/ac48870763,https://tx-free-imgs.acfun.cn/newUpload/383079_47b0fc3f458042f5bd3717967e55c598.gif?imageslim,AcFun,三日榜,three-days,hotlist,,2026-09-25 05:20:17
42,抱紧原生家庭（90）,,1393,https://www.acfun.cn/v/ac48867786,https://tx-free-imgs.acfun.cn/newUpload/74706824_fcc9a2386aff4fb0b3ecd158e3c6b97f.png?imageslim,AcFun,三日榜,three-days,hotlist,,2026-09-25 05:20:17
43,换你穿越三国乱世，你是起兵还是种田？,有没有宝贝和我一样，看三国的时候总在想，如果换我身在那个乱世，我会怎么样？是起兵争霸，还是归隐山林？ 或是是咱们可以选三国里有名的角色或者可以架空历史从素人做起，一统三国，那会怎么样?我最近就玩了这么一款游戏，一玩就是五个小时，根本停不下来，那今天来聊聊这款开放世界slg游戏《英雄立志传：三国志》~<br/>,1549,https://www.acfun.cn/v/ac48869043,https://tx-free-imgs.acfun.cn/newUpload/61352468_39715609bed041b98b21f3dbb482ad70.jpeg?imageslim,AcFun,三日榜,three-days,hotlist,,2026-09-25 05:20:17
44,你吃月饼了吗？,,1391,https://www.acfun.cn/v/ac48869054,https://tx-free-imgs.acfun.cn/newUpload/1167675_8f48723afb0e41ecbe772249b3f4df1a.jpg?imageslim,AcFun,三日榜,three-days,hotlist,,2026-09-25 05:20:17
45,奥迪“宫斗”十年大结局？一汽拿四环，上汽拿AUDI,一汽奥迪和上汽奥迪“宫斗”了十年，终于要划下句号了？,1349,https://www.acfun.cn/v/ac48870981,https://tx-free-imgs.acfun.cn/newUpload/13630266_3fde785be5a2411495618f67d01ab66a.jpeg?imageslim,AcFun,三日榜,three-days,hotlist,,2026-09-25 05:20:17
46,发个friend圈,,1289,https://www.acfun.cn/v/ac48863958,https://tx-free-imgs.acfun.cn/newUpload/12439728_b44cb67ae45a4c179b08227368f4159c.png?imageslim,AcFun,三日榜,three-days,hotlist,,2026-09-25 05:20:17
47,沦陷️,歌曲舞蹈：沦陷dj版-星奇摇   动作有改编,1309,https://www.acfun.cn/v/ac48869381,https://tx-free-imgs.acfun.cn/newUpload/12229455_aacf9da97a0940ad8e5f0b509d9cc159.jpeg?imageslim,AcFun,三日榜,three-days,hotlist,,2026-09-25 05:20:17
48,【柯基】papi酱《生气了》｜oh my god你吓到我了,,1398,https://www.acfun.cn/v/ac48867295,https://tx-free-imgs.acfun.cn/newUpload/29493245_980e56a85587473a82c7499c2ed115cb.png?imageslim,AcFun,三日榜,three-days,hotlist,,2026-09-25 05:20:17
49,发怒了好多次哈哈哈哈，最后一遍最好！,,1388,https://www.acfun.cn/v/ac48867030,https://tx-free-imgs.acfun.cn/newUpload/16380981_8a800edc429e47809b3a0e69ec22c530.jpg?imageslim,AcFun,三日榜,three-days,hotlist,,2026-09-25 05:20:17
50,只有刀鸣最小丑？各大游戏千年血战联动盘点！,300英雄的含金量还在上升,1864,https://www.acfun.cn/v/ac48869154,https://tx-free-imgs.acfun.cn/newUpload/247671_7d920e56c00e4af39fed560bf094f965.jpeg?imageslim,AcFun,三日榜,three-days,hotlist,,2026-09-25 05:20:17
1,剑戟战斗的巅峰 关卡内容的洼地 偏科严重的《鬼武者：剑之道》,它给人爽的部分是真的爽，但是在每次爽之前，你得堵不少马桶，先生。,4372,https://www.acfun.cn/v/ac48859506,https://tx-free-imgs.acfun.cn/newUpload/934542_5d98ad80ca9c4307b5cdc2051c11cb50.jpeg?imageslim,AcFun,周榜,week,hotlist,,2026-09-25 05:20:17
2,【写真】ol穿搭,,10381,https://www.acfun.cn/v/ac48856919,https://tx-free-imgs.acfun.cn/newUpload/3540234_86355333f0d94a46842be6ec42cca369.jpg?imageslim,AcFun,周榜,week,hotlist,,2026-09-25 05:20:17
3,跳最开心的一集,,3936,https://www.acfun.cn/v/ac48860571,https://tx-free-imgs.acfun.cn/newUpload/50330447_79a3f269514140c29e7a85fb7c9dc94c.jpg?imageslim,AcFun,周榜,week,hotlist,,2026-09-25 05:20:17
4,是谁点的小恶魔，蕉出来～,,5006,https://www.acfun.cn/v/ac48867778,https://tx-free-imgs.acfun.cn/newUpload/17062172_6098fee67d1748e0ab5dab3b5665736c.jpg?imageslim,AcFun,周榜,week,hotlist,,2026-09-25 05:20:17
5,喜欢哪套？,,6506,https://www.acfun.cn/v/ac48861422,https://tx-free-imgs.acfun.cn/newUpload/3540234_729e0d22251f439da3735f26e58d174f.jpg?imageslim,AcFun,周榜,week,hotlist,,2026-09-25 05:20:17
6,过期JK碎碎念！,家人们记得蕉一蕉捏 啾咪,5776,https://www.acfun.cn/v/ac48859219,https://tx-free-imgs.acfun.cn/newUpload/17062172_5dd6ea8b5f2741ff87f0911db6dfb909.jpg?imageslim,AcFun,周榜,week,hotlist,,2026-09-25 05:20:17
7,开学对各省舍友的刻板印象,,4184,https://www.acfun.cn/v/ac48857410,https://tx-free-imgs.acfun.cn/newUpload/13114172_24dabc4c47ec46458d7cdfcc1cd2ee88.jpeg?imageslim,AcFun,周榜,week,hotlist,,2026-09-25 05:20:17
8,优雅永不过时！！！★手机竖屏2007★,审核大大辛苦了！<br/>谢谢每一个投蕉的帅哥美女！香蕉没有来个赞也好啊！<br/>视频来自快手等平台，侵权联系删除！,4323,https://www.acfun.cn/v/ac48855173,https://tx-free-imgs.acfun.cn/newUpload/2176158_d6d6aa7bbc494ad4bd0950cc58784963.gif?imageslim,AcFun,周榜,week,hotlist,,2026-09-25 05:20:17
9,《动物迷惑行为大赏325》,喜欢请投蕉啊 谢谢啦！,2608,https://www.acfun.cn/v/ac48861293,https://tx-free-imgs.acfun.cn/newUpload/1342385_03080470038d444a95ce01ff6a6aeb9f.jpeg?imageslim,AcFun,周榜,week,hotlist,,2026-09-25 05:20:17
10,《动物游戏行为图鉴》,喜欢请投蕉啊 谢谢啦！,2721,https://www.acfun.cn/v/ac48857450,https://tx-free-imgs.acfun.cn/newUpload/1342385_485bc20a4c164df2928409b209fa9afc.jpeg?imageslim,AcFun,周榜,week,hotlist,,2026-09-25 05:20:17
11,双马尾小女仆带来的情绪摇～,,3915,https://www.acfun.cn/v/ac48861966,https://tx-free-imgs.acfun.cn/newUpload/11361784_8cee0402b4754b1e82f85b7099791793.jpg?imageslim,AcFun,周榜,week,hotlist,,2026-09-25 05:20:17
12,帮Acer问一下，地址在哪里？欢乐八点档-1779,审核大大辛苦了！<br/>免费的香蕉投一下吧，没有那就点个赞吧，这对我来说很重要，谢谢！！！<br/>谢谢每一个投蕉的帅哥美女！你们是我坚持更新的动力！<br/>视频来自快手等平台，侵权联系删除！,4402,https://www.acfun.cn/v/ac48863633,https://tx-free-imgs.acfun.cn/newUpload/2176158_ff69c3c797d5414e8056b329918cc5b6.gif?imageslim,AcFun,周榜,week,hotlist,,2026-09-25 05:20:17
13,【绘图过程】《海边》6周年纪念插图过程,6周年纪念插图挂画（预售）、沙滩巾（预售），阿宝已上架,3231,https://www.acfun.cn/v/ac48836990,https://tx-free-imgs.acfun.cn/newUpload/179922_9f95aba039e84f3594c3947b3c8fdd58.jpeg?imageslim,AcFun,周榜,week,hotlist,,2026-09-25 05:20:17
14,人间琴悠扬，姑娘把谁记心上～,,2685,https://www.acfun.cn/v/ac48863143,https://tx-free-imgs.acfun.cn/newUpload/50330447_938d77716a11477e843914663278ff07.jpg?imageslim,AcFun,周榜,week,hotlist,,2026-09-25 05:20:17
15,还是少妇会的多啊！★手机竖屏2011★,审核大大辛苦了！<br/>谢谢每一个投蕉的帅哥美女！香蕉没有来个赞也好啊！<br/>视频来自快手等平台，侵权联系删除！,5044,https://www.acfun.cn/v/ac48864360,https://tx-free-imgs.acfun.cn/newUpload/2176158_3d4f199fd93640468e543b9ee25ac4c0.gif?imageslim,AcFun,周榜,week,hotlist,,2026-09-25 05:20:17
16,《野生动物迷惑行为》,喜欢请投蕉啊   谢谢啦！,2635,https://www.acfun.cn/v/ac48868360,https://tx-free-imgs.acfun.cn/newUpload/1342385_3fab348c538e4c0fa001871a708fe302.jpeg?imageslim,AcFun,周榜,week,hotlist,,2026-09-25 05:20:17
17,漫威金刚狼深陷争议！SweetBaby又毁一款？【绅批】,这算是DEI的历史遗留问题了，所有现在已经从sweetbaby离职的人，只要参与过游戏制作也会被署名（比如桥本和真）,2725,https://www.acfun.cn/v/ac48868810,https://tx-free-imgs.acfun.cn/newUpload/526850_ca1da1572b1d494a93e2f6bab46cf76b.jpeg?imageslim,AcFun,周榜,week,hotlist,,2026-09-25 05:20:17
18,钓鱼佬是真会享受！欢乐八点档-1777,审核大大辛苦了！<br/>免费的香蕉投一下吧，没有那就点个赞吧，这对我来说很重要，谢谢！！！<br/>谢谢每一个投蕉的帅哥美女！你们是我坚持更新的动力！<br/>视频来自快手等平台，侵权联系删除！,4570,https://www.acfun.cn/v/ac48858969,https://tx-free-imgs.acfun.cn/newUpload/2176158_c9d74d926c4c4d709a4b6b7769dffcca.gif?imageslim,AcFun,周榜,week,hotlist,,2026-09-25 05:20:17
19,网络上常见的热门短视频集锦   第三千四百三十八期,审核大大辛苦了！<br/>谢谢每一个投蕉的帅哥美女！香蕉没有来个赞也好啊！<br/>视频来自快手等平台，侵权联系删除！,4410,https://www.acfun.cn/v/ac48858394,https://tx-free-imgs.acfun.cn/newUpload/2176158_38174e72af934b9e86687045b01f0dd3.gif?imageslim,AcFun,周榜,week,hotlist,,2026-09-25 05:20:17
20,一波还未平息一波又来侵袭！★手机竖屏2010★,审核大大辛苦了！<br/>谢谢每一个投蕉的帅哥美女！香蕉没有来个赞也好啊！<br/>视频来自快手等平台，侵权联系删除！,4703,https://www.acfun.cn/v/ac48862013,https://tx-free-imgs.acfun.cn/newUpload/2176158_c4802142afc14d50b2cd775e67890cca.gif?imageslim,AcFun,周榜,week,hotlist,,2026-09-25 05:20:17
21,mr chu!!好怀念这首歌,,1956,https://www.acfun.cn/v/ac48869375,https://tx-free-imgs.acfun.cn/newUpload/16380981_19592eb83a88429695ee1a0508fc3df0.png?imageslim,AcFun,周榜,week,hotlist,,2026-09-25 05:20:17
22,魔兽无限服禁金团引爆社区！但原教旨主义玩家才是最抽象的？【绅批】,所谓“严厉处罚“”顶格也就是封号，会根据情况由短至长，当然能不能具体实行就是另一回事了,3062,https://www.acfun.cn/v/ac48857248,https://tx-free-imgs.acfun.cn/newUpload/526850_b63f9e2a1bd04c38ac3c61257e0b87dd.jpeg?imageslim,AcFun,周榜,week,hotlist,,2026-09-25 05:20:17
23,还是少妇会啊！！！★手机竖屏2009★,审核大大辛苦了！<br/>谢谢每一个投蕉的帅哥美女！香蕉没有来个赞也好啊！<br/>视频来自快手等平台，侵权联系删除！,4843,https://www.acfun.cn/v/ac48859515,https://tx-free-imgs.acfun.cn/newUpload/2176158_d4e9e6e30f4446319f9e720adfe35ef9.gif?imageslim,AcFun,周榜,week,hotlist,,2026-09-25 05:20:17
24,你们内外皆钢，而我们化身钢铁！【达奇】战锤40K故事内容,感谢下巴老师对视频内容的支持与完善,2128,https://www.acfun.cn/v/ac48856443,https://tx-free-imgs.acfun.cn/newUpload/346807_7f5f779958dd4d6986f60021118423da.jpeg?imageslim,AcFun,周榜,week,hotlist,,2026-09-25 05:20:17
25,【AC娘】琵琶曲,原作者：Kotte Animation<br/>还有瑕疵，看个乐吧,3063,https://www.acfun.cn/v/ac48864492,https://tx-free-imgs.acfun.cn/newUpload/41729435_02cbd995b6d54f508eb21d3cb8621903.jpeg?imageslim,AcFun,周榜,week,hotlist,,2026-09-25 05:20:17
26,25年了，回坊天花板小酥肉，还是那个味儿,记忆中的味道，回来了，都回来了……<br/>一口椒麻一口鲜，大口吃肉，配上热腾腾的米饭，绝了。<br/>素三鲜也是无敌的存在！,2492,https://www.acfun.cn/v/ac48865538,https://tx-free-imgs.acfun.cn/newUpload/13765438_9bc4a0abf32a4c1aa3e83c844de84649.jpeg?imageslim,AcFun,周榜,week,hotlist,,2026-09-25 05:20:17
27,海洋公园一定要去啊！欢乐八点档-1776,审核大大辛苦了！<br/>免费的香蕉投一下吧，没有那就点个赞吧，这对我来说很重要，谢谢！！！<br/>谢谢每一个投蕉的帅哥美女！你们是我坚持更新的动力！<br/>视频来自快手等平台，侵权联系删除！,4462,https://www.acfun.cn/v/ac48856824,https://tx-free-imgs.acfun.cn/newUpload/2176158_3406d07fb97f486893aedb108728c2ec.gif?imageslim,AcFun,周榜,week,hotlist,,2026-09-25 05:20:17
28,拳击好啊，拳击得学！欢乐八点档-1781,审核大大辛苦了！<br/>免费的香蕉投一下吧，没有那就点个赞吧，这对我来说很重要，谢谢！！！<br/>谢谢每一个投蕉的帅哥美女！你们是我坚持更新的动力！<br/>视频来自快手等平台，侵权联系删除！,3925,https://www.acfun.cn/v/ac48868336,https://tx-free-imgs.acfun.cn/newUpload/2176158_3f6c601293a54468bae97f781440217b.gif?imageslim,AcFun,周榜,week,hotlist,,2026-09-25 05:20:17
29,你的拳头真是肥嘟嘟的...,动漫：心灵的声音，作者：赵石【韩国】,2152,https://www.acfun.cn/v/ac48859870,https://tx-free-imgs.acfun.cn/newUpload/509259_2fa91d5206504450be471808d9c93a22.jpeg?imageslim,AcFun,周榜,week,hotlist,,2026-09-25 05:20:17
30,北京豆汁会惩罚每一个好奇的人！欢乐八点档-1780,审核大大辛苦了！<br/>免费的香蕉投一下吧，没有那就点个赞吧，这对我来说很重要，谢谢！！！<br/>谢谢每一个投蕉的帅哥美女！你们是我坚持更新的动力！<br/>视频来自快手等平台，侵权联系删除！,4344,https://www.acfun.cn/v/ac48865965,https://tx-free-imgs.acfun.cn/newUpload/2176158_ec83e6fb2ffc4005b41881ac13dbaeca.gif?imageslim,AcFun,周榜,week,hotlist,,2026-09-25 05:20:17
31,这个一字马技术含量很高啊！欢乐八点档-1778,审核大大辛苦了！<br/>免费的香蕉投一下吧，没有那就点个赞吧，这对我来说很重要，谢谢！！！<br/>谢谢每一个投蕉的帅哥美女！你们是我坚持更新的动力！<br/>视频来自快手等平台，侵权联系删除！,4334,https://www.acfun.cn/v/ac48861225,https://tx-free-imgs.acfun.cn/newUpload/2176158_0824627cb76d40dc99ce9cb12c07e4cc.gif?imageslim,AcFun,周榜,week,hotlist,,2026-09-25 05:20:17
32,网络上常见的热门短视频集锦   第三千四百四十一期,审核大大辛苦了！<br/>谢谢每一个投蕉的帅哥美女！香蕉没有来个赞也好啊！<br/>视频来自快手等平台，侵权联系删除！,4141,https://www.acfun.cn/v/ac48862019,https://tx-free-imgs.acfun.cn/newUpload/2176158_6e5a88d95f344d92a8d97a57f03ac4b9.gif?imageslim,AcFun,周榜,week,hotlist,,2026-09-25 05:20:17
33,网络上常见的热门短视频集锦   第三千四百四十五期,审核大大辛苦了！<br/>谢谢每一个投蕉的帅哥美女！香蕉没有来个赞也好啊！<br/>视频来自快手等平台，侵权联系删除！,3814,https://www.acfun.cn/v/ac48866824,https://tx-free-imgs.acfun.cn/newUpload/2176158_dba921eb42f14c7ba31a1af83bfe71ce.gif?imageslim,AcFun,周榜,week,hotlist,,2026-09-25 05:20:17
34,【柯基】《九一八》｜黄自,,1774,https://www.acfun.cn/v/ac48855665,https://tx-free-imgs.acfun.cn/newUpload/29493245_98e6396080ff45c6aabd437a73b80398.png?imageslim,AcFun,周榜,week,hotlist,,2026-09-25 05:20:17
35,琵琶曲丨夜神月 VS  L,原曲：琵琶曲,2196,https://www.acfun.cn/v/ac48861693,https://tx-free-imgs.acfun.cn/newUpload/16986934_3bf4dd94910c4845acf851f7f0fdb757.jpeg?imageslim,AcFun,周榜,week,hotlist,,2026-09-25 05:20:17
36,空中瑜伽！！！★手机竖屏2012★,审核大大辛苦了！<br/>谢谢每一个投蕉的帅哥美女！香蕉没有来个赞也好啊！<br/>视频来自快手等平台，侵权联系删除！,4277,https://www.acfun.cn/v/ac48866821,https://tx-free-imgs.acfun.cn/newUpload/2176158_610807af48f5463a891fc9f341c9b16f.gif?imageslim,AcFun,周榜,week,hotlist,,2026-09-25 05:20:17
37,我真的是来吃饭的！★手机竖屏2013★,审核大大辛苦了！<br/>谢谢每一个投蕉的帅哥美女！香蕉没有来个赞也好啊！<br/>视频来自快手等平台，侵权联系删除！,3249,https://www.acfun.cn/v/ac48869145,https://tx-free-imgs.acfun.cn/newUpload/2176158_eb4b69370b8f435aa2b171e72403d356.gif?imageslim,AcFun,周榜,week,hotlist,,2026-09-25 05:20:17
38,网络上常见的热门短视频集锦   第三千四百三十九期,审核大大辛苦了！<br/>谢谢每一个投蕉的帅哥美女！香蕉没有来个赞也好啊！<br/>视频来自快手等平台，侵权联系删除！,4004,https://www.acfun.cn/v/ac48859518,https://tx-free-imgs.acfun.cn/newUpload/2176158_13f61f1aa39c4732bdaeed87fe0e28a4.gif?imageslim,AcFun,周榜,week,hotlist,,2026-09-25 05:20:17
39,厨师长教你：“鱼香肉丝”的家常做法，酸甜微辣，口感丰富,,1958,https://www.acfun.cn/v/ac48867741,https://tx-free-imgs.acfun.cn/newUpload/13274260_93e68d1098d04ffca2683655a6a404c2.jpeg?imageslim,AcFun,周榜,week,hotlist,,2026-09-25 05:20:17
40,一天生产500万个！速冻水饺是如何制造出来的？,,2144,https://www.acfun.cn/v/ac48859253,https://tx-free-imgs.acfun.cn/newUpload/19281632_57f07fe28e24422d948491fd2d43586c.jpeg?imageslim,AcFun,周榜,week,hotlist,,2026-09-25 05:20:17
41,今天你不能嫁出去【今天有什么好笑的 #2514】,：)，谢谢大家，祝你们开心。<br/>wallpaper壁纸：Fading Astronaut 5K (update)<br/>BGM：I Want It That Way,2831,https://www.acfun.cn/v/ac48865864,https://tx-free-imgs.acfun.cn/newUpload/383079_ee4f5f7badf74f05a2ef6c691387f327.gif?imageslim,AcFun,周榜,week,hotlist,,2026-09-25 05:20:17
42,单纯的约会（92）,,1810,https://www.acfun.cn/v/ac48857199,https://tx-free-imgs.acfun.cn/newUpload/74706824_a3a60d77e6934225b168686e44216c4b.png?imageslim,AcFun,周榜,week,hotlist,,2026-09-25 05:20:17
43,【东方】推特东方小视频选集 第272期,睡觉睡觉睡觉睡觉睡觉睡觉睡觉睡觉睡觉睡觉……,1376,https://www.acfun.cn/v/ac48858830,https://tx-free-imgs.acfun.cn/newUpload/6102_5a13d6efeec742ff84c512206aaeb7b0.jpeg?imageslim,AcFun,周榜,week,hotlist,,2026-09-25 05:20:17
44,甜妹来袭！,,2137,https://www.acfun.cn/v/ac48863947,https://tx-free-imgs.acfun.cn/newUpload/12439728_1fd5a3c6e60241a1a1cd8f89dbede769.png?imageslim,AcFun,周榜,week,hotlist,,2026-09-25 05:20:17
45,网络上常见的热门短视频集锦   第三千四百三十六期,审核大大辛苦了！<br/>谢谢每一个投蕉的帅哥美女！香蕉没有来个赞也好啊！<br/>视频来自快手等平台，侵权联系删除！,3945,https://www.acfun.cn/v/ac48856130,https://tx-free-imgs.acfun.cn/newUpload/2176158_4b41dc501581491e9b900fd0a1662e27.gif?imageslim,AcFun,周榜,week,hotlist,,2026-09-25 05:20:17
46,网络上常见的热门短视频集锦   第三千四百四十三期,审核大大辛苦了！<br/>谢谢每一个投蕉的帅哥美女！香蕉没有来个赞也好啊！<br/>视频来自快手等平台，侵权联系删除！,3556,https://www.acfun.cn/v/ac48864363,https://tx-free-imgs.acfun.cn/newUpload/2176158_dfef22dbf6934a15a594e5766b8680ca.gif?imageslim,AcFun,周榜,week,hotlist,,2026-09-25 05:20:17
47,嘞个就是爱情【今天有什么好笑的 #2512】,：），谢谢大家的投蕉和点赞，祝你开心愉快~<br/>wallpaper壁纸：lamp<br/>BGM：What a Feeling,2427,https://www.acfun.cn/v/ac48860992,https://tx-free-imgs.acfun.cn/newUpload/383079_172d192fee55441c96b7352f61e0a25f.gif?imageslim,AcFun,周榜,week,hotlist,,2026-09-25 05:20:17
48,因为害怕被讨厌 所以把自己藏起来了,,1841,https://www.acfun.cn/v/ac48871331,https://tx-free-imgs.acfun.cn/newUpload/11361784_3d4bd69b46f541e184c2922c24f09276.jpg?imageslim,AcFun,周榜,week,hotlist,,2026-09-25 05:20:17
49,网络上常见的热门短视频集锦   第三千四百三十七期,审核大大辛苦了！<br/>谢谢每一个投蕉的帅哥美女！香蕉没有来个赞也好啊！<br/>视频来自快手等平台，侵权联系删除！,3645,https://www.acfun.cn/v/ac48857544,https://tx-free-imgs.acfun.cn/newUpload/2176158_65f1d403dce7484b8d62b6f272bdbe31.gif?imageslim,AcFun,周榜,week,hotlist,,2026-09-25 05:20:17
50,网络上常见的热门短视频集锦   第三千四百四十四期,审核大大辛苦了！<br/>谢谢每一个投蕉的帅哥美女！香蕉没有来个赞也好啊！<br/>视频来自快手等平台，侵权联系删除！,3485,https://www.acfun.cn/v/ac48865021,https://tx-free-imgs.acfun.cn/newUpload/2176158_663463f1e6004dc2b4dea153d1e60c05.gif?imageslim,AcFun,周榜,week,hotlist,,2026-09-25 05:20:17
1,《野生动物迷惑行为》,喜欢请投蕉啊   谢谢啦！,2649,https://www.acfun.cn/v/ac48868360,https://tx-free-imgs.acfun.cn/newUpload/1342385_3fab348c538e4c0fa001871a708fe302.jpeg?imageslim,AcFun,日榜,day,hotlist,,2026-09-25 06:20:53
2,我真的是来吃饭的！★手机竖屏2013★,审核大大辛苦了！<br/>谢谢每一个投蕉的帅哥美女！香蕉没有来个赞也好啊！<br/>视频来自快手等平台，侵权联系删除！,3267,https://www.acfun.cn/v/ac48869145,https://tx-free-imgs.acfun.cn/newUpload/2176158_eb4b69370b8f435aa2b171e72403d356.gif?imageslim,AcFun,日榜,day,hotlist,,2026-09-25 06:20:53
3,因为害怕被讨厌 所以把自己藏起来了,,1868,https://www.acfun.cn/v/ac48871331,https://tx-free-imgs.acfun.cn/newUpload/11361784_3d4bd69b46f541e184c2922c24f09276.jpg?imageslim,AcFun,日榜,day,hotlist,,2026-09-25 06:20:53
4,姛姛？！蝴蝶耳机Manget中文翻唱【箐羽Hane】x【缇若柯Teivoc】,“是否你确实表里如一淡然，还是说你——并不似我贪婪？”<br/>《Manget》磁石 / 蝴蝶耳机 - 中文翻唱<br/>原作作曲 / 流星P<br/>曲绘&翻唱 / 箐羽hane & 缇若柯Teivoc<br/>中文填词 / 果汁凉菜<br/>混音 / 风尘<br/>和笋笋一起唱了我们二次元姛神曲！曲绘也是我和笋笋每个人负责了自己的部分最后再拼到一起的！真好！( *^ ^)o(^ ^* )希望大家也能喜欢！,1334,https://www.acfun.cn/v/ac48869340,https://tx-free-imgs.acfun.cn/newUpload/67511609_d868cdbd6b1849e8958696cdc9db1493.jpeg?imageslim,AcFun,日榜,day,hotlist,,2026-09-25 06:20:53
5,网络上常见的热门短视频集锦   第三千四百四十八期,审核大大辛苦了！<br/>谢谢每一个投蕉的帅哥美女！香蕉没有来个赞也好啊！<br/>视频来自快手等平台，侵权联系删除！,2707,https://www.acfun.cn/v/ac48870020,https://tx-free-imgs.acfun.cn/newUpload/2176158_d65e54f4e9ee489b86b6fc28c31c84ee.gif?imageslim,AcFun,日榜,day,hotlist,,2026-09-25 06:20:53
6,这样的学姐喜欢吗？欢乐八点档-1782,审核大大辛苦了！<br/>免费的香蕉投一下吧，没有那就点个赞吧，这对我来说很重要，谢谢！！！<br/>谢谢每一个投蕉的帅哥美女！你们是我坚持更新的动力！<br/>视频来自快手等平台，侵权联系删除！,2151,https://www.acfun.cn/v/ac48870057,https://tx-free-imgs.acfun.cn/newUpload/2176158_4c1f3b60f73e451abc443941d47305d8.gif?imageslim,AcFun,日榜,day,hotlist,,2026-09-25 06:20:53
7,网络上常见的热门短视频集锦   第三千四百四十七期,审核大大辛苦了！<br/>谢谢每一个投蕉的帅哥美女！香蕉没有来个赞也好啊！<br/>视频来自快手等平台，侵权联系删除！,2618,https://www.acfun.cn/v/ac48869149,https://tx-free-imgs.acfun.cn/newUpload/2176158_fdf9afe2e00a4a1aa62415c846776eaf.gif?imageslim,AcFun,日榜,day,hotlist,,2026-09-25 06:20:53
8,老板直聘（89）,,1432,https://www.acfun.cn/v/ac48868552,https://tx-free-imgs.acfun.cn/newUpload/74706824_db2c7ba15c5d4aa18872db6b0763b7ca.jpeg?imageslim,AcFun,日榜,day,hotlist,,2026-09-25 06:20:53
9,我要冲会员【今天有什么好笑的 #2516】,：），谢谢大家的投蕉和点赞，祝你开心愉快~<br/>wallpaper壁纸：Reze | Chainsaw Man<br/>BGM：Nicoleta Matei - Love mail<br/>,1877,https://www.acfun.cn/v/ac48870763,https://tx-free-imgs.acfun.cn/newUpload/383079_47b0fc3f458042f5bd3717967e55c598.gif?imageslim,AcFun,日榜,day,hotlist,,2026-09-25 06:20:53
10,奥迪“宫斗”十年大结局？一汽拿四环，上汽拿AUDI,一汽奥迪和上汽奥迪“宫斗”了十年，终于要划下句号了？,1354,https://www.acfun.cn/v/ac48870981,https://tx-free-imgs.acfun.cn/newUpload/13630266_3fde785be5a2411495618f67d01ab66a.jpeg?imageslim,AcFun,日榜,day,hotlist,,2026-09-25 06:20:53
11,发个friend圈,,1299,https://www.acfun.cn/v/ac48863958,https://tx-free-imgs.acfun.cn/newUpload/12439728_b44cb67ae45a4c179b08227368f4159c.png?imageslim,AcFun,日榜,day,hotlist,,2026-09-25 06:20:53
12,沦陷️,歌曲舞蹈：沦陷dj版-星奇摇   动作有改编,1317,https://www.acfun.cn/v/ac48869381,https://tx-free-imgs.acfun.cn/newUpload/12229455_aacf9da97a0940ad8e5f0b509d9cc159.jpeg?imageslim,AcFun,日榜,day,hotlist,,2026-09-25 06:20:53
13,在英国差点被上门诈骗,可能看到我一人在家，就大胆敲门了，还好平常也会注意周边邻居，没发生什么事儿，这个金额就算被骗也不会报警，以后还是要小心一些了。#英国日常#vlog,1227,https://www.acfun.cn/v/ac48869505,https://tx-free-imgs.acfun.cn/newUpload/43181603_1c8c6c487a864d098b5e7e7bf2a12c6a.jpg?imageslim,AcFun,日榜,day,hotlist,,2026-09-25 06:20:53
14,【东方】QUEEN【蕾米莉亚 Miy Ver. MMD】,作者：やくも<br/><br/>楽曲:Kanaria 様→https://www.nicovideo.jp/watch/sm4088...<br/>振付:AKIRA様<br/>モーション:P-nez 様→https://www.nicovideo.jp/watch/sm4350...<br/>カメラ:Mizuha様→https://www.nicovideo.jp/watch/sm4353...<br/>モデル:MIy様<br/>ステージ:栗ごはん様<br/>アクセサリ:アスカ様,1045,https://www.acfun.cn/v/ac48870080,https://tx-free-imgs.acfun.cn/newUpload/6102_6a4dce20c9b74fa0bbdff3ccc0a73c5d.png?imageslim,AcFun,日榜,day,hotlist,,2026-09-25 06:20:53
15,【AI】今晚的期待,Comfyui,1270,https://www.acfun.cn/v/ac48870865,https://tx-free-imgs.acfun.cn/newUpload/14047168_02bac6c1158f4e108536124c7239e472.jpeg?imageslim,AcFun,日榜,day,hotlist,,2026-09-25 06:20:53
16,【无字幕】《JOJO的奇妙冒险 飙马野郎 》Part 2 NCOP「SPIN」,,861,https://www.acfun.cn/v/ac48869632,https://tx-free-imgs.acfun.cn/newUpload/30501027_aae616c323af422bb4da842c191d69ce.png?imageslim,AcFun,日榜,day,hotlist,,2026-09-25 06:20:53
17,坚持跳舞8年改变了什么？《千里邀月》2018vs2026【紫嘉儿】,中秋快乐！没想到8年前的编舞每年这个时候都有很多翻跳，一起用舞蹈记录下美好时光吧！,1107,https://www.acfun.cn/v/ac48870585,https://tx-free-imgs.acfun.cn/newUpload/1161851_851c52555ace464f98231f30a167eedd.png?imageslim,AcFun,日榜,day,hotlist,,2026-09-25 06:20:53
18,"长手打短手？2万分王者局！快速看完一局韩服王者斗殴局#836 十三day, Eclipse,","长手打短手？2万分王者局！快速看完一局韩服王者斗殴局#836 十三day, Eclipse, 0909, Lelitz, 1Jiang <br/>BGM:https://music.163.com/playlist?id=650818240&userid=30476594",1252,https://www.acfun.cn/v/ac48863751,https://tx-free-imgs.acfun.cn/newUpload/1378726_792b017ff72e4ed49b05fe8e1e24f6e4.jpeg?imageslim,AcFun,日榜,day,hotlist,,2026-09-25 06:20:53
19,这套皮肤真的很喜欢,,1072,https://www.acfun.cn/v/ac48871657,https://tx-free-imgs.acfun.cn/newUpload/16380981_ac9640e59a3a42e093fcee0a0b81d474.jpg?imageslim,AcFun,日榜,day,hotlist,,2026-09-25 06:20:53
20,【AI】小妈裙~chocolate cream,Comfyui,1252,https://www.acfun.cn/v/ac48870861,https://tx-free-imgs.acfun.cn/newUpload/14047168_efd2bae7c6184b3b89e82abfaadf0fb3.jpeg?imageslim,AcFun,日榜,day,hotlist,,2026-09-25 06:20:53
21,好像只能礼貌的问候~,,1098,https://www.acfun.cn/v/ac48871365,https://tx-free-imgs.acfun.cn/newUpload/43459034_4572f98756df48b0bc9c323cdc49a8d2.jpg?imageslim,AcFun,日榜,day,hotlist,,2026-09-25 06:20:53
22,【绝望女神/翻唱】【星际牛仔ED The Real Folk Blues】,想听啥情继续评论回复~,757,https://www.acfun.cn/v/ac48871323,https://tx-free-imgs.acfun.cn/newUpload/20705199_0be8deafcbb34bdb9f17523c5bc95087.jpeg?imageslim,AcFun,日榜,day,hotlist,,2026-09-25 06:20:53
23,少女机甲+空投轰炸？是什么神仙组合？,到底是一款什么样的机甲游戏，上线快3年还保持着特别好评？虽然是机甲美少女的设定，但是操作的是厚重质感的硬核机甲，这种硬核操作的感觉让人越玩越上头，今天来跟大家聊聊这款游戏《铁骑少女》。<br/>最近我一直期待的第三个DLC金盏花也是要上线了，这次DLC的核心新玩法，就是机甲“搜打撤”的模式。和本体死守基地的玩法不一样，这次整体的游玩思路都变了~,1090,https://www.acfun.cn/v/ac48871337,https://tx-free-imgs.acfun.cn/newUpload/61352468_77bf0ab03cd34fefa1d5530aca003edb.jpeg?imageslim,AcFun,日榜,day,hotlist,,2026-09-25 06:20:53
24,【翻唱】鬼ノ宴,本家様<br/>友成空様<br/>【鬼ノ宴】<br/>•友成空(TOMONARI SORA) -   鬼ノ宴   ［Lyric Video］<br/>https://www.youtube.com/watch?v=NFzyrPK9rtM,1027,https://www.acfun.cn/v/ac48871180,https://tx-free-imgs.acfun.cn/newUpload/10144864_a75eddb97ea048b59fef6aaea5d4478f.jpeg?imageslim,AcFun,日榜,day,hotlist,,2026-09-25 06:20:53
25,记录2023年6月份在台上开心的表演lamb的我,,1116,https://www.acfun.cn/v/ac48871344,https://tx-free-imgs.acfun.cn/newUpload/16380981_00755d93042647bcb6f29a19da53e590.png?imageslim,AcFun,日榜,day,hotlist,,2026-09-25 06:20:53
26,下班后跳一段恋爱的条件～,,1029,https://www.acfun.cn/v/ac48871308,https://tx-free-imgs.acfun.cn/newUpload/43459034_9aa96c2a93884a3891b73b05298d8521.jpg?imageslim,AcFun,日榜,day,hotlist,,2026-09-25 06:20:53
27,T-ARA So Crazy,,1354,https://www.acfun.cn/v/ac48869387,https://tx-free-imgs.acfun.cn/newUpload/795184_e0ad411d1b844c569dc376c0b45f763c.jpeg?imageslim,AcFun,日榜,day,hotlist,,2026-09-25 06:20:53
28,吃！给我吃！【鬼ノ宴翻唱】,,1050,https://www.acfun.cn/v/ac48871186,https://tx-free-imgs.acfun.cn/newUpload/10144864_ee78f4d0678d414f9ce18c29231cf17a.jpeg?imageslim,AcFun,日榜,day,hotlist,,2026-09-25 06:20:53
29,【黒碳】ライトダンス - サカナクション【生日作】【翻唱】,本家:サカナクション ; 翻唱: 黒碳Kurotan; 后期: 黒碳Kurotan; 曲绘: 黒碳Kurotan; PV: 黒碳Kurotan以及十分牛杯的網站：https://pv.pixjam.cn/ 背景是用這個做的!! 狠狠趕工終於做完了 好感動,1059,https://www.acfun.cn/v/ac48869560,https://tx-free-imgs.acfun.cn/newUpload/13707663_f611642aa87b4dab9a8d8a6beb7ace77.jpeg?imageslim,AcFun,日榜,day,hotlist,,2026-09-25 06:20:53
30,BR66型蒸汽机车 trix越来越垃圾了！尤其是垃圾会员车，一个比一个烂！这一次终于拉了一坨更大的！,,627,https://www.acfun.cn/v/ac48871197,https://tx-free-imgs.acfun.cn/newUpload/66128753_8563c2ab24aa4a2289e52500bc42f1f1.png?imageslim,AcFun,日榜,day,hotlist,,2026-09-25 06:20:53
31,AOA-猫步轻俏,,1201,https://www.acfun.cn/v/ac48869298,https://tx-free-imgs.acfun.cn/newUpload/795184_6cc9a8a9e54144c3b69380546963be9b.jpeg?imageslim,AcFun,日榜,day,hotlist,,2026-09-25 06:20:53
32,【AI】山间竹林仙子,Comfyui,1069,https://www.acfun.cn/v/ac48870853,https://tx-free-imgs.acfun.cn/newUpload/14047168_20afdd6955bd44a9a04b0629aecb5ad1.jpeg?imageslim,AcFun,日榜,day,hotlist,,2026-09-25 06:20:53
33,如果是机器人女友，怎么哄男朋友呢？！,,1144,https://www.acfun.cn/v/ac48870116,https://tx-free-imgs.acfun.cn/newUpload/17928_330fc95b89c04eda831570be0a48cb0e.png?imageslim,AcFun,日榜,day,hotlist,,2026-09-25 06:20:53
34,三角洲行动：威力巨大的巴雷特狙击步枪，一枪毙命就是爽,反器材不行，还是来反步兵吧。,500,https://www.acfun.cn/v/ac48869561,https://tx-free-imgs.acfun.cn/newUpload/11602352_67012a71c8e64cb59ea80b622bb985f2.jpeg?imageslim,AcFun,日榜,day,hotlist,,2026-09-25 06:20:53
35,偶遇杀手莲子,,1105,https://www.acfun.cn/v/ac48869299,https://tx-free-imgs.acfun.cn/newUpload/71220423_889894cc6b094cc9b583de3b2598cd68.jpeg?imageslim,AcFun,日榜,day,hotlist,,2026-09-25 06:20:53
36,绿梦：时空之声公测定档！公测版本全面优化！,绿梦：时空之声公测定档！公测版本全面优化！,1147,https://www.acfun.cn/v/ac48871268,https://tx-free-imgs.acfun.cn/newUpload/63104383_33b9de6d951a4ca0b5a7b9dfc2fc748e.gif?imageslim,AcFun,日榜,day,hotlist,,2026-09-25 06:20:53
37,你迟早会背叛我的,,1332,https://www.acfun.cn/v/ac48869570,https://tx-free-imgs.acfun.cn/newUpload/2742252_1977688b66b746918c3e25dd4f72a7b1.jpg?imageslim,AcFun,日榜,day,hotlist,,2026-09-25 06:20:53
38,22.称霸水下四亿年，人类最古老的远房祖先：硬骨鱼总纲,22.称霸水下四亿年，人类最古老的远房祖先：硬骨鱼总纲,882,https://www.acfun.cn/v/ac48871354,https://tx-free-imgs.acfun.cn/newUpload/28933912_40dcb39f039045868ae364582e4a1797.jpeg?imageslim,AcFun,日榜,day,hotlist,,2026-09-25 06:20:53
39,卓哥儿那可是专业杰哥，人群之中七进七出不成问题！,自定义也发？,1036,https://www.acfun.cn/v/ac48871816,https://tx-free-imgs.acfun.cn/newUpload/581357_d49b41a0e554440db6952de719b3f832.jpeg?imageslim,AcFun,日榜,day,hotlist,,2026-09-25 06:20:53
40,【牛子组合】凉凉,世事一场大梦，人生几度秋凉，祝大家26年中秋快乐,799,https://www.acfun.cn/v/ac48870493,https://tx-free-imgs.acfun.cn/newUpload/358616_22f2cb85fdca497ab5cd556c984493d6.png?imageslim,AcFun,日榜,day,hotlist,,2026-09-25 06:20:53
41,小兔-20260923 abracadabra 上下 恋爱的条件 成人礼 晚安吻,,1047,https://www.acfun.cn/v/ac48870476,https://tx-free-imgs.acfun.cn/newUpload/78055394_4dcf7a6688cb4a1994bd96389cc84b38.jpeg?imageslim,AcFun,日榜,day,hotlist,,2026-09-25 06:20:53
42,上线才半年，腾讯养的“龙虾”QClaw，官宣停运了！,,1105,https://www.acfun.cn/v/ac48871074,https://tx-free-imgs.acfun.cn/newUpload/17928_22da7d70ed6749f690e735b0f098a800.png?imageslim,AcFun,日榜,day,hotlist,,2026-09-25 06:20:53
43,【小腐】暧昧回避,夕阳下起舞吧,385,https://www.acfun.cn/v/ac48869652,https://tx-free-imgs.acfun.cn/newUpload/13893173_aae9f2e333b24238961905e095f6c60c.png?imageslim,AcFun,日榜,day,hotlist,,2026-09-25 06:20:53
44,另一版,之前还拍了一版，但是感觉镜头太晃了,420,https://www.acfun.cn/v/ac48871588,https://tx-free-imgs.acfun.cn/newUpload/12954767_f420f9f6197c43d4bb14421c32d81bbb.png?imageslim,AcFun,日榜,day,hotlist,,2026-09-25 06:20:53
45,飒！BABYMONSTER CHIQUITA小姐姐跳《Worth It》,-v -好不好看呢,1062,https://www.acfun.cn/v/ac48870427,https://tx-free-imgs.acfun.cn/newUpload/199029_44d3343f2e3742c780253ef0f9df1a6b.png?imageslim,AcFun,日榜,day,hotlist,,2026-09-25 06:20:53
46,社畜身份不是你精致生活的角色扮演,,599,https://www.acfun.cn/v/ac48871467,https://tx-free-imgs.acfun.cn/newUpload/14013875_ec82a37907ff4565a6f6f6d916bd7117.png?imageslim,AcFun,日榜,day,hotlist,,2026-09-25 06:20:53
47,桢-20260923 abracadabra,,1025,https://www.acfun.cn/v/ac48870552,https://tx-free-imgs.acfun.cn/newUpload/78055394_f7c161e6bccd480f9b8a372dd55c3678.jpeg?imageslim,AcFun,日榜,day,hotlist,,2026-09-25 06:20:53
48,【雀魂汪汪录】第402期 牌没有问题，你们打吧,BGM可以通过网易云搜索【雀魂汪汪录BGM】就可以找到啦！<br/><br/>雀魂汪汪录 周四中午见<br/><br/>微博 @雀魂麻将majsoul<br/><br/>——————————————————————————<br/><br/>想要投稿的玩家~务必请通过邮箱来进行投稿~【请不要在评论区或是私信投稿，谢谢】<br/><br/>邮箱地址：tg@maj-soul.com<br/><br/>投稿最少需要注明【局目、内容、牌谱链接】哦！,915,https://www.acfun.cn/v/ac48868870,https://tx-free-imgs.acfun.cn/newUpload/14265704_e978d1ceac98487a9e811f09bc2d943f.jpeg?imageslim,AcFun,日榜,day,hotlist,,2026-09-25 06:20:53
49,T-ara Bo Peep Bo Peep,,1038,https://www.acfun.cn/v/ac48869397,https://tx-free-imgs.acfun.cn/newUpload/795184_1876bec3bc5d43d6b42da8060c06a34a.jpeg?imageslim,AcFun,日榜,day,hotlist,,2026-09-25 06:20:53
50,重制版 2026年还有人看重制版吗？魔兽争霸xiaoy解说浪漫 kaho,,907,https://www.acfun.cn/v/ac48869843,https://tx-free-imgs.acfun.cn/newUpload/37584199_8b81592540634f919b6c685d31aa555c.jpeg?imageslim,AcFun,日榜,day,hotlist,,2026-09-25 06:20:53
1,是谁点的小恶魔，蕉出来～,,5019,https://www.acfun.cn/v/ac48867778,https://tx-free-imgs.acfun.cn/newUpload/17062172_6098fee67d1748e0ab5dab3b5665736c.jpg?imageslim,AcFun,三日榜,three-days,hotlist,,2026-09-25 06:20:53
2,【绘图过程】《海边》6周年纪念插图过程,6周年纪念插图挂画（预售）、沙滩巾（预售），阿宝已上架,3235,https://www.acfun.cn/v/ac48836990,https://tx-free-imgs.acfun.cn/newUpload/179922_9f95aba039e84f3594c3947b3c8fdd58.jpeg?imageslim,AcFun,三日榜,three-days,hotlist,,2026-09-25 06:20:53
3,还是少妇会的多啊！★手机竖屏2011★,审核大大辛苦了！<br/>谢谢每一个投蕉的帅哥美女！香蕉没有来个赞也好啊！<br/>视频来自快手等平台，侵权联系删除！,5044,https://www.acfun.cn/v/ac48864360,https://tx-free-imgs.acfun.cn/newUpload/2176158_3d4f199fd93640468e543b9ee25ac4c0.gif?imageslim,AcFun,三日榜,three-days,hotlist,,2026-09-25 06:20:53
4,《野生动物迷惑行为》,喜欢请投蕉啊   谢谢啦！,2649,https://www.acfun.cn/v/ac48868360,https://tx-free-imgs.acfun.cn/newUpload/1342385_3fab348c538e4c0fa001871a708fe302.jpeg?imageslim,AcFun,三日榜,three-days,hotlist,,2026-09-25 06:20:53
5,漫威金刚狼深陷争议！SweetBaby又毁一款？【绅批】,这算是DEI的历史遗留问题了，所有现在已经从sweetbaby离职的人，只要参与过游戏制作也会被署名（比如桥本和真）,2732,https://www.acfun.cn/v/ac48868810,https://tx-free-imgs.acfun.cn/newUpload/526850_ca1da1572b1d494a93e2f6bab46cf76b.jpeg?imageslim,AcFun,三日榜,three-days,hotlist,,2026-09-25 06:20:53
6,mr chu!!好怀念这首歌,,1961,https://www.acfun.cn/v/ac48869375,https://tx-free-imgs.acfun.cn/newUpload/16380981_19592eb83a88429695ee1a0508fc3df0.png?imageslim,AcFun,三日榜,three-days,hotlist,,2026-09-25 06:20:53
7,25年了，回坊天花板小酥肉，还是那个味儿,记忆中的味道，回来了，都回来了……<br/>一口椒麻一口鲜，大口吃肉，配上热腾腾的米饭，绝了。<br/>素三鲜也是无敌的存在！,2495,https://www.acfun.cn/v/ac48865538,https://tx-free-imgs.acfun.cn/newUpload/13765438_9bc4a0abf32a4c1aa3e83c844de84649.jpeg?imageslim,AcFun,三日榜,three-days,hotlist,,2026-09-25 06:20:53
8,拳击好啊，拳击得学！欢乐八点档-1781,审核大大辛苦了！<br/>免费的香蕉投一下吧，没有那就点个赞吧，这对我来说很重要，谢谢！！！<br/>谢谢每一个投蕉的帅哥美女！你们是我坚持更新的动力！<br/>视频来自快手等平台，侵权联系删除！,3928,https://www.acfun.cn/v/ac48868336,https://tx-free-imgs.acfun.cn/newUpload/2176158_3f6c601293a54468bae97f781440217b.gif?imageslim,AcFun,三日榜,three-days,hotlist,,2026-09-25 06:20:53
9,北京豆汁会惩罚每一个好奇的人！欢乐八点档-1780,审核大大辛苦了！<br/>免费的香蕉投一下吧，没有那就点个赞吧，这对我来说很重要，谢谢！！！<br/>谢谢每一个投蕉的帅哥美女！你们是我坚持更新的动力！<br/>视频来自快手等平台，侵权联系删除！,4346,https://www.acfun.cn/v/ac48865965,https://tx-free-imgs.acfun.cn/newUpload/2176158_ec83e6fb2ffc4005b41881ac13dbaeca.gif?imageslim,AcFun,三日榜,three-days,hotlist,,2026-09-25 06:20:53
10,网络上常见的热门短视频集锦   第三千四百四十五期,审核大大辛苦了！<br/>谢谢每一个投蕉的帅哥美女！香蕉没有来个赞也好啊！<br/>视频来自快手等平台，侵权联系删除！,3817,https://www.acfun.cn/v/ac48866824,https://tx-free-imgs.acfun.cn/newUpload/2176158_dba921eb42f14c7ba31a1af83bfe71ce.gif?imageslim,AcFun,三日榜,three-days,hotlist,,2026-09-25 06:20:53
11,空中瑜伽！！！★手机竖屏2012★,审核大大辛苦了！<br/>谢谢每一个投蕉的帅哥美女！香蕉没有来个赞也好啊！<br/>视频来自快手等平台，侵权联系删除！,4278,https://www.acfun.cn/v/ac48866821,https://tx-free-imgs.acfun.cn/newUpload/2176158_610807af48f5463a891fc9f341c9b16f.gif?imageslim,AcFun,三日榜,three-days,hotlist,,2026-09-25 06:20:53
12,我真的是来吃饭的！★手机竖屏2013★,审核大大辛苦了！<br/>谢谢每一个投蕉的帅哥美女！香蕉没有来个赞也好啊！<br/>视频来自快手等平台，侵权联系删除！,3267,https://www.acfun.cn/v/ac48869145,https://tx-free-imgs.acfun.cn/newUpload/2176158_eb4b69370b8f435aa2b171e72403d356.gif?imageslim,AcFun,三日榜,three-days,hotlist,,2026-09-25 06:20:53
13,厨师长教你：“鱼香肉丝”的家常做法，酸甜微辣，口感丰富,,1958,https://www.acfun.cn/v/ac48867741,https://tx-free-imgs.acfun.cn/newUpload/13274260_93e68d1098d04ffca2683655a6a404c2.jpeg?imageslim,AcFun,三日榜,three-days,hotlist,,2026-09-25 06:20:53
14,今天你不能嫁出去【今天有什么好笑的 #2514】,：)，谢谢大家，祝你们开心。<br/>wallpaper壁纸：Fading Astronaut 5K (update)<br/>BGM：I Want It That Way,2833,https://www.acfun.cn/v/ac48865864,https://tx-free-imgs.acfun.cn/newUpload/383079_ee4f5f7badf74f05a2ef6c691387f327.gif?imageslim,AcFun,三日榜,three-days,hotlist,,2026-09-25 06:20:53
15,因为害怕被讨厌 所以把自己藏起来了,,1868,https://www.acfun.cn/v/ac48871331,https://tx-free-imgs.acfun.cn/newUpload/11361784_3d4bd69b46f541e184c2922c24f09276.jpg?imageslim,AcFun,三日榜,three-days,hotlist,,2026-09-25 06:20:53
16,网络上常见的热门短视频集锦   第三千四百四十三期,审核大大辛苦了！<br/>谢谢每一个投蕉的帅哥美女！香蕉没有来个赞也好啊！<br/>视频来自快手等平台，侵权联系删除！,3556,https://www.acfun.cn/v/ac48864363,https://tx-free-imgs.acfun.cn/newUpload/2176158_dfef22dbf6934a15a594e5766b8680ca.gif?imageslim,AcFun,三日榜,three-days,hotlist,,2026-09-25 06:20:53
17,网络上常见的热门短视频集锦   第三千四百四十四期,审核大大辛苦了！<br/>谢谢每一个投蕉的帅哥美女！香蕉没有来个赞也好啊！<br/>视频来自快手等平台，侵权联系删除！,3485,https://www.acfun.cn/v/ac48865021,https://tx-free-imgs.acfun.cn/newUpload/2176158_663463f1e6004dc2b4dea153d1e60c05.gif?imageslim,AcFun,三日榜,three-days,hotlist,,2026-09-25 06:20:53
18,嘴角压不住了【今天有什么好笑的 #2515】,：），谢谢大家的投蕉和点赞，祝你开心愉快~<br/>wallpaper壁纸：Genshin 神里绫华<br/>BGM：Wake me up when september ends,2330,https://www.acfun.cn/v/ac48868130,https://tx-free-imgs.acfun.cn/newUpload/383079_ef65121591434d2b86d53db1622776cd.gif?imageslim,AcFun,三日榜,three-days,hotlist,,2026-09-25 06:20:53
19,粉丝让我录的，不理解但照做！！！,怪哦~,1975,https://www.acfun.cn/v/ac48866011,https://tx-free-imgs.acfun.cn/newUpload/210705_6db288d8849d4e408bbee41ce9116989.jpeg?imageslim,AcFun,三日榜,three-days,hotlist,,2026-09-25 06:20:53
20,网络上常见的热门短视频集锦   第三千四百四十六期,审核大大辛苦了！<br/>谢谢每一个投蕉的帅哥美女！香蕉没有来个赞也好啊！<br/>视频来自快手等平台，侵权联系删除！,3535,https://www.acfun.cn/v/ac48867732,https://tx-free-imgs.acfun.cn/newUpload/2176158_2ec1d99da19a48e0a8e4ff2a2447e612.gif?imageslim,AcFun,三日榜,three-days,hotlist,,2026-09-25 06:20:53
21,姛姛？！蝴蝶耳机Manget中文翻唱【箐羽Hane】x【缇若柯Teivoc】,“是否你确实表里如一淡然，还是说你——并不似我贪婪？”<br/>《Manget》磁石 / 蝴蝶耳机 - 中文翻唱<br/>原作作曲 / 流星P<br/>曲绘&翻唱 / 箐羽hane & 缇若柯Teivoc<br/>中文填词 / 果汁凉菜<br/>混音 / 风尘<br/>和笋笋一起唱了我们二次元姛神曲！曲绘也是我和笋笋每个人负责了自己的部分最后再拼到一起的！真好！( *^ ^)o(^ ^* )希望大家也能喜欢！,1334,https://www.acfun.cn/v/ac48869340,https://tx-free-imgs.acfun.cn/newUpload/67511609_d868cdbd6b1849e8958696cdc9db1493.jpeg?imageslim,AcFun,三日榜,three-days,hotlist,,2026-09-25 06:20:53
22,双手合十萨瓦迪卡！,,1771,https://www.acfun.cn/v/ac48863951,https://tx-free-imgs.acfun.cn/newUpload/12439728_638a29114abf4b0bafda38c61f497df1.png?imageslim,AcFun,三日榜,three-days,hotlist,,2026-09-25 06:20:53
23,昆汀力荐！这部复仇老片，竟是杀死比尔的人物原型来源,,1621,https://www.acfun.cn/v/ac48865483,https://tx-free-imgs.acfun.cn/newUpload/8042365_d9ae5a725d8848abb4b488acbf483611.jpeg?imageslim,AcFun,三日榜,three-days,hotlist,,2026-09-25 06:20:53
24,这样的学姐喜欢吗？欢乐八点档-1782,审核大大辛苦了！<br/>免费的香蕉投一下吧，没有那就点个赞吧，这对我来说很重要，谢谢！！！<br/>谢谢每一个投蕉的帅哥美女！你们是我坚持更新的动力！<br/>视频来自快手等平台，侵权联系删除！,2151,https://www.acfun.cn/v/ac48870057,https://tx-free-imgs.acfun.cn/newUpload/2176158_4c1f3b60f73e451abc443941d47305d8.gif?imageslim,AcFun,三日榜,three-days,hotlist,,2026-09-25 06:20:53
25,交通事故20260923：交通车祸实例，提高安全驾驶意识,,1366,https://www.acfun.cn/v/ac48868861,https://tx-free-imgs.acfun.cn/newUpload/76871961_edea5de6659a4cd2b733a74989043440.jpg?imageslim,AcFun,三日榜,three-days,hotlist,,2026-09-25 06:20:53
26,常州新开巴西烤肉自助，100块钱值得吗？,这是我目前为止，去过的第二家巴西烤肉自助，团购优惠的情况下，花了94元。正常价格在95~110不等<br/><br/>简单带大家看下菜品，除了取餐台这么些，各种牛肉制品、大串烧烤都是循环上桌，大家觉得这么些菜式花样，100块钱左右你们觉得贵还是便宜啊，觉得贵的扣1，觉得便宜的扣2,1786,https://www.acfun.cn/v/ac48868891,https://tx-free-imgs.acfun.cn/newUpload/2046675_bf3a59ddff624646850829452262094e.jpeg?imageslim,AcFun,三日榜,three-days,hotlist,,2026-09-25 06:20:53
27,现在电脑不好卖了，以后我们出租AI机器人吧,,1651,https://www.acfun.cn/v/ac48867767,https://tx-free-imgs.acfun.cn/newUpload/17928_c684f06231604145b533a0f00627c624.png?imageslim,AcFun,三日榜,three-days,hotlist,,2026-09-25 06:20:53
28,人鱼的眼泪,歌曲舞蹈：爱乐之城-人鱼的眼泪,1504,https://www.acfun.cn/v/ac48867050,https://tx-free-imgs.acfun.cn/newUpload/12229455_130b1f041e6741dab4f6295ee27d927e.jpeg?imageslim,AcFun,三日榜,three-days,hotlist,,2026-09-25 06:20:53
29,网络上常见的热门短视频集锦   第三千四百四十八期,审核大大辛苦了！<br/>谢谢每一个投蕉的帅哥美女！香蕉没有来个赞也好啊！<br/>视频来自快手等平台，侵权联系删除！,2707,https://www.acfun.cn/v/ac48870020,https://tx-free-imgs.acfun.cn/newUpload/2176158_d65e54f4e9ee489b86b6fc28c31c84ee.gif?imageslim,AcFun,三日榜,three-days,hotlist,,2026-09-25 06:20:53
30,Summertime,歌曲：summer time<br/>动作参考：紫嘉儿<br/>原版编舞：（Millennium红房子_BON）<br/>参考编舞：(GFRIEND《Sunny Summer）,1700,https://www.acfun.cn/v/ac48864563,https://tx-free-imgs.acfun.cn/newUpload/12229455_1a8e22f51f3e4effa32c00abb4fd05af.jpeg?imageslim,AcFun,三日榜,three-days,hotlist,,2026-09-25 06:20:53
31,原创编舞《千层套路》的定机位竖屏来啦！,,1567,https://www.acfun.cn/v/ac48869245,https://tx-free-imgs.acfun.cn/newUpload/16380981_24bafd11c027499d9fe6820162faa782.png?imageslim,AcFun,三日榜,three-days,hotlist,,2026-09-25 06:20:53
32,北京的最北端在黑龙江？？？国内飞地是怎么形成的？,这份中国地图，是你从未看过的船新版本，放大几倍就会发现，在大家熟悉的各个省份中，还藏着一堆 “你中有我、我中有你” 的飞地。,1753,https://www.acfun.cn/v/ac48867896,https://tx-free-imgs.acfun.cn/newUpload/13630266_cc2428a99a42453f99c9e1306e7a43bb.jpeg?imageslim,AcFun,三日榜,three-days,hotlist,,2026-09-25 06:20:53
33,我要辞职了！,,1629,https://www.acfun.cn/v/ac48863957,https://tx-free-imgs.acfun.cn/newUpload/12439728_7c57a0735675474590bf7b25e1a34527.png?imageslim,AcFun,三日榜,three-days,hotlist,,2026-09-25 06:20:53
34,网络上常见的热门短视频集锦   第三千四百四十七期,审核大大辛苦了！<br/>谢谢每一个投蕉的帅哥美女！香蕉没有来个赞也好啊！<br/>视频来自快手等平台，侵权联系删除！,2618,https://www.acfun.cn/v/ac48869149,https://tx-free-imgs.acfun.cn/newUpload/2176158_fdf9afe2e00a4a1aa62415c846776eaf.gif?imageslim,AcFun,三日榜,three-days,hotlist,,2026-09-25 06:20:53
35,捏捏已经已进化到可以吃的地步啦？,,1598,https://www.acfun.cn/v/ac48868638,https://tx-free-imgs.acfun.cn/newUpload/6177430_486c910212d548c991eeb140f146a6ed.jpeg?imageslim,AcFun,三日榜,three-days,hotlist,,2026-09-25 06:20:53
36,我终于瘦到120斤以下了！,,1624,https://www.acfun.cn/v/ac48867016,https://tx-free-imgs.acfun.cn/newUpload/16380981_906db098cf5d4eaca57bde52b0ae8bf2.jpg?imageslim,AcFun,三日榜,three-days,hotlist,,2026-09-25 06:20:53
37,老板直聘（89）,,1432,https://www.acfun.cn/v/ac48868552,https://tx-free-imgs.acfun.cn/newUpload/74706824_db2c7ba15c5d4aa18872db6b0763b7ca.jpeg?imageslim,AcFun,三日榜,three-days,hotlist,,2026-09-25 06:20:53
38,《奶凶奶凶的漫威金刚狼！》,游戏名：《漫威金刚狼》- Marvel s Wolverine<br/>直播玩了15小时左右一周目通关啦~(*^▽^*)开心，这期是切片呦~,1808,https://www.acfun.cn/v/ac48866669,https://tx-free-imgs.acfun.cn/newUpload/61352468_cb62bfe2e19c4f35804259fac7f8c226.jpeg?imageslim,AcFun,三日榜,three-days,hotlist,,2026-09-25 06:20:53
39,嘉蒂丝模型曝光！很大！策划团队产能恢复？,明天新角色就要上了，技系直接立于天上。,1802,https://www.acfun.cn/v/ac48866809,https://tx-free-imgs.acfun.cn/newUpload/247671_ee6def92d94a4ab1b770fa166f4de4b7.jpeg?imageslim,AcFun,三日榜,three-days,hotlist,,2026-09-25 06:20:53
40,好曲不挑舞！《琵琶曲》你喜欢的是？,,1375,https://www.acfun.cn/v/ac48866497,https://tx-free-imgs.acfun.cn/newUpload/1161851_90c6400f25f14d969028c8a6779eaaf5.png?imageslim,AcFun,三日榜,three-days,hotlist,,2026-09-25 06:20:53
41,我要冲会员【今天有什么好笑的 #2516】,：），谢谢大家的投蕉和点赞，祝你开心愉快~<br/>wallpaper壁纸：Reze | Chainsaw Man<br/>BGM：Nicoleta Matei - Love mail<br/>,1877,https://www.acfun.cn/v/ac48870763,https://tx-free-imgs.acfun.cn/newUpload/383079_47b0fc3f458042f5bd3717967e55c598.gif?imageslim,AcFun,三日榜,three-days,hotlist,,2026-09-25 06:20:53
42,抱紧原生家庭（90）,,1393,https://www.acfun.cn/v/ac48867786,https://tx-free-imgs.acfun.cn/newUpload/74706824_fcc9a2386aff4fb0b3ecd158e3c6b97f.png?imageslim,AcFun,三日榜,three-days,hotlist,,2026-09-25 06:20:53
43,奥迪“宫斗”十年大结局？一汽拿四环，上汽拿AUDI,一汽奥迪和上汽奥迪“宫斗”了十年，终于要划下句号了？,1354,https://www.acfun.cn/v/ac48870981,https://tx-free-imgs.acfun.cn/newUpload/13630266_3fde785be5a2411495618f67d01ab66a.jpeg?imageslim,AcFun,三日榜,three-days,hotlist,,2026-09-25 06:20:53
44,换你穿越三国乱世，你是起兵还是种田？,有没有宝贝和我一样，看三国的时候总在想，如果换我身在那个乱世，我会怎么样？是起兵争霸，还是归隐山林？ 或是是咱们可以选三国里有名的角色或者可以架空历史从素人做起，一统三国，那会怎么样?我最近就玩了这么一款游戏，一玩就是五个小时，根本停不下来，那今天来聊聊这款开放世界slg游戏《英雄立志传：三国志》~<br/>,1551,https://www.acfun.cn/v/ac48869043,https://tx-free-imgs.acfun.cn/newUpload/61352468_39715609bed041b98b21f3dbb482ad70.jpeg?imageslim,AcFun,三日榜,three-days,hotlist,,2026-09-25 06:20:53
45,你吃月饼了吗？,,1392,https://www.acfun.cn/v/ac48869054,https://tx-free-imgs.acfun.cn/newUpload/1167675_8f48723afb0e41ecbe772249b3f4df1a.jpg?imageslim,AcFun,三日榜,three-days,hotlist,,2026-09-25 06:20:53
46,发个friend圈,,1299,https://www.acfun.cn/v/ac48863958,https://tx-free-imgs.acfun.cn/newUpload/12439728_b44cb67ae45a4c179b08227368f4159c.png?imageslim,AcFun,三日榜,three-days,hotlist,,2026-09-25 06:20:53
47,沦陷️,歌曲舞蹈：沦陷dj版-星奇摇   动作有改编,1317,https://www.acfun.cn/v/ac48869381,https://tx-free-imgs.acfun.cn/newUpload/12229455_aacf9da97a0940ad8e5f0b509d9cc159.jpeg?imageslim,AcFun,三日榜,three-days,hotlist,,2026-09-25 06:20:53
48,【柯基】papi酱《生气了》｜oh my god你吓到我了,,1398,https://www.acfun.cn/v/ac48867295,https://tx-free-imgs.acfun.cn/newUpload/29493245_980e56a85587473a82c7499c2ed115cb.png?imageslim,AcFun,三日榜,three-days,hotlist,,2026-09-25 06:20:53
49,发怒了好多次哈哈哈哈，最后一遍最好！,,1388,https://www.acfun.cn/v/ac48867030,https://tx-free-imgs.acfun.cn/newUpload/16380981_8a800edc429e47809b3a0e69ec22c530.jpg?imageslim,AcFun,三日榜,three-days,hotlist,,2026-09-25 06:20:53
50,只有刀鸣最小丑？各大游戏千年血战联动盘点！,300英雄的含金量还在上升,1870,https://www.acfun.cn/v/ac48869154,https://tx-free-imgs.acfun.cn/newUpload/247671_7d920e56c00e4af39fed560bf094f965.jpeg?imageslim,AcFun,三日榜,three-days,hotlist,,2026-09-25 06:20:53
1,剑戟战斗的巅峰 关卡内容的洼地 偏科严重的《鬼武者：剑之道》,它给人爽的部分是真的爽，但是在每次爽之前，你得堵不少马桶，先生。,4372,https://www.acfun.cn/v/ac48859506,https://tx-free-imgs.acfun.cn/newUpload/934542_5d98ad80ca9c4307b5cdc2051c11cb50.jpeg?imageslim,AcFun,周榜,week,hotlist,,2026-09-25 06:20:53
2,【写真】ol穿搭,,10383,https://www.acfun.cn/v/ac48856919,https://tx-free-imgs.acfun.cn/newUpload/3540234_86355333f0d94a46842be6ec42cca369.jpg?imageslim,AcFun,周榜,week,hotlist,,2026-09-25 06:20:53
3,跳最开心的一集,,3936,https://www.acfun.cn/v/ac48860571,https://tx-free-imgs.acfun.cn/newUpload/50330447_79a3f269514140c29e7a85fb7c9dc94c.jpg?imageslim,AcFun,周榜,week,hotlist,,2026-09-25 06:20:53
4,是谁点的小恶魔，蕉出来～,,5019,https://www.acfun.cn/v/ac48867778,https://tx-free-imgs.acfun.cn/newUpload/17062172_6098fee67d1748e0ab5dab3b5665736c.jpg?imageslim,AcFun,周榜,week,hotlist,,2026-09-25 06:20:53
5,喜欢哪套？,,6508,https://www.acfun.cn/v/ac48861422,https://tx-free-imgs.acfun.cn/newUpload/3540234_729e0d22251f439da3735f26e58d174f.jpg?imageslim,AcFun,周榜,week,hotlist,,2026-09-25 06:20:53
6,过期JK碎碎念！,家人们记得蕉一蕉捏 啾咪,5776,https://www.acfun.cn/v/ac48859219,https://tx-free-imgs.acfun.cn/newUpload/17062172_5dd6ea8b5f2741ff87f0911db6dfb909.jpg?imageslim,AcFun,周榜,week,hotlist,,2026-09-25 06:20:53
7,开学对各省舍友的刻板印象,,4184,https://www.acfun.cn/v/ac48857410,https://tx-free-imgs.acfun.cn/newUpload/13114172_24dabc4c47ec46458d7cdfcc1cd2ee88.jpeg?imageslim,AcFun,周榜,week,hotlist,,2026-09-25 06:20:53
8,优雅永不过时！！！★手机竖屏2007★,审核大大辛苦了！<br/>谢谢每一个投蕉的帅哥美女！香蕉没有来个赞也好啊！<br/>视频来自快手等平台，侵权联系删除！,4323,https://www.acfun.cn/v/ac48855173,https://tx-free-imgs.acfun.cn/newUpload/2176158_d6d6aa7bbc494ad4bd0950cc58784963.gif?imageslim,AcFun,周榜,week,hotlist,,2026-09-25 06:20:53
9,《动物迷惑行为大赏325》,喜欢请投蕉啊 谢谢啦！,2608,https://www.acfun.cn/v/ac48861293,https://tx-free-imgs.acfun.cn/newUpload/1342385_03080470038d444a95ce01ff6a6aeb9f.jpeg?imageslim,AcFun,周榜,week,hotlist,,2026-09-25 06:20:53
10,《动物游戏行为图鉴》,喜欢请投蕉啊 谢谢啦！,2721,https://www.acfun.cn/v/ac48857450,https://tx-free-imgs.acfun.cn/newUpload/1342385_485bc20a4c164df2928409b209fa9afc.jpeg?imageslim,AcFun,周榜,week,hotlist,,2026-09-25 06:20:53
11,双马尾小女仆带来的情绪摇～,,3918,https://www.acfun.cn/v/ac48861966,https://tx-free-imgs.acfun.cn/newUpload/11361784_8cee0402b4754b1e82f85b7099791793.jpg?imageslim,AcFun,周榜,week,hotlist,,2026-09-25 06:20:53
12,帮Acer问一下，地址在哪里？欢乐八点档-1779,审核大大辛苦了！<br/>免费的香蕉投一下吧，没有那就点个赞吧，这对我来说很重要，谢谢！！！<br/>谢谢每一个投蕉的帅哥美女！你们是我坚持更新的动力！<br/>视频来自快手等平台，侵权联系删除！,4402,https://www.acfun.cn/v/ac48863633,https://tx-free-imgs.acfun.cn/newUpload/2176158_ff69c3c797d5414e8056b329918cc5b6.gif?imageslim,AcFun,周榜,week,hotlist,,2026-09-25 06:20:53
13,【绘图过程】《海边》6周年纪念插图过程,6周年纪念插图挂画（预售）、沙滩巾（预售），阿宝已上架,3235,https://www.acfun.cn/v/ac48836990,https://tx-free-imgs.acfun.cn/newUpload/179922_9f95aba039e84f3594c3947b3c8fdd58.jpeg?imageslim,AcFun,周榜,week,hotlist,,2026-09-25 06:20:53
14,人间琴悠扬，姑娘把谁记心上～,,2685,https://www.acfun.cn/v/ac48863143,https://tx-free-imgs.acfun.cn/newUpload/50330447_938d77716a11477e843914663278ff07.jpg?imageslim,AcFun,周榜,week,hotlist,,2026-09-25 06:20:53
15,还是少妇会的多啊！★手机竖屏2011★,审核大大辛苦了！<br/>谢谢每一个投蕉的帅哥美女！香蕉没有来个赞也好啊！<br/>视频来自快手等平台，侵权联系删除！,5044,https://www.acfun.cn/v/ac48864360,https://tx-free-imgs.acfun.cn/newUpload/2176158_3d4f199fd93640468e543b9ee25ac4c0.gif?imageslim,AcFun,周榜,week,hotlist,,2026-09-25 06:20:53
16,《野生动物迷惑行为》,喜欢请投蕉啊   谢谢啦！,2649,https://www.acfun.cn/v/ac48868360,https://tx-free-imgs.acfun.cn/newUpload/1342385_3fab348c538e4c0fa001871a708fe302.jpeg?imageslim,AcFun,周榜,week,hotlist,,2026-09-25 06:20:53
17,漫威金刚狼深陷争议！SweetBaby又毁一款？【绅批】,这算是DEI的历史遗留问题了，所有现在已经从sweetbaby离职的人，只要参与过游戏制作也会被署名（比如桥本和真）,2732,https://www.acfun.cn/v/ac48868810,https://tx-free-imgs.acfun.cn/newUpload/526850_ca1da1572b1d494a93e2f6bab46cf76b.jpeg?imageslim,AcFun,周榜,week,hotlist,,2026-09-25 06:20:53
18,钓鱼佬是真会享受！欢乐八点档-1777,审核大大辛苦了！<br/>免费的香蕉投一下吧，没有那就点个赞吧，这对我来说很重要，谢谢！！！<br/>谢谢每一个投蕉的帅哥美女！你们是我坚持更新的动力！<br/>视频来自快手等平台，侵权联系删除！,4570,https://www.acfun.cn/v/ac48858969,https://tx-free-imgs.acfun.cn/newUpload/2176158_c9d74d926c4c4d709a4b6b7769dffcca.gif?imageslim,AcFun,周榜,week,hotlist,,2026-09-25 06:20:53
19,网络上常见的热门短视频集锦   第三千四百三十八期,审核大大辛苦了！<br/>谢谢每一个投蕉的帅哥美女！香蕉没有来个赞也好啊！<br/>视频来自快手等平台，侵权联系删除！,4410,https://www.acfun.cn/v/ac48858394,https://tx-free-imgs.acfun.cn/newUpload/2176158_38174e72af934b9e86687045b01f0dd3.gif?imageslim,AcFun,周榜,week,hotlist,,2026-09-25 06:20:53
20,一波还未平息一波又来侵袭！★手机竖屏2010★,审核大大辛苦了！<br/>谢谢每一个投蕉的帅哥美女！香蕉没有来个赞也好啊！<br/>视频来自快手等平台，侵权联系删除！,4704,https://www.acfun.cn/v/ac48862013,https://tx-free-imgs.acfun.cn/newUpload/2176158_c4802142afc14d50b2cd775e67890cca.gif?imageslim,AcFun,周榜,week,hotlist,,2026-09-25 06:20:53
21,mr chu!!好怀念这首歌,,1961,https://www.acfun.cn/v/ac48869375,https://tx-free-imgs.acfun.cn/newUpload/16380981_19592eb83a88429695ee1a0508fc3df0.png?imageslim,AcFun,周榜,week,hotlist,,2026-09-25 06:20:53
22,魔兽无限服禁金团引爆社区！但原教旨主义玩家才是最抽象的？【绅批】,所谓“严厉处罚“”顶格也就是封号，会根据情况由短至长，当然能不能具体实行就是另一回事了,3063,https://www.acfun.cn/v/ac48857248,https://tx-free-imgs.acfun.cn/newUpload/526850_b63f9e2a1bd04c38ac3c61257e0b87dd.jpeg?imageslim,AcFun,周榜,week,hotlist,,2026-09-25 06:20:53
23,还是少妇会啊！！！★手机竖屏2009★,审核大大辛苦了！<br/>谢谢每一个投蕉的帅哥美女！香蕉没有来个赞也好啊！<br/>视频来自快手等平台，侵权联系删除！,4843,https://www.acfun.cn/v/ac48859515,https://tx-free-imgs.acfun.cn/newUpload/2176158_d4e9e6e30f4446319f9e720adfe35ef9.gif?imageslim,AcFun,周榜,week,hotlist,,2026-09-25 06:20:53
24,你们内外皆钢，而我们化身钢铁！【达奇】战锤40K故事内容,感谢下巴老师对视频内容的支持与完善,2128,https://www.acfun.cn/v/ac48856443,https://tx-free-imgs.acfun.cn/newUpload/346807_7f5f779958dd4d6986f60021118423da.jpeg?imageslim,AcFun,周榜,week,hotlist,,2026-09-25 06:20:53
25,【AC娘】琵琶曲,原作者：Kotte Animation<br/>还有瑕疵，看个乐吧,3067,https://www.acfun.cn/v/ac48864492,https://tx-free-imgs.acfun.cn/newUpload/41729435_02cbd995b6d54f508eb21d3cb8621903.jpeg?imageslim,AcFun,周榜,week,hotlist,,2026-09-25 06:20:53
26,25年了，回坊天花板小酥肉，还是那个味儿,记忆中的味道，回来了，都回来了……<br/>一口椒麻一口鲜，大口吃肉，配上热腾腾的米饭，绝了。<br/>素三鲜也是无敌的存在！,2495,https://www.acfun.cn/v/ac48865538,https://tx-free-imgs.acfun.cn/newUpload/13765438_9bc4a0abf32a4c1aa3e83c844de84649.jpeg?imageslim,AcFun,周榜,week,hotlist,,2026-09-25 06:20:53
27,海洋公园一定要去啊！欢乐八点档-1776,审核大大辛苦了！<br/>免费的香蕉投一下吧，没有那就点个赞吧，这对我来说很重要，谢谢！！！<br/>谢谢每一个投蕉的帅哥美女！你们是我坚持更新的动力！<br/>视频来自快手等平台，侵权联系删除！,4462,https://www.acfun.cn/v/ac48856824,https://tx-free-imgs.acfun.cn/newUpload/2176158_3406d07fb97f486893aedb108728c2ec.gif?imageslim,AcFun,周榜,week,hotlist,,2026-09-25 06:20:53
28,拳击好啊，拳击得学！欢乐八点档-1781,审核大大辛苦了！<br/>免费的香蕉投一下吧，没有那就点个赞吧，这对我来说很重要，谢谢！！！<br/>谢谢每一个投蕉的帅哥美女！你们是我坚持更新的动力！<br/>视频来自快手等平台，侵权联系删除！,3928,https://www.acfun.cn/v/ac48868336,https://tx-free-imgs.acfun.cn/newUpload/2176158_3f6c601293a54468bae97f781440217b.gif?imageslim,AcFun,周榜,week,hotlist,,2026-09-25 06:20:53
29,你的拳头真是肥嘟嘟的...,动漫：心灵的声音，作者：赵石【韩国】,2152,https://www.acfun.cn/v/ac48859870,https://tx-free-imgs.acfun.cn/newUpload/509259_2fa91d5206504450be471808d9c93a22.jpeg?imageslim,AcFun,周榜,week,hotlist,,2026-09-25 06:20:53
30,北京豆汁会惩罚每一个好奇的人！欢乐八点档-1780,审核大大辛苦了！<br/>免费的香蕉投一下吧，没有那就点个赞吧，这对我来说很重要，谢谢！！！<br/>谢谢每一个投蕉的帅哥美女！你们是我坚持更新的动力！<br/>视频来自快手等平台，侵权联系删除！,4346,https://www.acfun.cn/v/ac48865965,https://tx-free-imgs.acfun.cn/newUpload/2176158_ec83e6fb2ffc4005b41881ac13dbaeca.gif?imageslim,AcFun,周榜,week,hotlist,,2026-09-25 06:20:53
31,这个一字马技术含量很高啊！欢乐八点档-1778,审核大大辛苦了！<br/>免费的香蕉投一下吧，没有那就点个赞吧，这对我来说很重要，谢谢！！！<br/>谢谢每一个投蕉的帅哥美女！你们是我坚持更新的动力！<br/>视频来自快手等平台，侵权联系删除！,4334,https://www.acfun.cn/v/ac48861225,https://tx-free-imgs.acfun.cn/newUpload/2176158_0824627cb76d40dc99ce9cb12c07e4cc.gif?imageslim,AcFun,周榜,week,hotlist,,2026-09-25 06:20:53
32,网络上常见的热门短视频集锦   第三千四百四十一期,审核大大辛苦了！<br/>谢谢每一个投蕉的帅哥美女！香蕉没有来个赞也好啊！<br/>视频来自快手等平台，侵权联系删除！,4141,https://www.acfun.cn/v/ac48862019,https://tx-free-imgs.acfun.cn/newUpload/2176158_6e5a88d95f344d92a8d97a57f03ac4b9.gif?imageslim,AcFun,周榜,week,hotlist,,2026-09-25 06:20:53
33,网络上常见的热门短视频集锦   第三千四百四十五期,审核大大辛苦了！<br/>谢谢每一个投蕉的帅哥美女！香蕉没有来个赞也好啊！<br/>视频来自快手等平台，侵权联系删除！,3817,https://www.acfun.cn/v/ac48866824,https://tx-free-imgs.acfun.cn/newUpload/2176158_dba921eb42f14c7ba31a1af83bfe71ce.gif?imageslim,AcFun,周榜,week,hotlist,,2026-09-25 06:20:53
34,【柯基】《九一八》｜黄自,,1774,https://www.acfun.cn/v/ac48855665,https://tx-free-imgs.acfun.cn/newUpload/29493245_98e6396080ff45c6aabd437a73b80398.png?imageslim,AcFun,周榜,week,hotlist,,2026-09-25 06:20:53
35,琵琶曲丨夜神月 VS  L,原曲：琵琶曲,2196,https://www.acfun.cn/v/ac48861693,https://tx-free-imgs.acfun.cn/newUpload/16986934_3bf4dd94910c4845acf851f7f0fdb757.jpeg?imageslim,AcFun,周榜,week,hotlist,,2026-09-25 06:20:53
36,空中瑜伽！！！★手机竖屏2012★,审核大大辛苦了！<br/>谢谢每一个投蕉的帅哥美女！香蕉没有来个赞也好啊！<br/>视频来自快手等平台，侵权联系删除！,4278,https://www.acfun.cn/v/ac48866821,https://tx-free-imgs.acfun.cn/newUpload/2176158_610807af48f5463a891fc9f341c9b16f.gif?imageslim,AcFun,周榜,week,hotlist,,2026-09-25 06:20:53
37,我真的是来吃饭的！★手机竖屏2013★,审核大大辛苦了！<br/>谢谢每一个投蕉的帅哥美女！香蕉没有来个赞也好啊！<br/>视频来自快手等平台，侵权联系删除！,3267,https://www.acfun.cn/v/ac48869145,https://tx-free-imgs.acfun.cn/newUpload/2176158_eb4b69370b8f435aa2b171e72403d356.gif?imageslim,AcFun,周榜,week,hotlist,,2026-09-25 06:20:53
38,网络上常见的热门短视频集锦   第三千四百三十九期,审核大大辛苦了！<br/>谢谢每一个投蕉的帅哥美女！香蕉没有来个赞也好啊！<br/>视频来自快手等平台，侵权联系删除！,4004,https://www.acfun.cn/v/ac48859518,https://tx-free-imgs.acfun.cn/newUpload/2176158_13f61f1aa39c4732bdaeed87fe0e28a4.gif?imageslim,AcFun,周榜,week,hotlist,,2026-09-25 06:20:53
39,厨师长教你：“鱼香肉丝”的家常做法，酸甜微辣，口感丰富,,1958,https://www.acfun.cn/v/ac48867741,https://tx-free-imgs.acfun.cn/newUpload/13274260_93e68d1098d04ffca2683655a6a404c2.jpeg?imageslim,AcFun,周榜,week,hotlist,,2026-09-25 06:20:53
40,一天生产500万个！速冻水饺是如何制造出来的？,,2144,https://www.acfun.cn/v/ac48859253,https://tx-free-imgs.acfun.cn/newUpload/19281632_57f07fe28e24422d948491fd2d43586c.jpeg?imageslim,AcFun,周榜,week,hotlist,,2026-09-25 06:20:53
41,今天你不能嫁出去【今天有什么好笑的 #2514】,：)，谢谢大家，祝你们开心。<br/>wallpaper壁纸：Fading Astronaut 5K (update)<br/>BGM：I Want It That Way,2833,https://www.acfun.cn/v/ac48865864,https://tx-free-imgs.acfun.cn/newUpload/383079_ee4f5f7badf74f05a2ef6c691387f327.gif?imageslim,AcFun,周榜,week,hotlist,,2026-09-25 06:20:53
42,单纯的约会（92）,,1810,https://www.acfun.cn/v/ac48857199,https://tx-free-imgs.acfun.cn/newUpload/74706824_a3a60d77e6934225b168686e44216c4b.png?imageslim,AcFun,周榜,week,hotlist,,2026-09-25 06:20:53
43,【东方】推特东方小视频选集 第272期,睡觉睡觉睡觉睡觉睡觉睡觉睡觉睡觉睡觉睡觉……,1376,https://www.acfun.cn/v/ac48858830,https://tx-free-imgs.acfun.cn/newUpload/6102_5a13d6efeec742ff84c512206aaeb7b0.jpeg?imageslim,AcFun,周榜,week,hotlist,,2026-09-25 06:20:53
44,甜妹来袭！,,2137,https://www.acfun.cn/v/ac48863947,https://tx-free-imgs.acfun.cn/newUpload/12439728_1fd5a3c6e60241a1a1cd8f89dbede769.png?imageslim,AcFun,周榜,week,hotlist,,2026-09-25 06:20:53
45,网络上常见的热门短视频集锦   第三千四百三十六期,审核大大辛苦了！<br/>谢谢每一个投蕉的帅哥美女！香蕉没有来个赞也好啊！<br/>视频来自快手等平台，侵权联系删除！,3945,https://www.acfun.cn/v/ac48856130,https://tx-free-imgs.acfun.cn/newUpload/2176158_4b41dc501581491e9b900fd0a1662e27.gif?imageslim,AcFun,周榜,week,hotlist,,2026-09-25 06:20:53
46,因为害怕被讨厌 所以把自己藏起来了,,1868,https://www.acfun.cn/v/ac48871331,https://tx-free-imgs.acfun.cn/newUpload/11361784_3d4bd69b46f541e184c2922c24f09276.jpg?imageslim,AcFun,周榜,week,hotlist,,2026-09-25 06:20:53
47,网络上常见的热门短视频集锦   第三千四百四十三期,审核大大辛苦了！<br/>谢谢每一个投蕉的帅哥美女！香蕉没有来个赞也好啊！<br/>视频来自快手等平台，侵权联系删除！,3556,https://www.acfun.cn/v/ac48864363,https://tx-free-imgs.acfun.cn/newUpload/2176158_dfef22dbf6934a15a594e5766b8680ca.gif?imageslim,AcFun,周榜,week,hotlist,,2026-09-25 06:20:53
48,嘞个就是爱情【今天有什么好笑的 #2512】,：），谢谢大家的投蕉和点赞，祝你开心愉快~<br/>wallpaper壁纸：lamp<br/>BGM：What a Feeling,2427,https://www.acfun.cn/v/ac48860992,https://tx-free-imgs.acfun.cn/newUpload/383079_172d192fee55441c96b7352f61e0a25f.gif?imageslim,AcFun,周榜,week,hotlist,,2026-09-25 06:20:53
49,网络上常见的热门短视频集锦   第三千四百三十七期,审核大大辛苦了！<br/>谢谢每一个投蕉的帅哥美女！香蕉没有来个赞也好啊！<br/>视频来自快手等平台，侵权联系删除！,3645,https://www.acfun.cn/v/ac48857544,https://tx-free-imgs.acfun.cn/newUpload/2176158_65f1d403dce7484b8d62b6f272bdbe31.gif?imageslim,AcFun,周榜,week,hotlist,,2026-09-25 06:20:53
50,网络上常见的热门短视频集锦   第三千四百四十四期,审核大大辛苦了！<br/>谢谢每一个投蕉的帅哥美女！香蕉没有来个赞也好啊！<br/>视频来自快手等平台，侵权联系删除！,3485,https://www.acfun.cn/v/ac48865021,https://tx-free-imgs.acfun.cn/newUpload/2176158_663463f1e6004dc2b4dea153d1e60c05.gif?imageslim,AcFun,周榜,week,hotlist,,2026-09-25 06:20:53
1,《野生动物迷惑行为》,喜欢请投蕉啊   谢谢啦！,2668,https://www.acfun.cn/v/ac48868360,https://tx-free-imgs.acfun.cn/newUpload/1342385_3fab348c538e4c0fa001871a708fe302.jpeg?imageslim,AcFun,日榜,day,hotlist,,2026-09-25 07:19:08
2,我真的是来吃饭的！★手机竖屏2013★,审核大大辛苦了！<br/>谢谢每一个投蕉的帅哥美女！香蕉没有来个赞也好啊！<br/>视频来自快手等平台，侵权联系删除！,3285,https://www.acfun.cn/v/ac48869145,https://tx-free-imgs.acfun.cn/newUpload/2176158_eb4b69370b8f435aa2b171e72403d356.gif?imageslim,AcFun,日榜,day,hotlist,,2026-09-25 07:19:08
3,因为害怕被讨厌 所以把自己藏起来了,,1916,https://www.acfun.cn/v/ac48871331,https://tx-free-imgs.acfun.cn/newUpload/11361784_3d4bd69b46f541e184c2922c24f09276.jpg?imageslim,AcFun,日榜,day,hotlist,,2026-09-25 07:19:08
4,姛姛？！蝴蝶耳机Manget中文翻唱【箐羽Hane】x【缇若柯Teivoc】,“是否你确实表里如一淡然，还是说你——并不似我贪婪？”<br/>《Manget》磁石 / 蝴蝶耳机 - 中文翻唱<br/>原作作曲 / 流星P<br/>曲绘&翻唱 / 箐羽hane & 缇若柯Teivoc<br/>中文填词 / 果汁凉菜<br/>混音 / 风尘<br/>和笋笋一起唱了我们二次元姛神曲！曲绘也是我和笋笋每个人负责了自己的部分最后再拼到一起的！真好！( *^ ^)o(^ ^* )希望大家也能喜欢！,1338,https://www.acfun.cn/v/ac48869340,https://tx-free-imgs.acfun.cn/newUpload/67511609_d868cdbd6b1849e8958696cdc9db1493.jpeg?imageslim,AcFun,日榜,day,hotlist,,2026-09-25 07:19:08
5,这样的学姐喜欢吗？欢乐八点档-1782,审核大大辛苦了！<br/>免费的香蕉投一下吧，没有那就点个赞吧，这对我来说很重要，谢谢！！！<br/>谢谢每一个投蕉的帅哥美女！你们是我坚持更新的动力！<br/>视频来自快手等平台，侵权联系删除！,2187,https://www.acfun.cn/v/ac48870057,https://tx-free-imgs.acfun.cn/newUpload/2176158_4c1f3b60f73e451abc443941d47305d8.gif?imageslim,AcFun,日榜,day,hotlist,,2026-09-25 07:19:08
6,网络上常见的热门短视频集锦   第三千四百四十八期,审核大大辛苦了！<br/>谢谢每一个投蕉的帅哥美女！香蕉没有来个赞也好啊！<br/>视频来自快手等平台，侵权联系删除！,2746,https://www.acfun.cn/v/ac48870020,https://tx-free-imgs.acfun.cn/newUpload/2176158_d65e54f4e9ee489b86b6fc28c31c84ee.gif?imageslim,AcFun,日榜,day,hotlist,,2026-09-25 07:19:08
7,网络上常见的热门短视频集锦   第三千四百四十七期,审核大大辛苦了！<br/>谢谢每一个投蕉的帅哥美女！香蕉没有来个赞也好啊！<br/>视频来自快手等平台，侵权联系删除！,2643,https://www.acfun.cn/v/ac48869149,https://tx-free-imgs.acfun.cn/newUpload/2176158_fdf9afe2e00a4a1aa62415c846776eaf.gif?imageslim,AcFun,日榜,day,hotlist,,2026-09-25 07:19:08
8,老板直聘（89）,,1443,https://www.acfun.cn/v/ac48868552,https://tx-free-imgs.acfun.cn/newUpload/74706824_db2c7ba15c5d4aa18872db6b0763b7ca.jpeg?imageslim,AcFun,日榜,day,hotlist,,2026-09-25 07:19:08
9,我要冲会员【今天有什么好笑的 #2516】,：），谢谢大家的投蕉和点赞，祝你开心愉快~<br/>wallpaper壁纸：Reze | Chainsaw Man<br/>BGM：Nicoleta Matei - Love mail<br/>,1900,https://www.acfun.cn/v/ac48870763,https://tx-free-imgs.acfun.cn/newUpload/383079_47b0fc3f458042f5bd3717967e55c598.gif?imageslim,AcFun,日榜,day,hotlist,,2026-09-25 07:19:08
10,奥迪“宫斗”十年大结局？一汽拿四环，上汽拿AUDI,一汽奥迪和上汽奥迪“宫斗”了十年，终于要划下句号了？,1372,https://www.acfun.cn/v/ac48870981,https://tx-free-imgs.acfun.cn/newUpload/13630266_3fde785be5a2411495618f67d01ab66a.jpeg?imageslim,AcFun,日榜,day,hotlist,,2026-09-25 07:19:08
11,发个friend圈,,1304,https://www.acfun.cn/v/ac48863958,https://tx-free-imgs.acfun.cn/newUpload/12439728_b44cb67ae45a4c179b08227368f4159c.png?imageslim,AcFun,日榜,day,hotlist,,2026-09-25 07:19:08
12,沦陷️,歌曲舞蹈：沦陷dj版-星奇摇   动作有改编,1327,https://www.acfun.cn/v/ac48869381,https://tx-free-imgs.acfun.cn/newUpload/12229455_aacf9da97a0940ad8e5f0b509d9cc159.jpeg?imageslim,AcFun,日榜,day,hotlist,,2026-09-25 07:19:08
13,在英国差点被上门诈骗,可能看到我一人在家，就大胆敲门了，还好平常也会注意周边邻居，没发生什么事儿，这个金额就算被骗也不会报警，以后还是要小心一些了。#英国日常#vlog,1234,https://www.acfun.cn/v/ac48869505,https://tx-free-imgs.acfun.cn/newUpload/43181603_1c8c6c487a864d098b5e7e7bf2a12c6a.jpg?imageslim,AcFun,日榜,day,hotlist,,2026-09-25 07:19:08
14,【东方】QUEEN【蕾米莉亚 Miy Ver. MMD】,作者：やくも<br/><br/>楽曲:Kanaria 様→https://www.nicovideo.jp/watch/sm4088...<br/>振付:AKIRA様<br/>モーション:P-nez 様→https://www.nicovideo.jp/watch/sm4350...<br/>カメラ:Mizuha様→https://www.nicovideo.jp/watch/sm4353...<br/>モデル:MIy様<br/>ステージ:栗ごはん様<br/>アクセサリ:アスカ様,1052,https://www.acfun.cn/v/ac48870080,https://tx-free-imgs.acfun.cn/newUpload/6102_6a4dce20c9b74fa0bbdff3ccc0a73c5d.png?imageslim,AcFun,日榜,day,hotlist,,2026-09-25 07:19:08
15,【AI】今晚的期待,Comfyui,1277,https://www.acfun.cn/v/ac48870865,https://tx-free-imgs.acfun.cn/newUpload/14047168_02bac6c1158f4e108536124c7239e472.jpeg?imageslim,AcFun,日榜,day,hotlist,,2026-09-25 07:19:08
16,【无字幕】《JOJO的奇妙冒险 飙马野郎 》Part 2 NCOP「SPIN」,,871,https://www.acfun.cn/v/ac48869632,https://tx-free-imgs.acfun.cn/newUpload/30501027_aae616c323af422bb4da842c191d69ce.png?imageslim,AcFun,日榜,day,hotlist,,2026-09-25 07:19:08
17,坚持跳舞8年改变了什么？《千里邀月》2018vs2026【紫嘉儿】,中秋快乐！没想到8年前的编舞每年这个时候都有很多翻跳，一起用舞蹈记录下美好时光吧！,1123,https://www.acfun.cn/v/ac48870585,https://tx-free-imgs.acfun.cn/newUpload/1161851_851c52555ace464f98231f30a167eedd.png?imageslim,AcFun,日榜,day,hotlist,,2026-09-25 07:19:08
18,"长手打短手？2万分王者局！快速看完一局韩服王者斗殴局#836 十三day, Eclipse,","长手打短手？2万分王者局！快速看完一局韩服王者斗殴局#836 十三day, Eclipse, 0909, Lelitz, 1Jiang <br/>BGM:https://music.163.com/playlist?id=650818240&userid=30476594",1268,https://www.acfun.cn/v/ac48863751,https://tx-free-imgs.acfun.cn/newUpload/1378726_792b017ff72e4ed49b05fe8e1e24f6e4.jpeg?imageslim,AcFun,日榜,day,hotlist,,2026-09-25 07:19:08
19,这套皮肤真的很喜欢,,1083,https://www.acfun.cn/v/ac48871657,https://tx-free-imgs.acfun.cn/newUpload/16380981_ac9640e59a3a42e093fcee0a0b81d474.jpg?imageslim,AcFun,日榜,day,hotlist,,2026-09-25 07:19:08
20,好像只能礼貌的问候~,,1105,https://www.acfun.cn/v/ac48871365,https://tx-free-imgs.acfun.cn/newUpload/43459034_4572f98756df48b0bc9c323cdc49a8d2.jpg?imageslim,AcFun,日榜,day,hotlist,,2026-09-25 07:19:08
21,【AI】小妈裙~chocolate cream,Comfyui,1263,https://www.acfun.cn/v/ac48870861,https://tx-free-imgs.acfun.cn/newUpload/14047168_efd2bae7c6184b3b89e82abfaadf0fb3.jpeg?imageslim,AcFun,日榜,day,hotlist,,2026-09-25 07:19:08
22,【绝望女神/翻唱】【星际牛仔ED The Real Folk Blues】,想听啥情继续评论回复~,785,https://www.acfun.cn/v/ac48871323,https://tx-free-imgs.acfun.cn/newUpload/20705199_0be8deafcbb34bdb9f17523c5bc95087.jpeg?imageslim,AcFun,日榜,day,hotlist,,2026-09-25 07:19:08
23,少女机甲+空投轰炸？是什么神仙组合？,到底是一款什么样的机甲游戏，上线快3年还保持着特别好评？虽然是机甲美少女的设定，但是操作的是厚重质感的硬核机甲，这种硬核操作的感觉让人越玩越上头，今天来跟大家聊聊这款游戏《铁骑少女》。<br/>最近我一直期待的第三个DLC金盏花也是要上线了，这次DLC的核心新玩法，就是机甲“搜打撤”的模式。和本体死守基地的玩法不一样，这次整体的游玩思路都变了~,1101,https://www.acfun.cn/v/ac48871337,https://tx-free-imgs.acfun.cn/newUpload/61352468_77bf0ab03cd34fefa1d5530aca003edb.jpeg?imageslim,AcFun,日榜,day,hotlist,,2026-09-25 07:19:08
24,【翻唱】鬼ノ宴,本家様<br/>友成空様<br/>【鬼ノ宴】<br/>•友成空(TOMONARI SORA) -   鬼ノ宴   ［Lyric Video］<br/>https://www.youtube.com/watch?v=NFzyrPK9rtM,1028,https://www.acfun.cn/v/ac48871180,https://tx-free-imgs.acfun.cn/newUpload/10144864_a75eddb97ea048b59fef6aaea5d4478f.jpeg?imageslim,AcFun,日榜,day,hotlist,,2026-09-25 07:19:08
25,记录2023年6月份在台上开心的表演lamb的我,,1121,https://www.acfun.cn/v/ac48871344,https://tx-free-imgs.acfun.cn/newUpload/16380981_00755d93042647bcb6f29a19da53e590.png?imageslim,AcFun,日榜,day,hotlist,,2026-09-25 07:19:08
26,下班后跳一段恋爱的条件～,,1037,https://www.acfun.cn/v/ac48871308,https://tx-free-imgs.acfun.cn/newUpload/43459034_9aa96c2a93884a3891b73b05298d8521.jpg?imageslim,AcFun,日榜,day,hotlist,,2026-09-25 07:19:08
27,T-ARA So Crazy,,1370,https://www.acfun.cn/v/ac48869387,https://tx-free-imgs.acfun.cn/newUpload/795184_e0ad411d1b844c569dc376c0b45f763c.jpeg?imageslim,AcFun,日榜,day,hotlist,,2026-09-25 07:19:08
28,吃！给我吃！【鬼ノ宴翻唱】,,1058,https://www.acfun.cn/v/ac48871186,https://tx-free-imgs.acfun.cn/newUpload/10144864_ee78f4d0678d414f9ce18c29231cf17a.jpeg?imageslim,AcFun,日榜,day,hotlist,,2026-09-25 07:19:08
29,【黒碳】ライトダンス - サカナクション【生日作】【翻唱】,本家:サカナクション ; 翻唱: 黒碳Kurotan; 后期: 黒碳Kurotan; 曲绘: 黒碳Kurotan; PV: 黒碳Kurotan以及十分牛杯的網站：https://pv.pixjam.cn/ 背景是用這個做的!! 狠狠趕工終於做完了 好感動,1066,https://www.acfun.cn/v/ac48869560,https://tx-free-imgs.acfun.cn/newUpload/13707663_f611642aa87b4dab9a8d8a6beb7ace77.jpeg?imageslim,AcFun,日榜,day,hotlist,,2026-09-25 07:19:08
30,BR66型蒸汽机车 trix越来越垃圾了！尤其是垃圾会员车，一个比一个烂！这一次终于拉了一坨更大的！,,627,https://www.acfun.cn/v/ac48871197,https://tx-free-imgs.acfun.cn/newUpload/66128753_8563c2ab24aa4a2289e52500bc42f1f1.png?imageslim,AcFun,日榜,day,hotlist,,2026-09-25 07:19:08
31,AOA-猫步轻俏,,1210,https://www.acfun.cn/v/ac48869298,https://tx-free-imgs.acfun.cn/newUpload/795184_6cc9a8a9e54144c3b69380546963be9b.jpeg?imageslim,AcFun,日榜,day,hotlist,,2026-09-25 07:19:08
32,【AI】山间竹林仙子,Comfyui,1072,https://www.acfun.cn/v/ac48870853,https://tx-free-imgs.acfun.cn/newUpload/14047168_20afdd6955bd44a9a04b0629aecb5ad1.jpeg?imageslim,AcFun,日榜,day,hotlist,,2026-09-25 07:19:08
33,如果是机器人女友，怎么哄男朋友呢？！,,1149,https://www.acfun.cn/v/ac48870116,https://tx-free-imgs.acfun.cn/newUpload/17928_330fc95b89c04eda831570be0a48cb0e.png?imageslim,AcFun,日榜,day,hotlist,,2026-09-25 07:19:08
34,绿梦：时空之声公测定档！公测版本全面优化！,绿梦：时空之声公测定档！公测版本全面优化！,1159,https://www.acfun.cn/v/ac48871268,https://tx-free-imgs.acfun.cn/newUpload/63104383_33b9de6d951a4ca0b5a7b9dfc2fc748e.gif?imageslim,AcFun,日榜,day,hotlist,,2026-09-25 07:19:08
35,三角洲行动：威力巨大的巴雷特狙击步枪，一枪毙命就是爽,反器材不行，还是来反步兵吧。,511,https://www.acfun.cn/v/ac48869561,https://tx-free-imgs.acfun.cn/newUpload/11602352_67012a71c8e64cb59ea80b622bb985f2.jpeg?imageslim,AcFun,日榜,day,hotlist,,2026-09-25 07:19:08
36,22.称霸水下四亿年，人类最古老的远房祖先：硬骨鱼总纲,22.称霸水下四亿年，人类最古老的远房祖先：硬骨鱼总纲,915,https://www.acfun.cn/v/ac48871354,https://tx-free-imgs.acfun.cn/newUpload/28933912_40dcb39f039045868ae364582e4a1797.jpeg?imageslim,AcFun,日榜,day,hotlist,,2026-09-25 07:19:08
37,你迟早会背叛我的,,1333,https://www.acfun.cn/v/ac48869570,https://tx-free-imgs.acfun.cn/newUpload/2742252_1977688b66b746918c3e25dd4f72a7b1.jpg?imageslim,AcFun,日榜,day,hotlist,,2026-09-25 07:19:08
38,【牛子组合】凉凉,世事一场大梦，人生几度秋凉，祝大家26年中秋快乐,840,https://www.acfun.cn/v/ac48870493,https://tx-free-imgs.acfun.cn/newUpload/358616_22f2cb85fdca497ab5cd556c984493d6.png?imageslim,AcFun,日榜,day,hotlist,,2026-09-25 07:19:08
39,上线才半年，腾讯养的“龙虾”QClaw，官宣停运了！,,1108,https://www.acfun.cn/v/ac48871074,https://tx-free-imgs.acfun.cn/newUpload/17928_22da7d70ed6749f690e735b0f098a800.png?imageslim,AcFun,日榜,day,hotlist,,2026-09-25 07:19:08
40,小兔-20260923 abracadabra 上下 恋爱的条件 成人礼 晚安吻,,1051,https://www.acfun.cn/v/ac48870476,https://tx-free-imgs.acfun.cn/newUpload/78055394_4dcf7a6688cb4a1994bd96389cc84b38.jpeg?imageslim,AcFun,日榜,day,hotlist,,2026-09-25 07:19:08
41,卓哥儿那可是专业杰哥，人群之中七进七出不成问题！,自定义也发？,1058,https://www.acfun.cn/v/ac48871816,https://tx-free-imgs.acfun.cn/newUpload/581357_d49b41a0e554440db6952de719b3f832.jpeg?imageslim,AcFun,日榜,day,hotlist,,2026-09-25 07:19:08
42,【小腐】暧昧回避,夕阳下起舞吧,385,https://www.acfun.cn/v/ac48869652,https://tx-free-imgs.acfun.cn/newUpload/13893173_aae9f2e333b24238961905e095f6c60c.png?imageslim,AcFun,日榜,day,hotlist,,2026-09-25 07:19:08
43,另一版,之前还拍了一版，但是感觉镜头太晃了,444,https://www.acfun.cn/v/ac48871588,https://tx-free-imgs.acfun.cn/newUpload/12954767_f420f9f6197c43d4bb14421c32d81bbb.png?imageslim,AcFun,日榜,day,hotlist,,2026-09-25 07:19:08
44,T-ara Bo Peep Bo Peep,,1052,https://www.acfun.cn/v/ac48869397,https://tx-free-imgs.acfun.cn/newUpload/795184_1876bec3bc5d43d6b42da8060c06a34a.jpeg?imageslim,AcFun,日榜,day,hotlist,,2026-09-25 07:19:08
45,社畜身份不是你精致生活的角色扮演,,601,https://www.acfun.cn/v/ac48871467,https://tx-free-imgs.acfun.cn/newUpload/14013875_ec82a37907ff4565a6f6f6d916bd7117.png?imageslim,AcFun,日榜,day,hotlist,,2026-09-25 07:19:08
46,飒！BABYMONSTER CHIQUITA小姐姐跳《Worth It》,-v -好不好看呢,1068,https://www.acfun.cn/v/ac48870427,https://tx-free-imgs.acfun.cn/newUpload/199029_44d3343f2e3742c780253ef0f9df1a6b.png?imageslim,AcFun,日榜,day,hotlist,,2026-09-25 07:19:08
47,桢-20260923 abracadabra,,1028,https://www.acfun.cn/v/ac48870552,https://tx-free-imgs.acfun.cn/newUpload/78055394_f7c161e6bccd480f9b8a372dd55c3678.jpeg?imageslim,AcFun,日榜,day,hotlist,,2026-09-25 07:19:08
48,【雀魂汪汪录】第402期 牌没有问题，你们打吧,BGM可以通过网易云搜索【雀魂汪汪录BGM】就可以找到啦！<br/><br/>雀魂汪汪录 周四中午见<br/><br/>微博 @雀魂麻将majsoul<br/><br/>——————————————————————————<br/><br/>想要投稿的玩家~务必请通过邮箱来进行投稿~【请不要在评论区或是私信投稿，谢谢】<br/><br/>邮箱地址：tg@maj-soul.com<br/><br/>投稿最少需要注明【局目、内容、牌谱链接】哦！,915,https://www.acfun.cn/v/ac48868870,https://tx-free-imgs.acfun.cn/newUpload/14265704_e978d1ceac98487a9e811f09bc2d943f.jpeg?imageslim,AcFun,日榜,day,hotlist,,2026-09-25 07:19:08
49,重制版 2026年还有人看重制版吗？魔兽争霸xiaoy解说浪漫 kaho,,918,https://www.acfun.cn/v/ac48869843,https://tx-free-imgs.acfun.cn/newUpload/37584199_8b81592540634f919b6c685d31aa555c.jpeg?imageslim,AcFun,日榜,day,hotlist,,2026-09-25 07:19:08
50,동그란 안경으로 귀여운 매력 보여주는 지호,동그란 안경으로 귀여운 매력 보여주는 지호 | Beige Top & Glasses | Ji Ho,479,https://www.acfun.cn/v/ac48870864,https://tx-free-imgs.acfun.cn/newUpload/43172481_558625b6a90d469aabe28a39ba33fded.jpeg?imageslim,AcFun,日榜,day,hotlist,,2026-09-25 07:19:08
1,是谁点的小恶魔，蕉出来～,,5058,https://www.acfun.cn/v/ac48867778,https://tx-free-imgs.acfun.cn/newUpload/17062172_6098fee67d1748e0ab5dab3b5665736c.jpg?imageslim,AcFun,三日榜,three-days,hotlist,,2026-09-25 07:19:08
2,【绘图过程】《海边》6周年纪念插图过程,6周年纪念插图挂画（预售）、沙滩巾（预售），阿宝已上架,3235,https://www.acfun.cn/v/ac48836990,https://tx-free-imgs.acfun.cn/newUpload/179922_9f95aba039e84f3594c3947b3c8fdd58.jpeg?imageslim,AcFun,三日榜,three-days,hotlist,,2026-09-25 07:19:08
3,还是少妇会的多啊！★手机竖屏2011★,审核大大辛苦了！<br/>谢谢每一个投蕉的帅哥美女！香蕉没有来个赞也好啊！<br/>视频来自快手等平台，侵权联系删除！,5049,https://www.acfun.cn/v/ac48864360,https://tx-free-imgs.acfun.cn/newUpload/2176158_3d4f199fd93640468e543b9ee25ac4c0.gif?imageslim,AcFun,三日榜,three-days,hotlist,,2026-09-25 07:19:08
4,《野生动物迷惑行为》,喜欢请投蕉啊   谢谢啦！,2668,https://www.acfun.cn/v/ac48868360,https://tx-free-imgs.acfun.cn/newUpload/1342385_3fab348c538e4c0fa001871a708fe302.jpeg?imageslim,AcFun,三日榜,three-days,hotlist,,2026-09-25 07:19:08
5,漫威金刚狼深陷争议！SweetBaby又毁一款？【绅批】,这算是DEI的历史遗留问题了，所有现在已经从sweetbaby离职的人，只要参与过游戏制作也会被署名（比如桥本和真）,2741,https://www.acfun.cn/v/ac48868810,https://tx-free-imgs.acfun.cn/newUpload/526850_ca1da1572b1d494a93e2f6bab46cf76b.jpeg?imageslim,AcFun,三日榜,three-days,hotlist,,2026-09-25 07:19:08
6,mr chu!!好怀念这首歌,,1967,https://www.acfun.cn/v/ac48869375,https://tx-free-imgs.acfun.cn/newUpload/16380981_19592eb83a88429695ee1a0508fc3df0.png?imageslim,AcFun,三日榜,three-days,hotlist,,2026-09-25 07:19:08
7,25年了，回坊天花板小酥肉，还是那个味儿,记忆中的味道，回来了，都回来了……<br/>一口椒麻一口鲜，大口吃肉，配上热腾腾的米饭，绝了。<br/>素三鲜也是无敌的存在！,2495,https://www.acfun.cn/v/ac48865538,https://tx-free-imgs.acfun.cn/newUpload/13765438_9bc4a0abf32a4c1aa3e83c844de84649.jpeg?imageslim,AcFun,三日榜,three-days,hotlist,,2026-09-25 07:19:08
8,拳击好啊，拳击得学！欢乐八点档-1781,审核大大辛苦了！<br/>免费的香蕉投一下吧，没有那就点个赞吧，这对我来说很重要，谢谢！！！<br/>谢谢每一个投蕉的帅哥美女！你们是我坚持更新的动力！<br/>视频来自快手等平台，侵权联系删除！,3928,https://www.acfun.cn/v/ac48868336,https://tx-free-imgs.acfun.cn/newUpload/2176158_3f6c601293a54468bae97f781440217b.gif?imageslim,AcFun,三日榜,three-days,hotlist,,2026-09-25 07:19:08
9,北京豆汁会惩罚每一个好奇的人！欢乐八点档-1780,审核大大辛苦了！<br/>免费的香蕉投一下吧，没有那就点个赞吧，这对我来说很重要，谢谢！！！<br/>谢谢每一个投蕉的帅哥美女！你们是我坚持更新的动力！<br/>视频来自快手等平台，侵权联系删除！,4346,https://www.acfun.cn/v/ac48865965,https://tx-free-imgs.acfun.cn/newUpload/2176158_ec83e6fb2ffc4005b41881ac13dbaeca.gif?imageslim,AcFun,三日榜,three-days,hotlist,,2026-09-25 07:19:08
10,网络上常见的热门短视频集锦   第三千四百四十五期,审核大大辛苦了！<br/>谢谢每一个投蕉的帅哥美女！香蕉没有来个赞也好啊！<br/>视频来自快手等平台，侵权联系删除！,3817,https://www.acfun.cn/v/ac48866824,https://tx-free-imgs.acfun.cn/newUpload/2176158_dba921eb42f14c7ba31a1af83bfe71ce.gif?imageslim,AcFun,三日榜,three-days,hotlist,,2026-09-25 07:19:08
11,空中瑜伽！！！★手机竖屏2012★,审核大大辛苦了！<br/>谢谢每一个投蕉的帅哥美女！香蕉没有来个赞也好啊！<br/>视频来自快手等平台，侵权联系删除！,4280,https://www.acfun.cn/v/ac48866821,https://tx-free-imgs.acfun.cn/newUpload/2176158_610807af48f5463a891fc9f341c9b16f.gif?imageslim,AcFun,三日榜,three-days,hotlist,,2026-09-25 07:19:08
12,我真的是来吃饭的！★手机竖屏2013★,审核大大辛苦了！<br/>谢谢每一个投蕉的帅哥美女！香蕉没有来个赞也好啊！<br/>视频来自快手等平台，侵权联系删除！,3285,https://www.acfun.cn/v/ac48869145,https://tx-free-imgs.acfun.cn/newUpload/2176158_eb4b69370b8f435aa2b171e72403d356.gif?imageslim,AcFun,三日榜,three-days,hotlist,,2026-09-25 07:19:08
13,厨师长教你：“鱼香肉丝”的家常做法，酸甜微辣，口感丰富,,1959,https://www.acfun.cn/v/ac48867741,https://tx-free-imgs.acfun.cn/newUpload/13274260_93e68d1098d04ffca2683655a6a404c2.jpeg?imageslim,AcFun,三日榜,three-days,hotlist,,2026-09-25 07:19:08
14,今天你不能嫁出去【今天有什么好笑的 #2514】,：)，谢谢大家，祝你们开心。<br/>wallpaper壁纸：Fading Astronaut 5K (update)<br/>BGM：I Want It That Way,2833,https://www.acfun.cn/v/ac48865864,https://tx-free-imgs.acfun.cn/newUpload/383079_ee4f5f7badf74f05a2ef6c691387f327.gif?imageslim,AcFun,三日榜,three-days,hotlist,,2026-09-25 07:19:08
15,因为害怕被讨厌 所以把自己藏起来了,,1916,https://www.acfun.cn/v/ac48871331,https://tx-free-imgs.acfun.cn/newUpload/11361784_3d4bd69b46f541e184c2922c24f09276.jpg?imageslim,AcFun,三日榜,three-days,hotlist,,2026-09-25 07:19:08
16,网络上常见的热门短视频集锦   第三千四百四十三期,审核大大辛苦了！<br/>谢谢每一个投蕉的帅哥美女！香蕉没有来个赞也好啊！<br/>视频来自快手等平台，侵权联系删除！,3561,https://www.acfun.cn/v/ac48864363,https://tx-free-imgs.acfun.cn/newUpload/2176158_dfef22dbf6934a15a594e5766b8680ca.gif?imageslim,AcFun,三日榜,three-days,hotlist,,2026-09-25 07:19:08
17,网络上常见的热门短视频集锦   第三千四百四十四期,审核大大辛苦了！<br/>谢谢每一个投蕉的帅哥美女！香蕉没有来个赞也好啊！<br/>视频来自快手等平台，侵权联系删除！,3485,https://www.acfun.cn/v/ac48865021,https://tx-free-imgs.acfun.cn/newUpload/2176158_663463f1e6004dc2b4dea153d1e60c05.gif?imageslim,AcFun,三日榜,three-days,hotlist,,2026-09-25 07:19:08
18,嘴角压不住了【今天有什么好笑的 #2515】,：），谢谢大家的投蕉和点赞，祝你开心愉快~<br/>wallpaper壁纸：Genshin 神里绫华<br/>BGM：Wake me up when september ends,2330,https://www.acfun.cn/v/ac48868130,https://tx-free-imgs.acfun.cn/newUpload/383079_ef65121591434d2b86d53db1622776cd.gif?imageslim,AcFun,三日榜,three-days,hotlist,,2026-09-25 07:19:08
19,粉丝让我录的，不理解但照做！！！,怪哦~,1977,https://www.acfun.cn/v/ac48866011,https://tx-free-imgs.acfun.cn/newUpload/210705_6db288d8849d4e408bbee41ce9116989.jpeg?imageslim,AcFun,三日榜,three-days,hotlist,,2026-09-25 07:19:08
20,网络上常见的热门短视频集锦   第三千四百四十六期,审核大大辛苦了！<br/>谢谢每一个投蕉的帅哥美女！香蕉没有来个赞也好啊！<br/>视频来自快手等平台，侵权联系删除！,3535,https://www.acfun.cn/v/ac48867732,https://tx-free-imgs.acfun.cn/newUpload/2176158_2ec1d99da19a48e0a8e4ff2a2447e612.gif?imageslim,AcFun,三日榜,three-days,hotlist,,2026-09-25 07:19:08
21,姛姛？！蝴蝶耳机Manget中文翻唱【箐羽Hane】x【缇若柯Teivoc】,“是否你确实表里如一淡然，还是说你——并不似我贪婪？”<br/>《Manget》磁石 / 蝴蝶耳机 - 中文翻唱<br/>原作作曲 / 流星P<br/>曲绘&翻唱 / 箐羽hane & 缇若柯Teivoc<br/>中文填词 / 果汁凉菜<br/>混音 / 风尘<br/>和笋笋一起唱了我们二次元姛神曲！曲绘也是我和笋笋每个人负责了自己的部分最后再拼到一起的！真好！( *^ ^)o(^ ^* )希望大家也能喜欢！,1338,https://www.acfun.cn/v/ac48869340,https://tx-free-imgs.acfun.cn/newUpload/67511609_d868cdbd6b1849e8958696cdc9db1493.jpeg?imageslim,AcFun,三日榜,three-days,hotlist,,2026-09-25 07:19:08
22,双手合十萨瓦迪卡！,,1772,https://www.acfun.cn/v/ac48863951,https://tx-free-imgs.acfun.cn/newUpload/12439728_638a29114abf4b0bafda38c61f497df1.png?imageslim,AcFun,三日榜,three-days,hotlist,,2026-09-25 07:19:08
23,昆汀力荐！这部复仇老片，竟是杀死比尔的人物原型来源,,1626,https://www.acfun.cn/v/ac48865483,https://tx-free-imgs.acfun.cn/newUpload/8042365_d9ae5a725d8848abb4b488acbf483611.jpeg?imageslim,AcFun,三日榜,three-days,hotlist,,2026-09-25 07:19:08
24,这样的学姐喜欢吗？欢乐八点档-1782,审核大大辛苦了！<br/>免费的香蕉投一下吧，没有那就点个赞吧，这对我来说很重要，谢谢！！！<br/>谢谢每一个投蕉的帅哥美女！你们是我坚持更新的动力！<br/>视频来自快手等平台，侵权联系删除！,2187,https://www.acfun.cn/v/ac48870057,https://tx-free-imgs.acfun.cn/newUpload/2176158_4c1f3b60f73e451abc443941d47305d8.gif?imageslim,AcFun,三日榜,three-days,hotlist,,2026-09-25 07:19:08
25,交通事故20260923：交通车祸实例，提高安全驾驶意识,,1368,https://www.acfun.cn/v/ac48868861,https://tx-free-imgs.acfun.cn/newUpload/76871961_edea5de6659a4cd2b733a74989043440.jpg?imageslim,AcFun,三日榜,three-days,hotlist,,2026-09-25 07:19:08
26,常州新开巴西烤肉自助，100块钱值得吗？,这是我目前为止，去过的第二家巴西烤肉自助，团购优惠的情况下，花了94元。正常价格在95~110不等<br/><br/>简单带大家看下菜品，除了取餐台这么些，各种牛肉制品、大串烧烤都是循环上桌，大家觉得这么些菜式花样，100块钱左右你们觉得贵还是便宜啊，觉得贵的扣1，觉得便宜的扣2,1786,https://www.acfun.cn/v/ac48868891,https://tx-free-imgs.acfun.cn/newUpload/2046675_bf3a59ddff624646850829452262094e.jpeg?imageslim,AcFun,三日榜,three-days,hotlist,,2026-09-25 07:19:08
27,现在电脑不好卖了，以后我们出租AI机器人吧,,1658,https://www.acfun.cn/v/ac48867767,https://tx-free-imgs.acfun.cn/newUpload/17928_c684f06231604145b533a0f00627c624.png?imageslim,AcFun,三日榜,three-days,hotlist,,2026-09-25 07:19:08
28,网络上常见的热门短视频集锦   第三千四百四十八期,审核大大辛苦了！<br/>谢谢每一个投蕉的帅哥美女！香蕉没有来个赞也好啊！<br/>视频来自快手等平台，侵权联系删除！,2746,https://www.acfun.cn/v/ac48870020,https://tx-free-imgs.acfun.cn/newUpload/2176158_d65e54f4e9ee489b86b6fc28c31c84ee.gif?imageslim,AcFun,三日榜,three-days,hotlist,,2026-09-25 07:19:08
29,人鱼的眼泪,歌曲舞蹈：爱乐之城-人鱼的眼泪,1506,https://www.acfun.cn/v/ac48867050,https://tx-free-imgs.acfun.cn/newUpload/12229455_130b1f041e6741dab4f6295ee27d927e.jpeg?imageslim,AcFun,三日榜,three-days,hotlist,,2026-09-25 07:19:08
30,Summertime,歌曲：summer time<br/>动作参考：紫嘉儿<br/>原版编舞：（Millennium红房子_BON）<br/>参考编舞：(GFRIEND《Sunny Summer）,1700,https://www.acfun.cn/v/ac48864563,https://tx-free-imgs.acfun.cn/newUpload/12229455_1a8e22f51f3e4effa32c00abb4fd05af.jpeg?imageslim,AcFun,三日榜,three-days,hotlist,,2026-09-25 07:19:08
31,网络上常见的热门短视频集锦   第三千四百四十七期,审核大大辛苦了！<br/>谢谢每一个投蕉的帅哥美女！香蕉没有来个赞也好啊！<br/>视频来自快手等平台，侵权联系删除！,2643,https://www.acfun.cn/v/ac48869149,https://tx-free-imgs.acfun.cn/newUpload/2176158_fdf9afe2e00a4a1aa62415c846776eaf.gif?imageslim,AcFun,三日榜,three-days,hotlist,,2026-09-25 07:19:08
32,原创编舞《千层套路》的定机位竖屏来啦！,,1568,https://www.acfun.cn/v/ac48869245,https://tx-free-imgs.acfun.cn/newUpload/16380981_24bafd11c027499d9fe6820162faa782.png?imageslim,AcFun,三日榜,three-days,hotlist,,2026-09-25 07:19:08
33,北京的最北端在黑龙江？？？国内飞地是怎么形成的？,这份中国地图，是你从未看过的船新版本，放大几倍就会发现，在大家熟悉的各个省份中，还藏着一堆 “你中有我、我中有你” 的飞地。,1753,https://www.acfun.cn/v/ac48867896,https://tx-free-imgs.acfun.cn/newUpload/13630266_cc2428a99a42453f99c9e1306e7a43bb.jpeg?imageslim,AcFun,三日榜,three-days,hotlist,,2026-09-25 07:19:08
34,我要辞职了！,,1629,https://www.acfun.cn/v/ac48863957,https://tx-free-imgs.acfun.cn/newUpload/12439728_7c57a0735675474590bf7b25e1a34527.png?imageslim,AcFun,三日榜,three-days,hotlist,,2026-09-25 07:19:08
35,捏捏已经已进化到可以吃的地步啦？,,1599,https://www.acfun.cn/v/ac48868638,https://tx-free-imgs.acfun.cn/newUpload/6177430_486c910212d548c991eeb140f146a6ed.jpeg?imageslim,AcFun,三日榜,three-days,hotlist,,2026-09-25 07:19:08
36,老板直聘（89）,,1443,https://www.acfun.cn/v/ac48868552,https://tx-free-imgs.acfun.cn/newUpload/74706824_db2c7ba15c5d4aa18872db6b0763b7ca.jpeg?imageslim,AcFun,三日榜,three-days,hotlist,,2026-09-25 07:19:08
37,我终于瘦到120斤以下了！,,1628,https://www.acfun.cn/v/ac48867016,https://tx-free-imgs.acfun.cn/newUpload/16380981_906db098cf5d4eaca57bde52b0ae8bf2.jpg?imageslim,AcFun,三日榜,three-days,hotlist,,2026-09-25 07:19:08
38,《奶凶奶凶的漫威金刚狼！》,游戏名：《漫威金刚狼》- Marvel s Wolverine<br/>直播玩了15小时左右一周目通关啦~(*^▽^*)开心，这期是切片呦~,1810,https://www.acfun.cn/v/ac48866669,https://tx-free-imgs.acfun.cn/newUpload/61352468_cb62bfe2e19c4f35804259fac7f8c226.jpeg?imageslim,AcFun,三日榜,three-days,hotlist,,2026-09-25 07:19:08
39,嘉蒂丝模型曝光！很大！策划团队产能恢复？,明天新角色就要上了，技系直接立于天上。,1807,https://www.acfun.cn/v/ac48866809,https://tx-free-imgs.acfun.cn/newUpload/247671_ee6def92d94a4ab1b770fa166f4de4b7.jpeg?imageslim,AcFun,三日榜,three-days,hotlist,,2026-09-25 07:19:08
40,我要冲会员【今天有什么好笑的 #2516】,：），谢谢大家的投蕉和点赞，祝你开心愉快~<br/>wallpaper壁纸：Reze | Chainsaw Man<br/>BGM：Nicoleta Matei - Love mail<br/>,1900,https://www.acfun.cn/v/ac48870763,https://tx-free-imgs.acfun.cn/newUpload/383079_47b0fc3f458042f5bd3717967e55c598.gif?imageslim,AcFun,三日榜,three-days,hotlist,,2026-09-25 07:19:08
41,好曲不挑舞！《琵琶曲》你喜欢的是？,,1377,https://www.acfun.cn/v/ac48866497,https://tx-free-imgs.acfun.cn/newUpload/1161851_90c6400f25f14d969028c8a6779eaaf5.png?imageslim,AcFun,三日榜,three-days,hotlist,,2026-09-25 07:19:08
42,抱紧原生家庭（90）,,1393,https://www.acfun.cn/v/ac48867786,https://tx-free-imgs.acfun.cn/newUpload/74706824_fcc9a2386aff4fb0b3ecd158e3c6b97f.png?imageslim,AcFun,三日榜,three-days,hotlist,,2026-09-25 07:19:08
43,奥迪“宫斗”十年大结局？一汽拿四环，上汽拿AUDI,一汽奥迪和上汽奥迪“宫斗”了十年，终于要划下句号了？,1372,https://www.acfun.cn/v/ac48870981,https://tx-free-imgs.acfun.cn/newUpload/13630266_3fde785be5a2411495618f67d01ab66a.jpeg?imageslim,AcFun,三日榜,three-days,hotlist,,2026-09-25 07:19:08
44,换你穿越三国乱世，你是起兵还是种田？,有没有宝贝和我一样，看三国的时候总在想，如果换我身在那个乱世，我会怎么样？是起兵争霸，还是归隐山林？ 或是是咱们可以选三国里有名的角色或者可以架空历史从素人做起，一统三国，那会怎么样?我最近就玩了这么一款游戏，一玩就是五个小时，根本停不下来，那今天来聊聊这款开放世界slg游戏《英雄立志传：三国志》~<br/>,1552,https://www.acfun.cn/v/ac48869043,https://tx-free-imgs.acfun.cn/newUpload/61352468_39715609bed041b98b21f3dbb482ad70.jpeg?imageslim,AcFun,三日榜,three-days,hotlist,,2026-09-25 07:19:08
45,你吃月饼了吗？,,1395,https://www.acfun.cn/v/ac48869054,https://tx-free-imgs.acfun.cn/newUpload/1167675_8f48723afb0e41ecbe772249b3f4df1a.jpg?imageslim,AcFun,三日榜,three-days,hotlist,,2026-09-25 07:19:08
46,发个friend圈,,1304,https://www.acfun.cn/v/ac48863958,https://tx-free-imgs.acfun.cn/newUpload/12439728_b44cb67ae45a4c179b08227368f4159c.png?imageslim,AcFun,三日榜,three-days,hotlist,,2026-09-25 07:19:08
47,沦陷️,歌曲舞蹈：沦陷dj版-星奇摇   动作有改编,1327,https://www.acfun.cn/v/ac48869381,https://tx-free-imgs.acfun.cn/newUpload/12229455_aacf9da97a0940ad8e5f0b509d9cc159.jpeg?imageslim,AcFun,三日榜,three-days,hotlist,,2026-09-25 07:19:08
48,【柯基】papi酱《生气了》｜oh my god你吓到我了,,1400,https://www.acfun.cn/v/ac48867295,https://tx-free-imgs.acfun.cn/newUpload/29493245_980e56a85587473a82c7499c2ed115cb.png?imageslim,AcFun,三日榜,three-days,hotlist,,2026-09-25 07:19:08
49,发怒了好多次哈哈哈哈，最后一遍最好！,,1390,https://www.acfun.cn/v/ac48867030,https://tx-free-imgs.acfun.cn/newUpload/16380981_8a800edc429e47809b3a0e69ec22c530.jpg?imageslim,AcFun,三日榜,three-days,hotlist,,2026-09-25 07:19:08
50,只有刀鸣最小丑？各大游戏千年血战联动盘点！,300英雄的含金量还在上升,1871,https://www.acfun.cn/v/ac48869154,https://tx-free-imgs.acfun.cn/newUpload/247671_7d920e56c00e4af39fed560bf094f965.jpeg?imageslim,AcFun,三日榜,three-days,hotlist,,2026-09-25 07:19:08
1,剑戟战斗的巅峰 关卡内容的洼地 偏科严重的《鬼武者：剑之道》,它给人爽的部分是真的爽，但是在每次爽之前，你得堵不少马桶，先生。,4372,https://www.acfun.cn/v/ac48859506,https://tx-free-imgs.acfun.cn/newUpload/934542_5d98ad80ca9c4307b5cdc2051c11cb50.jpeg?imageslim,AcFun,周榜,week,hotlist,,2026-09-25 07:19:08
2,【写真】ol穿搭,,10403,https://www.acfun.cn/v/ac48856919,https://tx-free-imgs.acfun.cn/newUpload/3540234_86355333f0d94a46842be6ec42cca369.jpg?imageslim,AcFun,周榜,week,hotlist,,2026-09-25 07:19:08
3,跳最开心的一集,,3938,https://www.acfun.cn/v/ac48860571,https://tx-free-imgs.acfun.cn/newUpload/50330447_79a3f269514140c29e7a85fb7c9dc94c.jpg?imageslim,AcFun,周榜,week,hotlist,,2026-09-25 07:19:08
4,是谁点的小恶魔，蕉出来～,,5058,https://www.acfun.cn/v/ac48867778,https://tx-free-imgs.acfun.cn/newUpload/17062172_6098fee67d1748e0ab5dab3b5665736c.jpg?imageslim,AcFun,周榜,week,hotlist,,2026-09-25 07:19:08
5,喜欢哪套？,,6517,https://www.acfun.cn/v/ac48861422,https://tx-free-imgs.acfun.cn/newUpload/3540234_729e0d22251f439da3735f26e58d174f.jpg?imageslim,AcFun,周榜,week,hotlist,,2026-09-25 07:19:08
6,过期JK碎碎念！,家人们记得蕉一蕉捏 啾咪,5779,https://www.acfun.cn/v/ac48859219,https://tx-free-imgs.acfun.cn/newUpload/17062172_5dd6ea8b5f2741ff87f0911db6dfb909.jpg?imageslim,AcFun,周榜,week,hotlist,,2026-09-25 07:19:08
7,开学对各省舍友的刻板印象,,4184,https://www.acfun.cn/v/ac48857410,https://tx-free-imgs.acfun.cn/newUpload/13114172_24dabc4c47ec46458d7cdfcc1cd2ee88.jpeg?imageslim,AcFun,周榜,week,hotlist,,2026-09-25 07:19:08
8,优雅永不过时！！！★手机竖屏2007★,审核大大辛苦了！<br/>谢谢每一个投蕉的帅哥美女！香蕉没有来个赞也好啊！<br/>视频来自快手等平台，侵权联系删除！,4323,https://www.acfun.cn/v/ac48855173,https://tx-free-imgs.acfun.cn/newUpload/2176158_d6d6aa7bbc494ad4bd0950cc58784963.gif?imageslim,AcFun,周榜,week,hotlist,,2026-09-25 07:19:08
9,《动物迷惑行为大赏325》,喜欢请投蕉啊 谢谢啦！,2608,https://www.acfun.cn/v/ac48861293,https://tx-free-imgs.acfun.cn/newUpload/1342385_03080470038d444a95ce01ff6a6aeb9f.jpeg?imageslim,AcFun,周榜,week,hotlist,,2026-09-25 07:19:08
10,《动物游戏行为图鉴》,喜欢请投蕉啊 谢谢啦！,2722,https://www.acfun.cn/v/ac48857450,https://tx-free-imgs.acfun.cn/newUpload/1342385_485bc20a4c164df2928409b209fa9afc.jpeg?imageslim,AcFun,周榜,week,hotlist,,2026-09-25 07:19:08
11,双马尾小女仆带来的情绪摇～,,3921,https://www.acfun.cn/v/ac48861966,https://tx-free-imgs.acfun.cn/newUpload/11361784_8cee0402b4754b1e82f85b7099791793.jpg?imageslim,AcFun,周榜,week,hotlist,,2026-09-25 07:19:08
12,帮Acer问一下，地址在哪里？欢乐八点档-1779,审核大大辛苦了！<br/>免费的香蕉投一下吧，没有那就点个赞吧，这对我来说很重要，谢谢！！！<br/>谢谢每一个投蕉的帅哥美女！你们是我坚持更新的动力！<br/>视频来自快手等平台，侵权联系删除！,4405,https://www.acfun.cn/v/ac48863633,https://tx-free-imgs.acfun.cn/newUpload/2176158_ff69c3c797d5414e8056b329918cc5b6.gif?imageslim,AcFun,周榜,week,hotlist,,2026-09-25 07:19:08
13,【绘图过程】《海边》6周年纪念插图过程,6周年纪念插图挂画（预售）、沙滩巾（预售），阿宝已上架,3235,https://www.acfun.cn/v/ac48836990,https://tx-free-imgs.acfun.cn/newUpload/179922_9f95aba039e84f3594c3947b3c8fdd58.jpeg?imageslim,AcFun,周榜,week,hotlist,,2026-09-25 07:19:08
14,人间琴悠扬，姑娘把谁记心上～,,2685,https://www.acfun.cn/v/ac48863143,https://tx-free-imgs.acfun.cn/newUpload/50330447_938d77716a11477e843914663278ff07.jpg?imageslim,AcFun,周榜,week,hotlist,,2026-09-25 07:19:08
15,还是少妇会的多啊！★手机竖屏2011★,审核大大辛苦了！<br/>谢谢每一个投蕉的帅哥美女！香蕉没有来个赞也好啊！<br/>视频来自快手等平台，侵权联系删除！,5049,https://www.acfun.cn/v/ac48864360,https://tx-free-imgs.acfun.cn/newUpload/2176158_3d4f199fd93640468e543b9ee25ac4c0.gif?imageslim,AcFun,周榜,week,hotlist,,2026-09-25 07:19:08
16,《野生动物迷惑行为》,喜欢请投蕉啊   谢谢啦！,2668,https://www.acfun.cn/v/ac48868360,https://tx-free-imgs.acfun.cn/newUpload/1342385_3fab348c538e4c0fa001871a708fe302.jpeg?imageslim,AcFun,周榜,week,hotlist,,2026-09-25 07:19:08
17,漫威金刚狼深陷争议！SweetBaby又毁一款？【绅批】,这算是DEI的历史遗留问题了，所有现在已经从sweetbaby离职的人，只要参与过游戏制作也会被署名（比如桥本和真）,2741,https://www.acfun.cn/v/ac48868810,https://tx-free-imgs.acfun.cn/newUpload/526850_ca1da1572b1d494a93e2f6bab46cf76b.jpeg?imageslim,AcFun,周榜,week,hotlist,,2026-09-25 07:19:08
18,钓鱼佬是真会享受！欢乐八点档-1777,审核大大辛苦了！<br/>免费的香蕉投一下吧，没有那就点个赞吧，这对我来说很重要，谢谢！！！<br/>谢谢每一个投蕉的帅哥美女！你们是我坚持更新的动力！<br/>视频来自快手等平台，侵权联系删除！,4570,https://www.acfun.cn/v/ac48858969,https://tx-free-imgs.acfun.cn/newUpload/2176158_c9d74d926c4c4d709a4b6b7769dffcca.gif?imageslim,AcFun,周榜,week,hotlist,,2026-09-25 07:19:08
19,网络上常见的热门短视频集锦   第三千四百三十八期,审核大大辛苦了！<br/>谢谢每一个投蕉的帅哥美女！香蕉没有来个赞也好啊！<br/>视频来自快手等平台，侵权联系删除！,4410,https://www.acfun.cn/v/ac48858394,https://tx-free-imgs.acfun.cn/newUpload/2176158_38174e72af934b9e86687045b01f0dd3.gif?imageslim,AcFun,周榜,week,hotlist,,2026-09-25 07:19:08
20,一波还未平息一波又来侵袭！★手机竖屏2010★,审核大大辛苦了！<br/>谢谢每一个投蕉的帅哥美女！香蕉没有来个赞也好啊！<br/>视频来自快手等平台，侵权联系删除！,4704,https://www.acfun.cn/v/ac48862013,https://tx-free-imgs.acfun.cn/newUpload/2176158_c4802142afc14d50b2cd775e67890cca.gif?imageslim,AcFun,周榜,week,hotlist,,2026-09-25 07:19:08
21,mr chu!!好怀念这首歌,,1967,https://www.acfun.cn/v/ac48869375,https://tx-free-imgs.acfun.cn/newUpload/16380981_19592eb83a88429695ee1a0508fc3df0.png?imageslim,AcFun,周榜,week,hotlist,,2026-09-25 07:19:08
22,魔兽无限服禁金团引爆社区！但原教旨主义玩家才是最抽象的？【绅批】,所谓“严厉处罚“”顶格也就是封号，会根据情况由短至长，当然能不能具体实行就是另一回事了,3063,https://www.acfun.cn/v/ac48857248,https://tx-free-imgs.acfun.cn/newUpload/526850_b63f9e2a1bd04c38ac3c61257e0b87dd.jpeg?imageslim,AcFun,周榜,week,hotlist,,2026-09-25 07:19:08
23,你们内外皆钢，而我们化身钢铁！【达奇】战锤40K故事内容,感谢下巴老师对视频内容的支持与完善,2132,https://www.acfun.cn/v/ac48856443,https://tx-free-imgs.acfun.cn/newUpload/346807_7f5f779958dd4d6986f60021118423da.jpeg?imageslim,AcFun,周榜,week,hotlist,,2026-09-25 07:19:08
24,还是少妇会啊！！！★手机竖屏2009★,审核大大辛苦了！<br/>谢谢每一个投蕉的帅哥美女！香蕉没有来个赞也好啊！<br/>视频来自快手等平台，侵权联系删除！,4844,https://www.acfun.cn/v/ac48859515,https://tx-free-imgs.acfun.cn/newUpload/2176158_d4e9e6e30f4446319f9e720adfe35ef9.gif?imageslim,AcFun,周榜,week,hotlist,,2026-09-25 07:19:08
25,【AC娘】琵琶曲,原作者：Kotte Animation<br/>还有瑕疵，看个乐吧,3067,https://www.acfun.cn/v/ac48864492,https://tx-free-imgs.acfun.cn/newUpload/41729435_02cbd995b6d54f508eb21d3cb8621903.jpeg?imageslim,AcFun,周榜,week,hotlist,,2026-09-25 07:19:08
26,25年了，回坊天花板小酥肉，还是那个味儿,记忆中的味道，回来了，都回来了……<br/>一口椒麻一口鲜，大口吃肉，配上热腾腾的米饭，绝了。<br/>素三鲜也是无敌的存在！,2495,https://www.acfun.cn/v/ac48865538,https://tx-free-imgs.acfun.cn/newUpload/13765438_9bc4a0abf32a4c1aa3e83c844de84649.jpeg?imageslim,AcFun,周榜,week,hotlist,,2026-09-25 07:19:08
27,海洋公园一定要去啊！欢乐八点档-1776,审核大大辛苦了！<br/>免费的香蕉投一下吧，没有那就点个赞吧，这对我来说很重要，谢谢！！！<br/>谢谢每一个投蕉的帅哥美女！你们是我坚持更新的动力！<br/>视频来自快手等平台，侵权联系删除！,4462,https://www.acfun.cn/v/ac48856824,https://tx-free-imgs.acfun.cn/newUpload/2176158_3406d07fb97f486893aedb108728c2ec.gif?imageslim,AcFun,周榜,week,hotlist,,2026-09-25 07:19:08
28,拳击好啊，拳击得学！欢乐八点档-1781,审核大大辛苦了！<br/>免费的香蕉投一下吧，没有那就点个赞吧，这对我来说很重要，谢谢！！！<br/>谢谢每一个投蕉的帅哥美女！你们是我坚持更新的动力！<br/>视频来自快手等平台，侵权联系删除！,3928,https://www.acfun.cn/v/ac48868336,https://tx-free-imgs.acfun.cn/newUpload/2176158_3f6c601293a54468bae97f781440217b.gif?imageslim,AcFun,周榜,week,hotlist,,2026-09-25 07:19:08
29,你的拳头真是肥嘟嘟的...,动漫：心灵的声音，作者：赵石【韩国】,2155,https://www.acfun.cn/v/ac48859870,https://tx-free-imgs.acfun.cn/newUpload/509259_2fa91d5206504450be471808d9c93a22.jpeg?imageslim,AcFun,周榜,week,hotlist,,2026-09-25 07:19:08
30,北京豆汁会惩罚每一个好奇的人！欢乐八点档-1780,审核大大辛苦了！<br/>免费的香蕉投一下吧，没有那就点个赞吧，这对我来说很重要，谢谢！！！<br/>谢谢每一个投蕉的帅哥美女！你们是我坚持更新的动力！<br/>视频来自快手等平台，侵权联系删除！,4346,https://www.acfun.cn/v/ac48865965,https://tx-free-imgs.acfun.cn/newUpload/2176158_ec83e6fb2ffc4005b41881ac13dbaeca.gif?imageslim,AcFun,周榜,week,hotlist,,2026-09-25 07:19:08
31,这个一字马技术含量很高啊！欢乐八点档-1778,审核大大辛苦了！<br/>免费的香蕉投一下吧，没有那就点个赞吧，这对我来说很重要，谢谢！！！<br/>谢谢每一个投蕉的帅哥美女！你们是我坚持更新的动力！<br/>视频来自快手等平台，侵权联系删除！,4334,https://www.acfun.cn/v/ac48861225,https://tx-free-imgs.acfun.cn/newUpload/2176158_0824627cb76d40dc99ce9cb12c07e4cc.gif?imageslim,AcFun,周榜,week,hotlist,,2026-09-25 07:19:08
32,网络上常见的热门短视频集锦   第三千四百四十一期,审核大大辛苦了！<br/>谢谢每一个投蕉的帅哥美女！香蕉没有来个赞也好啊！<br/>视频来自快手等平台，侵权联系删除！,4141,https://www.acfun.cn/v/ac48862019,https://tx-free-imgs.acfun.cn/newUpload/2176158_6e5a88d95f344d92a8d97a57f03ac4b9.gif?imageslim,AcFun,周榜,week,hotlist,,2026-09-25 07:19:08
33,网络上常见的热门短视频集锦   第三千四百四十五期,审核大大辛苦了！<br/>谢谢每一个投蕉的帅哥美女！香蕉没有来个赞也好啊！<br/>视频来自快手等平台，侵权联系删除！,3817,https://www.acfun.cn/v/ac48866824,https://tx-free-imgs.acfun.cn/newUpload/2176158_dba921eb42f14c7ba31a1af83bfe71ce.gif?imageslim,AcFun,周榜,week,hotlist,,2026-09-25 07:19:08
34,【柯基】《九一八》｜黄自,,1774,https://www.acfun.cn/v/ac48855665,https://tx-free-imgs.acfun.cn/newUpload/29493245_98e6396080ff45c6aabd437a73b80398.png?imageslim,AcFun,周榜,week,hotlist,,2026-09-25 07:19:08
35,琵琶曲丨夜神月 VS  L,原曲：琵琶曲,2203,https://www.acfun.cn/v/ac48861693,https://tx-free-imgs.acfun.cn/newUpload/16986934_3bf4dd94910c4845acf851f7f0fdb757.jpeg?imageslim,AcFun,周榜,week,hotlist,,2026-09-25 07:19:08
36,我真的是来吃饭的！★手机竖屏2013★,审核大大辛苦了！<br/>谢谢每一个投蕉的帅哥美女！香蕉没有来个赞也好啊！<br/>视频来自快手等平台，侵权联系删除！,3285,https://www.acfun.cn/v/ac48869145,https://tx-free-imgs.acfun.cn/newUpload/2176158_eb4b69370b8f435aa2b171e72403d356.gif?imageslim,AcFun,周榜,week,hotlist,,2026-09-25 07:19:08
37,空中瑜伽！！！★手机竖屏2012★,审核大大辛苦了！<br/>谢谢每一个投蕉的帅哥美女！香蕉没有来个赞也好啊！<br/>视频来自快手等平台，侵权联系删除！,4280,https://www.acfun.cn/v/ac48866821,https://tx-free-imgs.acfun.cn/newUpload/2176158_610807af48f5463a891fc9f341c9b16f.gif?imageslim,AcFun,周榜,week,hotlist,,2026-09-25 07:19:08
38,网络上常见的热门短视频集锦   第三千四百三十九期,审核大大辛苦了！<br/>谢谢每一个投蕉的帅哥美女！香蕉没有来个赞也好啊！<br/>视频来自快手等平台，侵权联系删除！,4004,https://www.acfun.cn/v/ac48859518,https://tx-free-imgs.acfun.cn/newUpload/2176158_13f61f1aa39c4732bdaeed87fe0e28a4.gif?imageslim,AcFun,周榜,week,hotlist,,2026-09-25 07:19:08
39,厨师长教你：“鱼香肉丝”的家常做法，酸甜微辣，口感丰富,,1959,https://www.acfun.cn/v/ac48867741,https://tx-free-imgs.acfun.cn/newUpload/13274260_93e68d1098d04ffca2683655a6a404c2.jpeg?imageslim,AcFun,周榜,week,hotlist,,2026-09-25 07:19:08
40,一天生产500万个！速冻水饺是如何制造出来的？,,2144,https://www.acfun.cn/v/ac48859253,https://tx-free-imgs.acfun.cn/newUpload/19281632_57f07fe28e24422d948491fd2d43586c.jpeg?imageslim,AcFun,周榜,week,hotlist,,2026-09-25 07:19:08
41,今天你不能嫁出去【今天有什么好笑的 #2514】,：)，谢谢大家，祝你们开心。<br/>wallpaper壁纸：Fading Astronaut 5K (update)<br/>BGM：I Want It That Way,2833,https://www.acfun.cn/v/ac48865864,https://tx-free-imgs.acfun.cn/newUpload/383079_ee4f5f7badf74f05a2ef6c691387f327.gif?imageslim,AcFun,周榜,week,hotlist,,2026-09-25 07:19:08
42,单纯的约会（92）,,1810,https://www.acfun.cn/v/ac48857199,https://tx-free-imgs.acfun.cn/newUpload/74706824_a3a60d77e6934225b168686e44216c4b.png?imageslim,AcFun,周榜,week,hotlist,,2026-09-25 07:19:08
43,【东方】推特东方小视频选集 第272期,睡觉睡觉睡觉睡觉睡觉睡觉睡觉睡觉睡觉睡觉……,1376,https://www.acfun.cn/v/ac48858830,https://tx-free-imgs.acfun.cn/newUpload/6102_5a13d6efeec742ff84c512206aaeb7b0.jpeg?imageslim,AcFun,周榜,week,hotlist,,2026-09-25 07:19:08
44,因为害怕被讨厌 所以把自己藏起来了,,1916,https://www.acfun.cn/v/ac48871331,https://tx-free-imgs.acfun.cn/newUpload/11361784_3d4bd69b46f541e184c2922c24f09276.jpg?imageslim,AcFun,周榜,week,hotlist,,2026-09-25 07:19:08
45,甜妹来袭！,,2137,https://www.acfun.cn/v/ac48863947,https://tx-free-imgs.acfun.cn/newUpload/12439728_1fd5a3c6e60241a1a1cd8f89dbede769.png?imageslim,AcFun,周榜,week,hotlist,,2026-09-25 07:19:08
46,网络上常见的热门短视频集锦   第三千四百三十六期,审核大大辛苦了！<br/>谢谢每一个投蕉的帅哥美女！香蕉没有来个赞也好啊！<br/>视频来自快手等平台，侵权联系删除！,3945,https://www.acfun.cn/v/ac48856130,https://tx-free-imgs.acfun.cn/newUpload/2176158_4b41dc501581491e9b900fd0a1662e27.gif?imageslim,AcFun,周榜,week,hotlist,,2026-09-25 07:19:08
47,网络上常见的热门短视频集锦   第三千四百四十三期,审核大大辛苦了！<br/>谢谢每一个投蕉的帅哥美女！香蕉没有来个赞也好啊！<br/>视频来自快手等平台，侵权联系删除！,3561,https://www.acfun.cn/v/ac48864363,https://tx-free-imgs.acfun.cn/newUpload/2176158_dfef22dbf6934a15a594e5766b8680ca.gif?imageslim,AcFun,周榜,week,hotlist,,2026-09-25 07:19:08
48,嘞个就是爱情【今天有什么好笑的 #2512】,：），谢谢大家的投蕉和点赞，祝你开心愉快~<br/>wallpaper壁纸：lamp<br/>BGM：What a Feeling,2427,https://www.acfun.cn/v/ac48860992,https://tx-free-imgs.acfun.cn/newUpload/383079_172d192fee55441c96b7352f61e0a25f.gif?imageslim,AcFun,周榜,week,hotlist,,2026-09-25 07:19:08
49,网络上常见的热门短视频集锦   第三千四百三十七期,审核大大辛苦了！<br/>谢谢每一个投蕉的帅哥美女！香蕉没有来个赞也好啊！<br/>视频来自快手等平台，侵权联系删除！,3645,https://www.acfun.cn/v/ac48857544,https://tx-free-imgs.acfun.cn/newUpload/2176158_65f1d403dce7484b8d62b6f272bdbe31.gif?imageslim,AcFun,周榜,week,hotlist,,2026-09-25 07:19:08
50,网络上常见的热门短视频集锦   第三千四百四十四期,审核大大辛苦了！<br/>谢谢每一个投蕉的帅哥美女！香蕉没有来个赞也好啊！<br/>视频来自快手等平台，侵权联系删除！,3485,https://www.acfun.cn/v/ac48865021,https://tx-free-imgs.acfun.cn/newUpload/2176158_663463f1e6004dc2b4dea153d1e60c05.gif?imageslim,AcFun,周榜,week,hotlist,,2026-09-25 07:19:08
1,我真的是来吃饭的！★手机竖屏2013★,审核大大辛苦了！<br/>谢谢每一个投蕉的帅哥美女！香蕉没有来个赞也好啊！<br/>视频来自快手等平台，侵权联系删除！,3378,https://www.acfun.cn/v/ac48869145,https://tx-free-imgs.acfun.cn/newUpload/2176158_eb4b69370b8f435aa2b171e72403d356.gif?imageslim,AcFun,日榜,day,hotlist,,2026-09-25 08:55:16
2,因为害怕被讨厌 所以把自己藏起来了,,2031,https://www.acfun.cn/v/ac48871331,https://tx-free-imgs.acfun.cn/newUpload/11361784_3d4bd69b46f541e184c2922c24f09276.jpg?imageslim,AcFun,日榜,day,hotlist,,2026-09-25 08:55:16
3,这样的学姐喜欢吗？欢乐八点档-1782,审核大大辛苦了！<br/>免费的香蕉投一下吧，没有那就点个赞吧，这对我来说很重要，谢谢！！！<br/>谢谢每一个投蕉的帅哥美女！你们是我坚持更新的动力！<br/>视频来自快手等平台，侵权联系删除！,2329,https://www.acfun.cn/v/ac48870057,https://tx-free-imgs.acfun.cn/newUpload/2176158_4c1f3b60f73e451abc443941d47305d8.gif?imageslim,AcFun,日榜,day,hotlist,,2026-09-25 08:55:16
4,姛姛？！蝴蝶耳机Manget中文翻唱【箐羽Hane】x【缇若柯Teivoc】,“是否你确实表里如一淡然，还是说你——并不似我贪婪？”<br/>《Manget》磁石 / 蝴蝶耳机 - 中文翻唱<br/>原作作曲 / 流星P<br/>曲绘&翻唱 / 箐羽hane & 缇若柯Teivoc<br/>中文填词 / 果汁凉菜<br/>混音 / 风尘<br/>和笋笋一起唱了我们二次元姛神曲！曲绘也是我和笋笋每个人负责了自己的部分最后再拼到一起的！真好！( *^ ^)o(^ ^* )希望大家也能喜欢！,1353,https://www.acfun.cn/v/ac48869340,https://tx-free-imgs.acfun.cn/newUpload/67511609_d868cdbd6b1849e8958696cdc9db1493.jpeg?imageslim,AcFun,日榜,day,hotlist,,2026-09-25 08:55:16
5,网络上常见的热门短视频集锦   第三千四百四十八期,审核大大辛苦了！<br/>谢谢每一个投蕉的帅哥美女！香蕉没有来个赞也好啊！<br/>视频来自快手等平台，侵权联系删除！,2823,https://www.acfun.cn/v/ac48870020,https://tx-free-imgs.acfun.cn/newUpload/2176158_d65e54f4e9ee489b86b6fc28c31c84ee.gif?imageslim,AcFun,日榜,day,hotlist,,2026-09-25 08:55:16
6,我要冲会员【今天有什么好笑的 #2516】,：），谢谢大家的投蕉和点赞，祝你开心愉快~<br/>wallpaper壁纸：Reze | Chainsaw Man<br/>BGM：Nicoleta Matei - Love mail<br/>,1955,https://www.acfun.cn/v/ac48870763,https://tx-free-imgs.acfun.cn/newUpload/383079_47b0fc3f458042f5bd3717967e55c598.gif?imageslim,AcFun,日榜,day,hotlist,,2026-09-25 08:55:16
7,网络上常见的热门短视频集锦   第三千四百四十七期,审核大大辛苦了！<br/>谢谢每一个投蕉的帅哥美女！香蕉没有来个赞也好啊！<br/>视频来自快手等平台，侵权联系删除！,2715,https://www.acfun.cn/v/ac48869149,https://tx-free-imgs.acfun.cn/newUpload/2176158_fdf9afe2e00a4a1aa62415c846776eaf.gif?imageslim,AcFun,日榜,day,hotlist,,2026-09-25 08:55:16
8,老板直聘（89）,,1467,https://www.acfun.cn/v/ac48868552,https://tx-free-imgs.acfun.cn/newUpload/74706824_db2c7ba15c5d4aa18872db6b0763b7ca.jpeg?imageslim,AcFun,日榜,day,hotlist,,2026-09-25 08:55:16
9,奥迪“宫斗”十年大结局？一汽拿四环，上汽拿AUDI,一汽奥迪和上汽奥迪“宫斗”了十年，终于要划下句号了？,1414,https://www.acfun.cn/v/ac48870981,https://tx-free-imgs.acfun.cn/newUpload/13630266_3fde785be5a2411495618f67d01ab66a.jpeg?imageslim,AcFun,日榜,day,hotlist,,2026-09-25 08:55:16
10,沦陷️,歌曲舞蹈：沦陷dj版-星奇摇   动作有改编,1366,https://www.acfun.cn/v/ac48869381,https://tx-free-imgs.acfun.cn/newUpload/12229455_aacf9da97a0940ad8e5f0b509d9cc159.jpeg?imageslim,AcFun,日榜,day,hotlist,,2026-09-25 08:55:16
11,发个friend圈,,1340,https://www.acfun.cn/v/ac48863958,https://tx-free-imgs.acfun.cn/newUpload/12439728_b44cb67ae45a4c179b08227368f4159c.png?imageslim,AcFun,日榜,day,hotlist,,2026-09-25 08:55:16
12,在英国差点被上门诈骗,可能看到我一人在家，就大胆敲门了，还好平常也会注意周边邻居，没发生什么事儿，这个金额就算被骗也不会报警，以后还是要小心一些了。#英国日常#vlog,1267,https://www.acfun.cn/v/ac48869505,https://tx-free-imgs.acfun.cn/newUpload/43181603_1c8c6c487a864d098b5e7e7bf2a12c6a.jpg?imageslim,AcFun,日榜,day,hotlist,,2026-09-25 08:55:16
13,【东方】QUEEN【蕾米莉亚 Miy Ver. MMD】,作者：やくも<br/><br/>楽曲:Kanaria 様→https://www.nicovideo.jp/watch/sm4088...<br/>振付:AKIRA様<br/>モーション:P-nez 様→https://www.nicovideo.jp/watch/sm4350...<br/>カメラ:Mizuha様→https://www.nicovideo.jp/watch/sm4353...<br/>モデル:MIy様<br/>ステージ:栗ごはん様<br/>アクセサリ:アスカ様,1065,https://www.acfun.cn/v/ac48870080,https://tx-free-imgs.acfun.cn/newUpload/6102_6a4dce20c9b74fa0bbdff3ccc0a73c5d.png?imageslim,AcFun,日榜,day,hotlist,,2026-09-25 08:55:16
14,【无字幕】《JOJO的奇妙冒险 飙马野郎 》Part 2 NCOP「SPIN」,,952,https://www.acfun.cn/v/ac48869632,https://tx-free-imgs.acfun.cn/newUpload/30501027_aae616c323af422bb4da842c191d69ce.png?imageslim,AcFun,日榜,day,hotlist,,2026-09-25 08:55:16
15,【AI】今晚的期待,Comfyui,1306,https://www.acfun.cn/v/ac48870865,https://tx-free-imgs.acfun.cn/newUpload/14047168_02bac6c1158f4e108536124c7239e472.jpeg?imageslim,AcFun,日榜,day,hotlist,,2026-09-25 08:55:16
16,"长手打短手？2万分王者局！快速看完一局韩服王者斗殴局#836 十三day, Eclipse,","长手打短手？2万分王者局！快速看完一局韩服王者斗殴局#836 十三day, Eclipse, 0909, Lelitz, 1Jiang <br/>BGM:https://music.163.com/playlist?id=650818240&userid=30476594",1294,https://www.acfun.cn/v/ac48863751,https://tx-free-imgs.acfun.cn/newUpload/1378726_792b017ff72e4ed49b05fe8e1e24f6e4.jpeg?imageslim,AcFun,日榜,day,hotlist,,2026-09-25 08:55:16
17,这套皮肤真的很喜欢,,1121,https://www.acfun.cn/v/ac48871657,https://tx-free-imgs.acfun.cn/newUpload/16380981_ac9640e59a3a42e093fcee0a0b81d474.jpg?imageslim,AcFun,日榜,day,hotlist,,2026-09-25 08:55:16
18,坚持跳舞8年改变了什么？《千里邀月》2018vs2026【紫嘉儿】,中秋快乐！没想到8年前的编舞每年这个时候都有很多翻跳，一起用舞蹈记录下美好时光吧！,1148,https://www.acfun.cn/v/ac48870585,https://tx-free-imgs.acfun.cn/newUpload/1161851_851c52555ace464f98231f30a167eedd.png?imageslim,AcFun,日榜,day,hotlist,,2026-09-25 08:55:16
19,少女机甲+空投轰炸？是什么神仙组合？,到底是一款什么样的机甲游戏，上线快3年还保持着特别好评？虽然是机甲美少女的设定，但是操作的是厚重质感的硬核机甲，这种硬核操作的感觉让人越玩越上头，今天来跟大家聊聊这款游戏《铁骑少女》。<br/>最近我一直期待的第三个DLC金盏花也是要上线了，这次DLC的核心新玩法，就是机甲“搜打撤”的模式。和本体死守基地的玩法不一样，这次整体的游玩思路都变了~,1128,https://www.acfun.cn/v/ac48871337,https://tx-free-imgs.acfun.cn/newUpload/61352468_77bf0ab03cd34fefa1d5530aca003edb.jpeg?imageslim,AcFun,日榜,day,hotlist,,2026-09-25 08:55:16
20,【AI】小妈裙~chocolate cream,Comfyui,1295,https://www.acfun.cn/v/ac48870861,https://tx-free-imgs.acfun.cn/newUpload/14047168_efd2bae7c6184b3b89e82abfaadf0fb3.jpeg?imageslim,AcFun,日榜,day,hotlist,,2026-09-25 08:55:16
21,好像只能礼貌的问候~,,1138,https://www.acfun.cn/v/ac48871365,https://tx-free-imgs.acfun.cn/newUpload/43459034_4572f98756df48b0bc9c323cdc49a8d2.jpg?imageslim,AcFun,日榜,day,hotlist,,2026-09-25 08:55:16
22,【绝望女神/翻唱】【星际牛仔ED The Real Folk Blues】,想听啥情继续评论回复~,812,https://www.acfun.cn/v/ac48871323,https://tx-free-imgs.acfun.cn/newUpload/20705199_0be8deafcbb34bdb9f17523c5bc95087.jpeg?imageslim,AcFun,日榜,day,hotlist,,2026-09-25 08:55:16
23,【翻唱】鬼ノ宴,本家様<br/>友成空様<br/>【鬼ノ宴】<br/>•友成空(TOMONARI SORA) -   鬼ノ宴   ［Lyric Video］<br/>https://www.youtube.com/watch?v=NFzyrPK9rtM,1035,https://www.acfun.cn/v/ac48871180,https://tx-free-imgs.acfun.cn/newUpload/10144864_a75eddb97ea048b59fef6aaea5d4478f.jpeg?imageslim,AcFun,日榜,day,hotlist,,2026-09-25 08:55:16
24,记录2023年6月份在台上开心的表演lamb的我,,1138,https://www.acfun.cn/v/ac48871344,https://tx-free-imgs.acfun.cn/newUpload/16380981_00755d93042647bcb6f29a19da53e590.png?imageslim,AcFun,日榜,day,hotlist,,2026-09-25 08:55:16
25,下班后跳一段恋爱的条件～,,1055,https://www.acfun.cn/v/ac48871308,https://tx-free-imgs.acfun.cn/newUpload/43459034_9aa96c2a93884a3891b73b05298d8521.jpg?imageslim,AcFun,日榜,day,hotlist,,2026-09-25 08:55:16
26,吃！给我吃！【鬼ノ宴翻唱】,,1063,https://www.acfun.cn/v/ac48871186,https://tx-free-imgs.acfun.cn/newUpload/10144864_ee78f4d0678d414f9ce18c29231cf17a.jpeg?imageslim,AcFun,日榜,day,hotlist,,2026-09-25 08:55:16
27,T-ARA So Crazy,,1398,https://www.acfun.cn/v/ac48869387,https://tx-free-imgs.acfun.cn/newUpload/795184_e0ad411d1b844c569dc376c0b45f763c.jpeg?imageslim,AcFun,日榜,day,hotlist,,2026-09-25 08:55:16
28,【黒碳】ライトダンス - サカナクション【生日作】【翻唱】,本家:サカナクション ; 翻唱: 黒碳Kurotan; 后期: 黒碳Kurotan; 曲绘: 黒碳Kurotan; PV: 黒碳Kurotan以及十分牛杯的網站：https://pv.pixjam.cn/ 背景是用這個做的!! 狠狠趕工終於做完了 好感動,1079,https://www.acfun.cn/v/ac48869560,https://tx-free-imgs.acfun.cn/newUpload/13707663_f611642aa87b4dab9a8d8a6beb7ace77.jpeg?imageslim,AcFun,日榜,day,hotlist,,2026-09-25 08:55:16
29,BR66型蒸汽机车 trix越来越垃圾了！尤其是垃圾会员车，一个比一个烂！这一次终于拉了一坨更大的！,,659,https://www.acfun.cn/v/ac48871197,https://tx-free-imgs.acfun.cn/newUpload/66128753_8563c2ab24aa4a2289e52500bc42f1f1.png?imageslim,AcFun,日榜,day,hotlist,,2026-09-25 08:55:16
30,AOA-猫步轻俏,,1234,https://www.acfun.cn/v/ac48869298,https://tx-free-imgs.acfun.cn/newUpload/795184_6cc9a8a9e54144c3b69380546963be9b.jpeg?imageslim,AcFun,日榜,day,hotlist,,2026-09-25 08:55:16
31,如果是机器人女友，怎么哄男朋友呢？！,,1165,https://www.acfun.cn/v/ac48870116,https://tx-free-imgs.acfun.cn/newUpload/17928_330fc95b89c04eda831570be0a48cb0e.png?imageslim,AcFun,日榜,day,hotlist,,2026-09-25 08:55:16
32,【AI】山间竹林仙子,Comfyui,1082,https://www.acfun.cn/v/ac48870853,https://tx-free-imgs.acfun.cn/newUpload/14047168_20afdd6955bd44a9a04b0629aecb5ad1.jpeg?imageslim,AcFun,日榜,day,hotlist,,2026-09-25 08:55:16
33,22.称霸水下四亿年，人类最古老的远房祖先：硬骨鱼总纲,22.称霸水下四亿年，人类最古老的远房祖先：硬骨鱼总纲,980,https://www.acfun.cn/v/ac48871354,https://tx-free-imgs.acfun.cn/newUpload/28933912_40dcb39f039045868ae364582e4a1797.jpeg?imageslim,AcFun,日榜,day,hotlist,,2026-09-25 08:55:16
34,绿梦：时空之声公测定档！公测版本全面优化！,绿梦：时空之声公测定档！公测版本全面优化！,1181,https://www.acfun.cn/v/ac48871268,https://tx-free-imgs.acfun.cn/newUpload/63104383_33b9de6d951a4ca0b5a7b9dfc2fc748e.gif?imageslim,AcFun,日榜,day,hotlist,,2026-09-25 08:55:16
35,【牛子组合】凉凉,世事一场大梦，人生几度秋凉，祝大家26年中秋快乐,1023,https://www.acfun.cn/v/ac48870493,https://tx-free-imgs.acfun.cn/newUpload/358616_22f2cb85fdca497ab5cd556c984493d6.png?imageslim,AcFun,日榜,day,hotlist,,2026-09-25 08:55:16
36,卓哥儿那可是专业杰哥，人群之中七进七出不成问题！,自定义也发？,1112,https://www.acfun.cn/v/ac48871816,https://tx-free-imgs.acfun.cn/newUpload/581357_d49b41a0e554440db6952de719b3f832.jpeg?imageslim,AcFun,日榜,day,hotlist,,2026-09-25 08:55:16
37,上线才半年，腾讯养的“龙虾”QClaw，官宣停运了！,,1123,https://www.acfun.cn/v/ac48871074,https://tx-free-imgs.acfun.cn/newUpload/17928_22da7d70ed6749f690e735b0f098a800.png?imageslim,AcFun,日榜,day,hotlist,,2026-09-25 08:55:16
38,另一版,之前还拍了一版，但是感觉镜头太晃了,525,https://www.acfun.cn/v/ac48871588,https://tx-free-imgs.acfun.cn/newUpload/12954767_f420f9f6197c43d4bb14421c32d81bbb.png?imageslim,AcFun,日榜,day,hotlist,,2026-09-25 08:55:16
39,小兔-20260923 abracadabra 上下 恋爱的条件 成人礼 晚安吻,,1057,https://www.acfun.cn/v/ac48870476,https://tx-free-imgs.acfun.cn/newUpload/78055394_4dcf7a6688cb4a1994bd96389cc84b38.jpeg?imageslim,AcFun,日榜,day,hotlist,,2026-09-25 08:55:16
40,T-ara Bo Peep Bo Peep,,1079,https://www.acfun.cn/v/ac48869397,https://tx-free-imgs.acfun.cn/newUpload/795184_1876bec3bc5d43d6b42da8060c06a34a.jpeg?imageslim,AcFun,日榜,day,hotlist,,2026-09-25 08:55:16
41,【小腐】暧昧回避,夕阳下起舞吧,393,https://www.acfun.cn/v/ac48869652,https://tx-free-imgs.acfun.cn/newUpload/13893173_aae9f2e333b24238961905e095f6c60c.png?imageslim,AcFun,日榜,day,hotlist,,2026-09-25 08:55:16
42,社畜身份不是你精致生活的角色扮演,,652,https://www.acfun.cn/v/ac48871467,https://tx-free-imgs.acfun.cn/newUpload/14013875_ec82a37907ff4565a6f6f6d916bd7117.png?imageslim,AcFun,日榜,day,hotlist,,2026-09-25 08:55:16
43,桢-20260923 abracadabra,,1041,https://www.acfun.cn/v/ac48870552,https://tx-free-imgs.acfun.cn/newUpload/78055394_f7c161e6bccd480f9b8a372dd55c3678.jpeg?imageslim,AcFun,日榜,day,hotlist,,2026-09-25 08:55:16
44,飒！BABYMONSTER CHIQUITA小姐姐跳《Worth It》,-v -好不好看呢,1078,https://www.acfun.cn/v/ac48870427,https://tx-free-imgs.acfun.cn/newUpload/199029_44d3343f2e3742c780253ef0f9df1a6b.png?imageslim,AcFun,日榜,day,hotlist,,2026-09-25 08:55:16
45,【雀魂汪汪录】第402期 牌没有问题，你们打吧,BGM可以通过网易云搜索【雀魂汪汪录BGM】就可以找到啦！<br/><br/>雀魂汪汪录 周四中午见<br/><br/>微博 @雀魂麻将majsoul<br/><br/>——————————————————————————<br/><br/>想要投稿的玩家~务必请通过邮箱来进行投稿~【请不要在评论区或是私信投稿，谢谢】<br/><br/>邮箱地址：tg@maj-soul.com<br/><br/>投稿最少需要注明【局目、内容、牌谱链接】哦！,938,https://www.acfun.cn/v/ac48868870,https://tx-free-imgs.acfun.cn/newUpload/14265704_e978d1ceac98487a9e811f09bc2d943f.jpeg?imageslim,AcFun,日榜,day,hotlist,,2026-09-25 08:55:16
46,重制版 2026年还有人看重制版吗？魔兽争霸xiaoy解说浪漫 kaho,,955,https://www.acfun.cn/v/ac48869843,https://tx-free-imgs.acfun.cn/newUpload/37584199_8b81592540634f919b6c685d31aa555c.jpeg?imageslim,AcFun,日榜,day,hotlist,,2026-09-25 08:55:16
47,AEW Dynamite #364/Collision #163 2026.09.23,"AEW Continental Title Eliminator Match<br/>Jon Moxley vs. Dezmond Xavier<br/>Tag Team Match<br/>Claudio Castagnoli & Gabe Kidd vs. Mike Bailey & Will Ospreay<br/>AEW TBS Title Match<br/>Persephone (c) vs. Hyan<br/>AEW World Trios Title Match<br/>Swerve Strickland & The New Level (Austin Creed & Kofi) (c) vs. The Demand (Bishop Kaun, Ricochet & Toa Liona)",1175,https://www.acfun.cn/v/ac48870183,https://tx-free-imgs.acfun.cn/newUpload/2327201_162cb51156a5464a9aa00ba19aac34ef.jpeg?imageslim,AcFun,日榜,day,hotlist,,2026-09-25 08:55:16
48,绝顶性感黑丝【DazzlingRed】舞蹈翻跳,,1033,https://www.acfun.cn/v/ac48871722,https://tx-free-imgs.acfun.cn/newUpload/28629507_651036189fde4ffabea2957b7a006984.png?imageslim,AcFun,日榜,day,hotlist,,2026-09-25 08:55:16
49,“狐蝠”亡命天涯半世纪,,1104,https://www.acfun.cn/v/ac48871667,https://tx-free-imgs.acfun.cn/newUpload/3592774_514c8455f636400c949adc88c25d0e83.jpeg?imageslim,AcFun,日榜,day,hotlist,,2026-09-25 08:55:16
50,동그란 안경으로 귀여운 매력 보여주는 지호,동그란 안경으로 귀여운 매력 보여주는 지호 | Beige Top & Glasses | Ji Ho,506,https://www.acfun.cn/v/ac48870864,https://tx-free-imgs.acfun.cn/newUpload/43172481_558625b6a90d469aabe28a39ba33fded.jpeg?imageslim,AcFun,日榜,day,hotlist,,2026-09-25 08:55:16
1,是谁点的小恶魔，蕉出来～,,5141,https://www.acfun.cn/v/ac48867778,https://tx-free-imgs.acfun.cn/newUpload/17062172_6098fee67d1748e0ab5dab3b5665736c.jpg?imageslim,AcFun,三日榜,three-days,hotlist,,2026-09-25 08:55:16
2,【绘图过程】《海边》6周年纪念插图过程,6周年纪念插图挂画（预售）、沙滩巾（预售），阿宝已上架,3238,https://www.acfun.cn/v/ac48836990,https://tx-free-imgs.acfun.cn/newUpload/179922_9f95aba039e84f3594c3947b3c8fdd58.jpeg?imageslim,AcFun,三日榜,three-days,hotlist,,2026-09-25 08:55:16
3,《野生动物迷惑行为》,喜欢请投蕉啊   谢谢啦！,2712,https://www.acfun.cn/v/ac48868360,https://tx-free-imgs.acfun.cn/newUpload/1342385_3fab348c538e4c0fa001871a708fe302.jpeg?imageslim,AcFun,三日榜,three-days,hotlist,,2026-09-25 08:55:16
4,还是少妇会的多啊！★手机竖屏2011★,审核大大辛苦了！<br/>谢谢每一个投蕉的帅哥美女！香蕉没有来个赞也好啊！<br/>视频来自快手等平台，侵权联系删除！,5056,https://www.acfun.cn/v/ac48864360,https://tx-free-imgs.acfun.cn/newUpload/2176158_3d4f199fd93640468e543b9ee25ac4c0.gif?imageslim,AcFun,三日榜,three-days,hotlist,,2026-09-25 08:55:16
5,漫威金刚狼深陷争议！SweetBaby又毁一款？【绅批】,这算是DEI的历史遗留问题了，所有现在已经从sweetbaby离职的人，只要参与过游戏制作也会被署名（比如桥本和真）,2757,https://www.acfun.cn/v/ac48868810,https://tx-free-imgs.acfun.cn/newUpload/526850_ca1da1572b1d494a93e2f6bab46cf76b.jpeg?imageslim,AcFun,三日榜,three-days,hotlist,,2026-09-25 08:55:16
6,mr chu!!好怀念这首歌,,1992,https://www.acfun.cn/v/ac48869375,https://tx-free-imgs.acfun.cn/newUpload/16380981_19592eb83a88429695ee1a0508fc3df0.png?imageslim,AcFun,三日榜,three-days,hotlist,,2026-09-25 08:55:16
7,25年了，回坊天花板小酥肉，还是那个味儿,记忆中的味道，回来了，都回来了……<br/>一口椒麻一口鲜，大口吃肉，配上热腾腾的米饭，绝了。<br/>素三鲜也是无敌的存在！,2497,https://www.acfun.cn/v/ac48865538,https://tx-free-imgs.acfun.cn/newUpload/13765438_9bc4a0abf32a4c1aa3e83c844de84649.jpeg?imageslim,AcFun,三日榜,three-days,hotlist,,2026-09-25 08:55:16
8,拳击好啊，拳击得学！欢乐八点档-1781,审核大大辛苦了！<br/>免费的香蕉投一下吧，没有那就点个赞吧，这对我来说很重要，谢谢！！！<br/>谢谢每一个投蕉的帅哥美女！你们是我坚持更新的动力！<br/>视频来自快手等平台，侵权联系删除！,3946,https://www.acfun.cn/v/ac48868336,https://tx-free-imgs.acfun.cn/newUpload/2176158_3f6c601293a54468bae97f781440217b.gif?imageslim,AcFun,三日榜,three-days,hotlist,,2026-09-25 08:55:16
9,北京豆汁会惩罚每一个好奇的人！欢乐八点档-1780,审核大大辛苦了！<br/>免费的香蕉投一下吧，没有那就点个赞吧，这对我来说很重要，谢谢！！！<br/>谢谢每一个投蕉的帅哥美女！你们是我坚持更新的动力！<br/>视频来自快手等平台，侵权联系删除！,4353,https://www.acfun.cn/v/ac48865965,https://tx-free-imgs.acfun.cn/newUpload/2176158_ec83e6fb2ffc4005b41881ac13dbaeca.gif?imageslim,AcFun,三日榜,three-days,hotlist,,2026-09-25 08:55:16
10,网络上常见的热门短视频集锦   第三千四百四十五期,审核大大辛苦了！<br/>谢谢每一个投蕉的帅哥美女！香蕉没有来个赞也好啊！<br/>视频来自快手等平台，侵权联系删除！,3827,https://www.acfun.cn/v/ac48866824,https://tx-free-imgs.acfun.cn/newUpload/2176158_dba921eb42f14c7ba31a1af83bfe71ce.gif?imageslim,AcFun,三日榜,three-days,hotlist,,2026-09-25 08:55:16
11,我真的是来吃饭的！★手机竖屏2013★,审核大大辛苦了！<br/>谢谢每一个投蕉的帅哥美女！香蕉没有来个赞也好啊！<br/>视频来自快手等平台，侵权联系删除！,3378,https://www.acfun.cn/v/ac48869145,https://tx-free-imgs.acfun.cn/newUpload/2176158_eb4b69370b8f435aa2b171e72403d356.gif?imageslim,AcFun,三日榜,three-days,hotlist,,2026-09-25 08:55:16
12,空中瑜伽！！！★手机竖屏2012★,审核大大辛苦了！<br/>谢谢每一个投蕉的帅哥美女！香蕉没有来个赞也好啊！<br/>视频来自快手等平台，侵权联系删除！,4285,https://www.acfun.cn/v/ac48866821,https://tx-free-imgs.acfun.cn/newUpload/2176158_610807af48f5463a891fc9f341c9b16f.gif?imageslim,AcFun,三日榜,three-days,hotlist,,2026-09-25 08:55:16
13,厨师长教你：“鱼香肉丝”的家常做法，酸甜微辣，口感丰富,,1970,https://www.acfun.cn/v/ac48867741,https://tx-free-imgs.acfun.cn/newUpload/13274260_93e68d1098d04ffca2683655a6a404c2.jpeg?imageslim,AcFun,三日榜,three-days,hotlist,,2026-09-25 08:55:16
14,因为害怕被讨厌 所以把自己藏起来了,,2031,https://www.acfun.cn/v/ac48871331,https://tx-free-imgs.acfun.cn/newUpload/11361784_3d4bd69b46f541e184c2922c24f09276.jpg?imageslim,AcFun,三日榜,three-days,hotlist,,2026-09-25 08:55:16
15,今天你不能嫁出去【今天有什么好笑的 #2514】,：)，谢谢大家，祝你们开心。<br/>wallpaper壁纸：Fading Astronaut 5K (update)<br/>BGM：I Want It That Way,2837,https://www.acfun.cn/v/ac48865864,https://tx-free-imgs.acfun.cn/newUpload/383079_ee4f5f7badf74f05a2ef6c691387f327.gif?imageslim,AcFun,三日榜,three-days,hotlist,,2026-09-25 08:55:16
16,网络上常见的热门短视频集锦   第三千四百四十三期,审核大大辛苦了！<br/>谢谢每一个投蕉的帅哥美女！香蕉没有来个赞也好啊！<br/>视频来自快手等平台，侵权联系删除！,3572,https://www.acfun.cn/v/ac48864363,https://tx-free-imgs.acfun.cn/newUpload/2176158_dfef22dbf6934a15a594e5766b8680ca.gif?imageslim,AcFun,三日榜,three-days,hotlist,,2026-09-25 08:55:16
17,网络上常见的热门短视频集锦   第三千四百四十四期,审核大大辛苦了！<br/>谢谢每一个投蕉的帅哥美女！香蕉没有来个赞也好啊！<br/>视频来自快手等平台，侵权联系删除！,3486,https://www.acfun.cn/v/ac48865021,https://tx-free-imgs.acfun.cn/newUpload/2176158_663463f1e6004dc2b4dea153d1e60c05.gif?imageslim,AcFun,三日榜,three-days,hotlist,,2026-09-25 08:55:16
18,嘴角压不住了【今天有什么好笑的 #2515】,：），谢谢大家的投蕉和点赞，祝你开心愉快~<br/>wallpaper壁纸：Genshin 神里绫华<br/>BGM：Wake me up when september ends,2339,https://www.acfun.cn/v/ac48868130,https://tx-free-imgs.acfun.cn/newUpload/383079_ef65121591434d2b86d53db1622776cd.gif?imageslim,AcFun,三日榜,three-days,hotlist,,2026-09-25 08:55:16
19,这样的学姐喜欢吗？欢乐八点档-1782,审核大大辛苦了！<br/>免费的香蕉投一下吧，没有那就点个赞吧，这对我来说很重要，谢谢！！！<br/>谢谢每一个投蕉的帅哥美女！你们是我坚持更新的动力！<br/>视频来自快手等平台，侵权联系删除！,2329,https://www.acfun.cn/v/ac48870057,https://tx-free-imgs.acfun.cn/newUpload/2176158_4c1f3b60f73e451abc443941d47305d8.gif?imageslim,AcFun,三日榜,three-days,hotlist,,2026-09-25 08:55:16
20,粉丝让我录的，不理解但照做！！！,怪哦~,1978,https://www.acfun.cn/v/ac48866011,https://tx-free-imgs.acfun.cn/newUpload/210705_6db288d8849d4e408bbee41ce9116989.jpeg?imageslim,AcFun,三日榜,three-days,hotlist,,2026-09-25 08:55:16
21,姛姛？！蝴蝶耳机Manget中文翻唱【箐羽Hane】x【缇若柯Teivoc】,“是否你确实表里如一淡然，还是说你——并不似我贪婪？”<br/>《Manget》磁石 / 蝴蝶耳机 - 中文翻唱<br/>原作作曲 / 流星P<br/>曲绘&翻唱 / 箐羽hane & 缇若柯Teivoc<br/>中文填词 / 果汁凉菜<br/>混音 / 风尘<br/>和笋笋一起唱了我们二次元姛神曲！曲绘也是我和笋笋每个人负责了自己的部分最后再拼到一起的！真好！( *^ ^)o(^ ^* )希望大家也能喜欢！,1353,https://www.acfun.cn/v/ac48869340,https://tx-free-imgs.acfun.cn/newUpload/67511609_d868cdbd6b1849e8958696cdc9db1493.jpeg?imageslim,AcFun,三日榜,three-days,hotlist,,2026-09-25 08:55:16
22,网络上常见的热门短视频集锦   第三千四百四十六期,审核大大辛苦了！<br/>谢谢每一个投蕉的帅哥美女！香蕉没有来个赞也好啊！<br/>视频来自快手等平台，侵权联系删除！,3542,https://www.acfun.cn/v/ac48867732,https://tx-free-imgs.acfun.cn/newUpload/2176158_2ec1d99da19a48e0a8e4ff2a2447e612.gif?imageslim,AcFun,三日榜,three-days,hotlist,,2026-09-25 08:55:16
23,双手合十萨瓦迪卡！,,1776,https://www.acfun.cn/v/ac48863951,https://tx-free-imgs.acfun.cn/newUpload/12439728_638a29114abf4b0bafda38c61f497df1.png?imageslim,AcFun,三日榜,three-days,hotlist,,2026-09-25 08:55:16
24,昆汀力荐！这部复仇老片，竟是杀死比尔的人物原型来源,,1629,https://www.acfun.cn/v/ac48865483,https://tx-free-imgs.acfun.cn/newUpload/8042365_d9ae5a725d8848abb4b488acbf483611.jpeg?imageslim,AcFun,三日榜,three-days,hotlist,,2026-09-25 08:55:16
25,现在电脑不好卖了，以后我们出租AI机器人吧,,1682,https://www.acfun.cn/v/ac48867767,https://tx-free-imgs.acfun.cn/newUpload/17928_c684f06231604145b533a0f00627c624.png?imageslim,AcFun,三日榜,three-days,hotlist,,2026-09-25 08:55:16
26,交通事故20260923：交通车祸实例，提高安全驾驶意识,,1379,https://www.acfun.cn/v/ac48868861,https://tx-free-imgs.acfun.cn/newUpload/76871961_edea5de6659a4cd2b733a74989043440.jpg?imageslim,AcFun,三日榜,three-days,hotlist,,2026-09-25 08:55:16
27,网络上常见的热门短视频集锦   第三千四百四十八期,审核大大辛苦了！<br/>谢谢每一个投蕉的帅哥美女！香蕉没有来个赞也好啊！<br/>视频来自快手等平台，侵权联系删除！,2823,https://www.acfun.cn/v/ac48870020,https://tx-free-imgs.acfun.cn/newUpload/2176158_d65e54f4e9ee489b86b6fc28c31c84ee.gif?imageslim,AcFun,三日榜,three-days,hotlist,,2026-09-25 08:55:16
28,常州新开巴西烤肉自助，100块钱值得吗？,这是我目前为止，去过的第二家巴西烤肉自助，团购优惠的情况下，花了94元。正常价格在95~110不等<br/><br/>简单带大家看下菜品，除了取餐台这么些，各种牛肉制品、大串烧烤都是循环上桌，大家觉得这么些菜式花样，100块钱左右你们觉得贵还是便宜啊，觉得贵的扣1，觉得便宜的扣2,1791,https://www.acfun.cn/v/ac48868891,https://tx-free-imgs.acfun.cn/newUpload/2046675_bf3a59ddff624646850829452262094e.jpeg?imageslim,AcFun,三日榜,three-days,hotlist,,2026-09-25 08:55:16
29,人鱼的眼泪,歌曲舞蹈：爱乐之城-人鱼的眼泪,1511,https://www.acfun.cn/v/ac48867050,https://tx-free-imgs.acfun.cn/newUpload/12229455_130b1f041e6741dab4f6295ee27d927e.jpeg?imageslim,AcFun,三日榜,three-days,hotlist,,2026-09-25 08:55:16
30,网络上常见的热门短视频集锦   第三千四百四十七期,审核大大辛苦了！<br/>谢谢每一个投蕉的帅哥美女！香蕉没有来个赞也好啊！<br/>视频来自快手等平台，侵权联系删除！,2715,https://www.acfun.cn/v/ac48869149,https://tx-free-imgs.acfun.cn/newUpload/2176158_fdf9afe2e00a4a1aa62415c846776eaf.gif?imageslim,AcFun,三日榜,three-days,hotlist,,2026-09-25 08:55:16
31,Summertime,歌曲：summer time<br/>动作参考：紫嘉儿<br/>原版编舞：（Millennium红房子_BON）<br/>参考编舞：(GFRIEND《Sunny Summer）,1709,https://www.acfun.cn/v/ac48864563,https://tx-free-imgs.acfun.cn/newUpload/12229455_1a8e22f51f3e4effa32c00abb4fd05af.jpeg?imageslim,AcFun,三日榜,three-days,hotlist,,2026-09-25 08:55:16
32,原创编舞《千层套路》的定机位竖屏来啦！,,1577,https://www.acfun.cn/v/ac48869245,https://tx-free-imgs.acfun.cn/newUpload/16380981_24bafd11c027499d9fe6820162faa782.png?imageslim,AcFun,三日榜,three-days,hotlist,,2026-09-25 08:55:16
33,北京的最北端在黑龙江？？？国内飞地是怎么形成的？,这份中国地图，是你从未看过的船新版本，放大几倍就会发现，在大家熟悉的各个省份中，还藏着一堆 “你中有我、我中有你” 的飞地。,1753,https://www.acfun.cn/v/ac48867896,https://tx-free-imgs.acfun.cn/newUpload/13630266_cc2428a99a42453f99c9e1306e7a43bb.jpeg?imageslim,AcFun,三日榜,three-days,hotlist,,2026-09-25 08:55:16
34,我要辞职了！,,1639,https://www.acfun.cn/v/ac48863957,https://tx-free-imgs.acfun.cn/newUpload/12439728_7c57a0735675474590bf7b25e1a34527.png?imageslim,AcFun,三日榜,three-days,hotlist,,2026-09-25 08:55:16
35,捏捏已经已进化到可以吃的地步啦？,,1602,https://www.acfun.cn/v/ac48868638,https://tx-free-imgs.acfun.cn/newUpload/6177430_486c910212d548c991eeb140f146a6ed.jpeg?imageslim,AcFun,三日榜,three-days,hotlist,,2026-09-25 08:55:16
36,我要冲会员【今天有什么好笑的 #2516】,：），谢谢大家的投蕉和点赞，祝你开心愉快~<br/>wallpaper壁纸：Reze | Chainsaw Man<br/>BGM：Nicoleta Matei - Love mail<br/>,1955,https://www.acfun.cn/v/ac48870763,https://tx-free-imgs.acfun.cn/newUpload/383079_47b0fc3f458042f5bd3717967e55c598.gif?imageslim,AcFun,三日榜,three-days,hotlist,,2026-09-25 08:55:16
37,老板直聘（89）,,1467,https://www.acfun.cn/v/ac48868552,https://tx-free-imgs.acfun.cn/newUpload/74706824_db2c7ba15c5d4aa18872db6b0763b7ca.jpeg?imageslim,AcFun,三日榜,three-days,hotlist,,2026-09-25 08:55:16
38,我终于瘦到120斤以下了！,,1630,https://www.acfun.cn/v/ac48867016,https://tx-free-imgs.acfun.cn/newUpload/16380981_906db098cf5d4eaca57bde52b0ae8bf2.jpg?imageslim,AcFun,三日榜,three-days,hotlist,,2026-09-25 08:55:16
39,《奶凶奶凶的漫威金刚狼！》,游戏名：《漫威金刚狼》- Marvel s Wolverine<br/>直播玩了15小时左右一周目通关啦~(*^▽^*)开心，这期是切片呦~,1813,https://www.acfun.cn/v/ac48866669,https://tx-free-imgs.acfun.cn/newUpload/61352468_cb62bfe2e19c4f35804259fac7f8c226.jpeg?imageslim,AcFun,三日榜,three-days,hotlist,,2026-09-25 08:55:16
40,嘉蒂丝模型曝光！很大！策划团队产能恢复？,明天新角色就要上了，技系直接立于天上。,1808,https://www.acfun.cn/v/ac48866809,https://tx-free-imgs.acfun.cn/newUpload/247671_ee6def92d94a4ab1b770fa166f4de4b7.jpeg?imageslim,AcFun,三日榜,three-days,hotlist,,2026-09-25 08:55:16
41,换你穿越三国乱世，你是起兵还是种田？,有没有宝贝和我一样，看三国的时候总在想，如果换我身在那个乱世，我会怎么样？是起兵争霸，还是归隐山林？ 或是是咱们可以选三国里有名的角色或者可以架空历史从素人做起，一统三国，那会怎么样?我最近就玩了这么一款游戏，一玩就是五个小时，根本停不下来，那今天来聊聊这款开放世界slg游戏《英雄立志传：三国志》~<br/>,1570,https://www.acfun.cn/v/ac48869043,https://tx-free-imgs.acfun.cn/newUpload/61352468_39715609bed041b98b21f3dbb482ad70.jpeg?imageslim,AcFun,三日榜,three-days,hotlist,,2026-09-25 08:55:16
42,好曲不挑舞！《琵琶曲》你喜欢的是？,,1378,https://www.acfun.cn/v/ac48866497,https://tx-free-imgs.acfun.cn/newUpload/1161851_90c6400f25f14d969028c8a6779eaaf5.png?imageslim,AcFun,三日榜,three-days,hotlist,,2026-09-25 08:55:16
43,奥迪“宫斗”十年大结局？一汽拿四环，上汽拿AUDI,一汽奥迪和上汽奥迪“宫斗”了十年，终于要划下句号了？,1414,https://www.acfun.cn/v/ac48870981,https://tx-free-imgs.acfun.cn/newUpload/13630266_3fde785be5a2411495618f67d01ab66a.jpeg?imageslim,AcFun,三日榜,three-days,hotlist,,2026-09-25 08:55:16
44,沦陷️,歌曲舞蹈：沦陷dj版-星奇摇   动作有改编,1366,https://www.acfun.cn/v/ac48869381,https://tx-free-imgs.acfun.cn/newUpload/12229455_aacf9da97a0940ad8e5f0b509d9cc159.jpeg?imageslim,AcFun,三日榜,three-days,hotlist,,2026-09-25 08:55:16
45,抱紧原生家庭（90）,,1395,https://www.acfun.cn/v/ac48867786,https://tx-free-imgs.acfun.cn/newUpload/74706824_fcc9a2386aff4fb0b3ecd158e3c6b97f.png?imageslim,AcFun,三日榜,three-days,hotlist,,2026-09-25 08:55:16
46,你吃月饼了吗？,,1398,https://www.acfun.cn/v/ac48869054,https://tx-free-imgs.acfun.cn/newUpload/1167675_8f48723afb0e41ecbe772249b3f4df1a.jpg?imageslim,AcFun,三日榜,three-days,hotlist,,2026-09-25 08:55:16
47,发个friend圈,,1340,https://www.acfun.cn/v/ac48863958,https://tx-free-imgs.acfun.cn/newUpload/12439728_b44cb67ae45a4c179b08227368f4159c.png?imageslim,AcFun,三日榜,three-days,hotlist,,2026-09-25 08:55:16
48,【柯基】papi酱《生气了》｜oh my god你吓到我了,,1405,https://www.acfun.cn/v/ac48867295,https://tx-free-imgs.acfun.cn/newUpload/29493245_980e56a85587473a82c7499c2ed115cb.png?imageslim,AcFun,三日榜,three-days,hotlist,,2026-09-25 08:55:16
49,发怒了好多次哈哈哈哈，最后一遍最好！,,1397,https://www.acfun.cn/v/ac48867030,https://tx-free-imgs.acfun.cn/newUpload/16380981_8a800edc429e47809b3a0e69ec22c530.jpg?imageslim,AcFun,三日榜,three-days,hotlist,,2026-09-25 08:55:16
50,只有刀鸣最小丑？各大游戏千年血战联动盘点！,300英雄的含金量还在上升,1878,https://www.acfun.cn/v/ac48869154,https://tx-free-imgs.acfun.cn/newUpload/247671_7d920e56c00e4af39fed560bf094f965.jpeg?imageslim,AcFun,三日榜,three-days,hotlist,,2026-09-25 08:55:16
1,剑戟战斗的巅峰 关卡内容的洼地 偏科严重的《鬼武者：剑之道》,它给人爽的部分是真的爽，但是在每次爽之前，你得堵不少马桶，先生。,4379,https://www.acfun.cn/v/ac48859506,https://tx-free-imgs.acfun.cn/newUpload/934542_5d98ad80ca9c4307b5cdc2051c11cb50.jpeg?imageslim,AcFun,周榜,week,hotlist,,2026-09-25 08:55:16
2,【写真】ol穿搭,,10432,https://www.acfun.cn/v/ac48856919,https://tx-free-imgs.acfun.cn/newUpload/3540234_86355333f0d94a46842be6ec42cca369.jpg?imageslim,AcFun,周榜,week,hotlist,,2026-09-25 08:55:16
3,跳最开心的一集,,3943,https://www.acfun.cn/v/ac48860571,https://tx-free-imgs.acfun.cn/newUpload/50330447_79a3f269514140c29e7a85fb7c9dc94c.jpg?imageslim,AcFun,周榜,week,hotlist,,2026-09-25 08:55:16
4,是谁点的小恶魔，蕉出来～,,5141,https://www.acfun.cn/v/ac48867778,https://tx-free-imgs.acfun.cn/newUpload/17062172_6098fee67d1748e0ab5dab3b5665736c.jpg?imageslim,AcFun,周榜,week,hotlist,,2026-09-25 08:55:16
5,喜欢哪套？,,6549,https://www.acfun.cn/v/ac48861422,https://tx-free-imgs.acfun.cn/newUpload/3540234_729e0d22251f439da3735f26e58d174f.jpg?imageslim,AcFun,周榜,week,hotlist,,2026-09-25 08:55:16
6,过期JK碎碎念！,家人们记得蕉一蕉捏 啾咪,5783,https://www.acfun.cn/v/ac48859219,https://tx-free-imgs.acfun.cn/newUpload/17062172_5dd6ea8b5f2741ff87f0911db6dfb909.jpg?imageslim,AcFun,周榜,week,hotlist,,2026-09-25 08:55:16
7,开学对各省舍友的刻板印象,,4193,https://www.acfun.cn/v/ac48857410,https://tx-free-imgs.acfun.cn/newUpload/13114172_24dabc4c47ec46458d7cdfcc1cd2ee88.jpeg?imageslim,AcFun,周榜,week,hotlist,,2026-09-25 08:55:16
8,优雅永不过时！！！★手机竖屏2007★,审核大大辛苦了！<br/>谢谢每一个投蕉的帅哥美女！香蕉没有来个赞也好啊！<br/>视频来自快手等平台，侵权联系删除！,4328,https://www.acfun.cn/v/ac48855173,https://tx-free-imgs.acfun.cn/newUpload/2176158_d6d6aa7bbc494ad4bd0950cc58784963.gif?imageslim,AcFun,周榜,week,hotlist,,2026-09-25 08:55:16
9,《动物迷惑行为大赏325》,喜欢请投蕉啊 谢谢啦！,2608,https://www.acfun.cn/v/ac48861293,https://tx-free-imgs.acfun.cn/newUpload/1342385_03080470038d444a95ce01ff6a6aeb9f.jpeg?imageslim,AcFun,周榜,week,hotlist,,2026-09-25 08:55:16
10,《动物游戏行为图鉴》,喜欢请投蕉啊 谢谢啦！,2734,https://www.acfun.cn/v/ac48857450,https://tx-free-imgs.acfun.cn/newUpload/1342385_485bc20a4c164df2928409b209fa9afc.jpeg?imageslim,AcFun,周榜,week,hotlist,,2026-09-25 08:55:16
11,双马尾小女仆带来的情绪摇～,,3925,https://www.acfun.cn/v/ac48861966,https://tx-free-imgs.acfun.cn/newUpload/11361784_8cee0402b4754b1e82f85b7099791793.jpg?imageslim,AcFun,周榜,week,hotlist,,2026-09-25 08:55:16
12,帮Acer问一下，地址在哪里？欢乐八点档-1779,审核大大辛苦了！<br/>免费的香蕉投一下吧，没有那就点个赞吧，这对我来说很重要，谢谢！！！<br/>谢谢每一个投蕉的帅哥美女！你们是我坚持更新的动力！<br/>视频来自快手等平台，侵权联系删除！,4411,https://www.acfun.cn/v/ac48863633,https://tx-free-imgs.acfun.cn/newUpload/2176158_ff69c3c797d5414e8056b329918cc5b6.gif?imageslim,AcFun,周榜,week,hotlist,,2026-09-25 08:55:16
13,【绘图过程】《海边》6周年纪念插图过程,6周年纪念插图挂画（预售）、沙滩巾（预售），阿宝已上架,3238,https://www.acfun.cn/v/ac48836990,https://tx-free-imgs.acfun.cn/newUpload/179922_9f95aba039e84f3594c3947b3c8fdd58.jpeg?imageslim,AcFun,周榜,week,hotlist,,2026-09-25 08:55:16
14,人间琴悠扬，姑娘把谁记心上～,,2695,https://www.acfun.cn/v/ac48863143,https://tx-free-imgs.acfun.cn/newUpload/50330447_938d77716a11477e843914663278ff07.jpg?imageslim,AcFun,周榜,week,hotlist,,2026-09-25 08:55:16
15,《野生动物迷惑行为》,喜欢请投蕉啊   谢谢啦！,2712,https://www.acfun.cn/v/ac48868360,https://tx-free-imgs.acfun.cn/newUpload/1342385_3fab348c538e4c0fa001871a708fe302.jpeg?imageslim,AcFun,周榜,week,hotlist,,2026-09-25 08:55:16
16,还是少妇会的多啊！★手机竖屏2011★,审核大大辛苦了！<br/>谢谢每一个投蕉的帅哥美女！香蕉没有来个赞也好啊！<br/>视频来自快手等平台，侵权联系删除！,5056,https://www.acfun.cn/v/ac48864360,https://tx-free-imgs.acfun.cn/newUpload/2176158_3d4f199fd93640468e543b9ee25ac4c0.gif?imageslim,AcFun,周榜,week,hotlist,,2026-09-25 08:55:16
17,漫威金刚狼深陷争议！SweetBaby又毁一款？【绅批】,这算是DEI的历史遗留问题了，所有现在已经从sweetbaby离职的人，只要参与过游戏制作也会被署名（比如桥本和真）,2757,https://www.acfun.cn/v/ac48868810,https://tx-free-imgs.acfun.cn/newUpload/526850_ca1da1572b1d494a93e2f6bab46cf76b.jpeg?imageslim,AcFun,周榜,week,hotlist,,2026-09-25 08:55:16
18,钓鱼佬是真会享受！欢乐八点档-1777,审核大大辛苦了！<br/>免费的香蕉投一下吧，没有那就点个赞吧，这对我来说很重要，谢谢！！！<br/>谢谢每一个投蕉的帅哥美女！你们是我坚持更新的动力！<br/>视频来自快手等平台，侵权联系删除！,4572,https://www.acfun.cn/v/ac48858969,https://tx-free-imgs.acfun.cn/newUpload/2176158_c9d74d926c4c4d709a4b6b7769dffcca.gif?imageslim,AcFun,周榜,week,hotlist,,2026-09-25 08:55:16
19,一波还未平息一波又来侵袭！★手机竖屏2010★,审核大大辛苦了！<br/>谢谢每一个投蕉的帅哥美女！香蕉没有来个赞也好啊！<br/>视频来自快手等平台，侵权联系删除！,4708,https://www.acfun.cn/v/ac48862013,https://tx-free-imgs.acfun.cn/newUpload/2176158_c4802142afc14d50b2cd775e67890cca.gif?imageslim,AcFun,周榜,week,hotlist,,2026-09-25 08:55:16
20,网络上常见的热门短视频集锦   第三千四百三十八期,审核大大辛苦了！<br/>谢谢每一个投蕉的帅哥美女！香蕉没有来个赞也好啊！<br/>视频来自快手等平台，侵权联系删除！,4410,https://www.acfun.cn/v/ac48858394,https://tx-free-imgs.acfun.cn/newUpload/2176158_38174e72af934b9e86687045b01f0dd3.gif?imageslim,AcFun,周榜,week,hotlist,,2026-09-25 08:55:16
21,mr chu!!好怀念这首歌,,1992,https://www.acfun.cn/v/ac48869375,https://tx-free-imgs.acfun.cn/newUpload/16380981_19592eb83a88429695ee1a0508fc3df0.png?imageslim,AcFun,周榜,week,hotlist,,2026-09-25 08:55:16
22,魔兽无限服禁金团引爆社区！但原教旨主义玩家才是最抽象的？【绅批】,所谓“严厉处罚“”顶格也就是封号，会根据情况由短至长，当然能不能具体实行就是另一回事了,3069,https://www.acfun.cn/v/ac48857248,https://tx-free-imgs.acfun.cn/newUpload/526850_b63f9e2a1bd04c38ac3c61257e0b87dd.jpeg?imageslim,AcFun,周榜,week,hotlist,,2026-09-25 08:55:16
23,你们内外皆钢，而我们化身钢铁！【达奇】战锤40K故事内容,感谢下巴老师对视频内容的支持与完善,2133,https://www.acfun.cn/v/ac48856443,https://tx-free-imgs.acfun.cn/newUpload/346807_7f5f779958dd4d6986f60021118423da.jpeg?imageslim,AcFun,周榜,week,hotlist,,2026-09-25 08:55:16
24,还是少妇会啊！！！★手机竖屏2009★,审核大大辛苦了！<br/>谢谢每一个投蕉的帅哥美女！香蕉没有来个赞也好啊！<br/>视频来自快手等平台，侵权联系删除！,4844,https://www.acfun.cn/v/ac48859515,https://tx-free-imgs.acfun.cn/newUpload/2176158_d4e9e6e30f4446319f9e720adfe35ef9.gif?imageslim,AcFun,周榜,week,hotlist,,2026-09-25 08:55:16
25,【AC娘】琵琶曲,原作者：Kotte Animation<br/>还有瑕疵，看个乐吧,3073,https://www.acfun.cn/v/ac48864492,https://tx-free-imgs.acfun.cn/newUpload/41729435_02cbd995b6d54f508eb21d3cb8621903.jpeg?imageslim,AcFun,周榜,week,hotlist,,2026-09-25 08:55:16
26,25年了，回坊天花板小酥肉，还是那个味儿,记忆中的味道，回来了，都回来了……<br/>一口椒麻一口鲜，大口吃肉，配上热腾腾的米饭，绝了。<br/>素三鲜也是无敌的存在！,2497,https://www.acfun.cn/v/ac48865538,https://tx-free-imgs.acfun.cn/newUpload/13765438_9bc4a0abf32a4c1aa3e83c844de84649.jpeg?imageslim,AcFun,周榜,week,hotlist,,2026-09-25 08:55:16
27,海洋公园一定要去啊！欢乐八点档-1776,审核大大辛苦了！<br/>免费的香蕉投一下吧，没有那就点个赞吧，这对我来说很重要，谢谢！！！<br/>谢谢每一个投蕉的帅哥美女！你们是我坚持更新的动力！<br/>视频来自快手等平台，侵权联系删除！,4462,https://www.acfun.cn/v/ac48856824,https://tx-free-imgs.acfun.cn/newUpload/2176158_3406d07fb97f486893aedb108728c2ec.gif?imageslim,AcFun,周榜,week,hotlist,,2026-09-25 08:55:16
28,拳击好啊，拳击得学！欢乐八点档-1781,审核大大辛苦了！<br/>免费的香蕉投一下吧，没有那就点个赞吧，这对我来说很重要，谢谢！！！<br/>谢谢每一个投蕉的帅哥美女！你们是我坚持更新的动力！<br/>视频来自快手等平台，侵权联系删除！,3946,https://www.acfun.cn/v/ac48868336,https://tx-free-imgs.acfun.cn/newUpload/2176158_3f6c601293a54468bae97f781440217b.gif?imageslim,AcFun,周榜,week,hotlist,,2026-09-25 08:55:16
29,你的拳头真是肥嘟嘟的...,动漫：心灵的声音，作者：赵石【韩国】,2157,https://www.acfun.cn/v/ac48859870,https://tx-free-imgs.acfun.cn/newUpload/509259_2fa91d5206504450be471808d9c93a22.jpeg?imageslim,AcFun,周榜,week,hotlist,,2026-09-25 08:55:16
30,北京豆汁会惩罚每一个好奇的人！欢乐八点档-1780,审核大大辛苦了！<br/>免费的香蕉投一下吧，没有那就点个赞吧，这对我来说很重要，谢谢！！！<br/>谢谢每一个投蕉的帅哥美女！你们是我坚持更新的动力！<br/>视频来自快手等平台，侵权联系删除！,4353,https://www.acfun.cn/v/ac48865965,https://tx-free-imgs.acfun.cn/newUpload/2176158_ec83e6fb2ffc4005b41881ac13dbaeca.gif?imageslim,AcFun,周榜,week,hotlist,,2026-09-25 08:55:16
31,这个一字马技术含量很高啊！欢乐八点档-1778,审核大大辛苦了！<br/>免费的香蕉投一下吧，没有那就点个赞吧，这对我来说很重要，谢谢！！！<br/>谢谢每一个投蕉的帅哥美女！你们是我坚持更新的动力！<br/>视频来自快手等平台，侵权联系删除！,4334,https://www.acfun.cn/v/ac48861225,https://tx-free-imgs.acfun.cn/newUpload/2176158_0824627cb76d40dc99ce9cb12c07e4cc.gif?imageslim,AcFun,周榜,week,hotlist,,2026-09-25 08:55:16
32,网络上常见的热门短视频集锦   第三千四百四十一期,审核大大辛苦了！<br/>谢谢每一个投蕉的帅哥美女！香蕉没有来个赞也好啊！<br/>视频来自快手等平台，侵权联系删除！,4143,https://www.acfun.cn/v/ac48862019,https://tx-free-imgs.acfun.cn/newUpload/2176158_6e5a88d95f344d92a8d97a57f03ac4b9.gif?imageslim,AcFun,周榜,week,hotlist,,2026-09-25 08:55:16
33,网络上常见的热门短视频集锦   第三千四百四十五期,审核大大辛苦了！<br/>谢谢每一个投蕉的帅哥美女！香蕉没有来个赞也好啊！<br/>视频来自快手等平台，侵权联系删除！,3827,https://www.acfun.cn/v/ac48866824,https://tx-free-imgs.acfun.cn/newUpload/2176158_dba921eb42f14c7ba31a1af83bfe71ce.gif?imageslim,AcFun,周榜,week,hotlist,,2026-09-25 08:55:16
34,我真的是来吃饭的！★手机竖屏2013★,审核大大辛苦了！<br/>谢谢每一个投蕉的帅哥美女！香蕉没有来个赞也好啊！<br/>视频来自快手等平台，侵权联系删除！,3378,https://www.acfun.cn/v/ac48869145,https://tx-free-imgs.acfun.cn/newUpload/2176158_eb4b69370b8f435aa2b171e72403d356.gif?imageslim,AcFun,周榜,week,hotlist,,2026-09-25 08:55:16
35,琵琶曲丨夜神月 VS  L,原曲：琵琶曲,2207,https://www.acfun.cn/v/ac48861693,https://tx-free-imgs.acfun.cn/newUpload/16986934_3bf4dd94910c4845acf851f7f0fdb757.jpeg?imageslim,AcFun,周榜,week,hotlist,,2026-09-25 08:55:16
36,空中瑜伽！！！★手机竖屏2012★,审核大大辛苦了！<br/>谢谢每一个投蕉的帅哥美女！香蕉没有来个赞也好啊！<br/>视频来自快手等平台，侵权联系删除！,4285,https://www.acfun.cn/v/ac48866821,https://tx-free-imgs.acfun.cn/newUpload/2176158_610807af48f5463a891fc9f341c9b16f.gif?imageslim,AcFun,周榜,week,hotlist,,2026-09-25 08:55:16
37,网络上常见的热门短视频集锦   第三千四百三十九期,审核大大辛苦了！<br/>谢谢每一个投蕉的帅哥美女！香蕉没有来个赞也好啊！<br/>视频来自快手等平台，侵权联系删除！,4004,https://www.acfun.cn/v/ac48859518,https://tx-free-imgs.acfun.cn/newUpload/2176158_13f61f1aa39c4732bdaeed87fe0e28a4.gif?imageslim,AcFun,周榜,week,hotlist,,2026-09-25 08:55:16
38,厨师长教你：“鱼香肉丝”的家常做法，酸甜微辣，口感丰富,,1970,https://www.acfun.cn/v/ac48867741,https://tx-free-imgs.acfun.cn/newUpload/13274260_93e68d1098d04ffca2683655a6a404c2.jpeg?imageslim,AcFun,周榜,week,hotlist,,2026-09-25 08:55:16
39,因为害怕被讨厌 所以把自己藏起来了,,2031,https://www.acfun.cn/v/ac48871331,https://tx-free-imgs.acfun.cn/newUpload/11361784_3d4bd69b46f541e184c2922c24f09276.jpg?imageslim,AcFun,周榜,week,hotlist,,2026-09-25 08:55:16
40,一天生产500万个！速冻水饺是如何制造出来的？,,2144,https://www.acfun.cn/v/ac48859253,https://tx-free-imgs.acfun.cn/newUpload/19281632_57f07fe28e24422d948491fd2d43586c.jpeg?imageslim,AcFun,周榜,week,hotlist,,2026-09-25 08:55:16
41,今天你不能嫁出去【今天有什么好笑的 #2514】,：)，谢谢大家，祝你们开心。<br/>wallpaper壁纸：Fading Astronaut 5K (update)<br/>BGM：I Want It That Way,2837,https://www.acfun.cn/v/ac48865864,https://tx-free-imgs.acfun.cn/newUpload/383079_ee4f5f7badf74f05a2ef6c691387f327.gif?imageslim,AcFun,周榜,week,hotlist,,2026-09-25 08:55:16
42,单纯的约会（92）,,1810,https://www.acfun.cn/v/ac48857199,https://tx-free-imgs.acfun.cn/newUpload/74706824_a3a60d77e6934225b168686e44216c4b.png?imageslim,AcFun,周榜,week,hotlist,,2026-09-25 08:55:16
43,【东方】推特东方小视频选集 第272期,睡觉睡觉睡觉睡觉睡觉睡觉睡觉睡觉睡觉睡觉……,1376,https://www.acfun.cn/v/ac48858830,https://tx-free-imgs.acfun.cn/newUpload/6102_5a13d6efeec742ff84c512206aaeb7b0.jpeg?imageslim,AcFun,周榜,week,hotlist,,2026-09-25 08:55:16
44,甜妹来袭！,,2144,https://www.acfun.cn/v/ac48863947,https://tx-free-imgs.acfun.cn/newUpload/12439728_1fd5a3c6e60241a1a1cd8f89dbede769.png?imageslim,AcFun,周榜,week,hotlist,,2026-09-25 08:55:16
45,网络上常见的热门短视频集锦   第三千四百三十六期,审核大大辛苦了！<br/>谢谢每一个投蕉的帅哥美女！香蕉没有来个赞也好啊！<br/>视频来自快手等平台，侵权联系删除！,3945,https://www.acfun.cn/v/ac48856130,https://tx-free-imgs.acfun.cn/newUpload/2176158_4b41dc501581491e9b900fd0a1662e27.gif?imageslim,AcFun,周榜,week,hotlist,,2026-09-25 08:55:16
46,网络上常见的热门短视频集锦   第三千四百四十三期,审核大大辛苦了！<br/>谢谢每一个投蕉的帅哥美女！香蕉没有来个赞也好啊！<br/>视频来自快手等平台，侵权联系删除！,3572,https://www.acfun.cn/v/ac48864363,https://tx-free-imgs.acfun.cn/newUpload/2176158_dfef22dbf6934a15a594e5766b8680ca.gif?imageslim,AcFun,周榜,week,hotlist,,2026-09-25 08:55:16
47,嘞个就是爱情【今天有什么好笑的 #2512】,：），谢谢大家的投蕉和点赞，祝你开心愉快~<br/>wallpaper壁纸：lamp<br/>BGM：What a Feeling,2427,https://www.acfun.cn/v/ac48860992,https://tx-free-imgs.acfun.cn/newUpload/383079_172d192fee55441c96b7352f61e0a25f.gif?imageslim,AcFun,周榜,week,hotlist,,2026-09-25 08:55:16
48,网络上常见的热门短视频集锦   第三千四百三十七期,审核大大辛苦了！<br/>谢谢每一个投蕉的帅哥美女！香蕉没有来个赞也好啊！<br/>视频来自快手等平台，侵权联系删除！,3645,https://www.acfun.cn/v/ac48857544,https://tx-free-imgs.acfun.cn/newUpload/2176158_65f1d403dce7484b8d62b6f272bdbe31.gif?imageslim,AcFun,周榜,week,hotlist,,2026-09-25 08:55:16
49,网络上常见的热门短视频集锦   第三千四百四十四期,审核大大辛苦了！<br/>谢谢每一个投蕉的帅哥美女！香蕉没有来个赞也好啊！<br/>视频来自快手等平台，侵权联系删除！,3486,https://www.acfun.cn/v/ac48865021,https://tx-free-imgs.acfun.cn/newUpload/2176158_663463f1e6004dc2b4dea153d1e60c05.gif?imageslim,AcFun,周榜,week,hotlist,,2026-09-25 08:55:16
50,厨师长分享制作“宫保鸡丁”的三大要素：腌制、调味及火候,,2107,https://www.acfun.cn/v/ac48863018,https://tx-free-imgs.acfun.cn/newUpload/13274260_803e1613305b460d878594c16c1c5a87.jpeg?imageslim,AcFun,周榜,week,hotlist,,2026-09-25 08:55:16
1,我真的是来吃饭的！★手机竖屏2013★,审核大大辛苦了！<br/>谢谢每一个投蕉的帅哥美女！香蕉没有来个赞也好啊！<br/>视频来自快手等平台，侵权联系删除！,3412,https://www.acfun.cn/v/ac48869145,https://tx-free-imgs.acfun.cn/newUpload/2176158_eb4b69370b8f435aa2b171e72403d356.gif?imageslim,AcFun,日榜,day,hotlist,,2026-09-25 09:30:51
2,因为害怕被讨厌 所以把自己藏起来了,,2092,https://www.acfun.cn/v/ac48871331,https://tx-free-imgs.acfun.cn/newUpload/11361784_3d4bd69b46f541e184c2922c24f09276.jpg?imageslim,AcFun,日榜,day,hotlist,,2026-09-25 09:30:51
3,这样的学姐喜欢吗？欢乐八点档-1782,审核大大辛苦了！<br/>免费的香蕉投一下吧，没有那就点个赞吧，这对我来说很重要，谢谢！！！<br/>谢谢每一个投蕉的帅哥美女！你们是我坚持更新的动力！<br/>视频来自快手等平台，侵权联系删除！,2357,https://www.acfun.cn/v/ac48870057,https://tx-free-imgs.acfun.cn/newUpload/2176158_4c1f3b60f73e451abc443941d47305d8.gif?imageslim,AcFun,日榜,day,hotlist,,2026-09-25 09:30:51
4,姛姛？！蝴蝶耳机Manget中文翻唱【箐羽Hane】x【缇若柯Teivoc】,“是否你确实表里如一淡然，还是说你——并不似我贪婪？”<br/>《Manget》磁石 / 蝴蝶耳机 - 中文翻唱<br/>原作作曲 / 流星P<br/>曲绘&翻唱 / 箐羽hane & 缇若柯Teivoc<br/>中文填词 / 果汁凉菜<br/>混音 / 风尘<br/>和笋笋一起唱了我们二次元姛神曲！曲绘也是我和笋笋每个人负责了自己的部分最后再拼到一起的！真好！( *^ ^)o(^ ^* )希望大家也能喜欢！,1360,https://www.acfun.cn/v/ac48869340,https://tx-free-imgs.acfun.cn/newUpload/67511609_d868cdbd6b1849e8958696cdc9db1493.jpeg?imageslim,AcFun,日榜,day,hotlist,,2026-09-25 09:30:51
5,网络上常见的热门短视频集锦   第三千四百四十八期,审核大大辛苦了！<br/>谢谢每一个投蕉的帅哥美女！香蕉没有来个赞也好啊！<br/>视频来自快手等平台，侵权联系删除！,2839,https://www.acfun.cn/v/ac48870020,https://tx-free-imgs.acfun.cn/newUpload/2176158_d65e54f4e9ee489b86b6fc28c31c84ee.gif?imageslim,AcFun,日榜,day,hotlist,,2026-09-25 09:30:51
6,我要冲会员【今天有什么好笑的 #2516】,：），谢谢大家的投蕉和点赞，祝你开心愉快~<br/>wallpaper壁纸：Reze | Chainsaw Man<br/>BGM：Nicoleta Matei - Love mail<br/>,1983,https://www.acfun.cn/v/ac48870763,https://tx-free-imgs.acfun.cn/newUpload/383079_47b0fc3f458042f5bd3717967e55c598.gif?imageslim,AcFun,日榜,day,hotlist,,2026-09-25 09:30:51
7,网络上常见的热门短视频集锦   第三千四百四十七期,审核大大辛苦了！<br/>谢谢每一个投蕉的帅哥美女！香蕉没有来个赞也好啊！<br/>视频来自快手等平台，侵权联系删除！,2745,https://www.acfun.cn/v/ac48869149,https://tx-free-imgs.acfun.cn/newUpload/2176158_fdf9afe2e00a4a1aa62415c846776eaf.gif?imageslim,AcFun,日榜,day,hotlist,,2026-09-25 09:30:51
8,老板直聘（89）,,1480,https://www.acfun.cn/v/ac48868552,https://tx-free-imgs.acfun.cn/newUpload/74706824_db2c7ba15c5d4aa18872db6b0763b7ca.jpeg?imageslim,AcFun,日榜,day,hotlist,,2026-09-25 09:30:51
9,奥迪“宫斗”十年大结局？一汽拿四环，上汽拿AUDI,一汽奥迪和上汽奥迪“宫斗”了十年，终于要划下句号了？,1428,https://www.acfun.cn/v/ac48870981,https://tx-free-imgs.acfun.cn/newUpload/13630266_3fde785be5a2411495618f67d01ab66a.jpeg?imageslim,AcFun,日榜,day,hotlist,,2026-09-25 09:30:51
10,沦陷️,歌曲舞蹈：沦陷dj版-星奇摇   动作有改编,1378,https://www.acfun.cn/v/ac48869381,https://tx-free-imgs.acfun.cn/newUpload/12229455_aacf9da97a0940ad8e5f0b509d9cc159.jpeg?imageslim,AcFun,日榜,day,hotlist,,2026-09-25 09:30:51
11,发个friend圈,,1357,https://www.acfun.cn/v/ac48863958,https://tx-free-imgs.acfun.cn/newUpload/12439728_b44cb67ae45a4c179b08227368f4159c.png?imageslim,AcFun,日榜,day,hotlist,,2026-09-25 09:30:51
12,在英国差点被上门诈骗,可能看到我一人在家，就大胆敲门了，还好平常也会注意周边邻居，没发生什么事儿，这个金额就算被骗也不会报警，以后还是要小心一些了。#英国日常#vlog,1282,https://www.acfun.cn/v/ac48869505,https://tx-free-imgs.acfun.cn/newUpload/43181603_1c8c6c487a864d098b5e7e7bf2a12c6a.jpg?imageslim,AcFun,日榜,day,hotlist,,2026-09-25 09:30:51
13,【东方】QUEEN【蕾米莉亚 Miy Ver. MMD】,作者：やくも<br/><br/>楽曲:Kanaria 様→https://www.nicovideo.jp/watch/sm4088...<br/>振付:AKIRA様<br/>モーション:P-nez 様→https://www.nicovideo.jp/watch/sm4350...<br/>カメラ:Mizuha様→https://www.nicovideo.jp/watch/sm4353...<br/>モデル:MIy様<br/>ステージ:栗ごはん様<br/>アクセサリ:アスカ様,1069,https://www.acfun.cn/v/ac48870080,https://tx-free-imgs.acfun.cn/newUpload/6102_6a4dce20c9b74fa0bbdff3ccc0a73c5d.png?imageslim,AcFun,日榜,day,hotlist,,2026-09-25 09:30:51
14,【AI】今晚的期待,Comfyui,1315,https://www.acfun.cn/v/ac48870865,https://tx-free-imgs.acfun.cn/newUpload/14047168_02bac6c1158f4e108536124c7239e472.jpeg?imageslim,AcFun,日榜,day,hotlist,,2026-09-25 09:30:51
15,"长手打短手？2万分王者局！快速看完一局韩服王者斗殴局#836 十三day, Eclipse,","长手打短手？2万分王者局！快速看完一局韩服王者斗殴局#836 十三day, Eclipse, 0909, Lelitz, 1Jiang <br/>BGM:https://music.163.com/playlist?id=650818240&userid=30476594",1304,https://www.acfun.cn/v/ac48863751,https://tx-free-imgs.acfun.cn/newUpload/1378726_792b017ff72e4ed49b05fe8e1e24f6e4.jpeg?imageslim,AcFun,日榜,day,hotlist,,2026-09-25 09:30:51
16,这套皮肤真的很喜欢,,1137,https://www.acfun.cn/v/ac48871657,https://tx-free-imgs.acfun.cn/newUpload/16380981_ac9640e59a3a42e093fcee0a0b81d474.jpg?imageslim,AcFun,日榜,day,hotlist,,2026-09-25 09:30:51
17,坚持跳舞8年改变了什么？《千里邀月》2018vs2026【紫嘉儿】,中秋快乐！没想到8年前的编舞每年这个时候都有很多翻跳，一起用舞蹈记录下美好时光吧！,1168,https://www.acfun.cn/v/ac48870585,https://tx-free-imgs.acfun.cn/newUpload/1161851_851c52555ace464f98231f30a167eedd.png?imageslim,AcFun,日榜,day,hotlist,,2026-09-25 09:30:51
18,少女机甲+空投轰炸？是什么神仙组合？,到底是一款什么样的机甲游戏，上线快3年还保持着特别好评？虽然是机甲美少女的设定，但是操作的是厚重质感的硬核机甲，这种硬核操作的感觉让人越玩越上头，今天来跟大家聊聊这款游戏《铁骑少女》。<br/>最近我一直期待的第三个DLC金盏花也是要上线了，这次DLC的核心新玩法，就是机甲“搜打撤”的模式。和本体死守基地的玩法不一样，这次整体的游玩思路都变了~,1135,https://www.acfun.cn/v/ac48871337,https://tx-free-imgs.acfun.cn/newUpload/61352468_77bf0ab03cd34fefa1d5530aca003edb.jpeg?imageslim,AcFun,日榜,day,hotlist,,2026-09-25 09:30:51
19,【AI】小妈裙~chocolate cream,Comfyui,1313,https://www.acfun.cn/v/ac48870861,https://tx-free-imgs.acfun.cn/newUpload/14047168_efd2bae7c6184b3b89e82abfaadf0fb3.jpeg?imageslim,AcFun,日榜,day,hotlist,,2026-09-25 09:30:51
20,好像只能礼貌的问候~,,1146,https://www.acfun.cn/v/ac48871365,https://tx-free-imgs.acfun.cn/newUpload/43459034_4572f98756df48b0bc9c323cdc49a8d2.jpg?imageslim,AcFun,日榜,day,hotlist,,2026-09-25 09:30:51
21,【绝望女神/翻唱】【星际牛仔ED The Real Folk Blues】,想听啥情继续评论回复~,831,https://www.acfun.cn/v/ac48871323,https://tx-free-imgs.acfun.cn/newUpload/20705199_0be8deafcbb34bdb9f17523c5bc95087.jpeg?imageslim,AcFun,日榜,day,hotlist,,2026-09-25 09:30:51
22,吃！给我吃！【鬼ノ宴翻唱】,,1066,https://www.acfun.cn/v/ac48871186,https://tx-free-imgs.acfun.cn/newUpload/10144864_ee78f4d0678d414f9ce18c29231cf17a.jpeg?imageslim,AcFun,日榜,day,hotlist,,2026-09-25 09:30:51
23,【翻唱】鬼ノ宴,本家様<br/>友成空様<br/>【鬼ノ宴】<br/>•友成空(TOMONARI SORA) -   鬼ノ宴   ［Lyric Video］<br/>https://www.youtube.com/watch?v=NFzyrPK9rtM,1035,https://www.acfun.cn/v/ac48871180,https://tx-free-imgs.acfun.cn/newUpload/10144864_a75eddb97ea048b59fef6aaea5d4478f.jpeg?imageslim,AcFun,日榜,day,hotlist,,2026-09-25 09:30:51
24,记录2023年6月份在台上开心的表演lamb的我,,1150,https://www.acfun.cn/v/ac48871344,https://tx-free-imgs.acfun.cn/newUpload/16380981_00755d93042647bcb6f29a19da53e590.png?imageslim,AcFun,日榜,day,hotlist,,2026-09-25 09:30:51
25,下班后跳一段恋爱的条件～,,1060,https://www.acfun.cn/v/ac48871308,https://tx-free-imgs.acfun.cn/newUpload/43459034_9aa96c2a93884a3891b73b05298d8521.jpg?imageslim,AcFun,日榜,day,hotlist,,2026-09-25 09:30:51
26,T-ARA So Crazy,,1406,https://www.acfun.cn/v/ac48869387,https://tx-free-imgs.acfun.cn/newUpload/795184_e0ad411d1b844c569dc376c0b45f763c.jpeg?imageslim,AcFun,日榜,day,hotlist,,2026-09-25 09:30:51
27,【黒碳】ライトダンス - サカナクション【生日作】【翻唱】,本家:サカナクション ; 翻唱: 黒碳Kurotan; 后期: 黒碳Kurotan; 曲绘: 黒碳Kurotan; PV: 黒碳Kurotan以及十分牛杯的網站：https://pv.pixjam.cn/ 背景是用這個做的!! 狠狠趕工終於做完了 好感動,1087,https://www.acfun.cn/v/ac48869560,https://tx-free-imgs.acfun.cn/newUpload/13707663_f611642aa87b4dab9a8d8a6beb7ace77.jpeg?imageslim,AcFun,日榜,day,hotlist,,2026-09-25 09:30:51
28,BR66型蒸汽机车 trix越来越垃圾了！尤其是垃圾会员车，一个比一个烂！这一次终于拉了一坨更大的！,,659,https://www.acfun.cn/v/ac48871197,https://tx-free-imgs.acfun.cn/newUpload/66128753_8563c2ab24aa4a2289e52500bc42f1f1.png?imageslim,AcFun,日榜,day,hotlist,,2026-09-25 09:30:51
29,AOA-猫步轻俏,,1240,https://www.acfun.cn/v/ac48869298,https://tx-free-imgs.acfun.cn/newUpload/795184_6cc9a8a9e54144c3b69380546963be9b.jpeg?imageslim,AcFun,日榜,day,hotlist,,2026-09-25 09:30:51
30,【AI】山间竹林仙子,Comfyui,1087,https://www.acfun.cn/v/ac48870853,https://tx-free-imgs.acfun.cn/newUpload/14047168_20afdd6955bd44a9a04b0629aecb5ad1.jpeg?imageslim,AcFun,日榜,day,hotlist,,2026-09-25 09:30:51
31,22.称霸水下四亿年，人类最古老的远房祖先：硬骨鱼总纲,22.称霸水下四亿年，人类最古老的远房祖先：硬骨鱼总纲,1024,https://www.acfun.cn/v/ac48871354,https://tx-free-imgs.acfun.cn/newUpload/28933912_40dcb39f039045868ae364582e4a1797.jpeg?imageslim,AcFun,日榜,day,hotlist,,2026-09-25 09:30:51
32,【牛子组合】凉凉,世事一场大梦，人生几度秋凉，祝大家26年中秋快乐,1024,https://www.acfun.cn/v/ac48870493,https://tx-free-imgs.acfun.cn/newUpload/358616_22f2cb85fdca497ab5cd556c984493d6.png?imageslim,AcFun,日榜,day,hotlist,,2026-09-25 09:30:51
33,如果是机器人女友，怎么哄男朋友呢？！,,1165,https://www.acfun.cn/v/ac48870116,https://tx-free-imgs.acfun.cn/newUpload/17928_330fc95b89c04eda831570be0a48cb0e.png?imageslim,AcFun,日榜,day,hotlist,,2026-09-25 09:30:51
34,绿梦：时空之声公测定档！公测版本全面优化！,绿梦：时空之声公测定档！公测版本全面优化！,1190,https://www.acfun.cn/v/ac48871268,https://tx-free-imgs.acfun.cn/newUpload/63104383_33b9de6d951a4ca0b5a7b9dfc2fc748e.gif?imageslim,AcFun,日榜,day,hotlist,,2026-09-25 09:30:51
35,卓哥儿那可是专业杰哥，人群之中七进七出不成问题！,自定义也发？,1137,https://www.acfun.cn/v/ac48871816,https://tx-free-imgs.acfun.cn/newUpload/581357_d49b41a0e554440db6952de719b3f832.jpeg?imageslim,AcFun,日榜,day,hotlist,,2026-09-25 09:30:51
36,上线才半年，腾讯养的“龙虾”QClaw，官宣停运了！,,1129,https://www.acfun.cn/v/ac48871074,https://tx-free-imgs.acfun.cn/newUpload/17928_22da7d70ed6749f690e735b0f098a800.png?imageslim,AcFun,日榜,day,hotlist,,2026-09-25 09:30:51
37,另一版,之前还拍了一版，但是感觉镜头太晃了,568,https://www.acfun.cn/v/ac48871588,https://tx-free-imgs.acfun.cn/newUpload/12954767_f420f9f6197c43d4bb14421c32d81bbb.png?imageslim,AcFun,日榜,day,hotlist,,2026-09-25 09:30:51
38,T-ara Bo Peep Bo Peep,,1087,https://www.acfun.cn/v/ac48869397,https://tx-free-imgs.acfun.cn/newUpload/795184_1876bec3bc5d43d6b42da8060c06a34a.jpeg?imageslim,AcFun,日榜,day,hotlist,,2026-09-25 09:30:51
39,小兔-20260923 abracadabra 上下 恋爱的条件 成人礼 晚安吻,,1061,https://www.acfun.cn/v/ac48870476,https://tx-free-imgs.acfun.cn/newUpload/78055394_4dcf7a6688cb4a1994bd96389cc84b38.jpeg?imageslim,AcFun,日榜,day,hotlist,,2026-09-25 09:30:51
40,社畜身份不是你精致生活的角色扮演,,700,https://www.acfun.cn/v/ac48871467,https://tx-free-imgs.acfun.cn/newUpload/14013875_ec82a37907ff4565a6f6f6d916bd7117.png?imageslim,AcFun,日榜,day,hotlist,,2026-09-25 09:30:51
41,桢-20260923 abracadabra,,1045,https://www.acfun.cn/v/ac48870552,https://tx-free-imgs.acfun.cn/newUpload/78055394_f7c161e6bccd480f9b8a372dd55c3678.jpeg?imageslim,AcFun,日榜,day,hotlist,,2026-09-25 09:30:51
42,飒！BABYMONSTER CHIQUITA小姐姐跳《Worth It》,-v -好不好看呢,1079,https://www.acfun.cn/v/ac48870427,https://tx-free-imgs.acfun.cn/newUpload/199029_44d3343f2e3742c780253ef0f9df1a6b.png?imageslim,AcFun,日榜,day,hotlist,,2026-09-25 09:30:51
43,【雀魂汪汪录】第402期 牌没有问题，你们打吧,BGM可以通过网易云搜索【雀魂汪汪录BGM】就可以找到啦！<br/><br/>雀魂汪汪录 周四中午见<br/><br/>微博 @雀魂麻将majsoul<br/><br/>——————————————————————————<br/><br/>想要投稿的玩家~务必请通过邮箱来进行投稿~【请不要在评论区或是私信投稿，谢谢】<br/><br/>邮箱地址：tg@maj-soul.com<br/><br/>投稿最少需要注明【局目、内容、牌谱链接】哦！,946,https://www.acfun.cn/v/ac48868870,https://tx-free-imgs.acfun.cn/newUpload/14265704_e978d1ceac98487a9e811f09bc2d943f.jpeg?imageslim,AcFun,日榜,day,hotlist,,2026-09-25 09:30:51
44,重制版 2026年还有人看重制版吗？魔兽争霸xiaoy解说浪漫 kaho,,968,https://www.acfun.cn/v/ac48869843,https://tx-free-imgs.acfun.cn/newUpload/37584199_8b81592540634f919b6c685d31aa555c.jpeg?imageslim,AcFun,日榜,day,hotlist,,2026-09-25 09:30:51
45,绝顶性感黑丝【DazzlingRed】舞蹈翻跳,,1043,https://www.acfun.cn/v/ac48871722,https://tx-free-imgs.acfun.cn/newUpload/28629507_651036189fde4ffabea2957b7a006984.png?imageslim,AcFun,日榜,day,hotlist,,2026-09-25 09:30:51
46,AEW Dynamite #364/Collision #163 2026.09.23,"AEW Continental Title Eliminator Match<br/>Jon Moxley vs. Dezmond Xavier<br/>Tag Team Match<br/>Claudio Castagnoli & Gabe Kidd vs. Mike Bailey & Will Ospreay<br/>AEW TBS Title Match<br/>Persephone (c) vs. Hyan<br/>AEW World Trios Title Match<br/>Swerve Strickland & The New Level (Austin Creed & Kofi) (c) vs. The Demand (Bishop Kaun, Ricochet & Toa Liona)",1186,https://www.acfun.cn/v/ac48870183,https://tx-free-imgs.acfun.cn/newUpload/2327201_162cb51156a5464a9aa00ba19aac34ef.jpeg?imageslim,AcFun,日榜,day,hotlist,,2026-09-25 09:30:51
47,这新番要不是霸权！我家狗都不信啊！十月最无悬念的提前吹爆！,这新番要不是霸权！我家狗都不信啊！十月最无悬念的提前吹爆！,864,https://www.acfun.cn/v/ac48871615,https://tx-free-imgs.acfun.cn/newUpload/13467496_654fcc0446324342b35eef2b72d45df4.jpeg?imageslim,AcFun,日榜,day,hotlist,,2026-09-25 09:30:51
48,“狐蝠”亡命天涯半世纪,,1122,https://www.acfun.cn/v/ac48871667,https://tx-free-imgs.acfun.cn/newUpload/3592774_514c8455f636400c949adc88c25d0e83.jpeg?imageslim,AcFun,日榜,day,hotlist,,2026-09-25 09:30:51
49,동그란 안경으로 귀여운 매력 보여주는 지호,동그란 안경으로 귀여운 매력 보여주는 지호 | Beige Top & Glasses | Ji Ho,541,https://www.acfun.cn/v/ac48870864,https://tx-free-imgs.acfun.cn/newUpload/43172481_558625b6a90d469aabe28a39ba33fded.jpeg?imageslim,AcFun,日榜,day,hotlist,,2026-09-25 09:30:51
50,路边摊,,1254,https://www.acfun.cn/v/ac48871384,https://tx-free-imgs.acfun.cn/newUpload/2742252_f65b1cc858264b619f009878e8798142.jpg?imageslim,AcFun,日榜,day,hotlist,,2026-09-25 09:30:51
1,是谁点的小恶魔，蕉出来～,,5172,https://www.acfun.cn/v/ac48867778,https://tx-free-imgs.acfun.cn/newUpload/17062172_6098fee67d1748e0ab5dab3b5665736c.jpg?imageslim,AcFun,三日榜,three-days,hotlist,,2026-09-25 09:30:51
2,【绘图过程】《海边》6周年纪念插图过程,6周年纪念插图挂画（预售）、沙滩巾（预售），阿宝已上架,3242,https://www.acfun.cn/v/ac48836990,https://tx-free-imgs.acfun.cn/newUpload/179922_9f95aba039e84f3594c3947b3c8fdd58.jpeg?imageslim,AcFun,三日榜,three-days,hotlist,,2026-09-25 09:30:51
3,《野生动物迷惑行为》,喜欢请投蕉啊   谢谢啦！,2717,https://www.acfun.cn/v/ac48868360,https://tx-free-imgs.acfun.cn/newUpload/1342385_3fab348c538e4c0fa001871a708fe302.jpeg?imageslim,AcFun,三日榜,three-days,hotlist,,2026-09-25 09:30:51
4,还是少妇会的多啊！★手机竖屏2011★,审核大大辛苦了！<br/>谢谢每一个投蕉的帅哥美女！香蕉没有来个赞也好啊！<br/>视频来自快手等平台，侵权联系删除！,5064,https://www.acfun.cn/v/ac48864360,https://tx-free-imgs.acfun.cn/newUpload/2176158_3d4f199fd93640468e543b9ee25ac4c0.gif?imageslim,AcFun,三日榜,three-days,hotlist,,2026-09-25 09:30:51
5,漫威金刚狼深陷争议！SweetBaby又毁一款？【绅批】,这算是DEI的历史遗留问题了，所有现在已经从sweetbaby离职的人，只要参与过游戏制作也会被署名（比如桥本和真）,2764,https://www.acfun.cn/v/ac48868810,https://tx-free-imgs.acfun.cn/newUpload/526850_ca1da1572b1d494a93e2f6bab46cf76b.jpeg?imageslim,AcFun,三日榜,three-days,hotlist,,2026-09-25 09:30:51
6,mr chu!!好怀念这首歌,,1999,https://www.acfun.cn/v/ac48869375,https://tx-free-imgs.acfun.cn/newUpload/16380981_19592eb83a88429695ee1a0508fc3df0.png?imageslim,AcFun,三日榜,three-days,hotlist,,2026-09-25 09:30:51
7,25年了，回坊天花板小酥肉，还是那个味儿,记忆中的味道，回来了，都回来了……<br/>一口椒麻一口鲜，大口吃肉，配上热腾腾的米饭，绝了。<br/>素三鲜也是无敌的存在！,2499,https://www.acfun.cn/v/ac48865538,https://tx-free-imgs.acfun.cn/newUpload/13765438_9bc4a0abf32a4c1aa3e83c844de84649.jpeg?imageslim,AcFun,三日榜,three-days,hotlist,,2026-09-25 09:30:51
8,拳击好啊，拳击得学！欢乐八点档-1781,审核大大辛苦了！<br/>免费的香蕉投一下吧，没有那就点个赞吧，这对我来说很重要，谢谢！！！<br/>谢谢每一个投蕉的帅哥美女！你们是我坚持更新的动力！<br/>视频来自快手等平台，侵权联系删除！,3951,https://www.acfun.cn/v/ac48868336,https://tx-free-imgs.acfun.cn/newUpload/2176158_3f6c601293a54468bae97f781440217b.gif?imageslim,AcFun,三日榜,three-days,hotlist,,2026-09-25 09:30:51
9,北京豆汁会惩罚每一个好奇的人！欢乐八点档-1780,审核大大辛苦了！<br/>免费的香蕉投一下吧，没有那就点个赞吧，这对我来说很重要，谢谢！！！<br/>谢谢每一个投蕉的帅哥美女！你们是我坚持更新的动力！<br/>视频来自快手等平台，侵权联系删除！,4358,https://www.acfun.cn/v/ac48865965,https://tx-free-imgs.acfun.cn/newUpload/2176158_ec83e6fb2ffc4005b41881ac13dbaeca.gif?imageslim,AcFun,三日榜,three-days,hotlist,,2026-09-25 09:30:51
10,我真的是来吃饭的！★手机竖屏2013★,审核大大辛苦了！<br/>谢谢每一个投蕉的帅哥美女！香蕉没有来个赞也好啊！<br/>视频来自快手等平台，侵权联系删除！,3412,https://www.acfun.cn/v/ac48869145,https://tx-free-imgs.acfun.cn/newUpload/2176158_eb4b69370b8f435aa2b171e72403d356.gif?imageslim,AcFun,三日榜,three-days,hotlist,,2026-09-25 09:30:51
11,网络上常见的热门短视频集锦   第三千四百四十五期,审核大大辛苦了！<br/>谢谢每一个投蕉的帅哥美女！香蕉没有来个赞也好啊！<br/>视频来自快手等平台，侵权联系删除！,3829,https://www.acfun.cn/v/ac48866824,https://tx-free-imgs.acfun.cn/newUpload/2176158_dba921eb42f14c7ba31a1af83bfe71ce.gif?imageslim,AcFun,三日榜,three-days,hotlist,,2026-09-25 09:30:51
12,空中瑜伽！！！★手机竖屏2012★,审核大大辛苦了！<br/>谢谢每一个投蕉的帅哥美女！香蕉没有来个赞也好啊！<br/>视频来自快手等平台，侵权联系删除！,4297,https://www.acfun.cn/v/ac48866821,https://tx-free-imgs.acfun.cn/newUpload/2176158_610807af48f5463a891fc9f341c9b16f.gif?imageslim,AcFun,三日榜,three-days,hotlist,,2026-09-25 09:30:51
13,厨师长教你：“鱼香肉丝”的家常做法，酸甜微辣，口感丰富,,1973,https://www.acfun.cn/v/ac48867741,https://tx-free-imgs.acfun.cn/newUpload/13274260_93e68d1098d04ffca2683655a6a404c2.jpeg?imageslim,AcFun,三日榜,three-days,hotlist,,2026-09-25 09:30:51
14,因为害怕被讨厌 所以把自己藏起来了,,2092,https://www.acfun.cn/v/ac48871331,https://tx-free-imgs.acfun.cn/newUpload/11361784_3d4bd69b46f541e184c2922c24f09276.jpg?imageslim,AcFun,三日榜,three-days,hotlist,,2026-09-25 09:30:51
15,今天你不能嫁出去【今天有什么好笑的 #2514】,：)，谢谢大家，祝你们开心。<br/>wallpaper壁纸：Fading Astronaut 5K (update)<br/>BGM：I Want It That Way,2837,https://www.acfun.cn/v/ac48865864,https://tx-free-imgs.acfun.cn/newUpload/383079_ee4f5f7badf74f05a2ef6c691387f327.gif?imageslim,AcFun,三日榜,three-days,hotlist,,2026-09-25 09:30:51
16,这样的学姐喜欢吗？欢乐八点档-1782,审核大大辛苦了！<br/>免费的香蕉投一下吧，没有那就点个赞吧，这对我来说很重要，谢谢！！！<br/>谢谢每一个投蕉的帅哥美女！你们是我坚持更新的动力！<br/>视频来自快手等平台，侵权联系删除！,2357,https://www.acfun.cn/v/ac48870057,https://tx-free-imgs.acfun.cn/newUpload/2176158_4c1f3b60f73e451abc443941d47305d8.gif?imageslim,AcFun,三日榜,three-days,hotlist,,2026-09-25 09:30:51
17,网络上常见的热门短视频集锦   第三千四百四十三期,审核大大辛苦了！<br/>谢谢每一个投蕉的帅哥美女！香蕉没有来个赞也好啊！<br/>视频来自快手等平台，侵权联系删除！,3574,https://www.acfun.cn/v/ac48864363,https://tx-free-imgs.acfun.cn/newUpload/2176158_dfef22dbf6934a15a594e5766b8680ca.gif?imageslim,AcFun,三日榜,three-days,hotlist,,2026-09-25 09:30:51
18,网络上常见的热门短视频集锦   第三千四百四十四期,审核大大辛苦了！<br/>谢谢每一个投蕉的帅哥美女！香蕉没有来个赞也好啊！<br/>视频来自快手等平台，侵权联系删除！,3494,https://www.acfun.cn/v/ac48865021,https://tx-free-imgs.acfun.cn/newUpload/2176158_663463f1e6004dc2b4dea153d1e60c05.gif?imageslim,AcFun,三日榜,three-days,hotlist,,2026-09-25 09:30:51
19,嘴角压不住了【今天有什么好笑的 #2515】,：），谢谢大家的投蕉和点赞，祝你开心愉快~<br/>wallpaper壁纸：Genshin 神里绫华<br/>BGM：Wake me up when september ends,2341,https://www.acfun.cn/v/ac48868130,https://tx-free-imgs.acfun.cn/newUpload/383079_ef65121591434d2b86d53db1622776cd.gif?imageslim,AcFun,三日榜,three-days,hotlist,,2026-09-25 09:30:51
20,粉丝让我录的，不理解但照做！！！,怪哦~,1978,https://www.acfun.cn/v/ac48866011,https://tx-free-imgs.acfun.cn/newUpload/210705_6db288d8849d4e408bbee41ce9116989.jpeg?imageslim,AcFun,三日榜,three-days,hotlist,,2026-09-25 09:30:51
21,姛姛？！蝴蝶耳机Manget中文翻唱【箐羽Hane】x【缇若柯Teivoc】,“是否你确实表里如一淡然，还是说你——并不似我贪婪？”<br/>《Manget》磁石 / 蝴蝶耳机 - 中文翻唱<br/>原作作曲 / 流星P<br/>曲绘&翻唱 / 箐羽hane & 缇若柯Teivoc<br/>中文填词 / 果汁凉菜<br/>混音 / 风尘<br/>和笋笋一起唱了我们二次元姛神曲！曲绘也是我和笋笋每个人负责了自己的部分最后再拼到一起的！真好！( *^ ^)o(^ ^* )希望大家也能喜欢！,1360,https://www.acfun.cn/v/ac48869340,https://tx-free-imgs.acfun.cn/newUpload/67511609_d868cdbd6b1849e8958696cdc9db1493.jpeg?imageslim,AcFun,三日榜,three-days,hotlist,,2026-09-25 09:30:51
22,网络上常见的热门短视频集锦   第三千四百四十六期,审核大大辛苦了！<br/>谢谢每一个投蕉的帅哥美女！香蕉没有来个赞也好啊！<br/>视频来自快手等平台，侵权联系删除！,3545,https://www.acfun.cn/v/ac48867732,https://tx-free-imgs.acfun.cn/newUpload/2176158_2ec1d99da19a48e0a8e4ff2a2447e612.gif?imageslim,AcFun,三日榜,three-days,hotlist,,2026-09-25 09:30:51
23,双手合十萨瓦迪卡！,,1776,https://www.acfun.cn/v/ac48863951,https://tx-free-imgs.acfun.cn/newUpload/12439728_638a29114abf4b0bafda38c61f497df1.png?imageslim,AcFun,三日榜,three-days,hotlist,,2026-09-25 09:30:51
24,昆汀力荐！这部复仇老片，竟是杀死比尔的人物原型来源,,1633,https://www.acfun.cn/v/ac48865483,https://tx-free-imgs.acfun.cn/newUpload/8042365_d9ae5a725d8848abb4b488acbf483611.jpeg?imageslim,AcFun,三日榜,three-days,hotlist,,2026-09-25 09:30:51
25,现在电脑不好卖了，以后我们出租AI机器人吧,,1693,https://www.acfun.cn/v/ac48867767,https://tx-free-imgs.acfun.cn/newUpload/17928_c684f06231604145b533a0f00627c624.png?imageslim,AcFun,三日榜,three-days,hotlist,,2026-09-25 09:30:51
26,网络上常见的热门短视频集锦   第三千四百四十八期,审核大大辛苦了！<br/>谢谢每一个投蕉的帅哥美女！香蕉没有来个赞也好啊！<br/>视频来自快手等平台，侵权联系删除！,2839,https://www.acfun.cn/v/ac48870020,https://tx-free-imgs.acfun.cn/newUpload/2176158_d65e54f4e9ee489b86b6fc28c31c84ee.gif?imageslim,AcFun,三日榜,three-days,hotlist,,2026-09-25 09:30:51
27,交通事故20260923：交通车祸实例，提高安全驾驶意识,,1379,https://www.acfun.cn/v/ac48868861,https://tx-free-imgs.acfun.cn/newUpload/76871961_edea5de6659a4cd2b733a74989043440.jpg?imageslim,AcFun,三日榜,three-days,hotlist,,2026-09-25 09:30:51
28,常州新开巴西烤肉自助，100块钱值得吗？,这是我目前为止，去过的第二家巴西烤肉自助，团购优惠的情况下，花了94元。正常价格在95~110不等<br/><br/>简单带大家看下菜品，除了取餐台这么些，各种牛肉制品、大串烧烤都是循环上桌，大家觉得这么些菜式花样，100块钱左右你们觉得贵还是便宜啊，觉得贵的扣1，觉得便宜的扣2,1791,https://www.acfun.cn/v/ac48868891,https://tx-free-imgs.acfun.cn/newUpload/2046675_bf3a59ddff624646850829452262094e.jpeg?imageslim,AcFun,三日榜,three-days,hotlist,,2026-09-25 09:30:51
29,人鱼的眼泪,歌曲舞蹈：爱乐之城-人鱼的眼泪,1515,https://www.acfun.cn/v/ac48867050,https://tx-free-imgs.acfun.cn/newUpload/12229455_130b1f041e6741dab4f6295ee27d927e.jpeg?imageslim,AcFun,三日榜,three-days,hotlist,,2026-09-25 09:30:51
30,网络上常见的热门短视频集锦   第三千四百四十七期,审核大大辛苦了！<br/>谢谢每一个投蕉的帅哥美女！香蕉没有来个赞也好啊！<br/>视频来自快手等平台，侵权联系删除！,2745,https://www.acfun.cn/v/ac48869149,https://tx-free-imgs.acfun.cn/newUpload/2176158_fdf9afe2e00a4a1aa62415c846776eaf.gif?imageslim,AcFun,三日榜,three-days,hotlist,,2026-09-25 09:30:51
31,Summertime,歌曲：summer time<br/>动作参考：紫嘉儿<br/>原版编舞：（Millennium红房子_BON）<br/>参考编舞：(GFRIEND《Sunny Summer）,1711,https://www.acfun.cn/v/ac48864563,https://tx-free-imgs.acfun.cn/newUpload/12229455_1a8e22f51f3e4effa32c00abb4fd05af.jpeg?imageslim,AcFun,三日榜,three-days,hotlist,,2026-09-25 09:30:51
32,原创编舞《千层套路》的定机位竖屏来啦！,,1586,https://www.acfun.cn/v/ac48869245,https://tx-free-imgs.acfun.cn/newUpload/16380981_24bafd11c027499d9fe6820162faa782.png?imageslim,AcFun,三日榜,three-days,hotlist,,2026-09-25 09:30:51
33,北京的最北端在黑龙江？？？国内飞地是怎么形成的？,这份中国地图，是你从未看过的船新版本，放大几倍就会发现，在大家熟悉的各个省份中，还藏着一堆 “你中有我、我中有你” 的飞地。,1753,https://www.acfun.cn/v/ac48867896,https://tx-free-imgs.acfun.cn/newUpload/13630266_cc2428a99a42453f99c9e1306e7a43bb.jpeg?imageslim,AcFun,三日榜,three-days,hotlist,,2026-09-25 09:30:51
34,我要辞职了！,,1640,https://www.acfun.cn/v/ac48863957,https://tx-free-imgs.acfun.cn/newUpload/12439728_7c57a0735675474590bf7b25e1a34527.png?imageslim,AcFun,三日榜,three-days,hotlist,,2026-09-25 09:30:51
35,我要冲会员【今天有什么好笑的 #2516】,：），谢谢大家的投蕉和点赞，祝你开心愉快~<br/>wallpaper壁纸：Reze | Chainsaw Man<br/>BGM：Nicoleta Matei - Love mail<br/>,1983,https://www.acfun.cn/v/ac48870763,https://tx-free-imgs.acfun.cn/newUpload/383079_47b0fc3f458042f5bd3717967e55c598.gif?imageslim,AcFun,三日榜,three-days,hotlist,,2026-09-25 09:30:51
36,捏捏已经已进化到可以吃的地步啦？,,1602,https://www.acfun.cn/v/ac48868638,https://tx-free-imgs.acfun.cn/newUpload/6177430_486c910212d548c991eeb140f146a6ed.jpeg?imageslim,AcFun,三日榜,three-days,hotlist,,2026-09-25 09:30:51
37,老板直聘（89）,,1480,https://www.acfun.cn/v/ac48868552,https://tx-free-imgs.acfun.cn/newUpload/74706824_db2c7ba15c5d4aa18872db6b0763b7ca.jpeg?imageslim,AcFun,三日榜,three-days,hotlist,,2026-09-25 09:30:51
38,我终于瘦到120斤以下了！,,1633,https://www.acfun.cn/v/ac48867016,https://tx-free-imgs.acfun.cn/newUpload/16380981_906db098cf5d4eaca57bde52b0ae8bf2.jpg?imageslim,AcFun,三日榜,three-days,hotlist,,2026-09-25 09:30:51
39,《奶凶奶凶的漫威金刚狼！》,游戏名：《漫威金刚狼》- Marvel s Wolverine<br/>直播玩了15小时左右一周目通关啦~(*^▽^*)开心，这期是切片呦~,1815,https://www.acfun.cn/v/ac48866669,https://tx-free-imgs.acfun.cn/newUpload/61352468_cb62bfe2e19c4f35804259fac7f8c226.jpeg?imageslim,AcFun,三日榜,three-days,hotlist,,2026-09-25 09:30:51
40,嘉蒂丝模型曝光！很大！策划团队产能恢复？,明天新角色就要上了，技系直接立于天上。,1814,https://www.acfun.cn/v/ac48866809,https://tx-free-imgs.acfun.cn/newUpload/247671_ee6def92d94a4ab1b770fa166f4de4b7.jpeg?imageslim,AcFun,三日榜,three-days,hotlist,,2026-09-25 09:30:51
41,换你穿越三国乱世，你是起兵还是种田？,有没有宝贝和我一样，看三国的时候总在想，如果换我身在那个乱世，我会怎么样？是起兵争霸，还是归隐山林？ 或是是咱们可以选三国里有名的角色或者可以架空历史从素人做起，一统三国，那会怎么样?我最近就玩了这么一款游戏，一玩就是五个小时，根本停不下来，那今天来聊聊这款开放世界slg游戏《英雄立志传：三国志》~<br/>,1576,https://www.acfun.cn/v/ac48869043,https://tx-free-imgs.acfun.cn/newUpload/61352468_39715609bed041b98b21f3dbb482ad70.jpeg?imageslim,AcFun,三日榜,three-days,hotlist,,2026-09-25 09:30:51
42,好曲不挑舞！《琵琶曲》你喜欢的是？,,1378,https://www.acfun.cn/v/ac48866497,https://tx-free-imgs.acfun.cn/newUpload/1161851_90c6400f25f14d969028c8a6779eaaf5.png?imageslim,AcFun,三日榜,three-days,hotlist,,2026-09-25 09:30:51
43,奥迪“宫斗”十年大结局？一汽拿四环，上汽拿AUDI,一汽奥迪和上汽奥迪“宫斗”了十年，终于要划下句号了？,1428,https://www.acfun.cn/v/ac48870981,https://tx-free-imgs.acfun.cn/newUpload/13630266_3fde785be5a2411495618f67d01ab66a.jpeg?imageslim,AcFun,三日榜,three-days,hotlist,,2026-09-25 09:30:51
44,沦陷️,歌曲舞蹈：沦陷dj版-星奇摇   动作有改编,1378,https://www.acfun.cn/v/ac48869381,https://tx-free-imgs.acfun.cn/newUpload/12229455_aacf9da97a0940ad8e5f0b509d9cc159.jpeg?imageslim,AcFun,三日榜,three-days,hotlist,,2026-09-25 09:30:51
45,抱紧原生家庭（90）,,1396,https://www.acfun.cn/v/ac48867786,https://tx-free-imgs.acfun.cn/newUpload/74706824_fcc9a2386aff4fb0b3ecd158e3c6b97f.png?imageslim,AcFun,三日榜,three-days,hotlist,,2026-09-25 09:30:51
46,你吃月饼了吗？,,1399,https://www.acfun.cn/v/ac48869054,https://tx-free-imgs.acfun.cn/newUpload/1167675_8f48723afb0e41ecbe772249b3f4df1a.jpg?imageslim,AcFun,三日榜,three-days,hotlist,,2026-09-25 09:30:51
47,发个friend圈,,1357,https://www.acfun.cn/v/ac48863958,https://tx-free-imgs.acfun.cn/newUpload/12439728_b44cb67ae45a4c179b08227368f4159c.png?imageslim,AcFun,三日榜,three-days,hotlist,,2026-09-25 09:30:51
48,【柯基】papi酱《生气了》｜oh my god你吓到我了,,1408,https://www.acfun.cn/v/ac48867295,https://tx-free-imgs.acfun.cn/newUpload/29493245_980e56a85587473a82c7499c2ed115cb.png?imageslim,AcFun,三日榜,three-days,hotlist,,2026-09-25 09:30:51
49,发怒了好多次哈哈哈哈，最后一遍最好！,,1398,https://www.acfun.cn/v/ac48867030,https://tx-free-imgs.acfun.cn/newUpload/16380981_8a800edc429e47809b3a0e69ec22c530.jpg?imageslim,AcFun,三日榜,three-days,hotlist,,2026-09-25 09:30:51
50,只有刀鸣最小丑？各大游戏千年血战联动盘点！,300英雄的含金量还在上升,1880,https://www.acfun.cn/v/ac48869154,https://tx-free-imgs.acfun.cn/newUpload/247671_7d920e56c00e4af39fed560bf094f965.jpeg?imageslim,AcFun,三日榜,three-days,hotlist,,2026-09-25 09:30:51
1,剑戟战斗的巅峰 关卡内容的洼地 偏科严重的《鬼武者：剑之道》,它给人爽的部分是真的爽，但是在每次爽之前，你得堵不少马桶，先生。,4384,https://www.acfun.cn/v/ac48859506,https://tx-free-imgs.acfun.cn/newUpload/934542_5d98ad80ca9c4307b5cdc2051c11cb50.jpeg?imageslim,AcFun,周榜,week,hotlist,,2026-09-25 09:30:51
2,【写真】ol穿搭,,10443,https://www.acfun.cn/v/ac48856919,https://tx-free-imgs.acfun.cn/newUpload/3540234_86355333f0d94a46842be6ec42cca369.jpg?imageslim,AcFun,周榜,week,hotlist,,2026-09-25 09:30:51
3,跳最开心的一集,,3943,https://www.acfun.cn/v/ac48860571,https://tx-free-imgs.acfun.cn/newUpload/50330447_79a3f269514140c29e7a85fb7c9dc94c.jpg?imageslim,AcFun,周榜,week,hotlist,,2026-09-25 09:30:51
4,是谁点的小恶魔，蕉出来～,,5174,https://www.acfun.cn/v/ac48867778,https://tx-free-imgs.acfun.cn/newUpload/17062172_6098fee67d1748e0ab5dab3b5665736c.jpg?imageslim,AcFun,周榜,week,hotlist,,2026-09-25 09:30:51
5,喜欢哪套？,,6565,https://www.acfun.cn/v/ac48861422,https://tx-free-imgs.acfun.cn/newUpload/3540234_729e0d22251f439da3735f26e58d174f.jpg?imageslim,AcFun,周榜,week,hotlist,,2026-09-25 09:30:51
6,过期JK碎碎念！,家人们记得蕉一蕉捏 啾咪,5785,https://www.acfun.cn/v/ac48859219,https://tx-free-imgs.acfun.cn/newUpload/17062172_5dd6ea8b5f2741ff87f0911db6dfb909.jpg?imageslim,AcFun,周榜,week,hotlist,,2026-09-25 09:30:51
7,开学对各省舍友的刻板印象,,4196,https://www.acfun.cn/v/ac48857410,https://tx-free-imgs.acfun.cn/newUpload/13114172_24dabc4c47ec46458d7cdfcc1cd2ee88.jpeg?imageslim,AcFun,周榜,week,hotlist,,2026-09-25 09:30:51
8,优雅永不过时！！！★手机竖屏2007★,审核大大辛苦了！<br/>谢谢每一个投蕉的帅哥美女！香蕉没有来个赞也好啊！<br/>视频来自快手等平台，侵权联系删除！,4328,https://www.acfun.cn/v/ac48855173,https://tx-free-imgs.acfun.cn/newUpload/2176158_d6d6aa7bbc494ad4bd0950cc58784963.gif?imageslim,AcFun,周榜,week,hotlist,,2026-09-25 09:30:51
9,《动物迷惑行为大赏325》,喜欢请投蕉啊 谢谢啦！,2611,https://www.acfun.cn/v/ac48861293,https://tx-free-imgs.acfun.cn/newUpload/1342385_03080470038d444a95ce01ff6a6aeb9f.jpeg?imageslim,AcFun,周榜,week,hotlist,,2026-09-25 09:30:51
10,《动物游戏行为图鉴》,喜欢请投蕉啊 谢谢啦！,2739,https://www.acfun.cn/v/ac48857450,https://tx-free-imgs.acfun.cn/newUpload/1342385_485bc20a4c164df2928409b209fa9afc.jpeg?imageslim,AcFun,周榜,week,hotlist,,2026-09-25 09:30:51
11,双马尾小女仆带来的情绪摇～,,3926,https://www.acfun.cn/v/ac48861966,https://tx-free-imgs.acfun.cn/newUpload/11361784_8cee0402b4754b1e82f85b7099791793.jpg?imageslim,AcFun,周榜,week,hotlist,,2026-09-25 09:30:51
12,帮Acer问一下，地址在哪里？欢乐八点档-1779,审核大大辛苦了！<br/>免费的香蕉投一下吧，没有那就点个赞吧，这对我来说很重要，谢谢！！！<br/>谢谢每一个投蕉的帅哥美女！你们是我坚持更新的动力！<br/>视频来自快手等平台，侵权联系删除！,4414,https://www.acfun.cn/v/ac48863633,https://tx-free-imgs.acfun.cn/newUpload/2176158_ff69c3c797d5414e8056b329918cc5b6.gif?imageslim,AcFun,周榜,week,hotlist,,2026-09-25 09:30:51
13,【绘图过程】《海边》6周年纪念插图过程,6周年纪念插图挂画（预售）、沙滩巾（预售），阿宝已上架,3242,https://www.acfun.cn/v/ac48836990,https://tx-free-imgs.acfun.cn/newUpload/179922_9f95aba039e84f3594c3947b3c8fdd58.jpeg?imageslim,AcFun,周榜,week,hotlist,,2026-09-25 09:30:51
14,人间琴悠扬，姑娘把谁记心上～,,2695,https://www.acfun.cn/v/ac48863143,https://tx-free-imgs.acfun.cn/newUpload/50330447_938d77716a11477e843914663278ff07.jpg?imageslim,AcFun,周榜,week,hotlist,,2026-09-25 09:30:51
15,《野生动物迷惑行为》,喜欢请投蕉啊   谢谢啦！,2717,https://www.acfun.cn/v/ac48868360,https://tx-free-imgs.acfun.cn/newUpload/1342385_3fab348c538e4c0fa001871a708fe302.jpeg?imageslim,AcFun,周榜,week,hotlist,,2026-09-25 09:30:51
16,还是少妇会的多啊！★手机竖屏2011★,审核大大辛苦了！<br/>谢谢每一个投蕉的帅哥美女！香蕉没有来个赞也好啊！<br/>视频来自快手等平台，侵权联系删除！,5064,https://www.acfun.cn/v/ac48864360,https://tx-free-imgs.acfun.cn/newUpload/2176158_3d4f199fd93640468e543b9ee25ac4c0.gif?imageslim,AcFun,周榜,week,hotlist,,2026-09-25 09:30:51
17,漫威金刚狼深陷争议！SweetBaby又毁一款？【绅批】,这算是DEI的历史遗留问题了，所有现在已经从sweetbaby离职的人，只要参与过游戏制作也会被署名（比如桥本和真）,2764,https://www.acfun.cn/v/ac48868810,https://tx-free-imgs.acfun.cn/newUpload/526850_ca1da1572b1d494a93e2f6bab46cf76b.jpeg?imageslim,AcFun,周榜,week,hotlist,,2026-09-25 09:30:51
18,钓鱼佬是真会享受！欢乐八点档-1777,审核大大辛苦了！<br/>免费的香蕉投一下吧，没有那就点个赞吧，这对我来说很重要，谢谢！！！<br/>谢谢每一个投蕉的帅哥美女！你们是我坚持更新的动力！<br/>视频来自快手等平台，侵权联系删除！,4572,https://www.acfun.cn/v/ac48858969,https://tx-free-imgs.acfun.cn/newUpload/2176158_c9d74d926c4c4d709a4b6b7769dffcca.gif?imageslim,AcFun,周榜,week,hotlist,,2026-09-25 09:30:51
19,一波还未平息一波又来侵袭！★手机竖屏2010★,审核大大辛苦了！<br/>谢谢每一个投蕉的帅哥美女！香蕉没有来个赞也好啊！<br/>视频来自快手等平台，侵权联系删除！,4710,https://www.acfun.cn/v/ac48862013,https://tx-free-imgs.acfun.cn/newUpload/2176158_c4802142afc14d50b2cd775e67890cca.gif?imageslim,AcFun,周榜,week,hotlist,,2026-09-25 09:30:51
20,网络上常见的热门短视频集锦   第三千四百三十八期,审核大大辛苦了！<br/>谢谢每一个投蕉的帅哥美女！香蕉没有来个赞也好啊！<br/>视频来自快手等平台，侵权联系删除！,4412,https://www.acfun.cn/v/ac48858394,https://tx-free-imgs.acfun.cn/newUpload/2176158_38174e72af934b9e86687045b01f0dd3.gif?imageslim,AcFun,周榜,week,hotlist,,2026-09-25 09:30:51
21,mr chu!!好怀念这首歌,,1999,https://www.acfun.cn/v/ac48869375,https://tx-free-imgs.acfun.cn/newUpload/16380981_19592eb83a88429695ee1a0508fc3df0.png?imageslim,AcFun,周榜,week,hotlist,,2026-09-25 09:30:51
22,魔兽无限服禁金团引爆社区！但原教旨主义玩家才是最抽象的？【绅批】,所谓“严厉处罚“”顶格也就是封号，会根据情况由短至长，当然能不能具体实行就是另一回事了,3071,https://www.acfun.cn/v/ac48857248,https://tx-free-imgs.acfun.cn/newUpload/526850_b63f9e2a1bd04c38ac3c61257e0b87dd.jpeg?imageslim,AcFun,周榜,week,hotlist,,2026-09-25 09:30:51
23,还是少妇会啊！！！★手机竖屏2009★,审核大大辛苦了！<br/>谢谢每一个投蕉的帅哥美女！香蕉没有来个赞也好啊！<br/>视频来自快手等平台，侵权联系删除！,4844,https://www.acfun.cn/v/ac48859515,https://tx-free-imgs.acfun.cn/newUpload/2176158_d4e9e6e30f4446319f9e720adfe35ef9.gif?imageslim,AcFun,周榜,week,hotlist,,2026-09-25 09:30:51
24,你们内外皆钢，而我们化身钢铁！【达奇】战锤40K故事内容,感谢下巴老师对视频内容的支持与完善,2133,https://www.acfun.cn/v/ac48856443,https://tx-free-imgs.acfun.cn/newUpload/346807_7f5f779958dd4d6986f60021118423da.jpeg?imageslim,AcFun,周榜,week,hotlist,,2026-09-25 09:30:51
25,【AC娘】琵琶曲,原作者：Kotte Animation<br/>还有瑕疵，看个乐吧,3075,https://www.acfun.cn/v/ac48864492,https://tx-free-imgs.acfun.cn/newUpload/41729435_02cbd995b6d54f508eb21d3cb8621903.jpeg?imageslim,AcFun,周榜,week,hotlist,,2026-09-25 09:30:51
26,25年了，回坊天花板小酥肉，还是那个味儿,记忆中的味道，回来了，都回来了……<br/>一口椒麻一口鲜，大口吃肉，配上热腾腾的米饭，绝了。<br/>素三鲜也是无敌的存在！,2499,https://www.acfun.cn/v/ac48865538,https://tx-free-imgs.acfun.cn/newUpload/13765438_9bc4a0abf32a4c1aa3e83c844de84649.jpeg?imageslim,AcFun,周榜,week,hotlist,,2026-09-25 09:30:51
27,海洋公园一定要去啊！欢乐八点档-1776,审核大大辛苦了！<br/>免费的香蕉投一下吧，没有那就点个赞吧，这对我来说很重要，谢谢！！！<br/>谢谢每一个投蕉的帅哥美女！你们是我坚持更新的动力！<br/>视频来自快手等平台，侵权联系删除！,4462,https://www.acfun.cn/v/ac48856824,https://tx-free-imgs.acfun.cn/newUpload/2176158_3406d07fb97f486893aedb108728c2ec.gif?imageslim,AcFun,周榜,week,hotlist,,2026-09-25 09:30:51
28,拳击好啊，拳击得学！欢乐八点档-1781,审核大大辛苦了！<br/>免费的香蕉投一下吧，没有那就点个赞吧，这对我来说很重要，谢谢！！！<br/>谢谢每一个投蕉的帅哥美女！你们是我坚持更新的动力！<br/>视频来自快手等平台，侵权联系删除！,3951,https://www.acfun.cn/v/ac48868336,https://tx-free-imgs.acfun.cn/newUpload/2176158_3f6c601293a54468bae97f781440217b.gif?imageslim,AcFun,周榜,week,hotlist,,2026-09-25 09:30:51
29,你的拳头真是肥嘟嘟的...,动漫：心灵的声音，作者：赵石【韩国】,2160,https://www.acfun.cn/v/ac48859870,https://tx-free-imgs.acfun.cn/newUpload/509259_2fa91d5206504450be471808d9c93a22.jpeg?imageslim,AcFun,周榜,week,hotlist,,2026-09-25 09:30:51
30,北京豆汁会惩罚每一个好奇的人！欢乐八点档-1780,审核大大辛苦了！<br/>免费的香蕉投一下吧，没有那就点个赞吧，这对我来说很重要，谢谢！！！<br/>谢谢每一个投蕉的帅哥美女！你们是我坚持更新的动力！<br/>视频来自快手等平台，侵权联系删除！,4358,https://www.acfun.cn/v/ac48865965,https://tx-free-imgs.acfun.cn/newUpload/2176158_ec83e6fb2ffc4005b41881ac13dbaeca.gif?imageslim,AcFun,周榜,week,hotlist,,2026-09-25 09:30:51
31,这个一字马技术含量很高啊！欢乐八点档-1778,审核大大辛苦了！<br/>免费的香蕉投一下吧，没有那就点个赞吧，这对我来说很重要，谢谢！！！<br/>谢谢每一个投蕉的帅哥美女！你们是我坚持更新的动力！<br/>视频来自快手等平台，侵权联系删除！,4334,https://www.acfun.cn/v/ac48861225,https://tx-free-imgs.acfun.cn/newUpload/2176158_0824627cb76d40dc99ce9cb12c07e4cc.gif?imageslim,AcFun,周榜,week,hotlist,,2026-09-25 09:30:51
32,我真的是来吃饭的！★手机竖屏2013★,审核大大辛苦了！<br/>谢谢每一个投蕉的帅哥美女！香蕉没有来个赞也好啊！<br/>视频来自快手等平台，侵权联系删除！,3412,https://www.acfun.cn/v/ac48869145,https://tx-free-imgs.acfun.cn/newUpload/2176158_eb4b69370b8f435aa2b171e72403d356.gif?imageslim,AcFun,周榜,week,hotlist,,2026-09-25 09:30:51
33,网络上常见的热门短视频集锦   第三千四百四十一期,审核大大辛苦了！<br/>谢谢每一个投蕉的帅哥美女！香蕉没有来个赞也好啊！<br/>视频来自快手等平台，侵权联系删除！,4143,https://www.acfun.cn/v/ac48862019,https://tx-free-imgs.acfun.cn/newUpload/2176158_6e5a88d95f344d92a8d97a57f03ac4b9.gif?imageslim,AcFun,周榜,week,hotlist,,2026-09-25 09:30:51
34,网络上常见的热门短视频集锦   第三千四百四十五期,审核大大辛苦了！<br/>谢谢每一个投蕉的帅哥美女！香蕉没有来个赞也好啊！<br/>视频来自快手等平台，侵权联系删除！,3829,https://www.acfun.cn/v/ac48866824,https://tx-free-imgs.acfun.cn/newUpload/2176158_dba921eb42f14c7ba31a1af83bfe71ce.gif?imageslim,AcFun,周榜,week,hotlist,,2026-09-25 09:30:51
35,琵琶曲丨夜神月 VS  L,原曲：琵琶曲,2209,https://www.acfun.cn/v/ac48861693,https://tx-free-imgs.acfun.cn/newUpload/16986934_3bf4dd94910c4845acf851f7f0fdb757.jpeg?imageslim,AcFun,周榜,week,hotlist,,2026-09-25 09:30:51
36,空中瑜伽！！！★手机竖屏2012★,审核大大辛苦了！<br/>谢谢每一个投蕉的帅哥美女！香蕉没有来个赞也好啊！<br/>视频来自快手等平台，侵权联系删除！,4297,https://www.acfun.cn/v/ac48866821,https://tx-free-imgs.acfun.cn/newUpload/2176158_610807af48f5463a891fc9f341c9b16f.gif?imageslim,AcFun,周榜,week,hotlist,,2026-09-25 09:30:51
37,厨师长教你：“鱼香肉丝”的家常做法，酸甜微辣，口感丰富,,1973,https://www.acfun.cn/v/ac48867741,https://tx-free-imgs.acfun.cn/newUpload/13274260_93e68d1098d04ffca2683655a6a404c2.jpeg?imageslim,AcFun,周榜,week,hotlist,,2026-09-25 09:30:51
38,网络上常见的热门短视频集锦   第三千四百三十九期,审核大大辛苦了！<br/>谢谢每一个投蕉的帅哥美女！香蕉没有来个赞也好啊！<br/>视频来自快手等平台，侵权联系删除！,4004,https://www.acfun.cn/v/ac48859518,https://tx-free-imgs.acfun.cn/newUpload/2176158_13f61f1aa39c4732bdaeed87fe0e28a4.gif?imageslim,AcFun,周榜,week,hotlist,,2026-09-25 09:30:51
39,因为害怕被讨厌 所以把自己藏起来了,,2092,https://www.acfun.cn/v/ac48871331,https://tx-free-imgs.acfun.cn/newUpload/11361784_3d4bd69b46f541e184c2922c24f09276.jpg?imageslim,AcFun,周榜,week,hotlist,,2026-09-25 09:30:51
40,一天生产500万个！速冻水饺是如何制造出来的？,,2146,https://www.acfun.cn/v/ac48859253,https://tx-free-imgs.acfun.cn/newUpload/19281632_57f07fe28e24422d948491fd2d43586c.jpeg?imageslim,AcFun,周榜,week,hotlist,,2026-09-25 09:30:51
41,今天你不能嫁出去【今天有什么好笑的 #2514】,：)，谢谢大家，祝你们开心。<br/>wallpaper壁纸：Fading Astronaut 5K (update)<br/>BGM：I Want It That Way,2837,https://www.acfun.cn/v/ac48865864,https://tx-free-imgs.acfun.cn/newUpload/383079_ee4f5f7badf74f05a2ef6c691387f327.gif?imageslim,AcFun,周榜,week,hotlist,,2026-09-25 09:30:51
42,单纯的约会（92）,,1810,https://www.acfun.cn/v/ac48857199,https://tx-free-imgs.acfun.cn/newUpload/74706824_a3a60d77e6934225b168686e44216c4b.png?imageslim,AcFun,周榜,week,hotlist,,2026-09-25 09:30:51
43,【东方】推特东方小视频选集 第272期,睡觉睡觉睡觉睡觉睡觉睡觉睡觉睡觉睡觉睡觉……,1376,https://www.acfun.cn/v/ac48858830,https://tx-free-imgs.acfun.cn/newUpload/6102_5a13d6efeec742ff84c512206aaeb7b0.jpeg?imageslim,AcFun,周榜,week,hotlist,,2026-09-25 09:30:51
44,甜妹来袭！,,2146,https://www.acfun.cn/v/ac48863947,https://tx-free-imgs.acfun.cn/newUpload/12439728_1fd5a3c6e60241a1a1cd8f89dbede769.png?imageslim,AcFun,周榜,week,hotlist,,2026-09-25 09:30:51
45,这样的学姐喜欢吗？欢乐八点档-1782,审核大大辛苦了！<br/>免费的香蕉投一下吧，没有那就点个赞吧，这对我来说很重要，谢谢！！！<br/>谢谢每一个投蕉的帅哥美女！你们是我坚持更新的动力！<br/>视频来自快手等平台，侵权联系删除！,2357,https://www.acfun.cn/v/ac48870057,https://tx-free-imgs.acfun.cn/newUpload/2176158_4c1f3b60f73e451abc443941d47305d8.gif?imageslim,AcFun,周榜,week,hotlist,,2026-09-25 09:30:51
46,网络上常见的热门短视频集锦   第三千四百三十六期,审核大大辛苦了！<br/>谢谢每一个投蕉的帅哥美女！香蕉没有来个赞也好啊！<br/>视频来自快手等平台，侵权联系删除！,3945,https://www.acfun.cn/v/ac48856130,https://tx-free-imgs.acfun.cn/newUpload/2176158_4b41dc501581491e9b900fd0a1662e27.gif?imageslim,AcFun,周榜,week,hotlist,,2026-09-25 09:30:51
47,网络上常见的热门短视频集锦   第三千四百四十三期,审核大大辛苦了！<br/>谢谢每一个投蕉的帅哥美女！香蕉没有来个赞也好啊！<br/>视频来自快手等平台，侵权联系删除！,3574,https://www.acfun.cn/v/ac48864363,https://tx-free-imgs.acfun.cn/newUpload/2176158_dfef22dbf6934a15a594e5766b8680ca.gif?imageslim,AcFun,周榜,week,hotlist,,2026-09-25 09:30:51
48,嘞个就是爱情【今天有什么好笑的 #2512】,：），谢谢大家的投蕉和点赞，祝你开心愉快~<br/>wallpaper壁纸：lamp<br/>BGM：What a Feeling,2427,https://www.acfun.cn/v/ac48860992,https://tx-free-imgs.acfun.cn/newUpload/383079_172d192fee55441c96b7352f61e0a25f.gif?imageslim,AcFun,周榜,week,hotlist,,2026-09-25 09:30:51
49,网络上常见的热门短视频集锦   第三千四百三十七期,审核大大辛苦了！<br/>谢谢每一个投蕉的帅哥美女！香蕉没有来个赞也好啊！<br/>视频来自快手等平台，侵权联系删除！,3646,https://www.acfun.cn/v/ac48857544,https://tx-free-imgs.acfun.cn/newUpload/2176158_65f1d403dce7484b8d62b6f272bdbe31.gif?imageslim,AcFun,周榜,week,hotlist,,2026-09-25 09:30:51
50,网络上常见的热门短视频集锦   第三千四百四十四期,审核大大辛苦了！<br/>谢谢每一个投蕉的帅哥美女！香蕉没有来个赞也好啊！<br/>视频来自快手等平台，侵权联系删除！,3494,https://www.acfun.cn/v/ac48865021,https://tx-free-imgs.acfun.cn/newUpload/2176158_663463f1e6004dc2b4dea153d1e60c05.gif?imageslim,AcFun,周榜,week,hotlist,,2026-09-25 09:30:51
1,我真的是来吃饭的！★手机竖屏2013★,审核大大辛苦了！<br/>谢谢每一个投蕉的帅哥美女！香蕉没有来个赞也好啊！<br/>视频来自快手等平台，侵权联系删除！,3478,https://www.acfun.cn/v/ac48869145,https://tx-free-imgs.acfun.cn/newUpload/2176158_eb4b69370b8f435aa2b171e72403d356.gif?imageslim,AcFun,日榜,day,hotlist,,2026-09-25 10:29:37
2,因为害怕被讨厌 所以把自己藏起来了,,2198,https://www.acfun.cn/v/ac48871331,https://tx-free-imgs.acfun.cn/newUpload/11361784_3d4bd69b46f541e184c2922c24f09276.jpg?imageslim,AcFun,日榜,day,hotlist,,2026-09-25 10:29:37
3,这样的学姐喜欢吗？欢乐八点档-1782,审核大大辛苦了！<br/>免费的香蕉投一下吧，没有那就点个赞吧，这对我来说很重要，谢谢！！！<br/>谢谢每一个投蕉的帅哥美女！你们是我坚持更新的动力！<br/>视频来自快手等平台，侵权联系删除！,2450,https://www.acfun.cn/v/ac48870057,https://tx-free-imgs.acfun.cn/newUpload/2176158_4c1f3b60f73e451abc443941d47305d8.gif?imageslim,AcFun,日榜,day,hotlist,,2026-09-25 10:29:37
4,姛姛？！蝴蝶耳机Manget中文翻唱【箐羽Hane】x【缇若柯Teivoc】,“是否你确实表里如一淡然，还是说你——并不似我贪婪？”<br/>《Manget》磁石 / 蝴蝶耳机 - 中文翻唱<br/>原作作曲 / 流星P<br/>曲绘&翻唱 / 箐羽hane & 缇若柯Teivoc<br/>中文填词 / 果汁凉菜<br/>混音 / 风尘<br/>和笋笋一起唱了我们二次元姛神曲！曲绘也是我和笋笋每个人负责了自己的部分最后再拼到一起的！真好！( *^ ^)o(^ ^* )希望大家也能喜欢！,1382,https://www.acfun.cn/v/ac48869340,https://tx-free-imgs.acfun.cn/newUpload/67511609_d868cdbd6b1849e8958696cdc9db1493.jpeg?imageslim,AcFun,日榜,day,hotlist,,2026-09-25 10:29:37
5,网络上常见的热门短视频集锦   第三千四百四十八期,审核大大辛苦了！<br/>谢谢每一个投蕉的帅哥美女！香蕉没有来个赞也好啊！<br/>视频来自快手等平台，侵权联系删除！,2889,https://www.acfun.cn/v/ac48870020,https://tx-free-imgs.acfun.cn/newUpload/2176158_d65e54f4e9ee489b86b6fc28c31c84ee.gif?imageslim,AcFun,日榜,day,hotlist,,2026-09-25 10:29:37
6,我要冲会员【今天有什么好笑的 #2516】,：），谢谢大家的投蕉和点赞，祝你开心愉快~<br/>wallpaper壁纸：Reze | Chainsaw Man<br/>BGM：Nicoleta Matei - Love mail<br/>,2024,https://www.acfun.cn/v/ac48870763,https://tx-free-imgs.acfun.cn/newUpload/383079_47b0fc3f458042f5bd3717967e55c598.gif?imageslim,AcFun,日榜,day,hotlist,,2026-09-25 10:29:37
7,网络上常见的热门短视频集锦   第三千四百四十七期,审核大大辛苦了！<br/>谢谢每一个投蕉的帅哥美女！香蕉没有来个赞也好啊！<br/>视频来自快手等平台，侵权联系删除！,2793,https://www.acfun.cn/v/ac48869149,https://tx-free-imgs.acfun.cn/newUpload/2176158_fdf9afe2e00a4a1aa62415c846776eaf.gif?imageslim,AcFun,日榜,day,hotlist,,2026-09-25 10:29:37
8,老板直聘（89）,,1502,https://www.acfun.cn/v/ac48868552,https://tx-free-imgs.acfun.cn/newUpload/74706824_db2c7ba15c5d4aa18872db6b0763b7ca.jpeg?imageslim,AcFun,日榜,day,hotlist,,2026-09-25 10:29:37
9,奥迪“宫斗”十年大结局？一汽拿四环，上汽拿AUDI,一汽奥迪和上汽奥迪“宫斗”了十年，终于要划下句号了？,1452,https://www.acfun.cn/v/ac48870981,https://tx-free-imgs.acfun.cn/newUpload/13630266_3fde785be5a2411495618f67d01ab66a.jpeg?imageslim,AcFun,日榜,day,hotlist,,2026-09-25 10:29:37
10,发个friend圈,,1383,https://www.acfun.cn/v/ac48863958,https://tx-free-imgs.acfun.cn/newUpload/12439728_b44cb67ae45a4c179b08227368f4159c.png?imageslim,AcFun,日榜,day,hotlist,,2026-09-25 10:29:37
11,沦陷️,歌曲舞蹈：沦陷dj版-星奇摇   动作有改编,1405,https://www.acfun.cn/v/ac48869381,https://tx-free-imgs.acfun.cn/newUpload/12229455_aacf9da97a0940ad8e5f0b509d9cc159.jpeg?imageslim,AcFun,日榜,day,hotlist,,2026-09-25 10:29:37
12,在英国差点被上门诈骗,可能看到我一人在家，就大胆敲门了，还好平常也会注意周边邻居，没发生什么事儿，这个金额就算被骗也不会报警，以后还是要小心一些了。#英国日常#vlog,1317,https://www.acfun.cn/v/ac48869505,https://tx-free-imgs.acfun.cn/newUpload/43181603_1c8c6c487a864d098b5e7e7bf2a12c6a.jpg?imageslim,AcFun,日榜,day,hotlist,,2026-09-25 10:29:37
13,【东方】QUEEN【蕾米莉亚 Miy Ver. MMD】,作者：やくも<br/><br/>楽曲:Kanaria 様→https://www.nicovideo.jp/watch/sm4088...<br/>振付:AKIRA様<br/>モーション:P-nez 様→https://www.nicovideo.jp/watch/sm4350...<br/>カメラ:Mizuha様→https://www.nicovideo.jp/watch/sm4353...<br/>モデル:MIy様<br/>ステージ:栗ごはん様<br/>アクセサリ:アスカ様,1085,https://www.acfun.cn/v/ac48870080,https://tx-free-imgs.acfun.cn/newUpload/6102_6a4dce20c9b74fa0bbdff3ccc0a73c5d.png?imageslim,AcFun,日榜,day,hotlist,,2026-09-25 10:29:37
14,【AI】今晚的期待,Comfyui,1331,https://www.acfun.cn/v/ac48870865,https://tx-free-imgs.acfun.cn/newUpload/14047168_02bac6c1158f4e108536124c7239e472.jpeg?imageslim,AcFun,日榜,day,hotlist,,2026-09-25 10:29:37
15,这套皮肤真的很喜欢,,1172,https://www.acfun.cn/v/ac48871657,https://tx-free-imgs.acfun.cn/newUpload/16380981_ac9640e59a3a42e093fcee0a0b81d474.jpg?imageslim,AcFun,日榜,day,hotlist,,2026-09-25 10:29:37
16,"长手打短手？2万分王者局！快速看完一局韩服王者斗殴局#836 十三day, Eclipse,","长手打短手？2万分王者局！快速看完一局韩服王者斗殴局#836 十三day, Eclipse, 0909, Lelitz, 1Jiang <br/>BGM:https://music.163.com/playlist?id=650818240&userid=30476594",1320,https://www.acfun.cn/v/ac48863751,https://tx-free-imgs.acfun.cn/newUpload/1378726_792b017ff72e4ed49b05fe8e1e24f6e4.jpeg?imageslim,AcFun,日榜,day,hotlist,,2026-09-25 10:29:37
17,坚持跳舞8年改变了什么？《千里邀月》2018vs2026【紫嘉儿】,中秋快乐！没想到8年前的编舞每年这个时候都有很多翻跳，一起用舞蹈记录下美好时光吧！,1190,https://www.acfun.cn/v/ac48870585,https://tx-free-imgs.acfun.cn/newUpload/1161851_851c52555ace464f98231f30a167eedd.png?imageslim,AcFun,日榜,day,hotlist,,2026-09-25 10:29:37
18,少女机甲+空投轰炸？是什么神仙组合？,到底是一款什么样的机甲游戏，上线快3年还保持着特别好评？虽然是机甲美少女的设定，但是操作的是厚重质感的硬核机甲，这种硬核操作的感觉让人越玩越上头，今天来跟大家聊聊这款游戏《铁骑少女》。<br/>最近我一直期待的第三个DLC金盏花也是要上线了，这次DLC的核心新玩法，就是机甲“搜打撤”的模式。和本体死守基地的玩法不一样，这次整体的游玩思路都变了~,1147,https://www.acfun.cn/v/ac48871337,https://tx-free-imgs.acfun.cn/newUpload/61352468_77bf0ab03cd34fefa1d5530aca003edb.jpeg?imageslim,AcFun,日榜,day,hotlist,,2026-09-25 10:29:37
19,【AI】小妈裙~chocolate cream,Comfyui,1335,https://www.acfun.cn/v/ac48870861,https://tx-free-imgs.acfun.cn/newUpload/14047168_efd2bae7c6184b3b89e82abfaadf0fb3.jpeg?imageslim,AcFun,日榜,day,hotlist,,2026-09-25 10:29:37
20,好像只能礼貌的问候~,,1166,https://www.acfun.cn/v/ac48871365,https://tx-free-imgs.acfun.cn/newUpload/43459034_4572f98756df48b0bc9c323cdc49a8d2.jpg?imageslim,AcFun,日榜,day,hotlist,,2026-09-25 10:29:37
21,【绝望女神/翻唱】【星际牛仔ED The Real Folk Blues】,想听啥情继续评论回复~,891,https://www.acfun.cn/v/ac48871323,https://tx-free-imgs.acfun.cn/newUpload/20705199_0be8deafcbb34bdb9f17523c5bc95087.jpeg?imageslim,AcFun,日榜,day,hotlist,,2026-09-25 10:29:37
22,【黒碳】ライトダンス - サカナクション【生日作】【翻唱】,本家:サカナクション ; 翻唱: 黒碳Kurotan; 后期: 黒碳Kurotan; 曲绘: 黒碳Kurotan; PV: 黒碳Kurotan以及十分牛杯的網站：https://pv.pixjam.cn/ 背景是用這個做的!! 狠狠趕工終於做完了 好感動,1094,https://www.acfun.cn/v/ac48869560,https://tx-free-imgs.acfun.cn/newUpload/13707663_f611642aa87b4dab9a8d8a6beb7ace77.jpeg?imageslim,AcFun,日榜,day,hotlist,,2026-09-25 10:29:37
23,吃！给我吃！【鬼ノ宴翻唱】,,1071,https://www.acfun.cn/v/ac48871186,https://tx-free-imgs.acfun.cn/newUpload/10144864_ee78f4d0678d414f9ce18c29231cf17a.jpeg?imageslim,AcFun,日榜,day,hotlist,,2026-09-25 10:29:37
24,【翻唱】鬼ノ宴,本家様<br/>友成空様<br/>【鬼ノ宴】<br/>•友成空(TOMONARI SORA) -   鬼ノ宴   ［Lyric Video］<br/>https://www.youtube.com/watch?v=NFzyrPK9rtM,1042,https://www.acfun.cn/v/ac48871180,https://tx-free-imgs.acfun.cn/newUpload/10144864_a75eddb97ea048b59fef6aaea5d4478f.jpeg?imageslim,AcFun,日榜,day,hotlist,,2026-09-25 10:29:37
25,记录2023年6月份在台上开心的表演lamb的我,,1158,https://www.acfun.cn/v/ac48871344,https://tx-free-imgs.acfun.cn/newUpload/16380981_00755d93042647bcb6f29a19da53e590.png?imageslim,AcFun,日榜,day,hotlist,,2026-09-25 10:29:37
26,下班后跳一段恋爱的条件～,,1072,https://www.acfun.cn/v/ac48871308,https://tx-free-imgs.acfun.cn/newUpload/43459034_9aa96c2a93884a3891b73b05298d8521.jpg?imageslim,AcFun,日榜,day,hotlist,,2026-09-25 10:29:37
27,T-ARA So Crazy,,1421,https://www.acfun.cn/v/ac48869387,https://tx-free-imgs.acfun.cn/newUpload/795184_e0ad411d1b844c569dc376c0b45f763c.jpeg?imageslim,AcFun,日榜,day,hotlist,,2026-09-25 10:29:37
28,BR66型蒸汽机车 trix越来越垃圾了！尤其是垃圾会员车，一个比一个烂！这一次终于拉了一坨更大的！,,673,https://www.acfun.cn/v/ac48871197,https://tx-free-imgs.acfun.cn/newUpload/66128753_8563c2ab24aa4a2289e52500bc42f1f1.png?imageslim,AcFun,日榜,day,hotlist,,2026-09-25 10:29:37
29,AOA-猫步轻俏,,1255,https://www.acfun.cn/v/ac48869298,https://tx-free-imgs.acfun.cn/newUpload/795184_6cc9a8a9e54144c3b69380546963be9b.jpeg?imageslim,AcFun,日榜,day,hotlist,,2026-09-25 10:29:37
30,【AI】山间竹林仙子,Comfyui,1095,https://www.acfun.cn/v/ac48870853,https://tx-free-imgs.acfun.cn/newUpload/14047168_20afdd6955bd44a9a04b0629aecb5ad1.jpeg?imageslim,AcFun,日榜,day,hotlist,,2026-09-25 10:29:37
31,卓哥儿那可是专业杰哥，人群之中七进七出不成问题！,自定义也发？,1186,https://www.acfun.cn/v/ac48871816,https://tx-free-imgs.acfun.cn/newUpload/581357_d49b41a0e554440db6952de719b3f832.jpeg?imageslim,AcFun,日榜,day,hotlist,,2026-09-25 10:29:37
32,【牛子组合】凉凉,世事一场大梦，人生几度秋凉，祝大家26年中秋快乐,1036,https://www.acfun.cn/v/ac48870493,https://tx-free-imgs.acfun.cn/newUpload/358616_22f2cb85fdca497ab5cd556c984493d6.png?imageslim,AcFun,日榜,day,hotlist,,2026-09-25 10:29:37
33,如果是机器人女友，怎么哄男朋友呢？！,,1172,https://www.acfun.cn/v/ac48870116,https://tx-free-imgs.acfun.cn/newUpload/17928_330fc95b89c04eda831570be0a48cb0e.png?imageslim,AcFun,日榜,day,hotlist,,2026-09-25 10:29:37
34,22.称霸水下四亿年，人类最古老的远房祖先：硬骨鱼总纲,22.称霸水下四亿年，人类最古老的远房祖先：硬骨鱼总纲,1031,https://www.acfun.cn/v/ac48871354,https://tx-free-imgs.acfun.cn/newUpload/28933912_40dcb39f039045868ae364582e4a1797.jpeg?imageslim,AcFun,日榜,day,hotlist,,2026-09-25 10:29:37
35,绿梦：时空之声公测定档！公测版本全面优化！,绿梦：时空之声公测定档！公测版本全面优化！,1218,https://www.acfun.cn/v/ac48871268,https://tx-free-imgs.acfun.cn/newUpload/63104383_33b9de6d951a4ca0b5a7b9dfc2fc748e.gif?imageslim,AcFun,日榜,day,hotlist,,2026-09-25 10:29:37
36,【颜音】中秋歌回~祝大家节日快乐,皓月凌空，桂香满庭。<br/>愿今夜歌声暖心，祝各位中秋快乐，阖家美满！,671,https://www.acfun.cn/v/ac48872065,https://tx-free-imgs.acfun.cn/newUpload/4425861_3dab8cdf19a74bf6accbdcd688cd9b6a.jpeg?imageslim,AcFun,日榜,day,hotlist,,2026-09-25 10:29:37
37,这新番要不是霸权！我家狗都不信啊！十月最无悬念的提前吹爆！,这新番要不是霸权！我家狗都不信啊！十月最无悬念的提前吹爆！,1027,https://www.acfun.cn/v/ac48871615,https://tx-free-imgs.acfun.cn/newUpload/13467496_654fcc0446324342b35eef2b72d45df4.jpeg?imageslim,AcFun,日榜,day,hotlist,,2026-09-25 10:29:37
38,另一版,之前还拍了一版，但是感觉镜头太晃了,643,https://www.acfun.cn/v/ac48871588,https://tx-free-imgs.acfun.cn/newUpload/12954767_f420f9f6197c43d4bb14421c32d81bbb.png?imageslim,AcFun,日榜,day,hotlist,,2026-09-25 10:29:37
39,T-ara Bo Peep Bo Peep,,1108,https://www.acfun.cn/v/ac48869397,https://tx-free-imgs.acfun.cn/newUpload/795184_1876bec3bc5d43d6b42da8060c06a34a.jpeg?imageslim,AcFun,日榜,day,hotlist,,2026-09-25 10:29:37
40,上线才半年，腾讯养的“龙虾”QClaw，官宣停运了！,,1142,https://www.acfun.cn/v/ac48871074,https://tx-free-imgs.acfun.cn/newUpload/17928_22da7d70ed6749f690e735b0f098a800.png?imageslim,AcFun,日榜,day,hotlist,,2026-09-25 10:29:37
41,小兔-20260923 abracadabra 上下 恋爱的条件 成人礼 晚安吻,,1065,https://www.acfun.cn/v/ac48870476,https://tx-free-imgs.acfun.cn/newUpload/78055394_4dcf7a6688cb4a1994bd96389cc84b38.jpeg?imageslim,AcFun,日榜,day,hotlist,,2026-09-25 10:29:37
42,社畜身份不是你精致生活的角色扮演,,737,https://www.acfun.cn/v/ac48871467,https://tx-free-imgs.acfun.cn/newUpload/14013875_ec82a37907ff4565a6f6f6d916bd7117.png?imageslim,AcFun,日榜,day,hotlist,,2026-09-25 10:29:37
43,桢-20260923 abracadabra,,1049,https://www.acfun.cn/v/ac48870552,https://tx-free-imgs.acfun.cn/newUpload/78055394_f7c161e6bccd480f9b8a372dd55c3678.jpeg?imageslim,AcFun,日榜,day,hotlist,,2026-09-25 10:29:37
44,飒！BABYMONSTER CHIQUITA小姐姐跳《Worth It》,-v -好不好看呢,1082,https://www.acfun.cn/v/ac48870427,https://tx-free-imgs.acfun.cn/newUpload/199029_44d3343f2e3742c780253ef0f9df1a6b.png?imageslim,AcFun,日榜,day,hotlist,,2026-09-25 10:29:37
45,【雀魂汪汪录】第402期 牌没有问题，你们打吧,BGM可以通过网易云搜索【雀魂汪汪录BGM】就可以找到啦！<br/><br/>雀魂汪汪录 周四中午见<br/><br/>微博 @雀魂麻将majsoul<br/><br/>——————————————————————————<br/><br/>想要投稿的玩家~务必请通过邮箱来进行投稿~【请不要在评论区或是私信投稿，谢谢】<br/><br/>邮箱地址：tg@maj-soul.com<br/><br/>投稿最少需要注明【局目、内容、牌谱链接】哦！,978,https://www.acfun.cn/v/ac48868870,https://tx-free-imgs.acfun.cn/newUpload/14265704_e978d1ceac98487a9e811f09bc2d943f.jpeg?imageslim,AcFun,日榜,day,hotlist,,2026-09-25 10:29:37
46,绝顶性感黑丝【DazzlingRed】舞蹈翻跳,,1071,https://www.acfun.cn/v/ac48871722,https://tx-free-imgs.acfun.cn/newUpload/28629507_651036189fde4ffabea2957b7a006984.png?imageslim,AcFun,日榜,day,hotlist,,2026-09-25 10:29:37
47,重制版 2026年还有人看重制版吗？魔兽争霸xiaoy解说浪漫 kaho,,988,https://www.acfun.cn/v/ac48869843,https://tx-free-imgs.acfun.cn/newUpload/37584199_8b81592540634f919b6c685d31aa555c.jpeg?imageslim,AcFun,日榜,day,hotlist,,2026-09-25 10:29:37
48,AEW Dynamite #364/Collision #163 2026.09.23,"AEW Continental Title Eliminator Match<br/>Jon Moxley vs. Dezmond Xavier<br/>Tag Team Match<br/>Claudio Castagnoli & Gabe Kidd vs. Mike Bailey & Will Ospreay<br/>AEW TBS Title Match<br/>Persephone (c) vs. Hyan<br/>AEW World Trios Title Match<br/>Swerve Strickland & The New Level (Austin Creed & Kofi) (c) vs. The Demand (Bishop Kaun, Ricochet & Toa Liona)",1196,https://www.acfun.cn/v/ac48870183,https://tx-free-imgs.acfun.cn/newUpload/2327201_162cb51156a5464a9aa00ba19aac34ef.jpeg?imageslim,AcFun,日榜,day,hotlist,,2026-09-25 10:29:37
49,“狐蝠”亡命天涯半世纪,,1149,https://www.acfun.cn/v/ac48871667,https://tx-free-imgs.acfun.cn/newUpload/3592774_514c8455f636400c949adc88c25d0e83.jpeg?imageslim,AcFun,日榜,day,hotlist,,2026-09-25 10:29:37
50,동그란 안경으로 귀여운 매력 보여주는 지호,동그란 안경으로 귀여운 매력 보여주는 지호 | Beige Top & Glasses | Ji Ho,590,https://www.acfun.cn/v/ac48870864,https://tx-free-imgs.acfun.cn/newUpload/43172481_558625b6a90d469aabe28a39ba33fded.jpeg?imageslim,AcFun,日榜,day,hotlist,,2026-09-25 10:29:37
1,是谁点的小恶魔，蕉出来～,,5237,https://www.acfun.cn/v/ac48867778,https://tx-free-imgs.acfun.cn/newUpload/17062172_6098fee67d1748e0ab5dab3b5665736c.jpg?imageslim,AcFun,三日榜,three-days,hotlist,,2026-09-25 10:29:37
2,《野生动物迷惑行为》,喜欢请投蕉啊   谢谢啦！,2731,https://www.acfun.cn/v/ac48868360,https://tx-free-imgs.acfun.cn/newUpload/1342385_3fab348c538e4c0fa001871a708fe302.jpeg?imageslim,AcFun,三日榜,three-days,hotlist,,2026-09-25 10:29:37
3,还是少妇会的多啊！★手机竖屏2011★,审核大大辛苦了！<br/>谢谢每一个投蕉的帅哥美女！香蕉没有来个赞也好啊！<br/>视频来自快手等平台，侵权联系删除！,5064,https://www.acfun.cn/v/ac48864360,https://tx-free-imgs.acfun.cn/newUpload/2176158_3d4f199fd93640468e543b9ee25ac4c0.gif?imageslim,AcFun,三日榜,three-days,hotlist,,2026-09-25 10:29:37
4,漫威金刚狼深陷争议！SweetBaby又毁一款？【绅批】,这算是DEI的历史遗留问题了，所有现在已经从sweetbaby离职的人，只要参与过游戏制作也会被署名（比如桥本和真）,2773,https://www.acfun.cn/v/ac48868810,https://tx-free-imgs.acfun.cn/newUpload/526850_ca1da1572b1d494a93e2f6bab46cf76b.jpeg?imageslim,AcFun,三日榜,three-days,hotlist,,2026-09-25 10:29:37
5,mr chu!!好怀念这首歌,,2012,https://www.acfun.cn/v/ac48869375,https://tx-free-imgs.acfun.cn/newUpload/16380981_19592eb83a88429695ee1a0508fc3df0.png?imageslim,AcFun,三日榜,three-days,hotlist,,2026-09-25 10:29:37
6,25年了，回坊天花板小酥肉，还是那个味儿,记忆中的味道，回来了，都回来了……<br/>一口椒麻一口鲜，大口吃肉，配上热腾腾的米饭，绝了。<br/>素三鲜也是无敌的存在！,2503,https://www.acfun.cn/v/ac48865538,https://tx-free-imgs.acfun.cn/newUpload/13765438_9bc4a0abf32a4c1aa3e83c844de84649.jpeg?imageslim,AcFun,三日榜,three-days,hotlist,,2026-09-25 10:29:37
7,我真的是来吃饭的！★手机竖屏2013★,审核大大辛苦了！<br/>谢谢每一个投蕉的帅哥美女！香蕉没有来个赞也好啊！<br/>视频来自快手等平台，侵权联系删除！,3478,https://www.acfun.cn/v/ac48869145,https://tx-free-imgs.acfun.cn/newUpload/2176158_eb4b69370b8f435aa2b171e72403d356.gif?imageslim,AcFun,三日榜,three-days,hotlist,,2026-09-25 10:29:37
8,拳击好啊，拳击得学！欢乐八点档-1781,审核大大辛苦了！<br/>免费的香蕉投一下吧，没有那就点个赞吧，这对我来说很重要，谢谢！！！<br/>谢谢每一个投蕉的帅哥美女！你们是我坚持更新的动力！<br/>视频来自快手等平台，侵权联系删除！,3954,https://www.acfun.cn/v/ac48868336,https://tx-free-imgs.acfun.cn/newUpload/2176158_3f6c601293a54468bae97f781440217b.gif?imageslim,AcFun,三日榜,three-days,hotlist,,2026-09-25 10:29:37
9,北京豆汁会惩罚每一个好奇的人！欢乐八点档-1780,审核大大辛苦了！<br/>免费的香蕉投一下吧，没有那就点个赞吧，这对我来说很重要，谢谢！！！<br/>谢谢每一个投蕉的帅哥美女！你们是我坚持更新的动力！<br/>视频来自快手等平台，侵权联系删除！,4364,https://www.acfun.cn/v/ac48865965,https://tx-free-imgs.acfun.cn/newUpload/2176158_ec83e6fb2ffc4005b41881ac13dbaeca.gif?imageslim,AcFun,三日榜,three-days,hotlist,,2026-09-25 10:29:37
10,网络上常见的热门短视频集锦   第三千四百四十五期,审核大大辛苦了！<br/>谢谢每一个投蕉的帅哥美女！香蕉没有来个赞也好啊！<br/>视频来自快手等平台，侵权联系删除！,3833,https://www.acfun.cn/v/ac48866824,https://tx-free-imgs.acfun.cn/newUpload/2176158_dba921eb42f14c7ba31a1af83bfe71ce.gif?imageslim,AcFun,三日榜,three-days,hotlist,,2026-09-25 10:29:37
11,因为害怕被讨厌 所以把自己藏起来了,,2198,https://www.acfun.cn/v/ac48871331,https://tx-free-imgs.acfun.cn/newUpload/11361784_3d4bd69b46f541e184c2922c24f09276.jpg?imageslim,AcFun,三日榜,three-days,hotlist,,2026-09-25 10:29:37
12,空中瑜伽！！！★手机竖屏2012★,审核大大辛苦了！<br/>谢谢每一个投蕉的帅哥美女！香蕉没有来个赞也好啊！<br/>视频来自快手等平台，侵权联系删除！,4301,https://www.acfun.cn/v/ac48866821,https://tx-free-imgs.acfun.cn/newUpload/2176158_610807af48f5463a891fc9f341c9b16f.gif?imageslim,AcFun,三日榜,three-days,hotlist,,2026-09-25 10:29:37
13,厨师长教你：“鱼香肉丝”的家常做法，酸甜微辣，口感丰富,,1977,https://www.acfun.cn/v/ac48867741,https://tx-free-imgs.acfun.cn/newUpload/13274260_93e68d1098d04ffca2683655a6a404c2.jpeg?imageslim,AcFun,三日榜,three-days,hotlist,,2026-09-25 10:29:37
14,今天你不能嫁出去【今天有什么好笑的 #2514】,：)，谢谢大家，祝你们开心。<br/>wallpaper壁纸：Fading Astronaut 5K (update)<br/>BGM：I Want It That Way,2842,https://www.acfun.cn/v/ac48865864,https://tx-free-imgs.acfun.cn/newUpload/383079_ee4f5f7badf74f05a2ef6c691387f327.gif?imageslim,AcFun,三日榜,three-days,hotlist,,2026-09-25 10:29:37
15,这样的学姐喜欢吗？欢乐八点档-1782,审核大大辛苦了！<br/>免费的香蕉投一下吧，没有那就点个赞吧，这对我来说很重要，谢谢！！！<br/>谢谢每一个投蕉的帅哥美女！你们是我坚持更新的动力！<br/>视频来自快手等平台，侵权联系删除！,2450,https://www.acfun.cn/v/ac48870057,https://tx-free-imgs.acfun.cn/newUpload/2176158_4c1f3b60f73e451abc443941d47305d8.gif?imageslim,AcFun,三日榜,three-days,hotlist,,2026-09-25 10:29:37
16,网络上常见的热门短视频集锦   第三千四百四十三期,审核大大辛苦了！<br/>谢谢每一个投蕉的帅哥美女！香蕉没有来个赞也好啊！<br/>视频来自快手等平台，侵权联系删除！,3574,https://www.acfun.cn/v/ac48864363,https://tx-free-imgs.acfun.cn/newUpload/2176158_dfef22dbf6934a15a594e5766b8680ca.gif?imageslim,AcFun,三日榜,three-days,hotlist,,2026-09-25 10:29:37
17,网络上常见的热门短视频集锦   第三千四百四十四期,审核大大辛苦了！<br/>谢谢每一个投蕉的帅哥美女！香蕉没有来个赞也好啊！<br/>视频来自快手等平台，侵权联系删除！,3494,https://www.acfun.cn/v/ac48865021,https://tx-free-imgs.acfun.cn/newUpload/2176158_663463f1e6004dc2b4dea153d1e60c05.gif?imageslim,AcFun,三日榜,three-days,hotlist,,2026-09-25 10:29:37
18,嘴角压不住了【今天有什么好笑的 #2515】,：），谢谢大家的投蕉和点赞，祝你开心愉快~<br/>wallpaper壁纸：Genshin 神里绫华<br/>BGM：Wake me up when september ends,2345,https://www.acfun.cn/v/ac48868130,https://tx-free-imgs.acfun.cn/newUpload/383079_ef65121591434d2b86d53db1622776cd.gif?imageslim,AcFun,三日榜,three-days,hotlist,,2026-09-25 10:29:37
19,粉丝让我录的，不理解但照做！！！,怪哦~,1979,https://www.acfun.cn/v/ac48866011,https://tx-free-imgs.acfun.cn/newUpload/210705_6db288d8849d4e408bbee41ce9116989.jpeg?imageslim,AcFun,三日榜,three-days,hotlist,,2026-09-25 10:29:37
20,姛姛？！蝴蝶耳机Manget中文翻唱【箐羽Hane】x【缇若柯Teivoc】,“是否你确实表里如一淡然，还是说你——并不似我贪婪？”<br/>《Manget》磁石 / 蝴蝶耳机 - 中文翻唱<br/>原作作曲 / 流星P<br/>曲绘&翻唱 / 箐羽hane & 缇若柯Teivoc<br/>中文填词 / 果汁凉菜<br/>混音 / 风尘<br/>和笋笋一起唱了我们二次元姛神曲！曲绘也是我和笋笋每个人负责了自己的部分最后再拼到一起的！真好！( *^ ^)o(^ ^* )希望大家也能喜欢！,1382,https://www.acfun.cn/v/ac48869340,https://tx-free-imgs.acfun.cn/newUpload/67511609_d868cdbd6b1849e8958696cdc9db1493.jpeg?imageslim,AcFun,三日榜,three-days,hotlist,,2026-09-25 10:29:37
21,网络上常见的热门短视频集锦   第三千四百四十六期,审核大大辛苦了！<br/>谢谢每一个投蕉的帅哥美女！香蕉没有来个赞也好啊！<br/>视频来自快手等平台，侵权联系删除！,3554,https://www.acfun.cn/v/ac48867732,https://tx-free-imgs.acfun.cn/newUpload/2176158_2ec1d99da19a48e0a8e4ff2a2447e612.gif?imageslim,AcFun,三日榜,three-days,hotlist,,2026-09-25 10:29:37
22,双手合十萨瓦迪卡！,,1783,https://www.acfun.cn/v/ac48863951,https://tx-free-imgs.acfun.cn/newUpload/12439728_638a29114abf4b0bafda38c61f497df1.png?imageslim,AcFun,三日榜,three-days,hotlist,,2026-09-25 10:29:37
23,昆汀力荐！这部复仇老片，竟是杀死比尔的人物原型来源,,1634,https://www.acfun.cn/v/ac48865483,https://tx-free-imgs.acfun.cn/newUpload/8042365_d9ae5a725d8848abb4b488acbf483611.jpeg?imageslim,AcFun,三日榜,three-days,hotlist,,2026-09-25 10:29:37
24,现在电脑不好卖了，以后我们出租AI机器人吧,,1711,https://www.acfun.cn/v/ac48867767,https://tx-free-imgs.acfun.cn/newUpload/17928_c684f06231604145b533a0f00627c624.png?imageslim,AcFun,三日榜,three-days,hotlist,,2026-09-25 10:29:37
25,网络上常见的热门短视频集锦   第三千四百四十八期,审核大大辛苦了！<br/>谢谢每一个投蕉的帅哥美女！香蕉没有来个赞也好啊！<br/>视频来自快手等平台，侵权联系删除！,2889,https://www.acfun.cn/v/ac48870020,https://tx-free-imgs.acfun.cn/newUpload/2176158_d65e54f4e9ee489b86b6fc28c31c84ee.gif?imageslim,AcFun,三日榜,three-days,hotlist,,2026-09-25 10:29:37
26,交通事故20260923：交通车祸实例，提高安全驾驶意识,,1387,https://www.acfun.cn/v/ac48868861,https://tx-free-imgs.acfun.cn/newUpload/76871961_edea5de6659a4cd2b733a74989043440.jpg?imageslim,AcFun,三日榜,three-days,hotlist,,2026-09-25 10:29:37
27,常州新开巴西烤肉自助，100块钱值得吗？,这是我目前为止，去过的第二家巴西烤肉自助，团购优惠的情况下，花了94元。正常价格在95~110不等<br/><br/>简单带大家看下菜品，除了取餐台这么些，各种牛肉制品、大串烧烤都是循环上桌，大家觉得这么些菜式花样，100块钱左右你们觉得贵还是便宜啊，觉得贵的扣1，觉得便宜的扣2,1795,https://www.acfun.cn/v/ac48868891,https://tx-free-imgs.acfun.cn/newUpload/2046675_bf3a59ddff624646850829452262094e.jpeg?imageslim,AcFun,三日榜,three-days,hotlist,,2026-09-25 10:29:37
28,人鱼的眼泪,歌曲舞蹈：爱乐之城-人鱼的眼泪,1519,https://www.acfun.cn/v/ac48867050,https://tx-free-imgs.acfun.cn/newUpload/12229455_130b1f041e6741dab4f6295ee27d927e.jpeg?imageslim,AcFun,三日榜,three-days,hotlist,,2026-09-25 10:29:37
29,网络上常见的热门短视频集锦   第三千四百四十七期,审核大大辛苦了！<br/>谢谢每一个投蕉的帅哥美女！香蕉没有来个赞也好啊！<br/>视频来自快手等平台，侵权联系删除！,2793,https://www.acfun.cn/v/ac48869149,https://tx-free-imgs.acfun.cn/newUpload/2176158_fdf9afe2e00a4a1aa62415c846776eaf.gif?imageslim,AcFun,三日榜,three-days,hotlist,,2026-09-25 10:29:37
30,Summertime,歌曲：summer time<br/>动作参考：紫嘉儿<br/>原版编舞：（Millennium红房子_BON）<br/>参考编舞：(GFRIEND《Sunny Summer）,1719,https://www.acfun.cn/v/ac48864563,https://tx-free-imgs.acfun.cn/newUpload/12229455_1a8e22f51f3e4effa32c00abb4fd05af.jpeg?imageslim,AcFun,三日榜,three-days,hotlist,,2026-09-25 10:29:37
31,原创编舞《千层套路》的定机位竖屏来啦！,,1592,https://www.acfun.cn/v/ac48869245,https://tx-free-imgs.acfun.cn/newUpload/16380981_24bafd11c027499d9fe6820162faa782.png?imageslim,AcFun,三日榜,three-days,hotlist,,2026-09-25 10:29:37
32,北京的最北端在黑龙江？？？国内飞地是怎么形成的？,这份中国地图，是你从未看过的船新版本，放大几倍就会发现，在大家熟悉的各个省份中，还藏着一堆 “你中有我、我中有你” 的飞地。,1757,https://www.acfun.cn/v/ac48867896,https://tx-free-imgs.acfun.cn/newUpload/13630266_cc2428a99a42453f99c9e1306e7a43bb.jpeg?imageslim,AcFun,三日榜,three-days,hotlist,,2026-09-25 10:29:37
33,我要辞职了！,,1647,https://www.acfun.cn/v/ac48863957,https://tx-free-imgs.acfun.cn/newUpload/12439728_7c57a0735675474590bf7b25e1a34527.png?imageslim,AcFun,三日榜,three-days,hotlist,,2026-09-25 10:29:37
34,我要冲会员【今天有什么好笑的 #2516】,：），谢谢大家的投蕉和点赞，祝你开心愉快~<br/>wallpaper壁纸：Reze | Chainsaw Man<br/>BGM：Nicoleta Matei - Love mail<br/>,2024,https://www.acfun.cn/v/ac48870763,https://tx-free-imgs.acfun.cn/newUpload/383079_47b0fc3f458042f5bd3717967e55c598.gif?imageslim,AcFun,三日榜,three-days,hotlist,,2026-09-25 10:29:37
35,捏捏已经已进化到可以吃的地步啦？,,1602,https://www.acfun.cn/v/ac48868638,https://tx-free-imgs.acfun.cn/newUpload/6177430_486c910212d548c991eeb140f146a6ed.jpeg?imageslim,AcFun,三日榜,three-days,hotlist,,2026-09-25 10:29:37
36,老板直聘（89）,,1502,https://www.acfun.cn/v/ac48868552,https://tx-free-imgs.acfun.cn/newUpload/74706824_db2c7ba15c5d4aa18872db6b0763b7ca.jpeg?imageslim,AcFun,三日榜,three-days,hotlist,,2026-09-25 10:29:37
37,我终于瘦到120斤以下了！,,1640,https://www.acfun.cn/v/ac48867016,https://tx-free-imgs.acfun.cn/newUpload/16380981_906db098cf5d4eaca57bde52b0ae8bf2.jpg?imageslim,AcFun,三日榜,three-days,hotlist,,2026-09-25 10:29:37
38,《奶凶奶凶的漫威金刚狼！》,游戏名：《漫威金刚狼》- Marvel s Wolverine<br/>直播玩了15小时左右一周目通关啦~(*^▽^*)开心，这期是切片呦~,1818,https://www.acfun.cn/v/ac48866669,https://tx-free-imgs.acfun.cn/newUpload/61352468_cb62bfe2e19c4f35804259fac7f8c226.jpeg?imageslim,AcFun,三日榜,three-days,hotlist,,2026-09-25 10:29:37
39,嘉蒂丝模型曝光！很大！策划团队产能恢复？,明天新角色就要上了，技系直接立于天上。,1820,https://www.acfun.cn/v/ac48866809,https://tx-free-imgs.acfun.cn/newUpload/247671_ee6def92d94a4ab1b770fa166f4de4b7.jpeg?imageslim,AcFun,三日榜,three-days,hotlist,,2026-09-25 10:29:37
40,发个friend圈,,1383,https://www.acfun.cn/v/ac48863958,https://tx-free-imgs.acfun.cn/newUpload/12439728_b44cb67ae45a4c179b08227368f4159c.png?imageslim,AcFun,三日榜,three-days,hotlist,,2026-09-25 10:29:37
41,沦陷️,歌曲舞蹈：沦陷dj版-星奇摇   动作有改编,1405,https://www.acfun.cn/v/ac48869381,https://tx-free-imgs.acfun.cn/newUpload/12229455_aacf9da97a0940ad8e5f0b509d9cc159.jpeg?imageslim,AcFun,三日榜,three-days,hotlist,,2026-09-25 10:29:37
42,换你穿越三国乱世，你是起兵还是种田？,有没有宝贝和我一样，看三国的时候总在想，如果换我身在那个乱世，我会怎么样？是起兵争霸，还是归隐山林？ 或是是咱们可以选三国里有名的角色或者可以架空历史从素人做起，一统三国，那会怎么样?我最近就玩了这么一款游戏，一玩就是五个小时，根本停不下来，那今天来聊聊这款开放世界slg游戏《英雄立志传：三国志》~<br/>,1585,https://www.acfun.cn/v/ac48869043,https://tx-free-imgs.acfun.cn/newUpload/61352468_39715609bed041b98b21f3dbb482ad70.jpeg?imageslim,AcFun,三日榜,three-days,hotlist,,2026-09-25 10:29:37
43,奥迪“宫斗”十年大结局？一汽拿四环，上汽拿AUDI,一汽奥迪和上汽奥迪“宫斗”了十年，终于要划下句号了？,1452,https://www.acfun.cn/v/ac48870981,https://tx-free-imgs.acfun.cn/newUpload/13630266_3fde785be5a2411495618f67d01ab66a.jpeg?imageslim,AcFun,三日榜,three-days,hotlist,,2026-09-25 10:29:37
44,好曲不挑舞！《琵琶曲》你喜欢的是？,,1383,https://www.acfun.cn/v/ac48866497,https://tx-free-imgs.acfun.cn/newUpload/1161851_90c6400f25f14d969028c8a6779eaaf5.png?imageslim,AcFun,三日榜,three-days,hotlist,,2026-09-25 10:29:37
45,抱紧原生家庭（90）,,1399,https://www.acfun.cn/v/ac48867786,https://tx-free-imgs.acfun.cn/newUpload/74706824_fcc9a2386aff4fb0b3ecd158e3c6b97f.png?imageslim,AcFun,三日榜,three-days,hotlist,,2026-09-25 10:29:37
46,你吃月饼了吗？,,1405,https://www.acfun.cn/v/ac48869054,https://tx-free-imgs.acfun.cn/newUpload/1167675_8f48723afb0e41ecbe772249b3f4df1a.jpg?imageslim,AcFun,三日榜,three-days,hotlist,,2026-09-25 10:29:37
47,在英国差点被上门诈骗,可能看到我一人在家，就大胆敲门了，还好平常也会注意周边邻居，没发生什么事儿，这个金额就算被骗也不会报警，以后还是要小心一些了。#英国日常#vlog,1317,https://www.acfun.cn/v/ac48869505,https://tx-free-imgs.acfun.cn/newUpload/43181603_1c8c6c487a864d098b5e7e7bf2a12c6a.jpg?imageslim,AcFun,三日榜,three-days,hotlist,,2026-09-25 10:29:37
48,【柯基】papi酱《生气了》｜oh my god你吓到我了,,1413,https://www.acfun.cn/v/ac48867295,https://tx-free-imgs.acfun.cn/newUpload/29493245_980e56a85587473a82c7499c2ed115cb.png?imageslim,AcFun,三日榜,three-days,hotlist,,2026-09-25 10:29:37
49,发怒了好多次哈哈哈哈，最后一遍最好！,,1403,https://www.acfun.cn/v/ac48867030,https://tx-free-imgs.acfun.cn/newUpload/16380981_8a800edc429e47809b3a0e69ec22c530.jpg?imageslim,AcFun,三日榜,three-days,hotlist,,2026-09-25 10:29:37
50,只有刀鸣最小丑？各大游戏千年血战联动盘点！,300英雄的含金量还在上升,1887,https://www.acfun.cn/v/ac48869154,https://tx-free-imgs.acfun.cn/newUpload/247671_7d920e56c00e4af39fed560bf094f965.jpeg?imageslim,AcFun,三日榜,three-days,hotlist,,2026-09-25 10:29:37
1,剑戟战斗的巅峰 关卡内容的洼地 偏科严重的《鬼武者：剑之道》,它给人爽的部分是真的爽，但是在每次爽之前，你得堵不少马桶，先生。,4385,https://www.acfun.cn/v/ac48859506,https://tx-free-imgs.acfun.cn/newUpload/934542_5d98ad80ca9c4307b5cdc2051c11cb50.jpeg?imageslim,AcFun,周榜,week,hotlist,,2026-09-25 10:29:37
2,【写真】ol穿搭,,10467,https://www.acfun.cn/v/ac48856919,https://tx-free-imgs.acfun.cn/newUpload/3540234_86355333f0d94a46842be6ec42cca369.jpg?imageslim,AcFun,周榜,week,hotlist,,2026-09-25 10:29:37
3,跳最开心的一集,,3945,https://www.acfun.cn/v/ac48860571,https://tx-free-imgs.acfun.cn/newUpload/50330447_79a3f269514140c29e7a85fb7c9dc94c.jpg?imageslim,AcFun,周榜,week,hotlist,,2026-09-25 10:29:37
4,是谁点的小恶魔，蕉出来～,,5237,https://www.acfun.cn/v/ac48867778,https://tx-free-imgs.acfun.cn/newUpload/17062172_6098fee67d1748e0ab5dab3b5665736c.jpg?imageslim,AcFun,周榜,week,hotlist,,2026-09-25 10:29:37
5,喜欢哪套？,,6578,https://www.acfun.cn/v/ac48861422,https://tx-free-imgs.acfun.cn/newUpload/3540234_729e0d22251f439da3735f26e58d174f.jpg?imageslim,AcFun,周榜,week,hotlist,,2026-09-25 10:29:37
6,过期JK碎碎念！,家人们记得蕉一蕉捏 啾咪,5797,https://www.acfun.cn/v/ac48859219,https://tx-free-imgs.acfun.cn/newUpload/17062172_5dd6ea8b5f2741ff87f0911db6dfb909.jpg?imageslim,AcFun,周榜,week,hotlist,,2026-09-25 10:29:37
7,人间琴悠扬，姑娘把谁记心上～,,2697,https://www.acfun.cn/v/ac48863143,https://tx-free-imgs.acfun.cn/newUpload/50330447_938d77716a11477e843914663278ff07.jpg?imageslim,AcFun,周榜,week,hotlist,,2026-09-25 10:29:37
8,开学对各省舍友的刻板印象,,4198,https://www.acfun.cn/v/ac48857410,https://tx-free-imgs.acfun.cn/newUpload/13114172_24dabc4c47ec46458d7cdfcc1cd2ee88.jpeg?imageslim,AcFun,周榜,week,hotlist,,2026-09-25 10:29:37
9,优雅永不过时！！！★手机竖屏2007★,审核大大辛苦了！<br/>谢谢每一个投蕉的帅哥美女！香蕉没有来个赞也好啊！<br/>视频来自快手等平台，侵权联系删除！,4333,https://www.acfun.cn/v/ac48855173,https://tx-free-imgs.acfun.cn/newUpload/2176158_d6d6aa7bbc494ad4bd0950cc58784963.gif?imageslim,AcFun,周榜,week,hotlist,,2026-09-25 10:29:37
10,《动物迷惑行为大赏325》,喜欢请投蕉啊 谢谢啦！,2614,https://www.acfun.cn/v/ac48861293,https://tx-free-imgs.acfun.cn/newUpload/1342385_03080470038d444a95ce01ff6a6aeb9f.jpeg?imageslim,AcFun,周榜,week,hotlist,,2026-09-25 10:29:37
11,《动物游戏行为图鉴》,喜欢请投蕉啊 谢谢啦！,2749,https://www.acfun.cn/v/ac48857450,https://tx-free-imgs.acfun.cn/newUpload/1342385_485bc20a4c164df2928409b209fa9afc.jpeg?imageslim,AcFun,周榜,week,hotlist,,2026-09-25 10:29:37
12,双马尾小女仆带来的情绪摇～,,3932,https://www.acfun.cn/v/ac48861966,https://tx-free-imgs.acfun.cn/newUpload/11361784_8cee0402b4754b1e82f85b7099791793.jpg?imageslim,AcFun,周榜,week,hotlist,,2026-09-25 10:29:37
13,帮Acer问一下，地址在哪里？欢乐八点档-1779,审核大大辛苦了！<br/>免费的香蕉投一下吧，没有那就点个赞吧，这对我来说很重要，谢谢！！！<br/>谢谢每一个投蕉的帅哥美女！你们是我坚持更新的动力！<br/>视频来自快手等平台，侵权联系删除！,4414,https://www.acfun.cn/v/ac48863633,https://tx-free-imgs.acfun.cn/newUpload/2176158_ff69c3c797d5414e8056b329918cc5b6.gif?imageslim,AcFun,周榜,week,hotlist,,2026-09-25 10:29:37
14,【绘图过程】《海边》6周年纪念插图过程,6周年纪念插图挂画（预售）、沙滩巾（预售），阿宝已上架,3255,https://www.acfun.cn/v/ac48836990,https://tx-free-imgs.acfun.cn/newUpload/179922_9f95aba039e84f3594c3947b3c8fdd58.jpeg?imageslim,AcFun,周榜,week,hotlist,,2026-09-25 10:29:37
15,《野生动物迷惑行为》,喜欢请投蕉啊   谢谢啦！,2731,https://www.acfun.cn/v/ac48868360,https://tx-free-imgs.acfun.cn/newUpload/1342385_3fab348c538e4c0fa001871a708fe302.jpeg?imageslim,AcFun,周榜,week,hotlist,,2026-09-25 10:29:37
16,还是少妇会的多啊！★手机竖屏2011★,审核大大辛苦了！<br/>谢谢每一个投蕉的帅哥美女！香蕉没有来个赞也好啊！<br/>视频来自快手等平台，侵权联系删除！,5064,https://www.acfun.cn/v/ac48864360,https://tx-free-imgs.acfun.cn/newUpload/2176158_3d4f199fd93640468e543b9ee25ac4c0.gif?imageslim,AcFun,周榜,week,hotlist,,2026-09-25 10:29:37
17,漫威金刚狼深陷争议！SweetBaby又毁一款？【绅批】,这算是DEI的历史遗留问题了，所有现在已经从sweetbaby离职的人，只要参与过游戏制作也会被署名（比如桥本和真）,2773,https://www.acfun.cn/v/ac48868810,https://tx-free-imgs.acfun.cn/newUpload/526850_ca1da1572b1d494a93e2f6bab46cf76b.jpeg?imageslim,AcFun,周榜,week,hotlist,,2026-09-25 10:29:37
18,钓鱼佬是真会享受！欢乐八点档-1777,审核大大辛苦了！<br/>免费的香蕉投一下吧，没有那就点个赞吧，这对我来说很重要，谢谢！！！<br/>谢谢每一个投蕉的帅哥美女！你们是我坚持更新的动力！<br/>视频来自快手等平台，侵权联系删除！,4572,https://www.acfun.cn/v/ac48858969,https://tx-free-imgs.acfun.cn/newUpload/2176158_c9d74d926c4c4d709a4b6b7769dffcca.gif?imageslim,AcFun,周榜,week,hotlist,,2026-09-25 10:29:37
19,网络上常见的热门短视频集锦   第三千四百三十八期,审核大大辛苦了！<br/>谢谢每一个投蕉的帅哥美女！香蕉没有来个赞也好啊！<br/>视频来自快手等平台，侵权联系删除！,4412,https://www.acfun.cn/v/ac48858394,https://tx-free-imgs.acfun.cn/newUpload/2176158_38174e72af934b9e86687045b01f0dd3.gif?imageslim,AcFun,周榜,week,hotlist,,2026-09-25 10:29:37
20,一波还未平息一波又来侵袭！★手机竖屏2010★,审核大大辛苦了！<br/>谢谢每一个投蕉的帅哥美女！香蕉没有来个赞也好啊！<br/>视频来自快手等平台，侵权联系删除！,4718,https://www.acfun.cn/v/ac48862013,https://tx-free-imgs.acfun.cn/newUpload/2176158_c4802142afc14d50b2cd775e67890cca.gif?imageslim,AcFun,周榜,week,hotlist,,2026-09-25 10:29:37
21,mr chu!!好怀念这首歌,,2012,https://www.acfun.cn/v/ac48869375,https://tx-free-imgs.acfun.cn/newUpload/16380981_19592eb83a88429695ee1a0508fc3df0.png?imageslim,AcFun,周榜,week,hotlist,,2026-09-25 10:29:37
22,魔兽无限服禁金团引爆社区！但原教旨主义玩家才是最抽象的？【绅批】,所谓“严厉处罚“”顶格也就是封号，会根据情况由短至长，当然能不能具体实行就是另一回事了,3073,https://www.acfun.cn/v/ac48857248,https://tx-free-imgs.acfun.cn/newUpload/526850_b63f9e2a1bd04c38ac3c61257e0b87dd.jpeg?imageslim,AcFun,周榜,week,hotlist,,2026-09-25 10:29:37
23,你们内外皆钢，而我们化身钢铁！【达奇】战锤40K故事内容,感谢下巴老师对视频内容的支持与完善,2133,https://www.acfun.cn/v/ac48856443,https://tx-free-imgs.acfun.cn/newUpload/346807_7f5f779958dd4d6986f60021118423da.jpeg?imageslim,AcFun,周榜,week,hotlist,,2026-09-25 10:29:37
24,还是少妇会啊！！！★手机竖屏2009★,审核大大辛苦了！<br/>谢谢每一个投蕉的帅哥美女！香蕉没有来个赞也好啊！<br/>视频来自快手等平台，侵权联系删除！,4845,https://www.acfun.cn/v/ac48859515,https://tx-free-imgs.acfun.cn/newUpload/2176158_d4e9e6e30f4446319f9e720adfe35ef9.gif?imageslim,AcFun,周榜,week,hotlist,,2026-09-25 10:29:37
25,【AC娘】琵琶曲,原作者：Kotte Animation<br/>还有瑕疵，看个乐吧,3081,https://www.acfun.cn/v/ac48864492,https://tx-free-imgs.acfun.cn/newUpload/41729435_02cbd995b6d54f508eb21d3cb8621903.jpeg?imageslim,AcFun,周榜,week,hotlist,,2026-09-25 10:29:37
26,25年了，回坊天花板小酥肉，还是那个味儿,记忆中的味道，回来了，都回来了……<br/>一口椒麻一口鲜，大口吃肉，配上热腾腾的米饭，绝了。<br/>素三鲜也是无敌的存在！,2503,https://www.acfun.cn/v/ac48865538,https://tx-free-imgs.acfun.cn/newUpload/13765438_9bc4a0abf32a4c1aa3e83c844de84649.jpeg?imageslim,AcFun,周榜,week,hotlist,,2026-09-25 10:29:37
27,海洋公园一定要去啊！欢乐八点档-1776,审核大大辛苦了！<br/>免费的香蕉投一下吧，没有那就点个赞吧，这对我来说很重要，谢谢！！！<br/>谢谢每一个投蕉的帅哥美女！你们是我坚持更新的动力！<br/>视频来自快手等平台，侵权联系删除！,4464,https://www.acfun.cn/v/ac48856824,https://tx-free-imgs.acfun.cn/newUpload/2176158_3406d07fb97f486893aedb108728c2ec.gif?imageslim,AcFun,周榜,week,hotlist,,2026-09-25 10:29:37
28,我真的是来吃饭的！★手机竖屏2013★,审核大大辛苦了！<br/>谢谢每一个投蕉的帅哥美女！香蕉没有来个赞也好啊！<br/>视频来自快手等平台，侵权联系删除！,3478,https://www.acfun.cn/v/ac48869145,https://tx-free-imgs.acfun.cn/newUpload/2176158_eb4b69370b8f435aa2b171e72403d356.gif?imageslim,AcFun,周榜,week,hotlist,,2026-09-25 10:29:37
29,拳击好啊，拳击得学！欢乐八点档-1781,审核大大辛苦了！<br/>免费的香蕉投一下吧，没有那就点个赞吧，这对我来说很重要，谢谢！！！<br/>谢谢每一个投蕉的帅哥美女！你们是我坚持更新的动力！<br/>视频来自快手等平台，侵权联系删除！,3954,https://www.acfun.cn/v/ac48868336,https://tx-free-imgs.acfun.cn/newUpload/2176158_3f6c601293a54468bae97f781440217b.gif?imageslim,AcFun,周榜,week,hotlist,,2026-09-25 10:29:37
30,你的拳头真是肥嘟嘟的...,动漫：心灵的声音，作者：赵石【韩国】,2161,https://www.acfun.cn/v/ac48859870,https://tx-free-imgs.acfun.cn/newUpload/509259_2fa91d5206504450be471808d9c93a22.jpeg?imageslim,AcFun,周榜,week,hotlist,,2026-09-25 10:29:37
31,北京豆汁会惩罚每一个好奇的人！欢乐八点档-1780,审核大大辛苦了！<br/>免费的香蕉投一下吧，没有那就点个赞吧，这对我来说很重要，谢谢！！！<br/>谢谢每一个投蕉的帅哥美女！你们是我坚持更新的动力！<br/>视频来自快手等平台，侵权联系删除！,4364,https://www.acfun.cn/v/ac48865965,https://tx-free-imgs.acfun.cn/newUpload/2176158_ec83e6fb2ffc4005b41881ac13dbaeca.gif?imageslim,AcFun,周榜,week,hotlist,,2026-09-25 10:29:37
32,这个一字马技术含量很高啊！欢乐八点档-1778,审核大大辛苦了！<br/>免费的香蕉投一下吧，没有那就点个赞吧，这对我来说很重要，谢谢！！！<br/>谢谢每一个投蕉的帅哥美女！你们是我坚持更新的动力！<br/>视频来自快手等平台，侵权联系删除！,4338,https://www.acfun.cn/v/ac48861225,https://tx-free-imgs.acfun.cn/newUpload/2176158_0824627cb76d40dc99ce9cb12c07e4cc.gif?imageslim,AcFun,周榜,week,hotlist,,2026-09-25 10:29:37
33,网络上常见的热门短视频集锦   第三千四百四十一期,审核大大辛苦了！<br/>谢谢每一个投蕉的帅哥美女！香蕉没有来个赞也好啊！<br/>视频来自快手等平台，侵权联系删除！,4147,https://www.acfun.cn/v/ac48862019,https://tx-free-imgs.acfun.cn/newUpload/2176158_6e5a88d95f344d92a8d97a57f03ac4b9.gif?imageslim,AcFun,周榜,week,hotlist,,2026-09-25 10:29:37
34,网络上常见的热门短视频集锦   第三千四百四十五期,审核大大辛苦了！<br/>谢谢每一个投蕉的帅哥美女！香蕉没有来个赞也好啊！<br/>视频来自快手等平台，侵权联系删除！,3833,https://www.acfun.cn/v/ac48866824,https://tx-free-imgs.acfun.cn/newUpload/2176158_dba921eb42f14c7ba31a1af83bfe71ce.gif?imageslim,AcFun,周榜,week,hotlist,,2026-09-25 10:29:37
35,琵琶曲丨夜神月 VS  L,原曲：琵琶曲,2215,https://www.acfun.cn/v/ac48861693,https://tx-free-imgs.acfun.cn/newUpload/16986934_3bf4dd94910c4845acf851f7f0fdb757.jpeg?imageslim,AcFun,周榜,week,hotlist,,2026-09-25 10:29:37
36,空中瑜伽！！！★手机竖屏2012★,审核大大辛苦了！<br/>谢谢每一个投蕉的帅哥美女！香蕉没有来个赞也好啊！<br/>视频来自快手等平台，侵权联系删除！,4301,https://www.acfun.cn/v/ac48866821,https://tx-free-imgs.acfun.cn/newUpload/2176158_610807af48f5463a891fc9f341c9b16f.gif?imageslim,AcFun,周榜,week,hotlist,,2026-09-25 10:29:37
37,因为害怕被讨厌 所以把自己藏起来了,,2198,https://www.acfun.cn/v/ac48871331,https://tx-free-imgs.acfun.cn/newUpload/11361784_3d4bd69b46f541e184c2922c24f09276.jpg?imageslim,AcFun,周榜,week,hotlist,,2026-09-25 10:29:37
38,厨师长教你：“鱼香肉丝”的家常做法，酸甜微辣，口感丰富,,1977,https://www.acfun.cn/v/ac48867741,https://tx-free-imgs.acfun.cn/newUpload/13274260_93e68d1098d04ffca2683655a6a404c2.jpeg?imageslim,AcFun,周榜,week,hotlist,,2026-09-25 10:29:37
39,网络上常见的热门短视频集锦   第三千四百三十九期,审核大大辛苦了！<br/>谢谢每一个投蕉的帅哥美女！香蕉没有来个赞也好啊！<br/>视频来自快手等平台，侵权联系删除！,4004,https://www.acfun.cn/v/ac48859518,https://tx-free-imgs.acfun.cn/newUpload/2176158_13f61f1aa39c4732bdaeed87fe0e28a4.gif?imageslim,AcFun,周榜,week,hotlist,,2026-09-25 10:29:37
40,一天生产500万个！速冻水饺是如何制造出来的？,,2146,https://www.acfun.cn/v/ac48859253,https://tx-free-imgs.acfun.cn/newUpload/19281632_57f07fe28e24422d948491fd2d43586c.jpeg?imageslim,AcFun,周榜,week,hotlist,,2026-09-25 10:29:37
41,今天你不能嫁出去【今天有什么好笑的 #2514】,：)，谢谢大家，祝你们开心。<br/>wallpaper壁纸：Fading Astronaut 5K (update)<br/>BGM：I Want It That Way,2842,https://www.acfun.cn/v/ac48865864,https://tx-free-imgs.acfun.cn/newUpload/383079_ee4f5f7badf74f05a2ef6c691387f327.gif?imageslim,AcFun,周榜,week,hotlist,,2026-09-25 10:29:37
42,单纯的约会（92）,,1810,https://www.acfun.cn/v/ac48857199,https://tx-free-imgs.acfun.cn/newUpload/74706824_a3a60d77e6934225b168686e44216c4b.png?imageslim,AcFun,周榜,week,hotlist,,2026-09-25 10:29:37
43,【东方】推特东方小视频选集 第272期,睡觉睡觉睡觉睡觉睡觉睡觉睡觉睡觉睡觉睡觉……,1376,https://www.acfun.cn/v/ac48858830,https://tx-free-imgs.acfun.cn/newUpload/6102_5a13d6efeec742ff84c512206aaeb7b0.jpeg?imageslim,AcFun,周榜,week,hotlist,,2026-09-25 10:29:37
44,甜妹来袭！,,2149,https://www.acfun.cn/v/ac48863947,https://tx-free-imgs.acfun.cn/newUpload/12439728_1fd5a3c6e60241a1a1cd8f89dbede769.png?imageslim,AcFun,周榜,week,hotlist,,2026-09-25 10:29:37
45,这样的学姐喜欢吗？欢乐八点档-1782,审核大大辛苦了！<br/>免费的香蕉投一下吧，没有那就点个赞吧，这对我来说很重要，谢谢！！！<br/>谢谢每一个投蕉的帅哥美女！你们是我坚持更新的动力！<br/>视频来自快手等平台，侵权联系删除！,2450,https://www.acfun.cn/v/ac48870057,https://tx-free-imgs.acfun.cn/newUpload/2176158_4c1f3b60f73e451abc443941d47305d8.gif?imageslim,AcFun,周榜,week,hotlist,,2026-09-25 10:29:37
46,网络上常见的热门短视频集锦   第三千四百三十六期,审核大大辛苦了！<br/>谢谢每一个投蕉的帅哥美女！香蕉没有来个赞也好啊！<br/>视频来自快手等平台，侵权联系删除！,3945,https://www.acfun.cn/v/ac48856130,https://tx-free-imgs.acfun.cn/newUpload/2176158_4b41dc501581491e9b900fd0a1662e27.gif?imageslim,AcFun,周榜,week,hotlist,,2026-09-25 10:29:37
47,网络上常见的热门短视频集锦   第三千四百四十三期,审核大大辛苦了！<br/>谢谢每一个投蕉的帅哥美女！香蕉没有来个赞也好啊！<br/>视频来自快手等平台，侵权联系删除！,3574,https://www.acfun.cn/v/ac48864363,https://tx-free-imgs.acfun.cn/newUpload/2176158_dfef22dbf6934a15a594e5766b8680ca.gif?imageslim,AcFun,周榜,week,hotlist,,2026-09-25 10:29:37
48,嘞个就是爱情【今天有什么好笑的 #2512】,：），谢谢大家的投蕉和点赞，祝你开心愉快~<br/>wallpaper壁纸：lamp<br/>BGM：What a Feeling,2429,https://www.acfun.cn/v/ac48860992,https://tx-free-imgs.acfun.cn/newUpload/383079_172d192fee55441c96b7352f61e0a25f.gif?imageslim,AcFun,周榜,week,hotlist,,2026-09-25 10:29:37
49,网络上常见的热门短视频集锦   第三千四百三十七期,审核大大辛苦了！<br/>谢谢每一个投蕉的帅哥美女！香蕉没有来个赞也好啊！<br/>视频来自快手等平台，侵权联系删除！,3646,https://www.acfun.cn/v/ac48857544,https://tx-free-imgs.acfun.cn/newUpload/2176158_65f1d403dce7484b8d62b6f272bdbe31.gif?imageslim,AcFun,周榜,week,hotlist,,2026-09-25 10:29:37
50,网络上常见的热门短视频集锦   第三千四百四十四期,审核大大辛苦了！<br/>谢谢每一个投蕉的帅哥美女！香蕉没有来个赞也好啊！<br/>视频来自快手等平台，侵权联系删除！,3494,https://www.acfun.cn/v/ac48865021,https://tx-free-imgs.acfun.cn/newUpload/2176158_663463f1e6004dc2b4dea153d1e60c05.gif?imageslim,AcFun,周榜,week,hotlist,,2026-09-25 10:29:37
1,因为害怕被讨厌 所以把自己藏起来了,,2294,https://www.acfun.cn/v/ac48871331,https://tx-free-imgs.acfun.cn/newUpload/11361784_3d4bd69b46f541e184c2922c24f09276.jpg?imageslim,AcFun,日榜,day,hotlist,,2026-09-25 11:24:45
2,这样的学姐喜欢吗？欢乐八点档-1782,审核大大辛苦了！<br/>免费的香蕉投一下吧，没有那就点个赞吧，这对我来说很重要，谢谢！！！<br/>谢谢每一个投蕉的帅哥美女！你们是我坚持更新的动力！<br/>视频来自快手等平台，侵权联系删除！,2541,https://www.acfun.cn/v/ac48870057,https://tx-free-imgs.acfun.cn/newUpload/2176158_4c1f3b60f73e451abc443941d47305d8.gif?imageslim,AcFun,日榜,day,hotlist,,2026-09-25 11:24:45
3,姛姛？！蝴蝶耳机Manget中文翻唱【箐羽Hane】x【缇若柯Teivoc】,“是否你确实表里如一淡然，还是说你——并不似我贪婪？”<br/>《Manget》磁石 / 蝴蝶耳机 - 中文翻唱<br/>原作作曲 / 流星P<br/>曲绘&翻唱 / 箐羽hane & 缇若柯Teivoc<br/>中文填词 / 果汁凉菜<br/>混音 / 风尘<br/>和笋笋一起唱了我们二次元姛神曲！曲绘也是我和笋笋每个人负责了自己的部分最后再拼到一起的！真好！( *^ ^)o(^ ^* )希望大家也能喜欢！,1405,https://www.acfun.cn/v/ac48869340,https://tx-free-imgs.acfun.cn/newUpload/67511609_d868cdbd6b1849e8958696cdc9db1493.jpeg?imageslim,AcFun,日榜,day,hotlist,,2026-09-25 11:24:45
4,网络上常见的热门短视频集锦   第三千四百四十八期,审核大大辛苦了！<br/>谢谢每一个投蕉的帅哥美女！香蕉没有来个赞也好啊！<br/>视频来自快手等平台，侵权联系删除！,2936,https://www.acfun.cn/v/ac48870020,https://tx-free-imgs.acfun.cn/newUpload/2176158_d65e54f4e9ee489b86b6fc28c31c84ee.gif?imageslim,AcFun,日榜,day,hotlist,,2026-09-25 11:24:45
5,我要冲会员【今天有什么好笑的 #2516】,：），谢谢大家的投蕉和点赞，祝你开心愉快~<br/>wallpaper壁纸：Reze | Chainsaw Man<br/>BGM：Nicoleta Matei - Love mail<br/>,2062,https://www.acfun.cn/v/ac48870763,https://tx-free-imgs.acfun.cn/newUpload/383079_47b0fc3f458042f5bd3717967e55c598.gif?imageslim,AcFun,日榜,day,hotlist,,2026-09-25 11:24:45
6,网络上常见的热门短视频集锦   第三千四百四十七期,审核大大辛苦了！<br/>谢谢每一个投蕉的帅哥美女！香蕉没有来个赞也好啊！<br/>视频来自快手等平台，侵权联系删除！,2845,https://www.acfun.cn/v/ac48869149,https://tx-free-imgs.acfun.cn/newUpload/2176158_fdf9afe2e00a4a1aa62415c846776eaf.gif?imageslim,AcFun,日榜,day,hotlist,,2026-09-25 11:24:45
7,老板直聘（89）,,1539,https://www.acfun.cn/v/ac48868552,https://tx-free-imgs.acfun.cn/newUpload/74706824_db2c7ba15c5d4aa18872db6b0763b7ca.jpeg?imageslim,AcFun,日榜,day,hotlist,,2026-09-25 11:24:45
8,发个friend圈,,1419,https://www.acfun.cn/v/ac48863958,https://tx-free-imgs.acfun.cn/newUpload/12439728_b44cb67ae45a4c179b08227368f4159c.png?imageslim,AcFun,日榜,day,hotlist,,2026-09-25 11:24:45
9,奥迪“宫斗”十年大结局？一汽拿四环，上汽拿AUDI,一汽奥迪和上汽奥迪“宫斗”了十年，终于要划下句号了？,1477,https://www.acfun.cn/v/ac48870981,https://tx-free-imgs.acfun.cn/newUpload/13630266_3fde785be5a2411495618f67d01ab66a.jpeg?imageslim,AcFun,日榜,day,hotlist,,2026-09-25 11:24:45
10,沦陷️,歌曲舞蹈：沦陷dj版-星奇摇   动作有改编,1434,https://www.acfun.cn/v/ac48869381,https://tx-free-imgs.acfun.cn/newUpload/12229455_aacf9da97a0940ad8e5f0b509d9cc159.jpeg?imageslim,AcFun,日榜,day,hotlist,,2026-09-25 11:24:45
11,在英国差点被上门诈骗,可能看到我一人在家，就大胆敲门了，还好平常也会注意周边邻居，没发生什么事儿，这个金额就算被骗也不会报警，以后还是要小心一些了。#英国日常#vlog,1356,https://www.acfun.cn/v/ac48869505,https://tx-free-imgs.acfun.cn/newUpload/43181603_1c8c6c487a864d098b5e7e7bf2a12c6a.jpg?imageslim,AcFun,日榜,day,hotlist,,2026-09-25 11:24:45
12,【东方】QUEEN【蕾米莉亚 Miy Ver. MMD】,作者：やくも<br/><br/>楽曲:Kanaria 様→https://www.nicovideo.jp/watch/sm4088...<br/>振付:AKIRA様<br/>モーション:P-nez 様→https://www.nicovideo.jp/watch/sm4350...<br/>カメラ:Mizuha様→https://www.nicovideo.jp/watch/sm4353...<br/>モデル:MIy様<br/>ステージ:栗ごはん様<br/>アクセサリ:アスカ様,1099,https://www.acfun.cn/v/ac48870080,https://tx-free-imgs.acfun.cn/newUpload/6102_6a4dce20c9b74fa0bbdff3ccc0a73c5d.png?imageslim,AcFun,日榜,day,hotlist,,2026-09-25 11:24:45
13,【AI】今晚的期待,Comfyui,1348,https://www.acfun.cn/v/ac48870865,https://tx-free-imgs.acfun.cn/newUpload/14047168_02bac6c1158f4e108536124c7239e472.jpeg?imageslim,AcFun,日榜,day,hotlist,,2026-09-25 11:24:45
14,这套皮肤真的很喜欢,,1202,https://www.acfun.cn/v/ac48871657,https://tx-free-imgs.acfun.cn/newUpload/16380981_ac9640e59a3a42e093fcee0a0b81d474.jpg?imageslim,AcFun,日榜,day,hotlist,,2026-09-25 11:24:45
15,坚持跳舞8年改变了什么？《千里邀月》2018vs2026【紫嘉儿】,中秋快乐！没想到8年前的编舞每年这个时候都有很多翻跳，一起用舞蹈记录下美好时光吧！,1207,https://www.acfun.cn/v/ac48870585,https://tx-free-imgs.acfun.cn/newUpload/1161851_851c52555ace464f98231f30a167eedd.png?imageslim,AcFun,日榜,day,hotlist,,2026-09-25 11:24:45
16,"长手打短手？2万分王者局！快速看完一局韩服王者斗殴局#836 十三day, Eclipse,","长手打短手？2万分王者局！快速看完一局韩服王者斗殴局#836 十三day, Eclipse, 0909, Lelitz, 1Jiang <br/>BGM:https://music.163.com/playlist?id=650818240&userid=30476594",1342,https://www.acfun.cn/v/ac48863751,https://tx-free-imgs.acfun.cn/newUpload/1378726_792b017ff72e4ed49b05fe8e1e24f6e4.jpeg?imageslim,AcFun,日榜,day,hotlist,,2026-09-25 11:24:45
17,少女机甲+空投轰炸？是什么神仙组合？,到底是一款什么样的机甲游戏，上线快3年还保持着特别好评？虽然是机甲美少女的设定，但是操作的是厚重质感的硬核机甲，这种硬核操作的感觉让人越玩越上头，今天来跟大家聊聊这款游戏《铁骑少女》。<br/>最近我一直期待的第三个DLC金盏花也是要上线了，这次DLC的核心新玩法，就是机甲“搜打撤”的模式。和本体死守基地的玩法不一样，这次整体的游玩思路都变了~,1169,https://www.acfun.cn/v/ac48871337,https://tx-free-imgs.acfun.cn/newUpload/61352468_77bf0ab03cd34fefa1d5530aca003edb.jpeg?imageslim,AcFun,日榜,day,hotlist,,2026-09-25 11:24:45
18,【AI】小妈裙~chocolate cream,Comfyui,1356,https://www.acfun.cn/v/ac48870861,https://tx-free-imgs.acfun.cn/newUpload/14047168_efd2bae7c6184b3b89e82abfaadf0fb3.jpeg?imageslim,AcFun,日榜,day,hotlist,,2026-09-25 11:24:45
19,好像只能礼貌的问候~,,1186,https://www.acfun.cn/v/ac48871365,https://tx-free-imgs.acfun.cn/newUpload/43459034_4572f98756df48b0bc9c323cdc49a8d2.jpg?imageslim,AcFun,日榜,day,hotlist,,2026-09-25 11:24:45
20,【绝望女神/翻唱】【星际牛仔ED The Real Folk Blues】,想听啥情继续评论回复~,950,https://www.acfun.cn/v/ac48871323,https://tx-free-imgs.acfun.cn/newUpload/20705199_0be8deafcbb34bdb9f17523c5bc95087.jpeg?imageslim,AcFun,日榜,day,hotlist,,2026-09-25 11:24:45
21,吃！给我吃！【鬼ノ宴翻唱】,,1077,https://www.acfun.cn/v/ac48871186,https://tx-free-imgs.acfun.cn/newUpload/10144864_ee78f4d0678d414f9ce18c29231cf17a.jpeg?imageslim,AcFun,日榜,day,hotlist,,2026-09-25 11:24:45
22,【黒碳】ライトダンス - サカナクション【生日作】【翻唱】,本家:サカナクション ; 翻唱: 黒碳Kurotan; 后期: 黒碳Kurotan; 曲绘: 黒碳Kurotan; PV: 黒碳Kurotan以及十分牛杯的網站：https://pv.pixjam.cn/ 背景是用這個做的!! 狠狠趕工終於做完了 好感動,1100,https://www.acfun.cn/v/ac48869560,https://tx-free-imgs.acfun.cn/newUpload/13707663_f611642aa87b4dab9a8d8a6beb7ace77.jpeg?imageslim,AcFun,日榜,day,hotlist,,2026-09-25 11:24:45
23,记录2023年6月份在台上开心的表演lamb的我,,1179,https://www.acfun.cn/v/ac48871344,https://tx-free-imgs.acfun.cn/newUpload/16380981_00755d93042647bcb6f29a19da53e590.png?imageslim,AcFun,日榜,day,hotlist,,2026-09-25 11:24:45
24,【翻唱】鬼ノ宴,本家様<br/>友成空様<br/>【鬼ノ宴】<br/>•友成空(TOMONARI SORA) -   鬼ノ宴   ［Lyric Video］<br/>https://www.youtube.com/watch?v=NFzyrPK9rtM,1045,https://www.acfun.cn/v/ac48871180,https://tx-free-imgs.acfun.cn/newUpload/10144864_a75eddb97ea048b59fef6aaea5d4478f.jpeg?imageslim,AcFun,日榜,day,hotlist,,2026-09-25 11:24:45
25,下班后跳一段恋爱的条件～,,1082,https://www.acfun.cn/v/ac48871308,https://tx-free-imgs.acfun.cn/newUpload/43459034_9aa96c2a93884a3891b73b05298d8521.jpg?imageslim,AcFun,日榜,day,hotlist,,2026-09-25 11:24:45
26,T-ARA So Crazy,,1438,https://www.acfun.cn/v/ac48869387,https://tx-free-imgs.acfun.cn/newUpload/795184_e0ad411d1b844c569dc376c0b45f763c.jpeg?imageslim,AcFun,日榜,day,hotlist,,2026-09-25 11:24:45
27,【颜音】中秋歌回~祝大家节日快乐,皓月凌空，桂香满庭。<br/>愿今夜歌声暖心，祝各位中秋快乐，阖家美满！,1048,https://www.acfun.cn/v/ac48872065,https://tx-free-imgs.acfun.cn/newUpload/4425861_3dab8cdf19a74bf6accbdcd688cd9b6a.jpeg?imageslim,AcFun,日榜,day,hotlist,,2026-09-25 11:24:45
28,BR66型蒸汽机车 trix越来越垃圾了！尤其是垃圾会员车，一个比一个烂！这一次终于拉了一坨更大的！,,835,https://www.acfun.cn/v/ac48871197,https://tx-free-imgs.acfun.cn/newUpload/66128753_8563c2ab24aa4a2289e52500bc42f1f1.png?imageslim,AcFun,日榜,day,hotlist,,2026-09-25 11:24:45
29,绿梦：时空之声公测定档！公测版本全面优化！,绿梦：时空之声公测定档！公测版本全面优化！,1238,https://www.acfun.cn/v/ac48871268,https://tx-free-imgs.acfun.cn/newUpload/63104383_33b9de6d951a4ca0b5a7b9dfc2fc748e.gif?imageslim,AcFun,日榜,day,hotlist,,2026-09-25 11:24:45
30,【AI】山间竹林仙子,Comfyui,1107,https://www.acfun.cn/v/ac48870853,https://tx-free-imgs.acfun.cn/newUpload/14047168_20afdd6955bd44a9a04b0629aecb5ad1.jpeg?imageslim,AcFun,日榜,day,hotlist,,2026-09-25 11:24:45
31,22.称霸水下四亿年，人类最古老的远房祖先：硬骨鱼总纲,22.称霸水下四亿年，人类最古老的远房祖先：硬骨鱼总纲,1039,https://www.acfun.cn/v/ac48871354,https://tx-free-imgs.acfun.cn/newUpload/28933912_40dcb39f039045868ae364582e4a1797.jpeg?imageslim,AcFun,日榜,day,hotlist,,2026-09-25 11:24:45
32,卓哥儿那可是专业杰哥，人群之中七进七出不成问题！,自定义也发？,1214,https://www.acfun.cn/v/ac48871816,https://tx-free-imgs.acfun.cn/newUpload/581357_d49b41a0e554440db6952de719b3f832.jpeg?imageslim,AcFun,日榜,day,hotlist,,2026-09-25 11:24:45
33,AOA-猫步轻俏,,1267,https://www.acfun.cn/v/ac48869298,https://tx-free-imgs.acfun.cn/newUpload/795184_6cc9a8a9e54144c3b69380546963be9b.jpeg?imageslim,AcFun,日榜,day,hotlist,,2026-09-25 11:24:45
34,【牛子组合】凉凉,世事一场大梦，人生几度秋凉，祝大家26年中秋快乐,1040,https://www.acfun.cn/v/ac48870493,https://tx-free-imgs.acfun.cn/newUpload/358616_22f2cb85fdca497ab5cd556c984493d6.png?imageslim,AcFun,日榜,day,hotlist,,2026-09-25 11:24:45
35,如果是机器人女友，怎么哄男朋友呢？！,,1182,https://www.acfun.cn/v/ac48870116,https://tx-free-imgs.acfun.cn/newUpload/17928_330fc95b89c04eda831570be0a48cb0e.png?imageslim,AcFun,日榜,day,hotlist,,2026-09-25 11:24:45
36,这新番要不是霸权！我家狗都不信啊！十月最无悬念的提前吹爆！,这新番要不是霸权！我家狗都不信啊！十月最无悬念的提前吹爆！,1043,https://www.acfun.cn/v/ac48871615,https://tx-free-imgs.acfun.cn/newUpload/13467496_654fcc0446324342b35eef2b72d45df4.jpeg?imageslim,AcFun,日榜,day,hotlist,,2026-09-25 11:24:45
37,另一版,之前还拍了一版，但是感觉镜头太晃了,691,https://www.acfun.cn/v/ac48871588,https://tx-free-imgs.acfun.cn/newUpload/12954767_f420f9f6197c43d4bb14421c32d81bbb.png?imageslim,AcFun,日榜,day,hotlist,,2026-09-25 11:24:45
38,上线才半年，腾讯养的“龙虾”QClaw，官宣停运了！,,1156,https://www.acfun.cn/v/ac48871074,https://tx-free-imgs.acfun.cn/newUpload/17928_22da7d70ed6749f690e735b0f098a800.png?imageslim,AcFun,日榜,day,hotlist,,2026-09-25 11:24:45
39,T-ara Bo Peep Bo Peep,,1125,https://www.acfun.cn/v/ac48869397,https://tx-free-imgs.acfun.cn/newUpload/795184_1876bec3bc5d43d6b42da8060c06a34a.jpeg?imageslim,AcFun,日榜,day,hotlist,,2026-09-25 11:24:45
40,小兔-20260923 abracadabra 上下 恋爱的条件 成人礼 晚安吻,,1075,https://www.acfun.cn/v/ac48870476,https://tx-free-imgs.acfun.cn/newUpload/78055394_4dcf7a6688cb4a1994bd96389cc84b38.jpeg?imageslim,AcFun,日榜,day,hotlist,,2026-09-25 11:24:45
41,社畜身份不是你精致生活的角色扮演,,799,https://www.acfun.cn/v/ac48871467,https://tx-free-imgs.acfun.cn/newUpload/14013875_ec82a37907ff4565a6f6f6d916bd7117.png?imageslim,AcFun,日榜,day,hotlist,,2026-09-25 11:24:45
42,桢-20260923 abracadabra,,1066,https://www.acfun.cn/v/ac48870552,https://tx-free-imgs.acfun.cn/newUpload/78055394_f7c161e6bccd480f9b8a372dd55c3678.jpeg?imageslim,AcFun,日榜,day,hotlist,,2026-09-25 11:24:45
43,飒！BABYMONSTER CHIQUITA小姐姐跳《Worth It》,-v -好不好看呢,1087,https://www.acfun.cn/v/ac48870427,https://tx-free-imgs.acfun.cn/newUpload/199029_44d3343f2e3742c780253ef0f9df1a6b.png?imageslim,AcFun,日榜,day,hotlist,,2026-09-25 11:24:45
44,绝顶性感黑丝【DazzlingRed】舞蹈翻跳,,1082,https://www.acfun.cn/v/ac48871722,https://tx-free-imgs.acfun.cn/newUpload/28629507_651036189fde4ffabea2957b7a006984.png?imageslim,AcFun,日榜,day,hotlist,,2026-09-25 11:24:45
45,塞巴斯蒂安·埃尔南德斯 vs 亀田京之介,塞巴斯蒂安·埃尔南德斯 vs 亀田京之介,955,https://www.acfun.cn/v/ac48871133,https://tx-free-imgs.acfun.cn/newUpload/61107438_67e40508d9a74840841c26da02695801.png?imageslim,AcFun,日榜,day,hotlist,,2026-09-25 11:24:45
46,“狐蝠”亡命天涯半世纪,,1186,https://www.acfun.cn/v/ac48871667,https://tx-free-imgs.acfun.cn/newUpload/3592774_514c8455f636400c949adc88c25d0e83.jpeg?imageslim,AcFun,日榜,day,hotlist,,2026-09-25 11:24:45
47,白井黑子·佐天泪子 中秋月色双人手势舞【AI动画/超清】,本人本地部署的AI生成图片视频模型制作，硬件英伟达显卡RTX5070TI 16G+96G DDR5 6000内存，花费2小时合成.<br/>这次引入新的二次元动漫人物模型，二次元脸部质量效果会更好些，同时步数可以适当降低，降本增效。引入后期处理工具修复强化背景<br/><br/>人物：佐天泪子 白井黑子<br/>舞蹈技术与BGM：网红手势舞<br/>场景：中秋月色,418,https://www.acfun.cn/v/ac48871101,https://tx-free-imgs.acfun.cn/newUpload/46764084_397c08849b344139b09a46fb71f814b3.png?imageslim,AcFun,日榜,day,hotlist,,2026-09-25 11:24:45
48,AEW Dynamite #364/Collision #163 2026.09.23,"AEW Continental Title Eliminator Match<br/>Jon Moxley vs. Dezmond Xavier<br/>Tag Team Match<br/>Claudio Castagnoli & Gabe Kidd vs. Mike Bailey & Will Ospreay<br/>AEW TBS Title Match<br/>Persephone (c) vs. Hyan<br/>AEW World Trios Title Match<br/>Swerve Strickland & The New Level (Austin Creed & Kofi) (c) vs. The Demand (Bishop Kaun, Ricochet & Toa Liona)",1203,https://www.acfun.cn/v/ac48870183,https://tx-free-imgs.acfun.cn/newUpload/2327201_162cb51156a5464a9aa00ba19aac34ef.jpeg?imageslim,AcFun,日榜,day,hotlist,,2026-09-25 11:24:45
49,동그란 안경으로 귀여운 매력 보여주는 지호,동그란 안경으로 귀여운 매력 보여주는 지호 | Beige Top & Glasses | Ji Ho,648,https://www.acfun.cn/v/ac48870864,https://tx-free-imgs.acfun.cn/newUpload/43172481_558625b6a90d469aabe28a39ba33fded.jpeg?imageslim,AcFun,日榜,day,hotlist,,2026-09-25 11:24:45
50,路边摊,,1291,https://www.acfun.cn/v/ac48871384,https://tx-free-imgs.acfun.cn/newUpload/2742252_f65b1cc858264b619f009878e8798142.jpg?imageslim,AcFun,日榜,day,hotlist,,2026-09-25 11:24:45
1,是谁点的小恶魔，蕉出来～,,5287,https://www.acfun.cn/v/ac48867778,https://tx-free-imgs.acfun.cn/newUpload/17062172_6098fee67d1748e0ab5dab3b5665736c.jpg?imageslim,AcFun,三日榜,three-days,hotlist,,2026-09-25 11:24:45
2,《野生动物迷惑行为》,喜欢请投蕉啊   谢谢啦！,2740,https://www.acfun.cn/v/ac48868360,https://tx-free-imgs.acfun.cn/newUpload/1342385_3fab348c538e4c0fa001871a708fe302.jpeg?imageslim,AcFun,三日榜,three-days,hotlist,,2026-09-25 11:24:45
3,漫威金刚狼深陷争议！SweetBaby又毁一款？【绅批】,这算是DEI的历史遗留问题了，所有现在已经从sweetbaby离职的人，只要参与过游戏制作也会被署名（比如桥本和真）,2782,https://www.acfun.cn/v/ac48868810,https://tx-free-imgs.acfun.cn/newUpload/526850_ca1da1572b1d494a93e2f6bab46cf76b.jpeg?imageslim,AcFun,三日榜,three-days,hotlist,,2026-09-25 11:24:45
4,我真的是来吃饭的！★手机竖屏2013★,审核大大辛苦了！<br/>谢谢每一个投蕉的帅哥美女！香蕉没有来个赞也好啊！<br/>视频来自快手等平台，侵权联系删除！,3531,https://www.acfun.cn/v/ac48869145,https://tx-free-imgs.acfun.cn/newUpload/2176158_eb4b69370b8f435aa2b171e72403d356.gif?imageslim,AcFun,三日榜,three-days,hotlist,,2026-09-25 11:24:45
5,mr chu!!好怀念这首歌,,2020,https://www.acfun.cn/v/ac48869375,https://tx-free-imgs.acfun.cn/newUpload/16380981_19592eb83a88429695ee1a0508fc3df0.png?imageslim,AcFun,三日榜,three-days,hotlist,,2026-09-25 11:24:45
6,25年了，回坊天花板小酥肉，还是那个味儿,记忆中的味道，回来了，都回来了……<br/>一口椒麻一口鲜，大口吃肉，配上热腾腾的米饭，绝了。<br/>素三鲜也是无敌的存在！,2503,https://www.acfun.cn/v/ac48865538,https://tx-free-imgs.acfun.cn/newUpload/13765438_9bc4a0abf32a4c1aa3e83c844de84649.jpeg?imageslim,AcFun,三日榜,three-days,hotlist,,2026-09-25 11:24:45
7,拳击好啊，拳击得学！欢乐八点档-1781,审核大大辛苦了！<br/>免费的香蕉投一下吧，没有那就点个赞吧，这对我来说很重要，谢谢！！！<br/>谢谢每一个投蕉的帅哥美女！你们是我坚持更新的动力！<br/>视频来自快手等平台，侵权联系删除！,3961,https://www.acfun.cn/v/ac48868336,https://tx-free-imgs.acfun.cn/newUpload/2176158_3f6c601293a54468bae97f781440217b.gif?imageslim,AcFun,三日榜,three-days,hotlist,,2026-09-25 11:24:45
8,因为害怕被讨厌 所以把自己藏起来了,,2294,https://www.acfun.cn/v/ac48871331,https://tx-free-imgs.acfun.cn/newUpload/11361784_3d4bd69b46f541e184c2922c24f09276.jpg?imageslim,AcFun,三日榜,three-days,hotlist,,2026-09-25 11:24:45
9,北京豆汁会惩罚每一个好奇的人！欢乐八点档-1780,审核大大辛苦了！<br/>免费的香蕉投一下吧，没有那就点个赞吧，这对我来说很重要，谢谢！！！<br/>谢谢每一个投蕉的帅哥美女！你们是我坚持更新的动力！<br/>视频来自快手等平台，侵权联系删除！,4370,https://www.acfun.cn/v/ac48865965,https://tx-free-imgs.acfun.cn/newUpload/2176158_ec83e6fb2ffc4005b41881ac13dbaeca.gif?imageslim,AcFun,三日榜,three-days,hotlist,,2026-09-25 11:24:45
10,网络上常见的热门短视频集锦   第三千四百四十五期,审核大大辛苦了！<br/>谢谢每一个投蕉的帅哥美女！香蕉没有来个赞也好啊！<br/>视频来自快手等平台，侵权联系删除！,3836,https://www.acfun.cn/v/ac48866824,https://tx-free-imgs.acfun.cn/newUpload/2176158_dba921eb42f14c7ba31a1af83bfe71ce.gif?imageslim,AcFun,三日榜,three-days,hotlist,,2026-09-25 11:24:45
11,空中瑜伽！！！★手机竖屏2012★,审核大大辛苦了！<br/>谢谢每一个投蕉的帅哥美女！香蕉没有来个赞也好啊！<br/>视频来自快手等平台，侵权联系删除！,4316,https://www.acfun.cn/v/ac48866821,https://tx-free-imgs.acfun.cn/newUpload/2176158_610807af48f5463a891fc9f341c9b16f.gif?imageslim,AcFun,三日榜,three-days,hotlist,,2026-09-25 11:24:45
12,厨师长教你：“鱼香肉丝”的家常做法，酸甜微辣，口感丰富,,1998,https://www.acfun.cn/v/ac48867741,https://tx-free-imgs.acfun.cn/newUpload/13274260_93e68d1098d04ffca2683655a6a404c2.jpeg?imageslim,AcFun,三日榜,three-days,hotlist,,2026-09-25 11:24:45
13,今天你不能嫁出去【今天有什么好笑的 #2514】,：)，谢谢大家，祝你们开心。<br/>wallpaper壁纸：Fading Astronaut 5K (update)<br/>BGM：I Want It That Way,2842,https://www.acfun.cn/v/ac48865864,https://tx-free-imgs.acfun.cn/newUpload/383079_ee4f5f7badf74f05a2ef6c691387f327.gif?imageslim,AcFun,三日榜,three-days,hotlist,,2026-09-25 11:24:45
14,这样的学姐喜欢吗？欢乐八点档-1782,审核大大辛苦了！<br/>免费的香蕉投一下吧，没有那就点个赞吧，这对我来说很重要，谢谢！！！<br/>谢谢每一个投蕉的帅哥美女！你们是我坚持更新的动力！<br/>视频来自快手等平台，侵权联系删除！,2541,https://www.acfun.cn/v/ac48870057,https://tx-free-imgs.acfun.cn/newUpload/2176158_4c1f3b60f73e451abc443941d47305d8.gif?imageslim,AcFun,三日榜,three-days,hotlist,,2026-09-25 11:24:45
15,网络上常见的热门短视频集锦   第三千四百四十三期,审核大大辛苦了！<br/>谢谢每一个投蕉的帅哥美女！香蕉没有来个赞也好啊！<br/>视频来自快手等平台，侵权联系删除！,3574,https://www.acfun.cn/v/ac48864363,https://tx-free-imgs.acfun.cn/newUpload/2176158_dfef22dbf6934a15a594e5766b8680ca.gif?imageslim,AcFun,三日榜,three-days,hotlist,,2026-09-25 11:24:45
16,网络上常见的热门短视频集锦   第三千四百四十四期,审核大大辛苦了！<br/>谢谢每一个投蕉的帅哥美女！香蕉没有来个赞也好啊！<br/>视频来自快手等平台，侵权联系删除！,3497,https://www.acfun.cn/v/ac48865021,https://tx-free-imgs.acfun.cn/newUpload/2176158_663463f1e6004dc2b4dea153d1e60c05.gif?imageslim,AcFun,三日榜,three-days,hotlist,,2026-09-25 11:24:45
17,嘴角压不住了【今天有什么好笑的 #2515】,：），谢谢大家的投蕉和点赞，祝你开心愉快~<br/>wallpaper壁纸：Genshin 神里绫华<br/>BGM：Wake me up when september ends,2348,https://www.acfun.cn/v/ac48868130,https://tx-free-imgs.acfun.cn/newUpload/383079_ef65121591434d2b86d53db1622776cd.gif?imageslim,AcFun,三日榜,three-days,hotlist,,2026-09-25 11:24:45
18,粉丝让我录的，不理解但照做！！！,怪哦~,1982,https://www.acfun.cn/v/ac48866011,https://tx-free-imgs.acfun.cn/newUpload/210705_6db288d8849d4e408bbee41ce9116989.jpeg?imageslim,AcFun,三日榜,three-days,hotlist,,2026-09-25 11:24:45
19,姛姛？！蝴蝶耳机Manget中文翻唱【箐羽Hane】x【缇若柯Teivoc】,“是否你确实表里如一淡然，还是说你——并不似我贪婪？”<br/>《Manget》磁石 / 蝴蝶耳机 - 中文翻唱<br/>原作作曲 / 流星P<br/>曲绘&翻唱 / 箐羽hane & 缇若柯Teivoc<br/>中文填词 / 果汁凉菜<br/>混音 / 风尘<br/>和笋笋一起唱了我们二次元姛神曲！曲绘也是我和笋笋每个人负责了自己的部分最后再拼到一起的！真好！( *^ ^)o(^ ^* )希望大家也能喜欢！,1405,https://www.acfun.cn/v/ac48869340,https://tx-free-imgs.acfun.cn/newUpload/67511609_d868cdbd6b1849e8958696cdc9db1493.jpeg?imageslim,AcFun,三日榜,three-days,hotlist,,2026-09-25 11:24:45
20,网络上常见的热门短视频集锦   第三千四百四十六期,审核大大辛苦了！<br/>谢谢每一个投蕉的帅哥美女！香蕉没有来个赞也好啊！<br/>视频来自快手等平台，侵权联系删除！,3558,https://www.acfun.cn/v/ac48867732,https://tx-free-imgs.acfun.cn/newUpload/2176158_2ec1d99da19a48e0a8e4ff2a2447e612.gif?imageslim,AcFun,三日榜,three-days,hotlist,,2026-09-25 11:24:45
21,双手合十萨瓦迪卡！,,1787,https://www.acfun.cn/v/ac48863951,https://tx-free-imgs.acfun.cn/newUpload/12439728_638a29114abf4b0bafda38c61f497df1.png?imageslim,AcFun,三日榜,three-days,hotlist,,2026-09-25 11:24:45
22,昆汀力荐！这部复仇老片，竟是杀死比尔的人物原型来源,,1638,https://www.acfun.cn/v/ac48865483,https://tx-free-imgs.acfun.cn/newUpload/8042365_d9ae5a725d8848abb4b488acbf483611.jpeg?imageslim,AcFun,三日榜,three-days,hotlist,,2026-09-25 11:24:45
23,现在电脑不好卖了，以后我们出租AI机器人吧,,1729,https://www.acfun.cn/v/ac48867767,https://tx-free-imgs.acfun.cn/newUpload/17928_c684f06231604145b533a0f00627c624.png?imageslim,AcFun,三日榜,three-days,hotlist,,2026-09-25 11:24:45
24,网络上常见的热门短视频集锦   第三千四百四十八期,审核大大辛苦了！<br/>谢谢每一个投蕉的帅哥美女！香蕉没有来个赞也好啊！<br/>视频来自快手等平台，侵权联系删除！,2936,https://www.acfun.cn/v/ac48870020,https://tx-free-imgs.acfun.cn/newUpload/2176158_d65e54f4e9ee489b86b6fc28c31c84ee.gif?imageslim,AcFun,三日榜,three-days,hotlist,,2026-09-25 11:24:45
25,交通事故20260923：交通车祸实例，提高安全驾驶意识,,1393,https://www.acfun.cn/v/ac48868861,https://tx-free-imgs.acfun.cn/newUpload/76871961_edea5de6659a4cd2b733a74989043440.jpg?imageslim,AcFun,三日榜,three-days,hotlist,,2026-09-25 11:24:45
26,常州新开巴西烤肉自助，100块钱值得吗？,这是我目前为止，去过的第二家巴西烤肉自助，团购优惠的情况下，花了94元。正常价格在95~110不等<br/><br/>简单带大家看下菜品，除了取餐台这么些，各种牛肉制品、大串烧烤都是循环上桌，大家觉得这么些菜式花样，100块钱左右你们觉得贵还是便宜啊，觉得贵的扣1，觉得便宜的扣2,1797,https://www.acfun.cn/v/ac48868891,https://tx-free-imgs.acfun.cn/newUpload/2046675_bf3a59ddff624646850829452262094e.jpeg?imageslim,AcFun,三日榜,three-days,hotlist,,2026-09-25 11:24:45
27,人鱼的眼泪,歌曲舞蹈：爱乐之城-人鱼的眼泪,1519,https://www.acfun.cn/v/ac48867050,https://tx-free-imgs.acfun.cn/newUpload/12229455_130b1f041e6741dab4f6295ee27d927e.jpeg?imageslim,AcFun,三日榜,three-days,hotlist,,2026-09-25 11:24:45
28,网络上常见的热门短视频集锦   第三千四百四十七期,审核大大辛苦了！<br/>谢谢每一个投蕉的帅哥美女！香蕉没有来个赞也好啊！<br/>视频来自快手等平台，侵权联系删除！,2845,https://www.acfun.cn/v/ac48869149,https://tx-free-imgs.acfun.cn/newUpload/2176158_fdf9afe2e00a4a1aa62415c846776eaf.gif?imageslim,AcFun,三日榜,three-days,hotlist,,2026-09-25 11:24:45
29,Summertime,歌曲：summer time<br/>动作参考：紫嘉儿<br/>原版编舞：（Millennium红房子_BON）<br/>参考编舞：(GFRIEND《Sunny Summer）,1723,https://www.acfun.cn/v/ac48864563,https://tx-free-imgs.acfun.cn/newUpload/12229455_1a8e22f51f3e4effa32c00abb4fd05af.jpeg?imageslim,AcFun,三日榜,three-days,hotlist,,2026-09-25 11:24:45
30,原创编舞《千层套路》的定机位竖屏来啦！,,1594,https://www.acfun.cn/v/ac48869245,https://tx-free-imgs.acfun.cn/newUpload/16380981_24bafd11c027499d9fe6820162faa782.png?imageslim,AcFun,三日榜,three-days,hotlist,,2026-09-25 11:24:45
31,北京的最北端在黑龙江？？？国内飞地是怎么形成的？,这份中国地图，是你从未看过的船新版本，放大几倍就会发现，在大家熟悉的各个省份中，还藏着一堆 “你中有我、我中有你” 的飞地。,1765,https://www.acfun.cn/v/ac48867896,https://tx-free-imgs.acfun.cn/newUpload/13630266_cc2428a99a42453f99c9e1306e7a43bb.jpeg?imageslim,AcFun,三日榜,three-days,hotlist,,2026-09-25 11:24:45
32,我要辞职了！,,1653,https://www.acfun.cn/v/ac48863957,https://tx-free-imgs.acfun.cn/newUpload/12439728_7c57a0735675474590bf7b25e1a34527.png?imageslim,AcFun,三日榜,three-days,hotlist,,2026-09-25 11:24:45
33,我要冲会员【今天有什么好笑的 #2516】,：），谢谢大家的投蕉和点赞，祝你开心愉快~<br/>wallpaper壁纸：Reze | Chainsaw Man<br/>BGM：Nicoleta Matei - Love mail<br/>,2062,https://www.acfun.cn/v/ac48870763,https://tx-free-imgs.acfun.cn/newUpload/383079_47b0fc3f458042f5bd3717967e55c598.gif?imageslim,AcFun,三日榜,three-days,hotlist,,2026-09-25 11:24:45
34,老板直聘（89）,,1539,https://www.acfun.cn/v/ac48868552,https://tx-free-imgs.acfun.cn/newUpload/74706824_db2c7ba15c5d4aa18872db6b0763b7ca.jpeg?imageslim,AcFun,三日榜,three-days,hotlist,,2026-09-25 11:24:45
35,捏捏已经已进化到可以吃的地步啦？,,1602,https://www.acfun.cn/v/ac48868638,https://tx-free-imgs.acfun.cn/newUpload/6177430_486c910212d548c991eeb140f146a6ed.jpeg?imageslim,AcFun,三日榜,three-days,hotlist,,2026-09-25 11:24:45
36,发个friend圈,,1419,https://www.acfun.cn/v/ac48863958,https://tx-free-imgs.acfun.cn/newUpload/12439728_b44cb67ae45a4c179b08227368f4159c.png?imageslim,AcFun,三日榜,three-days,hotlist,,2026-09-25 11:24:45
37,我终于瘦到120斤以下了！,,1640,https://www.acfun.cn/v/ac48867016,https://tx-free-imgs.acfun.cn/newUpload/16380981_906db098cf5d4eaca57bde52b0ae8bf2.jpg?imageslim,AcFun,三日榜,three-days,hotlist,,2026-09-25 11:24:45
38,《奶凶奶凶的漫威金刚狼！》,游戏名：《漫威金刚狼》- Marvel s Wolverine<br/>直播玩了15小时左右一周目通关啦~(*^▽^*)开心，这期是切片呦~,1821,https://www.acfun.cn/v/ac48866669,https://tx-free-imgs.acfun.cn/newUpload/61352468_cb62bfe2e19c4f35804259fac7f8c226.jpeg?imageslim,AcFun,三日榜,three-days,hotlist,,2026-09-25 11:24:45
39,沦陷️,歌曲舞蹈：沦陷dj版-星奇摇   动作有改编,1434,https://www.acfun.cn/v/ac48869381,https://tx-free-imgs.acfun.cn/newUpload/12229455_aacf9da97a0940ad8e5f0b509d9cc159.jpeg?imageslim,AcFun,三日榜,three-days,hotlist,,2026-09-25 11:24:45
40,嘉蒂丝模型曝光！很大！策划团队产能恢复？,明天新角色就要上了，技系直接立于天上。,1826,https://www.acfun.cn/v/ac48866809,https://tx-free-imgs.acfun.cn/newUpload/247671_ee6def92d94a4ab1b770fa166f4de4b7.jpeg?imageslim,AcFun,三日榜,three-days,hotlist,,2026-09-25 11:24:45
41,换你穿越三国乱世，你是起兵还是种田？,有没有宝贝和我一样，看三国的时候总在想，如果换我身在那个乱世，我会怎么样？是起兵争霸，还是归隐山林？ 或是是咱们可以选三国里有名的角色或者可以架空历史从素人做起，一统三国，那会怎么样?我最近就玩了这么一款游戏，一玩就是五个小时，根本停不下来，那今天来聊聊这款开放世界slg游戏《英雄立志传：三国志》~<br/>,1603,https://www.acfun.cn/v/ac48869043,https://tx-free-imgs.acfun.cn/newUpload/61352468_39715609bed041b98b21f3dbb482ad70.jpeg?imageslim,AcFun,三日榜,three-days,hotlist,,2026-09-25 11:24:45
42,奥迪“宫斗”十年大结局？一汽拿四环，上汽拿AUDI,一汽奥迪和上汽奥迪“宫斗”了十年，终于要划下句号了？,1477,https://www.acfun.cn/v/ac48870981,https://tx-free-imgs.acfun.cn/newUpload/13630266_3fde785be5a2411495618f67d01ab66a.jpeg?imageslim,AcFun,三日榜,three-days,hotlist,,2026-09-25 11:24:45
43,好曲不挑舞！《琵琶曲》你喜欢的是？,,1383,https://www.acfun.cn/v/ac48866497,https://tx-free-imgs.acfun.cn/newUpload/1161851_90c6400f25f14d969028c8a6779eaaf5.png?imageslim,AcFun,三日榜,three-days,hotlist,,2026-09-25 11:24:45
44,抱紧原生家庭（90）,,1399,https://www.acfun.cn/v/ac48867786,https://tx-free-imgs.acfun.cn/newUpload/74706824_fcc9a2386aff4fb0b3ecd158e3c6b97f.png?imageslim,AcFun,三日榜,three-days,hotlist,,2026-09-25 11:24:45
45,你吃月饼了吗？,,1406,https://www.acfun.cn/v/ac48869054,https://tx-free-imgs.acfun.cn/newUpload/1167675_8f48723afb0e41ecbe772249b3f4df1a.jpg?imageslim,AcFun,三日榜,three-days,hotlist,,2026-09-25 11:24:45
46,在英国差点被上门诈骗,可能看到我一人在家，就大胆敲门了，还好平常也会注意周边邻居，没发生什么事儿，这个金额就算被骗也不会报警，以后还是要小心一些了。#英国日常#vlog,1356,https://www.acfun.cn/v/ac48869505,https://tx-free-imgs.acfun.cn/newUpload/43181603_1c8c6c487a864d098b5e7e7bf2a12c6a.jpg?imageslim,AcFun,三日榜,three-days,hotlist,,2026-09-25 11:24:45
47,【柯基】papi酱《生气了》｜oh my god你吓到我了,,1413,https://www.acfun.cn/v/ac48867295,https://tx-free-imgs.acfun.cn/newUpload/29493245_980e56a85587473a82c7499c2ed115cb.png?imageslim,AcFun,三日榜,three-days,hotlist,,2026-09-25 11:24:45
48,发怒了好多次哈哈哈哈，最后一遍最好！,,1404,https://www.acfun.cn/v/ac48867030,https://tx-free-imgs.acfun.cn/newUpload/16380981_8a800edc429e47809b3a0e69ec22c530.jpg?imageslim,AcFun,三日榜,three-days,hotlist,,2026-09-25 11:24:45
49,只有刀鸣最小丑？各大游戏千年血战联动盘点！,300英雄的含金量还在上升,1887,https://www.acfun.cn/v/ac48869154,https://tx-free-imgs.acfun.cn/newUpload/247671_7d920e56c00e4af39fed560bf094f965.jpeg?imageslim,AcFun,三日榜,three-days,hotlist,,2026-09-25 11:24:45
50,【冰岛第二集】自驾穿越无人区，我遇到了百年一遇的奇观,,1366,https://www.acfun.cn/v/ac48866428,https://tx-free-imgs.acfun.cn/newUpload/14288157_43766a4a98a8466597ceb64c2965e1ff.jpeg?imageslim,AcFun,三日榜,three-days,hotlist,,2026-09-25 11:24:45
1,剑戟战斗的巅峰 关卡内容的洼地 偏科严重的《鬼武者：剑之道》,它给人爽的部分是真的爽，但是在每次爽之前，你得堵不少马桶，先生。,4388,https://www.acfun.cn/v/ac48859506,https://tx-free-imgs.acfun.cn/newUpload/934542_5d98ad80ca9c4307b5cdc2051c11cb50.jpeg?imageslim,AcFun,周榜,week,hotlist,,2026-09-25 11:24:45
2,【写真】ol穿搭,,10493,https://www.acfun.cn/v/ac48856919,https://tx-free-imgs.acfun.cn/newUpload/3540234_86355333f0d94a46842be6ec42cca369.jpg?imageslim,AcFun,周榜,week,hotlist,,2026-09-25 11:24:45
3,跳最开心的一集,,3945,https://www.acfun.cn/v/ac48860571,https://tx-free-imgs.acfun.cn/newUpload/50330447_79a3f269514140c29e7a85fb7c9dc94c.jpg?imageslim,AcFun,周榜,week,hotlist,,2026-09-25 11:24:45
4,是谁点的小恶魔，蕉出来～,,5289,https://www.acfun.cn/v/ac48867778,https://tx-free-imgs.acfun.cn/newUpload/17062172_6098fee67d1748e0ab5dab3b5665736c.jpg?imageslim,AcFun,周榜,week,hotlist,,2026-09-25 11:24:45
5,喜欢哪套？,,6595,https://www.acfun.cn/v/ac48861422,https://tx-free-imgs.acfun.cn/newUpload/3540234_729e0d22251f439da3735f26e58d174f.jpg?imageslim,AcFun,周榜,week,hotlist,,2026-09-25 11:24:45
6,过期JK碎碎念！,家人们记得蕉一蕉捏 啾咪,5799,https://www.acfun.cn/v/ac48859219,https://tx-free-imgs.acfun.cn/newUpload/17062172_5dd6ea8b5f2741ff87f0911db6dfb909.jpg?imageslim,AcFun,周榜,week,hotlist,,2026-09-25 11:24:45
7,人间琴悠扬，姑娘把谁记心上～,,2701,https://www.acfun.cn/v/ac48863143,https://tx-free-imgs.acfun.cn/newUpload/50330447_938d77716a11477e843914663278ff07.jpg?imageslim,AcFun,周榜,week,hotlist,,2026-09-25 11:24:45
8,开学对各省舍友的刻板印象,,4201,https://www.acfun.cn/v/ac48857410,https://tx-free-imgs.acfun.cn/newUpload/13114172_24dabc4c47ec46458d7cdfcc1cd2ee88.jpeg?imageslim,AcFun,周榜,week,hotlist,,2026-09-25 11:24:45
9,《动物迷惑行为大赏325》,喜欢请投蕉啊 谢谢啦！,2614,https://www.acfun.cn/v/ac48861293,https://tx-free-imgs.acfun.cn/newUpload/1342385_03080470038d444a95ce01ff6a6aeb9f.jpeg?imageslim,AcFun,周榜,week,hotlist,,2026-09-25 11:24:45
10,《动物游戏行为图鉴》,喜欢请投蕉啊 谢谢啦！,2754,https://www.acfun.cn/v/ac48857450,https://tx-free-imgs.acfun.cn/newUpload/1342385_485bc20a4c164df2928409b209fa9afc.jpeg?imageslim,AcFun,周榜,week,hotlist,,2026-09-25 11:24:45
11,双马尾小女仆带来的情绪摇～,,3932,https://www.acfun.cn/v/ac48861966,https://tx-free-imgs.acfun.cn/newUpload/11361784_8cee0402b4754b1e82f85b7099791793.jpg?imageslim,AcFun,周榜,week,hotlist,,2026-09-25 11:24:45
12,帮Acer问一下，地址在哪里？欢乐八点档-1779,审核大大辛苦了！<br/>免费的香蕉投一下吧，没有那就点个赞吧，这对我来说很重要，谢谢！！！<br/>谢谢每一个投蕉的帅哥美女！你们是我坚持更新的动力！<br/>视频来自快手等平台，侵权联系删除！,4418,https://www.acfun.cn/v/ac48863633,https://tx-free-imgs.acfun.cn/newUpload/2176158_ff69c3c797d5414e8056b329918cc5b6.gif?imageslim,AcFun,周榜,week,hotlist,,2026-09-25 11:24:45
13,【绘图过程】《海边》6周年纪念插图过程,6周年纪念插图挂画（预售）、沙滩巾（预售），阿宝已上架,3262,https://www.acfun.cn/v/ac48836990,https://tx-free-imgs.acfun.cn/newUpload/179922_9f95aba039e84f3594c3947b3c8fdd58.jpeg?imageslim,AcFun,周榜,week,hotlist,,2026-09-25 11:24:45
14,《野生动物迷惑行为》,喜欢请投蕉啊   谢谢啦！,2740,https://www.acfun.cn/v/ac48868360,https://tx-free-imgs.acfun.cn/newUpload/1342385_3fab348c538e4c0fa001871a708fe302.jpeg?imageslim,AcFun,周榜,week,hotlist,,2026-09-25 11:24:45
15,还是少妇会的多啊！★手机竖屏2011★,审核大大辛苦了！<br/>谢谢每一个投蕉的帅哥美女！香蕉没有来个赞也好啊！<br/>视频来自快手等平台，侵权联系删除！,5068,https://www.acfun.cn/v/ac48864360,https://tx-free-imgs.acfun.cn/newUpload/2176158_3d4f199fd93640468e543b9ee25ac4c0.gif?imageslim,AcFun,周榜,week,hotlist,,2026-09-25 11:24:45
16,漫威金刚狼深陷争议！SweetBaby又毁一款？【绅批】,这算是DEI的历史遗留问题了，所有现在已经从sweetbaby离职的人，只要参与过游戏制作也会被署名（比如桥本和真）,2782,https://www.acfun.cn/v/ac48868810,https://tx-free-imgs.acfun.cn/newUpload/526850_ca1da1572b1d494a93e2f6bab46cf76b.jpeg?imageslim,AcFun,周榜,week,hotlist,,2026-09-25 11:24:45
17,我真的是来吃饭的！★手机竖屏2013★,审核大大辛苦了！<br/>谢谢每一个投蕉的帅哥美女！香蕉没有来个赞也好啊！<br/>视频来自快手等平台，侵权联系删除！,3531,https://www.acfun.cn/v/ac48869145,https://tx-free-imgs.acfun.cn/newUpload/2176158_eb4b69370b8f435aa2b171e72403d356.gif?imageslim,AcFun,周榜,week,hotlist,,2026-09-25 11:24:45
18,钓鱼佬是真会享受！欢乐八点档-1777,审核大大辛苦了！<br/>免费的香蕉投一下吧，没有那就点个赞吧，这对我来说很重要，谢谢！！！<br/>谢谢每一个投蕉的帅哥美女！你们是我坚持更新的动力！<br/>视频来自快手等平台，侵权联系删除！,4572,https://www.acfun.cn/v/ac48858969,https://tx-free-imgs.acfun.cn/newUpload/2176158_c9d74d926c4c4d709a4b6b7769dffcca.gif?imageslim,AcFun,周榜,week,hotlist,,2026-09-25 11:24:45
19,一波还未平息一波又来侵袭！★手机竖屏2010★,审核大大辛苦了！<br/>谢谢每一个投蕉的帅哥美女！香蕉没有来个赞也好啊！<br/>视频来自快手等平台，侵权联系删除！,4723,https://www.acfun.cn/v/ac48862013,https://tx-free-imgs.acfun.cn/newUpload/2176158_c4802142afc14d50b2cd775e67890cca.gif?imageslim,AcFun,周榜,week,hotlist,,2026-09-25 11:24:45
20,网络上常见的热门短视频集锦   第三千四百三十八期,审核大大辛苦了！<br/>谢谢每一个投蕉的帅哥美女！香蕉没有来个赞也好啊！<br/>视频来自快手等平台，侵权联系删除！,4412,https://www.acfun.cn/v/ac48858394,https://tx-free-imgs.acfun.cn/newUpload/2176158_38174e72af934b9e86687045b01f0dd3.gif?imageslim,AcFun,周榜,week,hotlist,,2026-09-25 11:24:45
21,mr chu!!好怀念这首歌,,2020,https://www.acfun.cn/v/ac48869375,https://tx-free-imgs.acfun.cn/newUpload/16380981_19592eb83a88429695ee1a0508fc3df0.png?imageslim,AcFun,周榜,week,hotlist,,2026-09-25 11:24:45
22,魔兽无限服禁金团引爆社区！但原教旨主义玩家才是最抽象的？【绅批】,所谓“严厉处罚“”顶格也就是封号，会根据情况由短至长，当然能不能具体实行就是另一回事了,3073,https://www.acfun.cn/v/ac48857248,https://tx-free-imgs.acfun.cn/newUpload/526850_b63f9e2a1bd04c38ac3c61257e0b87dd.jpeg?imageslim,AcFun,周榜,week,hotlist,,2026-09-25 11:24:45
23,你们内外皆钢，而我们化身钢铁！【达奇】战锤40K故事内容,感谢下巴老师对视频内容的支持与完善,2135,https://www.acfun.cn/v/ac48856443,https://tx-free-imgs.acfun.cn/newUpload/346807_7f5f779958dd4d6986f60021118423da.jpeg?imageslim,AcFun,周榜,week,hotlist,,2026-09-25 11:24:45
24,还是少妇会啊！！！★手机竖屏2009★,审核大大辛苦了！<br/>谢谢每一个投蕉的帅哥美女！香蕉没有来个赞也好啊！<br/>视频来自快手等平台，侵权联系删除！,4847,https://www.acfun.cn/v/ac48859515,https://tx-free-imgs.acfun.cn/newUpload/2176158_d4e9e6e30f4446319f9e720adfe35ef9.gif?imageslim,AcFun,周榜,week,hotlist,,2026-09-25 11:24:45
25,【AC娘】琵琶曲,原作者：Kotte Animation<br/>还有瑕疵，看个乐吧,3084,https://www.acfun.cn/v/ac48864492,https://tx-free-imgs.acfun.cn/newUpload/41729435_02cbd995b6d54f508eb21d3cb8621903.jpeg?imageslim,AcFun,周榜,week,hotlist,,2026-09-25 11:24:45
26,25年了，回坊天花板小酥肉，还是那个味儿,记忆中的味道，回来了，都回来了……<br/>一口椒麻一口鲜，大口吃肉，配上热腾腾的米饭，绝了。<br/>素三鲜也是无敌的存在！,2503,https://www.acfun.cn/v/ac48865538,https://tx-free-imgs.acfun.cn/newUpload/13765438_9bc4a0abf32a4c1aa3e83c844de84649.jpeg?imageslim,AcFun,周榜,week,hotlist,,2026-09-25 11:24:45
27,海洋公园一定要去啊！欢乐八点档-1776,审核大大辛苦了！<br/>免费的香蕉投一下吧，没有那就点个赞吧，这对我来说很重要，谢谢！！！<br/>谢谢每一个投蕉的帅哥美女！你们是我坚持更新的动力！<br/>视频来自快手等平台，侵权联系删除！,4464,https://www.acfun.cn/v/ac48856824,https://tx-free-imgs.acfun.cn/newUpload/2176158_3406d07fb97f486893aedb108728c2ec.gif?imageslim,AcFun,周榜,week,hotlist,,2026-09-25 11:24:45
28,拳击好啊，拳击得学！欢乐八点档-1781,审核大大辛苦了！<br/>免费的香蕉投一下吧，没有那就点个赞吧，这对我来说很重要，谢谢！！！<br/>谢谢每一个投蕉的帅哥美女！你们是我坚持更新的动力！<br/>视频来自快手等平台，侵权联系删除！,3961,https://www.acfun.cn/v/ac48868336,https://tx-free-imgs.acfun.cn/newUpload/2176158_3f6c601293a54468bae97f781440217b.gif?imageslim,AcFun,周榜,week,hotlist,,2026-09-25 11:24:45
29,你的拳头真是肥嘟嘟的...,动漫：心灵的声音，作者：赵石【韩国】,2162,https://www.acfun.cn/v/ac48859870,https://tx-free-imgs.acfun.cn/newUpload/509259_2fa91d5206504450be471808d9c93a22.jpeg?imageslim,AcFun,周榜,week,hotlist,,2026-09-25 11:24:45
30,因为害怕被讨厌 所以把自己藏起来了,,2294,https://www.acfun.cn/v/ac48871331,https://tx-free-imgs.acfun.cn/newUpload/11361784_3d4bd69b46f541e184c2922c24f09276.jpg?imageslim,AcFun,周榜,week,hotlist,,2026-09-25 11:24:45
31,北京豆汁会惩罚每一个好奇的人！欢乐八点档-1780,审核大大辛苦了！<br/>免费的香蕉投一下吧，没有那就点个赞吧，这对我来说很重要，谢谢！！！<br/>谢谢每一个投蕉的帅哥美女！你们是我坚持更新的动力！<br/>视频来自快手等平台，侵权联系删除！,4370,https://www.acfun.cn/v/ac48865965,https://tx-free-imgs.acfun.cn/newUpload/2176158_ec83e6fb2ffc4005b41881ac13dbaeca.gif?imageslim,AcFun,周榜,week,hotlist,,2026-09-25 11:24:45
32,这个一字马技术含量很高啊！欢乐八点档-1778,审核大大辛苦了！<br/>免费的香蕉投一下吧，没有那就点个赞吧，这对我来说很重要，谢谢！！！<br/>谢谢每一个投蕉的帅哥美女！你们是我坚持更新的动力！<br/>视频来自快手等平台，侵权联系删除！,4338,https://www.acfun.cn/v/ac48861225,https://tx-free-imgs.acfun.cn/newUpload/2176158_0824627cb76d40dc99ce9cb12c07e4cc.gif?imageslim,AcFun,周榜,week,hotlist,,2026-09-25 11:24:45
33,网络上常见的热门短视频集锦   第三千四百四十一期,审核大大辛苦了！<br/>谢谢每一个投蕉的帅哥美女！香蕉没有来个赞也好啊！<br/>视频来自快手等平台，侵权联系删除！,4149,https://www.acfun.cn/v/ac48862019,https://tx-free-imgs.acfun.cn/newUpload/2176158_6e5a88d95f344d92a8d97a57f03ac4b9.gif?imageslim,AcFun,周榜,week,hotlist,,2026-09-25 11:24:45
34,网络上常见的热门短视频集锦   第三千四百四十五期,审核大大辛苦了！<br/>谢谢每一个投蕉的帅哥美女！香蕉没有来个赞也好啊！<br/>视频来自快手等平台，侵权联系删除！,3836,https://www.acfun.cn/v/ac48866824,https://tx-free-imgs.acfun.cn/newUpload/2176158_dba921eb42f14c7ba31a1af83bfe71ce.gif?imageslim,AcFun,周榜,week,hotlist,,2026-09-25 11:24:45
35,琵琶曲丨夜神月 VS  L,原曲：琵琶曲,2216,https://www.acfun.cn/v/ac48861693,https://tx-free-imgs.acfun.cn/newUpload/16986934_3bf4dd94910c4845acf851f7f0fdb757.jpeg?imageslim,AcFun,周榜,week,hotlist,,2026-09-25 11:24:45
36,空中瑜伽！！！★手机竖屏2012★,审核大大辛苦了！<br/>谢谢每一个投蕉的帅哥美女！香蕉没有来个赞也好啊！<br/>视频来自快手等平台，侵权联系删除！,4316,https://www.acfun.cn/v/ac48866821,https://tx-free-imgs.acfun.cn/newUpload/2176158_610807af48f5463a891fc9f341c9b16f.gif?imageslim,AcFun,周榜,week,hotlist,,2026-09-25 11:24:45
37,厨师长教你：“鱼香肉丝”的家常做法，酸甜微辣，口感丰富,,1998,https://www.acfun.cn/v/ac48867741,https://tx-free-imgs.acfun.cn/newUpload/13274260_93e68d1098d04ffca2683655a6a404c2.jpeg?imageslim,AcFun,周榜,week,hotlist,,2026-09-25 11:24:45
38,网络上常见的热门短视频集锦   第三千四百三十九期,审核大大辛苦了！<br/>谢谢每一个投蕉的帅哥美女！香蕉没有来个赞也好啊！<br/>视频来自快手等平台，侵权联系删除！,4004,https://www.acfun.cn/v/ac48859518,https://tx-free-imgs.acfun.cn/newUpload/2176158_13f61f1aa39c4732bdaeed87fe0e28a4.gif?imageslim,AcFun,周榜,week,hotlist,,2026-09-25 11:24:45
39,一天生产500万个！速冻水饺是如何制造出来的？,,2146,https://www.acfun.cn/v/ac48859253,https://tx-free-imgs.acfun.cn/newUpload/19281632_57f07fe28e24422d948491fd2d43586c.jpeg?imageslim,AcFun,周榜,week,hotlist,,2026-09-25 11:24:45
40,今天你不能嫁出去【今天有什么好笑的 #2514】,：)，谢谢大家，祝你们开心。<br/>wallpaper壁纸：Fading Astronaut 5K (update)<br/>BGM：I Want It That Way,2842,https://www.acfun.cn/v/ac48865864,https://tx-free-imgs.acfun.cn/newUpload/383079_ee4f5f7badf74f05a2ef6c691387f327.gif?imageslim,AcFun,周榜,week,hotlist,,2026-09-25 11:24:45
41,单纯的约会（92）,,1812,https://www.acfun.cn/v/ac48857199,https://tx-free-imgs.acfun.cn/newUpload/74706824_a3a60d77e6934225b168686e44216c4b.png?imageslim,AcFun,周榜,week,hotlist,,2026-09-25 11:24:45
42,这样的学姐喜欢吗？欢乐八点档-1782,审核大大辛苦了！<br/>免费的香蕉投一下吧，没有那就点个赞吧，这对我来说很重要，谢谢！！！<br/>谢谢每一个投蕉的帅哥美女！你们是我坚持更新的动力！<br/>视频来自快手等平台，侵权联系删除！,2541,https://www.acfun.cn/v/ac48870057,https://tx-free-imgs.acfun.cn/newUpload/2176158_4c1f3b60f73e451abc443941d47305d8.gif?imageslim,AcFun,周榜,week,hotlist,,2026-09-25 11:24:45
43,【东方】推特东方小视频选集 第272期,睡觉睡觉睡觉睡觉睡觉睡觉睡觉睡觉睡觉睡觉……,1376,https://www.acfun.cn/v/ac48858830,https://tx-free-imgs.acfun.cn/newUpload/6102_5a13d6efeec742ff84c512206aaeb7b0.jpeg?imageslim,AcFun,周榜,week,hotlist,,2026-09-25 11:24:45
44,甜妹来袭！,,2150,https://www.acfun.cn/v/ac48863947,https://tx-free-imgs.acfun.cn/newUpload/12439728_1fd5a3c6e60241a1a1cd8f89dbede769.png?imageslim,AcFun,周榜,week,hotlist,,2026-09-25 11:24:45
45,网络上常见的热门短视频集锦   第三千四百三十六期,审核大大辛苦了！<br/>谢谢每一个投蕉的帅哥美女！香蕉没有来个赞也好啊！<br/>视频来自快手等平台，侵权联系删除！,3945,https://www.acfun.cn/v/ac48856130,https://tx-free-imgs.acfun.cn/newUpload/2176158_4b41dc501581491e9b900fd0a1662e27.gif?imageslim,AcFun,周榜,week,hotlist,,2026-09-25 11:24:45
46,网络上常见的热门短视频集锦   第三千四百四十三期,审核大大辛苦了！<br/>谢谢每一个投蕉的帅哥美女！香蕉没有来个赞也好啊！<br/>视频来自快手等平台，侵权联系删除！,3574,https://www.acfun.cn/v/ac48864363,https://tx-free-imgs.acfun.cn/newUpload/2176158_dfef22dbf6934a15a594e5766b8680ca.gif?imageslim,AcFun,周榜,week,hotlist,,2026-09-25 11:24:45
47,嘞个就是爱情【今天有什么好笑的 #2512】,：），谢谢大家的投蕉和点赞，祝你开心愉快~<br/>wallpaper壁纸：lamp<br/>BGM：What a Feeling,2430,https://www.acfun.cn/v/ac48860992,https://tx-free-imgs.acfun.cn/newUpload/383079_172d192fee55441c96b7352f61e0a25f.gif?imageslim,AcFun,周榜,week,hotlist,,2026-09-25 11:24:45
48,网络上常见的热门短视频集锦   第三千四百三十七期,审核大大辛苦了！<br/>谢谢每一个投蕉的帅哥美女！香蕉没有来个赞也好啊！<br/>视频来自快手等平台，侵权联系删除！,3646,https://www.acfun.cn/v/ac48857544,https://tx-free-imgs.acfun.cn/newUpload/2176158_65f1d403dce7484b8d62b6f272bdbe31.gif?imageslim,AcFun,周榜,week,hotlist,,2026-09-25 11:24:45
49,网络上常见的热门短视频集锦   第三千四百四十四期,审核大大辛苦了！<br/>谢谢每一个投蕉的帅哥美女！香蕉没有来个赞也好啊！<br/>视频来自快手等平台，侵权联系删除！,3497,https://www.acfun.cn/v/ac48865021,https://tx-free-imgs.acfun.cn/newUpload/2176158_663463f1e6004dc2b4dea153d1e60c05.gif?imageslim,AcFun,周榜,week,hotlist,,2026-09-25 11:24:45
50,厨师长分享制作“宫保鸡丁”的三大要素：腌制、调味及火候,,2114,https://www.acfun.cn/v/ac48863018,https://tx-free-imgs.acfun.cn/newUpload/13274260_803e1613305b460d878594c16c1c5a87.jpeg?imageslim,AcFun,周榜,week,hotlist,,2026-09-25 11:24:45
1,因为害怕被讨厌 所以把自己藏起来了,,2382,https://www.acfun.cn/v/ac48871331,https://tx-free-imgs.acfun.cn/newUpload/11361784_3d4bd69b46f541e184c2922c24f09276.jpg?imageslim,AcFun,日榜,day,hotlist,,2026-09-25 12:26:20
2,这样的学姐喜欢吗？欢乐八点档-1782,审核大大辛苦了！<br/>免费的香蕉投一下吧，没有那就点个赞吧，这对我来说很重要，谢谢！！！<br/>谢谢每一个投蕉的帅哥美女！你们是我坚持更新的动力！<br/>视频来自快手等平台，侵权联系删除！,2692,https://www.acfun.cn/v/ac48870057,https://tx-free-imgs.acfun.cn/newUpload/2176158_4c1f3b60f73e451abc443941d47305d8.gif?imageslim,AcFun,日榜,day,hotlist,,2026-09-25 12:26:20
3,姛姛？！蝴蝶耳机Manget中文翻唱【箐羽Hane】x【缇若柯Teivoc】,“是否你确实表里如一淡然，还是说你——并不似我贪婪？”<br/>《Manget》磁石 / 蝴蝶耳机 - 中文翻唱<br/>原作作曲 / 流星P<br/>曲绘&翻唱 / 箐羽hane & 缇若柯Teivoc<br/>中文填词 / 果汁凉菜<br/>混音 / 风尘<br/>和笋笋一起唱了我们二次元姛神曲！曲绘也是我和笋笋每个人负责了自己的部分最后再拼到一起的！真好！( *^ ^)o(^ ^* )希望大家也能喜欢！,1427,https://www.acfun.cn/v/ac48869340,https://tx-free-imgs.acfun.cn/newUpload/67511609_d868cdbd6b1849e8958696cdc9db1493.jpeg?imageslim,AcFun,日榜,day,hotlist,,2026-09-25 12:26:20
4,网络上常见的热门短视频集锦   第三千四百四十八期,审核大大辛苦了！<br/>谢谢每一个投蕉的帅哥美女！香蕉没有来个赞也好啊！<br/>视频来自快手等平台，侵权联系删除！,3011,https://www.acfun.cn/v/ac48870020,https://tx-free-imgs.acfun.cn/newUpload/2176158_d65e54f4e9ee489b86b6fc28c31c84ee.gif?imageslim,AcFun,日榜,day,hotlist,,2026-09-25 12:26:20
5,老板直聘（89）,,1564,https://www.acfun.cn/v/ac48868552,https://tx-free-imgs.acfun.cn/newUpload/74706824_db2c7ba15c5d4aa18872db6b0763b7ca.jpeg?imageslim,AcFun,日榜,day,hotlist,,2026-09-25 12:26:20
6,我要冲会员【今天有什么好笑的 #2516】,：），谢谢大家的投蕉和点赞，祝你开心愉快~<br/>wallpaper壁纸：Reze | Chainsaw Man<br/>BGM：Nicoleta Matei - Love mail<br/>,2109,https://www.acfun.cn/v/ac48870763,https://tx-free-imgs.acfun.cn/newUpload/383079_47b0fc3f458042f5bd3717967e55c598.gif?imageslim,AcFun,日榜,day,hotlist,,2026-09-25 12:26:20
7,网络上常见的热门短视频集锦   第三千四百四十七期,审核大大辛苦了！<br/>谢谢每一个投蕉的帅哥美女！香蕉没有来个赞也好啊！<br/>视频来自快手等平台，侵权联系删除！,2920,https://www.acfun.cn/v/ac48869149,https://tx-free-imgs.acfun.cn/newUpload/2176158_fdf9afe2e00a4a1aa62415c846776eaf.gif?imageslim,AcFun,日榜,day,hotlist,,2026-09-25 12:26:20
8,发个friend圈,,1450,https://www.acfun.cn/v/ac48863958,https://tx-free-imgs.acfun.cn/newUpload/12439728_b44cb67ae45a4c179b08227368f4159c.png?imageslim,AcFun,日榜,day,hotlist,,2026-09-25 12:26:20
9,奥迪“宫斗”十年大结局？一汽拿四环，上汽拿AUDI,一汽奥迪和上汽奥迪“宫斗”了十年，终于要划下句号了？,1507,https://www.acfun.cn/v/ac48870981,https://tx-free-imgs.acfun.cn/newUpload/13630266_3fde785be5a2411495618f67d01ab66a.jpeg?imageslim,AcFun,日榜,day,hotlist,,2026-09-25 12:26:20
10,沦陷️,歌曲舞蹈：沦陷dj版-星奇摇   动作有改编,1460,https://www.acfun.cn/v/ac48869381,https://tx-free-imgs.acfun.cn/newUpload/12229455_aacf9da97a0940ad8e5f0b509d9cc159.jpeg?imageslim,AcFun,日榜,day,hotlist,,2026-09-25 12:26:20
11,在英国差点被上门诈骗,可能看到我一人在家，就大胆敲门了，还好平常也会注意周边邻居，没发生什么事儿，这个金额就算被骗也不会报警，以后还是要小心一些了。#英国日常#vlog,1390,https://www.acfun.cn/v/ac48869505,https://tx-free-imgs.acfun.cn/newUpload/43181603_1c8c6c487a864d098b5e7e7bf2a12c6a.jpg?imageslim,AcFun,日榜,day,hotlist,,2026-09-25 12:26:20
12,【东方】QUEEN【蕾米莉亚 Miy Ver. MMD】,作者：やくも<br/><br/>楽曲:Kanaria 様→https://www.nicovideo.jp/watch/sm4088...<br/>振付:AKIRA様<br/>モーション:P-nez 様→https://www.nicovideo.jp/watch/sm4350...<br/>カメラ:Mizuha様→https://www.nicovideo.jp/watch/sm4353...<br/>モデル:MIy様<br/>ステージ:栗ごはん様<br/>アクセサリ:アスカ様,1119,https://www.acfun.cn/v/ac48870080,https://tx-free-imgs.acfun.cn/newUpload/6102_6a4dce20c9b74fa0bbdff3ccc0a73c5d.png?imageslim,AcFun,日榜,day,hotlist,,2026-09-25 12:26:20
13,这套皮肤真的很喜欢,,1220,https://www.acfun.cn/v/ac48871657,https://tx-free-imgs.acfun.cn/newUpload/16380981_ac9640e59a3a42e093fcee0a0b81d474.jpg?imageslim,AcFun,日榜,day,hotlist,,2026-09-25 12:26:20
14,【AI】今晚的期待,Comfyui,1362,https://www.acfun.cn/v/ac48870865,https://tx-free-imgs.acfun.cn/newUpload/14047168_02bac6c1158f4e108536124c7239e472.jpeg?imageslim,AcFun,日榜,day,hotlist,,2026-09-25 12:26:20
15,"长手打短手？2万分王者局！快速看完一局韩服王者斗殴局#836 十三day, Eclipse,","长手打短手？2万分王者局！快速看完一局韩服王者斗殴局#836 十三day, Eclipse, 0909, Lelitz, 1Jiang <br/>BGM:https://music.163.com/playlist?id=650818240&userid=30476594",1368,https://www.acfun.cn/v/ac48863751,https://tx-free-imgs.acfun.cn/newUpload/1378726_792b017ff72e4ed49b05fe8e1e24f6e4.jpeg?imageslim,AcFun,日榜,day,hotlist,,2026-09-25 12:26:20
16,拜托了，夫人！★手机竖屏2014★,审核大大辛苦了！<br/>谢谢每一个投蕉的帅哥美女！香蕉没有来个赞也好啊！<br/>视频来自快手等平台，侵权联系删除！,1213,https://www.acfun.cn/v/ac48871493,https://tx-free-imgs.acfun.cn/newUpload/2176158_afaf0913878443b1bc00d636136ffce3.gif?imageslim,AcFun,日榜,day,hotlist,,2026-09-25 12:26:20
17,坚持跳舞8年改变了什么？《千里邀月》2018vs2026【紫嘉儿】,中秋快乐！没想到8年前的编舞每年这个时候都有很多翻跳，一起用舞蹈记录下美好时光吧！,1228,https://www.acfun.cn/v/ac48870585,https://tx-free-imgs.acfun.cn/newUpload/1161851_851c52555ace464f98231f30a167eedd.png?imageslim,AcFun,日榜,day,hotlist,,2026-09-25 12:26:20
18,少女机甲+空投轰炸？是什么神仙组合？,到底是一款什么样的机甲游戏，上线快3年还保持着特别好评？虽然是机甲美少女的设定，但是操作的是厚重质感的硬核机甲，这种硬核操作的感觉让人越玩越上头，今天来跟大家聊聊这款游戏《铁骑少女》。<br/>最近我一直期待的第三个DLC金盏花也是要上线了，这次DLC的核心新玩法，就是机甲“搜打撤”的模式。和本体死守基地的玩法不一样，这次整体的游玩思路都变了~,1177,https://www.acfun.cn/v/ac48871337,https://tx-free-imgs.acfun.cn/newUpload/61352468_77bf0ab03cd34fefa1d5530aca003edb.jpeg?imageslim,AcFun,日榜,day,hotlist,,2026-09-25 12:26:20
19,【AI】小妈裙~chocolate cream,Comfyui,1363,https://www.acfun.cn/v/ac48870861,https://tx-free-imgs.acfun.cn/newUpload/14047168_efd2bae7c6184b3b89e82abfaadf0fb3.jpeg?imageslim,AcFun,日榜,day,hotlist,,2026-09-25 12:26:20
20,好像只能礼貌的问候~,,1192,https://www.acfun.cn/v/ac48871365,https://tx-free-imgs.acfun.cn/newUpload/43459034_4572f98756df48b0bc9c323cdc49a8d2.jpg?imageslim,AcFun,日榜,day,hotlist,,2026-09-25 12:26:20
21,【绝望女神/翻唱】【星际牛仔ED The Real Folk Blues】,想听啥情继续评论回复~,1003,https://www.acfun.cn/v/ac48871323,https://tx-free-imgs.acfun.cn/newUpload/20705199_0be8deafcbb34bdb9f17523c5bc95087.jpeg?imageslim,AcFun,日榜,day,hotlist,,2026-09-25 12:26:20
22,吃！给我吃！【鬼ノ宴翻唱】,,1082,https://www.acfun.cn/v/ac48871186,https://tx-free-imgs.acfun.cn/newUpload/10144864_ee78f4d0678d414f9ce18c29231cf17a.jpeg?imageslim,AcFun,日榜,day,hotlist,,2026-09-25 12:26:20
23,【黒碳】ライトダンス - サカナクション【生日作】【翻唱】,本家:サカナクション ; 翻唱: 黒碳Kurotan; 后期: 黒碳Kurotan; 曲绘: 黒碳Kurotan; PV: 黒碳Kurotan以及十分牛杯的網站：https://pv.pixjam.cn/ 背景是用這個做的!! 狠狠趕工終於做完了 好感動,1105,https://www.acfun.cn/v/ac48869560,https://tx-free-imgs.acfun.cn/newUpload/13707663_f611642aa87b4dab9a8d8a6beb7ace77.jpeg?imageslim,AcFun,日榜,day,hotlist,,2026-09-25 12:26:20
24,记录2023年6月份在台上开心的表演lamb的我,,1186,https://www.acfun.cn/v/ac48871344,https://tx-free-imgs.acfun.cn/newUpload/16380981_00755d93042647bcb6f29a19da53e590.png?imageslim,AcFun,日榜,day,hotlist,,2026-09-25 12:26:20
25,【颜音】中秋歌回~祝大家节日快乐,皓月凌空，桂香满庭。<br/>愿今夜歌声暖心，祝各位中秋快乐，阖家美满！,1099,https://www.acfun.cn/v/ac48872065,https://tx-free-imgs.acfun.cn/newUpload/4425861_3dab8cdf19a74bf6accbdcd688cd9b6a.jpeg?imageslim,AcFun,日榜,day,hotlist,,2026-09-25 12:26:20
26,【翻唱】鬼ノ宴,本家様<br/>友成空様<br/>【鬼ノ宴】<br/>•友成空(TOMONARI SORA) -   鬼ノ宴   ［Lyric Video］<br/>https://www.youtube.com/watch?v=NFzyrPK9rtM,1048,https://www.acfun.cn/v/ac48871180,https://tx-free-imgs.acfun.cn/newUpload/10144864_a75eddb97ea048b59fef6aaea5d4478f.jpeg?imageslim,AcFun,日榜,day,hotlist,,2026-09-25 12:26:20
27,下班后跳一段恋爱的条件～,,1084,https://www.acfun.cn/v/ac48871308,https://tx-free-imgs.acfun.cn/newUpload/43459034_9aa96c2a93884a3891b73b05298d8521.jpg?imageslim,AcFun,日榜,day,hotlist,,2026-09-25 12:26:20
28,T-ARA So Crazy,,1452,https://www.acfun.cn/v/ac48869387,https://tx-free-imgs.acfun.cn/newUpload/795184_e0ad411d1b844c569dc376c0b45f763c.jpeg?imageslim,AcFun,日榜,day,hotlist,,2026-09-25 12:26:20
29,BR66型蒸汽机车 trix越来越垃圾了！尤其是垃圾会员车，一个比一个烂！这一次终于拉了一坨更大的！,,858,https://www.acfun.cn/v/ac48871197,https://tx-free-imgs.acfun.cn/newUpload/66128753_8563c2ab24aa4a2289e52500bc42f1f1.png?imageslim,AcFun,日榜,day,hotlist,,2026-09-25 12:26:20
30,卓哥儿那可是专业杰哥，人群之中七进七出不成问题！,自定义也发？,1251,https://www.acfun.cn/v/ac48871816,https://tx-free-imgs.acfun.cn/newUpload/581357_d49b41a0e554440db6952de719b3f832.jpeg?imageslim,AcFun,日榜,day,hotlist,,2026-09-25 12:26:20
31,绿梦：时空之声公测定档！公测版本全面优化！,绿梦：时空之声公测定档！公测版本全面优化！,1245,https://www.acfun.cn/v/ac48871268,https://tx-free-imgs.acfun.cn/newUpload/63104383_33b9de6d951a4ca0b5a7b9dfc2fc748e.gif?imageslim,AcFun,日榜,day,hotlist,,2026-09-25 12:26:20
32,【AI】山间竹林仙子,Comfyui,1111,https://www.acfun.cn/v/ac48870853,https://tx-free-imgs.acfun.cn/newUpload/14047168_20afdd6955bd44a9a04b0629aecb5ad1.jpeg?imageslim,AcFun,日榜,day,hotlist,,2026-09-25 12:26:20
33,22.称霸水下四亿年，人类最古老的远房祖先：硬骨鱼总纲,22.称霸水下四亿年，人类最古老的远房祖先：硬骨鱼总纲,1042,https://www.acfun.cn/v/ac48871354,https://tx-free-imgs.acfun.cn/newUpload/28933912_40dcb39f039045868ae364582e4a1797.jpeg?imageslim,AcFun,日榜,day,hotlist,,2026-09-25 12:26:20
34,【牛子组合】凉凉,世事一场大梦，人生几度秋凉，祝大家26年中秋快乐,1046,https://www.acfun.cn/v/ac48870493,https://tx-free-imgs.acfun.cn/newUpload/358616_22f2cb85fdca497ab5cd556c984493d6.png?imageslim,AcFun,日榜,day,hotlist,,2026-09-25 12:26:20
35,如果是机器人女友，怎么哄男朋友呢？！,,1187,https://www.acfun.cn/v/ac48870116,https://tx-free-imgs.acfun.cn/newUpload/17928_330fc95b89c04eda831570be0a48cb0e.png?imageslim,AcFun,日榜,day,hotlist,,2026-09-25 12:26:20
36,这新番要不是霸权！我家狗都不信啊！十月最无悬念的提前吹爆！,这新番要不是霸权！我家狗都不信啊！十月最无悬念的提前吹爆！,1053,https://www.acfun.cn/v/ac48871615,https://tx-free-imgs.acfun.cn/newUpload/13467496_654fcc0446324342b35eef2b72d45df4.jpeg?imageslim,AcFun,日榜,day,hotlist,,2026-09-25 12:26:20
37,另一版,之前还拍了一版，但是感觉镜头太晃了,729,https://www.acfun.cn/v/ac48871588,https://tx-free-imgs.acfun.cn/newUpload/12954767_f420f9f6197c43d4bb14421c32d81bbb.png?imageslim,AcFun,日榜,day,hotlist,,2026-09-25 12:26:20
38,上线才半年，腾讯养的“龙虾”QClaw，官宣停运了！,,1165,https://www.acfun.cn/v/ac48871074,https://tx-free-imgs.acfun.cn/newUpload/17928_22da7d70ed6749f690e735b0f098a800.png?imageslim,AcFun,日榜,day,hotlist,,2026-09-25 12:26:20
39,T-ara Bo Peep Bo Peep,,1132,https://www.acfun.cn/v/ac48869397,https://tx-free-imgs.acfun.cn/newUpload/795184_1876bec3bc5d43d6b42da8060c06a34a.jpeg?imageslim,AcFun,日榜,day,hotlist,,2026-09-25 12:26:20
40,小兔-20260923 abracadabra 上下 恋爱的条件 成人礼 晚安吻,,1088,https://www.acfun.cn/v/ac48870476,https://tx-free-imgs.acfun.cn/newUpload/78055394_4dcf7a6688cb4a1994bd96389cc84b38.jpeg?imageslim,AcFun,日榜,day,hotlist,,2026-09-25 12:26:20
41,社畜身份不是你精致生活的角色扮演,,838,https://www.acfun.cn/v/ac48871467,https://tx-free-imgs.acfun.cn/newUpload/14013875_ec82a37907ff4565a6f6f6d916bd7117.png?imageslim,AcFun,日榜,day,hotlist,,2026-09-25 12:26:20
42,“狐蝠”亡命天涯半世纪,,1210,https://www.acfun.cn/v/ac48871667,https://tx-free-imgs.acfun.cn/newUpload/3592774_514c8455f636400c949adc88c25d0e83.jpeg?imageslim,AcFun,日榜,day,hotlist,,2026-09-25 12:26:20
43,白井黑子·佐天泪子 中秋月色双人手势舞【AI动画/超清】,本人本地部署的AI生成图片视频模型制作，硬件英伟达显卡RTX5070TI 16G+96G DDR5 6000内存，花费2小时合成.<br/>这次引入新的二次元动漫人物模型，二次元脸部质量效果会更好些，同时步数可以适当降低，降本增效。引入后期处理工具修复强化背景<br/><br/>人物：佐天泪子 白井黑子<br/>舞蹈技术与BGM：网红手势舞<br/>场景：中秋月色,575,https://www.acfun.cn/v/ac48871101,https://tx-free-imgs.acfun.cn/newUpload/46764084_397c08849b344139b09a46fb71f814b3.png?imageslim,AcFun,日榜,day,hotlist,,2026-09-25 12:26:20
44,飒！BABYMONSTER CHIQUITA小姐姐跳《Worth It》,-v -好不好看呢,1091,https://www.acfun.cn/v/ac48870427,https://tx-free-imgs.acfun.cn/newUpload/199029_44d3343f2e3742c780253ef0f9df1a6b.png?imageslim,AcFun,日榜,day,hotlist,,2026-09-25 12:26:20
45,桢-20260923 abracadabra,,1072,https://www.acfun.cn/v/ac48870552,https://tx-free-imgs.acfun.cn/newUpload/78055394_f7c161e6bccd480f9b8a372dd55c3678.jpeg?imageslim,AcFun,日榜,day,hotlist,,2026-09-25 12:26:20
46,绝顶性感黑丝【DazzlingRed】舞蹈翻跳,,1093,https://www.acfun.cn/v/ac48871722,https://tx-free-imgs.acfun.cn/newUpload/28629507_651036189fde4ffabea2957b7a006984.png?imageslim,AcFun,日榜,day,hotlist,,2026-09-25 12:26:20
47,塞巴斯蒂安·埃尔南德斯 vs 亀田京之介,塞巴斯蒂安·埃尔南德斯 vs 亀田京之介,955,https://www.acfun.cn/v/ac48871133,https://tx-free-imgs.acfun.cn/newUpload/61107438_67e40508d9a74840841c26da02695801.png?imageslim,AcFun,日榜,day,hotlist,,2026-09-25 12:26:20
48,【锅锅x怀瑜x阔落】千里邀月——共饮此杯赏此月，夜好眠,中秋到了，和姐妹们合唱了千里邀月~~<br/>乐：可乐祝大家身体健康，永不加班，月圆人团圆<br/>鱼：怀瑜愿诸位财源广进，常能摸鱼，花好月更圆<br/>锅：锅锅祝大家桂香满锅，早归赏月，饼甜心更甜<br/>祝大家中秋快乐~,513,https://www.acfun.cn/v/ac48871580,https://tx-free-imgs.acfun.cn/newUpload/67206930_e47be8dbac2546e1b5a4a831e71dabe4.jpeg?imageslim,AcFun,日榜,day,hotlist,,2026-09-25 12:26:20
49,艺术欣赏,,1096,https://www.acfun.cn/v/ac48871987,https://tx-free-imgs.acfun.cn/newUpload/2742252_cb96fa8c85b847afb6618ecf730b5f70.jpg?imageslim,AcFun,日榜,day,hotlist,,2026-09-25 12:26:20
50,동그란 안경으로 귀여운 매력 보여주는 지호,동그란 안경으로 귀여운 매력 보여주는 지호 | Beige Top & Glasses | Ji Ho,661,https://www.acfun.cn/v/ac48870864,https://tx-free-imgs.acfun.cn/newUpload/43172481_558625b6a90d469aabe28a39ba33fded.jpeg?imageslim,AcFun,日榜,day,hotlist,,2026-09-25 12:26:20
1,是谁点的小恶魔，蕉出来～,,5420,https://www.acfun.cn/v/ac48867778,https://tx-free-imgs.acfun.cn/newUpload/17062172_6098fee67d1748e0ab5dab3b5665736c.jpg?imageslim,AcFun,三日榜,three-days,hotlist,,2026-09-25 12:26:20
2,《野生动物迷惑行为》,喜欢请投蕉啊   谢谢啦！,2755,https://www.acfun.cn/v/ac48868360,https://tx-free-imgs.acfun.cn/newUpload/1342385_3fab348c538e4c0fa001871a708fe302.jpeg?imageslim,AcFun,三日榜,three-days,hotlist,,2026-09-25 12:26:20
3,漫威金刚狼深陷争议！SweetBaby又毁一款？【绅批】,这算是DEI的历史遗留问题了，所有现在已经从sweetbaby离职的人，只要参与过游戏制作也会被署名（比如桥本和真）,2786,https://www.acfun.cn/v/ac48868810,https://tx-free-imgs.acfun.cn/newUpload/526850_ca1da1572b1d494a93e2f6bab46cf76b.jpeg?imageslim,AcFun,三日榜,three-days,hotlist,,2026-09-25 12:26:20
4,我真的是来吃饭的！★手机竖屏2013★,审核大大辛苦了！<br/>谢谢每一个投蕉的帅哥美女！香蕉没有来个赞也好啊！<br/>视频来自快手等平台，侵权联系删除！,3569,https://www.acfun.cn/v/ac48869145,https://tx-free-imgs.acfun.cn/newUpload/2176158_eb4b69370b8f435aa2b171e72403d356.gif?imageslim,AcFun,三日榜,three-days,hotlist,,2026-09-25 12:26:20
5,mr chu!!好怀念这首歌,,2023,https://www.acfun.cn/v/ac48869375,https://tx-free-imgs.acfun.cn/newUpload/16380981_19592eb83a88429695ee1a0508fc3df0.png?imageslim,AcFun,三日榜,three-days,hotlist,,2026-09-25 12:26:20
6,25年了，回坊天花板小酥肉，还是那个味儿,记忆中的味道，回来了，都回来了……<br/>一口椒麻一口鲜，大口吃肉，配上热腾腾的米饭，绝了。<br/>素三鲜也是无敌的存在！,2507,https://www.acfun.cn/v/ac48865538,https://tx-free-imgs.acfun.cn/newUpload/13765438_9bc4a0abf32a4c1aa3e83c844de84649.jpeg?imageslim,AcFun,三日榜,three-days,hotlist,,2026-09-25 12:26:20
7,因为害怕被讨厌 所以把自己藏起来了,,2382,https://www.acfun.cn/v/ac48871331,https://tx-free-imgs.acfun.cn/newUpload/11361784_3d4bd69b46f541e184c2922c24f09276.jpg?imageslim,AcFun,三日榜,three-days,hotlist,,2026-09-25 12:26:20
8,拳击好啊，拳击得学！欢乐八点档-1781,审核大大辛苦了！<br/>免费的香蕉投一下吧，没有那就点个赞吧，这对我来说很重要，谢谢！！！<br/>谢谢每一个投蕉的帅哥美女！你们是我坚持更新的动力！<br/>视频来自快手等平台，侵权联系删除！,3983,https://www.acfun.cn/v/ac48868336,https://tx-free-imgs.acfun.cn/newUpload/2176158_3f6c601293a54468bae97f781440217b.gif?imageslim,AcFun,三日榜,three-days,hotlist,,2026-09-25 12:26:20
9,北京豆汁会惩罚每一个好奇的人！欢乐八点档-1780,审核大大辛苦了！<br/>免费的香蕉投一下吧，没有那就点个赞吧，这对我来说很重要，谢谢！！！<br/>谢谢每一个投蕉的帅哥美女！你们是我坚持更新的动力！<br/>视频来自快手等平台，侵权联系删除！,4382,https://www.acfun.cn/v/ac48865965,https://tx-free-imgs.acfun.cn/newUpload/2176158_ec83e6fb2ffc4005b41881ac13dbaeca.gif?imageslim,AcFun,三日榜,three-days,hotlist,,2026-09-25 12:26:20
10,网络上常见的热门短视频集锦   第三千四百四十五期,审核大大辛苦了！<br/>谢谢每一个投蕉的帅哥美女！香蕉没有来个赞也好啊！<br/>视频来自快手等平台，侵权联系删除！,3842,https://www.acfun.cn/v/ac48866824,https://tx-free-imgs.acfun.cn/newUpload/2176158_dba921eb42f14c7ba31a1af83bfe71ce.gif?imageslim,AcFun,三日榜,three-days,hotlist,,2026-09-25 12:26:20
11,空中瑜伽！！！★手机竖屏2012★,审核大大辛苦了！<br/>谢谢每一个投蕉的帅哥美女！香蕉没有来个赞也好啊！<br/>视频来自快手等平台，侵权联系删除！,4324,https://www.acfun.cn/v/ac48866821,https://tx-free-imgs.acfun.cn/newUpload/2176158_610807af48f5463a891fc9f341c9b16f.gif?imageslim,AcFun,三日榜,three-days,hotlist,,2026-09-25 12:26:20
12,厨师长教你：“鱼香肉丝”的家常做法，酸甜微辣，口感丰富,,2000,https://www.acfun.cn/v/ac48867741,https://tx-free-imgs.acfun.cn/newUpload/13274260_93e68d1098d04ffca2683655a6a404c2.jpeg?imageslim,AcFun,三日榜,three-days,hotlist,,2026-09-25 12:26:20
13,这样的学姐喜欢吗？欢乐八点档-1782,审核大大辛苦了！<br/>免费的香蕉投一下吧，没有那就点个赞吧，这对我来说很重要，谢谢！！！<br/>谢谢每一个投蕉的帅哥美女！你们是我坚持更新的动力！<br/>视频来自快手等平台，侵权联系删除！,2692,https://www.acfun.cn/v/ac48870057,https://tx-free-imgs.acfun.cn/newUpload/2176158_4c1f3b60f73e451abc443941d47305d8.gif?imageslim,AcFun,三日榜,three-days,hotlist,,2026-09-25 12:26:20
14,今天你不能嫁出去【今天有什么好笑的 #2514】,：)，谢谢大家，祝你们开心。<br/>wallpaper壁纸：Fading Astronaut 5K (update)<br/>BGM：I Want It That Way,2847,https://www.acfun.cn/v/ac48865864,https://tx-free-imgs.acfun.cn/newUpload/383079_ee4f5f7badf74f05a2ef6c691387f327.gif?imageslim,AcFun,三日榜,three-days,hotlist,,2026-09-25 12:26:20
15,网络上常见的热门短视频集锦   第三千四百四十三期,审核大大辛苦了！<br/>谢谢每一个投蕉的帅哥美女！香蕉没有来个赞也好啊！<br/>视频来自快手等平台，侵权联系删除！,3577,https://www.acfun.cn/v/ac48864363,https://tx-free-imgs.acfun.cn/newUpload/2176158_dfef22dbf6934a15a594e5766b8680ca.gif?imageslim,AcFun,三日榜,three-days,hotlist,,2026-09-25 12:26:20
16,网络上常见的热门短视频集锦   第三千四百四十四期,审核大大辛苦了！<br/>谢谢每一个投蕉的帅哥美女！香蕉没有来个赞也好啊！<br/>视频来自快手等平台，侵权联系删除！,3497,https://www.acfun.cn/v/ac48865021,https://tx-free-imgs.acfun.cn/newUpload/2176158_663463f1e6004dc2b4dea153d1e60c05.gif?imageslim,AcFun,三日榜,three-days,hotlist,,2026-09-25 12:26:20
17,嘴角压不住了【今天有什么好笑的 #2515】,：），谢谢大家的投蕉和点赞，祝你开心愉快~<br/>wallpaper壁纸：Genshin 神里绫华<br/>BGM：Wake me up when september ends,2351,https://www.acfun.cn/v/ac48868130,https://tx-free-imgs.acfun.cn/newUpload/383079_ef65121591434d2b86d53db1622776cd.gif?imageslim,AcFun,三日榜,three-days,hotlist,,2026-09-25 12:26:20
18,粉丝让我录的，不理解但照做！！！,怪哦~,1983,https://www.acfun.cn/v/ac48866011,https://tx-free-imgs.acfun.cn/newUpload/210705_6db288d8849d4e408bbee41ce9116989.jpeg?imageslim,AcFun,三日榜,three-days,hotlist,,2026-09-25 12:26:20
19,姛姛？！蝴蝶耳机Manget中文翻唱【箐羽Hane】x【缇若柯Teivoc】,“是否你确实表里如一淡然，还是说你——并不似我贪婪？”<br/>《Manget》磁石 / 蝴蝶耳机 - 中文翻唱<br/>原作作曲 / 流星P<br/>曲绘&翻唱 / 箐羽hane & 缇若柯Teivoc<br/>中文填词 / 果汁凉菜<br/>混音 / 风尘<br/>和笋笋一起唱了我们二次元姛神曲！曲绘也是我和笋笋每个人负责了自己的部分最后再拼到一起的！真好！( *^ ^)o(^ ^* )希望大家也能喜欢！,1427,https://www.acfun.cn/v/ac48869340,https://tx-free-imgs.acfun.cn/newUpload/67511609_d868cdbd6b1849e8958696cdc9db1493.jpeg?imageslim,AcFun,三日榜,three-days,hotlist,,2026-09-25 12:26:20
20,网络上常见的热门短视频集锦   第三千四百四十六期,审核大大辛苦了！<br/>谢谢每一个投蕉的帅哥美女！香蕉没有来个赞也好啊！<br/>视频来自快手等平台，侵权联系删除！,3571,https://www.acfun.cn/v/ac48867732,https://tx-free-imgs.acfun.cn/newUpload/2176158_2ec1d99da19a48e0a8e4ff2a2447e612.gif?imageslim,AcFun,三日榜,three-days,hotlist,,2026-09-25 12:26:20
21,双手合十萨瓦迪卡！,,1787,https://www.acfun.cn/v/ac48863951,https://tx-free-imgs.acfun.cn/newUpload/12439728_638a29114abf4b0bafda38c61f497df1.png?imageslim,AcFun,三日榜,three-days,hotlist,,2026-09-25 12:26:20
22,昆汀力荐！这部复仇老片，竟是杀死比尔的人物原型来源,,1641,https://www.acfun.cn/v/ac48865483,https://tx-free-imgs.acfun.cn/newUpload/8042365_d9ae5a725d8848abb4b488acbf483611.jpeg?imageslim,AcFun,三日榜,three-days,hotlist,,2026-09-25 12:26:20
23,现在电脑不好卖了，以后我们出租AI机器人吧,,1755,https://www.acfun.cn/v/ac48867767,https://tx-free-imgs.acfun.cn/newUpload/17928_c684f06231604145b533a0f00627c624.png?imageslim,AcFun,三日榜,three-days,hotlist,,2026-09-25 12:26:20
24,网络上常见的热门短视频集锦   第三千四百四十八期,审核大大辛苦了！<br/>谢谢每一个投蕉的帅哥美女！香蕉没有来个赞也好啊！<br/>视频来自快手等平台，侵权联系删除！,3011,https://www.acfun.cn/v/ac48870020,https://tx-free-imgs.acfun.cn/newUpload/2176158_d65e54f4e9ee489b86b6fc28c31c84ee.gif?imageslim,AcFun,三日榜,three-days,hotlist,,2026-09-25 12:26:20
25,交通事故20260923：交通车祸实例，提高安全驾驶意识,,1396,https://www.acfun.cn/v/ac48868861,https://tx-free-imgs.acfun.cn/newUpload/76871961_edea5de6659a4cd2b733a74989043440.jpg?imageslim,AcFun,三日榜,three-days,hotlist,,2026-09-25 12:26:20
26,人鱼的眼泪,歌曲舞蹈：爱乐之城-人鱼的眼泪,1522,https://www.acfun.cn/v/ac48867050,https://tx-free-imgs.acfun.cn/newUpload/12229455_130b1f041e6741dab4f6295ee27d927e.jpeg?imageslim,AcFun,三日榜,three-days,hotlist,,2026-09-25 12:26:20
27,网络上常见的热门短视频集锦   第三千四百四十七期,审核大大辛苦了！<br/>谢谢每一个投蕉的帅哥美女！香蕉没有来个赞也好啊！<br/>视频来自快手等平台，侵权联系删除！,2920,https://www.acfun.cn/v/ac48869149,https://tx-free-imgs.acfun.cn/newUpload/2176158_fdf9afe2e00a4a1aa62415c846776eaf.gif?imageslim,AcFun,三日榜,three-days,hotlist,,2026-09-25 12:26:20
28,老板直聘（89）,,1564,https://www.acfun.cn/v/ac48868552,https://tx-free-imgs.acfun.cn/newUpload/74706824_db2c7ba15c5d4aa18872db6b0763b7ca.jpeg?imageslim,AcFun,三日榜,three-days,hotlist,,2026-09-25 12:26:20
29,常州新开巴西烤肉自助，100块钱值得吗？,这是我目前为止，去过的第二家巴西烤肉自助，团购优惠的情况下，花了94元。正常价格在95~110不等<br/><br/>简单带大家看下菜品，除了取餐台这么些，各种牛肉制品、大串烧烤都是循环上桌，大家觉得这么些菜式花样，100块钱左右你们觉得贵还是便宜啊，觉得贵的扣1，觉得便宜的扣2,1799,https://www.acfun.cn/v/ac48868891,https://tx-free-imgs.acfun.cn/newUpload/2046675_bf3a59ddff624646850829452262094e.jpeg?imageslim,AcFun,三日榜,three-days,hotlist,,2026-09-25 12:26:20
30,Summertime,歌曲：summer time<br/>动作参考：紫嘉儿<br/>原版编舞：（Millennium红房子_BON）<br/>参考编舞：(GFRIEND《Sunny Summer）,1728,https://www.acfun.cn/v/ac48864563,https://tx-free-imgs.acfun.cn/newUpload/12229455_1a8e22f51f3e4effa32c00abb4fd05af.jpeg?imageslim,AcFun,三日榜,three-days,hotlist,,2026-09-25 12:26:20
31,原创编舞《千层套路》的定机位竖屏来啦！,,1594,https://www.acfun.cn/v/ac48869245,https://tx-free-imgs.acfun.cn/newUpload/16380981_24bafd11c027499d9fe6820162faa782.png?imageslim,AcFun,三日榜,three-days,hotlist,,2026-09-25 12:26:20
32,北京的最北端在黑龙江？？？国内飞地是怎么形成的？,这份中国地图，是你从未看过的船新版本，放大几倍就会发现，在大家熟悉的各个省份中，还藏着一堆 “你中有我、我中有你” 的飞地。,1768,https://www.acfun.cn/v/ac48867896,https://tx-free-imgs.acfun.cn/newUpload/13630266_cc2428a99a42453f99c9e1306e7a43bb.jpeg?imageslim,AcFun,三日榜,three-days,hotlist,,2026-09-25 12:26:20
33,我要冲会员【今天有什么好笑的 #2516】,：），谢谢大家的投蕉和点赞，祝你开心愉快~<br/>wallpaper壁纸：Reze | Chainsaw Man<br/>BGM：Nicoleta Matei - Love mail<br/>,2109,https://www.acfun.cn/v/ac48870763,https://tx-free-imgs.acfun.cn/newUpload/383079_47b0fc3f458042f5bd3717967e55c598.gif?imageslim,AcFun,三日榜,three-days,hotlist,,2026-09-25 12:26:20
34,我要辞职了！,,1653,https://www.acfun.cn/v/ac48863957,https://tx-free-imgs.acfun.cn/newUpload/12439728_7c57a0735675474590bf7b25e1a34527.png?imageslim,AcFun,三日榜,three-days,hotlist,,2026-09-25 12:26:20
35,发个friend圈,,1450,https://www.acfun.cn/v/ac48863958,https://tx-free-imgs.acfun.cn/newUpload/12439728_b44cb67ae45a4c179b08227368f4159c.png?imageslim,AcFun,三日榜,three-days,hotlist,,2026-09-25 12:26:20
36,捏捏已经已进化到可以吃的地步啦？,,1609,https://www.acfun.cn/v/ac48868638,https://tx-free-imgs.acfun.cn/newUpload/6177430_486c910212d548c991eeb140f146a6ed.jpeg?imageslim,AcFun,三日榜,three-days,hotlist,,2026-09-25 12:26:20
37,我终于瘦到120斤以下了！,,1640,https://www.acfun.cn/v/ac48867016,https://tx-free-imgs.acfun.cn/newUpload/16380981_906db098cf5d4eaca57bde52b0ae8bf2.jpg?imageslim,AcFun,三日榜,three-days,hotlist,,2026-09-25 12:26:20
38,《奶凶奶凶的漫威金刚狼！》,游戏名：《漫威金刚狼》- Marvel s Wolverine<br/>直播玩了15小时左右一周目通关啦~(*^▽^*)开心，这期是切片呦~,1821,https://www.acfun.cn/v/ac48866669,https://tx-free-imgs.acfun.cn/newUpload/61352468_cb62bfe2e19c4f35804259fac7f8c226.jpeg?imageslim,AcFun,三日榜,three-days,hotlist,,2026-09-25 12:26:20
39,沦陷️,歌曲舞蹈：沦陷dj版-星奇摇   动作有改编,1460,https://www.acfun.cn/v/ac48869381,https://tx-free-imgs.acfun.cn/newUpload/12229455_aacf9da97a0940ad8e5f0b509d9cc159.jpeg?imageslim,AcFun,三日榜,three-days,hotlist,,2026-09-25 12:26:20
40,嘉蒂丝模型曝光！很大！策划团队产能恢复？,明天新角色就要上了，技系直接立于天上。,1828,https://www.acfun.cn/v/ac48866809,https://tx-free-imgs.acfun.cn/newUpload/247671_ee6def92d94a4ab1b770fa166f4de4b7.jpeg?imageslim,AcFun,三日榜,three-days,hotlist,,2026-09-25 12:26:20
41,奥迪“宫斗”十年大结局？一汽拿四环，上汽拿AUDI,一汽奥迪和上汽奥迪“宫斗”了十年，终于要划下句号了？,1507,https://www.acfun.cn/v/ac48870981,https://tx-free-imgs.acfun.cn/newUpload/13630266_3fde785be5a2411495618f67d01ab66a.jpeg?imageslim,AcFun,三日榜,three-days,hotlist,,2026-09-25 12:26:20
42,换你穿越三国乱世，你是起兵还是种田？,有没有宝贝和我一样，看三国的时候总在想，如果换我身在那个乱世，我会怎么样？是起兵争霸，还是归隐山林？ 或是是咱们可以选三国里有名的角色或者可以架空历史从素人做起，一统三国，那会怎么样?我最近就玩了这么一款游戏，一玩就是五个小时，根本停不下来，那今天来聊聊这款开放世界slg游戏《英雄立志传：三国志》~<br/>,1616,https://www.acfun.cn/v/ac48869043,https://tx-free-imgs.acfun.cn/newUpload/61352468_39715609bed041b98b21f3dbb482ad70.jpeg?imageslim,AcFun,三日榜,three-days,hotlist,,2026-09-25 12:26:20
43,好曲不挑舞！《琵琶曲》你喜欢的是？,,1385,https://www.acfun.cn/v/ac48866497,https://tx-free-imgs.acfun.cn/newUpload/1161851_90c6400f25f14d969028c8a6779eaaf5.png?imageslim,AcFun,三日榜,three-days,hotlist,,2026-09-25 12:26:20
44,抱紧原生家庭（90）,,1400,https://www.acfun.cn/v/ac48867786,https://tx-free-imgs.acfun.cn/newUpload/74706824_fcc9a2386aff4fb0b3ecd158e3c6b97f.png?imageslim,AcFun,三日榜,three-days,hotlist,,2026-09-25 12:26:20
45,你吃月饼了吗？,,1406,https://www.acfun.cn/v/ac48869054,https://tx-free-imgs.acfun.cn/newUpload/1167675_8f48723afb0e41ecbe772249b3f4df1a.jpg?imageslim,AcFun,三日榜,three-days,hotlist,,2026-09-25 12:26:20
46,在英国差点被上门诈骗,可能看到我一人在家，就大胆敲门了，还好平常也会注意周边邻居，没发生什么事儿，这个金额就算被骗也不会报警，以后还是要小心一些了。#英国日常#vlog,1390,https://www.acfun.cn/v/ac48869505,https://tx-free-imgs.acfun.cn/newUpload/43181603_1c8c6c487a864d098b5e7e7bf2a12c6a.jpg?imageslim,AcFun,三日榜,three-days,hotlist,,2026-09-25 12:26:20
47,【柯基】papi酱《生气了》｜oh my god你吓到我了,,1414,https://www.acfun.cn/v/ac48867295,https://tx-free-imgs.acfun.cn/newUpload/29493245_980e56a85587473a82c7499c2ed115cb.png?imageslim,AcFun,三日榜,three-days,hotlist,,2026-09-25 12:26:20
48,发怒了好多次哈哈哈哈，最后一遍最好！,,1404,https://www.acfun.cn/v/ac48867030,https://tx-free-imgs.acfun.cn/newUpload/16380981_8a800edc429e47809b3a0e69ec22c530.jpg?imageslim,AcFun,三日榜,three-days,hotlist,,2026-09-25 12:26:20
49,只有刀鸣最小丑？各大游戏千年血战联动盘点！,300英雄的含金量还在上升,1893,https://www.acfun.cn/v/ac48869154,https://tx-free-imgs.acfun.cn/newUpload/247671_7d920e56c00e4af39fed560bf094f965.jpeg?imageslim,AcFun,三日榜,three-days,hotlist,,2026-09-25 12:26:20
50,【东方】QUEEN【蕾米莉亚 Miy Ver. MMD】,作者：やくも<br/><br/>楽曲:Kanaria 様→https://www.nicovideo.jp/watch/sm4088...<br/>振付:AKIRA様<br/>モーション:P-nez 様→https://www.nicovideo.jp/watch/sm4350...<br/>カメラ:Mizuha様→https://www.nicovideo.jp/watch/sm4353...<br/>モデル:MIy様<br/>ステージ:栗ごはん様<br/>アクセサリ:アスカ様,1119,https://www.acfun.cn/v/ac48870080,https://tx-free-imgs.acfun.cn/newUpload/6102_6a4dce20c9b74fa0bbdff3ccc0a73c5d.png?imageslim,AcFun,三日榜,three-days,hotlist,,2026-09-25 12:26:20
1,剑戟战斗的巅峰 关卡内容的洼地 偏科严重的《鬼武者：剑之道》,它给人爽的部分是真的爽，但是在每次爽之前，你得堵不少马桶，先生。,4399,https://www.acfun.cn/v/ac48859506,https://tx-free-imgs.acfun.cn/newUpload/934542_5d98ad80ca9c4307b5cdc2051c11cb50.jpeg?imageslim,AcFun,周榜,week,hotlist,,2026-09-25 12:26:20
2,【写真】ol穿搭,,10517,https://www.acfun.cn/v/ac48856919,https://tx-free-imgs.acfun.cn/newUpload/3540234_86355333f0d94a46842be6ec42cca369.jpg?imageslim,AcFun,周榜,week,hotlist,,2026-09-25 12:26:20
3,跳最开心的一集,,3945,https://www.acfun.cn/v/ac48860571,https://tx-free-imgs.acfun.cn/newUpload/50330447_79a3f269514140c29e7a85fb7c9dc94c.jpg?imageslim,AcFun,周榜,week,hotlist,,2026-09-25 12:26:20
4,是谁点的小恶魔，蕉出来～,,5420,https://www.acfun.cn/v/ac48867778,https://tx-free-imgs.acfun.cn/newUpload/17062172_6098fee67d1748e0ab5dab3b5665736c.jpg?imageslim,AcFun,周榜,week,hotlist,,2026-09-25 12:26:20
5,喜欢哪套？,,6610,https://www.acfun.cn/v/ac48861422,https://tx-free-imgs.acfun.cn/newUpload/3540234_729e0d22251f439da3735f26e58d174f.jpg?imageslim,AcFun,周榜,week,hotlist,,2026-09-25 12:26:20
6,过期JK碎碎念！,家人们记得蕉一蕉捏 啾咪,5800,https://www.acfun.cn/v/ac48859219,https://tx-free-imgs.acfun.cn/newUpload/17062172_5dd6ea8b5f2741ff87f0911db6dfb909.jpg?imageslim,AcFun,周榜,week,hotlist,,2026-09-25 12:26:20
7,人间琴悠扬，姑娘把谁记心上～,,2703,https://www.acfun.cn/v/ac48863143,https://tx-free-imgs.acfun.cn/newUpload/50330447_938d77716a11477e843914663278ff07.jpg?imageslim,AcFun,周榜,week,hotlist,,2026-09-25 12:26:20
8,开学对各省舍友的刻板印象,,4203,https://www.acfun.cn/v/ac48857410,https://tx-free-imgs.acfun.cn/newUpload/13114172_24dabc4c47ec46458d7cdfcc1cd2ee88.jpeg?imageslim,AcFun,周榜,week,hotlist,,2026-09-25 12:26:20
9,《动物迷惑行为大赏325》,喜欢请投蕉啊 谢谢啦！,2614,https://www.acfun.cn/v/ac48861293,https://tx-free-imgs.acfun.cn/newUpload/1342385_03080470038d444a95ce01ff6a6aeb9f.jpeg?imageslim,AcFun,周榜,week,hotlist,,2026-09-25 12:26:20
10,《动物游戏行为图鉴》,喜欢请投蕉啊 谢谢啦！,2758,https://www.acfun.cn/v/ac48857450,https://tx-free-imgs.acfun.cn/newUpload/1342385_485bc20a4c164df2928409b209fa9afc.jpeg?imageslim,AcFun,周榜,week,hotlist,,2026-09-25 12:26:20
11,双马尾小女仆带来的情绪摇～,,3945,https://www.acfun.cn/v/ac48861966,https://tx-free-imgs.acfun.cn/newUpload/11361784_8cee0402b4754b1e82f85b7099791793.jpg?imageslim,AcFun,周榜,week,hotlist,,2026-09-25 12:26:20
12,帮Acer问一下，地址在哪里？欢乐八点档-1779,审核大大辛苦了！<br/>免费的香蕉投一下吧，没有那就点个赞吧，这对我来说很重要，谢谢！！！<br/>谢谢每一个投蕉的帅哥美女！你们是我坚持更新的动力！<br/>视频来自快手等平台，侵权联系删除！,4419,https://www.acfun.cn/v/ac48863633,https://tx-free-imgs.acfun.cn/newUpload/2176158_ff69c3c797d5414e8056b329918cc5b6.gif?imageslim,AcFun,周榜,week,hotlist,,2026-09-25 12:26:20
13,【绘图过程】《海边》6周年纪念插图过程,6周年纪念插图挂画（预售）、沙滩巾（预售），阿宝已上架,3268,https://www.acfun.cn/v/ac48836990,https://tx-free-imgs.acfun.cn/newUpload/179922_9f95aba039e84f3594c3947b3c8fdd58.jpeg?imageslim,AcFun,周榜,week,hotlist,,2026-09-25 12:26:20
14,《野生动物迷惑行为》,喜欢请投蕉啊   谢谢啦！,2755,https://www.acfun.cn/v/ac48868360,https://tx-free-imgs.acfun.cn/newUpload/1342385_3fab348c538e4c0fa001871a708fe302.jpeg?imageslim,AcFun,周榜,week,hotlist,,2026-09-25 12:26:20
15,还是少妇会的多啊！★手机竖屏2011★,审核大大辛苦了！<br/>谢谢每一个投蕉的帅哥美女！香蕉没有来个赞也好啊！<br/>视频来自快手等平台，侵权联系删除！,5079,https://www.acfun.cn/v/ac48864360,https://tx-free-imgs.acfun.cn/newUpload/2176158_3d4f199fd93640468e543b9ee25ac4c0.gif?imageslim,AcFun,周榜,week,hotlist,,2026-09-25 12:26:20
16,漫威金刚狼深陷争议！SweetBaby又毁一款？【绅批】,这算是DEI的历史遗留问题了，所有现在已经从sweetbaby离职的人，只要参与过游戏制作也会被署名（比如桥本和真）,2786,https://www.acfun.cn/v/ac48868810,https://tx-free-imgs.acfun.cn/newUpload/526850_ca1da1572b1d494a93e2f6bab46cf76b.jpeg?imageslim,AcFun,周榜,week,hotlist,,2026-09-25 12:26:20
17,我真的是来吃饭的！★手机竖屏2013★,审核大大辛苦了！<br/>谢谢每一个投蕉的帅哥美女！香蕉没有来个赞也好啊！<br/>视频来自快手等平台，侵权联系删除！,3569,https://www.acfun.cn/v/ac48869145,https://tx-free-imgs.acfun.cn/newUpload/2176158_eb4b69370b8f435aa2b171e72403d356.gif?imageslim,AcFun,周榜,week,hotlist,,2026-09-25 12:26:20
18,钓鱼佬是真会享受！欢乐八点档-1777,审核大大辛苦了！<br/>免费的香蕉投一下吧，没有那就点个赞吧，这对我来说很重要，谢谢！！！<br/>谢谢每一个投蕉的帅哥美女！你们是我坚持更新的动力！<br/>视频来自快手等平台，侵权联系删除！,4572,https://www.acfun.cn/v/ac48858969,https://tx-free-imgs.acfun.cn/newUpload/2176158_c9d74d926c4c4d709a4b6b7769dffcca.gif?imageslim,AcFun,周榜,week,hotlist,,2026-09-25 12:26:20
19,一波还未平息一波又来侵袭！★手机竖屏2010★,审核大大辛苦了！<br/>谢谢每一个投蕉的帅哥美女！香蕉没有来个赞也好啊！<br/>视频来自快手等平台，侵权联系删除！,4725,https://www.acfun.cn/v/ac48862013,https://tx-free-imgs.acfun.cn/newUpload/2176158_c4802142afc14d50b2cd775e67890cca.gif?imageslim,AcFun,周榜,week,hotlist,,2026-09-25 12:26:20
20,网络上常见的热门短视频集锦   第三千四百三十八期,审核大大辛苦了！<br/>谢谢每一个投蕉的帅哥美女！香蕉没有来个赞也好啊！<br/>视频来自快手等平台，侵权联系删除！,4413,https://www.acfun.cn/v/ac48858394,https://tx-free-imgs.acfun.cn/newUpload/2176158_38174e72af934b9e86687045b01f0dd3.gif?imageslim,AcFun,周榜,week,hotlist,,2026-09-25 12:26:20
21,mr chu!!好怀念这首歌,,2023,https://www.acfun.cn/v/ac48869375,https://tx-free-imgs.acfun.cn/newUpload/16380981_19592eb83a88429695ee1a0508fc3df0.png?imageslim,AcFun,周榜,week,hotlist,,2026-09-25 12:26:20
22,魔兽无限服禁金团引爆社区！但原教旨主义玩家才是最抽象的？【绅批】,所谓“严厉处罚“”顶格也就是封号，会根据情况由短至长，当然能不能具体实行就是另一回事了,3073,https://www.acfun.cn/v/ac48857248,https://tx-free-imgs.acfun.cn/newUpload/526850_b63f9e2a1bd04c38ac3c61257e0b87dd.jpeg?imageslim,AcFun,周榜,week,hotlist,,2026-09-25 12:26:20
23,你们内外皆钢，而我们化身钢铁！【达奇】战锤40K故事内容,感谢下巴老师对视频内容的支持与完善,2135,https://www.acfun.cn/v/ac48856443,https://tx-free-imgs.acfun.cn/newUpload/346807_7f5f779958dd4d6986f60021118423da.jpeg?imageslim,AcFun,周榜,week,hotlist,,2026-09-25 12:26:20
24,还是少妇会啊！！！★手机竖屏2009★,审核大大辛苦了！<br/>谢谢每一个投蕉的帅哥美女！香蕉没有来个赞也好啊！<br/>视频来自快手等平台，侵权联系删除！,4849,https://www.acfun.cn/v/ac48859515,https://tx-free-imgs.acfun.cn/newUpload/2176158_d4e9e6e30f4446319f9e720adfe35ef9.gif?imageslim,AcFun,周榜,week,hotlist,,2026-09-25 12:26:20
25,【AC娘】琵琶曲,原作者：Kotte Animation<br/>还有瑕疵，看个乐吧,3092,https://www.acfun.cn/v/ac48864492,https://tx-free-imgs.acfun.cn/newUpload/41729435_02cbd995b6d54f508eb21d3cb8621903.jpeg?imageslim,AcFun,周榜,week,hotlist,,2026-09-25 12:26:20
26,25年了，回坊天花板小酥肉，还是那个味儿,记忆中的味道，回来了，都回来了……<br/>一口椒麻一口鲜，大口吃肉，配上热腾腾的米饭，绝了。<br/>素三鲜也是无敌的存在！,2507,https://www.acfun.cn/v/ac48865538,https://tx-free-imgs.acfun.cn/newUpload/13765438_9bc4a0abf32a4c1aa3e83c844de84649.jpeg?imageslim,AcFun,周榜,week,hotlist,,2026-09-25 12:26:20
27,因为害怕被讨厌 所以把自己藏起来了,,2382,https://www.acfun.cn/v/ac48871331,https://tx-free-imgs.acfun.cn/newUpload/11361784_3d4bd69b46f541e184c2922c24f09276.jpg?imageslim,AcFun,周榜,week,hotlist,,2026-09-25 12:26:20
28,海洋公园一定要去啊！欢乐八点档-1776,审核大大辛苦了！<br/>免费的香蕉投一下吧，没有那就点个赞吧，这对我来说很重要，谢谢！！！<br/>谢谢每一个投蕉的帅哥美女！你们是我坚持更新的动力！<br/>视频来自快手等平台，侵权联系删除！,4466,https://www.acfun.cn/v/ac48856824,https://tx-free-imgs.acfun.cn/newUpload/2176158_3406d07fb97f486893aedb108728c2ec.gif?imageslim,AcFun,周榜,week,hotlist,,2026-09-25 12:26:20
29,拳击好啊，拳击得学！欢乐八点档-1781,审核大大辛苦了！<br/>免费的香蕉投一下吧，没有那就点个赞吧，这对我来说很重要，谢谢！！！<br/>谢谢每一个投蕉的帅哥美女！你们是我坚持更新的动力！<br/>视频来自快手等平台，侵权联系删除！,3983,https://www.acfun.cn/v/ac48868336,https://tx-free-imgs.acfun.cn/newUpload/2176158_3f6c601293a54468bae97f781440217b.gif?imageslim,AcFun,周榜,week,hotlist,,2026-09-25 12:26:20
30,你的拳头真是肥嘟嘟的...,动漫：心灵的声音，作者：赵石【韩国】,2166,https://www.acfun.cn/v/ac48859870,https://tx-free-imgs.acfun.cn/newUpload/509259_2fa91d5206504450be471808d9c93a22.jpeg?imageslim,AcFun,周榜,week,hotlist,,2026-09-25 12:26:20
31,北京豆汁会惩罚每一个好奇的人！欢乐八点档-1780,审核大大辛苦了！<br/>免费的香蕉投一下吧，没有那就点个赞吧，这对我来说很重要，谢谢！！！<br/>谢谢每一个投蕉的帅哥美女！你们是我坚持更新的动力！<br/>视频来自快手等平台，侵权联系删除！,4382,https://www.acfun.cn/v/ac48865965,https://tx-free-imgs.acfun.cn/newUpload/2176158_ec83e6fb2ffc4005b41881ac13dbaeca.gif?imageslim,AcFun,周榜,week,hotlist,,2026-09-25 12:26:20
32,这个一字马技术含量很高啊！欢乐八点档-1778,审核大大辛苦了！<br/>免费的香蕉投一下吧，没有那就点个赞吧，这对我来说很重要，谢谢！！！<br/>谢谢每一个投蕉的帅哥美女！你们是我坚持更新的动力！<br/>视频来自快手等平台，侵权联系删除！,4342,https://www.acfun.cn/v/ac48861225,https://tx-free-imgs.acfun.cn/newUpload/2176158_0824627cb76d40dc99ce9cb12c07e4cc.gif?imageslim,AcFun,周榜,week,hotlist,,2026-09-25 12:26:20
33,网络上常见的热门短视频集锦   第三千四百四十一期,审核大大辛苦了！<br/>谢谢每一个投蕉的帅哥美女！香蕉没有来个赞也好啊！<br/>视频来自快手等平台，侵权联系删除！,4150,https://www.acfun.cn/v/ac48862019,https://tx-free-imgs.acfun.cn/newUpload/2176158_6e5a88d95f344d92a8d97a57f03ac4b9.gif?imageslim,AcFun,周榜,week,hotlist,,2026-09-25 12:26:20
34,网络上常见的热门短视频集锦   第三千四百四十五期,审核大大辛苦了！<br/>谢谢每一个投蕉的帅哥美女！香蕉没有来个赞也好啊！<br/>视频来自快手等平台，侵权联系删除！,3842,https://www.acfun.cn/v/ac48866824,https://tx-free-imgs.acfun.cn/newUpload/2176158_dba921eb42f14c7ba31a1af83bfe71ce.gif?imageslim,AcFun,周榜,week,hotlist,,2026-09-25 12:26:20
35,琵琶曲丨夜神月 VS  L,原曲：琵琶曲,2221,https://www.acfun.cn/v/ac48861693,https://tx-free-imgs.acfun.cn/newUpload/16986934_3bf4dd94910c4845acf851f7f0fdb757.jpeg?imageslim,AcFun,周榜,week,hotlist,,2026-09-25 12:26:20
36,空中瑜伽！！！★手机竖屏2012★,审核大大辛苦了！<br/>谢谢每一个投蕉的帅哥美女！香蕉没有来个赞也好啊！<br/>视频来自快手等平台，侵权联系删除！,4324,https://www.acfun.cn/v/ac48866821,https://tx-free-imgs.acfun.cn/newUpload/2176158_610807af48f5463a891fc9f341c9b16f.gif?imageslim,AcFun,周榜,week,hotlist,,2026-09-25 12:26:20
37,厨师长教你：“鱼香肉丝”的家常做法，酸甜微辣，口感丰富,,2000,https://www.acfun.cn/v/ac48867741,https://tx-free-imgs.acfun.cn/newUpload/13274260_93e68d1098d04ffca2683655a6a404c2.jpeg?imageslim,AcFun,周榜,week,hotlist,,2026-09-25 12:26:20
38,网络上常见的热门短视频集锦   第三千四百三十九期,审核大大辛苦了！<br/>谢谢每一个投蕉的帅哥美女！香蕉没有来个赞也好啊！<br/>视频来自快手等平台，侵权联系删除！,4006,https://www.acfun.cn/v/ac48859518,https://tx-free-imgs.acfun.cn/newUpload/2176158_13f61f1aa39c4732bdaeed87fe0e28a4.gif?imageslim,AcFun,周榜,week,hotlist,,2026-09-25 12:26:20
39,一天生产500万个！速冻水饺是如何制造出来的？,,2146,https://www.acfun.cn/v/ac48859253,https://tx-free-imgs.acfun.cn/newUpload/19281632_57f07fe28e24422d948491fd2d43586c.jpeg?imageslim,AcFun,周榜,week,hotlist,,2026-09-25 12:26:20
40,今天你不能嫁出去【今天有什么好笑的 #2514】,：)，谢谢大家，祝你们开心。<br/>wallpaper壁纸：Fading Astronaut 5K (update)<br/>BGM：I Want It That Way,2847,https://www.acfun.cn/v/ac48865864,https://tx-free-imgs.acfun.cn/newUpload/383079_ee4f5f7badf74f05a2ef6c691387f327.gif?imageslim,AcFun,周榜,week,hotlist,,2026-09-25 12:26:20
41,这样的学姐喜欢吗？欢乐八点档-1782,审核大大辛苦了！<br/>免费的香蕉投一下吧，没有那就点个赞吧，这对我来说很重要，谢谢！！！<br/>谢谢每一个投蕉的帅哥美女！你们是我坚持更新的动力！<br/>视频来自快手等平台，侵权联系删除！,2692,https://www.acfun.cn/v/ac48870057,https://tx-free-imgs.acfun.cn/newUpload/2176158_4c1f3b60f73e451abc443941d47305d8.gif?imageslim,AcFun,周榜,week,hotlist,,2026-09-25 12:26:20
42,单纯的约会（92）,,1812,https://www.acfun.cn/v/ac48857199,https://tx-free-imgs.acfun.cn/newUpload/74706824_a3a60d77e6934225b168686e44216c4b.png?imageslim,AcFun,周榜,week,hotlist,,2026-09-25 12:26:20
43,【东方】推特东方小视频选集 第272期,睡觉睡觉睡觉睡觉睡觉睡觉睡觉睡觉睡觉睡觉……,1377,https://www.acfun.cn/v/ac48858830,https://tx-free-imgs.acfun.cn/newUpload/6102_5a13d6efeec742ff84c512206aaeb7b0.jpeg?imageslim,AcFun,周榜,week,hotlist,,2026-09-25 12:26:20
44,甜妹来袭！,,2152,https://www.acfun.cn/v/ac48863947,https://tx-free-imgs.acfun.cn/newUpload/12439728_1fd5a3c6e60241a1a1cd8f89dbede769.png?imageslim,AcFun,周榜,week,hotlist,,2026-09-25 12:26:20
45,网络上常见的热门短视频集锦   第三千四百三十六期,审核大大辛苦了！<br/>谢谢每一个投蕉的帅哥美女！香蕉没有来个赞也好啊！<br/>视频来自快手等平台，侵权联系删除！,3947,https://www.acfun.cn/v/ac48856130,https://tx-free-imgs.acfun.cn/newUpload/2176158_4b41dc501581491e9b900fd0a1662e27.gif?imageslim,AcFun,周榜,week,hotlist,,2026-09-25 12:26:20
46,网络上常见的热门短视频集锦   第三千四百四十三期,审核大大辛苦了！<br/>谢谢每一个投蕉的帅哥美女！香蕉没有来个赞也好啊！<br/>视频来自快手等平台，侵权联系删除！,3577,https://www.acfun.cn/v/ac48864363,https://tx-free-imgs.acfun.cn/newUpload/2176158_dfef22dbf6934a15a594e5766b8680ca.gif?imageslim,AcFun,周榜,week,hotlist,,2026-09-25 12:26:20
47,嘞个就是爱情【今天有什么好笑的 #2512】,：），谢谢大家的投蕉和点赞，祝你开心愉快~<br/>wallpaper壁纸：lamp<br/>BGM：What a Feeling,2433,https://www.acfun.cn/v/ac48860992,https://tx-free-imgs.acfun.cn/newUpload/383079_172d192fee55441c96b7352f61e0a25f.gif?imageslim,AcFun,周榜,week,hotlist,,2026-09-25 12:26:20
48,网络上常见的热门短视频集锦   第三千四百三十七期,审核大大辛苦了！<br/>谢谢每一个投蕉的帅哥美女！香蕉没有来个赞也好啊！<br/>视频来自快手等平台，侵权联系删除！,3646,https://www.acfun.cn/v/ac48857544,https://tx-free-imgs.acfun.cn/newUpload/2176158_65f1d403dce7484b8d62b6f272bdbe31.gif?imageslim,AcFun,周榜,week,hotlist,,2026-09-25 12:26:20
49,网络上常见的热门短视频集锦   第三千四百四十四期,审核大大辛苦了！<br/>谢谢每一个投蕉的帅哥美女！香蕉没有来个赞也好啊！<br/>视频来自快手等平台，侵权联系删除！,3497,https://www.acfun.cn/v/ac48865021,https://tx-free-imgs.acfun.cn/newUpload/2176158_663463f1e6004dc2b4dea153d1e60c05.gif?imageslim,AcFun,周榜,week,hotlist,,2026-09-25 12:26:20
50,厨师长分享制作“宫保鸡丁”的三大要素：腌制、调味及火候,,2115,https://www.acfun.cn/v/ac48863018,https://tx-free-imgs.acfun.cn/newUpload/13274260_803e1613305b460d878594c16c1c5a87.jpeg?imageslim,AcFun,周榜,week,hotlist,,2026-09-25 12:26:20
1,因为害怕被讨厌 所以把自己藏起来了,,2464,https://www.acfun.cn/v/ac48871331,https://tx-free-imgs.acfun.cn/newUpload/11361784_3d4bd69b46f541e184c2922c24f09276.jpg?imageslim,AcFun,日榜,day,hotlist,,2026-09-25 13:22:45
2,这样的学姐喜欢吗？欢乐八点档-1782,审核大大辛苦了！<br/>免费的香蕉投一下吧，没有那就点个赞吧，这对我来说很重要，谢谢！！！<br/>谢谢每一个投蕉的帅哥美女！你们是我坚持更新的动力！<br/>视频来自快手等平台，侵权联系删除！,2780,https://www.acfun.cn/v/ac48870057,https://tx-free-imgs.acfun.cn/newUpload/2176158_4c1f3b60f73e451abc443941d47305d8.gif?imageslim,AcFun,日榜,day,hotlist,,2026-09-25 13:22:45
3,姛姛？！蝴蝶耳机Manget中文翻唱【箐羽Hane】x【缇若柯Teivoc】,“是否你确实表里如一淡然，还是说你——并不似我贪婪？”<br/>《Manget》磁石 / 蝴蝶耳机 - 中文翻唱<br/>原作作曲 / 流星P<br/>曲绘&翻唱 / 箐羽hane & 缇若柯Teivoc<br/>中文填词 / 果汁凉菜<br/>混音 / 风尘<br/>和笋笋一起唱了我们二次元姛神曲！曲绘也是我和笋笋每个人负责了自己的部分最后再拼到一起的！真好！( *^ ^)o(^ ^* )希望大家也能喜欢！,1449,https://www.acfun.cn/v/ac48869340,https://tx-free-imgs.acfun.cn/newUpload/67511609_d868cdbd6b1849e8958696cdc9db1493.jpeg?imageslim,AcFun,日榜,day,hotlist,,2026-09-25 13:22:45
4,网络上常见的热门短视频集锦   第三千四百四十八期,审核大大辛苦了！<br/>谢谢每一个投蕉的帅哥美女！香蕉没有来个赞也好啊！<br/>视频来自快手等平台，侵权联系删除！,3067,https://www.acfun.cn/v/ac48870020,https://tx-free-imgs.acfun.cn/newUpload/2176158_d65e54f4e9ee489b86b6fc28c31c84ee.gif?imageslim,AcFun,日榜,day,hotlist,,2026-09-25 13:22:45
5,我要冲会员【今天有什么好笑的 #2516】,：），谢谢大家的投蕉和点赞，祝你开心愉快~<br/>wallpaper壁纸：Reze | Chainsaw Man<br/>BGM：Nicoleta Matei - Love mail<br/>,2154,https://www.acfun.cn/v/ac48870763,https://tx-free-imgs.acfun.cn/newUpload/383079_47b0fc3f458042f5bd3717967e55c598.gif?imageslim,AcFun,日榜,day,hotlist,,2026-09-25 13:22:45
6,老板直聘（89）,,1590,https://www.acfun.cn/v/ac48868552,https://tx-free-imgs.acfun.cn/newUpload/74706824_db2c7ba15c5d4aa18872db6b0763b7ca.jpeg?imageslim,AcFun,日榜,day,hotlist,,2026-09-25 13:22:45
7,网络上常见的热门短视频集锦   第三千四百四十七期,审核大大辛苦了！<br/>谢谢每一个投蕉的帅哥美女！香蕉没有来个赞也好啊！<br/>视频来自快手等平台，侵权联系删除！,2972,https://www.acfun.cn/v/ac48869149,https://tx-free-imgs.acfun.cn/newUpload/2176158_fdf9afe2e00a4a1aa62415c846776eaf.gif?imageslim,AcFun,日榜,day,hotlist,,2026-09-25 13:22:45
8,发个friend圈,,1470,https://www.acfun.cn/v/ac48863958,https://tx-free-imgs.acfun.cn/newUpload/12439728_b44cb67ae45a4c179b08227368f4159c.png?imageslim,AcFun,日榜,day,hotlist,,2026-09-25 13:22:45
9,奥迪“宫斗”十年大结局？一汽拿四环，上汽拿AUDI,一汽奥迪和上汽奥迪“宫斗”了十年，终于要划下句号了？,1531,https://www.acfun.cn/v/ac48870981,https://tx-free-imgs.acfun.cn/newUpload/13630266_3fde785be5a2411495618f67d01ab66a.jpeg?imageslim,AcFun,日榜,day,hotlist,,2026-09-25 13:22:45
10,沦陷️,歌曲舞蹈：沦陷dj版-星奇摇   动作有改编,1487,https://www.acfun.cn/v/ac48869381,https://tx-free-imgs.acfun.cn/newUpload/12229455_aacf9da97a0940ad8e5f0b509d9cc159.jpeg?imageslim,AcFun,日榜,day,hotlist,,2026-09-25 13:22:45
11,在英国差点被上门诈骗,可能看到我一人在家，就大胆敲门了，还好平常也会注意周边邻居，没发生什么事儿，这个金额就算被骗也不会报警，以后还是要小心一些了。#英国日常#vlog,1421,https://www.acfun.cn/v/ac48869505,https://tx-free-imgs.acfun.cn/newUpload/43181603_1c8c6c487a864d098b5e7e7bf2a12c6a.jpg?imageslim,AcFun,日榜,day,hotlist,,2026-09-25 13:22:45
12,【东方】QUEEN【蕾米莉亚 Miy Ver. MMD】,作者：やくも<br/><br/>楽曲:Kanaria 様→https://www.nicovideo.jp/watch/sm4088...<br/>振付:AKIRA様<br/>モーション:P-nez 様→https://www.nicovideo.jp/watch/sm4350...<br/>カメラ:Mizuha様→https://www.nicovideo.jp/watch/sm4353...<br/>モデル:MIy様<br/>ステージ:栗ごはん様<br/>アクセサリ:アスカ様,1126,https://www.acfun.cn/v/ac48870080,https://tx-free-imgs.acfun.cn/newUpload/6102_6a4dce20c9b74fa0bbdff3ccc0a73c5d.png?imageslim,AcFun,日榜,day,hotlist,,2026-09-25 13:22:45
13,拜托了，夫人！★手机竖屏2014★,审核大大辛苦了！<br/>谢谢每一个投蕉的帅哥美女！香蕉没有来个赞也好啊！<br/>视频来自快手等平台，侵权联系删除！,1389,https://www.acfun.cn/v/ac48871493,https://tx-free-imgs.acfun.cn/newUpload/2176158_afaf0913878443b1bc00d636136ffce3.gif?imageslim,AcFun,日榜,day,hotlist,,2026-09-25 13:22:45
14,这套皮肤真的很喜欢,,1234,https://www.acfun.cn/v/ac48871657,https://tx-free-imgs.acfun.cn/newUpload/16380981_ac9640e59a3a42e093fcee0a0b81d474.jpg?imageslim,AcFun,日榜,day,hotlist,,2026-09-25 13:22:45
15,【AI】今晚的期待,Comfyui,1395,https://www.acfun.cn/v/ac48870865,https://tx-free-imgs.acfun.cn/newUpload/14047168_02bac6c1158f4e108536124c7239e472.jpeg?imageslim,AcFun,日榜,day,hotlist,,2026-09-25 13:22:45
16,"长手打短手？2万分王者局！快速看完一局韩服王者斗殴局#836 十三day, Eclipse,","长手打短手？2万分王者局！快速看完一局韩服王者斗殴局#836 十三day, Eclipse, 0909, Lelitz, 1Jiang <br/>BGM:https://music.163.com/playlist?id=650818240&userid=30476594",1387,https://www.acfun.cn/v/ac48863751,https://tx-free-imgs.acfun.cn/newUpload/1378726_792b017ff72e4ed49b05fe8e1e24f6e4.jpeg?imageslim,AcFun,日榜,day,hotlist,,2026-09-25 13:22:45
17,坚持跳舞8年改变了什么？《千里邀月》2018vs2026【紫嘉儿】,中秋快乐！没想到8年前的编舞每年这个时候都有很多翻跳，一起用舞蹈记录下美好时光吧！,1251,https://www.acfun.cn/v/ac48870585,https://tx-free-imgs.acfun.cn/newUpload/1161851_851c52555ace464f98231f30a167eedd.png?imageslim,AcFun,日榜,day,hotlist,,2026-09-25 13:22:45
18,少女机甲+空投轰炸？是什么神仙组合？,到底是一款什么样的机甲游戏，上线快3年还保持着特别好评？虽然是机甲美少女的设定，但是操作的是厚重质感的硬核机甲，这种硬核操作的感觉让人越玩越上头，今天来跟大家聊聊这款游戏《铁骑少女》。<br/>最近我一直期待的第三个DLC金盏花也是要上线了，这次DLC的核心新玩法，就是机甲“搜打撤”的模式。和本体死守基地的玩法不一样，这次整体的游玩思路都变了~,1184,https://www.acfun.cn/v/ac48871337,https://tx-free-imgs.acfun.cn/newUpload/61352468_77bf0ab03cd34fefa1d5530aca003edb.jpeg?imageslim,AcFun,日榜,day,hotlist,,2026-09-25 13:22:45
19,【锅锅x怀瑜x阔落】千里邀月——共饮此杯赏此月，夜好眠,中秋到了，和姐妹们合唱了千里邀月~~<br/>乐：可乐祝大家身体健康，永不加班，月圆人团圆<br/>鱼：怀瑜愿诸位财源广进，常能摸鱼，花好月更圆<br/>锅：锅锅祝大家桂香满锅，早归赏月，饼甜心更甜<br/>祝大家中秋快乐~,1103,https://www.acfun.cn/v/ac48871580,https://tx-free-imgs.acfun.cn/newUpload/67206930_e47be8dbac2546e1b5a4a831e71dabe4.jpeg?imageslim,AcFun,日榜,day,hotlist,,2026-09-25 13:22:45
20,【AI】小妈裙~chocolate cream,Comfyui,1389,https://www.acfun.cn/v/ac48870861,https://tx-free-imgs.acfun.cn/newUpload/14047168_efd2bae7c6184b3b89e82abfaadf0fb3.jpeg?imageslim,AcFun,日榜,day,hotlist,,2026-09-25 13:22:45
21,好像只能礼貌的问候~,,1198,https://www.acfun.cn/v/ac48871365,https://tx-free-imgs.acfun.cn/newUpload/43459034_4572f98756df48b0bc9c323cdc49a8d2.jpg?imageslim,AcFun,日榜,day,hotlist,,2026-09-25 13:22:45
22,【绝望女神/翻唱】【星际牛仔ED The Real Folk Blues】,想听啥情继续评论回复~,1029,https://www.acfun.cn/v/ac48871323,https://tx-free-imgs.acfun.cn/newUpload/20705199_0be8deafcbb34bdb9f17523c5bc95087.jpeg?imageslim,AcFun,日榜,day,hotlist,,2026-09-25 13:22:45
23,【黒碳】ライトダンス - サカナクション【生日作】【翻唱】,本家:サカナクション ; 翻唱: 黒碳Kurotan; 后期: 黒碳Kurotan; 曲绘: 黒碳Kurotan; PV: 黒碳Kurotan以及十分牛杯的網站：https://pv.pixjam.cn/ 背景是用這個做的!! 狠狠趕工終於做完了 好感動,1107,https://www.acfun.cn/v/ac48869560,https://tx-free-imgs.acfun.cn/newUpload/13707663_f611642aa87b4dab9a8d8a6beb7ace77.jpeg?imageslim,AcFun,日榜,day,hotlist,,2026-09-25 13:22:45
24,吃！给我吃！【鬼ノ宴翻唱】,,1087,https://www.acfun.cn/v/ac48871186,https://tx-free-imgs.acfun.cn/newUpload/10144864_ee78f4d0678d414f9ce18c29231cf17a.jpeg?imageslim,AcFun,日榜,day,hotlist,,2026-09-25 13:22:45
25,【颜音】中秋歌回~祝大家节日快乐,皓月凌空，桂香满庭。<br/>愿今夜歌声暖心，祝各位中秋快乐，阖家美满！,1132,https://www.acfun.cn/v/ac48872065,https://tx-free-imgs.acfun.cn/newUpload/4425861_3dab8cdf19a74bf6accbdcd688cd9b6a.jpeg?imageslim,AcFun,日榜,day,hotlist,,2026-09-25 13:22:45
26,记录2023年6月份在台上开心的表演lamb的我,,1192,https://www.acfun.cn/v/ac48871344,https://tx-free-imgs.acfun.cn/newUpload/16380981_00755d93042647bcb6f29a19da53e590.png?imageslim,AcFun,日榜,day,hotlist,,2026-09-25 13:22:45
27,【翻唱】鬼ノ宴,本家様<br/>友成空様<br/>【鬼ノ宴】<br/>•友成空(TOMONARI SORA) -   鬼ノ宴   ［Lyric Video］<br/>https://www.youtube.com/watch?v=NFzyrPK9rtM,1053,https://www.acfun.cn/v/ac48871180,https://tx-free-imgs.acfun.cn/newUpload/10144864_a75eddb97ea048b59fef6aaea5d4478f.jpeg?imageslim,AcFun,日榜,day,hotlist,,2026-09-25 13:22:45
28,下班后跳一段恋爱的条件～,,1096,https://www.acfun.cn/v/ac48871308,https://tx-free-imgs.acfun.cn/newUpload/43459034_9aa96c2a93884a3891b73b05298d8521.jpg?imageslim,AcFun,日榜,day,hotlist,,2026-09-25 13:22:45
29,T-ARA So Crazy,,1473,https://www.acfun.cn/v/ac48869387,https://tx-free-imgs.acfun.cn/newUpload/795184_e0ad411d1b844c569dc376c0b45f763c.jpeg?imageslim,AcFun,日榜,day,hotlist,,2026-09-25 13:22:45
30,BR66型蒸汽机车 trix越来越垃圾了！尤其是垃圾会员车，一个比一个烂！这一次终于拉了一坨更大的！,,870,https://www.acfun.cn/v/ac48871197,https://tx-free-imgs.acfun.cn/newUpload/66128753_8563c2ab24aa4a2289e52500bc42f1f1.png?imageslim,AcFun,日榜,day,hotlist,,2026-09-25 13:22:45
31,卓哥儿那可是专业杰哥，人群之中七进七出不成问题！,自定义也发？,1284,https://www.acfun.cn/v/ac48871816,https://tx-free-imgs.acfun.cn/newUpload/581357_d49b41a0e554440db6952de719b3f832.jpeg?imageslim,AcFun,日榜,day,hotlist,,2026-09-25 13:22:45
32,绿梦：时空之声公测定档！公测版本全面优化！,绿梦：时空之声公测定档！公测版本全面优化！,1262,https://www.acfun.cn/v/ac48871268,https://tx-free-imgs.acfun.cn/newUpload/63104383_33b9de6d951a4ca0b5a7b9dfc2fc748e.gif?imageslim,AcFun,日榜,day,hotlist,,2026-09-25 13:22:45
33,【AI】山间竹林仙子,Comfyui,1129,https://www.acfun.cn/v/ac48870853,https://tx-free-imgs.acfun.cn/newUpload/14047168_20afdd6955bd44a9a04b0629aecb5ad1.jpeg?imageslim,AcFun,日榜,day,hotlist,,2026-09-25 13:22:45
34,22.称霸水下四亿年，人类最古老的远房祖先：硬骨鱼总纲,22.称霸水下四亿年，人类最古老的远房祖先：硬骨鱼总纲,1051,https://www.acfun.cn/v/ac48871354,https://tx-free-imgs.acfun.cn/newUpload/28933912_40dcb39f039045868ae364582e4a1797.jpeg?imageslim,AcFun,日榜,day,hotlist,,2026-09-25 13:22:45
35,【牛子组合】凉凉,世事一场大梦，人生几度秋凉，祝大家26年中秋快乐,1054,https://www.acfun.cn/v/ac48870493,https://tx-free-imgs.acfun.cn/newUpload/358616_22f2cb85fdca497ab5cd556c984493d6.png?imageslim,AcFun,日榜,day,hotlist,,2026-09-25 13:22:45
36,另一版,之前还拍了一版，但是感觉镜头太晃了,848,https://www.acfun.cn/v/ac48871588,https://tx-free-imgs.acfun.cn/newUpload/12954767_f420f9f6197c43d4bb14421c32d81bbb.png?imageslim,AcFun,日榜,day,hotlist,,2026-09-25 13:22:45
37,这新番要不是霸权！我家狗都不信啊！十月最无悬念的提前吹爆！,这新番要不是霸权！我家狗都不信啊！十月最无悬念的提前吹爆！,1062,https://www.acfun.cn/v/ac48871615,https://tx-free-imgs.acfun.cn/newUpload/13467496_654fcc0446324342b35eef2b72d45df4.jpeg?imageslim,AcFun,日榜,day,hotlist,,2026-09-25 13:22:45
38,上线才半年，腾讯养的“龙虾”QClaw，官宣停运了！,,1173,https://www.acfun.cn/v/ac48871074,https://tx-free-imgs.acfun.cn/newUpload/17928_22da7d70ed6749f690e735b0f098a800.png?imageslim,AcFun,日榜,day,hotlist,,2026-09-25 13:22:45
39,T-ara Bo Peep Bo Peep,,1153,https://www.acfun.cn/v/ac48869397,https://tx-free-imgs.acfun.cn/newUpload/795184_1876bec3bc5d43d6b42da8060c06a34a.jpeg?imageslim,AcFun,日榜,day,hotlist,,2026-09-25 13:22:45
40,小兔-20260923 abracadabra 上下 恋爱的条件 成人礼 晚安吻,,1099,https://www.acfun.cn/v/ac48870476,https://tx-free-imgs.acfun.cn/newUpload/78055394_4dcf7a6688cb4a1994bd96389cc84b38.jpeg?imageslim,AcFun,日榜,day,hotlist,,2026-09-25 13:22:45
41,社畜身份不是你精致生活的角色扮演,,881,https://www.acfun.cn/v/ac48871467,https://tx-free-imgs.acfun.cn/newUpload/14013875_ec82a37907ff4565a6f6f6d916bd7117.png?imageslim,AcFun,日榜,day,hotlist,,2026-09-25 13:22:45
42,白井黑子·佐天泪子 中秋月色双人手势舞【AI动画/超清】,本人本地部署的AI生成图片视频模型制作，硬件英伟达显卡RTX5070TI 16G+96G DDR5 6000内存，花费2小时合成.<br/>这次引入新的二次元动漫人物模型，二次元脸部质量效果会更好些，同时步数可以适当降低，降本增效。引入后期处理工具修复强化背景<br/><br/>人物：佐天泪子 白井黑子<br/>舞蹈技术与BGM：网红手势舞<br/>场景：中秋月色,643,https://www.acfun.cn/v/ac48871101,https://tx-free-imgs.acfun.cn/newUpload/46764084_397c08849b344139b09a46fb71f814b3.png?imageslim,AcFun,日榜,day,hotlist,,2026-09-25 13:22:45
43,桢-20260923 abracadabra,,1082,https://www.acfun.cn/v/ac48870552,https://tx-free-imgs.acfun.cn/newUpload/78055394_f7c161e6bccd480f9b8a372dd55c3678.jpeg?imageslim,AcFun,日榜,day,hotlist,,2026-09-25 13:22:45
44,“狐蝠”亡命天涯半世纪,,1239,https://www.acfun.cn/v/ac48871667,https://tx-free-imgs.acfun.cn/newUpload/3592774_514c8455f636400c949adc88c25d0e83.jpeg?imageslim,AcFun,日榜,day,hotlist,,2026-09-25 13:22:45
45,飒！BABYMONSTER CHIQUITA小姐姐跳《Worth It》,-v -好不好看呢,1094,https://www.acfun.cn/v/ac48870427,https://tx-free-imgs.acfun.cn/newUpload/199029_44d3343f2e3742c780253ef0f9df1a6b.png?imageslim,AcFun,日榜,day,hotlist,,2026-09-25 13:22:45
46,绝顶性感黑丝【DazzlingRed】舞蹈翻跳,,1108,https://www.acfun.cn/v/ac48871722,https://tx-free-imgs.acfun.cn/newUpload/28629507_651036189fde4ffabea2957b7a006984.png?imageslim,AcFun,日榜,day,hotlist,,2026-09-25 13:22:45
47,塞巴斯蒂安·埃尔南德斯 vs 亀田京之介,塞巴斯蒂安·埃尔南德斯 vs 亀田京之介,987,https://www.acfun.cn/v/ac48871133,https://tx-free-imgs.acfun.cn/newUpload/61107438_67e40508d9a74840841c26da02695801.png?imageslim,AcFun,日榜,day,hotlist,,2026-09-25 13:22:45
48,艺术欣赏,,1132,https://www.acfun.cn/v/ac48871987,https://tx-free-imgs.acfun.cn/newUpload/2742252_cb96fa8c85b847afb6618ecf730b5f70.jpg?imageslim,AcFun,日榜,day,hotlist,,2026-09-25 13:22:45
49,【官方双语】存储价格飞涨  蓝光会是那个意想不到的解决方案吗?#linus谈科技,,629,https://www.acfun.cn/v/ac48872033,https://tx-free-imgs.acfun.cn/newUpload/1630166_48020992cf374f349c36bc0d54f08d91.jpeg?imageslim,AcFun,日榜,day,hotlist,,2026-09-25 13:22:45
50,동그란 안경으로 귀여운 매력 보여주는 지호,동그란 안경으로 귀여운 매력 보여주는 지호 | Beige Top & Glasses | Ji Ho,712,https://www.acfun.cn/v/ac48870864,https://tx-free-imgs.acfun.cn/newUpload/43172481_558625b6a90d469aabe28a39ba33fded.jpeg?imageslim,AcFun,日榜,day,hotlist,,2026-09-25 13:22:45
1,是谁点的小恶魔，蕉出来～,,5517,https://www.acfun.cn/v/ac48867778,https://tx-free-imgs.acfun.cn/newUpload/17062172_6098fee67d1748e0ab5dab3b5665736c.jpg?imageslim,AcFun,三日榜,three-days,hotlist,,2026-09-25 13:22:45
2,《野生动物迷惑行为》,喜欢请投蕉啊   谢谢啦！,2761,https://www.acfun.cn/v/ac48868360,https://tx-free-imgs.acfun.cn/newUpload/1342385_3fab348c538e4c0fa001871a708fe302.jpeg?imageslim,AcFun,三日榜,three-days,hotlist,,2026-09-25 13:22:45
3,漫威金刚狼深陷争议！SweetBaby又毁一款？【绅批】,这算是DEI的历史遗留问题了，所有现在已经从sweetbaby离职的人，只要参与过游戏制作也会被署名（比如桥本和真）,2797,https://www.acfun.cn/v/ac48868810,https://tx-free-imgs.acfun.cn/newUpload/526850_ca1da1572b1d494a93e2f6bab46cf76b.jpeg?imageslim,AcFun,三日榜,three-days,hotlist,,2026-09-25 13:22:45
4,我真的是来吃饭的！★手机竖屏2013★,审核大大辛苦了！<br/>谢谢每一个投蕉的帅哥美女！香蕉没有来个赞也好啊！<br/>视频来自快手等平台，侵权联系删除！,3592,https://www.acfun.cn/v/ac48869145,https://tx-free-imgs.acfun.cn/newUpload/2176158_eb4b69370b8f435aa2b171e72403d356.gif?imageslim,AcFun,三日榜,three-days,hotlist,,2026-09-25 13:22:45
5,mr chu!!好怀念这首歌,,2034,https://www.acfun.cn/v/ac48869375,https://tx-free-imgs.acfun.cn/newUpload/16380981_19592eb83a88429695ee1a0508fc3df0.png?imageslim,AcFun,三日榜,three-days,hotlist,,2026-09-25 13:22:45
6,25年了，回坊天花板小酥肉，还是那个味儿,记忆中的味道，回来了，都回来了……<br/>一口椒麻一口鲜，大口吃肉，配上热腾腾的米饭，绝了。<br/>素三鲜也是无敌的存在！,2513,https://www.acfun.cn/v/ac48865538,https://tx-free-imgs.acfun.cn/newUpload/13765438_9bc4a0abf32a4c1aa3e83c844de84649.jpeg?imageslim,AcFun,三日榜,three-days,hotlist,,2026-09-25 13:22:45
7,因为害怕被讨厌 所以把自己藏起来了,,2464,https://www.acfun.cn/v/ac48871331,https://tx-free-imgs.acfun.cn/newUpload/11361784_3d4bd69b46f541e184c2922c24f09276.jpg?imageslim,AcFun,三日榜,three-days,hotlist,,2026-09-25 13:22:45
8,拳击好啊，拳击得学！欢乐八点档-1781,审核大大辛苦了！<br/>免费的香蕉投一下吧，没有那就点个赞吧，这对我来说很重要，谢谢！！！<br/>谢谢每一个投蕉的帅哥美女！你们是我坚持更新的动力！<br/>视频来自快手等平台，侵权联系删除！,3991,https://www.acfun.cn/v/ac48868336,https://tx-free-imgs.acfun.cn/newUpload/2176158_3f6c601293a54468bae97f781440217b.gif?imageslim,AcFun,三日榜,three-days,hotlist,,2026-09-25 13:22:45
9,北京豆汁会惩罚每一个好奇的人！欢乐八点档-1780,审核大大辛苦了！<br/>免费的香蕉投一下吧，没有那就点个赞吧，这对我来说很重要，谢谢！！！<br/>谢谢每一个投蕉的帅哥美女！你们是我坚持更新的动力！<br/>视频来自快手等平台，侵权联系删除！,4387,https://www.acfun.cn/v/ac48865965,https://tx-free-imgs.acfun.cn/newUpload/2176158_ec83e6fb2ffc4005b41881ac13dbaeca.gif?imageslim,AcFun,三日榜,three-days,hotlist,,2026-09-25 13:22:45
10,网络上常见的热门短视频集锦   第三千四百四十五期,审核大大辛苦了！<br/>谢谢每一个投蕉的帅哥美女！香蕉没有来个赞也好啊！<br/>视频来自快手等平台，侵权联系删除！,3844,https://www.acfun.cn/v/ac48866824,https://tx-free-imgs.acfun.cn/newUpload/2176158_dba921eb42f14c7ba31a1af83bfe71ce.gif?imageslim,AcFun,三日榜,three-days,hotlist,,2026-09-25 13:22:45
11,空中瑜伽！！！★手机竖屏2012★,审核大大辛苦了！<br/>谢谢每一个投蕉的帅哥美女！香蕉没有来个赞也好啊！<br/>视频来自快手等平台，侵权联系删除！,4324,https://www.acfun.cn/v/ac48866821,https://tx-free-imgs.acfun.cn/newUpload/2176158_610807af48f5463a891fc9f341c9b16f.gif?imageslim,AcFun,三日榜,three-days,hotlist,,2026-09-25 13:22:45
12,厨师长教你：“鱼香肉丝”的家常做法，酸甜微辣，口感丰富,,2008,https://www.acfun.cn/v/ac48867741,https://tx-free-imgs.acfun.cn/newUpload/13274260_93e68d1098d04ffca2683655a6a404c2.jpeg?imageslim,AcFun,三日榜,three-days,hotlist,,2026-09-25 13:22:45
13,这样的学姐喜欢吗？欢乐八点档-1782,审核大大辛苦了！<br/>免费的香蕉投一下吧，没有那就点个赞吧，这对我来说很重要，谢谢！！！<br/>谢谢每一个投蕉的帅哥美女！你们是我坚持更新的动力！<br/>视频来自快手等平台，侵权联系删除！,2780,https://www.acfun.cn/v/ac48870057,https://tx-free-imgs.acfun.cn/newUpload/2176158_4c1f3b60f73e451abc443941d47305d8.gif?imageslim,AcFun,三日榜,three-days,hotlist,,2026-09-25 13:22:45
14,今天你不能嫁出去【今天有什么好笑的 #2514】,：)，谢谢大家，祝你们开心。<br/>wallpaper壁纸：Fading Astronaut 5K (update)<br/>BGM：I Want It That Way,2852,https://www.acfun.cn/v/ac48865864,https://tx-free-imgs.acfun.cn/newUpload/383079_ee4f5f7badf74f05a2ef6c691387f327.gif?imageslim,AcFun,三日榜,three-days,hotlist,,2026-09-25 13:22:45
15,网络上常见的热门短视频集锦   第三千四百四十三期,审核大大辛苦了！<br/>谢谢每一个投蕉的帅哥美女！香蕉没有来个赞也好啊！<br/>视频来自快手等平台，侵权联系删除！,3577,https://www.acfun.cn/v/ac48864363,https://tx-free-imgs.acfun.cn/newUpload/2176158_dfef22dbf6934a15a594e5766b8680ca.gif?imageslim,AcFun,三日榜,three-days,hotlist,,2026-09-25 13:22:45
16,网络上常见的热门短视频集锦   第三千四百四十四期,审核大大辛苦了！<br/>谢谢每一个投蕉的帅哥美女！香蕉没有来个赞也好啊！<br/>视频来自快手等平台，侵权联系删除！,3497,https://www.acfun.cn/v/ac48865021,https://tx-free-imgs.acfun.cn/newUpload/2176158_663463f1e6004dc2b4dea153d1e60c05.gif?imageslim,AcFun,三日榜,three-days,hotlist,,2026-09-25 13:22:45
17,嘴角压不住了【今天有什么好笑的 #2515】,：），谢谢大家的投蕉和点赞，祝你开心愉快~<br/>wallpaper壁纸：Genshin 神里绫华<br/>BGM：Wake me up when september ends,2355,https://www.acfun.cn/v/ac48868130,https://tx-free-imgs.acfun.cn/newUpload/383079_ef65121591434d2b86d53db1622776cd.gif?imageslim,AcFun,三日榜,three-days,hotlist,,2026-09-25 13:22:45
18,粉丝让我录的，不理解但照做！！！,怪哦~,1983,https://www.acfun.cn/v/ac48866011,https://tx-free-imgs.acfun.cn/newUpload/210705_6db288d8849d4e408bbee41ce9116989.jpeg?imageslim,AcFun,三日榜,three-days,hotlist,,2026-09-25 13:22:45
19,姛姛？！蝴蝶耳机Manget中文翻唱【箐羽Hane】x【缇若柯Teivoc】,“是否你确实表里如一淡然，还是说你——并不似我贪婪？”<br/>《Manget》磁石 / 蝴蝶耳机 - 中文翻唱<br/>原作作曲 / 流星P<br/>曲绘&翻唱 / 箐羽hane & 缇若柯Teivoc<br/>中文填词 / 果汁凉菜<br/>混音 / 风尘<br/>和笋笋一起唱了我们二次元姛神曲！曲绘也是我和笋笋每个人负责了自己的部分最后再拼到一起的！真好！( *^ ^)o(^ ^* )希望大家也能喜欢！,1449,https://www.acfun.cn/v/ac48869340,https://tx-free-imgs.acfun.cn/newUpload/67511609_d868cdbd6b1849e8958696cdc9db1493.jpeg?imageslim,AcFun,三日榜,three-days,hotlist,,2026-09-25 13:22:45
20,网络上常见的热门短视频集锦   第三千四百四十六期,审核大大辛苦了！<br/>谢谢每一个投蕉的帅哥美女！香蕉没有来个赞也好啊！<br/>视频来自快手等平台，侵权联系删除！,3574,https://www.acfun.cn/v/ac48867732,https://tx-free-imgs.acfun.cn/newUpload/2176158_2ec1d99da19a48e0a8e4ff2a2447e612.gif?imageslim,AcFun,三日榜,three-days,hotlist,,2026-09-25 13:22:45
21,双手合十萨瓦迪卡！,,1789,https://www.acfun.cn/v/ac48863951,https://tx-free-imgs.acfun.cn/newUpload/12439728_638a29114abf4b0bafda38c61f497df1.png?imageslim,AcFun,三日榜,three-days,hotlist,,2026-09-25 13:22:45
22,现在电脑不好卖了，以后我们出租AI机器人吧,,1775,https://www.acfun.cn/v/ac48867767,https://tx-free-imgs.acfun.cn/newUpload/17928_c684f06231604145b533a0f00627c624.png?imageslim,AcFun,三日榜,three-days,hotlist,,2026-09-25 13:22:45
23,昆汀力荐！这部复仇老片，竟是杀死比尔的人物原型来源,,1647,https://www.acfun.cn/v/ac48865483,https://tx-free-imgs.acfun.cn/newUpload/8042365_d9ae5a725d8848abb4b488acbf483611.jpeg?imageslim,AcFun,三日榜,three-days,hotlist,,2026-09-25 13:22:45
24,网络上常见的热门短视频集锦   第三千四百四十八期,审核大大辛苦了！<br/>谢谢每一个投蕉的帅哥美女！香蕉没有来个赞也好啊！<br/>视频来自快手等平台，侵权联系删除！,3067,https://www.acfun.cn/v/ac48870020,https://tx-free-imgs.acfun.cn/newUpload/2176158_d65e54f4e9ee489b86b6fc28c31c84ee.gif?imageslim,AcFun,三日榜,three-days,hotlist,,2026-09-25 13:22:45
25,交通事故20260923：交通车祸实例，提高安全驾驶意识,,1400,https://www.acfun.cn/v/ac48868861,https://tx-free-imgs.acfun.cn/newUpload/76871961_edea5de6659a4cd2b733a74989043440.jpg?imageslim,AcFun,三日榜,three-days,hotlist,,2026-09-25 13:22:45
26,人鱼的眼泪,歌曲舞蹈：爱乐之城-人鱼的眼泪,1524,https://www.acfun.cn/v/ac48867050,https://tx-free-imgs.acfun.cn/newUpload/12229455_130b1f041e6741dab4f6295ee27d927e.jpeg?imageslim,AcFun,三日榜,three-days,hotlist,,2026-09-25 13:22:45
27,网络上常见的热门短视频集锦   第三千四百四十七期,审核大大辛苦了！<br/>谢谢每一个投蕉的帅哥美女！香蕉没有来个赞也好啊！<br/>视频来自快手等平台，侵权联系删除！,2972,https://www.acfun.cn/v/ac48869149,https://tx-free-imgs.acfun.cn/newUpload/2176158_fdf9afe2e00a4a1aa62415c846776eaf.gif?imageslim,AcFun,三日榜,three-days,hotlist,,2026-09-25 13:22:45
28,老板直聘（89）,,1590,https://www.acfun.cn/v/ac48868552,https://tx-free-imgs.acfun.cn/newUpload/74706824_db2c7ba15c5d4aa18872db6b0763b7ca.jpeg?imageslim,AcFun,三日榜,three-days,hotlist,,2026-09-25 13:22:45
29,常州新开巴西烤肉自助，100块钱值得吗？,这是我目前为止，去过的第二家巴西烤肉自助，团购优惠的情况下，花了94元。正常价格在95~110不等<br/><br/>简单带大家看下菜品，除了取餐台这么些，各种牛肉制品、大串烧烤都是循环上桌，大家觉得这么些菜式花样，100块钱左右你们觉得贵还是便宜啊，觉得贵的扣1，觉得便宜的扣2,1811,https://www.acfun.cn/v/ac48868891,https://tx-free-imgs.acfun.cn/newUpload/2046675_bf3a59ddff624646850829452262094e.jpeg?imageslim,AcFun,三日榜,three-days,hotlist,,2026-09-25 13:22:45
30,原创编舞《千层套路》的定机位竖屏来啦！,,1598,https://www.acfun.cn/v/ac48869245,https://tx-free-imgs.acfun.cn/newUpload/16380981_24bafd11c027499d9fe6820162faa782.png?imageslim,AcFun,三日榜,three-days,hotlist,,2026-09-25 13:22:45
31,Summertime,歌曲：summer time<br/>动作参考：紫嘉儿<br/>原版编舞：（Millennium红房子_BON）<br/>参考编舞：(GFRIEND《Sunny Summer）,1737,https://www.acfun.cn/v/ac48864563,https://tx-free-imgs.acfun.cn/newUpload/12229455_1a8e22f51f3e4effa32c00abb4fd05af.jpeg?imageslim,AcFun,三日榜,three-days,hotlist,,2026-09-25 13:22:45
32,我要冲会员【今天有什么好笑的 #2516】,：），谢谢大家的投蕉和点赞，祝你开心愉快~<br/>wallpaper壁纸：Reze | Chainsaw Man<br/>BGM：Nicoleta Matei - Love mail<br/>,2154,https://www.acfun.cn/v/ac48870763,https://tx-free-imgs.acfun.cn/newUpload/383079_47b0fc3f458042f5bd3717967e55c598.gif?imageslim,AcFun,三日榜,three-days,hotlist,,2026-09-25 13:22:45
33,北京的最北端在黑龙江？？？国内飞地是怎么形成的？,这份中国地图，是你从未看过的船新版本，放大几倍就会发现，在大家熟悉的各个省份中，还藏着一堆 “你中有我、我中有你” 的飞地。,1771,https://www.acfun.cn/v/ac48867896,https://tx-free-imgs.acfun.cn/newUpload/13630266_cc2428a99a42453f99c9e1306e7a43bb.jpeg?imageslim,AcFun,三日榜,three-days,hotlist,,2026-09-25 13:22:45
34,我要辞职了！,,1657,https://www.acfun.cn/v/ac48863957,https://tx-free-imgs.acfun.cn/newUpload/12439728_7c57a0735675474590bf7b25e1a34527.png?imageslim,AcFun,三日榜,three-days,hotlist,,2026-09-25 13:22:45
35,发个friend圈,,1470,https://www.acfun.cn/v/ac48863958,https://tx-free-imgs.acfun.cn/newUpload/12439728_b44cb67ae45a4c179b08227368f4159c.png?imageslim,AcFun,三日榜,three-days,hotlist,,2026-09-25 13:22:45
36,捏捏已经已进化到可以吃的地步啦？,,1610,https://www.acfun.cn/v/ac48868638,https://tx-free-imgs.acfun.cn/newUpload/6177430_486c910212d548c991eeb140f146a6ed.jpeg?imageslim,AcFun,三日榜,three-days,hotlist,,2026-09-25 13:22:45
37,我终于瘦到120斤以下了！,,1640,https://www.acfun.cn/v/ac48867016,https://tx-free-imgs.acfun.cn/newUpload/16380981_906db098cf5d4eaca57bde52b0ae8bf2.jpg?imageslim,AcFun,三日榜,three-days,hotlist,,2026-09-25 13:22:45
38,沦陷️,歌曲舞蹈：沦陷dj版-星奇摇   动作有改编,1487,https://www.acfun.cn/v/ac48869381,https://tx-free-imgs.acfun.cn/newUpload/12229455_aacf9da97a0940ad8e5f0b509d9cc159.jpeg?imageslim,AcFun,三日榜,three-days,hotlist,,2026-09-25 13:22:45
39,《奶凶奶凶的漫威金刚狼！》,游戏名：《漫威金刚狼》- Marvel s Wolverine<br/>直播玩了15小时左右一周目通关啦~(*^▽^*)开心，这期是切片呦~,1822,https://www.acfun.cn/v/ac48866669,https://tx-free-imgs.acfun.cn/newUpload/61352468_cb62bfe2e19c4f35804259fac7f8c226.jpeg?imageslim,AcFun,三日榜,three-days,hotlist,,2026-09-25 13:22:45
40,嘉蒂丝模型曝光！很大！策划团队产能恢复？,明天新角色就要上了，技系直接立于天上。,1834,https://www.acfun.cn/v/ac48866809,https://tx-free-imgs.acfun.cn/newUpload/247671_ee6def92d94a4ab1b770fa166f4de4b7.jpeg?imageslim,AcFun,三日榜,three-days,hotlist,,2026-09-25 13:22:45
41,奥迪“宫斗”十年大结局？一汽拿四环，上汽拿AUDI,一汽奥迪和上汽奥迪“宫斗”了十年，终于要划下句号了？,1531,https://www.acfun.cn/v/ac48870981,https://tx-free-imgs.acfun.cn/newUpload/13630266_3fde785be5a2411495618f67d01ab66a.jpeg?imageslim,AcFun,三日榜,three-days,hotlist,,2026-09-25 13:22:45
42,换你穿越三国乱世，你是起兵还是种田？,有没有宝贝和我一样，看三国的时候总在想，如果换我身在那个乱世，我会怎么样？是起兵争霸，还是归隐山林？ 或是是咱们可以选三国里有名的角色或者可以架空历史从素人做起，一统三国，那会怎么样?我最近就玩了这么一款游戏，一玩就是五个小时，根本停不下来，那今天来聊聊这款开放世界slg游戏《英雄立志传：三国志》~<br/>,1636,https://www.acfun.cn/v/ac48869043,https://tx-free-imgs.acfun.cn/newUpload/61352468_39715609bed041b98b21f3dbb482ad70.jpeg?imageslim,AcFun,三日榜,three-days,hotlist,,2026-09-25 13:22:45
43,好曲不挑舞！《琵琶曲》你喜欢的是？,,1390,https://www.acfun.cn/v/ac48866497,https://tx-free-imgs.acfun.cn/newUpload/1161851_90c6400f25f14d969028c8a6779eaaf5.png?imageslim,AcFun,三日榜,three-days,hotlist,,2026-09-25 13:22:45
44,抱紧原生家庭（90）,,1403,https://www.acfun.cn/v/ac48867786,https://tx-free-imgs.acfun.cn/newUpload/74706824_fcc9a2386aff4fb0b3ecd158e3c6b97f.png?imageslim,AcFun,三日榜,three-days,hotlist,,2026-09-25 13:22:45
45,你吃月饼了吗？,,1411,https://www.acfun.cn/v/ac48869054,https://tx-free-imgs.acfun.cn/newUpload/1167675_8f48723afb0e41ecbe772249b3f4df1a.jpg?imageslim,AcFun,三日榜,three-days,hotlist,,2026-09-25 13:22:45
46,在英国差点被上门诈骗,可能看到我一人在家，就大胆敲门了，还好平常也会注意周边邻居，没发生什么事儿，这个金额就算被骗也不会报警，以后还是要小心一些了。#英国日常#vlog,1421,https://www.acfun.cn/v/ac48869505,https://tx-free-imgs.acfun.cn/newUpload/43181603_1c8c6c487a864d098b5e7e7bf2a12c6a.jpg?imageslim,AcFun,三日榜,three-days,hotlist,,2026-09-25 13:22:45
47,【柯基】papi酱《生气了》｜oh my god你吓到我了,,1419,https://www.acfun.cn/v/ac48867295,https://tx-free-imgs.acfun.cn/newUpload/29493245_980e56a85587473a82c7499c2ed115cb.png?imageslim,AcFun,三日榜,three-days,hotlist,,2026-09-25 13:22:45
48,【东方】QUEEN【蕾米莉亚 Miy Ver. MMD】,作者：やくも<br/><br/>楽曲:Kanaria 様→https://www.nicovideo.jp/watch/sm4088...<br/>振付:AKIRA様<br/>モーション:P-nez 様→https://www.nicovideo.jp/watch/sm4350...<br/>カメラ:Mizuha様→https://www.nicovideo.jp/watch/sm4353...<br/>モデル:MIy様<br/>ステージ:栗ごはん様<br/>アクセサリ:アスカ様,1126,https://www.acfun.cn/v/ac48870080,https://tx-free-imgs.acfun.cn/newUpload/6102_6a4dce20c9b74fa0bbdff3ccc0a73c5d.png?imageslim,AcFun,三日榜,three-days,hotlist,,2026-09-25 13:22:45
49,发怒了好多次哈哈哈哈，最后一遍最好！,,1408,https://www.acfun.cn/v/ac48867030,https://tx-free-imgs.acfun.cn/newUpload/16380981_8a800edc429e47809b3a0e69ec22c530.jpg?imageslim,AcFun,三日榜,three-days,hotlist,,2026-09-25 13:22:45
50,只有刀鸣最小丑？各大游戏千年血战联动盘点！,300英雄的含金量还在上升,1896,https://www.acfun.cn/v/ac48869154,https://tx-free-imgs.acfun.cn/newUpload/247671_7d920e56c00e4af39fed560bf094f965.jpeg?imageslim,AcFun,三日榜,three-days,hotlist,,2026-09-25 13:22:45
1,剑戟战斗的巅峰 关卡内容的洼地 偏科严重的《鬼武者：剑之道》,它给人爽的部分是真的爽，但是在每次爽之前，你得堵不少马桶，先生。,4404,https://www.acfun.cn/v/ac48859506,https://tx-free-imgs.acfun.cn/newUpload/934542_5d98ad80ca9c4307b5cdc2051c11cb50.jpeg?imageslim,AcFun,周榜,week,hotlist,,2026-09-25 13:22:45
2,【写真】ol穿搭,,10540,https://www.acfun.cn/v/ac48856919,https://tx-free-imgs.acfun.cn/newUpload/3540234_86355333f0d94a46842be6ec42cca369.jpg?imageslim,AcFun,周榜,week,hotlist,,2026-09-25 13:22:45
3,跳最开心的一集,,3949,https://www.acfun.cn/v/ac48860571,https://tx-free-imgs.acfun.cn/newUpload/50330447_79a3f269514140c29e7a85fb7c9dc94c.jpg?imageslim,AcFun,周榜,week,hotlist,,2026-09-25 13:22:45
4,是谁点的小恶魔，蕉出来～,,5517,https://www.acfun.cn/v/ac48867778,https://tx-free-imgs.acfun.cn/newUpload/17062172_6098fee67d1748e0ab5dab3b5665736c.jpg?imageslim,AcFun,周榜,week,hotlist,,2026-09-25 13:22:45
5,喜欢哪套？,,6625,https://www.acfun.cn/v/ac48861422,https://tx-free-imgs.acfun.cn/newUpload/3540234_729e0d22251f439da3735f26e58d174f.jpg?imageslim,AcFun,周榜,week,hotlist,,2026-09-25 13:22:45
6,过期JK碎碎念！,家人们记得蕉一蕉捏 啾咪,5806,https://www.acfun.cn/v/ac48859219,https://tx-free-imgs.acfun.cn/newUpload/17062172_5dd6ea8b5f2741ff87f0911db6dfb909.jpg?imageslim,AcFun,周榜,week,hotlist,,2026-09-25 13:22:45
7,人间琴悠扬，姑娘把谁记心上～,,2703,https://www.acfun.cn/v/ac48863143,https://tx-free-imgs.acfun.cn/newUpload/50330447_938d77716a11477e843914663278ff07.jpg?imageslim,AcFun,周榜,week,hotlist,,2026-09-25 13:22:45
8,开学对各省舍友的刻板印象,,4207,https://www.acfun.cn/v/ac48857410,https://tx-free-imgs.acfun.cn/newUpload/13114172_24dabc4c47ec46458d7cdfcc1cd2ee88.jpeg?imageslim,AcFun,周榜,week,hotlist,,2026-09-25 13:22:45
9,《动物迷惑行为大赏325》,喜欢请投蕉啊 谢谢啦！,2617,https://www.acfun.cn/v/ac48861293,https://tx-free-imgs.acfun.cn/newUpload/1342385_03080470038d444a95ce01ff6a6aeb9f.jpeg?imageslim,AcFun,周榜,week,hotlist,,2026-09-25 13:22:45
10,《动物游戏行为图鉴》,喜欢请投蕉啊 谢谢啦！,2768,https://www.acfun.cn/v/ac48857450,https://tx-free-imgs.acfun.cn/newUpload/1342385_485bc20a4c164df2928409b209fa9afc.jpeg?imageslim,AcFun,周榜,week,hotlist,,2026-09-25 13:22:45
11,双马尾小女仆带来的情绪摇～,,3947,https://www.acfun.cn/v/ac48861966,https://tx-free-imgs.acfun.cn/newUpload/11361784_8cee0402b4754b1e82f85b7099791793.jpg?imageslim,AcFun,周榜,week,hotlist,,2026-09-25 13:22:45
12,帮Acer问一下，地址在哪里？欢乐八点档-1779,审核大大辛苦了！<br/>免费的香蕉投一下吧，没有那就点个赞吧，这对我来说很重要，谢谢！！！<br/>谢谢每一个投蕉的帅哥美女！你们是我坚持更新的动力！<br/>视频来自快手等平台，侵权联系删除！,4424,https://www.acfun.cn/v/ac48863633,https://tx-free-imgs.acfun.cn/newUpload/2176158_ff69c3c797d5414e8056b329918cc5b6.gif?imageslim,AcFun,周榜,week,hotlist,,2026-09-25 13:22:45
13,【绘图过程】《海边》6周年纪念插图过程,6周年纪念插图挂画（预售）、沙滩巾（预售），阿宝已上架,3279,https://www.acfun.cn/v/ac48836990,https://tx-free-imgs.acfun.cn/newUpload/179922_9f95aba039e84f3594c3947b3c8fdd58.jpeg?imageslim,AcFun,周榜,week,hotlist,,2026-09-25 13:22:45
14,《野生动物迷惑行为》,喜欢请投蕉啊   谢谢啦！,2761,https://www.acfun.cn/v/ac48868360,https://tx-free-imgs.acfun.cn/newUpload/1342385_3fab348c538e4c0fa001871a708fe302.jpeg?imageslim,AcFun,周榜,week,hotlist,,2026-09-25 13:22:45
15,还是少妇会的多啊！★手机竖屏2011★,审核大大辛苦了！<br/>谢谢每一个投蕉的帅哥美女！香蕉没有来个赞也好啊！<br/>视频来自快手等平台，侵权联系删除！,5085,https://www.acfun.cn/v/ac48864360,https://tx-free-imgs.acfun.cn/newUpload/2176158_3d4f199fd93640468e543b9ee25ac4c0.gif?imageslim,AcFun,周榜,week,hotlist,,2026-09-25 13:22:45
16,漫威金刚狼深陷争议！SweetBaby又毁一款？【绅批】,这算是DEI的历史遗留问题了，所有现在已经从sweetbaby离职的人，只要参与过游戏制作也会被署名（比如桥本和真）,2797,https://www.acfun.cn/v/ac48868810,https://tx-free-imgs.acfun.cn/newUpload/526850_ca1da1572b1d494a93e2f6bab46cf76b.jpeg?imageslim,AcFun,周榜,week,hotlist,,2026-09-25 13:22:45
17,我真的是来吃饭的！★手机竖屏2013★,审核大大辛苦了！<br/>谢谢每一个投蕉的帅哥美女！香蕉没有来个赞也好啊！<br/>视频来自快手等平台，侵权联系删除！,3592,https://www.acfun.cn/v/ac48869145,https://tx-free-imgs.acfun.cn/newUpload/2176158_eb4b69370b8f435aa2b171e72403d356.gif?imageslim,AcFun,周榜,week,hotlist,,2026-09-25 13:22:45
18,钓鱼佬是真会享受！欢乐八点档-1777,审核大大辛苦了！<br/>免费的香蕉投一下吧，没有那就点个赞吧，这对我来说很重要，谢谢！！！<br/>谢谢每一个投蕉的帅哥美女！你们是我坚持更新的动力！<br/>视频来自快手等平台，侵权联系删除！,4575,https://www.acfun.cn/v/ac48858969,https://tx-free-imgs.acfun.cn/newUpload/2176158_c9d74d926c4c4d709a4b6b7769dffcca.gif?imageslim,AcFun,周榜,week,hotlist,,2026-09-25 13:22:45
19,一波还未平息一波又来侵袭！★手机竖屏2010★,审核大大辛苦了！<br/>谢谢每一个投蕉的帅哥美女！香蕉没有来个赞也好啊！<br/>视频来自快手等平台，侵权联系删除！,4726,https://www.acfun.cn/v/ac48862013,https://tx-free-imgs.acfun.cn/newUpload/2176158_c4802142afc14d50b2cd775e67890cca.gif?imageslim,AcFun,周榜,week,hotlist,,2026-09-25 13:22:45
20,网络上常见的热门短视频集锦   第三千四百三十八期,审核大大辛苦了！<br/>谢谢每一个投蕉的帅哥美女！香蕉没有来个赞也好啊！<br/>视频来自快手等平台，侵权联系删除！,4417,https://www.acfun.cn/v/ac48858394,https://tx-free-imgs.acfun.cn/newUpload/2176158_38174e72af934b9e86687045b01f0dd3.gif?imageslim,AcFun,周榜,week,hotlist,,2026-09-25 13:22:45
21,mr chu!!好怀念这首歌,,2034,https://www.acfun.cn/v/ac48869375,https://tx-free-imgs.acfun.cn/newUpload/16380981_19592eb83a88429695ee1a0508fc3df0.png?imageslim,AcFun,周榜,week,hotlist,,2026-09-25 13:22:45
22,魔兽无限服禁金团引爆社区！但原教旨主义玩家才是最抽象的？【绅批】,所谓“严厉处罚“”顶格也就是封号，会根据情况由短至长，当然能不能具体实行就是另一回事了,3074,https://www.acfun.cn/v/ac48857248,https://tx-free-imgs.acfun.cn/newUpload/526850_b63f9e2a1bd04c38ac3c61257e0b87dd.jpeg?imageslim,AcFun,周榜,week,hotlist,,2026-09-25 13:22:45
23,你们内外皆钢，而我们化身钢铁！【达奇】战锤40K故事内容,感谢下巴老师对视频内容的支持与完善,2135,https://www.acfun.cn/v/ac48856443,https://tx-free-imgs.acfun.cn/newUpload/346807_7f5f779958dd4d6986f60021118423da.jpeg?imageslim,AcFun,周榜,week,hotlist,,2026-09-25 13:22:45
24,还是少妇会啊！！！★手机竖屏2009★,审核大大辛苦了！<br/>谢谢每一个投蕉的帅哥美女！香蕉没有来个赞也好啊！<br/>视频来自快手等平台，侵权联系删除！,4855,https://www.acfun.cn/v/ac48859515,https://tx-free-imgs.acfun.cn/newUpload/2176158_d4e9e6e30f4446319f9e720adfe35ef9.gif?imageslim,AcFun,周榜,week,hotlist,,2026-09-25 13:22:45
25,【AC娘】琵琶曲,原作者：Kotte Animation<br/>还有瑕疵，看个乐吧,3094,https://www.acfun.cn/v/ac48864492,https://tx-free-imgs.acfun.cn/newUpload/41729435_02cbd995b6d54f508eb21d3cb8621903.jpeg?imageslim,AcFun,周榜,week,hotlist,,2026-09-25 13:22:45
26,25年了，回坊天花板小酥肉，还是那个味儿,记忆中的味道，回来了，都回来了……<br/>一口椒麻一口鲜，大口吃肉，配上热腾腾的米饭，绝了。<br/>素三鲜也是无敌的存在！,2513,https://www.acfun.cn/v/ac48865538,https://tx-free-imgs.acfun.cn/newUpload/13765438_9bc4a0abf32a4c1aa3e83c844de84649.jpeg?imageslim,AcFun,周榜,week,hotlist,,2026-09-25 13:22:45
27,因为害怕被讨厌 所以把自己藏起来了,,2464,https://www.acfun.cn/v/ac48871331,https://tx-free-imgs.acfun.cn/newUpload/11361784_3d4bd69b46f541e184c2922c24f09276.jpg?imageslim,AcFun,周榜,week,hotlist,,2026-09-25 13:22:45
28,海洋公园一定要去啊！欢乐八点档-1776,审核大大辛苦了！<br/>免费的香蕉投一下吧，没有那就点个赞吧，这对我来说很重要，谢谢！！！<br/>谢谢每一个投蕉的帅哥美女！你们是我坚持更新的动力！<br/>视频来自快手等平台，侵权联系删除！,4470,https://www.acfun.cn/v/ac48856824,https://tx-free-imgs.acfun.cn/newUpload/2176158_3406d07fb97f486893aedb108728c2ec.gif?imageslim,AcFun,周榜,week,hotlist,,2026-09-25 13:22:45
29,拳击好啊，拳击得学！欢乐八点档-1781,审核大大辛苦了！<br/>免费的香蕉投一下吧，没有那就点个赞吧，这对我来说很重要，谢谢！！！<br/>谢谢每一个投蕉的帅哥美女！你们是我坚持更新的动力！<br/>视频来自快手等平台，侵权联系删除！,3991,https://www.acfun.cn/v/ac48868336,https://tx-free-imgs.acfun.cn/newUpload/2176158_3f6c601293a54468bae97f781440217b.gif?imageslim,AcFun,周榜,week,hotlist,,2026-09-25 13:22:45
30,你的拳头真是肥嘟嘟的...,动漫：心灵的声音，作者：赵石【韩国】,2167,https://www.acfun.cn/v/ac48859870,https://tx-free-imgs.acfun.cn/newUpload/509259_2fa91d5206504450be471808d9c93a22.jpeg?imageslim,AcFun,周榜,week,hotlist,,2026-09-25 13:22:45
31,这个一字马技术含量很高啊！欢乐八点档-1778,审核大大辛苦了！<br/>免费的香蕉投一下吧，没有那就点个赞吧，这对我来说很重要，谢谢！！！<br/>谢谢每一个投蕉的帅哥美女！你们是我坚持更新的动力！<br/>视频来自快手等平台，侵权联系删除！,4342,https://www.acfun.cn/v/ac48861225,https://tx-free-imgs.acfun.cn/newUpload/2176158_0824627cb76d40dc99ce9cb12c07e4cc.gif?imageslim,AcFun,周榜,week,hotlist,,2026-09-25 13:22:45
32,北京豆汁会惩罚每一个好奇的人！欢乐八点档-1780,审核大大辛苦了！<br/>免费的香蕉投一下吧，没有那就点个赞吧，这对我来说很重要，谢谢！！！<br/>谢谢每一个投蕉的帅哥美女！你们是我坚持更新的动力！<br/>视频来自快手等平台，侵权联系删除！,4387,https://www.acfun.cn/v/ac48865965,https://tx-free-imgs.acfun.cn/newUpload/2176158_ec83e6fb2ffc4005b41881ac13dbaeca.gif?imageslim,AcFun,周榜,week,hotlist,,2026-09-25 13:22:45
33,网络上常见的热门短视频集锦   第三千四百四十一期,审核大大辛苦了！<br/>谢谢每一个投蕉的帅哥美女！香蕉没有来个赞也好啊！<br/>视频来自快手等平台，侵权联系删除！,4150,https://www.acfun.cn/v/ac48862019,https://tx-free-imgs.acfun.cn/newUpload/2176158_6e5a88d95f344d92a8d97a57f03ac4b9.gif?imageslim,AcFun,周榜,week,hotlist,,2026-09-25 13:22:45
34,网络上常见的热门短视频集锦   第三千四百四十五期,审核大大辛苦了！<br/>谢谢每一个投蕉的帅哥美女！香蕉没有来个赞也好啊！<br/>视频来自快手等平台，侵权联系删除！,3844,https://www.acfun.cn/v/ac48866824,https://tx-free-imgs.acfun.cn/newUpload/2176158_dba921eb42f14c7ba31a1af83bfe71ce.gif?imageslim,AcFun,周榜,week,hotlist,,2026-09-25 13:22:45
35,琵琶曲丨夜神月 VS  L,原曲：琵琶曲,2223,https://www.acfun.cn/v/ac48861693,https://tx-free-imgs.acfun.cn/newUpload/16986934_3bf4dd94910c4845acf851f7f0fdb757.jpeg?imageslim,AcFun,周榜,week,hotlist,,2026-09-25 13:22:45
36,空中瑜伽！！！★手机竖屏2012★,审核大大辛苦了！<br/>谢谢每一个投蕉的帅哥美女！香蕉没有来个赞也好啊！<br/>视频来自快手等平台，侵权联系删除！,4324,https://www.acfun.cn/v/ac48866821,https://tx-free-imgs.acfun.cn/newUpload/2176158_610807af48f5463a891fc9f341c9b16f.gif?imageslim,AcFun,周榜,week,hotlist,,2026-09-25 13:22:45
37,厨师长教你：“鱼香肉丝”的家常做法，酸甜微辣，口感丰富,,2008,https://www.acfun.cn/v/ac48867741,https://tx-free-imgs.acfun.cn/newUpload/13274260_93e68d1098d04ffca2683655a6a404c2.jpeg?imageslim,AcFun,周榜,week,hotlist,,2026-09-25 13:22:45
38,网络上常见的热门短视频集锦   第三千四百三十九期,审核大大辛苦了！<br/>谢谢每一个投蕉的帅哥美女！香蕉没有来个赞也好啊！<br/>视频来自快手等平台，侵权联系删除！,4009,https://www.acfun.cn/v/ac48859518,https://tx-free-imgs.acfun.cn/newUpload/2176158_13f61f1aa39c4732bdaeed87fe0e28a4.gif?imageslim,AcFun,周榜,week,hotlist,,2026-09-25 13:22:45
39,这样的学姐喜欢吗？欢乐八点档-1782,审核大大辛苦了！<br/>免费的香蕉投一下吧，没有那就点个赞吧，这对我来说很重要，谢谢！！！<br/>谢谢每一个投蕉的帅哥美女！你们是我坚持更新的动力！<br/>视频来自快手等平台，侵权联系删除！,2780,https://www.acfun.cn/v/ac48870057,https://tx-free-imgs.acfun.cn/newUpload/2176158_4c1f3b60f73e451abc443941d47305d8.gif?imageslim,AcFun,周榜,week,hotlist,,2026-09-25 13:22:45
40,一天生产500万个！速冻水饺是如何制造出来的？,,2149,https://www.acfun.cn/v/ac48859253,https://tx-free-imgs.acfun.cn/newUpload/19281632_57f07fe28e24422d948491fd2d43586c.jpeg?imageslim,AcFun,周榜,week,hotlist,,2026-09-25 13:22:45
41,今天你不能嫁出去【今天有什么好笑的 #2514】,：)，谢谢大家，祝你们开心。<br/>wallpaper壁纸：Fading Astronaut 5K (update)<br/>BGM：I Want It That Way,2852,https://www.acfun.cn/v/ac48865864,https://tx-free-imgs.acfun.cn/newUpload/383079_ee4f5f7badf74f05a2ef6c691387f327.gif?imageslim,AcFun,周榜,week,hotlist,,2026-09-25 13:22:45
42,单纯的约会（92）,,1812,https://www.acfun.cn/v/ac48857199,https://tx-free-imgs.acfun.cn/newUpload/74706824_a3a60d77e6934225b168686e44216c4b.png?imageslim,AcFun,周榜,week,hotlist,,2026-09-25 13:22:45
43,【东方】推特东方小视频选集 第272期,睡觉睡觉睡觉睡觉睡觉睡觉睡觉睡觉睡觉睡觉……,1383,https://www.acfun.cn/v/ac48858830,https://tx-free-imgs.acfun.cn/newUpload/6102_5a13d6efeec742ff84c512206aaeb7b0.jpeg?imageslim,AcFun,周榜,week,hotlist,,2026-09-25 13:22:45
44,甜妹来袭！,,2152,https://www.acfun.cn/v/ac48863947,https://tx-free-imgs.acfun.cn/newUpload/12439728_1fd5a3c6e60241a1a1cd8f89dbede769.png?imageslim,AcFun,周榜,week,hotlist,,2026-09-25 13:22:45
45,网络上常见的热门短视频集锦   第三千四百三十六期,审核大大辛苦了！<br/>谢谢每一个投蕉的帅哥美女！香蕉没有来个赞也好啊！<br/>视频来自快手等平台，侵权联系删除！,3950,https://www.acfun.cn/v/ac48856130,https://tx-free-imgs.acfun.cn/newUpload/2176158_4b41dc501581491e9b900fd0a1662e27.gif?imageslim,AcFun,周榜,week,hotlist,,2026-09-25 13:22:45
46,网络上常见的热门短视频集锦   第三千四百四十三期,审核大大辛苦了！<br/>谢谢每一个投蕉的帅哥美女！香蕉没有来个赞也好啊！<br/>视频来自快手等平台，侵权联系删除！,3577,https://www.acfun.cn/v/ac48864363,https://tx-free-imgs.acfun.cn/newUpload/2176158_dfef22dbf6934a15a594e5766b8680ca.gif?imageslim,AcFun,周榜,week,hotlist,,2026-09-25 13:22:45
47,嘞个就是爱情【今天有什么好笑的 #2512】,：），谢谢大家的投蕉和点赞，祝你开心愉快~<br/>wallpaper壁纸：lamp<br/>BGM：What a Feeling,2434,https://www.acfun.cn/v/ac48860992,https://tx-free-imgs.acfun.cn/newUpload/383079_172d192fee55441c96b7352f61e0a25f.gif?imageslim,AcFun,周榜,week,hotlist,,2026-09-25 13:22:45
48,网络上常见的热门短视频集锦   第三千四百三十七期,审核大大辛苦了！<br/>谢谢每一个投蕉的帅哥美女！香蕉没有来个赞也好啊！<br/>视频来自快手等平台，侵权联系删除！,3650,https://www.acfun.cn/v/ac48857544,https://tx-free-imgs.acfun.cn/newUpload/2176158_65f1d403dce7484b8d62b6f272bdbe31.gif?imageslim,AcFun,周榜,week,hotlist,,2026-09-25 13:22:45
49,网络上常见的热门短视频集锦   第三千四百四十四期,审核大大辛苦了！<br/>谢谢每一个投蕉的帅哥美女！香蕉没有来个赞也好啊！<br/>视频来自快手等平台，侵权联系删除！,3497,https://www.acfun.cn/v/ac48865021,https://tx-free-imgs.acfun.cn/newUpload/2176158_663463f1e6004dc2b4dea153d1e60c05.gif?imageslim,AcFun,周榜,week,hotlist,,2026-09-25 13:22:45
50,厨师长分享制作“宫保鸡丁”的三大要素：腌制、调味及火候,,2118,https://www.acfun.cn/v/ac48863018,https://tx-free-imgs.acfun.cn/newUpload/13274260_803e1613305b460d878594c16c1c5a87.jpeg?imageslim,AcFun,周榜,week,hotlist,,2026-09-25 13:22:45
1,因为害怕被讨厌 所以把自己藏起来了,,2566,https://www.acfun.cn/v/ac48871331,https://tx-free-imgs.acfun.cn/newUpload/11361784_3d4bd69b46f541e184c2922c24f09276.jpg?imageslim,AcFun,日榜,day,hotlist,,2026-09-25 14:38:03
2,这样的学姐喜欢吗？欢乐八点档-1782,审核大大辛苦了！<br/>免费的香蕉投一下吧，没有那就点个赞吧，这对我来说很重要，谢谢！！！<br/>谢谢每一个投蕉的帅哥美女！你们是我坚持更新的动力！<br/>视频来自快手等平台，侵权联系删除！,2921,https://www.acfun.cn/v/ac48870057,https://tx-free-imgs.acfun.cn/newUpload/2176158_4c1f3b60f73e451abc443941d47305d8.gif?imageslim,AcFun,日榜,day,hotlist,,2026-09-25 14:38:03
3,姛姛？！蝴蝶耳机Manget中文翻唱【箐羽Hane】x【缇若柯Teivoc】,“是否你确实表里如一淡然，还是说你——并不似我贪婪？”<br/>《Manget》磁石 / 蝴蝶耳机 - 中文翻唱<br/>原作作曲 / 流星P<br/>曲绘&翻唱 / 箐羽hane & 缇若柯Teivoc<br/>中文填词 / 果汁凉菜<br/>混音 / 风尘<br/>和笋笋一起唱了我们二次元姛神曲！曲绘也是我和笋笋每个人负责了自己的部分最后再拼到一起的！真好！( *^ ^)o(^ ^* )希望大家也能喜欢！,1490,https://www.acfun.cn/v/ac48869340,https://tx-free-imgs.acfun.cn/newUpload/67511609_d868cdbd6b1849e8958696cdc9db1493.jpeg?imageslim,AcFun,日榜,day,hotlist,,2026-09-25 14:38:03
4,网络上常见的热门短视频集锦   第三千四百四十八期,审核大大辛苦了！<br/>谢谢每一个投蕉的帅哥美女！香蕉没有来个赞也好啊！<br/>视频来自快手等平台，侵权联系删除！,3152,https://www.acfun.cn/v/ac48870020,https://tx-free-imgs.acfun.cn/newUpload/2176158_d65e54f4e9ee489b86b6fc28c31c84ee.gif?imageslim,AcFun,日榜,day,hotlist,,2026-09-25 14:38:03
5,我要冲会员【今天有什么好笑的 #2516】,：），谢谢大家的投蕉和点赞，祝你开心愉快~<br/>wallpaper壁纸：Reze | Chainsaw Man<br/>BGM：Nicoleta Matei - Love mail<br/>,2214,https://www.acfun.cn/v/ac48870763,https://tx-free-imgs.acfun.cn/newUpload/383079_47b0fc3f458042f5bd3717967e55c598.gif?imageslim,AcFun,日榜,day,hotlist,,2026-09-25 14:38:03
6,沦陷️,歌曲舞蹈：沦陷dj版-星奇摇   动作有改编,1551,https://www.acfun.cn/v/ac48869381,https://tx-free-imgs.acfun.cn/newUpload/12229455_aacf9da97a0940ad8e5f0b509d9cc159.jpeg?imageslim,AcFun,日榜,day,hotlist,,2026-09-25 14:38:03
7,娃：真遗憾，本来打算亲自告诉你们的,嘿嘿希望大家都万事顺意～心想事成,1391,https://www.acfun.cn/v/ac48871740,https://tx-free-imgs.acfun.cn/newUpload/17062172_d1a93166ed084e3aadac2fea4bba0707.jpg?imageslim,AcFun,日榜,day,hotlist,,2026-09-25 14:38:03
8,奥迪“宫斗”十年大结局？一汽拿四环，上汽拿AUDI,一汽奥迪和上汽奥迪“宫斗”了十年，终于要划下句号了？,1576,https://www.acfun.cn/v/ac48870981,https://tx-free-imgs.acfun.cn/newUpload/13630266_3fde785be5a2411495618f67d01ab66a.jpeg?imageslim,AcFun,日榜,day,hotlist,,2026-09-25 14:38:03
9,在英国差点被上门诈骗,可能看到我一人在家，就大胆敲门了，还好平常也会注意周边邻居，没发生什么事儿，这个金额就算被骗也不会报警，以后还是要小心一些了。#英国日常#vlog,1468,https://www.acfun.cn/v/ac48869505,https://tx-free-imgs.acfun.cn/newUpload/43181603_1c8c6c487a864d098b5e7e7bf2a12c6a.jpg?imageslim,AcFun,日榜,day,hotlist,,2026-09-25 14:38:03
10,这套皮肤真的很喜欢,,1264,https://www.acfun.cn/v/ac48871657,https://tx-free-imgs.acfun.cn/newUpload/16380981_ac9640e59a3a42e093fcee0a0b81d474.jpg?imageslim,AcFun,日榜,day,hotlist,,2026-09-25 14:38:03
11,【东方】QUEEN【蕾米莉亚 Miy Ver. MMD】,作者：やくも<br/><br/>楽曲:Kanaria 様→https://www.nicovideo.jp/watch/sm4088...<br/>振付:AKIRA様<br/>モーション:P-nez 様→https://www.nicovideo.jp/watch/sm4350...<br/>カメラ:Mizuha様→https://www.nicovideo.jp/watch/sm4353...<br/>モデル:MIy様<br/>ステージ:栗ごはん様<br/>アクセサリ:アスカ様,1147,https://www.acfun.cn/v/ac48870080,https://tx-free-imgs.acfun.cn/newUpload/6102_6a4dce20c9b74fa0bbdff3ccc0a73c5d.png?imageslim,AcFun,日榜,day,hotlist,,2026-09-25 14:38:03
12,拜托了，夫人！★手机竖屏2014★,审核大大辛苦了！<br/>谢谢每一个投蕉的帅哥美女！香蕉没有来个赞也好啊！<br/>视频来自快手等平台，侵权联系删除！,1551,https://www.acfun.cn/v/ac48871493,https://tx-free-imgs.acfun.cn/newUpload/2176158_afaf0913878443b1bc00d636136ffce3.gif?imageslim,AcFun,日榜,day,hotlist,,2026-09-25 14:38:03
13,【AI】今晚的期待,Comfyui,1420,https://www.acfun.cn/v/ac48870865,https://tx-free-imgs.acfun.cn/newUpload/14047168_02bac6c1158f4e108536124c7239e472.jpeg?imageslim,AcFun,日榜,day,hotlist,,2026-09-25 14:38:03
14,"长手打短手？2万分王者局！快速看完一局韩服王者斗殴局#836 十三day, Eclipse,","长手打短手？2万分王者局！快速看完一局韩服王者斗殴局#836 十三day, Eclipse, 0909, Lelitz, 1Jiang <br/>BGM:https://music.163.com/playlist?id=650818240&userid=30476594",1411,https://www.acfun.cn/v/ac48863751,https://tx-free-imgs.acfun.cn/newUpload/1378726_792b017ff72e4ed49b05fe8e1e24f6e4.jpeg?imageslim,AcFun,日榜,day,hotlist,,2026-09-25 14:38:03
15,【锅锅x怀瑜x阔落】千里邀月——共饮此杯赏此月，夜好眠,中秋到了，和姐妹们合唱了千里邀月~~<br/>乐：可乐祝大家身体健康，永不加班，月圆人团圆<br/>鱼：怀瑜愿诸位财源广进，常能摸鱼，花好月更圆<br/>锅：锅锅祝大家桂香满锅，早归赏月，饼甜心更甜<br/>祝大家中秋快乐~,1226,https://www.acfun.cn/v/ac48871580,https://tx-free-imgs.acfun.cn/newUpload/67206930_e47be8dbac2546e1b5a4a831e71dabe4.jpeg?imageslim,AcFun,日榜,day,hotlist,,2026-09-25 14:38:03
16,坚持跳舞8年改变了什么？《千里邀月》2018vs2026【紫嘉儿】,中秋快乐！没想到8年前的编舞每年这个时候都有很多翻跳，一起用舞蹈记录下美好时光吧！,1290,https://www.acfun.cn/v/ac48870585,https://tx-free-imgs.acfun.cn/newUpload/1161851_851c52555ace464f98231f30a167eedd.png?imageslim,AcFun,日榜,day,hotlist,,2026-09-25 14:38:03
17,少女机甲+空投轰炸？是什么神仙组合？,到底是一款什么样的机甲游戏，上线快3年还保持着特别好评？虽然是机甲美少女的设定，但是操作的是厚重质感的硬核机甲，这种硬核操作的感觉让人越玩越上头，今天来跟大家聊聊这款游戏《铁骑少女》。<br/>最近我一直期待的第三个DLC金盏花也是要上线了，这次DLC的核心新玩法，就是机甲“搜打撤”的模式。和本体死守基地的玩法不一样，这次整体的游玩思路都变了~,1201,https://www.acfun.cn/v/ac48871337,https://tx-free-imgs.acfun.cn/newUpload/61352468_77bf0ab03cd34fefa1d5530aca003edb.jpeg?imageslim,AcFun,日榜,day,hotlist,,2026-09-25 14:38:03
18,【AI】小妈裙~chocolate cream,Comfyui,1415,https://www.acfun.cn/v/ac48870861,https://tx-free-imgs.acfun.cn/newUpload/14047168_efd2bae7c6184b3b89e82abfaadf0fb3.jpeg?imageslim,AcFun,日榜,day,hotlist,,2026-09-25 14:38:03
19,好像只能礼貌的问候~,,1213,https://www.acfun.cn/v/ac48871365,https://tx-free-imgs.acfun.cn/newUpload/43459034_4572f98756df48b0bc9c323cdc49a8d2.jpg?imageslim,AcFun,日榜,day,hotlist,,2026-09-25 14:38:03
20,【绝望女神/翻唱】【星际牛仔ED The Real Folk Blues】,想听啥情继续评论回复~,1034,https://www.acfun.cn/v/ac48871323,https://tx-free-imgs.acfun.cn/newUpload/20705199_0be8deafcbb34bdb9f17523c5bc95087.jpeg?imageslim,AcFun,日榜,day,hotlist,,2026-09-25 14:38:03
21,裸足圆脸仙女下凡～跳一曲千里邀月【可心喵】,,944,https://www.acfun.cn/v/ac48872448,https://tx-free-imgs.acfun.cn/newUpload/12892608_6691690fd8e944278bda5d5390e1e5a9.jpg?imageslim,AcFun,日榜,day,hotlist,,2026-09-25 14:38:03
22,记录2023年6月份在台上开心的表演lamb的我,,1201,https://www.acfun.cn/v/ac48871344,https://tx-free-imgs.acfun.cn/newUpload/16380981_00755d93042647bcb6f29a19da53e590.png?imageslim,AcFun,日榜,day,hotlist,,2026-09-25 14:38:03
23,【黒碳】ライトダンス - サカナクション【生日作】【翻唱】,本家:サカナクション ; 翻唱: 黒碳Kurotan; 后期: 黒碳Kurotan; 曲绘: 黒碳Kurotan; PV: 黒碳Kurotan以及十分牛杯的網站：https://pv.pixjam.cn/ 背景是用這個做的!! 狠狠趕工終於做完了 好感動,1115,https://www.acfun.cn/v/ac48869560,https://tx-free-imgs.acfun.cn/newUpload/13707663_f611642aa87b4dab9a8d8a6beb7ace77.jpeg?imageslim,AcFun,日榜,day,hotlist,,2026-09-25 14:38:03
24,【颜音】中秋歌回~祝大家节日快乐,皓月凌空，桂香满庭。<br/>愿今夜歌声暖心，祝各位中秋快乐，阖家美满！,1190,https://www.acfun.cn/v/ac48872065,https://tx-free-imgs.acfun.cn/newUpload/4425861_3dab8cdf19a74bf6accbdcd688cd9b6a.jpeg?imageslim,AcFun,日榜,day,hotlist,,2026-09-25 14:38:03
25,吃！给我吃！【鬼ノ宴翻唱】,,1092,https://www.acfun.cn/v/ac48871186,https://tx-free-imgs.acfun.cn/newUpload/10144864_ee78f4d0678d414f9ce18c29231cf17a.jpeg?imageslim,AcFun,日榜,day,hotlist,,2026-09-25 14:38:03
26,卓哥儿那可是专业杰哥，人群之中七进七出不成问题！,自定义也发？,1340,https://www.acfun.cn/v/ac48871816,https://tx-free-imgs.acfun.cn/newUpload/581357_d49b41a0e554440db6952de719b3f832.jpeg?imageslim,AcFun,日榜,day,hotlist,,2026-09-25 14:38:03
27,【翻唱】鬼ノ宴,本家様<br/>友成空様<br/>【鬼ノ宴】<br/>•友成空(TOMONARI SORA) -   鬼ノ宴   ［Lyric Video］<br/>https://www.youtube.com/watch?v=NFzyrPK9rtM,1060,https://www.acfun.cn/v/ac48871180,https://tx-free-imgs.acfun.cn/newUpload/10144864_a75eddb97ea048b59fef6aaea5d4478f.jpeg?imageslim,AcFun,日榜,day,hotlist,,2026-09-25 14:38:03
28,下班后跳一段恋爱的条件～,,1108,https://www.acfun.cn/v/ac48871308,https://tx-free-imgs.acfun.cn/newUpload/43459034_9aa96c2a93884a3891b73b05298d8521.jpg?imageslim,AcFun,日榜,day,hotlist,,2026-09-25 14:38:03
29,BR66型蒸汽机车 trix越来越垃圾了！尤其是垃圾会员车，一个比一个烂！这一次终于拉了一坨更大的！,,887,https://www.acfun.cn/v/ac48871197,https://tx-free-imgs.acfun.cn/newUpload/66128753_8563c2ab24aa4a2289e52500bc42f1f1.png?imageslim,AcFun,日榜,day,hotlist,,2026-09-25 14:38:03
30,绿梦：时空之声公测定档！公测版本全面优化！,绿梦：时空之声公测定档！公测版本全面优化！,1282,https://www.acfun.cn/v/ac48871268,https://tx-free-imgs.acfun.cn/newUpload/63104383_33b9de6d951a4ca0b5a7b9dfc2fc748e.gif?imageslim,AcFun,日榜,day,hotlist,,2026-09-25 14:38:03
31,【AI】山间竹林仙子,Comfyui,1137,https://www.acfun.cn/v/ac48870853,https://tx-free-imgs.acfun.cn/newUpload/14047168_20afdd6955bd44a9a04b0629aecb5ad1.jpeg?imageslim,AcFun,日榜,day,hotlist,,2026-09-25 14:38:03
32,22.称霸水下四亿年，人类最古老的远房祖先：硬骨鱼总纲,22.称霸水下四亿年，人类最古老的远房祖先：硬骨鱼总纲,1061,https://www.acfun.cn/v/ac48871354,https://tx-free-imgs.acfun.cn/newUpload/28933912_40dcb39f039045868ae364582e4a1797.jpeg?imageslim,AcFun,日榜,day,hotlist,,2026-09-25 14:38:03
33,【牛子组合】凉凉,世事一场大梦，人生几度秋凉，祝大家26年中秋快乐,1060,https://www.acfun.cn/v/ac48870493,https://tx-free-imgs.acfun.cn/newUpload/358616_22f2cb85fdca497ab5cd556c984493d6.png?imageslim,AcFun,日榜,day,hotlist,,2026-09-25 14:38:03
34,另一版,之前还拍了一版，但是感觉镜头太晃了,1022,https://www.acfun.cn/v/ac48871588,https://tx-free-imgs.acfun.cn/newUpload/12954767_f420f9f6197c43d4bb14421c32d81bbb.png?imageslim,AcFun,日榜,day,hotlist,,2026-09-25 14:38:03
35,这新番要不是霸权！我家狗都不信啊！十月最无悬念的提前吹爆！,这新番要不是霸权！我家狗都不信啊！十月最无悬念的提前吹爆！,1093,https://www.acfun.cn/v/ac48871615,https://tx-free-imgs.acfun.cn/newUpload/13467496_654fcc0446324342b35eef2b72d45df4.jpeg?imageslim,AcFun,日榜,day,hotlist,,2026-09-25 14:38:03
36,T-ara Bo Peep Bo Peep,,1173,https://www.acfun.cn/v/ac48869397,https://tx-free-imgs.acfun.cn/newUpload/795184_1876bec3bc5d43d6b42da8060c06a34a.jpeg?imageslim,AcFun,日榜,day,hotlist,,2026-09-25 14:38:03
37,上线才半年，腾讯养的“龙虾”QClaw，官宣停运了！,,1182,https://www.acfun.cn/v/ac48871074,https://tx-free-imgs.acfun.cn/newUpload/17928_22da7d70ed6749f690e735b0f098a800.png?imageslim,AcFun,日榜,day,hotlist,,2026-09-25 14:38:03
38,白井黑子·佐天泪子 中秋月色双人手势舞【AI动画/超清】,本人本地部署的AI生成图片视频模型制作，硬件英伟达显卡RTX5070TI 16G+96G DDR5 6000内存，花费2小时合成.<br/>这次引入新的二次元动漫人物模型，二次元脸部质量效果会更好些，同时步数可以适当降低，降本增效。引入后期处理工具修复强化背景<br/><br/>人物：佐天泪子 白井黑子<br/>舞蹈技术与BGM：网红手势舞<br/>场景：中秋月色,910,https://www.acfun.cn/v/ac48871101,https://tx-free-imgs.acfun.cn/newUpload/46764084_397c08849b344139b09a46fb71f814b3.png?imageslim,AcFun,日榜,day,hotlist,,2026-09-25 14:38:03
39,艺术欣赏,,1178,https://www.acfun.cn/v/ac48871987,https://tx-free-imgs.acfun.cn/newUpload/2742252_cb96fa8c85b847afb6618ecf730b5f70.jpg?imageslim,AcFun,日榜,day,hotlist,,2026-09-25 14:38:03
40,社畜身份不是你精致生活的角色扮演,,948,https://www.acfun.cn/v/ac48871467,https://tx-free-imgs.acfun.cn/newUpload/14013875_ec82a37907ff4565a6f6f6d916bd7117.png?imageslim,AcFun,日榜,day,hotlist,,2026-09-25 14:38:03
41,小兔-20260923 abracadabra 上下 恋爱的条件 成人礼 晚安吻,,1112,https://www.acfun.cn/v/ac48870476,https://tx-free-imgs.acfun.cn/newUpload/78055394_4dcf7a6688cb4a1994bd96389cc84b38.jpeg?imageslim,AcFun,日榜,day,hotlist,,2026-09-25 14:38:03
42,桢-20260923 abracadabra,,1093,https://www.acfun.cn/v/ac48870552,https://tx-free-imgs.acfun.cn/newUpload/78055394_f7c161e6bccd480f9b8a372dd55c3678.jpeg?imageslim,AcFun,日榜,day,hotlist,,2026-09-25 14:38:03
43,【官方双语】存储价格飞涨  蓝光会是那个意想不到的解决方案吗?#linus谈科技,,784,https://www.acfun.cn/v/ac48872033,https://tx-free-imgs.acfun.cn/newUpload/1630166_48020992cf374f349c36bc0d54f08d91.jpeg?imageslim,AcFun,日榜,day,hotlist,,2026-09-25 14:38:03
44,“狐蝠”亡命天涯半世纪,,1280,https://www.acfun.cn/v/ac48871667,https://tx-free-imgs.acfun.cn/newUpload/3592774_514c8455f636400c949adc88c25d0e83.jpeg?imageslim,AcFun,日榜,day,hotlist,,2026-09-25 14:38:03
45,飒！BABYMONSTER CHIQUITA小姐姐跳《Worth It》,-v -好不好看呢,1102,https://www.acfun.cn/v/ac48870427,https://tx-free-imgs.acfun.cn/newUpload/199029_44d3343f2e3742c780253ef0f9df1a6b.png?imageslim,AcFun,日榜,day,hotlist,,2026-09-25 14:38:03
46,绝顶性感黑丝【DazzlingRed】舞蹈翻跳,,1132,https://www.acfun.cn/v/ac48871722,https://tx-free-imgs.acfun.cn/newUpload/28629507_651036189fde4ffabea2957b7a006984.png?imageslim,AcFun,日榜,day,hotlist,,2026-09-25 14:38:03
47,塞巴斯蒂安·埃尔南德斯 vs 亀田京之介,塞巴斯蒂安·埃尔南德斯 vs 亀田京之介,999,https://www.acfun.cn/v/ac48871133,https://tx-free-imgs.acfun.cn/newUpload/61107438_67e40508d9a74840841c26da02695801.png?imageslim,AcFun,日榜,day,hotlist,,2026-09-25 14:38:03
48,网络上常见的热门短视频集锦   第三千四百四十九期,审核大大辛苦了！<br/>谢谢每一个投蕉的帅哥美女！香蕉没有来个赞也好啊！<br/>视频来自快手等平台，侵权联系删除！,1088,https://www.acfun.cn/v/ac48871496,https://tx-free-imgs.acfun.cn/newUpload/2176158_cf20f7722011491da25ce2efbc799dba.gif?imageslim,AcFun,日榜,day,hotlist,,2026-09-25 14:38:03
49,동그란 안경으로 귀여운 매력 보여주는 지호,동그란 안경으로 귀여운 매력 보여주는 지호 | Beige Top & Glasses | Ji Ho,820,https://www.acfun.cn/v/ac48870864,https://tx-free-imgs.acfun.cn/newUpload/43172481_558625b6a90d469aabe28a39ba33fded.jpeg?imageslim,AcFun,日榜,day,hotlist,,2026-09-25 14:38:03
50,《フロルパレード》（花之巡游），自制曲绘,剪辑工具：快影<br/>因为很喜欢这首曲子，所以就画了<br/><br/>这个作品现在我只会投在A站和乐乎<br/>我真的很不喜欢做剪辑<br/>我真的不会画手（,301,https://www.acfun.cn/v/ac48871234,https://tx-free-imgs.acfun.cn/newUpload/75640773_5baa4dbb94b040c68b2271c90e84cf1d.png?imageslim,AcFun,日榜,day,hotlist,,2026-09-25 14:38:03
1,是谁点的小恶魔，蕉出来～,,5661,https://www.acfun.cn/v/ac48867778,https://tx-free-imgs.acfun.cn/newUpload/17062172_6098fee67d1748e0ab5dab3b5665736c.jpg?imageslim,AcFun,三日榜,three-days,hotlist,,2026-09-25 14:38:03
2,《野生动物迷惑行为》,喜欢请投蕉啊   谢谢啦！,2780,https://www.acfun.cn/v/ac48868360,https://tx-free-imgs.acfun.cn/newUpload/1342385_3fab348c538e4c0fa001871a708fe302.jpeg?imageslim,AcFun,三日榜,three-days,hotlist,,2026-09-25 14:38:03
3,漫威金刚狼深陷争议！SweetBaby又毁一款？【绅批】,这算是DEI的历史遗留问题了，所有现在已经从sweetbaby离职的人，只要参与过游戏制作也会被署名（比如桥本和真）,2808,https://www.acfun.cn/v/ac48868810,https://tx-free-imgs.acfun.cn/newUpload/526850_ca1da1572b1d494a93e2f6bab46cf76b.jpeg?imageslim,AcFun,三日榜,three-days,hotlist,,2026-09-25 14:38:03
4,我真的是来吃饭的！★手机竖屏2013★,审核大大辛苦了！<br/>谢谢每一个投蕉的帅哥美女！香蕉没有来个赞也好啊！<br/>视频来自快手等平台，侵权联系删除！,3621,https://www.acfun.cn/v/ac48869145,https://tx-free-imgs.acfun.cn/newUpload/2176158_eb4b69370b8f435aa2b171e72403d356.gif?imageslim,AcFun,三日榜,three-days,hotlist,,2026-09-25 14:38:03
5,mr chu!!好怀念这首歌,,2045,https://www.acfun.cn/v/ac48869375,https://tx-free-imgs.acfun.cn/newUpload/16380981_19592eb83a88429695ee1a0508fc3df0.png?imageslim,AcFun,三日榜,three-days,hotlist,,2026-09-25 14:38:03
6,因为害怕被讨厌 所以把自己藏起来了,,2566,https://www.acfun.cn/v/ac48871331,https://tx-free-imgs.acfun.cn/newUpload/11361784_3d4bd69b46f541e184c2922c24f09276.jpg?imageslim,AcFun,三日榜,three-days,hotlist,,2026-09-25 14:38:03
7,拳击好啊，拳击得学！欢乐八点档-1781,审核大大辛苦了！<br/>免费的香蕉投一下吧，没有那就点个赞吧，这对我来说很重要，谢谢！！！<br/>谢谢每一个投蕉的帅哥美女！你们是我坚持更新的动力！<br/>视频来自快手等平台，侵权联系删除！,4009,https://www.acfun.cn/v/ac48868336,https://tx-free-imgs.acfun.cn/newUpload/2176158_3f6c601293a54468bae97f781440217b.gif?imageslim,AcFun,三日榜,three-days,hotlist,,2026-09-25 14:38:03
8,北京豆汁会惩罚每一个好奇的人！欢乐八点档-1780,审核大大辛苦了！<br/>免费的香蕉投一下吧，没有那就点个赞吧，这对我来说很重要，谢谢！！！<br/>谢谢每一个投蕉的帅哥美女！你们是我坚持更新的动力！<br/>视频来自快手等平台，侵权联系删除！,4393,https://www.acfun.cn/v/ac48865965,https://tx-free-imgs.acfun.cn/newUpload/2176158_ec83e6fb2ffc4005b41881ac13dbaeca.gif?imageslim,AcFun,三日榜,three-days,hotlist,,2026-09-25 14:38:03
9,网络上常见的热门短视频集锦   第三千四百四十五期,审核大大辛苦了！<br/>谢谢每一个投蕉的帅哥美女！香蕉没有来个赞也好啊！<br/>视频来自快手等平台，侵权联系删除！,3853,https://www.acfun.cn/v/ac48866824,https://tx-free-imgs.acfun.cn/newUpload/2176158_dba921eb42f14c7ba31a1af83bfe71ce.gif?imageslim,AcFun,三日榜,three-days,hotlist,,2026-09-25 14:38:03
10,空中瑜伽！！！★手机竖屏2012★,审核大大辛苦了！<br/>谢谢每一个投蕉的帅哥美女！香蕉没有来个赞也好啊！<br/>视频来自快手等平台，侵权联系删除！,4334,https://www.acfun.cn/v/ac48866821,https://tx-free-imgs.acfun.cn/newUpload/2176158_610807af48f5463a891fc9f341c9b16f.gif?imageslim,AcFun,三日榜,three-days,hotlist,,2026-09-25 14:38:03
11,厨师长教你：“鱼香肉丝”的家常做法，酸甜微辣，口感丰富,,2013,https://www.acfun.cn/v/ac48867741,https://tx-free-imgs.acfun.cn/newUpload/13274260_93e68d1098d04ffca2683655a6a404c2.jpeg?imageslim,AcFun,三日榜,three-days,hotlist,,2026-09-25 14:38:03
12,这样的学姐喜欢吗？欢乐八点档-1782,审核大大辛苦了！<br/>免费的香蕉投一下吧，没有那就点个赞吧，这对我来说很重要，谢谢！！！<br/>谢谢每一个投蕉的帅哥美女！你们是我坚持更新的动力！<br/>视频来自快手等平台，侵权联系删除！,2921,https://www.acfun.cn/v/ac48870057,https://tx-free-imgs.acfun.cn/newUpload/2176158_4c1f3b60f73e451abc443941d47305d8.gif?imageslim,AcFun,三日榜,three-days,hotlist,,2026-09-25 14:38:03
13,今天你不能嫁出去【今天有什么好笑的 #2514】,：)，谢谢大家，祝你们开心。<br/>wallpaper壁纸：Fading Astronaut 5K (update)<br/>BGM：I Want It That Way,2852,https://www.acfun.cn/v/ac48865864,https://tx-free-imgs.acfun.cn/newUpload/383079_ee4f5f7badf74f05a2ef6c691387f327.gif?imageslim,AcFun,三日榜,three-days,hotlist,,2026-09-25 14:38:03
14,网络上常见的热门短视频集锦   第三千四百四十四期,审核大大辛苦了！<br/>谢谢每一个投蕉的帅哥美女！香蕉没有来个赞也好啊！<br/>视频来自快手等平台，侵权联系删除！,3507,https://www.acfun.cn/v/ac48865021,https://tx-free-imgs.acfun.cn/newUpload/2176158_663463f1e6004dc2b4dea153d1e60c05.gif?imageslim,AcFun,三日榜,three-days,hotlist,,2026-09-25 14:38:03
15,嘴角压不住了【今天有什么好笑的 #2515】,：），谢谢大家的投蕉和点赞，祝你开心愉快~<br/>wallpaper壁纸：Genshin 神里绫华<br/>BGM：Wake me up when september ends,2355,https://www.acfun.cn/v/ac48868130,https://tx-free-imgs.acfun.cn/newUpload/383079_ef65121591434d2b86d53db1622776cd.gif?imageslim,AcFun,三日榜,three-days,hotlist,,2026-09-25 14:38:03
16,粉丝让我录的，不理解但照做！！！,怪哦~,1983,https://www.acfun.cn/v/ac48866011,https://tx-free-imgs.acfun.cn/newUpload/210705_6db288d8849d4e408bbee41ce9116989.jpeg?imageslim,AcFun,三日榜,three-days,hotlist,,2026-09-25 14:38:03
17,姛姛？！蝴蝶耳机Manget中文翻唱【箐羽Hane】x【缇若柯Teivoc】,“是否你确实表里如一淡然，还是说你——并不似我贪婪？”<br/>《Manget》磁石 / 蝴蝶耳机 - 中文翻唱<br/>原作作曲 / 流星P<br/>曲绘&翻唱 / 箐羽hane & 缇若柯Teivoc<br/>中文填词 / 果汁凉菜<br/>混音 / 风尘<br/>和笋笋一起唱了我们二次元姛神曲！曲绘也是我和笋笋每个人负责了自己的部分最后再拼到一起的！真好！( *^ ^)o(^ ^* )希望大家也能喜欢！,1490,https://www.acfun.cn/v/ac48869340,https://tx-free-imgs.acfun.cn/newUpload/67511609_d868cdbd6b1849e8958696cdc9db1493.jpeg?imageslim,AcFun,三日榜,three-days,hotlist,,2026-09-25 14:38:03
18,网络上常见的热门短视频集锦   第三千四百四十六期,审核大大辛苦了！<br/>谢谢每一个投蕉的帅哥美女！香蕉没有来个赞也好啊！<br/>视频来自快手等平台，侵权联系删除！,3580,https://www.acfun.cn/v/ac48867732,https://tx-free-imgs.acfun.cn/newUpload/2176158_2ec1d99da19a48e0a8e4ff2a2447e612.gif?imageslim,AcFun,三日榜,three-days,hotlist,,2026-09-25 14:38:03
19,双手合十萨瓦迪卡！,,1789,https://www.acfun.cn/v/ac48863951,https://tx-free-imgs.acfun.cn/newUpload/12439728_638a29114abf4b0bafda38c61f497df1.png?imageslim,AcFun,三日榜,three-days,hotlist,,2026-09-25 14:38:03
20,现在电脑不好卖了，以后我们出租AI机器人吧,,1798,https://www.acfun.cn/v/ac48867767,https://tx-free-imgs.acfun.cn/newUpload/17928_c684f06231604145b533a0f00627c624.png?imageslim,AcFun,三日榜,three-days,hotlist,,2026-09-25 14:38:03
21,昆汀力荐！这部复仇老片，竟是杀死比尔的人物原型来源,,1648,https://www.acfun.cn/v/ac48865483,https://tx-free-imgs.acfun.cn/newUpload/8042365_d9ae5a725d8848abb4b488acbf483611.jpeg?imageslim,AcFun,三日榜,three-days,hotlist,,2026-09-25 14:38:03
22,网络上常见的热门短视频集锦   第三千四百四十八期,审核大大辛苦了！<br/>谢谢每一个投蕉的帅哥美女！香蕉没有来个赞也好啊！<br/>视频来自快手等平台，侵权联系删除！,3152,https://www.acfun.cn/v/ac48870020,https://tx-free-imgs.acfun.cn/newUpload/2176158_d65e54f4e9ee489b86b6fc28c31c84ee.gif?imageslim,AcFun,三日榜,three-days,hotlist,,2026-09-25 14:38:03
23,交通事故20260923：交通车祸实例，提高安全驾驶意识,,1407,https://www.acfun.cn/v/ac48868861,https://tx-free-imgs.acfun.cn/newUpload/76871961_edea5de6659a4cd2b733a74989043440.jpg?imageslim,AcFun,三日榜,three-days,hotlist,,2026-09-25 14:38:03
24,网络上常见的热门短视频集锦   第三千四百四十七期,审核大大辛苦了！<br/>谢谢每一个投蕉的帅哥美女！香蕉没有来个赞也好啊！<br/>视频来自快手等平台，侵权联系删除！,3004,https://www.acfun.cn/v/ac48869149,https://tx-free-imgs.acfun.cn/newUpload/2176158_fdf9afe2e00a4a1aa62415c846776eaf.gif?imageslim,AcFun,三日榜,three-days,hotlist,,2026-09-25 14:38:03
25,人鱼的眼泪,歌曲舞蹈：爱乐之城-人鱼的眼泪,1534,https://www.acfun.cn/v/ac48867050,https://tx-free-imgs.acfun.cn/newUpload/12229455_130b1f041e6741dab4f6295ee27d927e.jpeg?imageslim,AcFun,三日榜,three-days,hotlist,,2026-09-25 14:38:03
26,老板直聘（89）,,1603,https://www.acfun.cn/v/ac48868552,https://tx-free-imgs.acfun.cn/newUpload/74706824_db2c7ba15c5d4aa18872db6b0763b7ca.jpeg?imageslim,AcFun,三日榜,three-days,hotlist,,2026-09-25 14:38:03
27,我要冲会员【今天有什么好笑的 #2516】,：），谢谢大家的投蕉和点赞，祝你开心愉快~<br/>wallpaper壁纸：Reze | Chainsaw Man<br/>BGM：Nicoleta Matei - Love mail<br/>,2214,https://www.acfun.cn/v/ac48870763,https://tx-free-imgs.acfun.cn/newUpload/383079_47b0fc3f458042f5bd3717967e55c598.gif?imageslim,AcFun,三日榜,three-days,hotlist,,2026-09-25 14:38:03
28,常州新开巴西烤肉自助，100块钱值得吗？,这是我目前为止，去过的第二家巴西烤肉自助，团购优惠的情况下，花了94元。正常价格在95~110不等<br/><br/>简单带大家看下菜品，除了取餐台这么些，各种牛肉制品、大串烧烤都是循环上桌，大家觉得这么些菜式花样，100块钱左右你们觉得贵还是便宜啊，觉得贵的扣1，觉得便宜的扣2,1822,https://www.acfun.cn/v/ac48868891,https://tx-free-imgs.acfun.cn/newUpload/2046675_bf3a59ddff624646850829452262094e.jpeg?imageslim,AcFun,三日榜,three-days,hotlist,,2026-09-25 14:38:03
29,原创编舞《千层套路》的定机位竖屏来啦！,,1600,https://www.acfun.cn/v/ac48869245,https://tx-free-imgs.acfun.cn/newUpload/16380981_24bafd11c027499d9fe6820162faa782.png?imageslim,AcFun,三日榜,three-days,hotlist,,2026-09-25 14:38:03
30,Summertime,歌曲：summer time<br/>动作参考：紫嘉儿<br/>原版编舞：（Millennium红房子_BON）<br/>参考编舞：(GFRIEND《Sunny Summer）,1743,https://www.acfun.cn/v/ac48864563,https://tx-free-imgs.acfun.cn/newUpload/12229455_1a8e22f51f3e4effa32c00abb4fd05af.jpeg?imageslim,AcFun,三日榜,three-days,hotlist,,2026-09-25 14:38:03
31,沦陷️,歌曲舞蹈：沦陷dj版-星奇摇   动作有改编,1551,https://www.acfun.cn/v/ac48869381,https://tx-free-imgs.acfun.cn/newUpload/12229455_aacf9da97a0940ad8e5f0b509d9cc159.jpeg?imageslim,AcFun,三日榜,three-days,hotlist,,2026-09-25 14:38:03
32,北京的最北端在黑龙江？？？国内飞地是怎么形成的？,这份中国地图，是你从未看过的船新版本，放大几倍就会发现，在大家熟悉的各个省份中，还藏着一堆 “你中有我、我中有你” 的飞地。,1774,https://www.acfun.cn/v/ac48867896,https://tx-free-imgs.acfun.cn/newUpload/13630266_cc2428a99a42453f99c9e1306e7a43bb.jpeg?imageslim,AcFun,三日榜,three-days,hotlist,,2026-09-25 14:38:03
33,我要辞职了！,,1663,https://www.acfun.cn/v/ac48863957,https://tx-free-imgs.acfun.cn/newUpload/12439728_7c57a0735675474590bf7b25e1a34527.png?imageslim,AcFun,三日榜,three-days,hotlist,,2026-09-25 14:38:03
34,发个friend圈,,1483,https://www.acfun.cn/v/ac48863958,https://tx-free-imgs.acfun.cn/newUpload/12439728_b44cb67ae45a4c179b08227368f4159c.png?imageslim,AcFun,三日榜,three-days,hotlist,,2026-09-25 14:38:03
35,捏捏已经已进化到可以吃的地步啦？,,1611,https://www.acfun.cn/v/ac48868638,https://tx-free-imgs.acfun.cn/newUpload/6177430_486c910212d548c991eeb140f146a6ed.jpeg?imageslim,AcFun,三日榜,three-days,hotlist,,2026-09-25 14:38:03
36,我终于瘦到120斤以下了！,,1640,https://www.acfun.cn/v/ac48867016,https://tx-free-imgs.acfun.cn/newUpload/16380981_906db098cf5d4eaca57bde52b0ae8bf2.jpg?imageslim,AcFun,三日榜,three-days,hotlist,,2026-09-25 14:38:03
37,《奶凶奶凶的漫威金刚狼！》,游戏名：《漫威金刚狼》- Marvel s Wolverine<br/>直播玩了15小时左右一周目通关啦~(*^▽^*)开心，这期是切片呦~,1827,https://www.acfun.cn/v/ac48866669,https://tx-free-imgs.acfun.cn/newUpload/61352468_cb62bfe2e19c4f35804259fac7f8c226.jpeg?imageslim,AcFun,三日榜,three-days,hotlist,,2026-09-25 14:38:03
38,娃：真遗憾，本来打算亲自告诉你们的,嘿嘿希望大家都万事顺意～心想事成,1391,https://www.acfun.cn/v/ac48871740,https://tx-free-imgs.acfun.cn/newUpload/17062172_d1a93166ed084e3aadac2fea4bba0707.jpg?imageslim,AcFun,三日榜,three-days,hotlist,,2026-09-25 14:38:03
39,奥迪“宫斗”十年大结局？一汽拿四环，上汽拿AUDI,一汽奥迪和上汽奥迪“宫斗”了十年，终于要划下句号了？,1576,https://www.acfun.cn/v/ac48870981,https://tx-free-imgs.acfun.cn/newUpload/13630266_3fde785be5a2411495618f67d01ab66a.jpeg?imageslim,AcFun,三日榜,three-days,hotlist,,2026-09-25 14:38:03
40,嘉蒂丝模型曝光！很大！策划团队产能恢复？,明天新角色就要上了，技系直接立于天上。,1840,https://www.acfun.cn/v/ac48866809,https://tx-free-imgs.acfun.cn/newUpload/247671_ee6def92d94a4ab1b770fa166f4de4b7.jpeg?imageslim,AcFun,三日榜,three-days,hotlist,,2026-09-25 14:38:03
41,换你穿越三国乱世，你是起兵还是种田？,有没有宝贝和我一样，看三国的时候总在想，如果换我身在那个乱世，我会怎么样？是起兵争霸，还是归隐山林？ 或是是咱们可以选三国里有名的角色或者可以架空历史从素人做起，一统三国，那会怎么样?我最近就玩了这么一款游戏，一玩就是五个小时，根本停不下来，那今天来聊聊这款开放世界slg游戏《英雄立志传：三国志》~<br/>,1655,https://www.acfun.cn/v/ac48869043,https://tx-free-imgs.acfun.cn/newUpload/61352468_39715609bed041b98b21f3dbb482ad70.jpeg?imageslim,AcFun,三日榜,three-days,hotlist,,2026-09-25 14:38:03
42,好曲不挑舞！《琵琶曲》你喜欢的是？,,1395,https://www.acfun.cn/v/ac48866497,https://tx-free-imgs.acfun.cn/newUpload/1161851_90c6400f25f14d969028c8a6779eaaf5.png?imageslim,AcFun,三日榜,three-days,hotlist,,2026-09-25 14:38:03
43,在英国差点被上门诈骗,可能看到我一人在家，就大胆敲门了，还好平常也会注意周边邻居，没发生什么事儿，这个金额就算被骗也不会报警，以后还是要小心一些了。#英国日常#vlog,1468,https://www.acfun.cn/v/ac48869505,https://tx-free-imgs.acfun.cn/newUpload/43181603_1c8c6c487a864d098b5e7e7bf2a12c6a.jpg?imageslim,AcFun,三日榜,three-days,hotlist,,2026-09-25 14:38:03
44,抱紧原生家庭（90）,,1406,https://www.acfun.cn/v/ac48867786,https://tx-free-imgs.acfun.cn/newUpload/74706824_fcc9a2386aff4fb0b3ecd158e3c6b97f.png?imageslim,AcFun,三日榜,three-days,hotlist,,2026-09-25 14:38:03
45,你吃月饼了吗？,,1413,https://www.acfun.cn/v/ac48869054,https://tx-free-imgs.acfun.cn/newUpload/1167675_8f48723afb0e41ecbe772249b3f4df1a.jpg?imageslim,AcFun,三日榜,three-days,hotlist,,2026-09-25 14:38:03
46,只有刀鸣最小丑？各大游戏千年血战联动盘点！,300英雄的含金量还在上升,1903,https://www.acfun.cn/v/ac48869154,https://tx-free-imgs.acfun.cn/newUpload/247671_7d920e56c00e4af39fed560bf094f965.jpeg?imageslim,AcFun,三日榜,three-days,hotlist,,2026-09-25 14:38:03
47,【东方】QUEEN【蕾米莉亚 Miy Ver. MMD】,作者：やくも<br/><br/>楽曲:Kanaria 様→https://www.nicovideo.jp/watch/sm4088...<br/>振付:AKIRA様<br/>モーション:P-nez 様→https://www.nicovideo.jp/watch/sm4350...<br/>カメラ:Mizuha様→https://www.nicovideo.jp/watch/sm4353...<br/>モデル:MIy様<br/>ステージ:栗ごはん様<br/>アクセサリ:アスカ様,1147,https://www.acfun.cn/v/ac48870080,https://tx-free-imgs.acfun.cn/newUpload/6102_6a4dce20c9b74fa0bbdff3ccc0a73c5d.png?imageslim,AcFun,三日榜,three-days,hotlist,,2026-09-25 14:38:03
48,【柯基】papi酱《生气了》｜oh my god你吓到我了,,1419,https://www.acfun.cn/v/ac48867295,https://tx-free-imgs.acfun.cn/newUpload/29493245_980e56a85587473a82c7499c2ed115cb.png?imageslim,AcFun,三日榜,three-days,hotlist,,2026-09-25 14:38:03
49,发怒了好多次哈哈哈哈，最后一遍最好！,,1409,https://www.acfun.cn/v/ac48867030,https://tx-free-imgs.acfun.cn/newUpload/16380981_8a800edc429e47809b3a0e69ec22c530.jpg?imageslim,AcFun,三日榜,three-days,hotlist,,2026-09-25 14:38:03
50,这套皮肤真的很喜欢,,1264,https://www.acfun.cn/v/ac48871657,https://tx-free-imgs.acfun.cn/newUpload/16380981_ac9640e59a3a42e093fcee0a0b81d474.jpg?imageslim,AcFun,三日榜,three-days,hotlist,,2026-09-25 14:38:03
1,剑戟战斗的巅峰 关卡内容的洼地 偏科严重的《鬼武者：剑之道》,它给人爽的部分是真的爽，但是在每次爽之前，你得堵不少马桶，先生。,4409,https://www.acfun.cn/v/ac48859506,https://tx-free-imgs.acfun.cn/newUpload/934542_5d98ad80ca9c4307b5cdc2051c11cb50.jpeg?imageslim,AcFun,周榜,week,hotlist,,2026-09-25 14:38:03
2,【写真】ol穿搭,,10576,https://www.acfun.cn/v/ac48856919,https://tx-free-imgs.acfun.cn/newUpload/3540234_86355333f0d94a46842be6ec42cca369.jpg?imageslim,AcFun,周榜,week,hotlist,,2026-09-25 14:38:03
3,跳最开心的一集,,3955,https://www.acfun.cn/v/ac48860571,https://tx-free-imgs.acfun.cn/newUpload/50330447_79a3f269514140c29e7a85fb7c9dc94c.jpg?imageslim,AcFun,周榜,week,hotlist,,2026-09-25 14:38:03
4,是谁点的小恶魔，蕉出来～,,5661,https://www.acfun.cn/v/ac48867778,https://tx-free-imgs.acfun.cn/newUpload/17062172_6098fee67d1748e0ab5dab3b5665736c.jpg?imageslim,AcFun,周榜,week,hotlist,,2026-09-25 14:38:03
5,喜欢哪套？,,6666,https://www.acfun.cn/v/ac48861422,https://tx-free-imgs.acfun.cn/newUpload/3540234_729e0d22251f439da3735f26e58d174f.jpg?imageslim,AcFun,周榜,week,hotlist,,2026-09-25 14:38:03
6,过期JK碎碎念！,家人们记得蕉一蕉捏 啾咪,5822,https://www.acfun.cn/v/ac48859219,https://tx-free-imgs.acfun.cn/newUpload/17062172_5dd6ea8b5f2741ff87f0911db6dfb909.jpg?imageslim,AcFun,周榜,week,hotlist,,2026-09-25 14:38:03
7,人间琴悠扬，姑娘把谁记心上～,,2707,https://www.acfun.cn/v/ac48863143,https://tx-free-imgs.acfun.cn/newUpload/50330447_938d77716a11477e843914663278ff07.jpg?imageslim,AcFun,周榜,week,hotlist,,2026-09-25 14:38:03
8,开学对各省舍友的刻板印象,,4209,https://www.acfun.cn/v/ac48857410,https://tx-free-imgs.acfun.cn/newUpload/13114172_24dabc4c47ec46458d7cdfcc1cd2ee88.jpeg?imageslim,AcFun,周榜,week,hotlist,,2026-09-25 14:38:03
9,《动物迷惑行为大赏325》,喜欢请投蕉啊 谢谢啦！,2620,https://www.acfun.cn/v/ac48861293,https://tx-free-imgs.acfun.cn/newUpload/1342385_03080470038d444a95ce01ff6a6aeb9f.jpeg?imageslim,AcFun,周榜,week,hotlist,,2026-09-25 14:38:03
10,《动物游戏行为图鉴》,喜欢请投蕉啊 谢谢啦！,2776,https://www.acfun.cn/v/ac48857450,https://tx-free-imgs.acfun.cn/newUpload/1342385_485bc20a4c164df2928409b209fa9afc.jpeg?imageslim,AcFun,周榜,week,hotlist,,2026-09-25 14:38:03
11,双马尾小女仆带来的情绪摇～,,3961,https://www.acfun.cn/v/ac48861966,https://tx-free-imgs.acfun.cn/newUpload/11361784_8cee0402b4754b1e82f85b7099791793.jpg?imageslim,AcFun,周榜,week,hotlist,,2026-09-25 14:38:03
12,帮Acer问一下，地址在哪里？欢乐八点档-1779,审核大大辛苦了！<br/>免费的香蕉投一下吧，没有那就点个赞吧，这对我来说很重要，谢谢！！！<br/>谢谢每一个投蕉的帅哥美女！你们是我坚持更新的动力！<br/>视频来自快手等平台，侵权联系删除！,4426,https://www.acfun.cn/v/ac48863633,https://tx-free-imgs.acfun.cn/newUpload/2176158_ff69c3c797d5414e8056b329918cc5b6.gif?imageslim,AcFun,周榜,week,hotlist,,2026-09-25 14:38:03
13,【绘图过程】《海边》6周年纪念插图过程,6周年纪念插图挂画（预售）、沙滩巾（预售），阿宝已上架,3295,https://www.acfun.cn/v/ac48836990,https://tx-free-imgs.acfun.cn/newUpload/179922_9f95aba039e84f3594c3947b3c8fdd58.jpeg?imageslim,AcFun,周榜,week,hotlist,,2026-09-25 14:38:03
14,《野生动物迷惑行为》,喜欢请投蕉啊   谢谢啦！,2780,https://www.acfun.cn/v/ac48868360,https://tx-free-imgs.acfun.cn/newUpload/1342385_3fab348c538e4c0fa001871a708fe302.jpeg?imageslim,AcFun,周榜,week,hotlist,,2026-09-25 14:38:03
15,还是少妇会的多啊！★手机竖屏2011★,审核大大辛苦了！<br/>谢谢每一个投蕉的帅哥美女！香蕉没有来个赞也好啊！<br/>视频来自快手等平台，侵权联系删除！,5091,https://www.acfun.cn/v/ac48864360,https://tx-free-imgs.acfun.cn/newUpload/2176158_3d4f199fd93640468e543b9ee25ac4c0.gif?imageslim,AcFun,周榜,week,hotlist,,2026-09-25 14:38:03
16,漫威金刚狼深陷争议！SweetBaby又毁一款？【绅批】,这算是DEI的历史遗留问题了，所有现在已经从sweetbaby离职的人，只要参与过游戏制作也会被署名（比如桥本和真）,2808,https://www.acfun.cn/v/ac48868810,https://tx-free-imgs.acfun.cn/newUpload/526850_ca1da1572b1d494a93e2f6bab46cf76b.jpeg?imageslim,AcFun,周榜,week,hotlist,,2026-09-25 14:38:03
17,我真的是来吃饭的！★手机竖屏2013★,审核大大辛苦了！<br/>谢谢每一个投蕉的帅哥美女！香蕉没有来个赞也好啊！<br/>视频来自快手等平台，侵权联系删除！,3621,https://www.acfun.cn/v/ac48869145,https://tx-free-imgs.acfun.cn/newUpload/2176158_eb4b69370b8f435aa2b171e72403d356.gif?imageslim,AcFun,周榜,week,hotlist,,2026-09-25 14:38:03
18,钓鱼佬是真会享受！欢乐八点档-1777,审核大大辛苦了！<br/>免费的香蕉投一下吧，没有那就点个赞吧，这对我来说很重要，谢谢！！！<br/>谢谢每一个投蕉的帅哥美女！你们是我坚持更新的动力！<br/>视频来自快手等平台，侵权联系删除！,4576,https://www.acfun.cn/v/ac48858969,https://tx-free-imgs.acfun.cn/newUpload/2176158_c9d74d926c4c4d709a4b6b7769dffcca.gif?imageslim,AcFun,周榜,week,hotlist,,2026-09-25 14:38:03
19,一波还未平息一波又来侵袭！★手机竖屏2010★,审核大大辛苦了！<br/>谢谢每一个投蕉的帅哥美女！香蕉没有来个赞也好啊！<br/>视频来自快手等平台，侵权联系删除！,4732,https://www.acfun.cn/v/ac48862013,https://tx-free-imgs.acfun.cn/newUpload/2176158_c4802142afc14d50b2cd775e67890cca.gif?imageslim,AcFun,周榜,week,hotlist,,2026-09-25 14:38:03
20,网络上常见的热门短视频集锦   第三千四百三十八期,审核大大辛苦了！<br/>谢谢每一个投蕉的帅哥美女！香蕉没有来个赞也好啊！<br/>视频来自快手等平台，侵权联系删除！,4421,https://www.acfun.cn/v/ac48858394,https://tx-free-imgs.acfun.cn/newUpload/2176158_38174e72af934b9e86687045b01f0dd3.gif?imageslim,AcFun,周榜,week,hotlist,,2026-09-25 14:38:03
21,mr chu!!好怀念这首歌,,2045,https://www.acfun.cn/v/ac48869375,https://tx-free-imgs.acfun.cn/newUpload/16380981_19592eb83a88429695ee1a0508fc3df0.png?imageslim,AcFun,周榜,week,hotlist,,2026-09-25 14:38:03
22,魔兽无限服禁金团引爆社区！但原教旨主义玩家才是最抽象的？【绅批】,所谓“严厉处罚“”顶格也就是封号，会根据情况由短至长，当然能不能具体实行就是另一回事了,3076,https://www.acfun.cn/v/ac48857248,https://tx-free-imgs.acfun.cn/newUpload/526850_b63f9e2a1bd04c38ac3c61257e0b87dd.jpeg?imageslim,AcFun,周榜,week,hotlist,,2026-09-25 14:38:03
23,你们内外皆钢，而我们化身钢铁！【达奇】战锤40K故事内容,感谢下巴老师对视频内容的支持与完善,2135,https://www.acfun.cn/v/ac48856443,https://tx-free-imgs.acfun.cn/newUpload/346807_7f5f779958dd4d6986f60021118423da.jpeg?imageslim,AcFun,周榜,week,hotlist,,2026-09-25 14:38:03
24,还是少妇会啊！！！★手机竖屏2009★,审核大大辛苦了！<br/>谢谢每一个投蕉的帅哥美女！香蕉没有来个赞也好啊！<br/>视频来自快手等平台，侵权联系删除！,4861,https://www.acfun.cn/v/ac48859515,https://tx-free-imgs.acfun.cn/newUpload/2176158_d4e9e6e30f4446319f9e720adfe35ef9.gif?imageslim,AcFun,周榜,week,hotlist,,2026-09-25 14:38:03
25,因为害怕被讨厌 所以把自己藏起来了,,2566,https://www.acfun.cn/v/ac48871331,https://tx-free-imgs.acfun.cn/newUpload/11361784_3d4bd69b46f541e184c2922c24f09276.jpg?imageslim,AcFun,周榜,week,hotlist,,2026-09-25 14:38:03
26,【AC娘】琵琶曲,原作者：Kotte Animation<br/>还有瑕疵，看个乐吧,3104,https://www.acfun.cn/v/ac48864492,https://tx-free-imgs.acfun.cn/newUpload/41729435_02cbd995b6d54f508eb21d3cb8621903.jpeg?imageslim,AcFun,周榜,week,hotlist,,2026-09-25 14:38:03
27,25年了，回坊天花板小酥肉，还是那个味儿,记忆中的味道，回来了，都回来了……<br/>一口椒麻一口鲜，大口吃肉，配上热腾腾的米饭，绝了。<br/>素三鲜也是无敌的存在！,2517,https://www.acfun.cn/v/ac48865538,https://tx-free-imgs.acfun.cn/newUpload/13765438_9bc4a0abf32a4c1aa3e83c844de84649.jpeg?imageslim,AcFun,周榜,week,hotlist,,2026-09-25 14:38:03
28,海洋公园一定要去啊！欢乐八点档-1776,审核大大辛苦了！<br/>免费的香蕉投一下吧，没有那就点个赞吧，这对我来说很重要，谢谢！！！<br/>谢谢每一个投蕉的帅哥美女！你们是我坚持更新的动力！<br/>视频来自快手等平台，侵权联系删除！,4472,https://www.acfun.cn/v/ac48856824,https://tx-free-imgs.acfun.cn/newUpload/2176158_3406d07fb97f486893aedb108728c2ec.gif?imageslim,AcFun,周榜,week,hotlist,,2026-09-25 14:38:03
29,拳击好啊，拳击得学！欢乐八点档-1781,审核大大辛苦了！<br/>免费的香蕉投一下吧，没有那就点个赞吧，这对我来说很重要，谢谢！！！<br/>谢谢每一个投蕉的帅哥美女！你们是我坚持更新的动力！<br/>视频来自快手等平台，侵权联系删除！,4009,https://www.acfun.cn/v/ac48868336,https://tx-free-imgs.acfun.cn/newUpload/2176158_3f6c601293a54468bae97f781440217b.gif?imageslim,AcFun,周榜,week,hotlist,,2026-09-25 14:38:03
30,你的拳头真是肥嘟嘟的...,动漫：心灵的声音，作者：赵石【韩国】,2169,https://www.acfun.cn/v/ac48859870,https://tx-free-imgs.acfun.cn/newUpload/509259_2fa91d5206504450be471808d9c93a22.jpeg?imageslim,AcFun,周榜,week,hotlist,,2026-09-25 14:38:03
31,这个一字马技术含量很高啊！欢乐八点档-1778,审核大大辛苦了！<br/>免费的香蕉投一下吧，没有那就点个赞吧，这对我来说很重要，谢谢！！！<br/>谢谢每一个投蕉的帅哥美女！你们是我坚持更新的动力！<br/>视频来自快手等平台，侵权联系删除！,4348,https://www.acfun.cn/v/ac48861225,https://tx-free-imgs.acfun.cn/newUpload/2176158_0824627cb76d40dc99ce9cb12c07e4cc.gif?imageslim,AcFun,周榜,week,hotlist,,2026-09-25 14:38:03
32,北京豆汁会惩罚每一个好奇的人！欢乐八点档-1780,审核大大辛苦了！<br/>免费的香蕉投一下吧，没有那就点个赞吧，这对我来说很重要，谢谢！！！<br/>谢谢每一个投蕉的帅哥美女！你们是我坚持更新的动力！<br/>视频来自快手等平台，侵权联系删除！,4393,https://www.acfun.cn/v/ac48865965,https://tx-free-imgs.acfun.cn/newUpload/2176158_ec83e6fb2ffc4005b41881ac13dbaeca.gif?imageslim,AcFun,周榜,week,hotlist,,2026-09-25 14:38:03
33,网络上常见的热门短视频集锦   第三千四百四十一期,审核大大辛苦了！<br/>谢谢每一个投蕉的帅哥美女！香蕉没有来个赞也好啊！<br/>视频来自快手等平台，侵权联系删除！,4156,https://www.acfun.cn/v/ac48862019,https://tx-free-imgs.acfun.cn/newUpload/2176158_6e5a88d95f344d92a8d97a57f03ac4b9.gif?imageslim,AcFun,周榜,week,hotlist,,2026-09-25 14:38:03
34,网络上常见的热门短视频集锦   第三千四百四十五期,审核大大辛苦了！<br/>谢谢每一个投蕉的帅哥美女！香蕉没有来个赞也好啊！<br/>视频来自快手等平台，侵权联系删除！,3853,https://www.acfun.cn/v/ac48866824,https://tx-free-imgs.acfun.cn/newUpload/2176158_dba921eb42f14c7ba31a1af83bfe71ce.gif?imageslim,AcFun,周榜,week,hotlist,,2026-09-25 14:38:03
35,琵琶曲丨夜神月 VS  L,原曲：琵琶曲,2224,https://www.acfun.cn/v/ac48861693,https://tx-free-imgs.acfun.cn/newUpload/16986934_3bf4dd94910c4845acf851f7f0fdb757.jpeg?imageslim,AcFun,周榜,week,hotlist,,2026-09-25 14:38:03
36,空中瑜伽！！！★手机竖屏2012★,审核大大辛苦了！<br/>谢谢每一个投蕉的帅哥美女！香蕉没有来个赞也好啊！<br/>视频来自快手等平台，侵权联系删除！,4334,https://www.acfun.cn/v/ac48866821,https://tx-free-imgs.acfun.cn/newUpload/2176158_610807af48f5463a891fc9f341c9b16f.gif?imageslim,AcFun,周榜,week,hotlist,,2026-09-25 14:38:03
37,厨师长教你：“鱼香肉丝”的家常做法，酸甜微辣，口感丰富,,2013,https://www.acfun.cn/v/ac48867741,https://tx-free-imgs.acfun.cn/newUpload/13274260_93e68d1098d04ffca2683655a6a404c2.jpeg?imageslim,AcFun,周榜,week,hotlist,,2026-09-25 14:38:03
38,网络上常见的热门短视频集锦   第三千四百三十九期,审核大大辛苦了！<br/>谢谢每一个投蕉的帅哥美女！香蕉没有来个赞也好啊！<br/>视频来自快手等平台，侵权联系删除！,4012,https://www.acfun.cn/v/ac48859518,https://tx-free-imgs.acfun.cn/newUpload/2176158_13f61f1aa39c4732bdaeed87fe0e28a4.gif?imageslim,AcFun,周榜,week,hotlist,,2026-09-25 14:38:03
39,这样的学姐喜欢吗？欢乐八点档-1782,审核大大辛苦了！<br/>免费的香蕉投一下吧，没有那就点个赞吧，这对我来说很重要，谢谢！！！<br/>谢谢每一个投蕉的帅哥美女！你们是我坚持更新的动力！<br/>视频来自快手等平台，侵权联系删除！,2921,https://www.acfun.cn/v/ac48870057,https://tx-free-imgs.acfun.cn/newUpload/2176158_4c1f3b60f73e451abc443941d47305d8.gif?imageslim,AcFun,周榜,week,hotlist,,2026-09-25 14:38:03
40,一天生产500万个！速冻水饺是如何制造出来的？,,2151,https://www.acfun.cn/v/ac48859253,https://tx-free-imgs.acfun.cn/newUpload/19281632_57f07fe28e24422d948491fd2d43586c.jpeg?imageslim,AcFun,周榜,week,hotlist,,2026-09-25 14:38:03
41,今天你不能嫁出去【今天有什么好笑的 #2514】,：)，谢谢大家，祝你们开心。<br/>wallpaper壁纸：Fading Astronaut 5K (update)<br/>BGM：I Want It That Way,2852,https://www.acfun.cn/v/ac48865864,https://tx-free-imgs.acfun.cn/newUpload/383079_ee4f5f7badf74f05a2ef6c691387f327.gif?imageslim,AcFun,周榜,week,hotlist,,2026-09-25 14:38:03
42,单纯的约会（92）,,1812,https://www.acfun.cn/v/ac48857199,https://tx-free-imgs.acfun.cn/newUpload/74706824_a3a60d77e6934225b168686e44216c4b.png?imageslim,AcFun,周榜,week,hotlist,,2026-09-25 14:38:03
43,【东方】推特东方小视频选集 第272期,睡觉睡觉睡觉睡觉睡觉睡觉睡觉睡觉睡觉睡觉……,1386,https://www.acfun.cn/v/ac48858830,https://tx-free-imgs.acfun.cn/newUpload/6102_5a13d6efeec742ff84c512206aaeb7b0.jpeg?imageslim,AcFun,周榜,week,hotlist,,2026-09-25 14:38:03
44,甜妹来袭！,,2154,https://www.acfun.cn/v/ac48863947,https://tx-free-imgs.acfun.cn/newUpload/12439728_1fd5a3c6e60241a1a1cd8f89dbede769.png?imageslim,AcFun,周榜,week,hotlist,,2026-09-25 14:38:03
45,网络上常见的热门短视频集锦   第三千四百三十六期,审核大大辛苦了！<br/>谢谢每一个投蕉的帅哥美女！香蕉没有来个赞也好啊！<br/>视频来自快手等平台，侵权联系删除！,3950,https://www.acfun.cn/v/ac48856130,https://tx-free-imgs.acfun.cn/newUpload/2176158_4b41dc501581491e9b900fd0a1662e27.gif?imageslim,AcFun,周榜,week,hotlist,,2026-09-25 14:38:03
46,网络上常见的热门短视频集锦   第三千四百四十三期,审核大大辛苦了！<br/>谢谢每一个投蕉的帅哥美女！香蕉没有来个赞也好啊！<br/>视频来自快手等平台，侵权联系删除！,3581,https://www.acfun.cn/v/ac48864363,https://tx-free-imgs.acfun.cn/newUpload/2176158_dfef22dbf6934a15a594e5766b8680ca.gif?imageslim,AcFun,周榜,week,hotlist,,2026-09-25 14:38:03
47,嘞个就是爱情【今天有什么好笑的 #2512】,：），谢谢大家的投蕉和点赞，祝你开心愉快~<br/>wallpaper壁纸：lamp<br/>BGM：What a Feeling,2437,https://www.acfun.cn/v/ac48860992,https://tx-free-imgs.acfun.cn/newUpload/383079_172d192fee55441c96b7352f61e0a25f.gif?imageslim,AcFun,周榜,week,hotlist,,2026-09-25 14:38:03
48,网络上常见的热门短视频集锦   第三千四百四十四期,审核大大辛苦了！<br/>谢谢每一个投蕉的帅哥美女！香蕉没有来个赞也好啊！<br/>视频来自快手等平台，侵权联系删除！,3507,https://www.acfun.cn/v/ac48865021,https://tx-free-imgs.acfun.cn/newUpload/2176158_663463f1e6004dc2b4dea153d1e60c05.gif?imageslim,AcFun,周榜,week,hotlist,,2026-09-25 14:38:03
49,网络上常见的热门短视频集锦   第三千四百三十七期,审核大大辛苦了！<br/>谢谢每一个投蕉的帅哥美女！香蕉没有来个赞也好啊！<br/>视频来自快手等平台，侵权联系删除！,3652,https://www.acfun.cn/v/ac48857544,https://tx-free-imgs.acfun.cn/newUpload/2176158_65f1d403dce7484b8d62b6f272bdbe31.gif?imageslim,AcFun,周榜,week,hotlist,,2026-09-25 14:38:03
50,厨师长分享制作“宫保鸡丁”的三大要素：腌制、调味及火候,,2118,https://www.acfun.cn/v/ac48863018,https://tx-free-imgs.acfun.cn/newUpload/13274260_803e1613305b460d878594c16c1c5a87.jpeg?imageslim,AcFun,周榜,week,hotlist,,2026-09-25 14:38:03
1,因为害怕被讨厌 所以把自己藏起来了,,2629,https://www.acfun.cn/v/ac48871331,https://tx-free-imgs.acfun.cn/newUpload/11361784_3d4bd69b46f541e184c2922c24f09276.jpg?imageslim,AcFun,日榜,day,hotlist,,2026-09-25 15:27:14
2,这样的学姐喜欢吗？欢乐八点档-1782,审核大大辛苦了！<br/>免费的香蕉投一下吧，没有那就点个赞吧，这对我来说很重要，谢谢！！！<br/>谢谢每一个投蕉的帅哥美女！你们是我坚持更新的动力！<br/>视频来自快手等平台，侵权联系删除！,3033,https://www.acfun.cn/v/ac48870057,https://tx-free-imgs.acfun.cn/newUpload/2176158_4c1f3b60f73e451abc443941d47305d8.gif?imageslim,AcFun,日榜,day,hotlist,,2026-09-25 15:27:14
3,姛姛？！蝴蝶耳机Manget中文翻唱【箐羽Hane】x【缇若柯Teivoc】,“是否你确实表里如一淡然，还是说你——并不似我贪婪？”<br/>《Manget》磁石 / 蝴蝶耳机 - 中文翻唱<br/>原作作曲 / 流星P<br/>曲绘&翻唱 / 箐羽hane & 缇若柯Teivoc<br/>中文填词 / 果汁凉菜<br/>混音 / 风尘<br/>和笋笋一起唱了我们二次元姛神曲！曲绘也是我和笋笋每个人负责了自己的部分最后再拼到一起的！真好！( *^ ^)o(^ ^* )希望大家也能喜欢！,1507,https://www.acfun.cn/v/ac48869340,https://tx-free-imgs.acfun.cn/newUpload/67511609_d868cdbd6b1849e8958696cdc9db1493.jpeg?imageslim,AcFun,日榜,day,hotlist,,2026-09-25 15:27:14
4,网络上常见的热门短视频集锦   第三千四百四十八期,审核大大辛苦了！<br/>谢谢每一个投蕉的帅哥美女！香蕉没有来个赞也好啊！<br/>视频来自快手等平台，侵权联系删除！,3199,https://www.acfun.cn/v/ac48870020,https://tx-free-imgs.acfun.cn/newUpload/2176158_d65e54f4e9ee489b86b6fc28c31c84ee.gif?imageslim,AcFun,日榜,day,hotlist,,2026-09-25 15:27:14
5,我要冲会员【今天有什么好笑的 #2516】,：），谢谢大家的投蕉和点赞，祝你开心愉快~<br/>wallpaper壁纸：Reze | Chainsaw Man<br/>BGM：Nicoleta Matei - Love mail<br/>,2234,https://www.acfun.cn/v/ac48870763,https://tx-free-imgs.acfun.cn/newUpload/383079_47b0fc3f458042f5bd3717967e55c598.gif?imageslim,AcFun,日榜,day,hotlist,,2026-09-25 15:27:14
6,娃：真遗憾，本来打算亲自告诉你们的,嘿嘿希望大家都万事顺意～心想事成,1606,https://www.acfun.cn/v/ac48871740,https://tx-free-imgs.acfun.cn/newUpload/17062172_d1a93166ed084e3aadac2fea4bba0707.jpg?imageslim,AcFun,日榜,day,hotlist,,2026-09-25 15:27:14
7,沦陷️,歌曲舞蹈：沦陷dj版-星奇摇   动作有改编,1584,https://www.acfun.cn/v/ac48869381,https://tx-free-imgs.acfun.cn/newUpload/12229455_aacf9da97a0940ad8e5f0b509d9cc159.jpeg?imageslim,AcFun,日榜,day,hotlist,,2026-09-25 15:27:14
8,奥迪“宫斗”十年大结局？一汽拿四环，上汽拿AUDI,一汽奥迪和上汽奥迪“宫斗”了十年，终于要划下句号了？,1598,https://www.acfun.cn/v/ac48870981,https://tx-free-imgs.acfun.cn/newUpload/13630266_3fde785be5a2411495618f67d01ab66a.jpeg?imageslim,AcFun,日榜,day,hotlist,,2026-09-25 15:27:14
9,在英国差点被上门诈骗,可能看到我一人在家，就大胆敲门了，还好平常也会注意周边邻居，没发生什么事儿，这个金额就算被骗也不会报警，以后还是要小心一些了。#英国日常#vlog,1493,https://www.acfun.cn/v/ac48869505,https://tx-free-imgs.acfun.cn/newUpload/43181603_1c8c6c487a864d098b5e7e7bf2a12c6a.jpg?imageslim,AcFun,日榜,day,hotlist,,2026-09-25 15:27:14
10,拜托了，夫人！★手机竖屏2014★,审核大大辛苦了！<br/>谢谢每一个投蕉的帅哥美女！香蕉没有来个赞也好啊！<br/>视频来自快手等平台，侵权联系删除！,1663,https://www.acfun.cn/v/ac48871493,https://tx-free-imgs.acfun.cn/newUpload/2176158_afaf0913878443b1bc00d636136ffce3.gif?imageslim,AcFun,日榜,day,hotlist,,2026-09-25 15:27:14
11,这套皮肤真的很喜欢,,1276,https://www.acfun.cn/v/ac48871657,https://tx-free-imgs.acfun.cn/newUpload/16380981_ac9640e59a3a42e093fcee0a0b81d474.jpg?imageslim,AcFun,日榜,day,hotlist,,2026-09-25 15:27:14
12,【东方】QUEEN【蕾米莉亚 Miy Ver. MMD】,作者：やくも<br/><br/>楽曲:Kanaria 様→https://www.nicovideo.jp/watch/sm4088...<br/>振付:AKIRA様<br/>モーション:P-nez 様→https://www.nicovideo.jp/watch/sm4350...<br/>カメラ:Mizuha様→https://www.nicovideo.jp/watch/sm4353...<br/>モデル:MIy様<br/>ステージ:栗ごはん様<br/>アクセサリ:アスカ様,1155,https://www.acfun.cn/v/ac48870080,https://tx-free-imgs.acfun.cn/newUpload/6102_6a4dce20c9b74fa0bbdff3ccc0a73c5d.png?imageslim,AcFun,日榜,day,hotlist,,2026-09-25 15:27:14
13,【AI】今晚的期待,Comfyui,1437,https://www.acfun.cn/v/ac48870865,https://tx-free-imgs.acfun.cn/newUpload/14047168_02bac6c1158f4e108536124c7239e472.jpeg?imageslim,AcFun,日榜,day,hotlist,,2026-09-25 15:27:14
14,"长手打短手？2万分王者局！快速看完一局韩服王者斗殴局#836 十三day, Eclipse,","长手打短手？2万分王者局！快速看完一局韩服王者斗殴局#836 十三day, Eclipse, 0909, Lelitz, 1Jiang <br/>BGM:https://music.163.com/playlist?id=650818240&userid=30476594",1422,https://www.acfun.cn/v/ac48863751,https://tx-free-imgs.acfun.cn/newUpload/1378726_792b017ff72e4ed49b05fe8e1e24f6e4.jpeg?imageslim,AcFun,日榜,day,hotlist,,2026-09-25 15:27:14
15,【锅锅x怀瑜x阔落】千里邀月——共饮此杯赏此月，夜好眠,中秋到了，和姐妹们合唱了千里邀月~~<br/>乐：可乐祝大家身体健康，永不加班，月圆人团圆<br/>鱼：怀瑜愿诸位财源广进，常能摸鱼，花好月更圆<br/>锅：锅锅祝大家桂香满锅，早归赏月，饼甜心更甜<br/>祝大家中秋快乐~,1256,https://www.acfun.cn/v/ac48871580,https://tx-free-imgs.acfun.cn/newUpload/67206930_e47be8dbac2546e1b5a4a831e71dabe4.jpeg?imageslim,AcFun,日榜,day,hotlist,,2026-09-25 15:27:14
16,裸足圆脸仙女下凡～跳一曲千里邀月【可心喵】,,1082,https://www.acfun.cn/v/ac48872448,https://tx-free-imgs.acfun.cn/newUpload/12892608_6691690fd8e944278bda5d5390e1e5a9.jpg?imageslim,AcFun,日榜,day,hotlist,,2026-09-25 15:27:14
17,坚持跳舞8年改变了什么？《千里邀月》2018vs2026【紫嘉儿】,中秋快乐！没想到8年前的编舞每年这个时候都有很多翻跳，一起用舞蹈记录下美好时光吧！,1301,https://www.acfun.cn/v/ac48870585,https://tx-free-imgs.acfun.cn/newUpload/1161851_851c52555ace464f98231f30a167eedd.png?imageslim,AcFun,日榜,day,hotlist,,2026-09-25 15:27:14
18,少女机甲+空投轰炸？是什么神仙组合？,到底是一款什么样的机甲游戏，上线快3年还保持着特别好评？虽然是机甲美少女的设定，但是操作的是厚重质感的硬核机甲，这种硬核操作的感觉让人越玩越上头，今天来跟大家聊聊这款游戏《铁骑少女》。<br/>最近我一直期待的第三个DLC金盏花也是要上线了，这次DLC的核心新玩法，就是机甲“搜打撤”的模式。和本体死守基地的玩法不一样，这次整体的游玩思路都变了~,1202,https://www.acfun.cn/v/ac48871337,https://tx-free-imgs.acfun.cn/newUpload/61352468_77bf0ab03cd34fefa1d5530aca003edb.jpeg?imageslim,AcFun,日榜,day,hotlist,,2026-09-25 15:27:14
19,【AI】小妈裙~chocolate cream,Comfyui,1429,https://www.acfun.cn/v/ac48870861,https://tx-free-imgs.acfun.cn/newUpload/14047168_efd2bae7c6184b3b89e82abfaadf0fb3.jpeg?imageslim,AcFun,日榜,day,hotlist,,2026-09-25 15:27:14
20,好像只能礼貌的问候~,,1222,https://www.acfun.cn/v/ac48871365,https://tx-free-imgs.acfun.cn/newUpload/43459034_4572f98756df48b0bc9c323cdc49a8d2.jpg?imageslim,AcFun,日榜,day,hotlist,,2026-09-25 15:27:14
21,【绝望女神/翻唱】【星际牛仔ED The Real Folk Blues】,想听啥情继续评论回复~,1035,https://www.acfun.cn/v/ac48871323,https://tx-free-imgs.acfun.cn/newUpload/20705199_0be8deafcbb34bdb9f17523c5bc95087.jpeg?imageslim,AcFun,日榜,day,hotlist,,2026-09-25 15:27:14
22,记录2023年6月份在台上开心的表演lamb的我,,1203,https://www.acfun.cn/v/ac48871344,https://tx-free-imgs.acfun.cn/newUpload/16380981_00755d93042647bcb6f29a19da53e590.png?imageslim,AcFun,日榜,day,hotlist,,2026-09-25 15:27:14
23,【黒碳】ライトダンス - サカナクション【生日作】【翻唱】,本家:サカナクション ; 翻唱: 黒碳Kurotan; 后期: 黒碳Kurotan; 曲绘: 黒碳Kurotan; PV: 黒碳Kurotan以及十分牛杯的網站：https://pv.pixjam.cn/ 背景是用這個做的!! 狠狠趕工終於做完了 好感動,1117,https://www.acfun.cn/v/ac48869560,https://tx-free-imgs.acfun.cn/newUpload/13707663_f611642aa87b4dab9a8d8a6beb7ace77.jpeg?imageslim,AcFun,日榜,day,hotlist,,2026-09-25 15:27:14
24,网络上常见的热门短视频集锦   第三千四百四十九期,审核大大辛苦了！<br/>谢谢每一个投蕉的帅哥美女！香蕉没有来个赞也好啊！<br/>视频来自快手等平台，侵权联系删除！,1250,https://www.acfun.cn/v/ac48871496,https://tx-free-imgs.acfun.cn/newUpload/2176158_cf20f7722011491da25ce2efbc799dba.gif?imageslim,AcFun,日榜,day,hotlist,,2026-09-25 15:27:14
25,【颜音】中秋歌回~祝大家节日快乐,皓月凌空，桂香满庭。<br/>愿今夜歌声暖心，祝各位中秋快乐，阖家美满！,1214,https://www.acfun.cn/v/ac48872065,https://tx-free-imgs.acfun.cn/newUpload/4425861_3dab8cdf19a74bf6accbdcd688cd9b6a.jpeg?imageslim,AcFun,日榜,day,hotlist,,2026-09-25 15:27:14
26,卓哥儿那可是专业杰哥，人群之中七进七出不成问题！,自定义也发？,1349,https://www.acfun.cn/v/ac48871816,https://tx-free-imgs.acfun.cn/newUpload/581357_d49b41a0e554440db6952de719b3f832.jpeg?imageslim,AcFun,日榜,day,hotlist,,2026-09-25 15:27:14
27,吃！给我吃！【鬼ノ宴翻唱】,,1098,https://www.acfun.cn/v/ac48871186,https://tx-free-imgs.acfun.cn/newUpload/10144864_ee78f4d0678d414f9ce18c29231cf17a.jpeg?imageslim,AcFun,日榜,day,hotlist,,2026-09-25 15:27:14
28,【翻唱】鬼ノ宴,本家様<br/>友成空様<br/>【鬼ノ宴】<br/>•友成空(TOMONARI SORA) -   鬼ノ宴   ［Lyric Video］<br/>https://www.youtube.com/watch?v=NFzyrPK9rtM,1064,https://www.acfun.cn/v/ac48871180,https://tx-free-imgs.acfun.cn/newUpload/10144864_a75eddb97ea048b59fef6aaea5d4478f.jpeg?imageslim,AcFun,日榜,day,hotlist,,2026-09-25 15:27:14
29,下班后跳一段恋爱的条件～,,1111,https://www.acfun.cn/v/ac48871308,https://tx-free-imgs.acfun.cn/newUpload/43459034_9aa96c2a93884a3891b73b05298d8521.jpg?imageslim,AcFun,日榜,day,hotlist,,2026-09-25 15:27:14
30,BR66型蒸汽机车 trix越来越垃圾了！尤其是垃圾会员车，一个比一个烂！这一次终于拉了一坨更大的！,,897,https://www.acfun.cn/v/ac48871197,https://tx-free-imgs.acfun.cn/newUpload/66128753_8563c2ab24aa4a2289e52500bc42f1f1.png?imageslim,AcFun,日榜,day,hotlist,,2026-09-25 15:27:14
31,绿梦：时空之声公测定档！公测版本全面优化！,绿梦：时空之声公测定档！公测版本全面优化！,1289,https://www.acfun.cn/v/ac48871268,https://tx-free-imgs.acfun.cn/newUpload/63104383_33b9de6d951a4ca0b5a7b9dfc2fc748e.gif?imageslim,AcFun,日榜,day,hotlist,,2026-09-25 15:27:14
32,【AI】山间竹林仙子,Comfyui,1142,https://www.acfun.cn/v/ac48870853,https://tx-free-imgs.acfun.cn/newUpload/14047168_20afdd6955bd44a9a04b0629aecb5ad1.jpeg?imageslim,AcFun,日榜,day,hotlist,,2026-09-25 15:27:14
33,22.称霸水下四亿年，人类最古老的远房祖先：硬骨鱼总纲,22.称霸水下四亿年，人类最古老的远房祖先：硬骨鱼总纲,1068,https://www.acfun.cn/v/ac48871354,https://tx-free-imgs.acfun.cn/newUpload/28933912_40dcb39f039045868ae364582e4a1797.jpeg?imageslim,AcFun,日榜,day,hotlist,,2026-09-25 15:27:14
34,【牛子组合】凉凉,世事一场大梦，人生几度秋凉，祝大家26年中秋快乐,1063,https://www.acfun.cn/v/ac48870493,https://tx-free-imgs.acfun.cn/newUpload/358616_22f2cb85fdca497ab5cd556c984493d6.png?imageslim,AcFun,日榜,day,hotlist,,2026-09-25 15:27:14
35,另一版,之前还拍了一版，但是感觉镜头太晃了,1028,https://www.acfun.cn/v/ac48871588,https://tx-free-imgs.acfun.cn/newUpload/12954767_f420f9f6197c43d4bb14421c32d81bbb.png?imageslim,AcFun,日榜,day,hotlist,,2026-09-25 15:27:14
36,这新番要不是霸权！我家狗都不信啊！十月最无悬念的提前吹爆！,这新番要不是霸权！我家狗都不信啊！十月最无悬念的提前吹爆！,1106,https://www.acfun.cn/v/ac48871615,https://tx-free-imgs.acfun.cn/newUpload/13467496_654fcc0446324342b35eef2b72d45df4.jpeg?imageslim,AcFun,日榜,day,hotlist,,2026-09-25 15:27:14
37,T-ara Bo Peep Bo Peep,,1187,https://www.acfun.cn/v/ac48869397,https://tx-free-imgs.acfun.cn/newUpload/795184_1876bec3bc5d43d6b42da8060c06a34a.jpeg?imageslim,AcFun,日榜,day,hotlist,,2026-09-25 15:27:14
38,上线才半年，腾讯养的“龙虾”QClaw，官宣停运了！,,1186,https://www.acfun.cn/v/ac48871074,https://tx-free-imgs.acfun.cn/newUpload/17928_22da7d70ed6749f690e735b0f098a800.png?imageslim,AcFun,日榜,day,hotlist,,2026-09-25 15:27:14
39,艺术欣赏,,1204,https://www.acfun.cn/v/ac48871987,https://tx-free-imgs.acfun.cn/newUpload/2742252_cb96fa8c85b847afb6618ecf730b5f70.jpg?imageslim,AcFun,日榜,day,hotlist,,2026-09-25 15:27:14
40,白井黑子·佐天泪子 中秋月色双人手势舞【AI动画/超清】,本人本地部署的AI生成图片视频模型制作，硬件英伟达显卡RTX5070TI 16G+96G DDR5 6000内存，花费2小时合成.<br/>这次引入新的二次元动漫人物模型，二次元脸部质量效果会更好些，同时步数可以适当降低，降本增效。引入后期处理工具修复强化背景<br/><br/>人物：佐天泪子 白井黑子<br/>舞蹈技术与BGM：网红手势舞<br/>场景：中秋月色,967,https://www.acfun.cn/v/ac48871101,https://tx-free-imgs.acfun.cn/newUpload/46764084_397c08849b344139b09a46fb71f814b3.png?imageslim,AcFun,日榜,day,hotlist,,2026-09-25 15:27:14
41,社畜身份不是你精致生活的角色扮演,,958,https://www.acfun.cn/v/ac48871467,https://tx-free-imgs.acfun.cn/newUpload/14013875_ec82a37907ff4565a6f6f6d916bd7117.png?imageslim,AcFun,日榜,day,hotlist,,2026-09-25 15:27:14
42,小兔-20260923 abracadabra 上下 恋爱的条件 成人礼 晚安吻,,1120,https://www.acfun.cn/v/ac48870476,https://tx-free-imgs.acfun.cn/newUpload/78055394_4dcf7a6688cb4a1994bd96389cc84b38.jpeg?imageslim,AcFun,日榜,day,hotlist,,2026-09-25 15:27:14
43,塞巴斯蒂安·埃尔南德斯 vs 亀田京之介,塞巴斯蒂安·埃尔南德斯 vs 亀田京之介,1025,https://www.acfun.cn/v/ac48871133,https://tx-free-imgs.acfun.cn/newUpload/61107438_67e40508d9a74840841c26da02695801.png?imageslim,AcFun,日榜,day,hotlist,,2026-09-25 15:27:14
44,【官方双语】存储价格飞涨  蓝光会是那个意想不到的解决方案吗?#linus谈科技,,894,https://www.acfun.cn/v/ac48872033,https://tx-free-imgs.acfun.cn/newUpload/1630166_48020992cf374f349c36bc0d54f08d91.jpeg?imageslim,AcFun,日榜,day,hotlist,,2026-09-25 15:27:14
45,桢-20260923 abracadabra,,1101,https://www.acfun.cn/v/ac48870552,https://tx-free-imgs.acfun.cn/newUpload/78055394_f7c161e6bccd480f9b8a372dd55c3678.jpeg?imageslim,AcFun,日榜,day,hotlist,,2026-09-25 15:27:14
46,“狐蝠”亡命天涯半世纪,,1294,https://www.acfun.cn/v/ac48871667,https://tx-free-imgs.acfun.cn/newUpload/3592774_514c8455f636400c949adc88c25d0e83.jpeg?imageslim,AcFun,日榜,day,hotlist,,2026-09-25 15:27:14
47,低腰牛仔裤,,1037,https://www.acfun.cn/v/ac48872338,https://tx-free-imgs.acfun.cn/newUpload/24775015_326be0e2724c4efea103cec5d8dc110a.png?imageslim,AcFun,日榜,day,hotlist,,2026-09-25 15:27:14
48,绝顶性感黑丝【DazzlingRed】舞蹈翻跳,,1143,https://www.acfun.cn/v/ac48871722,https://tx-free-imgs.acfun.cn/newUpload/28629507_651036189fde4ffabea2957b7a006984.png?imageslim,AcFun,日榜,day,hotlist,,2026-09-25 15:27:14
49,동그란 안경으로 귀여운 매력 보여주는 지호,동그란 안경으로 귀여운 매력 보여주는 지호 | Beige Top & Glasses | Ji Ho,856,https://www.acfun.cn/v/ac48870864,https://tx-free-imgs.acfun.cn/newUpload/43172481_558625b6a90d469aabe28a39ba33fded.jpeg?imageslim,AcFun,日榜,day,hotlist,,2026-09-25 15:27:14
50,《フロルパレード》（花之巡游），自制曲绘,剪辑工具：快影<br/>因为很喜欢这首曲子，所以就画了<br/><br/>这个作品现在我只会投在A站和乐乎<br/>我真的很不喜欢做剪辑<br/>我真的不会画手（,313,https://www.acfun.cn/v/ac48871234,https://tx-free-imgs.acfun.cn/newUpload/75640773_5baa4dbb94b040c68b2271c90e84cf1d.png?imageslim,AcFun,日榜,day,hotlist,,2026-09-25 15:27:14
1,是谁点的小恶魔，蕉出来～,,5714,https://www.acfun.cn/v/ac48867778,https://tx-free-imgs.acfun.cn/newUpload/17062172_6098fee67d1748e0ab5dab3b5665736c.jpg?imageslim,AcFun,三日榜,three-days,hotlist,,2026-09-25 15:27:14
2,《野生动物迷惑行为》,喜欢请投蕉啊   谢谢啦！,2783,https://www.acfun.cn/v/ac48868360,https://tx-free-imgs.acfun.cn/newUpload/1342385_3fab348c538e4c0fa001871a708fe302.jpeg?imageslim,AcFun,三日榜,three-days,hotlist,,2026-09-25 15:27:14
3,漫威金刚狼深陷争议！SweetBaby又毁一款？【绅批】,这算是DEI的历史遗留问题了，所有现在已经从sweetbaby离职的人，只要参与过游戏制作也会被署名（比如桥本和真）,2812,https://www.acfun.cn/v/ac48868810,https://tx-free-imgs.acfun.cn/newUpload/526850_ca1da1572b1d494a93e2f6bab46cf76b.jpeg?imageslim,AcFun,三日榜,three-days,hotlist,,2026-09-25 15:27:14
4,我真的是来吃饭的！★手机竖屏2013★,审核大大辛苦了！<br/>谢谢每一个投蕉的帅哥美女！香蕉没有来个赞也好啊！<br/>视频来自快手等平台，侵权联系删除！,3648,https://www.acfun.cn/v/ac48869145,https://tx-free-imgs.acfun.cn/newUpload/2176158_eb4b69370b8f435aa2b171e72403d356.gif?imageslim,AcFun,三日榜,three-days,hotlist,,2026-09-25 15:27:14
5,mr chu!!好怀念这首歌,,2049,https://www.acfun.cn/v/ac48869375,https://tx-free-imgs.acfun.cn/newUpload/16380981_19592eb83a88429695ee1a0508fc3df0.png?imageslim,AcFun,三日榜,three-days,hotlist,,2026-09-25 15:27:14
6,因为害怕被讨厌 所以把自己藏起来了,,2629,https://www.acfun.cn/v/ac48871331,https://tx-free-imgs.acfun.cn/newUpload/11361784_3d4bd69b46f541e184c2922c24f09276.jpg?imageslim,AcFun,三日榜,three-days,hotlist,,2026-09-25 15:27:14
7,拳击好啊，拳击得学！欢乐八点档-1781,审核大大辛苦了！<br/>免费的香蕉投一下吧，没有那就点个赞吧，这对我来说很重要，谢谢！！！<br/>谢谢每一个投蕉的帅哥美女！你们是我坚持更新的动力！<br/>视频来自快手等平台，侵权联系删除！,4019,https://www.acfun.cn/v/ac48868336,https://tx-free-imgs.acfun.cn/newUpload/2176158_3f6c601293a54468bae97f781440217b.gif?imageslim,AcFun,三日榜,three-days,hotlist,,2026-09-25 15:27:14
8,北京豆汁会惩罚每一个好奇的人！欢乐八点档-1780,审核大大辛苦了！<br/>免费的香蕉投一下吧，没有那就点个赞吧，这对我来说很重要，谢谢！！！<br/>谢谢每一个投蕉的帅哥美女！你们是我坚持更新的动力！<br/>视频来自快手等平台，侵权联系删除！,4393,https://www.acfun.cn/v/ac48865965,https://tx-free-imgs.acfun.cn/newUpload/2176158_ec83e6fb2ffc4005b41881ac13dbaeca.gif?imageslim,AcFun,三日榜,three-days,hotlist,,2026-09-25 15:27:14
9,网络上常见的热门短视频集锦   第三千四百四十五期,审核大大辛苦了！<br/>谢谢每一个投蕉的帅哥美女！香蕉没有来个赞也好啊！<br/>视频来自快手等平台，侵权联系删除！,3856,https://www.acfun.cn/v/ac48866824,https://tx-free-imgs.acfun.cn/newUpload/2176158_dba921eb42f14c7ba31a1af83bfe71ce.gif?imageslim,AcFun,三日榜,three-days,hotlist,,2026-09-25 15:27:14
10,空中瑜伽！！！★手机竖屏2012★,审核大大辛苦了！<br/>谢谢每一个投蕉的帅哥美女！香蕉没有来个赞也好啊！<br/>视频来自快手等平台，侵权联系删除！,4341,https://www.acfun.cn/v/ac48866821,https://tx-free-imgs.acfun.cn/newUpload/2176158_610807af48f5463a891fc9f341c9b16f.gif?imageslim,AcFun,三日榜,three-days,hotlist,,2026-09-25 15:27:14
11,厨师长教你：“鱼香肉丝”的家常做法，酸甜微辣，口感丰富,,2014,https://www.acfun.cn/v/ac48867741,https://tx-free-imgs.acfun.cn/newUpload/13274260_93e68d1098d04ffca2683655a6a404c2.jpeg?imageslim,AcFun,三日榜,three-days,hotlist,,2026-09-25 15:27:14
12,这样的学姐喜欢吗？欢乐八点档-1782,审核大大辛苦了！<br/>免费的香蕉投一下吧，没有那就点个赞吧，这对我来说很重要，谢谢！！！<br/>谢谢每一个投蕉的帅哥美女！你们是我坚持更新的动力！<br/>视频来自快手等平台，侵权联系删除！,3033,https://www.acfun.cn/v/ac48870057,https://tx-free-imgs.acfun.cn/newUpload/2176158_4c1f3b60f73e451abc443941d47305d8.gif?imageslim,AcFun,三日榜,three-days,hotlist,,2026-09-25 15:27:14
13,今天你不能嫁出去【今天有什么好笑的 #2514】,：)，谢谢大家，祝你们开心。<br/>wallpaper壁纸：Fading Astronaut 5K (update)<br/>BGM：I Want It That Way,2852,https://www.acfun.cn/v/ac48865864,https://tx-free-imgs.acfun.cn/newUpload/383079_ee4f5f7badf74f05a2ef6c691387f327.gif?imageslim,AcFun,三日榜,three-days,hotlist,,2026-09-25 15:27:14
14,网络上常见的热门短视频集锦   第三千四百四十四期,审核大大辛苦了！<br/>谢谢每一个投蕉的帅哥美女！香蕉没有来个赞也好啊！<br/>视频来自快手等平台，侵权联系删除！,3507,https://www.acfun.cn/v/ac48865021,https://tx-free-imgs.acfun.cn/newUpload/2176158_663463f1e6004dc2b4dea153d1e60c05.gif?imageslim,AcFun,三日榜,three-days,hotlist,,2026-09-25 15:27:14
15,嘴角压不住了【今天有什么好笑的 #2515】,：），谢谢大家的投蕉和点赞，祝你开心愉快~<br/>wallpaper壁纸：Genshin 神里绫华<br/>BGM：Wake me up when september ends,2361,https://www.acfun.cn/v/ac48868130,https://tx-free-imgs.acfun.cn/newUpload/383079_ef65121591434d2b86d53db1622776cd.gif?imageslim,AcFun,三日榜,three-days,hotlist,,2026-09-25 15:27:14
16,姛姛？！蝴蝶耳机Manget中文翻唱【箐羽Hane】x【缇若柯Teivoc】,“是否你确实表里如一淡然，还是说你——并不似我贪婪？”<br/>《Manget》磁石 / 蝴蝶耳机 - 中文翻唱<br/>原作作曲 / 流星P<br/>曲绘&翻唱 / 箐羽hane & 缇若柯Teivoc<br/>中文填词 / 果汁凉菜<br/>混音 / 风尘<br/>和笋笋一起唱了我们二次元姛神曲！曲绘也是我和笋笋每个人负责了自己的部分最后再拼到一起的！真好！( *^ ^)o(^ ^* )希望大家也能喜欢！,1507,https://www.acfun.cn/v/ac48869340,https://tx-free-imgs.acfun.cn/newUpload/67511609_d868cdbd6b1849e8958696cdc9db1493.jpeg?imageslim,AcFun,三日榜,three-days,hotlist,,2026-09-25 15:27:14
17,粉丝让我录的，不理解但照做！！！,怪哦~,1983,https://www.acfun.cn/v/ac48866011,https://tx-free-imgs.acfun.cn/newUpload/210705_6db288d8849d4e408bbee41ce9116989.jpeg?imageslim,AcFun,三日榜,three-days,hotlist,,2026-09-25 15:27:14
18,娃：真遗憾，本来打算亲自告诉你们的,嘿嘿希望大家都万事顺意～心想事成,1606,https://www.acfun.cn/v/ac48871740,https://tx-free-imgs.acfun.cn/newUpload/17062172_d1a93166ed084e3aadac2fea4bba0707.jpg?imageslim,AcFun,三日榜,three-days,hotlist,,2026-09-25 15:27:14
19,网络上常见的热门短视频集锦   第三千四百四十六期,审核大大辛苦了！<br/>谢谢每一个投蕉的帅哥美女！香蕉没有来个赞也好啊！<br/>视频来自快手等平台，侵权联系删除！,3586,https://www.acfun.cn/v/ac48867732,https://tx-free-imgs.acfun.cn/newUpload/2176158_2ec1d99da19a48e0a8e4ff2a2447e612.gif?imageslim,AcFun,三日榜,three-days,hotlist,,2026-09-25 15:27:14
20,双手合十萨瓦迪卡！,,1789,https://www.acfun.cn/v/ac48863951,https://tx-free-imgs.acfun.cn/newUpload/12439728_638a29114abf4b0bafda38c61f497df1.png?imageslim,AcFun,三日榜,three-days,hotlist,,2026-09-25 15:27:14
21,现在电脑不好卖了，以后我们出租AI机器人吧,,1829,https://www.acfun.cn/v/ac48867767,https://tx-free-imgs.acfun.cn/newUpload/17928_c684f06231604145b533a0f00627c624.png?imageslim,AcFun,三日榜,three-days,hotlist,,2026-09-25 15:27:14
22,昆汀力荐！这部复仇老片，竟是杀死比尔的人物原型来源,,1648,https://www.acfun.cn/v/ac48865483,https://tx-free-imgs.acfun.cn/newUpload/8042365_d9ae5a725d8848abb4b488acbf483611.jpeg?imageslim,AcFun,三日榜,three-days,hotlist,,2026-09-25 15:27:14
23,网络上常见的热门短视频集锦   第三千四百四十八期,审核大大辛苦了！<br/>谢谢每一个投蕉的帅哥美女！香蕉没有来个赞也好啊！<br/>视频来自快手等平台，侵权联系删除！,3199,https://www.acfun.cn/v/ac48870020,https://tx-free-imgs.acfun.cn/newUpload/2176158_d65e54f4e9ee489b86b6fc28c31c84ee.gif?imageslim,AcFun,三日榜,three-days,hotlist,,2026-09-25 15:27:14
24,交通事故20260923：交通车祸实例，提高安全驾驶意识,,1411,https://www.acfun.cn/v/ac48868861,https://tx-free-imgs.acfun.cn/newUpload/76871961_edea5de6659a4cd2b733a74989043440.jpg?imageslim,AcFun,三日榜,three-days,hotlist,,2026-09-25 15:27:14
25,网络上常见的热门短视频集锦   第三千四百四十七期,审核大大辛苦了！<br/>谢谢每一个投蕉的帅哥美女！香蕉没有来个赞也好啊！<br/>视频来自快手等平台，侵权联系删除！,3025,https://www.acfun.cn/v/ac48869149,https://tx-free-imgs.acfun.cn/newUpload/2176158_fdf9afe2e00a4a1aa62415c846776eaf.gif?imageslim,AcFun,三日榜,three-days,hotlist,,2026-09-25 15:27:14
26,人鱼的眼泪,歌曲舞蹈：爱乐之城-人鱼的眼泪,1537,https://www.acfun.cn/v/ac48867050,https://tx-free-imgs.acfun.cn/newUpload/12229455_130b1f041e6741dab4f6295ee27d927e.jpeg?imageslim,AcFun,三日榜,three-days,hotlist,,2026-09-25 15:27:14
27,我要冲会员【今天有什么好笑的 #2516】,：），谢谢大家的投蕉和点赞，祝你开心愉快~<br/>wallpaper壁纸：Reze | Chainsaw Man<br/>BGM：Nicoleta Matei - Love mail<br/>,2234,https://www.acfun.cn/v/ac48870763,https://tx-free-imgs.acfun.cn/newUpload/383079_47b0fc3f458042f5bd3717967e55c598.gif?imageslim,AcFun,三日榜,three-days,hotlist,,2026-09-25 15:27:14
28,老板直聘（89）,,1604,https://www.acfun.cn/v/ac48868552,https://tx-free-imgs.acfun.cn/newUpload/74706824_db2c7ba15c5d4aa18872db6b0763b7ca.jpeg?imageslim,AcFun,三日榜,three-days,hotlist,,2026-09-25 15:27:14
29,常州新开巴西烤肉自助，100块钱值得吗？,这是我目前为止，去过的第二家巴西烤肉自助，团购优惠的情况下，花了94元。正常价格在95~110不等<br/><br/>简单带大家看下菜品，除了取餐台这么些，各种牛肉制品、大串烧烤都是循环上桌，大家觉得这么些菜式花样，100块钱左右你们觉得贵还是便宜啊，觉得贵的扣1，觉得便宜的扣2,1827,https://www.acfun.cn/v/ac48868891,https://tx-free-imgs.acfun.cn/newUpload/2046675_bf3a59ddff624646850829452262094e.jpeg?imageslim,AcFun,三日榜,three-days,hotlist,,2026-09-25 15:27:14
30,原创编舞《千层套路》的定机位竖屏来啦！,,1602,https://www.acfun.cn/v/ac48869245,https://tx-free-imgs.acfun.cn/newUpload/16380981_24bafd11c027499d9fe6820162faa782.png?imageslim,AcFun,三日榜,three-days,hotlist,,2026-09-25 15:27:14
31,Summertime,歌曲：summer time<br/>动作参考：紫嘉儿<br/>原版编舞：（Millennium红房子_BON）<br/>参考编舞：(GFRIEND《Sunny Summer）,1751,https://www.acfun.cn/v/ac48864563,https://tx-free-imgs.acfun.cn/newUpload/12229455_1a8e22f51f3e4effa32c00abb4fd05af.jpeg?imageslim,AcFun,三日榜,three-days,hotlist,,2026-09-25 15:27:14
32,沦陷️,歌曲舞蹈：沦陷dj版-星奇摇   动作有改编,1584,https://www.acfun.cn/v/ac48869381,https://tx-free-imgs.acfun.cn/newUpload/12229455_aacf9da97a0940ad8e5f0b509d9cc159.jpeg?imageslim,AcFun,三日榜,three-days,hotlist,,2026-09-25 15:27:14
33,北京的最北端在黑龙江？？？国内飞地是怎么形成的？,这份中国地图，是你从未看过的船新版本，放大几倍就会发现，在大家熟悉的各个省份中，还藏着一堆 “你中有我、我中有你” 的飞地。,1774,https://www.acfun.cn/v/ac48867896,https://tx-free-imgs.acfun.cn/newUpload/13630266_cc2428a99a42453f99c9e1306e7a43bb.jpeg?imageslim,AcFun,三日榜,three-days,hotlist,,2026-09-25 15:27:14
34,我要辞职了！,,1667,https://www.acfun.cn/v/ac48863957,https://tx-free-imgs.acfun.cn/newUpload/12439728_7c57a0735675474590bf7b25e1a34527.png?imageslim,AcFun,三日榜,three-days,hotlist,,2026-09-25 15:27:14
35,发个friend圈,,1489,https://www.acfun.cn/v/ac48863958,https://tx-free-imgs.acfun.cn/newUpload/12439728_b44cb67ae45a4c179b08227368f4159c.png?imageslim,AcFun,三日榜,three-days,hotlist,,2026-09-25 15:27:14
36,捏捏已经已进化到可以吃的地步啦？,,1615,https://www.acfun.cn/v/ac48868638,https://tx-free-imgs.acfun.cn/newUpload/6177430_486c910212d548c991eeb140f146a6ed.jpeg?imageslim,AcFun,三日榜,three-days,hotlist,,2026-09-25 15:27:14
37,我终于瘦到120斤以下了！,,1641,https://www.acfun.cn/v/ac48867016,https://tx-free-imgs.acfun.cn/newUpload/16380981_906db098cf5d4eaca57bde52b0ae8bf2.jpg?imageslim,AcFun,三日榜,three-days,hotlist,,2026-09-25 15:27:14
38,奥迪“宫斗”十年大结局？一汽拿四环，上汽拿AUDI,一汽奥迪和上汽奥迪“宫斗”了十年，终于要划下句号了？,1598,https://www.acfun.cn/v/ac48870981,https://tx-free-imgs.acfun.cn/newUpload/13630266_3fde785be5a2411495618f67d01ab66a.jpeg?imageslim,AcFun,三日榜,three-days,hotlist,,2026-09-25 15:27:14
39,《奶凶奶凶的漫威金刚狼！》,游戏名：《漫威金刚狼》- Marvel s Wolverine<br/>直播玩了15小时左右一周目通关啦~(*^▽^*)开心，这期是切片呦~,1829,https://www.acfun.cn/v/ac48866669,https://tx-free-imgs.acfun.cn/newUpload/61352468_cb62bfe2e19c4f35804259fac7f8c226.jpeg?imageslim,AcFun,三日榜,three-days,hotlist,,2026-09-25 15:27:14
40,嘉蒂丝模型曝光！很大！策划团队产能恢复？,明天新角色就要上了，技系直接立于天上。,1844,https://www.acfun.cn/v/ac48866809,https://tx-free-imgs.acfun.cn/newUpload/247671_ee6def92d94a4ab1b770fa166f4de4b7.jpeg?imageslim,AcFun,三日榜,three-days,hotlist,,2026-09-25 15:27:14
41,换你穿越三国乱世，你是起兵还是种田？,有没有宝贝和我一样，看三国的时候总在想，如果换我身在那个乱世，我会怎么样？是起兵争霸，还是归隐山林？ 或是是咱们可以选三国里有名的角色或者可以架空历史从素人做起，一统三国，那会怎么样?我最近就玩了这么一款游戏，一玩就是五个小时，根本停不下来，那今天来聊聊这款开放世界slg游戏《英雄立志传：三国志》~<br/>,1674,https://www.acfun.cn/v/ac48869043,https://tx-free-imgs.acfun.cn/newUpload/61352468_39715609bed041b98b21f3dbb482ad70.jpeg?imageslim,AcFun,三日榜,three-days,hotlist,,2026-09-25 15:27:14
42,好曲不挑舞！《琵琶曲》你喜欢的是？,,1399,https://www.acfun.cn/v/ac48866497,https://tx-free-imgs.acfun.cn/newUpload/1161851_90c6400f25f14d969028c8a6779eaaf5.png?imageslim,AcFun,三日榜,three-days,hotlist,,2026-09-25 15:27:14
43,在英国差点被上门诈骗,可能看到我一人在家，就大胆敲门了，还好平常也会注意周边邻居，没发生什么事儿，这个金额就算被骗也不会报警，以后还是要小心一些了。#英国日常#vlog,1493,https://www.acfun.cn/v/ac48869505,https://tx-free-imgs.acfun.cn/newUpload/43181603_1c8c6c487a864d098b5e7e7bf2a12c6a.jpg?imageslim,AcFun,三日榜,three-days,hotlist,,2026-09-25 15:27:14
44,抱紧原生家庭（90）,,1406,https://www.acfun.cn/v/ac48867786,https://tx-free-imgs.acfun.cn/newUpload/74706824_fcc9a2386aff4fb0b3ecd158e3c6b97f.png?imageslim,AcFun,三日榜,three-days,hotlist,,2026-09-25 15:27:14
45,你吃月饼了吗？,,1417,https://www.acfun.cn/v/ac48869054,https://tx-free-imgs.acfun.cn/newUpload/1167675_8f48723afb0e41ecbe772249b3f4df1a.jpg?imageslim,AcFun,三日榜,three-days,hotlist,,2026-09-25 15:27:14
46,拜托了，夫人！★手机竖屏2014★,审核大大辛苦了！<br/>谢谢每一个投蕉的帅哥美女！香蕉没有来个赞也好啊！<br/>视频来自快手等平台，侵权联系删除！,1663,https://www.acfun.cn/v/ac48871493,https://tx-free-imgs.acfun.cn/newUpload/2176158_afaf0913878443b1bc00d636136ffce3.gif?imageslim,AcFun,三日榜,three-days,hotlist,,2026-09-25 15:27:14
47,【东方】QUEEN【蕾米莉亚 Miy Ver. MMD】,作者：やくも<br/><br/>楽曲:Kanaria 様→https://www.nicovideo.jp/watch/sm4088...<br/>振付:AKIRA様<br/>モーション:P-nez 様→https://www.nicovideo.jp/watch/sm4350...<br/>カメラ:Mizuha様→https://www.nicovideo.jp/watch/sm4353...<br/>モデル:MIy様<br/>ステージ:栗ごはん様<br/>アクセサリ:アスカ様,1155,https://www.acfun.cn/v/ac48870080,https://tx-free-imgs.acfun.cn/newUpload/6102_6a4dce20c9b74fa0bbdff3ccc0a73c5d.png?imageslim,AcFun,三日榜,three-days,hotlist,,2026-09-25 15:27:14
48,【柯基】papi酱《生气了》｜oh my god你吓到我了,,1422,https://www.acfun.cn/v/ac48867295,https://tx-free-imgs.acfun.cn/newUpload/29493245_980e56a85587473a82c7499c2ed115cb.png?imageslim,AcFun,三日榜,three-days,hotlist,,2026-09-25 15:27:14
49,只有刀鸣最小丑？各大游戏千年血战联动盘点！,300英雄的含金量还在上升,1911,https://www.acfun.cn/v/ac48869154,https://tx-free-imgs.acfun.cn/newUpload/247671_7d920e56c00e4af39fed560bf094f965.jpeg?imageslim,AcFun,三日榜,three-days,hotlist,,2026-09-25 15:27:14
50,这套皮肤真的很喜欢,,1276,https://www.acfun.cn/v/ac48871657,https://tx-free-imgs.acfun.cn/newUpload/16380981_ac9640e59a3a42e093fcee0a0b81d474.jpg?imageslim,AcFun,三日榜,three-days,hotlist,,2026-09-25 15:27:14
1,剑戟战斗的巅峰 关卡内容的洼地 偏科严重的《鬼武者：剑之道》,它给人爽的部分是真的爽，但是在每次爽之前，你得堵不少马桶，先生。,4412,https://www.acfun.cn/v/ac48859506,https://tx-free-imgs.acfun.cn/newUpload/934542_5d98ad80ca9c4307b5cdc2051c11cb50.jpeg?imageslim,AcFun,周榜,week,hotlist,,2026-09-25 15:27:14
2,【写真】ol穿搭,,10591,https://www.acfun.cn/v/ac48856919,https://tx-free-imgs.acfun.cn/newUpload/3540234_86355333f0d94a46842be6ec42cca369.jpg?imageslim,AcFun,周榜,week,hotlist,,2026-09-25 15:27:14
3,跳最开心的一集,,3955,https://www.acfun.cn/v/ac48860571,https://tx-free-imgs.acfun.cn/newUpload/50330447_79a3f269514140c29e7a85fb7c9dc94c.jpg?imageslim,AcFun,周榜,week,hotlist,,2026-09-25 15:27:14
4,是谁点的小恶魔，蕉出来～,,5714,https://www.acfun.cn/v/ac48867778,https://tx-free-imgs.acfun.cn/newUpload/17062172_6098fee67d1748e0ab5dab3b5665736c.jpg?imageslim,AcFun,周榜,week,hotlist,,2026-09-25 15:27:14
5,喜欢哪套？,,6692,https://www.acfun.cn/v/ac48861422,https://tx-free-imgs.acfun.cn/newUpload/3540234_729e0d22251f439da3735f26e58d174f.jpg?imageslim,AcFun,周榜,week,hotlist,,2026-09-25 15:27:14
6,过期JK碎碎念！,家人们记得蕉一蕉捏 啾咪,5831,https://www.acfun.cn/v/ac48859219,https://tx-free-imgs.acfun.cn/newUpload/17062172_5dd6ea8b5f2741ff87f0911db6dfb909.jpg?imageslim,AcFun,周榜,week,hotlist,,2026-09-25 15:27:14
7,人间琴悠扬，姑娘把谁记心上～,,2707,https://www.acfun.cn/v/ac48863143,https://tx-free-imgs.acfun.cn/newUpload/50330447_938d77716a11477e843914663278ff07.jpg?imageslim,AcFun,周榜,week,hotlist,,2026-09-25 15:27:14
8,开学对各省舍友的刻板印象,,4213,https://www.acfun.cn/v/ac48857410,https://tx-free-imgs.acfun.cn/newUpload/13114172_24dabc4c47ec46458d7cdfcc1cd2ee88.jpeg?imageslim,AcFun,周榜,week,hotlist,,2026-09-25 15:27:14
9,《动物迷惑行为大赏325》,喜欢请投蕉啊 谢谢啦！,2620,https://www.acfun.cn/v/ac48861293,https://tx-free-imgs.acfun.cn/newUpload/1342385_03080470038d444a95ce01ff6a6aeb9f.jpeg?imageslim,AcFun,周榜,week,hotlist,,2026-09-25 15:27:14
10,《动物游戏行为图鉴》,喜欢请投蕉啊 谢谢啦！,2779,https://www.acfun.cn/v/ac48857450,https://tx-free-imgs.acfun.cn/newUpload/1342385_485bc20a4c164df2928409b209fa9afc.jpeg?imageslim,AcFun,周榜,week,hotlist,,2026-09-25 15:27:14
11,双马尾小女仆带来的情绪摇～,,3963,https://www.acfun.cn/v/ac48861966,https://tx-free-imgs.acfun.cn/newUpload/11361784_8cee0402b4754b1e82f85b7099791793.jpg?imageslim,AcFun,周榜,week,hotlist,,2026-09-25 15:27:14
12,帮Acer问一下，地址在哪里？欢乐八点档-1779,审核大大辛苦了！<br/>免费的香蕉投一下吧，没有那就点个赞吧，这对我来说很重要，谢谢！！！<br/>谢谢每一个投蕉的帅哥美女！你们是我坚持更新的动力！<br/>视频来自快手等平台，侵权联系删除！,4435,https://www.acfun.cn/v/ac48863633,https://tx-free-imgs.acfun.cn/newUpload/2176158_ff69c3c797d5414e8056b329918cc5b6.gif?imageslim,AcFun,周榜,week,hotlist,,2026-09-25 15:27:14
13,【绘图过程】《海边》6周年纪念插图过程,6周年纪念插图挂画（预售）、沙滩巾（预售），阿宝已上架,3298,https://www.acfun.cn/v/ac48836990,https://tx-free-imgs.acfun.cn/newUpload/179922_9f95aba039e84f3594c3947b3c8fdd58.jpeg?imageslim,AcFun,周榜,week,hotlist,,2026-09-25 15:27:14
14,《野生动物迷惑行为》,喜欢请投蕉啊   谢谢啦！,2783,https://www.acfun.cn/v/ac48868360,https://tx-free-imgs.acfun.cn/newUpload/1342385_3fab348c538e4c0fa001871a708fe302.jpeg?imageslim,AcFun,周榜,week,hotlist,,2026-09-25 15:27:14
15,还是少妇会的多啊！★手机竖屏2011★,审核大大辛苦了！<br/>谢谢每一个投蕉的帅哥美女！香蕉没有来个赞也好啊！<br/>视频来自快手等平台，侵权联系删除！,5108,https://www.acfun.cn/v/ac48864360,https://tx-free-imgs.acfun.cn/newUpload/2176158_3d4f199fd93640468e543b9ee25ac4c0.gif?imageslim,AcFun,周榜,week,hotlist,,2026-09-25 15:27:14
16,漫威金刚狼深陷争议！SweetBaby又毁一款？【绅批】,这算是DEI的历史遗留问题了，所有现在已经从sweetbaby离职的人，只要参与过游戏制作也会被署名（比如桥本和真）,2812,https://www.acfun.cn/v/ac48868810,https://tx-free-imgs.acfun.cn/newUpload/526850_ca1da1572b1d494a93e2f6bab46cf76b.jpeg?imageslim,AcFun,周榜,week,hotlist,,2026-09-25 15:27:14
17,我真的是来吃饭的！★手机竖屏2013★,审核大大辛苦了！<br/>谢谢每一个投蕉的帅哥美女！香蕉没有来个赞也好啊！<br/>视频来自快手等平台，侵权联系删除！,3648,https://www.acfun.cn/v/ac48869145,https://tx-free-imgs.acfun.cn/newUpload/2176158_eb4b69370b8f435aa2b171e72403d356.gif?imageslim,AcFun,周榜,week,hotlist,,2026-09-25 15:27:14
18,钓鱼佬是真会享受！欢乐八点档-1777,审核大大辛苦了！<br/>免费的香蕉投一下吧，没有那就点个赞吧，这对我来说很重要，谢谢！！！<br/>谢谢每一个投蕉的帅哥美女！你们是我坚持更新的动力！<br/>视频来自快手等平台，侵权联系删除！,4577,https://www.acfun.cn/v/ac48858969,https://tx-free-imgs.acfun.cn/newUpload/2176158_c9d74d926c4c4d709a4b6b7769dffcca.gif?imageslim,AcFun,周榜,week,hotlist,,2026-09-25 15:27:14
19,一波还未平息一波又来侵袭！★手机竖屏2010★,审核大大辛苦了！<br/>谢谢每一个投蕉的帅哥美女！香蕉没有来个赞也好啊！<br/>视频来自快手等平台，侵权联系删除！,4734,https://www.acfun.cn/v/ac48862013,https://tx-free-imgs.acfun.cn/newUpload/2176158_c4802142afc14d50b2cd775e67890cca.gif?imageslim,AcFun,周榜,week,hotlist,,2026-09-25 15:27:14
20,网络上常见的热门短视频集锦   第三千四百三十八期,审核大大辛苦了！<br/>谢谢每一个投蕉的帅哥美女！香蕉没有来个赞也好啊！<br/>视频来自快手等平台，侵权联系删除！,4422,https://www.acfun.cn/v/ac48858394,https://tx-free-imgs.acfun.cn/newUpload/2176158_38174e72af934b9e86687045b01f0dd3.gif?imageslim,AcFun,周榜,week,hotlist,,2026-09-25 15:27:14
21,mr chu!!好怀念这首歌,,2049,https://www.acfun.cn/v/ac48869375,https://tx-free-imgs.acfun.cn/newUpload/16380981_19592eb83a88429695ee1a0508fc3df0.png?imageslim,AcFun,周榜,week,hotlist,,2026-09-25 15:27:14
22,魔兽无限服禁金团引爆社区！但原教旨主义玩家才是最抽象的？【绅批】,所谓“严厉处罚“”顶格也就是封号，会根据情况由短至长，当然能不能具体实行就是另一回事了,3080,https://www.acfun.cn/v/ac48857248,https://tx-free-imgs.acfun.cn/newUpload/526850_b63f9e2a1bd04c38ac3c61257e0b87dd.jpeg?imageslim,AcFun,周榜,week,hotlist,,2026-09-25 15:27:14
23,你们内外皆钢，而我们化身钢铁！【达奇】战锤40K故事内容,感谢下巴老师对视频内容的支持与完善,2137,https://www.acfun.cn/v/ac48856443,https://tx-free-imgs.acfun.cn/newUpload/346807_7f5f779958dd4d6986f60021118423da.jpeg?imageslim,AcFun,周榜,week,hotlist,,2026-09-25 15:27:14
24,还是少妇会啊！！！★手机竖屏2009★,审核大大辛苦了！<br/>谢谢每一个投蕉的帅哥美女！香蕉没有来个赞也好啊！<br/>视频来自快手等平台，侵权联系删除！,4861,https://www.acfun.cn/v/ac48859515,https://tx-free-imgs.acfun.cn/newUpload/2176158_d4e9e6e30f4446319f9e720adfe35ef9.gif?imageslim,AcFun,周榜,week,hotlist,,2026-09-25 15:27:14
25,因为害怕被讨厌 所以把自己藏起来了,,2629,https://www.acfun.cn/v/ac48871331,https://tx-free-imgs.acfun.cn/newUpload/11361784_3d4bd69b46f541e184c2922c24f09276.jpg?imageslim,AcFun,周榜,week,hotlist,,2026-09-25 15:27:14
26,【AC娘】琵琶曲,原作者：Kotte Animation<br/>还有瑕疵，看个乐吧,3109,https://www.acfun.cn/v/ac48864492,https://tx-free-imgs.acfun.cn/newUpload/41729435_02cbd995b6d54f508eb21d3cb8621903.jpeg?imageslim,AcFun,周榜,week,hotlist,,2026-09-25 15:27:14
27,25年了，回坊天花板小酥肉，还是那个味儿,记忆中的味道，回来了，都回来了……<br/>一口椒麻一口鲜，大口吃肉，配上热腾腾的米饭，绝了。<br/>素三鲜也是无敌的存在！,2521,https://www.acfun.cn/v/ac48865538,https://tx-free-imgs.acfun.cn/newUpload/13765438_9bc4a0abf32a4c1aa3e83c844de84649.jpeg?imageslim,AcFun,周榜,week,hotlist,,2026-09-25 15:27:14
28,海洋公园一定要去啊！欢乐八点档-1776,审核大大辛苦了！<br/>免费的香蕉投一下吧，没有那就点个赞吧，这对我来说很重要，谢谢！！！<br/>谢谢每一个投蕉的帅哥美女！你们是我坚持更新的动力！<br/>视频来自快手等平台，侵权联系删除！,4472,https://www.acfun.cn/v/ac48856824,https://tx-free-imgs.acfun.cn/newUpload/2176158_3406d07fb97f486893aedb108728c2ec.gif?imageslim,AcFun,周榜,week,hotlist,,2026-09-25 15:27:14
29,拳击好啊，拳击得学！欢乐八点档-1781,审核大大辛苦了！<br/>免费的香蕉投一下吧，没有那就点个赞吧，这对我来说很重要，谢谢！！！<br/>谢谢每一个投蕉的帅哥美女！你们是我坚持更新的动力！<br/>视频来自快手等平台，侵权联系删除！,4019,https://www.acfun.cn/v/ac48868336,https://tx-free-imgs.acfun.cn/newUpload/2176158_3f6c601293a54468bae97f781440217b.gif?imageslim,AcFun,周榜,week,hotlist,,2026-09-25 15:27:14
30,你的拳头真是肥嘟嘟的...,动漫：心灵的声音，作者：赵石【韩国】,2175,https://www.acfun.cn/v/ac48859870,https://tx-free-imgs.acfun.cn/newUpload/509259_2fa91d5206504450be471808d9c93a22.jpeg?imageslim,AcFun,周榜,week,hotlist,,2026-09-25 15:27:14
31,这个一字马技术含量很高啊！欢乐八点档-1778,审核大大辛苦了！<br/>免费的香蕉投一下吧，没有那就点个赞吧，这对我来说很重要，谢谢！！！<br/>谢谢每一个投蕉的帅哥美女！你们是我坚持更新的动力！<br/>视频来自快手等平台，侵权联系删除！,4351,https://www.acfun.cn/v/ac48861225,https://tx-free-imgs.acfun.cn/newUpload/2176158_0824627cb76d40dc99ce9cb12c07e4cc.gif?imageslim,AcFun,周榜,week,hotlist,,2026-09-25 15:27:14
32,北京豆汁会惩罚每一个好奇的人！欢乐八点档-1780,审核大大辛苦了！<br/>免费的香蕉投一下吧，没有那就点个赞吧，这对我来说很重要，谢谢！！！<br/>谢谢每一个投蕉的帅哥美女！你们是我坚持更新的动力！<br/>视频来自快手等平台，侵权联系删除！,4393,https://www.acfun.cn/v/ac48865965,https://tx-free-imgs.acfun.cn/newUpload/2176158_ec83e6fb2ffc4005b41881ac13dbaeca.gif?imageslim,AcFun,周榜,week,hotlist,,2026-09-25 15:27:14
33,网络上常见的热门短视频集锦   第三千四百四十五期,审核大大辛苦了！<br/>谢谢每一个投蕉的帅哥美女！香蕉没有来个赞也好啊！<br/>视频来自快手等平台，侵权联系删除！,3856,https://www.acfun.cn/v/ac48866824,https://tx-free-imgs.acfun.cn/newUpload/2176158_dba921eb42f14c7ba31a1af83bfe71ce.gif?imageslim,AcFun,周榜,week,hotlist,,2026-09-25 15:27:14
34,网络上常见的热门短视频集锦   第三千四百四十一期,审核大大辛苦了！<br/>谢谢每一个投蕉的帅哥美女！香蕉没有来个赞也好啊！<br/>视频来自快手等平台，侵权联系删除！,4156,https://www.acfun.cn/v/ac48862019,https://tx-free-imgs.acfun.cn/newUpload/2176158_6e5a88d95f344d92a8d97a57f03ac4b9.gif?imageslim,AcFun,周榜,week,hotlist,,2026-09-25 15:27:14
35,琵琶曲丨夜神月 VS  L,原曲：琵琶曲,2229,https://www.acfun.cn/v/ac48861693,https://tx-free-imgs.acfun.cn/newUpload/16986934_3bf4dd94910c4845acf851f7f0fdb757.jpeg?imageslim,AcFun,周榜,week,hotlist,,2026-09-25 15:27:14
36,空中瑜伽！！！★手机竖屏2012★,审核大大辛苦了！<br/>谢谢每一个投蕉的帅哥美女！香蕉没有来个赞也好啊！<br/>视频来自快手等平台，侵权联系删除！,4341,https://www.acfun.cn/v/ac48866821,https://tx-free-imgs.acfun.cn/newUpload/2176158_610807af48f5463a891fc9f341c9b16f.gif?imageslim,AcFun,周榜,week,hotlist,,2026-09-25 15:27:14
37,厨师长教你：“鱼香肉丝”的家常做法，酸甜微辣，口感丰富,,2014,https://www.acfun.cn/v/ac48867741,https://tx-free-imgs.acfun.cn/newUpload/13274260_93e68d1098d04ffca2683655a6a404c2.jpeg?imageslim,AcFun,周榜,week,hotlist,,2026-09-25 15:27:14
38,网络上常见的热门短视频集锦   第三千四百三十九期,审核大大辛苦了！<br/>谢谢每一个投蕉的帅哥美女！香蕉没有来个赞也好啊！<br/>视频来自快手等平台，侵权联系删除！,4015,https://www.acfun.cn/v/ac48859518,https://tx-free-imgs.acfun.cn/newUpload/2176158_13f61f1aa39c4732bdaeed87fe0e28a4.gif?imageslim,AcFun,周榜,week,hotlist,,2026-09-25 15:27:14
39,这样的学姐喜欢吗？欢乐八点档-1782,审核大大辛苦了！<br/>免费的香蕉投一下吧，没有那就点个赞吧，这对我来说很重要，谢谢！！！<br/>谢谢每一个投蕉的帅哥美女！你们是我坚持更新的动力！<br/>视频来自快手等平台，侵权联系删除！,3033,https://www.acfun.cn/v/ac48870057,https://tx-free-imgs.acfun.cn/newUpload/2176158_4c1f3b60f73e451abc443941d47305d8.gif?imageslim,AcFun,周榜,week,hotlist,,2026-09-25 15:27:14
40,一天生产500万个！速冻水饺是如何制造出来的？,,2152,https://www.acfun.cn/v/ac48859253,https://tx-free-imgs.acfun.cn/newUpload/19281632_57f07fe28e24422d948491fd2d43586c.jpeg?imageslim,AcFun,周榜,week,hotlist,,2026-09-25 15:27:14
41,今天你不能嫁出去【今天有什么好笑的 #2514】,：)，谢谢大家，祝你们开心。<br/>wallpaper壁纸：Fading Astronaut 5K (update)<br/>BGM：I Want It That Way,2852,https://www.acfun.cn/v/ac48865864,https://tx-free-imgs.acfun.cn/newUpload/383079_ee4f5f7badf74f05a2ef6c691387f327.gif?imageslim,AcFun,周榜,week,hotlist,,2026-09-25 15:27:14
42,单纯的约会（92）,,1812,https://www.acfun.cn/v/ac48857199,https://tx-free-imgs.acfun.cn/newUpload/74706824_a3a60d77e6934225b168686e44216c4b.png?imageslim,AcFun,周榜,week,hotlist,,2026-09-25 15:27:14
43,【东方】推特东方小视频选集 第272期,睡觉睡觉睡觉睡觉睡觉睡觉睡觉睡觉睡觉睡觉……,1390,https://www.acfun.cn/v/ac48858830,https://tx-free-imgs.acfun.cn/newUpload/6102_5a13d6efeec742ff84c512206aaeb7b0.jpeg?imageslim,AcFun,周榜,week,hotlist,,2026-09-25 15:27:14
44,甜妹来袭！,,2154,https://www.acfun.cn/v/ac48863947,https://tx-free-imgs.acfun.cn/newUpload/12439728_1fd5a3c6e60241a1a1cd8f89dbede769.png?imageslim,AcFun,周榜,week,hotlist,,2026-09-25 15:27:14
45,网络上常见的热门短视频集锦   第三千四百三十六期,审核大大辛苦了！<br/>谢谢每一个投蕉的帅哥美女！香蕉没有来个赞也好啊！<br/>视频来自快手等平台，侵权联系删除！,3950,https://www.acfun.cn/v/ac48856130,https://tx-free-imgs.acfun.cn/newUpload/2176158_4b41dc501581491e9b900fd0a1662e27.gif?imageslim,AcFun,周榜,week,hotlist,,2026-09-25 15:27:14
46,网络上常见的热门短视频集锦   第三千四百四十三期,审核大大辛苦了！<br/>谢谢每一个投蕉的帅哥美女！香蕉没有来个赞也好啊！<br/>视频来自快手等平台，侵权联系删除！,3584,https://www.acfun.cn/v/ac48864363,https://tx-free-imgs.acfun.cn/newUpload/2176158_dfef22dbf6934a15a594e5766b8680ca.gif?imageslim,AcFun,周榜,week,hotlist,,2026-09-25 15:27:14
47,嘞个就是爱情【今天有什么好笑的 #2512】,：），谢谢大家的投蕉和点赞，祝你开心愉快~<br/>wallpaper壁纸：lamp<br/>BGM：What a Feeling,2439,https://www.acfun.cn/v/ac48860992,https://tx-free-imgs.acfun.cn/newUpload/383079_172d192fee55441c96b7352f61e0a25f.gif?imageslim,AcFun,周榜,week,hotlist,,2026-09-25 15:27:14
48,网络上常见的热门短视频集锦   第三千四百四十四期,审核大大辛苦了！<br/>谢谢每一个投蕉的帅哥美女！香蕉没有来个赞也好啊！<br/>视频来自快手等平台，侵权联系删除！,3507,https://www.acfun.cn/v/ac48865021,https://tx-free-imgs.acfun.cn/newUpload/2176158_663463f1e6004dc2b4dea153d1e60c05.gif?imageslim,AcFun,周榜,week,hotlist,,2026-09-25 15:27:14
49,网络上常见的热门短视频集锦   第三千四百三十七期,审核大大辛苦了！<br/>谢谢每一个投蕉的帅哥美女！香蕉没有来个赞也好啊！<br/>视频来自快手等平台，侵权联系删除！,3652,https://www.acfun.cn/v/ac48857544,https://tx-free-imgs.acfun.cn/newUpload/2176158_65f1d403dce7484b8d62b6f272bdbe31.gif?imageslim,AcFun,周榜,week,hotlist,,2026-09-25 15:27:14
50,厨师长分享制作“宫保鸡丁”的三大要素：腌制、调味及火候,,2118,https://www.acfun.cn/v/ac48863018,https://tx-free-imgs.acfun.cn/newUpload/13274260_803e1613305b460d878594c16c1c5a87.jpeg?imageslim,AcFun,周榜,week,hotlist,,2026-09-25 15:27:14
1,因为害怕被讨厌 所以把自己藏起来了,,2719,https://www.acfun.cn/v/ac48871331,https://tx-free-imgs.acfun.cn/newUpload/11361784_3d4bd69b46f541e184c2922c24f09276.jpg?imageslim,AcFun,日榜,day,hotlist,,2026-09-25 16:30:15
2,这样的学姐喜欢吗？欢乐八点档-1782,审核大大辛苦了！<br/>免费的香蕉投一下吧，没有那就点个赞吧，这对我来说很重要，谢谢！！！<br/>谢谢每一个投蕉的帅哥美女！你们是我坚持更新的动力！<br/>视频来自快手等平台，侵权联系删除！,3131,https://www.acfun.cn/v/ac48870057,https://tx-free-imgs.acfun.cn/newUpload/2176158_4c1f3b60f73e451abc443941d47305d8.gif?imageslim,AcFun,日榜,day,hotlist,,2026-09-25 16:30:15
3,娃：真遗憾，本来打算亲自告诉你们的,嘿嘿希望大家都万事顺意～心想事成,1912,https://www.acfun.cn/v/ac48871740,https://tx-free-imgs.acfun.cn/newUpload/17062172_d1a93166ed084e3aadac2fea4bba0707.jpg?imageslim,AcFun,日榜,day,hotlist,,2026-09-25 16:30:15
4,姛姛？！蝴蝶耳机Manget中文翻唱【箐羽Hane】x【缇若柯Teivoc】,“是否你确实表里如一淡然，还是说你——并不似我贪婪？”<br/>《Manget》磁石 / 蝴蝶耳机 - 中文翻唱<br/>原作作曲 / 流星P<br/>曲绘&翻唱 / 箐羽hane & 缇若柯Teivoc<br/>中文填词 / 果汁凉菜<br/>混音 / 风尘<br/>和笋笋一起唱了我们二次元姛神曲！曲绘也是我和笋笋每个人负责了自己的部分最后再拼到一起的！真好！( *^ ^)o(^ ^* )希望大家也能喜欢！,1525,https://www.acfun.cn/v/ac48869340,https://tx-free-imgs.acfun.cn/newUpload/67511609_d868cdbd6b1849e8958696cdc9db1493.jpeg?imageslim,AcFun,日榜,day,hotlist,,2026-09-25 16:30:15
5,我要冲会员【今天有什么好笑的 #2516】,：），谢谢大家的投蕉和点赞，祝你开心愉快~<br/>wallpaper壁纸：Reze | Chainsaw Man<br/>BGM：Nicoleta Matei - Love mail<br/>,2293,https://www.acfun.cn/v/ac48870763,https://tx-free-imgs.acfun.cn/newUpload/383079_47b0fc3f458042f5bd3717967e55c598.gif?imageslim,AcFun,日榜,day,hotlist,,2026-09-25 16:30:15
6,网络上常见的热门短视频集锦   第三千四百四十八期,审核大大辛苦了！<br/>谢谢每一个投蕉的帅哥美女！香蕉没有来个赞也好啊！<br/>视频来自快手等平台，侵权联系删除！,3272,https://www.acfun.cn/v/ac48870020,https://tx-free-imgs.acfun.cn/newUpload/2176158_d65e54f4e9ee489b86b6fc28c31c84ee.gif?imageslim,AcFun,日榜,day,hotlist,,2026-09-25 16:30:15
7,沦陷️,歌曲舞蹈：沦陷dj版-星奇摇   动作有改编,1628,https://www.acfun.cn/v/ac48869381,https://tx-free-imgs.acfun.cn/newUpload/12229455_aacf9da97a0940ad8e5f0b509d9cc159.jpeg?imageslim,AcFun,日榜,day,hotlist,,2026-09-25 16:30:15
8,奥迪“宫斗”十年大结局？一汽拿四环，上汽拿AUDI,一汽奥迪和上汽奥迪“宫斗”了十年，终于要划下句号了？,1619,https://www.acfun.cn/v/ac48870981,https://tx-free-imgs.acfun.cn/newUpload/13630266_3fde785be5a2411495618f67d01ab66a.jpeg?imageslim,AcFun,日榜,day,hotlist,,2026-09-25 16:30:15
9,在英国差点被上门诈骗,可能看到我一人在家，就大胆敲门了，还好平常也会注意周边邻居，没发生什么事儿，这个金额就算被骗也不会报警，以后还是要小心一些了。#英国日常#vlog,1527,https://www.acfun.cn/v/ac48869505,https://tx-free-imgs.acfun.cn/newUpload/43181603_1c8c6c487a864d098b5e7e7bf2a12c6a.jpg?imageslim,AcFun,日榜,day,hotlist,,2026-09-25 16:30:15
10,拜托了，夫人！★手机竖屏2014★,审核大大辛苦了！<br/>谢谢每一个投蕉的帅哥美女！香蕉没有来个赞也好啊！<br/>视频来自快手等平台，侵权联系删除！,1804,https://www.acfun.cn/v/ac48871493,https://tx-free-imgs.acfun.cn/newUpload/2176158_afaf0913878443b1bc00d636136ffce3.gif?imageslim,AcFun,日榜,day,hotlist,,2026-09-25 16:30:15
11,这套皮肤真的很喜欢,,1292,https://www.acfun.cn/v/ac48871657,https://tx-free-imgs.acfun.cn/newUpload/16380981_ac9640e59a3a42e093fcee0a0b81d474.jpg?imageslim,AcFun,日榜,day,hotlist,,2026-09-25 16:30:15
12,【东方】QUEEN【蕾米莉亚 Miy Ver. MMD】,作者：やくも<br/><br/>楽曲:Kanaria 様→https://www.nicovideo.jp/watch/sm4088...<br/>振付:AKIRA様<br/>モーション:P-nez 様→https://www.nicovideo.jp/watch/sm4350...<br/>カメラ:Mizuha様→https://www.nicovideo.jp/watch/sm4353...<br/>モデル:MIy様<br/>ステージ:栗ごはん様<br/>アクセサリ:アスカ様,1160,https://www.acfun.cn/v/ac48870080,https://tx-free-imgs.acfun.cn/newUpload/6102_6a4dce20c9b74fa0bbdff3ccc0a73c5d.png?imageslim,AcFun,日榜,day,hotlist,,2026-09-25 16:30:15
13,【锅锅x怀瑜x阔落】千里邀月——共饮此杯赏此月，夜好眠,中秋到了，和姐妹们合唱了千里邀月~~<br/>乐：可乐祝大家身体健康，永不加班，月圆人团圆<br/>鱼：怀瑜愿诸位财源广进，常能摸鱼，花好月更圆<br/>锅：锅锅祝大家桂香满锅，早归赏月，饼甜心更甜<br/>祝大家中秋快乐~,1300,https://www.acfun.cn/v/ac48871580,https://tx-free-imgs.acfun.cn/newUpload/67206930_e47be8dbac2546e1b5a4a831e71dabe4.jpeg?imageslim,AcFun,日榜,day,hotlist,,2026-09-25 16:30:15
14,【AI】今晚的期待,Comfyui,1455,https://www.acfun.cn/v/ac48870865,https://tx-free-imgs.acfun.cn/newUpload/14047168_02bac6c1158f4e108536124c7239e472.jpeg?imageslim,AcFun,日榜,day,hotlist,,2026-09-25 16:30:15
15,"长手打短手？2万分王者局！快速看完一局韩服王者斗殴局#836 十三day, Eclipse,","长手打短手？2万分王者局！快速看完一局韩服王者斗殴局#836 十三day, Eclipse, 0909, Lelitz, 1Jiang <br/>BGM:https://music.163.com/playlist?id=650818240&userid=30476594",1441,https://www.acfun.cn/v/ac48863751,https://tx-free-imgs.acfun.cn/newUpload/1378726_792b017ff72e4ed49b05fe8e1e24f6e4.jpeg?imageslim,AcFun,日榜,day,hotlist,,2026-09-25 16:30:15
16,网络上常见的热门短视频集锦   第三千四百四十九期,审核大大辛苦了！<br/>谢谢每一个投蕉的帅哥美女！香蕉没有来个赞也好啊！<br/>视频来自快手等平台，侵权联系删除！,1378,https://www.acfun.cn/v/ac48871496,https://tx-free-imgs.acfun.cn/newUpload/2176158_cf20f7722011491da25ce2efbc799dba.gif?imageslim,AcFun,日榜,day,hotlist,,2026-09-25 16:30:15
17,裸足圆脸仙女下凡～跳一曲千里邀月【可心喵】,,1162,https://www.acfun.cn/v/ac48872448,https://tx-free-imgs.acfun.cn/newUpload/12892608_6691690fd8e944278bda5d5390e1e5a9.jpg?imageslim,AcFun,日榜,day,hotlist,,2026-09-25 16:30:15
18,【AI】小妈裙~chocolate cream,Comfyui,1443,https://www.acfun.cn/v/ac48870861,https://tx-free-imgs.acfun.cn/newUpload/14047168_efd2bae7c6184b3b89e82abfaadf0fb3.jpeg?imageslim,AcFun,日榜,day,hotlist,,2026-09-25 16:30:15
19,少女机甲+空投轰炸？是什么神仙组合？,到底是一款什么样的机甲游戏，上线快3年还保持着特别好评？虽然是机甲美少女的设定，但是操作的是厚重质感的硬核机甲，这种硬核操作的感觉让人越玩越上头，今天来跟大家聊聊这款游戏《铁骑少女》。<br/>最近我一直期待的第三个DLC金盏花也是要上线了，这次DLC的核心新玩法，就是机甲“搜打撤”的模式。和本体死守基地的玩法不一样，这次整体的游玩思路都变了~,1210,https://www.acfun.cn/v/ac48871337,https://tx-free-imgs.acfun.cn/newUpload/61352468_77bf0ab03cd34fefa1d5530aca003edb.jpeg?imageslim,AcFun,日榜,day,hotlist,,2026-09-25 16:30:15
20,好像只能礼貌的问候~,,1237,https://www.acfun.cn/v/ac48871365,https://tx-free-imgs.acfun.cn/newUpload/43459034_4572f98756df48b0bc9c323cdc49a8d2.jpg?imageslim,AcFun,日榜,day,hotlist,,2026-09-25 16:30:15
21,【绝望女神/翻唱】【星际牛仔ED The Real Folk Blues】,想听啥情继续评论回复~,1037,https://www.acfun.cn/v/ac48871323,https://tx-free-imgs.acfun.cn/newUpload/20705199_0be8deafcbb34bdb9f17523c5bc95087.jpeg?imageslim,AcFun,日榜,day,hotlist,,2026-09-25 16:30:15
22,记录2023年6月份在台上开心的表演lamb的我,,1210,https://www.acfun.cn/v/ac48871344,https://tx-free-imgs.acfun.cn/newUpload/16380981_00755d93042647bcb6f29a19da53e590.png?imageslim,AcFun,日榜,day,hotlist,,2026-09-25 16:30:15
23,【黒碳】ライトダンス - サカナクション【生日作】【翻唱】,本家:サカナクション ; 翻唱: 黒碳Kurotan; 后期: 黒碳Kurotan; 曲绘: 黒碳Kurotan; PV: 黒碳Kurotan以及十分牛杯的網站：https://pv.pixjam.cn/ 背景是用這個做的!! 狠狠趕工終於做完了 好感動,1123,https://www.acfun.cn/v/ac48869560,https://tx-free-imgs.acfun.cn/newUpload/13707663_f611642aa87b4dab9a8d8a6beb7ace77.jpeg?imageslim,AcFun,日榜,day,hotlist,,2026-09-25 16:30:15
24,【颜音】中秋歌回~祝大家节日快乐,皓月凌空，桂香满庭。<br/>愿今夜歌声暖心，祝各位中秋快乐，阖家美满！,1240,https://www.acfun.cn/v/ac48872065,https://tx-free-imgs.acfun.cn/newUpload/4425861_3dab8cdf19a74bf6accbdcd688cd9b6a.jpeg?imageslim,AcFun,日榜,day,hotlist,,2026-09-25 16:30:15
25,卓哥儿那可是专业杰哥，人群之中七进七出不成问题！,自定义也发？,1362,https://www.acfun.cn/v/ac48871816,https://tx-free-imgs.acfun.cn/newUpload/581357_d49b41a0e554440db6952de719b3f832.jpeg?imageslim,AcFun,日榜,day,hotlist,,2026-09-25 16:30:15
26,吃！给我吃！【鬼ノ宴翻唱】,,1105,https://www.acfun.cn/v/ac48871186,https://tx-free-imgs.acfun.cn/newUpload/10144864_ee78f4d0678d414f9ce18c29231cf17a.jpeg?imageslim,AcFun,日榜,day,hotlist,,2026-09-25 16:30:15
27,【翻唱】鬼ノ宴,本家様<br/>友成空様<br/>【鬼ノ宴】<br/>•友成空(TOMONARI SORA) -   鬼ノ宴   ［Lyric Video］<br/>https://www.youtube.com/watch?v=NFzyrPK9rtM,1067,https://www.acfun.cn/v/ac48871180,https://tx-free-imgs.acfun.cn/newUpload/10144864_a75eddb97ea048b59fef6aaea5d4478f.jpeg?imageslim,AcFun,日榜,day,hotlist,,2026-09-25 16:30:15
28,下班后跳一段恋爱的条件～,,1115,https://www.acfun.cn/v/ac48871308,https://tx-free-imgs.acfun.cn/newUpload/43459034_9aa96c2a93884a3891b73b05298d8521.jpg?imageslim,AcFun,日榜,day,hotlist,,2026-09-25 16:30:15
29,BR66型蒸汽机车 trix越来越垃圾了！尤其是垃圾会员车，一个比一个烂！这一次终于拉了一坨更大的！,,908,https://www.acfun.cn/v/ac48871197,https://tx-free-imgs.acfun.cn/newUpload/66128753_8563c2ab24aa4a2289e52500bc42f1f1.png?imageslim,AcFun,日榜,day,hotlist,,2026-09-25 16:30:15
30,【AI】山间竹林仙子,Comfyui,1150,https://www.acfun.cn/v/ac48870853,https://tx-free-imgs.acfun.cn/newUpload/14047168_20afdd6955bd44a9a04b0629aecb5ad1.jpeg?imageslim,AcFun,日榜,day,hotlist,,2026-09-25 16:30:15
31,绿梦：时空之声公测定档！公测版本全面优化！,绿梦：时空之声公测定档！公测版本全面优化！,1300,https://www.acfun.cn/v/ac48871268,https://tx-free-imgs.acfun.cn/newUpload/63104383_33b9de6d951a4ca0b5a7b9dfc2fc748e.gif?imageslim,AcFun,日榜,day,hotlist,,2026-09-25 16:30:15
32,【牛子组合】凉凉,世事一场大梦，人生几度秋凉，祝大家26年中秋快乐,1065,https://www.acfun.cn/v/ac48870493,https://tx-free-imgs.acfun.cn/newUpload/358616_22f2cb85fdca497ab5cd556c984493d6.png?imageslim,AcFun,日榜,day,hotlist,,2026-09-25 16:30:15
33,22.称霸水下四亿年，人类最古老的远房祖先：硬骨鱼总纲,22.称霸水下四亿年，人类最古老的远房祖先：硬骨鱼总纲,1069,https://www.acfun.cn/v/ac48871354,https://tx-free-imgs.acfun.cn/newUpload/28933912_40dcb39f039045868ae364582e4a1797.jpeg?imageslim,AcFun,日榜,day,hotlist,,2026-09-25 16:30:15
34,这新番要不是霸权！我家狗都不信啊！十月最无悬念的提前吹爆！,这新番要不是霸权！我家狗都不信啊！十月最无悬念的提前吹爆！,1118,https://www.acfun.cn/v/ac48871615,https://tx-free-imgs.acfun.cn/newUpload/13467496_654fcc0446324342b35eef2b72d45df4.jpeg?imageslim,AcFun,日榜,day,hotlist,,2026-09-25 16:30:15
35,另一版,之前还拍了一版，但是感觉镜头太晃了,1041,https://www.acfun.cn/v/ac48871588,https://tx-free-imgs.acfun.cn/newUpload/12954767_f420f9f6197c43d4bb14421c32d81bbb.png?imageslim,AcFun,日榜,day,hotlist,,2026-09-25 16:30:15
36,T-ara Bo Peep Bo Peep,,1198,https://www.acfun.cn/v/ac48869397,https://tx-free-imgs.acfun.cn/newUpload/795184_1876bec3bc5d43d6b42da8060c06a34a.jpeg?imageslim,AcFun,日榜,day,hotlist,,2026-09-25 16:30:15
37,上线才半年，腾讯养的“龙虾”QClaw，官宣停运了！,,1191,https://www.acfun.cn/v/ac48871074,https://tx-free-imgs.acfun.cn/newUpload/17928_22da7d70ed6749f690e735b0f098a800.png?imageslim,AcFun,日榜,day,hotlist,,2026-09-25 16:30:15
38,艺术欣赏,,1238,https://www.acfun.cn/v/ac48871987,https://tx-free-imgs.acfun.cn/newUpload/2742252_cb96fa8c85b847afb6618ecf730b5f70.jpg?imageslim,AcFun,日榜,day,hotlist,,2026-09-25 16:30:15
39,白井黑子·佐天泪子 中秋月色双人手势舞【AI动画/超清】,本人本地部署的AI生成图片视频模型制作，硬件英伟达显卡RTX5070TI 16G+96G DDR5 6000内存，花费2小时合成.<br/>这次引入新的二次元动漫人物模型，二次元脸部质量效果会更好些，同时步数可以适当降低，降本增效。引入后期处理工具修复强化背景<br/><br/>人物：佐天泪子 白井黑子<br/>舞蹈技术与BGM：网红手势舞<br/>场景：中秋月色,1033,https://www.acfun.cn/v/ac48871101,https://tx-free-imgs.acfun.cn/newUpload/46764084_397c08849b344139b09a46fb71f814b3.png?imageslim,AcFun,日榜,day,hotlist,,2026-09-25 16:30:15
40,社畜身份不是你精致生活的角色扮演,,958,https://www.acfun.cn/v/ac48871467,https://tx-free-imgs.acfun.cn/newUpload/14013875_ec82a37907ff4565a6f6f6d916bd7117.png?imageslim,AcFun,日榜,day,hotlist,,2026-09-25 16:30:15
41,塞巴斯蒂安·埃尔南德斯 vs 亀田京之介,塞巴斯蒂安·埃尔南德斯 vs 亀田京之介,1030,https://www.acfun.cn/v/ac48871133,https://tx-free-imgs.acfun.cn/newUpload/61107438_67e40508d9a74840841c26da02695801.png?imageslim,AcFun,日榜,day,hotlist,,2026-09-25 16:30:15
42,【官方双语】存储价格飞涨  蓝光会是那个意想不到的解决方案吗?#linus谈科技,,956,https://www.acfun.cn/v/ac48872033,https://tx-free-imgs.acfun.cn/newUpload/1630166_48020992cf374f349c36bc0d54f08d91.jpeg?imageslim,AcFun,日榜,day,hotlist,,2026-09-25 16:30:15
43,小兔-20260923 abracadabra 上下 恋爱的条件 成人礼 晚安吻,,1126,https://www.acfun.cn/v/ac48870476,https://tx-free-imgs.acfun.cn/newUpload/78055394_4dcf7a6688cb4a1994bd96389cc84b38.jpeg?imageslim,AcFun,日榜,day,hotlist,,2026-09-25 16:30:15
44,低腰牛仔裤,,1075,https://www.acfun.cn/v/ac48872338,https://tx-free-imgs.acfun.cn/newUpload/24775015_326be0e2724c4efea103cec5d8dc110a.png?imageslim,AcFun,日榜,day,hotlist,,2026-09-25 16:30:15
45,桢-20260923 abracadabra,,1107,https://www.acfun.cn/v/ac48870552,https://tx-free-imgs.acfun.cn/newUpload/78055394_f7c161e6bccd480f9b8a372dd55c3678.jpeg?imageslim,AcFun,日榜,day,hotlist,,2026-09-25 16:30:15
46,“狐蝠”亡命天涯半世纪,,1320,https://www.acfun.cn/v/ac48871667,https://tx-free-imgs.acfun.cn/newUpload/3592774_514c8455f636400c949adc88c25d0e83.jpeg?imageslim,AcFun,日榜,day,hotlist,,2026-09-25 16:30:15
47,［热血编年史/精灵篇06］二分钟精华版［年费系列］ 混沌·圣尊天玄 是原形态觉醒补强,混沌·圣尊天玄,136,https://www.acfun.cn/v/ac48872435,https://tx-free-imgs.acfun.cn/newUpload/77016698_ce8e9b43406e489f8e5237d57655d6f3.png?imageslim,AcFun,日榜,day,hotlist,,2026-09-25 16:30:15
48,绝顶性感黑丝【DazzlingRed】舞蹈翻跳,,1158,https://www.acfun.cn/v/ac48871722,https://tx-free-imgs.acfun.cn/newUpload/28629507_651036189fde4ffabea2957b7a006984.png?imageslim,AcFun,日榜,day,hotlist,,2026-09-25 16:30:15
49,新肤色超辣！,,813,https://www.acfun.cn/v/ac48863964,https://tx-free-imgs.acfun.cn/newUpload/12439728_70c7284ba2724c048fb5266f61c33e34.png?imageslim,AcFun,日榜,day,hotlist,,2026-09-25 16:30:15
50,동그란 안경으로 귀여운 매력 보여주는 지호,동그란 안경으로 귀여운 매력 보여주는 지호 | Beige Top & Glasses | Ji Ho,870,https://www.acfun.cn/v/ac48870864,https://tx-free-imgs.acfun.cn/newUpload/43172481_558625b6a90d469aabe28a39ba33fded.jpeg?imageslim,AcFun,日榜,day,hotlist,,2026-09-25 16:30:15
1,是谁点的小恶魔，蕉出来～,,5791,https://www.acfun.cn/v/ac48867778,https://tx-free-imgs.acfun.cn/newUpload/17062172_6098fee67d1748e0ab5dab3b5665736c.jpg?imageslim,AcFun,三日榜,three-days,hotlist,,2026-09-25 16:30:15
2,《野生动物迷惑行为》,喜欢请投蕉啊   谢谢啦！,2795,https://www.acfun.cn/v/ac48868360,https://tx-free-imgs.acfun.cn/newUpload/1342385_3fab348c538e4c0fa001871a708fe302.jpeg?imageslim,AcFun,三日榜,three-days,hotlist,,2026-09-25 16:30:15
3,漫威金刚狼深陷争议！SweetBaby又毁一款？【绅批】,这算是DEI的历史遗留问题了，所有现在已经从sweetbaby离职的人，只要参与过游戏制作也会被署名（比如桥本和真）,2824,https://www.acfun.cn/v/ac48868810,https://tx-free-imgs.acfun.cn/newUpload/526850_ca1da1572b1d494a93e2f6bab46cf76b.jpeg?imageslim,AcFun,三日榜,three-days,hotlist,,2026-09-25 16:30:15
4,我真的是来吃饭的！★手机竖屏2013★,审核大大辛苦了！<br/>谢谢每一个投蕉的帅哥美女！香蕉没有来个赞也好啊！<br/>视频来自快手等平台，侵权联系删除！,3676,https://www.acfun.cn/v/ac48869145,https://tx-free-imgs.acfun.cn/newUpload/2176158_eb4b69370b8f435aa2b171e72403d356.gif?imageslim,AcFun,三日榜,three-days,hotlist,,2026-09-25 16:30:15
5,mr chu!!好怀念这首歌,,2065,https://www.acfun.cn/v/ac48869375,https://tx-free-imgs.acfun.cn/newUpload/16380981_19592eb83a88429695ee1a0508fc3df0.png?imageslim,AcFun,三日榜,three-days,hotlist,,2026-09-25 16:30:15
6,因为害怕被讨厌 所以把自己藏起来了,,2719,https://www.acfun.cn/v/ac48871331,https://tx-free-imgs.acfun.cn/newUpload/11361784_3d4bd69b46f541e184c2922c24f09276.jpg?imageslim,AcFun,三日榜,three-days,hotlist,,2026-09-25 16:30:15
7,拳击好啊，拳击得学！欢乐八点档-1781,审核大大辛苦了！<br/>免费的香蕉投一下吧，没有那就点个赞吧，这对我来说很重要，谢谢！！！<br/>谢谢每一个投蕉的帅哥美女！你们是我坚持更新的动力！<br/>视频来自快手等平台，侵权联系删除！,4030,https://www.acfun.cn/v/ac48868336,https://tx-free-imgs.acfun.cn/newUpload/2176158_3f6c601293a54468bae97f781440217b.gif?imageslim,AcFun,三日榜,three-days,hotlist,,2026-09-25 16:30:15
8,北京豆汁会惩罚每一个好奇的人！欢乐八点档-1780,审核大大辛苦了！<br/>免费的香蕉投一下吧，没有那就点个赞吧，这对我来说很重要，谢谢！！！<br/>谢谢每一个投蕉的帅哥美女！你们是我坚持更新的动力！<br/>视频来自快手等平台，侵权联系删除！,4396,https://www.acfun.cn/v/ac48865965,https://tx-free-imgs.acfun.cn/newUpload/2176158_ec83e6fb2ffc4005b41881ac13dbaeca.gif?imageslim,AcFun,三日榜,three-days,hotlist,,2026-09-25 16:30:15
9,网络上常见的热门短视频集锦   第三千四百四十五期,审核大大辛苦了！<br/>谢谢每一个投蕉的帅哥美女！香蕉没有来个赞也好啊！<br/>视频来自快手等平台，侵权联系删除！,3860,https://www.acfun.cn/v/ac48866824,https://tx-free-imgs.acfun.cn/newUpload/2176158_dba921eb42f14c7ba31a1af83bfe71ce.gif?imageslim,AcFun,三日榜,three-days,hotlist,,2026-09-25 16:30:15
10,空中瑜伽！！！★手机竖屏2012★,审核大大辛苦了！<br/>谢谢每一个投蕉的帅哥美女！香蕉没有来个赞也好啊！<br/>视频来自快手等平台，侵权联系删除！,4347,https://www.acfun.cn/v/ac48866821,https://tx-free-imgs.acfun.cn/newUpload/2176158_610807af48f5463a891fc9f341c9b16f.gif?imageslim,AcFun,三日榜,three-days,hotlist,,2026-09-25 16:30:15
11,这样的学姐喜欢吗？欢乐八点档-1782,审核大大辛苦了！<br/>免费的香蕉投一下吧，没有那就点个赞吧，这对我来说很重要，谢谢！！！<br/>谢谢每一个投蕉的帅哥美女！你们是我坚持更新的动力！<br/>视频来自快手等平台，侵权联系删除！,3131,https://www.acfun.cn/v/ac48870057,https://tx-free-imgs.acfun.cn/newUpload/2176158_4c1f3b60f73e451abc443941d47305d8.gif?imageslim,AcFun,三日榜,three-days,hotlist,,2026-09-25 16:30:15
12,厨师长教你：“鱼香肉丝”的家常做法，酸甜微辣，口感丰富,,2016,https://www.acfun.cn/v/ac48867741,https://tx-free-imgs.acfun.cn/newUpload/13274260_93e68d1098d04ffca2683655a6a404c2.jpeg?imageslim,AcFun,三日榜,three-days,hotlist,,2026-09-25 16:30:15
13,网络上常见的热门短视频集锦   第三千四百四十四期,审核大大辛苦了！<br/>谢谢每一个投蕉的帅哥美女！香蕉没有来个赞也好啊！<br/>视频来自快手等平台，侵权联系删除！,3513,https://www.acfun.cn/v/ac48865021,https://tx-free-imgs.acfun.cn/newUpload/2176158_663463f1e6004dc2b4dea153d1e60c05.gif?imageslim,AcFun,三日榜,three-days,hotlist,,2026-09-25 16:30:15
14,嘴角压不住了【今天有什么好笑的 #2515】,：），谢谢大家的投蕉和点赞，祝你开心愉快~<br/>wallpaper壁纸：Genshin 神里绫华<br/>BGM：Wake me up when september ends,2366,https://www.acfun.cn/v/ac48868130,https://tx-free-imgs.acfun.cn/newUpload/383079_ef65121591434d2b86d53db1622776cd.gif?imageslim,AcFun,三日榜,three-days,hotlist,,2026-09-25 16:30:15
15,姛姛？！蝴蝶耳机Manget中文翻唱【箐羽Hane】x【缇若柯Teivoc】,“是否你确实表里如一淡然，还是说你——并不似我贪婪？”<br/>《Manget》磁石 / 蝴蝶耳机 - 中文翻唱<br/>原作作曲 / 流星P<br/>曲绘&翻唱 / 箐羽hane & 缇若柯Teivoc<br/>中文填词 / 果汁凉菜<br/>混音 / 风尘<br/>和笋笋一起唱了我们二次元姛神曲！曲绘也是我和笋笋每个人负责了自己的部分最后再拼到一起的！真好！( *^ ^)o(^ ^* )希望大家也能喜欢！,1525,https://www.acfun.cn/v/ac48869340,https://tx-free-imgs.acfun.cn/newUpload/67511609_d868cdbd6b1849e8958696cdc9db1493.jpeg?imageslim,AcFun,三日榜,three-days,hotlist,,2026-09-25 16:30:15
16,娃：真遗憾，本来打算亲自告诉你们的,嘿嘿希望大家都万事顺意～心想事成,1912,https://www.acfun.cn/v/ac48871740,https://tx-free-imgs.acfun.cn/newUpload/17062172_d1a93166ed084e3aadac2fea4bba0707.jpg?imageslim,AcFun,三日榜,three-days,hotlist,,2026-09-25 16:30:15
17,粉丝让我录的，不理解但照做！！！,怪哦~,1985,https://www.acfun.cn/v/ac48866011,https://tx-free-imgs.acfun.cn/newUpload/210705_6db288d8849d4e408bbee41ce9116989.jpeg?imageslim,AcFun,三日榜,three-days,hotlist,,2026-09-25 16:30:15
18,网络上常见的热门短视频集锦   第三千四百四十六期,审核大大辛苦了！<br/>谢谢每一个投蕉的帅哥美女！香蕉没有来个赞也好啊！<br/>视频来自快手等平台，侵权联系删除！,3588,https://www.acfun.cn/v/ac48867732,https://tx-free-imgs.acfun.cn/newUpload/2176158_2ec1d99da19a48e0a8e4ff2a2447e612.gif?imageslim,AcFun,三日榜,three-days,hotlist,,2026-09-25 16:30:15
19,双手合十萨瓦迪卡！,,1792,https://www.acfun.cn/v/ac48863951,https://tx-free-imgs.acfun.cn/newUpload/12439728_638a29114abf4b0bafda38c61f497df1.png?imageslim,AcFun,三日榜,three-days,hotlist,,2026-09-25 16:30:15
20,现在电脑不好卖了，以后我们出租AI机器人吧,,1851,https://www.acfun.cn/v/ac48867767,https://tx-free-imgs.acfun.cn/newUpload/17928_c684f06231604145b533a0f00627c624.png?imageslim,AcFun,三日榜,three-days,hotlist,,2026-09-25 16:30:15
21,网络上常见的热门短视频集锦   第三千四百四十八期,审核大大辛苦了！<br/>谢谢每一个投蕉的帅哥美女！香蕉没有来个赞也好啊！<br/>视频来自快手等平台，侵权联系删除！,3272,https://www.acfun.cn/v/ac48870020,https://tx-free-imgs.acfun.cn/newUpload/2176158_d65e54f4e9ee489b86b6fc28c31c84ee.gif?imageslim,AcFun,三日榜,three-days,hotlist,,2026-09-25 16:30:15
22,昆汀力荐！这部复仇老片，竟是杀死比尔的人物原型来源,,1650,https://www.acfun.cn/v/ac48865483,https://tx-free-imgs.acfun.cn/newUpload/8042365_d9ae5a725d8848abb4b488acbf483611.jpeg?imageslim,AcFun,三日榜,three-days,hotlist,,2026-09-25 16:30:15
23,我要冲会员【今天有什么好笑的 #2516】,：），谢谢大家的投蕉和点赞，祝你开心愉快~<br/>wallpaper壁纸：Reze | Chainsaw Man<br/>BGM：Nicoleta Matei - Love mail<br/>,2293,https://www.acfun.cn/v/ac48870763,https://tx-free-imgs.acfun.cn/newUpload/383079_47b0fc3f458042f5bd3717967e55c598.gif?imageslim,AcFun,三日榜,three-days,hotlist,,2026-09-25 16:30:15
24,交通事故20260923：交通车祸实例，提高安全驾驶意识,,1414,https://www.acfun.cn/v/ac48868861,https://tx-free-imgs.acfun.cn/newUpload/76871961_edea5de6659a4cd2b733a74989043440.jpg?imageslim,AcFun,三日榜,three-days,hotlist,,2026-09-25 16:30:15
25,网络上常见的热门短视频集锦   第三千四百四十七期,审核大大辛苦了！<br/>谢谢每一个投蕉的帅哥美女！香蕉没有来个赞也好啊！<br/>视频来自快手等平台，侵权联系删除！,3063,https://www.acfun.cn/v/ac48869149,https://tx-free-imgs.acfun.cn/newUpload/2176158_fdf9afe2e00a4a1aa62415c846776eaf.gif?imageslim,AcFun,三日榜,three-days,hotlist,,2026-09-25 16:30:15
26,人鱼的眼泪,歌曲舞蹈：爱乐之城-人鱼的眼泪,1542,https://www.acfun.cn/v/ac48867050,https://tx-free-imgs.acfun.cn/newUpload/12229455_130b1f041e6741dab4f6295ee27d927e.jpeg?imageslim,AcFun,三日榜,three-days,hotlist,,2026-09-25 16:30:15
27,老板直聘（89）,,1609,https://www.acfun.cn/v/ac48868552,https://tx-free-imgs.acfun.cn/newUpload/74706824_db2c7ba15c5d4aa18872db6b0763b7ca.jpeg?imageslim,AcFun,三日榜,three-days,hotlist,,2026-09-25 16:30:15
28,常州新开巴西烤肉自助，100块钱值得吗？,这是我目前为止，去过的第二家巴西烤肉自助，团购优惠的情况下，花了94元。正常价格在95~110不等<br/><br/>简单带大家看下菜品，除了取餐台这么些，各种牛肉制品、大串烧烤都是循环上桌，大家觉得这么些菜式花样，100块钱左右你们觉得贵还是便宜啊，觉得贵的扣1，觉得便宜的扣2,1833,https://www.acfun.cn/v/ac48868891,https://tx-free-imgs.acfun.cn/newUpload/2046675_bf3a59ddff624646850829452262094e.jpeg?imageslim,AcFun,三日榜,three-days,hotlist,,2026-09-25 16:30:15
29,沦陷️,歌曲舞蹈：沦陷dj版-星奇摇   动作有改编,1628,https://www.acfun.cn/v/ac48869381,https://tx-free-imgs.acfun.cn/newUpload/12229455_aacf9da97a0940ad8e5f0b509d9cc159.jpeg?imageslim,AcFun,三日榜,three-days,hotlist,,2026-09-25 16:30:15
30,原创编舞《千层套路》的定机位竖屏来啦！,,1607,https://www.acfun.cn/v/ac48869245,https://tx-free-imgs.acfun.cn/newUpload/16380981_24bafd11c027499d9fe6820162faa782.png?imageslim,AcFun,三日榜,three-days,hotlist,,2026-09-25 16:30:15
31,Summertime,歌曲：summer time<br/>动作参考：紫嘉儿<br/>原版编舞：（Millennium红房子_BON）<br/>参考编舞：(GFRIEND《Sunny Summer）,1761,https://www.acfun.cn/v/ac48864563,https://tx-free-imgs.acfun.cn/newUpload/12229455_1a8e22f51f3e4effa32c00abb4fd05af.jpeg?imageslim,AcFun,三日榜,three-days,hotlist,,2026-09-25 16:30:15
32,北京的最北端在黑龙江？？？国内飞地是怎么形成的？,这份中国地图，是你从未看过的船新版本，放大几倍就会发现，在大家熟悉的各个省份中，还藏着一堆 “你中有我、我中有你” 的飞地。,1776,https://www.acfun.cn/v/ac48867896,https://tx-free-imgs.acfun.cn/newUpload/13630266_cc2428a99a42453f99c9e1306e7a43bb.jpeg?imageslim,AcFun,三日榜,three-days,hotlist,,2026-09-25 16:30:15
33,我要辞职了！,,1669,https://www.acfun.cn/v/ac48863957,https://tx-free-imgs.acfun.cn/newUpload/12439728_7c57a0735675474590bf7b25e1a34527.png?imageslim,AcFun,三日榜,three-days,hotlist,,2026-09-25 16:30:15
34,发个friend圈,,1496,https://www.acfun.cn/v/ac48863958,https://tx-free-imgs.acfun.cn/newUpload/12439728_b44cb67ae45a4c179b08227368f4159c.png?imageslim,AcFun,三日榜,three-days,hotlist,,2026-09-25 16:30:15
35,捏捏已经已进化到可以吃的地步啦？,,1616,https://www.acfun.cn/v/ac48868638,https://tx-free-imgs.acfun.cn/newUpload/6177430_486c910212d548c991eeb140f146a6ed.jpeg?imageslim,AcFun,三日榜,three-days,hotlist,,2026-09-25 16:30:15
36,我终于瘦到120斤以下了！,,1643,https://www.acfun.cn/v/ac48867016,https://tx-free-imgs.acfun.cn/newUpload/16380981_906db098cf5d4eaca57bde52b0ae8bf2.jpg?imageslim,AcFun,三日榜,three-days,hotlist,,2026-09-25 16:30:15
37,奥迪“宫斗”十年大结局？一汽拿四环，上汽拿AUDI,一汽奥迪和上汽奥迪“宫斗”了十年，终于要划下句号了？,1619,https://www.acfun.cn/v/ac48870981,https://tx-free-imgs.acfun.cn/newUpload/13630266_3fde785be5a2411495618f67d01ab66a.jpeg?imageslim,AcFun,三日榜,three-days,hotlist,,2026-09-25 16:30:15
38,《奶凶奶凶的漫威金刚狼！》,游戏名：《漫威金刚狼》- Marvel s Wolverine<br/>直播玩了15小时左右一周目通关啦~(*^▽^*)开心，这期是切片呦~,1831,https://www.acfun.cn/v/ac48866669,https://tx-free-imgs.acfun.cn/newUpload/61352468_cb62bfe2e19c4f35804259fac7f8c226.jpeg?imageslim,AcFun,三日榜,three-days,hotlist,,2026-09-25 16:30:15
39,嘉蒂丝模型曝光！很大！策划团队产能恢复？,明天新角色就要上了，技系直接立于天上。,1846,https://www.acfun.cn/v/ac48866809,https://tx-free-imgs.acfun.cn/newUpload/247671_ee6def92d94a4ab1b770fa166f4de4b7.jpeg?imageslim,AcFun,三日榜,three-days,hotlist,,2026-09-25 16:30:15
40,换你穿越三国乱世，你是起兵还是种田？,有没有宝贝和我一样，看三国的时候总在想，如果换我身在那个乱世，我会怎么样？是起兵争霸，还是归隐山林？ 或是是咱们可以选三国里有名的角色或者可以架空历史从素人做起，一统三国，那会怎么样?我最近就玩了这么一款游戏，一玩就是五个小时，根本停不下来，那今天来聊聊这款开放世界slg游戏《英雄立志传：三国志》~<br/>,1688,https://www.acfun.cn/v/ac48869043,https://tx-free-imgs.acfun.cn/newUpload/61352468_39715609bed041b98b21f3dbb482ad70.jpeg?imageslim,AcFun,三日榜,three-days,hotlist,,2026-09-25 16:30:15
41,在英国差点被上门诈骗,可能看到我一人在家，就大胆敲门了，还好平常也会注意周边邻居，没发生什么事儿，这个金额就算被骗也不会报警，以后还是要小心一些了。#英国日常#vlog,1527,https://www.acfun.cn/v/ac48869505,https://tx-free-imgs.acfun.cn/newUpload/43181603_1c8c6c487a864d098b5e7e7bf2a12c6a.jpg?imageslim,AcFun,三日榜,three-days,hotlist,,2026-09-25 16:30:15
42,好曲不挑舞！《琵琶曲》你喜欢的是？,,1402,https://www.acfun.cn/v/ac48866497,https://tx-free-imgs.acfun.cn/newUpload/1161851_90c6400f25f14d969028c8a6779eaaf5.png?imageslim,AcFun,三日榜,three-days,hotlist,,2026-09-25 16:30:15
43,抱紧原生家庭（90）,,1406,https://www.acfun.cn/v/ac48867786,https://tx-free-imgs.acfun.cn/newUpload/74706824_fcc9a2386aff4fb0b3ecd158e3c6b97f.png?imageslim,AcFun,三日榜,three-days,hotlist,,2026-09-25 16:30:15
44,拜托了，夫人！★手机竖屏2014★,审核大大辛苦了！<br/>谢谢每一个投蕉的帅哥美女！香蕉没有来个赞也好啊！<br/>视频来自快手等平台，侵权联系删除！,1804,https://www.acfun.cn/v/ac48871493,https://tx-free-imgs.acfun.cn/newUpload/2176158_afaf0913878443b1bc00d636136ffce3.gif?imageslim,AcFun,三日榜,three-days,hotlist,,2026-09-25 16:30:15
45,你吃月饼了吗？,,1420,https://www.acfun.cn/v/ac48869054,https://tx-free-imgs.acfun.cn/newUpload/1167675_8f48723afb0e41ecbe772249b3f4df1a.jpg?imageslim,AcFun,三日榜,three-days,hotlist,,2026-09-25 16:30:15
46,【东方】QUEEN【蕾米莉亚 Miy Ver. MMD】,作者：やくも<br/><br/>楽曲:Kanaria 様→https://www.nicovideo.jp/watch/sm4088...<br/>振付:AKIRA様<br/>モーション:P-nez 様→https://www.nicovideo.jp/watch/sm4350...<br/>カメラ:Mizuha様→https://www.nicovideo.jp/watch/sm4353...<br/>モデル:MIy様<br/>ステージ:栗ごはん様<br/>アクセサリ:アスカ様,1160,https://www.acfun.cn/v/ac48870080,https://tx-free-imgs.acfun.cn/newUpload/6102_6a4dce20c9b74fa0bbdff3ccc0a73c5d.png?imageslim,AcFun,三日榜,three-days,hotlist,,2026-09-25 16:30:15
47,【柯基】papi酱《生气了》｜oh my god你吓到我了,,1422,https://www.acfun.cn/v/ac48867295,https://tx-free-imgs.acfun.cn/newUpload/29493245_980e56a85587473a82c7499c2ed115cb.png?imageslim,AcFun,三日榜,three-days,hotlist,,2026-09-25 16:30:15
48,只有刀鸣最小丑？各大游戏千年血战联动盘点！,300英雄的含金量还在上升,1915,https://www.acfun.cn/v/ac48869154,https://tx-free-imgs.acfun.cn/newUpload/247671_7d920e56c00e4af39fed560bf094f965.jpeg?imageslim,AcFun,三日榜,three-days,hotlist,,2026-09-25 16:30:15
49,这套皮肤真的很喜欢,,1292,https://www.acfun.cn/v/ac48871657,https://tx-free-imgs.acfun.cn/newUpload/16380981_ac9640e59a3a42e093fcee0a0b81d474.jpg?imageslim,AcFun,三日榜,three-days,hotlist,,2026-09-25 16:30:15
50,发怒了好多次哈哈哈哈，最后一遍最好！,,1409,https://www.acfun.cn/v/ac48867030,https://tx-free-imgs.acfun.cn/newUpload/16380981_8a800edc429e47809b3a0e69ec22c530.jpg?imageslim,AcFun,三日榜,three-days,hotlist,,2026-09-25 16:30:15
1,剑戟战斗的巅峰 关卡内容的洼地 偏科严重的《鬼武者：剑之道》,它给人爽的部分是真的爽，但是在每次爽之前，你得堵不少马桶，先生。,4418,https://www.acfun.cn/v/ac48859506,https://tx-free-imgs.acfun.cn/newUpload/934542_5d98ad80ca9c4307b5cdc2051c11cb50.jpeg?imageslim,AcFun,周榜,week,hotlist,,2026-09-25 16:30:15
2,【写真】ol穿搭,,10609,https://www.acfun.cn/v/ac48856919,https://tx-free-imgs.acfun.cn/newUpload/3540234_86355333f0d94a46842be6ec42cca369.jpg?imageslim,AcFun,周榜,week,hotlist,,2026-09-25 16:30:15
3,跳最开心的一集,,3961,https://www.acfun.cn/v/ac48860571,https://tx-free-imgs.acfun.cn/newUpload/50330447_79a3f269514140c29e7a85fb7c9dc94c.jpg?imageslim,AcFun,周榜,week,hotlist,,2026-09-25 16:30:15
4,是谁点的小恶魔，蕉出来～,,5791,https://www.acfun.cn/v/ac48867778,https://tx-free-imgs.acfun.cn/newUpload/17062172_6098fee67d1748e0ab5dab3b5665736c.jpg?imageslim,AcFun,周榜,week,hotlist,,2026-09-25 16:30:15
5,喜欢哪套？,,6715,https://www.acfun.cn/v/ac48861422,https://tx-free-imgs.acfun.cn/newUpload/3540234_729e0d22251f439da3735f26e58d174f.jpg?imageslim,AcFun,周榜,week,hotlist,,2026-09-25 16:30:15
6,过期JK碎碎念！,家人们记得蕉一蕉捏 啾咪,5839,https://www.acfun.cn/v/ac48859219,https://tx-free-imgs.acfun.cn/newUpload/17062172_5dd6ea8b5f2741ff87f0911db6dfb909.jpg?imageslim,AcFun,周榜,week,hotlist,,2026-09-25 16:30:15
7,人间琴悠扬，姑娘把谁记心上～,,2711,https://www.acfun.cn/v/ac48863143,https://tx-free-imgs.acfun.cn/newUpload/50330447_938d77716a11477e843914663278ff07.jpg?imageslim,AcFun,周榜,week,hotlist,,2026-09-25 16:30:15
8,开学对各省舍友的刻板印象,,4213,https://www.acfun.cn/v/ac48857410,https://tx-free-imgs.acfun.cn/newUpload/13114172_24dabc4c47ec46458d7cdfcc1cd2ee88.jpeg?imageslim,AcFun,周榜,week,hotlist,,2026-09-25 16:30:15
9,《动物迷惑行为大赏325》,喜欢请投蕉啊 谢谢啦！,2624,https://www.acfun.cn/v/ac48861293,https://tx-free-imgs.acfun.cn/newUpload/1342385_03080470038d444a95ce01ff6a6aeb9f.jpeg?imageslim,AcFun,周榜,week,hotlist,,2026-09-25 16:30:15
10,《动物游戏行为图鉴》,喜欢请投蕉啊 谢谢啦！,2791,https://www.acfun.cn/v/ac48857450,https://tx-free-imgs.acfun.cn/newUpload/1342385_485bc20a4c164df2928409b209fa9afc.jpeg?imageslim,AcFun,周榜,week,hotlist,,2026-09-25 16:30:15
11,双马尾小女仆带来的情绪摇～,,3965,https://www.acfun.cn/v/ac48861966,https://tx-free-imgs.acfun.cn/newUpload/11361784_8cee0402b4754b1e82f85b7099791793.jpg?imageslim,AcFun,周榜,week,hotlist,,2026-09-25 16:30:15
12,帮Acer问一下，地址在哪里？欢乐八点档-1779,审核大大辛苦了！<br/>免费的香蕉投一下吧，没有那就点个赞吧，这对我来说很重要，谢谢！！！<br/>谢谢每一个投蕉的帅哥美女！你们是我坚持更新的动力！<br/>视频来自快手等平台，侵权联系删除！,4441,https://www.acfun.cn/v/ac48863633,https://tx-free-imgs.acfun.cn/newUpload/2176158_ff69c3c797d5414e8056b329918cc5b6.gif?imageslim,AcFun,周榜,week,hotlist,,2026-09-25 16:30:15
13,【绘图过程】《海边》6周年纪念插图过程,6周年纪念插图挂画（预售）、沙滩巾（预售），阿宝已上架,3308,https://www.acfun.cn/v/ac48836990,https://tx-free-imgs.acfun.cn/newUpload/179922_9f95aba039e84f3594c3947b3c8fdd58.jpeg?imageslim,AcFun,周榜,week,hotlist,,2026-09-25 16:30:15
14,《野生动物迷惑行为》,喜欢请投蕉啊   谢谢啦！,2795,https://www.acfun.cn/v/ac48868360,https://tx-free-imgs.acfun.cn/newUpload/1342385_3fab348c538e4c0fa001871a708fe302.jpeg?imageslim,AcFun,周榜,week,hotlist,,2026-09-25 16:30:15
15,还是少妇会的多啊！★手机竖屏2011★,审核大大辛苦了！<br/>谢谢每一个投蕉的帅哥美女！香蕉没有来个赞也好啊！<br/>视频来自快手等平台，侵权联系删除！,5124,https://www.acfun.cn/v/ac48864360,https://tx-free-imgs.acfun.cn/newUpload/2176158_3d4f199fd93640468e543b9ee25ac4c0.gif?imageslim,AcFun,周榜,week,hotlist,,2026-09-25 16:30:15
16,漫威金刚狼深陷争议！SweetBaby又毁一款？【绅批】,这算是DEI的历史遗留问题了，所有现在已经从sweetbaby离职的人，只要参与过游戏制作也会被署名（比如桥本和真）,2824,https://www.acfun.cn/v/ac48868810,https://tx-free-imgs.acfun.cn/newUpload/526850_ca1da1572b1d494a93e2f6bab46cf76b.jpeg?imageslim,AcFun,周榜,week,hotlist,,2026-09-25 16:30:15
17,我真的是来吃饭的！★手机竖屏2013★,审核大大辛苦了！<br/>谢谢每一个投蕉的帅哥美女！香蕉没有来个赞也好啊！<br/>视频来自快手等平台，侵权联系删除！,3676,https://www.acfun.cn/v/ac48869145,https://tx-free-imgs.acfun.cn/newUpload/2176158_eb4b69370b8f435aa2b171e72403d356.gif?imageslim,AcFun,周榜,week,hotlist,,2026-09-25 16:30:15
18,钓鱼佬是真会享受！欢乐八点档-1777,审核大大辛苦了！<br/>免费的香蕉投一下吧，没有那就点个赞吧，这对我来说很重要，谢谢！！！<br/>谢谢每一个投蕉的帅哥美女！你们是我坚持更新的动力！<br/>视频来自快手等平台，侵权联系删除！,4591,https://www.acfun.cn/v/ac48858969,https://tx-free-imgs.acfun.cn/newUpload/2176158_c9d74d926c4c4d709a4b6b7769dffcca.gif?imageslim,AcFun,周榜,week,hotlist,,2026-09-25 16:30:15
19,一波还未平息一波又来侵袭！★手机竖屏2010★,审核大大辛苦了！<br/>谢谢每一个投蕉的帅哥美女！香蕉没有来个赞也好啊！<br/>视频来自快手等平台，侵权联系删除！,4736,https://www.acfun.cn/v/ac48862013,https://tx-free-imgs.acfun.cn/newUpload/2176158_c4802142afc14d50b2cd775e67890cca.gif?imageslim,AcFun,周榜,week,hotlist,,2026-09-25 16:30:15
20,网络上常见的热门短视频集锦   第三千四百三十八期,审核大大辛苦了！<br/>谢谢每一个投蕉的帅哥美女！香蕉没有来个赞也好啊！<br/>视频来自快手等平台，侵权联系删除！,4430,https://www.acfun.cn/v/ac48858394,https://tx-free-imgs.acfun.cn/newUpload/2176158_38174e72af934b9e86687045b01f0dd3.gif?imageslim,AcFun,周榜,week,hotlist,,2026-09-25 16:30:15
21,mr chu!!好怀念这首歌,,2065,https://www.acfun.cn/v/ac48869375,https://tx-free-imgs.acfun.cn/newUpload/16380981_19592eb83a88429695ee1a0508fc3df0.png?imageslim,AcFun,周榜,week,hotlist,,2026-09-25 16:30:15
22,因为害怕被讨厌 所以把自己藏起来了,,2719,https://www.acfun.cn/v/ac48871331,https://tx-free-imgs.acfun.cn/newUpload/11361784_3d4bd69b46f541e184c2922c24f09276.jpg?imageslim,AcFun,周榜,week,hotlist,,2026-09-25 16:30:15
23,魔兽无限服禁金团引爆社区！但原教旨主义玩家才是最抽象的？【绅批】,所谓“严厉处罚“”顶格也就是封号，会根据情况由短至长，当然能不能具体实行就是另一回事了,3080,https://www.acfun.cn/v/ac48857248,https://tx-free-imgs.acfun.cn/newUpload/526850_b63f9e2a1bd04c38ac3c61257e0b87dd.jpeg?imageslim,AcFun,周榜,week,hotlist,,2026-09-25 16:30:15
24,你们内外皆钢，而我们化身钢铁！【达奇】战锤40K故事内容,感谢下巴老师对视频内容的支持与完善,2137,https://www.acfun.cn/v/ac48856443,https://tx-free-imgs.acfun.cn/newUpload/346807_7f5f779958dd4d6986f60021118423da.jpeg?imageslim,AcFun,周榜,week,hotlist,,2026-09-25 16:30:15
25,还是少妇会啊！！！★手机竖屏2009★,审核大大辛苦了！<br/>谢谢每一个投蕉的帅哥美女！香蕉没有来个赞也好啊！<br/>视频来自快手等平台，侵权联系删除！,4864,https://www.acfun.cn/v/ac48859515,https://tx-free-imgs.acfun.cn/newUpload/2176158_d4e9e6e30f4446319f9e720adfe35ef9.gif?imageslim,AcFun,周榜,week,hotlist,,2026-09-25 16:30:15
26,【AC娘】琵琶曲,原作者：Kotte Animation<br/>还有瑕疵，看个乐吧,3115,https://www.acfun.cn/v/ac48864492,https://tx-free-imgs.acfun.cn/newUpload/41729435_02cbd995b6d54f508eb21d3cb8621903.jpeg?imageslim,AcFun,周榜,week,hotlist,,2026-09-25 16:30:15
27,25年了，回坊天花板小酥肉，还是那个味儿,记忆中的味道，回来了，都回来了……<br/>一口椒麻一口鲜，大口吃肉，配上热腾腾的米饭，绝了。<br/>素三鲜也是无敌的存在！,2523,https://www.acfun.cn/v/ac48865538,https://tx-free-imgs.acfun.cn/newUpload/13765438_9bc4a0abf32a4c1aa3e83c844de84649.jpeg?imageslim,AcFun,周榜,week,hotlist,,2026-09-25 16:30:15
28,海洋公园一定要去啊！欢乐八点档-1776,审核大大辛苦了！<br/>免费的香蕉投一下吧，没有那就点个赞吧，这对我来说很重要，谢谢！！！<br/>谢谢每一个投蕉的帅哥美女！你们是我坚持更新的动力！<br/>视频来自快手等平台，侵权联系删除！,4473,https://www.acfun.cn/v/ac48856824,https://tx-free-imgs.acfun.cn/newUpload/2176158_3406d07fb97f486893aedb108728c2ec.gif?imageslim,AcFun,周榜,week,hotlist,,2026-09-25 16:30:15
29,拳击好啊，拳击得学！欢乐八点档-1781,审核大大辛苦了！<br/>免费的香蕉投一下吧，没有那就点个赞吧，这对我来说很重要，谢谢！！！<br/>谢谢每一个投蕉的帅哥美女！你们是我坚持更新的动力！<br/>视频来自快手等平台，侵权联系删除！,4030,https://www.acfun.cn/v/ac48868336,https://tx-free-imgs.acfun.cn/newUpload/2176158_3f6c601293a54468bae97f781440217b.gif?imageslim,AcFun,周榜,week,hotlist,,2026-09-25 16:30:15
30,你的拳头真是肥嘟嘟的...,动漫：心灵的声音，作者：赵石【韩国】,2175,https://www.acfun.cn/v/ac48859870,https://tx-free-imgs.acfun.cn/newUpload/509259_2fa91d5206504450be471808d9c93a22.jpeg?imageslim,AcFun,周榜,week,hotlist,,2026-09-25 16:30:15
31,这个一字马技术含量很高啊！欢乐八点档-1778,审核大大辛苦了！<br/>免费的香蕉投一下吧，没有那就点个赞吧，这对我来说很重要，谢谢！！！<br/>谢谢每一个投蕉的帅哥美女！你们是我坚持更新的动力！<br/>视频来自快手等平台，侵权联系删除！,4359,https://www.acfun.cn/v/ac48861225,https://tx-free-imgs.acfun.cn/newUpload/2176158_0824627cb76d40dc99ce9cb12c07e4cc.gif?imageslim,AcFun,周榜,week,hotlist,,2026-09-25 16:30:15
32,北京豆汁会惩罚每一个好奇的人！欢乐八点档-1780,审核大大辛苦了！<br/>免费的香蕉投一下吧，没有那就点个赞吧，这对我来说很重要，谢谢！！！<br/>谢谢每一个投蕉的帅哥美女！你们是我坚持更新的动力！<br/>视频来自快手等平台，侵权联系删除！,4396,https://www.acfun.cn/v/ac48865965,https://tx-free-imgs.acfun.cn/newUpload/2176158_ec83e6fb2ffc4005b41881ac13dbaeca.gif?imageslim,AcFun,周榜,week,hotlist,,2026-09-25 16:30:15
33,网络上常见的热门短视频集锦   第三千四百四十五期,审核大大辛苦了！<br/>谢谢每一个投蕉的帅哥美女！香蕉没有来个赞也好啊！<br/>视频来自快手等平台，侵权联系删除！,3860,https://www.acfun.cn/v/ac48866824,https://tx-free-imgs.acfun.cn/newUpload/2176158_dba921eb42f14c7ba31a1af83bfe71ce.gif?imageslim,AcFun,周榜,week,hotlist,,2026-09-25 16:30:15
34,网络上常见的热门短视频集锦   第三千四百四十一期,审核大大辛苦了！<br/>谢谢每一个投蕉的帅哥美女！香蕉没有来个赞也好啊！<br/>视频来自快手等平台，侵权联系删除！,4168,https://www.acfun.cn/v/ac48862019,https://tx-free-imgs.acfun.cn/newUpload/2176158_6e5a88d95f344d92a8d97a57f03ac4b9.gif?imageslim,AcFun,周榜,week,hotlist,,2026-09-25 16:30:15
35,琵琶曲丨夜神月 VS  L,原曲：琵琶曲,2230,https://www.acfun.cn/v/ac48861693,https://tx-free-imgs.acfun.cn/newUpload/16986934_3bf4dd94910c4845acf851f7f0fdb757.jpeg?imageslim,AcFun,周榜,week,hotlist,,2026-09-25 16:30:15
36,空中瑜伽！！！★手机竖屏2012★,审核大大辛苦了！<br/>谢谢每一个投蕉的帅哥美女！香蕉没有来个赞也好啊！<br/>视频来自快手等平台，侵权联系删除！,4347,https://www.acfun.cn/v/ac48866821,https://tx-free-imgs.acfun.cn/newUpload/2176158_610807af48f5463a891fc9f341c9b16f.gif?imageslim,AcFun,周榜,week,hotlist,,2026-09-25 16:30:15
37,这样的学姐喜欢吗？欢乐八点档-1782,审核大大辛苦了！<br/>免费的香蕉投一下吧，没有那就点个赞吧，这对我来说很重要，谢谢！！！<br/>谢谢每一个投蕉的帅哥美女！你们是我坚持更新的动力！<br/>视频来自快手等平台，侵权联系删除！,3131,https://www.acfun.cn/v/ac48870057,https://tx-free-imgs.acfun.cn/newUpload/2176158_4c1f3b60f73e451abc443941d47305d8.gif?imageslim,AcFun,周榜,week,hotlist,,2026-09-25 16:30:15
38,厨师长教你：“鱼香肉丝”的家常做法，酸甜微辣，口感丰富,,2016,https://www.acfun.cn/v/ac48867741,https://tx-free-imgs.acfun.cn/newUpload/13274260_93e68d1098d04ffca2683655a6a404c2.jpeg?imageslim,AcFun,周榜,week,hotlist,,2026-09-25 16:30:15
39,网络上常见的热门短视频集锦   第三千四百三十九期,审核大大辛苦了！<br/>谢谢每一个投蕉的帅哥美女！香蕉没有来个赞也好啊！<br/>视频来自快手等平台，侵权联系删除！,4023,https://www.acfun.cn/v/ac48859518,https://tx-free-imgs.acfun.cn/newUpload/2176158_13f61f1aa39c4732bdaeed87fe0e28a4.gif?imageslim,AcFun,周榜,week,hotlist,,2026-09-25 16:30:15
40,一天生产500万个！速冻水饺是如何制造出来的？,,2154,https://www.acfun.cn/v/ac48859253,https://tx-free-imgs.acfun.cn/newUpload/19281632_57f07fe28e24422d948491fd2d43586c.jpeg?imageslim,AcFun,周榜,week,hotlist,,2026-09-25 16:30:15
41,今天你不能嫁出去【今天有什么好笑的 #2514】,：)，谢谢大家，祝你们开心。<br/>wallpaper壁纸：Fading Astronaut 5K (update)<br/>BGM：I Want It That Way,2860,https://www.acfun.cn/v/ac48865864,https://tx-free-imgs.acfun.cn/newUpload/383079_ee4f5f7badf74f05a2ef6c691387f327.gif?imageslim,AcFun,周榜,week,hotlist,,2026-09-25 16:30:15
42,单纯的约会（92）,,1814,https://www.acfun.cn/v/ac48857199,https://tx-free-imgs.acfun.cn/newUpload/74706824_a3a60d77e6934225b168686e44216c4b.png?imageslim,AcFun,周榜,week,hotlist,,2026-09-25 16:30:15
43,【东方】推特东方小视频选集 第272期,睡觉睡觉睡觉睡觉睡觉睡觉睡觉睡觉睡觉睡觉……,1393,https://www.acfun.cn/v/ac48858830,https://tx-free-imgs.acfun.cn/newUpload/6102_5a13d6efeec742ff84c512206aaeb7b0.jpeg?imageslim,AcFun,周榜,week,hotlist,,2026-09-25 16:30:15
44,甜妹来袭！,,2155,https://www.acfun.cn/v/ac48863947,https://tx-free-imgs.acfun.cn/newUpload/12439728_1fd5a3c6e60241a1a1cd8f89dbede769.png?imageslim,AcFun,周榜,week,hotlist,,2026-09-25 16:30:15
45,网络上常见的热门短视频集锦   第三千四百三十六期,审核大大辛苦了！<br/>谢谢每一个投蕉的帅哥美女！香蕉没有来个赞也好啊！<br/>视频来自快手等平台，侵权联系删除！,3951,https://www.acfun.cn/v/ac48856130,https://tx-free-imgs.acfun.cn/newUpload/2176158_4b41dc501581491e9b900fd0a1662e27.gif?imageslim,AcFun,周榜,week,hotlist,,2026-09-25 16:30:15
46,网络上常见的热门短视频集锦   第三千四百四十三期,审核大大辛苦了！<br/>谢谢每一个投蕉的帅哥美女！香蕉没有来个赞也好啊！<br/>视频来自快手等平台，侵权联系删除！,3595,https://www.acfun.cn/v/ac48864363,https://tx-free-imgs.acfun.cn/newUpload/2176158_dfef22dbf6934a15a594e5766b8680ca.gif?imageslim,AcFun,周榜,week,hotlist,,2026-09-25 16:30:15
47,嘞个就是爱情【今天有什么好笑的 #2512】,：），谢谢大家的投蕉和点赞，祝你开心愉快~<br/>wallpaper壁纸：lamp<br/>BGM：What a Feeling,2439,https://www.acfun.cn/v/ac48860992,https://tx-free-imgs.acfun.cn/newUpload/383079_172d192fee55441c96b7352f61e0a25f.gif?imageslim,AcFun,周榜,week,hotlist,,2026-09-25 16:30:15
48,网络上常见的热门短视频集锦   第三千四百四十四期,审核大大辛苦了！<br/>谢谢每一个投蕉的帅哥美女！香蕉没有来个赞也好啊！<br/>视频来自快手等平台，侵权联系删除！,3513,https://www.acfun.cn/v/ac48865021,https://tx-free-imgs.acfun.cn/newUpload/2176158_663463f1e6004dc2b4dea153d1e60c05.gif?imageslim,AcFun,周榜,week,hotlist,,2026-09-25 16:30:15
49,网络上常见的热门短视频集锦   第三千四百三十七期,审核大大辛苦了！<br/>谢谢每一个投蕉的帅哥美女！香蕉没有来个赞也好啊！<br/>视频来自快手等平台，侵权联系删除！,3661,https://www.acfun.cn/v/ac48857544,https://tx-free-imgs.acfun.cn/newUpload/2176158_65f1d403dce7484b8d62b6f272bdbe31.gif?imageslim,AcFun,周榜,week,hotlist,,2026-09-25 16:30:15
50,厨师长分享制作“宫保鸡丁”的三大要素：腌制、调味及火候,,2118,https://www.acfun.cn/v/ac48863018,https://tx-free-imgs.acfun.cn/newUpload/13274260_803e1613305b460d878594c16c1c5a87.jpeg?imageslim,AcFun,周榜,week,hotlist,,2026-09-25 16:30:15
1,因为害怕被讨厌 所以把自己藏起来了,,2791,https://www.acfun.cn/v/ac48871331,https://tx-free-imgs.acfun.cn/newUpload/11361784_3d4bd69b46f541e184c2922c24f09276.jpg?imageslim,AcFun,日榜,day,hotlist,,2026-09-25 17:25:17
2,娃：真遗憾，本来打算亲自告诉你们的,嘿嘿希望大家都万事顺意～心想事成,2170,https://www.acfun.cn/v/ac48871740,https://tx-free-imgs.acfun.cn/newUpload/17062172_d1a93166ed084e3aadac2fea4bba0707.jpg?imageslim,AcFun,日榜,day,hotlist,,2026-09-25 17:25:17
3,这样的学姐喜欢吗？欢乐八点档-1782,审核大大辛苦了！<br/>免费的香蕉投一下吧，没有那就点个赞吧，这对我来说很重要，谢谢！！！<br/>谢谢每一个投蕉的帅哥美女！你们是我坚持更新的动力！<br/>视频来自快手等平台，侵权联系删除！,3249,https://www.acfun.cn/v/ac48870057,https://tx-free-imgs.acfun.cn/newUpload/2176158_4c1f3b60f73e451abc443941d47305d8.gif?imageslim,AcFun,日榜,day,hotlist,,2026-09-25 17:25:17
4,姛姛？！蝴蝶耳机Manget中文翻唱【箐羽Hane】x【缇若柯Teivoc】,“是否你确实表里如一淡然，还是说你——并不似我贪婪？”<br/>《Manget》磁石 / 蝴蝶耳机 - 中文翻唱<br/>原作作曲 / 流星P<br/>曲绘&翻唱 / 箐羽hane & 缇若柯Teivoc<br/>中文填词 / 果汁凉菜<br/>混音 / 风尘<br/>和笋笋一起唱了我们二次元姛神曲！曲绘也是我和笋笋每个人负责了自己的部分最后再拼到一起的！真好！( *^ ^)o(^ ^* )希望大家也能喜欢！,1556,https://www.acfun.cn/v/ac48869340,https://tx-free-imgs.acfun.cn/newUpload/67511609_d868cdbd6b1849e8958696cdc9db1493.jpeg?imageslim,AcFun,日榜,day,hotlist,,2026-09-25 17:25:17
5,奥迪“宫斗”十年大结局？一汽拿四环，上汽拿AUDI,一汽奥迪和上汽奥迪“宫斗”了十年，终于要划下句号了？,1645,https://www.acfun.cn/v/ac48870981,https://tx-free-imgs.acfun.cn/newUpload/13630266_3fde785be5a2411495618f67d01ab66a.jpeg?imageslim,AcFun,日榜,day,hotlist,,2026-09-25 17:25:17
6,在英国差点被上门诈骗,可能看到我一人在家，就大胆敲门了，还好平常也会注意周边邻居，没发生什么事儿，这个金额就算被骗也不会报警，以后还是要小心一些了。#英国日常#vlog,1552,https://www.acfun.cn/v/ac48869505,https://tx-free-imgs.acfun.cn/newUpload/43181603_1c8c6c487a864d098b5e7e7bf2a12c6a.jpg?imageslim,AcFun,日榜,day,hotlist,,2026-09-25 17:25:17
7,拜托了，夫人！★手机竖屏2014★,审核大大辛苦了！<br/>谢谢每一个投蕉的帅哥美女！香蕉没有来个赞也好啊！<br/>视频来自快手等平台，侵权联系删除！,1911,https://www.acfun.cn/v/ac48871493,https://tx-free-imgs.acfun.cn/newUpload/2176158_afaf0913878443b1bc00d636136ffce3.gif?imageslim,AcFun,日榜,day,hotlist,,2026-09-25 17:25:17
8,裸足圆脸仙女下凡～跳一曲千里邀月【可心喵】,,1245,https://www.acfun.cn/v/ac48872448,https://tx-free-imgs.acfun.cn/newUpload/12892608_6691690fd8e944278bda5d5390e1e5a9.jpg?imageslim,AcFun,日榜,day,hotlist,,2026-09-25 17:25:17
9,这套皮肤真的很喜欢,,1307,https://www.acfun.cn/v/ac48871657,https://tx-free-imgs.acfun.cn/newUpload/16380981_ac9640e59a3a42e093fcee0a0b81d474.jpg?imageslim,AcFun,日榜,day,hotlist,,2026-09-25 17:25:17
10,【锅锅x怀瑜x阔落】千里邀月——共饮此杯赏此月，夜好眠,中秋到了，和姐妹们合唱了千里邀月~~<br/>乐：可乐祝大家身体健康，永不加班，月圆人团圆<br/>鱼：怀瑜愿诸位财源广进，常能摸鱼，花好月更圆<br/>锅：锅锅祝大家桂香满锅，早归赏月，饼甜心更甜<br/>祝大家中秋快乐~,1335,https://www.acfun.cn/v/ac48871580,https://tx-free-imgs.acfun.cn/newUpload/67206930_e47be8dbac2546e1b5a4a831e71dabe4.jpeg?imageslim,AcFun,日榜,day,hotlist,,2026-09-25 17:25:17
11,【东方】QUEEN【蕾米莉亚 Miy Ver. MMD】,作者：やくも<br/><br/>楽曲:Kanaria 様→https://www.nicovideo.jp/watch/sm4088...<br/>振付:AKIRA様<br/>モーション:P-nez 様→https://www.nicovideo.jp/watch/sm4350...<br/>カメラ:Mizuha様→https://www.nicovideo.jp/watch/sm4353...<br/>モデル:MIy様<br/>ステージ:栗ごはん様<br/>アクセサリ:アスカ様,1172,https://www.acfun.cn/v/ac48870080,https://tx-free-imgs.acfun.cn/newUpload/6102_6a4dce20c9b74fa0bbdff3ccc0a73c5d.png?imageslim,AcFun,日榜,day,hotlist,,2026-09-25 17:25:17
12,网络上常见的热门短视频集锦   第三千四百四十九期,审核大大辛苦了！<br/>谢谢每一个投蕉的帅哥美女！香蕉没有来个赞也好啊！<br/>视频来自快手等平台，侵权联系删除！,1468,https://www.acfun.cn/v/ac48871496,https://tx-free-imgs.acfun.cn/newUpload/2176158_cf20f7722011491da25ce2efbc799dba.gif?imageslim,AcFun,日榜,day,hotlist,,2026-09-25 17:25:17
13,"长手打短手？2万分王者局！快速看完一局韩服王者斗殴局#836 十三day, Eclipse,","长手打短手？2万分王者局！快速看完一局韩服王者斗殴局#836 十三day, Eclipse, 0909, Lelitz, 1Jiang <br/>BGM:https://music.163.com/playlist?id=650818240&userid=30476594",1450,https://www.acfun.cn/v/ac48863751,https://tx-free-imgs.acfun.cn/newUpload/1378726_792b017ff72e4ed49b05fe8e1e24f6e4.jpeg?imageslim,AcFun,日榜,day,hotlist,,2026-09-25 17:25:17
14,少女机甲+空投轰炸？是什么神仙组合？,到底是一款什么样的机甲游戏，上线快3年还保持着特别好评？虽然是机甲美少女的设定，但是操作的是厚重质感的硬核机甲，这种硬核操作的感觉让人越玩越上头，今天来跟大家聊聊这款游戏《铁骑少女》。<br/>最近我一直期待的第三个DLC金盏花也是要上线了，这次DLC的核心新玩法，就是机甲“搜打撤”的模式。和本体死守基地的玩法不一样，这次整体的游玩思路都变了~,1215,https://www.acfun.cn/v/ac48871337,https://tx-free-imgs.acfun.cn/newUpload/61352468_77bf0ab03cd34fefa1d5530aca003edb.jpeg?imageslim,AcFun,日榜,day,hotlist,,2026-09-25 17:25:17
15,好像只能礼貌的问候~,,1255,https://www.acfun.cn/v/ac48871365,https://tx-free-imgs.acfun.cn/newUpload/43459034_4572f98756df48b0bc9c323cdc49a8d2.jpg?imageslim,AcFun,日榜,day,hotlist,,2026-09-25 17:25:17
16,记录2023年6月份在台上开心的表演lamb的我,,1215,https://www.acfun.cn/v/ac48871344,https://tx-free-imgs.acfun.cn/newUpload/16380981_00755d93042647bcb6f29a19da53e590.png?imageslim,AcFun,日榜,day,hotlist,,2026-09-25 17:25:17
17,【绝望女神/翻唱】【星际牛仔ED The Real Folk Blues】,想听啥情继续评论回复~,1040,https://www.acfun.cn/v/ac48871323,https://tx-free-imgs.acfun.cn/newUpload/20705199_0be8deafcbb34bdb9f17523c5bc95087.jpeg?imageslim,AcFun,日榜,day,hotlist,,2026-09-25 17:25:17
18,网络上常见的热门短视频集锦   第三千四百五十期,审核大大辛苦了！<br/>谢谢每一个投蕉的帅哥美女！香蕉没有来个赞也好啊！<br/>视频来自快手等平台，侵权联系删除！,1101,https://www.acfun.cn/v/ac48872279,https://tx-free-imgs.acfun.cn/newUpload/2176158_a96ecd95394b4517928ac111407f75b1.gif?imageslim,AcFun,日榜,day,hotlist,,2026-09-25 17:25:17
19,【黒碳】ライトダンス - サカナクション【生日作】【翻唱】,本家:サカナクション ; 翻唱: 黒碳Kurotan; 后期: 黒碳Kurotan; 曲绘: 黒碳Kurotan; PV: 黒碳Kurotan以及十分牛杯的網站：https://pv.pixjam.cn/ 背景是用這個做的!! 狠狠趕工終於做完了 好感動,1123,https://www.acfun.cn/v/ac48869560,https://tx-free-imgs.acfun.cn/newUpload/13707663_f611642aa87b4dab9a8d8a6beb7ace77.jpeg?imageslim,AcFun,日榜,day,hotlist,,2026-09-25 17:25:17
20,【颜音】中秋歌回~祝大家节日快乐,皓月凌空，桂香满庭。<br/>愿今夜歌声暖心，祝各位中秋快乐，阖家美满！,1261,https://www.acfun.cn/v/ac48872065,https://tx-free-imgs.acfun.cn/newUpload/4425861_3dab8cdf19a74bf6accbdcd688cd9b6a.jpeg?imageslim,AcFun,日榜,day,hotlist,,2026-09-25 17:25:17
21,吃！给我吃！【鬼ノ宴翻唱】,,1107,https://www.acfun.cn/v/ac48871186,https://tx-free-imgs.acfun.cn/newUpload/10144864_ee78f4d0678d414f9ce18c29231cf17a.jpeg?imageslim,AcFun,日榜,day,hotlist,,2026-09-25 17:25:17
22,卓哥儿那可是专业杰哥，人群之中七进七出不成问题！,自定义也发？,1384,https://www.acfun.cn/v/ac48871816,https://tx-free-imgs.acfun.cn/newUpload/581357_d49b41a0e554440db6952de719b3f832.jpeg?imageslim,AcFun,日榜,day,hotlist,,2026-09-25 17:25:17
23,望眼欲穿【今天有什么好笑的 #2517】,：），谢谢大家的投蕉和点赞，祝你开心愉快~<br/>Wallpaper壁纸：雪山与女孩<br/>Bgm：あのね。,966,https://www.acfun.cn/v/ac48872647,https://tx-free-imgs.acfun.cn/newUpload/383079_40beb913fd1a44d3afa053553d53b466.gif?imageslim,AcFun,日榜,day,hotlist,,2026-09-25 17:25:17
24,【翻唱】鬼ノ宴,本家様<br/>友成空様<br/>【鬼ノ宴】<br/>•友成空(TOMONARI SORA) -   鬼ノ宴   ［Lyric Video］<br/>https://www.youtube.com/watch?v=NFzyrPK9rtM,1071,https://www.acfun.cn/v/ac48871180,https://tx-free-imgs.acfun.cn/newUpload/10144864_a75eddb97ea048b59fef6aaea5d4478f.jpeg?imageslim,AcFun,日榜,day,hotlist,,2026-09-25 17:25:17
25,下班后跳一段恋爱的条件～,,1122,https://www.acfun.cn/v/ac48871308,https://tx-free-imgs.acfun.cn/newUpload/43459034_9aa96c2a93884a3891b73b05298d8521.jpg?imageslim,AcFun,日榜,day,hotlist,,2026-09-25 17:25:17
26,BR66型蒸汽机车 trix越来越垃圾了！尤其是垃圾会员车，一个比一个烂！这一次终于拉了一坨更大的！,,916,https://www.acfun.cn/v/ac48871197,https://tx-free-imgs.acfun.cn/newUpload/66128753_8563c2ab24aa4a2289e52500bc42f1f1.png?imageslim,AcFun,日榜,day,hotlist,,2026-09-25 17:25:17
27,绿梦：时空之声公测定档！公测版本全面优化！,绿梦：时空之声公测定档！公测版本全面优化！,1310,https://www.acfun.cn/v/ac48871268,https://tx-free-imgs.acfun.cn/newUpload/63104383_33b9de6d951a4ca0b5a7b9dfc2fc748e.gif?imageslim,AcFun,日榜,day,hotlist,,2026-09-25 17:25:17
28,【牛子组合】凉凉,世事一场大梦，人生几度秋凉，祝大家26年中秋快乐,1069,https://www.acfun.cn/v/ac48870493,https://tx-free-imgs.acfun.cn/newUpload/358616_22f2cb85fdca497ab5cd556c984493d6.png?imageslim,AcFun,日榜,day,hotlist,,2026-09-25 17:25:17
29,22.称霸水下四亿年，人类最古老的远房祖先：硬骨鱼总纲,22.称霸水下四亿年，人类最古老的远房祖先：硬骨鱼总纲,1075,https://www.acfun.cn/v/ac48871354,https://tx-free-imgs.acfun.cn/newUpload/28933912_40dcb39f039045868ae364582e4a1797.jpeg?imageslim,AcFun,日榜,day,hotlist,,2026-09-25 17:25:17
30,另一版,之前还拍了一版，但是感觉镜头太晃了,1045,https://www.acfun.cn/v/ac48871588,https://tx-free-imgs.acfun.cn/newUpload/12954767_f420f9f6197c43d4bb14421c32d81bbb.png?imageslim,AcFun,日榜,day,hotlist,,2026-09-25 17:25:17
31,这新番要不是霸权！我家狗都不信啊！十月最无悬念的提前吹爆！,这新番要不是霸权！我家狗都不信啊！十月最无悬念的提前吹爆！,1137,https://www.acfun.cn/v/ac48871615,https://tx-free-imgs.acfun.cn/newUpload/13467496_654fcc0446324342b35eef2b72d45df4.jpeg?imageslim,AcFun,日榜,day,hotlist,,2026-09-25 17:25:17
32,T-ara Bo Peep Bo Peep,,1216,https://www.acfun.cn/v/ac48869397,https://tx-free-imgs.acfun.cn/newUpload/795184_1876bec3bc5d43d6b42da8060c06a34a.jpeg?imageslim,AcFun,日榜,day,hotlist,,2026-09-25 17:25:17
33,空姐OL~第57次取消发送,中秋节快乐,777,https://www.acfun.cn/v/ac48872674,https://tx-free-imgs.acfun.cn/newUpload/14539629_46621bdc88a44c63be63172c5ba6cb6a.jpeg?imageslim,AcFun,日榜,day,hotlist,,2026-09-25 17:25:17
34,【柯基】《金风玉露》～～～晚风啊～～～,,867,https://www.acfun.cn/v/ac48872627,https://tx-free-imgs.acfun.cn/newUpload/29493245_88171143b6bd4aa6885743ffe64d6584.png?imageslim,AcFun,日榜,day,hotlist,,2026-09-25 17:25:17
35,上线才半年，腾讯养的“龙虾”QClaw，官宣停运了！,,1195,https://www.acfun.cn/v/ac48871074,https://tx-free-imgs.acfun.cn/newUpload/17928_22da7d70ed6749f690e735b0f098a800.png?imageslim,AcFun,日榜,day,hotlist,,2026-09-25 17:25:17
36,艺术欣赏,,1269,https://www.acfun.cn/v/ac48871987,https://tx-free-imgs.acfun.cn/newUpload/2742252_cb96fa8c85b847afb6618ecf730b5f70.jpg?imageslim,AcFun,日榜,day,hotlist,,2026-09-25 17:25:17
37,白井黑子·佐天泪子 中秋月色双人手势舞【AI动画/超清】,本人本地部署的AI生成图片视频模型制作，硬件英伟达显卡RTX5070TI 16G+96G DDR5 6000内存，花费2小时合成.<br/>这次引入新的二次元动漫人物模型，二次元脸部质量效果会更好些，同时步数可以适当降低，降本增效。引入后期处理工具修复强化背景<br/><br/>人物：佐天泪子 白井黑子<br/>舞蹈技术与BGM：网红手势舞<br/>场景：中秋月色,1062,https://www.acfun.cn/v/ac48871101,https://tx-free-imgs.acfun.cn/newUpload/46764084_397c08849b344139b09a46fb71f814b3.png?imageslim,AcFun,日榜,day,hotlist,,2026-09-25 17:25:17
38,社畜身份不是你精致生活的角色扮演,,982,https://www.acfun.cn/v/ac48871467,https://tx-free-imgs.acfun.cn/newUpload/14013875_ec82a37907ff4565a6f6f6d916bd7117.png?imageslim,AcFun,日榜,day,hotlist,,2026-09-25 17:25:17
39,【官方双语】存储价格飞涨  蓝光会是那个意想不到的解决方案吗?#linus谈科技,,1024,https://www.acfun.cn/v/ac48872033,https://tx-free-imgs.acfun.cn/newUpload/1630166_48020992cf374f349c36bc0d54f08d91.jpeg?imageslim,AcFun,日榜,day,hotlist,,2026-09-25 17:25:17
40,低腰牛仔裤,,1106,https://www.acfun.cn/v/ac48872338,https://tx-free-imgs.acfun.cn/newUpload/24775015_326be0e2724c4efea103cec5d8dc110a.png?imageslim,AcFun,日榜,day,hotlist,,2026-09-25 17:25:17
41,塞巴斯蒂安·埃尔南德斯 vs 亀田京之介,塞巴斯蒂安·埃尔南德斯 vs 亀田京之介,1035,https://www.acfun.cn/v/ac48871133,https://tx-free-imgs.acfun.cn/newUpload/61107438_67e40508d9a74840841c26da02695801.png?imageslim,AcFun,日榜,day,hotlist,,2026-09-25 17:25:17
42,“狐蝠”亡命天涯半世纪,,1346,https://www.acfun.cn/v/ac48871667,https://tx-free-imgs.acfun.cn/newUpload/3592774_514c8455f636400c949adc88c25d0e83.jpeg?imageslim,AcFun,日榜,day,hotlist,,2026-09-25 17:25:17
43,小兔-20260923 abracadabra 上下 恋爱的条件 成人礼 晚安吻,,1129,https://www.acfun.cn/v/ac48870476,https://tx-free-imgs.acfun.cn/newUpload/78055394_4dcf7a6688cb4a1994bd96389cc84b38.jpeg?imageslim,AcFun,日榜,day,hotlist,,2026-09-25 17:25:17
44,［热血编年史/精灵篇06］二分钟精华版［年费系列］ 混沌·圣尊天玄 是原形态觉醒补强,混沌·圣尊天玄,148,https://www.acfun.cn/v/ac48872435,https://tx-free-imgs.acfun.cn/newUpload/77016698_ce8e9b43406e489f8e5237d57655d6f3.png?imageslim,AcFun,日榜,day,hotlist,,2026-09-25 17:25:17
45,桢-20260923 abracadabra,,1114,https://www.acfun.cn/v/ac48870552,https://tx-free-imgs.acfun.cn/newUpload/78055394_f7c161e6bccd480f9b8a372dd55c3678.jpeg?imageslim,AcFun,日榜,day,hotlist,,2026-09-25 17:25:17
46,新肤色超辣！,,1027,https://www.acfun.cn/v/ac48863964,https://tx-free-imgs.acfun.cn/newUpload/12439728_70c7284ba2724c048fb5266f61c33e34.png?imageslim,AcFun,日榜,day,hotlist,,2026-09-25 17:25:17
47,绝顶性感黑丝【DazzlingRed】舞蹈翻跳,,1165,https://www.acfun.cn/v/ac48871722,https://tx-free-imgs.acfun.cn/newUpload/28629507_651036189fde4ffabea2957b7a006984.png?imageslim,AcFun,日榜,day,hotlist,,2026-09-25 17:25:17
48,《フロルパレード》（花之巡游），自制曲绘,剪辑工具：快影<br/>因为很喜欢这首曲子，所以就画了<br/><br/>这个作品现在我只会投在A站和乐乎<br/>我真的很不喜欢做剪辑<br/>我真的不会画手（,339,https://www.acfun.cn/v/ac48871234,https://tx-free-imgs.acfun.cn/newUpload/75640773_5baa4dbb94b040c68b2271c90e84cf1d.png?imageslim,AcFun,日榜,day,hotlist,,2026-09-25 17:25:17
49,［手风琴］延边人民热爱毛主席,没谱子，即兴伴奏、、、,627,https://www.acfun.cn/v/ac48871511,https://tx-free-imgs.acfun.cn/newUpload/77440310_6dde877c0ab4426a89d11440189ba14c.png?imageslim,AcFun,日榜,day,hotlist,,2026-09-25 17:25:17
50,路边摊,,1365,https://www.acfun.cn/v/ac48871384,https://tx-free-imgs.acfun.cn/newUpload/2742252_f65b1cc858264b619f009878e8798142.jpg?imageslim,AcFun,日榜,day,hotlist,,2026-09-25 17:25:17
1,是谁点的小恶魔，蕉出来～,,5845,https://www.acfun.cn/v/ac48867778,https://tx-free-imgs.acfun.cn/newUpload/17062172_6098fee67d1748e0ab5dab3b5665736c.jpg?imageslim,AcFun,三日榜,three-days,hotlist,,2026-09-25 17:25:17
2,《野生动物迷惑行为》,喜欢请投蕉啊   谢谢啦！,2807,https://www.acfun.cn/v/ac48868360,https://tx-free-imgs.acfun.cn/newUpload/1342385_3fab348c538e4c0fa001871a708fe302.jpeg?imageslim,AcFun,三日榜,three-days,hotlist,,2026-09-25 17:25:17
3,漫威金刚狼深陷争议！SweetBaby又毁一款？【绅批】,这算是DEI的历史遗留问题了，所有现在已经从sweetbaby离职的人，只要参与过游戏制作也会被署名（比如桥本和真）,2844,https://www.acfun.cn/v/ac48868810,https://tx-free-imgs.acfun.cn/newUpload/526850_ca1da1572b1d494a93e2f6bab46cf76b.jpeg?imageslim,AcFun,三日榜,three-days,hotlist,,2026-09-25 17:25:17
4,我真的是来吃饭的！★手机竖屏2013★,审核大大辛苦了！<br/>谢谢每一个投蕉的帅哥美女！香蕉没有来个赞也好啊！<br/>视频来自快手等平台，侵权联系删除！,3709,https://www.acfun.cn/v/ac48869145,https://tx-free-imgs.acfun.cn/newUpload/2176158_eb4b69370b8f435aa2b171e72403d356.gif?imageslim,AcFun,三日榜,three-days,hotlist,,2026-09-25 17:25:17
5,因为害怕被讨厌 所以把自己藏起来了,,2791,https://www.acfun.cn/v/ac48871331,https://tx-free-imgs.acfun.cn/newUpload/11361784_3d4bd69b46f541e184c2922c24f09276.jpg?imageslim,AcFun,三日榜,three-days,hotlist,,2026-09-25 17:25:17
6,mr chu!!好怀念这首歌,,2073,https://www.acfun.cn/v/ac48869375,https://tx-free-imgs.acfun.cn/newUpload/16380981_19592eb83a88429695ee1a0508fc3df0.png?imageslim,AcFun,三日榜,three-days,hotlist,,2026-09-25 17:25:17
7,拳击好啊，拳击得学！欢乐八点档-1781,审核大大辛苦了！<br/>免费的香蕉投一下吧，没有那就点个赞吧，这对我来说很重要，谢谢！！！<br/>谢谢每一个投蕉的帅哥美女！你们是我坚持更新的动力！<br/>视频来自快手等平台，侵权联系删除！,4043,https://www.acfun.cn/v/ac48868336,https://tx-free-imgs.acfun.cn/newUpload/2176158_3f6c601293a54468bae97f781440217b.gif?imageslim,AcFun,三日榜,three-days,hotlist,,2026-09-25 17:25:17
8,娃：真遗憾，本来打算亲自告诉你们的,嘿嘿希望大家都万事顺意～心想事成,2170,https://www.acfun.cn/v/ac48871740,https://tx-free-imgs.acfun.cn/newUpload/17062172_d1a93166ed084e3aadac2fea4bba0707.jpg?imageslim,AcFun,三日榜,three-days,hotlist,,2026-09-25 17:25:17
9,北京豆汁会惩罚每一个好奇的人！欢乐八点档-1780,审核大大辛苦了！<br/>免费的香蕉投一下吧，没有那就点个赞吧，这对我来说很重要，谢谢！！！<br/>谢谢每一个投蕉的帅哥美女！你们是我坚持更新的动力！<br/>视频来自快手等平台，侵权联系删除！,4411,https://www.acfun.cn/v/ac48865965,https://tx-free-imgs.acfun.cn/newUpload/2176158_ec83e6fb2ffc4005b41881ac13dbaeca.gif?imageslim,AcFun,三日榜,three-days,hotlist,,2026-09-25 17:25:17
10,网络上常见的热门短视频集锦   第三千四百四十五期,审核大大辛苦了！<br/>谢谢每一个投蕉的帅哥美女！香蕉没有来个赞也好啊！<br/>视频来自快手等平台，侵权联系删除！,3865,https://www.acfun.cn/v/ac48866824,https://tx-free-imgs.acfun.cn/newUpload/2176158_dba921eb42f14c7ba31a1af83bfe71ce.gif?imageslim,AcFun,三日榜,three-days,hotlist,,2026-09-25 17:25:17
11,空中瑜伽！！！★手机竖屏2012★,审核大大辛苦了！<br/>谢谢每一个投蕉的帅哥美女！香蕉没有来个赞也好啊！<br/>视频来自快手等平台，侵权联系删除！,4356,https://www.acfun.cn/v/ac48866821,https://tx-free-imgs.acfun.cn/newUpload/2176158_610807af48f5463a891fc9f341c9b16f.gif?imageslim,AcFun,三日榜,three-days,hotlist,,2026-09-25 17:25:17
12,这样的学姐喜欢吗？欢乐八点档-1782,审核大大辛苦了！<br/>免费的香蕉投一下吧，没有那就点个赞吧，这对我来说很重要，谢谢！！！<br/>谢谢每一个投蕉的帅哥美女！你们是我坚持更新的动力！<br/>视频来自快手等平台，侵权联系删除！,3249,https://www.acfun.cn/v/ac48870057,https://tx-free-imgs.acfun.cn/newUpload/2176158_4c1f3b60f73e451abc443941d47305d8.gif?imageslim,AcFun,三日榜,three-days,hotlist,,2026-09-25 17:25:17
13,厨师长教你：“鱼香肉丝”的家常做法，酸甜微辣，口感丰富,,2016,https://www.acfun.cn/v/ac48867741,https://tx-free-imgs.acfun.cn/newUpload/13274260_93e68d1098d04ffca2683655a6a404c2.jpeg?imageslim,AcFun,三日榜,three-days,hotlist,,2026-09-25 17:25:17
14,嘴角压不住了【今天有什么好笑的 #2515】,：），谢谢大家的投蕉和点赞，祝你开心愉快~<br/>wallpaper壁纸：Genshin 神里绫华<br/>BGM：Wake me up when september ends,2369,https://www.acfun.cn/v/ac48868130,https://tx-free-imgs.acfun.cn/newUpload/383079_ef65121591434d2b86d53db1622776cd.gif?imageslim,AcFun,三日榜,three-days,hotlist,,2026-09-25 17:25:17
15,姛姛？！蝴蝶耳机Manget中文翻唱【箐羽Hane】x【缇若柯Teivoc】,“是否你确实表里如一淡然，还是说你——并不似我贪婪？”<br/>《Manget》磁石 / 蝴蝶耳机 - 中文翻唱<br/>原作作曲 / 流星P<br/>曲绘&翻唱 / 箐羽hane & 缇若柯Teivoc<br/>中文填词 / 果汁凉菜<br/>混音 / 风尘<br/>和笋笋一起唱了我们二次元姛神曲！曲绘也是我和笋笋每个人负责了自己的部分最后再拼到一起的！真好！( *^ ^)o(^ ^* )希望大家也能喜欢！,1556,https://www.acfun.cn/v/ac48869340,https://tx-free-imgs.acfun.cn/newUpload/67511609_d868cdbd6b1849e8958696cdc9db1493.jpeg?imageslim,AcFun,三日榜,three-days,hotlist,,2026-09-25 17:25:17
16,现在电脑不好卖了，以后我们出租AI机器人吧,,1881,https://www.acfun.cn/v/ac48867767,https://tx-free-imgs.acfun.cn/newUpload/17928_c684f06231604145b533a0f00627c624.png?imageslim,AcFun,三日榜,three-days,hotlist,,2026-09-25 17:25:17
17,网络上常见的热门短视频集锦   第三千四百四十六期,审核大大辛苦了！<br/>谢谢每一个投蕉的帅哥美女！香蕉没有来个赞也好啊！<br/>视频来自快手等平台，侵权联系删除！,3598,https://www.acfun.cn/v/ac48867732,https://tx-free-imgs.acfun.cn/newUpload/2176158_2ec1d99da19a48e0a8e4ff2a2447e612.gif?imageslim,AcFun,三日榜,three-days,hotlist,,2026-09-25 17:25:17
18,网络上常见的热门短视频集锦   第三千四百四十八期,审核大大辛苦了！<br/>谢谢每一个投蕉的帅哥美女！香蕉没有来个赞也好啊！<br/>视频来自快手等平台，侵权联系删除！,3308,https://www.acfun.cn/v/ac48870020,https://tx-free-imgs.acfun.cn/newUpload/2176158_d65e54f4e9ee489b86b6fc28c31c84ee.gif?imageslim,AcFun,三日榜,three-days,hotlist,,2026-09-25 17:25:17
19,双手合十萨瓦迪卡！,,1795,https://www.acfun.cn/v/ac48863951,https://tx-free-imgs.acfun.cn/newUpload/12439728_638a29114abf4b0bafda38c61f497df1.png?imageslim,AcFun,三日榜,three-days,hotlist,,2026-09-25 17:25:17
20,我要冲会员【今天有什么好笑的 #2516】,：），谢谢大家的投蕉和点赞，祝你开心愉快~<br/>wallpaper壁纸：Reze | Chainsaw Man<br/>BGM：Nicoleta Matei - Love mail<br/>,2316,https://www.acfun.cn/v/ac48870763,https://tx-free-imgs.acfun.cn/newUpload/383079_47b0fc3f458042f5bd3717967e55c598.gif?imageslim,AcFun,三日榜,three-days,hotlist,,2026-09-25 17:25:17
21,昆汀力荐！这部复仇老片，竟是杀死比尔的人物原型来源,,1650,https://www.acfun.cn/v/ac48865483,https://tx-free-imgs.acfun.cn/newUpload/8042365_d9ae5a725d8848abb4b488acbf483611.jpeg?imageslim,AcFun,三日榜,three-days,hotlist,,2026-09-25 17:25:17
22,交通事故20260923：交通车祸实例，提高安全驾驶意识,,1417,https://www.acfun.cn/v/ac48868861,https://tx-free-imgs.acfun.cn/newUpload/76871961_edea5de6659a4cd2b733a74989043440.jpg?imageslim,AcFun,三日榜,three-days,hotlist,,2026-09-25 17:25:17
23,网络上常见的热门短视频集锦   第三千四百四十七期,审核大大辛苦了！<br/>谢谢每一个投蕉的帅哥美女！香蕉没有来个赞也好啊！<br/>视频来自快手等平台，侵权联系删除！,3093,https://www.acfun.cn/v/ac48869149,https://tx-free-imgs.acfun.cn/newUpload/2176158_fdf9afe2e00a4a1aa62415c846776eaf.gif?imageslim,AcFun,三日榜,three-days,hotlist,,2026-09-25 17:25:17
24,沦陷️,歌曲舞蹈：沦陷dj版-星奇摇   动作有改编,1665,https://www.acfun.cn/v/ac48869381,https://tx-free-imgs.acfun.cn/newUpload/12229455_aacf9da97a0940ad8e5f0b509d9cc159.jpeg?imageslim,AcFun,三日榜,three-days,hotlist,,2026-09-25 17:25:17
25,人鱼的眼泪,歌曲舞蹈：爱乐之城-人鱼的眼泪,1544,https://www.acfun.cn/v/ac48867050,https://tx-free-imgs.acfun.cn/newUpload/12229455_130b1f041e6741dab4f6295ee27d927e.jpeg?imageslim,AcFun,三日榜,three-days,hotlist,,2026-09-25 17:25:17
26,老板直聘（89）,,1613,https://www.acfun.cn/v/ac48868552,https://tx-free-imgs.acfun.cn/newUpload/74706824_db2c7ba15c5d4aa18872db6b0763b7ca.jpeg?imageslim,AcFun,三日榜,three-days,hotlist,,2026-09-25 17:25:17
27,常州新开巴西烤肉自助，100块钱值得吗？,这是我目前为止，去过的第二家巴西烤肉自助，团购优惠的情况下，花了94元。正常价格在95~110不等<br/><br/>简单带大家看下菜品，除了取餐台这么些，各种牛肉制品、大串烧烤都是循环上桌，大家觉得这么些菜式花样，100块钱左右你们觉得贵还是便宜啊，觉得贵的扣1，觉得便宜的扣2,1840,https://www.acfun.cn/v/ac48868891,https://tx-free-imgs.acfun.cn/newUpload/2046675_bf3a59ddff624646850829452262094e.jpeg?imageslim,AcFun,三日榜,three-days,hotlist,,2026-09-25 17:25:17
28,原创编舞《千层套路》的定机位竖屏来啦！,,1610,https://www.acfun.cn/v/ac48869245,https://tx-free-imgs.acfun.cn/newUpload/16380981_24bafd11c027499d9fe6820162faa782.png?imageslim,AcFun,三日榜,three-days,hotlist,,2026-09-25 17:25:17
29,北京的最北端在黑龙江？？？国内飞地是怎么形成的？,这份中国地图，是你从未看过的船新版本，放大几倍就会发现，在大家熟悉的各个省份中，还藏着一堆 “你中有我、我中有你” 的飞地。,1777,https://www.acfun.cn/v/ac48867896,https://tx-free-imgs.acfun.cn/newUpload/13630266_cc2428a99a42453f99c9e1306e7a43bb.jpeg?imageslim,AcFun,三日榜,three-days,hotlist,,2026-09-25 17:25:17
30,我要辞职了！,,1672,https://www.acfun.cn/v/ac48863957,https://tx-free-imgs.acfun.cn/newUpload/12439728_7c57a0735675474590bf7b25e1a34527.png?imageslim,AcFun,三日榜,three-days,hotlist,,2026-09-25 17:25:17
31,发个friend圈,,1504,https://www.acfun.cn/v/ac48863958,https://tx-free-imgs.acfun.cn/newUpload/12439728_b44cb67ae45a4c179b08227368f4159c.png?imageslim,AcFun,三日榜,three-days,hotlist,,2026-09-25 17:25:17
32,捏捏已经已进化到可以吃的地步啦？,,1621,https://www.acfun.cn/v/ac48868638,https://tx-free-imgs.acfun.cn/newUpload/6177430_486c910212d548c991eeb140f146a6ed.jpeg?imageslim,AcFun,三日榜,three-days,hotlist,,2026-09-25 17:25:17
33,奥迪“宫斗”十年大结局？一汽拿四环，上汽拿AUDI,一汽奥迪和上汽奥迪“宫斗”了十年，终于要划下句号了？,1645,https://www.acfun.cn/v/ac48870981,https://tx-free-imgs.acfun.cn/newUpload/13630266_3fde785be5a2411495618f67d01ab66a.jpeg?imageslim,AcFun,三日榜,three-days,hotlist,,2026-09-25 17:25:17
34,我终于瘦到120斤以下了！,,1644,https://www.acfun.cn/v/ac48867016,https://tx-free-imgs.acfun.cn/newUpload/16380981_906db098cf5d4eaca57bde52b0ae8bf2.jpg?imageslim,AcFun,三日榜,three-days,hotlist,,2026-09-25 17:25:17
35,《奶凶奶凶的漫威金刚狼！》,游戏名：《漫威金刚狼》- Marvel s Wolverine<br/>直播玩了15小时左右一周目通关啦~(*^▽^*)开心，这期是切片呦~,1833,https://www.acfun.cn/v/ac48866669,https://tx-free-imgs.acfun.cn/newUpload/61352468_cb62bfe2e19c4f35804259fac7f8c226.jpeg?imageslim,AcFun,三日榜,three-days,hotlist,,2026-09-25 17:25:17
36,嘉蒂丝模型曝光！很大！策划团队产能恢复？,明天新角色就要上了，技系直接立于天上。,1859,https://www.acfun.cn/v/ac48866809,https://tx-free-imgs.acfun.cn/newUpload/247671_ee6def92d94a4ab1b770fa166f4de4b7.jpeg?imageslim,AcFun,三日榜,three-days,hotlist,,2026-09-25 17:25:17
37,裸足圆脸仙女下凡～跳一曲千里邀月【可心喵】,,1245,https://www.acfun.cn/v/ac48872448,https://tx-free-imgs.acfun.cn/newUpload/12892608_6691690fd8e944278bda5d5390e1e5a9.jpg?imageslim,AcFun,三日榜,three-days,hotlist,,2026-09-25 17:25:17
38,换你穿越三国乱世，你是起兵还是种田？,有没有宝贝和我一样，看三国的时候总在想，如果换我身在那个乱世，我会怎么样？是起兵争霸，还是归隐山林？ 或是是咱们可以选三国里有名的角色或者可以架空历史从素人做起，一统三国，那会怎么样?我最近就玩了这么一款游戏，一玩就是五个小时，根本停不下来，那今天来聊聊这款开放世界slg游戏《英雄立志传：三国志》~<br/>,1712,https://www.acfun.cn/v/ac48869043,https://tx-free-imgs.acfun.cn/newUpload/61352468_39715609bed041b98b21f3dbb482ad70.jpeg?imageslim,AcFun,三日榜,three-days,hotlist,,2026-09-25 17:25:17
39,在英国差点被上门诈骗,可能看到我一人在家，就大胆敲门了，还好平常也会注意周边邻居，没发生什么事儿，这个金额就算被骗也不会报警，以后还是要小心一些了。#英国日常#vlog,1552,https://www.acfun.cn/v/ac48869505,https://tx-free-imgs.acfun.cn/newUpload/43181603_1c8c6c487a864d098b5e7e7bf2a12c6a.jpg?imageslim,AcFun,三日榜,three-days,hotlist,,2026-09-25 17:25:17
40,好曲不挑舞！《琵琶曲》你喜欢的是？,,1402,https://www.acfun.cn/v/ac48866497,https://tx-free-imgs.acfun.cn/newUpload/1161851_90c6400f25f14d969028c8a6779eaaf5.png?imageslim,AcFun,三日榜,three-days,hotlist,,2026-09-25 17:25:17
41,拜托了，夫人！★手机竖屏2014★,审核大大辛苦了！<br/>谢谢每一个投蕉的帅哥美女！香蕉没有来个赞也好啊！<br/>视频来自快手等平台，侵权联系删除！,1911,https://www.acfun.cn/v/ac48871493,https://tx-free-imgs.acfun.cn/newUpload/2176158_afaf0913878443b1bc00d636136ffce3.gif?imageslim,AcFun,三日榜,three-days,hotlist,,2026-09-25 17:25:17
42,抱紧原生家庭（90）,,1408,https://www.acfun.cn/v/ac48867786,https://tx-free-imgs.acfun.cn/newUpload/74706824_fcc9a2386aff4fb0b3ecd158e3c6b97f.png?imageslim,AcFun,三日榜,three-days,hotlist,,2026-09-25 17:25:17
43,你吃月饼了吗？,,1425,https://www.acfun.cn/v/ac48869054,https://tx-free-imgs.acfun.cn/newUpload/1167675_8f48723afb0e41ecbe772249b3f4df1a.jpg?imageslim,AcFun,三日榜,three-days,hotlist,,2026-09-25 17:25:17
44,【东方】QUEEN【蕾米莉亚 Miy Ver. MMD】,作者：やくも<br/><br/>楽曲:Kanaria 様→https://www.nicovideo.jp/watch/sm4088...<br/>振付:AKIRA様<br/>モーション:P-nez 様→https://www.nicovideo.jp/watch/sm4350...<br/>カメラ:Mizuha様→https://www.nicovideo.jp/watch/sm4353...<br/>モデル:MIy様<br/>ステージ:栗ごはん様<br/>アクセサリ:アスカ様,1172,https://www.acfun.cn/v/ac48870080,https://tx-free-imgs.acfun.cn/newUpload/6102_6a4dce20c9b74fa0bbdff3ccc0a73c5d.png?imageslim,AcFun,三日榜,three-days,hotlist,,2026-09-25 17:25:17
45,【柯基】papi酱《生气了》｜oh my god你吓到我了,,1423,https://www.acfun.cn/v/ac48867295,https://tx-free-imgs.acfun.cn/newUpload/29493245_980e56a85587473a82c7499c2ed115cb.png?imageslim,AcFun,三日榜,three-days,hotlist,,2026-09-25 17:25:17
46,只有刀鸣最小丑？各大游戏千年血战联动盘点！,300英雄的含金量还在上升,1918,https://www.acfun.cn/v/ac48869154,https://tx-free-imgs.acfun.cn/newUpload/247671_7d920e56c00e4af39fed560bf094f965.jpeg?imageslim,AcFun,三日榜,three-days,hotlist,,2026-09-25 17:25:17
47,这套皮肤真的很喜欢,,1307,https://www.acfun.cn/v/ac48871657,https://tx-free-imgs.acfun.cn/newUpload/16380981_ac9640e59a3a42e093fcee0a0b81d474.jpg?imageslim,AcFun,三日榜,three-days,hotlist,,2026-09-25 17:25:17
48,【锅锅x怀瑜x阔落】千里邀月——共饮此杯赏此月，夜好眠,中秋到了，和姐妹们合唱了千里邀月~~<br/>乐：可乐祝大家身体健康，永不加班，月圆人团圆<br/>鱼：怀瑜愿诸位财源广进，常能摸鱼，花好月更圆<br/>锅：锅锅祝大家桂香满锅，早归赏月，饼甜心更甜<br/>祝大家中秋快乐~,1335,https://www.acfun.cn/v/ac48871580,https://tx-free-imgs.acfun.cn/newUpload/67206930_e47be8dbac2546e1b5a4a831e71dabe4.jpeg?imageslim,AcFun,三日榜,three-days,hotlist,,2026-09-25 17:25:17
49,发怒了好多次哈哈哈哈，最后一遍最好！,,1411,https://www.acfun.cn/v/ac48867030,https://tx-free-imgs.acfun.cn/newUpload/16380981_8a800edc429e47809b3a0e69ec22c530.jpg?imageslim,AcFun,三日榜,three-days,hotlist,,2026-09-25 17:25:17
50,【冰岛第二集】自驾穿越无人区，我遇到了百年一遇的奇观,,1377,https://www.acfun.cn/v/ac48866428,https://tx-free-imgs.acfun.cn/newUpload/14288157_43766a4a98a8466597ceb64c2965e1ff.jpeg?imageslim,AcFun,三日榜,three-days,hotlist,,2026-09-25 17:25:17
1,剑戟战斗的巅峰 关卡内容的洼地 偏科严重的《鬼武者：剑之道》,它给人爽的部分是真的爽，但是在每次爽之前，你得堵不少马桶，先生。,4425,https://www.acfun.cn/v/ac48859506,https://tx-free-imgs.acfun.cn/newUpload/934542_5d98ad80ca9c4307b5cdc2051c11cb50.jpeg?imageslim,AcFun,周榜,week,hotlist,,2026-09-25 17:25:17
2,【写真】ol穿搭,,10619,https://www.acfun.cn/v/ac48856919,https://tx-free-imgs.acfun.cn/newUpload/3540234_86355333f0d94a46842be6ec42cca369.jpg?imageslim,AcFun,周榜,week,hotlist,,2026-09-25 17:25:17
3,跳最开心的一集,,3963,https://www.acfun.cn/v/ac48860571,https://tx-free-imgs.acfun.cn/newUpload/50330447_79a3f269514140c29e7a85fb7c9dc94c.jpg?imageslim,AcFun,周榜,week,hotlist,,2026-09-25 17:25:17
4,是谁点的小恶魔，蕉出来～,,5845,https://www.acfun.cn/v/ac48867778,https://tx-free-imgs.acfun.cn/newUpload/17062172_6098fee67d1748e0ab5dab3b5665736c.jpg?imageslim,AcFun,周榜,week,hotlist,,2026-09-25 17:25:17
5,喜欢哪套？,,6724,https://www.acfun.cn/v/ac48861422,https://tx-free-imgs.acfun.cn/newUpload/3540234_729e0d22251f439da3735f26e58d174f.jpg?imageslim,AcFun,周榜,week,hotlist,,2026-09-25 17:25:17
6,过期JK碎碎念！,家人们记得蕉一蕉捏 啾咪,5847,https://www.acfun.cn/v/ac48859219,https://tx-free-imgs.acfun.cn/newUpload/17062172_5dd6ea8b5f2741ff87f0911db6dfb909.jpg?imageslim,AcFun,周榜,week,hotlist,,2026-09-25 17:25:17
7,人间琴悠扬，姑娘把谁记心上～,,2714,https://www.acfun.cn/v/ac48863143,https://tx-free-imgs.acfun.cn/newUpload/50330447_938d77716a11477e843914663278ff07.jpg?imageslim,AcFun,周榜,week,hotlist,,2026-09-25 17:25:17
8,开学对各省舍友的刻板印象,,4215,https://www.acfun.cn/v/ac48857410,https://tx-free-imgs.acfun.cn/newUpload/13114172_24dabc4c47ec46458d7cdfcc1cd2ee88.jpeg?imageslim,AcFun,周榜,week,hotlist,,2026-09-25 17:25:17
9,《动物迷惑行为大赏325》,喜欢请投蕉啊 谢谢啦！,2626,https://www.acfun.cn/v/ac48861293,https://tx-free-imgs.acfun.cn/newUpload/1342385_03080470038d444a95ce01ff6a6aeb9f.jpeg?imageslim,AcFun,周榜,week,hotlist,,2026-09-25 17:25:17
10,《动物游戏行为图鉴》,喜欢请投蕉啊 谢谢啦！,2794,https://www.acfun.cn/v/ac48857450,https://tx-free-imgs.acfun.cn/newUpload/1342385_485bc20a4c164df2928409b209fa9afc.jpeg?imageslim,AcFun,周榜,week,hotlist,,2026-09-25 17:25:17
11,双马尾小女仆带来的情绪摇～,,3967,https://www.acfun.cn/v/ac48861966,https://tx-free-imgs.acfun.cn/newUpload/11361784_8cee0402b4754b1e82f85b7099791793.jpg?imageslim,AcFun,周榜,week,hotlist,,2026-09-25 17:25:17
12,帮Acer问一下，地址在哪里？欢乐八点档-1779,审核大大辛苦了！<br/>免费的香蕉投一下吧，没有那就点个赞吧，这对我来说很重要，谢谢！！！<br/>谢谢每一个投蕉的帅哥美女！你们是我坚持更新的动力！<br/>视频来自快手等平台，侵权联系删除！,4442,https://www.acfun.cn/v/ac48863633,https://tx-free-imgs.acfun.cn/newUpload/2176158_ff69c3c797d5414e8056b329918cc5b6.gif?imageslim,AcFun,周榜,week,hotlist,,2026-09-25 17:25:17
13,【绘图过程】《海边》6周年纪念插图过程,6周年纪念插图挂画（预售）、沙滩巾（预售），阿宝已上架,3315,https://www.acfun.cn/v/ac48836990,https://tx-free-imgs.acfun.cn/newUpload/179922_9f95aba039e84f3594c3947b3c8fdd58.jpeg?imageslim,AcFun,周榜,week,hotlist,,2026-09-25 17:25:17
14,《野生动物迷惑行为》,喜欢请投蕉啊   谢谢啦！,2807,https://www.acfun.cn/v/ac48868360,https://tx-free-imgs.acfun.cn/newUpload/1342385_3fab348c538e4c0fa001871a708fe302.jpeg?imageslim,AcFun,周榜,week,hotlist,,2026-09-25 17:25:17
15,还是少妇会的多啊！★手机竖屏2011★,审核大大辛苦了！<br/>谢谢每一个投蕉的帅哥美女！香蕉没有来个赞也好啊！<br/>视频来自快手等平台，侵权联系删除！,5133,https://www.acfun.cn/v/ac48864360,https://tx-free-imgs.acfun.cn/newUpload/2176158_3d4f199fd93640468e543b9ee25ac4c0.gif?imageslim,AcFun,周榜,week,hotlist,,2026-09-25 17:25:17
16,漫威金刚狼深陷争议！SweetBaby又毁一款？【绅批】,这算是DEI的历史遗留问题了，所有现在已经从sweetbaby离职的人，只要参与过游戏制作也会被署名（比如桥本和真）,2844,https://www.acfun.cn/v/ac48868810,https://tx-free-imgs.acfun.cn/newUpload/526850_ca1da1572b1d494a93e2f6bab46cf76b.jpeg?imageslim,AcFun,周榜,week,hotlist,,2026-09-25 17:25:17
17,我真的是来吃饭的！★手机竖屏2013★,审核大大辛苦了！<br/>谢谢每一个投蕉的帅哥美女！香蕉没有来个赞也好啊！<br/>视频来自快手等平台，侵权联系删除！,3709,https://www.acfun.cn/v/ac48869145,https://tx-free-imgs.acfun.cn/newUpload/2176158_eb4b69370b8f435aa2b171e72403d356.gif?imageslim,AcFun,周榜,week,hotlist,,2026-09-25 17:25:17
18,钓鱼佬是真会享受！欢乐八点档-1777,审核大大辛苦了！<br/>免费的香蕉投一下吧，没有那就点个赞吧，这对我来说很重要，谢谢！！！<br/>谢谢每一个投蕉的帅哥美女！你们是我坚持更新的动力！<br/>视频来自快手等平台，侵权联系删除！,4596,https://www.acfun.cn/v/ac48858969,https://tx-free-imgs.acfun.cn/newUpload/2176158_c9d74d926c4c4d709a4b6b7769dffcca.gif?imageslim,AcFun,周榜,week,hotlist,,2026-09-25 17:25:17
19,一波还未平息一波又来侵袭！★手机竖屏2010★,审核大大辛苦了！<br/>谢谢每一个投蕉的帅哥美女！香蕉没有来个赞也好啊！<br/>视频来自快手等平台，侵权联系删除！,4742,https://www.acfun.cn/v/ac48862013,https://tx-free-imgs.acfun.cn/newUpload/2176158_c4802142afc14d50b2cd775e67890cca.gif?imageslim,AcFun,周榜,week,hotlist,,2026-09-25 17:25:17
20,网络上常见的热门短视频集锦   第三千四百三十八期,审核大大辛苦了！<br/>谢谢每一个投蕉的帅哥美女！香蕉没有来个赞也好啊！<br/>视频来自快手等平台，侵权联系删除！,4436,https://www.acfun.cn/v/ac48858394,https://tx-free-imgs.acfun.cn/newUpload/2176158_38174e72af934b9e86687045b01f0dd3.gif?imageslim,AcFun,周榜,week,hotlist,,2026-09-25 17:25:17
21,mr chu!!好怀念这首歌,,2073,https://www.acfun.cn/v/ac48869375,https://tx-free-imgs.acfun.cn/newUpload/16380981_19592eb83a88429695ee1a0508fc3df0.png?imageslim,AcFun,周榜,week,hotlist,,2026-09-25 17:25:17
22,因为害怕被讨厌 所以把自己藏起来了,,2791,https://www.acfun.cn/v/ac48871331,https://tx-free-imgs.acfun.cn/newUpload/11361784_3d4bd69b46f541e184c2922c24f09276.jpg?imageslim,AcFun,周榜,week,hotlist,,2026-09-25 17:25:17
23,魔兽无限服禁金团引爆社区！但原教旨主义玩家才是最抽象的？【绅批】,所谓“严厉处罚“”顶格也就是封号，会根据情况由短至长，当然能不能具体实行就是另一回事了,3082,https://www.acfun.cn/v/ac48857248,https://tx-free-imgs.acfun.cn/newUpload/526850_b63f9e2a1bd04c38ac3c61257e0b87dd.jpeg?imageslim,AcFun,周榜,week,hotlist,,2026-09-25 17:25:17
24,你们内外皆钢，而我们化身钢铁！【达奇】战锤40K故事内容,感谢下巴老师对视频内容的支持与完善,2137,https://www.acfun.cn/v/ac48856443,https://tx-free-imgs.acfun.cn/newUpload/346807_7f5f779958dd4d6986f60021118423da.jpeg?imageslim,AcFun,周榜,week,hotlist,,2026-09-25 17:25:17
25,还是少妇会啊！！！★手机竖屏2009★,审核大大辛苦了！<br/>谢谢每一个投蕉的帅哥美女！香蕉没有来个赞也好啊！<br/>视频来自快手等平台，侵权联系删除！,4876,https://www.acfun.cn/v/ac48859515,https://tx-free-imgs.acfun.cn/newUpload/2176158_d4e9e6e30f4446319f9e720adfe35ef9.gif?imageslim,AcFun,周榜,week,hotlist,,2026-09-25 17:25:17
26,【AC娘】琵琶曲,原作者：Kotte Animation<br/>还有瑕疵，看个乐吧,3122,https://www.acfun.cn/v/ac48864492,https://tx-free-imgs.acfun.cn/newUpload/41729435_02cbd995b6d54f508eb21d3cb8621903.jpeg?imageslim,AcFun,周榜,week,hotlist,,2026-09-25 17:25:17
27,25年了，回坊天花板小酥肉，还是那个味儿,记忆中的味道，回来了，都回来了……<br/>一口椒麻一口鲜，大口吃肉，配上热腾腾的米饭，绝了。<br/>素三鲜也是无敌的存在！,2525,https://www.acfun.cn/v/ac48865538,https://tx-free-imgs.acfun.cn/newUpload/13765438_9bc4a0abf32a4c1aa3e83c844de84649.jpeg?imageslim,AcFun,周榜,week,hotlist,,2026-09-25 17:25:17
28,海洋公园一定要去啊！欢乐八点档-1776,审核大大辛苦了！<br/>免费的香蕉投一下吧，没有那就点个赞吧，这对我来说很重要，谢谢！！！<br/>谢谢每一个投蕉的帅哥美女！你们是我坚持更新的动力！<br/>视频来自快手等平台，侵权联系删除！,4479,https://www.acfun.cn/v/ac48856824,https://tx-free-imgs.acfun.cn/newUpload/2176158_3406d07fb97f486893aedb108728c2ec.gif?imageslim,AcFun,周榜,week,hotlist,,2026-09-25 17:25:17
29,拳击好啊，拳击得学！欢乐八点档-1781,审核大大辛苦了！<br/>免费的香蕉投一下吧，没有那就点个赞吧，这对我来说很重要，谢谢！！！<br/>谢谢每一个投蕉的帅哥美女！你们是我坚持更新的动力！<br/>视频来自快手等平台，侵权联系删除！,4043,https://www.acfun.cn/v/ac48868336,https://tx-free-imgs.acfun.cn/newUpload/2176158_3f6c601293a54468bae97f781440217b.gif?imageslim,AcFun,周榜,week,hotlist,,2026-09-25 17:25:17
30,你的拳头真是肥嘟嘟的...,动漫：心灵的声音，作者：赵石【韩国】,2178,https://www.acfun.cn/v/ac48859870,https://tx-free-imgs.acfun.cn/newUpload/509259_2fa91d5206504450be471808d9c93a22.jpeg?imageslim,AcFun,周榜,week,hotlist,,2026-09-25 17:25:17
31,北京豆汁会惩罚每一个好奇的人！欢乐八点档-1780,审核大大辛苦了！<br/>免费的香蕉投一下吧，没有那就点个赞吧，这对我来说很重要，谢谢！！！<br/>谢谢每一个投蕉的帅哥美女！你们是我坚持更新的动力！<br/>视频来自快手等平台，侵权联系删除！,4411,https://www.acfun.cn/v/ac48865965,https://tx-free-imgs.acfun.cn/newUpload/2176158_ec83e6fb2ffc4005b41881ac13dbaeca.gif?imageslim,AcFun,周榜,week,hotlist,,2026-09-25 17:25:17
32,这个一字马技术含量很高啊！欢乐八点档-1778,审核大大辛苦了！<br/>免费的香蕉投一下吧，没有那就点个赞吧，这对我来说很重要，谢谢！！！<br/>谢谢每一个投蕉的帅哥美女！你们是我坚持更新的动力！<br/>视频来自快手等平台，侵权联系删除！,4367,https://www.acfun.cn/v/ac48861225,https://tx-free-imgs.acfun.cn/newUpload/2176158_0824627cb76d40dc99ce9cb12c07e4cc.gif?imageslim,AcFun,周榜,week,hotlist,,2026-09-25 17:25:17
33,网络上常见的热门短视频集锦   第三千四百四十五期,审核大大辛苦了！<br/>谢谢每一个投蕉的帅哥美女！香蕉没有来个赞也好啊！<br/>视频来自快手等平台，侵权联系删除！,3865,https://www.acfun.cn/v/ac48866824,https://tx-free-imgs.acfun.cn/newUpload/2176158_dba921eb42f14c7ba31a1af83bfe71ce.gif?imageslim,AcFun,周榜,week,hotlist,,2026-09-25 17:25:17
34,网络上常见的热门短视频集锦   第三千四百四十一期,审核大大辛苦了！<br/>谢谢每一个投蕉的帅哥美女！香蕉没有来个赞也好啊！<br/>视频来自快手等平台，侵权联系删除！,4170,https://www.acfun.cn/v/ac48862019,https://tx-free-imgs.acfun.cn/newUpload/2176158_6e5a88d95f344d92a8d97a57f03ac4b9.gif?imageslim,AcFun,周榜,week,hotlist,,2026-09-25 17:25:17
35,琵琶曲丨夜神月 VS  L,原曲：琵琶曲,2230,https://www.acfun.cn/v/ac48861693,https://tx-free-imgs.acfun.cn/newUpload/16986934_3bf4dd94910c4845acf851f7f0fdb757.jpeg?imageslim,AcFun,周榜,week,hotlist,,2026-09-25 17:25:17
36,空中瑜伽！！！★手机竖屏2012★,审核大大辛苦了！<br/>谢谢每一个投蕉的帅哥美女！香蕉没有来个赞也好啊！<br/>视频来自快手等平台，侵权联系删除！,4356,https://www.acfun.cn/v/ac48866821,https://tx-free-imgs.acfun.cn/newUpload/2176158_610807af48f5463a891fc9f341c9b16f.gif?imageslim,AcFun,周榜,week,hotlist,,2026-09-25 17:25:17
37,这样的学姐喜欢吗？欢乐八点档-1782,审核大大辛苦了！<br/>免费的香蕉投一下吧，没有那就点个赞吧，这对我来说很重要，谢谢！！！<br/>谢谢每一个投蕉的帅哥美女！你们是我坚持更新的动力！<br/>视频来自快手等平台，侵权联系删除！,3249,https://www.acfun.cn/v/ac48870057,https://tx-free-imgs.acfun.cn/newUpload/2176158_4c1f3b60f73e451abc443941d47305d8.gif?imageslim,AcFun,周榜,week,hotlist,,2026-09-25 17:25:17
38,厨师长教你：“鱼香肉丝”的家常做法，酸甜微辣，口感丰富,,2016,https://www.acfun.cn/v/ac48867741,https://tx-free-imgs.acfun.cn/newUpload/13274260_93e68d1098d04ffca2683655a6a404c2.jpeg?imageslim,AcFun,周榜,week,hotlist,,2026-09-25 17:25:17
39,网络上常见的热门短视频集锦   第三千四百三十九期,审核大大辛苦了！<br/>谢谢每一个投蕉的帅哥美女！香蕉没有来个赞也好啊！<br/>视频来自快手等平台，侵权联系删除！,4030,https://www.acfun.cn/v/ac48859518,https://tx-free-imgs.acfun.cn/newUpload/2176158_13f61f1aa39c4732bdaeed87fe0e28a4.gif?imageslim,AcFun,周榜,week,hotlist,,2026-09-25 17:25:17
40,娃：真遗憾，本来打算亲自告诉你们的,嘿嘿希望大家都万事顺意～心想事成,2170,https://www.acfun.cn/v/ac48871740,https://tx-free-imgs.acfun.cn/newUpload/17062172_d1a93166ed084e3aadac2fea4bba0707.jpg?imageslim,AcFun,周榜,week,hotlist,,2026-09-25 17:25:17
41,一天生产500万个！速冻水饺是如何制造出来的？,,2154,https://www.acfun.cn/v/ac48859253,https://tx-free-imgs.acfun.cn/newUpload/19281632_57f07fe28e24422d948491fd2d43586c.jpeg?imageslim,AcFun,周榜,week,hotlist,,2026-09-25 17:25:17
42,今天你不能嫁出去【今天有什么好笑的 #2514】,：)，谢谢大家，祝你们开心。<br/>wallpaper壁纸：Fading Astronaut 5K (update)<br/>BGM：I Want It That Way,2860,https://www.acfun.cn/v/ac48865864,https://tx-free-imgs.acfun.cn/newUpload/383079_ee4f5f7badf74f05a2ef6c691387f327.gif?imageslim,AcFun,周榜,week,hotlist,,2026-09-25 17:25:17
43,单纯的约会（92）,,1814,https://www.acfun.cn/v/ac48857199,https://tx-free-imgs.acfun.cn/newUpload/74706824_a3a60d77e6934225b168686e44216c4b.png?imageslim,AcFun,周榜,week,hotlist,,2026-09-25 17:25:17
44,【东方】推特东方小视频选集 第272期,睡觉睡觉睡觉睡觉睡觉睡觉睡觉睡觉睡觉睡觉……,1394,https://www.acfun.cn/v/ac48858830,https://tx-free-imgs.acfun.cn/newUpload/6102_5a13d6efeec742ff84c512206aaeb7b0.jpeg?imageslim,AcFun,周榜,week,hotlist,,2026-09-25 17:25:17
45,甜妹来袭！,,2158,https://www.acfun.cn/v/ac48863947,https://tx-free-imgs.acfun.cn/newUpload/12439728_1fd5a3c6e60241a1a1cd8f89dbede769.png?imageslim,AcFun,周榜,week,hotlist,,2026-09-25 17:25:17
46,网络上常见的热门短视频集锦   第三千四百四十三期,审核大大辛苦了！<br/>谢谢每一个投蕉的帅哥美女！香蕉没有来个赞也好啊！<br/>视频来自快手等平台，侵权联系删除！,3600,https://www.acfun.cn/v/ac48864363,https://tx-free-imgs.acfun.cn/newUpload/2176158_dfef22dbf6934a15a594e5766b8680ca.gif?imageslim,AcFun,周榜,week,hotlist,,2026-09-25 17:25:17
47,嘞个就是爱情【今天有什么好笑的 #2512】,：），谢谢大家的投蕉和点赞，祝你开心愉快~<br/>wallpaper壁纸：lamp<br/>BGM：What a Feeling,2441,https://www.acfun.cn/v/ac48860992,https://tx-free-imgs.acfun.cn/newUpload/383079_172d192fee55441c96b7352f61e0a25f.gif?imageslim,AcFun,周榜,week,hotlist,,2026-09-25 17:25:17
48,网络上常见的热门短视频集锦   第三千四百四十四期,审核大大辛苦了！<br/>谢谢每一个投蕉的帅哥美女！香蕉没有来个赞也好啊！<br/>视频来自快手等平台，侵权联系删除！,3519,https://www.acfun.cn/v/ac48865021,https://tx-free-imgs.acfun.cn/newUpload/2176158_663463f1e6004dc2b4dea153d1e60c05.gif?imageslim,AcFun,周榜,week,hotlist,,2026-09-25 17:25:17
49,网络上常见的热门短视频集锦   第三千四百三十七期,审核大大辛苦了！<br/>谢谢每一个投蕉的帅哥美女！香蕉没有来个赞也好啊！<br/>视频来自快手等平台，侵权联系删除！,3667,https://www.acfun.cn/v/ac48857544,https://tx-free-imgs.acfun.cn/newUpload/2176158_65f1d403dce7484b8d62b6f272bdbe31.gif?imageslim,AcFun,周榜,week,hotlist,,2026-09-25 17:25:17
50,嘴角压不住了【今天有什么好笑的 #2515】,：），谢谢大家的投蕉和点赞，祝你开心愉快~<br/>wallpaper壁纸：Genshin 神里绫华<br/>BGM：Wake me up when september ends,2369,https://www.acfun.cn/v/ac48868130,https://tx-free-imgs.acfun.cn/newUpload/383079_ef65121591434d2b86d53db1622776cd.gif?imageslim,AcFun,周榜,week,hotlist,,2026-09-25 17:25:17
1,因为害怕被讨厌 所以把自己藏起来了,,2868,https://www.acfun.cn/v/ac48871331,https://tx-free-imgs.acfun.cn/newUpload/11361784_3d4bd69b46f541e184c2922c24f09276.jpg?imageslim,AcFun,日榜,day,hotlist,,2026-09-25 18:22:29
2,娃：真遗憾，本来打算亲自告诉你们的,嘿嘿希望大家都万事顺意～心想事成,2462,https://www.acfun.cn/v/ac48871740,https://tx-free-imgs.acfun.cn/newUpload/17062172_d1a93166ed084e3aadac2fea4bba0707.jpg?imageslim,AcFun,日榜,day,hotlist,,2026-09-25 18:22:29
3,这样的学姐喜欢吗？欢乐八点档-1782,审核大大辛苦了！<br/>免费的香蕉投一下吧，没有那就点个赞吧，这对我来说很重要，谢谢！！！<br/>谢谢每一个投蕉的帅哥美女！你们是我坚持更新的动力！<br/>视频来自快手等平台，侵权联系删除！,3357,https://www.acfun.cn/v/ac48870057,https://tx-free-imgs.acfun.cn/newUpload/2176158_4c1f3b60f73e451abc443941d47305d8.gif?imageslim,AcFun,日榜,day,hotlist,,2026-09-25 18:22:29
4,裸足圆脸仙女下凡～跳一曲千里邀月【可心喵】,,1323,https://www.acfun.cn/v/ac48872448,https://tx-free-imgs.acfun.cn/newUpload/12892608_6691690fd8e944278bda5d5390e1e5a9.jpg?imageslim,AcFun,日榜,day,hotlist,,2026-09-25 18:22:29
5,在英国差点被上门诈骗,可能看到我一人在家，就大胆敲门了，还好平常也会注意周边邻居，没发生什么事儿，这个金额就算被骗也不会报警，以后还是要小心一些了。#英国日常#vlog,1580,https://www.acfun.cn/v/ac48869505,https://tx-free-imgs.acfun.cn/newUpload/43181603_1c8c6c487a864d098b5e7e7bf2a12c6a.jpg?imageslim,AcFun,日榜,day,hotlist,,2026-09-25 18:22:29
6,拜托了，夫人！★手机竖屏2014★,审核大大辛苦了！<br/>谢谢每一个投蕉的帅哥美女！香蕉没有来个赞也好啊！<br/>视频来自快手等平台，侵权联系删除！,2026,https://www.acfun.cn/v/ac48871493,https://tx-free-imgs.acfun.cn/newUpload/2176158_afaf0913878443b1bc00d636136ffce3.gif?imageslim,AcFun,日榜,day,hotlist,,2026-09-25 18:22:29
7,【锅锅x怀瑜x阔落】千里邀月——共饮此杯赏此月，夜好眠,中秋到了，和姐妹们合唱了千里邀月~~<br/>乐：可乐祝大家身体健康，永不加班，月圆人团圆<br/>鱼：怀瑜愿诸位财源广进，常能摸鱼，花好月更圆<br/>锅：锅锅祝大家桂香满锅，早归赏月，饼甜心更甜<br/>祝大家中秋快乐~,1401,https://www.acfun.cn/v/ac48871580,https://tx-free-imgs.acfun.cn/newUpload/67206930_e47be8dbac2546e1b5a4a831e71dabe4.jpeg?imageslim,AcFun,日榜,day,hotlist,,2026-09-25 18:22:29
8,这套皮肤真的很喜欢,,1322,https://www.acfun.cn/v/ac48871657,https://tx-free-imgs.acfun.cn/newUpload/16380981_ac9640e59a3a42e093fcee0a0b81d474.jpg?imageslim,AcFun,日榜,day,hotlist,,2026-09-25 18:22:29
9,【东方】QUEEN【蕾米莉亚 Miy Ver. MMD】,作者：やくも<br/><br/>楽曲:Kanaria 様→https://www.nicovideo.jp/watch/sm4088...<br/>振付:AKIRA様<br/>モーション:P-nez 様→https://www.nicovideo.jp/watch/sm4350...<br/>カメラ:Mizuha様→https://www.nicovideo.jp/watch/sm4353...<br/>モデル:MIy様<br/>ステージ:栗ごはん様<br/>アクセサリ:アスカ様,1191,https://www.acfun.cn/v/ac48870080,https://tx-free-imgs.acfun.cn/newUpload/6102_6a4dce20c9b74fa0bbdff3ccc0a73c5d.png?imageslim,AcFun,日榜,day,hotlist,,2026-09-25 18:22:29
10,网络上常见的热门短视频集锦   第三千四百四十九期,审核大大辛苦了！<br/>谢谢每一个投蕉的帅哥美女！香蕉没有来个赞也好啊！<br/>视频来自快手等平台，侵权联系删除！,1546,https://www.acfun.cn/v/ac48871496,https://tx-free-imgs.acfun.cn/newUpload/2176158_cf20f7722011491da25ce2efbc799dba.gif?imageslim,AcFun,日榜,day,hotlist,,2026-09-25 18:22:29
11,"长手打短手？2万分王者局！快速看完一局韩服王者斗殴局#836 十三day, Eclipse,","长手打短手？2万分王者局！快速看完一局韩服王者斗殴局#836 十三day, Eclipse, 0909, Lelitz, 1Jiang <br/>BGM:https://music.163.com/playlist?id=650818240&userid=30476594",1463,https://www.acfun.cn/v/ac48863751,https://tx-free-imgs.acfun.cn/newUpload/1378726_792b017ff72e4ed49b05fe8e1e24f6e4.jpeg?imageslim,AcFun,日榜,day,hotlist,,2026-09-25 18:22:29
12,网络上常见的热门短视频集锦   第三千四百五十期,审核大大辛苦了！<br/>谢谢每一个投蕉的帅哥美女！香蕉没有来个赞也好啊！<br/>视频来自快手等平台，侵权联系删除！,1242,https://www.acfun.cn/v/ac48872279,https://tx-free-imgs.acfun.cn/newUpload/2176158_a96ecd95394b4517928ac111407f75b1.gif?imageslim,AcFun,日榜,day,hotlist,,2026-09-25 18:22:29
13,少女机甲+空投轰炸？是什么神仙组合？,到底是一款什么样的机甲游戏，上线快3年还保持着特别好评？虽然是机甲美少女的设定，但是操作的是厚重质感的硬核机甲，这种硬核操作的感觉让人越玩越上头，今天来跟大家聊聊这款游戏《铁骑少女》。<br/>最近我一直期待的第三个DLC金盏花也是要上线了，这次DLC的核心新玩法，就是机甲“搜打撤”的模式。和本体死守基地的玩法不一样，这次整体的游玩思路都变了~,1226,https://www.acfun.cn/v/ac48871337,https://tx-free-imgs.acfun.cn/newUpload/61352468_77bf0ab03cd34fefa1d5530aca003edb.jpeg?imageslim,AcFun,日榜,day,hotlist,,2026-09-25 18:22:29
14,好像只能礼貌的问候~,,1268,https://www.acfun.cn/v/ac48871365,https://tx-free-imgs.acfun.cn/newUpload/43459034_4572f98756df48b0bc9c323cdc49a8d2.jpg?imageslim,AcFun,日榜,day,hotlist,,2026-09-25 18:22:29
15,望眼欲穿【今天有什么好笑的 #2517】,：），谢谢大家的投蕉和点赞，祝你开心愉快~<br/>Wallpaper壁纸：雪山与女孩<br/>Bgm：あのね。,1085,https://www.acfun.cn/v/ac48872647,https://tx-free-imgs.acfun.cn/newUpload/383079_40beb913fd1a44d3afa053553d53b466.gif?imageslim,AcFun,日榜,day,hotlist,,2026-09-25 18:22:29
16,【绝望女神/翻唱】【星际牛仔ED The Real Folk Blues】,想听啥情继续评论回复~,1046,https://www.acfun.cn/v/ac48871323,https://tx-free-imgs.acfun.cn/newUpload/20705199_0be8deafcbb34bdb9f17523c5bc95087.jpeg?imageslim,AcFun,日榜,day,hotlist,,2026-09-25 18:22:29
17,记录2023年6月份在台上开心的表演lamb的我,,1221,https://www.acfun.cn/v/ac48871344,https://tx-free-imgs.acfun.cn/newUpload/16380981_00755d93042647bcb6f29a19da53e590.png?imageslim,AcFun,日榜,day,hotlist,,2026-09-25 18:22:29
18,【黒碳】ライトダンス - サカナクション【生日作】【翻唱】,本家:サカナクション ; 翻唱: 黒碳Kurotan; 后期: 黒碳Kurotan; 曲绘: 黒碳Kurotan; PV: 黒碳Kurotan以及十分牛杯的網站：https://pv.pixjam.cn/ 背景是用這個做的!! 狠狠趕工終於做完了 好感動,1134,https://www.acfun.cn/v/ac48869560,https://tx-free-imgs.acfun.cn/newUpload/13707663_f611642aa87b4dab9a8d8a6beb7ace77.jpeg?imageslim,AcFun,日榜,day,hotlist,,2026-09-25 18:22:29
19,【颜音】中秋歌回~祝大家节日快乐,皓月凌空，桂香满庭。<br/>愿今夜歌声暖心，祝各位中秋快乐，阖家美满！,1287,https://www.acfun.cn/v/ac48872065,https://tx-free-imgs.acfun.cn/newUpload/4425861_3dab8cdf19a74bf6accbdcd688cd9b6a.jpeg?imageslim,AcFun,日榜,day,hotlist,,2026-09-25 18:22:29
20,吃！给我吃！【鬼ノ宴翻唱】,,1112,https://www.acfun.cn/v/ac48871186,https://tx-free-imgs.acfun.cn/newUpload/10144864_ee78f4d0678d414f9ce18c29231cf17a.jpeg?imageslim,AcFun,日榜,day,hotlist,,2026-09-25 18:22:29
21,卓哥儿那可是专业杰哥，人群之中七进七出不成问题！,自定义也发？,1404,https://www.acfun.cn/v/ac48871816,https://tx-free-imgs.acfun.cn/newUpload/581357_d49b41a0e554440db6952de719b3f832.jpeg?imageslim,AcFun,日榜,day,hotlist,,2026-09-25 18:22:29
22,【翻唱】鬼ノ宴,本家様<br/>友成空様<br/>【鬼ノ宴】<br/>•友成空(TOMONARI SORA) -   鬼ノ宴   ［Lyric Video］<br/>https://www.youtube.com/watch?v=NFzyrPK9rtM,1074,https://www.acfun.cn/v/ac48871180,https://tx-free-imgs.acfun.cn/newUpload/10144864_a75eddb97ea048b59fef6aaea5d4478f.jpeg?imageslim,AcFun,日榜,day,hotlist,,2026-09-25 18:22:29
23,下班后跳一段恋爱的条件～,,1130,https://www.acfun.cn/v/ac48871308,https://tx-free-imgs.acfun.cn/newUpload/43459034_9aa96c2a93884a3891b73b05298d8521.jpg?imageslim,AcFun,日榜,day,hotlist,,2026-09-25 18:22:29
24,新肤色超辣！,,1053,https://www.acfun.cn/v/ac48863964,https://tx-free-imgs.acfun.cn/newUpload/12439728_70c7284ba2724c048fb5266f61c33e34.png?imageslim,AcFun,日榜,day,hotlist,,2026-09-25 18:22:29
25,BR66型蒸汽机车 trix越来越垃圾了！尤其是垃圾会员车，一个比一个烂！这一次终于拉了一坨更大的！,,929,https://www.acfun.cn/v/ac48871197,https://tx-free-imgs.acfun.cn/newUpload/66128753_8563c2ab24aa4a2289e52500bc42f1f1.png?imageslim,AcFun,日榜,day,hotlist,,2026-09-25 18:22:29
26,绿梦：时空之声公测定档！公测版本全面优化！,绿梦：时空之声公测定档！公测版本全面优化！,1322,https://www.acfun.cn/v/ac48871268,https://tx-free-imgs.acfun.cn/newUpload/63104383_33b9de6d951a4ca0b5a7b9dfc2fc748e.gif?imageslim,AcFun,日榜,day,hotlist,,2026-09-25 18:22:29
27,空姐OL~第57次取消发送,中秋节快乐,1035,https://www.acfun.cn/v/ac48872674,https://tx-free-imgs.acfun.cn/newUpload/14539629_46621bdc88a44c63be63172c5ba6cb6a.jpeg?imageslim,AcFun,日榜,day,hotlist,,2026-09-25 18:22:29
28,【牛子组合】凉凉,世事一场大梦，人生几度秋凉，祝大家26年中秋快乐,1073,https://www.acfun.cn/v/ac48870493,https://tx-free-imgs.acfun.cn/newUpload/358616_22f2cb85fdca497ab5cd556c984493d6.png?imageslim,AcFun,日榜,day,hotlist,,2026-09-25 18:22:29
29,22.称霸水下四亿年，人类最古老的远房祖先：硬骨鱼总纲,22.称霸水下四亿年，人类最古老的远房祖先：硬骨鱼总纲,1078,https://www.acfun.cn/v/ac48871354,https://tx-free-imgs.acfun.cn/newUpload/28933912_40dcb39f039045868ae364582e4a1797.jpeg?imageslim,AcFun,日榜,day,hotlist,,2026-09-25 18:22:29
30,【柯基】《金风玉露》～～～晚风啊～～～,,958,https://www.acfun.cn/v/ac48872627,https://tx-free-imgs.acfun.cn/newUpload/29493245_88171143b6bd4aa6885743ffe64d6584.png?imageslim,AcFun,日榜,day,hotlist,,2026-09-25 18:22:29
31,另一版,之前还拍了一版，但是感觉镜头太晃了,1051,https://www.acfun.cn/v/ac48871588,https://tx-free-imgs.acfun.cn/newUpload/12954767_f420f9f6197c43d4bb14421c32d81bbb.png?imageslim,AcFun,日榜,day,hotlist,,2026-09-25 18:22:29
32,这新番要不是霸权！我家狗都不信啊！十月最无悬念的提前吹爆！,这新番要不是霸权！我家狗都不信啊！十月最无悬念的提前吹爆！,1153,https://www.acfun.cn/v/ac48871615,https://tx-free-imgs.acfun.cn/newUpload/13467496_654fcc0446324342b35eef2b72d45df4.jpeg?imageslim,AcFun,日榜,day,hotlist,,2026-09-25 18:22:29
33,T-ara Bo Peep Bo Peep,,1228,https://www.acfun.cn/v/ac48869397,https://tx-free-imgs.acfun.cn/newUpload/795184_1876bec3bc5d43d6b42da8060c06a34a.jpeg?imageslim,AcFun,日榜,day,hotlist,,2026-09-25 18:22:29
34,艺术欣赏,,1288,https://www.acfun.cn/v/ac48871987,https://tx-free-imgs.acfun.cn/newUpload/2742252_cb96fa8c85b847afb6618ecf730b5f70.jpg?imageslim,AcFun,日榜,day,hotlist,,2026-09-25 18:22:29
35,我终于明白什么都不缺的含金量！,,671,https://www.acfun.cn/v/ac48872781,https://tx-free-imgs.acfun.cn/newUpload/6177430_06f5f9b03edd4f73a3dfeba4cf78db16.jpeg?imageslim,AcFun,日榜,day,hotlist,,2026-09-25 18:22:29
36,白井黑子·佐天泪子 中秋月色双人手势舞【AI动画/超清】,本人本地部署的AI生成图片视频模型制作，硬件英伟达显卡RTX5070TI 16G+96G DDR5 6000内存，花费2小时合成.<br/>这次引入新的二次元动漫人物模型，二次元脸部质量效果会更好些，同时步数可以适当降低，降本增效。引入后期处理工具修复强化背景<br/><br/>人物：佐天泪子 白井黑子<br/>舞蹈技术与BGM：网红手势舞<br/>场景：中秋月色,1083,https://www.acfun.cn/v/ac48871101,https://tx-free-imgs.acfun.cn/newUpload/46764084_397c08849b344139b09a46fb71f814b3.png?imageslim,AcFun,日榜,day,hotlist,,2026-09-25 18:22:29
37,【绘画过程】9月保底《金秋》,大家中秋快乐！<br/>本月的保底是百贴布~ 某宝同步预售。,1094,https://www.acfun.cn/v/ac48872808,https://tx-free-imgs.acfun.cn/newUpload/179922_630934cb2f3245e5a4a4020570f61eca.png?imageslim,AcFun,日榜,day,hotlist,,2026-09-25 18:22:29
38,这造型要搞什么事,,639,https://www.acfun.cn/v/ac48871564,https://tx-free-imgs.acfun.cn/newUpload/23537620_b339cff7367d45adae4b27713593b806.png?imageslim,AcFun,日榜,day,hotlist,,2026-09-25 18:22:29
39,社畜身份不是你精致生活的角色扮演,,1021,https://www.acfun.cn/v/ac48871467,https://tx-free-imgs.acfun.cn/newUpload/14013875_ec82a37907ff4565a6f6f6d916bd7117.png?imageslim,AcFun,日榜,day,hotlist,,2026-09-25 18:22:29
40,小兔-20260923 abracadabra 上下 恋爱的条件 成人礼 晚安吻,,1144,https://www.acfun.cn/v/ac48870476,https://tx-free-imgs.acfun.cn/newUpload/78055394_4dcf7a6688cb4a1994bd96389cc84b38.jpeg?imageslim,AcFun,日榜,day,hotlist,,2026-09-25 18:22:29
41,低腰牛仔裤,,1125,https://www.acfun.cn/v/ac48872338,https://tx-free-imgs.acfun.cn/newUpload/24775015_326be0e2724c4efea103cec5d8dc110a.png?imageslim,AcFun,日榜,day,hotlist,,2026-09-25 18:22:29
42,【官方双语】存储价格飞涨  蓝光会是那个意想不到的解决方案吗?#linus谈科技,,1030,https://www.acfun.cn/v/ac48872033,https://tx-free-imgs.acfun.cn/newUpload/1630166_48020992cf374f349c36bc0d54f08d91.jpeg?imageslim,AcFun,日榜,day,hotlist,,2026-09-25 18:22:29
43,塞巴斯蒂安·埃尔南德斯 vs 亀田京之介,塞巴斯蒂安·埃尔南德斯 vs 亀田京之介,1041,https://www.acfun.cn/v/ac48871133,https://tx-free-imgs.acfun.cn/newUpload/61107438_67e40508d9a74840841c26da02695801.png?imageslim,AcFun,日榜,day,hotlist,,2026-09-25 18:22:29
44,“狐蝠”亡命天涯半世纪,,1375,https://www.acfun.cn/v/ac48871667,https://tx-free-imgs.acfun.cn/newUpload/3592774_514c8455f636400c949adc88c25d0e83.jpeg?imageslim,AcFun,日榜,day,hotlist,,2026-09-25 18:22:29
45,桢-20260923 abracadabra,,1116,https://www.acfun.cn/v/ac48870552,https://tx-free-imgs.acfun.cn/newUpload/78055394_f7c161e6bccd480f9b8a372dd55c3678.jpeg?imageslim,AcFun,日榜,day,hotlist,,2026-09-25 18:22:29
46,［热血编年史/精灵篇06］二分钟精华版［年费系列］ 混沌·圣尊天玄 是原形态觉醒补强,混沌·圣尊天玄,148,https://www.acfun.cn/v/ac48872435,https://tx-free-imgs.acfun.cn/newUpload/77016698_ce8e9b43406e489f8e5237d57655d6f3.png?imageslim,AcFun,日榜,day,hotlist,,2026-09-25 18:22:29
47,绝顶性感黑丝【DazzlingRed】舞蹈翻跳,,1172,https://www.acfun.cn/v/ac48871722,https://tx-free-imgs.acfun.cn/newUpload/28629507_651036189fde4ffabea2957b7a006984.png?imageslim,AcFun,日榜,day,hotlist,,2026-09-25 18:22:29
48,「JOJO的奇妙冒险 飙马野郎」第2话,,1324,https://www.acfun.cn/v/ac48872740,https://tx-free-imgs.acfun.cn/newUpload/72840608_8177e8338653484d82c88c1363a737f4.png?imageslim,AcFun,日榜,day,hotlist,,2026-09-25 18:22:29
49,拼凑的断音,动作有做方向上的一些改动等<br/>歌曲：拼凑的断音-（舞蹈：あおい aoi とみたけ tomitake）,253,https://www.acfun.cn/v/ac48871758,https://tx-free-imgs.acfun.cn/newUpload/12229455_ccda2f5ac69244d1aa813dc04c9a63d5.jpeg?imageslim,AcFun,日榜,day,hotlist,,2026-09-25 18:22:29
50,［手风琴］延边人民热爱毛主席,没谱子，即兴伴奏、、、,639,https://www.acfun.cn/v/ac48871511,https://tx-free-imgs.acfun.cn/newUpload/77440310_6dde877c0ab4426a89d11440189ba14c.png?imageslim,AcFun,日榜,day,hotlist,,2026-09-25 18:22:29
1,是谁点的小恶魔，蕉出来～,,5893,https://www.acfun.cn/v/ac48867778,https://tx-free-imgs.acfun.cn/newUpload/17062172_6098fee67d1748e0ab5dab3b5665736c.jpg?imageslim,AcFun,三日榜,three-days,hotlist,,2026-09-25 18:22:29
2,《野生动物迷惑行为》,喜欢请投蕉啊   谢谢啦！,2815,https://www.acfun.cn/v/ac48868360,https://tx-free-imgs.acfun.cn/newUpload/1342385_3fab348c538e4c0fa001871a708fe302.jpeg?imageslim,AcFun,三日榜,three-days,hotlist,,2026-09-25 18:22:29
3,漫威金刚狼深陷争议！SweetBaby又毁一款？【绅批】,这算是DEI的历史遗留问题了，所有现在已经从sweetbaby离职的人，只要参与过游戏制作也会被署名（比如桥本和真）,2855,https://www.acfun.cn/v/ac48868810,https://tx-free-imgs.acfun.cn/newUpload/526850_ca1da1572b1d494a93e2f6bab46cf76b.jpeg?imageslim,AcFun,三日榜,three-days,hotlist,,2026-09-25 18:22:29
4,我真的是来吃饭的！★手机竖屏2013★,审核大大辛苦了！<br/>谢谢每一个投蕉的帅哥美女！香蕉没有来个赞也好啊！<br/>视频来自快手等平台，侵权联系删除！,3717,https://www.acfun.cn/v/ac48869145,https://tx-free-imgs.acfun.cn/newUpload/2176158_eb4b69370b8f435aa2b171e72403d356.gif?imageslim,AcFun,三日榜,three-days,hotlist,,2026-09-25 18:22:29
5,因为害怕被讨厌 所以把自己藏起来了,,2869,https://www.acfun.cn/v/ac48871331,https://tx-free-imgs.acfun.cn/newUpload/11361784_3d4bd69b46f541e184c2922c24f09276.jpg?imageslim,AcFun,三日榜,three-days,hotlist,,2026-09-25 18:22:29
6,mr chu!!好怀念这首歌,,2075,https://www.acfun.cn/v/ac48869375,https://tx-free-imgs.acfun.cn/newUpload/16380981_19592eb83a88429695ee1a0508fc3df0.png?imageslim,AcFun,三日榜,three-days,hotlist,,2026-09-25 18:22:29
7,娃：真遗憾，本来打算亲自告诉你们的,嘿嘿希望大家都万事顺意～心想事成,2462,https://www.acfun.cn/v/ac48871740,https://tx-free-imgs.acfun.cn/newUpload/17062172_d1a93166ed084e3aadac2fea4bba0707.jpg?imageslim,AcFun,三日榜,three-days,hotlist,,2026-09-25 18:22:29
8,拳击好啊，拳击得学！欢乐八点档-1781,审核大大辛苦了！<br/>免费的香蕉投一下吧，没有那就点个赞吧，这对我来说很重要，谢谢！！！<br/>谢谢每一个投蕉的帅哥美女！你们是我坚持更新的动力！<br/>视频来自快手等平台，侵权联系删除！,4057,https://www.acfun.cn/v/ac48868336,https://tx-free-imgs.acfun.cn/newUpload/2176158_3f6c601293a54468bae97f781440217b.gif?imageslim,AcFun,三日榜,three-days,hotlist,,2026-09-25 18:22:29
9,北京豆汁会惩罚每一个好奇的人！欢乐八点档-1780,审核大大辛苦了！<br/>免费的香蕉投一下吧，没有那就点个赞吧，这对我来说很重要，谢谢！！！<br/>谢谢每一个投蕉的帅哥美女！你们是我坚持更新的动力！<br/>视频来自快手等平台，侵权联系删除！,4424,https://www.acfun.cn/v/ac48865965,https://tx-free-imgs.acfun.cn/newUpload/2176158_ec83e6fb2ffc4005b41881ac13dbaeca.gif?imageslim,AcFun,三日榜,three-days,hotlist,,2026-09-25 18:22:29
10,网络上常见的热门短视频集锦   第三千四百四十五期,审核大大辛苦了！<br/>谢谢每一个投蕉的帅哥美女！香蕉没有来个赞也好啊！<br/>视频来自快手等平台，侵权联系删除！,3871,https://www.acfun.cn/v/ac48866824,https://tx-free-imgs.acfun.cn/newUpload/2176158_dba921eb42f14c7ba31a1af83bfe71ce.gif?imageslim,AcFun,三日榜,three-days,hotlist,,2026-09-25 18:22:29
11,这样的学姐喜欢吗？欢乐八点档-1782,审核大大辛苦了！<br/>免费的香蕉投一下吧，没有那就点个赞吧，这对我来说很重要，谢谢！！！<br/>谢谢每一个投蕉的帅哥美女！你们是我坚持更新的动力！<br/>视频来自快手等平台，侵权联系删除！,3357,https://www.acfun.cn/v/ac48870057,https://tx-free-imgs.acfun.cn/newUpload/2176158_4c1f3b60f73e451abc443941d47305d8.gif?imageslim,AcFun,三日榜,three-days,hotlist,,2026-09-25 18:22:29
12,空中瑜伽！！！★手机竖屏2012★,审核大大辛苦了！<br/>谢谢每一个投蕉的帅哥美女！香蕉没有来个赞也好啊！<br/>视频来自快手等平台，侵权联系删除！,4359,https://www.acfun.cn/v/ac48866821,https://tx-free-imgs.acfun.cn/newUpload/2176158_610807af48f5463a891fc9f341c9b16f.gif?imageslim,AcFun,三日榜,three-days,hotlist,,2026-09-25 18:22:29
13,厨师长教你：“鱼香肉丝”的家常做法，酸甜微辣，口感丰富,,2019,https://www.acfun.cn/v/ac48867741,https://tx-free-imgs.acfun.cn/newUpload/13274260_93e68d1098d04ffca2683655a6a404c2.jpeg?imageslim,AcFun,三日榜,three-days,hotlist,,2026-09-25 18:22:29
14,姛姛？！蝴蝶耳机Manget中文翻唱【箐羽Hane】x【缇若柯Teivoc】,“是否你确实表里如一淡然，还是说你——并不似我贪婪？”<br/>《Manget》磁石 / 蝴蝶耳机 - 中文翻唱<br/>原作作曲 / 流星P<br/>曲绘&翻唱 / 箐羽hane & 缇若柯Teivoc<br/>中文填词 / 果汁凉菜<br/>混音 / 风尘<br/>和笋笋一起唱了我们二次元姛神曲！曲绘也是我和笋笋每个人负责了自己的部分最后再拼到一起的！真好！( *^ ^)o(^ ^* )希望大家也能喜欢！,1570,https://www.acfun.cn/v/ac48869340,https://tx-free-imgs.acfun.cn/newUpload/67511609_d868cdbd6b1849e8958696cdc9db1493.jpeg?imageslim,AcFun,三日榜,three-days,hotlist,,2026-09-25 18:22:29
15,嘴角压不住了【今天有什么好笑的 #2515】,：），谢谢大家的投蕉和点赞，祝你开心愉快~<br/>wallpaper壁纸：Genshin 神里绫华<br/>BGM：Wake me up when september ends,2373,https://www.acfun.cn/v/ac48868130,https://tx-free-imgs.acfun.cn/newUpload/383079_ef65121591434d2b86d53db1622776cd.gif?imageslim,AcFun,三日榜,three-days,hotlist,,2026-09-25 18:22:29
16,现在电脑不好卖了，以后我们出租AI机器人吧,,1924,https://www.acfun.cn/v/ac48867767,https://tx-free-imgs.acfun.cn/newUpload/17928_c684f06231604145b533a0f00627c624.png?imageslim,AcFun,三日榜,three-days,hotlist,,2026-09-25 18:22:29
17,我要冲会员【今天有什么好笑的 #2516】,：），谢谢大家的投蕉和点赞，祝你开心愉快~<br/>wallpaper壁纸：Reze | Chainsaw Man<br/>BGM：Nicoleta Matei - Love mail<br/>,2329,https://www.acfun.cn/v/ac48870763,https://tx-free-imgs.acfun.cn/newUpload/383079_47b0fc3f458042f5bd3717967e55c598.gif?imageslim,AcFun,三日榜,three-days,hotlist,,2026-09-25 18:22:29
18,网络上常见的热门短视频集锦   第三千四百四十六期,审核大大辛苦了！<br/>谢谢每一个投蕉的帅哥美女！香蕉没有来个赞也好啊！<br/>视频来自快手等平台，侵权联系删除！,3614,https://www.acfun.cn/v/ac48867732,https://tx-free-imgs.acfun.cn/newUpload/2176158_2ec1d99da19a48e0a8e4ff2a2447e612.gif?imageslim,AcFun,三日榜,three-days,hotlist,,2026-09-25 18:22:29
19,网络上常见的热门短视频集锦   第三千四百四十八期,审核大大辛苦了！<br/>谢谢每一个投蕉的帅哥美女！香蕉没有来个赞也好啊！<br/>视频来自快手等平台，侵权联系删除！,3332,https://www.acfun.cn/v/ac48870020,https://tx-free-imgs.acfun.cn/newUpload/2176158_d65e54f4e9ee489b86b6fc28c31c84ee.gif?imageslim,AcFun,三日榜,three-days,hotlist,,2026-09-25 18:22:29
20,双手合十萨瓦迪卡！,,1797,https://www.acfun.cn/v/ac48863951,https://tx-free-imgs.acfun.cn/newUpload/12439728_638a29114abf4b0bafda38c61f497df1.png?imageslim,AcFun,三日榜,three-days,hotlist,,2026-09-25 18:22:29
21,昆汀力荐！这部复仇老片，竟是杀死比尔的人物原型来源,,1651,https://www.acfun.cn/v/ac48865483,https://tx-free-imgs.acfun.cn/newUpload/8042365_d9ae5a725d8848abb4b488acbf483611.jpeg?imageslim,AcFun,三日榜,three-days,hotlist,,2026-09-25 18:22:29
22,交通事故20260923：交通车祸实例，提高安全驾驶意识,,1423,https://www.acfun.cn/v/ac48868861,https://tx-free-imgs.acfun.cn/newUpload/76871961_edea5de6659a4cd2b733a74989043440.jpg?imageslim,AcFun,三日榜,three-days,hotlist,,2026-09-25 18:22:29
23,沦陷️,歌曲舞蹈：沦陷dj版-星奇摇   动作有改编,1673,https://www.acfun.cn/v/ac48869381,https://tx-free-imgs.acfun.cn/newUpload/12229455_aacf9da97a0940ad8e5f0b509d9cc159.jpeg?imageslim,AcFun,三日榜,three-days,hotlist,,2026-09-25 18:22:29
24,网络上常见的热门短视频集锦   第三千四百四十七期,审核大大辛苦了！<br/>谢谢每一个投蕉的帅哥美女！香蕉没有来个赞也好啊！<br/>视频来自快手等平台，侵权联系删除！,3098,https://www.acfun.cn/v/ac48869149,https://tx-free-imgs.acfun.cn/newUpload/2176158_fdf9afe2e00a4a1aa62415c846776eaf.gif?imageslim,AcFun,三日榜,three-days,hotlist,,2026-09-25 18:22:29
25,人鱼的眼泪,歌曲舞蹈：爱乐之城-人鱼的眼泪,1545,https://www.acfun.cn/v/ac48867050,https://tx-free-imgs.acfun.cn/newUpload/12229455_130b1f041e6741dab4f6295ee27d927e.jpeg?imageslim,AcFun,三日榜,three-days,hotlist,,2026-09-25 18:22:29
26,老板直聘（89）,,1616,https://www.acfun.cn/v/ac48868552,https://tx-free-imgs.acfun.cn/newUpload/74706824_db2c7ba15c5d4aa18872db6b0763b7ca.jpeg?imageslim,AcFun,三日榜,three-days,hotlist,,2026-09-25 18:22:29
27,常州新开巴西烤肉自助，100块钱值得吗？,这是我目前为止，去过的第二家巴西烤肉自助，团购优惠的情况下，花了94元。正常价格在95~110不等<br/><br/>简单带大家看下菜品，除了取餐台这么些，各种牛肉制品、大串烧烤都是循环上桌，大家觉得这么些菜式花样，100块钱左右你们觉得贵还是便宜啊，觉得贵的扣1，觉得便宜的扣2,1848,https://www.acfun.cn/v/ac48868891,https://tx-free-imgs.acfun.cn/newUpload/2046675_bf3a59ddff624646850829452262094e.jpeg?imageslim,AcFun,三日榜,three-days,hotlist,,2026-09-25 18:22:29
28,原创编舞《千层套路》的定机位竖屏来啦！,,1612,https://www.acfun.cn/v/ac48869245,https://tx-free-imgs.acfun.cn/newUpload/16380981_24bafd11c027499d9fe6820162faa782.png?imageslim,AcFun,三日榜,three-days,hotlist,,2026-09-25 18:22:29
29,北京的最北端在黑龙江？？？国内飞地是怎么形成的？,这份中国地图，是你从未看过的船新版本，放大几倍就会发现，在大家熟悉的各个省份中，还藏着一堆 “你中有我、我中有你” 的飞地。,1780,https://www.acfun.cn/v/ac48867896,https://tx-free-imgs.acfun.cn/newUpload/13630266_cc2428a99a42453f99c9e1306e7a43bb.jpeg?imageslim,AcFun,三日榜,three-days,hotlist,,2026-09-25 18:22:29
30,我要辞职了！,,1672,https://www.acfun.cn/v/ac48863957,https://tx-free-imgs.acfun.cn/newUpload/12439728_7c57a0735675474590bf7b25e1a34527.png?imageslim,AcFun,三日榜,three-days,hotlist,,2026-09-25 18:22:29
31,发个friend圈,,1506,https://www.acfun.cn/v/ac48863958,https://tx-free-imgs.acfun.cn/newUpload/12439728_b44cb67ae45a4c179b08227368f4159c.png?imageslim,AcFun,三日榜,three-days,hotlist,,2026-09-25 18:22:29
32,捏捏已经已进化到可以吃的地步啦？,,1621,https://www.acfun.cn/v/ac48868638,https://tx-free-imgs.acfun.cn/newUpload/6177430_486c910212d548c991eeb140f146a6ed.jpeg?imageslim,AcFun,三日榜,three-days,hotlist,,2026-09-25 18:22:29
33,奥迪“宫斗”十年大结局？一汽拿四环，上汽拿AUDI,一汽奥迪和上汽奥迪“宫斗”了十年，终于要划下句号了？,1659,https://www.acfun.cn/v/ac48870981,https://tx-free-imgs.acfun.cn/newUpload/13630266_3fde785be5a2411495618f67d01ab66a.jpeg?imageslim,AcFun,三日榜,three-days,hotlist,,2026-09-25 18:22:29
34,我终于瘦到120斤以下了！,,1646,https://www.acfun.cn/v/ac48867016,https://tx-free-imgs.acfun.cn/newUpload/16380981_906db098cf5d4eaca57bde52b0ae8bf2.jpg?imageslim,AcFun,三日榜,three-days,hotlist,,2026-09-25 18:22:29
35,裸足圆脸仙女下凡～跳一曲千里邀月【可心喵】,,1323,https://www.acfun.cn/v/ac48872448,https://tx-free-imgs.acfun.cn/newUpload/12892608_6691690fd8e944278bda5d5390e1e5a9.jpg?imageslim,AcFun,三日榜,three-days,hotlist,,2026-09-25 18:22:29
36,《奶凶奶凶的漫威金刚狼！》,游戏名：《漫威金刚狼》- Marvel s Wolverine<br/>直播玩了15小时左右一周目通关啦~(*^▽^*)开心，这期是切片呦~,1837,https://www.acfun.cn/v/ac48866669,https://tx-free-imgs.acfun.cn/newUpload/61352468_cb62bfe2e19c4f35804259fac7f8c226.jpeg?imageslim,AcFun,三日榜,three-days,hotlist,,2026-09-25 18:22:29
37,嘉蒂丝模型曝光！很大！策划团队产能恢复？,明天新角色就要上了，技系直接立于天上。,1862,https://www.acfun.cn/v/ac48866809,https://tx-free-imgs.acfun.cn/newUpload/247671_ee6def92d94a4ab1b770fa166f4de4b7.jpeg?imageslim,AcFun,三日榜,three-days,hotlist,,2026-09-25 18:22:29
38,换你穿越三国乱世，你是起兵还是种田？,有没有宝贝和我一样，看三国的时候总在想，如果换我身在那个乱世，我会怎么样？是起兵争霸，还是归隐山林？ 或是是咱们可以选三国里有名的角色或者可以架空历史从素人做起，一统三国，那会怎么样?我最近就玩了这么一款游戏，一玩就是五个小时，根本停不下来，那今天来聊聊这款开放世界slg游戏《英雄立志传：三国志》~<br/>,1729,https://www.acfun.cn/v/ac48869043,https://tx-free-imgs.acfun.cn/newUpload/61352468_39715609bed041b98b21f3dbb482ad70.jpeg?imageslim,AcFun,三日榜,three-days,hotlist,,2026-09-25 18:22:29
39,在英国差点被上门诈骗,可能看到我一人在家，就大胆敲门了，还好平常也会注意周边邻居，没发生什么事儿，这个金额就算被骗也不会报警，以后还是要小心一些了。#英国日常#vlog,1580,https://www.acfun.cn/v/ac48869505,https://tx-free-imgs.acfun.cn/newUpload/43181603_1c8c6c487a864d098b5e7e7bf2a12c6a.jpg?imageslim,AcFun,三日榜,three-days,hotlist,,2026-09-25 18:22:29
40,拜托了，夫人！★手机竖屏2014★,审核大大辛苦了！<br/>谢谢每一个投蕉的帅哥美女！香蕉没有来个赞也好啊！<br/>视频来自快手等平台，侵权联系删除！,2026,https://www.acfun.cn/v/ac48871493,https://tx-free-imgs.acfun.cn/newUpload/2176158_afaf0913878443b1bc00d636136ffce3.gif?imageslim,AcFun,三日榜,three-days,hotlist,,2026-09-25 18:22:29
41,好曲不挑舞！《琵琶曲》你喜欢的是？,,1404,https://www.acfun.cn/v/ac48866497,https://tx-free-imgs.acfun.cn/newUpload/1161851_90c6400f25f14d969028c8a6779eaaf5.png?imageslim,AcFun,三日榜,three-days,hotlist,,2026-09-25 18:22:29
42,【锅锅x怀瑜x阔落】千里邀月——共饮此杯赏此月，夜好眠,中秋到了，和姐妹们合唱了千里邀月~~<br/>乐：可乐祝大家身体健康，永不加班，月圆人团圆<br/>鱼：怀瑜愿诸位财源广进，常能摸鱼，花好月更圆<br/>锅：锅锅祝大家桂香满锅，早归赏月，饼甜心更甜<br/>祝大家中秋快乐~,1401,https://www.acfun.cn/v/ac48871580,https://tx-free-imgs.acfun.cn/newUpload/67206930_e47be8dbac2546e1b5a4a831e71dabe4.jpeg?imageslim,AcFun,三日榜,three-days,hotlist,,2026-09-25 18:22:29
43,抱紧原生家庭（90）,,1408,https://www.acfun.cn/v/ac48867786,https://tx-free-imgs.acfun.cn/newUpload/74706824_fcc9a2386aff4fb0b3ecd158e3c6b97f.png?imageslim,AcFun,三日榜,three-days,hotlist,,2026-09-25 18:22:29
44,你吃月饼了吗？,,1425,https://www.acfun.cn/v/ac48869054,https://tx-free-imgs.acfun.cn/newUpload/1167675_8f48723afb0e41ecbe772249b3f4df1a.jpg?imageslim,AcFun,三日榜,three-days,hotlist,,2026-09-25 18:22:29
45,【东方】QUEEN【蕾米莉亚 Miy Ver. MMD】,作者：やくも<br/><br/>楽曲:Kanaria 様→https://www.nicovideo.jp/watch/sm4088...<br/>振付:AKIRA様<br/>モーション:P-nez 様→https://www.nicovideo.jp/watch/sm4350...<br/>カメラ:Mizuha様→https://www.nicovideo.jp/watch/sm4353...<br/>モデル:MIy様<br/>ステージ:栗ごはん様<br/>アクセサリ:アスカ様,1191,https://www.acfun.cn/v/ac48870080,https://tx-free-imgs.acfun.cn/newUpload/6102_6a4dce20c9b74fa0bbdff3ccc0a73c5d.png?imageslim,AcFun,三日榜,three-days,hotlist,,2026-09-25 18:22:29
46,这套皮肤真的很喜欢,,1322,https://www.acfun.cn/v/ac48871657,https://tx-free-imgs.acfun.cn/newUpload/16380981_ac9640e59a3a42e093fcee0a0b81d474.jpg?imageslim,AcFun,三日榜,three-days,hotlist,,2026-09-25 18:22:29
47,【柯基】papi酱《生气了》｜oh my god你吓到我了,,1424,https://www.acfun.cn/v/ac48867295,https://tx-free-imgs.acfun.cn/newUpload/29493245_980e56a85587473a82c7499c2ed115cb.png?imageslim,AcFun,三日榜,three-days,hotlist,,2026-09-25 18:22:29
48,只有刀鸣最小丑？各大游戏千年血战联动盘点！,300英雄的含金量还在上升,1927,https://www.acfun.cn/v/ac48869154,https://tx-free-imgs.acfun.cn/newUpload/247671_7d920e56c00e4af39fed560bf094f965.jpeg?imageslim,AcFun,三日榜,three-days,hotlist,,2026-09-25 18:22:29
49,发怒了好多次哈哈哈哈，最后一遍最好！,,1412,https://www.acfun.cn/v/ac48867030,https://tx-free-imgs.acfun.cn/newUpload/16380981_8a800edc429e47809b3a0e69ec22c530.jpg?imageslim,AcFun,三日榜,three-days,hotlist,,2026-09-25 18:22:29
50,极限竞速地平线6：0.01 秒绝杀！GMC 反超宝马 X6M 越野赛,骄兵必败，我深刻的体验到了这句话的含义。,1477,https://www.acfun.cn/v/ac48867212,https://tx-free-imgs.acfun.cn/newUpload/11602352_36f126479072481b9dd82c3ea4d19f3b.jpeg?imageslim,AcFun,三日榜,three-days,hotlist,,2026-09-25 18:22:29
1,剑戟战斗的巅峰 关卡内容的洼地 偏科严重的《鬼武者：剑之道》,它给人爽的部分是真的爽，但是在每次爽之前，你得堵不少马桶，先生。,4438,https://www.acfun.cn/v/ac48859506,https://tx-free-imgs.acfun.cn/newUpload/934542_5d98ad80ca9c4307b5cdc2051c11cb50.jpeg?imageslim,AcFun,周榜,week,hotlist,,2026-09-25 18:22:29
2,跳最开心的一集,,3965,https://www.acfun.cn/v/ac48860571,https://tx-free-imgs.acfun.cn/newUpload/50330447_79a3f269514140c29e7a85fb7c9dc94c.jpg?imageslim,AcFun,周榜,week,hotlist,,2026-09-25 18:22:29
3,是谁点的小恶魔，蕉出来～,,5893,https://www.acfun.cn/v/ac48867778,https://tx-free-imgs.acfun.cn/newUpload/17062172_6098fee67d1748e0ab5dab3b5665736c.jpg?imageslim,AcFun,周榜,week,hotlist,,2026-09-25 18:22:29
4,喜欢哪套？,,6735,https://www.acfun.cn/v/ac48861422,https://tx-free-imgs.acfun.cn/newUpload/3540234_729e0d22251f439da3735f26e58d174f.jpg?imageslim,AcFun,周榜,week,hotlist,,2026-09-25 18:22:29
5,过期JK碎碎念！,家人们记得蕉一蕉捏 啾咪,5855,https://www.acfun.cn/v/ac48859219,https://tx-free-imgs.acfun.cn/newUpload/17062172_5dd6ea8b5f2741ff87f0911db6dfb909.jpg?imageslim,AcFun,周榜,week,hotlist,,2026-09-25 18:22:29
6,人间琴悠扬，姑娘把谁记心上～,,2714,https://www.acfun.cn/v/ac48863143,https://tx-free-imgs.acfun.cn/newUpload/50330447_938d77716a11477e843914663278ff07.jpg?imageslim,AcFun,周榜,week,hotlist,,2026-09-25 18:22:29
7,开学对各省舍友的刻板印象,,4219,https://www.acfun.cn/v/ac48857410,https://tx-free-imgs.acfun.cn/newUpload/13114172_24dabc4c47ec46458d7cdfcc1cd2ee88.jpeg?imageslim,AcFun,周榜,week,hotlist,,2026-09-25 18:22:29
8,《动物迷惑行为大赏325》,喜欢请投蕉啊 谢谢啦！,2626,https://www.acfun.cn/v/ac48861293,https://tx-free-imgs.acfun.cn/newUpload/1342385_03080470038d444a95ce01ff6a6aeb9f.jpeg?imageslim,AcFun,周榜,week,hotlist,,2026-09-25 18:22:29
9,《动物游戏行为图鉴》,喜欢请投蕉啊 谢谢啦！,2804,https://www.acfun.cn/v/ac48857450,https://tx-free-imgs.acfun.cn/newUpload/1342385_485bc20a4c164df2928409b209fa9afc.jpeg?imageslim,AcFun,周榜,week,hotlist,,2026-09-25 18:22:29
10,双马尾小女仆带来的情绪摇～,,3969,https://www.acfun.cn/v/ac48861966,https://tx-free-imgs.acfun.cn/newUpload/11361784_8cee0402b4754b1e82f85b7099791793.jpg?imageslim,AcFun,周榜,week,hotlist,,2026-09-25 18:22:29
11,帮Acer问一下，地址在哪里？欢乐八点档-1779,审核大大辛苦了！<br/>免费的香蕉投一下吧，没有那就点个赞吧，这对我来说很重要，谢谢！！！<br/>谢谢每一个投蕉的帅哥美女！你们是我坚持更新的动力！<br/>视频来自快手等平台，侵权联系删除！,4449,https://www.acfun.cn/v/ac48863633,https://tx-free-imgs.acfun.cn/newUpload/2176158_ff69c3c797d5414e8056b329918cc5b6.gif?imageslim,AcFun,周榜,week,hotlist,,2026-09-25 18:22:29
12,【绘图过程】《海边》6周年纪念插图过程,6周年纪念插图挂画（预售）、沙滩巾（预售），阿宝已上架,3326,https://www.acfun.cn/v/ac48836990,https://tx-free-imgs.acfun.cn/newUpload/179922_9f95aba039e84f3594c3947b3c8fdd58.jpeg?imageslim,AcFun,周榜,week,hotlist,,2026-09-25 18:22:29
13,《野生动物迷惑行为》,喜欢请投蕉啊   谢谢啦！,2815,https://www.acfun.cn/v/ac48868360,https://tx-free-imgs.acfun.cn/newUpload/1342385_3fab348c538e4c0fa001871a708fe302.jpeg?imageslim,AcFun,周榜,week,hotlist,,2026-09-25 18:22:29
14,还是少妇会的多啊！★手机竖屏2011★,审核大大辛苦了！<br/>谢谢每一个投蕉的帅哥美女！香蕉没有来个赞也好啊！<br/>视频来自快手等平台，侵权联系删除！,5145,https://www.acfun.cn/v/ac48864360,https://tx-free-imgs.acfun.cn/newUpload/2176158_3d4f199fd93640468e543b9ee25ac4c0.gif?imageslim,AcFun,周榜,week,hotlist,,2026-09-25 18:22:29
15,漫威金刚狼深陷争议！SweetBaby又毁一款？【绅批】,这算是DEI的历史遗留问题了，所有现在已经从sweetbaby离职的人，只要参与过游戏制作也会被署名（比如桥本和真）,2855,https://www.acfun.cn/v/ac48868810,https://tx-free-imgs.acfun.cn/newUpload/526850_ca1da1572b1d494a93e2f6bab46cf76b.jpeg?imageslim,AcFun,周榜,week,hotlist,,2026-09-25 18:22:29
16,我真的是来吃饭的！★手机竖屏2013★,审核大大辛苦了！<br/>谢谢每一个投蕉的帅哥美女！香蕉没有来个赞也好啊！<br/>视频来自快手等平台，侵权联系删除！,3717,https://www.acfun.cn/v/ac48869145,https://tx-free-imgs.acfun.cn/newUpload/2176158_eb4b69370b8f435aa2b171e72403d356.gif?imageslim,AcFun,周榜,week,hotlist,,2026-09-25 18:22:29
17,因为害怕被讨厌 所以把自己藏起来了,,2869,https://www.acfun.cn/v/ac48871331,https://tx-free-imgs.acfun.cn/newUpload/11361784_3d4bd69b46f541e184c2922c24f09276.jpg?imageslim,AcFun,周榜,week,hotlist,,2026-09-25 18:22:29
18,钓鱼佬是真会享受！欢乐八点档-1777,审核大大辛苦了！<br/>免费的香蕉投一下吧，没有那就点个赞吧，这对我来说很重要，谢谢！！！<br/>谢谢每一个投蕉的帅哥美女！你们是我坚持更新的动力！<br/>视频来自快手等平台，侵权联系删除！,4597,https://www.acfun.cn/v/ac48858969,https://tx-free-imgs.acfun.cn/newUpload/2176158_c9d74d926c4c4d709a4b6b7769dffcca.gif?imageslim,AcFun,周榜,week,hotlist,,2026-09-25 18:22:29
19,一波还未平息一波又来侵袭！★手机竖屏2010★,审核大大辛苦了！<br/>谢谢每一个投蕉的帅哥美女！香蕉没有来个赞也好啊！<br/>视频来自快手等平台，侵权联系删除！,4746,https://www.acfun.cn/v/ac48862013,https://tx-free-imgs.acfun.cn/newUpload/2176158_c4802142afc14d50b2cd775e67890cca.gif?imageslim,AcFun,周榜,week,hotlist,,2026-09-25 18:22:29
20,网络上常见的热门短视频集锦   第三千四百三十八期,审核大大辛苦了！<br/>谢谢每一个投蕉的帅哥美女！香蕉没有来个赞也好啊！<br/>视频来自快手等平台，侵权联系删除！,4438,https://www.acfun.cn/v/ac48858394,https://tx-free-imgs.acfun.cn/newUpload/2176158_38174e72af934b9e86687045b01f0dd3.gif?imageslim,AcFun,周榜,week,hotlist,,2026-09-25 18:22:29
21,mr chu!!好怀念这首歌,,2075,https://www.acfun.cn/v/ac48869375,https://tx-free-imgs.acfun.cn/newUpload/16380981_19592eb83a88429695ee1a0508fc3df0.png?imageslim,AcFun,周榜,week,hotlist,,2026-09-25 18:22:29
22,魔兽无限服禁金团引爆社区！但原教旨主义玩家才是最抽象的？【绅批】,所谓“严厉处罚“”顶格也就是封号，会根据情况由短至长，当然能不能具体实行就是另一回事了,3084,https://www.acfun.cn/v/ac48857248,https://tx-free-imgs.acfun.cn/newUpload/526850_b63f9e2a1bd04c38ac3c61257e0b87dd.jpeg?imageslim,AcFun,周榜,week,hotlist,,2026-09-25 18:22:29
23,还是少妇会啊！！！★手机竖屏2009★,审核大大辛苦了！<br/>谢谢每一个投蕉的帅哥美女！香蕉没有来个赞也好啊！<br/>视频来自快手等平台，侵权联系删除！,4879,https://www.acfun.cn/v/ac48859515,https://tx-free-imgs.acfun.cn/newUpload/2176158_d4e9e6e30f4446319f9e720adfe35ef9.gif?imageslim,AcFun,周榜,week,hotlist,,2026-09-25 18:22:29
24,你们内外皆钢，而我们化身钢铁！【达奇】战锤40K故事内容,感谢下巴老师对视频内容的支持与完善,2140,https://www.acfun.cn/v/ac48856443,https://tx-free-imgs.acfun.cn/newUpload/346807_7f5f779958dd4d6986f60021118423da.jpeg?imageslim,AcFun,周榜,week,hotlist,,2026-09-25 18:22:29
25,【AC娘】琵琶曲,原作者：Kotte Animation<br/>还有瑕疵，看个乐吧,3129,https://www.acfun.cn/v/ac48864492,https://tx-free-imgs.acfun.cn/newUpload/41729435_02cbd995b6d54f508eb21d3cb8621903.jpeg?imageslim,AcFun,周榜,week,hotlist,,2026-09-25 18:22:29
26,娃：真遗憾，本来打算亲自告诉你们的,嘿嘿希望大家都万事顺意～心想事成,2462,https://www.acfun.cn/v/ac48871740,https://tx-free-imgs.acfun.cn/newUpload/17062172_d1a93166ed084e3aadac2fea4bba0707.jpg?imageslim,AcFun,周榜,week,hotlist,,2026-09-25 18:22:29
27,25年了，回坊天花板小酥肉，还是那个味儿,记忆中的味道，回来了，都回来了……<br/>一口椒麻一口鲜，大口吃肉，配上热腾腾的米饭，绝了。<br/>素三鲜也是无敌的存在！,2525,https://www.acfun.cn/v/ac48865538,https://tx-free-imgs.acfun.cn/newUpload/13765438_9bc4a0abf32a4c1aa3e83c844de84649.jpeg?imageslim,AcFun,周榜,week,hotlist,,2026-09-25 18:22:29
28,海洋公园一定要去啊！欢乐八点档-1776,审核大大辛苦了！<br/>免费的香蕉投一下吧，没有那就点个赞吧，这对我来说很重要，谢谢！！！<br/>谢谢每一个投蕉的帅哥美女！你们是我坚持更新的动力！<br/>视频来自快手等平台，侵权联系删除！,4481,https://www.acfun.cn/v/ac48856824,https://tx-free-imgs.acfun.cn/newUpload/2176158_3406d07fb97f486893aedb108728c2ec.gif?imageslim,AcFun,周榜,week,hotlist,,2026-09-25 18:22:29
29,拳击好啊，拳击得学！欢乐八点档-1781,审核大大辛苦了！<br/>免费的香蕉投一下吧，没有那就点个赞吧，这对我来说很重要，谢谢！！！<br/>谢谢每一个投蕉的帅哥美女！你们是我坚持更新的动力！<br/>视频来自快手等平台，侵权联系删除！,4057,https://www.acfun.cn/v/ac48868336,https://tx-free-imgs.acfun.cn/newUpload/2176158_3f6c601293a54468bae97f781440217b.gif?imageslim,AcFun,周榜,week,hotlist,,2026-09-25 18:22:29
30,你的拳头真是肥嘟嘟的...,动漫：心灵的声音，作者：赵石【韩国】,2185,https://www.acfun.cn/v/ac48859870,https://tx-free-imgs.acfun.cn/newUpload/509259_2fa91d5206504450be471808d9c93a22.jpeg?imageslim,AcFun,周榜,week,hotlist,,2026-09-25 18:22:29
31,北京豆汁会惩罚每一个好奇的人！欢乐八点档-1780,审核大大辛苦了！<br/>免费的香蕉投一下吧，没有那就点个赞吧，这对我来说很重要，谢谢！！！<br/>谢谢每一个投蕉的帅哥美女！你们是我坚持更新的动力！<br/>视频来自快手等平台，侵权联系删除！,4424,https://www.acfun.cn/v/ac48865965,https://tx-free-imgs.acfun.cn/newUpload/2176158_ec83e6fb2ffc4005b41881ac13dbaeca.gif?imageslim,AcFun,周榜,week,hotlist,,2026-09-25 18:22:29
32,这个一字马技术含量很高啊！欢乐八点档-1778,审核大大辛苦了！<br/>免费的香蕉投一下吧，没有那就点个赞吧，这对我来说很重要，谢谢！！！<br/>谢谢每一个投蕉的帅哥美女！你们是我坚持更新的动力！<br/>视频来自快手等平台，侵权联系删除！,4370,https://www.acfun.cn/v/ac48861225,https://tx-free-imgs.acfun.cn/newUpload/2176158_0824627cb76d40dc99ce9cb12c07e4cc.gif?imageslim,AcFun,周榜,week,hotlist,,2026-09-25 18:22:29
33,网络上常见的热门短视频集锦   第三千四百四十五期,审核大大辛苦了！<br/>谢谢每一个投蕉的帅哥美女！香蕉没有来个赞也好啊！<br/>视频来自快手等平台，侵权联系删除！,3871,https://www.acfun.cn/v/ac48866824,https://tx-free-imgs.acfun.cn/newUpload/2176158_dba921eb42f14c7ba31a1af83bfe71ce.gif?imageslim,AcFun,周榜,week,hotlist,,2026-09-25 18:22:29
34,网络上常见的热门短视频集锦   第三千四百四十一期,审核大大辛苦了！<br/>谢谢每一个投蕉的帅哥美女！香蕉没有来个赞也好啊！<br/>视频来自快手等平台，侵权联系删除！,4176,https://www.acfun.cn/v/ac48862019,https://tx-free-imgs.acfun.cn/newUpload/2176158_6e5a88d95f344d92a8d97a57f03ac4b9.gif?imageslim,AcFun,周榜,week,hotlist,,2026-09-25 18:22:29
35,这样的学姐喜欢吗？欢乐八点档-1782,审核大大辛苦了！<br/>免费的香蕉投一下吧，没有那就点个赞吧，这对我来说很重要，谢谢！！！<br/>谢谢每一个投蕉的帅哥美女！你们是我坚持更新的动力！<br/>视频来自快手等平台，侵权联系删除！,3357,https://www.acfun.cn/v/ac48870057,https://tx-free-imgs.acfun.cn/newUpload/2176158_4c1f3b60f73e451abc443941d47305d8.gif?imageslim,AcFun,周榜,week,hotlist,,2026-09-25 18:22:29
36,琵琶曲丨夜神月 VS  L,原曲：琵琶曲,2233,https://www.acfun.cn/v/ac48861693,https://tx-free-imgs.acfun.cn/newUpload/16986934_3bf4dd94910c4845acf851f7f0fdb757.jpeg?imageslim,AcFun,周榜,week,hotlist,,2026-09-25 18:22:29
37,空中瑜伽！！！★手机竖屏2012★,审核大大辛苦了！<br/>谢谢每一个投蕉的帅哥美女！香蕉没有来个赞也好啊！<br/>视频来自快手等平台，侵权联系删除！,4359,https://www.acfun.cn/v/ac48866821,https://tx-free-imgs.acfun.cn/newUpload/2176158_610807af48f5463a891fc9f341c9b16f.gif?imageslim,AcFun,周榜,week,hotlist,,2026-09-25 18:22:29
38,厨师长教你：“鱼香肉丝”的家常做法，酸甜微辣，口感丰富,,2019,https://www.acfun.cn/v/ac48867741,https://tx-free-imgs.acfun.cn/newUpload/13274260_93e68d1098d04ffca2683655a6a404c2.jpeg?imageslim,AcFun,周榜,week,hotlist,,2026-09-25 18:22:29
39,网络上常见的热门短视频集锦   第三千四百三十九期,审核大大辛苦了！<br/>谢谢每一个投蕉的帅哥美女！香蕉没有来个赞也好啊！<br/>视频来自快手等平台，侵权联系删除！,4034,https://www.acfun.cn/v/ac48859518,https://tx-free-imgs.acfun.cn/newUpload/2176158_13f61f1aa39c4732bdaeed87fe0e28a4.gif?imageslim,AcFun,周榜,week,hotlist,,2026-09-25 18:22:29
40,一天生产500万个！速冻水饺是如何制造出来的？,,2154,https://www.acfun.cn/v/ac48859253,https://tx-free-imgs.acfun.cn/newUpload/19281632_57f07fe28e24422d948491fd2d43586c.jpeg?imageslim,AcFun,周榜,week,hotlist,,2026-09-25 18:22:29
41,今天你不能嫁出去【今天有什么好笑的 #2514】,：)，谢谢大家，祝你们开心。<br/>wallpaper壁纸：Fading Astronaut 5K (update)<br/>BGM：I Want It That Way,2865,https://www.acfun.cn/v/ac48865864,https://tx-free-imgs.acfun.cn/newUpload/383079_ee4f5f7badf74f05a2ef6c691387f327.gif?imageslim,AcFun,周榜,week,hotlist,,2026-09-25 18:22:29
42,单纯的约会（92）,,1815,https://www.acfun.cn/v/ac48857199,https://tx-free-imgs.acfun.cn/newUpload/74706824_a3a60d77e6934225b168686e44216c4b.png?imageslim,AcFun,周榜,week,hotlist,,2026-09-25 18:22:29
43,【东方】推特东方小视频选集 第272期,睡觉睡觉睡觉睡觉睡觉睡觉睡觉睡觉睡觉睡觉……,1395,https://www.acfun.cn/v/ac48858830,https://tx-free-imgs.acfun.cn/newUpload/6102_5a13d6efeec742ff84c512206aaeb7b0.jpeg?imageslim,AcFun,周榜,week,hotlist,,2026-09-25 18:22:29
44,甜妹来袭！,,2158,https://www.acfun.cn/v/ac48863947,https://tx-free-imgs.acfun.cn/newUpload/12439728_1fd5a3c6e60241a1a1cd8f89dbede769.png?imageslim,AcFun,周榜,week,hotlist,,2026-09-25 18:22:29
45,网络上常见的热门短视频集锦   第三千四百四十三期,审核大大辛苦了！<br/>谢谢每一个投蕉的帅哥美女！香蕉没有来个赞也好啊！<br/>视频来自快手等平台，侵权联系删除！,3603,https://www.acfun.cn/v/ac48864363,https://tx-free-imgs.acfun.cn/newUpload/2176158_dfef22dbf6934a15a594e5766b8680ca.gif?imageslim,AcFun,周榜,week,hotlist,,2026-09-25 18:22:29
46,嘞个就是爱情【今天有什么好笑的 #2512】,：），谢谢大家的投蕉和点赞，祝你开心愉快~<br/>wallpaper壁纸：lamp<br/>BGM：What a Feeling,2441,https://www.acfun.cn/v/ac48860992,https://tx-free-imgs.acfun.cn/newUpload/383079_172d192fee55441c96b7352f61e0a25f.gif?imageslim,AcFun,周榜,week,hotlist,,2026-09-25 18:22:29
47,网络上常见的热门短视频集锦   第三千四百四十四期,审核大大辛苦了！<br/>谢谢每一个投蕉的帅哥美女！香蕉没有来个赞也好啊！<br/>视频来自快手等平台，侵权联系删除！,3521,https://www.acfun.cn/v/ac48865021,https://tx-free-imgs.acfun.cn/newUpload/2176158_663463f1e6004dc2b4dea153d1e60c05.gif?imageslim,AcFun,周榜,week,hotlist,,2026-09-25 18:22:29
48,网络上常见的热门短视频集锦   第三千四百三十七期,审核大大辛苦了！<br/>谢谢每一个投蕉的帅哥美女！香蕉没有来个赞也好啊！<br/>视频来自快手等平台，侵权联系删除！,3669,https://www.acfun.cn/v/ac48857544,https://tx-free-imgs.acfun.cn/newUpload/2176158_65f1d403dce7484b8d62b6f272bdbe31.gif?imageslim,AcFun,周榜,week,hotlist,,2026-09-25 18:22:29
49,嘴角压不住了【今天有什么好笑的 #2515】,：），谢谢大家的投蕉和点赞，祝你开心愉快~<br/>wallpaper壁纸：Genshin 神里绫华<br/>BGM：Wake me up when september ends,2373,https://www.acfun.cn/v/ac48868130,https://tx-free-imgs.acfun.cn/newUpload/383079_ef65121591434d2b86d53db1622776cd.gif?imageslim,AcFun,周榜,week,hotlist,,2026-09-25 18:22:29
50,厨师长分享制作“宫保鸡丁”的三大要素：腌制、调味及火候,,2121,https://www.acfun.cn/v/ac48863018,https://tx-free-imgs.acfun.cn/newUpload/13274260_803e1613305b460d878594c16c1c5a87.jpeg?imageslim,AcFun,周榜,week,hotlist,,2026-09-25 18:22:29
1,娃：真遗憾，本来打算亲自告诉你们的,嘿嘿希望大家都万事顺意～心想事成,2720,https://www.acfun.cn/v/ac48871740,https://tx-free-imgs.acfun.cn/newUpload/17062172_d1a93166ed084e3aadac2fea4bba0707.jpg?imageslim,AcFun,日榜,day,hotlist,,2026-09-25 19:20:35
2,因为害怕被讨厌 所以把自己藏起来了,,2967,https://www.acfun.cn/v/ac48871331,https://tx-free-imgs.acfun.cn/newUpload/11361784_3d4bd69b46f541e184c2922c24f09276.jpg?imageslim,AcFun,日榜,day,hotlist,,2026-09-25 19:20:35
3,这样的学姐喜欢吗？欢乐八点档-1782,审核大大辛苦了！<br/>免费的香蕉投一下吧，没有那就点个赞吧，这对我来说很重要，谢谢！！！<br/>谢谢每一个投蕉的帅哥美女！你们是我坚持更新的动力！<br/>视频来自快手等平台，侵权联系删除！,3467,https://www.acfun.cn/v/ac48870057,https://tx-free-imgs.acfun.cn/newUpload/2176158_4c1f3b60f73e451abc443941d47305d8.gif?imageslim,AcFun,日榜,day,hotlist,,2026-09-25 19:20:35
4,裸足圆脸仙女下凡～跳一曲千里邀月【可心喵】,,1405,https://www.acfun.cn/v/ac48872448,https://tx-free-imgs.acfun.cn/newUpload/12892608_6691690fd8e944278bda5d5390e1e5a9.jpg?imageslim,AcFun,日榜,day,hotlist,,2026-09-25 19:20:35
5,【锅锅x怀瑜x阔落】千里邀月——共饮此杯赏此月，夜好眠,中秋到了，和姐妹们合唱了千里邀月~~<br/>乐：可乐祝大家身体健康，永不加班，月圆人团圆<br/>鱼：怀瑜愿诸位财源广进，常能摸鱼，花好月更圆<br/>锅：锅锅祝大家桂香满锅，早归赏月，饼甜心更甜<br/>祝大家中秋快乐~,1491,https://www.acfun.cn/v/ac48871580,https://tx-free-imgs.acfun.cn/newUpload/67206930_e47be8dbac2546e1b5a4a831e71dabe4.jpeg?imageslim,AcFun,日榜,day,hotlist,,2026-09-25 19:20:35
6,拜托了，夫人！★手机竖屏2014★,审核大大辛苦了！<br/>谢谢每一个投蕉的帅哥美女！香蕉没有来个赞也好啊！<br/>视频来自快手等平台，侵权联系删除！,2148,https://www.acfun.cn/v/ac48871493,https://tx-free-imgs.acfun.cn/newUpload/2176158_afaf0913878443b1bc00d636136ffce3.gif?imageslim,AcFun,日榜,day,hotlist,,2026-09-25 19:20:35
7,【东方】QUEEN【蕾米莉亚 Miy Ver. MMD】,作者：やくも<br/><br/>楽曲:Kanaria 様→https://www.nicovideo.jp/watch/sm4088...<br/>振付:AKIRA様<br/>モーション:P-nez 様→https://www.nicovideo.jp/watch/sm4350...<br/>カメラ:Mizuha様→https://www.nicovideo.jp/watch/sm4353...<br/>モデル:MIy様<br/>ステージ:栗ごはん様<br/>アクセサリ:アスカ様,1210,https://www.acfun.cn/v/ac48870080,https://tx-free-imgs.acfun.cn/newUpload/6102_6a4dce20c9b74fa0bbdff3ccc0a73c5d.png?imageslim,AcFun,日榜,day,hotlist,,2026-09-25 19:20:35
8,这套皮肤真的很喜欢,,1340,https://www.acfun.cn/v/ac48871657,https://tx-free-imgs.acfun.cn/newUpload/16380981_ac9640e59a3a42e093fcee0a0b81d474.jpg?imageslim,AcFun,日榜,day,hotlist,,2026-09-25 19:20:35
9,网络上常见的热门短视频集锦   第三千四百四十九期,审核大大辛苦了！<br/>谢谢每一个投蕉的帅哥美女！香蕉没有来个赞也好啊！<br/>视频来自快手等平台，侵权联系删除！,1673,https://www.acfun.cn/v/ac48871496,https://tx-free-imgs.acfun.cn/newUpload/2176158_cf20f7722011491da25ce2efbc799dba.gif?imageslim,AcFun,日榜,day,hotlist,,2026-09-25 19:20:35
10,网络上常见的热门短视频集锦   第三千四百五十期,审核大大辛苦了！<br/>谢谢每一个投蕉的帅哥美女！香蕉没有来个赞也好啊！<br/>视频来自快手等平台，侵权联系删除！,1412,https://www.acfun.cn/v/ac48872279,https://tx-free-imgs.acfun.cn/newUpload/2176158_a96ecd95394b4517928ac111407f75b1.gif?imageslim,AcFun,日榜,day,hotlist,,2026-09-25 19:20:35
11,"长手打短手？2万分王者局！快速看完一局韩服王者斗殴局#836 十三day, Eclipse,","长手打短手？2万分王者局！快速看完一局韩服王者斗殴局#836 十三day, Eclipse, 0909, Lelitz, 1Jiang <br/>BGM:https://music.163.com/playlist?id=650818240&userid=30476594",1477,https://www.acfun.cn/v/ac48863751,https://tx-free-imgs.acfun.cn/newUpload/1378726_792b017ff72e4ed49b05fe8e1e24f6e4.jpeg?imageslim,AcFun,日榜,day,hotlist,,2026-09-25 19:20:35
12,望眼欲穿【今天有什么好笑的 #2517】,：），谢谢大家的投蕉和点赞，祝你开心愉快~<br/>Wallpaper壁纸：雪山与女孩<br/>Bgm：あのね。,1187,https://www.acfun.cn/v/ac48872647,https://tx-free-imgs.acfun.cn/newUpload/383079_40beb913fd1a44d3afa053553d53b466.gif?imageslim,AcFun,日榜,day,hotlist,,2026-09-25 19:20:35
13,少女机甲+空投轰炸？是什么神仙组合？,到底是一款什么样的机甲游戏，上线快3年还保持着特别好评？虽然是机甲美少女的设定，但是操作的是厚重质感的硬核机甲，这种硬核操作的感觉让人越玩越上头，今天来跟大家聊聊这款游戏《铁骑少女》。<br/>最近我一直期待的第三个DLC金盏花也是要上线了，这次DLC的核心新玩法，就是机甲“搜打撤”的模式。和本体死守基地的玩法不一样，这次整体的游玩思路都变了~,1233,https://www.acfun.cn/v/ac48871337,https://tx-free-imgs.acfun.cn/newUpload/61352468_77bf0ab03cd34fefa1d5530aca003edb.jpeg?imageslim,AcFun,日榜,day,hotlist,,2026-09-25 19:20:35
14,好像只能礼貌的问候~,,1280,https://www.acfun.cn/v/ac48871365,https://tx-free-imgs.acfun.cn/newUpload/43459034_4572f98756df48b0bc9c323cdc49a8d2.jpg?imageslim,AcFun,日榜,day,hotlist,,2026-09-25 19:20:35
15,【绝望女神/翻唱】【星际牛仔ED The Real Folk Blues】,想听啥情继续评论回复~,1048,https://www.acfun.cn/v/ac48871323,https://tx-free-imgs.acfun.cn/newUpload/20705199_0be8deafcbb34bdb9f17523c5bc95087.jpeg?imageslim,AcFun,日榜,day,hotlist,,2026-09-25 19:20:35
16,【黒碳】ライトダンス - サカナクション【生日作】【翻唱】,本家:サカナクション ; 翻唱: 黒碳Kurotan; 后期: 黒碳Kurotan; 曲绘: 黒碳Kurotan; PV: 黒碳Kurotan以及十分牛杯的網站：https://pv.pixjam.cn/ 背景是用這個做的!! 狠狠趕工終於做完了 好感動,1137,https://www.acfun.cn/v/ac48869560,https://tx-free-imgs.acfun.cn/newUpload/13707663_f611642aa87b4dab9a8d8a6beb7ace77.jpeg?imageslim,AcFun,日榜,day,hotlist,,2026-09-25 19:20:35
17,记录2023年6月份在台上开心的表演lamb的我,,1234,https://www.acfun.cn/v/ac48871344,https://tx-free-imgs.acfun.cn/newUpload/16380981_00755d93042647bcb6f29a19da53e590.png?imageslim,AcFun,日榜,day,hotlist,,2026-09-25 19:20:35
18,【颜音】中秋歌回~祝大家节日快乐,皓月凌空，桂香满庭。<br/>愿今夜歌声暖心，祝各位中秋快乐，阖家美满！,1304,https://www.acfun.cn/v/ac48872065,https://tx-free-imgs.acfun.cn/newUpload/4425861_3dab8cdf19a74bf6accbdcd688cd9b6a.jpeg?imageslim,AcFun,日榜,day,hotlist,,2026-09-25 19:20:35
19,卓哥儿那可是专业杰哥，人群之中七进七出不成问题！,自定义也发？,1423,https://www.acfun.cn/v/ac48871816,https://tx-free-imgs.acfun.cn/newUpload/581357_d49b41a0e554440db6952de719b3f832.jpeg?imageslim,AcFun,日榜,day,hotlist,,2026-09-25 19:20:35
20,下班后跳一段恋爱的条件～,,1147,https://www.acfun.cn/v/ac48871308,https://tx-free-imgs.acfun.cn/newUpload/43459034_9aa96c2a93884a3891b73b05298d8521.jpg?imageslim,AcFun,日榜,day,hotlist,,2026-09-25 19:20:35
21,新肤色超辣！,,1088,https://www.acfun.cn/v/ac48863964,https://tx-free-imgs.acfun.cn/newUpload/12439728_70c7284ba2724c048fb5266f61c33e34.png?imageslim,AcFun,日榜,day,hotlist,,2026-09-25 19:20:35
22,【绘画过程】9月保底《金秋》,大家中秋快乐！<br/>本月的保底是百贴布~ 某宝同步预售。,1202,https://www.acfun.cn/v/ac48872808,https://tx-free-imgs.acfun.cn/newUpload/179922_630934cb2f3245e5a4a4020570f61eca.png?imageslim,AcFun,日榜,day,hotlist,,2026-09-25 19:20:35
23,空姐OL~第57次取消发送,中秋节快乐,1097,https://www.acfun.cn/v/ac48872674,https://tx-free-imgs.acfun.cn/newUpload/14539629_46621bdc88a44c63be63172c5ba6cb6a.jpeg?imageslim,AcFun,日榜,day,hotlist,,2026-09-25 19:20:35
24,这造型要搞什么事,,1053,https://www.acfun.cn/v/ac48871564,https://tx-free-imgs.acfun.cn/newUpload/23537620_b339cff7367d45adae4b27713593b806.png?imageslim,AcFun,日榜,day,hotlist,,2026-09-25 19:20:35
25,我终于明白什么都不缺的含金量！,,886,https://www.acfun.cn/v/ac48872781,https://tx-free-imgs.acfun.cn/newUpload/6177430_06f5f9b03edd4f73a3dfeba4cf78db16.jpeg?imageslim,AcFun,日榜,day,hotlist,,2026-09-25 19:20:35
26,「JOJO的奇妙冒险 飙马野郎」第2话,,2261,https://www.acfun.cn/v/ac48872740,https://tx-free-imgs.acfun.cn/newUpload/72840608_8177e8338653484d82c88c1363a737f4.png?imageslim,AcFun,日榜,day,hotlist,,2026-09-25 19:20:35
27,绿梦：时空之声公测定档！公测版本全面优化！,绿梦：时空之声公测定档！公测版本全面优化！,1328,https://www.acfun.cn/v/ac48871268,https://tx-free-imgs.acfun.cn/newUpload/63104383_33b9de6d951a4ca0b5a7b9dfc2fc748e.gif?imageslim,AcFun,日榜,day,hotlist,,2026-09-25 19:20:35
28,【牛子组合】凉凉,世事一场大梦，人生几度秋凉，祝大家26年中秋快乐,1074,https://www.acfun.cn/v/ac48870493,https://tx-free-imgs.acfun.cn/newUpload/358616_22f2cb85fdca497ab5cd556c984493d6.png?imageslim,AcFun,日榜,day,hotlist,,2026-09-25 19:20:35
29,【柯基】《金风玉露》～～～晚风啊～～～,,1038,https://www.acfun.cn/v/ac48872627,https://tx-free-imgs.acfun.cn/newUpload/29493245_88171143b6bd4aa6885743ffe64d6584.png?imageslim,AcFun,日榜,day,hotlist,,2026-09-25 19:20:35
30,22.称霸水下四亿年，人类最古老的远房祖先：硬骨鱼总纲,22.称霸水下四亿年，人类最古老的远房祖先：硬骨鱼总纲,1083,https://www.acfun.cn/v/ac48871354,https://tx-free-imgs.acfun.cn/newUpload/28933912_40dcb39f039045868ae364582e4a1797.jpeg?imageslim,AcFun,日榜,day,hotlist,,2026-09-25 19:20:35
31,这新番要不是霸权！我家狗都不信啊！十月最无悬念的提前吹爆！,这新番要不是霸权！我家狗都不信啊！十月最无悬念的提前吹爆！,1167,https://www.acfun.cn/v/ac48871615,https://tx-free-imgs.acfun.cn/newUpload/13467496_654fcc0446324342b35eef2b72d45df4.jpeg?imageslim,AcFun,日榜,day,hotlist,,2026-09-25 19:20:35
32,另一版,之前还拍了一版，但是感觉镜头太晃了,1063,https://www.acfun.cn/v/ac48871588,https://tx-free-imgs.acfun.cn/newUpload/12954767_f420f9f6197c43d4bb14421c32d81bbb.png?imageslim,AcFun,日榜,day,hotlist,,2026-09-25 19:20:35
33,T-ara Bo Peep Bo Peep,,1245,https://www.acfun.cn/v/ac48869397,https://tx-free-imgs.acfun.cn/newUpload/795184_1876bec3bc5d43d6b42da8060c06a34a.jpeg?imageslim,AcFun,日榜,day,hotlist,,2026-09-25 19:20:35
34,艺术欣赏,,1309,https://www.acfun.cn/v/ac48871987,https://tx-free-imgs.acfun.cn/newUpload/2742252_cb96fa8c85b847afb6618ecf730b5f70.jpg?imageslim,AcFun,日榜,day,hotlist,,2026-09-25 19:20:35
35,“原来和思念的人相见，就是人们常说的团圆” | 愿年年有今夜《妙妙人间》,「愿岁岁年年有此夜。」<br/>To : 虽然隔着屏幕，但同一轮月亮也让我们团圆在这里。中秋快乐呀~<br/>==========<br/>《妙妙人间》<br/>原唱：张含韵<br/>混音：饭団子p<br/>翻唱&视频：露纱琳黛,515,https://www.acfun.cn/v/ac48871599,https://tx-free-imgs.acfun.cn/newUpload/69790459_0b53ce48e1c7437c9bdd3cf45d53de8f.jpeg?imageslim,AcFun,日榜,day,hotlist,,2026-09-25 19:20:35
36,拼凑的断音,动作有做方向上的一些改动等<br/>歌曲：拼凑的断音-（舞蹈：あおい aoi とみたけ tomitake）,459,https://www.acfun.cn/v/ac48871758,https://tx-free-imgs.acfun.cn/newUpload/12229455_ccda2f5ac69244d1aa813dc04c9a63d5.jpeg?imageslim,AcFun,日榜,day,hotlist,,2026-09-25 19:20:35
37,白井黑子·佐天泪子 中秋月色双人手势舞【AI动画/超清】,本人本地部署的AI生成图片视频模型制作，硬件英伟达显卡RTX5070TI 16G+96G DDR5 6000内存，花费2小时合成.<br/>这次引入新的二次元动漫人物模型，二次元脸部质量效果会更好些，同时步数可以适当降低，降本增效。引入后期处理工具修复强化背景<br/><br/>人物：佐天泪子 白井黑子<br/>舞蹈技术与BGM：网红手势舞<br/>场景：中秋月色,1095,https://www.acfun.cn/v/ac48871101,https://tx-free-imgs.acfun.cn/newUpload/46764084_397c08849b344139b09a46fb71f814b3.png?imageslim,AcFun,日榜,day,hotlist,,2026-09-25 19:20:35
38,“狐蝠”亡命天涯半世纪,,1403,https://www.acfun.cn/v/ac48871667,https://tx-free-imgs.acfun.cn/newUpload/3592774_514c8455f636400c949adc88c25d0e83.jpeg?imageslim,AcFun,日榜,day,hotlist,,2026-09-25 19:20:35
39,社畜身份不是你精致生活的角色扮演,,1026,https://www.acfun.cn/v/ac48871467,https://tx-free-imgs.acfun.cn/newUpload/14013875_ec82a37907ff4565a6f6f6d916bd7117.png?imageslim,AcFun,日榜,day,hotlist,,2026-09-25 19:20:35
40,小兔-20260923 abracadabra 上下 恋爱的条件 成人礼 晚安吻,,1148,https://www.acfun.cn/v/ac48870476,https://tx-free-imgs.acfun.cn/newUpload/78055394_4dcf7a6688cb4a1994bd96389cc84b38.jpeg?imageslim,AcFun,日榜,day,hotlist,,2026-09-25 19:20:35
41,【官方双语】存储价格飞涨  蓝光会是那个意想不到的解决方案吗?#linus谈科技,,1041,https://www.acfun.cn/v/ac48872033,https://tx-free-imgs.acfun.cn/newUpload/1630166_48020992cf374f349c36bc0d54f08d91.jpeg?imageslim,AcFun,日榜,day,hotlist,,2026-09-25 19:20:35
42,低腰牛仔裤,,1148,https://www.acfun.cn/v/ac48872338,https://tx-free-imgs.acfun.cn/newUpload/24775015_326be0e2724c4efea103cec5d8dc110a.png?imageslim,AcFun,日榜,day,hotlist,,2026-09-25 19:20:35
43,桢-20260923 abracadabra,,1123,https://www.acfun.cn/v/ac48870552,https://tx-free-imgs.acfun.cn/newUpload/78055394_f7c161e6bccd480f9b8a372dd55c3678.jpeg?imageslim,AcFun,日榜,day,hotlist,,2026-09-25 19:20:35
44,香煎盐焗鸡｜简单到不可能失败，外焦里嫩巨好吃,,498,https://www.acfun.cn/v/ac48870521,https://tx-free-imgs.acfun.cn/newUpload/1383198_a8487ee2fe9849dc9807f9da5d193fb1.jpeg?imageslim,AcFun,日榜,day,hotlist,,2026-09-25 19:20:35
45,中秋节快乐呀！！,,388,https://www.acfun.cn/v/ac48872753,https://tx-free-imgs.acfun.cn/newUpload/25756908_e40f0ac3bdb34aa6a05629d19ec12f7c.png?imageslim,AcFun,日榜,day,hotlist,,2026-09-25 19:20:35
46,【1080P.奇幻冒险】JOJO的奇妙冒险 飙马野郎 (2026)第七季 第二集,1890年，一场世纪大赛“SBR”于美国举开。全长共6000公里，是人类史上第一场骑乘马匹横越北美大陆的比赛！为了拿下高达5千万美元（60亿日元）的冠军奖金，一群强悍的冒险家们正式展开了他们的争战！,863,https://www.acfun.cn/v/ac48872840,https://tx-free-imgs.acfun.cn/newUpload/903432_bb4a52ee7e3e42cc853e5ff0b8a21e0d.png?imageslim,AcFun,日榜,day,hotlist,,2026-09-25 19:20:35
47,［热血编年史/精灵篇06］二分钟精华版［年费系列］ 混沌·圣尊天玄 是原形态觉醒补强,混沌·圣尊天玄,148,https://www.acfun.cn/v/ac48872435,https://tx-free-imgs.acfun.cn/newUpload/77016698_ce8e9b43406e489f8e5237d57655d6f3.png?imageslim,AcFun,日榜,day,hotlist,,2026-09-25 19:20:35
48,绝顶性感黑丝【DazzlingRed】舞蹈翻跳,,1175,https://www.acfun.cn/v/ac48871722,https://tx-free-imgs.acfun.cn/newUpload/28629507_651036189fde4ffabea2957b7a006984.png?imageslim,AcFun,日榜,day,hotlist,,2026-09-25 19:20:35
49,告女子书！,,400,https://www.acfun.cn/v/ac48872722,https://tx-free-imgs.acfun.cn/newUpload/16380981_45b2d4d6fdb34b34876bc5e8fcdaca47.png?imageslim,AcFun,日榜,day,hotlist,,2026-09-25 19:20:35
50,如果我和她恋爱的话……,,331,https://www.acfun.cn/v/ac48871545,https://tx-free-imgs.acfun.cn/newUpload/2277346_de526594356a4c9f90b71bf5823054e6.jpg?imageslim,AcFun,日榜,day,hotlist,,2026-09-25 19:20:35
1,是谁点的小恶魔，蕉出来～,,5943,https://www.acfun.cn/v/ac48867778,https://tx-free-imgs.acfun.cn/newUpload/17062172_6098fee67d1748e0ab5dab3b5665736c.jpg?imageslim,AcFun,三日榜,three-days,hotlist,,2026-09-25 19:20:35
2,《野生动物迷惑行为》,喜欢请投蕉啊   谢谢啦！,2830,https://www.acfun.cn/v/ac48868360,https://tx-free-imgs.acfun.cn/newUpload/1342385_3fab348c538e4c0fa001871a708fe302.jpeg?imageslim,AcFun,三日榜,three-days,hotlist,,2026-09-25 19:20:35
3,漫威金刚狼深陷争议！SweetBaby又毁一款？【绅批】,这算是DEI的历史遗留问题了，所有现在已经从sweetbaby离职的人，只要参与过游戏制作也会被署名（比如桥本和真）,2866,https://www.acfun.cn/v/ac48868810,https://tx-free-imgs.acfun.cn/newUpload/526850_ca1da1572b1d494a93e2f6bab46cf76b.jpeg?imageslim,AcFun,三日榜,three-days,hotlist,,2026-09-25 19:20:35
4,我真的是来吃饭的！★手机竖屏2013★,审核大大辛苦了！<br/>谢谢每一个投蕉的帅哥美女！香蕉没有来个赞也好啊！<br/>视频来自快手等平台，侵权联系删除！,3735,https://www.acfun.cn/v/ac48869145,https://tx-free-imgs.acfun.cn/newUpload/2176158_eb4b69370b8f435aa2b171e72403d356.gif?imageslim,AcFun,三日榜,three-days,hotlist,,2026-09-25 19:20:35
5,因为害怕被讨厌 所以把自己藏起来了,,2967,https://www.acfun.cn/v/ac48871331,https://tx-free-imgs.acfun.cn/newUpload/11361784_3d4bd69b46f541e184c2922c24f09276.jpg?imageslim,AcFun,三日榜,three-days,hotlist,,2026-09-25 19:20:35
6,娃：真遗憾，本来打算亲自告诉你们的,嘿嘿希望大家都万事顺意～心想事成,2720,https://www.acfun.cn/v/ac48871740,https://tx-free-imgs.acfun.cn/newUpload/17062172_d1a93166ed084e3aadac2fea4bba0707.jpg?imageslim,AcFun,三日榜,three-days,hotlist,,2026-09-25 19:20:35
7,mr chu!!好怀念这首歌,,2078,https://www.acfun.cn/v/ac48869375,https://tx-free-imgs.acfun.cn/newUpload/16380981_19592eb83a88429695ee1a0508fc3df0.png?imageslim,AcFun,三日榜,three-days,hotlist,,2026-09-25 19:20:35
8,拳击好啊，拳击得学！欢乐八点档-1781,审核大大辛苦了！<br/>免费的香蕉投一下吧，没有那就点个赞吧，这对我来说很重要，谢谢！！！<br/>谢谢每一个投蕉的帅哥美女！你们是我坚持更新的动力！<br/>视频来自快手等平台，侵权联系删除！,4065,https://www.acfun.cn/v/ac48868336,https://tx-free-imgs.acfun.cn/newUpload/2176158_3f6c601293a54468bae97f781440217b.gif?imageslim,AcFun,三日榜,three-days,hotlist,,2026-09-25 19:20:35
9,北京豆汁会惩罚每一个好奇的人！欢乐八点档-1780,审核大大辛苦了！<br/>免费的香蕉投一下吧，没有那就点个赞吧，这对我来说很重要，谢谢！！！<br/>谢谢每一个投蕉的帅哥美女！你们是我坚持更新的动力！<br/>视频来自快手等平台，侵权联系删除！,4430,https://www.acfun.cn/v/ac48865965,https://tx-free-imgs.acfun.cn/newUpload/2176158_ec83e6fb2ffc4005b41881ac13dbaeca.gif?imageslim,AcFun,三日榜,three-days,hotlist,,2026-09-25 19:20:35
10,网络上常见的热门短视频集锦   第三千四百四十五期,审核大大辛苦了！<br/>谢谢每一个投蕉的帅哥美女！香蕉没有来个赞也好啊！<br/>视频来自快手等平台，侵权联系删除！,3886,https://www.acfun.cn/v/ac48866824,https://tx-free-imgs.acfun.cn/newUpload/2176158_dba921eb42f14c7ba31a1af83bfe71ce.gif?imageslim,AcFun,三日榜,three-days,hotlist,,2026-09-25 19:20:35
11,这样的学姐喜欢吗？欢乐八点档-1782,审核大大辛苦了！<br/>免费的香蕉投一下吧，没有那就点个赞吧，这对我来说很重要，谢谢！！！<br/>谢谢每一个投蕉的帅哥美女！你们是我坚持更新的动力！<br/>视频来自快手等平台，侵权联系删除！,3467,https://www.acfun.cn/v/ac48870057,https://tx-free-imgs.acfun.cn/newUpload/2176158_4c1f3b60f73e451abc443941d47305d8.gif?imageslim,AcFun,三日榜,three-days,hotlist,,2026-09-25 19:20:35
12,空中瑜伽！！！★手机竖屏2012★,审核大大辛苦了！<br/>谢谢每一个投蕉的帅哥美女！香蕉没有来个赞也好啊！<br/>视频来自快手等平台，侵权联系删除！,4378,https://www.acfun.cn/v/ac48866821,https://tx-free-imgs.acfun.cn/newUpload/2176158_610807af48f5463a891fc9f341c9b16f.gif?imageslim,AcFun,三日榜,three-days,hotlist,,2026-09-25 19:20:35
13,厨师长教你：“鱼香肉丝”的家常做法，酸甜微辣，口感丰富,,2023,https://www.acfun.cn/v/ac48867741,https://tx-free-imgs.acfun.cn/newUpload/13274260_93e68d1098d04ffca2683655a6a404c2.jpeg?imageslim,AcFun,三日榜,three-days,hotlist,,2026-09-25 19:20:35
14,姛姛？！蝴蝶耳机Manget中文翻唱【箐羽Hane】x【缇若柯Teivoc】,“是否你确实表里如一淡然，还是说你——并不似我贪婪？”<br/>《Manget》磁石 / 蝴蝶耳机 - 中文翻唱<br/>原作作曲 / 流星P<br/>曲绘&翻唱 / 箐羽hane & 缇若柯Teivoc<br/>中文填词 / 果汁凉菜<br/>混音 / 风尘<br/>和笋笋一起唱了我们二次元姛神曲！曲绘也是我和笋笋每个人负责了自己的部分最后再拼到一起的！真好！( *^ ^)o(^ ^* )希望大家也能喜欢！,1581,https://www.acfun.cn/v/ac48869340,https://tx-free-imgs.acfun.cn/newUpload/67511609_d868cdbd6b1849e8958696cdc9db1493.jpeg?imageslim,AcFun,三日榜,three-days,hotlist,,2026-09-25 19:20:35
15,嘴角压不住了【今天有什么好笑的 #2515】,：），谢谢大家的投蕉和点赞，祝你开心愉快~<br/>wallpaper壁纸：Genshin 神里绫华<br/>BGM：Wake me up when september ends,2377,https://www.acfun.cn/v/ac48868130,https://tx-free-imgs.acfun.cn/newUpload/383079_ef65121591434d2b86d53db1622776cd.gif?imageslim,AcFun,三日榜,three-days,hotlist,,2026-09-25 19:20:35
16,现在电脑不好卖了，以后我们出租AI机器人吧,,1959,https://www.acfun.cn/v/ac48867767,https://tx-free-imgs.acfun.cn/newUpload/17928_c684f06231604145b533a0f00627c624.png?imageslim,AcFun,三日榜,three-days,hotlist,,2026-09-25 19:20:35
17,我要冲会员【今天有什么好笑的 #2516】,：），谢谢大家的投蕉和点赞，祝你开心愉快~<br/>wallpaper壁纸：Reze | Chainsaw Man<br/>BGM：Nicoleta Matei - Love mail<br/>,2342,https://www.acfun.cn/v/ac48870763,https://tx-free-imgs.acfun.cn/newUpload/383079_47b0fc3f458042f5bd3717967e55c598.gif?imageslim,AcFun,三日榜,three-days,hotlist,,2026-09-25 19:20:35
18,网络上常见的热门短视频集锦   第三千四百四十六期,审核大大辛苦了！<br/>谢谢每一个投蕉的帅哥美女！香蕉没有来个赞也好啊！<br/>视频来自快手等平台，侵权联系删除！,3625,https://www.acfun.cn/v/ac48867732,https://tx-free-imgs.acfun.cn/newUpload/2176158_2ec1d99da19a48e0a8e4ff2a2447e612.gif?imageslim,AcFun,三日榜,three-days,hotlist,,2026-09-25 19:20:35
19,网络上常见的热门短视频集锦   第三千四百四十八期,审核大大辛苦了！<br/>谢谢每一个投蕉的帅哥美女！香蕉没有来个赞也好啊！<br/>视频来自快手等平台，侵权联系删除！,3361,https://www.acfun.cn/v/ac48870020,https://tx-free-imgs.acfun.cn/newUpload/2176158_d65e54f4e9ee489b86b6fc28c31c84ee.gif?imageslim,AcFun,三日榜,three-days,hotlist,,2026-09-25 19:20:35
20,交通事故20260923：交通车祸实例，提高安全驾驶意识,,1435,https://www.acfun.cn/v/ac48868861,https://tx-free-imgs.acfun.cn/newUpload/76871961_edea5de6659a4cd2b733a74989043440.jpg?imageslim,AcFun,三日榜,three-days,hotlist,,2026-09-25 19:20:35
21,裸足圆脸仙女下凡～跳一曲千里邀月【可心喵】,,1405,https://www.acfun.cn/v/ac48872448,https://tx-free-imgs.acfun.cn/newUpload/12892608_6691690fd8e944278bda5d5390e1e5a9.jpg?imageslim,AcFun,三日榜,three-days,hotlist,,2026-09-25 19:20:35
22,沦陷️,歌曲舞蹈：沦陷dj版-星奇摇   动作有改编,1675,https://www.acfun.cn/v/ac48869381,https://tx-free-imgs.acfun.cn/newUpload/12229455_aacf9da97a0940ad8e5f0b509d9cc159.jpeg?imageslim,AcFun,三日榜,three-days,hotlist,,2026-09-25 19:20:35
23,网络上常见的热门短视频集锦   第三千四百四十七期,审核大大辛苦了！<br/>谢谢每一个投蕉的帅哥美女！香蕉没有来个赞也好啊！<br/>视频来自快手等平台，侵权联系删除！,3115,https://www.acfun.cn/v/ac48869149,https://tx-free-imgs.acfun.cn/newUpload/2176158_fdf9afe2e00a4a1aa62415c846776eaf.gif?imageslim,AcFun,三日榜,three-days,hotlist,,2026-09-25 19:20:35
24,人鱼的眼泪,歌曲舞蹈：爱乐之城-人鱼的眼泪,1546,https://www.acfun.cn/v/ac48867050,https://tx-free-imgs.acfun.cn/newUpload/12229455_130b1f041e6741dab4f6295ee27d927e.jpeg?imageslim,AcFun,三日榜,three-days,hotlist,,2026-09-25 19:20:35
25,老板直聘（89）,,1622,https://www.acfun.cn/v/ac48868552,https://tx-free-imgs.acfun.cn/newUpload/74706824_db2c7ba15c5d4aa18872db6b0763b7ca.jpeg?imageslim,AcFun,三日榜,three-days,hotlist,,2026-09-25 19:20:35
26,常州新开巴西烤肉自助，100块钱值得吗？,这是我目前为止，去过的第二家巴西烤肉自助，团购优惠的情况下，花了94元。正常价格在95~110不等<br/><br/>简单带大家看下菜品，除了取餐台这么些，各种牛肉制品、大串烧烤都是循环上桌，大家觉得这么些菜式花样，100块钱左右你们觉得贵还是便宜啊，觉得贵的扣1，觉得便宜的扣2,1850,https://www.acfun.cn/v/ac48868891,https://tx-free-imgs.acfun.cn/newUpload/2046675_bf3a59ddff624646850829452262094e.jpeg?imageslim,AcFun,三日榜,three-days,hotlist,,2026-09-25 19:20:35
27,原创编舞《千层套路》的定机位竖屏来啦！,,1616,https://www.acfun.cn/v/ac48869245,https://tx-free-imgs.acfun.cn/newUpload/16380981_24bafd11c027499d9fe6820162faa782.png?imageslim,AcFun,三日榜,three-days,hotlist,,2026-09-25 19:20:35
28,北京的最北端在黑龙江？？？国内飞地是怎么形成的？,这份中国地图，是你从未看过的船新版本，放大几倍就会发现，在大家熟悉的各个省份中，还藏着一堆 “你中有我、我中有你” 的飞地。,1785,https://www.acfun.cn/v/ac48867896,https://tx-free-imgs.acfun.cn/newUpload/13630266_cc2428a99a42453f99c9e1306e7a43bb.jpeg?imageslim,AcFun,三日榜,three-days,hotlist,,2026-09-25 19:20:35
29,我要辞职了！,,1672,https://www.acfun.cn/v/ac48863957,https://tx-free-imgs.acfun.cn/newUpload/12439728_7c57a0735675474590bf7b25e1a34527.png?imageslim,AcFun,三日榜,three-days,hotlist,,2026-09-25 19:20:35
30,发个friend圈,,1508,https://www.acfun.cn/v/ac48863958,https://tx-free-imgs.acfun.cn/newUpload/12439728_b44cb67ae45a4c179b08227368f4159c.png?imageslim,AcFun,三日榜,three-days,hotlist,,2026-09-25 19:20:35
31,捏捏已经已进化到可以吃的地步啦？,,1622,https://www.acfun.cn/v/ac48868638,https://tx-free-imgs.acfun.cn/newUpload/6177430_486c910212d548c991eeb140f146a6ed.jpeg?imageslim,AcFun,三日榜,three-days,hotlist,,2026-09-25 19:20:35
32,奥迪“宫斗”十年大结局？一汽拿四环，上汽拿AUDI,一汽奥迪和上汽奥迪“宫斗”了十年，终于要划下句号了？,1666,https://www.acfun.cn/v/ac48870981,https://tx-free-imgs.acfun.cn/newUpload/13630266_3fde785be5a2411495618f67d01ab66a.jpeg?imageslim,AcFun,三日榜,three-days,hotlist,,2026-09-25 19:20:35
33,在英国差点被上门诈骗,可能看到我一人在家，就大胆敲门了，还好平常也会注意周边邻居，没发生什么事儿，这个金额就算被骗也不会报警，以后还是要小心一些了。#英国日常#vlog,1625,https://www.acfun.cn/v/ac48869505,https://tx-free-imgs.acfun.cn/newUpload/43181603_1c8c6c487a864d098b5e7e7bf2a12c6a.jpg?imageslim,AcFun,三日榜,three-days,hotlist,,2026-09-25 19:20:35
34,【锅锅x怀瑜x阔落】千里邀月——共饮此杯赏此月，夜好眠,中秋到了，和姐妹们合唱了千里邀月~~<br/>乐：可乐祝大家身体健康，永不加班，月圆人团圆<br/>鱼：怀瑜愿诸位财源广进，常能摸鱼，花好月更圆<br/>锅：锅锅祝大家桂香满锅，早归赏月，饼甜心更甜<br/>祝大家中秋快乐~,1491,https://www.acfun.cn/v/ac48871580,https://tx-free-imgs.acfun.cn/newUpload/67206930_e47be8dbac2546e1b5a4a831e71dabe4.jpeg?imageslim,AcFun,三日榜,three-days,hotlist,,2026-09-25 19:20:35
35,我终于瘦到120斤以下了！,,1646,https://www.acfun.cn/v/ac48867016,https://tx-free-imgs.acfun.cn/newUpload/16380981_906db098cf5d4eaca57bde52b0ae8bf2.jpg?imageslim,AcFun,三日榜,three-days,hotlist,,2026-09-25 19:20:35
36,《奶凶奶凶的漫威金刚狼！》,游戏名：《漫威金刚狼》- Marvel s Wolverine<br/>直播玩了15小时左右一周目通关啦~(*^▽^*)开心，这期是切片呦~,1838,https://www.acfun.cn/v/ac48866669,https://tx-free-imgs.acfun.cn/newUpload/61352468_cb62bfe2e19c4f35804259fac7f8c226.jpeg?imageslim,AcFun,三日榜,three-days,hotlist,,2026-09-25 19:20:35
37,嘉蒂丝模型曝光！很大！策划团队产能恢复？,明天新角色就要上了，技系直接立于天上。,1863,https://www.acfun.cn/v/ac48866809,https://tx-free-imgs.acfun.cn/newUpload/247671_ee6def92d94a4ab1b770fa166f4de4b7.jpeg?imageslim,AcFun,三日榜,three-days,hotlist,,2026-09-25 19:20:35
38,换你穿越三国乱世，你是起兵还是种田？,有没有宝贝和我一样，看三国的时候总在想，如果换我身在那个乱世，我会怎么样？是起兵争霸，还是归隐山林？ 或是是咱们可以选三国里有名的角色或者可以架空历史从素人做起，一统三国，那会怎么样?我最近就玩了这么一款游戏，一玩就是五个小时，根本停不下来，那今天来聊聊这款开放世界slg游戏《英雄立志传：三国志》~<br/>,1746,https://www.acfun.cn/v/ac48869043,https://tx-free-imgs.acfun.cn/newUpload/61352468_39715609bed041b98b21f3dbb482ad70.jpeg?imageslim,AcFun,三日榜,three-days,hotlist,,2026-09-25 19:20:35
39,拜托了，夫人！★手机竖屏2014★,审核大大辛苦了！<br/>谢谢每一个投蕉的帅哥美女！香蕉没有来个赞也好啊！<br/>视频来自快手等平台，侵权联系删除！,2148,https://www.acfun.cn/v/ac48871493,https://tx-free-imgs.acfun.cn/newUpload/2176158_afaf0913878443b1bc00d636136ffce3.gif?imageslim,AcFun,三日榜,three-days,hotlist,,2026-09-25 19:20:35
40,【东方】QUEEN【蕾米莉亚 Miy Ver. MMD】,作者：やくも<br/><br/>楽曲:Kanaria 様→https://www.nicovideo.jp/watch/sm4088...<br/>振付:AKIRA様<br/>モーション:P-nez 様→https://www.nicovideo.jp/watch/sm4350...<br/>カメラ:Mizuha様→https://www.nicovideo.jp/watch/sm4353...<br/>モデル:MIy様<br/>ステージ:栗ごはん様<br/>アクセサリ:アスカ様,1210,https://www.acfun.cn/v/ac48870080,https://tx-free-imgs.acfun.cn/newUpload/6102_6a4dce20c9b74fa0bbdff3ccc0a73c5d.png?imageslim,AcFun,三日榜,three-days,hotlist,,2026-09-25 19:20:35
41,你吃月饼了吗？,,1426,https://www.acfun.cn/v/ac48869054,https://tx-free-imgs.acfun.cn/newUpload/1167675_8f48723afb0e41ecbe772249b3f4df1a.jpg?imageslim,AcFun,三日榜,three-days,hotlist,,2026-09-25 19:20:35
42,抱紧原生家庭（90）,,1410,https://www.acfun.cn/v/ac48867786,https://tx-free-imgs.acfun.cn/newUpload/74706824_fcc9a2386aff4fb0b3ecd158e3c6b97f.png?imageslim,AcFun,三日榜,three-days,hotlist,,2026-09-25 19:20:35
43,网络上常见的热门短视频集锦   第三千四百四十九期,审核大大辛苦了！<br/>谢谢每一个投蕉的帅哥美女！香蕉没有来个赞也好啊！<br/>视频来自快手等平台，侵权联系删除！,1675,https://www.acfun.cn/v/ac48871496,https://tx-free-imgs.acfun.cn/newUpload/2176158_cf20f7722011491da25ce2efbc799dba.gif?imageslim,AcFun,三日榜,three-days,hotlist,,2026-09-25 19:20:35
44,这套皮肤真的很喜欢,,1340,https://www.acfun.cn/v/ac48871657,https://tx-free-imgs.acfun.cn/newUpload/16380981_ac9640e59a3a42e093fcee0a0b81d474.jpg?imageslim,AcFun,三日榜,three-days,hotlist,,2026-09-25 19:20:35
45,【柯基】papi酱《生气了》｜oh my god你吓到我了,,1425,https://www.acfun.cn/v/ac48867295,https://tx-free-imgs.acfun.cn/newUpload/29493245_980e56a85587473a82c7499c2ed115cb.png?imageslim,AcFun,三日榜,three-days,hotlist,,2026-09-25 19:20:35
46,只有刀鸣最小丑？各大游戏千年血战联动盘点！,300英雄的含金量还在上升,1930,https://www.acfun.cn/v/ac48869154,https://tx-free-imgs.acfun.cn/newUpload/247671_7d920e56c00e4af39fed560bf094f965.jpeg?imageslim,AcFun,三日榜,three-days,hotlist,,2026-09-25 19:20:35
47,极限竞速地平线6：0.01 秒绝杀！GMC 反超宝马 X6M 越野赛,骄兵必败，我深刻的体验到了这句话的含义。,1497,https://www.acfun.cn/v/ac48867212,https://tx-free-imgs.acfun.cn/newUpload/11602352_36f126479072481b9dd82c3ea4d19f3b.jpeg?imageslim,AcFun,三日榜,three-days,hotlist,,2026-09-25 19:20:35
48,网络上常见的热门短视频集锦   第三千四百五十期,审核大大辛苦了！<br/>谢谢每一个投蕉的帅哥美女！香蕉没有来个赞也好啊！<br/>视频来自快手等平台，侵权联系删除！,1413,https://www.acfun.cn/v/ac48872279,https://tx-free-imgs.acfun.cn/newUpload/2176158_a96ecd95394b4517928ac111407f75b1.gif?imageslim,AcFun,三日榜,three-days,hotlist,,2026-09-25 19:20:35
49,发怒了好多次哈哈哈哈，最后一遍最好！,,1413,https://www.acfun.cn/v/ac48867030,https://tx-free-imgs.acfun.cn/newUpload/16380981_8a800edc429e47809b3a0e69ec22c530.jpg?imageslim,AcFun,三日榜,three-days,hotlist,,2026-09-25 19:20:35
50,【无字幕】《JOJO的奇妙冒险 飙马野郎 》Part 2 NCOP「SPIN」,,1617,https://www.acfun.cn/v/ac48869632,https://tx-free-imgs.acfun.cn/newUpload/30501027_aae616c323af422bb4da842c191d69ce.png?imageslim,AcFun,三日榜,three-days,hotlist,,2026-09-25 19:20:35
1,剑戟战斗的巅峰 关卡内容的洼地 偏科严重的《鬼武者：剑之道》,它给人爽的部分是真的爽，但是在每次爽之前，你得堵不少马桶，先生。,4441,https://www.acfun.cn/v/ac48859506,https://tx-free-imgs.acfun.cn/newUpload/934542_5d98ad80ca9c4307b5cdc2051c11cb50.jpeg?imageslim,AcFun,周榜,week,hotlist,,2026-09-25 19:20:35
2,是谁点的小恶魔，蕉出来～,,5943,https://www.acfun.cn/v/ac48867778,https://tx-free-imgs.acfun.cn/newUpload/17062172_6098fee67d1748e0ab5dab3b5665736c.jpg?imageslim,AcFun,周榜,week,hotlist,,2026-09-25 19:20:35
3,跳最开心的一集,,3967,https://www.acfun.cn/v/ac48860571,https://tx-free-imgs.acfun.cn/newUpload/50330447_79a3f269514140c29e7a85fb7c9dc94c.jpg?imageslim,AcFun,周榜,week,hotlist,,2026-09-25 19:20:35
4,喜欢哪套？,,6748,https://www.acfun.cn/v/ac48861422,https://tx-free-imgs.acfun.cn/newUpload/3540234_729e0d22251f439da3735f26e58d174f.jpg?imageslim,AcFun,周榜,week,hotlist,,2026-09-25 19:20:35
5,过期JK碎碎念！,家人们记得蕉一蕉捏 啾咪,5865,https://www.acfun.cn/v/ac48859219,https://tx-free-imgs.acfun.cn/newUpload/17062172_5dd6ea8b5f2741ff87f0911db6dfb909.jpg?imageslim,AcFun,周榜,week,hotlist,,2026-09-25 19:20:35
6,人间琴悠扬，姑娘把谁记心上～,,2716,https://www.acfun.cn/v/ac48863143,https://tx-free-imgs.acfun.cn/newUpload/50330447_938d77716a11477e843914663278ff07.jpg?imageslim,AcFun,周榜,week,hotlist,,2026-09-25 19:20:35
7,开学对各省舍友的刻板印象,,4228,https://www.acfun.cn/v/ac48857410,https://tx-free-imgs.acfun.cn/newUpload/13114172_24dabc4c47ec46458d7cdfcc1cd2ee88.jpeg?imageslim,AcFun,周榜,week,hotlist,,2026-09-25 19:20:35
8,《动物迷惑行为大赏325》,喜欢请投蕉啊 谢谢啦！,2631,https://www.acfun.cn/v/ac48861293,https://tx-free-imgs.acfun.cn/newUpload/1342385_03080470038d444a95ce01ff6a6aeb9f.jpeg?imageslim,AcFun,周榜,week,hotlist,,2026-09-25 19:20:35
9,《动物游戏行为图鉴》,喜欢请投蕉啊 谢谢啦！,2817,https://www.acfun.cn/v/ac48857450,https://tx-free-imgs.acfun.cn/newUpload/1342385_485bc20a4c164df2928409b209fa9afc.jpeg?imageslim,AcFun,周榜,week,hotlist,,2026-09-25 19:20:35
10,双马尾小女仆带来的情绪摇～,,3969,https://www.acfun.cn/v/ac48861966,https://tx-free-imgs.acfun.cn/newUpload/11361784_8cee0402b4754b1e82f85b7099791793.jpg?imageslim,AcFun,周榜,week,hotlist,,2026-09-25 19:20:35
11,帮Acer问一下，地址在哪里？欢乐八点档-1779,审核大大辛苦了！<br/>免费的香蕉投一下吧，没有那就点个赞吧，这对我来说很重要，谢谢！！！<br/>谢谢每一个投蕉的帅哥美女！你们是我坚持更新的动力！<br/>视频来自快手等平台，侵权联系删除！,4457,https://www.acfun.cn/v/ac48863633,https://tx-free-imgs.acfun.cn/newUpload/2176158_ff69c3c797d5414e8056b329918cc5b6.gif?imageslim,AcFun,周榜,week,hotlist,,2026-09-25 19:20:35
12,【绘图过程】《海边》6周年纪念插图过程,6周年纪念插图挂画（预售）、沙滩巾（预售），阿宝已上架,3328,https://www.acfun.cn/v/ac48836990,https://tx-free-imgs.acfun.cn/newUpload/179922_9f95aba039e84f3594c3947b3c8fdd58.jpeg?imageslim,AcFun,周榜,week,hotlist,,2026-09-25 19:20:35
13,《野生动物迷惑行为》,喜欢请投蕉啊   谢谢啦！,2830,https://www.acfun.cn/v/ac48868360,https://tx-free-imgs.acfun.cn/newUpload/1342385_3fab348c538e4c0fa001871a708fe302.jpeg?imageslim,AcFun,周榜,week,hotlist,,2026-09-25 19:20:35
14,还是少妇会的多啊！★手机竖屏2011★,审核大大辛苦了！<br/>谢谢每一个投蕉的帅哥美女！香蕉没有来个赞也好啊！<br/>视频来自快手等平台，侵权联系删除！,5157,https://www.acfun.cn/v/ac48864360,https://tx-free-imgs.acfun.cn/newUpload/2176158_3d4f199fd93640468e543b9ee25ac4c0.gif?imageslim,AcFun,周榜,week,hotlist,,2026-09-25 19:20:35
15,漫威金刚狼深陷争议！SweetBaby又毁一款？【绅批】,这算是DEI的历史遗留问题了，所有现在已经从sweetbaby离职的人，只要参与过游戏制作也会被署名（比如桥本和真）,2866,https://www.acfun.cn/v/ac48868810,https://tx-free-imgs.acfun.cn/newUpload/526850_ca1da1572b1d494a93e2f6bab46cf76b.jpeg?imageslim,AcFun,周榜,week,hotlist,,2026-09-25 19:20:35
16,我真的是来吃饭的！★手机竖屏2013★,审核大大辛苦了！<br/>谢谢每一个投蕉的帅哥美女！香蕉没有来个赞也好啊！<br/>视频来自快手等平台，侵权联系删除！,3735,https://www.acfun.cn/v/ac48869145,https://tx-free-imgs.acfun.cn/newUpload/2176158_eb4b69370b8f435aa2b171e72403d356.gif?imageslim,AcFun,周榜,week,hotlist,,2026-09-25 19:20:35
17,因为害怕被讨厌 所以把自己藏起来了,,2967,https://www.acfun.cn/v/ac48871331,https://tx-free-imgs.acfun.cn/newUpload/11361784_3d4bd69b46f541e184c2922c24f09276.jpg?imageslim,AcFun,周榜,week,hotlist,,2026-09-25 19:20:35
18,钓鱼佬是真会享受！欢乐八点档-1777,审核大大辛苦了！<br/>免费的香蕉投一下吧，没有那就点个赞吧，这对我来说很重要，谢谢！！！<br/>谢谢每一个投蕉的帅哥美女！你们是我坚持更新的动力！<br/>视频来自快手等平台，侵权联系删除！,4597,https://www.acfun.cn/v/ac48858969,https://tx-free-imgs.acfun.cn/newUpload/2176158_c9d74d926c4c4d709a4b6b7769dffcca.gif?imageslim,AcFun,周榜,week,hotlist,,2026-09-25 19:20:35
19,娃：真遗憾，本来打算亲自告诉你们的,嘿嘿希望大家都万事顺意～心想事成,2720,https://www.acfun.cn/v/ac48871740,https://tx-free-imgs.acfun.cn/newUpload/17062172_d1a93166ed084e3aadac2fea4bba0707.jpg?imageslim,AcFun,周榜,week,hotlist,,2026-09-25 19:20:35
20,一波还未平息一波又来侵袭！★手机竖屏2010★,审核大大辛苦了！<br/>谢谢每一个投蕉的帅哥美女！香蕉没有来个赞也好啊！<br/>视频来自快手等平台，侵权联系删除！,4759,https://www.acfun.cn/v/ac48862013,https://tx-free-imgs.acfun.cn/newUpload/2176158_c4802142afc14d50b2cd775e67890cca.gif?imageslim,AcFun,周榜,week,hotlist,,2026-09-25 19:20:35
21,网络上常见的热门短视频集锦   第三千四百三十八期,审核大大辛苦了！<br/>谢谢每一个投蕉的帅哥美女！香蕉没有来个赞也好啊！<br/>视频来自快手等平台，侵权联系删除！,4440,https://www.acfun.cn/v/ac48858394,https://tx-free-imgs.acfun.cn/newUpload/2176158_38174e72af934b9e86687045b01f0dd3.gif?imageslim,AcFun,周榜,week,hotlist,,2026-09-25 19:20:35
22,mr chu!!好怀念这首歌,,2078,https://www.acfun.cn/v/ac48869375,https://tx-free-imgs.acfun.cn/newUpload/16380981_19592eb83a88429695ee1a0508fc3df0.png?imageslim,AcFun,周榜,week,hotlist,,2026-09-25 19:20:35
23,魔兽无限服禁金团引爆社区！但原教旨主义玩家才是最抽象的？【绅批】,所谓“严厉处罚“”顶格也就是封号，会根据情况由短至长，当然能不能具体实行就是另一回事了,3084,https://www.acfun.cn/v/ac48857248,https://tx-free-imgs.acfun.cn/newUpload/526850_b63f9e2a1bd04c38ac3c61257e0b87dd.jpeg?imageslim,AcFun,周榜,week,hotlist,,2026-09-25 19:20:35
24,还是少妇会啊！！！★手机竖屏2009★,审核大大辛苦了！<br/>谢谢每一个投蕉的帅哥美女！香蕉没有来个赞也好啊！<br/>视频来自快手等平台，侵权联系删除！,4883,https://www.acfun.cn/v/ac48859515,https://tx-free-imgs.acfun.cn/newUpload/2176158_d4e9e6e30f4446319f9e720adfe35ef9.gif?imageslim,AcFun,周榜,week,hotlist,,2026-09-25 19:20:35
25,【AC娘】琵琶曲,原作者：Kotte Animation<br/>还有瑕疵，看个乐吧,3132,https://www.acfun.cn/v/ac48864492,https://tx-free-imgs.acfun.cn/newUpload/41729435_02cbd995b6d54f508eb21d3cb8621903.jpeg?imageslim,AcFun,周榜,week,hotlist,,2026-09-25 19:20:35
26,25年了，回坊天花板小酥肉，还是那个味儿,记忆中的味道，回来了，都回来了……<br/>一口椒麻一口鲜，大口吃肉，配上热腾腾的米饭，绝了。<br/>素三鲜也是无敌的存在！,2527,https://www.acfun.cn/v/ac48865538,https://tx-free-imgs.acfun.cn/newUpload/13765438_9bc4a0abf32a4c1aa3e83c844de84649.jpeg?imageslim,AcFun,周榜,week,hotlist,,2026-09-25 19:20:35
27,拳击好啊，拳击得学！欢乐八点档-1781,审核大大辛苦了！<br/>免费的香蕉投一下吧，没有那就点个赞吧，这对我来说很重要，谢谢！！！<br/>谢谢每一个投蕉的帅哥美女！你们是我坚持更新的动力！<br/>视频来自快手等平台，侵权联系删除！,4065,https://www.acfun.cn/v/ac48868336,https://tx-free-imgs.acfun.cn/newUpload/2176158_3f6c601293a54468bae97f781440217b.gif?imageslim,AcFun,周榜,week,hotlist,,2026-09-25 19:20:35
28,海洋公园一定要去啊！欢乐八点档-1776,审核大大辛苦了！<br/>免费的香蕉投一下吧，没有那就点个赞吧，这对我来说很重要，谢谢！！！<br/>谢谢每一个投蕉的帅哥美女！你们是我坚持更新的动力！<br/>视频来自快手等平台，侵权联系删除！,4484,https://www.acfun.cn/v/ac48856824,https://tx-free-imgs.acfun.cn/newUpload/2176158_3406d07fb97f486893aedb108728c2ec.gif?imageslim,AcFun,周榜,week,hotlist,,2026-09-25 19:20:35
29,你的拳头真是肥嘟嘟的...,动漫：心灵的声音，作者：赵石【韩国】,2185,https://www.acfun.cn/v/ac48859870,https://tx-free-imgs.acfun.cn/newUpload/509259_2fa91d5206504450be471808d9c93a22.jpeg?imageslim,AcFun,周榜,week,hotlist,,2026-09-25 19:20:35
30,北京豆汁会惩罚每一个好奇的人！欢乐八点档-1780,审核大大辛苦了！<br/>免费的香蕉投一下吧，没有那就点个赞吧，这对我来说很重要，谢谢！！！<br/>谢谢每一个投蕉的帅哥美女！你们是我坚持更新的动力！<br/>视频来自快手等平台，侵权联系删除！,4430,https://www.acfun.cn/v/ac48865965,https://tx-free-imgs.acfun.cn/newUpload/2176158_ec83e6fb2ffc4005b41881ac13dbaeca.gif?imageslim,AcFun,周榜,week,hotlist,,2026-09-25 19:20:35
31,这个一字马技术含量很高啊！欢乐八点档-1778,审核大大辛苦了！<br/>免费的香蕉投一下吧，没有那就点个赞吧，这对我来说很重要，谢谢！！！<br/>谢谢每一个投蕉的帅哥美女！你们是我坚持更新的动力！<br/>视频来自快手等平台，侵权联系删除！,4384,https://www.acfun.cn/v/ac48861225,https://tx-free-imgs.acfun.cn/newUpload/2176158_0824627cb76d40dc99ce9cb12c07e4cc.gif?imageslim,AcFun,周榜,week,hotlist,,2026-09-25 19:20:35
32,网络上常见的热门短视频集锦   第三千四百四十五期,审核大大辛苦了！<br/>谢谢每一个投蕉的帅哥美女！香蕉没有来个赞也好啊！<br/>视频来自快手等平台，侵权联系删除！,3886,https://www.acfun.cn/v/ac48866824,https://tx-free-imgs.acfun.cn/newUpload/2176158_dba921eb42f14c7ba31a1af83bfe71ce.gif?imageslim,AcFun,周榜,week,hotlist,,2026-09-25 19:20:35
33,网络上常见的热门短视频集锦   第三千四百四十一期,审核大大辛苦了！<br/>谢谢每一个投蕉的帅哥美女！香蕉没有来个赞也好啊！<br/>视频来自快手等平台，侵权联系删除！,4185,https://www.acfun.cn/v/ac48862019,https://tx-free-imgs.acfun.cn/newUpload/2176158_6e5a88d95f344d92a8d97a57f03ac4b9.gif?imageslim,AcFun,周榜,week,hotlist,,2026-09-25 19:20:35
34,这样的学姐喜欢吗？欢乐八点档-1782,审核大大辛苦了！<br/>免费的香蕉投一下吧，没有那就点个赞吧，这对我来说很重要，谢谢！！！<br/>谢谢每一个投蕉的帅哥美女！你们是我坚持更新的动力！<br/>视频来自快手等平台，侵权联系删除！,3467,https://www.acfun.cn/v/ac48870057,https://tx-free-imgs.acfun.cn/newUpload/2176158_4c1f3b60f73e451abc443941d47305d8.gif?imageslim,AcFun,周榜,week,hotlist,,2026-09-25 19:20:35
35,琵琶曲丨夜神月 VS  L,原曲：琵琶曲,2234,https://www.acfun.cn/v/ac48861693,https://tx-free-imgs.acfun.cn/newUpload/16986934_3bf4dd94910c4845acf851f7f0fdb757.jpeg?imageslim,AcFun,周榜,week,hotlist,,2026-09-25 19:20:35
36,空中瑜伽！！！★手机竖屏2012★,审核大大辛苦了！<br/>谢谢每一个投蕉的帅哥美女！香蕉没有来个赞也好啊！<br/>视频来自快手等平台，侵权联系删除！,4378,https://www.acfun.cn/v/ac48866821,https://tx-free-imgs.acfun.cn/newUpload/2176158_610807af48f5463a891fc9f341c9b16f.gif?imageslim,AcFun,周榜,week,hotlist,,2026-09-25 19:20:35
37,厨师长教你：“鱼香肉丝”的家常做法，酸甜微辣，口感丰富,,2023,https://www.acfun.cn/v/ac48867741,https://tx-free-imgs.acfun.cn/newUpload/13274260_93e68d1098d04ffca2683655a6a404c2.jpeg?imageslim,AcFun,周榜,week,hotlist,,2026-09-25 19:20:35
38,网络上常见的热门短视频集锦   第三千四百三十九期,审核大大辛苦了！<br/>谢谢每一个投蕉的帅哥美女！香蕉没有来个赞也好啊！<br/>视频来自快手等平台，侵权联系删除！,4035,https://www.acfun.cn/v/ac48859518,https://tx-free-imgs.acfun.cn/newUpload/2176158_13f61f1aa39c4732bdaeed87fe0e28a4.gif?imageslim,AcFun,周榜,week,hotlist,,2026-09-25 19:20:35
39,一天生产500万个！速冻水饺是如何制造出来的？,,2154,https://www.acfun.cn/v/ac48859253,https://tx-free-imgs.acfun.cn/newUpload/19281632_57f07fe28e24422d948491fd2d43586c.jpeg?imageslim,AcFun,周榜,week,hotlist,,2026-09-25 19:20:35
40,今天你不能嫁出去【今天有什么好笑的 #2514】,：)，谢谢大家，祝你们开心。<br/>wallpaper壁纸：Fading Astronaut 5K (update)<br/>BGM：I Want It That Way,2867,https://www.acfun.cn/v/ac48865864,https://tx-free-imgs.acfun.cn/newUpload/383079_ee4f5f7badf74f05a2ef6c691387f327.gif?imageslim,AcFun,周榜,week,hotlist,,2026-09-25 19:20:35
41,单纯的约会（92）,,1815,https://www.acfun.cn/v/ac48857199,https://tx-free-imgs.acfun.cn/newUpload/74706824_a3a60d77e6934225b168686e44216c4b.png?imageslim,AcFun,周榜,week,hotlist,,2026-09-25 19:20:35
42,【东方】推特东方小视频选集 第272期,睡觉睡觉睡觉睡觉睡觉睡觉睡觉睡觉睡觉睡觉……,1397,https://www.acfun.cn/v/ac48858830,https://tx-free-imgs.acfun.cn/newUpload/6102_5a13d6efeec742ff84c512206aaeb7b0.jpeg?imageslim,AcFun,周榜,week,hotlist,,2026-09-25 19:20:35
43,甜妹来袭！,,2158,https://www.acfun.cn/v/ac48863947,https://tx-free-imgs.acfun.cn/newUpload/12439728_1fd5a3c6e60241a1a1cd8f89dbede769.png?imageslim,AcFun,周榜,week,hotlist,,2026-09-25 19:20:35
44,网络上常见的热门短视频集锦   第三千四百四十三期,审核大大辛苦了！<br/>谢谢每一个投蕉的帅哥美女！香蕉没有来个赞也好啊！<br/>视频来自快手等平台，侵权联系删除！,3615,https://www.acfun.cn/v/ac48864363,https://tx-free-imgs.acfun.cn/newUpload/2176158_dfef22dbf6934a15a594e5766b8680ca.gif?imageslim,AcFun,周榜,week,hotlist,,2026-09-25 19:20:35
45,嘞个就是爱情【今天有什么好笑的 #2512】,：），谢谢大家的投蕉和点赞，祝你开心愉快~<br/>wallpaper壁纸：lamp<br/>BGM：What a Feeling,2442,https://www.acfun.cn/v/ac48860992,https://tx-free-imgs.acfun.cn/newUpload/383079_172d192fee55441c96b7352f61e0a25f.gif?imageslim,AcFun,周榜,week,hotlist,,2026-09-25 19:20:35
46,网络上常见的热门短视频集锦   第三千四百四十四期,审核大大辛苦了！<br/>谢谢每一个投蕉的帅哥美女！香蕉没有来个赞也好啊！<br/>视频来自快手等平台，侵权联系删除！,3529,https://www.acfun.cn/v/ac48865021,https://tx-free-imgs.acfun.cn/newUpload/2176158_663463f1e6004dc2b4dea153d1e60c05.gif?imageslim,AcFun,周榜,week,hotlist,,2026-09-25 19:20:35
47,网络上常见的热门短视频集锦   第三千四百三十七期,审核大大辛苦了！<br/>谢谢每一个投蕉的帅哥美女！香蕉没有来个赞也好啊！<br/>视频来自快手等平台，侵权联系删除！,3673,https://www.acfun.cn/v/ac48857544,https://tx-free-imgs.acfun.cn/newUpload/2176158_65f1d403dce7484b8d62b6f272bdbe31.gif?imageslim,AcFun,周榜,week,hotlist,,2026-09-25 19:20:35
48,嘴角压不住了【今天有什么好笑的 #2515】,：），谢谢大家的投蕉和点赞，祝你开心愉快~<br/>wallpaper壁纸：Genshin 神里绫华<br/>BGM：Wake me up when september ends,2377,https://www.acfun.cn/v/ac48868130,https://tx-free-imgs.acfun.cn/newUpload/383079_ef65121591434d2b86d53db1622776cd.gif?imageslim,AcFun,周榜,week,hotlist,,2026-09-25 19:20:35
49,厨师长分享制作“宫保鸡丁”的三大要素：腌制、调味及火候,,2122,https://www.acfun.cn/v/ac48863018,https://tx-free-imgs.acfun.cn/newUpload/13274260_803e1613305b460d878594c16c1c5a87.jpeg?imageslim,AcFun,周榜,week,hotlist,,2026-09-25 19:20:35
50,姛姛？！蝴蝶耳机Manget中文翻唱【箐羽Hane】x【缇若柯Teivoc】,“是否你确实表里如一淡然，还是说你——并不似我贪婪？”<br/>《Manget》磁石 / 蝴蝶耳机 - 中文翻唱<br/>原作作曲 / 流星P<br/>曲绘&翻唱 / 箐羽hane & 缇若柯Teivoc<br/>中文填词 / 果汁凉菜<br/>混音 / 风尘<br/>和笋笋一起唱了我们二次元姛神曲！曲绘也是我和笋笋每个人负责了自己的部分最后再拼到一起的！真好！( *^ ^)o(^ ^* )希望大家也能喜欢！,1581,https://www.acfun.cn/v/ac48869340,https://tx-free-imgs.acfun.cn/newUpload/67511609_d868cdbd6b1849e8958696cdc9db1493.jpeg?imageslim,AcFun,周榜,week,hotlist,,2026-09-25 19:20:35
1,娃：真遗憾，本来打算亲自告诉你们的,嘿嘿希望大家都万事顺意～心想事成,3052,https://www.acfun.cn/v/ac48871740,https://tx-free-imgs.acfun.cn/newUpload/17062172_d1a93166ed084e3aadac2fea4bba0707.jpg?imageslim,AcFun,日榜,day,hotlist,,2026-09-25 20:32:32
2,这样的学姐喜欢吗？欢乐八点档-1782,审核大大辛苦了！<br/>免费的香蕉投一下吧，没有那就点个赞吧，这对我来说很重要，谢谢！！！<br/>谢谢每一个投蕉的帅哥美女！你们是我坚持更新的动力！<br/>视频来自快手等平台，侵权联系删除！,3590,https://www.acfun.cn/v/ac48870057,https://tx-free-imgs.acfun.cn/newUpload/2176158_4c1f3b60f73e451abc443941d47305d8.gif?imageslim,AcFun,日榜,day,hotlist,,2026-09-25 20:32:32
3,裸足圆脸仙女下凡～跳一曲千里邀月【可心喵】,,1495,https://www.acfun.cn/v/ac48872448,https://tx-free-imgs.acfun.cn/newUpload/12892608_6691690fd8e944278bda5d5390e1e5a9.jpg?imageslim,AcFun,日榜,day,hotlist,,2026-09-25 20:32:32
4,【锅锅x怀瑜x阔落】千里邀月——共饮此杯赏此月，夜好眠,中秋到了，和姐妹们合唱了千里邀月~~<br/>乐：可乐祝大家身体健康，永不加班，月圆人团圆<br/>鱼：怀瑜愿诸位财源广进，常能摸鱼，花好月更圆<br/>锅：锅锅祝大家桂香满锅，早归赏月，饼甜心更甜<br/>祝大家中秋快乐~,1559,https://www.acfun.cn/v/ac48871580,https://tx-free-imgs.acfun.cn/newUpload/67206930_e47be8dbac2546e1b5a4a831e71dabe4.jpeg?imageslim,AcFun,日榜,day,hotlist,,2026-09-25 20:32:32
5,【东方】QUEEN【蕾米莉亚 Miy Ver. MMD】,作者：やくも<br/><br/>楽曲:Kanaria 様→https://www.nicovideo.jp/watch/sm4088...<br/>振付:AKIRA様<br/>モーション:P-nez 様→https://www.nicovideo.jp/watch/sm4350...<br/>カメラ:Mizuha様→https://www.nicovideo.jp/watch/sm4353...<br/>モデル:MIy様<br/>ステージ:栗ごはん様<br/>アクセサリ:アスカ様,1234,https://www.acfun.cn/v/ac48870080,https://tx-free-imgs.acfun.cn/newUpload/6102_6a4dce20c9b74fa0bbdff3ccc0a73c5d.png?imageslim,AcFun,日榜,day,hotlist,,2026-09-25 20:32:32
6,拜托了，夫人！★手机竖屏2014★,审核大大辛苦了！<br/>谢谢每一个投蕉的帅哥美女！香蕉没有来个赞也好啊！<br/>视频来自快手等平台，侵权联系删除！,2311,https://www.acfun.cn/v/ac48871493,https://tx-free-imgs.acfun.cn/newUpload/2176158_afaf0913878443b1bc00d636136ffce3.gif?imageslim,AcFun,日榜,day,hotlist,,2026-09-25 20:32:32
7,这套皮肤真的很喜欢,,1366,https://www.acfun.cn/v/ac48871657,https://tx-free-imgs.acfun.cn/newUpload/16380981_ac9640e59a3a42e093fcee0a0b81d474.jpg?imageslim,AcFun,日榜,day,hotlist,,2026-09-25 20:32:32
8,网络上常见的热门短视频集锦   第三千四百四十九期,审核大大辛苦了！<br/>谢谢每一个投蕉的帅哥美女！香蕉没有来个赞也好啊！<br/>视频来自快手等平台，侵权联系删除！,1837,https://www.acfun.cn/v/ac48871496,https://tx-free-imgs.acfun.cn/newUpload/2176158_cf20f7722011491da25ce2efbc799dba.gif?imageslim,AcFun,日榜,day,hotlist,,2026-09-25 20:32:32
9,网络上常见的热门短视频集锦   第三千四百五十期,审核大大辛苦了！<br/>谢谢每一个投蕉的帅哥美女！香蕉没有来个赞也好啊！<br/>视频来自快手等平台，侵权联系删除！,1647,https://www.acfun.cn/v/ac48872279,https://tx-free-imgs.acfun.cn/newUpload/2176158_a96ecd95394b4517928ac111407f75b1.gif?imageslim,AcFun,日榜,day,hotlist,,2026-09-25 20:32:32
10,望眼欲穿【今天有什么好笑的 #2517】,：），谢谢大家的投蕉和点赞，祝你开心愉快~<br/>Wallpaper壁纸：雪山与女孩<br/>Bgm：あのね。,1305,https://www.acfun.cn/v/ac48872647,https://tx-free-imgs.acfun.cn/newUpload/383079_40beb913fd1a44d3afa053553d53b466.gif?imageslim,AcFun,日榜,day,hotlist,,2026-09-25 20:32:32
11,【颜音】中秋歌回~祝大家节日快乐,皓月凌空，桂香满庭。<br/>愿今夜歌声暖心，祝各位中秋快乐，阖家美满！,1327,https://www.acfun.cn/v/ac48872065,https://tx-free-imgs.acfun.cn/newUpload/4425861_3dab8cdf19a74bf6accbdcd688cd9b6a.jpeg?imageslim,AcFun,日榜,day,hotlist,,2026-09-25 20:32:32
12,女妖邪神凶宅索命，最惨主角逆天求生！克系神游《魔女屋中之梦》像素恐怖游戏详细讲述【深夜档】,如何在60天内，让洛夫克拉夫特小说中惨死的倒霉主角逆天改命？这位芬兰作者打造了一部又硬核又忠实的优秀克苏鲁游戏！入住阿卡姆百年凶宅的凡人主角沃尔特·吉尔曼，接连遭到人脸妖鼠，恐怖女巫，不可名状外神的侵袭。白天钻研神秘学知识，梦中游历邪恶异星。他将与密斯卡托尼克大学最强战神亨利·阿米蒂奇教授联手对抗邪神降世！这是一部真正将洛氏“宇宙恐怖”带入到日常，并忠实于原著的游戏，自由度超高且信息量惊人！我将细致地带各位体验这跌宕起伏的60天，看弱小的主角如何起死回生并拯救世界！,984,https://www.acfun.cn/v/ac48872418,https://tx-free-imgs.acfun.cn/newUpload/817797_2631b7cf26c14c2fbbfb062962a775be.jpeg?imageslim,AcFun,日榜,day,hotlist,,2026-09-25 20:32:32
13,【黒碳】ライトダンス - サカナクション【生日作】【翻唱】,本家:サカナクション ; 翻唱: 黒碳Kurotan; 后期: 黒碳Kurotan; 曲绘: 黒碳Kurotan; PV: 黒碳Kurotan以及十分牛杯的網站：https://pv.pixjam.cn/ 背景是用這個做的!! 狠狠趕工終於做完了 好感動,1144,https://www.acfun.cn/v/ac48869560,https://tx-free-imgs.acfun.cn/newUpload/13707663_f611642aa87b4dab9a8d8a6beb7ace77.jpeg?imageslim,AcFun,日榜,day,hotlist,,2026-09-25 20:32:32
14,「JOJO的奇妙冒险 飙马野郎」第2话,,3032,https://www.acfun.cn/v/ac48872740,https://tx-free-imgs.acfun.cn/newUpload/72840608_8177e8338653484d82c88c1363a737f4.png?imageslim,AcFun,日榜,day,hotlist,,2026-09-25 20:32:32
15,好像只能礼貌的问候~,,1300,https://www.acfun.cn/v/ac48871365,https://tx-free-imgs.acfun.cn/newUpload/43459034_4572f98756df48b0bc9c323cdc49a8d2.jpg?imageslim,AcFun,日榜,day,hotlist,,2026-09-25 20:32:32
16,我终于明白什么都不缺的含金量！,,1047,https://www.acfun.cn/v/ac48872781,https://tx-free-imgs.acfun.cn/newUpload/6177430_06f5f9b03edd4f73a3dfeba4cf78db16.jpeg?imageslim,AcFun,日榜,day,hotlist,,2026-09-25 20:32:32
17,【官方中字】SBR JOJO的奇妙冒险 飙马野郎 2nd＆3rd STAGE 第二集,,847,https://www.acfun.cn/v/ac48872883,https://tx-free-imgs.acfun.cn/newUpload/30501027_27e89cd7cd684f01a120b8ec666a3896.png?imageslim,AcFun,日榜,day,hotlist,,2026-09-25 20:32:32
18,空姐OL~第57次取消发送,中秋节快乐,1142,https://www.acfun.cn/v/ac48872674,https://tx-free-imgs.acfun.cn/newUpload/14539629_46621bdc88a44c63be63172c5ba6cb6a.jpeg?imageslim,AcFun,日榜,day,hotlist,,2026-09-25 20:32:32
19,卓哥儿那可是专业杰哥，人群之中七进七出不成问题！,自定义也发？,1438,https://www.acfun.cn/v/ac48871816,https://tx-free-imgs.acfun.cn/newUpload/581357_d49b41a0e554440db6952de719b3f832.jpeg?imageslim,AcFun,日榜,day,hotlist,,2026-09-25 20:32:32
20,【绘画过程】9月保底《金秋》,大家中秋快乐！<br/>本月的保底是百贴布~ 某宝同步预售。,1281,https://www.acfun.cn/v/ac48872808,https://tx-free-imgs.acfun.cn/newUpload/179922_630934cb2f3245e5a4a4020570f61eca.png?imageslim,AcFun,日榜,day,hotlist,,2026-09-25 20:32:32
21,“原来和思念的人相见，就是人们常说的团圆” | 愿年年有今夜《妙妙人间》,「愿岁岁年年有此夜。」<br/>To : 虽然隔着屏幕，但同一轮月亮也让我们团圆在这里。中秋快乐呀~<br/>==========<br/>《妙妙人间》<br/>原唱：张含韵<br/>混音：饭団子p<br/>翻唱&视频：露纱琳黛,853,https://www.acfun.cn/v/ac48871599,https://tx-free-imgs.acfun.cn/newUpload/69790459_0b53ce48e1c7437c9bdd3cf45d53de8f.jpeg?imageslim,AcFun,日榜,day,hotlist,,2026-09-25 20:32:32
22,新肤色超辣！,,1132,https://www.acfun.cn/v/ac48863964,https://tx-free-imgs.acfun.cn/newUpload/12439728_70c7284ba2724c048fb5266f61c33e34.png?imageslim,AcFun,日榜,day,hotlist,,2026-09-25 20:32:32
23,【1080P.奇幻冒险】JOJO的奇妙冒险 飙马野郎 (2026)第七季 第二集,1890年，一场世纪大赛“SBR”于美国举开。全长共6000公里，是人类史上第一场骑乘马匹横越北美大陆的比赛！为了拿下高达5千万美元（60亿日元）的冠军奖金，一群强悍的冒险家们正式展开了他们的争战！,1116,https://www.acfun.cn/v/ac48872840,https://tx-free-imgs.acfun.cn/newUpload/903432_bb4a52ee7e3e42cc853e5ff0b8a21e0d.png?imageslim,AcFun,日榜,day,hotlist,,2026-09-25 20:32:32
24,【柯基】《金风玉露》～～～晚风啊～～～,,1055,https://www.acfun.cn/v/ac48872627,https://tx-free-imgs.acfun.cn/newUpload/29493245_88171143b6bd4aa6885743ffe64d6584.png?imageslim,AcFun,日榜,day,hotlist,,2026-09-25 20:32:32
25,这造型要搞什么事,,1152,https://www.acfun.cn/v/ac48871564,https://tx-free-imgs.acfun.cn/newUpload/23537620_b339cff7367d45adae4b27713593b806.png?imageslim,AcFun,日榜,day,hotlist,,2026-09-25 20:32:32
26,【牛子组合】凉凉,世事一场大梦，人生几度秋凉，祝大家26年中秋快乐,1076,https://www.acfun.cn/v/ac48870493,https://tx-free-imgs.acfun.cn/newUpload/358616_22f2cb85fdca497ab5cd556c984493d6.png?imageslim,AcFun,日榜,day,hotlist,,2026-09-25 20:32:32
27,这新番要不是霸权！我家狗都不信啊！十月最无悬念的提前吹爆！,这新番要不是霸权！我家狗都不信啊！十月最无悬念的提前吹爆！,1186,https://www.acfun.cn/v/ac48871615,https://tx-free-imgs.acfun.cn/newUpload/13467496_654fcc0446324342b35eef2b72d45df4.jpeg?imageslim,AcFun,日榜,day,hotlist,,2026-09-25 20:32:32
28,22.称霸水下四亿年，人类最古老的远房祖先：硬骨鱼总纲,22.称霸水下四亿年，人类最古老的远房祖先：硬骨鱼总纲,1087,https://www.acfun.cn/v/ac48871354,https://tx-free-imgs.acfun.cn/newUpload/28933912_40dcb39f039045868ae364582e4a1797.jpeg?imageslim,AcFun,日榜,day,hotlist,,2026-09-25 20:32:32
29,另一版,之前还拍了一版，但是感觉镜头太晃了,1065,https://www.acfun.cn/v/ac48871588,https://tx-free-imgs.acfun.cn/newUpload/12954767_f420f9f6197c43d4bb14421c32d81bbb.png?imageslim,AcFun,日榜,day,hotlist,,2026-09-25 20:32:32
30,如果我和她恋爱的话……,,819,https://www.acfun.cn/v/ac48871545,https://tx-free-imgs.acfun.cn/newUpload/2277346_de526594356a4c9f90b71bf5823054e6.jpg?imageslim,AcFun,日榜,day,hotlist,,2026-09-25 20:32:32
31,T-ara Bo Peep Bo Peep,,1252,https://www.acfun.cn/v/ac48869397,https://tx-free-imgs.acfun.cn/newUpload/795184_1876bec3bc5d43d6b42da8060c06a34a.jpeg?imageslim,AcFun,日榜,day,hotlist,,2026-09-25 20:32:32
32,拼凑的断音,动作有做方向上的一些改动等<br/>歌曲：拼凑的断音-（舞蹈：あおい aoi とみたけ tomitake）,705,https://www.acfun.cn/v/ac48871758,https://tx-free-imgs.acfun.cn/newUpload/12229455_ccda2f5ac69244d1aa813dc04c9a63d5.jpeg?imageslim,AcFun,日榜,day,hotlist,,2026-09-25 20:32:32
33,艺术欣赏,,1328,https://www.acfun.cn/v/ac48871987,https://tx-free-imgs.acfun.cn/newUpload/2742252_cb96fa8c85b847afb6618ecf730b5f70.jpg?imageslim,AcFun,日榜,day,hotlist,,2026-09-25 20:32:32
34,白井黑子·佐天泪子 中秋月色双人手势舞【AI动画/超清】,本人本地部署的AI生成图片视频模型制作，硬件英伟达显卡RTX5070TI 16G+96G DDR5 6000内存，花费2小时合成.<br/>这次引入新的二次元动漫人物模型，二次元脸部质量效果会更好些，同时步数可以适当降低，降本增效。引入后期处理工具修复强化背景<br/><br/>人物：佐天泪子 白井黑子<br/>舞蹈技术与BGM：网红手势舞<br/>场景：中秋月色,1112,https://www.acfun.cn/v/ac48871101,https://tx-free-imgs.acfun.cn/newUpload/46764084_397c08849b344139b09a46fb71f814b3.png?imageslim,AcFun,日榜,day,hotlist,,2026-09-25 20:32:32
35,香煎盐焗鸡｜简单到不可能失败，外焦里嫩巨好吃,,687,https://www.acfun.cn/v/ac48870521,https://tx-free-imgs.acfun.cn/newUpload/1383198_a8487ee2fe9849dc9807f9da5d193fb1.jpeg?imageslim,AcFun,日榜,day,hotlist,,2026-09-25 20:32:32
36,低腰牛仔裤,,1179,https://www.acfun.cn/v/ac48872338,https://tx-free-imgs.acfun.cn/newUpload/24775015_326be0e2724c4efea103cec5d8dc110a.png?imageslim,AcFun,日榜,day,hotlist,,2026-09-25 20:32:32
37,“狐蝠”亡命天涯半世纪,,1426,https://www.acfun.cn/v/ac48871667,https://tx-free-imgs.acfun.cn/newUpload/3592774_514c8455f636400c949adc88c25d0e83.jpeg?imageslim,AcFun,日榜,day,hotlist,,2026-09-25 20:32:32
38,中秋节快乐呀！！,,496,https://www.acfun.cn/v/ac48872753,https://tx-free-imgs.acfun.cn/newUpload/25756908_e40f0ac3bdb34aa6a05629d19ec12f7c.png?imageslim,AcFun,日榜,day,hotlist,,2026-09-25 20:32:32
39,社畜身份不是你精致生活的角色扮演,,1029,https://www.acfun.cn/v/ac48871467,https://tx-free-imgs.acfun.cn/newUpload/14013875_ec82a37907ff4565a6f6f6d916bd7117.png?imageslim,AcFun,日榜,day,hotlist,,2026-09-25 20:32:32
40,【官方双语】存储价格飞涨  蓝光会是那个意想不到的解决方案吗?#linus谈科技,,1045,https://www.acfun.cn/v/ac48872033,https://tx-free-imgs.acfun.cn/newUpload/1630166_48020992cf374f349c36bc0d54f08d91.jpeg?imageslim,AcFun,日榜,day,hotlist,,2026-09-25 20:32:32
41,告女子书！,,560,https://www.acfun.cn/v/ac48872722,https://tx-free-imgs.acfun.cn/newUpload/16380981_45b2d4d6fdb34b34876bc5e8fcdaca47.png?imageslim,AcFun,日榜,day,hotlist,,2026-09-25 20:32:32
42,嘀，纣王体验卡,,791,https://www.acfun.cn/v/ac48872737,https://tx-free-imgs.acfun.cn/newUpload/77181154_7c7593de7b584caebd43b4bb4e8dc517.png?imageslim,AcFun,日榜,day,hotlist,,2026-09-25 20:32:32
43,「Super8」《如烟》大家中秋快乐鸭～,原唱：五月天<br/>翻唱：把超人<br/>混音：废废哟<br/>视频：星马豪<br/>录了有一段时间的歌咧，五月天的歌里算很喜欢的一首，词非常喜欢，祝大家中秋快乐哟～,490,https://www.acfun.cn/v/ac48872351,https://tx-free-imgs.acfun.cn/newUpload/301519_95463a4627374a178e3b102bc74e8bcf.jpeg?imageslim,AcFun,日榜,day,hotlist,,2026-09-25 20:32:32
44,［热血编年史/精灵篇06］二分钟精华版［年费系列］ 混沌·圣尊天玄 是原形态觉醒补强,混沌·圣尊天玄,150,https://www.acfun.cn/v/ac48872435,https://tx-free-imgs.acfun.cn/newUpload/77016698_ce8e9b43406e489f8e5237d57655d6f3.png?imageslim,AcFun,日榜,day,hotlist,,2026-09-25 20:32:32
45,绝顶性感黑丝【DazzlingRed】舞蹈翻跳,,1186,https://www.acfun.cn/v/ac48871722,https://tx-free-imgs.acfun.cn/newUpload/28629507_651036189fde4ffabea2957b7a006984.png?imageslim,AcFun,日榜,day,hotlist,,2026-09-25 20:32:32
46,这身衣服跳什么都好帅啊！哈哈哈,,595,https://www.acfun.cn/v/ac48872819,https://tx-free-imgs.acfun.cn/newUpload/16380981_3be481ccc3bd44c3a12928fa1f84b25e.png?imageslim,AcFun,日榜,day,hotlist,,2026-09-25 20:32:32
47,真嫩啊，这鱼头肉,干饭,640,https://www.acfun.cn/v/ac48872520,https://tx-free-imgs.acfun.cn/newUpload/25980011_e06de3d5eb114677b4b50284d921f33c.png?imageslim,AcFun,日榜,day,hotlist,,2026-09-25 20:32:32
48,［手风琴］延边人民热爱毛主席,没谱子，即兴伴奏、、、,680,https://www.acfun.cn/v/ac48871511,https://tx-free-imgs.acfun.cn/newUpload/77440310_6dde877c0ab4426a89d11440189ba14c.png?imageslim,AcFun,日榜,day,hotlist,,2026-09-25 20:32:32
49,【甲鱼的旅法十年】迷你专辑《心之所往的创作背景,,456,https://www.acfun.cn/v/ac48872771,https://tx-free-imgs.acfun.cn/newUpload/44128996_e3793329f00e48dc80645b417f8ea4d9.png?imageslim,AcFun,日榜,day,hotlist,,2026-09-25 20:32:32
50,两段不伦恋 15年复仇路《老男孩》吴大秀我的折磨可是一辈子,本期带来《老男孩》50分钟 国庆要到了，铁粉都知道背包住在网红街道 小长假根本没法做节目，阿杰提意带着各自父母一起出去玩几天 所以这几天会加急看看能不能赶出来一期，实再不行就小长假后更新咯，中秋国庆都祝小伙伴开心快乐！,703,https://www.acfun.cn/v/ac48871285,https://tx-free-imgs.acfun.cn/newUpload/6894185_ab259859c7df40d1b092d2e828bf38e5.jpeg?imageslim,AcFun,日榜,day,hotlist,,2026-09-25 20:32:32
1,是谁点的小恶魔，蕉出来～,,5986,https://www.acfun.cn/v/ac48867778,https://tx-free-imgs.acfun.cn/newUpload/17062172_6098fee67d1748e0ab5dab3b5665736c.jpg?imageslim,AcFun,三日榜,three-days,hotlist,,2026-09-25 20:32:32
2,《野生动物迷惑行为》,喜欢请投蕉啊   谢谢啦！,2837,https://www.acfun.cn/v/ac48868360,https://tx-free-imgs.acfun.cn/newUpload/1342385_3fab348c538e4c0fa001871a708fe302.jpeg?imageslim,AcFun,三日榜,three-days,hotlist,,2026-09-25 20:32:32
3,娃：真遗憾，本来打算亲自告诉你们的,嘿嘿希望大家都万事顺意～心想事成,3052,https://www.acfun.cn/v/ac48871740,https://tx-free-imgs.acfun.cn/newUpload/17062172_d1a93166ed084e3aadac2fea4bba0707.jpg?imageslim,AcFun,三日榜,three-days,hotlist,,2026-09-25 20:32:32
4,漫威金刚狼深陷争议！SweetBaby又毁一款？【绅批】,这算是DEI的历史遗留问题了，所有现在已经从sweetbaby离职的人，只要参与过游戏制作也会被署名（比如桥本和真）,2878,https://www.acfun.cn/v/ac48868810,https://tx-free-imgs.acfun.cn/newUpload/526850_ca1da1572b1d494a93e2f6bab46cf76b.jpeg?imageslim,AcFun,三日榜,three-days,hotlist,,2026-09-25 20:32:32
5,因为害怕被讨厌 所以把自己藏起来了,,3063,https://www.acfun.cn/v/ac48871331,https://tx-free-imgs.acfun.cn/newUpload/11361784_3d4bd69b46f541e184c2922c24f09276.jpg?imageslim,AcFun,三日榜,three-days,hotlist,,2026-09-25 20:32:32
6,我真的是来吃饭的！★手机竖屏2013★,审核大大辛苦了！<br/>谢谢每一个投蕉的帅哥美女！香蕉没有来个赞也好啊！<br/>视频来自快手等平台，侵权联系删除！,3765,https://www.acfun.cn/v/ac48869145,https://tx-free-imgs.acfun.cn/newUpload/2176158_eb4b69370b8f435aa2b171e72403d356.gif?imageslim,AcFun,三日榜,three-days,hotlist,,2026-09-25 20:32:32
7,mr chu!!好怀念这首歌,,2086,https://www.acfun.cn/v/ac48869375,https://tx-free-imgs.acfun.cn/newUpload/16380981_19592eb83a88429695ee1a0508fc3df0.png?imageslim,AcFun,三日榜,three-days,hotlist,,2026-09-25 20:32:32
8,拳击好啊，拳击得学！欢乐八点档-1781,审核大大辛苦了！<br/>免费的香蕉投一下吧，没有那就点个赞吧，这对我来说很重要，谢谢！！！<br/>谢谢每一个投蕉的帅哥美女！你们是我坚持更新的动力！<br/>视频来自快手等平台，侵权联系删除！,4074,https://www.acfun.cn/v/ac48868336,https://tx-free-imgs.acfun.cn/newUpload/2176158_3f6c601293a54468bae97f781440217b.gif?imageslim,AcFun,三日榜,three-days,hotlist,,2026-09-25 20:32:32
9,这样的学姐喜欢吗？欢乐八点档-1782,审核大大辛苦了！<br/>免费的香蕉投一下吧，没有那就点个赞吧，这对我来说很重要，谢谢！！！<br/>谢谢每一个投蕉的帅哥美女！你们是我坚持更新的动力！<br/>视频来自快手等平台，侵权联系删除！,3590,https://www.acfun.cn/v/ac48870057,https://tx-free-imgs.acfun.cn/newUpload/2176158_4c1f3b60f73e451abc443941d47305d8.gif?imageslim,AcFun,三日榜,three-days,hotlist,,2026-09-25 20:32:32
10,北京豆汁会惩罚每一个好奇的人！欢乐八点档-1780,审核大大辛苦了！<br/>免费的香蕉投一下吧，没有那就点个赞吧，这对我来说很重要，谢谢！！！<br/>谢谢每一个投蕉的帅哥美女！你们是我坚持更新的动力！<br/>视频来自快手等平台，侵权联系删除！,4441,https://www.acfun.cn/v/ac48865965,https://tx-free-imgs.acfun.cn/newUpload/2176158_ec83e6fb2ffc4005b41881ac13dbaeca.gif?imageslim,AcFun,三日榜,three-days,hotlist,,2026-09-25 20:32:32
11,网络上常见的热门短视频集锦   第三千四百四十五期,审核大大辛苦了！<br/>谢谢每一个投蕉的帅哥美女！香蕉没有来个赞也好啊！<br/>视频来自快手等平台，侵权联系删除！,3898,https://www.acfun.cn/v/ac48866824,https://tx-free-imgs.acfun.cn/newUpload/2176158_dba921eb42f14c7ba31a1af83bfe71ce.gif?imageslim,AcFun,三日榜,three-days,hotlist,,2026-09-25 20:32:32
12,空中瑜伽！！！★手机竖屏2012★,审核大大辛苦了！<br/>谢谢每一个投蕉的帅哥美女！香蕉没有来个赞也好啊！<br/>视频来自快手等平台，侵权联系删除！,4390,https://www.acfun.cn/v/ac48866821,https://tx-free-imgs.acfun.cn/newUpload/2176158_610807af48f5463a891fc9f341c9b16f.gif?imageslim,AcFun,三日榜,three-days,hotlist,,2026-09-25 20:32:32
13,厨师长教你：“鱼香肉丝”的家常做法，酸甜微辣，口感丰富,,2024,https://www.acfun.cn/v/ac48867741,https://tx-free-imgs.acfun.cn/newUpload/13274260_93e68d1098d04ffca2683655a6a404c2.jpeg?imageslim,AcFun,三日榜,three-days,hotlist,,2026-09-25 20:32:32
14,姛姛？！蝴蝶耳机Manget中文翻唱【箐羽Hane】x【缇若柯Teivoc】,“是否你确实表里如一淡然，还是说你——并不似我贪婪？”<br/>《Manget》磁石 / 蝴蝶耳机 - 中文翻唱<br/>原作作曲 / 流星P<br/>曲绘&翻唱 / 箐羽hane & 缇若柯Teivoc<br/>中文填词 / 果汁凉菜<br/>混音 / 风尘<br/>和笋笋一起唱了我们二次元姛神曲！曲绘也是我和笋笋每个人负责了自己的部分最后再拼到一起的！真好！( *^ ^)o(^ ^* )希望大家也能喜欢！,1594,https://www.acfun.cn/v/ac48869340,https://tx-free-imgs.acfun.cn/newUpload/67511609_d868cdbd6b1849e8958696cdc9db1493.jpeg?imageslim,AcFun,三日榜,three-days,hotlist,,2026-09-25 20:32:32
15,嘴角压不住了【今天有什么好笑的 #2515】,：），谢谢大家的投蕉和点赞，祝你开心愉快~<br/>wallpaper壁纸：Genshin 神里绫华<br/>BGM：Wake me up when september ends,2390,https://www.acfun.cn/v/ac48868130,https://tx-free-imgs.acfun.cn/newUpload/383079_ef65121591434d2b86d53db1622776cd.gif?imageslim,AcFun,三日榜,three-days,hotlist,,2026-09-25 20:32:32
16,裸足圆脸仙女下凡～跳一曲千里邀月【可心喵】,,1495,https://www.acfun.cn/v/ac48872448,https://tx-free-imgs.acfun.cn/newUpload/12892608_6691690fd8e944278bda5d5390e1e5a9.jpg?imageslim,AcFun,三日榜,three-days,hotlist,,2026-09-25 20:32:32
17,现在电脑不好卖了，以后我们出租AI机器人吧,,1996,https://www.acfun.cn/v/ac48867767,https://tx-free-imgs.acfun.cn/newUpload/17928_c684f06231604145b533a0f00627c624.png?imageslim,AcFun,三日榜,three-days,hotlist,,2026-09-25 20:32:32
18,我要冲会员【今天有什么好笑的 #2516】,：），谢谢大家的投蕉和点赞，祝你开心愉快~<br/>wallpaper壁纸：Reze | Chainsaw Man<br/>BGM：Nicoleta Matei - Love mail<br/>,2371,https://www.acfun.cn/v/ac48870763,https://tx-free-imgs.acfun.cn/newUpload/383079_47b0fc3f458042f5bd3717967e55c598.gif?imageslim,AcFun,三日榜,three-days,hotlist,,2026-09-25 20:32:32
19,网络上常见的热门短视频集锦   第三千四百四十六期,审核大大辛苦了！<br/>谢谢每一个投蕉的帅哥美女！香蕉没有来个赞也好啊！<br/>视频来自快手等平台，侵权联系删除！,3634,https://www.acfun.cn/v/ac48867732,https://tx-free-imgs.acfun.cn/newUpload/2176158_2ec1d99da19a48e0a8e4ff2a2447e612.gif?imageslim,AcFun,三日榜,three-days,hotlist,,2026-09-25 20:32:32
20,网络上常见的热门短视频集锦   第三千四百四十八期,审核大大辛苦了！<br/>谢谢每一个投蕉的帅哥美女！香蕉没有来个赞也好啊！<br/>视频来自快手等平台，侵权联系删除！,3386,https://www.acfun.cn/v/ac48870020,https://tx-free-imgs.acfun.cn/newUpload/2176158_d65e54f4e9ee489b86b6fc28c31c84ee.gif?imageslim,AcFun,三日榜,three-days,hotlist,,2026-09-25 20:32:32
21,交通事故20260923：交通车祸实例，提高安全驾驶意识,,1436,https://www.acfun.cn/v/ac48868861,https://tx-free-imgs.acfun.cn/newUpload/76871961_edea5de6659a4cd2b733a74989043440.jpg?imageslim,AcFun,三日榜,three-days,hotlist,,2026-09-25 20:32:32
22,沦陷️,歌曲舞蹈：沦陷dj版-星奇摇   动作有改编,1698,https://www.acfun.cn/v/ac48869381,https://tx-free-imgs.acfun.cn/newUpload/12229455_aacf9da97a0940ad8e5f0b509d9cc159.jpeg?imageslim,AcFun,三日榜,three-days,hotlist,,2026-09-25 20:32:32
23,网络上常见的热门短视频集锦   第三千四百四十七期,审核大大辛苦了！<br/>谢谢每一个投蕉的帅哥美女！香蕉没有来个赞也好啊！<br/>视频来自快手等平台，侵权联系删除！,3137,https://www.acfun.cn/v/ac48869149,https://tx-free-imgs.acfun.cn/newUpload/2176158_fdf9afe2e00a4a1aa62415c846776eaf.gif?imageslim,AcFun,三日榜,three-days,hotlist,,2026-09-25 20:32:32
24,老板直聘（89）,,1623,https://www.acfun.cn/v/ac48868552,https://tx-free-imgs.acfun.cn/newUpload/74706824_db2c7ba15c5d4aa18872db6b0763b7ca.jpeg?imageslim,AcFun,三日榜,three-days,hotlist,,2026-09-25 20:32:32
25,人鱼的眼泪,歌曲舞蹈：爱乐之城-人鱼的眼泪,1548,https://www.acfun.cn/v/ac48867050,https://tx-free-imgs.acfun.cn/newUpload/12229455_130b1f041e6741dab4f6295ee27d927e.jpeg?imageslim,AcFun,三日榜,three-days,hotlist,,2026-09-25 20:32:32
26,常州新开巴西烤肉自助，100块钱值得吗？,这是我目前为止，去过的第二家巴西烤肉自助，团购优惠的情况下，花了94元。正常价格在95~110不等<br/><br/>简单带大家看下菜品，除了取餐台这么些，各种牛肉制品、大串烧烤都是循环上桌，大家觉得这么些菜式花样，100块钱左右你们觉得贵还是便宜啊，觉得贵的扣1，觉得便宜的扣2,1858,https://www.acfun.cn/v/ac48868891,https://tx-free-imgs.acfun.cn/newUpload/2046675_bf3a59ddff624646850829452262094e.jpeg?imageslim,AcFun,三日榜,three-days,hotlist,,2026-09-25 20:32:32
27,原创编舞《千层套路》的定机位竖屏来啦！,,1617,https://www.acfun.cn/v/ac48869245,https://tx-free-imgs.acfun.cn/newUpload/16380981_24bafd11c027499d9fe6820162faa782.png?imageslim,AcFun,三日榜,three-days,hotlist,,2026-09-25 20:32:32
28,【锅锅x怀瑜x阔落】千里邀月——共饮此杯赏此月，夜好眠,中秋到了，和姐妹们合唱了千里邀月~~<br/>乐：可乐祝大家身体健康，永不加班，月圆人团圆<br/>鱼：怀瑜愿诸位财源广进，常能摸鱼，花好月更圆<br/>锅：锅锅祝大家桂香满锅，早归赏月，饼甜心更甜<br/>祝大家中秋快乐~,1559,https://www.acfun.cn/v/ac48871580,https://tx-free-imgs.acfun.cn/newUpload/67206930_e47be8dbac2546e1b5a4a831e71dabe4.jpeg?imageslim,AcFun,三日榜,three-days,hotlist,,2026-09-25 20:32:32
29,北京的最北端在黑龙江？？？国内飞地是怎么形成的？,这份中国地图，是你从未看过的船新版本，放大几倍就会发现，在大家熟悉的各个省份中，还藏着一堆 “你中有我、我中有你” 的飞地。,1788,https://www.acfun.cn/v/ac48867896,https://tx-free-imgs.acfun.cn/newUpload/13630266_cc2428a99a42453f99c9e1306e7a43bb.jpeg?imageslim,AcFun,三日榜,three-days,hotlist,,2026-09-25 20:32:32
30,我要辞职了！,,1677,https://www.acfun.cn/v/ac48863957,https://tx-free-imgs.acfun.cn/newUpload/12439728_7c57a0735675474590bf7b25e1a34527.png?imageslim,AcFun,三日榜,three-days,hotlist,,2026-09-25 20:32:32
31,发个friend圈,,1515,https://www.acfun.cn/v/ac48863958,https://tx-free-imgs.acfun.cn/newUpload/12439728_b44cb67ae45a4c179b08227368f4159c.png?imageslim,AcFun,三日榜,three-days,hotlist,,2026-09-25 20:32:32
32,捏捏已经已进化到可以吃的地步啦？,,1625,https://www.acfun.cn/v/ac48868638,https://tx-free-imgs.acfun.cn/newUpload/6177430_486c910212d548c991eeb140f146a6ed.jpeg?imageslim,AcFun,三日榜,three-days,hotlist,,2026-09-25 20:32:32
33,奥迪“宫斗”十年大结局？一汽拿四环，上汽拿AUDI,一汽奥迪和上汽奥迪“宫斗”了十年，终于要划下句号了？,1677,https://www.acfun.cn/v/ac48870981,https://tx-free-imgs.acfun.cn/newUpload/13630266_3fde785be5a2411495618f67d01ab66a.jpeg?imageslim,AcFun,三日榜,three-days,hotlist,,2026-09-25 20:32:32
34,在英国差点被上门诈骗,可能看到我一人在家，就大胆敲门了，还好平常也会注意周边邻居，没发生什么事儿，这个金额就算被骗也不会报警，以后还是要小心一些了。#英国日常#vlog,1635,https://www.acfun.cn/v/ac48869505,https://tx-free-imgs.acfun.cn/newUpload/43181603_1c8c6c487a864d098b5e7e7bf2a12c6a.jpg?imageslim,AcFun,三日榜,three-days,hotlist,,2026-09-25 20:32:32
35,【东方】QUEEN【蕾米莉亚 Miy Ver. MMD】,作者：やくも<br/><br/>楽曲:Kanaria 様→https://www.nicovideo.jp/watch/sm4088...<br/>振付:AKIRA様<br/>モーション:P-nez 様→https://www.nicovideo.jp/watch/sm4350...<br/>カメラ:Mizuha様→https://www.nicovideo.jp/watch/sm4353...<br/>モデル:MIy様<br/>ステージ:栗ごはん様<br/>アクセサリ:アスカ様,1234,https://www.acfun.cn/v/ac48870080,https://tx-free-imgs.acfun.cn/newUpload/6102_6a4dce20c9b74fa0bbdff3ccc0a73c5d.png?imageslim,AcFun,三日榜,three-days,hotlist,,2026-09-25 20:32:32
36,我终于瘦到120斤以下了！,,1648,https://www.acfun.cn/v/ac48867016,https://tx-free-imgs.acfun.cn/newUpload/16380981_906db098cf5d4eaca57bde52b0ae8bf2.jpg?imageslim,AcFun,三日榜,three-days,hotlist,,2026-09-25 20:32:32
37,拜托了，夫人！★手机竖屏2014★,审核大大辛苦了！<br/>谢谢每一个投蕉的帅哥美女！香蕉没有来个赞也好啊！<br/>视频来自快手等平台，侵权联系删除！,2311,https://www.acfun.cn/v/ac48871493,https://tx-free-imgs.acfun.cn/newUpload/2176158_afaf0913878443b1bc00d636136ffce3.gif?imageslim,AcFun,三日榜,three-days,hotlist,,2026-09-25 20:32:32
38,《奶凶奶凶的漫威金刚狼！》,游戏名：《漫威金刚狼》- Marvel s Wolverine<br/>直播玩了15小时左右一周目通关啦~(*^▽^*)开心，这期是切片呦~,1841,https://www.acfun.cn/v/ac48866669,https://tx-free-imgs.acfun.cn/newUpload/61352468_cb62bfe2e19c4f35804259fac7f8c226.jpeg?imageslim,AcFun,三日榜,three-days,hotlist,,2026-09-25 20:32:32
39,换你穿越三国乱世，你是起兵还是种田？,有没有宝贝和我一样，看三国的时候总在想，如果换我身在那个乱世，我会怎么样？是起兵争霸，还是归隐山林？ 或是是咱们可以选三国里有名的角色或者可以架空历史从素人做起，一统三国，那会怎么样?我最近就玩了这么一款游戏，一玩就是五个小时，根本停不下来，那今天来聊聊这款开放世界slg游戏《英雄立志传：三国志》~<br/>,1778,https://www.acfun.cn/v/ac48869043,https://tx-free-imgs.acfun.cn/newUpload/61352468_39715609bed041b98b21f3dbb482ad70.jpeg?imageslim,AcFun,三日榜,three-days,hotlist,,2026-09-25 20:32:32
40,嘉蒂丝模型曝光！很大！策划团队产能恢复？,明天新角色就要上了，技系直接立于天上。,1869,https://www.acfun.cn/v/ac48866809,https://tx-free-imgs.acfun.cn/newUpload/247671_ee6def92d94a4ab1b770fa166f4de4b7.jpeg?imageslim,AcFun,三日榜,three-days,hotlist,,2026-09-25 20:32:32
41,你吃月饼了吗？,,1430,https://www.acfun.cn/v/ac48869054,https://tx-free-imgs.acfun.cn/newUpload/1167675_8f48723afb0e41ecbe772249b3f4df1a.jpg?imageslim,AcFun,三日榜,three-days,hotlist,,2026-09-25 20:32:32
42,抱紧原生家庭（90）,,1410,https://www.acfun.cn/v/ac48867786,https://tx-free-imgs.acfun.cn/newUpload/74706824_fcc9a2386aff4fb0b3ecd158e3c6b97f.png?imageslim,AcFun,三日榜,three-days,hotlist,,2026-09-25 20:32:32
43,网络上常见的热门短视频集锦   第三千四百四十九期,审核大大辛苦了！<br/>谢谢每一个投蕉的帅哥美女！香蕉没有来个赞也好啊！<br/>视频来自快手等平台，侵权联系删除！,1837,https://www.acfun.cn/v/ac48871496,https://tx-free-imgs.acfun.cn/newUpload/2176158_cf20f7722011491da25ce2efbc799dba.gif?imageslim,AcFun,三日榜,three-days,hotlist,,2026-09-25 20:32:32
44,这套皮肤真的很喜欢,,1366,https://www.acfun.cn/v/ac48871657,https://tx-free-imgs.acfun.cn/newUpload/16380981_ac9640e59a3a42e093fcee0a0b81d474.jpg?imageslim,AcFun,三日榜,three-days,hotlist,,2026-09-25 20:32:32
45,网络上常见的热门短视频集锦   第三千四百五十期,审核大大辛苦了！<br/>谢谢每一个投蕉的帅哥美女！香蕉没有来个赞也好啊！<br/>视频来自快手等平台，侵权联系删除！,1647,https://www.acfun.cn/v/ac48872279,https://tx-free-imgs.acfun.cn/newUpload/2176158_a96ecd95394b4517928ac111407f75b1.gif?imageslim,AcFun,三日榜,three-days,hotlist,,2026-09-25 20:32:32
46,只有刀鸣最小丑？各大游戏千年血战联动盘点！,300英雄的含金量还在上升,1936,https://www.acfun.cn/v/ac48869154,https://tx-free-imgs.acfun.cn/newUpload/247671_7d920e56c00e4af39fed560bf094f965.jpeg?imageslim,AcFun,三日榜,three-days,hotlist,,2026-09-25 20:32:32
47,【柯基】papi酱《生气了》｜oh my god你吓到我了,,1429,https://www.acfun.cn/v/ac48867295,https://tx-free-imgs.acfun.cn/newUpload/29493245_980e56a85587473a82c7499c2ed115cb.png?imageslim,AcFun,三日榜,three-days,hotlist,,2026-09-25 20:32:32
48,极限竞速地平线6：0.01 秒绝杀！GMC 反超宝马 X6M 越野赛,骄兵必败，我深刻的体验到了这句话的含义。,1521,https://www.acfun.cn/v/ac48867212,https://tx-free-imgs.acfun.cn/newUpload/11602352_36f126479072481b9dd82c3ea4d19f3b.jpeg?imageslim,AcFun,三日榜,three-days,hotlist,,2026-09-25 20:32:32
49,发怒了好多次哈哈哈哈，最后一遍最好！,,1414,https://www.acfun.cn/v/ac48867030,https://tx-free-imgs.acfun.cn/newUpload/16380981_8a800edc429e47809b3a0e69ec22c530.jpg?imageslim,AcFun,三日榜,three-days,hotlist,,2026-09-25 20:32:32
50,【无字幕】《JOJO的奇妙冒险 飙马野郎 》Part 2 NCOP「SPIN」,,1641,https://www.acfun.cn/v/ac48869632,https://tx-free-imgs.acfun.cn/newUpload/30501027_aae616c323af422bb4da842c191d69ce.png?imageslim,AcFun,三日榜,three-days,hotlist,,2026-09-25 20:32:32
1,剑戟战斗的巅峰 关卡内容的洼地 偏科严重的《鬼武者：剑之道》,它给人爽的部分是真的爽，但是在每次爽之前，你得堵不少马桶，先生。,4454,https://www.acfun.cn/v/ac48859506,https://tx-free-imgs.acfun.cn/newUpload/934542_5d98ad80ca9c4307b5cdc2051c11cb50.jpeg?imageslim,AcFun,周榜,week,hotlist,,2026-09-25 20:32:32
2,是谁点的小恶魔，蕉出来～,,5986,https://www.acfun.cn/v/ac48867778,https://tx-free-imgs.acfun.cn/newUpload/17062172_6098fee67d1748e0ab5dab3b5665736c.jpg?imageslim,AcFun,周榜,week,hotlist,,2026-09-25 20:32:32
3,跳最开心的一集,,3969,https://www.acfun.cn/v/ac48860571,https://tx-free-imgs.acfun.cn/newUpload/50330447_79a3f269514140c29e7a85fb7c9dc94c.jpg?imageslim,AcFun,周榜,week,hotlist,,2026-09-25 20:32:32
4,喜欢哪套？,,6764,https://www.acfun.cn/v/ac48861422,https://tx-free-imgs.acfun.cn/newUpload/3540234_729e0d22251f439da3735f26e58d174f.jpg?imageslim,AcFun,周榜,week,hotlist,,2026-09-25 20:32:32
5,过期JK碎碎念！,家人们记得蕉一蕉捏 啾咪,5874,https://www.acfun.cn/v/ac48859219,https://tx-free-imgs.acfun.cn/newUpload/17062172_5dd6ea8b5f2741ff87f0911db6dfb909.jpg?imageslim,AcFun,周榜,week,hotlist,,2026-09-25 20:32:32
6,人间琴悠扬，姑娘把谁记心上～,,2721,https://www.acfun.cn/v/ac48863143,https://tx-free-imgs.acfun.cn/newUpload/50330447_938d77716a11477e843914663278ff07.jpg?imageslim,AcFun,周榜,week,hotlist,,2026-09-25 20:32:32
7,开学对各省舍友的刻板印象,,4231,https://www.acfun.cn/v/ac48857410,https://tx-free-imgs.acfun.cn/newUpload/13114172_24dabc4c47ec46458d7cdfcc1cd2ee88.jpeg?imageslim,AcFun,周榜,week,hotlist,,2026-09-25 20:32:32
8,《动物游戏行为图鉴》,喜欢请投蕉啊 谢谢啦！,2831,https://www.acfun.cn/v/ac48857450,https://tx-free-imgs.acfun.cn/newUpload/1342385_485bc20a4c164df2928409b209fa9afc.jpeg?imageslim,AcFun,周榜,week,hotlist,,2026-09-25 20:32:32
9,《动物迷惑行为大赏325》,喜欢请投蕉啊 谢谢啦！,2635,https://www.acfun.cn/v/ac48861293,https://tx-free-imgs.acfun.cn/newUpload/1342385_03080470038d444a95ce01ff6a6aeb9f.jpeg?imageslim,AcFun,周榜,week,hotlist,,2026-09-25 20:32:32
10,双马尾小女仆带来的情绪摇～,,3977,https://www.acfun.cn/v/ac48861966,https://tx-free-imgs.acfun.cn/newUpload/11361784_8cee0402b4754b1e82f85b7099791793.jpg?imageslim,AcFun,周榜,week,hotlist,,2026-09-25 20:32:32
11,帮Acer问一下，地址在哪里？欢乐八点档-1779,审核大大辛苦了！<br/>免费的香蕉投一下吧，没有那就点个赞吧，这对我来说很重要，谢谢！！！<br/>谢谢每一个投蕉的帅哥美女！你们是我坚持更新的动力！<br/>视频来自快手等平台，侵权联系删除！,4462,https://www.acfun.cn/v/ac48863633,https://tx-free-imgs.acfun.cn/newUpload/2176158_ff69c3c797d5414e8056b329918cc5b6.gif?imageslim,AcFun,周榜,week,hotlist,,2026-09-25 20:32:32
12,【绘图过程】《海边》6周年纪念插图过程,6周年纪念插图挂画（预售）、沙滩巾（预售），阿宝已上架,3333,https://www.acfun.cn/v/ac48836990,https://tx-free-imgs.acfun.cn/newUpload/179922_9f95aba039e84f3594c3947b3c8fdd58.jpeg?imageslim,AcFun,周榜,week,hotlist,,2026-09-25 20:32:32
13,《野生动物迷惑行为》,喜欢请投蕉啊   谢谢啦！,2837,https://www.acfun.cn/v/ac48868360,https://tx-free-imgs.acfun.cn/newUpload/1342385_3fab348c538e4c0fa001871a708fe302.jpeg?imageslim,AcFun,周榜,week,hotlist,,2026-09-25 20:32:32
14,还是少妇会的多啊！★手机竖屏2011★,审核大大辛苦了！<br/>谢谢每一个投蕉的帅哥美女！香蕉没有来个赞也好啊！<br/>视频来自快手等平台，侵权联系删除！,5167,https://www.acfun.cn/v/ac48864360,https://tx-free-imgs.acfun.cn/newUpload/2176158_3d4f199fd93640468e543b9ee25ac4c0.gif?imageslim,AcFun,周榜,week,hotlist,,2026-09-25 20:32:32
15,漫威金刚狼深陷争议！SweetBaby又毁一款？【绅批】,这算是DEI的历史遗留问题了，所有现在已经从sweetbaby离职的人，只要参与过游戏制作也会被署名（比如桥本和真）,2878,https://www.acfun.cn/v/ac48868810,https://tx-free-imgs.acfun.cn/newUpload/526850_ca1da1572b1d494a93e2f6bab46cf76b.jpeg?imageslim,AcFun,周榜,week,hotlist,,2026-09-25 20:32:32
16,我真的是来吃饭的！★手机竖屏2013★,审核大大辛苦了！<br/>谢谢每一个投蕉的帅哥美女！香蕉没有来个赞也好啊！<br/>视频来自快手等平台，侵权联系删除！,3765,https://www.acfun.cn/v/ac48869145,https://tx-free-imgs.acfun.cn/newUpload/2176158_eb4b69370b8f435aa2b171e72403d356.gif?imageslim,AcFun,周榜,week,hotlist,,2026-09-25 20:32:32
17,娃：真遗憾，本来打算亲自告诉你们的,嘿嘿希望大家都万事顺意～心想事成,3052,https://www.acfun.cn/v/ac48871740,https://tx-free-imgs.acfun.cn/newUpload/17062172_d1a93166ed084e3aadac2fea4bba0707.jpg?imageslim,AcFun,周榜,week,hotlist,,2026-09-25 20:32:32
18,因为害怕被讨厌 所以把自己藏起来了,,3063,https://www.acfun.cn/v/ac48871331,https://tx-free-imgs.acfun.cn/newUpload/11361784_3d4bd69b46f541e184c2922c24f09276.jpg?imageslim,AcFun,周榜,week,hotlist,,2026-09-25 20:32:32
19,钓鱼佬是真会享受！欢乐八点档-1777,审核大大辛苦了！<br/>免费的香蕉投一下吧，没有那就点个赞吧，这对我来说很重要，谢谢！！！<br/>谢谢每一个投蕉的帅哥美女！你们是我坚持更新的动力！<br/>视频来自快手等平台，侵权联系删除！,4606,https://www.acfun.cn/v/ac48858969,https://tx-free-imgs.acfun.cn/newUpload/2176158_c9d74d926c4c4d709a4b6b7769dffcca.gif?imageslim,AcFun,周榜,week,hotlist,,2026-09-25 20:32:32
20,一波还未平息一波又来侵袭！★手机竖屏2010★,审核大大辛苦了！<br/>谢谢每一个投蕉的帅哥美女！香蕉没有来个赞也好啊！<br/>视频来自快手等平台，侵权联系删除！,4766,https://www.acfun.cn/v/ac48862013,https://tx-free-imgs.acfun.cn/newUpload/2176158_c4802142afc14d50b2cd775e67890cca.gif?imageslim,AcFun,周榜,week,hotlist,,2026-09-25 20:32:32
21,网络上常见的热门短视频集锦   第三千四百三十八期,审核大大辛苦了！<br/>谢谢每一个投蕉的帅哥美女！香蕉没有来个赞也好啊！<br/>视频来自快手等平台，侵权联系删除！,4444,https://www.acfun.cn/v/ac48858394,https://tx-free-imgs.acfun.cn/newUpload/2176158_38174e72af934b9e86687045b01f0dd3.gif?imageslim,AcFun,周榜,week,hotlist,,2026-09-25 20:32:32
22,mr chu!!好怀念这首歌,,2086,https://www.acfun.cn/v/ac48869375,https://tx-free-imgs.acfun.cn/newUpload/16380981_19592eb83a88429695ee1a0508fc3df0.png?imageslim,AcFun,周榜,week,hotlist,,2026-09-25 20:32:32
23,还是少妇会啊！！！★手机竖屏2009★,审核大大辛苦了！<br/>谢谢每一个投蕉的帅哥美女！香蕉没有来个赞也好啊！<br/>视频来自快手等平台，侵权联系删除！,4892,https://www.acfun.cn/v/ac48859515,https://tx-free-imgs.acfun.cn/newUpload/2176158_d4e9e6e30f4446319f9e720adfe35ef9.gif?imageslim,AcFun,周榜,week,hotlist,,2026-09-25 20:32:32
24,【AC娘】琵琶曲,原作者：Kotte Animation<br/>还有瑕疵，看个乐吧,3137,https://www.acfun.cn/v/ac48864492,https://tx-free-imgs.acfun.cn/newUpload/41729435_02cbd995b6d54f508eb21d3cb8621903.jpeg?imageslim,AcFun,周榜,week,hotlist,,2026-09-25 20:32:32
25,25年了，回坊天花板小酥肉，还是那个味儿,记忆中的味道，回来了，都回来了……<br/>一口椒麻一口鲜，大口吃肉，配上热腾腾的米饭，绝了。<br/>素三鲜也是无敌的存在！,2533,https://www.acfun.cn/v/ac48865538,https://tx-free-imgs.acfun.cn/newUpload/13765438_9bc4a0abf32a4c1aa3e83c844de84649.jpeg?imageslim,AcFun,周榜,week,hotlist,,2026-09-25 20:32:32
26,拳击好啊，拳击得学！欢乐八点档-1781,审核大大辛苦了！<br/>免费的香蕉投一下吧，没有那就点个赞吧，这对我来说很重要，谢谢！！！<br/>谢谢每一个投蕉的帅哥美女！你们是我坚持更新的动力！<br/>视频来自快手等平台，侵权联系删除！,4074,https://www.acfun.cn/v/ac48868336,https://tx-free-imgs.acfun.cn/newUpload/2176158_3f6c601293a54468bae97f781440217b.gif?imageslim,AcFun,周榜,week,hotlist,,2026-09-25 20:32:32
27,海洋公园一定要去啊！欢乐八点档-1776,审核大大辛苦了！<br/>免费的香蕉投一下吧，没有那就点个赞吧，这对我来说很重要，谢谢！！！<br/>谢谢每一个投蕉的帅哥美女！你们是我坚持更新的动力！<br/>视频来自快手等平台，侵权联系删除！,4484,https://www.acfun.cn/v/ac48856824,https://tx-free-imgs.acfun.cn/newUpload/2176158_3406d07fb97f486893aedb108728c2ec.gif?imageslim,AcFun,周榜,week,hotlist,,2026-09-25 20:32:32
28,你的拳头真是肥嘟嘟的...,动漫：心灵的声音，作者：赵石【韩国】,2185,https://www.acfun.cn/v/ac48859870,https://tx-free-imgs.acfun.cn/newUpload/509259_2fa91d5206504450be471808d9c93a22.jpeg?imageslim,AcFun,周榜,week,hotlist,,2026-09-25 20:32:32
29,北京豆汁会惩罚每一个好奇的人！欢乐八点档-1780,审核大大辛苦了！<br/>免费的香蕉投一下吧，没有那就点个赞吧，这对我来说很重要，谢谢！！！<br/>谢谢每一个投蕉的帅哥美女！你们是我坚持更新的动力！<br/>视频来自快手等平台，侵权联系删除！,4441,https://www.acfun.cn/v/ac48865965,https://tx-free-imgs.acfun.cn/newUpload/2176158_ec83e6fb2ffc4005b41881ac13dbaeca.gif?imageslim,AcFun,周榜,week,hotlist,,2026-09-25 20:32:32
30,这个一字马技术含量很高啊！欢乐八点档-1778,审核大大辛苦了！<br/>免费的香蕉投一下吧，没有那就点个赞吧，这对我来说很重要，谢谢！！！<br/>谢谢每一个投蕉的帅哥美女！你们是我坚持更新的动力！<br/>视频来自快手等平台，侵权联系删除！,4390,https://www.acfun.cn/v/ac48861225,https://tx-free-imgs.acfun.cn/newUpload/2176158_0824627cb76d40dc99ce9cb12c07e4cc.gif?imageslim,AcFun,周榜,week,hotlist,,2026-09-25 20:32:32
31,网络上常见的热门短视频集锦   第三千四百四十五期,审核大大辛苦了！<br/>谢谢每一个投蕉的帅哥美女！香蕉没有来个赞也好啊！<br/>视频来自快手等平台，侵权联系删除！,3898,https://www.acfun.cn/v/ac48866824,https://tx-free-imgs.acfun.cn/newUpload/2176158_dba921eb42f14c7ba31a1af83bfe71ce.gif?imageslim,AcFun,周榜,week,hotlist,,2026-09-25 20:32:32
32,网络上常见的热门短视频集锦   第三千四百四十一期,审核大大辛苦了！<br/>谢谢每一个投蕉的帅哥美女！香蕉没有来个赞也好啊！<br/>视频来自快手等平台，侵权联系删除！,4189,https://www.acfun.cn/v/ac48862019,https://tx-free-imgs.acfun.cn/newUpload/2176158_6e5a88d95f344d92a8d97a57f03ac4b9.gif?imageslim,AcFun,周榜,week,hotlist,,2026-09-25 20:32:32
33,这样的学姐喜欢吗？欢乐八点档-1782,审核大大辛苦了！<br/>免费的香蕉投一下吧，没有那就点个赞吧，这对我来说很重要，谢谢！！！<br/>谢谢每一个投蕉的帅哥美女！你们是我坚持更新的动力！<br/>视频来自快手等平台，侵权联系删除！,3590,https://www.acfun.cn/v/ac48870057,https://tx-free-imgs.acfun.cn/newUpload/2176158_4c1f3b60f73e451abc443941d47305d8.gif?imageslim,AcFun,周榜,week,hotlist,,2026-09-25 20:32:32
34,琵琶曲丨夜神月 VS  L,原曲：琵琶曲,2240,https://www.acfun.cn/v/ac48861693,https://tx-free-imgs.acfun.cn/newUpload/16986934_3bf4dd94910c4845acf851f7f0fdb757.jpeg?imageslim,AcFun,周榜,week,hotlist,,2026-09-25 20:32:32
35,空中瑜伽！！！★手机竖屏2012★,审核大大辛苦了！<br/>谢谢每一个投蕉的帅哥美女！香蕉没有来个赞也好啊！<br/>视频来自快手等平台，侵权联系删除！,4390,https://www.acfun.cn/v/ac48866821,https://tx-free-imgs.acfun.cn/newUpload/2176158_610807af48f5463a891fc9f341c9b16f.gif?imageslim,AcFun,周榜,week,hotlist,,2026-09-25 20:32:32
36,厨师长教你：“鱼香肉丝”的家常做法，酸甜微辣，口感丰富,,2024,https://www.acfun.cn/v/ac48867741,https://tx-free-imgs.acfun.cn/newUpload/13274260_93e68d1098d04ffca2683655a6a404c2.jpeg?imageslim,AcFun,周榜,week,hotlist,,2026-09-25 20:32:32
37,网络上常见的热门短视频集锦   第三千四百三十九期,审核大大辛苦了！<br/>谢谢每一个投蕉的帅哥美女！香蕉没有来个赞也好啊！<br/>视频来自快手等平台，侵权联系删除！,4045,https://www.acfun.cn/v/ac48859518,https://tx-free-imgs.acfun.cn/newUpload/2176158_13f61f1aa39c4732bdaeed87fe0e28a4.gif?imageslim,AcFun,周榜,week,hotlist,,2026-09-25 20:32:32
38,一天生产500万个！速冻水饺是如何制造出来的？,,2156,https://www.acfun.cn/v/ac48859253,https://tx-free-imgs.acfun.cn/newUpload/19281632_57f07fe28e24422d948491fd2d43586c.jpeg?imageslim,AcFun,周榜,week,hotlist,,2026-09-25 20:32:32
39,今天你不能嫁出去【今天有什么好笑的 #2514】,：)，谢谢大家，祝你们开心。<br/>wallpaper壁纸：Fading Astronaut 5K (update)<br/>BGM：I Want It That Way,2875,https://www.acfun.cn/v/ac48865864,https://tx-free-imgs.acfun.cn/newUpload/383079_ee4f5f7badf74f05a2ef6c691387f327.gif?imageslim,AcFun,周榜,week,hotlist,,2026-09-25 20:32:32
40,单纯的约会（92）,,1815,https://www.acfun.cn/v/ac48857199,https://tx-free-imgs.acfun.cn/newUpload/74706824_a3a60d77e6934225b168686e44216c4b.png?imageslim,AcFun,周榜,week,hotlist,,2026-09-25 20:32:32
41,【东方】推特东方小视频选集 第272期,睡觉睡觉睡觉睡觉睡觉睡觉睡觉睡觉睡觉睡觉……,1400,https://www.acfun.cn/v/ac48858830,https://tx-free-imgs.acfun.cn/newUpload/6102_5a13d6efeec742ff84c512206aaeb7b0.jpeg?imageslim,AcFun,周榜,week,hotlist,,2026-09-25 20:32:32
42,甜妹来袭！,,2158,https://www.acfun.cn/v/ac48863947,https://tx-free-imgs.acfun.cn/newUpload/12439728_1fd5a3c6e60241a1a1cd8f89dbede769.png?imageslim,AcFun,周榜,week,hotlist,,2026-09-25 20:32:32
43,网络上常见的热门短视频集锦   第三千四百四十三期,审核大大辛苦了！<br/>谢谢每一个投蕉的帅哥美女！香蕉没有来个赞也好啊！<br/>视频来自快手等平台，侵权联系删除！,3620,https://www.acfun.cn/v/ac48864363,https://tx-free-imgs.acfun.cn/newUpload/2176158_dfef22dbf6934a15a594e5766b8680ca.gif?imageslim,AcFun,周榜,week,hotlist,,2026-09-25 20:32:32
44,嘞个就是爱情【今天有什么好笑的 #2512】,：），谢谢大家的投蕉和点赞，祝你开心愉快~<br/>wallpaper壁纸：lamp<br/>BGM：What a Feeling,2442,https://www.acfun.cn/v/ac48860992,https://tx-free-imgs.acfun.cn/newUpload/383079_172d192fee55441c96b7352f61e0a25f.gif?imageslim,AcFun,周榜,week,hotlist,,2026-09-25 20:32:32
45,网络上常见的热门短视频集锦   第三千四百四十四期,审核大大辛苦了！<br/>谢谢每一个投蕉的帅哥美女！香蕉没有来个赞也好啊！<br/>视频来自快手等平台，侵权联系删除！,3530,https://www.acfun.cn/v/ac48865021,https://tx-free-imgs.acfun.cn/newUpload/2176158_663463f1e6004dc2b4dea153d1e60c05.gif?imageslim,AcFun,周榜,week,hotlist,,2026-09-25 20:32:32
46,网络上常见的热门短视频集锦   第三千四百三十七期,审核大大辛苦了！<br/>谢谢每一个投蕉的帅哥美女！香蕉没有来个赞也好啊！<br/>视频来自快手等平台，侵权联系删除！,3673,https://www.acfun.cn/v/ac48857544,https://tx-free-imgs.acfun.cn/newUpload/2176158_65f1d403dce7484b8d62b6f272bdbe31.gif?imageslim,AcFun,周榜,week,hotlist,,2026-09-25 20:32:32
47,嘴角压不住了【今天有什么好笑的 #2515】,：），谢谢大家的投蕉和点赞，祝你开心愉快~<br/>wallpaper壁纸：Genshin 神里绫华<br/>BGM：Wake me up when september ends,2390,https://www.acfun.cn/v/ac48868130,https://tx-free-imgs.acfun.cn/newUpload/383079_ef65121591434d2b86d53db1622776cd.gif?imageslim,AcFun,周榜,week,hotlist,,2026-09-25 20:32:32
48,厨师长分享制作“宫保鸡丁”的三大要素：腌制、调味及火候,,2122,https://www.acfun.cn/v/ac48863018,https://tx-free-imgs.acfun.cn/newUpload/13274260_803e1613305b460d878594c16c1c5a87.jpeg?imageslim,AcFun,周榜,week,hotlist,,2026-09-25 20:32:32
49,姛姛？！蝴蝶耳机Manget中文翻唱【箐羽Hane】x【缇若柯Teivoc】,“是否你确实表里如一淡然，还是说你——并不似我贪婪？”<br/>《Manget》磁石 / 蝴蝶耳机 - 中文翻唱<br/>原作作曲 / 流星P<br/>曲绘&翻唱 / 箐羽hane & 缇若柯Teivoc<br/>中文填词 / 果汁凉菜<br/>混音 / 风尘<br/>和笋笋一起唱了我们二次元姛神曲！曲绘也是我和笋笋每个人负责了自己的部分最后再拼到一起的！真好！( *^ ^)o(^ ^* )希望大家也能喜欢！,1594,https://www.acfun.cn/v/ac48869340,https://tx-free-imgs.acfun.cn/newUpload/67511609_d868cdbd6b1849e8958696cdc9db1493.jpeg?imageslim,AcFun,周榜,week,hotlist,,2026-09-25 20:32:32
50,不看血亏1000灵玉！雨龙版本末期注意事项！,绿男这个逼还是太敬业了,1848,https://www.acfun.cn/v/ac48857875,https://tx-free-imgs.acfun.cn/newUpload/247671_14f9d45144104ca1ac23a252f4e0a164.jpeg?imageslim,AcFun,周榜,week,hotlist,,2026-09-25 20:32:32
