index,title,desc,hot,url,image,source,type,ranking_id,surface,published_at,datetime
1,40余年 跨越太平洋的友谊,1985年，时任河北正定县委书记习近平访问美国艾奥瓦州，今年2月，习近平主席复信艾奥瓦州友人指出，“那些美好回忆至今仍记忆犹新”。习主席始终高度重视中美人民友好事业，两国人民友谊之树向更深处扎根，向更高远的天空生长。,7904659,https://www.baidu.com/s?wd=40%E4%BD%99%E5%B9%B4+%E8%B7%A8%E8%B6%8A%E5%A4%AA%E5%B9%B3%E6%B4%8B%E7%9A%84%E5%8F%8B%E8%B0%8A&sa=fyb_news&rsv_dl=fyb_news,https://fyb-2.cdn.bcebos.com/hotboard_image/27a2d12dc2b6240adc9dadd64b3d5047,百度热搜,实时热搜,realtime,hotlist,,2026-09-25 00:25:25
2,习近平出席特朗普举行的欢迎仪式,,7809754,https://www.baidu.com/s?wd=%E4%B9%A0%E8%BF%91%E5%B9%B3%E5%87%BA%E5%B8%AD%E7%89%B9%E6%9C%97%E6%99%AE%E4%B8%BE%E8%A1%8C%E7%9A%84%E6%AC%A2%E8%BF%8E%E4%BB%AA%E5%BC%8F&sa=fyb_news&rsv_dl=fyb_news,https://fyb-1.cdn.bcebos.com/fyb/de6163834f53ca92c1273fff98ac9078.jpeg,百度热搜,实时热搜,realtime,hotlist,,2026-09-25 00:25:25
3,习近平在白宫欢迎仪式上的致辞,,7714525,https://www.baidu.com/s?wd=%E4%B9%A0%E8%BF%91%E5%B9%B3%E5%9C%A8%E7%99%BD%E5%AE%AB%E6%AC%A2%E8%BF%8E%E4%BB%AA%E5%BC%8F%E4%B8%8A%E7%9A%84%E8%87%B4%E8%BE%9E&sa=fyb_news&rsv_dl=fyb_news,https://fyb-1.cdn.bcebos.com/fyb/de6163834f53ca92c1273fff98ac9078.jpeg,百度热搜,实时热搜,realtime,hotlist,,2026-09-25 00:25:25
4,世界技能大赛究竟比什么,第48届世界技能大赛9月23日进入开赛首日，从精密制造到数字技术，从匠心手作到智能应用，赛场内外处处是毫厘之间的较量。71位中国选手亮相全部64个项目，向世界展示硬核技艺。,7617470,https://www.baidu.com/s?wd=%E4%B8%96%E7%95%8C%E6%8A%80%E8%83%BD%E5%A4%A7%E8%B5%9B%E7%A9%B6%E7%AB%9F%E6%AF%94%E4%BB%80%E4%B9%88&sa=fyb_news&rsv_dl=fyb_news,https://fyb-2.cdn.bcebos.com/hotboard_image/ec177f32f679dc72eec5263c0f8841cf,百度热搜,实时热搜,realtime,hotlist,,2026-09-25 00:25:25
5,战机飞越白宫 向中美元首夫妇致敬,当地时间9月24日上午，国家主席习近平出席美国总统特朗普在白宫举行的欢迎仪式。中美两国元首夫妇共同前往白宫玫瑰园检阅仪仗队，战机飞越白宫向中美两国元首夫妇致敬。,7524135,https://www.baidu.com/s?wd=%E6%88%98%E6%9C%BA%E9%A3%9E%E8%B6%8A%E7%99%BD%E5%AE%AB+%E5%90%91%E4%B8%AD%E7%BE%8E%E5%85%83%E9%A6%96%E5%A4%AB%E5%A6%87%E8%87%B4%E6%95%AC&sa=fyb_news&rsv_dl=fyb_news,https://fyb-2.cdn.bcebos.com/hotboard_image/586ae38dd52b72aca1d78f37c723da4a,百度热搜,实时热搜,realtime,hotlist,,2026-09-25 00:25:25
6,大熊猫“平平”“福双”将赴美,再过几天，大熊猫“平平”、“福双”就会落户亚特兰大动物园，同美国人民见面。,7428636,https://www.baidu.com/s?wd=%E5%A4%A7%E7%86%8A%E7%8C%AB%E2%80%9C%E5%B9%B3%E5%B9%B3%E2%80%9D%E2%80%9C%E7%A6%8F%E5%8F%8C%E2%80%9D%E5%B0%86%E8%B5%B4%E7%BE%8E&sa=fyb_news&rsv_dl=fyb_news,https://fyb-2.cdn.bcebos.com/hotboard_image/7079819e3a20186c6f9b93ec3e116965,百度热搜,实时热搜,realtime,hotlist,,2026-09-25 00:25:25
7,邓亚萍谈国乒男团输日本,9月24日，亚运会乒乓球男子团体决赛，由王楚钦、温瑞博、林诗栋组成的中国队2-3不敌日本队，获得银牌。赛后邓亚萍复盘称：“非常遗憾我们输掉了，但我认为中国男乒整体打得还是很不错的。”她表示，对于王楚钦，当天的排阵他没有任何容错空间。,7333284,https://www.baidu.com/s?wd=%E9%82%93%E4%BA%9A%E8%90%8D%E8%B0%88%E5%9B%BD%E4%B9%92%E7%94%B7%E5%9B%A2%E8%BE%93%E6%97%A5%E6%9C%AC&sa=fyb_news&rsv_dl=fyb_news,https://fyb-2.cdn.bcebos.com/hotboard_image/af2070142c11c6a85896e5f2eb457990,百度热搜,实时热搜,realtime,hotlist,,2026-09-25 00:25:25
8,多地商场把“C位”留给国之栋梁,近日，不少网友在社交平台上发视频称，多地商场的核心“C位”挂上了“国家栋梁”主题巨幅海报，集中展示袁隆平、钱学森、邓稼先、屠呦呦等功勋人物。一商场负责人：我们就是想让更多人知道这些“国家栋梁”，向他们致敬。,7238530,https://www.baidu.com/s?wd=%E5%A4%9A%E5%9C%B0%E5%95%86%E5%9C%BA%E6%8A%8A%E2%80%9CC%E4%BD%8D%E2%80%9D%E7%95%99%E7%BB%99%E5%9B%BD%E4%B9%8B%E6%A0%8B%E6%A2%81&sa=fyb_news&rsv_dl=fyb_news,https://fyb-2.cdn.bcebos.com/hotboard_image/d87150be3dbb653a51987ec1bc349eea,百度热搜,实时热搜,realtime,hotlist,,2026-09-25 00:25:25
9,羽毛球降价：从一球难求到库存积压,近日，经历前几年疯涨后羽毛球价格逐渐回落，多个品牌下调价格，“口粮球”降幅约26%，从一球难求到库存积压。,7141469,https://www.baidu.com/s?wd=%E7%BE%BD%E6%AF%9B%E7%90%83%E9%99%8D%E4%BB%B7%EF%BC%9A%E4%BB%8E%E4%B8%80%E7%90%83%E9%9A%BE%E6%B1%82%E5%88%B0%E5%BA%93%E5%AD%98%E7%A7%AF%E5%8E%8B&sa=fyb_news&rsv_dl=fyb_news,https://fyb-2.cdn.bcebos.com/hotboard_image/3b9e68d844ab87d9959f4202abe41c98,百度热搜,实时热搜,realtime,hotlist,,2026-09-25 00:25:25
10,全国赏秋地图来了,秋天出行是幸福又治愈的。这份全国赏秋指南和朝霞晚霞观赏地图一起收藏起来吧。,7043061,https://www.baidu.com/s?wd=%E5%85%A8%E5%9B%BD%E8%B5%8F%E7%A7%8B%E5%9C%B0%E5%9B%BE%E6%9D%A5%E4%BA%86&sa=fyb_news&rsv_dl=fyb_news,https://fyb-2.cdn.bcebos.com/hotboard_image/4f61ed40626a6bdfe452a18beceb7d55,百度热搜,实时热搜,realtime,hotlist,,2026-09-25 00:25:25
11,中秋节,,6943821,https://www.baidu.com/s?wd=%E4%B8%AD%E7%A7%8B%E8%8A%82&sa=fyb_news&rsv_dl=fyb_news,https://fyb-1.cdn.bcebos.com/fyb/de6163834f53ca92c1273fff98ac9078.jpeg,百度热搜,实时热搜,realtime,hotlist,,2026-09-25 00:25:25
12,陌生快递寄来礼品卡？误区要注意,中秋、国庆双节将至，不少人收到了一份“从天而降”的快递——自己明明没有网购，却收到一个装着湿巾等小物件外加一张“双节礼品卡”的包裹。不花一分钱扫个码就能领取年货大礼包？千万别信！此类事存在着两大认知误区，一文解读！,6857819,https://www.baidu.com/s?wd=%E9%99%8C%E7%94%9F%E5%BF%AB%E9%80%92%E5%AF%84%E6%9D%A5%E7%A4%BC%E5%93%81%E5%8D%A1%EF%BC%9F%E8%AF%AF%E5%8C%BA%E8%A6%81%E6%B3%A8%E6%84%8F&sa=fyb_news&rsv_dl=fyb_news,https://fyb-2.cdn.bcebos.com/hotboard_image/8ac4e32ba1b3f8270fb0b505025c307e,百度热搜,实时热搜,realtime,hotlist,,2026-09-25 00:25:25
13,公司发月饼1人1口不准多拿,近日，深圳一家公司发放中秋月饼福利，每人仅能领取一口，现场还提醒员工不要多拿。此事传到网上引发热议。,6753565,https://www.baidu.com/s?wd=%E5%85%AC%E5%8F%B8%E5%8F%91%E6%9C%88%E9%A5%BC1%E4%BA%BA1%E5%8F%A3%E4%B8%8D%E5%87%86%E5%A4%9A%E6%8B%BF&sa=fyb_news&rsv_dl=fyb_news,https://fyb-2.cdn.bcebos.com/hotboard_image/7668ea8ae2bd0680acabe6f8fdb8b726,百度热搜,实时热搜,realtime,hotlist,,2026-09-25 00:25:25
14,王曼昱3比2逆转张本美和,9月24日晚，亚运会乒乓球女团决赛，中国vs日本第二盘，王曼昱3-2逆转张本美和，总比分中国队2-0日本队，第三盘蒯曼vs伊藤美诚，一起为国乒女团加油！,6657456,https://www.baidu.com/s?wd=%E7%8E%8B%E6%9B%BC%E6%98%B13%E6%AF%942%E9%80%86%E8%BD%AC%E5%BC%A0%E6%9C%AC%E7%BE%8E%E5%92%8C&sa=fyb_news&rsv_dl=fyb_news,https://fyb-2.cdn.bcebos.com/hotboard_image/44ea50d52647de5cb1f5b23580a3ec79,百度热搜,实时热搜,realtime,hotlist,,2026-09-25 00:25:25
15,国乒男团无缘九连冠,北京时间9月24日，在刚刚结束的爱知·名古屋亚运会乒乓球男子团体决赛中，卫冕冠军中国队以2:3不敌日本队，收获一枚银牌。此前，国乒连续八次在亚运会上夺得该项目金牌。,6562090,https://www.baidu.com/s?wd=%E5%9B%BD%E4%B9%92%E7%94%B7%E5%9B%A2%E6%97%A0%E7%BC%98%E4%B9%9D%E8%BF%9E%E5%86%A0&sa=fyb_news&rsv_dl=fyb_news,https://fyb-2.cdn.bcebos.com/hotboard_image/bfc9c5ba2174ae15054ccb3f77230ad8,百度热搜,实时热搜,realtime,hotlist,,2026-09-25 00:25:25
16,黑芝麻糊检出霉菌超标27倍 维维回应,近日，上海市场监管抽检发现，维维子公司生产的一批无添加蔗糖黑芝麻糊霉菌最高超标27倍。维维回应涉事产品已全部召回，市面无留存。截至9月23日收盘，维维股份市值50亿，年内股价下跌超9%。,6467472,https://www.baidu.com/s?wd=%E9%BB%91%E8%8A%9D%E9%BA%BB%E7%B3%8A%E6%A3%80%E5%87%BA%E9%9C%89%E8%8F%8C%E8%B6%85%E6%A0%8727%E5%80%8D+%E7%BB%B4%E7%BB%B4%E5%9B%9E%E5%BA%94&sa=fyb_news&rsv_dl=fyb_news,https://fyb-2.cdn.bcebos.com/hotboard_image/fb55dad18e6f0ad0a40c6eebd5a95b74,百度热搜,实时热搜,realtime,hotlist,,2026-09-25 00:25:25
17,李一桐北舞严选的含金量还在上升,中秋奇妙游中，李一桐切换三套造型，以青赤黄白黑五方正色为视觉核心，用歌声和舞蹈演绎传统五色，从山水到生活展开色彩叙事，宛如仙女下人间，北舞严选含金量还在上升。,6374418,https://www.baidu.com/s?wd=%E6%9D%8E%E4%B8%80%E6%A1%90%E5%8C%97%E8%88%9E%E4%B8%A5%E9%80%89%E7%9A%84%E5%90%AB%E9%87%91%E9%87%8F%E8%BF%98%E5%9C%A8%E4%B8%8A%E5%8D%87&sa=fyb_news&rsv_dl=fyb_news,https://fyb-2.cdn.bcebos.com/hotboard_image/2b9ee8e1a5fa443c37d12f8df9ab2b6f,百度热搜,实时热搜,realtime,hotlist,,2026-09-25 00:25:25
18,国乒女团亚运6连冠 3-0横扫日本,9月24日，名古屋亚运会乒乓球女子团体决赛，中国队3-0击败日本队，夺得金牌！这是中国乒乓球在亚运会上的第12枚女团金牌，同时也实现了女团六连冠。,6275862,https://www.baidu.com/s?wd=%E5%9B%BD%E4%B9%92%E5%A5%B3%E5%9B%A2%E4%BA%9A%E8%BF%906%E8%BF%9E%E5%86%A0+3-0%E6%A8%AA%E6%89%AB%E6%97%A5%E6%9C%AC&sa=fyb_news&rsv_dl=fyb_news,https://fyb-2.cdn.bcebos.com/hotboard_image/e23fafdf4d05107ed6160fd76898ad87,百度热搜,实时热搜,realtime,hotlist,,2026-09-25 00:25:25
19,张雪就泰康人寿拒赔一事发声,近日，张雪在个人账号为“投保重疾险10年后确诊结肠癌遭拒赔”事件发声，他直接转发相关新闻片段，并询问泰康人寿：“这是造谣吗？如果是就起诉，如果不是就鄙视你。”目前，泰康人寿就拒赔一事暂无新回应。,6176318,https://www.baidu.com/s?wd=%E5%BC%A0%E9%9B%AA%E5%B0%B1%E6%B3%B0%E5%BA%B7%E4%BA%BA%E5%AF%BF%E6%8B%92%E8%B5%94%E4%B8%80%E4%BA%8B%E5%8F%91%E5%A3%B0&sa=fyb_news&rsv_dl=fyb_news,https://fyb-2.cdn.bcebos.com/hotboard_image/917f401392ed5b1b881aa6e32f4456c9,百度热搜,实时热搜,realtime,hotlist,,2026-09-25 00:25:25
20,特朗普总统夫妇在下车处迎候,当地时间9月24日上午，国家主席习近平和夫人彭丽媛乘车将抵达白宫，出席美国总统特朗普举行的欢迎仪式。特朗普总统和夫人梅拉尼娅在下车处热情迎接。,6094842,https://www.baidu.com/s?wd=%E7%89%B9%E6%9C%97%E6%99%AE%E6%80%BB%E7%BB%9F%E5%A4%AB%E5%A6%87%E5%9C%A8%E4%B8%8B%E8%BD%A6%E5%A4%84%E8%BF%8E%E5%80%99&sa=fyb_news&rsv_dl=fyb_news,https://fyb-2.cdn.bcebos.com/hotboard_image/36df127500f0de001a994dfd632a84e6,百度热搜,实时热搜,realtime,hotlist,,2026-09-25 00:25:25
21,北大清华“一饼难求”,中秋临近，北京多所高校推出文创月饼，北大、清华款融入校徽、校训等校园元素，兼顾新潮与经典口味，一经上线迅速售罄、一饼难求。专家称，高校月饼承载身份认同与母校情怀，不止是节令点心。,5999911,https://www.baidu.com/s?wd=%E5%8C%97%E5%A4%A7%E6%B8%85%E5%8D%8E%E2%80%9C%E4%B8%80%E9%A5%BC%E9%9A%BE%E6%B1%82%E2%80%9D&sa=fyb_news&rsv_dl=fyb_news,https://fyb-2.cdn.bcebos.com/hotboard_image/638d1ce25e3ceb36aa85ec821b2fe3d4,百度热搜,实时热搜,realtime,hotlist,,2026-09-25 00:25:25
22,王楚钦0-3张本智和,9月24日，名古屋亚运会乒乓球男团决赛，国乒主力王楚钦在第四盘0:3爆冷不敌东道主日本选手张本智和；此前王楚钦逆转、林诗栋变阵获胜助国乒2:1领先，此番落败后双方大比分2:2战平。,5887512,https://www.baidu.com/s?wd=%E7%8E%8B%E6%A5%9A%E9%92%A60-3%E5%BC%A0%E6%9C%AC%E6%99%BA%E5%92%8C&sa=fyb_news&rsv_dl=fyb_news,https://fyb-2.cdn.bcebos.com/hotboard_image/13c60c8589b417e58c834be31e655f0b,百度热搜,实时热搜,realtime,hotlist,,2026-09-25 00:25:25
23,第一波出发的大聪明堵路上了,9月24日凌晨，广昆高速肇庆段返乡车流出现多处堵塞。许多试图提前出发的车主遭遇拥堵，网友调侃：“第一波出发的大聪明堵路上了！”,5800480,https://www.baidu.com/s?wd=%E7%AC%AC%E4%B8%80%E6%B3%A2%E5%87%BA%E5%8F%91%E7%9A%84%E5%A4%A7%E8%81%AA%E6%98%8E%E5%A0%B5%E8%B7%AF%E4%B8%8A%E4%BA%86&sa=fyb_news&rsv_dl=fyb_news,https://fyb-2.cdn.bcebos.com/hotboard_image/46d2871d8d1b82688bea8c1a7ba5a309,百度热搜,实时热搜,realtime,hotlist,,2026-09-25 00:25:25
24,王楚钦：尽快收拾心情面对后面比赛,9月24日晚，中国男乒在男团决赛中2比3不敌日本队，遗憾获得银牌，赛后王楚钦表示：虽然结果不尽如人意，但比赛还没结束，大家要好好调整，去迎接接下来的比赛。,5706400,https://www.baidu.com/s?wd=%E7%8E%8B%E6%A5%9A%E9%92%A6%EF%BC%9A%E5%B0%BD%E5%BF%AB%E6%94%B6%E6%8B%BE%E5%BF%83%E6%83%85%E9%9D%A2%E5%AF%B9%E5%90%8E%E9%9D%A2%E6%AF%94%E8%B5%9B&sa=fyb_news&rsv_dl=fyb_news,https://fyb-2.cdn.bcebos.com/hotboard_image/3c5682fd36ec250e7ca6661e75be7afd,百度热搜,实时热搜,realtime,hotlist,,2026-09-25 00:25:25
25,国羽男团不敌印尼获亚运银牌,9月24日，名古屋亚运会羽毛球男子团体决赛，中国队2-3不敌印度尼西亚队，获得银牌。,5601488,https://www.baidu.com/s?wd=%E5%9B%BD%E7%BE%BD%E7%94%B7%E5%9B%A2%E4%B8%8D%E6%95%8C%E5%8D%B0%E5%B0%BC%E8%8E%B7%E4%BA%9A%E8%BF%90%E9%93%B6%E7%89%8C&sa=fyb_news&rsv_dl=fyb_news,https://fyb-2.cdn.bcebos.com/hotboard_image/9c26d805a93eda63f8eeeded8c9ed868,百度热搜,实时热搜,realtime,hotlist,,2026-09-25 00:25:25
26,国防部回应新西兰军舰过航台湾海峡,近日，针对新西兰军舰过航台湾海峡，中国军队依法依规组织海空兵力全程跟监警戒并有效应对处置。中方敦促新方恪守一个中国原则，勿向“台独”分裂势力发出错误信号。,5520784,https://www.baidu.com/s?wd=%E5%9B%BD%E9%98%B2%E9%83%A8%E5%9B%9E%E5%BA%94%E6%96%B0%E8%A5%BF%E5%85%B0%E5%86%9B%E8%88%B0%E8%BF%87%E8%88%AA%E5%8F%B0%E6%B9%BE%E6%B5%B7%E5%B3%A1&sa=fyb_news&rsv_dl=fyb_news,https://fyb-2.cdn.bcebos.com/hotboard_image/a3bf55492ba673ef30e7afea0a9e765d,百度热搜,实时热搜,realtime,hotlist,,2026-09-25 00:25:25
27,广州地铁挤爆了,9月24日下午，受中秋假期前高铁出行与晚高峰通勤客流叠加影响，广州地铁多个站点处于严重拥堵状态。17时许，广州地铁发文提醒线网已进入晚高峰，多个站点实行客流控制，呼吁乘客错峰出行。,5411560,https://www.baidu.com/s?wd=%E5%B9%BF%E5%B7%9E%E5%9C%B0%E9%93%81%E6%8C%A4%E7%88%86%E4%BA%86&sa=fyb_news&rsv_dl=fyb_news,https://fyb-2.cdn.bcebos.com/hotboard_image/5efc276d4e17ed34c45a62468e5f6ac7,百度热搜,实时热搜,realtime,hotlist,,2026-09-25 00:25:25
28,男孩熟练打包牡蛎：一箱仅二十多秒,山东威海乳山的一名小学四年级学生，父亲顾先生经营水产品加工厂5年，男孩从二年级起周末写完作业会来车间帮忙，打包一箱牡蛎大概‌十几秒到二十多秒‌，动作利落，速度不比大人慢。‌‌,5331757,https://www.baidu.com/s?wd=%E7%94%B7%E5%AD%A9%E7%86%9F%E7%BB%83%E6%89%93%E5%8C%85%E7%89%A1%E8%9B%8E%EF%BC%9A%E4%B8%80%E7%AE%B1%E4%BB%85%E4%BA%8C%E5%8D%81%E5%A4%9A%E7%A7%92&sa=fyb_news&rsv_dl=fyb_news,https://fyb-2.cdn.bcebos.com/hotboard_image/c83b7394ae1534dc00d14d6358ce3f90,百度热搜,实时热搜,realtime,hotlist,,2026-09-25 00:25:25
29,王楚钦谈决赛阵容：不要揣测教练意图,9月24日，国乒男团2比3不敌东道主日本队，无缘本届亚运会乒乓首金。此前决赛阵容被外界质疑为“田忌赛马”，对此，王楚钦表示，“这都是教练的（决策），我们运动员只是执行的那个人，所以还是不要去揣测教练的意图。”,5229166,https://www.baidu.com/s?wd=%E7%8E%8B%E6%A5%9A%E9%92%A6%E8%B0%88%E5%86%B3%E8%B5%9B%E9%98%B5%E5%AE%B9%EF%BC%9A%E4%B8%8D%E8%A6%81%E6%8F%A3%E6%B5%8B%E6%95%99%E7%BB%83%E6%84%8F%E5%9B%BE&sa=fyb_news&rsv_dl=fyb_news,https://fyb-2.cdn.bcebos.com/hotboard_image/7aea0e00567b81a2d3a13074f05799da,百度热搜,实时热搜,realtime,hotlist,,2026-09-25 00:25:25
30,绿皮火车女性专属包房来了,9月24日，浙江金温铁道工作人员表示，绿皮火车推出女性专属包房服务。该服务覆盖5条温州始发线路，上车后可预约，与卧铺同价无需额外付费。包房设有挡帘及女性卫生用品等便民箱，相对更私密。,5121764,https://www.baidu.com/s?wd=%E7%BB%BF%E7%9A%AE%E7%81%AB%E8%BD%A6%E5%A5%B3%E6%80%A7%E4%B8%93%E5%B1%9E%E5%8C%85%E6%88%BF%E6%9D%A5%E4%BA%86&sa=fyb_news&rsv_dl=fyb_news,https://fyb-2.cdn.bcebos.com/hotboard_image/4c773f757c2caf92be84b16f4fc51844,百度热搜,实时热搜,realtime,hotlist,,2026-09-25 00:25:25
31,张展硕半小时2金,近日，19岁小将张展硕在名古屋亚运会中半小时连夺2金，斩获第6金，追平张雨霏单届6金纪录。据悉，他先在男子800米自由泳决赛拿下个人第五金，紧接着在男子4x100米自由泳接力决赛再添一金！,5047093,https://www.baidu.com/s?wd=%E5%BC%A0%E5%B1%95%E7%A1%95%E5%8D%8A%E5%B0%8F%E6%97%B62%E9%87%91&sa=fyb_news&rsv_dl=fyb_news,https://fyb-2.cdn.bcebos.com/hotboard_image/9aca0cf7f187794affc618be42728d25,百度热搜,实时热搜,realtime,hotlist,,2026-09-25 00:25:25
32,超长蛋挞何以火爆出圈,近期，一款60厘米的“超长蛋挞”在社交媒体刷屏。多个烘焙门店排队两三个小时，供不应求。它的走红核心不在于口味颠覆，而在于强大的社交情绪价值，即满足年轻人拍照发朋友圈的需要，还命中了年轻人的“分享刚需”。,4928278,https://www.baidu.com/s?wd=%E8%B6%85%E9%95%BF%E8%9B%8B%E6%8C%9E%E4%BD%95%E4%BB%A5%E7%81%AB%E7%88%86%E5%87%BA%E5%9C%88&sa=fyb_news&rsv_dl=fyb_news,https://fyb-2.cdn.bcebos.com/hotboard_image/b85e8b634cb380c9cabb476ac857ad83,百度热搜,实时热搜,realtime,hotlist,,2026-09-25 00:25:25
33,日本选手打破男子200米蛙泳世界纪录,,4837015,https://www.baidu.com/s?wd=%E6%97%A5%E6%9C%AC%E9%80%89%E6%89%8B%E6%89%93%E7%A0%B4%E7%94%B7%E5%AD%90200%E7%B1%B3%E8%9B%99%E6%B3%B3%E4%B8%96%E7%95%8C%E7%BA%AA%E5%BD%95&sa=fyb_news&rsv_dl=fyb_news,https://fyb-1.cdn.bcebos.com/fyb/de6163834f53ca92c1273fff98ac9078.jpeg,百度热搜,实时热搜,realtime,hotlist,,2026-09-25 00:25:25
34,河南矿山过中秋1600余桌宴席摆进厂房,"9月23日晚，河南矿山第十三届中秋孝文化节火热开启，两天摆下1600余桌宴席,15000余名员工及家属欢聚厂区。",4748112,https://www.baidu.com/s?wd=%E6%B2%B3%E5%8D%97%E7%9F%BF%E5%B1%B1%E8%BF%87%E4%B8%AD%E7%A7%8B1600%E4%BD%99%E6%A1%8C%E5%AE%B4%E5%B8%AD%E6%91%86%E8%BF%9B%E5%8E%82%E6%88%BF&sa=fyb_news&rsv_dl=fyb_news,https://fyb-2.cdn.bcebos.com/hotboard_image/e258d2acf0611b935265332f0cf80332,百度热搜,实时热搜,realtime,hotlist,,2026-09-25 00:25:25
35,王楚钦3比2逆转松岛辉空,北京时间9月24日，爱知·名古屋亚运会乒乓球男团决赛首盘，王楚钦对阵日本名将松岛辉空。最终，王楚钦3-2逆转战胜松岛辉空，中国队1-0领先日本队，比分：5-11、8-11、11-9、11-9、11-9。,4657410,https://www.baidu.com/s?wd=%E7%8E%8B%E6%A5%9A%E9%92%A63%E6%AF%942%E9%80%86%E8%BD%AC%E6%9D%BE%E5%B2%9B%E8%BE%89%E7%A9%BA&sa=fyb_news&rsv_dl=fyb_news,https://fyb-2.cdn.bcebos.com/hotboard_image/b03bbc0da03733929031ee63323a3bb9,百度热搜,实时热搜,realtime,hotlist,,2026-09-25 00:25:25
36,国家对成品油价格实施调控,为减缓国际油价上涨对国内的冲击，国家继续对成品油价格采取调控措施。根据现行价格机制计算，自9月24日24时起，国内汽、柴油（标准品）价格每吨分别应上调830元、800元，调控后实际上调395元、385元。,4550243,https://www.baidu.com/s?wd=%E5%9B%BD%E5%AE%B6%E5%AF%B9%E6%88%90%E5%93%81%E6%B2%B9%E4%BB%B7%E6%A0%BC%E5%AE%9E%E6%96%BD%E8%B0%83%E6%8E%A7&sa=fyb_news&rsv_dl=fyb_news,https://fyb-2.cdn.bcebos.com/hotboard_image/7079819e3a20186c6f9b93ec3e116965,百度热搜,实时热搜,realtime,hotlist,,2026-09-25 00:25:25
37,孙颖莎3比1早田希娜,9月24日，亚运会乒乓球女团决赛，中国vs日本第一盘，孙颖莎3-1早田希娜，总比分中国队1-0日本队。,4460221,https://www.baidu.com/s?wd=%E5%AD%99%E9%A2%96%E8%8E%8E3%E6%AF%941%E6%97%A9%E7%94%B0%E5%B8%8C%E5%A8%9C&sa=fyb_news&rsv_dl=fyb_news,https://fyb-2.cdn.bcebos.com/hotboard_image/c2a6b085da616ed1f1494d8ff9c38ce3,百度热搜,实时热搜,realtime,hotlist,,2026-09-25 00:25:25
38,《兰香如故》市占率42.6%,,4351722,https://www.baidu.com/s?wd=%E3%80%8A%E5%85%B0%E9%A6%99%E5%A6%82%E6%95%85%E3%80%8B%E5%B8%82%E5%8D%A0%E7%8E%8742.6%25&sa=fyb_news&rsv_dl=fyb_news,https://fyb-1.cdn.bcebos.com/fyb/de6163834f53ca92c1273fff98ac9078.jpeg,百度热搜,实时热搜,realtime,hotlist,,2026-09-25 00:25:25
39,李子柒回应何时出新作品,9月23日，李子柒出席北京文化论坛时被问及何时出新作品，她回应称不着急，要把自己的事情做好。其最新一条视频发布于2024年11月14日，断更近2年，评论区仍有粉丝持续留言催更。,4283527,https://www.baidu.com/s?wd=%E6%9D%8E%E5%AD%90%E6%9F%92%E5%9B%9E%E5%BA%94%E4%BD%95%E6%97%B6%E5%87%BA%E6%96%B0%E4%BD%9C%E5%93%81&sa=fyb_news&rsv_dl=fyb_news,https://fyb-2.cdn.bcebos.com/hotboard_image/570e1089571a00d2d71d3ba6057f35ce,百度热搜,实时热搜,realtime,hotlist,,2026-09-25 00:25:25
40,胖东来大月饼难抢,9月24日，记者在新乡胖东来探访发现，顾客购物车堆成小山，有百公里外老板开车来进货。此前，胖东来网红大月饼改为线上限购销售，工作人员称每天上架几千份，两三分钟便抢空，引发关注。,4173156,https://www.baidu.com/s?wd=%E8%83%96%E4%B8%9C%E6%9D%A5%E5%A4%A7%E6%9C%88%E9%A5%BC%E9%9A%BE%E6%8A%A2&sa=fyb_news&rsv_dl=fyb_news,https://fyb-2.cdn.bcebos.com/hotboard_image/9e971a7cbb0a4e1fbfcdf2c019583779,百度热搜,实时热搜,realtime,hotlist,,2026-09-25 00:25:25
41,国足3比0马尔代夫,9月24日，2026CFA中国之队·重庆国际足球邀请赛在重庆龙兴足球场举行，中国队3比0战胜马尔代夫队。,4091473,https://www.baidu.com/s?wd=%E5%9B%BD%E8%B6%B33%E6%AF%940%E9%A9%AC%E5%B0%94%E4%BB%A3%E5%A4%AB&sa=fyb_news&rsv_dl=fyb_news,https://fyb-2.cdn.bcebos.com/hotboard_image/137aedf169507ddcf4409bfd44896846,百度热搜,实时热搜,realtime,hotlist,,2026-09-25 00:25:25
42,严屹宽《纹路》,9月24日晚，严屹宽在河南卫视中秋晚会演唱《纹路》，把千年彩陶的故事唱活了。镜头穿梭在考古现场与博物馆，他化身讲解员给小朋友科普彩陶纹样。古今同框的画面氛围感拉满，厚重的中华文明瞬间有了温度。,3968956,https://www.baidu.com/s?wd=%E4%B8%A5%E5%B1%B9%E5%AE%BD%E3%80%8A%E7%BA%B9%E8%B7%AF%E3%80%8B&sa=fyb_news&rsv_dl=fyb_news,https://fyb-2.cdn.bcebos.com/hotboard_image/f043dccb1241324bc3efaa44ef7f7711,百度热搜,实时热搜,realtime,hotlist,,2026-09-25 00:25:25
43,文旅部新闻发言人：插播一个小广告,9月24日，国务院新闻办公室举行“开局起步‘十五五’”系列主题新闻发布会，文旅部新闻发言人、办公厅主任陈彬斌在会中表示：“这里我也插播一个小广告，我们今年将举办首届中国大众合唱节。”据介绍，目前全国共有合唱团队82万个，参与人数超过3000万。,3873964,https://www.baidu.com/s?wd=%E6%96%87%E6%97%85%E9%83%A8%E6%96%B0%E9%97%BB%E5%8F%91%E8%A8%80%E4%BA%BA%EF%BC%9A%E6%8F%92%E6%92%AD%E4%B8%80%E4%B8%AA%E5%B0%8F%E5%B9%BF%E5%91%8A&sa=fyb_news&rsv_dl=fyb_news,https://fyb-2.cdn.bcebos.com/hotboard_image/22537a0c322d73e8c7fe0878662b22b2,百度热搜,实时热搜,realtime,hotlist,,2026-09-25 00:25:25
44,熊孩子踹门刚跑进电梯就被拦住,,3786708,https://www.baidu.com/s?wd=%E7%86%8A%E5%AD%A9%E5%AD%90%E8%B8%B9%E9%97%A8%E5%88%9A%E8%B7%91%E8%BF%9B%E7%94%B5%E6%A2%AF%E5%B0%B1%E8%A2%AB%E6%8B%A6%E4%BD%8F&sa=fyb_news&rsv_dl=fyb_news,https://fyb-1.cdn.bcebos.com/fyb/de6163834f53ca92c1273fff98ac9078.jpeg,百度热搜,实时热搜,realtime,hotlist,,2026-09-25 00:25:25
45,技校生匡传富变身北大科研骨干,9月23日，技校出身的匡传富随北大教授亮相世赛。十年前他止步世赛选拔赛，后入职北大课题组成长为科研骨干，参与研发的检测器斩获全国科创大奖，印证技能人才也可投身前沿科研。,3687085,https://www.baidu.com/s?wd=%E6%8A%80%E6%A0%A1%E7%94%9F%E5%8C%A1%E4%BC%A0%E5%AF%8C%E5%8F%98%E8%BA%AB%E5%8C%97%E5%A4%A7%E7%A7%91%E7%A0%94%E9%AA%A8%E5%B9%B2&sa=fyb_news&rsv_dl=fyb_news,https://fyb-2.cdn.bcebos.com/hotboard_image/a262c07a4343c3997e53dc252b9e5b96,百度热搜,实时热搜,realtime,hotlist,,2026-09-25 00:25:25
46,钱塘江大潮进入最佳观潮期,,3600380,https://www.baidu.com/s?wd=%E9%92%B1%E5%A1%98%E6%B1%9F%E5%A4%A7%E6%BD%AE%E8%BF%9B%E5%85%A5%E6%9C%80%E4%BD%B3%E8%A7%82%E6%BD%AE%E6%9C%9F&sa=fyb_news&rsv_dl=fyb_news,https://fyb-1.cdn.bcebos.com/fyb/de6163834f53ca92c1273fff98ac9078.jpeg,百度热搜,实时热搜,realtime,hotlist,,2026-09-25 00:25:25
47,企业给30年工龄老员工发万元奖励,近日，河南洛阳中成集团40周年庆给30年工龄老员工发万元奖励。据悉，11名满30年工龄员工获万元奖励，10至30年工龄的255名员工获电动车等。此外，公司每位员工还收到1000元购物卡。,3526027,https://www.baidu.com/s?wd=%E4%BC%81%E4%B8%9A%E7%BB%9930%E5%B9%B4%E5%B7%A5%E9%BE%84%E8%80%81%E5%91%98%E5%B7%A5%E5%8F%91%E4%B8%87%E5%85%83%E5%A5%96%E5%8A%B1&sa=fyb_news&rsv_dl=fyb_news,https://fyb-2.cdn.bcebos.com/hotboard_image/103ff2584e66a21f29f7761522e2e260,百度热搜,实时热搜,realtime,hotlist,,2026-09-25 00:25:25
48,国羽女团夺冠后第一反应是抱紧队友,9月24日，名古屋亚运会羽毛球女子团体决赛，中国队以3∶0击败日本队拿下金牌。国羽女团夺冠之后队员们第一时间相拥，分享这份胜利的喜悦。,3411703,https://www.baidu.com/s?wd=%E5%9B%BD%E7%BE%BD%E5%A5%B3%E5%9B%A2%E5%A4%BA%E5%86%A0%E5%90%8E%E7%AC%AC%E4%B8%80%E5%8F%8D%E5%BA%94%E6%98%AF%E6%8A%B1%E7%B4%A7%E9%98%9F%E5%8F%8B&sa=fyb_news&rsv_dl=fyb_news,https://fyb-2.cdn.bcebos.com/hotboard_image/940de529e4362642b6e615b4c8a6cb1e,百度热搜,实时热搜,realtime,hotlist,,2026-09-25 00:25:25
49,坐高铁用不用一次性座椅套垫,9月24日上午，针对网友热议的“坐高铁是否需自带一次性座椅套垫”，铁路12306回应称，高铁坐垫正常120至180天更换清洗，卧铺床单一客一换，平时脏污会清理。,3337904,https://www.baidu.com/s?wd=%E5%9D%90%E9%AB%98%E9%93%81%E7%94%A8%E4%B8%8D%E7%94%A8%E4%B8%80%E6%AC%A1%E6%80%A7%E5%BA%A7%E6%A4%85%E5%A5%97%E5%9E%AB&sa=fyb_news&rsv_dl=fyb_news,https://fyb-2.cdn.bcebos.com/hotboard_image/f61c800f1097845473bcb0f4c8000e08,百度热搜,实时热搜,realtime,hotlist,,2026-09-25 00:25:25
50,林诗栋3比1户上隼辅,9月24日，亚运会乒乓球男团决赛，中国vs日本第三盘，林诗栋不负众望3-1战胜户上隼辅。,3207284,https://www.baidu.com/s?wd=%E6%9E%97%E8%AF%97%E6%A0%8B3%E6%AF%941%E6%88%B7%E4%B8%8A%E9%9A%BC%E8%BE%85&sa=fyb_news&rsv_dl=fyb_news,https://fyb-2.cdn.bcebos.com/hotboard_image/cd5d2546a17b43e0f574c508bd2621ac,百度热搜,实时热搜,realtime,hotlist,,2026-09-25 00:25:25
1,40余年 跨越太平洋的友谊,1985年，时任河北正定县委书记习近平访问美国艾奥瓦州，今年2月，习近平主席复信艾奥瓦州友人指出，“那些美好回忆至今仍记忆犹新”。习主席始终高度重视中美人民友好事业，两国人民友谊之树向更深处扎根，向更高远的天空生长。,7904841,https://www.baidu.com/s?wd=40%E4%BD%99%E5%B9%B4+%E8%B7%A8%E8%B6%8A%E5%A4%AA%E5%B9%B3%E6%B4%8B%E7%9A%84%E5%8F%8B%E8%B0%8A&sa=fyb_news&rsv_dl=fyb_news,https://fyb-2.cdn.bcebos.com/hotboard_image/27a2d12dc2b6240adc9dadd64b3d5047,百度热搜,实时热搜,realtime,hotlist,,2026-09-25 01:20:39
2,习近平：美方应慎重处理台湾问题,当地时间9月24日上午，国家主席习近平同美国总统特朗普在白宫举行会谈。习近平强调，中方维护国家统一和领土完整的立场很清楚。希望美方坚持反对“台独”的正确立场，慎重处理台湾问题，为中美战略合作和两国关系发展奠定坚实基础。,7808238,https://www.baidu.com/s?wd=%E4%B9%A0%E8%BF%91%E5%B9%B3%EF%BC%9A%E7%BE%8E%E6%96%B9%E5%BA%94%E6%85%8E%E9%87%8D%E5%A4%84%E7%90%86%E5%8F%B0%E6%B9%BE%E9%97%AE%E9%A2%98&sa=fyb_news&rsv_dl=fyb_news,https://fyb-2.cdn.bcebos.com/hotboard_image/23498e790ec72673a3e3ee478372308e,百度热搜,实时热搜,realtime,hotlist,,2026-09-25 01:20:39
3,习近平出席特朗普举行的欢迎仪式,,7714615,https://www.baidu.com/s?wd=%E4%B9%A0%E8%BF%91%E5%B9%B3%E5%87%BA%E5%B8%AD%E7%89%B9%E6%9C%97%E6%99%AE%E4%B8%BE%E8%A1%8C%E7%9A%84%E6%AC%A2%E8%BF%8E%E4%BB%AA%E5%BC%8F&sa=fyb_news&rsv_dl=fyb_news,https://fyb-1.cdn.bcebos.com/fyb/de6163834f53ca92c1273fff98ac9078.jpeg,百度热搜,实时热搜,realtime,hotlist,,2026-09-25 01:20:39
4,世界技能大赛究竟比什么,第48届世界技能大赛9月23日进入开赛首日，从精密制造到数字技术，从匠心手作到智能应用，赛场内外处处是毫厘之间的较量。71位中国选手亮相全部64个项目，向世界展示硬核技艺。,7619377,https://www.baidu.com/s?wd=%E4%B8%96%E7%95%8C%E6%8A%80%E8%83%BD%E5%A4%A7%E8%B5%9B%E7%A9%B6%E7%AB%9F%E6%AF%94%E4%BB%80%E4%B9%88&sa=fyb_news&rsv_dl=fyb_news,https://fyb-2.cdn.bcebos.com/hotboard_image/ec177f32f679dc72eec5263c0f8841cf,百度热搜,实时热搜,realtime,hotlist,,2026-09-25 01:20:39
5,习近平在白宫欢迎仪式上的致辞,,7521072,https://www.baidu.com/s?wd=%E4%B9%A0%E8%BF%91%E5%B9%B3%E5%9C%A8%E7%99%BD%E5%AE%AB%E6%AC%A2%E8%BF%8E%E4%BB%AA%E5%BC%8F%E4%B8%8A%E7%9A%84%E8%87%B4%E8%BE%9E&sa=fyb_news&rsv_dl=fyb_news,https://fyb-1.cdn.bcebos.com/fyb/de6163834f53ca92c1273fff98ac9078.jpeg,百度热搜,实时热搜,realtime,hotlist,,2026-09-25 01:20:39
6,大熊猫“平平”“福双”将赴美,再过几天，大熊猫“平平”、“福双”就会落户亚特兰大动物园，同美国人民见面。,7424928,https://www.baidu.com/s?wd=%E5%A4%A7%E7%86%8A%E7%8C%AB%E2%80%9C%E5%B9%B3%E5%B9%B3%E2%80%9D%E2%80%9C%E7%A6%8F%E5%8F%8C%E2%80%9D%E5%B0%86%E8%B5%B4%E7%BE%8E&sa=fyb_news&rsv_dl=fyb_news,https://fyb-2.cdn.bcebos.com/hotboard_image/7079819e3a20186c6f9b93ec3e116965,百度热搜,实时热搜,realtime,hotlist,,2026-09-25 01:20:39
7,邓亚萍谈国乒男团输日本,9月24日，亚运会乒乓球男子团体决赛，由王楚钦、温瑞博、林诗栋组成的中国队2-3不敌日本队，获得银牌。赛后邓亚萍复盘称：“非常遗憾我们输掉了，但我认为中国男乒整体打得还是很不错的。”她表示，对于王楚钦，当天的排阵他没有任何容错空间。,7329033,https://www.baidu.com/s?wd=%E9%82%93%E4%BA%9A%E8%90%8D%E8%B0%88%E5%9B%BD%E4%B9%92%E7%94%B7%E5%9B%A2%E8%BE%93%E6%97%A5%E6%9C%AC&sa=fyb_news&rsv_dl=fyb_news,https://fyb-2.cdn.bcebos.com/hotboard_image/af2070142c11c6a85896e5f2eb457990,百度热搜,实时热搜,realtime,hotlist,,2026-09-25 01:20:39
8,公司发月饼1人1口不准多拿,近日，深圳一家公司发放中秋月饼福利，每人仅能领取一口，现场还提醒员工不要多拿。此事传到网上引发热议。,7233178,https://www.baidu.com/s?wd=%E5%85%AC%E5%8F%B8%E5%8F%91%E6%9C%88%E9%A5%BC1%E4%BA%BA1%E5%8F%A3%E4%B8%8D%E5%87%86%E5%A4%9A%E6%8B%BF&sa=fyb_news&rsv_dl=fyb_news,https://fyb-2.cdn.bcebos.com/hotboard_image/7668ea8ae2bd0680acabe6f8fdb8b726,百度热搜,实时热搜,realtime,hotlist,,2026-09-25 01:20:39
9,黑芝麻糊检出霉菌超标27倍 维维回应,近日，上海市场监管抽检发现，维维子公司生产的一批无添加蔗糖黑芝麻糊霉菌最高超标27倍。维维回应涉事产品已全部召回，市面无留存。截至9月23日收盘，维维股份市值50亿，年内股价下跌超9%。,7143634,https://www.baidu.com/s?wd=%E9%BB%91%E8%8A%9D%E9%BA%BB%E7%B3%8A%E6%A3%80%E5%87%BA%E9%9C%89%E8%8F%8C%E8%B6%85%E6%A0%8727%E5%80%8D+%E7%BB%B4%E7%BB%B4%E5%9B%9E%E5%BA%94&sa=fyb_news&rsv_dl=fyb_news,https://fyb-2.cdn.bcebos.com/hotboard_image/fb55dad18e6f0ad0a40c6eebd5a95b74,百度热搜,实时热搜,realtime,hotlist,,2026-09-25 01:20:39
10,全国赏秋地图来了,秋天出行是幸福又治愈的。这份全国赏秋指南和朝霞晚霞观赏地图一起收藏起来吧。,7046132,https://www.baidu.com/s?wd=%E5%85%A8%E5%9B%BD%E8%B5%8F%E7%A7%8B%E5%9C%B0%E5%9B%BE%E6%9D%A5%E4%BA%86&sa=fyb_news&rsv_dl=fyb_news,https://fyb-2.cdn.bcebos.com/hotboard_image/4f61ed40626a6bdfe452a18beceb7d55,百度热搜,实时热搜,realtime,hotlist,,2026-09-25 01:20:39
11,中秋节,,6949406,https://www.baidu.com/s?wd=%E4%B8%AD%E7%A7%8B%E8%8A%82&sa=fyb_news&rsv_dl=fyb_news,https://fyb-1.cdn.bcebos.com/fyb/de6163834f53ca92c1273fff98ac9078.jpeg,百度热搜,实时热搜,realtime,hotlist,,2026-09-25 01:20:39
12,陌生快递寄来礼品卡？误区要注意,中秋、国庆双节将至，不少人收到了一份“从天而降”的快递——自己明明没有网购，却收到一个装着湿巾等小物件外加一张“双节礼品卡”的包裹。不花一分钱扫个码就能领取年货大礼包？千万别信！此类事存在着两大认知误区，一文解读！,6848929,https://www.baidu.com/s?wd=%E9%99%8C%E7%94%9F%E5%BF%AB%E9%80%92%E5%AF%84%E6%9D%A5%E7%A4%BC%E5%93%81%E5%8D%A1%EF%BC%9F%E8%AF%AF%E5%8C%BA%E8%A6%81%E6%B3%A8%E6%84%8F&sa=fyb_news&rsv_dl=fyb_news,https://fyb-2.cdn.bcebos.com/hotboard_image/8ac4e32ba1b3f8270fb0b505025c307e,百度热搜,实时热搜,realtime,hotlist,,2026-09-25 01:20:39
13,绿皮火车女性专属包房来了,9月24日，浙江金温铁道工作人员表示，绿皮火车推出女性专属包房服务。该服务覆盖5条温州始发线路，上车后可预约，与卧铺同价无需额外付费。包房设有挡帘及女性卫生用品等便民箱，相对更私密。,6761207,https://www.baidu.com/s?wd=%E7%BB%BF%E7%9A%AE%E7%81%AB%E8%BD%A6%E5%A5%B3%E6%80%A7%E4%B8%93%E5%B1%9E%E5%8C%85%E6%88%BF%E6%9D%A5%E4%BA%86&sa=fyb_news&rsv_dl=fyb_news,https://fyb-2.cdn.bcebos.com/hotboard_image/4c773f757c2caf92be84b16f4fc51844,百度热搜,实时热搜,realtime,hotlist,,2026-09-25 01:20:39
14,第一波出发的大聪明堵路上了,9月24日凌晨，广昆高速肇庆段返乡车流出现多处堵塞。许多试图提前出发的车主遭遇拥堵，网友调侃：“第一波出发的大聪明堵路上了！”,6660504,https://www.baidu.com/s?wd=%E7%AC%AC%E4%B8%80%E6%B3%A2%E5%87%BA%E5%8F%91%E7%9A%84%E5%A4%A7%E8%81%AA%E6%98%8E%E5%A0%B5%E8%B7%AF%E4%B8%8A%E4%BA%86&sa=fyb_news&rsv_dl=fyb_news,https://fyb-2.cdn.bcebos.com/hotboard_image/46d2871d8d1b82688bea8c1a7ba5a309,百度热搜,实时热搜,realtime,hotlist,,2026-09-25 01:20:39
15,李一桐北舞严选的含金量还在上升,中秋奇妙游中，李一桐切换三套造型，以青赤黄白黑五方正色为视觉核心，用歌声和舞蹈演绎传统五色，从山水到生活展开色彩叙事，宛如仙女下人间，北舞严选含金量还在上升。,6566771,https://www.baidu.com/s?wd=%E6%9D%8E%E4%B8%80%E6%A1%90%E5%8C%97%E8%88%9E%E4%B8%A5%E9%80%89%E7%9A%84%E5%90%AB%E9%87%91%E9%87%8F%E8%BF%98%E5%9C%A8%E4%B8%8A%E5%8D%87&sa=fyb_news&rsv_dl=fyb_news,https://fyb-2.cdn.bcebos.com/hotboard_image/2b9ee8e1a5fa443c37d12f8df9ab2b6f,百度热搜,实时热搜,realtime,hotlist,,2026-09-25 01:20:39
16,王曼昱3比2逆转张本美和,9月24日晚，亚运会乒乓球女团决赛，中国vs日本第二盘，王曼昱3-2逆转张本美和，总比分中国队2-0日本队，第三盘蒯曼vs伊藤美诚，一起为国乒女团加油！,6466404,https://www.baidu.com/s?wd=%E7%8E%8B%E6%9B%BC%E6%98%B13%E6%AF%942%E9%80%86%E8%BD%AC%E5%BC%A0%E6%9C%AC%E7%BE%8E%E5%92%8C&sa=fyb_news&rsv_dl=fyb_news,https://fyb-2.cdn.bcebos.com/hotboard_image/44ea50d52647de5cb1f5b23580a3ec79,百度热搜,实时热搜,realtime,hotlist,,2026-09-25 01:20:39
17,特朗普总统夫妇在下车处迎候,当地时间9月24日上午，国家主席习近平和夫人彭丽媛乘车将抵达白宫，出席美国总统特朗普举行的欢迎仪式。特朗普总统和夫人梅拉尼娅在下车处热情迎接。,6375872,https://www.baidu.com/s?wd=%E7%89%B9%E6%9C%97%E6%99%AE%E6%80%BB%E7%BB%9F%E5%A4%AB%E5%A6%87%E5%9C%A8%E4%B8%8B%E8%BD%A6%E5%A4%84%E8%BF%8E%E5%80%99&sa=fyb_news&rsv_dl=fyb_news,https://fyb-2.cdn.bcebos.com/hotboard_image/36df127500f0de001a994dfd632a84e6,百度热搜,实时热搜,realtime,hotlist,,2026-09-25 01:20:39
18,多地商场把“C位”留给国之栋梁,近日，不少网友在社交平台上发视频称，多地商场的核心“C位”挂上了“国家栋梁”主题巨幅海报，集中展示袁隆平、钱学森、邓稼先、屠呦呦等功勋人物。一商场负责人：我们就是想让更多人知道这些“国家栋梁”，向他们致敬。,6286724,https://www.baidu.com/s?wd=%E5%A4%9A%E5%9C%B0%E5%95%86%E5%9C%BA%E6%8A%8A%E2%80%9CC%E4%BD%8D%E2%80%9D%E7%95%99%E7%BB%99%E5%9B%BD%E4%B9%8B%E6%A0%8B%E6%A2%81&sa=fyb_news&rsv_dl=fyb_news,https://fyb-2.cdn.bcebos.com/hotboard_image/d87150be3dbb653a51987ec1bc349eea,百度热搜,实时热搜,realtime,hotlist,,2026-09-25 01:20:39
19,男孩熟练打包牡蛎：一箱仅二十多秒,山东威海乳山的一名小学四年级学生，父亲顾先生经营水产品加工厂5年，男孩从二年级起周末写完作业会来车间帮忙，打包一箱牡蛎大概‌十几秒到二十多秒‌，动作利落，速度不比大人慢。‌‌,6183797,https://www.baidu.com/s?wd=%E7%94%B7%E5%AD%A9%E7%86%9F%E7%BB%83%E6%89%93%E5%8C%85%E7%89%A1%E8%9B%8E%EF%BC%9A%E4%B8%80%E7%AE%B1%E4%BB%85%E4%BA%8C%E5%8D%81%E5%A4%9A%E7%A7%92&sa=fyb_news&rsv_dl=fyb_news,https://fyb-2.cdn.bcebos.com/hotboard_image/c83b7394ae1534dc00d14d6358ce3f90,百度热搜,实时热搜,realtime,hotlist,,2026-09-25 01:20:39
20,张雪就泰康人寿拒赔一事发声,近日，张雪在个人账号为“投保重疾险10年后确诊结肠癌遭拒赔”事件发声，他直接转发相关新闻片段，并询问泰康人寿：“这是造谣吗？如果是就起诉，如果不是就鄙视你。”目前，泰康人寿就拒赔一事暂无新回应。,6086997,https://www.baidu.com/s?wd=%E5%BC%A0%E9%9B%AA%E5%B0%B1%E6%B3%B0%E5%BA%B7%E4%BA%BA%E5%AF%BF%E6%8B%92%E8%B5%94%E4%B8%80%E4%BA%8B%E5%8F%91%E5%A3%B0&sa=fyb_news&rsv_dl=fyb_news,https://fyb-2.cdn.bcebos.com/hotboard_image/917f401392ed5b1b881aa6e32f4456c9,百度热搜,实时热搜,realtime,hotlist,,2026-09-25 01:20:39
21,北大清华“一饼难求”,中秋临近，北京多所高校推出文创月饼，北大、清华款融入校徽、校训等校园元素，兼顾新潮与经典口味，一经上线迅速售罄、一饼难求。专家称，高校月饼承载身份认同与母校情怀，不止是节令点心。,5992065,https://www.baidu.com/s?wd=%E5%8C%97%E5%A4%A7%E6%B8%85%E5%8D%8E%E2%80%9C%E4%B8%80%E9%A5%BC%E9%9A%BE%E6%B1%82%E2%80%9D&sa=fyb_news&rsv_dl=fyb_news,https://fyb-2.cdn.bcebos.com/hotboard_image/638d1ce25e3ceb36aa85ec821b2fe3d4,百度热搜,实时热搜,realtime,hotlist,,2026-09-25 01:20:39
22,王楚钦0-3张本智和,9月24日，名古屋亚运会乒乓球男团决赛，国乒主力王楚钦在第四盘0:3爆冷不敌东道主日本选手张本智和；此前王楚钦逆转、林诗栋变阵获胜助国乒2:1领先，此番落败后双方大比分2:2战平。,5895241,https://www.baidu.com/s?wd=%E7%8E%8B%E6%A5%9A%E9%92%A60-3%E5%BC%A0%E6%9C%AC%E6%99%BA%E5%92%8C&sa=fyb_news&rsv_dl=fyb_news,https://fyb-2.cdn.bcebos.com/hotboard_image/13c60c8589b417e58c834be31e655f0b,百度热搜,实时热搜,realtime,hotlist,,2026-09-25 01:20:39
23,国乒女团亚运6连冠 3-0横扫日本,9月24日，名古屋亚运会乒乓球女子团体决赛，中国队3-0击败日本队，夺得金牌！这是中国乒乓球在亚运会上的第12枚女团金牌，同时也实现了女团六连冠。,5799561,https://www.baidu.com/s?wd=%E5%9B%BD%E4%B9%92%E5%A5%B3%E5%9B%A2%E4%BA%9A%E8%BF%906%E8%BF%9E%E5%86%A0+3-0%E6%A8%AA%E6%89%AB%E6%97%A5%E6%9C%AC&sa=fyb_news&rsv_dl=fyb_news,https://fyb-2.cdn.bcebos.com/hotboard_image/e23fafdf4d05107ed6160fd76898ad87,百度热搜,实时热搜,realtime,hotlist,,2026-09-25 01:20:39
24,国防部回应新西兰军舰过航台湾海峡,近日，针对新西兰军舰过航台湾海峡，中国军队依法依规组织海空兵力全程跟监警戒并有效应对处置。中方敦促新方恪守一个中国原则，勿向“台独”分裂势力发出错误信号。,5712145,https://www.baidu.com/s?wd=%E5%9B%BD%E9%98%B2%E9%83%A8%E5%9B%9E%E5%BA%94%E6%96%B0%E8%A5%BF%E5%85%B0%E5%86%9B%E8%88%B0%E8%BF%87%E8%88%AA%E5%8F%B0%E6%B9%BE%E6%B5%B7%E5%B3%A1&sa=fyb_news&rsv_dl=fyb_news,https://fyb-2.cdn.bcebos.com/hotboard_image/a3bf55492ba673ef30e7afea0a9e765d,百度热搜,实时热搜,realtime,hotlist,,2026-09-25 01:20:39
25,国乒男团无缘九连冠,北京时间9月24日，在刚刚结束的爱知·名古屋亚运会乒乓球男子团体决赛中，卫冕冠军中国队以2:3不敌日本队，收获一枚银牌。此前，国乒连续八次在亚运会上夺得该项目金牌。,5608124,https://www.baidu.com/s?wd=%E5%9B%BD%E4%B9%92%E7%94%B7%E5%9B%A2%E6%97%A0%E7%BC%98%E4%B9%9D%E8%BF%9E%E5%86%A0&sa=fyb_news&rsv_dl=fyb_news,https://fyb-2.cdn.bcebos.com/hotboard_image/bfc9c5ba2174ae15054ccb3f77230ad8,百度热搜,实时热搜,realtime,hotlist,,2026-09-25 01:20:39
26,张展硕半小时2金,近日，19岁小将张展硕在名古屋亚运会中半小时连夺2金，斩获第6金，追平张雨霏单届6金纪录。据悉，他先在男子800米自由泳决赛拿下个人第五金，紧接着在男子4x100米自由泳接力决赛再添一金！,5514478,https://www.baidu.com/s?wd=%E5%BC%A0%E5%B1%95%E7%A1%95%E5%8D%8A%E5%B0%8F%E6%97%B62%E9%87%91&sa=fyb_news&rsv_dl=fyb_news,https://fyb-2.cdn.bcebos.com/hotboard_image/9aca0cf7f187794affc618be42728d25,百度热搜,实时热搜,realtime,hotlist,,2026-09-25 01:20:39
27,胖东来大月饼难抢,9月24日，记者在新乡胖东来探访发现，顾客购物车堆成小山，有百公里外老板开车来进货。此前，胖东来网红大月饼改为线上限购销售，工作人员称每天上架几千份，两三分钟便抢空，引发关注。,5415234,https://www.baidu.com/s?wd=%E8%83%96%E4%B8%9C%E6%9D%A5%E5%A4%A7%E6%9C%88%E9%A5%BC%E9%9A%BE%E6%8A%A2&sa=fyb_news&rsv_dl=fyb_news,https://fyb-2.cdn.bcebos.com/hotboard_image/9e971a7cbb0a4e1fbfcdf2c019583779,百度热搜,实时热搜,realtime,hotlist,,2026-09-25 01:20:39
28,羽毛球降价：从一球难求到库存积压,近日，经历前几年疯涨后羽毛球价格逐渐回落，多个品牌下调价格，“口粮球”降幅约26%，从一球难求到库存积压。,5328670,https://www.baidu.com/s?wd=%E7%BE%BD%E6%AF%9B%E7%90%83%E9%99%8D%E4%BB%B7%EF%BC%9A%E4%BB%8E%E4%B8%80%E7%90%83%E9%9A%BE%E6%B1%82%E5%88%B0%E5%BA%93%E5%AD%98%E7%A7%AF%E5%8E%8B&sa=fyb_news&rsv_dl=fyb_news,https://fyb-2.cdn.bcebos.com/hotboard_image/3b9e68d844ab87d9959f4202abe41c98,百度热搜,实时热搜,realtime,hotlist,,2026-09-25 01:20:39
29,王楚钦谈决赛阵容：不要揣测教练意图,9月24日，国乒男团2比3不敌东道主日本队，无缘本届亚运会乒乓首金。此前决赛阵容被外界质疑为“田忌赛马”，对此，王楚钦表示，“这都是教练的（决策），我们运动员只是执行的那个人，所以还是不要去揣测教练的意图。”,5221130,https://www.baidu.com/s?wd=%E7%8E%8B%E6%A5%9A%E9%92%A6%E8%B0%88%E5%86%B3%E8%B5%9B%E9%98%B5%E5%AE%B9%EF%BC%9A%E4%B8%8D%E8%A6%81%E6%8F%A3%E6%B5%8B%E6%95%99%E7%BB%83%E6%84%8F%E5%9B%BE&sa=fyb_news&rsv_dl=fyb_news,https://fyb-2.cdn.bcebos.com/hotboard_image/7aea0e00567b81a2d3a13074f05799da,百度热搜,实时热搜,realtime,hotlist,,2026-09-25 01:20:39
30,国羽男团不敌印尼获亚运银牌,9月24日，名古屋亚运会羽毛球男子团体决赛，中国队2-3不敌印度尼西亚队，获得银牌。,5141709,https://www.baidu.com/s?wd=%E5%9B%BD%E7%BE%BD%E7%94%B7%E5%9B%A2%E4%B8%8D%E6%95%8C%E5%8D%B0%E5%B0%BC%E8%8E%B7%E4%BA%9A%E8%BF%90%E9%93%B6%E7%89%8C&sa=fyb_news&rsv_dl=fyb_news,https://fyb-2.cdn.bcebos.com/hotboard_image/9c26d805a93eda63f8eeeded8c9ed868,百度热搜,实时热搜,realtime,hotlist,,2026-09-25 01:20:39
31,王楚钦：尽快收拾心情面对后面比赛,9月24日晚，中国男乒在男团决赛中2比3不敌日本队，遗憾获得银牌，赛后王楚钦表示：虽然结果不尽如人意，但比赛还没结束，大家要好好调整，去迎接接下来的比赛。,5022308,https://www.baidu.com/s?wd=%E7%8E%8B%E6%A5%9A%E9%92%A6%EF%BC%9A%E5%B0%BD%E5%BF%AB%E6%94%B6%E6%8B%BE%E5%BF%83%E6%83%85%E9%9D%A2%E5%AF%B9%E5%90%8E%E9%9D%A2%E6%AF%94%E8%B5%9B&sa=fyb_news&rsv_dl=fyb_news,https://fyb-2.cdn.bcebos.com/hotboard_image/3c5682fd36ec250e7ca6661e75be7afd,百度热搜,实时热搜,realtime,hotlist,,2026-09-25 01:20:39
32,日本选手打破男子200米蛙泳世界纪录,,4926878,https://www.baidu.com/s?wd=%E6%97%A5%E6%9C%AC%E9%80%89%E6%89%8B%E6%89%93%E7%A0%B4%E7%94%B7%E5%AD%90200%E7%B1%B3%E8%9B%99%E6%B3%B3%E4%B8%96%E7%95%8C%E7%BA%AA%E5%BD%95&sa=fyb_news&rsv_dl=fyb_news,https://fyb-1.cdn.bcebos.com/fyb/de6163834f53ca92c1273fff98ac9078.jpeg,百度热搜,实时热搜,realtime,hotlist,,2026-09-25 01:20:39
33,广州地铁挤爆了,9月24日下午，受中秋假期前高铁出行与晚高峰通勤客流叠加影响，广州地铁多个站点处于严重拥堵状态。17时许，广州地铁发文提醒线网已进入晚高峰，多个站点实行客流控制，呼吁乘客错峰出行。,4860757,https://www.baidu.com/s?wd=%E5%B9%BF%E5%B7%9E%E5%9C%B0%E9%93%81%E6%8C%A4%E7%88%86%E4%BA%86&sa=fyb_news&rsv_dl=fyb_news,https://fyb-2.cdn.bcebos.com/hotboard_image/5efc276d4e17ed34c45a62468e5f6ac7,百度热搜,实时热搜,realtime,hotlist,,2026-09-25 01:20:39
34,《兰香如故》市占率42.6%,,4749318,https://www.baidu.com/s?wd=%E3%80%8A%E5%85%B0%E9%A6%99%E5%A6%82%E6%95%85%E3%80%8B%E5%B8%82%E5%8D%A0%E7%8E%8742.6%25&sa=fyb_news&rsv_dl=fyb_news,https://fyb-1.cdn.bcebos.com/fyb/de6163834f53ca92c1273fff98ac9078.jpeg,百度热搜,实时热搜,realtime,hotlist,,2026-09-25 01:20:39
35,王楚钦3比2逆转松岛辉空,北京时间9月24日，爱知·名古屋亚运会乒乓球男团决赛首盘，王楚钦对阵日本名将松岛辉空。最终，王楚钦3-2逆转战胜松岛辉空，中国队1-0领先日本队，比分：5-11、8-11、11-9、11-9、11-9。,4647106,https://www.baidu.com/s?wd=%E7%8E%8B%E6%A5%9A%E9%92%A63%E6%AF%942%E9%80%86%E8%BD%AC%E6%9D%BE%E5%B2%9B%E8%BE%89%E7%A9%BA&sa=fyb_news&rsv_dl=fyb_news,https://fyb-2.cdn.bcebos.com/hotboard_image/b03bbc0da03733929031ee63323a3bb9,百度热搜,实时热搜,realtime,hotlist,,2026-09-25 01:20:39
36,超长蛋挞何以火爆出圈,近期，一款60厘米的“超长蛋挞”在社交媒体刷屏。多个烘焙门店排队两三个小时，供不应求。它的走红核心不在于口味颠覆，而在于强大的社交情绪价值，即满足年轻人拍照发朋友圈的需要，还命中了年轻人的“分享刚需”。,4561963,https://www.baidu.com/s?wd=%E8%B6%85%E9%95%BF%E8%9B%8B%E6%8C%9E%E4%BD%95%E4%BB%A5%E7%81%AB%E7%88%86%E5%87%BA%E5%9C%88&sa=fyb_news&rsv_dl=fyb_news,https://fyb-2.cdn.bcebos.com/hotboard_image/b85e8b634cb380c9cabb476ac857ad83,百度热搜,实时热搜,realtime,hotlist,,2026-09-25 01:20:39
37,河南矿山过中秋1600余桌宴席摆进厂房,"9月23日晚，河南矿山第十三届中秋孝文化节火热开启，两天摆下1600余桌宴席,15000余名员工及家属欢聚厂区。",4473195,https://www.baidu.com/s?wd=%E6%B2%B3%E5%8D%97%E7%9F%BF%E5%B1%B1%E8%BF%87%E4%B8%AD%E7%A7%8B1600%E4%BD%99%E6%A1%8C%E5%AE%B4%E5%B8%AD%E6%91%86%E8%BF%9B%E5%8E%82%E6%88%BF&sa=fyb_news&rsv_dl=fyb_news,https://fyb-2.cdn.bcebos.com/hotboard_image/e258d2acf0611b935265332f0cf80332,百度热搜,实时热搜,realtime,hotlist,,2026-09-25 01:20:39
38,企业给30年工龄老员工发万元奖励,近日，河南洛阳中成集团40周年庆给30年工龄老员工发万元奖励。据悉，11名满30年工龄员工获万元奖励，10至30年工龄的255名员工获电动车等。此外，公司每位员工还收到1000元购物卡。,4369362,https://www.baidu.com/s?wd=%E4%BC%81%E4%B8%9A%E7%BB%9930%E5%B9%B4%E5%B7%A5%E9%BE%84%E8%80%81%E5%91%98%E5%B7%A5%E5%8F%91%E4%B8%87%E5%85%83%E5%A5%96%E5%8A%B1&sa=fyb_news&rsv_dl=fyb_news,https://fyb-2.cdn.bcebos.com/hotboard_image/103ff2584e66a21f29f7761522e2e260,百度热搜,实时热搜,realtime,hotlist,,2026-09-25 01:20:39
39,国家对成品油价格实施调控,为减缓国际油价上涨对国内的冲击，国家继续对成品油价格采取调控措施。根据现行价格机制计算，自9月24日24时起，国内汽、柴油（标准品）价格每吨分别应上调830元、800元，调控后实际上调395元、385元。,4254272,https://www.baidu.com/s?wd=%E5%9B%BD%E5%AE%B6%E5%AF%B9%E6%88%90%E5%93%81%E6%B2%B9%E4%BB%B7%E6%A0%BC%E5%AE%9E%E6%96%BD%E8%B0%83%E6%8E%A7&sa=fyb_news&rsv_dl=fyb_news,https://fyb-2.cdn.bcebos.com/hotboard_image/7079819e3a20186c6f9b93ec3e116965,百度热搜,实时热搜,realtime,hotlist,,2026-09-25 01:20:39
40,李子柒回应何时出新作品,9月23日，李子柒出席北京文化论坛时被问及何时出新作品，她回应称不着急，要把自己的事情做好。其最新一条视频发布于2024年11月14日，断更近2年，评论区仍有粉丝持续留言催更。,4166024,https://www.baidu.com/s?wd=%E6%9D%8E%E5%AD%90%E6%9F%92%E5%9B%9E%E5%BA%94%E4%BD%95%E6%97%B6%E5%87%BA%E6%96%B0%E4%BD%9C%E5%93%81&sa=fyb_news&rsv_dl=fyb_news,https://fyb-2.cdn.bcebos.com/hotboard_image/570e1089571a00d2d71d3ba6057f35ce,百度热搜,实时热搜,realtime,hotlist,,2026-09-25 01:20:39
41,国足3比0马尔代夫,9月24日，2026CFA中国之队·重庆国际足球邀请赛在重庆龙兴足球场举行，中国队3比0战胜马尔代夫队。,4090926,https://www.baidu.com/s?wd=%E5%9B%BD%E8%B6%B33%E6%AF%940%E9%A9%AC%E5%B0%94%E4%BB%A3%E5%A4%AB&sa=fyb_news&rsv_dl=fyb_news,https://fyb-2.cdn.bcebos.com/hotboard_image/137aedf169507ddcf4409bfd44896846,百度热搜,实时热搜,realtime,hotlist,,2026-09-25 01:20:39
42,孙颖莎3比1早田希娜,9月24日，亚运会乒乓球女团决赛，中国vs日本第一盘，孙颖莎3-1早田希娜，总比分中国队1-0日本队。,3980440,https://www.baidu.com/s?wd=%E5%AD%99%E9%A2%96%E8%8E%8E3%E6%AF%941%E6%97%A9%E7%94%B0%E5%B8%8C%E5%A8%9C&sa=fyb_news&rsv_dl=fyb_news,https://fyb-2.cdn.bcebos.com/hotboard_image/c2a6b085da616ed1f1494d8ff9c38ce3,百度热搜,实时热搜,realtime,hotlist,,2026-09-25 01:20:39
43,钱塘江大潮进入最佳观潮期,,3897185,https://www.baidu.com/s?wd=%E9%92%B1%E5%A1%98%E6%B1%9F%E5%A4%A7%E6%BD%AE%E8%BF%9B%E5%85%A5%E6%9C%80%E4%BD%B3%E8%A7%82%E6%BD%AE%E6%9C%9F&sa=fyb_news&rsv_dl=fyb_news,https://fyb-1.cdn.bcebos.com/fyb/de6163834f53ca92c1273fff98ac9078.jpeg,百度热搜,实时热搜,realtime,hotlist,,2026-09-25 01:20:39
44,严屹宽《纹路》,9月24日晚，严屹宽在河南卫视中秋晚会演唱《纹路》，把千年彩陶的故事唱活了。镜头穿梭在考古现场与博物馆，他化身讲解员给小朋友科普彩陶纹样。古今同框的画面氛围感拉满，厚重的中华文明瞬间有了温度。,3780637,https://www.baidu.com/s?wd=%E4%B8%A5%E5%B1%B9%E5%AE%BD%E3%80%8A%E7%BA%B9%E8%B7%AF%E3%80%8B&sa=fyb_news&rsv_dl=fyb_news,https://fyb-2.cdn.bcebos.com/hotboard_image/f043dccb1241324bc3efaa44ef7f7711,百度热搜,实时热搜,realtime,hotlist,,2026-09-25 01:20:39
45,中国女篮挺进四强将战韩国,9月24日，亚运会女篮1/4决赛，中国女篮89-63大胜蒙古女篮，闯进四强，半决赛将面对韩国女篮。杨舒予砍下21分，张子宇替补出场13分钟得到20分9篮板。,3690024,https://www.baidu.com/s?wd=%E4%B8%AD%E5%9B%BD%E5%A5%B3%E7%AF%AE%E6%8C%BA%E8%BF%9B%E5%9B%9B%E5%BC%BA%E5%B0%86%E6%88%98%E9%9F%A9%E5%9B%BD&sa=fyb_news&rsv_dl=fyb_news,https://fyb-2.cdn.bcebos.com/hotboard_image/18aac2d57e8a8668d828d94aa100b236,百度热搜,实时热搜,realtime,hotlist,,2026-09-25 01:20:39
46,坐高铁用不用一次性座椅套垫,9月24日上午，针对网友热议的“坐高铁是否需自带一次性座椅套垫”，铁路12306回应称，高铁坐垫正常120至180天更换清洗，卧铺床单一客一换，平时脏污会清理。,3603102,https://www.baidu.com/s?wd=%E5%9D%90%E9%AB%98%E9%93%81%E7%94%A8%E4%B8%8D%E7%94%A8%E4%B8%80%E6%AC%A1%E6%80%A7%E5%BA%A7%E6%A4%85%E5%A5%97%E5%9E%AB&sa=fyb_news&rsv_dl=fyb_news,https://fyb-2.cdn.bcebos.com/hotboard_image/f61c800f1097845473bcb0f4c8000e08,百度热搜,实时热搜,realtime,hotlist,,2026-09-25 01:20:39
47,温瑞博1比3张本智和,9月24日，亚运会乒乓球男团决赛，中国vs日本第二盘，温瑞博1-3张本智和，总比分中国队1-1日本队，第三盘林诗栋vs户上隼辅。,3497711,https://www.baidu.com/s?wd=%E6%B8%A9%E7%91%9E%E5%8D%9A1%E6%AF%943%E5%BC%A0%E6%9C%AC%E6%99%BA%E5%92%8C&sa=fyb_news&rsv_dl=fyb_news,https://fyb-2.cdn.bcebos.com/hotboard_image/4ba7af091be03c419cfd7f80537084ba,百度热搜,实时热搜,realtime,hotlist,,2026-09-25 01:20:39
48,国羽女团夺冠后第一反应是抱紧队友,9月24日，名古屋亚运会羽毛球女子团体决赛，中国队以3∶0击败日本队拿下金牌。国羽女团夺冠之后队员们第一时间相拥，分享这份胜利的喜悦。,3410062,https://www.baidu.com/s?wd=%E5%9B%BD%E7%BE%BD%E5%A5%B3%E5%9B%A2%E5%A4%BA%E5%86%A0%E5%90%8E%E7%AC%AC%E4%B8%80%E5%8F%8D%E5%BA%94%E6%98%AF%E6%8A%B1%E7%B4%A7%E9%98%9F%E5%8F%8B&sa=fyb_news&rsv_dl=fyb_news,https://fyb-2.cdn.bcebos.com/hotboard_image/940de529e4362642b6e615b4c8a6cb1e,百度热搜,实时热搜,realtime,hotlist,,2026-09-25 01:20:39
49,文旅部新闻发言人：插播一个小广告,9月24日，国务院新闻办公室举行“开局起步‘十五五’”系列主题新闻发布会，文旅部新闻发言人、办公厅主任陈彬斌在会中表示：“这里我也插播一个小广告，我们今年将举办首届中国大众合唱节。”据介绍，目前全国共有合唱团队82万个，参与人数超过3000万。,3331094,https://www.baidu.com/s?wd=%E6%96%87%E6%97%85%E9%83%A8%E6%96%B0%E9%97%BB%E5%8F%91%E8%A8%80%E4%BA%BA%EF%BC%9A%E6%8F%92%E6%92%AD%E4%B8%80%E4%B8%AA%E5%B0%8F%E5%B9%BF%E5%91%8A&sa=fyb_news&rsv_dl=fyb_news,https://fyb-2.cdn.bcebos.com/hotboard_image/22537a0c322d73e8c7fe0878662b22b2,百度热搜,实时热搜,realtime,hotlist,,2026-09-25 01:20:39
50,白酒“双节”消费降级还是回归,,3226176,https://www.baidu.com/s?wd=%E7%99%BD%E9%85%92%E2%80%9C%E5%8F%8C%E8%8A%82%E2%80%9D%E6%B6%88%E8%B4%B9%E9%99%8D%E7%BA%A7%E8%BF%98%E6%98%AF%E5%9B%9E%E5%BD%92&sa=fyb_news&rsv_dl=fyb_news,https://fyb-1.cdn.bcebos.com/fyb/de6163834f53ca92c1273fff98ac9078.jpeg,百度热搜,实时热搜,realtime,hotlist,,2026-09-25 01:20:39
1,40余年 跨越太平洋的友谊,1985年，时任河北正定县委书记习近平访问美国艾奥瓦州，今年2月，习近平主席复信艾奥瓦州友人指出，“那些美好回忆至今仍记忆犹新”。习主席始终高度重视中美人民友好事业，两国人民友谊之树向更深处扎根，向更高远的天空生长。,7904227,https://www.baidu.com/s?wd=40%E4%BD%99%E5%B9%B4+%E8%B7%A8%E8%B6%8A%E5%A4%AA%E5%B9%B3%E6%B4%8B%E7%9A%84%E5%8F%8B%E8%B0%8A&sa=fyb_news&rsv_dl=fyb_news,https://fyb-2.cdn.bcebos.com/hotboard_image/27a2d12dc2b6240adc9dadd64b3d5047,百度热搜,实时热搜,realtime,hotlist,,2026-09-25 02:27:33
2,习近平：美方应慎重处理台湾问题,当地时间9月24日上午，国家主席习近平同美国总统特朗普在白宫举行会谈。习近平强调，中方维护国家统一和领土完整的立场很清楚。希望美方坚持反对“台独”的正确立场，慎重处理台湾问题，为中美战略合作和两国关系发展奠定坚实基础。,7809168,https://www.baidu.com/s?wd=%E4%B9%A0%E8%BF%91%E5%B9%B3%EF%BC%9A%E7%BE%8E%E6%96%B9%E5%BA%94%E6%85%8E%E9%87%8D%E5%A4%84%E7%90%86%E5%8F%B0%E6%B9%BE%E9%97%AE%E9%A2%98&sa=fyb_news&rsv_dl=fyb_news,https://fyb-2.cdn.bcebos.com/hotboard_image/23498e790ec72673a3e3ee478372308e,百度热搜,实时热搜,realtime,hotlist,,2026-09-25 02:27:33
3,习近平出席特朗普举行的欢迎仪式,,7711796,https://www.baidu.com/s?wd=%E4%B9%A0%E8%BF%91%E5%B9%B3%E5%87%BA%E5%B8%AD%E7%89%B9%E6%9C%97%E6%99%AE%E4%B8%BE%E8%A1%8C%E7%9A%84%E6%AC%A2%E8%BF%8E%E4%BB%AA%E5%BC%8F&sa=fyb_news&rsv_dl=fyb_news,https://fyb-1.cdn.bcebos.com/fyb/de6163834f53ca92c1273fff98ac9078.jpeg,百度热搜,实时热搜,realtime,hotlist,,2026-09-25 02:27:33
4,世界技能大赛究竟比什么,第48届世界技能大赛9月23日进入开赛首日，从精密制造到数字技术，从匠心手作到智能应用，赛场内外处处是毫厘之间的较量。71位中国选手亮相全部64个项目，向世界展示硬核技艺。,7617536,https://www.baidu.com/s?wd=%E4%B8%96%E7%95%8C%E6%8A%80%E8%83%BD%E5%A4%A7%E8%B5%9B%E7%A9%B6%E7%AB%9F%E6%AF%94%E4%BB%80%E4%B9%88&sa=fyb_news&rsv_dl=fyb_news,https://fyb-2.cdn.bcebos.com/hotboard_image/ec177f32f679dc72eec5263c0f8841cf,百度热搜,实时热搜,realtime,hotlist,,2026-09-25 02:27:33
5,习近平在白宫欢迎仪式上的致辞,,7522898,https://www.baidu.com/s?wd=%E4%B9%A0%E8%BF%91%E5%B9%B3%E5%9C%A8%E7%99%BD%E5%AE%AB%E6%AC%A2%E8%BF%8E%E4%BB%AA%E5%BC%8F%E4%B8%8A%E7%9A%84%E8%87%B4%E8%BE%9E&sa=fyb_news&rsv_dl=fyb_news,https://fyb-1.cdn.bcebos.com/fyb/de6163834f53ca92c1273fff98ac9078.jpeg,百度热搜,实时热搜,realtime,hotlist,,2026-09-25 02:27:33
6,大熊猫“平平”“福双”将赴美,再过几天，大熊猫“平平”、“福双”就会落户亚特兰大动物园，同美国人民见面。,7428894,https://www.baidu.com/s?wd=%E5%A4%A7%E7%86%8A%E7%8C%AB%E2%80%9C%E5%B9%B3%E5%B9%B3%E2%80%9D%E2%80%9C%E7%A6%8F%E5%8F%8C%E2%80%9D%E5%B0%86%E8%B5%B4%E7%BE%8E&sa=fyb_news&rsv_dl=fyb_news,https://fyb-2.cdn.bcebos.com/hotboard_image/7079819e3a20186c6f9b93ec3e116965,百度热搜,实时热搜,realtime,hotlist,,2026-09-25 02:27:33
7,邓亚萍谈国乒男团输日本,9月24日，亚运会乒乓球男子团体决赛，由王楚钦、温瑞博、林诗栋组成的中国队2-3不敌日本队，获得银牌。赛后邓亚萍复盘称：“非常遗憾我们输掉了，但我认为中国男乒整体打得还是很不错的。”她表示，对于王楚钦，当天的排阵他没有任何容错空间。,7334043,https://www.baidu.com/s?wd=%E9%82%93%E4%BA%9A%E8%90%8D%E8%B0%88%E5%9B%BD%E4%B9%92%E7%94%B7%E5%9B%A2%E8%BE%93%E6%97%A5%E6%9C%AC&sa=fyb_news&rsv_dl=fyb_news,https://fyb-2.cdn.bcebos.com/hotboard_image/af2070142c11c6a85896e5f2eb457990,百度热搜,实时热搜,realtime,hotlist,,2026-09-25 02:27:33
8,多地商场把“C位”留给国之栋梁,近日，不少网友在社交平台上发视频称，多地商场的核心“C位”挂上了“国家栋梁”主题巨幅海报，集中展示袁隆平、钱学森、邓稼先、屠呦呦等功勋人物。一商场负责人：我们就是想让更多人知道这些“国家栋梁”，向他们致敬。,7235623,https://www.baidu.com/s?wd=%E5%A4%9A%E5%9C%B0%E5%95%86%E5%9C%BA%E6%8A%8A%E2%80%9CC%E4%BD%8D%E2%80%9D%E7%95%99%E7%BB%99%E5%9B%BD%E4%B9%8B%E6%A0%8B%E6%A2%81&sa=fyb_news&rsv_dl=fyb_news,https://fyb-2.cdn.bcebos.com/hotboard_image/d87150be3dbb653a51987ec1bc349eea,百度热搜,实时热搜,realtime,hotlist,,2026-09-25 02:27:33
9,坐高铁用不用一次性座椅套垫,9月24日上午，针对网友热议的“坐高铁是否需自带一次性座椅套垫”，铁路12306回应称，高铁坐垫正常120至180天更换清洗，卧铺床单一客一换，平时脏污会清理。,7137511,https://www.baidu.com/s?wd=%E5%9D%90%E9%AB%98%E9%93%81%E7%94%A8%E4%B8%8D%E7%94%A8%E4%B8%80%E6%AC%A1%E6%80%A7%E5%BA%A7%E6%A4%85%E5%A5%97%E5%9E%AB&sa=fyb_news&rsv_dl=fyb_news,https://fyb-2.cdn.bcebos.com/hotboard_image/f61c800f1097845473bcb0f4c8000e08,百度热搜,实时热搜,realtime,hotlist,,2026-09-25 02:27:33
10,全国赏秋地图来了,秋天出行是幸福又治愈的。这份全国赏秋指南和朝霞晚霞观赏地图一起收藏起来吧。,7041419,https://www.baidu.com/s?wd=%E5%85%A8%E5%9B%BD%E8%B5%8F%E7%A7%8B%E5%9C%B0%E5%9B%BE%E6%9D%A5%E4%BA%86&sa=fyb_news&rsv_dl=fyb_news,https://fyb-2.cdn.bcebos.com/hotboard_image/4f61ed40626a6bdfe452a18beceb7d55,百度热搜,实时热搜,realtime,hotlist,,2026-09-25 02:27:33
11,中秋节,,6948289,https://www.baidu.com/s?wd=%E4%B8%AD%E7%A7%8B%E8%8A%82&sa=fyb_news&rsv_dl=fyb_news,https://fyb-1.cdn.bcebos.com/fyb/de6163834f53ca92c1273fff98ac9078.jpeg,百度热搜,实时热搜,realtime,hotlist,,2026-09-25 02:27:33
12,陌生快递寄来礼品卡？误区要注意,中秋、国庆双节将至，不少人收到了一份“从天而降”的快递——自己明明没有网购，却收到一个装着湿巾等小物件外加一张“双节礼品卡”的包裹。不花一分钱扫个码就能领取年货大礼包？千万别信！此类事存在着两大认知误区，一文解读！,6853576,https://www.baidu.com/s?wd=%E9%99%8C%E7%94%9F%E5%BF%AB%E9%80%92%E5%AF%84%E6%9D%A5%E7%A4%BC%E5%93%81%E5%8D%A1%EF%BC%9F%E8%AF%AF%E5%8C%BA%E8%A6%81%E6%B3%A8%E6%84%8F&sa=fyb_news&rsv_dl=fyb_news,https://fyb-2.cdn.bcebos.com/hotboard_image/8ac4e32ba1b3f8270fb0b505025c307e,百度热搜,实时热搜,realtime,hotlist,,2026-09-25 02:27:33
13,张雪就泰康人寿拒赔一事发声,近日，张雪在个人账号为“投保重疾险10年后确诊结肠癌遭拒赔”事件发声，他直接转发相关新闻片段，并询问泰康人寿：“这是造谣吗？如果是就起诉，如果不是就鄙视你。”目前，泰康人寿就拒赔一事暂无新回应。,6751528,https://www.baidu.com/s?wd=%E5%BC%A0%E9%9B%AA%E5%B0%B1%E6%B3%B0%E5%BA%B7%E4%BA%BA%E5%AF%BF%E6%8B%92%E8%B5%94%E4%B8%80%E4%BA%8B%E5%8F%91%E5%A3%B0&sa=fyb_news&rsv_dl=fyb_news,https://fyb-2.cdn.bcebos.com/hotboard_image/917f401392ed5b1b881aa6e32f4456c9,百度热搜,实时热搜,realtime,hotlist,,2026-09-25 02:27:33
14,李一桐北舞严选的含金量还在上升,中秋奇妙游中，李一桐切换三套造型，以青赤黄白黑五方正色为视觉核心，用歌声和舞蹈演绎传统五色，从山水到生活展开色彩叙事，宛如仙女下人间，北舞严选含金量还在上升。,6657432,https://www.baidu.com/s?wd=%E6%9D%8E%E4%B8%80%E6%A1%90%E5%8C%97%E8%88%9E%E4%B8%A5%E9%80%89%E7%9A%84%E5%90%AB%E9%87%91%E9%87%8F%E8%BF%98%E5%9C%A8%E4%B8%8A%E5%8D%87&sa=fyb_news&rsv_dl=fyb_news,https://fyb-2.cdn.bcebos.com/hotboard_image/2b9ee8e1a5fa443c37d12f8df9ab2b6f,百度热搜,实时热搜,realtime,hotlist,,2026-09-25 02:27:33
15,黑芝麻糊检出霉菌超标27倍 维维回应,近日，上海市场监管抽检发现，维维子公司生产的一批无添加蔗糖黑芝麻糊霉菌最高超标27倍。维维回应涉事产品已全部召回，市面无留存。截至9月23日收盘，维维股份市值50亿，年内股价下跌超9%。,6564819,https://www.baidu.com/s?wd=%E9%BB%91%E8%8A%9D%E9%BA%BB%E7%B3%8A%E6%A3%80%E5%87%BA%E9%9C%89%E8%8F%8C%E8%B6%85%E6%A0%8727%E5%80%8D+%E7%BB%B4%E7%BB%B4%E5%9B%9E%E5%BA%94&sa=fyb_news&rsv_dl=fyb_news,https://fyb-2.cdn.bcebos.com/hotboard_image/fb55dad18e6f0ad0a40c6eebd5a95b74,百度热搜,实时热搜,realtime,hotlist,,2026-09-25 02:27:33
16,第一波出发的大聪明堵路上了,9月24日凌晨，广昆高速肇庆段返乡车流出现多处堵塞。许多试图提前出发的车主遭遇拥堵，网友调侃：“第一波出发的大聪明堵路上了！”,6468752,https://www.baidu.com/s?wd=%E7%AC%AC%E4%B8%80%E6%B3%A2%E5%87%BA%E5%8F%91%E7%9A%84%E5%A4%A7%E8%81%AA%E6%98%8E%E5%A0%B5%E8%B7%AF%E4%B8%8A%E4%BA%86&sa=fyb_news&rsv_dl=fyb_news,https://fyb-2.cdn.bcebos.com/hotboard_image/46d2871d8d1b82688bea8c1a7ba5a309,百度热搜,实时热搜,realtime,hotlist,,2026-09-25 02:27:33
17,特朗普总统夫妇在下车处迎候,当地时间9月24日上午，国家主席习近平和夫人彭丽媛乘车将抵达白宫，出席美国总统特朗普举行的欢迎仪式。特朗普总统和夫人梅拉尼娅在下车处热情迎接。,6369698,https://www.baidu.com/s?wd=%E7%89%B9%E6%9C%97%E6%99%AE%E6%80%BB%E7%BB%9F%E5%A4%AB%E5%A6%87%E5%9C%A8%E4%B8%8B%E8%BD%A6%E5%A4%84%E8%BF%8E%E5%80%99&sa=fyb_news&rsv_dl=fyb_news,https://fyb-2.cdn.bcebos.com/hotboard_image/36df127500f0de001a994dfd632a84e6,百度热搜,实时热搜,realtime,hotlist,,2026-09-25 02:27:33
18,北大清华“一饼难求”,中秋临近，北京多所高校推出文创月饼，北大、清华款融入校徽、校训等校园元素，兼顾新潮与经典口味，一经上线迅速售罄、一饼难求。专家称，高校月饼承载身份认同与母校情怀，不止是节令点心。,6279966,https://www.baidu.com/s?wd=%E5%8C%97%E5%A4%A7%E6%B8%85%E5%8D%8E%E2%80%9C%E4%B8%80%E9%A5%BC%E9%9A%BE%E6%B1%82%E2%80%9D&sa=fyb_news&rsv_dl=fyb_news,https://fyb-2.cdn.bcebos.com/hotboard_image/638d1ce25e3ceb36aa85ec821b2fe3d4,百度热搜,实时热搜,realtime,hotlist,,2026-09-25 02:27:33
19,羽毛球降价：从一球难求到库存积压,近日，经历前几年疯涨后羽毛球价格逐渐回落，多个品牌下调价格，“口粮球”降幅约26%，从一球难求到库存积压。,6180141,https://www.baidu.com/s?wd=%E7%BE%BD%E6%AF%9B%E7%90%83%E9%99%8D%E4%BB%B7%EF%BC%9A%E4%BB%8E%E4%B8%80%E7%90%83%E9%9A%BE%E6%B1%82%E5%88%B0%E5%BA%93%E5%AD%98%E7%A7%AF%E5%8E%8B&sa=fyb_news&rsv_dl=fyb_news,https://fyb-2.cdn.bcebos.com/hotboard_image/3b9e68d844ab87d9959f4202abe41c98,百度热搜,实时热搜,realtime,hotlist,,2026-09-25 02:27:33
20,王曼昱3比2逆转张本美和,9月24日晚，亚运会乒乓球女团决赛，中国vs日本第二盘，王曼昱3-2逆转张本美和，总比分中国队2-0日本队，第三盘蒯曼vs伊藤美诚，一起为国乒女团加油！,6086803,https://www.baidu.com/s?wd=%E7%8E%8B%E6%9B%BC%E6%98%B13%E6%AF%942%E9%80%86%E8%BD%AC%E5%BC%A0%E6%9C%AC%E7%BE%8E%E5%92%8C&sa=fyb_news&rsv_dl=fyb_news,https://fyb-2.cdn.bcebos.com/hotboard_image/44ea50d52647de5cb1f5b23580a3ec79,百度热搜,实时热搜,realtime,hotlist,,2026-09-25 02:27:33
21,国防部回应新西兰军舰过航台湾海峡,近日，针对新西兰军舰过航台湾海峡，中国军队依法依规组织海空兵力全程跟监警戒并有效应对处置。中方敦促新方恪守一个中国原则，勿向“台独”分裂势力发出错误信号。,5998392,https://www.baidu.com/s?wd=%E5%9B%BD%E9%98%B2%E9%83%A8%E5%9B%9E%E5%BA%94%E6%96%B0%E8%A5%BF%E5%85%B0%E5%86%9B%E8%88%B0%E8%BF%87%E8%88%AA%E5%8F%B0%E6%B9%BE%E6%B5%B7%E5%B3%A1&sa=fyb_news&rsv_dl=fyb_news,https://fyb-2.cdn.bcebos.com/hotboard_image/a3bf55492ba673ef30e7afea0a9e765d,百度热搜,实时热搜,realtime,hotlist,,2026-09-25 02:27:33
22,王楚钦0-3张本智和,9月24日，名古屋亚运会乒乓球男团决赛，国乒主力王楚钦在第四盘0:3爆冷不敌东道主日本选手张本智和；此前王楚钦逆转、林诗栋变阵获胜助国乒2:1领先，此番落败后双方大比分2:2战平。,5894309,https://www.baidu.com/s?wd=%E7%8E%8B%E6%A5%9A%E9%92%A60-3%E5%BC%A0%E6%9C%AC%E6%99%BA%E5%92%8C&sa=fyb_news&rsv_dl=fyb_news,https://fyb-2.cdn.bcebos.com/hotboard_image/13c60c8589b417e58c834be31e655f0b,百度热搜,实时热搜,realtime,hotlist,,2026-09-25 02:27:33
23,公司发月饼1人1口不准多拿,近日，深圳一家公司发放中秋月饼福利，每人仅能领取一口，现场还提醒员工不要多拿。此事传到网上引发热议。,5805196,https://www.baidu.com/s?wd=%E5%85%AC%E5%8F%B8%E5%8F%91%E6%9C%88%E9%A5%BC1%E4%BA%BA1%E5%8F%A3%E4%B8%8D%E5%87%86%E5%A4%9A%E6%8B%BF&sa=fyb_news&rsv_dl=fyb_news,https://fyb-2.cdn.bcebos.com/hotboard_image/7668ea8ae2bd0680acabe6f8fdb8b726,百度热搜,实时热搜,realtime,hotlist,,2026-09-25 02:27:33
24,王楚钦3比2逆转松岛辉空,北京时间9月24日，爱知·名古屋亚运会乒乓球男团决赛首盘，王楚钦对阵日本名将松岛辉空。最终，王楚钦3-2逆转战胜松岛辉空，中国队1-0领先日本队，比分：5-11、8-11、11-9、11-9、11-9。,5709644,https://www.baidu.com/s?wd=%E7%8E%8B%E6%A5%9A%E9%92%A63%E6%AF%942%E9%80%86%E8%BD%AC%E6%9D%BE%E5%B2%9B%E8%BE%89%E7%A9%BA&sa=fyb_news&rsv_dl=fyb_news,https://fyb-2.cdn.bcebos.com/hotboard_image/b03bbc0da03733929031ee63323a3bb9,百度热搜,实时热搜,realtime,hotlist,,2026-09-25 02:27:33
25,日本选手打破男子200米蛙泳世界纪录,,5612692,https://www.baidu.com/s?wd=%E6%97%A5%E6%9C%AC%E9%80%89%E6%89%8B%E6%89%93%E7%A0%B4%E7%94%B7%E5%AD%90200%E7%B1%B3%E8%9B%99%E6%B3%B3%E4%B8%96%E7%95%8C%E7%BA%AA%E5%BD%95&sa=fyb_news&rsv_dl=fyb_news,https://fyb-1.cdn.bcebos.com/fyb/de6163834f53ca92c1273fff98ac9078.jpeg,百度热搜,实时热搜,realtime,hotlist,,2026-09-25 02:27:33
26,男孩熟练打包牡蛎：一箱仅二十多秒,山东威海乳山的一名小学四年级学生，父亲顾先生经营水产品加工厂5年，男孩从二年级起周末写完作业会来车间帮忙，打包一箱牡蛎大概‌十几秒到二十多秒‌，动作利落，速度不比大人慢。‌‌,5510104,https://www.baidu.com/s?wd=%E7%94%B7%E5%AD%A9%E7%86%9F%E7%BB%83%E6%89%93%E5%8C%85%E7%89%A1%E8%9B%8E%EF%BC%9A%E4%B8%80%E7%AE%B1%E4%BB%85%E4%BA%8C%E5%8D%81%E5%A4%9A%E7%A7%92&sa=fyb_news&rsv_dl=fyb_news,https://fyb-2.cdn.bcebos.com/hotboard_image/c83b7394ae1534dc00d14d6358ce3f90,百度热搜,实时热搜,realtime,hotlist,,2026-09-25 02:27:33
27,国乒女团亚运6连冠 3-0横扫日本,9月24日，名古屋亚运会乒乓球女子团体决赛，中国队3-0击败日本队，夺得金牌！这是中国乒乓球在亚运会上的第12枚女团金牌，同时也实现了女团六连冠。,5424542,https://www.baidu.com/s?wd=%E5%9B%BD%E4%B9%92%E5%A5%B3%E5%9B%A2%E4%BA%9A%E8%BF%906%E8%BF%9E%E5%86%A0+3-0%E6%A8%AA%E6%89%AB%E6%97%A5%E6%9C%AC&sa=fyb_news&rsv_dl=fyb_news,https://fyb-2.cdn.bcebos.com/hotboard_image/e23fafdf4d05107ed6160fd76898ad87,百度热搜,实时热搜,realtime,hotlist,,2026-09-25 02:27:33
28,胖东来大月饼难抢,9月24日，记者在新乡胖东来探访发现，顾客购物车堆成小山，有百公里外老板开车来进货。此前，胖东来网红大月饼改为线上限购销售，工作人员称每天上架几千份，两三分钟便抢空，引发关注。,5318089,https://www.baidu.com/s?wd=%E8%83%96%E4%B8%9C%E6%9D%A5%E5%A4%A7%E6%9C%88%E9%A5%BC%E9%9A%BE%E6%8A%A2&sa=fyb_news&rsv_dl=fyb_news,https://fyb-2.cdn.bcebos.com/hotboard_image/9e971a7cbb0a4e1fbfcdf2c019583779,百度热搜,实时热搜,realtime,hotlist,,2026-09-25 02:27:33
29,国家对成品油价格实施调控,为减缓国际油价上涨对国内的冲击，国家继续对成品油价格采取调控措施。根据现行价格机制计算，自9月24日24时起，国内汽、柴油（标准品）价格每吨分别应上调830元、800元，调控后实际上调395元、385元。,5227157,https://www.baidu.com/s?wd=%E5%9B%BD%E5%AE%B6%E5%AF%B9%E6%88%90%E5%93%81%E6%B2%B9%E4%BB%B7%E6%A0%BC%E5%AE%9E%E6%96%BD%E8%B0%83%E6%8E%A7&sa=fyb_news&rsv_dl=fyb_news,https://fyb-2.cdn.bcebos.com/hotboard_image/7079819e3a20186c6f9b93ec3e116965,百度热搜,实时热搜,realtime,hotlist,,2026-09-25 02:27:33
30,国足3比0马尔代夫,9月24日，2026CFA中国之队·重庆国际足球邀请赛在重庆龙兴足球场举行，中国队3比0战胜马尔代夫队。,5120191,https://www.baidu.com/s?wd=%E5%9B%BD%E8%B6%B33%E6%AF%940%E9%A9%AC%E5%B0%94%E4%BB%A3%E5%A4%AB&sa=fyb_news&rsv_dl=fyb_news,https://fyb-2.cdn.bcebos.com/hotboard_image/137aedf169507ddcf4409bfd44896846,百度热搜,实时热搜,realtime,hotlist,,2026-09-25 02:27:33
31,国羽男团不敌印尼获亚运银牌,9月24日，名古屋亚运会羽毛球男子团体决赛，中国队2-3不敌印度尼西亚队，获得银牌。,5026217,https://www.baidu.com/s?wd=%E5%9B%BD%E7%BE%BD%E7%94%B7%E5%9B%A2%E4%B8%8D%E6%95%8C%E5%8D%B0%E5%B0%BC%E8%8E%B7%E4%BA%9A%E8%BF%90%E9%93%B6%E7%89%8C&sa=fyb_news&rsv_dl=fyb_news,https://fyb-2.cdn.bcebos.com/hotboard_image/9c26d805a93eda63f8eeeded8c9ed868,百度热搜,实时热搜,realtime,hotlist,,2026-09-25 02:27:33
32,张展硕半小时2金,近日，19岁小将张展硕在名古屋亚运会中半小时连夺2金，斩获第6金，追平张雨霏单届6金纪录。据悉，他先在男子800米自由泳决赛拿下个人第五金，紧接着在男子4x100米自由泳接力决赛再添一金！,4931647,https://www.baidu.com/s?wd=%E5%BC%A0%E5%B1%95%E7%A1%95%E5%8D%8A%E5%B0%8F%E6%97%B62%E9%87%91&sa=fyb_news&rsv_dl=fyb_news,https://fyb-2.cdn.bcebos.com/hotboard_image/9aca0cf7f187794affc618be42728d25,百度热搜,实时热搜,realtime,hotlist,,2026-09-25 02:27:33
33,中国女篮挺进四强将战韩国,9月24日，亚运会女篮1/4决赛，中国女篮89-63大胜蒙古女篮，闯进四强，半决赛将面对韩国女篮。杨舒予砍下21分，张子宇替补出场13分钟得到20分9篮板。,4838016,https://www.baidu.com/s?wd=%E4%B8%AD%E5%9B%BD%E5%A5%B3%E7%AF%AE%E6%8C%BA%E8%BF%9B%E5%9B%9B%E5%BC%BA%E5%B0%86%E6%88%98%E9%9F%A9%E5%9B%BD&sa=fyb_news&rsv_dl=fyb_news,https://fyb-2.cdn.bcebos.com/hotboard_image/18aac2d57e8a8668d828d94aa100b236,百度热搜,实时热搜,realtime,hotlist,,2026-09-25 02:27:33
34,河南矿山过中秋1600余桌宴席摆进厂房,"9月23日晚，河南矿山第十三届中秋孝文化节火热开启，两天摆下1600余桌宴席,15000余名员工及家属欢聚厂区。",4758961,https://www.baidu.com/s?wd=%E6%B2%B3%E5%8D%97%E7%9F%BF%E5%B1%B1%E8%BF%87%E4%B8%AD%E7%A7%8B1600%E4%BD%99%E6%A1%8C%E5%AE%B4%E5%B8%AD%E6%91%86%E8%BF%9B%E5%8E%82%E6%88%BF&sa=fyb_news&rsv_dl=fyb_news,https://fyb-2.cdn.bcebos.com/hotboard_image/e258d2acf0611b935265332f0cf80332,百度热搜,实时热搜,realtime,hotlist,,2026-09-25 02:27:33
35,超长蛋挞何以火爆出圈,近期，一款60厘米的“超长蛋挞”在社交媒体刷屏。多个烘焙门店排队两三个小时，供不应求。它的走红核心不在于口味颠覆，而在于强大的社交情绪价值，即满足年轻人拍照发朋友圈的需要，还命中了年轻人的“分享刚需”。,4647290,https://www.baidu.com/s?wd=%E8%B6%85%E9%95%BF%E8%9B%8B%E6%8C%9E%E4%BD%95%E4%BB%A5%E7%81%AB%E7%88%86%E5%87%BA%E5%9C%88&sa=fyb_news&rsv_dl=fyb_news,https://fyb-2.cdn.bcebos.com/hotboard_image/b85e8b634cb380c9cabb476ac857ad83,百度热搜,实时热搜,realtime,hotlist,,2026-09-25 02:27:33
36,钱塘江大潮进入最佳观潮期,,4573756,https://www.baidu.com/s?wd=%E9%92%B1%E5%A1%98%E6%B1%9F%E5%A4%A7%E6%BD%AE%E8%BF%9B%E5%85%A5%E6%9C%80%E4%BD%B3%E8%A7%82%E6%BD%AE%E6%9C%9F&sa=fyb_news&rsv_dl=fyb_news,https://fyb-1.cdn.bcebos.com/fyb/de6163834f53ca92c1273fff98ac9078.jpeg,百度热搜,实时热搜,realtime,hotlist,,2026-09-25 02:27:33
37,王楚钦谈决赛阵容：不要揣测教练意图,9月24日，国乒男团2比3不敌东道主日本队，无缘本届亚运会乒乓首金。此前决赛阵容被外界质疑为“田忌赛马”，对此，王楚钦表示，“这都是教练的（决策），我们运动员只是执行的那个人，所以还是不要去揣测教练的意图。”,4460385,https://www.baidu.com/s?wd=%E7%8E%8B%E6%A5%9A%E9%92%A6%E8%B0%88%E5%86%B3%E8%B5%9B%E9%98%B5%E5%AE%B9%EF%BC%9A%E4%B8%8D%E8%A6%81%E6%8F%A3%E6%B5%8B%E6%95%99%E7%BB%83%E6%84%8F%E5%9B%BE&sa=fyb_news&rsv_dl=fyb_news,https://fyb-2.cdn.bcebos.com/hotboard_image/7aea0e00567b81a2d3a13074f05799da,百度热搜,实时热搜,realtime,hotlist,,2026-09-25 02:27:33
38,《兰香如故》市占率42.6%,,4377671,https://www.baidu.com/s?wd=%E3%80%8A%E5%85%B0%E9%A6%99%E5%A6%82%E6%95%85%E3%80%8B%E5%B8%82%E5%8D%A0%E7%8E%8742.6%25&sa=fyb_news&rsv_dl=fyb_news,https://fyb-1.cdn.bcebos.com/fyb/de6163834f53ca92c1273fff98ac9078.jpeg,百度热搜,实时热搜,realtime,hotlist,,2026-09-25 02:27:33
39,企业给30年工龄老员工发万元奖励,近日，河南洛阳中成集团40周年庆给30年工龄老员工发万元奖励。据悉，11名满30年工龄员工获万元奖励，10至30年工龄的255名员工获电动车等。此外，公司每位员工还收到1000元购物卡。,4261564,https://www.baidu.com/s?wd=%E4%BC%81%E4%B8%9A%E7%BB%9930%E5%B9%B4%E5%B7%A5%E9%BE%84%E8%80%81%E5%91%98%E5%B7%A5%E5%8F%91%E4%B8%87%E5%85%83%E5%A5%96%E5%8A%B1&sa=fyb_news&rsv_dl=fyb_news,https://fyb-2.cdn.bcebos.com/hotboard_image/103ff2584e66a21f29f7761522e2e260,百度热搜,实时热搜,realtime,hotlist,,2026-09-25 02:27:33
40,严屹宽《纹路》,9月24日晚，严屹宽在河南卫视中秋晚会演唱《纹路》，把千年彩陶的故事唱活了。镜头穿梭在考古现场与博物馆，他化身讲解员给小朋友科普彩陶纹样。古今同框的画面氛围感拉满，厚重的中华文明瞬间有了温度。,4169918,https://www.baidu.com/s?wd=%E4%B8%A5%E5%B1%B9%E5%AE%BD%E3%80%8A%E7%BA%B9%E8%B7%AF%E3%80%8B&sa=fyb_news&rsv_dl=fyb_news,https://fyb-2.cdn.bcebos.com/hotboard_image/f043dccb1241324bc3efaa44ef7f7711,百度热搜,实时热搜,realtime,hotlist,,2026-09-25 02:27:33
41,被林依轮《月光》中秋柔情的一面打动,在河南《中秋奇妙游》节目中，林依轮一首《月光》唱出了乡愁思念，情感好充沛！其演唱画面从古代跨越至现代，传达了中国人传统的书信传音与游子对家乡的思念，都快把观众唱哭了。,4088741,https://www.baidu.com/s?wd=%E8%A2%AB%E6%9E%97%E4%BE%9D%E8%BD%AE%E3%80%8A%E6%9C%88%E5%85%89%E3%80%8B%E4%B8%AD%E7%A7%8B%E6%9F%94%E6%83%85%E7%9A%84%E4%B8%80%E9%9D%A2%E6%89%93%E5%8A%A8&sa=fyb_news&rsv_dl=fyb_news,https://fyb-2.cdn.bcebos.com/hotboard_image/34c210a17294fdc923daced0d0df94f0,百度热搜,实时热搜,realtime,hotlist,,2026-09-25 02:27:33
42,孙颖莎3比1早田希娜,9月24日，亚运会乒乓球女团决赛，中国vs日本第一盘，孙颖莎3-1早田希娜，总比分中国队1-0日本队。,3998013,https://www.baidu.com/s?wd=%E5%AD%99%E9%A2%96%E8%8E%8E3%E6%AF%941%E6%97%A9%E7%94%B0%E5%B8%8C%E5%A8%9C&sa=fyb_news&rsv_dl=fyb_news,https://fyb-2.cdn.bcebos.com/hotboard_image/c2a6b085da616ed1f1494d8ff9c38ce3,百度热搜,实时热搜,realtime,hotlist,,2026-09-25 02:27:33
43,温瑞博1比3张本智和,9月24日，亚运会乒乓球男团决赛，中国vs日本第二盘，温瑞博1-3张本智和，总比分中国队1-1日本队，第三盘林诗栋vs户上隼辅。,3883882,https://www.baidu.com/s?wd=%E6%B8%A9%E7%91%9E%E5%8D%9A1%E6%AF%943%E5%BC%A0%E6%9C%AC%E6%99%BA%E5%92%8C&sa=fyb_news&rsv_dl=fyb_news,https://fyb-2.cdn.bcebos.com/hotboard_image/4ba7af091be03c419cfd7f80537084ba,百度热搜,实时热搜,realtime,hotlist,,2026-09-25 02:27:33
44,国羽女团夺冠后第一反应是抱紧队友,9月24日，名古屋亚运会羽毛球女子团体决赛，中国队以3∶0击败日本队拿下金牌。国羽女团夺冠之后队员们第一时间相拥，分享这份胜利的喜悦。,3813730,https://www.baidu.com/s?wd=%E5%9B%BD%E7%BE%BD%E5%A5%B3%E5%9B%A2%E5%A4%BA%E5%86%A0%E5%90%8E%E7%AC%AC%E4%B8%80%E5%8F%8D%E5%BA%94%E6%98%AF%E6%8A%B1%E7%B4%A7%E9%98%9F%E5%8F%8B&sa=fyb_news&rsv_dl=fyb_news,https://fyb-2.cdn.bcebos.com/hotboard_image/940de529e4362642b6e615b4c8a6cb1e,百度热搜,实时热搜,realtime,hotlist,,2026-09-25 02:27:33
45,林诗栋3比1户上隼辅,9月24日，亚运会乒乓球男团决赛，中国vs日本第三盘，林诗栋不负众望3-1战胜户上隼辅。,3706329,https://www.baidu.com/s?wd=%E6%9E%97%E8%AF%97%E6%A0%8B3%E6%AF%941%E6%88%B7%E4%B8%8A%E9%9A%BC%E8%BE%85&sa=fyb_news&rsv_dl=fyb_news,https://fyb-2.cdn.bcebos.com/hotboard_image/cd5d2546a17b43e0f574c508bd2621ac,百度热搜,实时热搜,realtime,hotlist,,2026-09-25 02:27:33
46,张博恒单项弃权,9月24日，体操运动员张博恒在社交平台发了一句“团体永远高于个人，团队精神永远首位”，同时说明因为身体原因单项弃权，当天仍在积极恢复，后面还有重要赛事在等。,3605196,https://www.baidu.com/s?wd=%E5%BC%A0%E5%8D%9A%E6%81%92%E5%8D%95%E9%A1%B9%E5%BC%83%E6%9D%83&sa=fyb_news&rsv_dl=fyb_news,https://fyb-2.cdn.bcebos.com/hotboard_image/53e6565b17aa094470a43c422d207908,百度热搜,实时热搜,realtime,hotlist,,2026-09-25 02:27:33
47,王楚钦：尽快收拾心情面对后面比赛,9月24日晚，中国男乒在男团决赛中2比3不敌日本队，遗憾获得银牌，赛后王楚钦表示：虽然结果不尽如人意，但比赛还没结束，大家要好好调整，去迎接接下来的比赛。,3525503,https://www.baidu.com/s?wd=%E7%8E%8B%E6%A5%9A%E9%92%A6%EF%BC%9A%E5%B0%BD%E5%BF%AB%E6%94%B6%E6%8B%BE%E5%BF%83%E6%83%85%E9%9D%A2%E5%AF%B9%E5%90%8E%E9%9D%A2%E6%AF%94%E8%B5%9B&sa=fyb_news&rsv_dl=fyb_news,https://fyb-2.cdn.bcebos.com/hotboard_image/3c5682fd36ec250e7ca6661e75be7afd,百度热搜,实时热搜,realtime,hotlist,,2026-09-25 02:27:33
48,国乒男团无缘九连冠,北京时间9月24日，在刚刚结束的爱知·名古屋亚运会乒乓球男子团体决赛中，卫冕冠军中国队以2:3不敌日本队，收获一枚银牌。此前，国乒连续八次在亚运会上夺得该项目金牌。,3395019,https://www.baidu.com/s?wd=%E5%9B%BD%E4%B9%92%E7%94%B7%E5%9B%A2%E6%97%A0%E7%BC%98%E4%B9%9D%E8%BF%9E%E5%86%A0&sa=fyb_news&rsv_dl=fyb_news,https://fyb-2.cdn.bcebos.com/hotboard_image/bfc9c5ba2174ae15054ccb3f77230ad8,百度热搜,实时热搜,realtime,hotlist,,2026-09-25 02:27:33
49,中秋“赏月航班”,中秋夜乘机出行，旅客可于万米高空观赏月色，领略“人月两圆”。平台大数据显示，9月25日19时至次日凌晨3时，国内航线“赏月航班”计划执行约3000班次，将有超21万人次于中秋夜乘坐“赏月航班”解锁空中赏月体验。,3299322,https://www.baidu.com/s?wd=%E4%B8%AD%E7%A7%8B%E2%80%9C%E8%B5%8F%E6%9C%88%E8%88%AA%E7%8F%AD%E2%80%9D&sa=fyb_news&rsv_dl=fyb_news,https://fyb-2.cdn.bcebos.com/hotboard_image/e2c8726fd8ebfe72417e25c22ce3f669,百度热搜,实时热搜,realtime,hotlist,,2026-09-25 02:27:33
50,二十至六十多元的月饼销路最好,9月24日，记者来到武汉一处食品批发市场实探月饼销售情况。一名做食品批发的商家表示：“月饼一个月前便开始销售，如今库存已空。”针对“月饼卖不动了”的说法，批发商称“二十至六十多元的月饼销路最好”。,3239867,https://www.baidu.com/s?wd=%E4%BA%8C%E5%8D%81%E8%87%B3%E5%85%AD%E5%8D%81%E5%A4%9A%E5%85%83%E7%9A%84%E6%9C%88%E9%A5%BC%E9%94%80%E8%B7%AF%E6%9C%80%E5%A5%BD&sa=fyb_news&rsv_dl=fyb_news,https://fyb-2.cdn.bcebos.com/hotboard_image/95301b0786bdae5970be216ec96efcaf,百度热搜,实时热搜,realtime,hotlist,,2026-09-25 02:27:33
1,40余年 跨越太平洋的友谊,1985年，时任河北正定县委书记习近平访问美国艾奥瓦州，今年2月，习近平主席复信艾奥瓦州友人指出，“那些美好回忆至今仍记忆犹新”。习主席始终高度重视中美人民友好事业，两国人民友谊之树向更深处扎根，向更高远的天空生长。,7904413,https://www.baidu.com/s?wd=40%E4%BD%99%E5%B9%B4+%E8%B7%A8%E8%B6%8A%E5%A4%AA%E5%B9%B3%E6%B4%8B%E7%9A%84%E5%8F%8B%E8%B0%8A&sa=fyb_news&rsv_dl=fyb_news,https://fyb-2.cdn.bcebos.com/hotboard_image/27a2d12dc2b6240adc9dadd64b3d5047,百度热搜,实时热搜,realtime,hotlist,,2026-09-25 03:18:54
2,习近平：美方应慎重处理台湾问题,当地时间9月24日上午，国家主席习近平同美国总统特朗普在白宫举行会谈。习近平强调，中方维护国家统一和领土完整的立场很清楚。希望美方坚持反对“台独”的正确立场，慎重处理台湾问题，为中美战略合作和两国关系发展奠定坚实基础。,7808340,https://www.baidu.com/s?wd=%E4%B9%A0%E8%BF%91%E5%B9%B3%EF%BC%9A%E7%BE%8E%E6%96%B9%E5%BA%94%E6%85%8E%E9%87%8D%E5%A4%84%E7%90%86%E5%8F%B0%E6%B9%BE%E9%97%AE%E9%A2%98&sa=fyb_news&rsv_dl=fyb_news,https://fyb-2.cdn.bcebos.com/hotboard_image/23498e790ec72673a3e3ee478372308e,百度热搜,实时热搜,realtime,hotlist,,2026-09-25 03:18:54
3,习近平出席特朗普举行的欢迎仪式,,7713853,https://www.baidu.com/s?wd=%E4%B9%A0%E8%BF%91%E5%B9%B3%E5%87%BA%E5%B8%AD%E7%89%B9%E6%9C%97%E6%99%AE%E4%B8%BE%E8%A1%8C%E7%9A%84%E6%AC%A2%E8%BF%8E%E4%BB%AA%E5%BC%8F&sa=fyb_news&rsv_dl=fyb_news,https://fyb-1.cdn.bcebos.com/fyb/de6163834f53ca92c1273fff98ac9078.jpeg,百度热搜,实时热搜,realtime,hotlist,,2026-09-25 03:18:54
4,世界技能大赛究竟比什么,第48届世界技能大赛9月23日进入开赛首日，从精密制造到数字技术，从匠心手作到智能应用，赛场内外处处是毫厘之间的较量。71位中国选手亮相全部64个项目，向世界展示硬核技艺。,7619368,https://www.baidu.com/s?wd=%E4%B8%96%E7%95%8C%E6%8A%80%E8%83%BD%E5%A4%A7%E8%B5%9B%E7%A9%B6%E7%AB%9F%E6%AF%94%E4%BB%80%E4%B9%88&sa=fyb_news&rsv_dl=fyb_news,https://fyb-2.cdn.bcebos.com/hotboard_image/ec177f32f679dc72eec5263c0f8841cf,百度热搜,实时热搜,realtime,hotlist,,2026-09-25 03:18:54
5,习近平在白宫欢迎仪式上的致辞,,7522639,https://www.baidu.com/s?wd=%E4%B9%A0%E8%BF%91%E5%B9%B3%E5%9C%A8%E7%99%BD%E5%AE%AB%E6%AC%A2%E8%BF%8E%E4%BB%AA%E5%BC%8F%E4%B8%8A%E7%9A%84%E8%87%B4%E8%BE%9E&sa=fyb_news&rsv_dl=fyb_news,https://fyb-1.cdn.bcebos.com/fyb/de6163834f53ca92c1273fff98ac9078.jpeg,百度热搜,实时热搜,realtime,hotlist,,2026-09-25 03:18:54
6,大熊猫“平平”“福双”将赴美,再过几天，大熊猫“平平”、“福双”就会落户亚特兰大动物园，同美国人民见面。,7424881,https://www.baidu.com/s?wd=%E5%A4%A7%E7%86%8A%E7%8C%AB%E2%80%9C%E5%B9%B3%E5%B9%B3%E2%80%9D%E2%80%9C%E7%A6%8F%E5%8F%8C%E2%80%9D%E5%B0%86%E8%B5%B4%E7%BE%8E&sa=fyb_news&rsv_dl=fyb_news,https://fyb-2.cdn.bcebos.com/hotboard_image/7079819e3a20186c6f9b93ec3e116965,百度热搜,实时热搜,realtime,hotlist,,2026-09-25 03:18:54
7,邓亚萍谈国乒男团输日本,9月24日，亚运会乒乓球男子团体决赛，由王楚钦、温瑞博、林诗栋组成的中国队2-3不敌日本队，获得银牌。赛后邓亚萍复盘称：“非常遗憾我们输掉了，但我认为中国男乒整体打得还是很不错的。”她表示，对于王楚钦，当天的排阵他没有任何容错空间。,7327807,https://www.baidu.com/s?wd=%E9%82%93%E4%BA%9A%E8%90%8D%E8%B0%88%E5%9B%BD%E4%B9%92%E7%94%B7%E5%9B%A2%E8%BE%93%E6%97%A5%E6%9C%AC&sa=fyb_news&rsv_dl=fyb_news,https://fyb-2.cdn.bcebos.com/hotboard_image/af2070142c11c6a85896e5f2eb457990,百度热搜,实时热搜,realtime,hotlist,,2026-09-25 03:18:54
8,多地商场把“C位”留给国之栋梁,近日，不少网友在社交平台上发视频称，多地商场的核心“C位”挂上了“国家栋梁”主题巨幅海报，集中展示袁隆平、钱学森、邓稼先、屠呦呦等功勋人物。一商场负责人：我们就是想让更多人知道这些“国家栋梁”，向他们致敬。,7233880,https://www.baidu.com/s?wd=%E5%A4%9A%E5%9C%B0%E5%95%86%E5%9C%BA%E6%8A%8A%E2%80%9CC%E4%BD%8D%E2%80%9D%E7%95%99%E7%BB%99%E5%9B%BD%E4%B9%8B%E6%A0%8B%E6%A2%81&sa=fyb_news&rsv_dl=fyb_news,https://fyb-2.cdn.bcebos.com/hotboard_image/d87150be3dbb653a51987ec1bc349eea,百度热搜,实时热搜,realtime,hotlist,,2026-09-25 03:18:54
9,坐高铁用不用一次性座椅套垫,9月24日上午，针对网友热议的“坐高铁是否需自带一次性座椅套垫”，铁路12306回应称，高铁坐垫正常120至180天更换清洗，卧铺床单一客一换，平时脏污会清理。,7138697,https://www.baidu.com/s?wd=%E5%9D%90%E9%AB%98%E9%93%81%E7%94%A8%E4%B8%8D%E7%94%A8%E4%B8%80%E6%AC%A1%E6%80%A7%E5%BA%A7%E6%A4%85%E5%A5%97%E5%9E%AB&sa=fyb_news&rsv_dl=fyb_news,https://fyb-2.cdn.bcebos.com/hotboard_image/f61c800f1097845473bcb0f4c8000e08,百度热搜,实时热搜,realtime,hotlist,,2026-09-25 03:18:54
10,全国赏秋地图来了,秋天出行是幸福又治愈的。这份全国赏秋指南和朝霞晚霞观赏地图一起收藏起来吧。,7045588,https://www.baidu.com/s?wd=%E5%85%A8%E5%9B%BD%E8%B5%8F%E7%A7%8B%E5%9C%B0%E5%9B%BE%E6%9D%A5%E4%BA%86&sa=fyb_news&rsv_dl=fyb_news,https://fyb-2.cdn.bcebos.com/hotboard_image/4f61ed40626a6bdfe452a18beceb7d55,百度热搜,实时热搜,realtime,hotlist,,2026-09-25 03:18:54
11,中秋节,,6947387,https://www.baidu.com/s?wd=%E4%B8%AD%E7%A7%8B%E8%8A%82&sa=fyb_news&rsv_dl=fyb_news,https://fyb-1.cdn.bcebos.com/fyb/de6163834f53ca92c1273fff98ac9078.jpeg,百度热搜,实时热搜,realtime,hotlist,,2026-09-25 03:18:54
12,陌生快递寄来礼品卡？误区要注意,中秋、国庆双节将至，不少人收到了一份“从天而降”的快递——自己明明没有网购，却收到一个装着湿巾等小物件外加一张“双节礼品卡”的包裹。不花一分钱扫个码就能领取年货大礼包？千万别信！此类事存在着两大认知误区，一文解读！,6858266,https://www.baidu.com/s?wd=%E9%99%8C%E7%94%9F%E5%BF%AB%E9%80%92%E5%AF%84%E6%9D%A5%E7%A4%BC%E5%93%81%E5%8D%A1%EF%BC%9F%E8%AF%AF%E5%8C%BA%E8%A6%81%E6%B3%A8%E6%84%8F&sa=fyb_news&rsv_dl=fyb_news,https://fyb-2.cdn.bcebos.com/hotboard_image/8ac4e32ba1b3f8270fb0b505025c307e,百度热搜,实时热搜,realtime,hotlist,,2026-09-25 03:18:54
13,张雪就泰康人寿拒赔一事发声,近日，张雪在个人账号为“投保重疾险10年后确诊结肠癌遭拒赔”事件发声，他直接转发相关新闻片段，并询问泰康人寿：“这是造谣吗？如果是就起诉，如果不是就鄙视你。”目前，泰康人寿就拒赔一事暂无新回应。,6752866,https://www.baidu.com/s?wd=%E5%BC%A0%E9%9B%AA%E5%B0%B1%E6%B3%B0%E5%BA%B7%E4%BA%BA%E5%AF%BF%E6%8B%92%E8%B5%94%E4%B8%80%E4%BA%8B%E5%8F%91%E5%A3%B0&sa=fyb_news&rsv_dl=fyb_news,https://fyb-2.cdn.bcebos.com/hotboard_image/917f401392ed5b1b881aa6e32f4456c9,百度热搜,实时热搜,realtime,hotlist,,2026-09-25 03:18:54
14,黑芝麻糊检出霉菌超标27倍 维维回应,近日，上海市场监管抽检发现，维维子公司生产的一批无添加蔗糖黑芝麻糊霉菌最高超标27倍。维维回应涉事产品已全部召回，市面无留存。截至9月23日收盘，维维股份市值50亿，年内股价下跌超9%。,6659270,https://www.baidu.com/s?wd=%E9%BB%91%E8%8A%9D%E9%BA%BB%E7%B3%8A%E6%A3%80%E5%87%BA%E9%9C%89%E8%8F%8C%E8%B6%85%E6%A0%8727%E5%80%8D+%E7%BB%B4%E7%BB%B4%E5%9B%9E%E5%BA%94&sa=fyb_news&rsv_dl=fyb_news,https://fyb-2.cdn.bcebos.com/hotboard_image/fb55dad18e6f0ad0a40c6eebd5a95b74,百度热搜,实时热搜,realtime,hotlist,,2026-09-25 03:18:54
15,李一桐北舞严选的含金量还在上升,中秋奇妙游中，李一桐切换三套造型，以青赤黄白黑五方正色为视觉核心，用歌声和舞蹈演绎传统五色，从山水到生活展开色彩叙事，宛如仙女下人间，北舞严选含金量还在上升。,6570029,https://www.baidu.com/s?wd=%E6%9D%8E%E4%B8%80%E6%A1%90%E5%8C%97%E8%88%9E%E4%B8%A5%E9%80%89%E7%9A%84%E5%90%AB%E9%87%91%E9%87%8F%E8%BF%98%E5%9C%A8%E4%B8%8A%E5%8D%87&sa=fyb_news&rsv_dl=fyb_news,https://fyb-2.cdn.bcebos.com/hotboard_image/2b9ee8e1a5fa443c37d12f8df9ab2b6f,百度热搜,实时热搜,realtime,hotlist,,2026-09-25 03:18:54
16,第一波出发的大聪明堵路上了,9月24日凌晨，广昆高速肇庆段返乡车流出现多处堵塞。许多试图提前出发的车主遭遇拥堵，网友调侃：“第一波出发的大聪明堵路上了！”,6469973,https://www.baidu.com/s?wd=%E7%AC%AC%E4%B8%80%E6%B3%A2%E5%87%BA%E5%8F%91%E7%9A%84%E5%A4%A7%E8%81%AA%E6%98%8E%E5%A0%B5%E8%B7%AF%E4%B8%8A%E4%BA%86&sa=fyb_news&rsv_dl=fyb_news,https://fyb-2.cdn.bcebos.com/hotboard_image/46d2871d8d1b82688bea8c1a7ba5a309,百度热搜,实时热搜,realtime,hotlist,,2026-09-25 03:18:54
17,王曼昱3比2逆转张本美和,9月24日晚，亚运会乒乓球女团决赛，中国vs日本第二盘，王曼昱3-2逆转张本美和，总比分中国队2-0日本队，第三盘蒯曼vs伊藤美诚，一起为国乒女团加油！,6382222,https://www.baidu.com/s?wd=%E7%8E%8B%E6%9B%BC%E6%98%B13%E6%AF%942%E9%80%86%E8%BD%AC%E5%BC%A0%E6%9C%AC%E7%BE%8E%E5%92%8C&sa=fyb_news&rsv_dl=fyb_news,https://fyb-2.cdn.bcebos.com/hotboard_image/44ea50d52647de5cb1f5b23580a3ec79,百度热搜,实时热搜,realtime,hotlist,,2026-09-25 03:18:54
18,国乒女团亚运6连冠 3-0横扫日本,9月24日，名古屋亚运会乒乓球女子团体决赛，中国队3-0击败日本队，夺得金牌！这是中国乒乓球在亚运会上的第12枚女团金牌，同时也实现了女团六连冠。,6287975,https://www.baidu.com/s?wd=%E5%9B%BD%E4%B9%92%E5%A5%B3%E5%9B%A2%E4%BA%9A%E8%BF%906%E8%BF%9E%E5%86%A0+3-0%E6%A8%AA%E6%89%AB%E6%97%A5%E6%9C%AC&sa=fyb_news&rsv_dl=fyb_news,https://fyb-2.cdn.bcebos.com/hotboard_image/e23fafdf4d05107ed6160fd76898ad87,百度热搜,实时热搜,realtime,hotlist,,2026-09-25 03:18:54
19,羽毛球降价：从一球难求到库存积压,近日，经历前几年疯涨后羽毛球价格逐渐回落，多个品牌下调价格，“口粮球”降幅约26%，从一球难求到库存积压。,6178695,https://www.baidu.com/s?wd=%E7%BE%BD%E6%AF%9B%E7%90%83%E9%99%8D%E4%BB%B7%EF%BC%9A%E4%BB%8E%E4%B8%80%E7%90%83%E9%9A%BE%E6%B1%82%E5%88%B0%E5%BA%93%E5%AD%98%E7%A7%AF%E5%8E%8B&sa=fyb_news&rsv_dl=fyb_news,https://fyb-2.cdn.bcebos.com/hotboard_image/3b9e68d844ab87d9959f4202abe41c98,百度热搜,实时热搜,realtime,hotlist,,2026-09-25 03:18:54
20,国足3比0马尔代夫,9月24日，2026CFA中国之队·重庆国际足球邀请赛在重庆龙兴足球场举行，中国队3比0战胜马尔代夫队。,6097846,https://www.baidu.com/s?wd=%E5%9B%BD%E8%B6%B33%E6%AF%940%E9%A9%AC%E5%B0%94%E4%BB%A3%E5%A4%AB&sa=fyb_news&rsv_dl=fyb_news,https://fyb-2.cdn.bcebos.com/hotboard_image/137aedf169507ddcf4409bfd44896846,百度热搜,实时热搜,realtime,hotlist,,2026-09-25 03:18:54
21,特朗普总统夫妇在下车处迎候,当地时间9月24日上午，国家主席习近平和夫人彭丽媛乘车将抵达白宫，出席美国总统特朗普举行的欢迎仪式。特朗普总统和夫人梅拉尼娅在下车处热情迎接。,5988722,https://www.baidu.com/s?wd=%E7%89%B9%E6%9C%97%E6%99%AE%E6%80%BB%E7%BB%9F%E5%A4%AB%E5%A6%87%E5%9C%A8%E4%B8%8B%E8%BD%A6%E5%A4%84%E8%BF%8E%E5%80%99&sa=fyb_news&rsv_dl=fyb_news,https://fyb-2.cdn.bcebos.com/hotboard_image/36df127500f0de001a994dfd632a84e6,百度热搜,实时热搜,realtime,hotlist,,2026-09-25 03:18:54
22,王楚钦0-3张本智和,9月24日，名古屋亚运会乒乓球男团决赛，国乒主力王楚钦在第四盘0:3爆冷不敌东道主日本选手张本智和；此前王楚钦逆转、林诗栋变阵获胜助国乒2:1领先，此番落败后双方大比分2:2战平。,5902897,https://www.baidu.com/s?wd=%E7%8E%8B%E6%A5%9A%E9%92%A60-3%E5%BC%A0%E6%9C%AC%E6%99%BA%E5%92%8C&sa=fyb_news&rsv_dl=fyb_news,https://fyb-2.cdn.bcebos.com/hotboard_image/13c60c8589b417e58c834be31e655f0b,百度热搜,实时热搜,realtime,hotlist,,2026-09-25 03:18:54
23,公司发月饼1人1口不准多拿,近日，深圳一家公司发放中秋月饼福利，每人仅能领取一口，现场还提醒员工不要多拿。此事传到网上引发热议。,5802009,https://www.baidu.com/s?wd=%E5%85%AC%E5%8F%B8%E5%8F%91%E6%9C%88%E9%A5%BC1%E4%BA%BA1%E5%8F%A3%E4%B8%8D%E5%87%86%E5%A4%9A%E6%8B%BF&sa=fyb_news&rsv_dl=fyb_news,https://fyb-2.cdn.bcebos.com/hotboard_image/7668ea8ae2bd0680acabe6f8fdb8b726,百度热搜,实时热搜,realtime,hotlist,,2026-09-25 03:18:54
24,王楚钦3比2逆转松岛辉空,北京时间9月24日，爱知·名古屋亚运会乒乓球男团决赛首盘，王楚钦对阵日本名将松岛辉空。最终，王楚钦3-2逆转战胜松岛辉空，中国队1-0领先日本队，比分：5-11、8-11、11-9、11-9、11-9。,5715287,https://www.baidu.com/s?wd=%E7%8E%8B%E6%A5%9A%E9%92%A63%E6%AF%942%E9%80%86%E8%BD%AC%E6%9D%BE%E5%B2%9B%E8%BE%89%E7%A9%BA&sa=fyb_news&rsv_dl=fyb_news,https://fyb-2.cdn.bcebos.com/hotboard_image/b03bbc0da03733929031ee63323a3bb9,百度热搜,实时热搜,realtime,hotlist,,2026-09-25 03:18:54
25,胖东来大月饼难抢,9月24日，记者在新乡胖东来探访发现，顾客购物车堆成小山，有百公里外老板开车来进货。此前，胖东来网红大月饼改为线上限购销售，工作人员称每天上架几千份，两三分钟便抢空，引发关注。,5598860,https://www.baidu.com/s?wd=%E8%83%96%E4%B8%9C%E6%9D%A5%E5%A4%A7%E6%9C%88%E9%A5%BC%E9%9A%BE%E6%8A%A2&sa=fyb_news&rsv_dl=fyb_news,https://fyb-2.cdn.bcebos.com/hotboard_image/9e971a7cbb0a4e1fbfcdf2c019583779,百度热搜,实时热搜,realtime,hotlist,,2026-09-25 03:18:54
26,国家对成品油价格实施调控,为减缓国际油价上涨对国内的冲击，国家继续对成品油价格采取调控措施。根据现行价格机制计算，自9月24日24时起，国内汽、柴油（标准品）价格每吨分别应上调830元、800元，调控后实际上调395元、385元。,5505981,https://www.baidu.com/s?wd=%E5%9B%BD%E5%AE%B6%E5%AF%B9%E6%88%90%E5%93%81%E6%B2%B9%E4%BB%B7%E6%A0%BC%E5%AE%9E%E6%96%BD%E8%B0%83%E6%8E%A7&sa=fyb_news&rsv_dl=fyb_news,https://fyb-2.cdn.bcebos.com/hotboard_image/7079819e3a20186c6f9b93ec3e116965,百度热搜,实时热搜,realtime,hotlist,,2026-09-25 03:18:54
27,国防部回应新西兰军舰过航台湾海峡,近日，针对新西兰军舰过航台湾海峡，中国军队依法依规组织海空兵力全程跟监警戒并有效应对处置。中方敦促新方恪守一个中国原则，勿向“台独”分裂势力发出错误信号。,5423383,https://www.baidu.com/s?wd=%E5%9B%BD%E9%98%B2%E9%83%A8%E5%9B%9E%E5%BA%94%E6%96%B0%E8%A5%BF%E5%85%B0%E5%86%9B%E8%88%B0%E8%BF%87%E8%88%AA%E5%8F%B0%E6%B9%BE%E6%B5%B7%E5%B3%A1&sa=fyb_news&rsv_dl=fyb_news,https://fyb-2.cdn.bcebos.com/hotboard_image/a3bf55492ba673ef30e7afea0a9e765d,百度热搜,实时热搜,realtime,hotlist,,2026-09-25 03:18:54
28,北大清华“一饼难求”,中秋临近，北京多所高校推出文创月饼，北大、清华款融入校徽、校训等校园元素，兼顾新潮与经典口味，一经上线迅速售罄、一饼难求。专家称，高校月饼承载身份认同与母校情怀，不止是节令点心。,5324415,https://www.baidu.com/s?wd=%E5%8C%97%E5%A4%A7%E6%B8%85%E5%8D%8E%E2%80%9C%E4%B8%80%E9%A5%BC%E9%9A%BE%E6%B1%82%E2%80%9D&sa=fyb_news&rsv_dl=fyb_news,https://fyb-2.cdn.bcebos.com/hotboard_image/638d1ce25e3ceb36aa85ec821b2fe3d4,百度热搜,实时热搜,realtime,hotlist,,2026-09-25 03:18:54
29,国羽男团不敌印尼获亚运银牌,9月24日，名古屋亚运会羽毛球男子团体决赛，中国队2-3不敌印度尼西亚队，获得银牌。,5213936,https://www.baidu.com/s?wd=%E5%9B%BD%E7%BE%BD%E7%94%B7%E5%9B%A2%E4%B8%8D%E6%95%8C%E5%8D%B0%E5%B0%BC%E8%8E%B7%E4%BA%9A%E8%BF%90%E9%93%B6%E7%89%8C&sa=fyb_news&rsv_dl=fyb_news,https://fyb-2.cdn.bcebos.com/hotboard_image/9c26d805a93eda63f8eeeded8c9ed868,百度热搜,实时热搜,realtime,hotlist,,2026-09-25 03:18:54
30,中国女篮挺进四强将战韩国,9月24日，亚运会女篮1/4决赛，中国女篮89-63大胜蒙古女篮，闯进四强，半决赛将面对韩国女篮。杨舒予砍下21分，张子宇替补出场13分钟得到20分9篮板。,5142524,https://www.baidu.com/s?wd=%E4%B8%AD%E5%9B%BD%E5%A5%B3%E7%AF%AE%E6%8C%BA%E8%BF%9B%E5%9B%9B%E5%BC%BA%E5%B0%86%E6%88%98%E9%9F%A9%E5%9B%BD&sa=fyb_news&rsv_dl=fyb_news,https://fyb-2.cdn.bcebos.com/hotboard_image/18aac2d57e8a8668d828d94aa100b236,百度热搜,实时热搜,realtime,hotlist,,2026-09-25 03:18:54
31,男孩熟练打包牡蛎：一箱仅二十多秒,山东威海乳山的一名小学四年级学生，父亲顾先生经营水产品加工厂5年，男孩从二年级起周末写完作业会来车间帮忙，打包一箱牡蛎大概‌十几秒到二十多秒‌，动作利落，速度不比大人慢。‌‌,5035415,https://www.baidu.com/s?wd=%E7%94%B7%E5%AD%A9%E7%86%9F%E7%BB%83%E6%89%93%E5%8C%85%E7%89%A1%E8%9B%8E%EF%BC%9A%E4%B8%80%E7%AE%B1%E4%BB%85%E4%BA%8C%E5%8D%81%E5%A4%9A%E7%A7%92&sa=fyb_news&rsv_dl=fyb_news,https://fyb-2.cdn.bcebos.com/hotboard_image/c83b7394ae1534dc00d14d6358ce3f90,百度热搜,实时热搜,realtime,hotlist,,2026-09-25 03:18:54
32,张展硕半小时2金,近日，19岁小将张展硕在名古屋亚运会中半小时连夺2金，斩获第6金，追平张雨霏单届6金纪录。据悉，他先在男子800米自由泳决赛拿下个人第五金，紧接着在男子4x100米自由泳接力决赛再添一金！,4955153,https://www.baidu.com/s?wd=%E5%BC%A0%E5%B1%95%E7%A1%95%E5%8D%8A%E5%B0%8F%E6%97%B62%E9%87%91&sa=fyb_news&rsv_dl=fyb_news,https://fyb-2.cdn.bcebos.com/hotboard_image/9aca0cf7f187794affc618be42728d25,百度热搜,实时热搜,realtime,hotlist,,2026-09-25 03:18:54
33,孙颖莎3比1早田希娜,9月24日，亚运会乒乓球女团决赛，中国vs日本第一盘，孙颖莎3-1早田希娜，总比分中国队1-0日本队。,4859572,https://www.baidu.com/s?wd=%E5%AD%99%E9%A2%96%E8%8E%8E3%E6%AF%941%E6%97%A9%E7%94%B0%E5%B8%8C%E5%A8%9C&sa=fyb_news&rsv_dl=fyb_news,https://fyb-2.cdn.bcebos.com/hotboard_image/c2a6b085da616ed1f1494d8ff9c38ce3,百度热搜,实时热搜,realtime,hotlist,,2026-09-25 03:18:54
34,超长蛋挞何以火爆出圈,近期，一款60厘米的“超长蛋挞”在社交媒体刷屏。多个烘焙门店排队两三个小时，供不应求。它的走红核心不在于口味颠覆，而在于强大的社交情绪价值，即满足年轻人拍照发朋友圈的需要，还命中了年轻人的“分享刚需”。,4756810,https://www.baidu.com/s?wd=%E8%B6%85%E9%95%BF%E8%9B%8B%E6%8C%9E%E4%BD%95%E4%BB%A5%E7%81%AB%E7%88%86%E5%87%BA%E5%9C%88&sa=fyb_news&rsv_dl=fyb_news,https://fyb-2.cdn.bcebos.com/hotboard_image/b85e8b634cb380c9cabb476ac857ad83,百度热搜,实时热搜,realtime,hotlist,,2026-09-25 03:18:54
35,严屹宽《纹路》,9月24日晚，严屹宽在河南卫视中秋晚会演唱《纹路》，把千年彩陶的故事唱活了。镜头穿梭在考古现场与博物馆，他化身讲解员给小朋友科普彩陶纹样。古今同框的画面氛围感拉满，厚重的中华文明瞬间有了温度。,4643194,https://www.baidu.com/s?wd=%E4%B8%A5%E5%B1%B9%E5%AE%BD%E3%80%8A%E7%BA%B9%E8%B7%AF%E3%80%8B&sa=fyb_news&rsv_dl=fyb_news,https://fyb-2.cdn.bcebos.com/hotboard_image/f043dccb1241324bc3efaa44ef7f7711,百度热搜,实时热搜,realtime,hotlist,,2026-09-25 03:18:54
36,日本选手打破男子200米蛙泳世界纪录,,4574333,https://www.baidu.com/s?wd=%E6%97%A5%E6%9C%AC%E9%80%89%E6%89%8B%E6%89%93%E7%A0%B4%E7%94%B7%E5%AD%90200%E7%B1%B3%E8%9B%99%E6%B3%B3%E4%B8%96%E7%95%8C%E7%BA%AA%E5%BD%95&sa=fyb_news&rsv_dl=fyb_news,https://fyb-1.cdn.bcebos.com/fyb/de6163834f53ca92c1273fff98ac9078.jpeg,百度热搜,实时热搜,realtime,hotlist,,2026-09-25 03:18:54
37,被林依轮《月光》中秋柔情的一面打动,在河南《中秋奇妙游》节目中，林依轮一首《月光》唱出了乡愁思念，情感好充沛！其演唱画面从古代跨越至现代，传达了中国人传统的书信传音与游子对家乡的思念，都快把观众唱哭了。,4474909,https://www.baidu.com/s?wd=%E8%A2%AB%E6%9E%97%E4%BE%9D%E8%BD%AE%E3%80%8A%E6%9C%88%E5%85%89%E3%80%8B%E4%B8%AD%E7%A7%8B%E6%9F%94%E6%83%85%E7%9A%84%E4%B8%80%E9%9D%A2%E6%89%93%E5%8A%A8&sa=fyb_news&rsv_dl=fyb_news,https://fyb-2.cdn.bcebos.com/hotboard_image/34c210a17294fdc923daced0d0df94f0,百度热搜,实时热搜,realtime,hotlist,,2026-09-25 03:18:54
38,温瑞博1比3张本智和,9月24日，亚运会乒乓球男团决赛，中国vs日本第二盘，温瑞博1-3张本智和，总比分中国队1-1日本队，第三盘林诗栋vs户上隼辅。,4384619,https://www.baidu.com/s?wd=%E6%B8%A9%E7%91%9E%E5%8D%9A1%E6%AF%943%E5%BC%A0%E6%9C%AC%E6%99%BA%E5%92%8C&sa=fyb_news&rsv_dl=fyb_news,https://fyb-2.cdn.bcebos.com/hotboard_image/4ba7af091be03c419cfd7f80537084ba,百度热搜,实时热搜,realtime,hotlist,,2026-09-25 03:18:54
39,国乒男团无缘九连冠,北京时间9月24日，在刚刚结束的爱知·名古屋亚运会乒乓球男子团体决赛中，卫冕冠军中国队以2:3不敌日本队，收获一枚银牌。此前，国乒连续八次在亚运会上夺得该项目金牌。,4274544,https://www.baidu.com/s?wd=%E5%9B%BD%E4%B9%92%E7%94%B7%E5%9B%A2%E6%97%A0%E7%BC%98%E4%B9%9D%E8%BF%9E%E5%86%A0&sa=fyb_news&rsv_dl=fyb_news,https://fyb-2.cdn.bcebos.com/hotboard_image/bfc9c5ba2174ae15054ccb3f77230ad8,百度热搜,实时热搜,realtime,hotlist,,2026-09-25 03:18:54
40,林诗栋3比1户上隼辅,9月24日，亚运会乒乓球男团决赛，中国vs日本第三盘，林诗栋不负众望3-1战胜户上隼辅。,4183710,https://www.baidu.com/s?wd=%E6%9E%97%E8%AF%97%E6%A0%8B3%E6%AF%941%E6%88%B7%E4%B8%8A%E9%9A%BC%E8%BE%85&sa=fyb_news&rsv_dl=fyb_news,https://fyb-2.cdn.bcebos.com/hotboard_image/cd5d2546a17b43e0f574c508bd2621ac,百度热搜,实时热搜,realtime,hotlist,,2026-09-25 03:18:54
41,张博恒单项弃权,9月24日，体操运动员张博恒在社交平台发了一句“团体永远高于个人，团队精神永远首位”，同时说明因为身体原因单项弃权，当天仍在积极恢复，后面还有重要赛事在等。,4075110,https://www.baidu.com/s?wd=%E5%BC%A0%E5%8D%9A%E6%81%92%E5%8D%95%E9%A1%B9%E5%BC%83%E6%9D%83&sa=fyb_news&rsv_dl=fyb_news,https://fyb-2.cdn.bcebos.com/hotboard_image/53e6565b17aa094470a43c422d207908,百度热搜,实时热搜,realtime,hotlist,,2026-09-25 03:18:54
42,河南矿山过中秋1600余桌宴席摆进厂房,"9月23日晚，河南矿山第十三届中秋孝文化节火热开启，两天摆下1600余桌宴席,15000余名员工及家属欢聚厂区。",3988650,https://www.baidu.com/s?wd=%E6%B2%B3%E5%8D%97%E7%9F%BF%E5%B1%B1%E8%BF%87%E4%B8%AD%E7%A7%8B1600%E4%BD%99%E6%A1%8C%E5%AE%B4%E5%B8%AD%E6%91%86%E8%BF%9B%E5%8E%82%E6%88%BF&sa=fyb_news&rsv_dl=fyb_news,https://fyb-2.cdn.bcebos.com/hotboard_image/e258d2acf0611b935265332f0cf80332,百度热搜,实时热搜,realtime,hotlist,,2026-09-25 03:18:54
43,钱塘江大潮进入最佳观潮期,,3879753,https://www.baidu.com/s?wd=%E9%92%B1%E5%A1%98%E6%B1%9F%E5%A4%A7%E6%BD%AE%E8%BF%9B%E5%85%A5%E6%9C%80%E4%BD%B3%E8%A7%82%E6%BD%AE%E6%9C%9F&sa=fyb_news&rsv_dl=fyb_news,https://fyb-1.cdn.bcebos.com/fyb/de6163834f53ca92c1273fff98ac9078.jpeg,百度热搜,实时热搜,realtime,hotlist,,2026-09-25 03:18:54
44,《兰香如故》市占率42.6%,,3776829,https://www.baidu.com/s?wd=%E3%80%8A%E5%85%B0%E9%A6%99%E5%A6%82%E6%95%85%E3%80%8B%E5%B8%82%E5%8D%A0%E7%8E%8742.6%25&sa=fyb_news&rsv_dl=fyb_news,https://fyb-1.cdn.bcebos.com/fyb/de6163834f53ca92c1273fff98ac9078.jpeg,百度热搜,实时热搜,realtime,hotlist,,2026-09-25 03:18:54
45,企业给30年工龄老员工发万元奖励,近日，河南洛阳中成集团40周年庆给30年工龄老员工发万元奖励。据悉，11名满30年工龄员工获万元奖励，10至30年工龄的255名员工获电动车等。此外，公司每位员工还收到1000元购物卡。,3690310,https://www.baidu.com/s?wd=%E4%BC%81%E4%B8%9A%E7%BB%9930%E5%B9%B4%E5%B7%A5%E9%BE%84%E8%80%81%E5%91%98%E5%B7%A5%E5%8F%91%E4%B8%87%E5%85%83%E5%A5%96%E5%8A%B1&sa=fyb_news&rsv_dl=fyb_news,https://fyb-2.cdn.bcebos.com/hotboard_image/103ff2584e66a21f29f7761522e2e260,百度热搜,实时热搜,realtime,hotlist,,2026-09-25 03:18:54
46,国羽击败日本 时隔12年再获女团冠军,9月24日，名古屋亚运会羽毛球女子团体决赛，中国队以3∶0击败日本队，夺得冠军。这是国羽时隔12年再度获得亚运会女团冠军。,3592906,https://www.baidu.com/s?wd=%E5%9B%BD%E7%BE%BD%E5%87%BB%E8%B4%A5%E6%97%A5%E6%9C%AC+%E6%97%B6%E9%9A%9412%E5%B9%B4%E5%86%8D%E8%8E%B7%E5%A5%B3%E5%9B%A2%E5%86%A0%E5%86%9B&sa=fyb_news&rsv_dl=fyb_news,https://fyb-2.cdn.bcebos.com/hotboard_image/51a84a6b9e195f95c4148cbba4a5a9aa,百度热搜,实时热搜,realtime,hotlist,,2026-09-25 03:18:54
47,国羽女团夺冠后第一反应是抱紧队友,9月24日，名古屋亚运会羽毛球女子团体决赛，中国队以3∶0击败日本队拿下金牌。国羽女团夺冠之后队员们第一时间相拥，分享这份胜利的喜悦。,3523305,https://www.baidu.com/s?wd=%E5%9B%BD%E7%BE%BD%E5%A5%B3%E5%9B%A2%E5%A4%BA%E5%86%A0%E5%90%8E%E7%AC%AC%E4%B8%80%E5%8F%8D%E5%BA%94%E6%98%AF%E6%8A%B1%E7%B4%A7%E9%98%9F%E5%8F%8B&sa=fyb_news&rsv_dl=fyb_news,https://fyb-2.cdn.bcebos.com/hotboard_image/940de529e4362642b6e615b4c8a6cb1e,百度热搜,实时热搜,realtime,hotlist,,2026-09-25 03:18:54
48,中国队亚运男子4×100自接力卫冕,9月24日，名古屋亚运会男子4×100米自由泳接力决赛，由赵家悦、王浩宇、张展硕、潘展乐组成的中国队以3分10秒60的成绩刷新中国队保持的亚洲纪录夺冠，卫冕成功！,3433599,https://www.baidu.com/s?wd=%E4%B8%AD%E5%9B%BD%E9%98%9F%E4%BA%9A%E8%BF%90%E7%94%B7%E5%AD%904%C3%97100%E8%87%AA%E6%8E%A5%E5%8A%9B%E5%8D%AB%E5%86%95&sa=fyb_news&rsv_dl=fyb_news,https://fyb-2.cdn.bcebos.com/hotboard_image/3b0e6203e61ba2b02d9840108f0a8905,百度热搜,实时热搜,realtime,hotlist,,2026-09-25 03:18:54
49,双节将至 请收好这份食品安全提示,,3296440,https://www.baidu.com/s?wd=%E5%8F%8C%E8%8A%82%E5%B0%86%E8%87%B3+%E8%AF%B7%E6%94%B6%E5%A5%BD%E8%BF%99%E4%BB%BD%E9%A3%9F%E5%93%81%E5%AE%89%E5%85%A8%E6%8F%90%E7%A4%BA&sa=fyb_news&rsv_dl=fyb_news,https://fyb-1.cdn.bcebos.com/fyb/de6163834f53ca92c1273fff98ac9078.jpeg,百度热搜,实时热搜,realtime,hotlist,,2026-09-25 03:18:54
50,众星悼念游本昌,著名老戏骨游本昌离世，陈浩民、曹可凡、关凌及导演高群书等发文悼念，称赞其艺德高尚。此前，陈浩民与关凌等曾在5月与游本昌见面合影，当时其面色红润。,3229863,https://www.baidu.com/s?wd=%E4%BC%97%E6%98%9F%E6%82%BC%E5%BF%B5%E6%B8%B8%E6%9C%AC%E6%98%8C&sa=fyb_news&rsv_dl=fyb_news,https://fyb-2.cdn.bcebos.com/hotboard_image/c8017769e2c54ba9eb95b574d0d622f8,百度热搜,实时热搜,realtime,hotlist,,2026-09-25 03:18:54
1,40余年 跨越太平洋的友谊,1985年，时任河北正定县委书记习近平访问美国艾奥瓦州，今年2月，习近平主席复信艾奥瓦州友人指出，“那些美好回忆至今仍记忆犹新”。习主席始终高度重视中美人民友好事业，两国人民友谊之树向更深处扎根，向更高远的天空生长。,7904619,https://www.baidu.com/s?wd=40%E4%BD%99%E5%B9%B4+%E8%B7%A8%E8%B6%8A%E5%A4%AA%E5%B9%B3%E6%B4%8B%E7%9A%84%E5%8F%8B%E8%B0%8A&sa=fyb_news&rsv_dl=fyb_news,https://fyb-2.cdn.bcebos.com/hotboard_image/27a2d12dc2b6240adc9dadd64b3d5047,百度热搜,实时热搜,realtime,hotlist,,2026-09-25 04:23:46
2,习近平：美方应慎重处理台湾问题,当地时间9月24日上午，国家主席习近平同美国总统特朗普在白宫举行会谈。习近平强调，中方维护国家统一和领土完整的立场很清楚。希望美方坚持反对“台独”的正确立场，慎重处理台湾问题，为中美战略合作和两国关系发展奠定坚实基础。,7809227,https://www.baidu.com/s?wd=%E4%B9%A0%E8%BF%91%E5%B9%B3%EF%BC%9A%E7%BE%8E%E6%96%B9%E5%BA%94%E6%85%8E%E9%87%8D%E5%A4%84%E7%90%86%E5%8F%B0%E6%B9%BE%E9%97%AE%E9%A2%98&sa=fyb_news&rsv_dl=fyb_news,https://fyb-2.cdn.bcebos.com/hotboard_image/23498e790ec72673a3e3ee478372308e,百度热搜,实时热搜,realtime,hotlist,,2026-09-25 04:23:46
3,习近平出席特朗普举行的欢迎仪式,,7714480,https://www.baidu.com/s?wd=%E4%B9%A0%E8%BF%91%E5%B9%B3%E5%87%BA%E5%B8%AD%E7%89%B9%E6%9C%97%E6%99%AE%E4%B8%BE%E8%A1%8C%E7%9A%84%E6%AC%A2%E8%BF%8E%E4%BB%AA%E5%BC%8F&sa=fyb_news&rsv_dl=fyb_news,https://fyb-1.cdn.bcebos.com/fyb/de6163834f53ca92c1273fff98ac9078.jpeg,百度热搜,实时热搜,realtime,hotlist,,2026-09-25 04:23:46
4,世界技能大赛究竟比什么,第48届世界技能大赛9月23日进入开赛首日，从精密制造到数字技术，从匠心手作到智能应用，赛场内外处处是毫厘之间的较量。71位中国选手亮相全部64个项目，向世界展示硬核技艺。,7619275,https://www.baidu.com/s?wd=%E4%B8%96%E7%95%8C%E6%8A%80%E8%83%BD%E5%A4%A7%E8%B5%9B%E7%A9%B6%E7%AB%9F%E6%AF%94%E4%BB%80%E4%B9%88&sa=fyb_news&rsv_dl=fyb_news,https://fyb-2.cdn.bcebos.com/hotboard_image/ec177f32f679dc72eec5263c0f8841cf,百度热搜,实时热搜,realtime,hotlist,,2026-09-25 04:23:46
5,习近平在白宫欢迎仪式上的致辞,,7521080,https://www.baidu.com/s?wd=%E4%B9%A0%E8%BF%91%E5%B9%B3%E5%9C%A8%E7%99%BD%E5%AE%AB%E6%AC%A2%E8%BF%8E%E4%BB%AA%E5%BC%8F%E4%B8%8A%E7%9A%84%E8%87%B4%E8%BE%9E&sa=fyb_news&rsv_dl=fyb_news,https://fyb-1.cdn.bcebos.com/fyb/de6163834f53ca92c1273fff98ac9078.jpeg,百度热搜,实时热搜,realtime,hotlist,,2026-09-25 04:23:46
6,大熊猫“平平”“福双”将赴美,再过几天，大熊猫“平平”、“福双”就会落户亚特兰大动物园，同美国人民见面。,7424646,https://www.baidu.com/s?wd=%E5%A4%A7%E7%86%8A%E7%8C%AB%E2%80%9C%E5%B9%B3%E5%B9%B3%E2%80%9D%E2%80%9C%E7%A6%8F%E5%8F%8C%E2%80%9D%E5%B0%86%E8%B5%B4%E7%BE%8E&sa=fyb_news&rsv_dl=fyb_news,https://fyb-2.cdn.bcebos.com/hotboard_image/7079819e3a20186c6f9b93ec3e116965,百度热搜,实时热搜,realtime,hotlist,,2026-09-25 04:23:46
7,邓亚萍谈国乒男团输日本,9月24日，亚运会乒乓球男子团体决赛，由王楚钦、温瑞博、林诗栋组成的中国队2-3不敌日本队，获得银牌。赛后邓亚萍复盘称：“非常遗憾我们输掉了，但我认为中国男乒整体打得还是很不错的。”她表示，对于王楚钦，当天的排阵他没有任何容错空间。,7333299,https://www.baidu.com/s?wd=%E9%82%93%E4%BA%9A%E8%90%8D%E8%B0%88%E5%9B%BD%E4%B9%92%E7%94%B7%E5%9B%A2%E8%BE%93%E6%97%A5%E6%9C%AC&sa=fyb_news&rsv_dl=fyb_news,https://fyb-2.cdn.bcebos.com/hotboard_image/af2070142c11c6a85896e5f2eb457990,百度热搜,实时热搜,realtime,hotlist,,2026-09-25 04:23:46
8,多地商场把“C位”留给国之栋梁,近日，不少网友在社交平台上发视频称，多地商场的核心“C位”挂上了“国家栋梁”主题巨幅海报，集中展示袁隆平、钱学森、邓稼先、屠呦呦等功勋人物。一商场负责人：我们就是想让更多人知道这些“国家栋梁”，向他们致敬。,7233699,https://www.baidu.com/s?wd=%E5%A4%9A%E5%9C%B0%E5%95%86%E5%9C%BA%E6%8A%8A%E2%80%9CC%E4%BD%8D%E2%80%9D%E7%95%99%E7%BB%99%E5%9B%BD%E4%B9%8B%E6%A0%8B%E6%A2%81&sa=fyb_news&rsv_dl=fyb_news,https://fyb-2.cdn.bcebos.com/hotboard_image/d87150be3dbb653a51987ec1bc349eea,百度热搜,实时热搜,realtime,hotlist,,2026-09-25 04:23:46
9,坐高铁用不用一次性座椅套垫,9月24日上午，针对网友热议的“坐高铁是否需自带一次性座椅套垫”，铁路12306回应称，高铁坐垫正常120至180天更换清洗，卧铺床单一客一换，平时脏污会清理。,7139373,https://www.baidu.com/s?wd=%E5%9D%90%E9%AB%98%E9%93%81%E7%94%A8%E4%B8%8D%E7%94%A8%E4%B8%80%E6%AC%A1%E6%80%A7%E5%BA%A7%E6%A4%85%E5%A5%97%E5%9E%AB&sa=fyb_news&rsv_dl=fyb_news,https://fyb-2.cdn.bcebos.com/hotboard_image/f61c800f1097845473bcb0f4c8000e08,百度热搜,实时热搜,realtime,hotlist,,2026-09-25 04:23:46
10,全国赏秋地图来了,秋天出行是幸福又治愈的。这份全国赏秋指南和朝霞晚霞观赏地图一起收藏起来吧。,7042507,https://www.baidu.com/s?wd=%E5%85%A8%E5%9B%BD%E8%B5%8F%E7%A7%8B%E5%9C%B0%E5%9B%BE%E6%9D%A5%E4%BA%86&sa=fyb_news&rsv_dl=fyb_news,https://fyb-2.cdn.bcebos.com/hotboard_image/4f61ed40626a6bdfe452a18beceb7d55,百度热搜,实时热搜,realtime,hotlist,,2026-09-25 04:23:46
11,中秋节,,6946970,https://www.baidu.com/s?wd=%E4%B8%AD%E7%A7%8B%E8%8A%82&sa=fyb_news&rsv_dl=fyb_news,https://fyb-1.cdn.bcebos.com/fyb/de6163834f53ca92c1273fff98ac9078.jpeg,百度热搜,实时热搜,realtime,hotlist,,2026-09-25 04:23:46
12,陌生快递寄来礼品卡？误区要注意,中秋、国庆双节将至，不少人收到了一份“从天而降”的快递——自己明明没有网购，却收到一个装着湿巾等小物件外加一张“双节礼品卡”的包裹。不花一分钱扫个码就能领取年货大礼包？千万别信！此类事存在着两大认知误区，一文解读！,6853446,https://www.baidu.com/s?wd=%E9%99%8C%E7%94%9F%E5%BF%AB%E9%80%92%E5%AF%84%E6%9D%A5%E7%A4%BC%E5%93%81%E5%8D%A1%EF%BC%9F%E8%AF%AF%E5%8C%BA%E8%A6%81%E6%B3%A8%E6%84%8F&sa=fyb_news&rsv_dl=fyb_news,https://fyb-2.cdn.bcebos.com/hotboard_image/8ac4e32ba1b3f8270fb0b505025c307e,百度热搜,实时热搜,realtime,hotlist,,2026-09-25 04:23:46
13,国乒女团亚运6连冠 3-0横扫日本,9月24日，名古屋亚运会乒乓球女子团体决赛，中国队3-0击败日本队，夺得金牌！这是中国乒乓球在亚运会上的第12枚女团金牌，同时也实现了女团六连冠。,6758250,https://www.baidu.com/s?wd=%E5%9B%BD%E4%B9%92%E5%A5%B3%E5%9B%A2%E4%BA%9A%E8%BF%906%E8%BF%9E%E5%86%A0+3-0%E6%A8%AA%E6%89%AB%E6%97%A5%E6%9C%AC&sa=fyb_news&rsv_dl=fyb_news,https://fyb-2.cdn.bcebos.com/hotboard_image/e23fafdf4d05107ed6160fd76898ad87,百度热搜,实时热搜,realtime,hotlist,,2026-09-25 04:23:46
14,王曼昱3比2逆转张本美和,9月24日晚，亚运会乒乓球女团决赛，中国vs日本第二盘，王曼昱3-2逆转张本美和，总比分中国队2-0日本队，第三盘蒯曼vs伊藤美诚，一起为国乒女团加油！,6667782,https://www.baidu.com/s?wd=%E7%8E%8B%E6%9B%BC%E6%98%B13%E6%AF%942%E9%80%86%E8%BD%AC%E5%BC%A0%E6%9C%AC%E7%BE%8E%E5%92%8C&sa=fyb_news&rsv_dl=fyb_news,https://fyb-2.cdn.bcebos.com/hotboard_image/44ea50d52647de5cb1f5b23580a3ec79,百度热搜,实时热搜,realtime,hotlist,,2026-09-25 04:23:46
15,第一波出发的大聪明堵路上了,9月24日凌晨，广昆高速肇庆段返乡车流出现多处堵塞。许多试图提前出发的车主遭遇拥堵，网友调侃：“第一波出发的大聪明堵路上了！”,6563605,https://www.baidu.com/s?wd=%E7%AC%AC%E4%B8%80%E6%B3%A2%E5%87%BA%E5%8F%91%E7%9A%84%E5%A4%A7%E8%81%AA%E6%98%8E%E5%A0%B5%E8%B7%AF%E4%B8%8A%E4%BA%86&sa=fyb_news&rsv_dl=fyb_news,https://fyb-2.cdn.bcebos.com/hotboard_image/46d2871d8d1b82688bea8c1a7ba5a309,百度热搜,实时热搜,realtime,hotlist,,2026-09-25 04:23:46
16,张雪就泰康人寿拒赔一事发声,近日，张雪在个人账号为“投保重疾险10年后确诊结肠癌遭拒赔”事件发声，他直接转发相关新闻片段，并询问泰康人寿：“这是造谣吗？如果是就起诉，如果不是就鄙视你。”目前，泰康人寿就拒赔一事暂无新回应。,6468653,https://www.baidu.com/s?wd=%E5%BC%A0%E9%9B%AA%E5%B0%B1%E6%B3%B0%E5%BA%B7%E4%BA%BA%E5%AF%BF%E6%8B%92%E8%B5%94%E4%B8%80%E4%BA%8B%E5%8F%91%E5%A3%B0&sa=fyb_news&rsv_dl=fyb_news,https://fyb-2.cdn.bcebos.com/hotboard_image/917f401392ed5b1b881aa6e32f4456c9,百度热搜,实时热搜,realtime,hotlist,,2026-09-25 04:23:46
17,国家对成品油价格实施调控,为减缓国际油价上涨对国内的冲击，国家继续对成品油价格采取调控措施。根据现行价格机制计算，自9月24日24时起，国内汽、柴油（标准品）价格每吨分别应上调830元、800元，调控后实际上调395元、385元。,6373201,https://www.baidu.com/s?wd=%E5%9B%BD%E5%AE%B6%E5%AF%B9%E6%88%90%E5%93%81%E6%B2%B9%E4%BB%B7%E6%A0%BC%E5%AE%9E%E6%96%BD%E8%B0%83%E6%8E%A7&sa=fyb_news&rsv_dl=fyb_news,https://fyb-2.cdn.bcebos.com/hotboard_image/7079819e3a20186c6f9b93ec3e116965,百度热搜,实时热搜,realtime,hotlist,,2026-09-25 04:23:46
18,河南矿山过中秋1600余桌宴席摆进厂房,"9月23日晚，河南矿山第十三届中秋孝文化节火热开启，两天摆下1600余桌宴席,15000余名员工及家属欢聚厂区。",6280174,https://www.baidu.com/s?wd=%E6%B2%B3%E5%8D%97%E7%9F%BF%E5%B1%B1%E8%BF%87%E4%B8%AD%E7%A7%8B1600%E4%BD%99%E6%A1%8C%E5%AE%B4%E5%B8%AD%E6%91%86%E8%BF%9B%E5%8E%82%E6%88%BF&sa=fyb_news&rsv_dl=fyb_news,https://fyb-2.cdn.bcebos.com/hotboard_image/e258d2acf0611b935265332f0cf80332,百度热搜,实时热搜,realtime,hotlist,,2026-09-25 04:23:46
19,中国女篮挺进四强将战韩国,9月24日，亚运会女篮1/4决赛，中国女篮89-63大胜蒙古女篮，闯进四强，半决赛将面对韩国女篮。杨舒予砍下21分，张子宇替补出场13分钟得到20分9篮板。,6180169,https://www.baidu.com/s?wd=%E4%B8%AD%E5%9B%BD%E5%A5%B3%E7%AF%AE%E6%8C%BA%E8%BF%9B%E5%9B%9B%E5%BC%BA%E5%B0%86%E6%88%98%E9%9F%A9%E5%9B%BD&sa=fyb_news&rsv_dl=fyb_news,https://fyb-2.cdn.bcebos.com/hotboard_image/18aac2d57e8a8668d828d94aa100b236,百度热搜,实时热搜,realtime,hotlist,,2026-09-25 04:23:46
20,国足3比0马尔代夫,9月24日，2026CFA中国之队·重庆国际足球邀请赛在重庆龙兴足球场举行，中国队3比0战胜马尔代夫队。,6095724,https://www.baidu.com/s?wd=%E5%9B%BD%E8%B6%B33%E6%AF%940%E9%A9%AC%E5%B0%94%E4%BB%A3%E5%A4%AB&sa=fyb_news&rsv_dl=fyb_news,https://fyb-2.cdn.bcebos.com/hotboard_image/137aedf169507ddcf4409bfd44896846,百度热搜,实时热搜,realtime,hotlist,,2026-09-25 04:23:46
21,胖东来大月饼难抢,9月24日，记者在新乡胖东来探访发现，顾客购物车堆成小山，有百公里外老板开车来进货。此前，胖东来网红大月饼改为线上限购销售，工作人员称每天上架几千份，两三分钟便抢空，引发关注。,5990090,https://www.baidu.com/s?wd=%E8%83%96%E4%B8%9C%E6%9D%A5%E5%A4%A7%E6%9C%88%E9%A5%BC%E9%9A%BE%E6%8A%A2&sa=fyb_news&rsv_dl=fyb_news,https://fyb-2.cdn.bcebos.com/hotboard_image/9e971a7cbb0a4e1fbfcdf2c019583779,百度热搜,实时热搜,realtime,hotlist,,2026-09-25 04:23:46
22,王楚钦0-3张本智和,9月24日，名古屋亚运会乒乓球男团决赛，国乒主力王楚钦在第四盘0:3爆冷不敌东道主日本选手张本智和；此前王楚钦逆转、林诗栋变阵获胜助国乒2:1领先，此番落败后双方大比分2:2战平。,5906287,https://www.baidu.com/s?wd=%E7%8E%8B%E6%A5%9A%E9%92%A60-3%E5%BC%A0%E6%9C%AC%E6%99%BA%E5%92%8C&sa=fyb_news&rsv_dl=fyb_news,https://fyb-2.cdn.bcebos.com/hotboard_image/13c60c8589b417e58c834be31e655f0b,百度热搜,实时热搜,realtime,hotlist,,2026-09-25 04:23:46
23,王楚钦3比2逆转松岛辉空,北京时间9月24日，爱知·名古屋亚运会乒乓球男团决赛首盘，王楚钦对阵日本名将松岛辉空。最终，王楚钦3-2逆转战胜松岛辉空，中国队1-0领先日本队，比分：5-11、8-11、11-9、11-9、11-9。,5807921,https://www.baidu.com/s?wd=%E7%8E%8B%E6%A5%9A%E9%92%A63%E6%AF%942%E9%80%86%E8%BD%AC%E6%9D%BE%E5%B2%9B%E8%BE%89%E7%A9%BA&sa=fyb_news&rsv_dl=fyb_news,https://fyb-2.cdn.bcebos.com/hotboard_image/b03bbc0da03733929031ee63323a3bb9,百度热搜,实时热搜,realtime,hotlist,,2026-09-25 04:23:46
24,特朗普总统夫妇在下车处迎候,当地时间9月24日上午，国家主席习近平和夫人彭丽媛乘车将抵达白宫，出席美国总统特朗普举行的欢迎仪式。特朗普总统和夫人梅拉尼娅在下车处热情迎接。,5712174,https://www.baidu.com/s?wd=%E7%89%B9%E6%9C%97%E6%99%AE%E6%80%BB%E7%BB%9F%E5%A4%AB%E5%A6%87%E5%9C%A8%E4%B8%8B%E8%BD%A6%E5%A4%84%E8%BF%8E%E5%80%99&sa=fyb_news&rsv_dl=fyb_news,https://fyb-2.cdn.bcebos.com/hotboard_image/36df127500f0de001a994dfd632a84e6,百度热搜,实时热搜,realtime,hotlist,,2026-09-25 04:23:46
25,公司发月饼1人1口不准多拿,近日，深圳一家公司发放中秋月饼福利，每人仅能领取一口，现场还提醒员工不要多拿。此事传到网上引发热议。,5604128,https://www.baidu.com/s?wd=%E5%85%AC%E5%8F%B8%E5%8F%91%E6%9C%88%E9%A5%BC1%E4%BA%BA1%E5%8F%A3%E4%B8%8D%E5%87%86%E5%A4%9A%E6%8B%BF&sa=fyb_news&rsv_dl=fyb_news,https://fyb-2.cdn.bcebos.com/hotboard_image/7668ea8ae2bd0680acabe6f8fdb8b726,百度热搜,实时热搜,realtime,hotlist,,2026-09-25 04:23:46
26,国防部回应新西兰军舰过航台湾海峡,近日，针对新西兰军舰过航台湾海峡，中国军队依法依规组织海空兵力全程跟监警戒并有效应对处置。中方敦促新方恪守一个中国原则，勿向“台独”分裂势力发出错误信号。,5523344,https://www.baidu.com/s?wd=%E5%9B%BD%E9%98%B2%E9%83%A8%E5%9B%9E%E5%BA%94%E6%96%B0%E8%A5%BF%E5%85%B0%E5%86%9B%E8%88%B0%E8%BF%87%E8%88%AA%E5%8F%B0%E6%B9%BE%E6%B5%B7%E5%B3%A1&sa=fyb_news&rsv_dl=fyb_news,https://fyb-2.cdn.bcebos.com/hotboard_image/a3bf55492ba673ef30e7afea0a9e765d,百度热搜,实时热搜,realtime,hotlist,,2026-09-25 04:23:46
27,李一桐北舞严选的含金量还在上升,中秋奇妙游中，李一桐切换三套造型，以青赤黄白黑五方正色为视觉核心，用歌声和舞蹈演绎传统五色，从山水到生活展开色彩叙事，宛如仙女下人间，北舞严选含金量还在上升。,5427592,https://www.baidu.com/s?wd=%E6%9D%8E%E4%B8%80%E6%A1%90%E5%8C%97%E8%88%9E%E4%B8%A5%E9%80%89%E7%9A%84%E5%90%AB%E9%87%91%E9%87%8F%E8%BF%98%E5%9C%A8%E4%B8%8A%E5%8D%87&sa=fyb_news&rsv_dl=fyb_news,https://fyb-2.cdn.bcebos.com/hotboard_image/2b9ee8e1a5fa443c37d12f8df9ab2b6f,百度热搜,实时热搜,realtime,hotlist,,2026-09-25 04:23:46
28,国羽男团不敌印尼获亚运银牌,9月24日，名古屋亚运会羽毛球男子团体决赛，中国队2-3不敌印度尼西亚队，获得银牌。,5318397,https://www.baidu.com/s?wd=%E5%9B%BD%E7%BE%BD%E7%94%B7%E5%9B%A2%E4%B8%8D%E6%95%8C%E5%8D%B0%E5%B0%BC%E8%8E%B7%E4%BA%9A%E8%BF%90%E9%93%B6%E7%89%8C&sa=fyb_news&rsv_dl=fyb_news,https://fyb-2.cdn.bcebos.com/hotboard_image/9c26d805a93eda63f8eeeded8c9ed868,百度热搜,实时热搜,realtime,hotlist,,2026-09-25 04:23:46
29,黑芝麻糊检出霉菌超标27倍 维维回应,近日，上海市场监管抽检发现，维维子公司生产的一批无添加蔗糖黑芝麻糊霉菌最高超标27倍。维维回应涉事产品已全部召回，市面无留存。截至9月23日收盘，维维股份市值50亿，年内股价下跌超9%。,5216574,https://www.baidu.com/s?wd=%E9%BB%91%E8%8A%9D%E9%BA%BB%E7%B3%8A%E6%A3%80%E5%87%BA%E9%9C%89%E8%8F%8C%E8%B6%85%E6%A0%8727%E5%80%8D+%E7%BB%B4%E7%BB%B4%E5%9B%9E%E5%BA%94&sa=fyb_news&rsv_dl=fyb_news,https://fyb-2.cdn.bcebos.com/hotboard_image/fb55dad18e6f0ad0a40c6eebd5a95b74,百度热搜,实时热搜,realtime,hotlist,,2026-09-25 04:23:46
30,孙颖莎3比1早田希娜,9月24日，亚运会乒乓球女团决赛，中国vs日本第一盘，孙颖莎3-1早田希娜，总比分中国队1-0日本队。,5136970,https://www.baidu.com/s?wd=%E5%AD%99%E9%A2%96%E8%8E%8E3%E6%AF%941%E6%97%A9%E7%94%B0%E5%B8%8C%E5%A8%9C&sa=fyb_news&rsv_dl=fyb_news,https://fyb-2.cdn.bcebos.com/hotboard_image/c2a6b085da616ed1f1494d8ff9c38ce3,百度热搜,实时热搜,realtime,hotlist,,2026-09-25 04:23:46
31,北大清华“一饼难求”,中秋临近，北京多所高校推出文创月饼，北大、清华款融入校徽、校训等校园元素，兼顾新潮与经典口味，一经上线迅速售罄、一饼难求。专家称，高校月饼承载身份认同与母校情怀，不止是节令点心。,5024258,https://www.baidu.com/s?wd=%E5%8C%97%E5%A4%A7%E6%B8%85%E5%8D%8E%E2%80%9C%E4%B8%80%E9%A5%BC%E9%9A%BE%E6%B1%82%E2%80%9D&sa=fyb_news&rsv_dl=fyb_news,https://fyb-2.cdn.bcebos.com/hotboard_image/638d1ce25e3ceb36aa85ec821b2fe3d4,百度热搜,实时热搜,realtime,hotlist,,2026-09-25 04:23:46
32,超长蛋挞何以火爆出圈,近期，一款60厘米的“超长蛋挞”在社交媒体刷屏。多个烘焙门店排队两三个小时，供不应求。它的走红核心不在于口味颠覆，而在于强大的社交情绪价值，即满足年轻人拍照发朋友圈的需要，还命中了年轻人的“分享刚需”。,4943174,https://www.baidu.com/s?wd=%E8%B6%85%E9%95%BF%E8%9B%8B%E6%8C%9E%E4%BD%95%E4%BB%A5%E7%81%AB%E7%88%86%E5%87%BA%E5%9C%88&sa=fyb_news&rsv_dl=fyb_news,https://fyb-2.cdn.bcebos.com/hotboard_image/b85e8b634cb380c9cabb476ac857ad83,百度热搜,实时热搜,realtime,hotlist,,2026-09-25 04:23:46
33,企业给30年工龄老员工发万元奖励,近日，河南洛阳中成集团40周年庆给30年工龄老员工发万元奖励。据悉，11名满30年工龄员工获万元奖励，10至30年工龄的255名员工获电动车等。此外，公司每位员工还收到1000元购物卡。,4846988,https://www.baidu.com/s?wd=%E4%BC%81%E4%B8%9A%E7%BB%9930%E5%B9%B4%E5%B7%A5%E9%BE%84%E8%80%81%E5%91%98%E5%B7%A5%E5%8F%91%E4%B8%87%E5%85%83%E5%A5%96%E5%8A%B1&sa=fyb_news&rsv_dl=fyb_news,https://fyb-2.cdn.bcebos.com/hotboard_image/103ff2584e66a21f29f7761522e2e260,百度热搜,实时热搜,realtime,hotlist,,2026-09-25 04:23:46
34,男孩熟练打包牡蛎：一箱仅二十多秒,山东威海乳山的一名小学四年级学生，父亲顾先生经营水产品加工厂5年，男孩从二年级起周末写完作业会来车间帮忙，打包一箱牡蛎大概‌十几秒到二十多秒‌，动作利落，速度不比大人慢。‌‌,4734247,https://www.baidu.com/s?wd=%E7%94%B7%E5%AD%A9%E7%86%9F%E7%BB%83%E6%89%93%E5%8C%85%E7%89%A1%E8%9B%8E%EF%BC%9A%E4%B8%80%E7%AE%B1%E4%BB%85%E4%BA%8C%E5%8D%81%E5%A4%9A%E7%A7%92&sa=fyb_news&rsv_dl=fyb_news,https://fyb-2.cdn.bcebos.com/hotboard_image/c83b7394ae1534dc00d14d6358ce3f90,百度热搜,实时热搜,realtime,hotlist,,2026-09-25 04:23:46
35,林诗栋3比1户上隼辅,9月24日，亚运会乒乓球男团决赛，中国vs日本第三盘，林诗栋不负众望3-1战胜户上隼辅。,4653143,https://www.baidu.com/s?wd=%E6%9E%97%E8%AF%97%E6%A0%8B3%E6%AF%941%E6%88%B7%E4%B8%8A%E9%9A%BC%E8%BE%85&sa=fyb_news&rsv_dl=fyb_news,https://fyb-2.cdn.bcebos.com/hotboard_image/cd5d2546a17b43e0f574c508bd2621ac,百度热搜,实时热搜,realtime,hotlist,,2026-09-25 04:23:46
36,张博恒单项弃权,9月24日，体操运动员张博恒在社交平台发了一句“团体永远高于个人，团队精神永远首位”，同时说明因为身体原因单项弃权，当天仍在积极恢复，后面还有重要赛事在等。,4564824,https://www.baidu.com/s?wd=%E5%BC%A0%E5%8D%9A%E6%81%92%E5%8D%95%E9%A1%B9%E5%BC%83%E6%9D%83&sa=fyb_news&rsv_dl=fyb_news,https://fyb-2.cdn.bcebos.com/hotboard_image/53e6565b17aa094470a43c422d207908,百度热搜,实时热搜,realtime,hotlist,,2026-09-25 04:23:46
37,羽毛球降价：从一球难求到库存积压,近日，经历前几年疯涨后羽毛球价格逐渐回落，多个品牌下调价格，“口粮球”降幅约26%，从一球难求到库存积压。,4456969,https://www.baidu.com/s?wd=%E7%BE%BD%E6%AF%9B%E7%90%83%E9%99%8D%E4%BB%B7%EF%BC%9A%E4%BB%8E%E4%B8%80%E7%90%83%E9%9A%BE%E6%B1%82%E5%88%B0%E5%BA%93%E5%AD%98%E7%A7%AF%E5%8E%8B&sa=fyb_news&rsv_dl=fyb_news,https://fyb-2.cdn.bcebos.com/hotboard_image/3b9e68d844ab87d9959f4202abe41c98,百度热搜,实时热搜,realtime,hotlist,,2026-09-25 04:23:46
38,国乒男团无缘九连冠,北京时间9月24日，在刚刚结束的爱知·名古屋亚运会乒乓球男子团体决赛中，卫冕冠军中国队以2:3不敌日本队，收获一枚银牌。此前，国乒连续八次在亚运会上夺得该项目金牌。,4356159,https://www.baidu.com/s?wd=%E5%9B%BD%E4%B9%92%E7%94%B7%E5%9B%A2%E6%97%A0%E7%BC%98%E4%B9%9D%E8%BF%9E%E5%86%A0&sa=fyb_news&rsv_dl=fyb_news,https://fyb-2.cdn.bcebos.com/hotboard_image/bfc9c5ba2174ae15054ccb3f77230ad8,百度热搜,实时热搜,realtime,hotlist,,2026-09-25 04:23:46
39,温瑞博1比3张本智和,9月24日，亚运会乒乓球男团决赛，中国vs日本第二盘，温瑞博1-3张本智和，总比分中国队1-1日本队，第三盘林诗栋vs户上隼辅。,4256125,https://www.baidu.com/s?wd=%E6%B8%A9%E7%91%9E%E5%8D%9A1%E6%AF%943%E5%BC%A0%E6%9C%AC%E6%99%BA%E5%92%8C&sa=fyb_news&rsv_dl=fyb_news,https://fyb-2.cdn.bcebos.com/hotboard_image/4ba7af091be03c419cfd7f80537084ba,百度热搜,实时热搜,realtime,hotlist,,2026-09-25 04:23:46
40,张展硕半小时2金,近日，19岁小将张展硕在名古屋亚运会中半小时连夺2金，斩获第6金，追平张雨霏单届6金纪录。据悉，他先在男子800米自由泳决赛拿下个人第五金，紧接着在男子4x100米自由泳接力决赛再添一金！,4195870,https://www.baidu.com/s?wd=%E5%BC%A0%E5%B1%95%E7%A1%95%E5%8D%8A%E5%B0%8F%E6%97%B62%E9%87%91&sa=fyb_news&rsv_dl=fyb_news,https://fyb-2.cdn.bcebos.com/hotboard_image/9aca0cf7f187794affc618be42728d25,百度热搜,实时热搜,realtime,hotlist,,2026-09-25 04:23:46
41,国羽女团夺冠后第一反应是抱紧队友,9月24日，名古屋亚运会羽毛球女子团体决赛，中国队以3∶0击败日本队拿下金牌。国羽女团夺冠之后队员们第一时间相拥，分享这份胜利的喜悦。,4083644,https://www.baidu.com/s?wd=%E5%9B%BD%E7%BE%BD%E5%A5%B3%E5%9B%A2%E5%A4%BA%E5%86%A0%E5%90%8E%E7%AC%AC%E4%B8%80%E5%8F%8D%E5%BA%94%E6%98%AF%E6%8A%B1%E7%B4%A7%E9%98%9F%E5%8F%8B&sa=fyb_news&rsv_dl=fyb_news,https://fyb-2.cdn.bcebos.com/hotboard_image/940de529e4362642b6e615b4c8a6cb1e,百度热搜,实时热搜,realtime,hotlist,,2026-09-25 04:23:46
42,国羽击败日本 时隔12年再获女团冠军,9月24日，名古屋亚运会羽毛球女子团体决赛，中国队以3∶0击败日本队，夺得冠军。这是国羽时隔12年再度获得亚运会女团冠军。,3969385,https://www.baidu.com/s?wd=%E5%9B%BD%E7%BE%BD%E5%87%BB%E8%B4%A5%E6%97%A5%E6%9C%AC+%E6%97%B6%E9%9A%9412%E5%B9%B4%E5%86%8D%E8%8E%B7%E5%A5%B3%E5%9B%A2%E5%86%A0%E5%86%9B&sa=fyb_news&rsv_dl=fyb_news,https://fyb-2.cdn.bcebos.com/hotboard_image/51a84a6b9e195f95c4148cbba4a5a9aa,百度热搜,实时热搜,realtime,hotlist,,2026-09-25 04:23:46
43,钱塘江大潮进入最佳观潮期,,3898702,https://www.baidu.com/s?wd=%E9%92%B1%E5%A1%98%E6%B1%9F%E5%A4%A7%E6%BD%AE%E8%BF%9B%E5%85%A5%E6%9C%80%E4%BD%B3%E8%A7%82%E6%BD%AE%E6%9C%9F&sa=fyb_news&rsv_dl=fyb_news,https://fyb-1.cdn.bcebos.com/fyb/de6163834f53ca92c1273fff98ac9078.jpeg,百度热搜,实时热搜,realtime,hotlist,,2026-09-25 04:23:46
44,严屹宽《纹路》,9月24日晚，严屹宽在河南卫视中秋晚会演唱《纹路》，把千年彩陶的故事唱活了。镜头穿梭在考古现场与博物馆，他化身讲解员给小朋友科普彩陶纹样。古今同框的画面氛围感拉满，厚重的中华文明瞬间有了温度。,3804542,https://www.baidu.com/s?wd=%E4%B8%A5%E5%B1%B9%E5%AE%BD%E3%80%8A%E7%BA%B9%E8%B7%AF%E3%80%8B&sa=fyb_news&rsv_dl=fyb_news,https://fyb-2.cdn.bcebos.com/hotboard_image/f043dccb1241324bc3efaa44ef7f7711,百度热搜,实时热搜,realtime,hotlist,,2026-09-25 04:23:46
45,日本选手打破男子200米蛙泳世界纪录,,3714506,https://www.baidu.com/s?wd=%E6%97%A5%E6%9C%AC%E9%80%89%E6%89%8B%E6%89%93%E7%A0%B4%E7%94%B7%E5%AD%90200%E7%B1%B3%E8%9B%99%E6%B3%B3%E4%B8%96%E7%95%8C%E7%BA%AA%E5%BD%95&sa=fyb_news&rsv_dl=fyb_news,https://fyb-1.cdn.bcebos.com/fyb/de6163834f53ca92c1273fff98ac9078.jpeg,百度热搜,实时热搜,realtime,hotlist,,2026-09-25 04:23:46
46,中国队亚运男子4×100自接力卫冕,9月24日，名古屋亚运会男子4×100米自由泳接力决赛，由赵家悦、王浩宇、张展硕、潘展乐组成的中国队以3分10秒60的成绩刷新中国队保持的亚洲纪录夺冠，卫冕成功！,3611015,https://www.baidu.com/s?wd=%E4%B8%AD%E5%9B%BD%E9%98%9F%E4%BA%9A%E8%BF%90%E7%94%B7%E5%AD%904%C3%97100%E8%87%AA%E6%8E%A5%E5%8A%9B%E5%8D%AB%E5%86%95&sa=fyb_news&rsv_dl=fyb_news,https://fyb-2.cdn.bcebos.com/hotboard_image/3b0e6203e61ba2b02d9840108f0a8905,百度热搜,实时热搜,realtime,hotlist,,2026-09-25 04:23:46
47,被林依轮《月光》中秋柔情的一面打动,在河南《中秋奇妙游》节目中，林依轮一首《月光》唱出了乡愁思念，情感好充沛！其演唱画面从古代跨越至现代，传达了中国人传统的书信传音与游子对家乡的思念，都快把观众唱哭了。,3513608,https://www.baidu.com/s?wd=%E8%A2%AB%E6%9E%97%E4%BE%9D%E8%BD%AE%E3%80%8A%E6%9C%88%E5%85%89%E3%80%8B%E4%B8%AD%E7%A7%8B%E6%9F%94%E6%83%85%E7%9A%84%E4%B8%80%E9%9D%A2%E6%89%93%E5%8A%A8&sa=fyb_news&rsv_dl=fyb_news,https://fyb-2.cdn.bcebos.com/hotboard_image/34c210a17294fdc923daced0d0df94f0,百度热搜,实时热搜,realtime,hotlist,,2026-09-25 04:23:46
48,第5金！张展硕男子800自夺冠,9月24日，名古屋亚运会男子800米自由泳决赛，中国选手张展硕夺得金牌，并以7分42秒49的成绩打破该项目亚运会纪录！这是他在本届亚运会上取得的第五枚金牌。,3423810,https://www.baidu.com/s?wd=%E7%AC%AC5%E9%87%91%EF%BC%81%E5%BC%A0%E5%B1%95%E7%A1%95%E7%94%B7%E5%AD%90800%E8%87%AA%E5%A4%BA%E5%86%A0&sa=fyb_news&rsv_dl=fyb_news,https://fyb-2.cdn.bcebos.com/hotboard_image/2c27ce2560e2309f57eb00c0d428e071,百度热搜,实时热搜,realtime,hotlist,,2026-09-25 04:23:46
49,邱祺缘夺得体操女子高低杠金牌,,3310063,https://www.baidu.com/s?wd=%E9%82%B1%E7%A5%BA%E7%BC%98%E5%A4%BA%E5%BE%97%E4%BD%93%E6%93%8D%E5%A5%B3%E5%AD%90%E9%AB%98%E4%BD%8E%E6%9D%A0%E9%87%91%E7%89%8C&sa=fyb_news&rsv_dl=fyb_news,https://fyb-1.cdn.bcebos.com/fyb/de6163834f53ca92c1273fff98ac9078.jpeg,百度热搜,实时热搜,realtime,hotlist,,2026-09-25 04:23:46
50,《兰香如故》市占率42.6%,,3197093,https://www.baidu.com/s?wd=%E3%80%8A%E5%85%B0%E9%A6%99%E5%A6%82%E6%95%85%E3%80%8B%E5%B8%82%E5%8D%A0%E7%8E%8742.6%25&sa=fyb_news&rsv_dl=fyb_news,https://fyb-1.cdn.bcebos.com/fyb/de6163834f53ca92c1273fff98ac9078.jpeg,百度热搜,实时热搜,realtime,hotlist,,2026-09-25 04:23:46
1,40余年 跨越太平洋的友谊,1985年，时任河北正定县委书记习近平访问美国艾奥瓦州，今年2月，习近平主席复信艾奥瓦州友人指出，“那些美好回忆至今仍记忆犹新”。习主席始终高度重视中美人民友好事业，两国人民友谊之树向更深处扎根，向更高远的天空生长。,7904759,https://www.baidu.com/s?wd=40%E4%BD%99%E5%B9%B4+%E8%B7%A8%E8%B6%8A%E5%A4%AA%E5%B9%B3%E6%B4%8B%E7%9A%84%E5%8F%8B%E8%B0%8A&sa=fyb_news&rsv_dl=fyb_news,https://fyb-2.cdn.bcebos.com/hotboard_image/27a2d12dc2b6240adc9dadd64b3d5047,百度热搜,实时热搜,realtime,hotlist,,2026-09-25 05:20:30
2,习近平：美方应慎重处理台湾问题,当地时间9月24日上午，国家主席习近平同美国总统特朗普在白宫举行会谈。习近平强调，中方维护国家统一和领土完整的立场很清楚。希望美方坚持反对“台独”的正确立场，慎重处理台湾问题，为中美战略合作和两国关系发展奠定坚实基础。,7809752,https://www.baidu.com/s?wd=%E4%B9%A0%E8%BF%91%E5%B9%B3%EF%BC%9A%E7%BE%8E%E6%96%B9%E5%BA%94%E6%85%8E%E9%87%8D%E5%A4%84%E7%90%86%E5%8F%B0%E6%B9%BE%E9%97%AE%E9%A2%98&sa=fyb_news&rsv_dl=fyb_news,https://fyb-2.cdn.bcebos.com/hotboard_image/23498e790ec72673a3e3ee478372308e,百度热搜,实时热搜,realtime,hotlist,,2026-09-25 05:20:30
3,习近平出席特朗普举行的欢迎仪式,,7714152,https://www.baidu.com/s?wd=%E4%B9%A0%E8%BF%91%E5%B9%B3%E5%87%BA%E5%B8%AD%E7%89%B9%E6%9C%97%E6%99%AE%E4%B8%BE%E8%A1%8C%E7%9A%84%E6%AC%A2%E8%BF%8E%E4%BB%AA%E5%BC%8F&sa=fyb_news&rsv_dl=fyb_news,https://fyb-1.cdn.bcebos.com/fyb/de6163834f53ca92c1273fff98ac9078.jpeg,百度热搜,实时热搜,realtime,hotlist,,2026-09-25 05:20:30
4,世界技能大赛究竟比什么,第48届世界技能大赛9月23日进入开赛首日，从精密制造到数字技术，从匠心手作到智能应用，赛场内外处处是毫厘之间的较量。71位中国选手亮相全部64个项目，向世界展示硬核技艺。,7618840,https://www.baidu.com/s?wd=%E4%B8%96%E7%95%8C%E6%8A%80%E8%83%BD%E5%A4%A7%E8%B5%9B%E7%A9%B6%E7%AB%9F%E6%AF%94%E4%BB%80%E4%B9%88&sa=fyb_news&rsv_dl=fyb_news,https://fyb-2.cdn.bcebos.com/hotboard_image/ec177f32f679dc72eec5263c0f8841cf,百度热搜,实时热搜,realtime,hotlist,,2026-09-25 05:20:30
5,习近平在白宫欢迎仪式上的致辞,,7524018,https://www.baidu.com/s?wd=%E4%B9%A0%E8%BF%91%E5%B9%B3%E5%9C%A8%E7%99%BD%E5%AE%AB%E6%AC%A2%E8%BF%8E%E4%BB%AA%E5%BC%8F%E4%B8%8A%E7%9A%84%E8%87%B4%E8%BE%9E&sa=fyb_news&rsv_dl=fyb_news,https://fyb-1.cdn.bcebos.com/fyb/de6163834f53ca92c1273fff98ac9078.jpeg,百度热搜,实时热搜,realtime,hotlist,,2026-09-25 05:20:30
6,大熊猫“平平”“福双”将赴美,再过几天，大熊猫“平平”、“福双”就会落户亚特兰大动物园，同美国人民见面。,7424689,https://www.baidu.com/s?wd=%E5%A4%A7%E7%86%8A%E7%8C%AB%E2%80%9C%E5%B9%B3%E5%B9%B3%E2%80%9D%E2%80%9C%E7%A6%8F%E5%8F%8C%E2%80%9D%E5%B0%86%E8%B5%B4%E7%BE%8E&sa=fyb_news&rsv_dl=fyb_news,https://fyb-2.cdn.bcebos.com/hotboard_image/7079819e3a20186c6f9b93ec3e116965,百度热搜,实时热搜,realtime,hotlist,,2026-09-25 05:20:30
7,邓亚萍谈国乒男团输日本,9月24日，亚运会乒乓球男子团体决赛，由王楚钦、温瑞博、林诗栋组成的中国队2-3不敌日本队，获得银牌。赛后邓亚萍复盘称：“非常遗憾我们输掉了，但我认为中国男乒整体打得还是很不错的。”她表示，对于王楚钦，当天的排阵他没有任何容错空间。,7329358,https://www.baidu.com/s?wd=%E9%82%93%E4%BA%9A%E8%90%8D%E8%B0%88%E5%9B%BD%E4%B9%92%E7%94%B7%E5%9B%A2%E8%BE%93%E6%97%A5%E6%9C%AC&sa=fyb_news&rsv_dl=fyb_news,https://fyb-2.cdn.bcebos.com/hotboard_image/af2070142c11c6a85896e5f2eb457990,百度热搜,实时热搜,realtime,hotlist,,2026-09-25 05:20:30
8,多地商场把“C位”留给国之栋梁,近日，不少网友在社交平台上发视频称，多地商场的核心“C位”挂上了“国家栋梁”主题巨幅海报，集中展示袁隆平、钱学森、邓稼先、屠呦呦等功勋人物。一商场负责人：我们就是想让更多人知道这些“国家栋梁”，向他们致敬。,7233593,https://www.baidu.com/s?wd=%E5%A4%9A%E5%9C%B0%E5%95%86%E5%9C%BA%E6%8A%8A%E2%80%9CC%E4%BD%8D%E2%80%9D%E7%95%99%E7%BB%99%E5%9B%BD%E4%B9%8B%E6%A0%8B%E6%A2%81&sa=fyb_news&rsv_dl=fyb_news,https://fyb-2.cdn.bcebos.com/hotboard_image/d87150be3dbb653a51987ec1bc349eea,百度热搜,实时热搜,realtime,hotlist,,2026-09-25 05:20:30
9,坐高铁用不用一次性座椅套垫,9月24日上午，针对网友热议的“坐高铁是否需自带一次性座椅套垫”，铁路12306回应称，高铁坐垫正常120至180天更换清洗，卧铺床单一客一换，平时脏污会清理。,7139998,https://www.baidu.com/s?wd=%E5%9D%90%E9%AB%98%E9%93%81%E7%94%A8%E4%B8%8D%E7%94%A8%E4%B8%80%E6%AC%A1%E6%80%A7%E5%BA%A7%E6%A4%85%E5%A5%97%E5%9E%AB&sa=fyb_news&rsv_dl=fyb_news,https://fyb-2.cdn.bcebos.com/hotboard_image/f61c800f1097845473bcb0f4c8000e08,百度热搜,实时热搜,realtime,hotlist,,2026-09-25 05:20:30
10,全国赏秋地图来了,秋天出行是幸福又治愈的。这份全国赏秋指南和朝霞晚霞观赏地图一起收藏起来吧。,7040421,https://www.baidu.com/s?wd=%E5%85%A8%E5%9B%BD%E8%B5%8F%E7%A7%8B%E5%9C%B0%E5%9B%BE%E6%9D%A5%E4%BA%86&sa=fyb_news&rsv_dl=fyb_news,https://fyb-2.cdn.bcebos.com/hotboard_image/4f61ed40626a6bdfe452a18beceb7d55,百度热搜,实时热搜,realtime,hotlist,,2026-09-25 05:20:30
11,中秋节,,6953912,https://www.baidu.com/s?wd=%E4%B8%AD%E7%A7%8B%E8%8A%82&sa=fyb_news&rsv_dl=fyb_news,https://fyb-1.cdn.bcebos.com/fyb/de6163834f53ca92c1273fff98ac9078.jpeg,百度热搜,实时热搜,realtime,hotlist,,2026-09-25 05:20:30
12,陌生快递寄来礼品卡？误区要注意,中秋、国庆双节将至，不少人收到了一份“从天而降”的快递——自己明明没有网购，却收到一个装着湿巾等小物件外加一张“双节礼品卡”的包裹。不花一分钱扫个码就能领取年货大礼包？千万别信！此类事存在着两大认知误区，一文解读！,6852315,https://www.baidu.com/s?wd=%E9%99%8C%E7%94%9F%E5%BF%AB%E9%80%92%E5%AF%84%E6%9D%A5%E7%A4%BC%E5%93%81%E5%8D%A1%EF%BC%9F%E8%AF%AF%E5%8C%BA%E8%A6%81%E6%B3%A8%E6%84%8F&sa=fyb_news&rsv_dl=fyb_news,https://fyb-2.cdn.bcebos.com/hotboard_image/8ac4e32ba1b3f8270fb0b505025c307e,百度热搜,实时热搜,realtime,hotlist,,2026-09-25 05:20:30
13,第一波出发的大聪明堵路上了,9月24日凌晨，广昆高速肇庆段返乡车流出现多处堵塞。许多试图提前出发的车主遭遇拥堵，网友调侃：“第一波出发的大聪明堵路上了！”,6758684,https://www.baidu.com/s?wd=%E7%AC%AC%E4%B8%80%E6%B3%A2%E5%87%BA%E5%8F%91%E7%9A%84%E5%A4%A7%E8%81%AA%E6%98%8E%E5%A0%B5%E8%B7%AF%E4%B8%8A%E4%BA%86&sa=fyb_news&rsv_dl=fyb_news,https://fyb-2.cdn.bcebos.com/hotboard_image/46d2871d8d1b82688bea8c1a7ba5a309,百度热搜,实时热搜,realtime,hotlist,,2026-09-25 05:20:30
14,国乒女团亚运6连冠 3-0横扫日本,9月24日，名古屋亚运会乒乓球女子团体决赛，中国队3-0击败日本队，夺得金牌！这是中国乒乓球在亚运会上的第12枚女团金牌，同时也实现了女团六连冠。,6655337,https://www.baidu.com/s?wd=%E5%9B%BD%E4%B9%92%E5%A5%B3%E5%9B%A2%E4%BA%9A%E8%BF%906%E8%BF%9E%E5%86%A0+3-0%E6%A8%AA%E6%89%AB%E6%97%A5%E6%9C%AC&sa=fyb_news&rsv_dl=fyb_news,https://fyb-2.cdn.bcebos.com/hotboard_image/e23fafdf4d05107ed6160fd76898ad87,百度热搜,实时热搜,realtime,hotlist,,2026-09-25 05:20:30
15,国家对成品油价格实施调控,为减缓国际油价上涨对国内的冲击，国家继续对成品油价格采取调控措施。根据现行价格机制计算，自9月24日24时起，国内汽、柴油（标准品）价格每吨分别应上调830元、800元，调控后实际上调395元、385元。,6568981,https://www.baidu.com/s?wd=%E5%9B%BD%E5%AE%B6%E5%AF%B9%E6%88%90%E5%93%81%E6%B2%B9%E4%BB%B7%E6%A0%BC%E5%AE%9E%E6%96%BD%E8%B0%83%E6%8E%A7&sa=fyb_news&rsv_dl=fyb_news,https://fyb-2.cdn.bcebos.com/hotboard_image/7079819e3a20186c6f9b93ec3e116965,百度热搜,实时热搜,realtime,hotlist,,2026-09-25 05:20:30
16,王曼昱3比2逆转张本美和,9月24日晚，亚运会乒乓球女团决赛，中国vs日本第二盘，王曼昱3-2逆转张本美和，总比分中国队2-0日本队，第三盘蒯曼vs伊藤美诚，一起为国乒女团加油！,6470000,https://www.baidu.com/s?wd=%E7%8E%8B%E6%9B%BC%E6%98%B13%E6%AF%942%E9%80%86%E8%BD%AC%E5%BC%A0%E6%9C%AC%E7%BE%8E%E5%92%8C&sa=fyb_news&rsv_dl=fyb_news,https://fyb-2.cdn.bcebos.com/hotboard_image/44ea50d52647de5cb1f5b23580a3ec79,百度热搜,实时热搜,realtime,hotlist,,2026-09-25 05:20:30
17,张雪就泰康人寿拒赔一事发声,近日，张雪在个人账号为“投保重疾险10年后确诊结肠癌遭拒赔”事件发声，他直接转发相关新闻片段，并询问泰康人寿：“这是造谣吗？如果是就起诉，如果不是就鄙视你。”目前，泰康人寿就拒赔一事暂无新回应。,6372761,https://www.baidu.com/s?wd=%E5%BC%A0%E9%9B%AA%E5%B0%B1%E6%B3%B0%E5%BA%B7%E4%BA%BA%E5%AF%BF%E6%8B%92%E8%B5%94%E4%B8%80%E4%BA%8B%E5%8F%91%E5%A3%B0&sa=fyb_news&rsv_dl=fyb_news,https://fyb-2.cdn.bcebos.com/hotboard_image/917f401392ed5b1b881aa6e32f4456c9,百度热搜,实时热搜,realtime,hotlist,,2026-09-25 05:20:30
18,国防部回应新西兰军舰过航台湾海峡,近日，针对新西兰军舰过航台湾海峡，中国军队依法依规组织海空兵力全程跟监警戒并有效应对处置。中方敦促新方恪守一个中国原则，勿向“台独”分裂势力发出错误信号。,6280446,https://www.baidu.com/s?wd=%E5%9B%BD%E9%98%B2%E9%83%A8%E5%9B%9E%E5%BA%94%E6%96%B0%E8%A5%BF%E5%85%B0%E5%86%9B%E8%88%B0%E8%BF%87%E8%88%AA%E5%8F%B0%E6%B9%BE%E6%B5%B7%E5%B3%A1&sa=fyb_news&rsv_dl=fyb_news,https://fyb-2.cdn.bcebos.com/hotboard_image/a3bf55492ba673ef30e7afea0a9e765d,百度热搜,实时热搜,realtime,hotlist,,2026-09-25 05:20:30
19,黑芝麻糊检出霉菌超标27倍 维维回应,近日，上海市场监管抽检发现，维维子公司生产的一批无添加蔗糖黑芝麻糊霉菌最高超标27倍。维维回应涉事产品已全部召回，市面无留存。截至9月23日收盘，维维股份市值50亿，年内股价下跌超9%。,6180689,https://www.baidu.com/s?wd=%E9%BB%91%E8%8A%9D%E9%BA%BB%E7%B3%8A%E6%A3%80%E5%87%BA%E9%9C%89%E8%8F%8C%E8%B6%85%E6%A0%8727%E5%80%8D+%E7%BB%B4%E7%BB%B4%E5%9B%9E%E5%BA%94&sa=fyb_news&rsv_dl=fyb_news,https://fyb-2.cdn.bcebos.com/hotboard_image/fb55dad18e6f0ad0a40c6eebd5a95b74,百度热搜,实时热搜,realtime,hotlist,,2026-09-25 05:20:30
20,胖东来大月饼难抢,9月24日，记者在新乡胖东来探访发现，顾客购物车堆成小山，有百公里外老板开车来进货。此前，胖东来网红大月饼改为线上限购销售，工作人员称每天上架几千份，两三分钟便抢空，引发关注。,6083806,https://www.baidu.com/s?wd=%E8%83%96%E4%B8%9C%E6%9D%A5%E5%A4%A7%E6%9C%88%E9%A5%BC%E9%9A%BE%E6%8A%A2&sa=fyb_news&rsv_dl=fyb_news,https://fyb-2.cdn.bcebos.com/hotboard_image/9e971a7cbb0a4e1fbfcdf2c019583779,百度热搜,实时热搜,realtime,hotlist,,2026-09-25 05:20:30
21,河南矿山过中秋1600余桌宴席摆进厂房,"9月23日晚，河南矿山第十三届中秋孝文化节火热开启，两天摆下1600余桌宴席,15000余名员工及家属欢聚厂区。",5984431,https://www.baidu.com/s?wd=%E6%B2%B3%E5%8D%97%E7%9F%BF%E5%B1%B1%E8%BF%87%E4%B8%AD%E7%A7%8B1600%E4%BD%99%E6%A1%8C%E5%AE%B4%E5%B8%AD%E6%91%86%E8%BF%9B%E5%8E%82%E6%88%BF&sa=fyb_news&rsv_dl=fyb_news,https://fyb-2.cdn.bcebos.com/hotboard_image/e258d2acf0611b935265332f0cf80332,百度热搜,实时热搜,realtime,hotlist,,2026-09-25 05:20:30
22,王楚钦0-3张本智和,9月24日，名古屋亚运会乒乓球男团决赛，国乒主力王楚钦在第四盘0:3爆冷不敌东道主日本选手张本智和；此前王楚钦逆转、林诗栋变阵获胜助国乒2:1领先，此番落败后双方大比分2:2战平。,5903875,https://www.baidu.com/s?wd=%E7%8E%8B%E6%A5%9A%E9%92%A60-3%E5%BC%A0%E6%9C%AC%E6%99%BA%E5%92%8C&sa=fyb_news&rsv_dl=fyb_news,https://fyb-2.cdn.bcebos.com/hotboard_image/13c60c8589b417e58c834be31e655f0b,百度热搜,实时热搜,realtime,hotlist,,2026-09-25 05:20:30
23,王楚钦3比2逆转松岛辉空,北京时间9月24日，爱知·名古屋亚运会乒乓球男团决赛首盘，王楚钦对阵日本名将松岛辉空。最终，王楚钦3-2逆转战胜松岛辉空，中国队1-0领先日本队，比分：5-11、8-11、11-9、11-9、11-9。,5790473,https://www.baidu.com/s?wd=%E7%8E%8B%E6%A5%9A%E9%92%A63%E6%AF%942%E9%80%86%E8%BD%AC%E6%9D%BE%E5%B2%9B%E8%BE%89%E7%A9%BA&sa=fyb_news&rsv_dl=fyb_news,https://fyb-2.cdn.bcebos.com/hotboard_image/b03bbc0da03733929031ee63323a3bb9,百度热搜,实时热搜,realtime,hotlist,,2026-09-25 05:20:30
24,公司发月饼1人1口不准多拿,近日，深圳一家公司发放中秋月饼福利，每人仅能领取一口，现场还提醒员工不要多拿。此事传到网上引发热议。,5716808,https://www.baidu.com/s?wd=%E5%85%AC%E5%8F%B8%E5%8F%91%E6%9C%88%E9%A5%BC1%E4%BA%BA1%E5%8F%A3%E4%B8%8D%E5%87%86%E5%A4%9A%E6%8B%BF&sa=fyb_news&rsv_dl=fyb_news,https://fyb-2.cdn.bcebos.com/hotboard_image/7668ea8ae2bd0680acabe6f8fdb8b726,百度热搜,实时热搜,realtime,hotlist,,2026-09-25 05:20:30
25,李一桐北舞严选的含金量还在上升,中秋奇妙游中，李一桐切换三套造型，以青赤黄白黑五方正色为视觉核心，用歌声和舞蹈演绎传统五色，从山水到生活展开色彩叙事，宛如仙女下人间，北舞严选含金量还在上升。,5621074,https://www.baidu.com/s?wd=%E6%9D%8E%E4%B8%80%E6%A1%90%E5%8C%97%E8%88%9E%E4%B8%A5%E9%80%89%E7%9A%84%E5%90%AB%E9%87%91%E9%87%8F%E8%BF%98%E5%9C%A8%E4%B8%8A%E5%8D%87&sa=fyb_news&rsv_dl=fyb_news,https://fyb-2.cdn.bcebos.com/hotboard_image/2b9ee8e1a5fa443c37d12f8df9ab2b6f,百度热搜,实时热搜,realtime,hotlist,,2026-09-25 05:20:30
26,男孩熟练打包牡蛎：一箱仅二十多秒,山东威海乳山的一名小学四年级学生，父亲顾先生经营水产品加工厂5年，男孩从二年级起周末写完作业会来车间帮忙，打包一箱牡蛎大概‌十几秒到二十多秒‌，动作利落，速度不比大人慢。‌‌,5512709,https://www.baidu.com/s?wd=%E7%94%B7%E5%AD%A9%E7%86%9F%E7%BB%83%E6%89%93%E5%8C%85%E7%89%A1%E8%9B%8E%EF%BC%9A%E4%B8%80%E7%AE%B1%E4%BB%85%E4%BA%8C%E5%8D%81%E5%A4%9A%E7%A7%92&sa=fyb_news&rsv_dl=fyb_news,https://fyb-2.cdn.bcebos.com/hotboard_image/c83b7394ae1534dc00d14d6358ce3f90,百度热搜,实时热搜,realtime,hotlist,,2026-09-25 05:20:30
27,中国女篮挺进四强将战韩国,9月24日，亚运会女篮1/4决赛，中国女篮89-63大胜蒙古女篮，闯进四强，半决赛将面对韩国女篮。杨舒予砍下21分，张子宇替补出场13分钟得到20分9篮板。,5421640,https://www.baidu.com/s?wd=%E4%B8%AD%E5%9B%BD%E5%A5%B3%E7%AF%AE%E6%8C%BA%E8%BF%9B%E5%9B%9B%E5%BC%BA%E5%B0%86%E6%88%98%E9%9F%A9%E5%9B%BD&sa=fyb_news&rsv_dl=fyb_news,https://fyb-2.cdn.bcebos.com/hotboard_image/18aac2d57e8a8668d828d94aa100b236,百度热搜,实时热搜,realtime,hotlist,,2026-09-25 05:20:30
28,孙颖莎3比1早田希娜,9月24日，亚运会乒乓球女团决赛，中国vs日本第一盘，孙颖莎3-1早田希娜，总比分中国队1-0日本队。,5325066,https://www.baidu.com/s?wd=%E5%AD%99%E9%A2%96%E8%8E%8E3%E6%AF%941%E6%97%A9%E7%94%B0%E5%B8%8C%E5%A8%9C&sa=fyb_news&rsv_dl=fyb_news,https://fyb-2.cdn.bcebos.com/hotboard_image/c2a6b085da616ed1f1494d8ff9c38ce3,百度热搜,实时热搜,realtime,hotlist,,2026-09-25 05:20:30
29,北大清华“一饼难求”,中秋临近，北京多所高校推出文创月饼，北大、清华款融入校徽、校训等校园元素，兼顾新潮与经典口味，一经上线迅速售罄、一饼难求。专家称，高校月饼承载身份认同与母校情怀，不止是节令点心。,5225409,https://www.baidu.com/s?wd=%E5%8C%97%E5%A4%A7%E6%B8%85%E5%8D%8E%E2%80%9C%E4%B8%80%E9%A5%BC%E9%9A%BE%E6%B1%82%E2%80%9D&sa=fyb_news&rsv_dl=fyb_news,https://fyb-2.cdn.bcebos.com/hotboard_image/638d1ce25e3ceb36aa85ec821b2fe3d4,百度热搜,实时热搜,realtime,hotlist,,2026-09-25 05:20:30
30,国羽男团不敌印尼获亚运银牌,9月24日，名古屋亚运会羽毛球男子团体决赛，中国队2-3不敌印度尼西亚队，获得银牌。,5124370,https://www.baidu.com/s?wd=%E5%9B%BD%E7%BE%BD%E7%94%B7%E5%9B%A2%E4%B8%8D%E6%95%8C%E5%8D%B0%E5%B0%BC%E8%8E%B7%E4%BA%9A%E8%BF%90%E9%93%B6%E7%89%8C&sa=fyb_news&rsv_dl=fyb_news,https://fyb-2.cdn.bcebos.com/hotboard_image/9c26d805a93eda63f8eeeded8c9ed868,百度热搜,实时热搜,realtime,hotlist,,2026-09-25 05:20:30
31,张博恒单项弃权,9月24日，体操运动员张博恒在社交平台发了一句“团体永远高于个人，团队精神永远首位”，同时说明因为身体原因单项弃权，当天仍在积极恢复，后面还有重要赛事在等。,5022768,https://www.baidu.com/s?wd=%E5%BC%A0%E5%8D%9A%E6%81%92%E5%8D%95%E9%A1%B9%E5%BC%83%E6%9D%83&sa=fyb_news&rsv_dl=fyb_news,https://fyb-2.cdn.bcebos.com/hotboard_image/53e6565b17aa094470a43c422d207908,百度热搜,实时热搜,realtime,hotlist,,2026-09-25 05:20:30
32,国足3比0马尔代夫,9月24日，2026CFA中国之队·重庆国际足球邀请赛在重庆龙兴足球场举行，中国队3比0战胜马尔代夫队。,4956283,https://www.baidu.com/s?wd=%E5%9B%BD%E8%B6%B33%E6%AF%940%E9%A9%AC%E5%B0%94%E4%BB%A3%E5%A4%AB&sa=fyb_news&rsv_dl=fyb_news,https://fyb-2.cdn.bcebos.com/hotboard_image/137aedf169507ddcf4409bfd44896846,百度热搜,实时热搜,realtime,hotlist,,2026-09-25 05:20:30
33,超长蛋挞何以火爆出圈,近期，一款60厘米的“超长蛋挞”在社交媒体刷屏。多个烘焙门店排队两三个小时，供不应求。它的走红核心不在于口味颠覆，而在于强大的社交情绪价值，即满足年轻人拍照发朋友圈的需要，还命中了年轻人的“分享刚需”。,4831449,https://www.baidu.com/s?wd=%E8%B6%85%E9%95%BF%E8%9B%8B%E6%8C%9E%E4%BD%95%E4%BB%A5%E7%81%AB%E7%88%86%E5%87%BA%E5%9C%88&sa=fyb_news&rsv_dl=fyb_news,https://fyb-2.cdn.bcebos.com/hotboard_image/b85e8b634cb380c9cabb476ac857ad83,百度热搜,实时热搜,realtime,hotlist,,2026-09-25 05:20:30
34,张展硕半小时2金,近日，19岁小将张展硕在名古屋亚运会中半小时连夺2金，斩获第6金，追平张雨霏单届6金纪录。据悉，他先在男子800米自由泳决赛拿下个人第五金，紧接着在男子4x100米自由泳接力决赛再添一金！,4749916,https://www.baidu.com/s?wd=%E5%BC%A0%E5%B1%95%E7%A1%95%E5%8D%8A%E5%B0%8F%E6%97%B62%E9%87%91&sa=fyb_news&rsv_dl=fyb_news,https://fyb-2.cdn.bcebos.com/hotboard_image/9aca0cf7f187794affc618be42728d25,百度热搜,实时热搜,realtime,hotlist,,2026-09-25 05:20:30
35,国乒男团无缘九连冠,北京时间9月24日，在刚刚结束的爱知·名古屋亚运会乒乓球男子团体决赛中，卫冕冠军中国队以2:3不敌日本队，收获一枚银牌。此前，国乒连续八次在亚运会上夺得该项目金牌。,4646426,https://www.baidu.com/s?wd=%E5%9B%BD%E4%B9%92%E7%94%B7%E5%9B%A2%E6%97%A0%E7%BC%98%E4%B9%9D%E8%BF%9E%E5%86%A0&sa=fyb_news&rsv_dl=fyb_news,https://fyb-2.cdn.bcebos.com/hotboard_image/bfc9c5ba2174ae15054ccb3f77230ad8,百度热搜,实时热搜,realtime,hotlist,,2026-09-25 05:20:30
36,特朗普总统夫妇在下车处迎候,当地时间9月24日上午，国家主席习近平和夫人彭丽媛乘车将抵达白宫，出席美国总统特朗普举行的欢迎仪式。特朗普总统和夫人梅拉尼娅在下车处热情迎接。,4575055,https://www.baidu.com/s?wd=%E7%89%B9%E6%9C%97%E6%99%AE%E6%80%BB%E7%BB%9F%E5%A4%AB%E5%A6%87%E5%9C%A8%E4%B8%8B%E8%BD%A6%E5%A4%84%E8%BF%8E%E5%80%99&sa=fyb_news&rsv_dl=fyb_news,https://fyb-2.cdn.bcebos.com/hotboard_image/36df127500f0de001a994dfd632a84e6,百度热搜,实时热搜,realtime,hotlist,,2026-09-25 05:20:30
37,温瑞博1比3张本智和,9月24日，亚运会乒乓球男团决赛，中国vs日本第二盘，温瑞博1-3张本智和，总比分中国队1-1日本队，第三盘林诗栋vs户上隼辅。,4470215,https://www.baidu.com/s?wd=%E6%B8%A9%E7%91%9E%E5%8D%9A1%E6%AF%943%E5%BC%A0%E6%9C%AC%E6%99%BA%E5%92%8C&sa=fyb_news&rsv_dl=fyb_news,https://fyb-2.cdn.bcebos.com/hotboard_image/4ba7af091be03c419cfd7f80537084ba,百度热搜,实时热搜,realtime,hotlist,,2026-09-25 05:20:30
38,《兰香如故》市占率42.6%,,4370663,https://www.baidu.com/s?wd=%E3%80%8A%E5%85%B0%E9%A6%99%E5%A6%82%E6%95%85%E3%80%8B%E5%B8%82%E5%8D%A0%E7%8E%8742.6%25&sa=fyb_news&rsv_dl=fyb_news,https://fyb-1.cdn.bcebos.com/fyb/de6163834f53ca92c1273fff98ac9078.jpeg,百度热搜,实时热搜,realtime,hotlist,,2026-09-25 05:20:30
39,企业给30年工龄老员工发万元奖励,近日，河南洛阳中成集团40周年庆给30年工龄老员工发万元奖励。据悉，11名满30年工龄员工获万元奖励，10至30年工龄的255名员工获电动车等。此外，公司每位员工还收到1000元购物卡。,4282875,https://www.baidu.com/s?wd=%E4%BC%81%E4%B8%9A%E7%BB%9930%E5%B9%B4%E5%B7%A5%E9%BE%84%E8%80%81%E5%91%98%E5%B7%A5%E5%8F%91%E4%B8%87%E5%85%83%E5%A5%96%E5%8A%B1&sa=fyb_news&rsv_dl=fyb_news,https://fyb-2.cdn.bcebos.com/hotboard_image/103ff2584e66a21f29f7761522e2e260,百度热搜,实时热搜,realtime,hotlist,,2026-09-25 05:20:30
40,严屹宽《纹路》,9月24日晚，严屹宽在河南卫视中秋晚会演唱《纹路》，把千年彩陶的故事唱活了。镜头穿梭在考古现场与博物馆，他化身讲解员给小朋友科普彩陶纹样。古今同框的画面氛围感拉满，厚重的中华文明瞬间有了温度。,4192246,https://www.baidu.com/s?wd=%E4%B8%A5%E5%B1%B9%E5%AE%BD%E3%80%8A%E7%BA%B9%E8%B7%AF%E3%80%8B&sa=fyb_news&rsv_dl=fyb_news,https://fyb-2.cdn.bcebos.com/hotboard_image/f043dccb1241324bc3efaa44ef7f7711,百度热搜,实时热搜,realtime,hotlist,,2026-09-25 05:20:30
41,林诗栋3比1户上隼辅,9月24日，亚运会乒乓球男团决赛，中国vs日本第三盘，林诗栋不负众望3-1战胜户上隼辅。,4084894,https://www.baidu.com/s?wd=%E6%9E%97%E8%AF%97%E6%A0%8B3%E6%AF%941%E6%88%B7%E4%B8%8A%E9%9A%BC%E8%BE%85&sa=fyb_news&rsv_dl=fyb_news,https://fyb-2.cdn.bcebos.com/hotboard_image/cd5d2546a17b43e0f574c508bd2621ac,百度热搜,实时热搜,realtime,hotlist,,2026-09-25 05:20:30
42,国羽女团夺冠后第一反应是抱紧队友,9月24日，名古屋亚运会羽毛球女子团体决赛，中国队以3∶0击败日本队拿下金牌。国羽女团夺冠之后队员们第一时间相拥，分享这份胜利的喜悦。,3972865,https://www.baidu.com/s?wd=%E5%9B%BD%E7%BE%BD%E5%A5%B3%E5%9B%A2%E5%A4%BA%E5%86%A0%E5%90%8E%E7%AC%AC%E4%B8%80%E5%8F%8D%E5%BA%94%E6%98%AF%E6%8A%B1%E7%B4%A7%E9%98%9F%E5%8F%8B&sa=fyb_news&rsv_dl=fyb_news,https://fyb-2.cdn.bcebos.com/hotboard_image/940de529e4362642b6e615b4c8a6cb1e,百度热搜,实时热搜,realtime,hotlist,,2026-09-25 05:20:30
43,国羽击败日本 时隔12年再获女团冠军,9月24日，名古屋亚运会羽毛球女子团体决赛，中国队以3∶0击败日本队，夺得冠军。这是国羽时隔12年再度获得亚运会女团冠军。,3901360,https://www.baidu.com/s?wd=%E5%9B%BD%E7%BE%BD%E5%87%BB%E8%B4%A5%E6%97%A5%E6%9C%AC+%E6%97%B6%E9%9A%9412%E5%B9%B4%E5%86%8D%E8%8E%B7%E5%A5%B3%E5%9B%A2%E5%86%A0%E5%86%9B&sa=fyb_news&rsv_dl=fyb_news,https://fyb-2.cdn.bcebos.com/hotboard_image/51a84a6b9e195f95c4148cbba4a5a9aa,百度热搜,实时热搜,realtime,hotlist,,2026-09-25 05:20:30
44,钱塘江大潮进入最佳观潮期,,3773994,https://www.baidu.com/s?wd=%E9%92%B1%E5%A1%98%E6%B1%9F%E5%A4%A7%E6%BD%AE%E8%BF%9B%E5%85%A5%E6%9C%80%E4%BD%B3%E8%A7%82%E6%BD%AE%E6%9C%9F&sa=fyb_news&rsv_dl=fyb_news,https://fyb-1.cdn.bcebos.com/fyb/de6163834f53ca92c1273fff98ac9078.jpeg,百度热搜,实时热搜,realtime,hotlist,,2026-09-25 05:20:30
45,羽毛球降价：从一球难求到库存积压,近日，经历前几年疯涨后羽毛球价格逐渐回落，多个品牌下调价格，“口粮球”降幅约26%，从一球难求到库存积压。,3707038,https://www.baidu.com/s?wd=%E7%BE%BD%E6%AF%9B%E7%90%83%E9%99%8D%E4%BB%B7%EF%BC%9A%E4%BB%8E%E4%B8%80%E7%90%83%E9%9A%BE%E6%B1%82%E5%88%B0%E5%BA%93%E5%AD%98%E7%A7%AF%E5%8E%8B&sa=fyb_news&rsv_dl=fyb_news,https://fyb-2.cdn.bcebos.com/hotboard_image/3b9e68d844ab87d9959f4202abe41c98,百度热搜,实时热搜,realtime,hotlist,,2026-09-25 05:20:30
46,日本选手打破男子200米蛙泳世界纪录,,3615505,https://www.baidu.com/s?wd=%E6%97%A5%E6%9C%AC%E9%80%89%E6%89%8B%E6%89%93%E7%A0%B4%E7%94%B7%E5%AD%90200%E7%B1%B3%E8%9B%99%E6%B3%B3%E4%B8%96%E7%95%8C%E7%BA%AA%E5%BD%95&sa=fyb_news&rsv_dl=fyb_news,https://fyb-1.cdn.bcebos.com/fyb/de6163834f53ca92c1273fff98ac9078.jpeg,百度热搜,实时热搜,realtime,hotlist,,2026-09-25 05:20:30
47,双节将至 请收好这份食品安全提示,,3491678,https://www.baidu.com/s?wd=%E5%8F%8C%E8%8A%82%E5%B0%86%E8%87%B3+%E8%AF%B7%E6%94%B6%E5%A5%BD%E8%BF%99%E4%BB%BD%E9%A3%9F%E5%93%81%E5%AE%89%E5%85%A8%E6%8F%90%E7%A4%BA&sa=fyb_news&rsv_dl=fyb_news,https://fyb-1.cdn.bcebos.com/fyb/de6163834f53ca92c1273fff98ac9078.jpeg,百度热搜,实时热搜,realtime,hotlist,,2026-09-25 05:20:30
48,被林依轮《月光》中秋柔情的一面打动,在河南《中秋奇妙游》节目中，林依轮一首《月光》唱出了乡愁思念，情感好充沛！其演唱画面从古代跨越至现代，传达了中国人传统的书信传音与游子对家乡的思念，都快把观众唱哭了。,3397850,https://www.baidu.com/s?wd=%E8%A2%AB%E6%9E%97%E4%BE%9D%E8%BD%AE%E3%80%8A%E6%9C%88%E5%85%89%E3%80%8B%E4%B8%AD%E7%A7%8B%E6%9F%94%E6%83%85%E7%9A%84%E4%B8%80%E9%9D%A2%E6%89%93%E5%8A%A8&sa=fyb_news&rsv_dl=fyb_news,https://fyb-2.cdn.bcebos.com/hotboard_image/34c210a17294fdc923daced0d0df94f0,百度热搜,实时热搜,realtime,hotlist,,2026-09-25 05:20:30
49,中国队亚运男子4×100自接力卫冕,9月24日，名古屋亚运会男子4×100米自由泳接力决赛，由赵家悦、王浩宇、张展硕、潘展乐组成的中国队以3分10秒60的成绩刷新中国队保持的亚洲纪录夺冠，卫冕成功！,3296877,https://www.baidu.com/s?wd=%E4%B8%AD%E5%9B%BD%E9%98%9F%E4%BA%9A%E8%BF%90%E7%94%B7%E5%AD%904%C3%97100%E8%87%AA%E6%8E%A5%E5%8A%9B%E5%8D%AB%E5%86%95&sa=fyb_news&rsv_dl=fyb_news,https://fyb-2.cdn.bcebos.com/hotboard_image/3b0e6203e61ba2b02d9840108f0a8905,百度热搜,实时热搜,realtime,hotlist,,2026-09-25 05:20:30
50,第5金！张展硕男子800自夺冠,9月24日，名古屋亚运会男子800米自由泳决赛，中国选手张展硕夺得金牌，并以7分42秒49的成绩打破该项目亚运会纪录！这是他在本届亚运会上取得的第五枚金牌。,3216947,https://www.baidu.com/s?wd=%E7%AC%AC5%E9%87%91%EF%BC%81%E5%BC%A0%E5%B1%95%E7%A1%95%E7%94%B7%E5%AD%90800%E8%87%AA%E5%A4%BA%E5%86%A0&sa=fyb_news&rsv_dl=fyb_news,https://fyb-2.cdn.bcebos.com/hotboard_image/2c27ce2560e2309f57eb00c0d428e071,百度热搜,实时热搜,realtime,hotlist,,2026-09-25 05:20:30
1,40余年 跨越太平洋的友谊,1985年，时任河北正定县委书记习近平访问美国艾奥瓦州，今年2月，习近平主席复信艾奥瓦州友人指出，“那些美好回忆至今仍记忆犹新”。习主席始终高度重视中美人民友好事业，两国人民友谊之树向更深处扎根，向更高远的天空生长。,7904838,https://www.baidu.com/s?wd=40%E4%BD%99%E5%B9%B4+%E8%B7%A8%E8%B6%8A%E5%A4%AA%E5%B9%B3%E6%B4%8B%E7%9A%84%E5%8F%8B%E8%B0%8A&sa=fyb_news&rsv_dl=fyb_news,https://fyb-2.cdn.bcebos.com/hotboard_image/27a2d12dc2b6240adc9dadd64b3d5047,百度热搜,实时热搜,realtime,hotlist,,2026-09-25 06:21:06
2,习近平同美国总统特朗普会谈,当地时间9月24日上午，国家主席习近平同美国总统特朗普在白宫举行会谈。习近平指出，中美两国元首在不到半年时间里实现互访，在中美关系史上是前所未有的。,7807898,https://www.baidu.com/s?wd=%E4%B9%A0%E8%BF%91%E5%B9%B3%E5%90%8C%E7%BE%8E%E5%9B%BD%E6%80%BB%E7%BB%9F%E7%89%B9%E6%9C%97%E6%99%AE%E4%BC%9A%E8%B0%88&sa=fyb_news&rsv_dl=fyb_news,https://fyb-2.cdn.bcebos.com/hotboard_image/1654c6563c582381590e932d25f2611c,百度热搜,实时热搜,realtime,hotlist,,2026-09-25 06:21:06
3,习近平在白宫欢迎仪式上的致辞,,7712379,https://www.baidu.com/s?wd=%E4%B9%A0%E8%BF%91%E5%B9%B3%E5%9C%A8%E7%99%BD%E5%AE%AB%E6%AC%A2%E8%BF%8E%E4%BB%AA%E5%BC%8F%E4%B8%8A%E7%9A%84%E8%87%B4%E8%BE%9E&sa=fyb_news&rsv_dl=fyb_news,https://fyb-1.cdn.bcebos.com/fyb/de6163834f53ca92c1273fff98ac9078.jpeg,百度热搜,实时热搜,realtime,hotlist,,2026-09-25 06:21:06
4,世界技能大赛究竟比什么,第48届世界技能大赛9月23日进入开赛首日，从精密制造到数字技术，从匠心手作到智能应用，赛场内外处处是毫厘之间的较量。71位中国选手亮相全部64个项目，向世界展示硬核技艺。,7617650,https://www.baidu.com/s?wd=%E4%B8%96%E7%95%8C%E6%8A%80%E8%83%BD%E5%A4%A7%E8%B5%9B%E7%A9%B6%E7%AB%9F%E6%AF%94%E4%BB%80%E4%B9%88&sa=fyb_news&rsv_dl=fyb_news,https://fyb-2.cdn.bcebos.com/hotboard_image/ec177f32f679dc72eec5263c0f8841cf,百度热搜,实时热搜,realtime,hotlist,,2026-09-25 06:21:06
5,中美元首夫人参观国立亚洲艺术博物馆,当地时间9月24日中午，国家主席习近平夫人彭丽媛在华盛顿同美国总统特朗普夫人梅拉尼娅参观国立亚洲艺术博物馆。彭丽媛对美方近年来多次向中方返还中国文物表示赞赏，希望中美双方继续加强文化交流和文化遗产保护合作，增进两国人民友好。,7521158,https://www.baidu.com/s?wd=%E4%B8%AD%E7%BE%8E%E5%85%83%E9%A6%96%E5%A4%AB%E4%BA%BA%E5%8F%82%E8%A7%82%E5%9B%BD%E7%AB%8B%E4%BA%9A%E6%B4%B2%E8%89%BA%E6%9C%AF%E5%8D%9A%E7%89%A9%E9%A6%86&sa=fyb_news&rsv_dl=fyb_news,https://fyb-2.cdn.bcebos.com/hotboard_image/3a6789a600ba630a0ca6ee6e430fd757,百度热搜,实时热搜,realtime,hotlist,,2026-09-25 06:21:06
6,大熊猫“平平”“福双”将赴美,再过几天，大熊猫“平平”、“福双”就会落户亚特兰大动物园，同美国人民见面。,7424210,https://www.baidu.com/s?wd=%E5%A4%A7%E7%86%8A%E7%8C%AB%E2%80%9C%E5%B9%B3%E5%B9%B3%E2%80%9D%E2%80%9C%E7%A6%8F%E5%8F%8C%E2%80%9D%E5%B0%86%E8%B5%B4%E7%BE%8E&sa=fyb_news&rsv_dl=fyb_news,https://fyb-2.cdn.bcebos.com/hotboard_image/7079819e3a20186c6f9b93ec3e116965,百度热搜,实时热搜,realtime,hotlist,,2026-09-25 06:21:06
7,习近平：美方应慎重处理台湾问题,当地时间9月24日上午，国家主席习近平同美国总统特朗普在白宫举行会谈。习近平强调，中方维护国家统一和领土完整的立场很清楚。希望美方坚持反对“台独”的正确立场，慎重处理台湾问题，为中美战略合作和两国关系发展奠定坚实基础。,7331277,https://www.baidu.com/s?wd=%E4%B9%A0%E8%BF%91%E5%B9%B3%EF%BC%9A%E7%BE%8E%E6%96%B9%E5%BA%94%E6%85%8E%E9%87%8D%E5%A4%84%E7%90%86%E5%8F%B0%E6%B9%BE%E9%97%AE%E9%A2%98&sa=fyb_news&rsv_dl=fyb_news,https://fyb-2.cdn.bcebos.com/hotboard_image/23498e790ec72673a3e3ee478372308e,百度热搜,实时热搜,realtime,hotlist,,2026-09-25 06:21:06
8,中秋节,,7231714,https://www.baidu.com/s?wd=%E4%B8%AD%E7%A7%8B%E8%8A%82&sa=fyb_news&rsv_dl=fyb_news,https://fyb-1.cdn.bcebos.com/fyb/de6163834f53ca92c1273fff98ac9078.jpeg,百度热搜,实时热搜,realtime,hotlist,,2026-09-25 06:21:06
9,北大清华“一饼难求”,中秋临近，北京多所高校推出文创月饼，北大、清华款融入校徽、校训等校园元素，兼顾新潮与经典口味，一经上线迅速售罄、一饼难求。专家称，高校月饼承载身份认同与母校情怀，不止是节令点心。,7139017,https://www.baidu.com/s?wd=%E5%8C%97%E5%A4%A7%E6%B8%85%E5%8D%8E%E2%80%9C%E4%B8%80%E9%A5%BC%E9%9A%BE%E6%B1%82%E2%80%9D&sa=fyb_news&rsv_dl=fyb_news,https://fyb-2.cdn.bcebos.com/hotboard_image/638d1ce25e3ceb36aa85ec821b2fe3d4,百度热搜,实时热搜,realtime,hotlist,,2026-09-25 06:21:06
10,全国赏秋地图来了,秋天出行是幸福又治愈的。这份全国赏秋指南和朝霞晚霞观赏地图一起收藏起来吧。,7046516,https://www.baidu.com/s?wd=%E5%85%A8%E5%9B%BD%E8%B5%8F%E7%A7%8B%E5%9C%B0%E5%9B%BE%E6%9D%A5%E4%BA%86&sa=fyb_news&rsv_dl=fyb_news,https://fyb-2.cdn.bcebos.com/hotboard_image/4f61ed40626a6bdfe452a18beceb7d55,百度热搜,实时热搜,realtime,hotlist,,2026-09-25 06:21:06
11,特朗普：这是一次“伟大的会晤”,当地时间9月24日中午，中美元首会谈结束。特朗普总统将习近平主席送至上车处道别，称赞这是一次“伟大的会晤”。,6952011,https://www.baidu.com/s?wd=%E7%89%B9%E6%9C%97%E6%99%AE%EF%BC%9A%E8%BF%99%E6%98%AF%E4%B8%80%E6%AC%A1%E2%80%9C%E4%BC%9F%E5%A4%A7%E7%9A%84%E4%BC%9A%E6%99%A4%E2%80%9D&sa=fyb_news&rsv_dl=fyb_news,https://fyb-2.cdn.bcebos.com/hotboard_image/23498e790ec72673a3e3ee478372308e,百度热搜,实时热搜,realtime,hotlist,,2026-09-25 06:21:06
12,陌生快递寄来礼品卡？误区要注意,中秋、国庆双节将至，不少人收到了一份“从天而降”的快递——自己明明没有网购，却收到一个装着湿巾等小物件外加一张“双节礼品卡”的包裹。不花一分钱扫个码就能领取年货大礼包？千万别信！此类事存在着两大认知误区，一文解读！,6854728,https://www.baidu.com/s?wd=%E9%99%8C%E7%94%9F%E5%BF%AB%E9%80%92%E5%AF%84%E6%9D%A5%E7%A4%BC%E5%93%81%E5%8D%A1%EF%BC%9F%E8%AF%AF%E5%8C%BA%E8%A6%81%E6%B3%A8%E6%84%8F&sa=fyb_news&rsv_dl=fyb_news,https://fyb-2.cdn.bcebos.com/hotboard_image/8ac4e32ba1b3f8270fb0b505025c307e,百度热搜,实时热搜,realtime,hotlist,,2026-09-25 06:21:06
13,邓亚萍谈国乒男团输日本,9月24日，亚运会乒乓球男子团体决赛，由王楚钦、温瑞博、林诗栋组成的中国队2-3不敌日本队，获得银牌。赛后邓亚萍复盘称：“非常遗憾我们输掉了，但我认为中国男乒整体打得还是很不错的。”她表示，对于王楚钦，当天的排阵他没有任何容错空间。,6763219,https://www.baidu.com/s?wd=%E9%82%93%E4%BA%9A%E8%90%8D%E8%B0%88%E5%9B%BD%E4%B9%92%E7%94%B7%E5%9B%A2%E8%BE%93%E6%97%A5%E6%9C%AC&sa=fyb_news&rsv_dl=fyb_news,https://fyb-2.cdn.bcebos.com/hotboard_image/af2070142c11c6a85896e5f2eb457990,百度热搜,实时热搜,realtime,hotlist,,2026-09-25 06:21:06
14,张雪就泰康人寿拒赔一事发声,近日，张雪在个人账号为“投保重疾险10年后确诊结肠癌遭拒赔”事件发声，他直接转发相关新闻片段，并询问泰康人寿：“这是造谣吗？如果是就起诉，如果不是就鄙视你。”目前，泰康人寿就拒赔一事暂无新回应。,6657598,https://www.baidu.com/s?wd=%E5%BC%A0%E9%9B%AA%E5%B0%B1%E6%B3%B0%E5%BA%B7%E4%BA%BA%E5%AF%BF%E6%8B%92%E8%B5%94%E4%B8%80%E4%BA%8B%E5%8F%91%E5%A3%B0&sa=fyb_news&rsv_dl=fyb_news,https://fyb-2.cdn.bcebos.com/hotboard_image/917f401392ed5b1b881aa6e32f4456c9,百度热搜,实时热搜,realtime,hotlist,,2026-09-25 06:21:06
15,第一波出发的大聪明堵路上了,9月24日凌晨，广昆高速肇庆段返乡车流出现多处堵塞。许多试图提前出发的车主遭遇拥堵，网友调侃：“第一波出发的大聪明堵路上了！”,6572006,https://www.baidu.com/s?wd=%E7%AC%AC%E4%B8%80%E6%B3%A2%E5%87%BA%E5%8F%91%E7%9A%84%E5%A4%A7%E8%81%AA%E6%98%8E%E5%A0%B5%E8%B7%AF%E4%B8%8A%E4%BA%86&sa=fyb_news&rsv_dl=fyb_news,https://fyb-2.cdn.bcebos.com/hotboard_image/46d2871d8d1b82688bea8c1a7ba5a309,百度热搜,实时热搜,realtime,hotlist,,2026-09-25 06:21:06
16,国家对成品油价格实施调控,为减缓国际油价上涨对国内的冲击，国家继续对成品油价格采取调控措施。根据现行价格机制计算，自9月24日24时起，国内汽、柴油（标准品）价格每吨分别应上调830元、800元，调控后实际上调395元、385元。,6464854,https://www.baidu.com/s?wd=%E5%9B%BD%E5%AE%B6%E5%AF%B9%E6%88%90%E5%93%81%E6%B2%B9%E4%BB%B7%E6%A0%BC%E5%AE%9E%E6%96%BD%E8%B0%83%E6%8E%A7&sa=fyb_news&rsv_dl=fyb_news,https://fyb-2.cdn.bcebos.com/hotboard_image/7079819e3a20186c6f9b93ec3e116965,百度热搜,实时热搜,realtime,hotlist,,2026-09-25 06:21:06
17,胖东来大月饼难抢,9月24日，记者在新乡胖东来探访发现，顾客购物车堆成小山，有百公里外老板开车来进货。此前，胖东来网红大月饼改为线上限购销售，工作人员称每天上架几千份，两三分钟便抢空，引发关注。,6369824,https://www.baidu.com/s?wd=%E8%83%96%E4%B8%9C%E6%9D%A5%E5%A4%A7%E6%9C%88%E9%A5%BC%E9%9A%BE%E6%8A%A2&sa=fyb_news&rsv_dl=fyb_news,https://fyb-2.cdn.bcebos.com/hotboard_image/9e971a7cbb0a4e1fbfcdf2c019583779,百度热搜,实时热搜,realtime,hotlist,,2026-09-25 06:21:06
18,黑芝麻糊检出霉菌超标27倍 维维回应,近日，上海市场监管抽检发现，维维子公司生产的一批无添加蔗糖黑芝麻糊霉菌最高超标27倍。维维回应涉事产品已全部召回，市面无留存。截至9月23日收盘，维维股份市值50亿，年内股价下跌超9%。,6286105,https://www.baidu.com/s?wd=%E9%BB%91%E8%8A%9D%E9%BA%BB%E7%B3%8A%E6%A3%80%E5%87%BA%E9%9C%89%E8%8F%8C%E8%B6%85%E6%A0%8727%E5%80%8D+%E7%BB%B4%E7%BB%B4%E5%9B%9E%E5%BA%94&sa=fyb_news&rsv_dl=fyb_news,https://fyb-2.cdn.bcebos.com/hotboard_image/fb55dad18e6f0ad0a40c6eebd5a95b74,百度热搜,实时热搜,realtime,hotlist,,2026-09-25 06:21:06
19,河南矿山过中秋1600余桌宴席摆进厂房,"9月23日晚，河南矿山第十三届中秋孝文化节火热开启，两天摆下1600余桌宴席,15000余名员工及家属欢聚厂区。",6179688,https://www.baidu.com/s?wd=%E6%B2%B3%E5%8D%97%E7%9F%BF%E5%B1%B1%E8%BF%87%E4%B8%AD%E7%A7%8B1600%E4%BD%99%E6%A1%8C%E5%AE%B4%E5%B8%AD%E6%91%86%E8%BF%9B%E5%8E%82%E6%88%BF&sa=fyb_news&rsv_dl=fyb_news,https://fyb-2.cdn.bcebos.com/hotboard_image/e258d2acf0611b935265332f0cf80332,百度热搜,实时热搜,realtime,hotlist,,2026-09-25 06:21:06
20,李一桐北舞严选的含金量还在上升,中秋奇妙游中，李一桐切换三套造型，以青赤黄白黑五方正色为视觉核心，用歌声和舞蹈演绎传统五色，从山水到生活展开色彩叙事，宛如仙女下人间，北舞严选含金量还在上升。,6082821,https://www.baidu.com/s?wd=%E6%9D%8E%E4%B8%80%E6%A1%90%E5%8C%97%E8%88%9E%E4%B8%A5%E9%80%89%E7%9A%84%E5%90%AB%E9%87%91%E9%87%8F%E8%BF%98%E5%9C%A8%E4%B8%8A%E5%8D%87&sa=fyb_news&rsv_dl=fyb_news,https://fyb-2.cdn.bcebos.com/hotboard_image/2b9ee8e1a5fa443c37d12f8df9ab2b6f,百度热搜,实时热搜,realtime,hotlist,,2026-09-25 06:21:06
21,多地商场把“C位”留给国之栋梁,近日，不少网友在社交平台上发视频称，多地商场的核心“C位”挂上了“国家栋梁”主题巨幅海报，集中展示袁隆平、钱学森、邓稼先、屠呦呦等功勋人物。一商场负责人：我们就是想让更多人知道这些“国家栋梁”，向他们致敬。,5985212,https://www.baidu.com/s?wd=%E5%A4%9A%E5%9C%B0%E5%95%86%E5%9C%BA%E6%8A%8A%E2%80%9CC%E4%BD%8D%E2%80%9D%E7%95%99%E7%BB%99%E5%9B%BD%E4%B9%8B%E6%A0%8B%E6%A2%81&sa=fyb_news&rsv_dl=fyb_news,https://fyb-2.cdn.bcebos.com/hotboard_image/d87150be3dbb653a51987ec1bc349eea,百度热搜,实时热搜,realtime,hotlist,,2026-09-25 06:21:06
22,王楚钦0-3张本智和,9月24日，名古屋亚运会乒乓球男团决赛，国乒主力王楚钦在第四盘0:3爆冷不敌东道主日本选手张本智和；此前王楚钦逆转、林诗栋变阵获胜助国乒2:1领先，此番落败后双方大比分2:2战平。,5906978,https://www.baidu.com/s?wd=%E7%8E%8B%E6%A5%9A%E9%92%A60-3%E5%BC%A0%E6%9C%AC%E6%99%BA%E5%92%8C&sa=fyb_news&rsv_dl=fyb_news,https://fyb-2.cdn.bcebos.com/hotboard_image/13c60c8589b417e58c834be31e655f0b,百度热搜,实时热搜,realtime,hotlist,,2026-09-25 06:21:06
23,公司发月饼1人1口不准多拿,近日，深圳一家公司发放中秋月饼福利，每人仅能领取一口，现场还提醒员工不要多拿。此事传到网上引发热议。,5811322,https://www.baidu.com/s?wd=%E5%85%AC%E5%8F%B8%E5%8F%91%E6%9C%88%E9%A5%BC1%E4%BA%BA1%E5%8F%A3%E4%B8%8D%E5%87%86%E5%A4%9A%E6%8B%BF&sa=fyb_news&rsv_dl=fyb_news,https://fyb-2.cdn.bcebos.com/hotboard_image/7668ea8ae2bd0680acabe6f8fdb8b726,百度热搜,实时热搜,realtime,hotlist,,2026-09-25 06:21:06
24,王楚钦3比2逆转松岛辉空,北京时间9月24日，爱知·名古屋亚运会乒乓球男团决赛首盘，王楚钦对阵日本名将松岛辉空。最终，王楚钦3-2逆转战胜松岛辉空，中国队1-0领先日本队，比分：5-11、8-11、11-9、11-9、11-9。,5695808,https://www.baidu.com/s?wd=%E7%8E%8B%E6%A5%9A%E9%92%A63%E6%AF%942%E9%80%86%E8%BD%AC%E6%9D%BE%E5%B2%9B%E8%BE%89%E7%A9%BA&sa=fyb_news&rsv_dl=fyb_news,https://fyb-2.cdn.bcebos.com/hotboard_image/b03bbc0da03733929031ee63323a3bb9,百度热搜,实时热搜,realtime,hotlist,,2026-09-25 06:21:06
25,男孩熟练打包牡蛎：一箱仅二十多秒,山东威海乳山的一名小学四年级学生，父亲顾先生经营水产品加工厂5年，男孩从二年级起周末写完作业会来车间帮忙，打包一箱牡蛎大概‌十几秒到二十多秒‌，动作利落，速度不比大人慢。‌‌,5605466,https://www.baidu.com/s?wd=%E7%94%B7%E5%AD%A9%E7%86%9F%E7%BB%83%E6%89%93%E5%8C%85%E7%89%A1%E8%9B%8E%EF%BC%9A%E4%B8%80%E7%AE%B1%E4%BB%85%E4%BA%8C%E5%8D%81%E5%A4%9A%E7%A7%92&sa=fyb_news&rsv_dl=fyb_news,https://fyb-2.cdn.bcebos.com/hotboard_image/c83b7394ae1534dc00d14d6358ce3f90,百度热搜,实时热搜,realtime,hotlist,,2026-09-25 06:21:06
26,国防部回应新西兰军舰过航台湾海峡,近日，针对新西兰军舰过航台湾海峡，中国军队依法依规组织海空兵力全程跟监警戒并有效应对处置。中方敦促新方恪守一个中国原则，勿向“台独”分裂势力发出错误信号。,5504545,https://www.baidu.com/s?wd=%E5%9B%BD%E9%98%B2%E9%83%A8%E5%9B%9E%E5%BA%94%E6%96%B0%E8%A5%BF%E5%85%B0%E5%86%9B%E8%88%B0%E8%BF%87%E8%88%AA%E5%8F%B0%E6%B9%BE%E6%B5%B7%E5%B3%A1&sa=fyb_news&rsv_dl=fyb_news,https://fyb-2.cdn.bcebos.com/hotboard_image/a3bf55492ba673ef30e7afea0a9e765d,百度热搜,实时热搜,realtime,hotlist,,2026-09-25 06:21:06
27,国乒女团亚运6连冠 3-0横扫日本,9月24日，名古屋亚运会乒乓球女子团体决赛，中国队3-0击败日本队，夺得金牌！这是中国乒乓球在亚运会上的第12枚女团金牌，同时也实现了女团六连冠。,5415443,https://www.baidu.com/s?wd=%E5%9B%BD%E4%B9%92%E5%A5%B3%E5%9B%A2%E4%BA%9A%E8%BF%906%E8%BF%9E%E5%86%A0+3-0%E6%A8%AA%E6%89%AB%E6%97%A5%E6%9C%AC&sa=fyb_news&rsv_dl=fyb_news,https://fyb-2.cdn.bcebos.com/hotboard_image/e23fafdf4d05107ed6160fd76898ad87,百度热搜,实时热搜,realtime,hotlist,,2026-09-25 06:21:06
28,超长蛋挞何以火爆出圈,近期，一款60厘米的“超长蛋挞”在社交媒体刷屏。多个烘焙门店排队两三个小时，供不应求。它的走红核心不在于口味颠覆，而在于强大的社交情绪价值，即满足年轻人拍照发朋友圈的需要，还命中了年轻人的“分享刚需”。,5328277,https://www.baidu.com/s?wd=%E8%B6%85%E9%95%BF%E8%9B%8B%E6%8C%9E%E4%BD%95%E4%BB%A5%E7%81%AB%E7%88%86%E5%87%BA%E5%9C%88&sa=fyb_news&rsv_dl=fyb_news,https://fyb-2.cdn.bcebos.com/hotboard_image/b85e8b634cb380c9cabb476ac857ad83,百度热搜,实时热搜,realtime,hotlist,,2026-09-25 06:21:06
29,坐高铁用不用一次性座椅套垫,9月24日上午，针对网友热议的“坐高铁是否需自带一次性座椅套垫”，铁路12306回应称，高铁坐垫正常120至180天更换清洗，卧铺床单一客一换，平时脏污会清理。,5227524,https://www.baidu.com/s?wd=%E5%9D%90%E9%AB%98%E9%93%81%E7%94%A8%E4%B8%8D%E7%94%A8%E4%B8%80%E6%AC%A1%E6%80%A7%E5%BA%A7%E6%A4%85%E5%A5%97%E5%9E%AB&sa=fyb_news&rsv_dl=fyb_news,https://fyb-2.cdn.bcebos.com/hotboard_image/f61c800f1097845473bcb0f4c8000e08,百度热搜,实时热搜,realtime,hotlist,,2026-09-25 06:21:06
30,特朗普总统夫妇在下车处迎候,当地时间9月24日上午，国家主席习近平和夫人彭丽媛乘车将抵达白宫，出席美国总统特朗普举行的欢迎仪式。特朗普总统和夫人梅拉尼娅在下车处热情迎接。,5137494,https://www.baidu.com/s?wd=%E7%89%B9%E6%9C%97%E6%99%AE%E6%80%BB%E7%BB%9F%E5%A4%AB%E5%A6%87%E5%9C%A8%E4%B8%8B%E8%BD%A6%E5%A4%84%E8%BF%8E%E5%80%99&sa=fyb_news&rsv_dl=fyb_news,https://fyb-2.cdn.bcebos.com/hotboard_image/36df127500f0de001a994dfd632a84e6,百度热搜,实时热搜,realtime,hotlist,,2026-09-25 06:21:06
31,企业给30年工龄老员工发万元奖励,近日，河南洛阳中成集团40周年庆给30年工龄老员工发万元奖励。据悉，11名满30年工龄员工获万元奖励，10至30年工龄的255名员工获电动车等。此外，公司每位员工还收到1000元购物卡。,5032016,https://www.baidu.com/s?wd=%E4%BC%81%E4%B8%9A%E7%BB%9930%E5%B9%B4%E5%B7%A5%E9%BE%84%E8%80%81%E5%91%98%E5%B7%A5%E5%8F%91%E4%B8%87%E5%85%83%E5%A5%96%E5%8A%B1&sa=fyb_news&rsv_dl=fyb_news,https://fyb-2.cdn.bcebos.com/hotboard_image/103ff2584e66a21f29f7761522e2e260,百度热搜,实时热搜,realtime,hotlist,,2026-09-25 06:21:06
32,王曼昱3比2逆转张本美和,9月24日晚，亚运会乒乓球女团决赛，中国vs日本第二盘，王曼昱3-2逆转张本美和，总比分中国队2-0日本队，第三盘蒯曼vs伊藤美诚，一起为国乒女团加油！,4928050,https://www.baidu.com/s?wd=%E7%8E%8B%E6%9B%BC%E6%98%B13%E6%AF%942%E9%80%86%E8%BD%AC%E5%BC%A0%E6%9C%AC%E7%BE%8E%E5%92%8C&sa=fyb_news&rsv_dl=fyb_news,https://fyb-2.cdn.bcebos.com/hotboard_image/44ea50d52647de5cb1f5b23580a3ec79,百度热搜,实时热搜,realtime,hotlist,,2026-09-25 06:21:06
33,国足3比0马尔代夫,9月24日，2026CFA中国之队·重庆国际足球邀请赛在重庆龙兴足球场举行，中国队3比0战胜马尔代夫队。,4858342,https://www.baidu.com/s?wd=%E5%9B%BD%E8%B6%B33%E6%AF%940%E9%A9%AC%E5%B0%94%E4%BB%A3%E5%A4%AB&sa=fyb_news&rsv_dl=fyb_news,https://fyb-2.cdn.bcebos.com/hotboard_image/137aedf169507ddcf4409bfd44896846,百度热搜,实时热搜,realtime,hotlist,,2026-09-25 06:21:06
34,国羽男团不敌印尼获亚运银牌,9月24日，名古屋亚运会羽毛球男子团体决赛，中国队2-3不敌印度尼西亚队，获得银牌。,4750181,https://www.baidu.com/s?wd=%E5%9B%BD%E7%BE%BD%E7%94%B7%E5%9B%A2%E4%B8%8D%E6%95%8C%E5%8D%B0%E5%B0%BC%E8%8E%B7%E4%BA%9A%E8%BF%90%E9%93%B6%E7%89%8C&sa=fyb_news&rsv_dl=fyb_news,https://fyb-2.cdn.bcebos.com/hotboard_image/9c26d805a93eda63f8eeeded8c9ed868,百度热搜,实时热搜,realtime,hotlist,,2026-09-25 06:21:06
35,《兰香如故》市占率42.6%,,4662540,https://www.baidu.com/s?wd=%E3%80%8A%E5%85%B0%E9%A6%99%E5%A6%82%E6%95%85%E3%80%8B%E5%B8%82%E5%8D%A0%E7%8E%8742.6%25&sa=fyb_news&rsv_dl=fyb_news,https://fyb-1.cdn.bcebos.com/fyb/de6163834f53ca92c1273fff98ac9078.jpeg,百度热搜,实时热搜,realtime,hotlist,,2026-09-25 06:21:06
36,中国女篮挺进四强将战韩国,9月24日，亚运会女篮1/4决赛，中国女篮89-63大胜蒙古女篮，闯进四强，半决赛将面对韩国女篮。杨舒予砍下21分，张子宇替补出场13分钟得到20分9篮板。,4551631,https://www.baidu.com/s?wd=%E4%B8%AD%E5%9B%BD%E5%A5%B3%E7%AF%AE%E6%8C%BA%E8%BF%9B%E5%9B%9B%E5%BC%BA%E5%B0%86%E6%88%98%E9%9F%A9%E5%9B%BD&sa=fyb_news&rsv_dl=fyb_news,https://fyb-2.cdn.bcebos.com/hotboard_image/18aac2d57e8a8668d828d94aa100b236,百度热搜,实时热搜,realtime,hotlist,,2026-09-25 06:21:06
37,温瑞博1比3张本智和,9月24日，亚运会乒乓球男团决赛，中国vs日本第二盘，温瑞博1-3张本智和，总比分中国队1-1日本队，第三盘林诗栋vs户上隼辅。,4477040,https://www.baidu.com/s?wd=%E6%B8%A9%E7%91%9E%E5%8D%9A1%E6%AF%943%E5%BC%A0%E6%9C%AC%E6%99%BA%E5%92%8C&sa=fyb_news&rsv_dl=fyb_news,https://fyb-2.cdn.bcebos.com/hotboard_image/4ba7af091be03c419cfd7f80537084ba,百度热搜,实时热搜,realtime,hotlist,,2026-09-25 06:21:06
38,国羽女团夺冠后第一反应是抱紧队友,9月24日，名古屋亚运会羽毛球女子团体决赛，中国队以3∶0击败日本队拿下金牌。国羽女团夺冠之后队员们第一时间相拥，分享这份胜利的喜悦。,4359978,https://www.baidu.com/s?wd=%E5%9B%BD%E7%BE%BD%E5%A5%B3%E5%9B%A2%E5%A4%BA%E5%86%A0%E5%90%8E%E7%AC%AC%E4%B8%80%E5%8F%8D%E5%BA%94%E6%98%AF%E6%8A%B1%E7%B4%A7%E9%98%9F%E5%8F%8B&sa=fyb_news&rsv_dl=fyb_news,https://fyb-2.cdn.bcebos.com/hotboard_image/940de529e4362642b6e615b4c8a6cb1e,百度热搜,实时热搜,realtime,hotlist,,2026-09-25 06:21:06
39,杨洋夺得举重男子60公斤级金牌,9月24日，名古屋亚运会举重男子60公斤级决赛，中国选手杨洋夺得金牌，打破男子60公斤级亚运会纪录！,4279793,https://www.baidu.com/s?wd=%E6%9D%A8%E6%B4%8B%E5%A4%BA%E5%BE%97%E4%B8%BE%E9%87%8D%E7%94%B7%E5%AD%9060%E5%85%AC%E6%96%A4%E7%BA%A7%E9%87%91%E7%89%8C&sa=fyb_news&rsv_dl=fyb_news,https://fyb-2.cdn.bcebos.com/hotboard_image/2a0b6614f386b518e38184eddba9acfd,百度热搜,实时热搜,realtime,hotlist,,2026-09-25 06:21:06
40,张展硕半小时2金,近日，19岁小将张展硕在名古屋亚运会中半小时连夺2金，斩获第6金，追平张雨霏单届6金纪录。据悉，他先在男子800米自由泳决赛拿下个人第五金，紧接着在男子4x100米自由泳接力决赛再添一金！,4191583,https://www.baidu.com/s?wd=%E5%BC%A0%E5%B1%95%E7%A1%95%E5%8D%8A%E5%B0%8F%E6%97%B62%E9%87%91&sa=fyb_news&rsv_dl=fyb_news,https://fyb-2.cdn.bcebos.com/hotboard_image/9aca0cf7f187794affc618be42728d25,百度热搜,实时热搜,realtime,hotlist,,2026-09-25 06:21:06
41,孙颖莎3比1早田希娜,9月24日，亚运会乒乓球女团决赛，中国vs日本第一盘，孙颖莎3-1早田希娜，总比分中国队1-0日本队。,4100771,https://www.baidu.com/s?wd=%E5%AD%99%E9%A2%96%E8%8E%8E3%E6%AF%941%E6%97%A9%E7%94%B0%E5%B8%8C%E5%A8%9C&sa=fyb_news&rsv_dl=fyb_news,https://fyb-2.cdn.bcebos.com/hotboard_image/c2a6b085da616ed1f1494d8ff9c38ce3,百度热搜,实时热搜,realtime,hotlist,,2026-09-25 06:21:06
42,汪成锦夺武术散打男子65公斤级金牌,9月24日，名古屋亚运会武术散打男子65公斤级决赛，中国选手汪成锦夺得金牌。,3975249,https://www.baidu.com/s?wd=%E6%B1%AA%E6%88%90%E9%94%A6%E5%A4%BA%E6%AD%A6%E6%9C%AF%E6%95%A3%E6%89%93%E7%94%B7%E5%AD%9065%E5%85%AC%E6%96%A4%E7%BA%A7%E9%87%91%E7%89%8C&sa=fyb_news&rsv_dl=fyb_news,https://fyb-2.cdn.bcebos.com/hotboard_image/181f23d61d09fc8556398afd1bbab45b,百度热搜,实时热搜,realtime,hotlist,,2026-09-25 06:21:06
43,严屹宽《纹路》,9月24日晚，严屹宽在河南卫视中秋晚会演唱《纹路》，把千年彩陶的故事唱活了。镜头穿梭在考古现场与博物馆，他化身讲解员给小朋友科普彩陶纹样。古今同框的画面氛围感拉满，厚重的中华文明瞬间有了温度。,3869699,https://www.baidu.com/s?wd=%E4%B8%A5%E5%B1%B9%E5%AE%BD%E3%80%8A%E7%BA%B9%E8%B7%AF%E3%80%8B&sa=fyb_news&rsv_dl=fyb_news,https://fyb-2.cdn.bcebos.com/hotboard_image/f043dccb1241324bc3efaa44ef7f7711,百度热搜,实时热搜,realtime,hotlist,,2026-09-25 06:21:06
44,日本选手打破男子200米蛙泳世界纪录,,3808747,https://www.baidu.com/s?wd=%E6%97%A5%E6%9C%AC%E9%80%89%E6%89%8B%E6%89%93%E7%A0%B4%E7%94%B7%E5%AD%90200%E7%B1%B3%E8%9B%99%E6%B3%B3%E4%B8%96%E7%95%8C%E7%BA%AA%E5%BD%95&sa=fyb_news&rsv_dl=fyb_news,https://fyb-1.cdn.bcebos.com/fyb/de6163834f53ca92c1273fff98ac9078.jpeg,百度热搜,实时热搜,realtime,hotlist,,2026-09-25 06:21:06
45,张博恒单项弃权,9月24日，体操运动员张博恒在社交平台发了一句“团体永远高于个人，团队精神永远首位”，同时说明因为身体原因单项弃权，当天仍在积极恢复，后面还有重要赛事在等。,3717510,https://www.baidu.com/s?wd=%E5%BC%A0%E5%8D%9A%E6%81%92%E5%8D%95%E9%A1%B9%E5%BC%83%E6%9D%83&sa=fyb_news&rsv_dl=fyb_news,https://fyb-2.cdn.bcebos.com/hotboard_image/53e6565b17aa094470a43c422d207908,百度热搜,实时热搜,realtime,hotlist,,2026-09-25 06:21:06
46,羽毛球降价：从一球难求到库存积压,近日，经历前几年疯涨后羽毛球价格逐渐回落，多个品牌下调价格，“口粮球”降幅约26%，从一球难求到库存积压。,3618356,https://www.baidu.com/s?wd=%E7%BE%BD%E6%AF%9B%E7%90%83%E9%99%8D%E4%BB%B7%EF%BC%9A%E4%BB%8E%E4%B8%80%E7%90%83%E9%9A%BE%E6%B1%82%E5%88%B0%E5%BA%93%E5%AD%98%E7%A7%AF%E5%8E%8B&sa=fyb_news&rsv_dl=fyb_news,https://fyb-2.cdn.bcebos.com/hotboard_image/3b9e68d844ab87d9959f4202abe41c98,百度热搜,实时热搜,realtime,hotlist,,2026-09-25 06:21:06
47,林诗栋3比1户上隼辅,9月24日，亚运会乒乓球男团决赛，中国vs日本第三盘，林诗栋不负众望3-1战胜户上隼辅。,3524830,https://www.baidu.com/s?wd=%E6%9E%97%E8%AF%97%E6%A0%8B3%E6%AF%941%E6%88%B7%E4%B8%8A%E9%9A%BC%E8%BE%85&sa=fyb_news&rsv_dl=fyb_news,https://fyb-2.cdn.bcebos.com/hotboard_image/cd5d2546a17b43e0f574c508bd2621ac,百度热搜,实时热搜,realtime,hotlist,,2026-09-25 06:21:06
48,国乒男团无缘九连冠,北京时间9月24日，在刚刚结束的爱知·名古屋亚运会乒乓球男子团体决赛中，卫冕冠军中国队以2:3不敌日本队，收获一枚银牌。此前，国乒连续八次在亚运会上夺得该项目金牌。,3419492,https://www.baidu.com/s?wd=%E5%9B%BD%E4%B9%92%E7%94%B7%E5%9B%A2%E6%97%A0%E7%BC%98%E4%B9%9D%E8%BF%9E%E5%86%A0&sa=fyb_news&rsv_dl=fyb_news,https://fyb-2.cdn.bcebos.com/hotboard_image/bfc9c5ba2174ae15054ccb3f77230ad8,百度热搜,实时热搜,realtime,hotlist,,2026-09-25 06:21:06
49,钱塘江大潮进入最佳观潮期,,3303843,https://www.baidu.com/s?wd=%E9%92%B1%E5%A1%98%E6%B1%9F%E5%A4%A7%E6%BD%AE%E8%BF%9B%E5%85%A5%E6%9C%80%E4%BD%B3%E8%A7%82%E6%BD%AE%E6%9C%9F&sa=fyb_news&rsv_dl=fyb_news,https://fyb-1.cdn.bcebos.com/fyb/de6163834f53ca92c1273fff98ac9078.jpeg,百度热搜,实时热搜,realtime,hotlist,,2026-09-25 06:21:06
50,二十至六十多元的月饼销路最好,9月24日，记者来到武汉一处食品批发市场实探月饼销售情况。一名做食品批发的商家表示：“月饼一个月前便开始销售，如今库存已空。”针对“月饼卖不动了”的说法，批发商称“二十至六十多元的月饼销路最好”。,3227806,https://www.baidu.com/s?wd=%E4%BA%8C%E5%8D%81%E8%87%B3%E5%85%AD%E5%8D%81%E5%A4%9A%E5%85%83%E7%9A%84%E6%9C%88%E9%A5%BC%E9%94%80%E8%B7%AF%E6%9C%80%E5%A5%BD&sa=fyb_news&rsv_dl=fyb_news,https://fyb-2.cdn.bcebos.com/hotboard_image/95301b0786bdae5970be216ec96efcaf,百度热搜,实时热搜,realtime,hotlist,,2026-09-25 06:21:06
1,40余年 跨越太平洋的友谊,1985年，时任河北正定县委书记习近平访问美国艾奥瓦州，今年2月，习近平主席复信艾奥瓦州友人指出，“那些美好回忆至今仍记忆犹新”。习主席始终高度重视中美人民友好事业，两国人民友谊之树向更深处扎根，向更高远的天空生长。,7904322,https://www.baidu.com/s?wd=40%E4%BD%99%E5%B9%B4+%E8%B7%A8%E8%B6%8A%E5%A4%AA%E5%B9%B3%E6%B4%8B%E7%9A%84%E5%8F%8B%E8%B0%8A&sa=fyb_news&rsv_dl=fyb_news,https://fyb-2.cdn.bcebos.com/hotboard_image/27a2d12dc2b6240adc9dadd64b3d5047,百度热搜,实时热搜,realtime,hotlist,,2026-09-25 07:19:22
2,习近平和彭丽媛出席欢迎宴会,,7809371,https://www.baidu.com/s?wd=%E4%B9%A0%E8%BF%91%E5%B9%B3%E5%92%8C%E5%BD%AD%E4%B8%BD%E5%AA%9B%E5%87%BA%E5%B8%AD%E6%AC%A2%E8%BF%8E%E5%AE%B4%E4%BC%9A&sa=fyb_news&rsv_dl=fyb_news,https://fyb-1.cdn.bcebos.com/fyb/de6163834f53ca92c1273fff98ac9078.jpeg,百度热搜,实时热搜,realtime,hotlist,,2026-09-25 07:19:22
3,习近平同美国总统特朗普会谈,当地时间9月24日上午，国家主席习近平同美国总统特朗普在白宫举行会谈。习近平指出，中美两国元首在不到半年时间里实现互访，在中美关系史上是前所未有的。,7712826,https://www.baidu.com/s?wd=%E4%B9%A0%E8%BF%91%E5%B9%B3%E5%90%8C%E7%BE%8E%E5%9B%BD%E6%80%BB%E7%BB%9F%E7%89%B9%E6%9C%97%E6%99%AE%E4%BC%9A%E8%B0%88&sa=fyb_news&rsv_dl=fyb_news,https://fyb-2.cdn.bcebos.com/hotboard_image/1654c6563c582381590e932d25f2611c,百度热搜,实时热搜,realtime,hotlist,,2026-09-25 07:19:22
4,世界技能大赛究竟比什么,第48届世界技能大赛9月23日进入开赛首日，从精密制造到数字技术，从匠心手作到智能应用，赛场内外处处是毫厘之间的较量。71位中国选手亮相全部64个项目，向世界展示硬核技艺。,7617632,https://www.baidu.com/s?wd=%E4%B8%96%E7%95%8C%E6%8A%80%E8%83%BD%E5%A4%A7%E8%B5%9B%E7%A9%B6%E7%AB%9F%E6%AF%94%E4%BB%80%E4%B9%88&sa=fyb_news&rsv_dl=fyb_news,https://fyb-2.cdn.bcebos.com/hotboard_image/ec177f32f679dc72eec5263c0f8841cf,百度热搜,实时热搜,realtime,hotlist,,2026-09-25 07:19:22
5,中美元首夫人参观国立亚洲艺术博物馆,当地时间9月24日中午，国家主席习近平夫人彭丽媛在华盛顿同美国总统特朗普夫人梅拉尼娅参观国立亚洲艺术博物馆。彭丽媛对美方近年来多次向中方返还中国文物表示赞赏，希望中美双方继续加强文化交流和文化遗产保护合作，增进两国人民友好。,7521641,https://www.baidu.com/s?wd=%E4%B8%AD%E7%BE%8E%E5%85%83%E9%A6%96%E5%A4%AB%E4%BA%BA%E5%8F%82%E8%A7%82%E5%9B%BD%E7%AB%8B%E4%BA%9A%E6%B4%B2%E8%89%BA%E6%9C%AF%E5%8D%9A%E7%89%A9%E9%A6%86&sa=fyb_news&rsv_dl=fyb_news,https://fyb-2.cdn.bcebos.com/hotboard_image/3a6789a600ba630a0ca6ee6e430fd757,百度热搜,实时热搜,realtime,hotlist,,2026-09-25 07:19:22
6,会谈后特朗普挥手送习近平离开白宫,当地时间9月24日上午，国家主席习近平同美国总统特朗普在白宫举行会谈。会谈后，特朗普挥手送习主席离开白宫，并说这是一次“伟大的会晤”。,7424331,https://www.baidu.com/s?wd=%E4%BC%9A%E8%B0%88%E5%90%8E%E7%89%B9%E6%9C%97%E6%99%AE%E6%8C%A5%E6%89%8B%E9%80%81%E4%B9%A0%E8%BF%91%E5%B9%B3%E7%A6%BB%E5%BC%80%E7%99%BD%E5%AE%AB&sa=fyb_news&rsv_dl=fyb_news,https://fyb-2.cdn.bcebos.com/hotboard_image/ddd059d3d5b5b6cb6e4d7f7ef1cf6a0d,百度热搜,实时热搜,realtime,hotlist,,2026-09-25 07:19:22
7,多地商场把“C位”留给国之栋梁,近日，不少网友在社交平台上发视频称，多地商场的核心“C位”挂上了“国家栋梁”主题巨幅海报，集中展示袁隆平、钱学森、邓稼先、屠呦呦等功勋人物。一商场负责人：我们就是想让更多人知道这些“国家栋梁”，向他们致敬。,7330718,https://www.baidu.com/s?wd=%E5%A4%9A%E5%9C%B0%E5%95%86%E5%9C%BA%E6%8A%8A%E2%80%9CC%E4%BD%8D%E2%80%9D%E7%95%99%E7%BB%99%E5%9B%BD%E4%B9%8B%E6%A0%8B%E6%A2%81&sa=fyb_news&rsv_dl=fyb_news,https://fyb-2.cdn.bcebos.com/hotboard_image/d87150be3dbb653a51987ec1bc349eea,百度热搜,实时热搜,realtime,hotlist,,2026-09-25 07:19:22
8,中秋节,,7233791,https://www.baidu.com/s?wd=%E4%B8%AD%E7%A7%8B%E8%8A%82&sa=fyb_news&rsv_dl=fyb_news,https://fyb-1.cdn.bcebos.com/fyb/de6163834f53ca92c1273fff98ac9078.jpeg,百度热搜,实时热搜,realtime,hotlist,,2026-09-25 07:19:22
9,北大清华“一饼难求”,中秋临近，北京多所高校推出文创月饼，北大、清华款融入校徽、校训等校园元素，兼顾新潮与经典口味，一经上线迅速售罄、一饼难求。专家称，高校月饼承载身份认同与母校情怀，不止是节令点心。,7136237,https://www.baidu.com/s?wd=%E5%8C%97%E5%A4%A7%E6%B8%85%E5%8D%8E%E2%80%9C%E4%B8%80%E9%A5%BC%E9%9A%BE%E6%B1%82%E2%80%9D&sa=fyb_news&rsv_dl=fyb_news,https://fyb-2.cdn.bcebos.com/hotboard_image/638d1ce25e3ceb36aa85ec821b2fe3d4,百度热搜,实时热搜,realtime,hotlist,,2026-09-25 07:19:22
10,全国赏秋地图来了,秋天出行是幸福又治愈的。这份全国赏秋指南和朝霞晚霞观赏地图一起收藏起来吧。,7048283,https://www.baidu.com/s?wd=%E5%85%A8%E5%9B%BD%E8%B5%8F%E7%A7%8B%E5%9C%B0%E5%9B%BE%E6%9D%A5%E4%BA%86&sa=fyb_news&rsv_dl=fyb_news,https://fyb-2.cdn.bcebos.com/hotboard_image/4f61ed40626a6bdfe452a18beceb7d55,百度热搜,实时热搜,realtime,hotlist,,2026-09-25 07:19:22
11,大熊猫“平平”“福双”将赴美,再过几天，大熊猫“平平”、“福双”就会落户亚特兰大动物园，同美国人民见面。,6945550,https://www.baidu.com/s?wd=%E5%A4%A7%E7%86%8A%E7%8C%AB%E2%80%9C%E5%B9%B3%E5%B9%B3%E2%80%9D%E2%80%9C%E7%A6%8F%E5%8F%8C%E2%80%9D%E5%B0%86%E8%B5%B4%E7%BE%8E&sa=fyb_news&rsv_dl=fyb_news,https://fyb-2.cdn.bcebos.com/hotboard_image/7079819e3a20186c6f9b93ec3e116965,百度热搜,实时热搜,realtime,hotlist,,2026-09-25 07:19:22
12,陌生快递寄来礼品卡？误区要注意,中秋、国庆双节将至，不少人收到了一份“从天而降”的快递——自己明明没有网购，却收到一个装着湿巾等小物件外加一张“双节礼品卡”的包裹。不花一分钱扫个码就能领取年货大礼包？千万别信！此类事存在着两大认知误区，一文解读！,6850793,https://www.baidu.com/s?wd=%E9%99%8C%E7%94%9F%E5%BF%AB%E9%80%92%E5%AF%84%E6%9D%A5%E7%A4%BC%E5%93%81%E5%8D%A1%EF%BC%9F%E8%AF%AF%E5%8C%BA%E8%A6%81%E6%B3%A8%E6%84%8F&sa=fyb_news&rsv_dl=fyb_news,https://fyb-2.cdn.bcebos.com/hotboard_image/8ac4e32ba1b3f8270fb0b505025c307e,百度热搜,实时热搜,realtime,hotlist,,2026-09-25 07:19:22
13,邓亚萍谈国乒男团输日本,9月24日，亚运会乒乓球男子团体决赛，由王楚钦、温瑞博、林诗栋组成的中国队2-3不敌日本队，获得银牌。赛后邓亚萍复盘称：“非常遗憾我们输掉了，但我认为中国男乒整体打得还是很不错的。”她表示，对于王楚钦，当天的排阵他没有任何容错空间。,6751718,https://www.baidu.com/s?wd=%E9%82%93%E4%BA%9A%E8%90%8D%E8%B0%88%E5%9B%BD%E4%B9%92%E7%94%B7%E5%9B%A2%E8%BE%93%E6%97%A5%E6%9C%AC&sa=fyb_news&rsv_dl=fyb_news,https://fyb-2.cdn.bcebos.com/hotboard_image/af2070142c11c6a85896e5f2eb457990,百度热搜,实时热搜,realtime,hotlist,,2026-09-25 07:19:22
14,第一波出发的大聪明堵路上了,9月24日凌晨，广昆高速肇庆段返乡车流出现多处堵塞。许多试图提前出发的车主遭遇拥堵，网友调侃：“第一波出发的大聪明堵路上了！”,6668121,https://www.baidu.com/s?wd=%E7%AC%AC%E4%B8%80%E6%B3%A2%E5%87%BA%E5%8F%91%E7%9A%84%E5%A4%A7%E8%81%AA%E6%98%8E%E5%A0%B5%E8%B7%AF%E4%B8%8A%E4%BA%86&sa=fyb_news&rsv_dl=fyb_news,https://fyb-2.cdn.bcebos.com/hotboard_image/46d2871d8d1b82688bea8c1a7ba5a309,百度热搜,实时热搜,realtime,hotlist,,2026-09-25 07:19:22
15,张雪就泰康人寿拒赔一事发声,近日，张雪在个人账号为“投保重疾险10年后确诊结肠癌遭拒赔”事件发声，他直接转发相关新闻片段，并询问泰康人寿：“这是造谣吗？如果是就起诉，如果不是就鄙视你。”目前，泰康人寿就拒赔一事暂无新回应。,6565248,https://www.baidu.com/s?wd=%E5%BC%A0%E9%9B%AA%E5%B0%B1%E6%B3%B0%E5%BA%B7%E4%BA%BA%E5%AF%BF%E6%8B%92%E8%B5%94%E4%B8%80%E4%BA%8B%E5%8F%91%E5%A3%B0&sa=fyb_news&rsv_dl=fyb_news,https://fyb-2.cdn.bcebos.com/hotboard_image/917f401392ed5b1b881aa6e32f4456c9,百度热搜,实时热搜,realtime,hotlist,,2026-09-25 07:19:22
16,特朗普：这是一次“伟大的会晤”,当地时间9月24日中午，中美元首会谈结束。特朗普总统将习近平主席送至上车处道别，称赞这是一次“伟大的会晤”。,6471546,https://www.baidu.com/s?wd=%E7%89%B9%E6%9C%97%E6%99%AE%EF%BC%9A%E8%BF%99%E6%98%AF%E4%B8%80%E6%AC%A1%E2%80%9C%E4%BC%9F%E5%A4%A7%E7%9A%84%E4%BC%9A%E6%99%A4%E2%80%9D&sa=fyb_news&rsv_dl=fyb_news,https://fyb-2.cdn.bcebos.com/hotboard_image/23498e790ec72673a3e3ee478372308e,百度热搜,实时热搜,realtime,hotlist,,2026-09-25 07:19:22
17,河南矿山过中秋1600余桌宴席摆进厂房,9月23日晚，河南矿山第十三届中秋孝文化节火热开启，两天摆下1600余桌宴席，15000余名员工及家属欢聚厂区。,6376979,https://www.baidu.com/s?wd=%E6%B2%B3%E5%8D%97%E7%9F%BF%E5%B1%B1%E8%BF%87%E4%B8%AD%E7%A7%8B1600%E4%BD%99%E6%A1%8C%E5%AE%B4%E5%B8%AD%E6%91%86%E8%BF%9B%E5%8E%82%E6%88%BF&sa=fyb_news&rsv_dl=fyb_news,https://fyb-2.cdn.bcebos.com/hotboard_image/e258d2acf0611b935265332f0cf80332,百度热搜,实时热搜,realtime,hotlist,,2026-09-25 07:19:22
18,9月龄幼崽手脚并用爬山,近日，武汉一9月龄宝宝穿戴护膝手脚并用爬山引发热议。家长回应称，遵从孩子意愿且保证安全绝不强迫。此前宝宝8个月时已学会爬楼梯，因手掌皮肉厚实多次爬行未磨破，随后才带其进行户外爬山。,6283528,https://www.baidu.com/s?wd=9%E6%9C%88%E9%BE%84%E5%B9%BC%E5%B4%BD%E6%89%8B%E8%84%9A%E5%B9%B6%E7%94%A8%E7%88%AC%E5%B1%B1&sa=fyb_news&rsv_dl=fyb_news,https://fyb-2.cdn.bcebos.com/hotboard_image/ba6b17ec87719bfe152dc07ddc515a47,百度热搜,实时热搜,realtime,hotlist,,2026-09-25 07:19:22
19,国家对成品油价格实施调控,为减缓国际油价上涨对国内的冲击，国家继续对成品油价格采取调控措施。根据现行价格机制计算，自9月24日24时起，国内汽、柴油（标准品）价格每吨分别应上调830元、800元，调控后实际上调395元、385元。,6176077,https://www.baidu.com/s?wd=%E5%9B%BD%E5%AE%B6%E5%AF%B9%E6%88%90%E5%93%81%E6%B2%B9%E4%BB%B7%E6%A0%BC%E5%AE%9E%E6%96%BD%E8%B0%83%E6%8E%A7&sa=fyb_news&rsv_dl=fyb_news,https://fyb-2.cdn.bcebos.com/hotboard_image/7079819e3a20186c6f9b93ec3e116965,百度热搜,实时热搜,realtime,hotlist,,2026-09-25 07:19:22
20,胖东来大月饼难抢,9月24日，记者在新乡胖东来探访发现，顾客购物车堆成小山，有百公里外老板开车来进货。此前，胖东来网红大月饼改为线上限购销售，工作人员称每天上架几千份，两三分钟便抢空，引发关注。,6085983,https://www.baidu.com/s?wd=%E8%83%96%E4%B8%9C%E6%9D%A5%E5%A4%A7%E6%9C%88%E9%A5%BC%E9%9A%BE%E6%8A%A2&sa=fyb_news&rsv_dl=fyb_news,https://fyb-2.cdn.bcebos.com/hotboard_image/9e971a7cbb0a4e1fbfcdf2c019583779,百度热搜,实时热搜,realtime,hotlist,,2026-09-25 07:19:22
21,白宫响起“月亮代表我的心”,当地时间9月24日，国家主席习近平和夫人彭丽媛将在白宫出席美国总统特朗普和夫人梅拉尼娅举行的欢迎宴会。白宫响起“月亮代表我的心”。,5987217,https://www.baidu.com/s?wd=%E7%99%BD%E5%AE%AB%E5%93%8D%E8%B5%B7%E2%80%9C%E6%9C%88%E4%BA%AE%E4%BB%A3%E8%A1%A8%E6%88%91%E7%9A%84%E5%BF%83%E2%80%9D&sa=fyb_news&rsv_dl=fyb_news,https://fyb-2.cdn.bcebos.com/hotboard_image/9c5a02e5a1afeb7a89c9e102f0b35337,百度热搜,实时热搜,realtime,hotlist,,2026-09-25 07:19:22
22,公司发月饼1人1口不准多拿,近日，深圳一家公司发放中秋月饼福利，每人仅能领取一口，现场还提醒员工不要多拿。此事传到网上引发热议。,5886500,https://www.baidu.com/s?wd=%E5%85%AC%E5%8F%B8%E5%8F%91%E6%9C%88%E9%A5%BC1%E4%BA%BA1%E5%8F%A3%E4%B8%8D%E5%87%86%E5%A4%9A%E6%8B%BF&sa=fyb_news&rsv_dl=fyb_news,https://fyb-2.cdn.bcebos.com/hotboard_image/7668ea8ae2bd0680acabe6f8fdb8b726,百度热搜,实时热搜,realtime,hotlist,,2026-09-25 07:19:22
23,王楚钦0-3张本智和,9月24日，名古屋亚运会乒乓球男团决赛，国乒主力王楚钦在第四盘0:3爆冷不敌东道主日本选手张本智和；此前王楚钦逆转、林诗栋变阵获胜助国乒2:1领先，此番落败后双方大比分2:2战平。,5795868,https://www.baidu.com/s?wd=%E7%8E%8B%E6%A5%9A%E9%92%A60-3%E5%BC%A0%E6%9C%AC%E6%99%BA%E5%92%8C&sa=fyb_news&rsv_dl=fyb_news,https://fyb-2.cdn.bcebos.com/hotboard_image/13c60c8589b417e58c834be31e655f0b,百度热搜,实时热搜,realtime,hotlist,,2026-09-25 07:19:22
24,王楚钦3比2逆转松岛辉空,北京时间9月24日，爱知·名古屋亚运会乒乓球男团决赛首盘，王楚钦对阵日本名将松岛辉空。最终，王楚钦3-2逆转战胜松岛辉空，中国队1-0领先日本队，比分：5-11、8-11、11-9、11-9、11-9。,5700910,https://www.baidu.com/s?wd=%E7%8E%8B%E6%A5%9A%E9%92%A63%E6%AF%942%E9%80%86%E8%BD%AC%E6%9D%BE%E5%B2%9B%E8%BE%89%E7%A9%BA&sa=fyb_news&rsv_dl=fyb_news,https://fyb-2.cdn.bcebos.com/hotboard_image/b03bbc0da03733929031ee63323a3bb9,百度热搜,实时热搜,realtime,hotlist,,2026-09-25 07:19:22
25,特朗普总统夫妇在下车处迎候,当地时间9月24日上午，国家主席习近平和夫人彭丽媛乘车将抵达白宫，出席美国总统特朗普举行的欢迎仪式。特朗普总统和夫人梅拉尼娅在下车处热情迎接。,5603733,https://www.baidu.com/s?wd=%E7%89%B9%E6%9C%97%E6%99%AE%E6%80%BB%E7%BB%9F%E5%A4%AB%E5%A6%87%E5%9C%A8%E4%B8%8B%E8%BD%A6%E5%A4%84%E8%BF%8E%E5%80%99&sa=fyb_news&rsv_dl=fyb_news,https://fyb-2.cdn.bcebos.com/hotboard_image/36df127500f0de001a994dfd632a84e6,百度热搜,实时热搜,realtime,hotlist,,2026-09-25 07:19:22
26,黑芝麻糊检出霉菌超标27倍 维维回应,近日，上海市场监管抽检发现，维维子公司生产的一批无添加蔗糖黑芝麻糊霉菌最高超标27倍。维维回应涉事产品已全部召回，市面无留存。截至9月23日收盘，维维股份市值50亿，年内股价下跌超9%。,5508757,https://www.baidu.com/s?wd=%E9%BB%91%E8%8A%9D%E9%BA%BB%E7%B3%8A%E6%A3%80%E5%87%BA%E9%9C%89%E8%8F%8C%E8%B6%85%E6%A0%8727%E5%80%8D+%E7%BB%B4%E7%BB%B4%E5%9B%9E%E5%BA%94&sa=fyb_news&rsv_dl=fyb_news,https://fyb-2.cdn.bcebos.com/hotboard_image/fb55dad18e6f0ad0a40c6eebd5a95b74,百度热搜,实时热搜,realtime,hotlist,,2026-09-25 07:19:22
27,国防部回应新西兰军舰过航台湾海峡,近日，针对新西兰军舰过航台湾海峡，中国军队依法依规组织海空兵力全程跟监警戒并有效应对处置。中方敦促新方恪守一个中国原则，勿向“台独”分裂势力发出错误信号。,5417635,https://www.baidu.com/s?wd=%E5%9B%BD%E9%98%B2%E9%83%A8%E5%9B%9E%E5%BA%94%E6%96%B0%E8%A5%BF%E5%85%B0%E5%86%9B%E8%88%B0%E8%BF%87%E8%88%AA%E5%8F%B0%E6%B9%BE%E6%B5%B7%E5%B3%A1&sa=fyb_news&rsv_dl=fyb_news,https://fyb-2.cdn.bcebos.com/hotboard_image/a3bf55492ba673ef30e7afea0a9e765d,百度热搜,实时热搜,realtime,hotlist,,2026-09-25 07:19:22
28,哥伦比亚宣布与伊朗断交,当地时间9月24日，哥伦比亚外交部发表声明，宣布自9月19日起正式与伊朗断绝外交关系。声明指出，该决定基于哥伦比亚在国家和地区安全及打击跨国犯罪等方面的外交政策原则。同时强调，断绝外交关系并不意味着断绝两国领事关系。,5313053,https://www.baidu.com/s?wd=%E5%93%A5%E4%BC%A6%E6%AF%94%E4%BA%9A%E5%AE%A3%E5%B8%83%E4%B8%8E%E4%BC%8A%E6%9C%97%E6%96%AD%E4%BA%A4&sa=fyb_news&rsv_dl=fyb_news,https://fyb-2.cdn.bcebos.com/hotboard_image/91313c7c3845542a49095e1382ab68f5,百度热搜,实时热搜,realtime,hotlist,,2026-09-25 07:19:22
29,羽毛球降价：从一球难求到库存积压,近日，经历前几年疯涨后羽毛球价格逐渐回落，多个品牌下调价格，“口粮球”降幅约26%，从一球难求到库存积压。,5216849,https://www.baidu.com/s?wd=%E7%BE%BD%E6%AF%9B%E7%90%83%E9%99%8D%E4%BB%B7%EF%BC%9A%E4%BB%8E%E4%B8%80%E7%90%83%E9%9A%BE%E6%B1%82%E5%88%B0%E5%BA%93%E5%AD%98%E7%A7%AF%E5%8E%8B&sa=fyb_news&rsv_dl=fyb_news,https://fyb-2.cdn.bcebos.com/hotboard_image/3b9e68d844ab87d9959f4202abe41c98,百度热搜,实时热搜,realtime,hotlist,,2026-09-25 07:19:22
30,超长蛋挞何以火爆出圈,近期，一款60厘米的“超长蛋挞”在社交媒体刷屏。多个烘焙门店排队两三个小时，供不应求。它的走红核心不在于口味颠覆，而在于强大的社交情绪价值，即满足年轻人拍照发朋友圈的需要，还命中了年轻人的“分享刚需”。,5122900,https://www.baidu.com/s?wd=%E8%B6%85%E9%95%BF%E8%9B%8B%E6%8C%9E%E4%BD%95%E4%BB%A5%E7%81%AB%E7%88%86%E5%87%BA%E5%9C%88&sa=fyb_news&rsv_dl=fyb_news,https://fyb-2.cdn.bcebos.com/hotboard_image/b85e8b634cb380c9cabb476ac857ad83,百度热搜,实时热搜,realtime,hotlist,,2026-09-25 07:19:22
31,男孩熟练打包牡蛎：一箱仅二十多秒,山东威海乳山的一名小学四年级学生，父亲顾先生经营水产品加工厂5年，男孩从二年级起周末写完作业会来车间帮忙，打包一箱牡蛎大概‌十几秒到二十多秒‌，动作利落，速度不比大人慢。‌‌,5025635,https://www.baidu.com/s?wd=%E7%94%B7%E5%AD%A9%E7%86%9F%E7%BB%83%E6%89%93%E5%8C%85%E7%89%A1%E8%9B%8E%EF%BC%9A%E4%B8%80%E7%AE%B1%E4%BB%85%E4%BA%8C%E5%8D%81%E5%A4%9A%E7%A7%92&sa=fyb_news&rsv_dl=fyb_news,https://fyb-2.cdn.bcebos.com/hotboard_image/c83b7394ae1534dc00d14d6358ce3f90,百度热搜,实时热搜,realtime,hotlist,,2026-09-25 07:19:22
32,李一桐北舞严选的含金量还在上升,中秋奇妙游中，李一桐切换三套造型，以青赤黄白黑五方正色为视觉核心，用歌声和舞蹈演绎传统五色，从山水到生活展开色彩叙事，宛如仙女下人间，北舞严选含金量还在上升。,4930029,https://www.baidu.com/s?wd=%E6%9D%8E%E4%B8%80%E6%A1%90%E5%8C%97%E8%88%9E%E4%B8%A5%E9%80%89%E7%9A%84%E5%90%AB%E9%87%91%E9%87%8F%E8%BF%98%E5%9C%A8%E4%B8%8A%E5%8D%87&sa=fyb_news&rsv_dl=fyb_news,https://fyb-2.cdn.bcebos.com/hotboard_image/2b9ee8e1a5fa443c37d12f8df9ab2b6f,百度热搜,实时热搜,realtime,hotlist,,2026-09-25 07:19:22
33,国乒女团亚运6连冠 3-0横扫日本,9月24日，名古屋亚运会乒乓球女子团体决赛，中国队3-0击败日本队，夺得金牌！这是中国乒乓球在亚运会上的第12枚女团金牌，同时也实现了女团六连冠。,4861096,https://www.baidu.com/s?wd=%E5%9B%BD%E4%B9%92%E5%A5%B3%E5%9B%A2%E4%BA%9A%E8%BF%906%E8%BF%9E%E5%86%A0+3-0%E6%A8%AA%E6%89%AB%E6%97%A5%E6%9C%AC&sa=fyb_news&rsv_dl=fyb_news,https://fyb-2.cdn.bcebos.com/hotboard_image/e23fafdf4d05107ed6160fd76898ad87,百度热搜,实时热搜,realtime,hotlist,,2026-09-25 07:19:22
34,中美元首会谈的开场白都说了些什么,当地时间9月24日上午，国家主席习近平同美国总统特朗普在白宫举行会谈。两国元首在会谈中都说了些什么？一起来看记者康辉在现场发回的报道！,4752291,https://www.baidu.com/s?wd=%E4%B8%AD%E7%BE%8E%E5%85%83%E9%A6%96%E4%BC%9A%E8%B0%88%E7%9A%84%E5%BC%80%E5%9C%BA%E7%99%BD%E9%83%BD%E8%AF%B4%E4%BA%86%E4%BA%9B%E4%BB%80%E4%B9%88&sa=fyb_news&rsv_dl=fyb_news,https://fyb-2.cdn.bcebos.com/hotboard_image/1b841f197c4e932c52078110d7a2a75b,百度热搜,实时热搜,realtime,hotlist,,2026-09-25 07:19:22
35,《兰香如故》市占率42.6%,,4641929,https://www.baidu.com/s?wd=%E3%80%8A%E5%85%B0%E9%A6%99%E5%A6%82%E6%95%85%E3%80%8B%E5%B8%82%E5%8D%A0%E7%8E%8742.6%25&sa=fyb_news&rsv_dl=fyb_news,https://fyb-1.cdn.bcebos.com/fyb/de6163834f53ca92c1273fff98ac9078.jpeg,百度热搜,实时热搜,realtime,hotlist,,2026-09-25 07:19:22
36,坐高铁用不用一次性座椅套垫,9月24日上午，针对网友热议的“坐高铁是否需自带一次性座椅套垫”，铁路12306回应称，高铁坐垫正常120至180天更换清洗，卧铺床单一客一换，平时脏污会清理。,4561455,https://www.baidu.com/s?wd=%E5%9D%90%E9%AB%98%E9%93%81%E7%94%A8%E4%B8%8D%E7%94%A8%E4%B8%80%E6%AC%A1%E6%80%A7%E5%BA%A7%E6%A4%85%E5%A5%97%E5%9E%AB&sa=fyb_news&rsv_dl=fyb_news,https://fyb-2.cdn.bcebos.com/hotboard_image/f61c800f1097845473bcb0f4c8000e08,百度热搜,实时热搜,realtime,hotlist,,2026-09-25 07:19:22
37,杨洋夺得举重男子60公斤级金牌,9月24日，名古屋亚运会举重男子60公斤级决赛，中国选手杨洋夺得金牌，打破男子60公斤级亚运会纪录！,4469159,https://www.baidu.com/s?wd=%E6%9D%A8%E6%B4%8B%E5%A4%BA%E5%BE%97%E4%B8%BE%E9%87%8D%E7%94%B7%E5%AD%9060%E5%85%AC%E6%96%A4%E7%BA%A7%E9%87%91%E7%89%8C&sa=fyb_news&rsv_dl=fyb_news,https://fyb-2.cdn.bcebos.com/hotboard_image/2a0b6614f386b518e38184eddba9acfd,百度热搜,实时热搜,realtime,hotlist,,2026-09-25 07:19:22
38,企业给30年工龄老员工发万元奖励,近日，河南洛阳中成集团40周年庆给30年工龄老员工发万元奖励。据悉，11名满30年工龄员工获万元奖励，10至30年工龄的255名员工获电动车等。此外，公司每位员工还收到1000元购物卡。,4352715,https://www.baidu.com/s?wd=%E4%BC%81%E4%B8%9A%E7%BB%9930%E5%B9%B4%E5%B7%A5%E9%BE%84%E8%80%81%E5%91%98%E5%B7%A5%E5%8F%91%E4%B8%87%E5%85%83%E5%A5%96%E5%8A%B1&sa=fyb_news&rsv_dl=fyb_news,https://fyb-2.cdn.bcebos.com/hotboard_image/103ff2584e66a21f29f7761522e2e260,百度热搜,实时热搜,realtime,hotlist,,2026-09-25 07:19:22
39,亚运会今日将迎百米飞人大战,9月25日晚，名古屋亚运会男女百米飞人大战上演，33岁老将谢震业与19岁小将曾克理出战男子组，17岁陈妤颉冲击女子金牌，泰国选手预赛9秒95成最大热门。,4259337,https://www.baidu.com/s?wd=%E4%BA%9A%E8%BF%90%E4%BC%9A%E4%BB%8A%E6%97%A5%E5%B0%86%E8%BF%8E%E7%99%BE%E7%B1%B3%E9%A3%9E%E4%BA%BA%E5%A4%A7%E6%88%98&sa=fyb_news&rsv_dl=fyb_news,https://fyb-2.cdn.bcebos.com/hotboard_image/8e17b12dac83bc6413bc198daa620837,百度热搜,实时热搜,realtime,hotlist,,2026-09-25 07:19:22
40,王曼昱3比2逆转张本美和,9月24日晚，亚运会乒乓球女团决赛，中国vs日本第二盘，王曼昱3-2逆转张本美和，总比分中国队2-0日本队，第三盘蒯曼vs伊藤美诚，一起为国乒女团加油！,4188700,https://www.baidu.com/s?wd=%E7%8E%8B%E6%9B%BC%E6%98%B13%E6%AF%942%E9%80%86%E8%BD%AC%E5%BC%A0%E6%9C%AC%E7%BE%8E%E5%92%8C&sa=fyb_news&rsv_dl=fyb_news,https://fyb-2.cdn.bcebos.com/hotboard_image/44ea50d52647de5cb1f5b23580a3ec79,百度热搜,实时热搜,realtime,hotlist,,2026-09-25 07:19:22
41,国羽男团不敌印尼获亚运银牌,9月24日，名古屋亚运会羽毛球男子团体决赛，中国队2-3不敌印度尼西亚队，获得银牌。,4092663,https://www.baidu.com/s?wd=%E5%9B%BD%E7%BE%BD%E7%94%B7%E5%9B%A2%E4%B8%8D%E6%95%8C%E5%8D%B0%E5%B0%BC%E8%8E%B7%E4%BA%9A%E8%BF%90%E9%93%B6%E7%89%8C&sa=fyb_news&rsv_dl=fyb_news,https://fyb-2.cdn.bcebos.com/hotboard_image/9c26d805a93eda63f8eeeded8c9ed868,百度热搜,实时热搜,realtime,hotlist,,2026-09-25 07:19:22
42,国羽女团夺冠后第一反应是抱紧队友,9月24日，名古屋亚运会羽毛球女子团体决赛，中国队以3∶0击败日本队拿下金牌。国羽女团夺冠之后队员们第一时间相拥，分享这份胜利的喜悦。,3979085,https://www.baidu.com/s?wd=%E5%9B%BD%E7%BE%BD%E5%A5%B3%E5%9B%A2%E5%A4%BA%E5%86%A0%E5%90%8E%E7%AC%AC%E4%B8%80%E5%8F%8D%E5%BA%94%E6%98%AF%E6%8A%B1%E7%B4%A7%E9%98%9F%E5%8F%8B&sa=fyb_news&rsv_dl=fyb_news,https://fyb-2.cdn.bcebos.com/hotboard_image/940de529e4362642b6e615b4c8a6cb1e,百度热搜,实时热搜,realtime,hotlist,,2026-09-25 07:19:22
43,国足3比0马尔代夫,9月24日，2026CFA中国之队·重庆国际足球邀请赛在重庆龙兴足球场举行，中国队3比0战胜马尔代夫队。,3896730,https://www.baidu.com/s?wd=%E5%9B%BD%E8%B6%B33%E6%AF%940%E9%A9%AC%E5%B0%94%E4%BB%A3%E5%A4%AB&sa=fyb_news&rsv_dl=fyb_news,https://fyb-2.cdn.bcebos.com/hotboard_image/137aedf169507ddcf4409bfd44896846,百度热搜,实时热搜,realtime,hotlist,,2026-09-25 07:19:22
44,严屹宽《纹路》,9月24日晚，严屹宽在河南卫视中秋晚会演唱《纹路》，把千年彩陶的故事唱活了。镜头穿梭在考古现场与博物馆，他化身讲解员给小朋友科普彩陶纹样。古今同框的画面氛围感拉满，厚重的中华文明瞬间有了温度。,3808482,https://www.baidu.com/s?wd=%E4%B8%A5%E5%B1%B9%E5%AE%BD%E3%80%8A%E7%BA%B9%E8%B7%AF%E3%80%8B&sa=fyb_news&rsv_dl=fyb_news,https://fyb-2.cdn.bcebos.com/hotboard_image/f043dccb1241324bc3efaa44ef7f7711,百度热搜,实时热搜,realtime,hotlist,,2026-09-25 07:19:22
45,中国女篮挺进四强将战韩国,9月24日，亚运会女篮1/4决赛，中国女篮89-63大胜蒙古女篮，闯进四强，半决赛将面对韩国女篮。杨舒予砍下21分，张子宇替补出场13分钟得到20分9篮板。,3714211,https://www.baidu.com/s?wd=%E4%B8%AD%E5%9B%BD%E5%A5%B3%E7%AF%AE%E6%8C%BA%E8%BF%9B%E5%9B%9B%E5%BC%BA%E5%B0%86%E6%88%98%E9%9F%A9%E5%9B%BD&sa=fyb_news&rsv_dl=fyb_news,https://fyb-2.cdn.bcebos.com/hotboard_image/18aac2d57e8a8668d828d94aa100b236,百度热搜,实时热搜,realtime,hotlist,,2026-09-25 07:19:22
46,汪成锦夺武术散打男子65公斤级金牌,9月24日，名古屋亚运会武术散打男子65公斤级决赛，中国选手汪成锦夺得金牌。,3582919,https://www.baidu.com/s?wd=%E6%B1%AA%E6%88%90%E9%94%A6%E5%A4%BA%E6%AD%A6%E6%9C%AF%E6%95%A3%E6%89%93%E7%94%B7%E5%AD%9065%E5%85%AC%E6%96%A4%E7%BA%A7%E9%87%91%E7%89%8C&sa=fyb_news&rsv_dl=fyb_news,https://fyb-2.cdn.bcebos.com/hotboard_image/181f23d61d09fc8556398afd1bbab45b,百度热搜,实时热搜,realtime,hotlist,,2026-09-25 07:19:22
47,张展硕半小时2金,近日，19岁小将张展硕在名古屋亚运会中半小时连夺2金，斩获第6金，追平张雨霏单届6金纪录。据悉，他先在男子800米自由泳决赛拿下个人第五金，紧接着在男子4x100米自由泳接力决赛再添一金！,3490363,https://www.baidu.com/s?wd=%E5%BC%A0%E5%B1%95%E7%A1%95%E5%8D%8A%E5%B0%8F%E6%97%B62%E9%87%91&sa=fyb_news&rsv_dl=fyb_news,https://fyb-2.cdn.bcebos.com/hotboard_image/9aca0cf7f187794affc618be42728d25,百度热搜,实时热搜,realtime,hotlist,,2026-09-25 07:19:22
48,日本选手打破男子200米蛙泳世界纪录,,3417302,https://www.baidu.com/s?wd=%E6%97%A5%E6%9C%AC%E9%80%89%E6%89%8B%E6%89%93%E7%A0%B4%E7%94%B7%E5%AD%90200%E7%B1%B3%E8%9B%99%E6%B3%B3%E4%B8%96%E7%95%8C%E7%BA%AA%E5%BD%95&sa=fyb_news&rsv_dl=fyb_news,https://fyb-1.cdn.bcebos.com/fyb/de6163834f53ca92c1273fff98ac9078.jpeg,百度热搜,实时热搜,realtime,hotlist,,2026-09-25 07:19:22
49,郑钦文0-2不敌保利尼,,3293430,https://www.baidu.com/s?wd=%E9%83%91%E9%92%A6%E6%96%870-2%E4%B8%8D%E6%95%8C%E4%BF%9D%E5%88%A9%E5%B0%BC&sa=fyb_news&rsv_dl=fyb_news,https://fyb-1.cdn.bcebos.com/fyb/de6163834f53ca92c1273fff98ac9078.jpeg,百度热搜,实时热搜,realtime,hotlist,,2026-09-25 07:19:22
50,孙颖莎3比1早田希娜,9月24日，亚运会乒乓球女团决赛，中国vs日本第一盘，孙颖莎3-1早田希娜，总比分中国队1-0日本队。,3243295,https://www.baidu.com/s?wd=%E5%AD%99%E9%A2%96%E8%8E%8E3%E6%AF%941%E6%97%A9%E7%94%B0%E5%B8%8C%E5%A8%9C&sa=fyb_news&rsv_dl=fyb_news,https://fyb-2.cdn.bcebos.com/hotboard_image/c2a6b085da616ed1f1494d8ff9c38ce3,百度热搜,实时热搜,realtime,hotlist,,2026-09-25 07:19:22
1,习近平同美国总统特朗普会谈,,7904840,https://www.baidu.com/s?wd=%E4%B9%A0%E8%BF%91%E5%B9%B3%E5%90%8C%E7%BE%8E%E5%9B%BD%E6%80%BB%E7%BB%9F%E7%89%B9%E6%9C%97%E6%99%AE%E4%BC%9A%E8%B0%88&sa=fyb_news&rsv_dl=fyb_news,https://fyb-1.cdn.bcebos.com/fyb/de6163834f53ca92c1273fff98ac9078.jpeg,百度热搜,实时热搜,realtime,hotlist,,2026-09-25 08:55:41
2,习近平和彭丽媛出席欢迎宴会,,7808765,https://www.baidu.com/s?wd=%E4%B9%A0%E8%BF%91%E5%B9%B3%E5%92%8C%E5%BD%AD%E4%B8%BD%E5%AA%9B%E5%87%BA%E5%B8%AD%E6%AC%A2%E8%BF%8E%E5%AE%B4%E4%BC%9A&sa=fyb_news&rsv_dl=fyb_news,https://fyb-1.cdn.bcebos.com/fyb/de6163834f53ca92c1273fff98ac9078.jpeg,百度热搜,实时热搜,realtime,hotlist,,2026-09-25 08:55:41
3,白宫墙上悬挂中美元首握手照片,白宫一楼的墙上，悬挂着特朗普总统访华时，习近平主席同他握手的照片。,7713870,https://www.baidu.com/s?wd=%E7%99%BD%E5%AE%AB%E5%A2%99%E4%B8%8A%E6%82%AC%E6%8C%82%E4%B8%AD%E7%BE%8E%E5%85%83%E9%A6%96%E6%8F%A1%E6%89%8B%E7%85%A7%E7%89%87&sa=fyb_news&rsv_dl=fyb_news,https://fyb-2.cdn.bcebos.com/hotboard_image/c8484cfdae958d151c32876a803b19b7,百度热搜,实时热搜,realtime,hotlist,,2026-09-25 08:55:41
4,世界技能大赛究竟比什么,第48届世界技能大赛9月23日进入开赛首日，从精密制造到数字技术，从匠心手作到智能应用，赛场内外处处是毫厘之间的较量。71位中国选手亮相全部64个项目，向世界展示硬核技艺。,7615829,https://www.baidu.com/s?wd=%E4%B8%96%E7%95%8C%E6%8A%80%E8%83%BD%E5%A4%A7%E8%B5%9B%E7%A9%B6%E7%AB%9F%E6%AF%94%E4%BB%80%E4%B9%88&sa=fyb_news&rsv_dl=fyb_news,https://fyb-2.cdn.bcebos.com/hotboard_image/ec177f32f679dc72eec5263c0f8841cf,百度热搜,实时热搜,realtime,hotlist,,2026-09-25 08:55:41
5,特朗普：这是一次“伟大的会晤”,当地时间9月24日中午，中美元首会谈结束。特朗普总统将习近平主席送至上车处道别，称赞这是一次“伟大的会晤”。,7521760,https://www.baidu.com/s?wd=%E7%89%B9%E6%9C%97%E6%99%AE%EF%BC%9A%E8%BF%99%E6%98%AF%E4%B8%80%E6%AC%A1%E2%80%9C%E4%BC%9F%E5%A4%A7%E7%9A%84%E4%BC%9A%E6%99%A4%E2%80%9D&sa=fyb_news&rsv_dl=fyb_news,https://fyb-2.cdn.bcebos.com/hotboard_image/23498e790ec72673a3e3ee478372308e,百度热搜,实时热搜,realtime,hotlist,,2026-09-25 08:55:41
6,用手机钢化膜的受害者出现了,近期，多位网友在社交平台反映被手机的钢化膜扎伤，看似日常的手机配件，有时竟化身伤人利器，相关话题引发广泛关注，记者采访了多位受害者，一起来看。,7428328,https://www.baidu.com/s?wd=%E7%94%A8%E6%89%8B%E6%9C%BA%E9%92%A2%E5%8C%96%E8%86%9C%E7%9A%84%E5%8F%97%E5%AE%B3%E8%80%85%E5%87%BA%E7%8E%B0%E4%BA%86&sa=fyb_news&rsv_dl=fyb_news,https://fyb-2.cdn.bcebos.com/hotboard_image/e17a91522cf1be8c482b213568d200b1,百度热搜,实时热搜,realtime,hotlist,,2026-09-25 08:55:41
7,暴涨1450%！这个中秋爆款全球下单,中秋节来临，餐桌上的“双向奔赴”如火如荼。进口生鲜迎来小高峰，出口节庆产品订单也屡创新高。其中，今年前8个月，盘锦河蟹出口量达482吨，同比增长14.5倍。这个中秋，舌尖美味与文化符号正在双向流动。,7333545,https://www.baidu.com/s?wd=%E6%9A%B4%E6%B6%A81450%25%EF%BC%81%E8%BF%99%E4%B8%AA%E4%B8%AD%E7%A7%8B%E7%88%86%E6%AC%BE%E5%85%A8%E7%90%83%E4%B8%8B%E5%8D%95&sa=fyb_news&rsv_dl=fyb_news,https://fyb-2.cdn.bcebos.com/hotboard_image/1afcce65f89d470e75a24d2fb7e7e60c,百度热搜,实时热搜,realtime,hotlist,,2026-09-25 08:55:41
8,中秋节,,7232203,https://www.baidu.com/s?wd=%E4%B8%AD%E7%A7%8B%E8%8A%82&sa=fyb_news&rsv_dl=fyb_news,https://fyb-1.cdn.bcebos.com/fyb/de6163834f53ca92c1273fff98ac9078.jpeg,百度热搜,实时热搜,realtime,hotlist,,2026-09-25 08:55:41
9,超长蛋挞何以火爆出圈,近期，一款60厘米的“超长蛋挞”在社交媒体刷屏。多个烘焙门店排队两三个小时，供不应求。它的走红核心不在于口味颠覆，而在于强大的社交情绪价值，即满足年轻人拍照发朋友圈的需要，还命中了年轻人的“分享刚需”。,7141592,https://www.baidu.com/s?wd=%E8%B6%85%E9%95%BF%E8%9B%8B%E6%8C%9E%E4%BD%95%E4%BB%A5%E7%81%AB%E7%88%86%E5%87%BA%E5%9C%88&sa=fyb_news&rsv_dl=fyb_news,https://fyb-2.cdn.bcebos.com/hotboard_image/b85e8b634cb380c9cabb476ac857ad83,百度热搜,实时热搜,realtime,hotlist,,2026-09-25 08:55:41
10,全国赏秋地图来了,秋天出行是幸福又治愈的。这份全国赏秋指南和朝霞晚霞观赏地图一起收藏起来吧。,7047753,https://www.baidu.com/s?wd=%E5%85%A8%E5%9B%BD%E8%B5%8F%E7%A7%8B%E5%9C%B0%E5%9B%BE%E6%9D%A5%E4%BA%86&sa=fyb_news&rsv_dl=fyb_news,https://fyb-2.cdn.bcebos.com/hotboard_image/4f61ed40626a6bdfe452a18beceb7d55,百度热搜,实时热搜,realtime,hotlist,,2026-09-25 08:55:41
11,特朗普夫妇热情迎接习近平夫妇,当地时间9月24日晚，国家主席习近平和夫人彭丽媛在白宫出席美国总统特朗普和夫人梅拉尼娅举行的欢迎宴会。特朗普总统夫妇在白宫热情迎接习近平主席夫妇。,6953651,https://www.baidu.com/s?wd=%E7%89%B9%E6%9C%97%E6%99%AE%E5%A4%AB%E5%A6%87%E7%83%AD%E6%83%85%E8%BF%8E%E6%8E%A5%E4%B9%A0%E8%BF%91%E5%B9%B3%E5%A4%AB%E5%A6%87&sa=fyb_news&rsv_dl=fyb_news,https://fyb-2.cdn.bcebos.com/hotboard_image/8ed8c718b13a9ae5f17228fd07ad2838,百度热搜,实时热搜,realtime,hotlist,,2026-09-25 08:55:41
12,陌生快递寄来礼品卡？误区要注意,中秋、国庆双节将至，不少人收到了一份“从天而降”的快递——自己明明没有网购，却收到一个装着湿巾等小物件外加一张“双节礼品卡”的包裹。不花一分钱扫个码就能领取年货大礼包？千万别信！此类事存在着两大认知误区，一文解读！,6848674,https://www.baidu.com/s?wd=%E9%99%8C%E7%94%9F%E5%BF%AB%E9%80%92%E5%AF%84%E6%9D%A5%E7%A4%BC%E5%93%81%E5%8D%A1%EF%BC%9F%E8%AF%AF%E5%8C%BA%E8%A6%81%E6%B3%A8%E6%84%8F&sa=fyb_news&rsv_dl=fyb_news,https://fyb-2.cdn.bcebos.com/hotboard_image/8ac4e32ba1b3f8270fb0b505025c307e,百度热搜,实时热搜,realtime,hotlist,,2026-09-25 08:55:41
13,王皓回应国乒男团不敌日本队丢冠,主教练王皓回应男团丢冠，表示球队现在正处于新老交替的重要环节，需要给年轻运动员试错的空间。他呼吁媒体和球迷善待球员和教练，指出球员承受比赛胜负和外界质疑的压力，教练组也扎根球队无暇陪伴家庭。,6752337,https://www.baidu.com/s?wd=%E7%8E%8B%E7%9A%93%E5%9B%9E%E5%BA%94%E5%9B%BD%E4%B9%92%E7%94%B7%E5%9B%A2%E4%B8%8D%E6%95%8C%E6%97%A5%E6%9C%AC%E9%98%9F%E4%B8%A2%E5%86%A0&sa=fyb_news&rsv_dl=fyb_news,https://fyb-2.cdn.bcebos.com/hotboard_image/d0b228a5c2d661f9e6812f78a3e81556,百度热搜,实时热搜,realtime,hotlist,,2026-09-25 08:55:41
14,第一波出发的大聪明堵路上了,9月24日凌晨，广昆高速肇庆段返乡车流出现多处堵塞。许多试图提前出发的车主遭遇拥堵，网友调侃：“第一波出发的大聪明堵路上了！”,6655895,https://www.baidu.com/s?wd=%E7%AC%AC%E4%B8%80%E6%B3%A2%E5%87%BA%E5%8F%91%E7%9A%84%E5%A4%A7%E8%81%AA%E6%98%8E%E5%A0%B5%E8%B7%AF%E4%B8%8A%E4%BA%86&sa=fyb_news&rsv_dl=fyb_news,https://fyb-2.cdn.bcebos.com/hotboard_image/46d2871d8d1b82688bea8c1a7ba5a309,百度热搜,实时热搜,realtime,hotlist,,2026-09-25 08:55:41
15,邓亚萍谈国乒男团输日本,9月24日，亚运会乒乓球男子团体决赛，由王楚钦、温瑞博、林诗栋组成的中国队2-3不敌日本队，获得银牌。赛后邓亚萍复盘称：“非常遗憾我们输掉了，但我认为中国男乒整体打得还是很不错的。”她表示，对于王楚钦，当天的排阵他没有任何容错空间。,6567442,https://www.baidu.com/s?wd=%E9%82%93%E4%BA%9A%E8%90%8D%E8%B0%88%E5%9B%BD%E4%B9%92%E7%94%B7%E5%9B%A2%E8%BE%93%E6%97%A5%E6%9C%AC&sa=fyb_news&rsv_dl=fyb_news,https://fyb-2.cdn.bcebos.com/hotboard_image/af2070142c11c6a85896e5f2eb457990,百度热搜,实时热搜,realtime,hotlist,,2026-09-25 08:55:41
16,白宫响起“月亮代表我的心”,当地时间9月24日，国家主席习近平和夫人彭丽媛将在白宫出席美国总统特朗普和夫人梅拉尼娅举行的欢迎宴会。白宫响起“月亮代表我的心”。,6465587,https://www.baidu.com/s?wd=%E7%99%BD%E5%AE%AB%E5%93%8D%E8%B5%B7%E2%80%9C%E6%9C%88%E4%BA%AE%E4%BB%A3%E8%A1%A8%E6%88%91%E7%9A%84%E5%BF%83%E2%80%9D&sa=fyb_news&rsv_dl=fyb_news,https://fyb-2.cdn.bcebos.com/hotboard_image/9c5a02e5a1afeb7a89c9e102f0b35337,百度热搜,实时热搜,realtime,hotlist,,2026-09-25 08:55:41
17,张雪就泰康人寿拒赔一事发声,近日，张雪在个人账号为“投保重疾险10年后确诊结肠癌遭拒赔”事件发声，他直接转发相关新闻片段，并询问泰康人寿：“这是造谣吗？如果是就起诉，如果不是就鄙视你。”目前，泰康人寿就拒赔一事暂无新回应。,6375578,https://www.baidu.com/s?wd=%E5%BC%A0%E9%9B%AA%E5%B0%B1%E6%B3%B0%E5%BA%B7%E4%BA%BA%E5%AF%BF%E6%8B%92%E8%B5%94%E4%B8%80%E4%BA%8B%E5%8F%91%E5%A3%B0&sa=fyb_news&rsv_dl=fyb_news,https://fyb-2.cdn.bcebos.com/hotboard_image/917f401392ed5b1b881aa6e32f4456c9,百度热搜,实时热搜,realtime,hotlist,,2026-09-25 08:55:41
18,李一桐北舞严选的含金量还在上升,中秋奇妙游中，李一桐切换三套造型，以青赤黄白黑五方正色为视觉核心，用歌声和舞蹈演绎传统五色，从山水到生活展开色彩叙事，宛如仙女下人间，北舞严选含金量还在上升。,6274951,https://www.baidu.com/s?wd=%E6%9D%8E%E4%B8%80%E6%A1%90%E5%8C%97%E8%88%9E%E4%B8%A5%E9%80%89%E7%9A%84%E5%90%AB%E9%87%91%E9%87%8F%E8%BF%98%E5%9C%A8%E4%B8%8A%E5%8D%87&sa=fyb_news&rsv_dl=fyb_news,https://fyb-2.cdn.bcebos.com/hotboard_image/2b9ee8e1a5fa443c37d12f8df9ab2b6f,百度热搜,实时热搜,realtime,hotlist,,2026-09-25 08:55:41
19,河南矿山过中秋1600余桌宴席摆进厂房,9月23日晚，河南矿山第十三届中秋孝文化节火热开启，两天摆下1600余桌宴席，15000余名员工及家属欢聚厂区。,6183931,https://www.baidu.com/s?wd=%E6%B2%B3%E5%8D%97%E7%9F%BF%E5%B1%B1%E8%BF%87%E4%B8%AD%E7%A7%8B1600%E4%BD%99%E6%A1%8C%E5%AE%B4%E5%B8%AD%E6%91%86%E8%BF%9B%E5%8E%82%E6%88%BF&sa=fyb_news&rsv_dl=fyb_news,https://fyb-2.cdn.bcebos.com/hotboard_image/e258d2acf0611b935265332f0cf80332,百度热搜,实时热搜,realtime,hotlist,,2026-09-25 08:55:41
20,9月龄幼崽手脚并用爬山,近日，武汉一9月龄宝宝穿戴护膝手脚并用爬山引发热议。家长回应称，遵从孩子意愿且保证安全绝不强迫。此前宝宝8个月时已学会爬楼梯，因手掌皮肉厚实多次爬行未磨破，随后才带其进行户外爬山。,6095308,https://www.baidu.com/s?wd=9%E6%9C%88%E9%BE%84%E5%B9%BC%E5%B4%BD%E6%89%8B%E8%84%9A%E5%B9%B6%E7%94%A8%E7%88%AC%E5%B1%B1&sa=fyb_news&rsv_dl=fyb_news,https://fyb-2.cdn.bcebos.com/hotboard_image/ba6b17ec87719bfe152dc07ddc515a47,百度热搜,实时热搜,realtime,hotlist,,2026-09-25 08:55:41
21,胖东来大月饼难抢,9月24日，记者在新乡胖东来探访发现，顾客购物车堆成小山，有百公里外老板开车来进货。此前，胖东来网红大月饼改为线上限购销售，工作人员称每天上架几千份，两三分钟便抢空，引发关注。,5995570,https://www.baidu.com/s?wd=%E8%83%96%E4%B8%9C%E6%9D%A5%E5%A4%A7%E6%9C%88%E9%A5%BC%E9%9A%BE%E6%8A%A2&sa=fyb_news&rsv_dl=fyb_news,https://fyb-2.cdn.bcebos.com/hotboard_image/9e971a7cbb0a4e1fbfcdf2c019583779,百度热搜,实时热搜,realtime,hotlist,,2026-09-25 08:55:41
22,公司发月饼1人1口不准多拿,近日，深圳一家公司发放中秋月饼福利，每人仅能领取一口，现场还提醒员工不要多拿。此事传到网上引发热议。,5893542,https://www.baidu.com/s?wd=%E5%85%AC%E5%8F%B8%E5%8F%91%E6%9C%88%E9%A5%BC1%E4%BA%BA1%E5%8F%A3%E4%B8%8D%E5%87%86%E5%A4%9A%E6%8B%BF&sa=fyb_news&rsv_dl=fyb_news,https://fyb-2.cdn.bcebos.com/hotboard_image/7668ea8ae2bd0680acabe6f8fdb8b726,百度热搜,实时热搜,realtime,hotlist,,2026-09-25 08:55:41
23,中美元首夫人参观国立亚洲艺术博物馆,当地时间9月24日中午，国家主席习近平夫人彭丽媛在华盛顿同美国总统特朗普夫人梅拉尼娅参观国立亚洲艺术博物馆。彭丽媛对美方近年来多次向中方返还中国文物表示赞赏，希望中美双方继续加强文化交流和文化遗产保护合作，增进两国人民友好。,5801483,https://www.baidu.com/s?wd=%E4%B8%AD%E7%BE%8E%E5%85%83%E9%A6%96%E5%A4%AB%E4%BA%BA%E5%8F%82%E8%A7%82%E5%9B%BD%E7%AB%8B%E4%BA%9A%E6%B4%B2%E8%89%BA%E6%9C%AF%E5%8D%9A%E7%89%A9%E9%A6%86&sa=fyb_news&rsv_dl=fyb_news,https://fyb-2.cdn.bcebos.com/hotboard_image/3a6789a600ba630a0ca6ee6e430fd757,百度热搜,实时热搜,realtime,hotlist,,2026-09-25 08:55:41
24,王楚钦0-3张本智和,9月24日，名古屋亚运会乒乓球男团决赛，国乒主力王楚钦在第四盘0:3爆冷不敌东道主日本选手张本智和；此前王楚钦逆转、林诗栋变阵获胜助国乒2:1领先，此番落败后双方大比分2:2战平。,5702735,https://www.baidu.com/s?wd=%E7%8E%8B%E6%A5%9A%E9%92%A60-3%E5%BC%A0%E6%9C%AC%E6%99%BA%E5%92%8C&sa=fyb_news&rsv_dl=fyb_news,https://fyb-2.cdn.bcebos.com/hotboard_image/13c60c8589b417e58c834be31e655f0b,百度热搜,实时热搜,realtime,hotlist,,2026-09-25 08:55:41
25,多地商场把“C位”留给国之栋梁,近日，不少网友在社交平台上发视频称，多地商场的核心“C位”挂上了“国家栋梁”主题巨幅海报，集中展示袁隆平、钱学森、邓稼先、屠呦呦等功勋人物。一商场负责人：我们就是想让更多人知道这些“国家栋梁”，向他们致敬。,5612935,https://www.baidu.com/s?wd=%E5%A4%9A%E5%9C%B0%E5%95%86%E5%9C%BA%E6%8A%8A%E2%80%9CC%E4%BD%8D%E2%80%9D%E7%95%99%E7%BB%99%E5%9B%BD%E4%B9%8B%E6%A0%8B%E6%A2%81&sa=fyb_news&rsv_dl=fyb_news,https://fyb-2.cdn.bcebos.com/hotboard_image/d87150be3dbb653a51987ec1bc349eea,百度热搜,实时热搜,realtime,hotlist,,2026-09-25 08:55:41
26,哥伦比亚宣布与伊朗断交,当地时间9月24日，哥伦比亚外交部发表声明，宣布自9月19日起正式与伊朗断绝外交关系。声明指出，该决定基于哥伦比亚在国家和地区安全及打击跨国犯罪等方面的外交政策原则。同时强调，断绝外交关系并不意味着断绝两国领事关系。,5505111,https://www.baidu.com/s?wd=%E5%93%A5%E4%BC%A6%E6%AF%94%E4%BA%9A%E5%AE%A3%E5%B8%83%E4%B8%8E%E4%BC%8A%E6%9C%97%E6%96%AD%E4%BA%A4&sa=fyb_news&rsv_dl=fyb_news,https://fyb-2.cdn.bcebos.com/hotboard_image/91313c7c3845542a49095e1382ab68f5,百度热搜,实时热搜,realtime,hotlist,,2026-09-25 08:55:41
27,坐高铁用不用一次性座椅套垫,9月24日上午，针对网友热议的“坐高铁是否需自带一次性座椅套垫”，铁路12306回应称，高铁坐垫正常120至180天更换清洗，卧铺床单一客一换，平时脏污会清理。,5408352,https://www.baidu.com/s?wd=%E5%9D%90%E9%AB%98%E9%93%81%E7%94%A8%E4%B8%8D%E7%94%A8%E4%B8%80%E6%AC%A1%E6%80%A7%E5%BA%A7%E6%A4%85%E5%A5%97%E5%9E%AB&sa=fyb_news&rsv_dl=fyb_news,https://fyb-2.cdn.bcebos.com/hotboard_image/f61c800f1097845473bcb0f4c8000e08,百度热搜,实时热搜,realtime,hotlist,,2026-09-25 08:55:41
28,大熊猫“平平”“福双”将赴美,再过几天，大熊猫“平平”、“福双”就会落户亚特兰大动物园，同美国人民见面。,5328103,https://www.baidu.com/s?wd=%E5%A4%A7%E7%86%8A%E7%8C%AB%E2%80%9C%E5%B9%B3%E5%B9%B3%E2%80%9D%E2%80%9C%E7%A6%8F%E5%8F%8C%E2%80%9D%E5%B0%86%E8%B5%B4%E7%BE%8E&sa=fyb_news&rsv_dl=fyb_news,https://fyb-2.cdn.bcebos.com/hotboard_image/7079819e3a20186c6f9b93ec3e116965,百度热搜,实时热搜,realtime,hotlist,,2026-09-25 08:55:41
29,国家对成品油价格实施调控,为减缓国际油价上涨对国内的冲击，国家继续对成品油价格采取调控措施。根据现行价格机制计算，自9月24日24时起，国内汽、柴油（标准品）价格每吨分别应上调830元、800元，调控后实际上调395元、385元。,5239055,https://www.baidu.com/s?wd=%E5%9B%BD%E5%AE%B6%E5%AF%B9%E6%88%90%E5%93%81%E6%B2%B9%E4%BB%B7%E6%A0%BC%E5%AE%9E%E6%96%BD%E8%B0%83%E6%8E%A7&sa=fyb_news&rsv_dl=fyb_news,https://fyb-2.cdn.bcebos.com/hotboard_image/7079819e3a20186c6f9b93ec3e116965,百度热搜,实时热搜,realtime,hotlist,,2026-09-25 08:55:41
30,《兰香如故》市占率42.6%,目前，由谭松韵主演的电视剧《兰香如故》正在热播中，其市占率创下新高，已达42.6%。此前该剧开播初不被看好，如今打脸多方预测。,5136876,https://www.baidu.com/s?wd=%E3%80%8A%E5%85%B0%E9%A6%99%E5%A6%82%E6%95%85%E3%80%8B%E5%B8%82%E5%8D%A0%E7%8E%8742.6%25&sa=fyb_news&rsv_dl=fyb_news,https://fyb-2.cdn.bcebos.com/hotboard_image/d19602c4f591db1ad37192b0bf46c2cc,百度热搜,实时热搜,realtime,hotlist,,2026-09-25 08:55:41
31,企业给30年工龄老员工发万元奖励,近日，河南洛阳中成集团40周年庆给30年工龄老员工发万元奖励。据悉，11名满30年工龄员工获万元奖励，10至30年工龄的255名员工获电动车等。此外，公司每位员工还收到1000元购物卡。,5045676,https://www.baidu.com/s?wd=%E4%BC%81%E4%B8%9A%E7%BB%9930%E5%B9%B4%E5%B7%A5%E9%BE%84%E8%80%81%E5%91%98%E5%B7%A5%E5%8F%91%E4%B8%87%E5%85%83%E5%A5%96%E5%8A%B1&sa=fyb_news&rsv_dl=fyb_news,https://fyb-2.cdn.bcebos.com/hotboard_image/103ff2584e66a21f29f7761522e2e260,百度热搜,实时热搜,realtime,hotlist,,2026-09-25 08:55:41
32,特朗普在欢迎宴会上发表致辞,当地时间9月24日晚，国家主席习近平和夫人彭丽媛在白宫出席美国总统特朗普和夫人梅拉尼娅举行的欢迎宴会。特朗普总统发表致辞。,4935888,https://www.baidu.com/s?wd=%E7%89%B9%E6%9C%97%E6%99%AE%E5%9C%A8%E6%AC%A2%E8%BF%8E%E5%AE%B4%E4%BC%9A%E4%B8%8A%E5%8F%91%E8%A1%A8%E8%87%B4%E8%BE%9E&sa=fyb_news&rsv_dl=fyb_news,https://fyb-2.cdn.bcebos.com/hotboard_image/23498e790ec72673a3e3ee478372308e,百度热搜,实时热搜,realtime,hotlist,,2026-09-25 08:55:41
33,以色列总理联大讲话 台下快走空了,当地时间9月24日下午（北京时间9月25日凌晨），以色列总理内塔尼亚胡在第81届联合国大会一般性辩论上发表讲话，现场大多数国家代表离场抗议，他将其称为“懦夫”。,4854960,https://www.baidu.com/s?wd=%E4%BB%A5%E8%89%B2%E5%88%97%E6%80%BB%E7%90%86%E8%81%94%E5%A4%A7%E8%AE%B2%E8%AF%9D+%E5%8F%B0%E4%B8%8B%E5%BF%AB%E8%B5%B0%E7%A9%BA%E4%BA%86&sa=fyb_news&rsv_dl=fyb_news,https://fyb-2.cdn.bcebos.com/hotboard_image/ce2a73222ec52b3ef727ccf9ff449e2e,百度热搜,实时热搜,realtime,hotlist,,2026-09-25 08:55:41
34,亚运会今日将迎百米飞人大战,9月25日晚，名古屋亚运会男女百米飞人大战上演，33岁老将谢震业与19岁小将曾克理出战男子组，17岁陈妤颉冲击女子金牌，泰国选手预赛9秒95成最大热门。,4746047,https://www.baidu.com/s?wd=%E4%BA%9A%E8%BF%90%E4%BC%9A%E4%BB%8A%E6%97%A5%E5%B0%86%E8%BF%8E%E7%99%BE%E7%B1%B3%E9%A3%9E%E4%BA%BA%E5%A4%A7%E6%88%98&sa=fyb_news&rsv_dl=fyb_news,https://fyb-2.cdn.bcebos.com/hotboard_image/8e17b12dac83bc6413bc198daa620837,百度热搜,实时热搜,realtime,hotlist,,2026-09-25 08:55:41
35,网红负重手环 伤关节,近日，号称能“轻松瘦手臂”的网红负重手环热销。多位专家解读指出，负重手环无法实现局部减脂，仅能提供轻度肌耐力刺激。若长期在静态场景中佩戴，易导致关节受压，引发腱鞘炎等劳损病症。,4648999,https://www.baidu.com/s?wd=%E7%BD%91%E7%BA%A2%E8%B4%9F%E9%87%8D%E6%89%8B%E7%8E%AF+%E4%BC%A4%E5%85%B3%E8%8A%82&sa=fyb_news&rsv_dl=fyb_news,https://fyb-2.cdn.bcebos.com/hotboard_image/4a5f427b8206812efcc696f5a1f1b41f,百度热搜,实时热搜,realtime,hotlist,,2026-09-25 08:55:41
36,国足3比0马尔代夫,9月24日，2026CFA中国之队·重庆国际足球邀请赛在重庆龙兴足球场举行，中国队3比0战胜马尔代夫队。,4576094,https://www.baidu.com/s?wd=%E5%9B%BD%E8%B6%B33%E6%AF%940%E9%A9%AC%E5%B0%94%E4%BB%A3%E5%A4%AB&sa=fyb_news&rsv_dl=fyb_news,https://fyb-2.cdn.bcebos.com/hotboard_image/137aedf169507ddcf4409bfd44896846,百度热搜,实时热搜,realtime,hotlist,,2026-09-25 08:55:41
37,中美元首会谈的开场白都说了些什么,当地时间9月24日上午，国家主席习近平同美国总统特朗普在白宫举行会谈。两国元首在会谈中都说了些什么？一起来看记者康辉在现场发回的报道！,4464989,https://www.baidu.com/s?wd=%E4%B8%AD%E7%BE%8E%E5%85%83%E9%A6%96%E4%BC%9A%E8%B0%88%E7%9A%84%E5%BC%80%E5%9C%BA%E7%99%BD%E9%83%BD%E8%AF%B4%E4%BA%86%E4%BA%9B%E4%BB%80%E4%B9%88&sa=fyb_news&rsv_dl=fyb_news,https://fyb-2.cdn.bcebos.com/hotboard_image/1b841f197c4e932c52078110d7a2a75b,百度热搜,实时热搜,realtime,hotlist,,2026-09-25 08:55:41
38,黑芝麻糊检出霉菌超标27倍 维维回应,近日，上海市场监管抽检发现，维维子公司生产的一批无添加蔗糖黑芝麻糊霉菌最高超标27倍。维维回应涉事产品已全部召回，市面无留存。截至9月23日收盘，维维股份市值50亿，年内股价下跌超9%。,4366335,https://www.baidu.com/s?wd=%E9%BB%91%E8%8A%9D%E9%BA%BB%E7%B3%8A%E6%A3%80%E5%87%BA%E9%9C%89%E8%8F%8C%E8%B6%85%E6%A0%8727%E5%80%8D+%E7%BB%B4%E7%BB%B4%E5%9B%9E%E5%BA%94&sa=fyb_news&rsv_dl=fyb_news,https://fyb-2.cdn.bcebos.com/hotboard_image/fb55dad18e6f0ad0a40c6eebd5a95b74,百度热搜,实时热搜,realtime,hotlist,,2026-09-25 08:55:41
39,国防部回应新西兰军舰过航台湾海峡,近日，针对新西兰军舰过航台湾海峡，中国军队依法依规组织海空兵力全程跟监警戒并有效应对处置。中方敦促新方恪守一个中国原则，勿向“台独”分裂势力发出错误信号。,4284093,https://www.baidu.com/s?wd=%E5%9B%BD%E9%98%B2%E9%83%A8%E5%9B%9E%E5%BA%94%E6%96%B0%E8%A5%BF%E5%85%B0%E5%86%9B%E8%88%B0%E8%BF%87%E8%88%AA%E5%8F%B0%E6%B9%BE%E6%B5%B7%E5%B3%A1&sa=fyb_news&rsv_dl=fyb_news,https://fyb-2.cdn.bcebos.com/hotboard_image/a3bf55492ba673ef30e7afea0a9e765d,百度热搜,实时热搜,realtime,hotlist,,2026-09-25 08:55:41
40,被林依轮《月光》中秋柔情的一面打动,在河南《中秋奇妙游》节目中，林依轮一首《月光》唱出了乡愁思念，情感好充沛！其演唱画面从古代跨越至现代，传达了中国人传统的书信传音与游子对家乡的思念，都快把观众唱哭了。,4167179,https://www.baidu.com/s?wd=%E8%A2%AB%E6%9E%97%E4%BE%9D%E8%BD%AE%E3%80%8A%E6%9C%88%E5%85%89%E3%80%8B%E4%B8%AD%E7%A7%8B%E6%9F%94%E6%83%85%E7%9A%84%E4%B8%80%E9%9D%A2%E6%89%93%E5%8A%A8&sa=fyb_news&rsv_dl=fyb_news,https://fyb-2.cdn.bcebos.com/hotboard_image/34c210a17294fdc923daced0d0df94f0,百度热搜,实时热搜,realtime,hotlist,,2026-09-25 08:55:41
41,王楚钦3比2逆转松岛辉空,北京时间9月24日，爱知·名古屋亚运会乒乓球男团决赛首盘，王楚钦对阵日本名将松岛辉空。最终，王楚钦3-2逆转战胜松岛辉空，中国队1-0领先日本队，比分：5-11、8-11、11-9、11-9、11-9。,4090053,https://www.baidu.com/s?wd=%E7%8E%8B%E6%A5%9A%E9%92%A63%E6%AF%942%E9%80%86%E8%BD%AC%E6%9D%BE%E5%B2%9B%E8%BE%89%E7%A9%BA&sa=fyb_news&rsv_dl=fyb_news,https://fyb-2.cdn.bcebos.com/hotboard_image/b03bbc0da03733929031ee63323a3bb9,百度热搜,实时热搜,realtime,hotlist,,2026-09-25 08:55:41
42,国乒女团亚运6连冠 3-0横扫日本,9月24日，名古屋亚运会乒乓球女子团体决赛，中国队3-0击败日本队，夺得金牌！这是中国乒乓球在亚运会上的第12枚女团金牌，同时也实现了女团六连冠。,3995416,https://www.baidu.com/s?wd=%E5%9B%BD%E4%B9%92%E5%A5%B3%E5%9B%A2%E4%BA%9A%E8%BF%906%E8%BF%9E%E5%86%A0+3-0%E6%A8%AA%E6%89%AB%E6%97%A5%E6%9C%AC&sa=fyb_news&rsv_dl=fyb_news,https://fyb-2.cdn.bcebos.com/hotboard_image/e23fafdf4d05107ed6160fd76898ad87,百度热搜,实时热搜,realtime,hotlist,,2026-09-25 08:55:41
43,羽毛球降价：从一球难求到库存积压,近日，经历前几年疯涨后羽毛球价格逐渐回落，多个品牌下调价格，“口粮球”降幅约26%，从一球难求到库存积压。,3880038,https://www.baidu.com/s?wd=%E7%BE%BD%E6%AF%9B%E7%90%83%E9%99%8D%E4%BB%B7%EF%BC%9A%E4%BB%8E%E4%B8%80%E7%90%83%E9%9A%BE%E6%B1%82%E5%88%B0%E5%BA%93%E5%AD%98%E7%A7%AF%E5%8E%8B&sa=fyb_news&rsv_dl=fyb_news,https://fyb-2.cdn.bcebos.com/hotboard_image/3b9e68d844ab87d9959f4202abe41c98,百度热搜,实时热搜,realtime,hotlist,,2026-09-25 08:55:41
44,飞机维修人才缺口超15万,当前中国飞机维修能力正从引进走向自主，发动机等核心部件逐渐实现国内维修。截至2025年底，国内累计颁发9.25万份机务执照，但空客预测2024-2043年中国仍需新增15.5万名维修技术人员，能修核心件的人才严重紧缺，行业呼吁完善薪酬与晋升体系。,3799696,https://www.baidu.com/s?wd=%E9%A3%9E%E6%9C%BA%E7%BB%B4%E4%BF%AE%E4%BA%BA%E6%89%8D%E7%BC%BA%E5%8F%A3%E8%B6%8515%E4%B8%87&sa=fyb_news&rsv_dl=fyb_news,https://fyb-2.cdn.bcebos.com/hotboard_image/b4cd158dbe7e718bea4bcf4dc99ed54c,百度热搜,实时热搜,realtime,hotlist,,2026-09-25 08:55:41
45,欧国联哈兰德双响,北京时间9月25日凌晨，欧国联A4组首轮，挪威3-2战胜丹麦取得开门红，哈兰德梅开二度，其国家队生涯已打入64球，下轮将与葡萄牙对决。,3704816,https://www.baidu.com/s?wd=%E6%AC%A7%E5%9B%BD%E8%81%94%E5%93%88%E5%85%B0%E5%BE%B7%E5%8F%8C%E5%93%8D&sa=fyb_news&rsv_dl=fyb_news,https://fyb-2.cdn.bcebos.com/hotboard_image/a6dd9596370d603d2a47540954b45271,百度热搜,实时热搜,realtime,hotlist,,2026-09-25 08:55:41
46,杨洋夺得举重男子60公斤级金牌,9月24日，名古屋亚运会举重男子60公斤级决赛，中国选手杨洋夺得金牌，打破男子60公斤级亚运会纪录！,3605996,https://www.baidu.com/s?wd=%E6%9D%A8%E6%B4%8B%E5%A4%BA%E5%BE%97%E4%B8%BE%E9%87%8D%E7%94%B7%E5%AD%9060%E5%85%AC%E6%96%A4%E7%BA%A7%E9%87%91%E7%89%8C&sa=fyb_news&rsv_dl=fyb_news,https://fyb-2.cdn.bcebos.com/hotboard_image/2a0b6614f386b518e38184eddba9acfd,百度热搜,实时热搜,realtime,hotlist,,2026-09-25 08:55:41
47,用AI走进古人笔下的广寒宫,农历八月十五中秋节，借助AI技术走进古人笔下的广寒宫，尽显东方浪漫！,3502973,https://www.baidu.com/s?wd=%E7%94%A8AI%E8%B5%B0%E8%BF%9B%E5%8F%A4%E4%BA%BA%E7%AC%94%E4%B8%8B%E7%9A%84%E5%B9%BF%E5%AF%92%E5%AE%AB&sa=fyb_news&rsv_dl=fyb_news,https://fyb-2.cdn.bcebos.com/hotboard_image/3f6f9aa797bf429b1a0fc13d0af0511f,百度热搜,实时热搜,realtime,hotlist,,2026-09-25 08:55:41
48,C罗进球被吹葡萄牙欧国联开门红,北京时间9月25日凌晨，欧国联A4组第1轮，葡萄牙主场迎战威尔士。第22分钟，菲利克斯外围远射直钻死角破门。第59分钟，C罗单刀推射破门，但经VAR检查越位在先进球无效。最终葡萄牙1-0战胜威尔士取得开门红。,3434421,https://www.baidu.com/s?wd=C%E7%BD%97%E8%BF%9B%E7%90%83%E8%A2%AB%E5%90%B9%E8%91%A1%E8%90%84%E7%89%99%E6%AC%A7%E5%9B%BD%E8%81%94%E5%BC%80%E9%97%A8%E7%BA%A2&sa=fyb_news&rsv_dl=fyb_news,https://fyb-2.cdn.bcebos.com/hotboard_image/7f151f57601b5211d2fbb4efbbba02a2,百度热搜,实时热搜,realtime,hotlist,,2026-09-25 08:55:41
49,胡塞武装称再袭沙特首都,,3338812,https://www.baidu.com/s?wd=%E8%83%A1%E5%A1%9E%E6%AD%A6%E8%A3%85%E7%A7%B0%E5%86%8D%E8%A2%AD%E6%B2%99%E7%89%B9%E9%A6%96%E9%83%BD&sa=fyb_news&rsv_dl=fyb_news,https://fyb-1.cdn.bcebos.com/fyb/de6163834f53ca92c1273fff98ac9078.jpeg,百度热搜,实时热搜,realtime,hotlist,,2026-09-25 08:55:41
50,王曼昱3比2逆转张本美和,9月24日晚，亚运会乒乓球女团决赛，中国vs日本第二盘，王曼昱3-2逆转张本美和，总比分中国队2-0日本队，第三盘蒯曼vs伊藤美诚，一起为国乒女团加油！,3220079,https://www.baidu.com/s?wd=%E7%8E%8B%E6%9B%BC%E6%98%B13%E6%AF%942%E9%80%86%E8%BD%AC%E5%BC%A0%E6%9C%AC%E7%BE%8E%E5%92%8C&sa=fyb_news&rsv_dl=fyb_news,https://fyb-2.cdn.bcebos.com/hotboard_image/44ea50d52647de5cb1f5b23580a3ec79,百度热搜,实时热搜,realtime,hotlist,,2026-09-25 08:55:41
1,习近平同美国总统特朗普会谈,,7904383,https://www.baidu.com/s?wd=%E4%B9%A0%E8%BF%91%E5%B9%B3%E5%90%8C%E7%BE%8E%E5%9B%BD%E6%80%BB%E7%BB%9F%E7%89%B9%E6%9C%97%E6%99%AE%E4%BC%9A%E8%B0%88&sa=fyb_news&rsv_dl=fyb_news,https://fyb-1.cdn.bcebos.com/fyb/de6163834f53ca92c1273fff98ac9078.jpeg,百度热搜,实时热搜,realtime,hotlist,,2026-09-25 09:31:03
2,习近平在欢迎宴会上的祝酒辞,当地时间9月24日，国家主席习近平在华盛顿出席美国总统举行的欢迎宴会并致祝酒辞。习近平表示，当天双方坦诚深入交流，达成很多新共识，为中美关系提供新的战略指引。此前，今年5月美国总统访华，两国元首同意构建中美建设性战略稳定关系，习近平此次系应约访美。,7808777,https://www.baidu.com/s?wd=%E4%B9%A0%E8%BF%91%E5%B9%B3%E5%9C%A8%E6%AC%A2%E8%BF%8E%E5%AE%B4%E4%BC%9A%E4%B8%8A%E7%9A%84%E7%A5%9D%E9%85%92%E8%BE%9E&sa=fyb_news&rsv_dl=fyb_news,https://fyb-2.cdn.bcebos.com/hotboard_image/7079819e3a20186c6f9b93ec3e116965,百度热搜,实时热搜,realtime,hotlist,,2026-09-25 09:31:03
3,习近平和彭丽媛出席欢迎宴会,,7713908,https://www.baidu.com/s?wd=%E4%B9%A0%E8%BF%91%E5%B9%B3%E5%92%8C%E5%BD%AD%E4%B8%BD%E5%AA%9B%E5%87%BA%E5%B8%AD%E6%AC%A2%E8%BF%8E%E5%AE%B4%E4%BC%9A&sa=fyb_news&rsv_dl=fyb_news,https://fyb-1.cdn.bcebos.com/fyb/de6163834f53ca92c1273fff98ac9078.jpeg,百度热搜,实时热搜,realtime,hotlist,,2026-09-25 09:31:03
4,世界技能大赛究竟比什么,第48届世界技能大赛9月23日进入开赛首日，从精密制造到数字技术，从匠心手作到智能应用，赛场内外处处是毫厘之间的较量。71位中国选手亮相全部64个项目，向世界展示硬核技艺。,7616236,https://www.baidu.com/s?wd=%E4%B8%96%E7%95%8C%E6%8A%80%E8%83%BD%E5%A4%A7%E8%B5%9B%E7%A9%B6%E7%AB%9F%E6%AF%94%E4%BB%80%E4%B9%88&sa=fyb_news&rsv_dl=fyb_news,https://fyb-2.cdn.bcebos.com/hotboard_image/ec177f32f679dc72eec5263c0f8841cf,百度热搜,实时热搜,realtime,hotlist,,2026-09-25 09:31:03
5,白宫墙上悬挂中美元首握手照片,白宫一楼的墙上，悬挂着特朗普总统访华时，习近平主席同他握手的照片。,7524031,https://www.baidu.com/s?wd=%E7%99%BD%E5%AE%AB%E5%A2%99%E4%B8%8A%E6%82%AC%E6%8C%82%E4%B8%AD%E7%BE%8E%E5%85%83%E9%A6%96%E6%8F%A1%E6%89%8B%E7%85%A7%E7%89%87&sa=fyb_news&rsv_dl=fyb_news,https://fyb-2.cdn.bcebos.com/hotboard_image/c8484cfdae958d151c32876a803b19b7,百度热搜,实时热搜,realtime,hotlist,,2026-09-25 09:31:03
6,暴涨1450%！这个中秋爆款全球下单,中秋节来临，餐桌上的“双向奔赴”如火如荼。进口生鲜迎来小高峰，出口节庆产品订单也屡创新高。其中，今年前8个月，盘锦河蟹出口量达482吨，同比增长14.5倍。这个中秋，舌尖美味与文化符号正在双向流动。,7425909,https://www.baidu.com/s?wd=%E6%9A%B4%E6%B6%A81450%25%EF%BC%81%E8%BF%99%E4%B8%AA%E4%B8%AD%E7%A7%8B%E7%88%86%E6%AC%BE%E5%85%A8%E7%90%83%E4%B8%8B%E5%8D%95&sa=fyb_news&rsv_dl=fyb_news,https://fyb-2.cdn.bcebos.com/hotboard_image/1afcce65f89d470e75a24d2fb7e7e60c,百度热搜,实时热搜,realtime,hotlist,,2026-09-25 09:31:03
7,用手机钢化膜的受害者出现了,近期，多位网友在社交平台反映被手机的钢化膜扎伤，看似日常的手机配件，有时竟化身伤人利器，相关话题引发广泛关注，记者采访了多位受害者，一起来看。,7329710,https://www.baidu.com/s?wd=%E7%94%A8%E6%89%8B%E6%9C%BA%E9%92%A2%E5%8C%96%E8%86%9C%E7%9A%84%E5%8F%97%E5%AE%B3%E8%80%85%E5%87%BA%E7%8E%B0%E4%BA%86&sa=fyb_news&rsv_dl=fyb_news,https://fyb-2.cdn.bcebos.com/hotboard_image/e17a91522cf1be8c482b213568d200b1,百度热搜,实时热搜,realtime,hotlist,,2026-09-25 09:31:03
8,中秋节,,7232193,https://www.baidu.com/s?wd=%E4%B8%AD%E7%A7%8B%E8%8A%82&sa=fyb_news&rsv_dl=fyb_news,https://fyb-1.cdn.bcebos.com/fyb/de6163834f53ca92c1273fff98ac9078.jpeg,百度热搜,实时热搜,realtime,hotlist,,2026-09-25 09:31:03
9,王皓回应国乒男团不敌日本队丢冠,主教练王皓回应男团丢冠，表示球队现在正处于新老交替的重要环节，需要给年轻运动员试错的空间。他呼吁媒体和球迷善待球员和教练，指出球员承受比赛胜负和外界质疑的压力，教练组也扎根球队无暇陪伴家庭。,7135400,https://www.baidu.com/s?wd=%E7%8E%8B%E7%9A%93%E5%9B%9E%E5%BA%94%E5%9B%BD%E4%B9%92%E7%94%B7%E5%9B%A2%E4%B8%8D%E6%95%8C%E6%97%A5%E6%9C%AC%E9%98%9F%E4%B8%A2%E5%86%A0&sa=fyb_news&rsv_dl=fyb_news,https://fyb-2.cdn.bcebos.com/hotboard_image/d0b228a5c2d661f9e6812f78a3e81556,百度热搜,实时热搜,realtime,hotlist,,2026-09-25 09:31:03
10,全国赏秋地图来了,秋天出行是幸福又治愈的。这份全国赏秋指南和朝霞晚霞观赏地图一起收藏起来吧。,7043543,https://www.baidu.com/s?wd=%E5%85%A8%E5%9B%BD%E8%B5%8F%E7%A7%8B%E5%9C%B0%E5%9B%BE%E6%9D%A5%E4%BA%86&sa=fyb_news&rsv_dl=fyb_news,https://fyb-2.cdn.bcebos.com/hotboard_image/4f61ed40626a6bdfe452a18beceb7d55,百度热搜,实时热搜,realtime,hotlist,,2026-09-25 09:31:03
11,特朗普夫妇热情迎接习近平夫妇,当地时间9月24日晚，国家主席习近平和夫人彭丽媛在白宫出席美国总统特朗普和夫人梅拉尼娅举行的欢迎宴会。特朗普总统夫妇在白宫热情迎接习近平主席夫妇。,6950562,https://www.baidu.com/s?wd=%E7%89%B9%E6%9C%97%E6%99%AE%E5%A4%AB%E5%A6%87%E7%83%AD%E6%83%85%E8%BF%8E%E6%8E%A5%E4%B9%A0%E8%BF%91%E5%B9%B3%E5%A4%AB%E5%A6%87&sa=fyb_news&rsv_dl=fyb_news,https://fyb-2.cdn.bcebos.com/hotboard_image/8ed8c718b13a9ae5f17228fd07ad2838,百度热搜,实时热搜,realtime,hotlist,,2026-09-25 09:31:03
12,陌生快递寄来礼品卡？误区要注意,中秋、国庆双节将至，不少人收到了一份“从天而降”的快递——自己明明没有网购，却收到一个装着湿巾等小物件外加一张“双节礼品卡”的包裹。不花一分钱扫个码就能领取年货大礼包？千万别信！此类事存在着两大认知误区，一文解读！,6854969,https://www.baidu.com/s?wd=%E9%99%8C%E7%94%9F%E5%BF%AB%E9%80%92%E5%AF%84%E6%9D%A5%E7%A4%BC%E5%93%81%E5%8D%A1%EF%BC%9F%E8%AF%AF%E5%8C%BA%E8%A6%81%E6%B3%A8%E6%84%8F&sa=fyb_news&rsv_dl=fyb_news,https://fyb-2.cdn.bcebos.com/hotboard_image/8ac4e32ba1b3f8270fb0b505025c307e,百度热搜,实时热搜,realtime,hotlist,,2026-09-25 09:31:03
13,第一波出发的大聪明堵路上了,9月24日凌晨，广昆高速肇庆段返乡车流出现多处堵塞。许多试图提前出发的车主遭遇拥堵，网友调侃：“第一波出发的大聪明堵路上了！”,6759646,https://www.baidu.com/s?wd=%E7%AC%AC%E4%B8%80%E6%B3%A2%E5%87%BA%E5%8F%91%E7%9A%84%E5%A4%A7%E8%81%AA%E6%98%8E%E5%A0%B5%E8%B7%AF%E4%B8%8A%E4%BA%86&sa=fyb_news&rsv_dl=fyb_news,https://fyb-2.cdn.bcebos.com/hotboard_image/46d2871d8d1b82688bea8c1a7ba5a309,百度热搜,实时热搜,realtime,hotlist,,2026-09-25 09:31:03
14,特朗普：这是一次“伟大的会晤”,当地时间9月24日中午，中美元首会谈结束。特朗普总统将习近平主席送至上车处道别，称赞这是一次“伟大的会晤”。,6659668,https://www.baidu.com/s?wd=%E7%89%B9%E6%9C%97%E6%99%AE%EF%BC%9A%E8%BF%99%E6%98%AF%E4%B8%80%E6%AC%A1%E2%80%9C%E4%BC%9F%E5%A4%A7%E7%9A%84%E4%BC%9A%E6%99%A4%E2%80%9D&sa=fyb_news&rsv_dl=fyb_news,https://fyb-2.cdn.bcebos.com/hotboard_image/23498e790ec72673a3e3ee478372308e,百度热搜,实时热搜,realtime,hotlist,,2026-09-25 09:31:03
15,张雪就泰康人寿拒赔一事发声,近日，张雪在个人账号为“投保重疾险10年后确诊结肠癌遭拒赔”事件发声，他直接转发相关新闻片段，并询问泰康人寿：“这是造谣吗？如果是就起诉，如果不是就鄙视你。”目前，泰康人寿就拒赔一事暂无新回应。,6561602,https://www.baidu.com/s?wd=%E5%BC%A0%E9%9B%AA%E5%B0%B1%E6%B3%B0%E5%BA%B7%E4%BA%BA%E5%AF%BF%E6%8B%92%E8%B5%94%E4%B8%80%E4%BA%8B%E5%8F%91%E5%A3%B0&sa=fyb_news&rsv_dl=fyb_news,https://fyb-2.cdn.bcebos.com/hotboard_image/917f401392ed5b1b881aa6e32f4456c9,百度热搜,实时热搜,realtime,hotlist,,2026-09-25 09:31:03
16,白宫响起“月亮代表我的心”,当地时间9月24日，国家主席习近平和夫人彭丽媛将在白宫出席美国总统特朗普和夫人梅拉尼娅举行的欢迎宴会。白宫响起“月亮代表我的心”。,6468199,https://www.baidu.com/s?wd=%E7%99%BD%E5%AE%AB%E5%93%8D%E8%B5%B7%E2%80%9C%E6%9C%88%E4%BA%AE%E4%BB%A3%E8%A1%A8%E6%88%91%E7%9A%84%E5%BF%83%E2%80%9D&sa=fyb_news&rsv_dl=fyb_news,https://fyb-2.cdn.bcebos.com/hotboard_image/9c5a02e5a1afeb7a89c9e102f0b35337,百度热搜,实时热搜,realtime,hotlist,,2026-09-25 09:31:03
17,平均月薪16149元 这类人才紧缺,今年1到8月，无人机工程师招聘职位数同比上涨26%，平均招聘月薪为16149元，无人机群飞行规划员岗位规模近五年增近8倍。产业急需懂装配、会编程的复合型人才。,6376662,https://www.baidu.com/s?wd=%E5%B9%B3%E5%9D%87%E6%9C%88%E8%96%AA16149%E5%85%83+%E8%BF%99%E7%B1%BB%E4%BA%BA%E6%89%8D%E7%B4%A7%E7%BC%BA&sa=fyb_news&rsv_dl=fyb_news,https://fyb-2.cdn.bcebos.com/hotboard_image/339bf668de76a280afe012baa9c25416,百度热搜,实时热搜,realtime,hotlist,,2026-09-25 09:31:03
18,李一桐北舞严选的含金量还在上升,中秋奇妙游中，李一桐切换三套造型，以青赤黄白黑五方正色为视觉核心，用歌声和舞蹈演绎传统五色，从山水到生活展开色彩叙事，宛如仙女下人间，北舞严选含金量还在上升。,6275704,https://www.baidu.com/s?wd=%E6%9D%8E%E4%B8%80%E6%A1%90%E5%8C%97%E8%88%9E%E4%B8%A5%E9%80%89%E7%9A%84%E5%90%AB%E9%87%91%E9%87%8F%E8%BF%98%E5%9C%A8%E4%B8%8A%E5%8D%87&sa=fyb_news&rsv_dl=fyb_news,https://fyb-2.cdn.bcebos.com/hotboard_image/2b9ee8e1a5fa443c37d12f8df9ab2b6f,百度热搜,实时热搜,realtime,hotlist,,2026-09-25 09:31:03
19,邓亚萍谈国乒男团输日本,9月24日，亚运会乒乓球男子团体决赛，由王楚钦、温瑞博、林诗栋组成的中国队2-3不敌日本队，获得银牌。赛后邓亚萍复盘称：“非常遗憾我们输掉了，但我认为中国男乒整体打得还是很不错的。”她表示，对于王楚钦，当天的排阵他没有任何容错空间。,6185934,https://www.baidu.com/s?wd=%E9%82%93%E4%BA%9A%E8%90%8D%E8%B0%88%E5%9B%BD%E4%B9%92%E7%94%B7%E5%9B%A2%E8%BE%93%E6%97%A5%E6%9C%AC&sa=fyb_news&rsv_dl=fyb_news,https://fyb-2.cdn.bcebos.com/hotboard_image/af2070142c11c6a85896e5f2eb457990,百度热搜,实时热搜,realtime,hotlist,,2026-09-25 09:31:03
20,胖东来大月饼难抢,9月24日，记者在新乡胖东来探访发现，顾客购物车堆成小山，有百公里外老板开车来进货。此前，胖东来网红大月饼改为线上限购销售，工作人员称每天上架几千份，两三分钟便抢空，引发关注。,6084719,https://www.baidu.com/s?wd=%E8%83%96%E4%B8%9C%E6%9D%A5%E5%A4%A7%E6%9C%88%E9%A5%BC%E9%9A%BE%E6%8A%A2&sa=fyb_news&rsv_dl=fyb_news,https://fyb-2.cdn.bcebos.com/hotboard_image/9e971a7cbb0a4e1fbfcdf2c019583779,百度热搜,实时热搜,realtime,hotlist,,2026-09-25 09:31:03
21,白宫公布国宴菜单与装饰,当地时间9月24日晚，国家主席习近平和夫人彭丽媛乘车抵达白宫，出席美国总统特朗普和夫人梅拉尼娅举行的欢迎宴会。美国第一夫人办公室当天公布了晚宴菜单和现场布置等细节。白宫将此次菜单概括为：以美国食材为主，同时融入中国元素，希望将两国饮食传统结合起来。,5991844,https://www.baidu.com/s?wd=%E7%99%BD%E5%AE%AB%E5%85%AC%E5%B8%83%E5%9B%BD%E5%AE%B4%E8%8F%9C%E5%8D%95%E4%B8%8E%E8%A3%85%E9%A5%B0&sa=fyb_news&rsv_dl=fyb_news,https://fyb-2.cdn.bcebos.com/hotboard_image/8c4e39c93cdc44593572b7b55db75b93,百度热搜,实时热搜,realtime,hotlist,,2026-09-25 09:31:03
22,王祖贤回应容貌争议：我已经60岁了,近日，王祖贤在隐退22年后的首场访谈中回应容貌争议：“我已经60岁了”，观众印象仍停留在她19岁时的银幕形象；她还澄清息影并非因情伤。,5894099,https://www.baidu.com/s?wd=%E7%8E%8B%E7%A5%96%E8%B4%A4%E5%9B%9E%E5%BA%94%E5%AE%B9%E8%B2%8C%E4%BA%89%E8%AE%AE%EF%BC%9A%E6%88%91%E5%B7%B2%E7%BB%8F60%E5%B2%81%E4%BA%86&sa=fyb_news&rsv_dl=fyb_news,https://fyb-2.cdn.bcebos.com/hotboard_image/8083e42234e2659b57e294d8bdfaeec8,百度热搜,实时热搜,realtime,hotlist,,2026-09-25 09:31:03
23,中美元首夫人参观国立亚洲艺术博物馆,当地时间9月24日中午，国家主席习近平夫人彭丽媛在华盛顿同美国总统特朗普夫人梅拉尼娅参观国立亚洲艺术博物馆。彭丽媛对美方近年来多次向中方返还中国文物表示赞赏，希望中美双方继续加强文化交流和文化遗产保护合作，增进两国人民友好。,5791307,https://www.baidu.com/s?wd=%E4%B8%AD%E7%BE%8E%E5%85%83%E9%A6%96%E5%A4%AB%E4%BA%BA%E5%8F%82%E8%A7%82%E5%9B%BD%E7%AB%8B%E4%BA%9A%E6%B4%B2%E8%89%BA%E6%9C%AF%E5%8D%9A%E7%89%A9%E9%A6%86&sa=fyb_news&rsv_dl=fyb_news,https://fyb-2.cdn.bcebos.com/hotboard_image/3a6789a600ba630a0ca6ee6e430fd757,百度热搜,实时热搜,realtime,hotlist,,2026-09-25 09:31:03
24,以色列总理联大讲话 台下快走空了,当地时间9月24日下午（北京时间9月25日凌晨），以色列总理内塔尼亚胡在第81届联合国大会一般性辩论上发表讲话，现场大多数国家代表离场抗议，他将其称为“懦夫”。,5711900,https://www.baidu.com/s?wd=%E4%BB%A5%E8%89%B2%E5%88%97%E6%80%BB%E7%90%86%E8%81%94%E5%A4%A7%E8%AE%B2%E8%AF%9D+%E5%8F%B0%E4%B8%8B%E5%BF%AB%E8%B5%B0%E7%A9%BA%E4%BA%86&sa=fyb_news&rsv_dl=fyb_news,https://fyb-2.cdn.bcebos.com/hotboard_image/ce2a73222ec52b3ef727ccf9ff449e2e,百度热搜,实时热搜,realtime,hotlist,,2026-09-25 09:31:03
25,公司发月饼1人1口不准多拿,近日，深圳一家公司发放中秋月饼福利，每人仅能领取一口，现场还提醒员工不要多拿。此事传到网上引发热议。,5620458,https://www.baidu.com/s?wd=%E5%85%AC%E5%8F%B8%E5%8F%91%E6%9C%88%E9%A5%BC1%E4%BA%BA1%E5%8F%A3%E4%B8%8D%E5%87%86%E5%A4%9A%E6%8B%BF&sa=fyb_news&rsv_dl=fyb_news,https://fyb-2.cdn.bcebos.com/hotboard_image/7668ea8ae2bd0680acabe6f8fdb8b726,百度热搜,实时热搜,realtime,hotlist,,2026-09-25 09:31:03
26,9月龄幼崽手脚并用爬山,近日，武汉一9月龄宝宝穿戴护膝手脚并用爬山引发热议。家长回应称，遵从孩子意愿且保证安全绝不强迫。此前宝宝8个月时已学会爬楼梯，因手掌皮肉厚实多次爬行未磨破，随后才带其进行户外爬山。,5516760,https://www.baidu.com/s?wd=9%E6%9C%88%E9%BE%84%E5%B9%BC%E5%B4%BD%E6%89%8B%E8%84%9A%E5%B9%B6%E7%94%A8%E7%88%AC%E5%B1%B1&sa=fyb_news&rsv_dl=fyb_news,https://fyb-2.cdn.bcebos.com/hotboard_image/ba6b17ec87719bfe152dc07ddc515a47,百度热搜,实时热搜,realtime,hotlist,,2026-09-25 09:31:03
27,哥伦比亚宣布与伊朗断交,当地时间9月24日，哥伦比亚外交部发表声明，宣布自9月19日起正式与伊朗断绝外交关系。声明指出，该决定基于哥伦比亚在国家和地区安全及打击跨国犯罪等方面的外交政策原则。同时强调，断绝外交关系并不意味着断绝两国领事关系。,5427256,https://www.baidu.com/s?wd=%E5%93%A5%E4%BC%A6%E6%AF%94%E4%BA%9A%E5%AE%A3%E5%B8%83%E4%B8%8E%E4%BC%8A%E6%9C%97%E6%96%AD%E4%BA%A4&sa=fyb_news&rsv_dl=fyb_news,https://fyb-2.cdn.bcebos.com/hotboard_image/91313c7c3845542a49095e1382ab68f5,百度热搜,实时热搜,realtime,hotlist,,2026-09-25 09:31:03
28,遭继父性侵女子将自身经历写成小说,目前，幼时遭继父性侵的女子正将经历写成小说以疗愈自己，已写近14万字。此前，她曾因养母张女士的“背刺”停笔数月，现正与过往做情感切割，注意力逐渐恢复，借写作、录视频及阅读开导自己。,5315460,https://www.baidu.com/s?wd=%E9%81%AD%E7%BB%A7%E7%88%B6%E6%80%A7%E4%BE%B5%E5%A5%B3%E5%AD%90%E5%B0%86%E8%87%AA%E8%BA%AB%E7%BB%8F%E5%8E%86%E5%86%99%E6%88%90%E5%B0%8F%E8%AF%B4&sa=fyb_news&rsv_dl=fyb_news,https://fyb-2.cdn.bcebos.com/hotboard_image/a1e166a9b0e62086eeef89d819864fdf,百度热搜,实时热搜,realtime,hotlist,,2026-09-25 09:31:03
29,女演员王朱悦紧急道歉,9月24日，《微微一笑很倾城》更名《一笑倾城》上线，女主贝微微被AI换脸为演员王朱悦，引发争议。王朱悦发文承认本人授权换脸并道歉：“毁了大家心中的角色”。,5221156,https://www.baidu.com/s?wd=%E5%A5%B3%E6%BC%94%E5%91%98%E7%8E%8B%E6%9C%B1%E6%82%A6%E7%B4%A7%E6%80%A5%E9%81%93%E6%AD%89&sa=fyb_news&rsv_dl=fyb_news,https://fyb-2.cdn.bcebos.com/hotboard_image/2b65cddd5d0fa76cb4a6e35606443831,百度热搜,实时热搜,realtime,hotlist,,2026-09-25 09:31:03
30,多地商场把“C位”留给国之栋梁,近日，不少网友在社交平台上发视频称，多地商场的核心“C位”挂上了“国家栋梁”主题巨幅海报，集中展示袁隆平、钱学森、邓稼先、屠呦呦等功勋人物。一商场负责人：我们就是想让更多人知道这些“国家栋梁”，向他们致敬。,5134820,https://www.baidu.com/s?wd=%E5%A4%9A%E5%9C%B0%E5%95%86%E5%9C%BA%E6%8A%8A%E2%80%9CC%E4%BD%8D%E2%80%9D%E7%95%99%E7%BB%99%E5%9B%BD%E4%B9%8B%E6%A0%8B%E6%A2%81&sa=fyb_news&rsv_dl=fyb_news,https://fyb-2.cdn.bcebos.com/hotboard_image/d87150be3dbb653a51987ec1bc349eea,百度热搜,实时热搜,realtime,hotlist,,2026-09-25 09:31:03
31,河南矿山过中秋1600余桌宴席摆进厂房,9月23日晚，河南矿山第十三届中秋孝文化节火热开启，两天摆下1600余桌宴席，15000余名员工及家属欢聚厂区。,5024691,https://www.baidu.com/s?wd=%E6%B2%B3%E5%8D%97%E7%9F%BF%E5%B1%B1%E8%BF%87%E4%B8%AD%E7%A7%8B1600%E4%BD%99%E6%A1%8C%E5%AE%B4%E5%B8%AD%E6%91%86%E8%BF%9B%E5%8E%82%E6%88%BF&sa=fyb_news&rsv_dl=fyb_news,https://fyb-2.cdn.bcebos.com/hotboard_image/e258d2acf0611b935265332f0cf80332,百度热搜,实时热搜,realtime,hotlist,,2026-09-25 09:31:03
32,王楚钦0-3张本智和,9月24日，名古屋亚运会乒乓球男团决赛，国乒主力王楚钦在第四盘0:3爆冷不敌东道主日本选手张本智和；此前王楚钦逆转、林诗栋变阵获胜助国乒2:1领先，此番落败后双方大比分2:2战平。,4947824,https://www.baidu.com/s?wd=%E7%8E%8B%E6%A5%9A%E9%92%A60-3%E5%BC%A0%E6%9C%AC%E6%99%BA%E5%92%8C&sa=fyb_news&rsv_dl=fyb_news,https://fyb-2.cdn.bcebos.com/hotboard_image/13c60c8589b417e58c834be31e655f0b,百度热搜,实时热搜,realtime,hotlist,,2026-09-25 09:31:03
33,坐高铁用不用一次性座椅套垫,9月24日上午，针对网友热议的“坐高铁是否需自带一次性座椅套垫”，铁路12306回应称，高铁坐垫正常120至180天更换清洗，卧铺床单一客一换，平时脏污会清理。,4836584,https://www.baidu.com/s?wd=%E5%9D%90%E9%AB%98%E9%93%81%E7%94%A8%E4%B8%8D%E7%94%A8%E4%B8%80%E6%AC%A1%E6%80%A7%E5%BA%A7%E6%A4%85%E5%A5%97%E5%9E%AB&sa=fyb_news&rsv_dl=fyb_news,https://fyb-2.cdn.bcebos.com/hotboard_image/f61c800f1097845473bcb0f4c8000e08,百度热搜,实时热搜,realtime,hotlist,,2026-09-25 09:31:03
34,大熊猫“平平”“福双”将赴美,再过几天，大熊猫“平平”、“福双”就会落户亚特兰大动物园，同美国人民见面。,4749327,https://www.baidu.com/s?wd=%E5%A4%A7%E7%86%8A%E7%8C%AB%E2%80%9C%E5%B9%B3%E5%B9%B3%E2%80%9D%E2%80%9C%E7%A6%8F%E5%8F%8C%E2%80%9D%E5%B0%86%E8%B5%B4%E7%BE%8E&sa=fyb_news&rsv_dl=fyb_news,https://fyb-2.cdn.bcebos.com/hotboard_image/7079819e3a20186c6f9b93ec3e116965,百度热搜,实时热搜,realtime,hotlist,,2026-09-25 09:31:03
35,遭性侵后女子姥姥大骂继父不是人,山东女子张叙白自述曾遭继父性侵害长达8年。有一次她哭着逃到姥姥家，哭诉不愿和继父同住称看到就害怕。姥姥听后骂继父不是人。,4652696,https://www.baidu.com/s?wd=%E9%81%AD%E6%80%A7%E4%BE%B5%E5%90%8E%E5%A5%B3%E5%AD%90%E5%A7%A5%E5%A7%A5%E5%A4%A7%E9%AA%82%E7%BB%A7%E7%88%B6%E4%B8%8D%E6%98%AF%E4%BA%BA&sa=fyb_news&rsv_dl=fyb_news,https://fyb-2.cdn.bcebos.com/hotboard_image/12aac33cd5eb000356a01bdee5e1f1e9,百度热搜,实时热搜,realtime,hotlist,,2026-09-25 09:31:03
36,哈萨克斯坦军演突发事故致12死,哈萨克斯坦军队24日在里海沿岸曼格斯套州进行演习期间发生事故，造成12名军人丧生。哈萨克斯坦总统托卡耶夫向丧生军人的亲人表示慰问。,4556047,https://www.baidu.com/s?wd=%E5%93%88%E8%90%A8%E5%85%8B%E6%96%AF%E5%9D%A6%E5%86%9B%E6%BC%94%E7%AA%81%E5%8F%91%E4%BA%8B%E6%95%85%E8%87%B412%E6%AD%BB&sa=fyb_news&rsv_dl=fyb_news,https://fyb-2.cdn.bcebos.com/hotboard_image/e0faecca48a42d5a88f3b4cc84813155,百度热搜,实时热搜,realtime,hotlist,,2026-09-25 09:31:03
37,企业给30年工龄老员工发万元奖励,近日，河南洛阳中成集团40周年庆给30年工龄老员工发万元奖励。据悉，11名满30年工龄员工获万元奖励，10至30年工龄的255名员工获电动车等。此外，公司每位员工还收到1000元购物卡。,4470997,https://www.baidu.com/s?wd=%E4%BC%81%E4%B8%9A%E7%BB%9930%E5%B9%B4%E5%B7%A5%E9%BE%84%E8%80%81%E5%91%98%E5%B7%A5%E5%8F%91%E4%B8%87%E5%85%83%E5%A5%96%E5%8A%B1&sa=fyb_news&rsv_dl=fyb_news,https://fyb-2.cdn.bcebos.com/hotboard_image/103ff2584e66a21f29f7761522e2e260,百度热搜,实时热搜,realtime,hotlist,,2026-09-25 09:31:03
38,《兰香如故》市占率42.6%,目前，由谭松韵主演的电视剧《兰香如故》正在热播中，其市占率创下新高，已达42.6%。此前该剧开播初不被看好，如今打脸多方预测。,4362085,https://www.baidu.com/s?wd=%E3%80%8A%E5%85%B0%E9%A6%99%E5%A6%82%E6%95%85%E3%80%8B%E5%B8%82%E5%8D%A0%E7%8E%8742.6%25&sa=fyb_news&rsv_dl=fyb_news,https://fyb-2.cdn.bcebos.com/hotboard_image/d19602c4f591db1ad37192b0bf46c2cc,百度热搜,实时热搜,realtime,hotlist,,2026-09-25 09:31:03
39,特朗普在欢迎宴会上发表致辞,当地时间9月24日晚，国家主席习近平和夫人彭丽媛在白宫出席美国总统特朗普和夫人梅拉尼娅举行的欢迎宴会。特朗普总统发表致辞。,4269495,https://www.baidu.com/s?wd=%E7%89%B9%E6%9C%97%E6%99%AE%E5%9C%A8%E6%AC%A2%E8%BF%8E%E5%AE%B4%E4%BC%9A%E4%B8%8A%E5%8F%91%E8%A1%A8%E8%87%B4%E8%BE%9E&sa=fyb_news&rsv_dl=fyb_news,https://fyb-2.cdn.bcebos.com/hotboard_image/23498e790ec72673a3e3ee478372308e,百度热搜,实时热搜,realtime,hotlist,,2026-09-25 09:31:03
40,国家对成品油价格实施调控,为减缓国际油价上涨对国内的冲击，国家继续对成品油价格采取调控措施。根据现行价格机制计算，自9月24日24时起，国内汽、柴油（标准品）价格每吨分别应上调830元、800元，调控后实际上调395元、385元。,4188156,https://www.baidu.com/s?wd=%E5%9B%BD%E5%AE%B6%E5%AF%B9%E6%88%90%E5%93%81%E6%B2%B9%E4%BB%B7%E6%A0%BC%E5%AE%9E%E6%96%BD%E8%B0%83%E6%8E%A7&sa=fyb_news&rsv_dl=fyb_news,https://fyb-2.cdn.bcebos.com/hotboard_image/7079819e3a20186c6f9b93ec3e116965,百度热搜,实时热搜,realtime,hotlist,,2026-09-25 09:31:03
41,亚运会今日将迎百米飞人大战,9月25日晚，名古屋亚运会男女百米飞人大战上演，33岁老将谢震业与19岁小将曾克理出战男子组，17岁陈妤颉冲击女子金牌，泰国选手预赛9秒95成最大热门。,4067924,https://www.baidu.com/s?wd=%E4%BA%9A%E8%BF%90%E4%BC%9A%E4%BB%8A%E6%97%A5%E5%B0%86%E8%BF%8E%E7%99%BE%E7%B1%B3%E9%A3%9E%E4%BA%BA%E5%A4%A7%E6%88%98&sa=fyb_news&rsv_dl=fyb_news,https://fyb-2.cdn.bcebos.com/hotboard_image/8e17b12dac83bc6413bc198daa620837,百度热搜,实时热搜,realtime,hotlist,,2026-09-25 09:31:03
42,网红负重手环 伤关节,近日，号称能“轻松瘦手臂”的网红负重手环热销。多位专家解读指出，负重手环无法实现局部减脂，仅能提供轻度肌耐力刺激。若长期在静态场景中佩戴，易导致关节受压，引发腱鞘炎等劳损病症。,3989868,https://www.baidu.com/s?wd=%E7%BD%91%E7%BA%A2%E8%B4%9F%E9%87%8D%E6%89%8B%E7%8E%AF+%E4%BC%A4%E5%85%B3%E8%8A%82&sa=fyb_news&rsv_dl=fyb_news,https://fyb-2.cdn.bcebos.com/hotboard_image/4a5f427b8206812efcc696f5a1f1b41f,百度热搜,实时热搜,realtime,hotlist,,2026-09-25 09:31:03
43,三人操纵股市获利0元被罚800万,9月24日，证监会披露，陈欢、周厚禄、李萍萍三人控制多个账户操纵股价，虽无违法所得，仍被合计罚款800万元并禁入市场2至3年。,3874524,https://www.baidu.com/s?wd=%E4%B8%89%E4%BA%BA%E6%93%8D%E7%BA%B5%E8%82%A1%E5%B8%82%E8%8E%B7%E5%88%A90%E5%85%83%E8%A2%AB%E7%BD%9A800%E4%B8%87&sa=fyb_news&rsv_dl=fyb_news,https://fyb-2.cdn.bcebos.com/hotboard_image/88d7a181efcb195457e2254476ba8f40,百度热搜,实时热搜,realtime,hotlist,,2026-09-25 09:31:03
44,飞机维修人才缺口超15万,当前中国飞机维修能力正从引进走向自主，发动机等核心部件逐渐实现国内维修。截至2025年底，国内累计颁发9.25万份机务执照，但空客预测2024-2043年中国仍需新增15.5万名维修技术人员，能修核心件的人才严重紧缺，行业呼吁完善薪酬与晋升体系。,3815560,https://www.baidu.com/s?wd=%E9%A3%9E%E6%9C%BA%E7%BB%B4%E4%BF%AE%E4%BA%BA%E6%89%8D%E7%BC%BA%E5%8F%A3%E8%B6%8515%E4%B8%87&sa=fyb_news&rsv_dl=fyb_news,https://fyb-2.cdn.bcebos.com/hotboard_image/b4cd158dbe7e718bea4bcf4dc99ed54c,百度热搜,实时热搜,realtime,hotlist,,2026-09-25 09:31:03
45,“孙卓被拐案”人贩子预计今日出狱,9月24日晚，孙海洋对记者表示，拐走他儿子孙卓的人贩子吴某龙于9月25日刑满出狱，他有些担心家人的安全。此前，深圳市南山区人民法院以拐骗儿童罪判处吴某龙有期徒刑5年。,3711665,https://www.baidu.com/s?wd=%E2%80%9C%E5%AD%99%E5%8D%93%E8%A2%AB%E6%8B%90%E6%A1%88%E2%80%9D%E4%BA%BA%E8%B4%A9%E5%AD%90%E9%A2%84%E8%AE%A1%E4%BB%8A%E6%97%A5%E5%87%BA%E7%8B%B1&sa=fyb_news&rsv_dl=fyb_news,https://fyb-2.cdn.bcebos.com/hotboard_image/8a06f1160ebb23bae015779568050f68,百度热搜,实时热搜,realtime,hotlist,,2026-09-25 09:31:03
46,国足3比0马尔代夫,9月24日，2026CFA中国之队·重庆国际足球邀请赛在重庆龙兴足球场举行，中国队3比0战胜马尔代夫队。,3612133,https://www.baidu.com/s?wd=%E5%9B%BD%E8%B6%B33%E6%AF%940%E9%A9%AC%E5%B0%94%E4%BB%A3%E5%A4%AB&sa=fyb_news&rsv_dl=fyb_news,https://fyb-2.cdn.bcebos.com/hotboard_image/137aedf169507ddcf4409bfd44896846,百度热搜,实时热搜,realtime,hotlist,,2026-09-25 09:31:03
47,国防部回应新西兰军舰过航台湾海峡,近日，针对新西兰军舰过航台湾海峡，中国军队依法依规组织海空兵力全程跟监警戒并有效应对处置。中方敦促新方恪守一个中国原则，勿向“台独”分裂势力发出错误信号。,3517149,https://www.baidu.com/s?wd=%E5%9B%BD%E9%98%B2%E9%83%A8%E5%9B%9E%E5%BA%94%E6%96%B0%E8%A5%BF%E5%85%B0%E5%86%9B%E8%88%B0%E8%BF%87%E8%88%AA%E5%8F%B0%E6%B9%BE%E6%B5%B7%E5%B3%A1&sa=fyb_news&rsv_dl=fyb_news,https://fyb-2.cdn.bcebos.com/hotboard_image/a3bf55492ba673ef30e7afea0a9e765d,百度热搜,实时热搜,realtime,hotlist,,2026-09-25 09:31:03
48,高铁站安检仪扫到好多“小圆球”,中秋前夕，云南宣威站安检仪频现宣威火腿月饼。起因是该非遗火腿月饼备受旅客青睐，许多人打包乘车带回家。为此，宣威站不仅在安检区配备胶带等工具方便打包，还通过加开列车等方式增加运能保障出行。,3430763,https://www.baidu.com/s?wd=%E9%AB%98%E9%93%81%E7%AB%99%E5%AE%89%E6%A3%80%E4%BB%AA%E6%89%AB%E5%88%B0%E5%A5%BD%E5%A4%9A%E2%80%9C%E5%B0%8F%E5%9C%86%E7%90%83%E2%80%9D&sa=fyb_news&rsv_dl=fyb_news,https://fyb-2.cdn.bcebos.com/hotboard_image/894bfb531f6c5a1dd0e4dcfb8333bdbb,百度热搜,实时热搜,realtime,hotlist,,2026-09-25 09:31:03
49,中美元首会谈的开场白都说了些什么,当地时间9月24日上午，国家主席习近平同美国总统特朗普在白宫举行会谈。两国元首在会谈中都说了些什么？一起来看记者康辉在现场发回的报道！,3298420,https://www.baidu.com/s?wd=%E4%B8%AD%E7%BE%8E%E5%85%83%E9%A6%96%E4%BC%9A%E8%B0%88%E7%9A%84%E5%BC%80%E5%9C%BA%E7%99%BD%E9%83%BD%E8%AF%B4%E4%BA%86%E4%BA%9B%E4%BB%80%E4%B9%88&sa=fyb_news&rsv_dl=fyb_news,https://fyb-2.cdn.bcebos.com/hotboard_image/1b841f197c4e932c52078110d7a2a75b,百度热搜,实时热搜,realtime,hotlist,,2026-09-25 09:31:03
50,黑芝麻糊检出霉菌超标27倍 维维回应,近日，上海市场监管抽检发现，维维子公司生产的一批无添加蔗糖黑芝麻糊霉菌最高超标27倍。维维回应涉事产品已全部召回，市面无留存。截至9月23日收盘，维维股份市值50亿，年内股价下跌超9%。,3244498,https://www.baidu.com/s?wd=%E9%BB%91%E8%8A%9D%E9%BA%BB%E7%B3%8A%E6%A3%80%E5%87%BA%E9%9C%89%E8%8F%8C%E8%B6%85%E6%A0%8727%E5%80%8D+%E7%BB%B4%E7%BB%B4%E5%9B%9E%E5%BA%94&sa=fyb_news&rsv_dl=fyb_news,https://fyb-2.cdn.bcebos.com/hotboard_image/fb55dad18e6f0ad0a40c6eebd5a95b74,百度热搜,实时热搜,realtime,hotlist,,2026-09-25 09:31:03
1,习近平同美国总统特朗普会谈,,7904429,https://www.baidu.com/s?wd=%E4%B9%A0%E8%BF%91%E5%B9%B3%E5%90%8C%E7%BE%8E%E5%9B%BD%E6%80%BB%E7%BB%9F%E7%89%B9%E6%9C%97%E6%99%AE%E4%BC%9A%E8%B0%88&sa=fyb_news&rsv_dl=fyb_news,https://fyb-1.cdn.bcebos.com/fyb/de6163834f53ca92c1273fff98ac9078.jpeg,百度热搜,实时热搜,realtime,hotlist,,2026-09-25 10:29:49
2,习近平在欢迎宴会上的祝酒辞,当地时间9月24日，国家主席习近平在华盛顿出席美国总统举行的欢迎宴会并致祝酒辞。习近平表示，当天双方坦诚深入交流，达成很多新共识，为中美关系提供新的战略指引。此前，今年5月美国总统访华，两国元首同意构建中美建设性战略稳定关系，习近平此次系应约访美。,7809460,https://www.baidu.com/s?wd=%E4%B9%A0%E8%BF%91%E5%B9%B3%E5%9C%A8%E6%AC%A2%E8%BF%8E%E5%AE%B4%E4%BC%9A%E4%B8%8A%E7%9A%84%E7%A5%9D%E9%85%92%E8%BE%9E&sa=fyb_news&rsv_dl=fyb_news,https://fyb-2.cdn.bcebos.com/hotboard_image/7079819e3a20186c6f9b93ec3e116965,百度热搜,实时热搜,realtime,hotlist,,2026-09-25 10:29:49
3,习近平和彭丽媛出席欢迎宴会,,7713581,https://www.baidu.com/s?wd=%E4%B9%A0%E8%BF%91%E5%B9%B3%E5%92%8C%E5%BD%AD%E4%B8%BD%E5%AA%9B%E5%87%BA%E5%B8%AD%E6%AC%A2%E8%BF%8E%E5%AE%B4%E4%BC%9A&sa=fyb_news&rsv_dl=fyb_news,https://fyb-1.cdn.bcebos.com/fyb/de6163834f53ca92c1273fff98ac9078.jpeg,百度热搜,实时热搜,realtime,hotlist,,2026-09-25 10:29:49
4,跟着古诗追月亮,中秋的源头在哪里？月亮上住着谁？古人怎么过节、吃什么、玩什么？翻开一本古诗集，月亮从字里行间升起。让我们跟着古诗追月亮，一起寻找文物里的中秋。,7616795,https://www.baidu.com/s?wd=%E8%B7%9F%E7%9D%80%E5%8F%A4%E8%AF%97%E8%BF%BD%E6%9C%88%E4%BA%AE&sa=fyb_news&rsv_dl=fyb_news,https://fyb-2.cdn.bcebos.com/hotboard_image/9dc9678e0f93800d8567c32625618e30,百度热搜,实时热搜,realtime,hotlist,,2026-09-25 10:29:49
5,特朗普听到大熊猫将落户美国笑了,大熊猫是中美两国人民友谊的使者。在白宫欢迎仪式上，当习近平主席宣布大熊猫“平平”、“福双”将同美国人民见面时，特朗普总统笑着点头致意。,7521824,https://www.baidu.com/s?wd=%E7%89%B9%E6%9C%97%E6%99%AE%E5%90%AC%E5%88%B0%E5%A4%A7%E7%86%8A%E7%8C%AB%E5%B0%86%E8%90%BD%E6%88%B7%E7%BE%8E%E5%9B%BD%E7%AC%91%E4%BA%86&sa=fyb_news&rsv_dl=fyb_news,https://fyb-2.cdn.bcebos.com/hotboard_image/22129e4a84b59e54cd3ca484ab9831e8,百度热搜,实时热搜,realtime,hotlist,,2026-09-25 10:29:49
6,孙颖莎王楚钦零封张本美和松岛辉空,,7429055,https://www.baidu.com/s?wd=%E5%AD%99%E9%A2%96%E8%8E%8E%E7%8E%8B%E6%A5%9A%E9%92%A6%E9%9B%B6%E5%B0%81%E5%BC%A0%E6%9C%AC%E7%BE%8E%E5%92%8C%E6%9D%BE%E5%B2%9B%E8%BE%89%E7%A9%BA&sa=fyb_news&rsv_dl=fyb_news,https://fyb-1.cdn.bcebos.com/fyb/de6163834f53ca92c1273fff98ac9078.jpeg,百度热搜,实时热搜,realtime,hotlist,,2026-09-25 10:29:49
7,王皓回应国乒男团不敌日本队丢冠,主教练王皓回应男团丢冠，表示球队现在正处于新老交替的重要环节，需要给年轻运动员试错的空间。他呼吁媒体和球迷善待球员和教练，指出球员承受比赛胜负和外界质疑的压力，教练组也扎根球队无暇陪伴家庭。,7329325,https://www.baidu.com/s?wd=%E7%8E%8B%E7%9A%93%E5%9B%9E%E5%BA%94%E5%9B%BD%E4%B9%92%E7%94%B7%E5%9B%A2%E4%B8%8D%E6%95%8C%E6%97%A5%E6%9C%AC%E9%98%9F%E4%B8%A2%E5%86%A0&sa=fyb_news&rsv_dl=fyb_news,https://fyb-2.cdn.bcebos.com/hotboard_image/d0b228a5c2d661f9e6812f78a3e81556,百度热搜,实时热搜,realtime,hotlist,,2026-09-25 10:29:49
8,中秋节,,7234330,https://www.baidu.com/s?wd=%E4%B8%AD%E7%A7%8B%E8%8A%82&sa=fyb_news&rsv_dl=fyb_news,https://fyb-1.cdn.bcebos.com/fyb/de6163834f53ca92c1273fff98ac9078.jpeg,百度热搜,实时热搜,realtime,hotlist,,2026-09-25 10:29:49
9,用手机钢化膜的受害者出现了,近期，多位网友在社交平台反映被手机的钢化膜扎伤，看似日常的手机配件，有时竟化身伤人利器，相关话题引发广泛关注，记者采访了多位受害者，一起来看。,7139161,https://www.baidu.com/s?wd=%E7%94%A8%E6%89%8B%E6%9C%BA%E9%92%A2%E5%8C%96%E8%86%9C%E7%9A%84%E5%8F%97%E5%AE%B3%E8%80%85%E5%87%BA%E7%8E%B0%E4%BA%86&sa=fyb_news&rsv_dl=fyb_news,https://fyb-2.cdn.bcebos.com/hotboard_image/e17a91522cf1be8c482b213568d200b1,百度热搜,实时热搜,realtime,hotlist,,2026-09-25 10:29:49
10,世界技能大赛 为了更好的未来,9月24日，第48届世界技能大赛进入第二天。当“照护、木工、口腔修复”这些与生活息息相关的技能出现在世界技能大赛的赛场，同场竞技的选手们比的究竟是什么？这些手工技艺如何改变我们的未来生活？总台评论员白岩松为您带来观察分析。,7043730,https://www.baidu.com/s?wd=%E4%B8%96%E7%95%8C%E6%8A%80%E8%83%BD%E5%A4%A7%E8%B5%9B+%E4%B8%BA%E4%BA%86%E6%9B%B4%E5%A5%BD%E7%9A%84%E6%9C%AA%E6%9D%A5&sa=fyb_news&rsv_dl=fyb_news,https://fyb-2.cdn.bcebos.com/hotboard_image/5a702a3ed833d9d23bc61b5f9c296175,百度热搜,实时热搜,realtime,hotlist,,2026-09-25 10:29:49
11,各界人士齐聚一堂欢迎习主席到访,当地时间9月24日晚，美国总统特朗普和夫人在白宫为中国国家主席习近平和夫人举行欢迎宴会。美国各界人士代表齐聚一堂，特斯拉首席执行官马斯克、亚马逊创始人贝索斯、英伟达首席执行官黄仁勋等出席活动。,6945324,https://www.baidu.com/s?wd=%E5%90%84%E7%95%8C%E4%BA%BA%E5%A3%AB%E9%BD%90%E8%81%9A%E4%B8%80%E5%A0%82%E6%AC%A2%E8%BF%8E%E4%B9%A0%E4%B8%BB%E5%B8%AD%E5%88%B0%E8%AE%BF&sa=fyb_news&rsv_dl=fyb_news,https://fyb-2.cdn.bcebos.com/hotboard_image/4affc6af0e4b0e3655399cf0e68063a6,百度热搜,实时热搜,realtime,hotlist,,2026-09-25 10:29:49
12,陌生快递寄来礼品卡？误区要注意,中秋、国庆双节将至，不少人收到了一份“从天而降”的快递——自己明明没有网购，却收到一个装着湿巾等小物件外加一张“双节礼品卡”的包裹。不花一分钱扫个码就能领取年货大礼包？千万别信！此类事存在着两大认知误区，一文解读！,6856640,https://www.baidu.com/s?wd=%E9%99%8C%E7%94%9F%E5%BF%AB%E9%80%92%E5%AF%84%E6%9D%A5%E7%A4%BC%E5%93%81%E5%8D%A1%EF%BC%9F%E8%AF%AF%E5%8C%BA%E8%A6%81%E6%B3%A8%E6%84%8F&sa=fyb_news&rsv_dl=fyb_news,https://fyb-2.cdn.bcebos.com/hotboard_image/8ac4e32ba1b3f8270fb0b505025c307e,百度热搜,实时热搜,realtime,hotlist,,2026-09-25 10:29:49
13,暴涨1450%！这个中秋爆款全球下单,中秋节来临，餐桌上的“双向奔赴”如火如荼。进口生鲜迎来小高峰，出口节庆产品订单也屡创新高。其中，今年前8个月，盘锦河蟹出口量达482吨，同比增长14.5倍。这个中秋，舌尖美味与文化符号正在双向流动。,6756251,https://www.baidu.com/s?wd=%E6%9A%B4%E6%B6%A81450%25%EF%BC%81%E8%BF%99%E4%B8%AA%E4%B8%AD%E7%A7%8B%E7%88%86%E6%AC%BE%E5%85%A8%E7%90%83%E4%B8%8B%E5%8D%95&sa=fyb_news&rsv_dl=fyb_news,https://fyb-2.cdn.bcebos.com/hotboard_image/1afcce65f89d470e75a24d2fb7e7e60c,百度热搜,实时热搜,realtime,hotlist,,2026-09-25 10:29:49
14,平均月薪16149元 这类人才紧缺,今年1到8月，无人机工程师招聘职位数同比上涨26%，平均招聘月薪为16149元，无人机群飞行规划员岗位规模近五年增近8倍。产业急需懂装配、会编程的复合型人才。,6668239,https://www.baidu.com/s?wd=%E5%B9%B3%E5%9D%87%E6%9C%88%E8%96%AA16149%E5%85%83+%E8%BF%99%E7%B1%BB%E4%BA%BA%E6%89%8D%E7%B4%A7%E7%BC%BA&sa=fyb_news&rsv_dl=fyb_news,https://fyb-2.cdn.bcebos.com/hotboard_image/339bf668de76a280afe012baa9c25416,百度热搜,实时热搜,realtime,hotlist,,2026-09-25 10:29:49
15,白宫墙上悬挂中美元首握手照片,白宫一楼的墙上，悬挂着特朗普总统访华时，习近平主席同他握手的照片。,6559792,https://www.baidu.com/s?wd=%E7%99%BD%E5%AE%AB%E5%A2%99%E4%B8%8A%E6%82%AC%E6%8C%82%E4%B8%AD%E7%BE%8E%E5%85%83%E9%A6%96%E6%8F%A1%E6%89%8B%E7%85%A7%E7%89%87&sa=fyb_news&rsv_dl=fyb_news,https://fyb-2.cdn.bcebos.com/hotboard_image/c8484cfdae958d151c32876a803b19b7,百度热搜,实时热搜,realtime,hotlist,,2026-09-25 10:29:49
16,白宫响起“月亮代表我的心”,当地时间9月24日，国家主席习近平和夫人彭丽媛将在白宫出席美国总统特朗普和夫人梅拉尼娅举行的欢迎宴会。白宫响起“月亮代表我的心”。,6464741,https://www.baidu.com/s?wd=%E7%99%BD%E5%AE%AB%E5%93%8D%E8%B5%B7%E2%80%9C%E6%9C%88%E4%BA%AE%E4%BB%A3%E8%A1%A8%E6%88%91%E7%9A%84%E5%BF%83%E2%80%9D&sa=fyb_news&rsv_dl=fyb_news,https://fyb-2.cdn.bcebos.com/hotboard_image/9c5a02e5a1afeb7a89c9e102f0b35337,百度热搜,实时热搜,realtime,hotlist,,2026-09-25 10:29:49
17,4.5米长虫从男子体内排出,近日，武汉市金银潭医院接诊患者小金。小金因长期食用生鱼片感染阔节裂头绦虫，经驱虫治疗后排出一条4.5米长成虫。此前，小金如厕时发现一米多长虫节就诊，医生追溯得知其有生食习惯。目前小金已顺利出院，医生提醒需警惕来源不明的生食或未熟淡水鱼。,6379282,https://www.baidu.com/s?wd=4.5%E7%B1%B3%E9%95%BF%E8%99%AB%E4%BB%8E%E7%94%B7%E5%AD%90%E4%BD%93%E5%86%85%E6%8E%92%E5%87%BA&sa=fyb_news&rsv_dl=fyb_news,https://fyb-2.cdn.bcebos.com/hotboard_image/c83bb759ff0d4610ded58fbb73889a4a,百度热搜,实时热搜,realtime,hotlist,,2026-09-25 10:29:49
18,女演员王朱悦紧急道歉,9月24日，《微微一笑很倾城》更名《一笑倾城》上线，女主贝微微被AI换脸为演员王朱悦，引发争议。王朱悦发文承认本人授权换脸并道歉：“毁了大家心中的角色”。,6285118,https://www.baidu.com/s?wd=%E5%A5%B3%E6%BC%94%E5%91%98%E7%8E%8B%E6%9C%B1%E6%82%A6%E7%B4%A7%E6%80%A5%E9%81%93%E6%AD%89&sa=fyb_news&rsv_dl=fyb_news,https://fyb-2.cdn.bcebos.com/hotboard_image/2b65cddd5d0fa76cb4a6e35606443831,百度热搜,实时热搜,realtime,hotlist,,2026-09-25 10:29:49
19,第一波出发的大聪明堵路上了,9月24日凌晨，广昆高速肇庆段返乡车流出现多处堵塞。许多试图提前出发的车主遭遇拥堵，网友调侃：“第一波出发的大聪明堵路上了！”,6184544,https://www.baidu.com/s?wd=%E7%AC%AC%E4%B8%80%E6%B3%A2%E5%87%BA%E5%8F%91%E7%9A%84%E5%A4%A7%E8%81%AA%E6%98%8E%E5%A0%B5%E8%B7%AF%E4%B8%8A%E4%BA%86&sa=fyb_news&rsv_dl=fyb_news,https://fyb-2.cdn.bcebos.com/hotboard_image/46d2871d8d1b82688bea8c1a7ba5a309,百度热搜,实时热搜,realtime,hotlist,,2026-09-25 10:29:49
20,李一桐北舞严选的含金量还在上升,中秋奇妙游中，李一桐切换三套造型，以青赤黄白黑五方正色为视觉核心，用歌声和舞蹈演绎传统五色，从山水到生活展开色彩叙事，宛如仙女下人间，北舞严选含金量还在上升。,6089248,https://www.baidu.com/s?wd=%E6%9D%8E%E4%B8%80%E6%A1%90%E5%8C%97%E8%88%9E%E4%B8%A5%E9%80%89%E7%9A%84%E5%90%AB%E9%87%91%E9%87%8F%E8%BF%98%E5%9C%A8%E4%B8%8A%E5%8D%87&sa=fyb_news&rsv_dl=fyb_news,https://fyb-2.cdn.bcebos.com/hotboard_image/2b9ee8e1a5fa443c37d12f8df9ab2b6f,百度热搜,实时热搜,realtime,hotlist,,2026-09-25 10:29:49
21,白宫公布国宴菜单与装饰,当地时间9月24日晚，国家主席习近平和夫人彭丽媛乘车抵达白宫，出席美国总统特朗普和夫人梅拉尼娅举行的欢迎宴会。美国第一夫人办公室当天公布了晚宴菜单和现场布置等细节。白宫将此次菜单概括为：以美国食材为主，同时融入中国元素，希望将两国饮食传统结合起来。,5993985,https://www.baidu.com/s?wd=%E7%99%BD%E5%AE%AB%E5%85%AC%E5%B8%83%E5%9B%BD%E5%AE%B4%E8%8F%9C%E5%8D%95%E4%B8%8E%E8%A3%85%E9%A5%B0&sa=fyb_news&rsv_dl=fyb_news,https://fyb-2.cdn.bcebos.com/hotboard_image/8c4e39c93cdc44593572b7b55db75b93,百度热搜,实时热搜,realtime,hotlist,,2026-09-25 10:29:49
22,王祖贤回应容貌争议：我已经60岁了,近日，王祖贤在隐退22年后的首场访谈中回应容貌争议：“我已经60岁了”，观众印象仍停留在她19岁时的银幕形象；她还澄清息影并非因情伤。,5887224,https://www.baidu.com/s?wd=%E7%8E%8B%E7%A5%96%E8%B4%A4%E5%9B%9E%E5%BA%94%E5%AE%B9%E8%B2%8C%E4%BA%89%E8%AE%AE%EF%BC%9A%E6%88%91%E5%B7%B2%E7%BB%8F60%E5%B2%81%E4%BA%86&sa=fyb_news&rsv_dl=fyb_news,https://fyb-2.cdn.bcebos.com/hotboard_image/8083e42234e2659b57e294d8bdfaeec8,百度热搜,实时热搜,realtime,hotlist,,2026-09-25 10:29:49
23,中美元首夫人参观国立亚洲艺术博物馆,当地时间9月24日中午，国家主席习近平夫人彭丽媛在华盛顿同美国总统特朗普夫人梅拉尼娅参观国立亚洲艺术博物馆。彭丽媛对美方近年来多次向中方返还中国文物表示赞赏，希望中美双方继续加强文化交流和文化遗产保护合作，增进两国人民友好。,5804592,https://www.baidu.com/s?wd=%E4%B8%AD%E7%BE%8E%E5%85%83%E9%A6%96%E5%A4%AB%E4%BA%BA%E5%8F%82%E8%A7%82%E5%9B%BD%E7%AB%8B%E4%BA%9A%E6%B4%B2%E8%89%BA%E6%9C%AF%E5%8D%9A%E7%89%A9%E9%A6%86&sa=fyb_news&rsv_dl=fyb_news,https://fyb-2.cdn.bcebos.com/hotboard_image/3a6789a600ba630a0ca6ee6e430fd757,百度热搜,实时热搜,realtime,hotlist,,2026-09-25 10:29:49
24,以色列总理联大讲话 台下快走空了,当地时间9月24日下午（北京时间9月25日凌晨），以色列总理内塔尼亚胡在第81届联合国大会一般性辩论上发表讲话，现场大多数国家代表离场抗议，他将其称为“懦夫”。,5714119,https://www.baidu.com/s?wd=%E4%BB%A5%E8%89%B2%E5%88%97%E6%80%BB%E7%90%86%E8%81%94%E5%A4%A7%E8%AE%B2%E8%AF%9D+%E5%8F%B0%E4%B8%8B%E5%BF%AB%E8%B5%B0%E7%A9%BA%E4%BA%86&sa=fyb_news&rsv_dl=fyb_news,https://fyb-2.cdn.bcebos.com/hotboard_image/ce2a73222ec52b3ef727ccf9ff449e2e,百度热搜,实时热搜,realtime,hotlist,,2026-09-25 10:29:49
25,哈萨克斯坦军演突发事故致12死,哈萨克斯坦军队24日在里海沿岸曼格斯套州进行演习期间发生事故，造成12名军人丧生。哈萨克斯坦总统托卡耶夫向丧生军人的亲人表示慰问。,5607687,https://www.baidu.com/s?wd=%E5%93%88%E8%90%A8%E5%85%8B%E6%96%AF%E5%9D%A6%E5%86%9B%E6%BC%94%E7%AA%81%E5%8F%91%E4%BA%8B%E6%95%85%E8%87%B412%E6%AD%BB&sa=fyb_news&rsv_dl=fyb_news,https://fyb-2.cdn.bcebos.com/hotboard_image/e0faecca48a42d5a88f3b4cc84813155,百度热搜,实时热搜,realtime,hotlist,,2026-09-25 10:29:49
26,第一批喝泰奶的“受害者”出现了,近期泰式奶茶（泰奶）爆火，但已有部分人喝后出现心悸、头晕、失眠等不适。科普解读指出，泰奶因茶粉颗粒细小、萃取充分，咖啡因含量高于普通奶茶甚至接近美式。,5525901,https://www.baidu.com/s?wd=%E7%AC%AC%E4%B8%80%E6%89%B9%E5%96%9D%E6%B3%B0%E5%A5%B6%E7%9A%84%E2%80%9C%E5%8F%97%E5%AE%B3%E8%80%85%E2%80%9D%E5%87%BA%E7%8E%B0%E4%BA%86&sa=fyb_news&rsv_dl=fyb_news,https://fyb-2.cdn.bcebos.com/hotboard_image/b7cd56b3329a5b8181de4e0c1e202cf0,百度热搜,实时热搜,realtime,hotlist,,2026-09-25 10:29:49
27,哥伦比亚宣布与伊朗断交,当地时间9月24日，哥伦比亚外交部发表声明，宣布自9月19日起正式与伊朗断绝外交关系。声明指出，该决定基于哥伦比亚在国家和地区安全及打击跨国犯罪等方面的外交政策原则。同时强调，断绝外交关系并不意味着断绝两国领事关系。,5424933,https://www.baidu.com/s?wd=%E5%93%A5%E4%BC%A6%E6%AF%94%E4%BA%9A%E5%AE%A3%E5%B8%83%E4%B8%8E%E4%BC%8A%E6%9C%97%E6%96%AD%E4%BA%A4&sa=fyb_news&rsv_dl=fyb_news,https://fyb-2.cdn.bcebos.com/hotboard_image/91313c7c3845542a49095e1382ab68f5,百度热搜,实时热搜,realtime,hotlist,,2026-09-25 10:29:49
28,胖东来大月饼难抢,9月24日，记者在新乡胖东来探访发现，顾客购物车堆成小山，有百公里外老板开车来进货。此前，胖东来网红大月饼改为线上限购销售，工作人员称每天上架几千份，两三分钟便抢空，引发关注。,5322253,https://www.baidu.com/s?wd=%E8%83%96%E4%B8%9C%E6%9D%A5%E5%A4%A7%E6%9C%88%E9%A5%BC%E9%9A%BE%E6%8A%A2&sa=fyb_news&rsv_dl=fyb_news,https://fyb-2.cdn.bcebos.com/hotboard_image/9e971a7cbb0a4e1fbfcdf2c019583779,百度热搜,实时热搜,realtime,hotlist,,2026-09-25 10:29:49
29,李嘉明还1万元游本昌直接捐了,近日，演员李嘉明哽咽追忆游本昌，称其像父亲般关心自己。此前他在北漂低谷期遇父亲生病无钱医治，游本昌第一时间拿出1万元现金且无需归还。李嘉明表示如今翻身得益于游老师教导，不敢想象其离世。,5235159,https://www.baidu.com/s?wd=%E6%9D%8E%E5%98%89%E6%98%8E%E8%BF%981%E4%B8%87%E5%85%83%E6%B8%B8%E6%9C%AC%E6%98%8C%E7%9B%B4%E6%8E%A5%E6%8D%90%E4%BA%86&sa=fyb_news&rsv_dl=fyb_news,https://fyb-2.cdn.bcebos.com/hotboard_image/d3704afee97c947dc82259f2ab42d666,百度热搜,实时热搜,realtime,hotlist,,2026-09-25 10:29:49
30,坐高铁用不用一次性座椅套垫,9月24日上午，针对网友热议的“坐高铁是否需自带一次性座椅套垫”，铁路12306回应称，高铁坐垫正常120至180天更换清洗，卧铺床单一客一换，平时脏污会清理。,5126326,https://www.baidu.com/s?wd=%E5%9D%90%E9%AB%98%E9%93%81%E7%94%A8%E4%B8%8D%E7%94%A8%E4%B8%80%E6%AC%A1%E6%80%A7%E5%BA%A7%E6%A4%85%E5%A5%97%E5%9E%AB&sa=fyb_news&rsv_dl=fyb_news,https://fyb-2.cdn.bcebos.com/hotboard_image/f61c800f1097845473bcb0f4c8000e08,百度热搜,实时热搜,realtime,hotlist,,2026-09-25 10:29:49
31,三人操纵股市获利0元被罚800万,9月24日，证监会披露，陈欢、周厚禄、李萍萍三人控制多个账户操纵股价，虽无违法所得，仍被合计罚款800万元并禁入市场2至3年。,5041050,https://www.baidu.com/s?wd=%E4%B8%89%E4%BA%BA%E6%93%8D%E7%BA%B5%E8%82%A1%E5%B8%82%E8%8E%B7%E5%88%A90%E5%85%83%E8%A2%AB%E7%BD%9A800%E4%B8%87&sa=fyb_news&rsv_dl=fyb_news,https://fyb-2.cdn.bcebos.com/hotboard_image/88d7a181efcb195457e2254476ba8f40,百度热搜,实时热搜,realtime,hotlist,,2026-09-25 10:29:49
32,高铁站安检仪扫到好多“小圆球”,中秋前夕，云南宣威站安检仪频现宣威火腿月饼。起因是该非遗火腿月饼备受旅客青睐，许多人打包乘车带回家。为此，宣威站不仅在安检区配备胶带等工具方便打包，还通过加开列车等方式增加运能保障出行。,4930730,https://www.baidu.com/s?wd=%E9%AB%98%E9%93%81%E7%AB%99%E5%AE%89%E6%A3%80%E4%BB%AA%E6%89%AB%E5%88%B0%E5%A5%BD%E5%A4%9A%E2%80%9C%E5%B0%8F%E5%9C%86%E7%90%83%E2%80%9D&sa=fyb_news&rsv_dl=fyb_news,https://fyb-2.cdn.bcebos.com/hotboard_image/894bfb531f6c5a1dd0e4dcfb8333bdbb,百度热搜,实时热搜,realtime,hotlist,,2026-09-25 10:29:49
33,《兰香如故》市占率42.6%,目前，由谭松韵主演的电视剧《兰香如故》正在热播中，其市占率创下新高，已达42.6%。此前该剧开播初不被看好，如今打脸多方预测。,4845474,https://www.baidu.com/s?wd=%E3%80%8A%E5%85%B0%E9%A6%99%E5%A6%82%E6%95%85%E3%80%8B%E5%B8%82%E5%8D%A0%E7%8E%8742.6%25&sa=fyb_news&rsv_dl=fyb_news,https://fyb-2.cdn.bcebos.com/hotboard_image/d19602c4f591db1ad37192b0bf46c2cc,百度热搜,实时热搜,realtime,hotlist,,2026-09-25 10:29:49
34,河南矿山过中秋1600余桌宴席摆进厂房,9月23日晚，河南矿山第十三届中秋孝文化节火热开启，两天摆下1600余桌宴席，15000余名员工及家属欢聚厂区。,4765948,https://www.baidu.com/s?wd=%E6%B2%B3%E5%8D%97%E7%9F%BF%E5%B1%B1%E8%BF%87%E4%B8%AD%E7%A7%8B1600%E4%BD%99%E6%A1%8C%E5%AE%B4%E5%B8%AD%E6%91%86%E8%BF%9B%E5%8E%82%E6%88%BF&sa=fyb_news&rsv_dl=fyb_news,https://fyb-2.cdn.bcebos.com/hotboard_image/e258d2acf0611b935265332f0cf80332,百度热搜,实时热搜,realtime,hotlist,,2026-09-25 10:29:49
35,企业给30年工龄老员工发万元奖励,近日，河南洛阳中成集团40周年庆给30年工龄老员工发万元奖励。据悉，11名满30年工龄员工获万元奖励，10至30年工龄的255名员工获电动车等。此外，公司每位员工还收到1000元购物卡。,4668609,https://www.baidu.com/s?wd=%E4%BC%81%E4%B8%9A%E7%BB%9930%E5%B9%B4%E5%B7%A5%E9%BE%84%E8%80%81%E5%91%98%E5%B7%A5%E5%8F%91%E4%B8%87%E5%85%83%E5%A5%96%E5%8A%B1&sa=fyb_news&rsv_dl=fyb_news,https://fyb-2.cdn.bcebos.com/hotboard_image/103ff2584e66a21f29f7761522e2e260,百度热搜,实时热搜,realtime,hotlist,,2026-09-25 10:29:49
36,特朗普在欢迎宴会上发表致辞,当地时间9月24日晚，国家主席习近平和夫人彭丽媛在白宫出席美国总统特朗普和夫人梅拉尼娅举行的欢迎宴会。特朗普总统发表致辞。,4550671,https://www.baidu.com/s?wd=%E7%89%B9%E6%9C%97%E6%99%AE%E5%9C%A8%E6%AC%A2%E8%BF%8E%E5%AE%B4%E4%BC%9A%E4%B8%8A%E5%8F%91%E8%A1%A8%E8%87%B4%E8%BE%9E&sa=fyb_news&rsv_dl=fyb_news,https://fyb-2.cdn.bcebos.com/hotboard_image/7079819e3a20186c6f9b93ec3e116965,百度热搜,实时热搜,realtime,hotlist,,2026-09-25 10:29:49
37,多地商场把“C位”留给国之栋梁,近日，不少网友在社交平台上发视频称，多地商场的核心“C位”挂上了“国家栋梁”主题巨幅海报，集中展示袁隆平、钱学森、邓稼先、屠呦呦等功勋人物。一商场负责人：我们就是想让更多人知道这些“国家栋梁”，向他们致敬。,4479505,https://www.baidu.com/s?wd=%E5%A4%9A%E5%9C%B0%E5%95%86%E5%9C%BA%E6%8A%8A%E2%80%9CC%E4%BD%8D%E2%80%9D%E7%95%99%E7%BB%99%E5%9B%BD%E4%B9%8B%E6%A0%8B%E6%A2%81&sa=fyb_news&rsv_dl=fyb_news,https://fyb-2.cdn.bcebos.com/hotboard_image/d87150be3dbb653a51987ec1bc349eea,百度热搜,实时热搜,realtime,hotlist,,2026-09-25 10:29:49
38,大熊猫“平平”“福双”将赴美,再过几天，大熊猫“平平”、“福双”就会落户亚特兰大动物园，同美国人民见面。,4367751,https://www.baidu.com/s?wd=%E5%A4%A7%E7%86%8A%E7%8C%AB%E2%80%9C%E5%B9%B3%E5%B9%B3%E2%80%9D%E2%80%9C%E7%A6%8F%E5%8F%8C%E2%80%9D%E5%B0%86%E8%B5%B4%E7%BE%8E&sa=fyb_news&rsv_dl=fyb_news,https://fyb-2.cdn.bcebos.com/hotboard_image/7079819e3a20186c6f9b93ec3e116965,百度热搜,实时热搜,realtime,hotlist,,2026-09-25 10:29:49
39,女生未上班却有6份社保无法考编,9月24日，“硕士生因被偷缴社保无法考编”一事引发关注。应届毕业生小李从未到任何公司任职，但在报考某单位应届生岗位时，却因有职工社保缴费记录导致报考失败。经查询，竟有6家建筑公司为其缴纳社保。,4287137,https://www.baidu.com/s?wd=%E5%A5%B3%E7%94%9F%E6%9C%AA%E4%B8%8A%E7%8F%AD%E5%8D%B4%E6%9C%896%E4%BB%BD%E7%A4%BE%E4%BF%9D%E6%97%A0%E6%B3%95%E8%80%83%E7%BC%96&sa=fyb_news&rsv_dl=fyb_news,https://fyb-2.cdn.bcebos.com/hotboard_image/85061f4a12114392f619564cf0950165,百度热搜,实时热搜,realtime,hotlist,,2026-09-25 10:29:49
40,9月龄幼崽手脚并用爬山,近日，武汉一9月龄宝宝穿戴护膝手脚并用爬山引发热议。家长回应称，遵从孩子意愿且保证安全绝不强迫。此前宝宝8个月时已学会爬楼梯，因手掌皮肉厚实多次爬行未磨破，随后才带其进行户外爬山。,4167063,https://www.baidu.com/s?wd=9%E6%9C%88%E9%BE%84%E5%B9%BC%E5%B4%BD%E6%89%8B%E8%84%9A%E5%B9%B6%E7%94%A8%E7%88%AC%E5%B1%B1&sa=fyb_news&rsv_dl=fyb_news,https://fyb-2.cdn.bcebos.com/hotboard_image/ba6b17ec87719bfe152dc07ddc515a47,百度热搜,实时热搜,realtime,hotlist,,2026-09-25 10:29:49
41,邓亚萍：王楚钦没有任何容错空间,在9月24日进行的爱知·名古屋亚运会乒乓球团体决赛中，国乒男团以2:3不敌日本队，无缘九连冠。赛后前乒乓球运动员邓亚萍表示：排阵相对较凶，王楚钦没有任何容错空间。,4078051,https://www.baidu.com/s?wd=%E9%82%93%E4%BA%9A%E8%90%8D%EF%BC%9A%E7%8E%8B%E6%A5%9A%E9%92%A6%E6%B2%A1%E6%9C%89%E4%BB%BB%E4%BD%95%E5%AE%B9%E9%94%99%E7%A9%BA%E9%97%B4&sa=fyb_news&rsv_dl=fyb_news,https://fyb-2.cdn.bcebos.com/hotboard_image/34a9110ae943581ac95b664bf88624e7,百度热搜,实时热搜,realtime,hotlist,,2026-09-25 10:29:49
42,“孙卓被拐案”人贩子预计今日出狱,9月24日晚，孙海洋对记者表示，拐走他儿子孙卓的人贩子吴某龙于9月25日刑满出狱，他有些担心家人的安全。此前，深圳市南山区人民法院以拐骗儿童罪判处吴某龙有期徒刑5年。,3970784,https://www.baidu.com/s?wd=%E2%80%9C%E5%AD%99%E5%8D%93%E8%A2%AB%E6%8B%90%E6%A1%88%E2%80%9D%E4%BA%BA%E8%B4%A9%E5%AD%90%E9%A2%84%E8%AE%A1%E4%BB%8A%E6%97%A5%E5%87%BA%E7%8B%B1&sa=fyb_news&rsv_dl=fyb_news,https://fyb-2.cdn.bcebos.com/hotboard_image/8a06f1160ebb23bae015779568050f68,百度热搜,实时热搜,realtime,hotlist,,2026-09-25 10:29:49
43,亚运会今日将迎百米飞人大战,9月25日晚，名古屋亚运会男女百米飞人大战上演，33岁老将谢震业与19岁小将曾克理出战男子组，17岁陈妤颉冲击女子金牌，泰国选手预赛9秒95成最大热门。,3899655,https://www.baidu.com/s?wd=%E4%BA%9A%E8%BF%90%E4%BC%9A%E4%BB%8A%E6%97%A5%E5%B0%86%E8%BF%8E%E7%99%BE%E7%B1%B3%E9%A3%9E%E4%BA%BA%E5%A4%A7%E6%88%98&sa=fyb_news&rsv_dl=fyb_news,https://fyb-2.cdn.bcebos.com/hotboard_image/8e17b12dac83bc6413bc198daa620837,百度热搜,实时热搜,realtime,hotlist,,2026-09-25 10:29:49
44,马斯克母亲：我喜欢去中国,北京时间9月24日，美国企业家埃隆·马斯克的母亲梅耶·马斯克在社交媒体X上转发了儿子马斯克接受采访的视频，并称赞中国“干净又安全”，直言自己喜欢去中国。,3780006,https://www.baidu.com/s?wd=%E9%A9%AC%E6%96%AF%E5%85%8B%E6%AF%8D%E4%BA%B2%EF%BC%9A%E6%88%91%E5%96%9C%E6%AC%A2%E5%8E%BB%E4%B8%AD%E5%9B%BD&sa=fyb_news&rsv_dl=fyb_news,https://fyb-2.cdn.bcebos.com/hotboard_image/bee737b291738be191920141befe00ac,百度热搜,实时热搜,realtime,hotlist,,2026-09-25 10:29:49
45,特朗普：这是一次“伟大的会晤”,当地时间9月24日中午，中美元首会谈结束。特朗普总统将习近平主席送至上车处道别，称赞这是一次“伟大的会晤”。,3697146,https://www.baidu.com/s?wd=%E7%89%B9%E6%9C%97%E6%99%AE%EF%BC%9A%E8%BF%99%E6%98%AF%E4%B8%80%E6%AC%A1%E2%80%9C%E4%BC%9F%E5%A4%A7%E7%9A%84%E4%BC%9A%E6%99%A4%E2%80%9D&sa=fyb_news&rsv_dl=fyb_news,https://fyb-2.cdn.bcebos.com/hotboard_image/23498e790ec72673a3e3ee478372308e,百度热搜,实时热搜,realtime,hotlist,,2026-09-25 10:29:49
46,网红负重手环 伤关节,近日，号称能“轻松瘦手臂”的网红负重手环热销。多位专家解读指出，负重手环无法实现局部减脂，仅能提供轻度肌耐力刺激。若长期在静态场景中佩戴，易导致关节受压，引发腱鞘炎等劳损病症。,3611669,https://www.baidu.com/s?wd=%E7%BD%91%E7%BA%A2%E8%B4%9F%E9%87%8D%E6%89%8B%E7%8E%AF+%E4%BC%A4%E5%85%B3%E8%8A%82&sa=fyb_news&rsv_dl=fyb_news,https://fyb-2.cdn.bcebos.com/hotboard_image/4a5f427b8206812efcc696f5a1f1b41f,百度热搜,实时热搜,realtime,hotlist,,2026-09-25 10:29:49
47,林诗栋蒯曼3比0德赛格尔帕德,9月25日上午，2026亚运会混双1/4决赛，林诗栋/蒯曼3-0战胜德赛/格尔帕德，晋级四强。局分：11-5，12-10，11-9。,3497028,https://www.baidu.com/s?wd=%E6%9E%97%E8%AF%97%E6%A0%8B%E8%92%AF%E6%9B%BC3%E6%AF%940%E5%BE%B7%E8%B5%9B%E6%A0%BC%E5%B0%94%E5%B8%95%E5%BE%B7&sa=fyb_news&rsv_dl=fyb_news,https://fyb-2.cdn.bcebos.com/hotboard_image/565b54e9e268d9841403ca430c1d213a,百度热搜,实时热搜,realtime,hotlist,,2026-09-25 10:29:49
48,飞机维修人才缺口超15万,当前中国飞机维修能力正从引进走向自主，发动机等核心部件逐渐实现国内维修。截至2025年底，国内累计颁发9.25万份机务执照，但空客预测2024-2043年中国仍需新增15.5万名维修技术人员，能修核心件的人才严重紧缺，行业呼吁完善薪酬与晋升体系。,3402061,https://www.baidu.com/s?wd=%E9%A3%9E%E6%9C%BA%E7%BB%B4%E4%BF%AE%E4%BA%BA%E6%89%8D%E7%BC%BA%E5%8F%A3%E8%B6%8515%E4%B8%87&sa=fyb_news&rsv_dl=fyb_news,https://fyb-2.cdn.bcebos.com/hotboard_image/b4cd158dbe7e718bea4bcf4dc99ed54c,百度热搜,实时热搜,realtime,hotlist,,2026-09-25 10:29:49
49,金正恩已获邀访问俄罗斯,9月24日，俄罗斯副外长鲁坚科表示，朝鲜最高领导人金正恩已获邀访问俄罗斯，具体日期将通过外交渠道商定。此前，双方于2024年6月签署条约，将俄朝关系提升至结盟高度。,3309257,https://www.baidu.com/s?wd=%E9%87%91%E6%AD%A3%E6%81%A9%E5%B7%B2%E8%8E%B7%E9%82%80%E8%AE%BF%E9%97%AE%E4%BF%84%E7%BD%97%E6%96%AF&sa=fyb_news&rsv_dl=fyb_news,https://fyb-2.cdn.bcebos.com/hotboard_image/bf855691cae5aeabeb81e88fa6cdba80,百度热搜,实时热搜,realtime,hotlist,,2026-09-25 10:29:49
50,2600亿存储龙头大股东套现4.7亿,"9月24日，存储芯片龙头澜起科技AH股同步下挫，A股跌3.97%报214.5元/股，最新市值2651亿元。同日盘后公告，第三大股东WLT Partners,L.P.因股权激励行权资金需要，拟减持不超233万股，套现约4.78亿元。",3224491,https://www.baidu.com/s?wd=2600%E4%BA%BF%E5%AD%98%E5%82%A8%E9%BE%99%E5%A4%B4%E5%A4%A7%E8%82%A1%E4%B8%9C%E5%A5%97%E7%8E%B04.7%E4%BA%BF&sa=fyb_news&rsv_dl=fyb_news,https://fyb-2.cdn.bcebos.com/hotboard_image/337a285ffb4973bd54a5202c2bec3c2e,百度热搜,实时热搜,realtime,hotlist,,2026-09-25 10:29:49
1,习近平同美国总统特朗普会谈,,7904210,https://www.baidu.com/s?wd=%E4%B9%A0%E8%BF%91%E5%B9%B3%E5%90%8C%E7%BE%8E%E5%9B%BD%E6%80%BB%E7%BB%9F%E7%89%B9%E6%9C%97%E6%99%AE%E4%BC%9A%E8%B0%88&sa=fyb_news&rsv_dl=fyb_news,https://fyb-1.cdn.bcebos.com/fyb/de6163834f53ca92c1273fff98ac9078.jpeg,百度热搜,实时热搜,realtime,hotlist,,2026-09-25 11:24:57
2,习近平和彭丽媛出席欢迎宴会,,7808572,https://www.baidu.com/s?wd=%E4%B9%A0%E8%BF%91%E5%B9%B3%E5%92%8C%E5%BD%AD%E4%B8%BD%E5%AA%9B%E5%87%BA%E5%B8%AD%E6%AC%A2%E8%BF%8E%E5%AE%B4%E4%BC%9A&sa=fyb_news&rsv_dl=fyb_news,https://fyb-1.cdn.bcebos.com/fyb/de6163834f53ca92c1273fff98ac9078.jpeg,百度热搜,实时热搜,realtime,hotlist,,2026-09-25 11:24:57
3,习近平在欢迎宴会祝大家中秋快乐,当地时间9月24日晚，习近平出席特朗普举行的欢迎宴会并发表祝酒辞，谈到中国人民正在欢度中秋，向中美各界致以节日祝福。,7714007,https://www.baidu.com/s?wd=%E4%B9%A0%E8%BF%91%E5%B9%B3%E5%9C%A8%E6%AC%A2%E8%BF%8E%E5%AE%B4%E4%BC%9A%E7%A5%9D%E5%A4%A7%E5%AE%B6%E4%B8%AD%E7%A7%8B%E5%BF%AB%E4%B9%90&sa=fyb_news&rsv_dl=fyb_news,https://fyb-2.cdn.bcebos.com/hotboard_image/455dbf5ba6fd04bb6495f56c2e0c5e98,百度热搜,实时热搜,realtime,hotlist,,2026-09-25 11:24:57
4,跟着古诗追月亮,中秋的源头在哪里？月亮上住着谁？古人怎么过节、吃什么、玩什么？翻开一本古诗集，月亮从字里行间升起。让我们跟着古诗追月亮，一起寻找文物里的中秋。,7618614,https://www.baidu.com/s?wd=%E8%B7%9F%E7%9D%80%E5%8F%A4%E8%AF%97%E8%BF%BD%E6%9C%88%E4%BA%AE&sa=fyb_news&rsv_dl=fyb_news,https://fyb-2.cdn.bcebos.com/hotboard_image/9dc9678e0f93800d8567c32625618e30,百度热搜,实时热搜,realtime,hotlist,,2026-09-25 11:24:57
5,特朗普听到大熊猫将落户美国笑了,大熊猫是中美两国人民友谊的使者。在白宫欢迎仪式上，当习近平主席宣布大熊猫“平平”、“福双”将同美国人民见面时，特朗普总统笑着点头致意。,7520077,https://www.baidu.com/s?wd=%E7%89%B9%E6%9C%97%E6%99%AE%E5%90%AC%E5%88%B0%E5%A4%A7%E7%86%8A%E7%8C%AB%E5%B0%86%E8%90%BD%E6%88%B7%E7%BE%8E%E5%9B%BD%E7%AC%91%E4%BA%86&sa=fyb_news&rsv_dl=fyb_news,https://fyb-2.cdn.bcebos.com/hotboard_image/22129e4a84b59e54cd3ca484ab9831e8,百度热搜,实时热搜,realtime,hotlist,,2026-09-25 11:24:57
6,马斯克黄仁勋等出席白宫欢迎宴会,当地时间9月24日晚，国家主席习近平和夫人彭丽媛在白宫出席美国总统特朗普和夫人梅拉尼娅举行的欢迎宴会。马斯克、黄仁勋、苏世民、奥尔特曼等出席白宫欢迎宴会。,7429231,https://www.baidu.com/s?wd=%E9%A9%AC%E6%96%AF%E5%85%8B%E9%BB%84%E4%BB%81%E5%8B%8B%E7%AD%89%E5%87%BA%E5%B8%AD%E7%99%BD%E5%AE%AB%E6%AC%A2%E8%BF%8E%E5%AE%B4%E4%BC%9A&sa=fyb_news&rsv_dl=fyb_news,https://fyb-2.cdn.bcebos.com/hotboard_image/11c149002c2df8d234315b12f1bc5896,百度热搜,实时热搜,realtime,hotlist,,2026-09-25 11:24:57
7,孙颖莎王楚钦零封张本美和松岛辉空,,7331370,https://www.baidu.com/s?wd=%E5%AD%99%E9%A2%96%E8%8E%8E%E7%8E%8B%E6%A5%9A%E9%92%A6%E9%9B%B6%E5%B0%81%E5%BC%A0%E6%9C%AC%E7%BE%8E%E5%92%8C%E6%9D%BE%E5%B2%9B%E8%BE%89%E7%A9%BA&sa=fyb_news&rsv_dl=fyb_news,https://fyb-1.cdn.bcebos.com/fyb/de6163834f53ca92c1273fff98ac9078.jpeg,百度热搜,实时热搜,realtime,hotlist,,2026-09-25 11:24:57
8,中秋节,,7236522,https://www.baidu.com/s?wd=%E4%B8%AD%E7%A7%8B%E8%8A%82&sa=fyb_news&rsv_dl=fyb_news,https://fyb-1.cdn.bcebos.com/fyb/de6163834f53ca92c1273fff98ac9078.jpeg,百度热搜,实时热搜,realtime,hotlist,,2026-09-25 11:24:57
9,马斯克母亲：我喜欢去中国,北京时间9月24日，美国企业家埃隆·马斯克的母亲梅耶·马斯克在社交媒体X上转发了儿子马斯克接受采访的视频，并称赞中国“干净又安全”，直言自己喜欢去中国。,7135811,https://www.baidu.com/s?wd=%E9%A9%AC%E6%96%AF%E5%85%8B%E6%AF%8D%E4%BA%B2%EF%BC%9A%E6%88%91%E5%96%9C%E6%AC%A2%E5%8E%BB%E4%B8%AD%E5%9B%BD&sa=fyb_news&rsv_dl=fyb_news,https://fyb-2.cdn.bcebos.com/hotboard_image/bee737b291738be191920141befe00ac,百度热搜,实时热搜,realtime,hotlist,,2026-09-25 11:24:57
10,世界技能大赛 为了更好的未来,9月24日，第48届世界技能大赛进入第二天。当“照护、木工、口腔修复”这些与生活息息相关的技能出现在世界技能大赛的赛场，同场竞技的选手们比的究竟是什么？这些手工技艺如何改变我们的未来生活？总台评论员白岩松为您带来观察分析。,7043846,https://www.baidu.com/s?wd=%E4%B8%96%E7%95%8C%E6%8A%80%E8%83%BD%E5%A4%A7%E8%B5%9B+%E4%B8%BA%E4%BA%86%E6%9B%B4%E5%A5%BD%E7%9A%84%E6%9C%AA%E6%9D%A5&sa=fyb_news&rsv_dl=fyb_news,https://fyb-2.cdn.bcebos.com/hotboard_image/5a702a3ed833d9d23bc61b5f9c296175,百度热搜,实时热搜,realtime,hotlist,,2026-09-25 11:24:57
11,平均月薪16149元 这类人才紧缺,今年1到8月，无人机工程师招聘职位数同比上涨26%，平均招聘月薪为16149元，无人机群飞行规划员岗位规模近五年增近8倍。产业急需懂装配、会编程的复合型人才。,6947895,https://www.baidu.com/s?wd=%E5%B9%B3%E5%9D%87%E6%9C%88%E8%96%AA16149%E5%85%83+%E8%BF%99%E7%B1%BB%E4%BA%BA%E6%89%8D%E7%B4%A7%E7%BC%BA&sa=fyb_news&rsv_dl=fyb_news,https://fyb-2.cdn.bcebos.com/hotboard_image/339bf668de76a280afe012baa9c25416,百度热搜,实时热搜,realtime,hotlist,,2026-09-25 11:24:57
12,陌生快递寄来礼品卡？误区要注意,中秋、国庆双节将至，不少人收到了一份“从天而降”的快递——自己明明没有网购，却收到一个装着湿巾等小物件外加一张“双节礼品卡”的包裹。不花一分钱扫个码就能领取年货大礼包？千万别信！此类事存在着两大认知误区，一文解读！,6858520,https://www.baidu.com/s?wd=%E9%99%8C%E7%94%9F%E5%BF%AB%E9%80%92%E5%AF%84%E6%9D%A5%E7%A4%BC%E5%93%81%E5%8D%A1%EF%BC%9F%E8%AF%AF%E5%8C%BA%E8%A6%81%E6%B3%A8%E6%84%8F&sa=fyb_news&rsv_dl=fyb_news,https://fyb-2.cdn.bcebos.com/hotboard_image/8ac4e32ba1b3f8270fb0b505025c307e,百度热搜,实时热搜,realtime,hotlist,,2026-09-25 11:24:57
13,暴涨1450%！这个中秋爆款全球下单,中秋节来临，餐桌上的“双向奔赴”如火如荼。进口生鲜迎来小高峰，出口节庆产品订单也屡创新高。其中，今年前8个月，盘锦河蟹出口量达482吨，同比增长14.5倍。这个中秋，舌尖美味与文化符号正在双向流动。,6762220,https://www.baidu.com/s?wd=%E6%9A%B4%E6%B6%A81450%25%EF%BC%81%E8%BF%99%E4%B8%AA%E4%B8%AD%E7%A7%8B%E7%88%86%E6%AC%BE%E5%85%A8%E7%90%83%E4%B8%8B%E5%8D%95&sa=fyb_news&rsv_dl=fyb_news,https://fyb-2.cdn.bcebos.com/hotboard_image/1afcce65f89d470e75a24d2fb7e7e60c,百度热搜,实时热搜,realtime,hotlist,,2026-09-25 11:24:57
14,4.5米长虫从男子体内排出,近日，武汉市金银潭医院接诊患者小金。小金因长期食用生鱼片感染阔节裂头绦虫，经驱虫治疗后排出一条4.5米长成虫。此前，小金如厕时发现一米多长虫节就诊，医生追溯得知其有生食习惯。目前小金已顺利出院，医生提醒需警惕来源不明的生食或未熟淡水鱼。,6663108,https://www.baidu.com/s?wd=4.5%E7%B1%B3%E9%95%BF%E8%99%AB%E4%BB%8E%E7%94%B7%E5%AD%90%E4%BD%93%E5%86%85%E6%8E%92%E5%87%BA&sa=fyb_news&rsv_dl=fyb_news,https://fyb-2.cdn.bcebos.com/hotboard_image/c83bb759ff0d4610ded58fbb73889a4a,百度热搜,实时热搜,realtime,hotlist,,2026-09-25 11:24:57
15,用手机钢化膜的受害者出现了,近期，多位网友在社交平台反映被手机的钢化膜扎伤，看似日常的手机配件，有时竟化身伤人利器，相关话题引发广泛关注，记者采访了多位受害者，一起来看。,6563141,https://www.baidu.com/s?wd=%E7%94%A8%E6%89%8B%E6%9C%BA%E9%92%A2%E5%8C%96%E8%86%9C%E7%9A%84%E5%8F%97%E5%AE%B3%E8%80%85%E5%87%BA%E7%8E%B0%E4%BA%86&sa=fyb_news&rsv_dl=fyb_news,https://fyb-2.cdn.bcebos.com/hotboard_image/e17a91522cf1be8c482b213568d200b1,百度热搜,实时热搜,realtime,hotlist,,2026-09-25 11:24:57
16,白宫响起“月亮代表我的心”,当地时间9月24日，国家主席习近平和夫人彭丽媛将在白宫出席美国总统特朗普和夫人梅拉尼娅举行的欢迎宴会。白宫响起“月亮代表我的心”。,6465398,https://www.baidu.com/s?wd=%E7%99%BD%E5%AE%AB%E5%93%8D%E8%B5%B7%E2%80%9C%E6%9C%88%E4%BA%AE%E4%BB%A3%E8%A1%A8%E6%88%91%E7%9A%84%E5%BF%83%E2%80%9D&sa=fyb_news&rsv_dl=fyb_news,https://fyb-2.cdn.bcebos.com/hotboard_image/9c5a02e5a1afeb7a89c9e102f0b35337,百度热搜,实时热搜,realtime,hotlist,,2026-09-25 11:24:57
17,白宫墙上悬挂中美元首握手照片,白宫一楼的墙上，悬挂着特朗普总统访华时，习近平主席同他握手的照片。,6372029,https://www.baidu.com/s?wd=%E7%99%BD%E5%AE%AB%E5%A2%99%E4%B8%8A%E6%82%AC%E6%8C%82%E4%B8%AD%E7%BE%8E%E5%85%83%E9%A6%96%E6%8F%A1%E6%89%8B%E7%85%A7%E7%89%87&sa=fyb_news&rsv_dl=fyb_news,https://fyb-2.cdn.bcebos.com/hotboard_image/c8484cfdae958d151c32876a803b19b7,百度热搜,实时热搜,realtime,hotlist,,2026-09-25 11:24:57
18,第一批喝泰奶的“受害者”出现了,近期泰式奶茶（泰奶）爆火，但已有部分人喝后出现心悸、头晕、失眠等不适。科普解读指出，泰奶因茶粉颗粒细小、萃取充分，咖啡因含量高于普通奶茶甚至接近美式。,6276909,https://www.baidu.com/s?wd=%E7%AC%AC%E4%B8%80%E6%89%B9%E5%96%9D%E6%B3%B0%E5%A5%B6%E7%9A%84%E2%80%9C%E5%8F%97%E5%AE%B3%E8%80%85%E2%80%9D%E5%87%BA%E7%8E%B0%E4%BA%86&sa=fyb_news&rsv_dl=fyb_news,https://fyb-2.cdn.bcebos.com/hotboard_image/b7cd56b3329a5b8181de4e0c1e202cf0,百度热搜,实时热搜,realtime,hotlist,,2026-09-25 11:24:57
19,哈萨克斯坦军演突发事故致12死,哈萨克斯坦军队24日在里海沿岸曼格斯套州进行演习期间发生事故，造成12名军人丧生。哈萨克斯坦总统托卡耶夫向丧生军人的亲人表示慰问。,6189365,https://www.baidu.com/s?wd=%E5%93%88%E8%90%A8%E5%85%8B%E6%96%AF%E5%9D%A6%E5%86%9B%E6%BC%94%E7%AA%81%E5%8F%91%E4%BA%8B%E6%95%85%E8%87%B412%E6%AD%BB&sa=fyb_news&rsv_dl=fyb_news,https://fyb-2.cdn.bcebos.com/hotboard_image/e0faecca48a42d5a88f3b4cc84813155,百度热搜,实时热搜,realtime,hotlist,,2026-09-25 11:24:57
20,高铁站安检仪扫到好多“小圆球”,中秋前夕，云南宣威站安检仪频现宣威火腿月饼。起因是该非遗火腿月饼备受旅客青睐，许多人打包乘车带回家。为此，宣威站不仅在安检区配备胶带等工具方便打包，还通过加开列车等方式增加运能保障出行。,6089954,https://www.baidu.com/s?wd=%E9%AB%98%E9%93%81%E7%AB%99%E5%AE%89%E6%A3%80%E4%BB%AA%E6%89%AB%E5%88%B0%E5%A5%BD%E5%A4%9A%E2%80%9C%E5%B0%8F%E5%9C%86%E7%90%83%E2%80%9D&sa=fyb_news&rsv_dl=fyb_news,https://fyb-2.cdn.bcebos.com/hotboard_image/894bfb531f6c5a1dd0e4dcfb8333bdbb,百度热搜,实时热搜,realtime,hotlist,,2026-09-25 11:24:57
21,白宫公布国宴菜单与装饰,当地时间9月24日晚，国家主席习近平和夫人彭丽媛乘车抵达白宫，出席美国总统特朗普和夫人梅拉尼娅举行的欢迎宴会。美国第一夫人办公室当天公布了晚宴菜单和现场布置等细节。白宫将此次菜单概括为：以美国食材为主，同时融入中国元素，希望将两国饮食传统结合起来。,5998549,https://www.baidu.com/s?wd=%E7%99%BD%E5%AE%AB%E5%85%AC%E5%B8%83%E5%9B%BD%E5%AE%B4%E8%8F%9C%E5%8D%95%E4%B8%8E%E8%A3%85%E9%A5%B0&sa=fyb_news&rsv_dl=fyb_news,https://fyb-2.cdn.bcebos.com/hotboard_image/8c4e39c93cdc44593572b7b55db75b93,百度热搜,实时热搜,realtime,hotlist,,2026-09-25 11:24:57
22,王祖贤回应容貌争议：我已经60岁了,近日，王祖贤在隐退22年后的首场访谈中回应容貌争议：“我已经60岁了”，观众印象仍停留在她19岁时的银幕形象；她还澄清息影并非因情伤。,5902056,https://www.baidu.com/s?wd=%E7%8E%8B%E7%A5%96%E8%B4%A4%E5%9B%9E%E5%BA%94%E5%AE%B9%E8%B2%8C%E4%BA%89%E8%AE%AE%EF%BC%9A%E6%88%91%E5%B7%B2%E7%BB%8F60%E5%B2%81%E4%BA%86&sa=fyb_news&rsv_dl=fyb_news,https://fyb-2.cdn.bcebos.com/hotboard_image/8083e42234e2659b57e294d8bdfaeec8,百度热搜,实时热搜,realtime,hotlist,,2026-09-25 11:24:57
23,中美元首夫人参观国立亚洲艺术博物馆,当地时间9月24日中午，国家主席习近平夫人彭丽媛在华盛顿同美国总统特朗普夫人梅拉尼娅参观国立亚洲艺术博物馆。彭丽媛对美方近年来多次向中方返还中国文物表示赞赏，希望中美双方继续加强文化交流和文化遗产保护合作，增进两国人民友好。,5806455,https://www.baidu.com/s?wd=%E4%B8%AD%E7%BE%8E%E5%85%83%E9%A6%96%E5%A4%AB%E4%BA%BA%E5%8F%82%E8%A7%82%E5%9B%BD%E7%AB%8B%E4%BA%9A%E6%B4%B2%E8%89%BA%E6%9C%AF%E5%8D%9A%E7%89%A9%E9%A6%86&sa=fyb_news&rsv_dl=fyb_news,https://fyb-2.cdn.bcebos.com/hotboard_image/3a6789a600ba630a0ca6ee6e430fd757,百度热搜,实时热搜,realtime,hotlist,,2026-09-25 11:24:57
24,王皓回应国乒男团不敌日本队丢冠,主教练王皓回应男团丢冠，表示球队现在正处于新老交替的重要环节，需要给年轻运动员试错的空间。他呼吁媒体和球迷善待球员和教练，指出球员承受比赛胜负和外界质疑的压力，教练组也扎根球队无暇陪伴家庭。,5701320,https://www.baidu.com/s?wd=%E7%8E%8B%E7%9A%93%E5%9B%9E%E5%BA%94%E5%9B%BD%E4%B9%92%E7%94%B7%E5%9B%A2%E4%B8%8D%E6%95%8C%E6%97%A5%E6%9C%AC%E9%98%9F%E4%B8%A2%E5%86%A0&sa=fyb_news&rsv_dl=fyb_news,https://fyb-2.cdn.bcebos.com/hotboard_image/d0b228a5c2d661f9e6812f78a3e81556,百度热搜,实时热搜,realtime,hotlist,,2026-09-25 11:24:57
25,以色列总理联大讲话 台下快走空了,当地时间9月24日下午（北京时间9月25日凌晨），以色列总理内塔尼亚胡在第81届联合国大会一般性辩论上发表讲话，现场大多数国家代表离场抗议，他将其称为“懦夫”。,5618793,https://www.baidu.com/s?wd=%E4%BB%A5%E8%89%B2%E5%88%97%E6%80%BB%E7%90%86%E8%81%94%E5%A4%A7%E8%AE%B2%E8%AF%9D+%E5%8F%B0%E4%B8%8B%E5%BF%AB%E8%B5%B0%E7%A9%BA%E4%BA%86&sa=fyb_news&rsv_dl=fyb_news,https://fyb-2.cdn.bcebos.com/hotboard_image/ce2a73222ec52b3ef727ccf9ff449e2e,百度热搜,实时热搜,realtime,hotlist,,2026-09-25 11:24:57
26,女演员王朱悦紧急道歉,9月24日，《微微一笑很倾城》更名《一笑倾城》上线，女主贝微微被AI换脸为演员王朱悦，引发争议。王朱悦发文承认本人授权换脸并道歉：“毁了大家心中的角色”。,5505615,https://www.baidu.com/s?wd=%E5%A5%B3%E6%BC%94%E5%91%98%E7%8E%8B%E6%9C%B1%E6%82%A6%E7%B4%A7%E6%80%A5%E9%81%93%E6%AD%89&sa=fyb_news&rsv_dl=fyb_news,https://fyb-2.cdn.bcebos.com/hotboard_image/2b65cddd5d0fa76cb4a6e35606443831,百度热搜,实时热搜,realtime,hotlist,,2026-09-25 11:24:57
27,李嘉明还1万元游本昌直接捐了,近日，演员李嘉明哽咽追忆游本昌，称其像父亲般关心自己。此前他在北漂低谷期遇父亲生病无钱医治，游本昌第一时间拿出1万元现金且无需归还。李嘉明称：“后来我还了钱，游老师直接把钱捐了。”,5410625,https://www.baidu.com/s?wd=%E6%9D%8E%E5%98%89%E6%98%8E%E8%BF%981%E4%B8%87%E5%85%83%E6%B8%B8%E6%9C%AC%E6%98%8C%E7%9B%B4%E6%8E%A5%E6%8D%90%E4%BA%86&sa=fyb_news&rsv_dl=fyb_news,https://fyb-2.cdn.bcebos.com/hotboard_image/d3704afee97c947dc82259f2ab42d666,百度热搜,实时热搜,realtime,hotlist,,2026-09-25 11:24:57
28,胖东来大月饼难抢,9月24日，记者在新乡胖东来探访发现，顾客购物车堆成小山，有百公里外老板开车来进货。此前，胖东来网红大月饼改为线上限购销售，工作人员称每天上架几千份，两三分钟便抢空，引发关注。,5315011,https://www.baidu.com/s?wd=%E8%83%96%E4%B8%9C%E6%9D%A5%E5%A4%A7%E6%9C%88%E9%A5%BC%E9%9A%BE%E6%8A%A2&sa=fyb_news&rsv_dl=fyb_news,https://fyb-2.cdn.bcebos.com/hotboard_image/9e971a7cbb0a4e1fbfcdf2c019583779,百度热搜,实时热搜,realtime,hotlist,,2026-09-25 11:24:57
29,三人操纵股市获利0元被罚800万,9月24日，证监会披露，陈欢、周厚禄、李萍萍三人控制多个账户操纵股价，虽无违法所得，仍被合计罚款800万元并禁入市场2至3年。,5224902,https://www.baidu.com/s?wd=%E4%B8%89%E4%BA%BA%E6%93%8D%E7%BA%B5%E8%82%A1%E5%B8%82%E8%8E%B7%E5%88%A90%E5%85%83%E8%A2%AB%E7%BD%9A800%E4%B8%87&sa=fyb_news&rsv_dl=fyb_news,https://fyb-2.cdn.bcebos.com/hotboard_image/88d7a181efcb195457e2254476ba8f40,百度热搜,实时热搜,realtime,hotlist,,2026-09-25 11:24:57
30,李一桐北舞严选的含金量还在上升,中秋奇妙游中，李一桐切换三套造型，以青赤黄白黑五方正色为视觉核心，用歌声和舞蹈演绎传统五色，从山水到生活展开色彩叙事，宛如仙女下人间，北舞严选含金量还在上升。,5120060,https://www.baidu.com/s?wd=%E6%9D%8E%E4%B8%80%E6%A1%90%E5%8C%97%E8%88%9E%E4%B8%A5%E9%80%89%E7%9A%84%E5%90%AB%E9%87%91%E9%87%8F%E8%BF%98%E5%9C%A8%E4%B8%8A%E5%8D%87&sa=fyb_news&rsv_dl=fyb_news,https://fyb-2.cdn.bcebos.com/hotboard_image/2b9ee8e1a5fa443c37d12f8df9ab2b6f,百度热搜,实时热搜,realtime,hotlist,,2026-09-25 11:24:57
31,飞机维修人才缺口超15万,当前中国飞机维修能力正从引进走向自主，发动机等核心部件逐渐实现国内维修。截至2025年底，国内累计颁发9.25万份机务执照，但空客预测2024-2043年中国仍需新增15.5万名维修技术人员，能修核心件的人才严重紧缺，行业呼吁完善薪酬与晋升体系。,5030185,https://www.baidu.com/s?wd=%E9%A3%9E%E6%9C%BA%E7%BB%B4%E4%BF%AE%E4%BA%BA%E6%89%8D%E7%BC%BA%E5%8F%A3%E8%B6%8515%E4%B8%87&sa=fyb_news&rsv_dl=fyb_news,https://fyb-2.cdn.bcebos.com/hotboard_image/b4cd158dbe7e718bea4bcf4dc99ed54c,百度热搜,实时热搜,realtime,hotlist,,2026-09-25 11:24:57
32,邓亚萍：王楚钦没有任何容错空间,在9月24日进行的爱知·名古屋亚运会乒乓球团体决赛中，国乒男团以2:3不敌日本队，无缘九连冠。赛后前乒乓球运动员邓亚萍表示：排阵相对较凶，王楚钦没有任何容错空间。,4952578,https://www.baidu.com/s?wd=%E9%82%93%E4%BA%9A%E8%90%8D%EF%BC%9A%E7%8E%8B%E6%A5%9A%E9%92%A6%E6%B2%A1%E6%9C%89%E4%BB%BB%E4%BD%95%E5%AE%B9%E9%94%99%E7%A9%BA%E9%97%B4&sa=fyb_news&rsv_dl=fyb_news,https://fyb-2.cdn.bcebos.com/hotboard_image/34a9110ae943581ac95b664bf88624e7,百度热搜,实时热搜,realtime,hotlist,,2026-09-25 11:24:57
33,女生未上班却有6份社保无法考编,9月24日，“硕士生因被偷缴社保无法考编”一事引发关注。应届毕业生小李从未到任何公司任职，但在报考某单位应届生岗位时，却因有职工社保缴费记录导致报考失败。经查询，竟有6家建筑公司为其缴纳社保。,4850410,https://www.baidu.com/s?wd=%E5%A5%B3%E7%94%9F%E6%9C%AA%E4%B8%8A%E7%8F%AD%E5%8D%B4%E6%9C%896%E4%BB%BD%E7%A4%BE%E4%BF%9D%E6%97%A0%E6%B3%95%E8%80%83%E7%BC%96&sa=fyb_news&rsv_dl=fyb_news,https://fyb-2.cdn.bcebos.com/hotboard_image/85061f4a12114392f619564cf0950165,百度热搜,实时热搜,realtime,hotlist,,2026-09-25 11:24:57
34,《兰香如故》市占率42.6%,目前，由谭松韵主演的电视剧《兰香如故》正在热播中，其市占率创下新高，已达42.6%。此前该剧开播初不被看好，如今打脸多方预测。,4743482,https://www.baidu.com/s?wd=%E3%80%8A%E5%85%B0%E9%A6%99%E5%A6%82%E6%95%85%E3%80%8B%E5%B8%82%E5%8D%A0%E7%8E%8742.6%25&sa=fyb_news&rsv_dl=fyb_news,https://fyb-2.cdn.bcebos.com/hotboard_image/d19602c4f591db1ad37192b0bf46c2cc,百度热搜,实时热搜,realtime,hotlist,,2026-09-25 11:24:57
35,一块月饼等于几碗饭,中秋佳节，专家提示100克月饼热量相当于4碗米饭。因月饼具有高热量、高脂肪、高糖分的特点，糖尿病、高血压及高血脂、胃肠疾病患者与儿童需严格控制食用量。,4641678,https://www.baidu.com/s?wd=%E4%B8%80%E5%9D%97%E6%9C%88%E9%A5%BC%E7%AD%89%E4%BA%8E%E5%87%A0%E7%A2%97%E9%A5%AD&sa=fyb_news&rsv_dl=fyb_news,https://fyb-2.cdn.bcebos.com/hotboard_image/e20a2c7ec864cb9f53ccac7fd361ca8c,百度热搜,实时热搜,realtime,hotlist,,2026-09-25 11:24:57
36,哥伦比亚宣布与伊朗断交,当地时间9月24日，哥伦比亚外交部发表声明，宣布自9月19日起正式与伊朗断绝外交关系。声明指出，该决定基于哥伦比亚在国家和地区安全及打击跨国犯罪等方面的外交政策原则。同时强调，断绝外交关系并不意味着断绝两国领事关系。,4549778,https://www.baidu.com/s?wd=%E5%93%A5%E4%BC%A6%E6%AF%94%E4%BA%9A%E5%AE%A3%E5%B8%83%E4%B8%8E%E4%BC%8A%E6%9C%97%E6%96%AD%E4%BA%A4&sa=fyb_news&rsv_dl=fyb_news,https://fyb-2.cdn.bcebos.com/hotboard_image/91313c7c3845542a49095e1382ab68f5,百度热搜,实时热搜,realtime,hotlist,,2026-09-25 11:24:57
37,坐高铁用不用一次性座椅套垫,9月24日上午，针对网友热议的“坐高铁是否需自带一次性座椅套垫”，铁路12306回应称，高铁坐垫正常120至180天更换清洗，卧铺床单一客一换，平时脏污会清理。,4457255,https://www.baidu.com/s?wd=%E5%9D%90%E9%AB%98%E9%93%81%E7%94%A8%E4%B8%8D%E7%94%A8%E4%B8%80%E6%AC%A1%E6%80%A7%E5%BA%A7%E6%A4%85%E5%A5%97%E5%9E%AB&sa=fyb_news&rsv_dl=fyb_news,https://fyb-2.cdn.bcebos.com/hotboard_image/f61c800f1097845473bcb0f4c8000e08,百度热搜,实时热搜,realtime,hotlist,,2026-09-25 11:24:57
38,胡兵送中秋专属祝福,又是一年团圆时，胡兵来送祝福啦：祝大家中秋快乐！,4353781,https://www.baidu.com/s?wd=%E8%83%A1%E5%85%B5%E9%80%81%E4%B8%AD%E7%A7%8B%E4%B8%93%E5%B1%9E%E7%A5%9D%E7%A6%8F&sa=fyb_news&rsv_dl=fyb_news,https://fyb-2.cdn.bcebos.com/hotboard_image/fed9f152fa630315d7df7b883990092e,百度热搜,实时热搜,realtime,hotlist,,2026-09-25 11:24:57
39,2600亿存储龙头大股东套现4.7亿,"9月24日，存储芯片龙头澜起科技AH股同步下挫，A股跌3.97%报214.5元/股，最新市值2651亿元。同日盘后公告，第三大股东WLT Partners,L.P.因股权激励行权资金需要，拟减持不超233万股，套现约4.78亿元。",4264855,https://www.baidu.com/s?wd=2600%E4%BA%BF%E5%AD%98%E5%82%A8%E9%BE%99%E5%A4%B4%E5%A4%A7%E8%82%A1%E4%B8%9C%E5%A5%97%E7%8E%B04.7%E4%BA%BF&sa=fyb_news&rsv_dl=fyb_news,https://fyb-2.cdn.bcebos.com/hotboard_image/337a285ffb4973bd54a5202c2bec3c2e,百度热搜,实时热搜,realtime,hotlist,,2026-09-25 11:24:57
40,“孙卓被拐案”人贩子预计今日出狱,9月24日晚，孙海洋对记者表示，拐走他儿子孙卓的人贩子吴某龙于9月25日刑满出狱，他有些担心家人的安全。此前，深圳市南山区人民法院以拐骗儿童罪判处吴某龙有期徒刑5年。,4166768,https://www.baidu.com/s?wd=%E2%80%9C%E5%AD%99%E5%8D%93%E8%A2%AB%E6%8B%90%E6%A1%88%E2%80%9D%E4%BA%BA%E8%B4%A9%E5%AD%90%E9%A2%84%E8%AE%A1%E4%BB%8A%E6%97%A5%E5%87%BA%E7%8B%B1&sa=fyb_news&rsv_dl=fyb_news,https://fyb-2.cdn.bcebos.com/hotboard_image/8a06f1160ebb23bae015779568050f68,百度热搜,实时热搜,realtime,hotlist,,2026-09-25 11:24:57
41,企业给30年工龄老员工发万元奖励,近日，河南洛阳中成集团40周年庆给30年工龄老员工发万元奖励。据悉，11名满30年工龄员工获万元奖励，10至30年工龄的255名员工获电动车等。此外，公司每位员工还收到1000元购物卡。,4062916,https://www.baidu.com/s?wd=%E4%BC%81%E4%B8%9A%E7%BB%9930%E5%B9%B4%E5%B7%A5%E9%BE%84%E8%80%81%E5%91%98%E5%B7%A5%E5%8F%91%E4%B8%87%E5%85%83%E5%A5%96%E5%8A%B1&sa=fyb_news&rsv_dl=fyb_news,https://fyb-2.cdn.bcebos.com/hotboard_image/103ff2584e66a21f29f7761522e2e260,百度热搜,实时热搜,realtime,hotlist,,2026-09-25 11:24:57
42,第一波出发的大聪明堵路上了,9月24日凌晨，广昆高速肇庆段返乡车流出现多处堵塞。许多试图提前出发的车主遭遇拥堵，网友调侃：“第一波出发的大聪明堵路上了！”,3991857,https://www.baidu.com/s?wd=%E7%AC%AC%E4%B8%80%E6%B3%A2%E5%87%BA%E5%8F%91%E7%9A%84%E5%A4%A7%E8%81%AA%E6%98%8E%E5%A0%B5%E8%B7%AF%E4%B8%8A%E4%BA%86&sa=fyb_news&rsv_dl=fyb_news,https://fyb-2.cdn.bcebos.com/hotboard_image/46d2871d8d1b82688bea8c1a7ba5a309,百度热搜,实时热搜,realtime,hotlist,,2026-09-25 11:24:57
43,丁宁为孙颖莎戴上金牌,北京时间9月24日，名古屋亚运会乒乓球女团决赛，中国队获得金牌。丁宁为国乒女团佩戴亚运金牌时全场沸腾，两代国乒人同框，赛场传承具象化了！,3885972,https://www.baidu.com/s?wd=%E4%B8%81%E5%AE%81%E4%B8%BA%E5%AD%99%E9%A2%96%E8%8E%8E%E6%88%B4%E4%B8%8A%E9%87%91%E7%89%8C&sa=fyb_news&rsv_dl=fyb_news,https://fyb-2.cdn.bcebos.com/hotboard_image/c63004a6bd727331cc37a1bcb015a1a5,百度热搜,实时热搜,realtime,hotlist,,2026-09-25 11:24:57
44,金正恩已获邀访问俄罗斯,9月24日，俄罗斯副外长鲁坚科表示，朝鲜最高领导人金正恩已获邀访问俄罗斯，具体日期将通过外交渠道商定。此前，双方于2024年6月签署条约，将俄朝关系提升至结盟高度。,3778866,https://www.baidu.com/s?wd=%E9%87%91%E6%AD%A3%E6%81%A9%E5%B7%B2%E8%8E%B7%E9%82%80%E8%AE%BF%E9%97%AE%E4%BF%84%E7%BD%97%E6%96%AF&sa=fyb_news&rsv_dl=fyb_news,https://fyb-2.cdn.bcebos.com/hotboard_image/bf855691cae5aeabeb81e88fa6cdba80,百度热搜,实时热搜,realtime,hotlist,,2026-09-25 11:24:57
45,微信警告这些头像昵称会被封号,为进一步整治账号名称信息乱象，微信倡导创作者主动规范账号注册和认证行为，对于名称冒充、身份伪装、夹带违规信息、名称信息黑灰产等问题，平台在前期假冒仿冒账号治理工作基础上，将进一步从严处置相关违规账号和内容。,3682597,https://www.baidu.com/s?wd=%E5%BE%AE%E4%BF%A1%E8%AD%A6%E5%91%8A%E8%BF%99%E4%BA%9B%E5%A4%B4%E5%83%8F%E6%98%B5%E7%A7%B0%E4%BC%9A%E8%A2%AB%E5%B0%81%E5%8F%B7&sa=fyb_news&rsv_dl=fyb_news,https://fyb-2.cdn.bcebos.com/hotboard_image/4523221b6811420e6a3d527841d1878e,百度热搜,实时热搜,realtime,hotlist,,2026-09-25 11:24:57
46,中国人何时登月,中国人什么时候能登上月球？目标已经明确：2030年前，中国人首次登上月球。怎么登呢？不是一发火箭直接送过去，是“两发火箭、环月对接”。,3599662,https://www.baidu.com/s?wd=%E4%B8%AD%E5%9B%BD%E4%BA%BA%E4%BD%95%E6%97%B6%E7%99%BB%E6%9C%88&sa=fyb_news&rsv_dl=fyb_news,https://fyb-2.cdn.bcebos.com/hotboard_image/ca7f11b1be42bbbd1d312abb4e188ac7,百度热搜,实时热搜,realtime,hotlist,,2026-09-25 11:24:57
47,林诗栋蒯曼3比0德赛格尔帕德,9月25日上午，2026亚运会混双1/4决赛，林诗栋/蒯曼3-0战胜德赛/格尔帕德，晋级四强。局分：11-5，12-10，11-9。,3500332,https://www.baidu.com/s?wd=%E6%9E%97%E8%AF%97%E6%A0%8B%E8%92%AF%E6%9B%BC3%E6%AF%940%E5%BE%B7%E8%B5%9B%E6%A0%BC%E5%B0%94%E5%B8%95%E5%BE%B7&sa=fyb_news&rsv_dl=fyb_news,https://fyb-2.cdn.bcebos.com/hotboard_image/565b54e9e268d9841403ca430c1d213a,百度热搜,实时热搜,realtime,hotlist,,2026-09-25 11:24:57
48,网红负重手环 伤关节,近日，号称能“轻松瘦手臂”的网红负重手环热销。多位专家解读指出，负重手环无法实现局部减脂，仅能提供轻度肌耐力刺激。若长期在静态场景中佩戴，易导致关节受压，引发腱鞘炎等劳损病症。,3412221,https://www.baidu.com/s?wd=%E7%BD%91%E7%BA%A2%E8%B4%9F%E9%87%8D%E6%89%8B%E7%8E%AF+%E4%BC%A4%E5%85%B3%E8%8A%82&sa=fyb_news&rsv_dl=fyb_news,https://fyb-2.cdn.bcebos.com/hotboard_image/4a5f427b8206812efcc696f5a1f1b41f,百度热搜,实时热搜,realtime,hotlist,,2026-09-25 11:24:57
49,特朗普在欢迎宴会上发表致辞,当地时间9月24日晚，国家主席习近平和夫人彭丽媛在白宫出席美国总统特朗普和夫人梅拉尼娅举行的欢迎宴会。特朗普总统发表致辞。,3328767,https://www.baidu.com/s?wd=%E7%89%B9%E6%9C%97%E6%99%AE%E5%9C%A8%E6%AC%A2%E8%BF%8E%E5%AE%B4%E4%BC%9A%E4%B8%8A%E5%8F%91%E8%A1%A8%E8%87%B4%E8%BE%9E&sa=fyb_news&rsv_dl=fyb_news,https://fyb-2.cdn.bcebos.com/hotboard_image/7079819e3a20186c6f9b93ec3e116965,百度热搜,实时热搜,realtime,hotlist,,2026-09-25 11:24:57
50,国乒男队回应亚运会布阵,9月24日晚，中国队在名古屋亚运会乒乓球男团决赛中2:3负于日本队，后者时隔60年夺冠。赛后布阵引关注，男队主教练王皓回应称，启用温瑞博上二单是半决赛就考虑的安排。王皓表示，队伍处在新老交替阶段，需给年轻运动员更多试错空间。,3205399,https://www.baidu.com/s?wd=%E5%9B%BD%E4%B9%92%E7%94%B7%E9%98%9F%E5%9B%9E%E5%BA%94%E4%BA%9A%E8%BF%90%E4%BC%9A%E5%B8%83%E9%98%B5&sa=fyb_news&rsv_dl=fyb_news,https://fyb-2.cdn.bcebos.com/hotboard_image/ea26c3c15dbc3ed9a62a2e2b6b0597cd,百度热搜,实时热搜,realtime,hotlist,,2026-09-25 11:24:57
1,习近平同美国总统特朗普会谈,,7904408,https://www.baidu.com/s?wd=%E4%B9%A0%E8%BF%91%E5%B9%B3%E5%90%8C%E7%BE%8E%E5%9B%BD%E6%80%BB%E7%BB%9F%E7%89%B9%E6%9C%97%E6%99%AE%E4%BC%9A%E8%B0%88&sa=fyb_news&rsv_dl=fyb_news,https://fyb-1.cdn.bcebos.com/fyb/de6163834f53ca92c1273fff98ac9078.jpeg,百度热搜,实时热搜,realtime,hotlist,,2026-09-25 12:26:33
2,习近平和彭丽媛出席欢迎宴会,,7809425,https://www.baidu.com/s?wd=%E4%B9%A0%E8%BF%91%E5%B9%B3%E5%92%8C%E5%BD%AD%E4%B8%BD%E5%AA%9B%E5%87%BA%E5%B8%AD%E6%AC%A2%E8%BF%8E%E5%AE%B4%E4%BC%9A&sa=fyb_news&rsv_dl=fyb_news,https://fyb-1.cdn.bcebos.com/fyb/de6163834f53ca92c1273fff98ac9078.jpeg,百度热搜,实时热搜,realtime,hotlist,,2026-09-25 12:26:33
3,习近平在美国讲起“赛考斯”的故事,“这个故事感动了许多中国民众，也是中美两国人民友好交往的范例。”当地时间9月24日晚，习近平主席在特朗普举行的欢迎宴会上发表致辞，讲起了“赛考斯”与殷玉珍的故事。,7713930,https://www.baidu.com/s?wd=%E4%B9%A0%E8%BF%91%E5%B9%B3%E5%9C%A8%E7%BE%8E%E5%9B%BD%E8%AE%B2%E8%B5%B7%E2%80%9C%E8%B5%9B%E8%80%83%E6%96%AF%E2%80%9D%E7%9A%84%E6%95%85%E4%BA%8B&sa=fyb_news&rsv_dl=fyb_news,https://fyb-2.cdn.bcebos.com/hotboard_image/52c63b9f8b1d810cab7ca494fe54f135,百度热搜,实时热搜,realtime,hotlist,,2026-09-25 12:26:33
4,跟着古诗追月亮,中秋的源头在哪里？月亮上住着谁？古人怎么过节、吃什么、玩什么？翻开一本古诗集，月亮从字里行间升起。让我们跟着古诗追月亮，一起寻找文物里的中秋。,7615855,https://www.baidu.com/s?wd=%E8%B7%9F%E7%9D%80%E5%8F%A4%E8%AF%97%E8%BF%BD%E6%9C%88%E4%BA%AE&sa=fyb_news&rsv_dl=fyb_news,https://fyb-2.cdn.bcebos.com/hotboard_image/9dc9678e0f93800d8567c32625618e30,百度热搜,实时热搜,realtime,hotlist,,2026-09-25 12:26:33
5,高铁站安检仪扫到好多“小圆球”,中秋前夕，云南宣威站安检仪频现宣威火腿月饼。起因是该非遗火腿月饼备受旅客青睐，许多人打包乘车带回家。为此，宣威站不仅在安检区配备胶带等工具方便打包，还通过加开列车等方式增加运能保障出行。,7523683,https://www.baidu.com/s?wd=%E9%AB%98%E9%93%81%E7%AB%99%E5%AE%89%E6%A3%80%E4%BB%AA%E6%89%AB%E5%88%B0%E5%A5%BD%E5%A4%9A%E2%80%9C%E5%B0%8F%E5%9C%86%E7%90%83%E2%80%9D&sa=fyb_news&rsv_dl=fyb_news,https://fyb-2.cdn.bcebos.com/hotboard_image/894bfb531f6c5a1dd0e4dcfb8333bdbb,百度热搜,实时热搜,realtime,hotlist,,2026-09-25 12:26:33
6,白宫墙上悬挂中美元首握手照片,白宫一楼的墙上，悬挂着特朗普总统访华时，习近平主席同他握手的照片。,7424592,https://www.baidu.com/s?wd=%E7%99%BD%E5%AE%AB%E5%A2%99%E4%B8%8A%E6%82%AC%E6%8C%82%E4%B8%AD%E7%BE%8E%E5%85%83%E9%A6%96%E6%8F%A1%E6%89%8B%E7%85%A7%E7%89%87&sa=fyb_news&rsv_dl=fyb_news,https://fyb-2.cdn.bcebos.com/hotboard_image/c8484cfdae958d151c32876a803b19b7,百度热搜,实时热搜,realtime,hotlist,,2026-09-25 12:26:33
7,孙颖莎王楚钦零封张本美和松岛辉空,,7327624,https://www.baidu.com/s?wd=%E5%AD%99%E9%A2%96%E8%8E%8E%E7%8E%8B%E6%A5%9A%E9%92%A6%E9%9B%B6%E5%B0%81%E5%BC%A0%E6%9C%AC%E7%BE%8E%E5%92%8C%E6%9D%BE%E5%B2%9B%E8%BE%89%E7%A9%BA&sa=fyb_news&rsv_dl=fyb_news,https://fyb-1.cdn.bcebos.com/fyb/de6163834f53ca92c1273fff98ac9078.jpeg,百度热搜,实时热搜,realtime,hotlist,,2026-09-25 12:26:33
8,一块月饼等于几碗饭,中秋佳节，专家提示100克月饼热量相当于4碗米饭。因月饼具有高热量、高脂肪、高糖分的特点，糖尿病、高血压及高血脂、胃肠疾病患者与儿童需严格控制食用量。,7233318,https://www.baidu.com/s?wd=%E4%B8%80%E5%9D%97%E6%9C%88%E9%A5%BC%E7%AD%89%E4%BA%8E%E5%87%A0%E7%A2%97%E9%A5%AD&sa=fyb_news&rsv_dl=fyb_news,https://fyb-2.cdn.bcebos.com/hotboard_image/e20a2c7ec864cb9f53ccac7fd361ca8c,百度热搜,实时热搜,realtime,hotlist,,2026-09-25 12:26:33
9,马斯克黄仁勋等出席白宫欢迎宴会,当地时间9月24日晚，国家主席习近平和夫人彭丽媛在白宫出席美国总统特朗普和夫人梅拉尼娅举行的欢迎宴会。马斯克、黄仁勋、苏世民、奥尔特曼等出席白宫欢迎宴会。,7137098,https://www.baidu.com/s?wd=%E9%A9%AC%E6%96%AF%E5%85%8B%E9%BB%84%E4%BB%81%E5%8B%8B%E7%AD%89%E5%87%BA%E5%B8%AD%E7%99%BD%E5%AE%AB%E6%AC%A2%E8%BF%8E%E5%AE%B4%E4%BC%9A&sa=fyb_news&rsv_dl=fyb_news,https://fyb-2.cdn.bcebos.com/hotboard_image/11c149002c2df8d234315b12f1bc5896,百度热搜,实时热搜,realtime,hotlist,,2026-09-25 12:26:33
10,世界技能大赛 为了更好的未来,9月24日，第48届世界技能大赛进入第二天。当“照护、木工、口腔修复”这些与生活息息相关的技能出现在世界技能大赛的赛场，同场竞技的选手们比的究竟是什么？这些手工技艺如何改变我们的未来生活？总台评论员白岩松为您带来观察分析。,7046654,https://www.baidu.com/s?wd=%E4%B8%96%E7%95%8C%E6%8A%80%E8%83%BD%E5%A4%A7%E8%B5%9B+%E4%B8%BA%E4%BA%86%E6%9B%B4%E5%A5%BD%E7%9A%84%E6%9C%AA%E6%9D%A5&sa=fyb_news&rsv_dl=fyb_news,https://fyb-2.cdn.bcebos.com/hotboard_image/5a702a3ed833d9d23bc61b5f9c296175,百度热搜,实时热搜,realtime,hotlist,,2026-09-25 12:26:33
11,美方拿出“顶配”机型迎接中方元首,9月23日，习近平主席乘专机抵美进行国事访问，美方以最高礼遇迎接：B-2轰炸机、F-22战机飞越白宫致敬，接机环节还出动B-1B轰炸机。,6953598,https://www.baidu.com/s?wd=%E7%BE%8E%E6%96%B9%E6%8B%BF%E5%87%BA%E2%80%9C%E9%A1%B6%E9%85%8D%E2%80%9D%E6%9C%BA%E5%9E%8B%E8%BF%8E%E6%8E%A5%E4%B8%AD%E6%96%B9%E5%85%83%E9%A6%96&sa=fyb_news&rsv_dl=fyb_news,https://fyb-2.cdn.bcebos.com/hotboard_image/3262080e220ebcb18df5c0f88da1c189,百度热搜,实时热搜,realtime,hotlist,,2026-09-25 12:26:33
12,陌生快递寄来礼品卡？误区要注意,中秋、国庆双节将至，不少人收到了一份“从天而降”的快递——自己明明没有网购，却收到一个装着湿巾等小物件外加一张“双节礼品卡”的包裹。不花一分钱扫个码就能领取年货大礼包？千万别信！此类事存在着两大认知误区，一文解读！,6851341,https://www.baidu.com/s?wd=%E9%99%8C%E7%94%9F%E5%BF%AB%E9%80%92%E5%AF%84%E6%9D%A5%E7%A4%BC%E5%93%81%E5%8D%A1%EF%BC%9F%E8%AF%AF%E5%8C%BA%E8%A6%81%E6%B3%A8%E6%84%8F&sa=fyb_news&rsv_dl=fyb_news,https://fyb-2.cdn.bcebos.com/hotboard_image/8ac4e32ba1b3f8270fb0b505025c307e,百度热搜,实时热搜,realtime,hotlist,,2026-09-25 12:26:33
13,4.5米长虫从男子体内排出,近日，武汉市金银潭医院接诊患者小金。小金因长期食用生鱼片感染阔节裂头绦虫，经驱虫治疗后排出一条4.5米长成虫。此前，小金如厕时发现一米多长虫节就诊，医生追溯得知其有生食习惯。目前小金已顺利出院，医生提醒需警惕来源不明的生食或未熟淡水鱼。,6761333,https://www.baidu.com/s?wd=4.5%E7%B1%B3%E9%95%BF%E8%99%AB%E4%BB%8E%E7%94%B7%E5%AD%90%E4%BD%93%E5%86%85%E6%8E%92%E5%87%BA&sa=fyb_news&rsv_dl=fyb_news,https://fyb-2.cdn.bcebos.com/hotboard_image/c83bb759ff0d4610ded58fbb73889a4a,百度热搜,实时热搜,realtime,hotlist,,2026-09-25 12:26:33
14,平均月薪16149元 这类人才紧缺,今年1到8月，无人机工程师招聘职位数同比上涨26%，平均招聘月薪为16149元，无人机群飞行规划员岗位规模近五年增近8倍。产业急需懂装配、会编程的复合型人才。,6655367,https://www.baidu.com/s?wd=%E5%B9%B3%E5%9D%87%E6%9C%88%E8%96%AA16149%E5%85%83+%E8%BF%99%E7%B1%BB%E4%BA%BA%E6%89%8D%E7%B4%A7%E7%BC%BA&sa=fyb_news&rsv_dl=fyb_news,https://fyb-2.cdn.bcebos.com/hotboard_image/339bf668de76a280afe012baa9c25416,百度热搜,实时热搜,realtime,hotlist,,2026-09-25 12:26:33
15,央视中秋晚会节目单,人道秋中明月好，欲邀同赏意如何？9月25日，《中央广播电视总台2026年中秋晚会》节目单发布。,6567855,https://www.baidu.com/s?wd=%E5%A4%AE%E8%A7%86%E4%B8%AD%E7%A7%8B%E6%99%9A%E4%BC%9A%E8%8A%82%E7%9B%AE%E5%8D%95&sa=fyb_news&rsv_dl=fyb_news,https://fyb-2.cdn.bcebos.com/hotboard_image/fd1df43d770603f1fb0c01a708268739,百度热搜,实时热搜,realtime,hotlist,,2026-09-25 12:26:33
16,白宫响起“月亮代表我的心”,当地时间9月24日，国家主席习近平和夫人彭丽媛将在白宫出席美国总统特朗普和夫人梅拉尼娅举行的欢迎宴会。白宫响起“月亮代表我的心”。,6467413,https://www.baidu.com/s?wd=%E7%99%BD%E5%AE%AB%E5%93%8D%E8%B5%B7%E2%80%9C%E6%9C%88%E4%BA%AE%E4%BB%A3%E8%A1%A8%E6%88%91%E7%9A%84%E5%BF%83%E2%80%9D&sa=fyb_news&rsv_dl=fyb_news,https://fyb-2.cdn.bcebos.com/hotboard_image/9c5a02e5a1afeb7a89c9e102f0b35337,百度热搜,实时热搜,realtime,hotlist,,2026-09-25 12:26:33
17,演员李治廷官宣当爸,9月25日，演员李治廷发文宣布当爸：“新添一员，阖家圆满”，并晒出托着孩子小手与月饼的照片。此前，2023年3月14日，李治廷出席活动时手戴婚戒自曝已婚数月，称太太是圈外人，比自己小5岁多，因对方不习惯未公开样貌。,6372688,https://www.baidu.com/s?wd=%E6%BC%94%E5%91%98%E6%9D%8E%E6%B2%BB%E5%BB%B7%E5%AE%98%E5%AE%A3%E5%BD%93%E7%88%B8&sa=fyb_news&rsv_dl=fyb_news,https://fyb-2.cdn.bcebos.com/hotboard_image/a60e5f00856a8442a31892db91d5ea1a,百度热搜,实时热搜,realtime,hotlist,,2026-09-25 12:26:33
18,第一批喝泰奶的“受害者”出现了,近期泰式奶茶（泰奶）爆火，但已有部分人喝后出现心悸、头晕、失眠等不适。科普解读指出，泰奶因茶粉颗粒细小、萃取充分，咖啡因含量高于普通奶茶甚至接近美式。,6276315,https://www.baidu.com/s?wd=%E7%AC%AC%E4%B8%80%E6%89%B9%E5%96%9D%E6%B3%B0%E5%A5%B6%E7%9A%84%E2%80%9C%E5%8F%97%E5%AE%B3%E8%80%85%E2%80%9D%E5%87%BA%E7%8E%B0%E4%BA%86&sa=fyb_news&rsv_dl=fyb_news,https://fyb-2.cdn.bcebos.com/hotboard_image/b7cd56b3329a5b8181de4e0c1e202cf0,百度热搜,实时热搜,realtime,hotlist,,2026-09-25 12:26:33
19,三人操纵股市获利0元被罚800万,9月24日，证监会披露，陈欢、周厚禄、李萍萍三人控制多个账户操纵股价，虽无违法所得，仍被合计罚款800万元并禁入市场2至3年。,6192966,https://www.baidu.com/s?wd=%E4%B8%89%E4%BA%BA%E6%93%8D%E7%BA%B5%E8%82%A1%E5%B8%82%E8%8E%B7%E5%88%A90%E5%85%83%E8%A2%AB%E7%BD%9A800%E4%B8%87&sa=fyb_news&rsv_dl=fyb_news,https://fyb-2.cdn.bcebos.com/hotboard_image/88d7a181efcb195457e2254476ba8f40,百度热搜,实时热搜,realtime,hotlist,,2026-09-25 12:26:33
20,哈萨克斯坦军演突发事故致12死,哈萨克斯坦军队24日在里海沿岸曼格斯套州进行演习期间发生事故，造成12名军人丧生。哈萨克斯坦总统托卡耶夫向丧生军人的亲人表示慰问。,6079579,https://www.baidu.com/s?wd=%E5%93%88%E8%90%A8%E5%85%8B%E6%96%AF%E5%9D%A6%E5%86%9B%E6%BC%94%E7%AA%81%E5%8F%91%E4%BA%8B%E6%95%85%E8%87%B412%E6%AD%BB&sa=fyb_news&rsv_dl=fyb_news,https://fyb-2.cdn.bcebos.com/hotboard_image/e0faecca48a42d5a88f3b4cc84813155,百度热搜,实时热搜,realtime,hotlist,,2026-09-25 12:26:33
21,白宫公布国宴菜单与装饰,当地时间9月24日晚，国家主席习近平和夫人彭丽媛乘车抵达白宫，出席美国总统特朗普和夫人梅拉尼娅举行的欢迎宴会。美国第一夫人办公室当天公布了晚宴菜单和现场布置等细节。白宫将此次菜单概括为：以美国食材为主，同时融入中国元素，希望将两国饮食传统结合起来。,5991949,https://www.baidu.com/s?wd=%E7%99%BD%E5%AE%AB%E5%85%AC%E5%B8%83%E5%9B%BD%E5%AE%B4%E8%8F%9C%E5%8D%95%E4%B8%8E%E8%A3%85%E9%A5%B0&sa=fyb_news&rsv_dl=fyb_news,https://fyb-2.cdn.bcebos.com/hotboard_image/8c4e39c93cdc44593572b7b55db75b93,百度热搜,实时热搜,realtime,hotlist,,2026-09-25 12:26:33
22,王祖贤回应容貌争议：我已经60岁了,近日，王祖贤在隐退22年后的首场访谈中回应容貌争议：“我已经60岁了”，观众印象仍停留在她19岁时的银幕形象；她还澄清息影并非因情伤。,5900660,https://www.baidu.com/s?wd=%E7%8E%8B%E7%A5%96%E8%B4%A4%E5%9B%9E%E5%BA%94%E5%AE%B9%E8%B2%8C%E4%BA%89%E8%AE%AE%EF%BC%9A%E6%88%91%E5%B7%B2%E7%BB%8F60%E5%B2%81%E4%BA%86&sa=fyb_news&rsv_dl=fyb_news,https://fyb-2.cdn.bcebos.com/hotboard_image/8083e42234e2659b57e294d8bdfaeec8,百度热搜,实时热搜,realtime,hotlist,,2026-09-25 12:26:33
23,中美元首夫人参观国立亚洲艺术博物馆,当地时间9月24日中午，国家主席习近平夫人彭丽媛在华盛顿同美国总统特朗普夫人梅拉尼娅参观国立亚洲艺术博物馆。彭丽媛对美方近年来多次向中方返还中国文物表示赞赏，希望中美双方继续加强文化交流和文化遗产保护合作，增进两国人民友好。,5805411,https://www.baidu.com/s?wd=%E4%B8%AD%E7%BE%8E%E5%85%83%E9%A6%96%E5%A4%AB%E4%BA%BA%E5%8F%82%E8%A7%82%E5%9B%BD%E7%AB%8B%E4%BA%9A%E6%B4%B2%E8%89%BA%E6%9C%AF%E5%8D%9A%E7%89%A9%E9%A6%86&sa=fyb_news&rsv_dl=fyb_news,https://fyb-2.cdn.bcebos.com/hotboard_image/3a6789a600ba630a0ca6ee6e430fd757,百度热搜,实时热搜,realtime,hotlist,,2026-09-25 12:26:33
24,王皓回应国乒男团不敌日本队丢冠,主教练王皓回应男团丢冠，表示球队现在正处于新老交替的重要环节，需要给年轻运动员试错的空间。他呼吁媒体和球迷善待球员和教练，指出球员承受比赛胜负和外界质疑的压力，教练组也扎根球队无暇陪伴家庭。,5716281,https://www.baidu.com/s?wd=%E7%8E%8B%E7%9A%93%E5%9B%9E%E5%BA%94%E5%9B%BD%E4%B9%92%E7%94%B7%E5%9B%A2%E4%B8%8D%E6%95%8C%E6%97%A5%E6%9C%AC%E9%98%9F%E4%B8%A2%E5%86%A0&sa=fyb_news&rsv_dl=fyb_news,https://fyb-2.cdn.bcebos.com/hotboard_image/d0b228a5c2d661f9e6812f78a3e81556,百度热搜,实时热搜,realtime,hotlist,,2026-09-25 12:26:33
25,李嘉明还1万元游本昌直接捐了,近日，演员李嘉明哽咽追忆游本昌，称其像父亲般关心自己。此前他在北漂低谷期遇父亲生病无钱医治，游本昌第一时间拿出1万元现金且无需归还。李嘉明称：“后来我还了钱，游老师直接把钱捐了。”,5610097,https://www.baidu.com/s?wd=%E6%9D%8E%E5%98%89%E6%98%8E%E8%BF%981%E4%B8%87%E5%85%83%E6%B8%B8%E6%9C%AC%E6%98%8C%E7%9B%B4%E6%8E%A5%E6%8D%90%E4%BA%86&sa=fyb_news&rsv_dl=fyb_news,https://fyb-2.cdn.bcebos.com/hotboard_image/d3704afee97c947dc82259f2ab42d666,百度热搜,实时热搜,realtime,hotlist,,2026-09-25 12:26:33
26,以色列总理联大讲话 台下快走空了,当地时间9月24日下午（北京时间9月25日凌晨），以色列总理内塔尼亚胡在第81届联合国大会一般性辩论上发表讲话，现场大多数国家代表离场抗议，他将其称为“懦夫”。,5519882,https://www.baidu.com/s?wd=%E4%BB%A5%E8%89%B2%E5%88%97%E6%80%BB%E7%90%86%E8%81%94%E5%A4%A7%E8%AE%B2%E8%AF%9D+%E5%8F%B0%E4%B8%8B%E5%BF%AB%E8%B5%B0%E7%A9%BA%E4%BA%86&sa=fyb_news&rsv_dl=fyb_news,https://fyb-2.cdn.bcebos.com/hotboard_image/ce2a73222ec52b3ef727ccf9ff449e2e,百度热搜,实时热搜,realtime,hotlist,,2026-09-25 12:26:33
27,女演员王朱悦紧急道歉,9月24日，《微微一笑很倾城》更名《一笑倾城》上线，女主贝微微被AI换脸为演员王朱悦，引发争议。王朱悦发文承认本人授权换脸并道歉：“毁了大家心中的角色”。,5419806,https://www.baidu.com/s?wd=%E5%A5%B3%E6%BC%94%E5%91%98%E7%8E%8B%E6%9C%B1%E6%82%A6%E7%B4%A7%E6%80%A5%E9%81%93%E6%AD%89&sa=fyb_news&rsv_dl=fyb_news,https://fyb-2.cdn.bcebos.com/hotboard_image/2b65cddd5d0fa76cb4a6e35606443831,百度热搜,实时热搜,realtime,hotlist,,2026-09-25 12:26:33
28,暴涨1450%！这个中秋爆款全球下单,中秋节来临，餐桌上的“双向奔赴”如火如荼。进口生鲜迎来小高峰，出口节庆产品订单也屡创新高。其中，今年前8个月，盘锦河蟹出口量达482吨，同比增长14.5倍。这个中秋，舌尖美味与文化符号正在双向流动。,5317182,https://www.baidu.com/s?wd=%E6%9A%B4%E6%B6%A81450%25%EF%BC%81%E8%BF%99%E4%B8%AA%E4%B8%AD%E7%A7%8B%E7%88%86%E6%AC%BE%E5%85%A8%E7%90%83%E4%B8%8B%E5%8D%95&sa=fyb_news&rsv_dl=fyb_news,https://fyb-2.cdn.bcebos.com/hotboard_image/1afcce65f89d470e75a24d2fb7e7e60c,百度热搜,实时热搜,realtime,hotlist,,2026-09-25 12:26:33
29,马斯克母亲：我喜欢去中国,北京时间9月24日，美国企业家埃隆·马斯克的母亲梅耶·马斯克在社交媒体X上转发了儿子马斯克接受采访的视频，并称赞中国“干净又安全”，直言自己喜欢去中国。,5225567,https://www.baidu.com/s?wd=%E9%A9%AC%E6%96%AF%E5%85%8B%E6%AF%8D%E4%BA%B2%EF%BC%9A%E6%88%91%E5%96%9C%E6%AC%A2%E5%8E%BB%E4%B8%AD%E5%9B%BD&sa=fyb_news&rsv_dl=fyb_news,https://fyb-2.cdn.bcebos.com/hotboard_image/bee737b291738be191920141befe00ac,百度热搜,实时热搜,realtime,hotlist,,2026-09-25 12:26:33
30,微信警告这些头像昵称会被封号,为进一步整治账号名称信息乱象，微信倡导创作者主动规范账号注册和认证行为，对于名称冒充、身份伪装、夹带违规信息、名称信息黑灰产等问题，平台在前期假冒仿冒账号治理工作基础上，将进一步从严处置相关违规账号和内容。,5131207,https://www.baidu.com/s?wd=%E5%BE%AE%E4%BF%A1%E8%AD%A6%E5%91%8A%E8%BF%99%E4%BA%9B%E5%A4%B4%E5%83%8F%E6%98%B5%E7%A7%B0%E4%BC%9A%E8%A2%AB%E5%B0%81%E5%8F%B7&sa=fyb_news&rsv_dl=fyb_news,https://fyb-2.cdn.bcebos.com/hotboard_image/4523221b6811420e6a3d527841d1878e,百度热搜,实时热搜,realtime,hotlist,,2026-09-25 12:26:33
31,女生未上班却有6份社保无法考编,9月24日，“硕士生因被偷缴社保无法考编”一事引发关注。应届毕业生小李从未到任何公司任职，但在报考某单位应届生岗位时，却因有职工社保缴费记录导致报考失败。经查询，竟有6家建筑公司为其缴纳社保。,5037892,https://www.baidu.com/s?wd=%E5%A5%B3%E7%94%9F%E6%9C%AA%E4%B8%8A%E7%8F%AD%E5%8D%B4%E6%9C%896%E4%BB%BD%E7%A4%BE%E4%BF%9D%E6%97%A0%E6%B3%95%E8%80%83%E7%BC%96&sa=fyb_news&rsv_dl=fyb_news,https://fyb-2.cdn.bcebos.com/hotboard_image/85061f4a12114392f619564cf0950165,百度热搜,实时热搜,realtime,hotlist,,2026-09-25 12:26:33
32,邓亚萍：王楚钦没有任何容错空间,在9月24日进行的爱知·名古屋亚运会乒乓球团体决赛中，国乒男团以2:3不敌日本队，无缘九连冠。赛后前乒乓球运动员邓亚萍表示：排阵相对较凶，王楚钦没有任何容错空间。,4927957,https://www.baidu.com/s?wd=%E9%82%93%E4%BA%9A%E8%90%8D%EF%BC%9A%E7%8E%8B%E6%A5%9A%E9%92%A6%E6%B2%A1%E6%9C%89%E4%BB%BB%E4%BD%95%E5%AE%B9%E9%94%99%E7%A9%BA%E9%97%B4&sa=fyb_news&rsv_dl=fyb_news,https://fyb-2.cdn.bcebos.com/hotboard_image/34a9110ae943581ac95b664bf88624e7,百度热搜,实时热搜,realtime,hotlist,,2026-09-25 12:26:33
33,因超35岁被买一送一卖到电诈园区,近日，四川绵竹38岁男子刘修洪自述称，此前赴泰国收货款时遭绑架，因年龄超35岁不好售卖，被当作赠品贩卖至缅甸电诈园区。在园区内，他靠中医知识为被打伤的同伴处理伤口，并为老板看咳嗽，成功免遭毒打，每天有两顿饭吃，不用挨电棍。,4840756,https://www.baidu.com/s?wd=%E5%9B%A0%E8%B6%8535%E5%B2%81%E8%A2%AB%E4%B9%B0%E4%B8%80%E9%80%81%E4%B8%80%E5%8D%96%E5%88%B0%E7%94%B5%E8%AF%88%E5%9B%AD%E5%8C%BA&sa=fyb_news&rsv_dl=fyb_news,https://fyb-2.cdn.bcebos.com/hotboard_image/aa8d4a909b85e4fed88d1b3ba54ed55a,百度热搜,实时热搜,realtime,hotlist,,2026-09-25 12:26:33
34,飞机维修人才缺口超15万,当前中国飞机维修能力正从引进走向自主，发动机等核心部件逐渐实现国内维修。截至2025年底，国内累计颁发9.25万份机务执照，但空客预测2024-2043年中国仍需新增15.5万名维修技术人员，能修核心件的人才严重紧缺，行业呼吁完善薪酬与晋升体系。,4763112,https://www.baidu.com/s?wd=%E9%A3%9E%E6%9C%BA%E7%BB%B4%E4%BF%AE%E4%BA%BA%E6%89%8D%E7%BC%BA%E5%8F%A3%E8%B6%8515%E4%B8%87&sa=fyb_news&rsv_dl=fyb_news,https://fyb-2.cdn.bcebos.com/hotboard_image/b4cd158dbe7e718bea4bcf4dc99ed54c,百度热搜,实时热搜,realtime,hotlist,,2026-09-25 12:26:33
35,林肯号航母发生8起未遂自杀事件,当地时间9月23日，美国海军部代理部长曹洪在回复纽约州民主党参议员克尔斯滕·吉利布兰德质询的信中，首次正式承认，“林肯”号航母打击群在此次200多天的超长服役期间，内部共发生8起自杀未遂，涉及“林肯”号本舰、舰载机联队、护航驱逐舰及其他随舰人员。,4648692,https://www.baidu.com/s?wd=%E6%9E%97%E8%82%AF%E5%8F%B7%E8%88%AA%E6%AF%8D%E5%8F%91%E7%94%9F8%E8%B5%B7%E6%9C%AA%E9%81%82%E8%87%AA%E6%9D%80%E4%BA%8B%E4%BB%B6&sa=fyb_news&rsv_dl=fyb_news,https://fyb-2.cdn.bcebos.com/hotboard_image/7b821b1f2d3c744bba5b10e41f000672,百度热搜,实时热搜,realtime,hotlist,,2026-09-25 12:26:33
36,许嵩婚后首秀 全场齐喊新婚快乐,9月24日，许嵩在天津演唱会上迎来婚后首秀，全场歌迷齐声高喊“新婚快乐”。面对祝福，许嵩笑意温柔回应：“谢谢，我接收到了。”此前，9月19日许嵩刚与冯禧官宣结婚，称人生故事翻开新篇章。,4557172,https://www.baidu.com/s?wd=%E8%AE%B8%E5%B5%A9%E5%A9%9A%E5%90%8E%E9%A6%96%E7%A7%80+%E5%85%A8%E5%9C%BA%E9%BD%90%E5%96%8A%E6%96%B0%E5%A9%9A%E5%BF%AB%E4%B9%90&sa=fyb_news&rsv_dl=fyb_news,https://fyb-2.cdn.bcebos.com/hotboard_image/ff059e8250fd206298232316850214fa,百度热搜,实时热搜,realtime,hotlist,,2026-09-25 12:26:33
37,2600亿存储龙头大股东套现4.7亿,"9月24日，存储芯片龙头澜起科技AH股同步下挫，A股跌3.97%报214.5元/股，最新市值2651亿元。同日盘后公告，第三大股东WLT Partners,L.P.因股权激励行权资金需要，拟减持不超233万股，套现约4.78亿元。",4464088,https://www.baidu.com/s?wd=2600%E4%BA%BF%E5%AD%98%E5%82%A8%E9%BE%99%E5%A4%B4%E5%A4%A7%E8%82%A1%E4%B8%9C%E5%A5%97%E7%8E%B04.7%E4%BA%BF&sa=fyb_news&rsv_dl=fyb_news,https://fyb-2.cdn.bcebos.com/hotboard_image/337a285ffb4973bd54a5202c2bec3c2e,百度热搜,实时热搜,realtime,hotlist,,2026-09-25 12:26:33
38,胡兵送中秋专属祝福,又是一年团圆时，胡兵来送祝福啦：祝大家中秋快乐！,4377864,https://www.baidu.com/s?wd=%E8%83%A1%E5%85%B5%E9%80%81%E4%B8%AD%E7%A7%8B%E4%B8%93%E5%B1%9E%E7%A5%9D%E7%A6%8F&sa=fyb_news&rsv_dl=fyb_news,https://fyb-2.cdn.bcebos.com/hotboard_image/fed9f152fa630315d7df7b883990092e,百度热搜,实时热搜,realtime,hotlist,,2026-09-25 12:26:33
39,女子手机掉落报警一查是嫌疑狗,近日，浙江嘉兴赵女士骑车出门时手机滑落遗失，报警后民警调取公共视频排查，发现捡走手机的竟是一只小狗。赵女士认出该小狗，很快在角落找回手机。,4276414,https://www.baidu.com/s?wd=%E5%A5%B3%E5%AD%90%E6%89%8B%E6%9C%BA%E6%8E%89%E8%90%BD%E6%8A%A5%E8%AD%A6%E4%B8%80%E6%9F%A5%E6%98%AF%E5%AB%8C%E7%96%91%E7%8B%97&sa=fyb_news&rsv_dl=fyb_news,https://fyb-2.cdn.bcebos.com/hotboard_image/8f4a24cd910be640f7e9520ec72c51c8,百度热搜,实时热搜,realtime,hotlist,,2026-09-25 12:26:33
40,周杰伦贴脸开大刘畊宏唱淘汰,近日，在周杰伦南京演唱会现场，周杰伦当众调侃刘畊宏在另一节目中被淘汰，并为他献唱《淘汰》。演唱期间，周杰伦还吐槽刘畊宏当天的穿着太保守，表示看不到胸肌，并向导播喊话要求给胸肌特写。,4174746,https://www.baidu.com/s?wd=%E5%91%A8%E6%9D%B0%E4%BC%A6%E8%B4%B4%E8%84%B8%E5%BC%80%E5%A4%A7%E5%88%98%E7%95%8A%E5%AE%8F%E5%94%B1%E6%B7%98%E6%B1%B0&sa=fyb_news&rsv_dl=fyb_news,https://fyb-2.cdn.bcebos.com/hotboard_image/7e986dc937d79b3fb7a1d446e3c62983,百度热搜,实时热搜,realtime,hotlist,,2026-09-25 12:26:33
41,被梅姨拐走20年小伙归家过中秋,近日，被拐青年钟彬归家过中秋，与弟弟直播卖鸡鸭胖了40斤，向“梅姨”索赔100元车票钱。此前，钟彬2004年在广东惠州被拐至河源，2024年9月被警方找到，2025年4月回到江西赣州老家。,4090194,https://www.baidu.com/s?wd=%E8%A2%AB%E6%A2%85%E5%A7%A8%E6%8B%90%E8%B5%B020%E5%B9%B4%E5%B0%8F%E4%BC%99%E5%BD%92%E5%AE%B6%E8%BF%87%E4%B8%AD%E7%A7%8B&sa=fyb_news&rsv_dl=fyb_news,https://fyb-2.cdn.bcebos.com/hotboard_image/afa51f2ab94ad8fe81048b699efe149d,百度热搜,实时热搜,realtime,hotlist,,2026-09-25 12:26:33
42,金正恩已获邀访问俄罗斯,9月24日，俄罗斯副外长鲁坚科表示，朝鲜最高领导人金正恩已获邀访问俄罗斯，具体日期将通过外交渠道商定。此前，双方于2024年6月签署条约，将俄朝关系提升至结盟高度。,3971160,https://www.baidu.com/s?wd=%E9%87%91%E6%AD%A3%E6%81%A9%E5%B7%B2%E8%8E%B7%E9%82%80%E8%AE%BF%E9%97%AE%E4%BF%84%E7%BD%97%E6%96%AF&sa=fyb_news&rsv_dl=fyb_news,https://fyb-2.cdn.bcebos.com/hotboard_image/bf855691cae5aeabeb81e88fa6cdba80,百度热搜,实时热搜,realtime,hotlist,,2026-09-25 12:26:33
43,丁宁为孙颖莎戴上金牌,北京时间9月24日，名古屋亚运会乒乓球女团决赛，中国队获得金牌。丁宁为国乒女团佩戴亚运金牌时全场沸腾，两代国乒人同框，赛场传承具象化了！,3898170,https://www.baidu.com/s?wd=%E4%B8%81%E5%AE%81%E4%B8%BA%E5%AD%99%E9%A2%96%E8%8E%8E%E6%88%B4%E4%B8%8A%E9%87%91%E7%89%8C&sa=fyb_news&rsv_dl=fyb_news,https://fyb-2.cdn.bcebos.com/hotboard_image/c63004a6bd727331cc37a1bcb015a1a5,百度热搜,实时热搜,realtime,hotlist,,2026-09-25 12:26:33
44,《兰香如故》市占率42.6%,目前，由谭松韵主演的电视剧《兰香如故》正在热播中，其市占率创下新高，已达42.6%。此前该剧开播初不被看好，如今打脸多方预测。,3795866,https://www.baidu.com/s?wd=%E3%80%8A%E5%85%B0%E9%A6%99%E5%A6%82%E6%95%85%E3%80%8B%E5%B8%82%E5%8D%A0%E7%8E%8742.6%25&sa=fyb_news&rsv_dl=fyb_news,https://fyb-2.cdn.bcebos.com/hotboard_image/d19602c4f591db1ad37192b0bf46c2cc,百度热搜,实时热搜,realtime,hotlist,,2026-09-25 12:26:33
45,NBA传奇球星鲍勃·佩蒂特去世,当地时间9月23日，NBA传奇球星、联盟首位MVP及首位2万分先生鲍勃·佩蒂特在路易斯安那州家中去世，享年93岁。他曾带领圣路易斯老鹰队夺得队史唯一总冠军，11个赛季均入选全明星，1971年入选名人堂。,3717735,https://www.baidu.com/s?wd=NBA%E4%BC%A0%E5%A5%87%E7%90%83%E6%98%9F%E9%B2%8D%E5%8B%83%C2%B7%E4%BD%A9%E8%92%82%E7%89%B9%E5%8E%BB%E4%B8%96&sa=fyb_news&rsv_dl=fyb_news,https://fyb-2.cdn.bcebos.com/hotboard_image/99b8402c5d7a43b2aaef017a80d71c73,百度热搜,实时热搜,realtime,hotlist,,2026-09-25 12:26:33
46,女子为迁户假结婚男方反悔诉离,9月23日，深圳市中级人民法院公布一案例。此前在2023年，董某为帮孩子迁户与周某“假结婚”并转账5万元。2025年，周某拒绝履行落户承诺并起诉离婚。法院认为双方将婚姻商品化，违背公序良俗，判决准予离婚，该判决现已生效。5万元款项纠纷可另循法律途径解决。,3600137,https://www.baidu.com/s?wd=%E5%A5%B3%E5%AD%90%E4%B8%BA%E8%BF%81%E6%88%B7%E5%81%87%E7%BB%93%E5%A9%9A%E7%94%B7%E6%96%B9%E5%8F%8D%E6%82%94%E8%AF%89%E7%A6%BB&sa=fyb_news&rsv_dl=fyb_news,https://fyb-2.cdn.bcebos.com/hotboard_image/4f74b718b151f83f55c3c5808b41bd91,百度热搜,实时热搜,realtime,hotlist,,2026-09-25 12:26:33
47,林诗栋蒯曼3比0德赛格尔帕德,9月25日上午，2026亚运会混双1/4决赛，林诗栋/蒯曼3-0战胜德赛/格尔帕德，晋级四强。局分：11-5，12-10，11-9。,3527580,https://www.baidu.com/s?wd=%E6%9E%97%E8%AF%97%E6%A0%8B%E8%92%AF%E6%9B%BC3%E6%AF%940%E5%BE%B7%E8%B5%9B%E6%A0%BC%E5%B0%94%E5%B8%95%E5%BE%B7&sa=fyb_news&rsv_dl=fyb_news,https://fyb-2.cdn.bcebos.com/hotboard_image/565b54e9e268d9841403ca430c1d213a,百度热搜,实时热搜,realtime,hotlist,,2026-09-25 12:26:33
48,用手机钢化膜的受害者出现了,近期，多位网友在社交平台反映被手机的钢化膜扎伤，看似日常的手机配件，有时竟化身伤人利器，相关话题引发广泛关注，记者采访了多位受害者，一起来看。,3401205,https://www.baidu.com/s?wd=%E7%94%A8%E6%89%8B%E6%9C%BA%E9%92%A2%E5%8C%96%E8%86%9C%E7%9A%84%E5%8F%97%E5%AE%B3%E8%80%85%E5%87%BA%E7%8E%B0%E4%BA%86&sa=fyb_news&rsv_dl=fyb_news,https://fyb-2.cdn.bcebos.com/hotboard_image/e17a91522cf1be8c482b213568d200b1,百度热搜,实时热搜,realtime,hotlist,,2026-09-25 12:26:33
49,酒店推369元自助早餐月卡 有70种菜,9月24日，记者探访获悉，武汉市东西湖区武汉临空港会展酒店近日推出369元自助早餐月卡，每天成本约12元可任选70余种餐品。,3322081,https://www.baidu.com/s?wd=%E9%85%92%E5%BA%97%E6%8E%A8369%E5%85%83%E8%87%AA%E5%8A%A9%E6%97%A9%E9%A4%90%E6%9C%88%E5%8D%A1+%E6%9C%8970%E7%A7%8D%E8%8F%9C&sa=fyb_news&rsv_dl=fyb_news,https://fyb-2.cdn.bcebos.com/hotboard_image/6d31f96475347a5725aac484a9f77bd0,百度热搜,实时热搜,realtime,hotlist,,2026-09-25 12:26:33
50,中国人何时登月,中国人什么时候能登上月球？目标已经明确：2030年前，中国人首次登上月球。怎么登呢？不是一发火箭直接送过去，是“两发火箭、环月对接”。,3214835,https://www.baidu.com/s?wd=%E4%B8%AD%E5%9B%BD%E4%BA%BA%E4%BD%95%E6%97%B6%E7%99%BB%E6%9C%88&sa=fyb_news&rsv_dl=fyb_news,https://fyb-2.cdn.bcebos.com/hotboard_image/ca7f11b1be42bbbd1d312abb4e188ac7,百度热搜,实时热搜,realtime,hotlist,,2026-09-25 12:26:33
1,习近平和彭丽媛出席欢迎宴会,,7904304,https://www.baidu.com/s?wd=%E4%B9%A0%E8%BF%91%E5%B9%B3%E5%92%8C%E5%BD%AD%E4%B8%BD%E5%AA%9B%E5%87%BA%E5%B8%AD%E6%AC%A2%E8%BF%8E%E5%AE%B4%E4%BC%9A&sa=fyb_news&rsv_dl=fyb_news,https://fyb-1.cdn.bcebos.com/fyb/de6163834f53ca92c1273fff98ac9078.jpeg,百度热搜,实时热搜,realtime,hotlist,,2026-09-25 13:22:57
2,习近平在欢迎宴会上的祝酒辞,当地时间9月24日，国家主席习近平在华盛顿出席美国总统举行的欢迎宴会并致祝酒辞。习近平表示，当天双方坦诚深入交流，达成很多新共识，为中美关系提供新的战略指引。此前，今年5月美国总统访华，两国元首同意构建中美建设性战略稳定关系，习近平此次系应约访美。,7808147,https://www.baidu.com/s?wd=%E4%B9%A0%E8%BF%91%E5%B9%B3%E5%9C%A8%E6%AC%A2%E8%BF%8E%E5%AE%B4%E4%BC%9A%E4%B8%8A%E7%9A%84%E7%A5%9D%E9%85%92%E8%BE%9E&sa=fyb_news&rsv_dl=fyb_news,https://fyb-2.cdn.bcebos.com/hotboard_image/9bd71efc9b756970f06465ba785e4018,百度热搜,实时热搜,realtime,hotlist,,2026-09-25 13:22:57
3,白宫墙上悬挂中美元首握手照片,白宫一楼的墙上，悬挂着特朗普总统访华时，习近平主席同他握手的照片。,7712347,https://www.baidu.com/s?wd=%E7%99%BD%E5%AE%AB%E5%A2%99%E4%B8%8A%E6%82%AC%E6%8C%82%E4%B8%AD%E7%BE%8E%E5%85%83%E9%A6%96%E6%8F%A1%E6%89%8B%E7%85%A7%E7%89%87&sa=fyb_news&rsv_dl=fyb_news,https://fyb-2.cdn.bcebos.com/hotboard_image/c8484cfdae958d151c32876a803b19b7,百度热搜,实时热搜,realtime,hotlist,,2026-09-25 13:22:57
4,跟着古诗追月亮,中秋的源头在哪里？月亮上住着谁？古人怎么过节、吃什么、玩什么？翻开一本古诗集，月亮从字里行间升起。让我们跟着古诗追月亮，一起寻找文物里的中秋。,7617800,https://www.baidu.com/s?wd=%E8%B7%9F%E7%9D%80%E5%8F%A4%E8%AF%97%E8%BF%BD%E6%9C%88%E4%BA%AE&sa=fyb_news&rsv_dl=fyb_news,https://fyb-2.cdn.bcebos.com/hotboard_image/9dc9678e0f93800d8567c32625618e30,百度热搜,实时热搜,realtime,hotlist,,2026-09-25 13:22:57
5,“干饭哥”亚运已拿4金,9月25日，名古屋亚运会男子50米步枪三姿团体决赛，由盛李豪 、张常鸿、刘宇坤组成的中国队夺得金牌。这是盛李豪本届亚运会上获得的第四枚金牌。,7520949,https://www.baidu.com/s?wd=%E2%80%9C%E5%B9%B2%E9%A5%AD%E5%93%A5%E2%80%9D%E4%BA%9A%E8%BF%90%E5%B7%B2%E6%8B%BF4%E9%87%91&sa=fyb_news&rsv_dl=fyb_news,https://fyb-2.cdn.bcebos.com/hotboard_image/4f18d2672eb7540d01a2682ff2e511bb,百度热搜,实时热搜,realtime,hotlist,,2026-09-25 13:22:57
6,马斯克黄仁勋等出席白宫欢迎宴会,当地时间9月24日晚，国家主席习近平和夫人彭丽媛在白宫出席美国总统特朗普和夫人梅拉尼娅举行的欢迎宴会。马斯克、黄仁勋、苏世民、奥尔特曼等出席白宫欢迎宴会。,7424464,https://www.baidu.com/s?wd=%E9%A9%AC%E6%96%AF%E5%85%8B%E9%BB%84%E4%BB%81%E5%8B%8B%E7%AD%89%E5%87%BA%E5%B8%AD%E7%99%BD%E5%AE%AB%E6%AC%A2%E8%BF%8E%E5%AE%B4%E4%BC%9A&sa=fyb_news&rsv_dl=fyb_news,https://fyb-2.cdn.bcebos.com/hotboard_image/11c149002c2df8d234315b12f1bc5896,百度热搜,实时热搜,realtime,hotlist,,2026-09-25 13:22:57
7,微信警告这些头像昵称会被封号,为进一步整治账号名称信息乱象，微信倡导创作者主动规范账号注册和认证行为，对于名称冒充、身份伪装、夹带违规信息、名称信息黑灰产等问题，平台在前期假冒仿冒账号治理工作基础上，将进一步从严处置相关违规账号和内容。,7328268,https://www.baidu.com/s?wd=%E5%BE%AE%E4%BF%A1%E8%AD%A6%E5%91%8A%E8%BF%99%E4%BA%9B%E5%A4%B4%E5%83%8F%E6%98%B5%E7%A7%B0%E4%BC%9A%E8%A2%AB%E5%B0%81%E5%8F%B7&sa=fyb_news&rsv_dl=fyb_news,https://fyb-2.cdn.bcebos.com/hotboard_image/4523221b6811420e6a3d527841d1878e,百度热搜,实时热搜,realtime,hotlist,,2026-09-25 13:22:57
8,月饼这么吃更健康,中秋将至，月饼高糖高油，健康吃法有讲究：宜选上午或午后食用、每次半块以内，避免空腹和睡前吃，搭配淡茶更佳，糖友等特殊人群需减量。,7234431,https://www.baidu.com/s?wd=%E6%9C%88%E9%A5%BC%E8%BF%99%E4%B9%88%E5%90%83%E6%9B%B4%E5%81%A5%E5%BA%B7&sa=fyb_news&rsv_dl=fyb_news,https://fyb-2.cdn.bcebos.com/hotboard_image/43de290983cd604670e46430275edabb,百度热搜,实时热搜,realtime,hotlist,,2026-09-25 13:22:57
9,酒店推369元自助早餐月卡 有70种菜,9月24日，记者探访获悉，武汉市东西湖区武汉临空港会展酒店近日推出369元自助早餐月卡，每天成本约12元可任选70余种餐品。,7139890,https://www.baidu.com/s?wd=%E9%85%92%E5%BA%97%E6%8E%A8369%E5%85%83%E8%87%AA%E5%8A%A9%E6%97%A9%E9%A4%90%E6%9C%88%E5%8D%A1+%E6%9C%8970%E7%A7%8D%E8%8F%9C&sa=fyb_news&rsv_dl=fyb_news,https://fyb-2.cdn.bcebos.com/hotboard_image/6d31f96475347a5725aac484a9f77bd0,百度热搜,实时热搜,realtime,hotlist,,2026-09-25 13:22:57
10,世界技能大赛 为了更好的未来,9月24日，第48届世界技能大赛进入第二天。当“照护、木工、口腔修复”这些与生活息息相关的技能出现在世界技能大赛的赛场，同场竞技的选手们比的究竟是什么？这些手工技艺如何改变我们的未来生活？总台评论员白岩松为您带来观察分析。,7045989,https://www.baidu.com/s?wd=%E4%B8%96%E7%95%8C%E6%8A%80%E8%83%BD%E5%A4%A7%E8%B5%9B+%E4%B8%BA%E4%BA%86%E6%9B%B4%E5%A5%BD%E7%9A%84%E6%9C%AA%E6%9D%A5&sa=fyb_news&rsv_dl=fyb_news,https://fyb-2.cdn.bcebos.com/hotboard_image/5a702a3ed833d9d23bc61b5f9c296175,百度热搜,实时热搜,realtime,hotlist,,2026-09-25 13:22:57
11,美方拿出“顶配”机型迎接中方元首,9月23日，习近平主席乘专机抵美进行国事访问，美方以最高礼遇迎接：B-2轰炸机、F-22战机飞越白宫致敬，接机环节还出动B-1B轰炸机。,6951438,https://www.baidu.com/s?wd=%E7%BE%8E%E6%96%B9%E6%8B%BF%E5%87%BA%E2%80%9C%E9%A1%B6%E9%85%8D%E2%80%9D%E6%9C%BA%E5%9E%8B%E8%BF%8E%E6%8E%A5%E4%B8%AD%E6%96%B9%E5%85%83%E9%A6%96&sa=fyb_news&rsv_dl=fyb_news,https://fyb-2.cdn.bcebos.com/hotboard_image/3262080e220ebcb18df5c0f88da1c189,百度热搜,实时热搜,realtime,hotlist,,2026-09-25 13:22:57
12,陌生快递寄来礼品卡？误区要注意,中秋、国庆双节将至，不少人收到了一份“从天而降”的快递——自己明明没有网购，却收到一个装着湿巾等小物件外加一张“双节礼品卡”的包裹。不花一分钱扫个码就能领取年货大礼包？千万别信！此类事存在着两大认知误区，一文解读！,6857064,https://www.baidu.com/s?wd=%E9%99%8C%E7%94%9F%E5%BF%AB%E9%80%92%E5%AF%84%E6%9D%A5%E7%A4%BC%E5%93%81%E5%8D%A1%EF%BC%9F%E8%AF%AF%E5%8C%BA%E8%A6%81%E6%B3%A8%E6%84%8F&sa=fyb_news&rsv_dl=fyb_news,https://fyb-2.cdn.bcebos.com/hotboard_image/8ac4e32ba1b3f8270fb0b505025c307e,百度热搜,实时热搜,realtime,hotlist,,2026-09-25 13:22:57
13,孙颖莎王楚钦零封张本美和松岛辉空,,6754015,https://www.baidu.com/s?wd=%E5%AD%99%E9%A2%96%E8%8E%8E%E7%8E%8B%E6%A5%9A%E9%92%A6%E9%9B%B6%E5%B0%81%E5%BC%A0%E6%9C%AC%E7%BE%8E%E5%92%8C%E6%9D%BE%E5%B2%9B%E8%BE%89%E7%A9%BA&sa=fyb_news&rsv_dl=fyb_news,https://fyb-1.cdn.bcebos.com/fyb/de6163834f53ca92c1273fff98ac9078.jpeg,百度热搜,实时热搜,realtime,hotlist,,2026-09-25 13:22:57
14,4.5米长虫从男子体内排出,近日，武汉市金银潭医院接诊患者小金。小金因长期食用生鱼片感染阔节裂头绦虫，经驱虫治疗后排出一条4.5米长成虫。此前，小金如厕时发现一米多长虫节就诊，医生追溯得知其有生食习惯。目前小金已顺利出院，医生提醒需警惕来源不明的生食或未熟淡水鱼。,6660207,https://www.baidu.com/s?wd=4.5%E7%B1%B3%E9%95%BF%E8%99%AB%E4%BB%8E%E7%94%B7%E5%AD%90%E4%BD%93%E5%86%85%E6%8E%92%E5%87%BA&sa=fyb_news&rsv_dl=fyb_news,https://fyb-2.cdn.bcebos.com/hotboard_image/c83bb759ff0d4610ded58fbb73889a4a,百度热搜,实时热搜,realtime,hotlist,,2026-09-25 13:22:57
15,一块月饼等于几碗饭,中秋佳节，专家提示100克月饼热量相当于4碗米饭。因月饼具有高热量、高脂肪、高糖分的特点，糖尿病、高血压及高血脂、胃肠疾病患者与儿童需严格控制食用量。,6569270,https://www.baidu.com/s?wd=%E4%B8%80%E5%9D%97%E6%9C%88%E9%A5%BC%E7%AD%89%E4%BA%8E%E5%87%A0%E7%A2%97%E9%A5%AD&sa=fyb_news&rsv_dl=fyb_news,https://fyb-2.cdn.bcebos.com/hotboard_image/e20a2c7ec864cb9f53ccac7fd361ca8c,百度热搜,实时热搜,realtime,hotlist,,2026-09-25 13:22:57
16,白宫响起“月亮代表我的心”,当地时间9月24日，国家主席习近平和夫人彭丽媛将在白宫出席美国总统特朗普和夫人梅拉尼娅举行的欢迎宴会。白宫响起“月亮代表我的心”。,6476474,https://www.baidu.com/s?wd=%E7%99%BD%E5%AE%AB%E5%93%8D%E8%B5%B7%E2%80%9C%E6%9C%88%E4%BA%AE%E4%BB%A3%E8%A1%A8%E6%88%91%E7%9A%84%E5%BF%83%E2%80%9D&sa=fyb_news&rsv_dl=fyb_news,https://fyb-2.cdn.bcebos.com/hotboard_image/9c5a02e5a1afeb7a89c9e102f0b35337,百度热搜,实时热搜,realtime,hotlist,,2026-09-25 13:22:57
17,演员李治廷官宣当爸,9月25日，演员李治廷发文宣布当爸：“新添一员，阖家圆满”，并晒出托着孩子小手与月饼的照片。此前，2023年3月14日，李治廷出席活动时手戴婚戒自曝已婚数月，称太太是圈外人，比自己小5岁多，因对方不习惯未公开样貌。,6383069,https://www.baidu.com/s?wd=%E6%BC%94%E5%91%98%E6%9D%8E%E6%B2%BB%E5%BB%B7%E5%AE%98%E5%AE%A3%E5%BD%93%E7%88%B8&sa=fyb_news&rsv_dl=fyb_news,https://fyb-2.cdn.bcebos.com/hotboard_image/a60e5f00856a8442a31892db91d5ea1a,百度热搜,实时热搜,realtime,hotlist,,2026-09-25 13:22:57
18,平均月薪16149元 这类人才紧缺,今年1到8月，无人机工程师招聘职位数同比上涨26%，平均招聘月薪为16149元，无人机群飞行规划员岗位规模近五年增近8倍。产业急需懂装配、会编程的复合型人才。,6276218,https://www.baidu.com/s?wd=%E5%B9%B3%E5%9D%87%E6%9C%88%E8%96%AA16149%E5%85%83+%E8%BF%99%E7%B1%BB%E4%BA%BA%E6%89%8D%E7%B4%A7%E7%BC%BA&sa=fyb_news&rsv_dl=fyb_news,https://fyb-2.cdn.bcebos.com/hotboard_image/339bf668de76a280afe012baa9c25416,百度热搜,实时热搜,realtime,hotlist,,2026-09-25 13:22:57
19,央视中秋晚会节目单,人道秋中明月好，欲邀同赏意如何？9月25日，《中央广播电视总台2026年中秋晚会》节目单发布。,6186242,https://www.baidu.com/s?wd=%E5%A4%AE%E8%A7%86%E4%B8%AD%E7%A7%8B%E6%99%9A%E4%BC%9A%E8%8A%82%E7%9B%AE%E5%8D%95&sa=fyb_news&rsv_dl=fyb_news,https://fyb-2.cdn.bcebos.com/hotboard_image/fd1df43d770603f1fb0c01a708268739,百度热搜,实时热搜,realtime,hotlist,,2026-09-25 13:22:57
20,第一批喝泰奶的“受害者”出现了,近期泰式奶茶（泰奶）爆火，但已有部分人喝后出现心悸、头晕、失眠等不适。科普解读指出，泰奶因茶粉颗粒细小、萃取充分，咖啡因含量高于普通奶茶甚至接近美式。,6097775,https://www.baidu.com/s?wd=%E7%AC%AC%E4%B8%80%E6%89%B9%E5%96%9D%E6%B3%B0%E5%A5%B6%E7%9A%84%E2%80%9C%E5%8F%97%E5%AE%B3%E8%80%85%E2%80%9D%E5%87%BA%E7%8E%B0%E4%BA%86&sa=fyb_news&rsv_dl=fyb_news,https://fyb-2.cdn.bcebos.com/hotboard_image/b7cd56b3329a5b8181de4e0c1e202cf0,百度热搜,实时热搜,realtime,hotlist,,2026-09-25 13:22:57
21,白宫公布国宴菜单与装饰,当地时间9月24日晚，国家主席习近平和夫人彭丽媛乘车抵达白宫，出席美国总统特朗普和夫人梅拉尼娅举行的欢迎宴会。美国第一夫人办公室当天公布了晚宴菜单和现场布置等细节。白宫将此次菜单概括为：以美国食材为主，同时融入中国元素，希望将两国饮食传统结合起来。,5988522,https://www.baidu.com/s?wd=%E7%99%BD%E5%AE%AB%E5%85%AC%E5%B8%83%E5%9B%BD%E5%AE%B4%E8%8F%9C%E5%8D%95%E4%B8%8E%E8%A3%85%E9%A5%B0&sa=fyb_news&rsv_dl=fyb_news,https://fyb-2.cdn.bcebos.com/hotboard_image/8c4e39c93cdc44593572b7b55db75b93,百度热搜,实时热搜,realtime,hotlist,,2026-09-25 13:22:57
22,王祖贤回应容貌争议：我已经60岁了,近日，王祖贤在隐退22年后的首场访谈中回应容貌争议：“我已经60岁了”，观众印象仍停留在她19岁时的银幕形象；她还澄清息影并非因情伤。,5897858,https://www.baidu.com/s?wd=%E7%8E%8B%E7%A5%96%E8%B4%A4%E5%9B%9E%E5%BA%94%E5%AE%B9%E8%B2%8C%E4%BA%89%E8%AE%AE%EF%BC%9A%E6%88%91%E5%B7%B2%E7%BB%8F60%E5%B2%81%E4%BA%86&sa=fyb_news&rsv_dl=fyb_news,https://fyb-2.cdn.bcebos.com/hotboard_image/8083e42234e2659b57e294d8bdfaeec8,百度热搜,实时热搜,realtime,hotlist,,2026-09-25 13:22:57
23,“中国天眼”发现脉冲星超1300颗,9月25日，“中国天眼”FAST迎来落成十周年。截至目前，FAST累计发现脉冲星超1300颗，超过同一时期国际其他望远镜发现总和，并在快速射电暴等领域取得多项成果。,5791060,https://www.baidu.com/s?wd=%E2%80%9C%E4%B8%AD%E5%9B%BD%E5%A4%A9%E7%9C%BC%E2%80%9D%E5%8F%91%E7%8E%B0%E8%84%89%E5%86%B2%E6%98%9F%E8%B6%851300%E9%A2%97&sa=fyb_news&rsv_dl=fyb_news,https://fyb-2.cdn.bcebos.com/hotboard_image/ddf99dfdcbc2705bc8e7025e13363cd5,百度热搜,实时热搜,realtime,hotlist,,2026-09-25 13:22:57
24,李嘉明还1万元游本昌直接捐了,近日，演员李嘉明哽咽追忆游本昌，称其像父亲般关心自己。此前他在北漂低谷期遇父亲生病无钱医治，游本昌第一时间拿出1万元现金且无需归还。李嘉明称：“后来我还了钱，游老师直接把钱捐了。”,5697259,https://www.baidu.com/s?wd=%E6%9D%8E%E5%98%89%E6%98%8E%E8%BF%981%E4%B8%87%E5%85%83%E6%B8%B8%E6%9C%AC%E6%98%8C%E7%9B%B4%E6%8E%A5%E6%8D%90%E4%BA%86&sa=fyb_news&rsv_dl=fyb_news,https://fyb-2.cdn.bcebos.com/hotboard_image/d3704afee97c947dc82259f2ab42d666,百度热搜,实时热搜,realtime,hotlist,,2026-09-25 13:22:57
25,高铁站安检仪扫到好多“小圆球”,中秋前夕，云南宣威站安检仪频现宣威火腿月饼。起因是该非遗火腿月饼备受旅客青睐，许多人打包乘车带回家。为此，宣威站不仅在安检区配备胶带等工具方便打包，还通过加开列车等方式增加运能保障出行。,5601337,https://www.baidu.com/s?wd=%E9%AB%98%E9%93%81%E7%AB%99%E5%AE%89%E6%A3%80%E4%BB%AA%E6%89%AB%E5%88%B0%E5%A5%BD%E5%A4%9A%E2%80%9C%E5%B0%8F%E5%9C%86%E7%90%83%E2%80%9D&sa=fyb_news&rsv_dl=fyb_news,https://fyb-2.cdn.bcebos.com/hotboard_image/894bfb531f6c5a1dd0e4dcfb8333bdbb,百度热搜,实时热搜,realtime,hotlist,,2026-09-25 13:22:57
26,王曼昱晋级女单16强,当地时间9月25日，在日本丰田市举行的爱知·名古屋亚运会乒乓球女子单打第二轮比赛中，中国选手王曼昱4比0战胜卡塔尔选手穆罕默德，晋级下一轮。,5512244,https://www.baidu.com/s?wd=%E7%8E%8B%E6%9B%BC%E6%98%B1%E6%99%8B%E7%BA%A7%E5%A5%B3%E5%8D%9516%E5%BC%BA&sa=fyb_news&rsv_dl=fyb_news,https://fyb-2.cdn.bcebos.com/hotboard_image/fe3cf4137ea44e36066cde554d476622,百度热搜,实时热搜,realtime,hotlist,,2026-09-25 13:22:57
27,因超35岁被买一送一卖到电诈园区,近日，四川绵竹38岁男子刘修洪自述称，此前赴泰国收货款时遭绑架，因年龄超35岁不好售卖，被当作赠品贩卖至缅甸电诈园区。在园区内，他靠中医知识为被打伤的同伴处理伤口，并为老板看咳嗽，成功免遭毒打，每天有两顿饭吃，不用挨电棍。,5416717,https://www.baidu.com/s?wd=%E5%9B%A0%E8%B6%8535%E5%B2%81%E8%A2%AB%E4%B9%B0%E4%B8%80%E9%80%81%E4%B8%80%E5%8D%96%E5%88%B0%E7%94%B5%E8%AF%88%E5%9B%AD%E5%8C%BA&sa=fyb_news&rsv_dl=fyb_news,https://fyb-2.cdn.bcebos.com/hotboard_image/aa8d4a909b85e4fed88d1b3ba54ed55a,百度热搜,实时热搜,realtime,hotlist,,2026-09-25 13:22:57
28,这块1400年前的月饼至今不知是啥馅,近日，一块距今约1400年的唐代月饼引发关注。1972年该月饼在新疆吐鲁番阿斯塔那古墓出土，是目前考古发现中国唯一的唐代月饼式食物实物。因文物珍贵不能破坏性取样，其馅料至今成谜，研究人员推测可能含枣、核桃或葡萄等果仁。,5332030,https://www.baidu.com/s?wd=%E8%BF%99%E5%9D%971400%E5%B9%B4%E5%89%8D%E7%9A%84%E6%9C%88%E9%A5%BC%E8%87%B3%E4%BB%8A%E4%B8%8D%E7%9F%A5%E6%98%AF%E5%95%A5%E9%A6%85&sa=fyb_news&rsv_dl=fyb_news,https://fyb-2.cdn.bcebos.com/hotboard_image/72ccb6986331115c6b0f0bd78a30d353,百度热搜,实时热搜,realtime,hotlist,,2026-09-25 13:22:57
29,三人操纵股市获利0元被罚800万,9月24日，证监会披露，陈欢、周厚禄、李萍萍三人控制多个账户操纵股价，虽无违法所得，仍被合计罚款800万元并禁入市场2至3年。,5216634,https://www.baidu.com/s?wd=%E4%B8%89%E4%BA%BA%E6%93%8D%E7%BA%B5%E8%82%A1%E5%B8%82%E8%8E%B7%E5%88%A90%E5%85%83%E8%A2%AB%E7%BD%9A800%E4%B8%87&sa=fyb_news&rsv_dl=fyb_news,https://fyb-2.cdn.bcebos.com/hotboard_image/88d7a181efcb195457e2254476ba8f40,百度热搜,实时热搜,realtime,hotlist,,2026-09-25 13:22:57
30,女子手机掉落报警一查是嫌疑狗,近日，浙江嘉兴赵女士骑车出门时手机滑落遗失，报警后民警调取公共视频排查，发现捡走手机的竟是一只小狗。赵女士认出该小狗，很快在角落找回手机。,5131628,https://www.baidu.com/s?wd=%E5%A5%B3%E5%AD%90%E6%89%8B%E6%9C%BA%E6%8E%89%E8%90%BD%E6%8A%A5%E8%AD%A6%E4%B8%80%E6%9F%A5%E6%98%AF%E5%AB%8C%E7%96%91%E7%8B%97&sa=fyb_news&rsv_dl=fyb_news,https://fyb-2.cdn.bcebos.com/hotboard_image/8f4a24cd910be640f7e9520ec72c51c8,百度热搜,实时热搜,realtime,hotlist,,2026-09-25 13:22:57
31,王皓回应国乒男团不敌日本队丢冠,主教练王皓回应男团丢冠，表示球队现在正处于新老交替的重要环节，需要给年轻运动员试错的空间。他呼吁媒体和球迷善待球员和教练，指出球员承受比赛胜负和外界质疑的压力，教练组也扎根球队无暇陪伴家庭。,5038250,https://www.baidu.com/s?wd=%E7%8E%8B%E7%9A%93%E5%9B%9E%E5%BA%94%E5%9B%BD%E4%B9%92%E7%94%B7%E5%9B%A2%E4%B8%8D%E6%95%8C%E6%97%A5%E6%9C%AC%E9%98%9F%E4%B8%A2%E5%86%A0&sa=fyb_news&rsv_dl=fyb_news,https://fyb-2.cdn.bcebos.com/hotboard_image/d0b228a5c2d661f9e6812f78a3e81556,百度热搜,实时热搜,realtime,hotlist,,2026-09-25 13:22:57
32,许嵩婚后首秀 全场齐喊新婚快乐,9月24日，许嵩在天津演唱会上迎来婚后首秀，全场歌迷齐声高喊“新婚快乐”。面对祝福，许嵩笑意温柔回应：“谢谢，我接收到了。”此前，9月19日许嵩刚与冯禧官宣结婚，称人生故事翻开新篇章。,4947882,https://www.baidu.com/s?wd=%E8%AE%B8%E5%B5%A9%E5%A9%9A%E5%90%8E%E9%A6%96%E7%A7%80+%E5%85%A8%E5%9C%BA%E9%BD%90%E5%96%8A%E6%96%B0%E5%A9%9A%E5%BF%AB%E4%B9%90&sa=fyb_news&rsv_dl=fyb_news,https://fyb-2.cdn.bcebos.com/hotboard_image/ff059e8250fd206298232316850214fa,百度热搜,实时热搜,realtime,hotlist,,2026-09-25 13:22:57
33,邓亚萍：王楚钦没有任何容错空间,在9月24日进行的爱知·名古屋亚运会乒乓球团体决赛中，国乒男团以2:3不敌日本队，无缘九连冠。赛后前乒乓球运动员邓亚萍表示：排阵相对较凶，王楚钦没有任何容错空间。,4842166,https://www.baidu.com/s?wd=%E9%82%93%E4%BA%9A%E8%90%8D%EF%BC%9A%E7%8E%8B%E6%A5%9A%E9%92%A6%E6%B2%A1%E6%9C%89%E4%BB%BB%E4%BD%95%E5%AE%B9%E9%94%99%E7%A9%BA%E9%97%B4&sa=fyb_news&rsv_dl=fyb_news,https://fyb-2.cdn.bcebos.com/hotboard_image/34a9110ae943581ac95b664bf88624e7,百度热搜,实时热搜,realtime,hotlist,,2026-09-25 13:22:57
34,女生未上班却有6份社保无法考编,9月24日，“硕士生因被偷缴社保无法考编”一事引发关注。应届毕业生小李从未到任何公司任职，但在报考某单位应届生岗位时，却因有职工社保缴费记录导致报考失败。经查询，竟有6家建筑公司为其缴纳社保。,4739006,https://www.baidu.com/s?wd=%E5%A5%B3%E7%94%9F%E6%9C%AA%E4%B8%8A%E7%8F%AD%E5%8D%B4%E6%9C%896%E4%BB%BD%E7%A4%BE%E4%BF%9D%E6%97%A0%E6%B3%95%E8%80%83%E7%BC%96&sa=fyb_news&rsv_dl=fyb_news,https://fyb-2.cdn.bcebos.com/hotboard_image/85061f4a12114392f619564cf0950165,百度热搜,实时热搜,realtime,hotlist,,2026-09-25 13:22:57
35,马斯克母亲：我喜欢去中国,北京时间9月24日，美国企业家埃隆·马斯克的母亲梅耶·马斯克在社交媒体X上转发了儿子马斯克接受采访的视频，并称赞中国“干净又安全”，直言自己喜欢去中国。,4647101,https://www.baidu.com/s?wd=%E9%A9%AC%E6%96%AF%E5%85%8B%E6%AF%8D%E4%BA%B2%EF%BC%9A%E6%88%91%E5%96%9C%E6%AC%A2%E5%8E%BB%E4%B8%AD%E5%9B%BD&sa=fyb_news&rsv_dl=fyb_news,https://fyb-2.cdn.bcebos.com/hotboard_image/bee737b291738be191920141befe00ac,百度热搜,实时热搜,realtime,hotlist,,2026-09-25 13:22:57
36,离异女护士倒在工作岗位留下8岁儿子,近日，贵州省遵义市人社局决定，对贵州茅台医院护士陈佳佳不予认定工伤。此前，30岁的陈佳佳在工作岗位突发脑出血，抢救10天后于8月13日被判定脑死亡离世，留下一名8岁儿子。人社局认为其抢救时长不符合相关规定。,4576169,https://www.baidu.com/s?wd=%E7%A6%BB%E5%BC%82%E5%A5%B3%E6%8A%A4%E5%A3%AB%E5%80%92%E5%9C%A8%E5%B7%A5%E4%BD%9C%E5%B2%97%E4%BD%8D%E7%95%99%E4%B8%8B8%E5%B2%81%E5%84%BF%E5%AD%90&sa=fyb_news&rsv_dl=fyb_news,https://fyb-2.cdn.bcebos.com/hotboard_image/f0ea9e4065c5571ce68777d313c75eab,百度热搜,实时热搜,realtime,hotlist,,2026-09-25 13:22:57
37,女演员王朱悦紧急道歉,9月24日，《微微一笑很倾城》更名《一笑倾城》上线，女主贝微微被AI换脸为演员王朱悦，引发争议。王朱悦发文承认本人授权换脸并道歉：“毁了大家心中的角色”。,4473332,https://www.baidu.com/s?wd=%E5%A5%B3%E6%BC%94%E5%91%98%E7%8E%8B%E6%9C%B1%E6%82%A6%E7%B4%A7%E6%80%A5%E9%81%93%E6%AD%89&sa=fyb_news&rsv_dl=fyb_news,https://fyb-2.cdn.bcebos.com/hotboard_image/2b65cddd5d0fa76cb4a6e35606443831,百度热搜,实时热搜,realtime,hotlist,,2026-09-25 13:22:57
38,胡兵送中秋专属祝福,又是一年团圆时，胡兵来送祝福啦：祝大家中秋快乐！,4355025,https://www.baidu.com/s?wd=%E8%83%A1%E5%85%B5%E9%80%81%E4%B8%AD%E7%A7%8B%E4%B8%93%E5%B1%9E%E7%A5%9D%E7%A6%8F&sa=fyb_news&rsv_dl=fyb_news,https://fyb-2.cdn.bcebos.com/hotboard_image/fed9f152fa630315d7df7b883990092e,百度热搜,实时热搜,realtime,hotlist,,2026-09-25 13:22:57
39,林肯号航母发生8起未遂自杀事件,当地时间9月23日，美国海军部代理部长曹洪在回复纽约州民主党参议员克尔斯滕·吉利布兰德质询的信中，首次正式承认，“林肯”号航母打击群在此次200多天的超长服役期间，内部共发生8起自杀未遂，涉及“林肯”号本舰、舰载机联队、护航驱逐舰及其他随舰人员。,4290885,https://www.baidu.com/s?wd=%E6%9E%97%E8%82%AF%E5%8F%B7%E8%88%AA%E6%AF%8D%E5%8F%91%E7%94%9F8%E8%B5%B7%E6%9C%AA%E9%81%82%E8%87%AA%E6%9D%80%E4%BA%8B%E4%BB%B6&sa=fyb_news&rsv_dl=fyb_news,https://fyb-2.cdn.bcebos.com/hotboard_image/7b821b1f2d3c744bba5b10e41f000672,百度热搜,实时热搜,realtime,hotlist,,2026-09-25 13:22:57
40,以色列总理联大讲话 台下快走空了,当地时间9月24日下午（北京时间9月25日凌晨），以色列总理内塔尼亚胡在第81届联合国大会一般性辩论上发表讲话，现场大多数国家代表离场抗议，他将其称为“懦夫”。,4174320,https://www.baidu.com/s?wd=%E4%BB%A5%E8%89%B2%E5%88%97%E6%80%BB%E7%90%86%E8%81%94%E5%A4%A7%E8%AE%B2%E8%AF%9D+%E5%8F%B0%E4%B8%8B%E5%BF%AB%E8%B5%B0%E7%A9%BA%E4%BA%86&sa=fyb_news&rsv_dl=fyb_news,https://fyb-2.cdn.bcebos.com/hotboard_image/ce2a73222ec52b3ef727ccf9ff449e2e,百度热搜,实时热搜,realtime,hotlist,,2026-09-25 13:22:57
41,陈龙遗憾错过见游本昌最后一面,9月24日凌晨，游本昌在北京逝世，享年93岁。演员陈龙称，此前自己本想看望游本昌老师，但因为一些事情错过，遗憾没能见到最后一面。,4081900,https://www.baidu.com/s?wd=%E9%99%88%E9%BE%99%E9%81%97%E6%86%BE%E9%94%99%E8%BF%87%E8%A7%81%E6%B8%B8%E6%9C%AC%E6%98%8C%E6%9C%80%E5%90%8E%E4%B8%80%E9%9D%A2&sa=fyb_news&rsv_dl=fyb_news,https://fyb-2.cdn.bcebos.com/hotboard_image/36c93487639dcddd151a4a460d4769b0,百度热搜,实时热搜,realtime,hotlist,,2026-09-25 13:22:57
42,2600亿存储龙头大股东套现4.7亿,"9月24日，存储芯片龙头澜起科技AH股同步下挫，A股跌3.97%报214.5元/股，最新市值2651亿元。同日盘后公告，第三大股东WLT Partners,L.P.因股权激励行权资金需要，拟减持不超233万股，套现约4.78亿元。",3998624,https://www.baidu.com/s?wd=2600%E4%BA%BF%E5%AD%98%E5%82%A8%E9%BE%99%E5%A4%B4%E5%A4%A7%E8%82%A1%E4%B8%9C%E5%A5%97%E7%8E%B04.7%E4%BA%BF&sa=fyb_news&rsv_dl=fyb_news,https://fyb-2.cdn.bcebos.com/hotboard_image/337a285ffb4973bd54a5202c2bec3c2e,百度热搜,实时热搜,realtime,hotlist,,2026-09-25 13:22:57
43,哈萨克斯坦军演突发事故致12死,哈萨克斯坦军队24日在里海沿岸曼格斯套州进行演习期间发生事故，造成12名军人丧生。哈萨克斯坦总统托卡耶夫向丧生军人的亲人表示慰问。,3879711,https://www.baidu.com/s?wd=%E5%93%88%E8%90%A8%E5%85%8B%E6%96%AF%E5%9D%A6%E5%86%9B%E6%BC%94%E7%AA%81%E5%8F%91%E4%BA%8B%E6%95%85%E8%87%B412%E6%AD%BB&sa=fyb_news&rsv_dl=fyb_news,https://fyb-2.cdn.bcebos.com/hotboard_image/e0faecca48a42d5a88f3b4cc84813155,百度热搜,实时热搜,realtime,hotlist,,2026-09-25 13:22:57
44,周杰伦贴脸开大刘畊宏唱淘汰,近日，在周杰伦南京演唱会现场，周杰伦当众调侃刘畊宏在另一节目中被淘汰，并为他献唱《淘汰》。演唱期间，周杰伦还吐槽刘畊宏当天的穿着太保守，表示看不到胸肌，并向导播喊话要求给胸肌特写。,3791729,https://www.baidu.com/s?wd=%E5%91%A8%E6%9D%B0%E4%BC%A6%E8%B4%B4%E8%84%B8%E5%BC%80%E5%A4%A7%E5%88%98%E7%95%8A%E5%AE%8F%E5%94%B1%E6%B7%98%E6%B1%B0&sa=fyb_news&rsv_dl=fyb_news,https://fyb-2.cdn.bcebos.com/hotboard_image/7e986dc937d79b3fb7a1d446e3c62983,百度热搜,实时热搜,realtime,hotlist,,2026-09-25 13:22:57
45,飞机维修人才缺口超15万,当前中国飞机维修能力正从引进走向自主，发动机等核心部件逐渐实现国内维修。截至2025年底，国内累计颁发9.25万份机务执照，但空客预测2024-2043年中国仍需新增15.5万名维修技术人员，能修核心件的人才严重紧缺，行业呼吁完善薪酬与晋升体系。,3706195,https://www.baidu.com/s?wd=%E9%A3%9E%E6%9C%BA%E7%BB%B4%E4%BF%AE%E4%BA%BA%E6%89%8D%E7%BC%BA%E5%8F%A3%E8%B6%8515%E4%B8%87&sa=fyb_news&rsv_dl=fyb_news,https://fyb-2.cdn.bcebos.com/hotboard_image/b4cd158dbe7e718bea4bcf4dc99ed54c,百度热搜,实时热搜,realtime,hotlist,,2026-09-25 13:22:57
46,特朗普在欢迎宴会上发表致辞,当地时间9月24日晚，国家主席习近平和夫人彭丽媛在白宫出席美国总统特朗普和夫人梅拉尼娅举行的欢迎宴会。特朗普总统发表致辞。,3601869,https://www.baidu.com/s?wd=%E7%89%B9%E6%9C%97%E6%99%AE%E5%9C%A8%E6%AC%A2%E8%BF%8E%E5%AE%B4%E4%BC%9A%E4%B8%8A%E5%8F%91%E8%A1%A8%E8%87%B4%E8%BE%9E&sa=fyb_news&rsv_dl=fyb_news,https://fyb-2.cdn.bcebos.com/hotboard_image/7079819e3a20186c6f9b93ec3e116965,百度热搜,实时热搜,realtime,hotlist,,2026-09-25 13:22:57
47,林诗栋蒯曼3比0德赛格尔帕德,9月25日上午，2026亚运会混双1/4决赛，林诗栋/蒯曼3-0战胜德赛/格尔帕德，晋级四强。局分：11-5，12-10，11-9。,3490815,https://www.baidu.com/s?wd=%E6%9E%97%E8%AF%97%E6%A0%8B%E8%92%AF%E6%9B%BC3%E6%AF%940%E5%BE%B7%E8%B5%9B%E6%A0%BC%E5%B0%94%E5%B8%95%E5%BE%B7&sa=fyb_news&rsv_dl=fyb_news,https://fyb-2.cdn.bcebos.com/hotboard_image/565b54e9e268d9841403ca430c1d213a,百度热搜,实时热搜,realtime,hotlist,,2026-09-25 13:22:57
48,被梅姨拐走20年小伙归家过中秋,近日，被拐青年钟彬归家过中秋，与弟弟直播卖鸡鸭胖了40斤。此前，钟彬2004年在广东惠州被拐至河源，2024年9月被警方找到，2025年4月回到江西赣州老家。,3394291,https://www.baidu.com/s?wd=%E8%A2%AB%E6%A2%85%E5%A7%A8%E6%8B%90%E8%B5%B020%E5%B9%B4%E5%B0%8F%E4%BC%99%E5%BD%92%E5%AE%B6%E8%BF%87%E4%B8%AD%E7%A7%8B&sa=fyb_news&rsv_dl=fyb_news,https://fyb-2.cdn.bcebos.com/hotboard_image/afa51f2ab94ad8fe81048b699efe149d,百度热搜,实时热搜,realtime,hotlist,,2026-09-25 13:22:57
49,NBA传奇球星鲍勃·佩蒂特去世,当地时间9月23日，NBA传奇球星、联盟首位MVP及首位2万分先生鲍勃·佩蒂特在路易斯安那州家中去世，享年93岁。他曾带领圣路易斯老鹰队夺得队史唯一总冠军，11个赛季均入选全明星，1971年入选名人堂。,3326434,https://www.baidu.com/s?wd=NBA%E4%BC%A0%E5%A5%87%E7%90%83%E6%98%9F%E9%B2%8D%E5%8B%83%C2%B7%E4%BD%A9%E8%92%82%E7%89%B9%E5%8E%BB%E4%B8%96&sa=fyb_news&rsv_dl=fyb_news,https://fyb-2.cdn.bcebos.com/hotboard_image/99b8402c5d7a43b2aaef017a80d71c73,百度热搜,实时热搜,realtime,hotlist,,2026-09-25 13:22:57
50,丁宁为孙颖莎戴上金牌,北京时间9月24日，名古屋亚运会乒乓球女团决赛，中国队获得金牌。丁宁为国乒女团佩戴亚运金牌时全场沸腾，两代国乒人同框，赛场传承具象化了！,3200540,https://www.baidu.com/s?wd=%E4%B8%81%E5%AE%81%E4%B8%BA%E5%AD%99%E9%A2%96%E8%8E%8E%E6%88%B4%E4%B8%8A%E9%87%91%E7%89%8C&sa=fyb_news&rsv_dl=fyb_news,https://fyb-2.cdn.bcebos.com/hotboard_image/c63004a6bd727331cc37a1bcb015a1a5,百度热搜,实时热搜,realtime,hotlist,,2026-09-25 13:22:57
1,习近平和彭丽媛出席欢迎宴会,,7904304,https://www.baidu.com/s?wd=%E4%B9%A0%E8%BF%91%E5%B9%B3%E5%92%8C%E5%BD%AD%E4%B8%BD%E5%AA%9B%E5%87%BA%E5%B8%AD%E6%AC%A2%E8%BF%8E%E5%AE%B4%E4%BC%9A&sa=fyb_news&rsv_dl=fyb_news,https://fyb-1.cdn.bcebos.com/fyb/de6163834f53ca92c1273fff98ac9078.jpeg,百度热搜,实时热搜,realtime,hotlist,,2026-09-25 14:38:12
2,习近平在欢迎宴会上的祝酒辞,当地时间9月24日，国家主席习近平在华盛顿出席美国总统举行的欢迎宴会并致祝酒辞。习近平表示，当天双方坦诚深入交流，达成很多新共识，为中美关系提供新的战略指引。此前，今年5月美国总统访华，两国元首同意构建中美建设性战略稳定关系，习近平此次系应约访美。,7808563,https://www.baidu.com/s?wd=%E4%B9%A0%E8%BF%91%E5%B9%B3%E5%9C%A8%E6%AC%A2%E8%BF%8E%E5%AE%B4%E4%BC%9A%E4%B8%8A%E7%9A%84%E7%A5%9D%E9%85%92%E8%BE%9E&sa=fyb_news&rsv_dl=fyb_news,https://fyb-2.cdn.bcebos.com/hotboard_image/9bd71efc9b756970f06465ba785e4018,百度热搜,实时热搜,realtime,hotlist,,2026-09-25 14:38:12
3,白宫墙上悬挂中美元首握手照片,白宫一楼的墙上，悬挂着特朗普总统访华时，习近平主席同他握手的照片。,7714698,https://www.baidu.com/s?wd=%E7%99%BD%E5%AE%AB%E5%A2%99%E4%B8%8A%E6%82%AC%E6%8C%82%E4%B8%AD%E7%BE%8E%E5%85%83%E9%A6%96%E6%8F%A1%E6%89%8B%E7%85%A7%E7%89%87&sa=fyb_news&rsv_dl=fyb_news,https://fyb-2.cdn.bcebos.com/hotboard_image/c8484cfdae958d151c32876a803b19b7,百度热搜,实时热搜,realtime,hotlist,,2026-09-25 14:38:12
4,跟着古诗追月亮,中秋的源头在哪里？月亮上住着谁？古人怎么过节、吃什么、玩什么？翻开一本古诗集，月亮从字里行间升起。让我们跟着古诗追月亮，一起寻找文物里的中秋。,7617110,https://www.baidu.com/s?wd=%E8%B7%9F%E7%9D%80%E5%8F%A4%E8%AF%97%E8%BF%BD%E6%9C%88%E4%BA%AE&sa=fyb_news&rsv_dl=fyb_news,https://fyb-2.cdn.bcebos.com/hotboard_image/9dc9678e0f93800d8567c32625618e30,百度热搜,实时热搜,realtime,hotlist,,2026-09-25 14:38:12
5,特朗普听到大熊猫将落户美国笑了,大熊猫是中美两国人民友谊的使者。在白宫欢迎仪式上，当习近平主席宣布大熊猫“平平”、“福双”将同美国人民见面时，特朗普总统笑着点头致意。,7522137,https://www.baidu.com/s?wd=%E7%89%B9%E6%9C%97%E6%99%AE%E5%90%AC%E5%88%B0%E5%A4%A7%E7%86%8A%E7%8C%AB%E5%B0%86%E8%90%BD%E6%88%B7%E7%BE%8E%E5%9B%BD%E7%AC%91%E4%BA%86&sa=fyb_news&rsv_dl=fyb_news,https://fyb-2.cdn.bcebos.com/hotboard_image/22129e4a84b59e54cd3ca484ab9831e8,百度热搜,实时热搜,realtime,hotlist,,2026-09-25 14:38:12
6,张雪带近200名员工飞意大利秋游,9月24日晚，张雪及多位张雪机车员工在社交媒体上发视频，称张雪带队近200人团队包机飞意大利秋游，或将亲临WSBK世界超级摩托车锦标赛意大利分战现场。,7425114,https://www.baidu.com/s?wd=%E5%BC%A0%E9%9B%AA%E5%B8%A6%E8%BF%91200%E5%90%8D%E5%91%98%E5%B7%A5%E9%A3%9E%E6%84%8F%E5%A4%A7%E5%88%A9%E7%A7%8B%E6%B8%B8&sa=fyb_news&rsv_dl=fyb_news,https://fyb-2.cdn.bcebos.com/hotboard_image/eb4e064f683fd9d3431c970fd5adccff,百度热搜,实时热搜,realtime,hotlist,,2026-09-25 14:38:12
7,王楚钦晋级亚运男单16强,9月25日，2026名古屋亚运会男单1/16决赛，王楚钦4-2战胜提塔帕·普里查扬，晋级16强。比分：3-11，11-6，11-4，8-11，11-2，11-5。,7332447,https://www.baidu.com/s?wd=%E7%8E%8B%E6%A5%9A%E9%92%A6%E6%99%8B%E7%BA%A7%E4%BA%9A%E8%BF%90%E7%94%B7%E5%8D%9516%E5%BC%BA&sa=fyb_news&rsv_dl=fyb_news,https://fyb-2.cdn.bcebos.com/hotboard_image/4c072341f85c1e175278d073a5d4cf6a,百度热搜,实时热搜,realtime,hotlist,,2026-09-25 14:38:12
8,高铁站安检仪扫到好多“小圆球”,中秋前夕，云南宣威站安检仪频现宣威火腿月饼。起因是该非遗火腿月饼备受旅客青睐，许多人打包乘车带回家。为此，宣威站不仅在安检区配备胶带等工具方便打包，还通过加开列车等方式增加运能保障出行。,7233219,https://www.baidu.com/s?wd=%E9%AB%98%E9%93%81%E7%AB%99%E5%AE%89%E6%A3%80%E4%BB%AA%E6%89%AB%E5%88%B0%E5%A5%BD%E5%A4%9A%E2%80%9C%E5%B0%8F%E5%9C%86%E7%90%83%E2%80%9D&sa=fyb_news&rsv_dl=fyb_news,https://fyb-2.cdn.bcebos.com/hotboard_image/894bfb531f6c5a1dd0e4dcfb8333bdbb,百度热搜,实时热搜,realtime,hotlist,,2026-09-25 14:38:12
9,第一批喝泰奶的“受害者”出现了,近期泰式奶茶（泰奶）爆火，但已有部分人喝后出现心悸、头晕、失眠等不适。科普解读指出，泰奶因茶粉颗粒细小、萃取充分，咖啡因含量高于普通奶茶甚至接近美式。,7137415,https://www.baidu.com/s?wd=%E7%AC%AC%E4%B8%80%E6%89%B9%E5%96%9D%E6%B3%B0%E5%A5%B6%E7%9A%84%E2%80%9C%E5%8F%97%E5%AE%B3%E8%80%85%E2%80%9D%E5%87%BA%E7%8E%B0%E4%BA%86&sa=fyb_news&rsv_dl=fyb_news,https://fyb-2.cdn.bcebos.com/hotboard_image/b7cd56b3329a5b8181de4e0c1e202cf0,百度热搜,实时热搜,realtime,hotlist,,2026-09-25 14:38:12
10,世界技能大赛 为了更好的未来,9月24日，第48届世界技能大赛进入第二天。当“照护、木工、口腔修复”这些与生活息息相关的技能出现在世界技能大赛的赛场，同场竞技的选手们比的究竟是什么？这些手工技艺如何改变我们的未来生活？总台评论员白岩松为您带来观察分析。,7042101,https://www.baidu.com/s?wd=%E4%B8%96%E7%95%8C%E6%8A%80%E8%83%BD%E5%A4%A7%E8%B5%9B+%E4%B8%BA%E4%BA%86%E6%9B%B4%E5%A5%BD%E7%9A%84%E6%9C%AA%E6%9D%A5&sa=fyb_news&rsv_dl=fyb_news,https://fyb-2.cdn.bcebos.com/hotboard_image/5a702a3ed833d9d23bc61b5f9c296175,百度热搜,实时热搜,realtime,hotlist,,2026-09-25 14:38:12
11,中美元首夫人听两国儿童唱《茉莉花》,近日，中国外交部发言人毛宁在社交媒体上分享画面，中美元首夫人欣赏了由中美两国儿童演唱的中国民歌《茉莉花》。彭丽媛笑着跟唱，并为孩子们鼓掌！,6948242,https://www.baidu.com/s?wd=%E4%B8%AD%E7%BE%8E%E5%85%83%E9%A6%96%E5%A4%AB%E4%BA%BA%E5%90%AC%E4%B8%A4%E5%9B%BD%E5%84%BF%E7%AB%A5%E5%94%B1%E3%80%8A%E8%8C%89%E8%8E%89%E8%8A%B1%E3%80%8B&sa=fyb_news&rsv_dl=fyb_news,https://fyb-2.cdn.bcebos.com/hotboard_image/3740d46ccd5b171734f04e6f411e2a6f,百度热搜,实时热搜,realtime,hotlist,,2026-09-25 14:38:12
12,陌生快递寄来礼品卡？误区要注意,中秋、国庆双节将至，不少人收到了一份“从天而降”的快递——自己明明没有网购，却收到一个装着湿巾等小物件外加一张“双节礼品卡”的包裹。不花一分钱扫个码就能领取年货大礼包？千万别信！此类事存在着两大认知误区，一文解读！,6849852,https://www.baidu.com/s?wd=%E9%99%8C%E7%94%9F%E5%BF%AB%E9%80%92%E5%AF%84%E6%9D%A5%E7%A4%BC%E5%93%81%E5%8D%A1%EF%BC%9F%E8%AF%AF%E5%8C%BA%E8%A6%81%E6%B3%A8%E6%84%8F&sa=fyb_news&rsv_dl=fyb_news,https://fyb-2.cdn.bcebos.com/hotboard_image/8ac4e32ba1b3f8270fb0b505025c307e,百度热搜,实时热搜,realtime,hotlist,,2026-09-25 14:38:12
13,孙颖莎王楚钦零封张本美和松岛辉空,,6757105,https://www.baidu.com/s?wd=%E5%AD%99%E9%A2%96%E8%8E%8E%E7%8E%8B%E6%A5%9A%E9%92%A6%E9%9B%B6%E5%B0%81%E5%BC%A0%E6%9C%AC%E7%BE%8E%E5%92%8C%E6%9D%BE%E5%B2%9B%E8%BE%89%E7%A9%BA&sa=fyb_news&rsv_dl=fyb_news,https://fyb-1.cdn.bcebos.com/fyb/de6163834f53ca92c1273fff98ac9078.jpeg,百度热搜,实时热搜,realtime,hotlist,,2026-09-25 14:38:12
14,一块月饼等于几碗饭,中秋佳节，专家提示100克月饼热量相当于4碗米饭。因月饼具有高热量、高脂肪、高糖分的特点，糖尿病、高血压及高血脂、胃肠疾病患者与儿童需严格控制食用量。,6658393,https://www.baidu.com/s?wd=%E4%B8%80%E5%9D%97%E6%9C%88%E9%A5%BC%E7%AD%89%E4%BA%8E%E5%87%A0%E7%A2%97%E9%A5%AD&sa=fyb_news&rsv_dl=fyb_news,https://fyb-2.cdn.bcebos.com/hotboard_image/e20a2c7ec864cb9f53ccac7fd361ca8c,百度热搜,实时热搜,realtime,hotlist,,2026-09-25 14:38:12
15,“干饭哥”亚运已拿4金,9月25日，名古屋亚运会男子50米步枪三姿团体决赛，由盛李豪 、张常鸿、刘宇坤组成的中国队夺得金牌。这是盛李豪本届亚运会上获得的第四枚金牌。,6568884,https://www.baidu.com/s?wd=%E2%80%9C%E5%B9%B2%E9%A5%AD%E5%93%A5%E2%80%9D%E4%BA%9A%E8%BF%90%E5%B7%B2%E6%8B%BF4%E9%87%91&sa=fyb_news&rsv_dl=fyb_news,https://fyb-2.cdn.bcebos.com/hotboard_image/4f18d2672eb7540d01a2682ff2e511bb,百度热搜,实时热搜,realtime,hotlist,,2026-09-25 14:38:12
16,白宫响起“月亮代表我的心”,当地时间9月24日，国家主席习近平和夫人彭丽媛将在白宫出席美国总统特朗普和夫人梅拉尼娅举行的欢迎宴会。白宫响起“月亮代表我的心”。,6473861,https://www.baidu.com/s?wd=%E7%99%BD%E5%AE%AB%E5%93%8D%E8%B5%B7%E2%80%9C%E6%9C%88%E4%BA%AE%E4%BB%A3%E8%A1%A8%E6%88%91%E7%9A%84%E5%BF%83%E2%80%9D&sa=fyb_news&rsv_dl=fyb_news,https://fyb-2.cdn.bcebos.com/hotboard_image/9c5a02e5a1afeb7a89c9e102f0b35337,百度热搜,实时热搜,realtime,hotlist,,2026-09-25 14:38:12
17,微信警告这些头像昵称会被封号,为进一步整治账号名称信息乱象，微信倡导创作者主动规范账号注册和认证行为，对于名称冒充、身份伪装、夹带违规信息、名称信息黑灰产等问题，平台在前期假冒仿冒账号治理工作基础上，将进一步从严处置相关违规账号和内容。,6375837,https://www.baidu.com/s?wd=%E5%BE%AE%E4%BF%A1%E8%AD%A6%E5%91%8A%E8%BF%99%E4%BA%9B%E5%A4%B4%E5%83%8F%E6%98%B5%E7%A7%B0%E4%BC%9A%E8%A2%AB%E5%B0%81%E5%8F%B7&sa=fyb_news&rsv_dl=fyb_news,https://fyb-2.cdn.bcebos.com/hotboard_image/4523221b6811420e6a3d527841d1878e,百度热搜,实时热搜,realtime,hotlist,,2026-09-25 14:38:12
18,白宫欢迎宴会现场画面,当地时间9月24日晚，国家主席习近平和夫人彭丽媛出席美国总统特朗普和夫人梅拉尼娅在白宫举行的欢迎宴会。,6287352,https://www.baidu.com/s?wd=%E7%99%BD%E5%AE%AB%E6%AC%A2%E8%BF%8E%E5%AE%B4%E4%BC%9A%E7%8E%B0%E5%9C%BA%E7%94%BB%E9%9D%A2&sa=fyb_news&rsv_dl=fyb_news,https://fyb-2.cdn.bcebos.com/hotboard_image/e6a9ef089f9ec6a2efbb79160f26007e,百度热搜,实时热搜,realtime,hotlist,,2026-09-25 14:38:12
19,央视中秋晚会节目单,人道秋中明月好，欲邀同赏意如何？9月25日，《中央广播电视总台2026年中秋晚会》节目单发布。,6175446,https://www.baidu.com/s?wd=%E5%A4%AE%E8%A7%86%E4%B8%AD%E7%A7%8B%E6%99%9A%E4%BC%9A%E8%8A%82%E7%9B%AE%E5%8D%95&sa=fyb_news&rsv_dl=fyb_news,https://fyb-2.cdn.bcebos.com/hotboard_image/fd1df43d770603f1fb0c01a708268739,百度热搜,实时热搜,realtime,hotlist,,2026-09-25 14:38:12
20,马斯克黄仁勋等出席白宫欢迎宴会,当地时间9月24日晚，国家主席习近平和夫人彭丽媛在白宫出席美国总统特朗普和夫人梅拉尼娅举行的欢迎宴会。马斯克、黄仁勋、苏世民、奥尔特曼等出席白宫欢迎宴会。,6082050,https://www.baidu.com/s?wd=%E9%A9%AC%E6%96%AF%E5%85%8B%E9%BB%84%E4%BB%81%E5%8B%8B%E7%AD%89%E5%87%BA%E5%B8%AD%E7%99%BD%E5%AE%AB%E6%AC%A2%E8%BF%8E%E5%AE%B4%E4%BC%9A&sa=fyb_news&rsv_dl=fyb_news,https://fyb-2.cdn.bcebos.com/hotboard_image/11c149002c2df8d234315b12f1bc5896,百度热搜,实时热搜,realtime,hotlist,,2026-09-25 14:38:12
21,白宫公布国宴菜单与装饰,当地时间9月24日晚，国家主席习近平和夫人彭丽媛乘车抵达白宫，出席美国总统特朗普和夫人梅拉尼娅举行的欢迎宴会。美国第一夫人办公室当天公布了晚宴菜单和现场布置等细节。白宫将此次菜单概括为：以美国食材为主，同时融入中国元素，希望将两国饮食传统结合起来。,5987001,https://www.baidu.com/s?wd=%E7%99%BD%E5%AE%AB%E5%85%AC%E5%B8%83%E5%9B%BD%E5%AE%B4%E8%8F%9C%E5%8D%95%E4%B8%8E%E8%A3%85%E9%A5%B0&sa=fyb_news&rsv_dl=fyb_news,https://fyb-2.cdn.bcebos.com/hotboard_image/8c4e39c93cdc44593572b7b55db75b93,百度热搜,实时热搜,realtime,hotlist,,2026-09-25 14:38:12
22,因超35岁被买一送一卖到电诈园区,近日，四川绵竹38岁男子刘修洪自述称，此前赴泰国收货款时遭绑架，因年龄超35岁不好售卖，被当作赠品贩卖至缅甸电诈园区。在园区内，他靠中医知识为被打伤的同伴处理伤口，并为老板看咳嗽，成功免遭毒打，每天有两顿饭吃，不用挨电棍。,5905767,https://www.baidu.com/s?wd=%E5%9B%A0%E8%B6%8535%E5%B2%81%E8%A2%AB%E4%B9%B0%E4%B8%80%E9%80%81%E4%B8%80%E5%8D%96%E5%88%B0%E7%94%B5%E8%AF%88%E5%9B%AD%E5%8C%BA&sa=fyb_news&rsv_dl=fyb_news,https://fyb-2.cdn.bcebos.com/hotboard_image/aa8d4a909b85e4fed88d1b3ba54ed55a,百度热搜,实时热搜,realtime,hotlist,,2026-09-25 14:38:12
23,中秋假期西湖再现“最美人墙”,9月24日晚，杭州西湖边再现“最美人墙”，志愿者组成人墙疏导人流。中秋假期首日，景区分流隔离设施已就位，当地还推出中秋限定“月亮船”赏月活动，为游客增添节日氛围。,5790850,https://www.baidu.com/s?wd=%E4%B8%AD%E7%A7%8B%E5%81%87%E6%9C%9F%E8%A5%BF%E6%B9%96%E5%86%8D%E7%8E%B0%E2%80%9C%E6%9C%80%E7%BE%8E%E4%BA%BA%E5%A2%99%E2%80%9D&sa=fyb_news&rsv_dl=fyb_news,https://fyb-2.cdn.bcebos.com/hotboard_image/4c4b596f5225754e58a03e55a593c7b3,百度热搜,实时热搜,realtime,hotlist,,2026-09-25 14:38:12
24,美企挤破头想参加欢迎宴会,当地时间9月24日晚，国家主席习近平和夫人彭丽媛在白宫出席美国总统特朗普和夫人梅拉尼娅举行的欢迎宴会。知情人士透露，欢迎宴会的席位远少于想出席的美国CEO人数，每个行业的CEO都希望到场。,5697057,https://www.baidu.com/s?wd=%E7%BE%8E%E4%BC%81%E6%8C%A4%E7%A0%B4%E5%A4%B4%E6%83%B3%E5%8F%82%E5%8A%A0%E6%AC%A2%E8%BF%8E%E5%AE%B4%E4%BC%9A&sa=fyb_news&rsv_dl=fyb_news,https://fyb-2.cdn.bcebos.com/hotboard_image/bde5a8b91130ddd6077e1fd9decdec02,百度热搜,实时热搜,realtime,hotlist,,2026-09-25 14:38:12
25,这块1400年前的月饼至今不知是啥馅,近日，一块距今约1400年的唐代月饼引发关注。1972年该月饼在新疆吐鲁番阿斯塔那古墓出土，是目前考古发现中国唯一的唐代月饼式食物实物。因文物珍贵不能破坏性取样，其馅料至今成谜，研究人员推测可能含枣、核桃或葡萄等果仁。,5613737,https://www.baidu.com/s?wd=%E8%BF%99%E5%9D%971400%E5%B9%B4%E5%89%8D%E7%9A%84%E6%9C%88%E9%A5%BC%E8%87%B3%E4%BB%8A%E4%B8%8D%E7%9F%A5%E6%98%AF%E5%95%A5%E9%A6%85&sa=fyb_news&rsv_dl=fyb_news,https://fyb-2.cdn.bcebos.com/hotboard_image/72ccb6986331115c6b0f0bd78a30d353,百度热搜,实时热搜,realtime,hotlist,,2026-09-25 14:38:12
26,美方拿出“顶配”机型迎接中方元首,9月23日，习近平主席乘专机抵美进行国事访问，美方以最高礼遇迎接：B-2轰炸机、F-22战机飞越白宫致敬，接机环节还出动B-1B轰炸机。,5515083,https://www.baidu.com/s?wd=%E7%BE%8E%E6%96%B9%E6%8B%BF%E5%87%BA%E2%80%9C%E9%A1%B6%E9%85%8D%E2%80%9D%E6%9C%BA%E5%9E%8B%E8%BF%8E%E6%8E%A5%E4%B8%AD%E6%96%B9%E5%85%83%E9%A6%96&sa=fyb_news&rsv_dl=fyb_news,https://fyb-2.cdn.bcebos.com/hotboard_image/3262080e220ebcb18df5c0f88da1c189,百度热搜,实时热搜,realtime,hotlist,,2026-09-25 14:38:12
27,演员李治廷官宣当爸,9月25日，演员李治廷发文宣布当爸：“新添一员，阖家圆满”，并晒出托着孩子小手与月饼的照片。此前，2023年3月14日，李治廷出席活动时手戴婚戒自曝已婚数月，称太太是圈外人，比自己小5岁多，因对方不习惯未公开样貌。,5425045,https://www.baidu.com/s?wd=%E6%BC%94%E5%91%98%E6%9D%8E%E6%B2%BB%E5%BB%B7%E5%AE%98%E5%AE%A3%E5%BD%93%E7%88%B8&sa=fyb_news&rsv_dl=fyb_news,https://fyb-2.cdn.bcebos.com/hotboard_image/a60e5f00856a8442a31892db91d5ea1a,百度热搜,实时热搜,realtime,hotlist,,2026-09-25 14:38:12
28,家长带孩子四处求医 病因就在家里,近日，山东一家长发视频称孩子过敏、咳嗽老不好，3年里四处求医，症状不但没好转，反而越来越严重。无意间拆开衣柜后傻眼：板材长满霉菌，家里竟是“毒窝”。,5335662,https://www.baidu.com/s?wd=%E5%AE%B6%E9%95%BF%E5%B8%A6%E5%AD%A9%E5%AD%90%E5%9B%9B%E5%A4%84%E6%B1%82%E5%8C%BB+%E7%97%85%E5%9B%A0%E5%B0%B1%E5%9C%A8%E5%AE%B6%E9%87%8C&sa=fyb_news&rsv_dl=fyb_news,https://fyb-2.cdn.bcebos.com/hotboard_image/76763014bca17d260fb3535ac6770faf,百度热搜,实时热搜,realtime,hotlist,,2026-09-25 14:38:12
29,许嵩婚后首秀 全场齐喊新婚快乐,9月24日，许嵩在天津演唱会上迎来婚后首秀，全场歌迷齐声高喊“新婚快乐”。面对祝福，许嵩笑意温柔回应：“谢谢，我接收到了。”此前，9月19日许嵩刚与冯禧官宣结婚，称人生故事翻开新篇章。,5236310,https://www.baidu.com/s?wd=%E8%AE%B8%E5%B5%A9%E5%A9%9A%E5%90%8E%E9%A6%96%E7%A7%80+%E5%85%A8%E5%9C%BA%E9%BD%90%E5%96%8A%E6%96%B0%E5%A9%9A%E5%BF%AB%E4%B9%90&sa=fyb_news&rsv_dl=fyb_news,https://fyb-2.cdn.bcebos.com/hotboard_image/ff059e8250fd206298232316850214fa,百度热搜,实时热搜,realtime,hotlist,,2026-09-25 14:38:12
30,酒店推369元自助早餐月卡 有70种菜,9月24日，记者探访获悉，武汉市东西湖区武汉临空港会展酒店近日推出369元自助早餐月卡，每天成本约12元可任选70余种餐品。,5126898,https://www.baidu.com/s?wd=%E9%85%92%E5%BA%97%E6%8E%A8369%E5%85%83%E8%87%AA%E5%8A%A9%E6%97%A9%E9%A4%90%E6%9C%88%E5%8D%A1+%E6%9C%8970%E7%A7%8D%E8%8F%9C&sa=fyb_news&rsv_dl=fyb_news,https://fyb-2.cdn.bcebos.com/hotboard_image/6d31f96475347a5725aac484a9f77bd0,百度热搜,实时热搜,realtime,hotlist,,2026-09-25 14:38:12
31,孙颖莎把松岛辉空打得太难受了,9月25日，名古屋亚运会混双1/4决赛，国乒组合王楚钦、孙颖莎3比0战胜松岛辉空、张本美和晋级四强，解说赞其“专打对手软肋”。,5048422,https://www.baidu.com/s?wd=%E5%AD%99%E9%A2%96%E8%8E%8E%E6%8A%8A%E6%9D%BE%E5%B2%9B%E8%BE%89%E7%A9%BA%E6%89%93%E5%BE%97%E5%A4%AA%E9%9A%BE%E5%8F%97%E4%BA%86&sa=fyb_news&rsv_dl=fyb_news,https://fyb-2.cdn.bcebos.com/hotboard_image/bdb160403e6b966e81f22ee10d40904e,百度热搜,实时热搜,realtime,hotlist,,2026-09-25 14:38:12
32,离异女护士倒在工作岗位留下8岁儿子,近日，贵州省遵义市人社局决定，对贵州茅台医院护士陈佳佳不予认定工伤。此前，30岁的陈佳佳在工作岗位突发脑出血，抢救10天后于8月13日被判定脑死亡离世，留下一名8岁儿子。人社局认为其抢救时长不符合相关规定。,4940469,https://www.baidu.com/s?wd=%E7%A6%BB%E5%BC%82%E5%A5%B3%E6%8A%A4%E5%A3%AB%E5%80%92%E5%9C%A8%E5%B7%A5%E4%BD%9C%E5%B2%97%E4%BD%8D%E7%95%99%E4%B8%8B8%E5%B2%81%E5%84%BF%E5%AD%90&sa=fyb_news&rsv_dl=fyb_news,https://fyb-2.cdn.bcebos.com/hotboard_image/f0ea9e4065c5571ce68777d313c75eab,百度热搜,实时热搜,realtime,hotlist,,2026-09-25 14:38:12
33,月饼这么吃更健康,中秋将至，月饼高糖高油，健康吃法有讲究：宜选上午或午后食用、每次半块以内，避免空腹和睡前吃，搭配淡茶更佳，糖友等特殊人群需减量。,4858727,https://www.baidu.com/s?wd=%E6%9C%88%E9%A5%BC%E8%BF%99%E4%B9%88%E5%90%83%E6%9B%B4%E5%81%A5%E5%BA%B7&sa=fyb_news&rsv_dl=fyb_news,https://fyb-2.cdn.bcebos.com/hotboard_image/43de290983cd604670e46430275edabb,百度热搜,实时热搜,realtime,hotlist,,2026-09-25 14:38:12
34,超长的风吹进了月饼界,超长的风吹进了月饼界，超长蛋挞成为中秋顶流。网红食物进入“超长时代”，60cm超长长长蛋挞爆火的背后，靠的是给了你一个分享的理由。,4760079,https://www.baidu.com/s?wd=%E8%B6%85%E9%95%BF%E7%9A%84%E9%A3%8E%E5%90%B9%E8%BF%9B%E4%BA%86%E6%9C%88%E9%A5%BC%E7%95%8C&sa=fyb_news&rsv_dl=fyb_news,https://fyb-2.cdn.bcebos.com/hotboard_image/82c1b6f92f8f611150f2b2cd4a7e5e97,百度热搜,实时热搜,realtime,hotlist,,2026-09-25 14:38:12
35,特斯拉 尾款减5000,9月25日，特斯拉发文宣布：2026年10月31日（含）前下单，Model 3全系限时尾款立减5000元，Model Y部分车型限时尾款立减7000元，此外还有5年0息及Model 3部分车型8000元保险补贴等活动。,4653683,https://www.baidu.com/s?wd=%E7%89%B9%E6%96%AF%E6%8B%89+%E5%B0%BE%E6%AC%BE%E5%87%8F5000&sa=fyb_news&rsv_dl=fyb_news,https://fyb-2.cdn.bcebos.com/hotboard_image/b8697b9587f5818305ea2b69af150fdd,百度热搜,实时热搜,realtime,hotlist,,2026-09-25 14:38:12
36,防艾人士：有人坦承感染后获谅解结婚,9月23日，重庆表决通过《重庆市艾滋病防治条例》，明确感染者须告知伴侣，未告知的医疗机构有权代为告知，于2026年12月1日施行。此前，广西、云南、广东等地已有同类立法。防艾人士称曾有感染者告知伴侣后获谅解结婚。,4568799,https://www.baidu.com/s?wd=%E9%98%B2%E8%89%BE%E4%BA%BA%E5%A3%AB%EF%BC%9A%E6%9C%89%E4%BA%BA%E5%9D%A6%E6%89%BF%E6%84%9F%E6%9F%93%E5%90%8E%E8%8E%B7%E8%B0%85%E8%A7%A3%E7%BB%93%E5%A9%9A&sa=fyb_news&rsv_dl=fyb_news,https://fyb-2.cdn.bcebos.com/hotboard_image/cfb54eb7e30ea4fd38ac267387713b9e,百度热搜,实时热搜,realtime,hotlist,,2026-09-25 14:38:12
37,陈龙遗憾错过见游本昌最后一面,9月24日凌晨，游本昌在北京逝世，享年93岁。演员陈龙称，此前自己本想看望游本昌老师，但因为一些事情错过，遗憾没能见到最后一面。,4468573,https://www.baidu.com/s?wd=%E9%99%88%E9%BE%99%E9%81%97%E6%86%BE%E9%94%99%E8%BF%87%E8%A7%81%E6%B8%B8%E6%9C%AC%E6%98%8C%E6%9C%80%E5%90%8E%E4%B8%80%E9%9D%A2&sa=fyb_news&rsv_dl=fyb_news,https://fyb-2.cdn.bcebos.com/hotboard_image/36c93487639dcddd151a4a460d4769b0,百度热搜,实时热搜,realtime,hotlist,,2026-09-25 14:38:12
38,新华社评国乒男团无缘亚运九连冠,24日，国乒男团以2:3负于东道主日本队，无缘亚运会男团九连冠。决赛失利，再次暴露出中国男乒当下过度依赖王楚钦、阵容深度不足等问题短板。,4378196,https://www.baidu.com/s?wd=%E6%96%B0%E5%8D%8E%E7%A4%BE%E8%AF%84%E5%9B%BD%E4%B9%92%E7%94%B7%E5%9B%A2%E6%97%A0%E7%BC%98%E4%BA%9A%E8%BF%90%E4%B9%9D%E8%BF%9E%E5%86%A0&sa=fyb_news&rsv_dl=fyb_news,https://fyb-2.cdn.bcebos.com/hotboard_image/5db77ac8d7c2d4a8d23e0af943082440,百度热搜,实时热搜,realtime,hotlist,,2026-09-25 14:38:12
39,4.5米长虫从男子体内排出,近日，武汉市金银潭医院接诊患者小金。小金因长期食用生鱼片感染阔节裂头绦虫，经驱虫治疗后排出一条4.5米长成虫。此前，小金如厕时发现一米多长虫节就诊，医生追溯得知其有生食习惯。目前小金已顺利出院，医生提醒需警惕来源不明的生食或未熟淡水鱼。,4261203,https://www.baidu.com/s?wd=4.5%E7%B1%B3%E9%95%BF%E8%99%AB%E4%BB%8E%E7%94%B7%E5%AD%90%E4%BD%93%E5%86%85%E6%8E%92%E5%87%BA&sa=fyb_news&rsv_dl=fyb_news,https://fyb-2.cdn.bcebos.com/hotboard_image/c83bb759ff0d4610ded58fbb73889a4a,百度热搜,实时热搜,realtime,hotlist,,2026-09-25 14:38:12
40,“中国天眼”发现脉冲星超1300颗,9月25日，“中国天眼”FAST迎来落成十周年。截至目前，FAST累计发现脉冲星超1300颗，超过同一时期国际其他望远镜发现总和，并在快速射电暴等领域取得多项成果。,4184550,https://www.baidu.com/s?wd=%E2%80%9C%E4%B8%AD%E5%9B%BD%E5%A4%A9%E7%9C%BC%E2%80%9D%E5%8F%91%E7%8E%B0%E8%84%89%E5%86%B2%E6%98%9F%E8%B6%851300%E9%A2%97&sa=fyb_news&rsv_dl=fyb_news,https://fyb-2.cdn.bcebos.com/hotboard_image/ddf99dfdcbc2705bc8e7025e13363cd5,百度热搜,实时热搜,realtime,hotlist,,2026-09-25 14:38:12
41,女子手机掉落报警一查是嫌疑狗,近日，浙江嘉兴赵女士骑车出门时手机滑落遗失，报警后民警调取公共视频排查，发现捡走手机的竟是一只小狗。赵女士认出该小狗，很快在角落找回手机。,4079616,https://www.baidu.com/s?wd=%E5%A5%B3%E5%AD%90%E6%89%8B%E6%9C%BA%E6%8E%89%E8%90%BD%E6%8A%A5%E8%AD%A6%E4%B8%80%E6%9F%A5%E6%98%AF%E5%AB%8C%E7%96%91%E7%8B%97&sa=fyb_news&rsv_dl=fyb_news,https://fyb-2.cdn.bcebos.com/hotboard_image/8f4a24cd910be640f7e9520ec72c51c8,百度热搜,实时热搜,realtime,hotlist,,2026-09-25 14:38:12
42,女子反复咳血3年竟因淋了“细菌雨”,近日，李女士确诊鸟分歧杆菌引起的肺病，反复咳嗽咳血已3年。医生介绍，其淋浴花洒10多年未更换，内部潮湿环境滋生大量细菌，洗澡时细菌随水雾被吸入肺部导致感染。专家建议每三个月清洗一次花洒。,4002856,https://www.baidu.com/s?wd=%E5%A5%B3%E5%AD%90%E5%8F%8D%E5%A4%8D%E5%92%B3%E8%A1%803%E5%B9%B4%E7%AB%9F%E5%9B%A0%E6%B7%8B%E4%BA%86%E2%80%9C%E7%BB%86%E8%8F%8C%E9%9B%A8%E2%80%9D&sa=fyb_news&rsv_dl=fyb_news,https://fyb-2.cdn.bcebos.com/hotboard_image/cada5c2e8784eb60fb4eef1b82a7bfeb,百度热搜,实时热搜,realtime,hotlist,,2026-09-25 14:38:12
43,特朗普在欢迎宴会上发表致辞,当地时间9月24日晚，国家主席习近平和夫人彭丽媛在白宫出席美国总统特朗普和夫人梅拉尼娅举行的欢迎宴会。特朗普总统发表致辞。,3906892,https://www.baidu.com/s?wd=%E7%89%B9%E6%9C%97%E6%99%AE%E5%9C%A8%E6%AC%A2%E8%BF%8E%E5%AE%B4%E4%BC%9A%E4%B8%8A%E5%8F%91%E8%A1%A8%E8%87%B4%E8%BE%9E&sa=fyb_news&rsv_dl=fyb_news,https://fyb-2.cdn.bcebos.com/hotboard_image/7079819e3a20186c6f9b93ec3e116965,百度热搜,实时热搜,realtime,hotlist,,2026-09-25 14:38:12
44,李嘉明还1万元游本昌直接捐了,近日，演员李嘉明哽咽追忆游本昌，称其像父亲般关心自己。此前他在北漂低谷期遇父亲生病无钱医治，游本昌第一时间拿出1万元现金且无需归还。李嘉明称：“后来我还了钱，游老师直接把钱捐了。”,3796307,https://www.baidu.com/s?wd=%E6%9D%8E%E5%98%89%E6%98%8E%E8%BF%981%E4%B8%87%E5%85%83%E6%B8%B8%E6%9C%AC%E6%98%8C%E7%9B%B4%E6%8E%A5%E6%8D%90%E4%BA%86&sa=fyb_news&rsv_dl=fyb_news,https://fyb-2.cdn.bcebos.com/hotboard_image/d3704afee97c947dc82259f2ab42d666,百度热搜,实时热搜,realtime,hotlist,,2026-09-25 14:38:12
45,平均月薪16149元 这类人才紧缺,今年1到8月，无人机工程师招聘职位数同比上涨26%，平均招聘月薪为16149元，无人机群飞行规划员岗位规模近五年增近8倍。产业急需懂装配、会编程的复合型人才。,3699330,https://www.baidu.com/s?wd=%E5%B9%B3%E5%9D%87%E6%9C%88%E8%96%AA16149%E5%85%83+%E8%BF%99%E7%B1%BB%E4%BA%BA%E6%89%8D%E7%B4%A7%E7%BC%BA&sa=fyb_news&rsv_dl=fyb_news,https://fyb-2.cdn.bcebos.com/hotboard_image/339bf668de76a280afe012baa9c25416,百度热搜,实时热搜,realtime,hotlist,,2026-09-25 14:38:12
46,林肯号航母发生8起未遂自杀事件,当地时间9月23日，美国海军部代理部长曹洪在回复纽约州民主党参议员克尔斯滕·吉利布兰德质询的信中，首次正式承认，“林肯”号航母打击群在此次200多天的超长服役期间，内部共发生8起自杀未遂，涉及“林肯”号本舰、舰载机联队、护航驱逐舰及其他随舰人员。,3594747,https://www.baidu.com/s?wd=%E6%9E%97%E8%82%AF%E5%8F%B7%E8%88%AA%E6%AF%8D%E5%8F%91%E7%94%9F8%E8%B5%B7%E6%9C%AA%E9%81%82%E8%87%AA%E6%9D%80%E4%BA%8B%E4%BB%B6&sa=fyb_news&rsv_dl=fyb_news,https://fyb-2.cdn.bcebos.com/hotboard_image/7b821b1f2d3c744bba5b10e41f000672,百度热搜,实时热搜,realtime,hotlist,,2026-09-25 14:38:12
47,周杰伦贴脸开大刘畊宏唱淘汰,近日，在周杰伦南京演唱会现场，周杰伦当众调侃刘畊宏在另一节目中被淘汰，并为他献唱《淘汰》。演唱期间，周杰伦还吐槽刘畊宏当天的穿着太保守，表示看不到胸肌，并向导播喊话要求给胸肌特写。,3523647,https://www.baidu.com/s?wd=%E5%91%A8%E6%9D%B0%E4%BC%A6%E8%B4%B4%E8%84%B8%E5%BC%80%E5%A4%A7%E5%88%98%E7%95%8A%E5%AE%8F%E5%94%B1%E6%B7%98%E6%B1%B0&sa=fyb_news&rsv_dl=fyb_news,https://fyb-2.cdn.bcebos.com/hotboard_image/7e986dc937d79b3fb7a1d446e3c62983,百度热搜,实时热搜,realtime,hotlist,,2026-09-25 14:38:12
48,6岁女孩3天2破三阶魔方世界纪录,近日，在两场世界魔方协会（WCA）认证赛事上，6岁女孩连允之，先后以平均4.52秒和4.27秒的成绩，三天两次打破三阶魔方女子平均成绩世界纪录，成为世界上唯一平均成绩4.5秒以内的女子选手。,3432869,https://www.baidu.com/s?wd=6%E5%B2%81%E5%A5%B3%E5%AD%A93%E5%A4%A92%E7%A0%B4%E4%B8%89%E9%98%B6%E9%AD%94%E6%96%B9%E4%B8%96%E7%95%8C%E7%BA%AA%E5%BD%95&sa=fyb_news&rsv_dl=fyb_news,https://fyb-2.cdn.bcebos.com/hotboard_image/b0fd51a1ab1e63f828b3dc31f37ab9f2,百度热搜,实时热搜,realtime,hotlist,,2026-09-25 14:38:12
49,汪顺：从16岁到32岁 谢谢自己没放弃,近日，32岁中国选手汪顺接受专访，称这应是其最后一届亚运会，但不急于告别泳池。他表示：从16岁到32岁，谢谢自己没放弃。在亚运会上，他收获1金2铜，连续五届站上领奖台。此前，他在巴黎奥运会后曾多次萌生退役念头，但最终坚持下来。,3307849,https://www.baidu.com/s?wd=%E6%B1%AA%E9%A1%BA%EF%BC%9A%E4%BB%8E16%E5%B2%81%E5%88%B032%E5%B2%81+%E8%B0%A2%E8%B0%A2%E8%87%AA%E5%B7%B1%E6%B2%A1%E6%94%BE%E5%BC%83&sa=fyb_news&rsv_dl=fyb_news,https://fyb-2.cdn.bcebos.com/hotboard_image/152679aaf1abed83744683561ae1d0b3,百度热搜,实时热搜,realtime,hotlist,,2026-09-25 14:38:12
50,中国足协：汲取塌方式腐败惨痛教训,9月24日，中国足协召开党建工作专题会议。足协党委书记张家胜表示，要筑牢廉政防线，深刻汲取足球领域系统性、塌方式腐败惨痛教训，杜绝国家队建设急功近利。,3230097,https://www.baidu.com/s?wd=%E4%B8%AD%E5%9B%BD%E8%B6%B3%E5%8D%8F%EF%BC%9A%E6%B1%B2%E5%8F%96%E5%A1%8C%E6%96%B9%E5%BC%8F%E8%85%90%E8%B4%A5%E6%83%A8%E7%97%9B%E6%95%99%E8%AE%AD&sa=fyb_news&rsv_dl=fyb_news,https://fyb-2.cdn.bcebos.com/hotboard_image/60d23cb976a6addfd8fc31f7b00d9431,百度热搜,实时热搜,realtime,hotlist,,2026-09-25 14:38:12
1,习近平和彭丽媛出席欢迎宴会,,7903942,https://www.baidu.com/s?wd=%E4%B9%A0%E8%BF%91%E5%B9%B3%E5%92%8C%E5%BD%AD%E4%B8%BD%E5%AA%9B%E5%87%BA%E5%B8%AD%E6%AC%A2%E8%BF%8E%E5%AE%B4%E4%BC%9A&sa=fyb_news&rsv_dl=fyb_news,https://fyb-1.cdn.bcebos.com/fyb/de6163834f53ca92c1273fff98ac9078.jpeg,百度热搜,实时热搜,realtime,hotlist,,2026-09-25 15:27:32
2,习近平在欢迎宴会上的祝酒辞,当地时间9月24日，国家主席习近平在华盛顿出席美国总统举行的欢迎宴会并致祝酒辞。习近平表示，当天双方坦诚深入交流，达成很多新共识，为中美关系提供新的战略指引。此前，今年5月美国总统访华，两国元首同意构建中美建设性战略稳定关系，习近平此次系应约访美。,7808031,https://www.baidu.com/s?wd=%E4%B9%A0%E8%BF%91%E5%B9%B3%E5%9C%A8%E6%AC%A2%E8%BF%8E%E5%AE%B4%E4%BC%9A%E4%B8%8A%E7%9A%84%E7%A5%9D%E9%85%92%E8%BE%9E&sa=fyb_news&rsv_dl=fyb_news,https://fyb-2.cdn.bcebos.com/hotboard_image/9bd71efc9b756970f06465ba785e4018,百度热搜,实时热搜,realtime,hotlist,,2026-09-25 15:27:32
3,特朗普听到大熊猫将落户美国笑了,大熊猫是中美两国人民友谊的使者。在白宫欢迎仪式上，当习近平主席宣布大熊猫“平平”、“福双”将同美国人民见面时，特朗普总统笑着点头致意。,7714238,https://www.baidu.com/s?wd=%E7%89%B9%E6%9C%97%E6%99%AE%E5%90%AC%E5%88%B0%E5%A4%A7%E7%86%8A%E7%8C%AB%E5%B0%86%E8%90%BD%E6%88%B7%E7%BE%8E%E5%9B%BD%E7%AC%91%E4%BA%86&sa=fyb_news&rsv_dl=fyb_news,https://fyb-2.cdn.bcebos.com/hotboard_image/22129e4a84b59e54cd3ca484ab9831e8,百度热搜,实时热搜,realtime,hotlist,,2026-09-25 15:27:32
4,跟着古诗追月亮,中秋的源头在哪里？月亮上住着谁？古人怎么过节、吃什么、玩什么？翻开一本古诗集，月亮从字里行间升起。让我们跟着古诗追月亮，一起寻找文物里的中秋。,7618260,https://www.baidu.com/s?wd=%E8%B7%9F%E7%9D%80%E5%8F%A4%E8%AF%97%E8%BF%BD%E6%9C%88%E4%BA%AE&sa=fyb_news&rsv_dl=fyb_news,https://fyb-2.cdn.bcebos.com/hotboard_image/9dc9678e0f93800d8567c32625618e30,百度热搜,实时热搜,realtime,hotlist,,2026-09-25 15:27:32
5,国宴第一杯酒为何选尼克松访华同款,当地时间9月24日晚，美国白宫为中国国家主席习近平夫妇举行欢迎国宴。晚宴开场选用加州世酿伯格酒庄的黑中白起泡酒。白宫称，此举旨在致敬历史。此前在1972年中美破冰时，这也是当年带到中国的同款起泡酒。,7523136,https://www.baidu.com/s?wd=%E5%9B%BD%E5%AE%B4%E7%AC%AC%E4%B8%80%E6%9D%AF%E9%85%92%E4%B8%BA%E4%BD%95%E9%80%89%E5%B0%BC%E5%85%8B%E6%9D%BE%E8%AE%BF%E5%8D%8E%E5%90%8C%E6%AC%BE&sa=fyb_news&rsv_dl=fyb_news,https://fyb-2.cdn.bcebos.com/hotboard_image/6b5173f99259b2660a16d516875ddf87,百度热搜,实时热搜,realtime,hotlist,,2026-09-25 15:27:32
6,东部战区发布中秋节重磅海报,25日，东部战区发布中秋节海报《守护·团圆》。海报文案写道“守万家灯火”“护两岸共圆”，传递在中秋佳节守护万家团圆、期盼两岸共圆之意。,7428745,https://www.baidu.com/s?wd=%E4%B8%9C%E9%83%A8%E6%88%98%E5%8C%BA%E5%8F%91%E5%B8%83%E4%B8%AD%E7%A7%8B%E8%8A%82%E9%87%8D%E7%A3%85%E6%B5%B7%E6%8A%A5&sa=fyb_news&rsv_dl=fyb_news,https://fyb-2.cdn.bcebos.com/hotboard_image/b62228d40ee2eaf8f536609be9603ab5,百度热搜,实时热搜,realtime,hotlist,,2026-09-25 15:27:32
7,孙颖莎把松岛辉空打得太难受了,9月25日，名古屋亚运会混双1/4决赛，国乒组合王楚钦、孙颖莎3比0战胜松岛辉空、张本美和晋级四强，解说赞其“专打对手软肋”。,7332550,https://www.baidu.com/s?wd=%E5%AD%99%E9%A2%96%E8%8E%8E%E6%8A%8A%E6%9D%BE%E5%B2%9B%E8%BE%89%E7%A9%BA%E6%89%93%E5%BE%97%E5%A4%AA%E9%9A%BE%E5%8F%97%E4%BA%86&sa=fyb_news&rsv_dl=fyb_news,https://fyb-2.cdn.bcebos.com/hotboard_image/bdb160403e6b966e81f22ee10d40904e,百度热搜,实时热搜,realtime,hotlist,,2026-09-25 15:27:32
8,一块月饼等于几碗饭,中秋佳节，专家提示100克月饼热量相当于4碗米饭。因月饼具有高热量、高脂肪、高糖分的特点，糖尿病、高血压及高血脂、胃肠疾病患者与儿童需严格控制食用量。,7232016,https://www.baidu.com/s?wd=%E4%B8%80%E5%9D%97%E6%9C%88%E9%A5%BC%E7%AD%89%E4%BA%8E%E5%87%A0%E7%A2%97%E9%A5%AD&sa=fyb_news&rsv_dl=fyb_news,https://fyb-2.cdn.bcebos.com/hotboard_image/e20a2c7ec864cb9f53ccac7fd361ca8c,百度热搜,实时热搜,realtime,hotlist,,2026-09-25 15:27:32
9,第一批喝泰奶的“受害者”出现了,近期泰式奶茶（泰奶）爆火，但已有部分人喝后出现心悸、头晕、失眠等不适。科普解读指出，泰奶因茶粉颗粒细小、萃取充分，咖啡因含量高于普通奶茶甚至接近美式。,7136019,https://www.baidu.com/s?wd=%E7%AC%AC%E4%B8%80%E6%89%B9%E5%96%9D%E6%B3%B0%E5%A5%B6%E7%9A%84%E2%80%9C%E5%8F%97%E5%AE%B3%E8%80%85%E2%80%9D%E5%87%BA%E7%8E%B0%E4%BA%86&sa=fyb_news&rsv_dl=fyb_news,https://fyb-2.cdn.bcebos.com/hotboard_image/b7cd56b3329a5b8181de4e0c1e202cf0,百度热搜,实时热搜,realtime,hotlist,,2026-09-25 15:27:32
10,世界技能大赛 为了更好的未来,9月24日，第48届世界技能大赛进入第二天。当“照护、木工、口腔修复”这些与生活息息相关的技能出现在世界技能大赛的赛场，同场竞技的选手们比的究竟是什么？这些手工技艺如何改变我们的未来生活？总台评论员白岩松为您带来观察分析。,7041185,https://www.baidu.com/s?wd=%E4%B8%96%E7%95%8C%E6%8A%80%E8%83%BD%E5%A4%A7%E8%B5%9B+%E4%B8%BA%E4%BA%86%E6%9B%B4%E5%A5%BD%E7%9A%84%E6%9C%AA%E6%9D%A5&sa=fyb_news&rsv_dl=fyb_news,https://fyb-2.cdn.bcebos.com/hotboard_image/5a702a3ed833d9d23bc61b5f9c296175,百度热搜,实时热搜,realtime,hotlist,,2026-09-25 15:27:32
11,中美元首夫人听两国儿童唱《茉莉花》,近日，中国外交部发言人毛宁在社交媒体上分享画面，中美元首夫人欣赏了由中美两国儿童演唱的中国民歌《茉莉花》。彭丽媛笑着跟唱，并为孩子们鼓掌！,6951149,https://www.baidu.com/s?wd=%E4%B8%AD%E7%BE%8E%E5%85%83%E9%A6%96%E5%A4%AB%E4%BA%BA%E5%90%AC%E4%B8%A4%E5%9B%BD%E5%84%BF%E7%AB%A5%E5%94%B1%E3%80%8A%E8%8C%89%E8%8E%89%E8%8A%B1%E3%80%8B&sa=fyb_news&rsv_dl=fyb_news,https://fyb-2.cdn.bcebos.com/hotboard_image/3740d46ccd5b171734f04e6f411e2a6f,百度热搜,实时热搜,realtime,hotlist,,2026-09-25 15:27:32
12,陌生快递寄来礼品卡？误区要注意,中秋、国庆双节将至，不少人收到了一份“从天而降”的快递——自己明明没有网购，却收到一个装着湿巾等小物件外加一张“双节礼品卡”的包裹。不花一分钱扫个码就能领取年货大礼包？千万别信！此类事存在着两大认知误区，一文解读！,6847196,https://www.baidu.com/s?wd=%E9%99%8C%E7%94%9F%E5%BF%AB%E9%80%92%E5%AF%84%E6%9D%A5%E7%A4%BC%E5%93%81%E5%8D%A1%EF%BC%9F%E8%AF%AF%E5%8C%BA%E8%A6%81%E6%B3%A8%E6%84%8F&sa=fyb_news&rsv_dl=fyb_news,https://fyb-2.cdn.bcebos.com/hotboard_image/8ac4e32ba1b3f8270fb0b505025c307e,百度热搜,实时热搜,realtime,hotlist,,2026-09-25 15:27:32
13,孙颖莎王楚钦零封张本美和松岛辉空,,6762349,https://www.baidu.com/s?wd=%E5%AD%99%E9%A2%96%E8%8E%8E%E7%8E%8B%E6%A5%9A%E9%92%A6%E9%9B%B6%E5%B0%81%E5%BC%A0%E6%9C%AC%E7%BE%8E%E5%92%8C%E6%9D%BE%E5%B2%9B%E8%BE%89%E7%A9%BA&sa=fyb_news&rsv_dl=fyb_news,https://fyb-1.cdn.bcebos.com/fyb/de6163834f53ca92c1273fff98ac9078.jpeg,百度热搜,实时热搜,realtime,hotlist,,2026-09-25 15:27:32
14,“干饭哥”亚运已拿4金,9月25日，名古屋亚运会男子50米步枪三姿团体决赛，由盛李豪 、张常鸿、刘宇坤组成的中国队夺得金牌。这是盛李豪本届亚运会上获得的第四枚金牌。,6664857,https://www.baidu.com/s?wd=%E2%80%9C%E5%B9%B2%E9%A5%AD%E5%93%A5%E2%80%9D%E4%BA%9A%E8%BF%90%E5%B7%B2%E6%8B%BF4%E9%87%91&sa=fyb_news&rsv_dl=fyb_news,https://fyb-2.cdn.bcebos.com/hotboard_image/4f18d2672eb7540d01a2682ff2e511bb,百度热搜,实时热搜,realtime,hotlist,,2026-09-25 15:27:32
15,家长带孩子四处求医 病因就在家里,近日，山东一家长发视频称孩子过敏、咳嗽老不好，3年里四处求医，症状不但没好转，反而越来越严重。无意间拆开衣柜后傻眼：板材长满霉菌，家里竟是“毒窝”。,6562704,https://www.baidu.com/s?wd=%E5%AE%B6%E9%95%BF%E5%B8%A6%E5%AD%A9%E5%AD%90%E5%9B%9B%E5%A4%84%E6%B1%82%E5%8C%BB+%E7%97%85%E5%9B%A0%E5%B0%B1%E5%9C%A8%E5%AE%B6%E9%87%8C&sa=fyb_news&rsv_dl=fyb_news,https://fyb-2.cdn.bcebos.com/hotboard_image/76763014bca17d260fb3535ac6770faf,百度热搜,实时热搜,realtime,hotlist,,2026-09-25 15:27:32
16,白宫响起“月亮代表我的心”,当地时间9月24日，国家主席习近平和夫人彭丽媛将在白宫出席美国总统特朗普和夫人梅拉尼娅举行的欢迎宴会。白宫响起“月亮代表我的心”。,6465911,https://www.baidu.com/s?wd=%E7%99%BD%E5%AE%AB%E5%93%8D%E8%B5%B7%E2%80%9C%E6%9C%88%E4%BA%AE%E4%BB%A3%E8%A1%A8%E6%88%91%E7%9A%84%E5%BF%83%E2%80%9D&sa=fyb_news&rsv_dl=fyb_news,https://fyb-2.cdn.bcebos.com/hotboard_image/9c5a02e5a1afeb7a89c9e102f0b35337,百度热搜,实时热搜,realtime,hotlist,,2026-09-25 15:27:32
17,高铁站安检仪扫到好多“小圆球”,中秋前夕，云南宣威站安检仪频现宣威火腿月饼。起因是该非遗火腿月饼备受旅客青睐，许多人打包乘车带回家。为此，宣威站不仅在安检区配备胶带等工具方便打包，还通过加开列车等方式增加运能保障出行。,6376552,https://www.baidu.com/s?wd=%E9%AB%98%E9%93%81%E7%AB%99%E5%AE%89%E6%A3%80%E4%BB%AA%E6%89%AB%E5%88%B0%E5%A5%BD%E5%A4%9A%E2%80%9C%E5%B0%8F%E5%9C%86%E7%90%83%E2%80%9D&sa=fyb_news&rsv_dl=fyb_news,https://fyb-2.cdn.bcebos.com/hotboard_image/894bfb531f6c5a1dd0e4dcfb8333bdbb,百度热搜,实时热搜,realtime,hotlist,,2026-09-25 15:27:32
18,白宫欢迎宴会现场画面,当地时间9月24日晚，国家主席习近平和夫人彭丽媛出席美国总统特朗普和夫人梅拉尼娅在白宫举行的欢迎宴会。,6272915,https://www.baidu.com/s?wd=%E7%99%BD%E5%AE%AB%E6%AC%A2%E8%BF%8E%E5%AE%B4%E4%BC%9A%E7%8E%B0%E5%9C%BA%E7%94%BB%E9%9D%A2&sa=fyb_news&rsv_dl=fyb_news,https://fyb-2.cdn.bcebos.com/hotboard_image/e6a9ef089f9ec6a2efbb79160f26007e,百度热搜,实时热搜,realtime,hotlist,,2026-09-25 15:27:32
19,央视中秋晚会节目单,人道秋中明月好，欲邀同赏意如何？9月25日，《中央广播电视总台2026年中秋晚会》节目单发布。,6175027,https://www.baidu.com/s?wd=%E5%A4%AE%E8%A7%86%E4%B8%AD%E7%A7%8B%E6%99%9A%E4%BC%9A%E8%8A%82%E7%9B%AE%E5%8D%95&sa=fyb_news&rsv_dl=fyb_news,https://fyb-2.cdn.bcebos.com/hotboard_image/fd1df43d770603f1fb0c01a708268739,百度热搜,实时热搜,realtime,hotlist,,2026-09-25 15:27:32
20,张雪带近200名员工飞意大利秋游,9月24日晚，张雪及多位张雪机车员工在社交媒体上发视频，称张雪带队近200人团队包机飞意大利秋游，或将亲临WSBK世界超级摩托车锦标赛意大利分战现场。,6082334,https://www.baidu.com/s?wd=%E5%BC%A0%E9%9B%AA%E5%B8%A6%E8%BF%91200%E5%90%8D%E5%91%98%E5%B7%A5%E9%A3%9E%E6%84%8F%E5%A4%A7%E5%88%A9%E7%A7%8B%E6%B8%B8&sa=fyb_news&rsv_dl=fyb_news,https://fyb-2.cdn.bcebos.com/hotboard_image/eb4e064f683fd9d3431c970fd5adccff,百度热搜,实时热搜,realtime,hotlist,,2026-09-25 15:27:32
21,白宫公布国宴菜单与装饰,当地时间9月24日晚，国家主席习近平和夫人彭丽媛乘车抵达白宫，出席美国总统特朗普和夫人梅拉尼娅举行的欢迎宴会。美国第一夫人办公室当天公布了晚宴菜单和现场布置等细节。白宫将此次菜单概括为：以美国食材为主，同时融入中国元素，希望将两国饮食传统结合起来。,5985580,https://www.baidu.com/s?wd=%E7%99%BD%E5%AE%AB%E5%85%AC%E5%B8%83%E5%9B%BD%E5%AE%B4%E8%8F%9C%E5%8D%95%E4%B8%8E%E8%A3%85%E9%A5%B0&sa=fyb_news&rsv_dl=fyb_news,https://fyb-2.cdn.bcebos.com/hotboard_image/8c4e39c93cdc44593572b7b55db75b93,百度热搜,实时热搜,realtime,hotlist,,2026-09-25 15:27:32
22,这块1400年前的月饼至今不知是啥馅,近日，一块距今约1400年的唐代月饼引发关注。1972年该月饼在新疆吐鲁番阿斯塔那古墓出土，是目前考古发现中国唯一的唐代月饼式食物实物。因文物珍贵不能破坏性取样，其馅料至今成谜，研究人员推测可能含枣、核桃或葡萄等果仁。,5901203,https://www.baidu.com/s?wd=%E8%BF%99%E5%9D%971400%E5%B9%B4%E5%89%8D%E7%9A%84%E6%9C%88%E9%A5%BC%E8%87%B3%E4%BB%8A%E4%B8%8D%E7%9F%A5%E6%98%AF%E5%95%A5%E9%A6%85&sa=fyb_news&rsv_dl=fyb_news,https://fyb-2.cdn.bcebos.com/hotboard_image/72ccb6986331115c6b0f0bd78a30d353,百度热搜,实时热搜,realtime,hotlist,,2026-09-25 15:27:32
23,马斯克黄仁勋等出席白宫欢迎宴会,当地时间9月24日晚，国家主席习近平和夫人彭丽媛在白宫出席美国总统特朗普和夫人梅拉尼娅举行的欢迎宴会。马斯克、黄仁勋、苏世民、奥尔特曼等出席白宫欢迎宴会。,5805556,https://www.baidu.com/s?wd=%E9%A9%AC%E6%96%AF%E5%85%8B%E9%BB%84%E4%BB%81%E5%8B%8B%E7%AD%89%E5%87%BA%E5%B8%AD%E7%99%BD%E5%AE%AB%E6%AC%A2%E8%BF%8E%E5%AE%B4%E4%BC%9A&sa=fyb_news&rsv_dl=fyb_news,https://fyb-2.cdn.bcebos.com/hotboard_image/11c149002c2df8d234315b12f1bc5896,百度热搜,实时热搜,realtime,hotlist,,2026-09-25 15:27:32
24,美企挤破头想参加欢迎宴会,当地时间9月24日晚，国家主席习近平和夫人彭丽媛在白宫出席美国总统特朗普和夫人梅拉尼娅举行的欢迎宴会。知情人士透露，欢迎宴会的席位远少于想出席的美国CEO人数，每个行业的CEO都希望到场。,5717240,https://www.baidu.com/s?wd=%E7%BE%8E%E4%BC%81%E6%8C%A4%E7%A0%B4%E5%A4%B4%E6%83%B3%E5%8F%82%E5%8A%A0%E6%AC%A2%E8%BF%8E%E5%AE%B4%E4%BC%9A&sa=fyb_news&rsv_dl=fyb_news,https://fyb-2.cdn.bcebos.com/hotboard_image/bde5a8b91130ddd6077e1fd9decdec02,百度热搜,实时热搜,realtime,hotlist,,2026-09-25 15:27:32
25,新华社评国乒男团无缘亚运九连冠,24日，国乒男团以2:3负于东道主日本队，无缘亚运会男团九连冠。决赛失利，再次暴露出中国男乒当下过度依赖王楚钦、阵容深度不足等问题短板。,5609403,https://www.baidu.com/s?wd=%E6%96%B0%E5%8D%8E%E7%A4%BE%E8%AF%84%E5%9B%BD%E4%B9%92%E7%94%B7%E5%9B%A2%E6%97%A0%E7%BC%98%E4%BA%9A%E8%BF%90%E4%B9%9D%E8%BF%9E%E5%86%A0&sa=fyb_news&rsv_dl=fyb_news,https://fyb-2.cdn.bcebos.com/hotboard_image/5db77ac8d7c2d4a8d23e0af943082440,百度热搜,实时热搜,realtime,hotlist,,2026-09-25 15:27:32
26,美方拿出“顶配”机型迎接中方元首,9月23日，习近平主席乘专机抵美进行国事访问，美方以最高礼遇迎接：B-2轰炸机、F-22战机飞越白宫致敬，接机环节还出动B-1B轰炸机。,5524512,https://www.baidu.com/s?wd=%E7%BE%8E%E6%96%B9%E6%8B%BF%E5%87%BA%E2%80%9C%E9%A1%B6%E9%85%8D%E2%80%9D%E6%9C%BA%E5%9E%8B%E8%BF%8E%E6%8E%A5%E4%B8%AD%E6%96%B9%E5%85%83%E9%A6%96&sa=fyb_news&rsv_dl=fyb_news,https://fyb-2.cdn.bcebos.com/hotboard_image/3262080e220ebcb18df5c0f88da1c189,百度热搜,实时热搜,realtime,hotlist,,2026-09-25 15:27:32
27,离异女护士倒在工作岗位留下8岁儿子,近日，贵州省遵义市人社局决定，对贵州茅台医院护士陈佳佳不予认定工伤。此前，30岁的陈佳佳在工作岗位突发脑出血，抢救10天后于8月13日被判定脑死亡离世，留下一名8岁儿子。人社局认为其抢救时长不符合相关规定。,5416782,https://www.baidu.com/s?wd=%E7%A6%BB%E5%BC%82%E5%A5%B3%E6%8A%A4%E5%A3%AB%E5%80%92%E5%9C%A8%E5%B7%A5%E4%BD%9C%E5%B2%97%E4%BD%8D%E7%95%99%E4%B8%8B8%E5%B2%81%E5%84%BF%E5%AD%90&sa=fyb_news&rsv_dl=fyb_news,https://fyb-2.cdn.bcebos.com/hotboard_image/f0ea9e4065c5571ce68777d313c75eab,百度热搜,实时热搜,realtime,hotlist,,2026-09-25 15:27:32
28,陈龙遗憾错过见游本昌最后一面,9月24日凌晨，游本昌在北京逝世，享年93岁。演员陈龙称，此前自己本想看望游本昌老师，但因为一些事情错过，遗憾没能见到最后一面。,5331500,https://www.baidu.com/s?wd=%E9%99%88%E9%BE%99%E9%81%97%E6%86%BE%E9%94%99%E8%BF%87%E8%A7%81%E6%B8%B8%E6%9C%AC%E6%98%8C%E6%9C%80%E5%90%8E%E4%B8%80%E9%9D%A2&sa=fyb_news&rsv_dl=fyb_news,https://fyb-2.cdn.bcebos.com/hotboard_image/36c93487639dcddd151a4a460d4769b0,百度热搜,实时热搜,realtime,hotlist,,2026-09-25 15:27:32
29,酒店推369元自助早餐月卡 有70种菜,9月24日，记者探访获悉，武汉市东西湖区武汉临空港会展酒店近日推出369元自助早餐月卡，每天成本约12元可任选70余种餐品。,5240515,https://www.baidu.com/s?wd=%E9%85%92%E5%BA%97%E6%8E%A8369%E5%85%83%E8%87%AA%E5%8A%A9%E6%97%A9%E9%A4%90%E6%9C%88%E5%8D%A1+%E6%9C%8970%E7%A7%8D%E8%8F%9C&sa=fyb_news&rsv_dl=fyb_news,https://fyb-2.cdn.bcebos.com/hotboard_image/6d31f96475347a5725aac484a9f77bd0,百度热搜,实时热搜,realtime,hotlist,,2026-09-25 15:27:32
30,中秋假期西湖再现“最美人墙”,9月24日晚，杭州西湖边再现“最美人墙”，志愿者组成人墙疏导人流。中秋假期首日，景区分流隔离设施已就位，当地还推出中秋限定“月亮船”赏月活动，为游客增添节日氛围。,5133766,https://www.baidu.com/s?wd=%E4%B8%AD%E7%A7%8B%E5%81%87%E6%9C%9F%E8%A5%BF%E6%B9%96%E5%86%8D%E7%8E%B0%E2%80%9C%E6%9C%80%E7%BE%8E%E4%BA%BA%E5%A2%99%E2%80%9D&sa=fyb_news&rsv_dl=fyb_news,https://fyb-2.cdn.bcebos.com/hotboard_image/4c4b596f5225754e58a03e55a593c7b3,百度热搜,实时热搜,realtime,hotlist,,2026-09-25 15:27:32
31,#中秋节想你就写信#,,5039152,https://www.baidu.com/s?wd=%23%E4%B8%AD%E7%A7%8B%E8%8A%82%E6%83%B3%E4%BD%A0%E5%B0%B1%E5%86%99%E4%BF%A1%23&sa=fyb_news&rsv_dl=fyb_news,https://fyb-1.cdn.bcebos.com/fyb/444846eeb217ede8c838d13ae8c9c9b0.jpg,百度热搜,实时热搜,realtime,hotlist,,2026-09-25 15:27:32
32,月饼这么吃更健康,中秋将至，月饼高糖高油，健康吃法有讲究：宜选上午或午后食用、每次半块以内，避免空腹和睡前吃，搭配淡茶更佳，糖友等特殊人群需减量。,4954364,https://www.baidu.com/s?wd=%E6%9C%88%E9%A5%BC%E8%BF%99%E4%B9%88%E5%90%83%E6%9B%B4%E5%81%A5%E5%BA%B7&sa=fyb_news&rsv_dl=fyb_news,https://fyb-2.cdn.bcebos.com/hotboard_image/43de290983cd604670e46430275edabb,百度热搜,实时热搜,realtime,hotlist,,2026-09-25 15:27:32
33,女子反复咳血3年竟因淋了“细菌雨”,近日，李女士确诊鸟分歧杆菌引起的肺病，反复咳嗽咳血已3年。医生介绍，其淋浴花洒10多年未更换，内部潮湿环境滋生大量细菌，洗澡时细菌随水雾被吸入肺部导致感染。专家建议每三个月清洗一次花洒。,4831057,https://www.baidu.com/s?wd=%E5%A5%B3%E5%AD%90%E5%8F%8D%E5%A4%8D%E5%92%B3%E8%A1%803%E5%B9%B4%E7%AB%9F%E5%9B%A0%E6%B7%8B%E4%BA%86%E2%80%9C%E7%BB%86%E8%8F%8C%E9%9B%A8%E2%80%9D&sa=fyb_news&rsv_dl=fyb_news,https://fyb-2.cdn.bcebos.com/hotboard_image/cada5c2e8784eb60fb4eef1b82a7bfeb,百度热搜,实时热搜,realtime,hotlist,,2026-09-25 15:27:32
34,孙颖莎晋级女单16强,当地时间9月25日，在日本丰田市举行的爱知·名古屋亚运会乒乓球女子单打第二轮比赛中，中国选手孙颖莎4比0战胜卡塔尔选手阿里，晋级下一轮。,4755832,https://www.baidu.com/s?wd=%E5%AD%99%E9%A2%96%E8%8E%8E%E6%99%8B%E7%BA%A7%E5%A5%B3%E5%8D%9516%E5%BC%BA&sa=fyb_news&rsv_dl=fyb_news,https://fyb-2.cdn.bcebos.com/hotboard_image/36301382bcfdc15cdcc4965e9be86d9f,百度热搜,实时热搜,realtime,hotlist,,2026-09-25 15:27:32
35,“赛考斯”回应：我受宠若惊,就习主席在白宫国宴讲述其与殷玉珍治沙故事一事，赛考斯作出回应。因习主席提到了他的名字，他表示这非常有人情味，自己受宠若惊，并称做这一切从来不是为了博关注。,4644839,https://www.baidu.com/s?wd=%E2%80%9C%E8%B5%9B%E8%80%83%E6%96%AF%E2%80%9D%E5%9B%9E%E5%BA%94%EF%BC%9A%E6%88%91%E5%8F%97%E5%AE%A0%E8%8B%A5%E6%83%8A&sa=fyb_news&rsv_dl=fyb_news,https://fyb-2.cdn.bcebos.com/hotboard_image/2f59b18e0f64e2f93b04ef38e8e37ca6,百度热搜,实时热搜,realtime,hotlist,,2026-09-25 15:27:32
36,“中国天眼”发现脉冲星超1300颗,9月25日，“中国天眼”FAST迎来落成十周年。截至目前，FAST累计发现脉冲星超1300颗，超过同一时期国际其他望远镜发现总和，并在快速射电暴等领域取得多项成果。,4556709,https://www.baidu.com/s?wd=%E2%80%9C%E4%B8%AD%E5%9B%BD%E5%A4%A9%E7%9C%BC%E2%80%9D%E5%8F%91%E7%8E%B0%E8%84%89%E5%86%B2%E6%98%9F%E8%B6%851300%E9%A2%97&sa=fyb_news&rsv_dl=fyb_news,https://fyb-2.cdn.bcebos.com/hotboard_image/ddf99dfdcbc2705bc8e7025e13363cd5,百度热搜,实时热搜,realtime,hotlist,,2026-09-25 15:27:32
37,演员李治廷官宣当爸,9月25日，演员李治廷发文宣布当爸：“新添一员，阖家圆满”，并晒出托着孩子小手与月饼的照片。此前，2023年3月14日，李治廷出席活动时手戴婚戒自曝已婚数月，称太太是圈外人，比自己小5岁多，因对方不习惯未公开样貌。,4469486,https://www.baidu.com/s?wd=%E6%BC%94%E5%91%98%E6%9D%8E%E6%B2%BB%E5%BB%B7%E5%AE%98%E5%AE%A3%E5%BD%93%E7%88%B8&sa=fyb_news&rsv_dl=fyb_news,https://fyb-2.cdn.bcebos.com/hotboard_image/a60e5f00856a8442a31892db91d5ea1a,百度热搜,实时热搜,realtime,hotlist,,2026-09-25 15:27:32
38,微信警告这些头像昵称会被封号,为进一步整治账号名称信息乱象，微信倡导创作者主动规范账号注册和认证行为，对于名称冒充、身份伪装、夹带违规信息、名称信息黑灰产等问题，平台在前期假冒仿冒账号治理工作基础上，将进一步从严处置相关违规账号和内容。,4360240,https://www.baidu.com/s?wd=%E5%BE%AE%E4%BF%A1%E8%AD%A6%E5%91%8A%E8%BF%99%E4%BA%9B%E5%A4%B4%E5%83%8F%E6%98%B5%E7%A7%B0%E4%BC%9A%E8%A2%AB%E5%B0%81%E5%8F%B7&sa=fyb_news&rsv_dl=fyb_news,https://fyb-2.cdn.bcebos.com/hotboard_image/4523221b6811420e6a3d527841d1878e,百度热搜,实时热搜,realtime,hotlist,,2026-09-25 15:27:32
39,特朗普在欢迎宴会上发表致辞,当地时间9月24日晚，国家主席习近平和夫人彭丽媛在白宫出席美国总统特朗普和夫人梅拉尼娅举行的欢迎宴会。特朗普总统发表致辞。,4278719,https://www.baidu.com/s?wd=%E7%89%B9%E6%9C%97%E6%99%AE%E5%9C%A8%E6%AC%A2%E8%BF%8E%E5%AE%B4%E4%BC%9A%E4%B8%8A%E5%8F%91%E8%A1%A8%E8%87%B4%E8%BE%9E&sa=fyb_news&rsv_dl=fyb_news,https://fyb-2.cdn.bcebos.com/hotboard_image/7079819e3a20186c6f9b93ec3e116965,百度热搜,实时热搜,realtime,hotlist,,2026-09-25 15:27:32
40,湖南第一师范学院教师走红网络,,4184570,https://www.baidu.com/s?wd=%E6%B9%96%E5%8D%97%E7%AC%AC%E4%B8%80%E5%B8%88%E8%8C%83%E5%AD%A6%E9%99%A2%E6%95%99%E5%B8%88%E8%B5%B0%E7%BA%A2%E7%BD%91%E7%BB%9C&sa=fyb_news&rsv_dl=fyb_news,https://fyb-1.cdn.bcebos.com/fyb/de6163834f53ca92c1273fff98ac9078.jpeg,百度热搜,实时热搜,realtime,hotlist,,2026-09-25 15:27:32
41,中国足协：汲取塌方式腐败惨痛教训,9月24日，中国足协召开党建工作专题会议。足协党委书记张家胜表示，要筑牢廉政防线，深刻汲取足球领域系统性、塌方式腐败惨痛教训，杜绝国家队建设急功近利。,4062474,https://www.baidu.com/s?wd=%E4%B8%AD%E5%9B%BD%E8%B6%B3%E5%8D%8F%EF%BC%9A%E6%B1%B2%E5%8F%96%E5%A1%8C%E6%96%B9%E5%BC%8F%E8%85%90%E8%B4%A5%E6%83%A8%E7%97%9B%E6%95%99%E8%AE%AD&sa=fyb_news&rsv_dl=fyb_news,https://fyb-2.cdn.bcebos.com/hotboard_image/60d23cb976a6addfd8fc31f7b00d9431,百度热搜,实时热搜,realtime,hotlist,,2026-09-25 15:27:32
42,许嵩婚后首秀 全场齐喊新婚快乐,9月24日，许嵩在天津演唱会上迎来婚后首秀，全场歌迷齐声高喊“新婚快乐”。面对祝福，许嵩笑意温柔回应：“谢谢，我接收到了。”此前，9月19日许嵩刚与冯禧官宣结婚，称人生故事翻开新篇章。,3978836,https://www.baidu.com/s?wd=%E8%AE%B8%E5%B5%A9%E5%A9%9A%E5%90%8E%E9%A6%96%E7%A7%80+%E5%85%A8%E5%9C%BA%E9%BD%90%E5%96%8A%E6%96%B0%E5%A9%9A%E5%BF%AB%E4%B9%90&sa=fyb_news&rsv_dl=fyb_news,https://fyb-2.cdn.bcebos.com/hotboard_image/ff059e8250fd206298232316850214fa,百度热搜,实时热搜,realtime,hotlist,,2026-09-25 15:27:32
43,超长的风吹进了月饼界,超长的风吹进了月饼界，超长蛋挞成为中秋顶流。网红食物进入“超长时代”，60cm超长长长蛋挞爆火的背后，靠的是给了你一个分享的理由。,3870082,https://www.baidu.com/s?wd=%E8%B6%85%E9%95%BF%E7%9A%84%E9%A3%8E%E5%90%B9%E8%BF%9B%E4%BA%86%E6%9C%88%E9%A5%BC%E7%95%8C&sa=fyb_news&rsv_dl=fyb_news,https://fyb-2.cdn.bcebos.com/hotboard_image/82c1b6f92f8f611150f2b2cd4a7e5e97,百度热搜,实时热搜,realtime,hotlist,,2026-09-25 15:27:32
44,6岁女孩3天2破三阶魔方世界纪录,近日，在两场世界魔方协会（WCA）认证赛事上，6岁女孩连允之，先后以平均4.52秒和4.27秒的成绩，三天两次打破三阶魔方女子平均成绩世界纪录，成为世界上唯一平均成绩4.5秒以内的女子选手。,3795625,https://www.baidu.com/s?wd=6%E5%B2%81%E5%A5%B3%E5%AD%A93%E5%A4%A92%E7%A0%B4%E4%B8%89%E9%98%B6%E9%AD%94%E6%96%B9%E4%B8%96%E7%95%8C%E7%BA%AA%E5%BD%95&sa=fyb_news&rsv_dl=fyb_news,https://fyb-2.cdn.bcebos.com/hotboard_image/b0fd51a1ab1e63f828b3dc31f37ab9f2,百度热搜,实时热搜,realtime,hotlist,,2026-09-25 15:27:32
45,女子手机掉落报警一查是嫌疑狗,近日，浙江嘉兴赵女士骑车出门时手机滑落遗失，报警后民警调取公共视频排查，发现捡走手机的竟是一只小狗。赵女士认出该小狗，很快在角落找回手机。,3714883,https://www.baidu.com/s?wd=%E5%A5%B3%E5%AD%90%E6%89%8B%E6%9C%BA%E6%8E%89%E8%90%BD%E6%8A%A5%E8%AD%A6%E4%B8%80%E6%9F%A5%E6%98%AF%E5%AB%8C%E7%96%91%E7%8B%97&sa=fyb_news&rsv_dl=fyb_news,https://fyb-2.cdn.bcebos.com/hotboard_image/8f4a24cd910be640f7e9520ec72c51c8,百度热搜,实时热搜,realtime,hotlist,,2026-09-25 15:27:32
46,王兴兴谈机器人核心瓶颈,9月24日，宇树科技创始人王兴兴在杭州第五届全球数字贸易博览会上演讲指出，目前机器人最大的问题是AI模型的输入、输出与真实物理世界精准匹配度不足，机器人工作会有几毫米的误差。“未来谁能解决这个问题，机器人的问题就完全解决了。”王兴兴说。,3604521,https://www.baidu.com/s?wd=%E7%8E%8B%E5%85%B4%E5%85%B4%E8%B0%88%E6%9C%BA%E5%99%A8%E4%BA%BA%E6%A0%B8%E5%BF%83%E7%93%B6%E9%A2%88&sa=fyb_news&rsv_dl=fyb_news,https://fyb-2.cdn.bcebos.com/hotboard_image/66af8ef88daae5af30e89d7e2cbc04a2,百度热搜,实时热搜,realtime,hotlist,,2026-09-25 15:27:32
47,高尔夫俱乐部有蛇从球洞钻出立起吐信,近日，深圳一高尔夫俱乐部有蛇从球洞钻出立起吐信。事发俱乐部工作人员回应：球场树多水多，会撒药巡查，目前未出现蛇伤人情况。,3512322,https://www.baidu.com/s?wd=%E9%AB%98%E5%B0%94%E5%A4%AB%E4%BF%B1%E4%B9%90%E9%83%A8%E6%9C%89%E8%9B%87%E4%BB%8E%E7%90%83%E6%B4%9E%E9%92%BB%E5%87%BA%E7%AB%8B%E8%B5%B7%E5%90%90%E4%BF%A1&sa=fyb_news&rsv_dl=fyb_news,https://fyb-2.cdn.bcebos.com/hotboard_image/a80408f4f4d8c22604ffa46fce5f95d4,百度热搜,实时热搜,realtime,hotlist,,2026-09-25 15:27:32
48,武汉至重庆迈入4小时通勤圈,9月28日，宜兴高铁正式开通运营，首趟列车开票即售罄。此前9月25日，12306平台已公布票价。宜兴高铁打通沪渝蓉与郑渝高铁两条干线，通车后武汉至重庆最快3小时54分可达，鄂西环线高铁也将正式“画圆”。,3417551,https://www.baidu.com/s?wd=%E6%AD%A6%E6%B1%89%E8%87%B3%E9%87%8D%E5%BA%86%E8%BF%88%E5%85%A54%E5%B0%8F%E6%97%B6%E9%80%9A%E5%8B%A4%E5%9C%88&sa=fyb_news&rsv_dl=fyb_news,https://fyb-2.cdn.bcebos.com/hotboard_image/c4b2149516d184f871bb501d827f6bd6,百度热搜,实时热搜,realtime,hotlist,,2026-09-25 15:27:32
49,王楚钦晋级亚运男单16强,9月25日，2026名古屋亚运会男单1/16决赛，王楚钦4-2战胜提塔帕·普里查扬，晋级16强。比分：3-11，11-6，11-4，8-11，11-2，11-5。,3330807,https://www.baidu.com/s?wd=%E7%8E%8B%E6%A5%9A%E9%92%A6%E6%99%8B%E7%BA%A7%E4%BA%9A%E8%BF%90%E7%94%B7%E5%8D%9516%E5%BC%BA&sa=fyb_news&rsv_dl=fyb_news,https://fyb-2.cdn.bcebos.com/hotboard_image/4c072341f85c1e175278d073a5d4cf6a,百度热搜,实时热搜,realtime,hotlist,,2026-09-25 15:27:32
50,扎克伯格跃升为全球第四大富豪,当地时间9月24日，Meta首席执行官马克·扎克伯格身家超越戴尔科技董事长兼首席执行官迈克尔·戴尔，成为全球第四大富豪。,3212896,https://www.baidu.com/s?wd=%E6%89%8E%E5%85%8B%E4%BC%AF%E6%A0%BC%E8%B7%83%E5%8D%87%E4%B8%BA%E5%85%A8%E7%90%83%E7%AC%AC%E5%9B%9B%E5%A4%A7%E5%AF%8C%E8%B1%AA&sa=fyb_news&rsv_dl=fyb_news,https://fyb-2.cdn.bcebos.com/hotboard_image/ec0b9be967a86814ac0c6d41e6876ef9,百度热搜,实时热搜,realtime,hotlist,,2026-09-25 15:27:32
1,习近平和彭丽媛出席欢迎宴会,,7904196,https://www.baidu.com/s?wd=%E4%B9%A0%E8%BF%91%E5%B9%B3%E5%92%8C%E5%BD%AD%E4%B8%BD%E5%AA%9B%E5%87%BA%E5%B8%AD%E6%AC%A2%E8%BF%8E%E5%AE%B4%E4%BC%9A&sa=fyb_news&rsv_dl=fyb_news,https://fyb-1.cdn.bcebos.com/fyb/de6163834f53ca92c1273fff98ac9078.jpeg,百度热搜,实时热搜,realtime,hotlist,,2026-09-25 16:30:26
2,习近平在欢迎宴会上的祝酒辞,当地时间9月24日，国家主席习近平在华盛顿出席美国总统举行的欢迎宴会并致祝酒辞。习近平表示，当天双方坦诚深入交流，达成很多新共识，为中美关系提供新的战略指引。此前，今年5月美国总统访华，两国元首同意构建中美建设性战略稳定关系，习近平此次系应约访美。,7808736,https://www.baidu.com/s?wd=%E4%B9%A0%E8%BF%91%E5%B9%B3%E5%9C%A8%E6%AC%A2%E8%BF%8E%E5%AE%B4%E4%BC%9A%E4%B8%8A%E7%9A%84%E7%A5%9D%E9%85%92%E8%BE%9E&sa=fyb_news&rsv_dl=fyb_news,https://fyb-2.cdn.bcebos.com/hotboard_image/9bd71efc9b756970f06465ba785e4018,百度热搜,实时热搜,realtime,hotlist,,2026-09-25 16:30:26
3,特朗普听到大熊猫将落户美国笑了,大熊猫是中美两国人民友谊的使者。在白宫欢迎仪式上，当习近平主席宣布大熊猫“平平”、“福双”将同美国人民见面时，特朗普总统笑着点头致意。,7712477,https://www.baidu.com/s?wd=%E7%89%B9%E6%9C%97%E6%99%AE%E5%90%AC%E5%88%B0%E5%A4%A7%E7%86%8A%E7%8C%AB%E5%B0%86%E8%90%BD%E6%88%B7%E7%BE%8E%E5%9B%BD%E7%AC%91%E4%BA%86&sa=fyb_news&rsv_dl=fyb_news,https://fyb-2.cdn.bcebos.com/hotboard_image/22129e4a84b59e54cd3ca484ab9831e8,百度热搜,实时热搜,realtime,hotlist,,2026-09-25 16:30:26
4,神二十三乘组从天宫送来中秋祝福,中秋佳节，神舟二十三号航天员乘组的三位航天员朱杨柱、张志远、黎家盈也从“天宫”向全国人民送上节日问候。自5月25日进驻中国空间站以来，神舟二十三号乘组按计划开展科学实验与技术试验、应用载荷出舱、科普教育等工作。,7616023,https://www.baidu.com/s?wd=%E7%A5%9E%E4%BA%8C%E5%8D%81%E4%B8%89%E4%B9%98%E7%BB%84%E4%BB%8E%E5%A4%A9%E5%AE%AB%E9%80%81%E6%9D%A5%E4%B8%AD%E7%A7%8B%E7%A5%9D%E7%A6%8F&sa=fyb_news&rsv_dl=fyb_news,https://fyb-2.cdn.bcebos.com/hotboard_image/219d32da2e26c4e0261f72a02acfe10c,百度热搜,实时热搜,realtime,hotlist,,2026-09-25 16:30:26
5,国宴第一杯酒为何选尼克松访华同款,当地时间9月24日晚，美国白宫为中国国家主席习近平夫妇举行欢迎国宴。晚宴开场选用加州世酿伯格酒庄的黑中白起泡酒。白宫称，此举旨在致敬历史。此前在1972年中美破冰时，这也是当年带到中国的同款起泡酒。,7519738,https://www.baidu.com/s?wd=%E5%9B%BD%E5%AE%B4%E7%AC%AC%E4%B8%80%E6%9D%AF%E9%85%92%E4%B8%BA%E4%BD%95%E9%80%89%E5%B0%BC%E5%85%8B%E6%9D%BE%E8%AE%BF%E5%8D%8E%E5%90%8C%E6%AC%BE&sa=fyb_news&rsv_dl=fyb_news,https://fyb-2.cdn.bcebos.com/hotboard_image/6b5173f99259b2660a16d516875ddf87,百度热搜,实时热搜,realtime,hotlist,,2026-09-25 16:30:26
6,“赛考斯”回应：我受宠若惊,就习主席在白宫国宴讲述其与殷玉珍治沙故事一事，赛考斯作出回应。因习主席提到了他的名字，他表示这非常有人情味，自己受宠若惊，并称做这一切从来不是为了博关注。,7429404,https://www.baidu.com/s?wd=%E2%80%9C%E8%B5%9B%E8%80%83%E6%96%AF%E2%80%9D%E5%9B%9E%E5%BA%94%EF%BC%9A%E6%88%91%E5%8F%97%E5%AE%A0%E8%8B%A5%E6%83%8A&sa=fyb_news&rsv_dl=fyb_news,https://fyb-2.cdn.bcebos.com/hotboard_image/2f59b18e0f64e2f93b04ef38e8e37ca6,百度热搜,实时热搜,realtime,hotlist,,2026-09-25 16:30:26
7,高校捞鱼免费给学生做全鱼宴过中秋,近日，宁夏银川的北方民族大学有工作人员在校湖内捕捞鲜鱼，准备在中秋节当天为在校学生们提供精心制作的鱼肴。25日，记者从北方民族大学获悉，学校不仅为学生们准备了全鱼宴，还有苹果、月饼等美食，今年中秋、国庆也将合并放假13天。,7327847,https://www.baidu.com/s?wd=%E9%AB%98%E6%A0%A1%E6%8D%9E%E9%B1%BC%E5%85%8D%E8%B4%B9%E7%BB%99%E5%AD%A6%E7%94%9F%E5%81%9A%E5%85%A8%E9%B1%BC%E5%AE%B4%E8%BF%87%E4%B8%AD%E7%A7%8B&sa=fyb_news&rsv_dl=fyb_news,https://fyb-2.cdn.bcebos.com/hotboard_image/e3ed753a9437f5218989e66b944c4a5e,百度热搜,实时热搜,realtime,hotlist,,2026-09-25 16:30:26
8,张雨霏夺得亚运会女子50米蝶泳金牌,9月25日，第二十届亚运会游泳比赛在日本东京水上运动中心迎来收官日。在刚刚结束的女子50米蝶泳决赛中，中国队选手张雨霏夺得金牌。,7238829,https://www.baidu.com/s?wd=%E5%BC%A0%E9%9B%A8%E9%9C%8F%E5%A4%BA%E5%BE%97%E4%BA%9A%E8%BF%90%E4%BC%9A%E5%A5%B3%E5%AD%9050%E7%B1%B3%E8%9D%B6%E6%B3%B3%E9%87%91%E7%89%8C&sa=fyb_news&rsv_dl=fyb_news,https://fyb-2.cdn.bcebos.com/hotboard_image/5ab502050865ffd54c0acd28eb7b6ba1,百度热搜,实时热搜,realtime,hotlist,,2026-09-25 16:30:26
9,第一批喝泰奶的“受害者”出现了,近期泰式奶茶（泰奶）爆火，但已有部分人喝后出现心悸、头晕、失眠等不适。科普解读指出，泰奶因茶粉颗粒细小、萃取充分，咖啡因含量高于普通奶茶甚至接近美式。,7141961,https://www.baidu.com/s?wd=%E7%AC%AC%E4%B8%80%E6%89%B9%E5%96%9D%E6%B3%B0%E5%A5%B6%E7%9A%84%E2%80%9C%E5%8F%97%E5%AE%B3%E8%80%85%E2%80%9D%E5%87%BA%E7%8E%B0%E4%BA%86&sa=fyb_news&rsv_dl=fyb_news,https://fyb-2.cdn.bcebos.com/hotboard_image/b7cd56b3329a5b8181de4e0c1e202cf0,百度热搜,实时热搜,realtime,hotlist,,2026-09-25 16:30:26
10,超长出行窗口催热中秋国庆游,9月25日就是中秋假期，今年中秋和国庆仅隔3个工作日，形成了近年少见的超长出行窗口。经综合研判，中秋假期，客流较日常小幅增长，预计全社会跨区域人员流动量将达6.5亿人次，日均约2.17亿人次，主要以返乡探亲、走亲访友为主，近郊游、乡村游等城市周边出行较多。,7042351,https://www.baidu.com/s?wd=%E8%B6%85%E9%95%BF%E5%87%BA%E8%A1%8C%E7%AA%97%E5%8F%A3%E5%82%AC%E7%83%AD%E4%B8%AD%E7%A7%8B%E5%9B%BD%E5%BA%86%E6%B8%B8&sa=fyb_news&rsv_dl=fyb_news,https://fyb-2.cdn.bcebos.com/hotboard_image/d0671e250b90a61180632e948f02bb2d,百度热搜,实时热搜,realtime,hotlist,,2026-09-25 16:30:26
11,两国元首有一段“特别互动”,24日，特朗普利用活动间隙向习近平主席展示白宫翻修成果。在杜鲁门阳台，习近平主席对新建的花岗岩直升机坪竖起大拇指。随后特朗普邀请习近平主席登上海军陆战队一号，在机舱内参观数分钟。特朗普表示，双方进行了一次很好的会谈。,6943699,https://www.baidu.com/s?wd=%E4%B8%A4%E5%9B%BD%E5%85%83%E9%A6%96%E6%9C%89%E4%B8%80%E6%AE%B5%E2%80%9C%E7%89%B9%E5%88%AB%E4%BA%92%E5%8A%A8%E2%80%9D&sa=fyb_news&rsv_dl=fyb_news,https://fyb-2.cdn.bcebos.com/hotboard_image/530a56e4d0d2f254bdcda31cc9cc4608,百度热搜,实时热搜,realtime,hotlist,,2026-09-25 16:30:26
12,月饼和螃蟹一起吃会中毒？假的,网传月饼和螃蟹同吃会中毒是谣言。二者同食不会产生毒素，但二者叠加确实会加重肠胃负担。若出现腹胀腹泻多因过量食用，也可能是螃蟹不新鲜、未煮熟所致。,6857013,https://www.baidu.com/s?wd=%E6%9C%88%E9%A5%BC%E5%92%8C%E8%9E%83%E8%9F%B9%E4%B8%80%E8%B5%B7%E5%90%83%E4%BC%9A%E4%B8%AD%E6%AF%92%EF%BC%9F%E5%81%87%E7%9A%84&sa=fyb_news&rsv_dl=fyb_news,https://fyb-2.cdn.bcebos.com/hotboard_image/d3013fb1532292314be40790deb7bfe7,百度热搜,实时热搜,realtime,hotlist,,2026-09-25 16:30:26
13,家长带孩子四处求医 病因就在家里,近日，山东一家长发视频称孩子过敏、咳嗽老不好，3年里四处求医，症状不但没好转，反而越来越严重。无意间拆开衣柜后傻眼：板材长满霉菌，家里竟是“毒窝”。,6759546,https://www.baidu.com/s?wd=%E5%AE%B6%E9%95%BF%E5%B8%A6%E5%AD%A9%E5%AD%90%E5%9B%9B%E5%A4%84%E6%B1%82%E5%8C%BB+%E7%97%85%E5%9B%A0%E5%B0%B1%E5%9C%A8%E5%AE%B6%E9%87%8C&sa=fyb_news&rsv_dl=fyb_news,https://fyb-2.cdn.bcebos.com/hotboard_image/76763014bca17d260fb3535ac6770faf,百度热搜,实时热搜,realtime,hotlist,,2026-09-25 16:30:26
14,孙颖莎把松岛辉空打得太难受了,9月25日，名古屋亚运会混双1/4决赛，国乒组合王楚钦、孙颖莎3比0战胜松岛辉空、张本美和晋级四强，解说赞其“专打对手软肋”。,6656942,https://www.baidu.com/s?wd=%E5%AD%99%E9%A2%96%E8%8E%8E%E6%8A%8A%E6%9D%BE%E5%B2%9B%E8%BE%89%E7%A9%BA%E6%89%93%E5%BE%97%E5%A4%AA%E9%9A%BE%E5%8F%97%E4%BA%86&sa=fyb_news&rsv_dl=fyb_news,https://fyb-2.cdn.bcebos.com/hotboard_image/bdb160403e6b966e81f22ee10d40904e,百度热搜,实时热搜,realtime,hotlist,,2026-09-25 16:30:26
15,张雪带近200名员工飞意大利秋游,9月24日晚，张雪及多位张雪机车员工在社交媒体上发视频，称张雪带队近200人团队包机飞意大利秋游，或将亲临WSBK世界超级摩托车锦标赛意大利分战现场。,6569981,https://www.baidu.com/s?wd=%E5%BC%A0%E9%9B%AA%E5%B8%A6%E8%BF%91200%E5%90%8D%E5%91%98%E5%B7%A5%E9%A3%9E%E6%84%8F%E5%A4%A7%E5%88%A9%E7%A7%8B%E6%B8%B8&sa=fyb_news&rsv_dl=fyb_news,https://fyb-2.cdn.bcebos.com/hotboard_image/eb4e064f683fd9d3431c970fd5adccff,百度热搜,实时热搜,realtime,hotlist,,2026-09-25 16:30:26
16,白宫国宴主桌有谁,当地时间9月24日晚，美国总统特朗普和夫人梅拉尼娅为中国国家主席习近平和夫人彭丽媛在白宫举行欢迎宴会。美国各界人士代表齐聚一堂。据悉，宾客名单中，美国商界尤其是科技界阵容受到关注，马斯克、黄仁勋、库克等均现身。,6472187,https://www.baidu.com/s?wd=%E7%99%BD%E5%AE%AB%E5%9B%BD%E5%AE%B4%E4%B8%BB%E6%A1%8C%E6%9C%89%E8%B0%81&sa=fyb_news&rsv_dl=fyb_news,https://fyb-2.cdn.bcebos.com/hotboard_image/26296644c0034af1a77261ca892a0b65,百度热搜,实时热搜,realtime,hotlist,,2026-09-25 16:30:26
17,高铁站安检仪扫到好多“小圆球”,中秋前夕，云南宣威站安检仪频现宣威火腿月饼。起因是该非遗火腿月饼备受旅客青睐，许多人打包乘车带回家。为此，宣威站不仅在安检区配备胶带等工具方便打包，还通过加开列车等方式增加运能保障出行。,6371940,https://www.baidu.com/s?wd=%E9%AB%98%E9%93%81%E7%AB%99%E5%AE%89%E6%A3%80%E4%BB%AA%E6%89%AB%E5%88%B0%E5%A5%BD%E5%A4%9A%E2%80%9C%E5%B0%8F%E5%9C%86%E7%90%83%E2%80%9D&sa=fyb_news&rsv_dl=fyb_news,https://fyb-2.cdn.bcebos.com/hotboard_image/894bfb531f6c5a1dd0e4dcfb8333bdbb,百度热搜,实时热搜,realtime,hotlist,,2026-09-25 16:30:26
18,白宫欢迎宴会现场画面,当地时间9月24日晚，国家主席习近平和夫人彭丽媛出席美国总统特朗普和夫人梅拉尼娅在白宫举行的欢迎宴会。,6285100,https://www.baidu.com/s?wd=%E7%99%BD%E5%AE%AB%E6%AC%A2%E8%BF%8E%E5%AE%B4%E4%BC%9A%E7%8E%B0%E5%9C%BA%E7%94%BB%E9%9D%A2&sa=fyb_news&rsv_dl=fyb_news,https://fyb-2.cdn.bcebos.com/hotboard_image/e6a9ef089f9ec6a2efbb79160f26007e,百度热搜,实时热搜,realtime,hotlist,,2026-09-25 16:30:26
19,央视中秋晚会节目单,人道秋中明月好，欲邀同赏意如何？9月25日，《中央广播电视总台2026年中秋晚会》节目单发布。,6185779,https://www.baidu.com/s?wd=%E5%A4%AE%E8%A7%86%E4%B8%AD%E7%A7%8B%E6%99%9A%E4%BC%9A%E8%8A%82%E7%9B%AE%E5%8D%95&sa=fyb_news&rsv_dl=fyb_news,https://fyb-2.cdn.bcebos.com/hotboard_image/fd1df43d770603f1fb0c01a708268739,百度热搜,实时热搜,realtime,hotlist,,2026-09-25 16:30:26
20,“干饭哥”亚运已拿4金,9月25日，名古屋亚运会男子50米步枪三姿团体决赛，由盛李豪 、张常鸿、刘宇坤组成的中国队夺得金牌。这是盛李豪本届亚运会上获得的第四枚金牌。,6087070,https://www.baidu.com/s?wd=%E2%80%9C%E5%B9%B2%E9%A5%AD%E5%93%A5%E2%80%9D%E4%BA%9A%E8%BF%90%E5%B7%B2%E6%8B%BF4%E9%87%91&sa=fyb_news&rsv_dl=fyb_news,https://fyb-2.cdn.bcebos.com/hotboard_image/4f18d2672eb7540d01a2682ff2e511bb,百度热搜,实时热搜,realtime,hotlist,,2026-09-25 16:30:26
21,白宫公布国宴菜单与装饰,当地时间9月24日晚，国家主席习近平和夫人彭丽媛乘车抵达白宫，出席美国总统特朗普和夫人梅拉尼娅举行的欢迎宴会。美国第一夫人办公室当天公布了晚宴菜单和现场布置等细节。白宫将此次菜单概括为：以美国食材为主，同时融入中国元素，希望将两国饮食传统结合起来。,6000535,https://www.baidu.com/s?wd=%E7%99%BD%E5%AE%AB%E5%85%AC%E5%B8%83%E5%9B%BD%E5%AE%B4%E8%8F%9C%E5%8D%95%E4%B8%8E%E8%A3%85%E9%A5%B0&sa=fyb_news&rsv_dl=fyb_news,https://fyb-2.cdn.bcebos.com/hotboard_image/8c4e39c93cdc44593572b7b55db75b93,百度热搜,实时热搜,realtime,hotlist,,2026-09-25 16:30:26
22,东部战区发布中秋节重磅海报,25日，东部战区发布中秋节海报《守护·团圆》。海报文案写道“守万家灯火”“护两岸共圆”，传递在中秋佳节守护万家团圆、期盼两岸共圆之意。,5886498,https://www.baidu.com/s?wd=%E4%B8%9C%E9%83%A8%E6%88%98%E5%8C%BA%E5%8F%91%E5%B8%83%E4%B8%AD%E7%A7%8B%E8%8A%82%E9%87%8D%E7%A3%85%E6%B5%B7%E6%8A%A5&sa=fyb_news&rsv_dl=fyb_news,https://fyb-2.cdn.bcebos.com/hotboard_image/b62228d40ee2eaf8f536609be9603ab5,百度热搜,实时热搜,realtime,hotlist,,2026-09-25 16:30:26
23,离异女护士倒在工作岗位留下8岁儿子,近日，贵州省遵义市人社局决定，对贵州茅台医院护士陈佳佳不予认定工伤。此前，30岁的陈佳佳在工作岗位突发脑出血，抢救10天后于8月13日被判定脑死亡离世，留下一名8岁儿子。人社局认为其抢救时长不符合相关规定。,5801405,https://www.baidu.com/s?wd=%E7%A6%BB%E5%BC%82%E5%A5%B3%E6%8A%A4%E5%A3%AB%E5%80%92%E5%9C%A8%E5%B7%A5%E4%BD%9C%E5%B2%97%E4%BD%8D%E7%95%99%E4%B8%8B8%E5%B2%81%E5%84%BF%E5%AD%90&sa=fyb_news&rsv_dl=fyb_news,https://fyb-2.cdn.bcebos.com/hotboard_image/f0ea9e4065c5571ce68777d313c75eab,百度热搜,实时热搜,realtime,hotlist,,2026-09-25 16:30:26
24,美企挤破头想参加欢迎宴会,当地时间9月24日晚，国家主席习近平和夫人彭丽媛在白宫出席美国总统特朗普和夫人梅拉尼娅举行的欢迎宴会。知情人士透露，欢迎宴会的席位远少于想出席的美国CEO人数，每个行业的CEO都希望到场。,5700592,https://www.baidu.com/s?wd=%E7%BE%8E%E4%BC%81%E6%8C%A4%E7%A0%B4%E5%A4%B4%E6%83%B3%E5%8F%82%E5%8A%A0%E6%AC%A2%E8%BF%8E%E5%AE%B4%E4%BC%9A&sa=fyb_news&rsv_dl=fyb_news,https://fyb-2.cdn.bcebos.com/hotboard_image/bde5a8b91130ddd6077e1fd9decdec02,百度热搜,实时热搜,realtime,hotlist,,2026-09-25 16:30:26
25,这块1400年前的月饼至今不知是啥馅,近日，一块距今约1400年的唐代月饼引发关注。1972年该月饼在新疆吐鲁番阿斯塔那古墓出土，是目前考古发现中国唯一的唐代月饼式食物实物。因文物珍贵不能破坏性取样，其馅料至今成谜，研究人员推测可能含枣、核桃或葡萄等果仁。,5605314,https://www.baidu.com/s?wd=%E8%BF%99%E5%9D%971400%E5%B9%B4%E5%89%8D%E7%9A%84%E6%9C%88%E9%A5%BC%E8%87%B3%E4%BB%8A%E4%B8%8D%E7%9F%A5%E6%98%AF%E5%95%A5%E9%A6%85&sa=fyb_news&rsv_dl=fyb_news,https://fyb-2.cdn.bcebos.com/hotboard_image/72ccb6986331115c6b0f0bd78a30d353,百度热搜,实时热搜,realtime,hotlist,,2026-09-25 16:30:26
26,美方拿出“顶配”机型迎接中方元首,9月23日，习近平主席乘专机抵美进行国事访问，美方以最高礼遇迎接：B-2轰炸机、F-22战机飞越白宫致敬，接机环节还出动B-1B轰炸机。,5520225,https://www.baidu.com/s?wd=%E7%BE%8E%E6%96%B9%E6%8B%BF%E5%87%BA%E2%80%9C%E9%A1%B6%E9%85%8D%E2%80%9D%E6%9C%BA%E5%9E%8B%E8%BF%8E%E6%8E%A5%E4%B8%AD%E6%96%B9%E5%85%83%E9%A6%96&sa=fyb_news&rsv_dl=fyb_news,https://fyb-2.cdn.bcebos.com/hotboard_image/3262080e220ebcb18df5c0f88da1c189,百度热搜,实时热搜,realtime,hotlist,,2026-09-25 16:30:26
27,中美元首夫人听两国儿童唱《茉莉花》,近日，中国外交部发言人毛宁在社交媒体上分享画面，中美元首夫人欣赏了由中美两国儿童演唱的中国民歌《茉莉花》。彭丽媛笑着跟唱，并为孩子们鼓掌！,5414222,https://www.baidu.com/s?wd=%E4%B8%AD%E7%BE%8E%E5%85%83%E9%A6%96%E5%A4%AB%E4%BA%BA%E5%90%AC%E4%B8%A4%E5%9B%BD%E5%84%BF%E7%AB%A5%E5%94%B1%E3%80%8A%E8%8C%89%E8%8E%89%E8%8A%B1%E3%80%8B&sa=fyb_news&rsv_dl=fyb_news,https://fyb-2.cdn.bcebos.com/hotboard_image/3740d46ccd5b171734f04e6f411e2a6f,百度热搜,实时热搜,realtime,hotlist,,2026-09-25 16:30:26
28,新华社评国乒男团无缘亚运九连冠,24日，国乒男团以2:3负于东道主日本队，无缘亚运会男团九连冠。决赛失利，再次暴露出中国男乒当下过度依赖王楚钦、阵容深度不足等问题短板。,5336635,https://www.baidu.com/s?wd=%E6%96%B0%E5%8D%8E%E7%A4%BE%E8%AF%84%E5%9B%BD%E4%B9%92%E7%94%B7%E5%9B%A2%E6%97%A0%E7%BC%98%E4%BA%9A%E8%BF%90%E4%B9%9D%E8%BF%9E%E5%86%A0&sa=fyb_news&rsv_dl=fyb_news,https://fyb-2.cdn.bcebos.com/hotboard_image/5db77ac8d7c2d4a8d23e0af943082440,百度热搜,实时热搜,realtime,hotlist,,2026-09-25 16:30:26
29,亲子候补不同车厢 弹窗提示,9月25日，12306客服回应亲子候补购票新规。近日，12306 App上线弹窗提示，告知带儿童候补出票后成人与儿童可能不在同一车厢。此前，上海一女士候补时8岁孩子被分至7车厢致退票。客服称该选项会降低候补成功率，已记录建议将向上反馈评估优化。,5224151,https://www.baidu.com/s?wd=%E4%BA%B2%E5%AD%90%E5%80%99%E8%A1%A5%E4%B8%8D%E5%90%8C%E8%BD%A6%E5%8E%A2+%E5%BC%B9%E7%AA%97%E6%8F%90%E7%A4%BA&sa=fyb_news&rsv_dl=fyb_news,https://fyb-2.cdn.bcebos.com/hotboard_image/8ae9f6709ffa86a63f125fe1808fcbc4,百度热搜,实时热搜,realtime,hotlist,,2026-09-25 16:30:26
30,陈龙遗憾错过见游本昌最后一面,9月24日凌晨，游本昌在北京逝世，享年93岁。演员陈龙称，此前自己本想看望游本昌老师，但因为一些事情错过，遗憾没能见到最后一面。,5119636,https://www.baidu.com/s?wd=%E9%99%88%E9%BE%99%E9%81%97%E6%86%BE%E9%94%99%E8%BF%87%E8%A7%81%E6%B8%B8%E6%9C%AC%E6%98%8C%E6%9C%80%E5%90%8E%E4%B8%80%E9%9D%A2&sa=fyb_news&rsv_dl=fyb_news,https://fyb-2.cdn.bcebos.com/hotboard_image/36c93487639dcddd151a4a460d4769b0,百度热搜,实时热搜,realtime,hotlist,,2026-09-25 16:30:26
31,中秋假期西湖再现“最美人墙”,9月24日晚，杭州西湖边再现“最美人墙”，志愿者组成人墙疏导人流。中秋假期首日，景区分流隔离设施已就位，当地还推出中秋限定“月亮船”赏月活动，为游客增添节日氛围。,5024128,https://www.baidu.com/s?wd=%E4%B8%AD%E7%A7%8B%E5%81%87%E6%9C%9F%E8%A5%BF%E6%B9%96%E5%86%8D%E7%8E%B0%E2%80%9C%E6%9C%80%E7%BE%8E%E4%BA%BA%E5%A2%99%E2%80%9D&sa=fyb_news&rsv_dl=fyb_news,https://fyb-2.cdn.bcebos.com/hotboard_image/4c4b596f5225754e58a03e55a593c7b3,百度热搜,实时热搜,realtime,hotlist,,2026-09-25 16:30:26
32,女子反复咳血3年竟因淋了“细菌雨”,近日，李女士确诊鸟分歧杆菌引起的肺病，反复咳嗽咳血已3年。医生介绍，其淋浴花洒10多年未更换，内部潮湿环境滋生大量细菌，洗澡时细菌随水雾被吸入肺部导致感染。专家建议每三个月清洗一次花洒。,4951303,https://www.baidu.com/s?wd=%E5%A5%B3%E5%AD%90%E5%8F%8D%E5%A4%8D%E5%92%B3%E8%A1%803%E5%B9%B4%E7%AB%9F%E5%9B%A0%E6%B7%8B%E4%BA%86%E2%80%9C%E7%BB%86%E8%8F%8C%E9%9B%A8%E2%80%9D&sa=fyb_news&rsv_dl=fyb_news,https://fyb-2.cdn.bcebos.com/hotboard_image/cada5c2e8784eb60fb4eef1b82a7bfeb,百度热搜,实时热搜,realtime,hotlist,,2026-09-25 16:30:26
33,酒店推369元自助早餐月卡 有70种菜,9月24日，记者探访获悉，武汉市东西湖区武汉临空港会展酒店近日推出369元自助早餐月卡，每天成本约12元可任选70余种餐品。,4846436,https://www.baidu.com/s?wd=%E9%85%92%E5%BA%97%E6%8E%A8369%E5%85%83%E8%87%AA%E5%8A%A9%E6%97%A9%E9%A4%90%E6%9C%88%E5%8D%A1+%E6%9C%8970%E7%A7%8D%E8%8F%9C&sa=fyb_news&rsv_dl=fyb_news,https://fyb-2.cdn.bcebos.com/hotboard_image/6d31f96475347a5725aac484a9f77bd0,百度热搜,实时热搜,realtime,hotlist,,2026-09-25 16:30:26
34,孙颖莎晋级女单16强,当地时间9月25日，在日本丰田市举行的爱知·名古屋亚运会乒乓球女子单打第二轮比赛中，中国选手孙颖莎4比0战胜卡塔尔选手阿里，晋级下一轮。,4757210,https://www.baidu.com/s?wd=%E5%AD%99%E9%A2%96%E8%8E%8E%E6%99%8B%E7%BA%A7%E5%A5%B3%E5%8D%9516%E5%BC%BA&sa=fyb_news&rsv_dl=fyb_news,https://fyb-2.cdn.bcebos.com/hotboard_image/36301382bcfdc15cdcc4965e9be86d9f,百度热搜,实时热搜,realtime,hotlist,,2026-09-25 16:30:26
35,特斯拉 尾款减5000,9月25日，特斯拉发文宣布：2026年10月31日（含）前下单，Model 3全系限时尾款立减5000元，Model Y部分车型限时尾款立减7000元，此外还有5年0息及Model 3部分车型8000元保险补贴等活动。,4638598,https://www.baidu.com/s?wd=%E7%89%B9%E6%96%AF%E6%8B%89+%E5%B0%BE%E6%AC%BE%E5%87%8F5000&sa=fyb_news&rsv_dl=fyb_news,https://fyb-2.cdn.bcebos.com/hotboard_image/b8697b9587f5818305ea2b69af150fdd,百度热搜,实时热搜,realtime,hotlist,,2026-09-25 16:30:26
36,湖南第一师范学院教师走红网络,近日，湖南第一师范学院一教师因讲课画面走红。该教师回应称未运营社交账号，走红是被动且幸运。其表示感恩被看见，并强调身边有很多默默付出的老师，希望借此展现学校坚守师范教育落地的长期成果。,4553652,https://www.baidu.com/s?wd=%E6%B9%96%E5%8D%97%E7%AC%AC%E4%B8%80%E5%B8%88%E8%8C%83%E5%AD%A6%E9%99%A2%E6%95%99%E5%B8%88%E8%B5%B0%E7%BA%A2%E7%BD%91%E7%BB%9C&sa=fyb_news&rsv_dl=fyb_news,https://fyb-2.cdn.bcebos.com/hotboard_image/a035221ecdf9247391eecc4e2d575740,百度热搜,实时热搜,realtime,hotlist,,2026-09-25 16:30:26
37,演员李治廷官宣当爸,9月25日，演员李治廷发文宣布当爸：“新添一员，阖家圆满”，并晒出托着孩子小手与月饼的照片。此前，2023年3月14日，李治廷出席活动时手戴婚戒自曝已婚数月，称太太是圈外人，比自己小5岁多，因对方不习惯未公开样貌。,4472866,https://www.baidu.com/s?wd=%E6%BC%94%E5%91%98%E6%9D%8E%E6%B2%BB%E5%BB%B7%E5%AE%98%E5%AE%A3%E5%BD%93%E7%88%B8&sa=fyb_news&rsv_dl=fyb_news,https://fyb-2.cdn.bcebos.com/hotboard_image/a60e5f00856a8442a31892db91d5ea1a,百度热搜,实时热搜,realtime,hotlist,,2026-09-25 16:30:26
38,月饼这么吃更健康,中秋将至，月饼高糖高油，健康吃法有讲究：宜选上午或午后食用、每次半块以内，避免空腹和睡前吃，搭配淡茶更佳，糖友等特殊人群需减量。,4353082,https://www.baidu.com/s?wd=%E6%9C%88%E9%A5%BC%E8%BF%99%E4%B9%88%E5%90%83%E6%9B%B4%E5%81%A5%E5%BA%B7&sa=fyb_news&rsv_dl=fyb_news,https://fyb-2.cdn.bcebos.com/hotboard_image/43de290983cd604670e46430275edabb,百度热搜,实时热搜,realtime,hotlist,,2026-09-25 16:30:26
39,闪身步为何让人上头,近期，花鼓灯基本功“闪身步”视频全网刷屏，播放量超7.5亿次，引众多明星及网友模仿。华西医院医生孙学礼解读称，年轻人平时绷得太紧，该动作让人体验到身体掌控感，是身体在替心理释放压力。,4273270,https://www.baidu.com/s?wd=%E9%97%AA%E8%BA%AB%E6%AD%A5%E4%B8%BA%E4%BD%95%E8%AE%A9%E4%BA%BA%E4%B8%8A%E5%A4%B4&sa=fyb_news&rsv_dl=fyb_news,https://fyb-2.cdn.bcebos.com/hotboard_image/fc2ee00a18f398782132d43a5dff606f,百度热搜,实时热搜,realtime,hotlist,,2026-09-25 16:30:26
40,超长的风吹进了月饼界,超长的风吹进了月饼界，超长蛋挞成为中秋顶流。网红食物进入“超长时代”，60cm超长长长蛋挞爆火的背后，靠的是给了你一个分享的理由。,4169663,https://www.baidu.com/s?wd=%E8%B6%85%E9%95%BF%E7%9A%84%E9%A3%8E%E5%90%B9%E8%BF%9B%E4%BA%86%E6%9C%88%E9%A5%BC%E7%95%8C&sa=fyb_news&rsv_dl=fyb_news,https://fyb-2.cdn.bcebos.com/hotboard_image/82c1b6f92f8f611150f2b2cd4a7e5e97,百度热搜,实时热搜,realtime,hotlist,,2026-09-25 16:30:26
41,“中国天眼”发现脉冲星超1300颗,9月25日，“中国天眼”FAST迎来落成十周年。截至目前，FAST累计发现脉冲星超1300颗，超过同一时期国际其他望远镜发现总和，并在快速射电暴等领域取得多项成果。,4098025,https://www.baidu.com/s?wd=%E2%80%9C%E4%B8%AD%E5%9B%BD%E5%A4%A9%E7%9C%BC%E2%80%9D%E5%8F%91%E7%8E%B0%E8%84%89%E5%86%B2%E6%98%9F%E8%B6%851300%E9%A2%97&sa=fyb_news&rsv_dl=fyb_news,https://fyb-2.cdn.bcebos.com/hotboard_image/ddf99dfdcbc2705bc8e7025e13363cd5,百度热搜,实时热搜,realtime,hotlist,,2026-09-25 16:30:26
42,马斯克黄仁勋等出席白宫欢迎宴会,当地时间9月24日晚，国家主席习近平和夫人彭丽媛在白宫出席美国总统特朗普和夫人梅拉尼娅举行的欢迎宴会。马斯克、黄仁勋、苏世民、奥尔特曼等出席白宫欢迎宴会。,3964801,https://www.baidu.com/s?wd=%E9%A9%AC%E6%96%AF%E5%85%8B%E9%BB%84%E4%BB%81%E5%8B%8B%E7%AD%89%E5%87%BA%E5%B8%AD%E7%99%BD%E5%AE%AB%E6%AC%A2%E8%BF%8E%E5%AE%B4%E4%BC%9A&sa=fyb_news&rsv_dl=fyb_news,https://fyb-2.cdn.bcebos.com/hotboard_image/11c149002c2df8d234315b12f1bc5896,百度热搜,实时热搜,realtime,hotlist,,2026-09-25 16:30:26
43,电影《敦煌英雄》今日上映,,3875436,https://www.baidu.com/s?wd=%E7%94%B5%E5%BD%B1%E3%80%8A%E6%95%A6%E7%85%8C%E8%8B%B1%E9%9B%84%E3%80%8B%E4%BB%8A%E6%97%A5%E4%B8%8A%E6%98%A0&sa=fyb_news&rsv_dl=fyb_news,https://fyb-1.cdn.bcebos.com/fyb/de6163834f53ca92c1273fff98ac9078.jpeg,百度热搜,实时热搜,realtime,hotlist,,2026-09-25 16:30:26
44,中国足协：汲取塌方式腐败惨痛教训,9月24日，中国足协召开党建工作专题会议。足协党委书记张家胜表示，要筑牢廉政防线，深刻汲取足球领域系统性、塌方式腐败惨痛教训，杜绝国家队建设急功近利。,3794273,https://www.baidu.com/s?wd=%E4%B8%AD%E5%9B%BD%E8%B6%B3%E5%8D%8F%EF%BC%9A%E6%B1%B2%E5%8F%96%E5%A1%8C%E6%96%B9%E5%BC%8F%E8%85%90%E8%B4%A5%E6%83%A8%E7%97%9B%E6%95%99%E8%AE%AD&sa=fyb_news&rsv_dl=fyb_news,https://fyb-2.cdn.bcebos.com/hotboard_image/60d23cb976a6addfd8fc31f7b00d9431,百度热搜,实时热搜,realtime,hotlist,,2026-09-25 16:30:26
45,11岁男孩听从120引导冷静救奶奶,近日，深圳一奶奶被汤圆卡喉失去意识，11岁孙子拨打120求救。孙子在接线员指导下持续按压，最终奶奶将汤圆吐出，成功获救。,3677250,https://www.baidu.com/s?wd=11%E5%B2%81%E7%94%B7%E5%AD%A9%E5%90%AC%E4%BB%8E120%E5%BC%95%E5%AF%BC%E5%86%B7%E9%9D%99%E6%95%91%E5%A5%B6%E5%A5%B6&sa=fyb_news&rsv_dl=fyb_news,https://fyb-2.cdn.bcebos.com/hotboard_image/16fe7aa4c1e65c2b3396bd7ac2a1f872,百度热搜,实时热搜,realtime,hotlist,,2026-09-25 16:30:26
46,中国女子水球队亚运五连冠,9月24日，名古屋亚运会女子水球项目展开最后一轮较量，中国队常规赛与日本队战至14平，经过点球大战，最终中国队战胜日本队，积分排名第一，连续第五次站上亚运会最高领奖台。‌‌,3616034,https://www.baidu.com/s?wd=%E4%B8%AD%E5%9B%BD%E5%A5%B3%E5%AD%90%E6%B0%B4%E7%90%83%E9%98%9F%E4%BA%9A%E8%BF%90%E4%BA%94%E8%BF%9E%E5%86%A0&sa=fyb_news&rsv_dl=fyb_news,https://fyb-2.cdn.bcebos.com/hotboard_image/d5d05181bb872a21d18434fcf1cc7231,百度热搜,实时热搜,realtime,hotlist,,2026-09-25 16:30:26
47,王楚钦晋级亚运男单16强,9月25日，2026名古屋亚运会男单1/16决赛，王楚钦4-2战胜提塔帕·普里查扬，晋级16强。比分：3-11，11-6，11-4，8-11，11-2，11-5。,3510815,https://www.baidu.com/s?wd=%E7%8E%8B%E6%A5%9A%E9%92%A6%E6%99%8B%E7%BA%A7%E4%BA%9A%E8%BF%90%E7%94%B7%E5%8D%9516%E5%BC%BA&sa=fyb_news&rsv_dl=fyb_news,https://fyb-2.cdn.bcebos.com/hotboard_image/4c072341f85c1e175278d073a5d4cf6a,百度热搜,实时热搜,realtime,hotlist,,2026-09-25 16:30:26
48,高尔夫俱乐部有蛇从球洞钻出立起吐信,近日，深圳一高尔夫俱乐部有蛇从球洞钻出立起吐信。事发俱乐部工作人员回应：球场树多水多，会撒药巡查，目前未出现蛇伤人情况。,3421886,https://www.baidu.com/s?wd=%E9%AB%98%E5%B0%94%E5%A4%AB%E4%BF%B1%E4%B9%90%E9%83%A8%E6%9C%89%E8%9B%87%E4%BB%8E%E7%90%83%E6%B4%9E%E9%92%BB%E5%87%BA%E7%AB%8B%E8%B5%B7%E5%90%90%E4%BF%A1&sa=fyb_news&rsv_dl=fyb_news,https://fyb-2.cdn.bcebos.com/hotboard_image/a80408f4f4d8c22604ffa46fce5f95d4,百度热搜,实时热搜,realtime,hotlist,,2026-09-25 16:30:26
49,交个朋友直播间道歉,9月25日，针对消费者反映的交个朋友直播间所售万向轮溜溜凳存在木板发霉、填充物不合格等问题，交个朋友直播间发文表示确有其事：“该产品在交个朋友智能家居爆品榜等六个直播间销售过，我们在此向购买过该产品的消费者郑重道歉。”,3336945,https://www.baidu.com/s?wd=%E4%BA%A4%E4%B8%AA%E6%9C%8B%E5%8F%8B%E7%9B%B4%E6%92%AD%E9%97%B4%E9%81%93%E6%AD%89&sa=fyb_news&rsv_dl=fyb_news,https://fyb-2.cdn.bcebos.com/hotboard_image/b4e196eb71eb240be35c841a6dd25b0c,百度热搜,实时热搜,realtime,hotlist,,2026-09-25 16:30:26
50,中秋首日机场“堪比过年”,中秋首日机场客流火爆，场面堪比过年。受拼假出行带动，返乡、旅游客流叠加，国内机票预订量同比大涨超六成。假期呈现首日即出行高峰、返程分散的特点，多地机场安检、值机处排起长队，秋游赏月相关旅游产品热度高涨。,3222857,https://www.baidu.com/s?wd=%E4%B8%AD%E7%A7%8B%E9%A6%96%E6%97%A5%E6%9C%BA%E5%9C%BA%E2%80%9C%E5%A0%AA%E6%AF%94%E8%BF%87%E5%B9%B4%E2%80%9D&sa=fyb_news&rsv_dl=fyb_news,https://fyb-2.cdn.bcebos.com/hotboard_image/45600b8cc5791ae362c39e83a7ac5f50,百度热搜,实时热搜,realtime,hotlist,,2026-09-25 16:30:26
1,习近平和彭丽媛出席欢迎宴会,,7904737,https://www.baidu.com/s?wd=%E4%B9%A0%E8%BF%91%E5%B9%B3%E5%92%8C%E5%BD%AD%E4%B8%BD%E5%AA%9B%E5%87%BA%E5%B8%AD%E6%AC%A2%E8%BF%8E%E5%AE%B4%E4%BC%9A&sa=fyb_news&rsv_dl=fyb_news,https://fyb-1.cdn.bcebos.com/fyb/de6163834f53ca92c1273fff98ac9078.jpeg,百度热搜,实时热搜,realtime,hotlist,,2026-09-25 17:25:38
2,习近平在欢迎宴会上的祝酒辞,当地时间9月24日，国家主席习近平在华盛顿出席美国总统举行的欢迎宴会并致祝酒辞。习近平表示，当天双方坦诚深入交流，达成很多新共识，为中美关系提供新的战略指引。此前，今年5月美国总统访华，两国元首同意构建中美建设性战略稳定关系，习近平此次系应约访美。,7808718,https://www.baidu.com/s?wd=%E4%B9%A0%E8%BF%91%E5%B9%B3%E5%9C%A8%E6%AC%A2%E8%BF%8E%E5%AE%B4%E4%BC%9A%E4%B8%8A%E7%9A%84%E7%A5%9D%E9%85%92%E8%BE%9E&sa=fyb_news&rsv_dl=fyb_news,https://fyb-2.cdn.bcebos.com/hotboard_image/9bd71efc9b756970f06465ba785e4018,百度热搜,实时热搜,realtime,hotlist,,2026-09-25 17:25:38
3,特朗普听到大熊猫将落户美国笑了,大熊猫是中美两国人民友谊的使者。在白宫欢迎仪式上，当习近平主席宣布大熊猫“平平”、“福双”将同美国人民见面时，特朗普总统笑着点头致意。,7712624,https://www.baidu.com/s?wd=%E7%89%B9%E6%9C%97%E6%99%AE%E5%90%AC%E5%88%B0%E5%A4%A7%E7%86%8A%E7%8C%AB%E5%B0%86%E8%90%BD%E6%88%B7%E7%BE%8E%E5%9B%BD%E7%AC%91%E4%BA%86&sa=fyb_news&rsv_dl=fyb_news,https://fyb-2.cdn.bcebos.com/hotboard_image/22129e4a84b59e54cd3ca484ab9831e8,百度热搜,实时热搜,realtime,hotlist,,2026-09-25 17:25:38
4,神二十三乘组从天宫送来中秋祝福,中秋佳节，神舟二十三号航天员乘组的三位航天员朱杨柱、张志远、黎家盈也从“天宫”向全国人民送上节日问候。自5月25日进驻中国空间站以来，神舟二十三号乘组按计划开展科学实验与技术试验、应用载荷出舱、科普教育等工作。,7618858,https://www.baidu.com/s?wd=%E7%A5%9E%E4%BA%8C%E5%8D%81%E4%B8%89%E4%B9%98%E7%BB%84%E4%BB%8E%E5%A4%A9%E5%AE%AB%E9%80%81%E6%9D%A5%E4%B8%AD%E7%A7%8B%E7%A5%9D%E7%A6%8F&sa=fyb_news&rsv_dl=fyb_news,https://fyb-2.cdn.bcebos.com/hotboard_image/219d32da2e26c4e0261f72a02acfe10c,百度热搜,实时热搜,realtime,hotlist,,2026-09-25 17:25:38
5,两国元首有一段“特别互动”,24日，特朗普利用活动间隙向习近平主席展示白宫翻修成果。在杜鲁门阳台，习近平主席对新建的花岗岩直升机坪竖起大拇指。随后特朗普邀请习近平主席登上海军陆战队一号，在机舱内参观数分钟。特朗普表示，双方进行了一次很好的会谈。,7521651,https://www.baidu.com/s?wd=%E4%B8%A4%E5%9B%BD%E5%85%83%E9%A6%96%E6%9C%89%E4%B8%80%E6%AE%B5%E2%80%9C%E7%89%B9%E5%88%AB%E4%BA%92%E5%8A%A8%E2%80%9D&sa=fyb_news&rsv_dl=fyb_news,https://fyb-2.cdn.bcebos.com/hotboard_image/530a56e4d0d2f254bdcda31cc9cc4608,百度热搜,实时热搜,realtime,hotlist,,2026-09-25 17:25:38
6,张展硕 亚运第7金,9月25日，在刚刚结束的爱知·名古屋亚运会男子400米自由泳决赛中，中国队选手张展硕获得冠军，收获个人在本届亚运会上的第七金。,7426143,https://www.baidu.com/s?wd=%E5%BC%A0%E5%B1%95%E7%A1%95+%E4%BA%9A%E8%BF%90%E7%AC%AC7%E9%87%91&sa=fyb_news&rsv_dl=fyb_news,https://fyb-2.cdn.bcebos.com/hotboard_image/578d64d03cb1333ba15e0156cd43fced,百度热搜,实时热搜,realtime,hotlist,,2026-09-25 17:25:38
7,白宫国宴主桌有谁,当地时间9月24日晚，美国总统特朗普和夫人梅拉尼娅为中国国家主席习近平和夫人彭丽媛在白宫举行欢迎宴会。美国各界人士代表齐聚一堂。据悉，宾客名单中，美国商界尤其是科技界阵容受到关注，马斯克、黄仁勋、库克等均现身。,7329930,https://www.baidu.com/s?wd=%E7%99%BD%E5%AE%AB%E5%9B%BD%E5%AE%B4%E4%B8%BB%E6%A1%8C%E6%9C%89%E8%B0%81&sa=fyb_news&rsv_dl=fyb_news,https://fyb-2.cdn.bcebos.com/hotboard_image/26296644c0034af1a77261ca892a0b65,百度热搜,实时热搜,realtime,hotlist,,2026-09-25 17:25:38
8,中国女篮不敌韩国无缘决赛,北京时间9月25日，在爱知·名古屋亚运会女篮半决赛中，中国女篮以80比85不敌韩国女篮，无缘决赛。至此，本届亚运会中国篮球各支队伍均无缘决赛。,7232615,https://www.baidu.com/s?wd=%E4%B8%AD%E5%9B%BD%E5%A5%B3%E7%AF%AE%E4%B8%8D%E6%95%8C%E9%9F%A9%E5%9B%BD%E6%97%A0%E7%BC%98%E5%86%B3%E8%B5%9B&sa=fyb_news&rsv_dl=fyb_news,https://fyb-2.cdn.bcebos.com/hotboard_image/55d2b17fb1fa17b7f16d684a06da2abd,百度热搜,实时热搜,realtime,hotlist,,2026-09-25 17:25:38
9,特斯拉 尾款减5000,9月25日，特斯拉发文宣布：2026年10月31日（含）前下单，Model 3全系限时尾款立减5000元，Model Y部分车型限时尾款立减7000元，此外还有5年0息及Model 3部分车型8000元保险补贴等活动。,7136377,https://www.baidu.com/s?wd=%E7%89%B9%E6%96%AF%E6%8B%89+%E5%B0%BE%E6%AC%BE%E5%87%8F5000&sa=fyb_news&rsv_dl=fyb_news,https://fyb-2.cdn.bcebos.com/hotboard_image/b8697b9587f5818305ea2b69af150fdd,百度热搜,实时热搜,realtime,hotlist,,2026-09-25 17:25:38
10,超长出行窗口催热中秋国庆游,9月25日就是中秋假期，今年中秋和国庆仅隔3个工作日，形成了近年少见的超长出行窗口。经综合研判，中秋假期，客流较日常小幅增长，预计全社会跨区域人员流动量将达6.5亿人次，日均约2.17亿人次，主要以返乡探亲、走亲访友为主，近郊游、乡村游等城市周边出行较多。,7041839,https://www.baidu.com/s?wd=%E8%B6%85%E9%95%BF%E5%87%BA%E8%A1%8C%E7%AA%97%E5%8F%A3%E5%82%AC%E7%83%AD%E4%B8%AD%E7%A7%8B%E5%9B%BD%E5%BA%86%E6%B8%B8&sa=fyb_news&rsv_dl=fyb_news,https://fyb-2.cdn.bcebos.com/hotboard_image/d0671e250b90a61180632e948f02bb2d,百度热搜,实时热搜,realtime,hotlist,,2026-09-25 17:25:38
11,中国女足1比0击败越南女足 晋级四强,北京时间9月25日，爱知·名古屋亚运会女足项目四分之一决赛，中国女足与越南女足展开交锋。最终，中国女足以1比0的比分获胜晋级，闯进本届亚运会四强。,6945223,https://www.baidu.com/s?wd=%E4%B8%AD%E5%9B%BD%E5%A5%B3%E8%B6%B31%E6%AF%940%E5%87%BB%E8%B4%A5%E8%B6%8A%E5%8D%97%E5%A5%B3%E8%B6%B3+%E6%99%8B%E7%BA%A7%E5%9B%9B%E5%BC%BA&sa=fyb_news&rsv_dl=fyb_news,https://fyb-2.cdn.bcebos.com/hotboard_image/f6f96563e271723fcd03bc7b377d234c,百度热搜,实时热搜,realtime,hotlist,,2026-09-25 17:25:38
12,月饼和螃蟹一起吃会中毒？假的,网传月饼和螃蟹同吃会中毒是谣言。二者同食不会产生毒素，但二者叠加确实会加重肠胃负担。若出现腹胀腹泻多因过量食用，也可能是螃蟹不新鲜、未煮熟所致。,6857895,https://www.baidu.com/s?wd=%E6%9C%88%E9%A5%BC%E5%92%8C%E8%9E%83%E8%9F%B9%E4%B8%80%E8%B5%B7%E5%90%83%E4%BC%9A%E4%B8%AD%E6%AF%92%EF%BC%9F%E5%81%87%E7%9A%84&sa=fyb_news&rsv_dl=fyb_news,https://fyb-2.cdn.bcebos.com/hotboard_image/d3013fb1532292314be40790deb7bfe7,百度热搜,实时热搜,realtime,hotlist,,2026-09-25 17:25:38
13,家长带孩子四处求医 病因就在家里,近日，山东一家长发视频称孩子过敏、咳嗽老不好，3年里四处求医，症状不但没好转，反而越来越严重。无意间拆开衣柜后傻眼：板材长满霉菌，家里竟是“毒窝”。,6754840,https://www.baidu.com/s?wd=%E5%AE%B6%E9%95%BF%E5%B8%A6%E5%AD%A9%E5%AD%90%E5%9B%9B%E5%A4%84%E6%B1%82%E5%8C%BB+%E7%97%85%E5%9B%A0%E5%B0%B1%E5%9C%A8%E5%AE%B6%E9%87%8C&sa=fyb_news&rsv_dl=fyb_news,https://fyb-2.cdn.bcebos.com/hotboard_image/76763014bca17d260fb3535ac6770faf,百度热搜,实时热搜,realtime,hotlist,,2026-09-25 17:25:38
14,孙颖莎把松岛辉空打得太难受了,9月25日，名古屋亚运会混双1/4决赛，国乒组合王楚钦、孙颖莎3比0战胜松岛辉空、张本美和晋级四强，解说赞其“专打对手软肋”。,6656849,https://www.baidu.com/s?wd=%E5%AD%99%E9%A2%96%E8%8E%8E%E6%8A%8A%E6%9D%BE%E5%B2%9B%E8%BE%89%E7%A9%BA%E6%89%93%E5%BE%97%E5%A4%AA%E9%9A%BE%E5%8F%97%E4%BA%86&sa=fyb_news&rsv_dl=fyb_news,https://fyb-2.cdn.bcebos.com/hotboard_image/bdb160403e6b966e81f22ee10d40904e,百度热搜,实时热搜,realtime,hotlist,,2026-09-25 17:25:38
15,中国队包揽男子50米蛙泳金银牌,9月25日，名古屋亚运会男子50米蛙泳决赛，中国选手覃海洋夺得金牌，成功卫冕。另一位中国选手刘俊杰获得银牌。,6571937,https://www.baidu.com/s?wd=%E4%B8%AD%E5%9B%BD%E9%98%9F%E5%8C%85%E6%8F%BD%E7%94%B7%E5%AD%9050%E7%B1%B3%E8%9B%99%E6%B3%B3%E9%87%91%E9%93%B6%E7%89%8C&sa=fyb_news&rsv_dl=fyb_news,https://fyb-2.cdn.bcebos.com/hotboard_image/f70f4d6539f0db323d2e9b574e265491,百度热搜,实时热搜,realtime,hotlist,,2026-09-25 17:25:38
16,张雪带近200名员工飞意大利秋游,9月24日晚，张雪及多位张雪机车员工在社交媒体上发视频，称张雪带队近200人团队包机飞意大利秋游，或将亲临WSBK世界超级摩托车锦标赛意大利分战现场。,6476788,https://www.baidu.com/s?wd=%E5%BC%A0%E9%9B%AA%E5%B8%A6%E8%BF%91200%E5%90%8D%E5%91%98%E5%B7%A5%E9%A3%9E%E6%84%8F%E5%A4%A7%E5%88%A9%E7%A7%8B%E6%B8%B8&sa=fyb_news&rsv_dl=fyb_news,https://fyb-2.cdn.bcebos.com/hotboard_image/eb4e064f683fd9d3431c970fd5adccff,百度热搜,实时热搜,realtime,hotlist,,2026-09-25 17:25:38
17,“赛考斯”回应：我受宠若惊,就习主席在白宫国宴讲述其与殷玉珍治沙故事一事，赛考斯作出回应。因习主席提到了他的名字，他表示这非常有人情味，自己受宠若惊，并称做这一切从来不是为了博关注。,6370872,https://www.baidu.com/s?wd=%E2%80%9C%E8%B5%9B%E8%80%83%E6%96%AF%E2%80%9D%E5%9B%9E%E5%BA%94%EF%BC%9A%E6%88%91%E5%8F%97%E5%AE%A0%E8%8B%A5%E6%83%8A&sa=fyb_news&rsv_dl=fyb_news,https://fyb-2.cdn.bcebos.com/hotboard_image/2f59b18e0f64e2f93b04ef38e8e37ca6,百度热搜,实时热搜,realtime,hotlist,,2026-09-25 17:25:38
18,白宫欢迎宴会现场画面,当地时间9月24日晚，国家主席习近平和夫人彭丽媛出席美国总统特朗普和夫人梅拉尼娅在白宫举行的欢迎宴会。,6284312,https://www.baidu.com/s?wd=%E7%99%BD%E5%AE%AB%E6%AC%A2%E8%BF%8E%E5%AE%B4%E4%BC%9A%E7%8E%B0%E5%9C%BA%E7%94%BB%E9%9D%A2&sa=fyb_news&rsv_dl=fyb_news,https://fyb-2.cdn.bcebos.com/hotboard_image/e6a9ef089f9ec6a2efbb79160f26007e,百度热搜,实时热搜,realtime,hotlist,,2026-09-25 17:25:38
19,央视中秋晚会节目单,人道秋中明月好，欲邀同赏意如何？9月25日，《中央广播电视总台2026年中秋晚会》节目单发布。,6179963,https://www.baidu.com/s?wd=%E5%A4%AE%E8%A7%86%E4%B8%AD%E7%A7%8B%E6%99%9A%E4%BC%9A%E8%8A%82%E7%9B%AE%E5%8D%95&sa=fyb_news&rsv_dl=fyb_news,https://fyb-2.cdn.bcebos.com/hotboard_image/fd1df43d770603f1fb0c01a708268739,百度热搜,实时热搜,realtime,hotlist,,2026-09-25 17:25:38
20,高校捞鱼免费给学生做全鱼宴过中秋,近日，宁夏银川的北方民族大学有工作人员在校湖内捕捞鲜鱼，准备在中秋节当天为在校学生们提供精心制作的鱼肴。25日，记者从北方民族大学获悉，学校不仅为学生们准备了全鱼宴，还有苹果、月饼等美食，今年中秋、国庆也将合并放假13天。,6085996,https://www.baidu.com/s?wd=%E9%AB%98%E6%A0%A1%E6%8D%9E%E9%B1%BC%E5%85%8D%E8%B4%B9%E7%BB%99%E5%AD%A6%E7%94%9F%E5%81%9A%E5%85%A8%E9%B1%BC%E5%AE%B4%E8%BF%87%E4%B8%AD%E7%A7%8B&sa=fyb_news&rsv_dl=fyb_news,https://fyb-2.cdn.bcebos.com/hotboard_image/e3ed753a9437f5218989e66b944c4a5e,百度热搜,实时热搜,realtime,hotlist,,2026-09-25 17:25:38
21,白宫公布国宴菜单与装饰,当地时间9月24日晚，国家主席习近平和夫人彭丽媛乘车抵达白宫，出席美国总统特朗普和夫人梅拉尼娅举行的欢迎宴会。美国第一夫人办公室当天公布了晚宴菜单和现场布置等细节。白宫将此次菜单概括为：以美国食材为主，同时融入中国元素，希望将两国饮食传统结合起来。,5984326,https://www.baidu.com/s?wd=%E7%99%BD%E5%AE%AB%E5%85%AC%E5%B8%83%E5%9B%BD%E5%AE%B4%E8%8F%9C%E5%8D%95%E4%B8%8E%E8%A3%85%E9%A5%B0&sa=fyb_news&rsv_dl=fyb_news,https://fyb-2.cdn.bcebos.com/hotboard_image/8c4e39c93cdc44593572b7b55db75b93,百度热搜,实时热搜,realtime,hotlist,,2026-09-25 17:25:38
22,东部战区发布中秋节重磅海报,25日，东部战区发布中秋节海报《守护·团圆》。海报文案写道“守万家灯火”“护两岸共圆”，传递在中秋佳节守护万家团圆、期盼两岸共圆之意。,5905193,https://www.baidu.com/s?wd=%E4%B8%9C%E9%83%A8%E6%88%98%E5%8C%BA%E5%8F%91%E5%B8%83%E4%B8%AD%E7%A7%8B%E8%8A%82%E9%87%8D%E7%A3%85%E6%B5%B7%E6%8A%A5&sa=fyb_news&rsv_dl=fyb_news,https://fyb-2.cdn.bcebos.com/hotboard_image/b62228d40ee2eaf8f536609be9603ab5,百度热搜,实时热搜,realtime,hotlist,,2026-09-25 17:25:38
23,“干饭哥”亚运已拿4金,9月25日，名古屋亚运会男子50米步枪三姿团体决赛，由盛李豪 、张常鸿、刘宇坤组成的中国队夺得金牌。这是盛李豪本届亚运会上获得的第四枚金牌。,5805111,https://www.baidu.com/s?wd=%E2%80%9C%E5%B9%B2%E9%A5%AD%E5%93%A5%E2%80%9D%E4%BA%9A%E8%BF%90%E5%B7%B2%E6%8B%BF4%E9%87%91&sa=fyb_news&rsv_dl=fyb_news,https://fyb-2.cdn.bcebos.com/hotboard_image/4f18d2672eb7540d01a2682ff2e511bb,百度热搜,实时热搜,realtime,hotlist,,2026-09-25 17:25:38
24,国宴第一杯酒为何选尼克松访华同款,当地时间9月24日晚，美国白宫为中国国家主席习近平夫妇举行欢迎国宴。晚宴开场选用加州世酿伯格酒庄的黑中白起泡酒。白宫称，此举旨在致敬历史。此前在1972年中美破冰时，这也是当年带到中国的同款起泡酒。,5713172,https://www.baidu.com/s?wd=%E5%9B%BD%E5%AE%B4%E7%AC%AC%E4%B8%80%E6%9D%AF%E9%85%92%E4%B8%BA%E4%BD%95%E9%80%89%E5%B0%BC%E5%85%8B%E6%9D%BE%E8%AE%BF%E5%8D%8E%E5%90%8C%E6%AC%BE&sa=fyb_news&rsv_dl=fyb_news,https://fyb-2.cdn.bcebos.com/hotboard_image/6b5173f99259b2660a16d516875ddf87,百度热搜,实时热搜,realtime,hotlist,,2026-09-25 17:25:38
25,张雨霏夺得亚运会女子50米蝶泳金牌,9月25日，第二十届亚运会游泳比赛在日本东京水上运动中心迎来收官日。在刚刚结束的女子50米蝶泳决赛中，中国队选手张雨霏夺得金牌。,5607753,https://www.baidu.com/s?wd=%E5%BC%A0%E9%9B%A8%E9%9C%8F%E5%A4%BA%E5%BE%97%E4%BA%9A%E8%BF%90%E4%BC%9A%E5%A5%B3%E5%AD%9050%E7%B1%B3%E8%9D%B6%E6%B3%B3%E9%87%91%E7%89%8C&sa=fyb_news&rsv_dl=fyb_news,https://fyb-2.cdn.bcebos.com/hotboard_image/5ab502050865ffd54c0acd28eb7b6ba1,百度热搜,实时热搜,realtime,hotlist,,2026-09-25 17:25:38
26,美方拿出“顶配”机型迎接中方元首,9月23日，习近平主席乘专机抵美进行国事访问，美方以最高礼遇迎接：B-2轰炸机、F-22战机飞越白宫致敬，接机环节还出动B-1B轰炸机。,5505092,https://www.baidu.com/s?wd=%E7%BE%8E%E6%96%B9%E6%8B%BF%E5%87%BA%E2%80%9C%E9%A1%B6%E9%85%8D%E2%80%9D%E6%9C%BA%E5%9E%8B%E8%BF%8E%E6%8E%A5%E4%B8%AD%E6%96%B9%E5%85%83%E9%A6%96&sa=fyb_news&rsv_dl=fyb_news,https://fyb-2.cdn.bcebos.com/hotboard_image/3262080e220ebcb18df5c0f88da1c189,百度热搜,实时热搜,realtime,hotlist,,2026-09-25 17:25:38
27,新华社评国乒男团无缘亚运九连冠,24日，国乒男团以2:3负于东道主日本队，无缘亚运会男团九连冠。决赛失利，再次暴露出中国男乒当下过度依赖王楚钦、阵容深度不足等问题短板。,5418734,https://www.baidu.com/s?wd=%E6%96%B0%E5%8D%8E%E7%A4%BE%E8%AF%84%E5%9B%BD%E4%B9%92%E7%94%B7%E5%9B%A2%E6%97%A0%E7%BC%98%E4%BA%9A%E8%BF%90%E4%B9%9D%E8%BF%9E%E5%86%A0&sa=fyb_news&rsv_dl=fyb_news,https://fyb-2.cdn.bcebos.com/hotboard_image/5db77ac8d7c2d4a8d23e0af943082440,百度热搜,实时热搜,realtime,hotlist,,2026-09-25 17:25:38
28,新一轮购车补贴来了 多地放大招,新一轮购车补贴来了。近期，全国多地推出汽车促消费活动，既有省级专项补贴，也有市级、区级购车优惠。有购车、换车计划的消费者，这波优惠可别错过。,5315158,https://www.baidu.com/s?wd=%E6%96%B0%E4%B8%80%E8%BD%AE%E8%B4%AD%E8%BD%A6%E8%A1%A5%E8%B4%B4%E6%9D%A5%E4%BA%86+%E5%A4%9A%E5%9C%B0%E6%94%BE%E5%A4%A7%E6%8B%9B&sa=fyb_news&rsv_dl=fyb_news,https://fyb-2.cdn.bcebos.com/hotboard_image/13dae153865f9f2469ddc279b259ba3a,百度热搜,实时热搜,realtime,hotlist,,2026-09-25 17:25:38
29,闪身步为何让人上头,近期，花鼓灯基本功“闪身步”视频全网刷屏，播放量超7.5亿次，引众多明星及网友模仿。华西医院医生孙学礼解读称，年轻人平时绷得太紧，该动作让人体验到身体掌控感，是身体在替心理释放压力。,5232784,https://www.baidu.com/s?wd=%E9%97%AA%E8%BA%AB%E6%AD%A5%E4%B8%BA%E4%BD%95%E8%AE%A9%E4%BA%BA%E4%B8%8A%E5%A4%B4&sa=fyb_news&rsv_dl=fyb_news,https://fyb-2.cdn.bcebos.com/hotboard_image/fc2ee00a18f398782132d43a5dff606f,百度热搜,实时热搜,realtime,hotlist,,2026-09-25 17:25:38
30,湖南第一师范学院教师走红网络,近日，湖南第一师范学院一教师因讲课画面走红。该教师回应称未运营社交账号，走红是被动且幸运。其表示感恩被看见，并强调身边有很多默默付出的老师，希望借此展现学校坚守师范教育落地的长期成果。,5131399,https://www.baidu.com/s?wd=%E6%B9%96%E5%8D%97%E7%AC%AC%E4%B8%80%E5%B8%88%E8%8C%83%E5%AD%A6%E9%99%A2%E6%95%99%E5%B8%88%E8%B5%B0%E7%BA%A2%E7%BD%91%E7%BB%9C&sa=fyb_news&rsv_dl=fyb_news,https://fyb-2.cdn.bcebos.com/hotboard_image/a035221ecdf9247391eecc4e2d575740,百度热搜,实时热搜,realtime,hotlist,,2026-09-25 17:25:38
31,中秋假期西湖再现“最美人墙”,9月24日晚，杭州西湖边再现“最美人墙”，志愿者组成人墙疏导人流。中秋假期首日，景区分流隔离设施已就位，当地还推出中秋限定“月亮船”赏月活动，为游客增添节日氛围。,5033189,https://www.baidu.com/s?wd=%E4%B8%AD%E7%A7%8B%E5%81%87%E6%9C%9F%E8%A5%BF%E6%B9%96%E5%86%8D%E7%8E%B0%E2%80%9C%E6%9C%80%E7%BE%8E%E4%BA%BA%E5%A2%99%E2%80%9D&sa=fyb_news&rsv_dl=fyb_news,https://fyb-2.cdn.bcebos.com/hotboard_image/4c4b596f5225754e58a03e55a593c7b3,百度热搜,实时热搜,realtime,hotlist,,2026-09-25 17:25:38
32,女子反复咳血3年竟因淋了“细菌雨”,近日，李女士确诊鸟分歧杆菌引起的肺病，反复咳嗽咳血已3年。医生介绍，其淋浴花洒10多年未更换，内部潮湿环境滋生大量细菌，洗澡时细菌随水雾被吸入肺部导致感染。专家建议每三个月清洗一次花洒。,4944327,https://www.baidu.com/s?wd=%E5%A5%B3%E5%AD%90%E5%8F%8D%E5%A4%8D%E5%92%B3%E8%A1%803%E5%B9%B4%E7%AB%9F%E5%9B%A0%E6%B7%8B%E4%BA%86%E2%80%9C%E7%BB%86%E8%8F%8C%E9%9B%A8%E2%80%9D&sa=fyb_news&rsv_dl=fyb_news,https://fyb-2.cdn.bcebos.com/hotboard_image/cada5c2e8784eb60fb4eef1b82a7bfeb,百度热搜,实时热搜,realtime,hotlist,,2026-09-25 17:25:38
33,交个朋友直播间道歉,9月25日，针对消费者反映的交个朋友直播间所售万向轮溜溜凳存在木板发霉、填充物不合格等问题，交个朋友直播间发文表示确有其事：“该产品在交个朋友智能家居爆品榜等六个直播间销售过，我们在此向购买过该产品的消费者郑重道歉。”,4852372,https://www.baidu.com/s?wd=%E4%BA%A4%E4%B8%AA%E6%9C%8B%E5%8F%8B%E7%9B%B4%E6%92%AD%E9%97%B4%E9%81%93%E6%AD%89&sa=fyb_news&rsv_dl=fyb_news,https://fyb-2.cdn.bcebos.com/hotboard_image/b4e196eb71eb240be35c841a6dd25b0c,百度热搜,实时热搜,realtime,hotlist,,2026-09-25 17:25:38
34,离异女护士倒在工作岗位留下8岁儿子,近日，贵州省遵义市人社局决定，对贵州茅台医院护士陈佳佳不予认定工伤。此前，30岁的陈佳佳在工作岗位突发脑出血，抢救10天后于8月13日被判定脑死亡离世，留下一名8岁儿子。人社局认为其抢救时长不符合相关规定。,4750897,https://www.baidu.com/s?wd=%E7%A6%BB%E5%BC%82%E5%A5%B3%E6%8A%A4%E5%A3%AB%E5%80%92%E5%9C%A8%E5%B7%A5%E4%BD%9C%E5%B2%97%E4%BD%8D%E7%95%99%E4%B8%8B8%E5%B2%81%E5%84%BF%E5%AD%90&sa=fyb_news&rsv_dl=fyb_news,https://fyb-2.cdn.bcebos.com/hotboard_image/f0ea9e4065c5571ce68777d313c75eab,百度热搜,实时热搜,realtime,hotlist,,2026-09-25 17:25:38
35,电影《敦煌英雄》今日上映,,4653645,https://www.baidu.com/s?wd=%E7%94%B5%E5%BD%B1%E3%80%8A%E6%95%A6%E7%85%8C%E8%8B%B1%E9%9B%84%E3%80%8B%E4%BB%8A%E6%97%A5%E4%B8%8A%E6%98%A0&sa=fyb_news&rsv_dl=fyb_news,https://fyb-1.cdn.bcebos.com/fyb/de6163834f53ca92c1273fff98ac9078.jpeg,百度热搜,实时热搜,realtime,hotlist,,2026-09-25 17:25:38
36,超长的风吹进了月饼界,超长的风吹进了月饼界，超长蛋挞成为中秋顶流。网红食物进入“超长时代”，60cm超长长长蛋挞爆火的背后，靠的是给了你一个分享的理由。,4556289,https://www.baidu.com/s?wd=%E8%B6%85%E9%95%BF%E7%9A%84%E9%A3%8E%E5%90%B9%E8%BF%9B%E4%BA%86%E6%9C%88%E9%A5%BC%E7%95%8C&sa=fyb_news&rsv_dl=fyb_news,https://fyb-2.cdn.bcebos.com/hotboard_image/82c1b6f92f8f611150f2b2cd4a7e5e97,百度热搜,实时热搜,realtime,hotlist,,2026-09-25 17:25:38
37,亲子候补不同车厢 弹窗提示,9月25日，12306客服回应亲子候补购票新规。近日，12306 App上线弹窗提示，告知带儿童候补出票后成人与儿童可能不在同一车厢。此前，上海一女士候补时8岁孩子被分至7车厢致退票。客服称该选项会降低候补成功率，已记录建议将向上反馈评估优化。,4453588,https://www.baidu.com/s?wd=%E4%BA%B2%E5%AD%90%E5%80%99%E8%A1%A5%E4%B8%8D%E5%90%8C%E8%BD%A6%E5%8E%A2+%E5%BC%B9%E7%AA%97%E6%8F%90%E7%A4%BA&sa=fyb_news&rsv_dl=fyb_news,https://fyb-2.cdn.bcebos.com/hotboard_image/8ae9f6709ffa86a63f125fe1808fcbc4,百度热搜,实时热搜,realtime,hotlist,,2026-09-25 17:25:38
38,11岁男孩听从120引导冷静救奶奶,近日，深圳一奶奶被汤圆卡喉失去意识，11岁孙子拨打120求救。孙子在接线员指导下持续按压，最终奶奶将汤圆吐出，成功获救。,4384537,https://www.baidu.com/s?wd=11%E5%B2%81%E7%94%B7%E5%AD%A9%E5%90%AC%E4%BB%8E120%E5%BC%95%E5%AF%BC%E5%86%B7%E9%9D%99%E6%95%91%E5%A5%B6%E5%A5%B6&sa=fyb_news&rsv_dl=fyb_news,https://fyb-2.cdn.bcebos.com/hotboard_image/16fe7aa4c1e65c2b3396bd7ac2a1f872,百度热搜,实时热搜,realtime,hotlist,,2026-09-25 17:25:38
39,发中秋礼品拍完照后收回？物业回应,近日，重庆秀山一小区物业疑给保洁员发放中秋礼品拍完照又收回。24日，小区物业相关负责人称，22日保洁主管通过红包形式给保洁员发了中秋福利，后因公司要补拍照片，保洁主管自掏腰包买点礼品拍照片后收回，因此应付公司的拍照要求。上述相关负责人称，已和保洁人员解释清楚，事情已处理完毕。,4272017,https://www.baidu.com/s?wd=%E5%8F%91%E4%B8%AD%E7%A7%8B%E7%A4%BC%E5%93%81%E6%8B%8D%E5%AE%8C%E7%85%A7%E5%90%8E%E6%94%B6%E5%9B%9E%EF%BC%9F%E7%89%A9%E4%B8%9A%E5%9B%9E%E5%BA%94&sa=fyb_news&rsv_dl=fyb_news,https://fyb-2.cdn.bcebos.com/hotboard_image/aa59e6bb08b951beecc01fb9db397700,百度热搜,实时热搜,realtime,hotlist,,2026-09-25 17:25:38
40,陈龙遗憾错过见游本昌最后一面,9月24日凌晨，游本昌在北京逝世，享年93岁。演员陈龙称，此前自己本想看望游本昌老师，但因为一些事情错过，遗憾没能见到最后一面。,4187730,https://www.baidu.com/s?wd=%E9%99%88%E9%BE%99%E9%81%97%E6%86%BE%E9%94%99%E8%BF%87%E8%A7%81%E6%B8%B8%E6%9C%AC%E6%98%8C%E6%9C%80%E5%90%8E%E4%B8%80%E9%9D%A2&sa=fyb_news&rsv_dl=fyb_news,https://fyb-2.cdn.bcebos.com/hotboard_image/36c93487639dcddd151a4a460d4769b0,百度热搜,实时热搜,realtime,hotlist,,2026-09-25 17:25:38
41,酒店推369元自助早餐月卡 有70种菜,9月24日，记者探访获悉，武汉市东西湖区武汉临空港会展酒店近日推出369元自助早餐月卡，每天成本约12元可任选70余种餐品。,4064280,https://www.baidu.com/s?wd=%E9%85%92%E5%BA%97%E6%8E%A8369%E5%85%83%E8%87%AA%E5%8A%A9%E6%97%A9%E9%A4%90%E6%9C%88%E5%8D%A1+%E6%9C%8970%E7%A7%8D%E8%8F%9C&sa=fyb_news&rsv_dl=fyb_news,https://fyb-2.cdn.bcebos.com/hotboard_image/6d31f96475347a5725aac484a9f77bd0,百度热搜,实时热搜,realtime,hotlist,,2026-09-25 17:25:38
42,多家店铺下架金豆,9月24日，多个电商平台及珠宝品牌下架金豆或上调售价，同期金价回调致购“三金”省约5000元。专家指出，起因是2025年11月施行的黄金税收新政，金豆因规格不符被归为非投资性用途。此前商家多按投资金低价销售，现因面临税务风险及成本倒挂，选择下架或按首饰金计价。,3992874,https://www.baidu.com/s?wd=%E5%A4%9A%E5%AE%B6%E5%BA%97%E9%93%BA%E4%B8%8B%E6%9E%B6%E9%87%91%E8%B1%86&sa=fyb_news&rsv_dl=fyb_news,https://fyb-2.cdn.bcebos.com/hotboard_image/5296da5583c3d0668bb7bd7b701d231b,百度热搜,实时热搜,realtime,hotlist,,2026-09-25 17:25:38
43,微创医疗13亿元房租调查,,3902528,https://www.baidu.com/s?wd=%E5%BE%AE%E5%88%9B%E5%8C%BB%E7%96%9713%E4%BA%BF%E5%85%83%E6%88%BF%E7%A7%9F%E8%B0%83%E6%9F%A5&sa=fyb_news&rsv_dl=fyb_news,https://fyb-1.cdn.bcebos.com/fyb/de6163834f53ca92c1273fff98ac9078.jpeg,百度热搜,实时热搜,realtime,hotlist,,2026-09-25 17:25:38
44,景区用拖拉机拉游客,近日，内蒙古根河市一景区用拖拉机拉游客的视频引发热议。有游客称，因景区正在修路，游客需步行两公里，景区遂派出拖拉机转运游客，还调侃这趣味一幕“像把一车人拉去卖了一样”。,3807193,https://www.baidu.com/s?wd=%E6%99%AF%E5%8C%BA%E7%94%A8%E6%8B%96%E6%8B%89%E6%9C%BA%E6%8B%89%E6%B8%B8%E5%AE%A2&sa=fyb_news&rsv_dl=fyb_news,https://fyb-2.cdn.bcebos.com/hotboard_image/fd9625278c9f30f03faf97e30e7141cb,百度热搜,实时热搜,realtime,hotlist,,2026-09-25 17:25:38
45,正告菲方立即停止挑衅滋事,9月24日，菲律宾派出运补船为非法“坐滩”仁爱礁船只运补。中国海警依法对菲运补船采取跟监、喊话警告等措施。中国海警局正告菲方立即停止挑衅滋事，指出菲方行径严重破坏南海和平稳定，中国海警将依法在包括仁爱礁在内的南沙群岛附近海域开展维权执法活动，坚决维护国家领土主权和海洋权益。,3689943,https://www.baidu.com/s?wd=%E6%AD%A3%E5%91%8A%E8%8F%B2%E6%96%B9%E7%AB%8B%E5%8D%B3%E5%81%9C%E6%AD%A2%E6%8C%91%E8%A1%85%E6%BB%8B%E4%BA%8B&sa=fyb_news&rsv_dl=fyb_news,https://fyb-2.cdn.bcebos.com/hotboard_image/a61a48936f8c5937f5f7acc6eaeaadbd,百度热搜,实时热搜,realtime,hotlist,,2026-09-25 17:25:38
46,美企挤破头想参加欢迎宴会,当地时间9月24日晚，国家主席习近平和夫人彭丽媛在白宫出席美国总统特朗普和夫人梅拉尼娅举行的欢迎宴会。知情人士透露，欢迎宴会的席位远少于想出席的美国CEO人数，每个行业的CEO都希望到场。,3619856,https://www.baidu.com/s?wd=%E7%BE%8E%E4%BC%81%E6%8C%A4%E7%A0%B4%E5%A4%B4%E6%83%B3%E5%8F%82%E5%8A%A0%E6%AC%A2%E8%BF%8E%E5%AE%B4%E4%BC%9A&sa=fyb_news&rsv_dl=fyb_news,https://fyb-2.cdn.bcebos.com/hotboard_image/bde5a8b91130ddd6077e1fd9decdec02,百度热搜,实时热搜,realtime,hotlist,,2026-09-25 17:25:38
47,多地立法明确艾滋感染者须告知配偶,9月23日，重庆市表决通过《艾滋病防治条例》，将于2026年12月1日实施。条例明确感染者须告知伴侣，未告知时医疗机构有权代为告知。此前，广西、云南、广东等地已有同类立法，但现实中曾现医生告知与否均被停职的矛盾。,3500036,https://www.baidu.com/s?wd=%E5%A4%9A%E5%9C%B0%E7%AB%8B%E6%B3%95%E6%98%8E%E7%A1%AE%E8%89%BE%E6%BB%8B%E6%84%9F%E6%9F%93%E8%80%85%E9%A1%BB%E5%91%8A%E7%9F%A5%E9%85%8D%E5%81%B6&sa=fyb_news&rsv_dl=fyb_news,https://fyb-2.cdn.bcebos.com/hotboard_image/21a54e45474d6723b220f684a1b8002e,百度热搜,实时热搜,realtime,hotlist,,2026-09-25 17:25:38
48,高铁站安检仪扫到好多“小圆球”,中秋前夕，云南宣威站安检仪频现宣威火腿月饼。起因是该非遗火腿月饼备受旅客青睐，许多人打包乘车带回家。为此，宣威站不仅在安检区配备胶带等工具方便打包，还通过加开列车等方式增加运能保障出行。,3433332,https://www.baidu.com/s?wd=%E9%AB%98%E9%93%81%E7%AB%99%E5%AE%89%E6%A3%80%E4%BB%AA%E6%89%AB%E5%88%B0%E5%A5%BD%E5%A4%9A%E2%80%9C%E5%B0%8F%E5%9C%86%E7%90%83%E2%80%9D&sa=fyb_news&rsv_dl=fyb_news,https://fyb-2.cdn.bcebos.com/hotboard_image/894bfb531f6c5a1dd0e4dcfb8333bdbb,百度热搜,实时热搜,realtime,hotlist,,2026-09-25 17:25:38
49,王楚钦晋级亚运男单16强,9月25日，2026名古屋亚运会男单1/16决赛，王楚钦4-2战胜提塔帕·普里查扬，晋级16强。比分：3-11，11-6，11-4，8-11，11-2，11-5。,3323369,https://www.baidu.com/s?wd=%E7%8E%8B%E6%A5%9A%E9%92%A6%E6%99%8B%E7%BA%A7%E4%BA%9A%E8%BF%90%E7%94%B7%E5%8D%9516%E5%BC%BA&sa=fyb_news&rsv_dl=fyb_news,https://fyb-2.cdn.bcebos.com/hotboard_image/4c072341f85c1e175278d073a5d4cf6a,百度热搜,实时热搜,realtime,hotlist,,2026-09-25 17:25:38
50,中秋首日机场“堪比过年”,中秋首日机场客流火爆，场面堪比过年。受拼假出行带动，返乡、旅游客流叠加，国内机票预订量同比大涨超六成。假期呈现首日即出行高峰、返程分散的特点，多地机场安检、值机处排起长队，秋游赏月相关旅游产品热度高涨。,3199417,https://www.baidu.com/s?wd=%E4%B8%AD%E7%A7%8B%E9%A6%96%E6%97%A5%E6%9C%BA%E5%9C%BA%E2%80%9C%E5%A0%AA%E6%AF%94%E8%BF%87%E5%B9%B4%E2%80%9D&sa=fyb_news&rsv_dl=fyb_news,https://fyb-2.cdn.bcebos.com/hotboard_image/45600b8cc5791ae362c39e83a7ac5f50,百度热搜,实时热搜,realtime,hotlist,,2026-09-25 17:25:38
1,习近平和彭丽媛出席欢迎宴会,,7904548,https://www.baidu.com/s?wd=%E4%B9%A0%E8%BF%91%E5%B9%B3%E5%92%8C%E5%BD%AD%E4%B8%BD%E5%AA%9B%E5%87%BA%E5%B8%AD%E6%AC%A2%E8%BF%8E%E5%AE%B4%E4%BC%9A&sa=fyb_news&rsv_dl=fyb_news,https://fyb-1.cdn.bcebos.com/fyb/de6163834f53ca92c1273fff98ac9078.jpeg,百度热搜,实时热搜,realtime,hotlist,,2026-09-25 18:22:40
2,习近平在欢迎宴会上的祝酒辞,当地时间9月24日，国家主席习近平在华盛顿出席美国总统举行的欢迎宴会并致祝酒辞。习近平表示，当天双方坦诚深入交流，达成很多新共识，为中美关系提供新的战略指引。此前，今年5月美国总统访华，两国元首同意构建中美建设性战略稳定关系，习近平此次系应约访美。,7807879,https://www.baidu.com/s?wd=%E4%B9%A0%E8%BF%91%E5%B9%B3%E5%9C%A8%E6%AC%A2%E8%BF%8E%E5%AE%B4%E4%BC%9A%E4%B8%8A%E7%9A%84%E7%A5%9D%E9%85%92%E8%BE%9E&sa=fyb_news&rsv_dl=fyb_news,https://fyb-2.cdn.bcebos.com/hotboard_image/9bd71efc9b756970f06465ba785e4018,百度热搜,实时热搜,realtime,hotlist,,2026-09-25 18:22:40
3,特朗普听到大熊猫将落户美国笑了,大熊猫是中美两国人民友谊的使者。在白宫欢迎仪式上，当习近平主席宣布大熊猫“平平”、“福双”将同美国人民见面时，特朗普总统笑着点头致意。,7712431,https://www.baidu.com/s?wd=%E7%89%B9%E6%9C%97%E6%99%AE%E5%90%AC%E5%88%B0%E5%A4%A7%E7%86%8A%E7%8C%AB%E5%B0%86%E8%90%BD%E6%88%B7%E7%BE%8E%E5%9B%BD%E7%AC%91%E4%BA%86&sa=fyb_news&rsv_dl=fyb_news,https://fyb-2.cdn.bcebos.com/hotboard_image/22129e4a84b59e54cd3ca484ab9831e8,百度热搜,实时热搜,realtime,hotlist,,2026-09-25 18:22:40
4,神二十三乘组从天宫送来中秋祝福,中秋佳节，神舟二十三号航天员乘组的三位航天员朱杨柱、张志远、黎家盈也从“天宫”向全国人民送上节日问候。自5月25日进驻中国空间站以来，神舟二十三号乘组按计划开展科学实验与技术试验、应用载荷出舱、科普教育等工作。,7615964,https://www.baidu.com/s?wd=%E7%A5%9E%E4%BA%8C%E5%8D%81%E4%B8%89%E4%B9%98%E7%BB%84%E4%BB%8E%E5%A4%A9%E5%AE%AB%E9%80%81%E6%9D%A5%E4%B8%AD%E7%A7%8B%E7%A5%9D%E7%A6%8F&sa=fyb_news&rsv_dl=fyb_news,https://fyb-2.cdn.bcebos.com/hotboard_image/219d32da2e26c4e0261f72a02acfe10c,百度热搜,实时热搜,realtime,hotlist,,2026-09-25 18:22:40
5,特朗普外孙女18个月大就开始学中文,当地时间9月24日晚，美国总统特朗普在白宫举行欢迎宴会，其外孙女阿拉贝拉受邀出席。此前，阿拉贝拉自18个月大起学习普通话，曾于4岁时用中文唱歌庆祝农历新年。,7520423,https://www.baidu.com/s?wd=%E7%89%B9%E6%9C%97%E6%99%AE%E5%A4%96%E5%AD%99%E5%A5%B318%E4%B8%AA%E6%9C%88%E5%A4%A7%E5%B0%B1%E5%BC%80%E5%A7%8B%E5%AD%A6%E4%B8%AD%E6%96%87&sa=fyb_news&rsv_dl=fyb_news,https://fyb-2.cdn.bcebos.com/hotboard_image/50d7d85de4d412b855ab1780a0b4847c,百度热搜,实时热搜,realtime,hotlist,,2026-09-25 18:22:40
6,张展硕 亚运第7金,9月25日，在刚刚结束的爱知·名古屋亚运会男子400米自由泳决赛中，中国队选手张展硕获得冠军，收获个人在本届亚运会上的第七金。,7426584,https://www.baidu.com/s?wd=%E5%BC%A0%E5%B1%95%E7%A1%95+%E4%BA%9A%E8%BF%90%E7%AC%AC7%E9%87%91&sa=fyb_news&rsv_dl=fyb_news,https://fyb-2.cdn.bcebos.com/hotboard_image/578d64d03cb1333ba15e0156cd43fced,百度热搜,实时热搜,realtime,hotlist,,2026-09-25 18:22:40
7,特朗普讲到开心处称必须要脱稿,当地时间9月24日晚，特朗普在白宫国宴发言称，“有没有人想看在建的宴会厅？”讲到开心处称必须要脱稿。,7333763,https://www.baidu.com/s?wd=%E7%89%B9%E6%9C%97%E6%99%AE%E8%AE%B2%E5%88%B0%E5%BC%80%E5%BF%83%E5%A4%84%E7%A7%B0%E5%BF%85%E9%A1%BB%E8%A6%81%E8%84%B1%E7%A8%BF&sa=fyb_news&rsv_dl=fyb_news,https://fyb-2.cdn.bcebos.com/hotboard_image/7061551b5623cf85bc2131a2bb1dbc7b,百度热搜,实时热搜,realtime,hotlist,,2026-09-25 18:22:40
8,中国女篮不敌韩国无缘决赛,北京时间9月25日，在爱知·名古屋亚运会女篮半决赛中，中国女篮以80比85不敌韩国女篮，无缘决赛。至此，本届亚运会中国篮球各支队伍均无缘决赛。,7236879,https://www.baidu.com/s?wd=%E4%B8%AD%E5%9B%BD%E5%A5%B3%E7%AF%AE%E4%B8%8D%E6%95%8C%E9%9F%A9%E5%9B%BD%E6%97%A0%E7%BC%98%E5%86%B3%E8%B5%9B&sa=fyb_news&rsv_dl=fyb_news,https://fyb-2.cdn.bcebos.com/hotboard_image/55d2b17fb1fa17b7f16d684a06da2abd,百度热搜,实时热搜,realtime,hotlist,,2026-09-25 18:22:40
9,扎哈罗娃用中文送上中秋祝福,9月25日中秋节，据塔斯社报道，俄罗斯外交部发言人扎哈罗娃在采访中专门用中文送上中秋祝福。她表示中秋节是中国传统节日，并以中文说出 “祝大家万事如意”。,7140622,https://www.baidu.com/s?wd=%E6%89%8E%E5%93%88%E7%BD%97%E5%A8%83%E7%94%A8%E4%B8%AD%E6%96%87%E9%80%81%E4%B8%8A%E4%B8%AD%E7%A7%8B%E7%A5%9D%E7%A6%8F&sa=fyb_news&rsv_dl=fyb_news,https://fyb-2.cdn.bcebos.com/hotboard_image/5e4d658eac8c9f24e655df31f726e6a4,百度热搜,实时热搜,realtime,hotlist,,2026-09-25 18:22:40
10,超长出行窗口催热中秋国庆游,9月25日就是中秋假期，今年中秋和国庆仅隔3个工作日，形成了近年少见的超长出行窗口。经综合研判，中秋假期，客流较日常小幅增长，预计全社会跨区域人员流动量将达6.5亿人次，日均约2.17亿人次，主要以返乡探亲、走亲访友为主，近郊游、乡村游等城市周边出行较多。,7045797,https://www.baidu.com/s?wd=%E8%B6%85%E9%95%BF%E5%87%BA%E8%A1%8C%E7%AA%97%E5%8F%A3%E5%82%AC%E7%83%AD%E4%B8%AD%E7%A7%8B%E5%9B%BD%E5%BA%86%E6%B8%B8&sa=fyb_news&rsv_dl=fyb_news,https://fyb-2.cdn.bcebos.com/hotboard_image/d0671e250b90a61180632e948f02bb2d,百度热搜,实时热搜,realtime,hotlist,,2026-09-25 18:22:40
11,白宫欢迎国宴采用了哪些中国元素,当地时间9月24日晚，习近平主席和夫人彭丽媛抵达白宫出席欢迎国宴。国宴融入诸多中国元素：菜品添加葱油、芝麻、小白菜等中式食材；启用1972年尼克松访华同款起泡酒祝酒；现场大量运用红色，铺设深红桌布，布置红色花卉，契合中国文化寓意。,6949652,https://www.baidu.com/s?wd=%E7%99%BD%E5%AE%AB%E6%AC%A2%E8%BF%8E%E5%9B%BD%E5%AE%B4%E9%87%87%E7%94%A8%E4%BA%86%E5%93%AA%E4%BA%9B%E4%B8%AD%E5%9B%BD%E5%85%83%E7%B4%A0&sa=fyb_news&rsv_dl=fyb_news,https://fyb-2.cdn.bcebos.com/hotboard_image/2977ecda20e8112bfc8732e20292f99e,百度热搜,实时热搜,realtime,hotlist,,2026-09-25 18:22:40
12,月饼和螃蟹一起吃会中毒？假的,网传月饼和螃蟹同吃会中毒是谣言。二者同食不会产生毒素，但二者叠加确实会加重肠胃负担。若出现腹胀腹泻多因过量食用，也可能是螃蟹不新鲜、未煮熟所致。,6858543,https://www.baidu.com/s?wd=%E6%9C%88%E9%A5%BC%E5%92%8C%E8%9E%83%E8%9F%B9%E4%B8%80%E8%B5%B7%E5%90%83%E4%BC%9A%E4%B8%AD%E6%AF%92%EF%BC%9F%E5%81%87%E7%9A%84&sa=fyb_news&rsv_dl=fyb_news,https://fyb-2.cdn.bcebos.com/hotboard_image/d3013fb1532292314be40790deb7bfe7,百度热搜,实时热搜,realtime,hotlist,,2026-09-25 18:22:40
13,白宫国宴主桌有谁,当地时间9月24日晚，美国总统特朗普和夫人梅拉尼娅为中国国家主席习近平和夫人彭丽媛在白宫举行欢迎宴会。美国各界人士代表齐聚一堂。据悉，宾客名单中，美国商界尤其是科技界阵容受到关注，马斯克、黄仁勋、库克等均现身。,6760211,https://www.baidu.com/s?wd=%E7%99%BD%E5%AE%AB%E5%9B%BD%E5%AE%B4%E4%B8%BB%E6%A1%8C%E6%9C%89%E8%B0%81&sa=fyb_news&rsv_dl=fyb_news,https://fyb-2.cdn.bcebos.com/hotboard_image/26296644c0034af1a77261ca892a0b65,百度热搜,实时热搜,realtime,hotlist,,2026-09-25 18:22:40
14,新华社评国乒男团无缘亚运九连冠,24日，国乒男团以2:3负于东道主日本队，无缘亚运会男团九连冠。决赛失利，再次暴露出中国男乒当下过度依赖王楚钦、阵容深度不足等问题短板。,6662751,https://www.baidu.com/s?wd=%E6%96%B0%E5%8D%8E%E7%A4%BE%E8%AF%84%E5%9B%BD%E4%B9%92%E7%94%B7%E5%9B%A2%E6%97%A0%E7%BC%98%E4%BA%9A%E8%BF%90%E4%B9%9D%E8%BF%9E%E5%86%A0&sa=fyb_news&rsv_dl=fyb_news,https://fyb-2.cdn.bcebos.com/hotboard_image/5db77ac8d7c2d4a8d23e0af943082440,百度热搜,实时热搜,realtime,hotlist,,2026-09-25 18:22:40
15,中国女足1比0击败越南女足 晋级四强,北京时间9月25日，爱知·名古屋亚运会女足项目四分之一决赛，中国女足与越南女足展开交锋。最终，中国女足以1比0的比分获胜晋级，闯进本届亚运会四强。,6572568,https://www.baidu.com/s?wd=%E4%B8%AD%E5%9B%BD%E5%A5%B3%E8%B6%B31%E6%AF%940%E5%87%BB%E8%B4%A5%E8%B6%8A%E5%8D%97%E5%A5%B3%E8%B6%B3+%E6%99%8B%E7%BA%A7%E5%9B%9B%E5%BC%BA&sa=fyb_news&rsv_dl=fyb_news,https://fyb-2.cdn.bcebos.com/hotboard_image/f6f96563e271723fcd03bc7b377d234c,百度热搜,实时热搜,realtime,hotlist,,2026-09-25 18:22:40
16,孙颖莎把松岛辉空打得太难受了,9月25日，名古屋亚运会混双1/4决赛，国乒组合王楚钦、孙颖莎3比0战胜松岛辉空、张本美和晋级四强，解说赞其“专打对手软肋”。,6470465,https://www.baidu.com/s?wd=%E5%AD%99%E9%A2%96%E8%8E%8E%E6%8A%8A%E6%9D%BE%E5%B2%9B%E8%BE%89%E7%A9%BA%E6%89%93%E5%BE%97%E5%A4%AA%E9%9A%BE%E5%8F%97%E4%BA%86&sa=fyb_news&rsv_dl=fyb_news,https://fyb-2.cdn.bcebos.com/hotboard_image/bdb160403e6b966e81f22ee10d40904e,百度热搜,实时热搜,realtime,hotlist,,2026-09-25 18:22:40
17,鸠山由纪夫：日本只会遭到冷落,9月25日，日本前首相鸠山由纪夫发文点评高市早苗访美遭冷遇，称美中关系将持续发展，日本若走错路只会被冷落，敦促高市早苗撤回不当言论，构建良性日美中关系才是正途。,6381448,https://www.baidu.com/s?wd=%E9%B8%A0%E5%B1%B1%E7%94%B1%E7%BA%AA%E5%A4%AB%EF%BC%9A%E6%97%A5%E6%9C%AC%E5%8F%AA%E4%BC%9A%E9%81%AD%E5%88%B0%E5%86%B7%E8%90%BD&sa=fyb_news&rsv_dl=fyb_news,https://fyb-2.cdn.bcebos.com/hotboard_image/d5febcd96078ed7d73bec782b3e328c5,百度热搜,实时热搜,realtime,hotlist,,2026-09-25 18:22:40
18,央视中秋晚会节目单,人道秋中明月好，欲邀同赏意如何？9月25日，《中央广播电视总台2026年中秋晚会》节目单发布。,6279446,https://www.baidu.com/s?wd=%E5%A4%AE%E8%A7%86%E4%B8%AD%E7%A7%8B%E6%99%9A%E4%BC%9A%E8%8A%82%E7%9B%AE%E5%8D%95&sa=fyb_news&rsv_dl=fyb_news,https://fyb-2.cdn.bcebos.com/hotboard_image/fd1df43d770603f1fb0c01a708268739,百度热搜,实时热搜,realtime,hotlist,,2026-09-25 18:22:40
19,高校捞鱼免费给学生做全鱼宴过中秋,近日，宁夏银川的北方民族大学有工作人员在校湖内捕捞鲜鱼，准备在中秋节当天为在校学生们提供精心制作的鱼肴。25日，记者从北方民族大学获悉，学校不仅为学生们准备了全鱼宴，还有苹果、月饼等美食，今年中秋、国庆也将合并放假13天。,6179231,https://www.baidu.com/s?wd=%E9%AB%98%E6%A0%A1%E6%8D%9E%E9%B1%BC%E5%85%8D%E8%B4%B9%E7%BB%99%E5%AD%A6%E7%94%9F%E5%81%9A%E5%85%A8%E9%B1%BC%E5%AE%B4%E8%BF%87%E4%B8%AD%E7%A7%8B&sa=fyb_news&rsv_dl=fyb_news,https://fyb-2.cdn.bcebos.com/hotboard_image/e3ed753a9437f5218989e66b944c4a5e,百度热搜,实时热搜,realtime,hotlist,,2026-09-25 18:22:40
20,家长带孩子四处求医 病因就在家里,近日，山东一家长发视频称孩子过敏、咳嗽老不好，3年里四处求医，症状不但没好转，反而越来越严重。无意间拆开衣柜后傻眼：板材长满霉菌，家里竟是“毒窝”。,6084969,https://www.baidu.com/s?wd=%E5%AE%B6%E9%95%BF%E5%B8%A6%E5%AD%A9%E5%AD%90%E5%9B%9B%E5%A4%84%E6%B1%82%E5%8C%BB+%E7%97%85%E5%9B%A0%E5%B0%B1%E5%9C%A8%E5%AE%B6%E9%87%8C&sa=fyb_news&rsv_dl=fyb_news,https://fyb-2.cdn.bcebos.com/hotboard_image/76763014bca17d260fb3535ac6770faf,百度热搜,实时热搜,realtime,hotlist,,2026-09-25 18:22:40
21,陪看：“莎头”“动漫”双线出击,9月25日，2026爱知·名古屋亚运会乒乓球混双半决赛开打！王楚钦/孙颖莎、林诗栋/蒯曼各自迎战强敌，向决赛席位发起冲击。莎头组合稳中带凶，动漫组合冲劲拉满！锁定《赛场屹线》，一起蹲赛况、为国乒打call！,5984508,https://www.baidu.com/s?wd=%E9%99%AA%E7%9C%8B%EF%BC%9A%E2%80%9C%E8%8E%8E%E5%A4%B4%E2%80%9D%E2%80%9C%E5%8A%A8%E6%BC%AB%E2%80%9D%E5%8F%8C%E7%BA%BF%E5%87%BA%E5%87%BB&sa=fyb_news&rsv_dl=fyb_news,https://fyb-2.cdn.bcebos.com/hotboard_image/c94697cce94126f8eb447a424b5228d8,百度热搜,实时热搜,realtime,hotlist,,2026-09-25 18:22:40
22,“输球思振东”,9月24日晚，日本队3比2战胜中国队，终结国乒亚运男团八连冠。赛后球迷难以接受，舆论“输球思振东”。媒体评论指出，不能仅以“年轻”二字把问题轻轻带过，失利的深层原因是人才选拔、心理韧性培养等长期积累的结构性矛盾，唯有直面短板才能重新站稳脚跟。,5888830,https://www.baidu.com/s?wd=%E2%80%9C%E8%BE%93%E7%90%83%E6%80%9D%E6%8C%AF%E4%B8%9C%E2%80%9D&sa=fyb_news&rsv_dl=fyb_news,https://fyb-2.cdn.bcebos.com/hotboard_image/50dd3655c0aecac8ff070d5a32a6d891,百度热搜,实时热搜,realtime,hotlist,,2026-09-25 18:22:40
23,张雨霏夺得亚运会女子50米蝶泳金牌,9月25日，第二十届亚运会游泳比赛在日本东京水上运动中心迎来收官日。在刚刚结束的女子50米蝶泳决赛中，中国队选手张雨霏夺得金牌。,5812455,https://www.baidu.com/s?wd=%E5%BC%A0%E9%9B%A8%E9%9C%8F%E5%A4%BA%E5%BE%97%E4%BA%9A%E8%BF%90%E4%BC%9A%E5%A5%B3%E5%AD%9050%E7%B1%B3%E8%9D%B6%E6%B3%B3%E9%87%91%E7%89%8C&sa=fyb_news&rsv_dl=fyb_news,https://fyb-2.cdn.bcebos.com/hotboard_image/5ab502050865ffd54c0acd28eb7b6ba1,百度热搜,实时热搜,realtime,hotlist,,2026-09-25 18:22:40
24,新一轮购车补贴来了 多地放大招,新一轮购车补贴来了。近期，全国多地推出汽车促消费活动，既有省级专项补贴，也有市级、区级购车优惠。有购车、换车计划的消费者，这波优惠可别错过。,5701897,https://www.baidu.com/s?wd=%E6%96%B0%E4%B8%80%E8%BD%AE%E8%B4%AD%E8%BD%A6%E8%A1%A5%E8%B4%B4%E6%9D%A5%E4%BA%86+%E5%A4%9A%E5%9C%B0%E6%94%BE%E5%A4%A7%E6%8B%9B&sa=fyb_news&rsv_dl=fyb_news,https://fyb-2.cdn.bcebos.com/hotboard_image/13dae153865f9f2469ddc279b259ba3a,百度热搜,实时热搜,realtime,hotlist,,2026-09-25 18:22:40
25,国宴第一杯酒为何选尼克松访华同款,当地时间9月24日晚，美国白宫为中国国家主席习近平夫妇举行欢迎国宴。晚宴开场选用加州世酿伯格酒庄的黑中白起泡酒。白宫称，此举旨在致敬历史。此前在1972年中美破冰时，这也是当年带到中国的同款起泡酒。,5610381,https://www.baidu.com/s?wd=%E5%9B%BD%E5%AE%B4%E7%AC%AC%E4%B8%80%E6%9D%AF%E9%85%92%E4%B8%BA%E4%BD%95%E9%80%89%E5%B0%BC%E5%85%8B%E6%9D%BE%E8%AE%BF%E5%8D%8E%E5%90%8C%E6%AC%BE&sa=fyb_news&rsv_dl=fyb_news,https://fyb-2.cdn.bcebos.com/hotboard_image/6b5173f99259b2660a16d516875ddf87,百度热搜,实时热搜,realtime,hotlist,,2026-09-25 18:22:40
26,中美元首夫人参观国立亚洲艺术博物馆,当地时间9月24日中午，国家主席习近平夫人彭丽媛在华盛顿同美国总统特朗普夫人梅拉尼娅参观国立亚洲艺术博物馆。彭丽媛对美方近年来多次向中方返还中国文物表示赞赏，希望中美双方继续加强文化交流和文化遗产保护合作，增进两国人民友好。,5525470,https://www.baidu.com/s?wd=%E4%B8%AD%E7%BE%8E%E5%85%83%E9%A6%96%E5%A4%AB%E4%BA%BA%E5%8F%82%E8%A7%82%E5%9B%BD%E7%AB%8B%E4%BA%9A%E6%B4%B2%E8%89%BA%E6%9C%AF%E5%8D%9A%E7%89%A9%E9%A6%86&sa=fyb_news&rsv_dl=fyb_news,https://fyb-2.cdn.bcebos.com/hotboard_image/3a6789a600ba630a0ca6ee6e430fd757,百度热搜,实时热搜,realtime,hotlist,,2026-09-25 18:22:40
27,马斯克的母亲用中文送中秋祝福,,5418744,https://www.baidu.com/s?wd=%E9%A9%AC%E6%96%AF%E5%85%8B%E7%9A%84%E6%AF%8D%E4%BA%B2%E7%94%A8%E4%B8%AD%E6%96%87%E9%80%81%E4%B8%AD%E7%A7%8B%E7%A5%9D%E7%A6%8F&sa=fyb_news&rsv_dl=fyb_news,https://fyb-1.cdn.bcebos.com/fyb/de6163834f53ca92c1273fff98ac9078.jpeg,百度热搜,实时热搜,realtime,hotlist,,2026-09-25 18:22:40
28,闪身步为何让人上头,近期，花鼓灯基本功“闪身步”视频全网刷屏，播放量超7.5亿次，引众多明星及网友模仿。华西医院医生孙学礼解读称，年轻人平时绷得太紧，该动作让人体验到身体掌控感，是身体在替心理释放压力。,5312608,https://www.baidu.com/s?wd=%E9%97%AA%E8%BA%AB%E6%AD%A5%E4%B8%BA%E4%BD%95%E8%AE%A9%E4%BA%BA%E4%B8%8A%E5%A4%B4&sa=fyb_news&rsv_dl=fyb_news,https://fyb-2.cdn.bcebos.com/hotboard_image/fc2ee00a18f398782132d43a5dff606f,百度热搜,实时热搜,realtime,hotlist,,2026-09-25 18:22:40
29,正告菲方立即停止挑衅滋事,9月24日，菲律宾派出运补船为非法“坐滩”仁爱礁船只运补。中国海警依法对菲运补船采取跟监、喊话警告等措施。中国海警局正告菲方立即停止挑衅滋事，指出菲方行径严重破坏南海和平稳定，中国海警将依法在包括仁爱礁在内的南沙群岛附近海域开展维权执法活动，坚决维护国家领土主权和海洋权益。,5225915,https://www.baidu.com/s?wd=%E6%AD%A3%E5%91%8A%E8%8F%B2%E6%96%B9%E7%AB%8B%E5%8D%B3%E5%81%9C%E6%AD%A2%E6%8C%91%E8%A1%85%E6%BB%8B%E4%BA%8B&sa=fyb_news&rsv_dl=fyb_news,https://fyb-2.cdn.bcebos.com/hotboard_image/a61a48936f8c5937f5f7acc6eaeaadbd,百度热搜,实时热搜,realtime,hotlist,,2026-09-25 18:22:40
30,交个朋友直播间道歉,9月25日，针对消费者反映的交个朋友直播间所售万向轮溜溜凳存在木板发霉、填充物不合格等问题，交个朋友直播间发文表示确有其事：“该产品在交个朋友智能家居爆品榜等六个直播间销售过，我们在此向购买过该产品的消费者郑重道歉。”,5142802,https://www.baidu.com/s?wd=%E4%BA%A4%E4%B8%AA%E6%9C%8B%E5%8F%8B%E7%9B%B4%E6%92%AD%E9%97%B4%E9%81%93%E6%AD%89&sa=fyb_news&rsv_dl=fyb_news,https://fyb-2.cdn.bcebos.com/hotboard_image/b4e196eb71eb240be35c841a6dd25b0c,百度热搜,实时热搜,realtime,hotlist,,2026-09-25 18:22:40
31,多家店铺下架金豆,9月24日，多个电商平台及珠宝品牌下架金豆或上调售价，同期金价回调致购“三金”省约5000元。专家指出，起因是2025年11月施行的黄金税收新政，金豆因规格不符被归为非投资性用途。此前商家多按投资金低价销售，现因面临税务风险及成本倒挂，选择下架或按首饰金计价。,5050436,https://www.baidu.com/s?wd=%E5%A4%9A%E5%AE%B6%E5%BA%97%E9%93%BA%E4%B8%8B%E6%9E%B6%E9%87%91%E8%B1%86&sa=fyb_news&rsv_dl=fyb_news,https://fyb-2.cdn.bcebos.com/hotboard_image/5296da5583c3d0668bb7bd7b701d231b,百度热搜,实时热搜,realtime,hotlist,,2026-09-25 18:22:40
32,电影《敦煌英雄》今日上映,,4931569,https://www.baidu.com/s?wd=%E7%94%B5%E5%BD%B1%E3%80%8A%E6%95%A6%E7%85%8C%E8%8B%B1%E9%9B%84%E3%80%8B%E4%BB%8A%E6%97%A5%E4%B8%8A%E6%98%A0&sa=fyb_news&rsv_dl=fyb_news,https://fyb-1.cdn.bcebos.com/fyb/de6163834f53ca92c1273fff98ac9078.jpeg,百度热搜,实时热搜,realtime,hotlist,,2026-09-25 18:22:40
33,中国女篮三分球13投0中,2026名古屋亚运会女篮半决赛，中国女篮80-85不敌韩国女篮，无缘决赛。本场中国队外线发挥低迷，三分球13投0中，未能依靠远投打开局面，最终惜败对手。,4855134,https://www.baidu.com/s?wd=%E4%B8%AD%E5%9B%BD%E5%A5%B3%E7%AF%AE%E4%B8%89%E5%88%86%E7%90%8313%E6%8A%950%E4%B8%AD&sa=fyb_news&rsv_dl=fyb_news,https://fyb-2.cdn.bcebos.com/hotboard_image/b059f4fecd14e55e402e7787bbbdf65b,百度热搜,实时热搜,realtime,hotlist,,2026-09-25 18:22:40
34,机票买错3分钟内申请退票被扣费75%,9月24日，长安航空回应“旅客3分钟内退票被扣75%费用”一事，称公司无错购免费退票政策。此前，9月21日晚，孟女士购买9月28日哈尔滨飞往长沙的机票，出票3分钟内因买错日期申请退票，1130元机票仅退款372元。专家建议航司对极短时间内错购退票酌情减免，设立“购票冷静期”。,4746918,https://www.baidu.com/s?wd=%E6%9C%BA%E7%A5%A8%E4%B9%B0%E9%94%993%E5%88%86%E9%92%9F%E5%86%85%E7%94%B3%E8%AF%B7%E9%80%80%E7%A5%A8%E8%A2%AB%E6%89%A3%E8%B4%B975%25&sa=fyb_news&rsv_dl=fyb_news,https://fyb-2.cdn.bcebos.com/hotboard_image/e81c1f612178a735666479549f0f4ee9,百度热搜,实时热搜,realtime,hotlist,,2026-09-25 18:22:40
35,多地立法明确艾滋感染者须告知配偶,9月23日，重庆市表决通过《艾滋病防治条例》，将于2026年12月1日实施。条例明确感染者须告知伴侣，未告知时医疗机构有权代为告知。此前，广西、云南、广东等地已有同类立法，但现实中曾现医生告知与否均被停职的矛盾。,4659934,https://www.baidu.com/s?wd=%E5%A4%9A%E5%9C%B0%E7%AB%8B%E6%B3%95%E6%98%8E%E7%A1%AE%E8%89%BE%E6%BB%8B%E6%84%9F%E6%9F%93%E8%80%85%E9%A1%BB%E5%91%8A%E7%9F%A5%E9%85%8D%E5%81%B6&sa=fyb_news&rsv_dl=fyb_news,https://fyb-2.cdn.bcebos.com/hotboard_image/21a54e45474d6723b220f684a1b8002e,百度热搜,实时热搜,realtime,hotlist,,2026-09-25 18:22:40
36,张雪带近200名员工飞意大利秋游,9月24日晚，张雪及多位张雪机车员工在社交媒体上发视频，称张雪带队近200人团队包机飞意大利秋游，或将亲临WSBK世界超级摩托车锦标赛意大利分战现场。,4559799,https://www.baidu.com/s?wd=%E5%BC%A0%E9%9B%AA%E5%B8%A6%E8%BF%91200%E5%90%8D%E5%91%98%E5%B7%A5%E9%A3%9E%E6%84%8F%E5%A4%A7%E5%88%A9%E7%A7%8B%E6%B8%B8&sa=fyb_news&rsv_dl=fyb_news,https://fyb-2.cdn.bcebos.com/hotboard_image/eb4e064f683fd9d3431c970fd5adccff,百度热搜,实时热搜,realtime,hotlist,,2026-09-25 18:22:40
37,东部战区发布中秋节重磅海报,25日，东部战区发布中秋节海报《守护·团圆》。海报文案写道“守万家灯火”“护两岸共圆”，传递在中秋佳节守护万家团圆、期盼两岸共圆之意。,4474560,https://www.baidu.com/s?wd=%E4%B8%9C%E9%83%A8%E6%88%98%E5%8C%BA%E5%8F%91%E5%B8%83%E4%B8%AD%E7%A7%8B%E8%8A%82%E9%87%8D%E7%A3%85%E6%B5%B7%E6%8A%A5&sa=fyb_news&rsv_dl=fyb_news,https://fyb-2.cdn.bcebos.com/hotboard_image/b62228d40ee2eaf8f536609be9603ab5,百度热搜,实时热搜,realtime,hotlist,,2026-09-25 18:22:40
38,山姆 采购主管,近日，沃尔玛、山姆首席采购官换人，两位新掌门均为“非食品采购老将”。据悉，山姆去年曾陷品控口碑崩塌危机。,4366480,https://www.baidu.com/s?wd=%E5%B1%B1%E5%A7%86+%E9%87%87%E8%B4%AD%E4%B8%BB%E7%AE%A1&sa=fyb_news&rsv_dl=fyb_news,https://fyb-2.cdn.bcebos.com/hotboard_image/11b63ef119be04572179bd51c40759c5,百度热搜,实时热搜,realtime,hotlist,,2026-09-25 18:22:40
39,亲子候补不同车厢 弹窗提示,9月25日，12306客服回应亲子候补购票新规。近日，12306 App上线弹窗提示，告知带儿童候补出票后成人与儿童可能不在同一车厢。此前，上海一女士候补时8岁孩子被分至7车厢致退票。客服称该选项会降低候补成功率，已记录建议将向上反馈评估优化。,4253330,https://www.baidu.com/s?wd=%E4%BA%B2%E5%AD%90%E5%80%99%E8%A1%A5%E4%B8%8D%E5%90%8C%E8%BD%A6%E5%8E%A2+%E5%BC%B9%E7%AA%97%E6%8F%90%E7%A4%BA&sa=fyb_news&rsv_dl=fyb_news,https://fyb-2.cdn.bcebos.com/hotboard_image/8ae9f6709ffa86a63f125fe1808fcbc4,百度热搜,实时热搜,realtime,hotlist,,2026-09-25 18:22:40
40,发中秋礼品拍完照后收回？物业回应,近日，重庆秀山一小区物业疑给保洁员发放中秋礼品拍完照又收回。24日，小区物业相关负责人称，22日保洁主管通过红包形式给保洁员发了中秋福利，后因公司要补拍照片，保洁主管自掏腰包买点礼品拍照片后收回，因此应付公司的拍照要求。上述相关负责人称，已和保洁人员解释清楚，事情已处理完毕。,4195379,https://www.baidu.com/s?wd=%E5%8F%91%E4%B8%AD%E7%A7%8B%E7%A4%BC%E5%93%81%E6%8B%8D%E5%AE%8C%E7%85%A7%E5%90%8E%E6%94%B6%E5%9B%9E%EF%BC%9F%E7%89%A9%E4%B8%9A%E5%9B%9E%E5%BA%94&sa=fyb_news&rsv_dl=fyb_news,https://fyb-2.cdn.bcebos.com/hotboard_image/aa59e6bb08b951beecc01fb9db397700,百度热搜,实时热搜,realtime,hotlist,,2026-09-25 18:22:40
41,湖南第一师范学院教师走红网络,近日，湖南第一师范学院一教师因讲课画面走红。该教师回应称未运营社交账号，走红是被动且幸运。其表示感恩被看见，并强调身边有很多默默付出的老师，希望借此展现学校坚守师范教育落地的长期成果。,4078448,https://www.baidu.com/s?wd=%E6%B9%96%E5%8D%97%E7%AC%AC%E4%B8%80%E5%B8%88%E8%8C%83%E5%AD%A6%E9%99%A2%E6%95%99%E5%B8%88%E8%B5%B0%E7%BA%A2%E7%BD%91%E7%BB%9C&sa=fyb_news&rsv_dl=fyb_news,https://fyb-2.cdn.bcebos.com/hotboard_image/a035221ecdf9247391eecc4e2d575740,百度热搜,实时热搜,realtime,hotlist,,2026-09-25 18:22:40
42,微创医疗13亿元房租调查,,3980395,https://www.baidu.com/s?wd=%E5%BE%AE%E5%88%9B%E5%8C%BB%E7%96%9713%E4%BA%BF%E5%85%83%E6%88%BF%E7%A7%9F%E8%B0%83%E6%9F%A5&sa=fyb_news&rsv_dl=fyb_news,https://fyb-1.cdn.bcebos.com/fyb/de6163834f53ca92c1273fff98ac9078.jpeg,百度热搜,实时热搜,realtime,hotlist,,2026-09-25 18:22:40
43,景区用拖拉机拉游客,近日，内蒙古根河市一景区用拖拉机拉游客的视频引发热议。有游客称，因景区正在修路，游客需步行两公里，景区遂派出拖拉机转运游客，还调侃这趣味一幕“像把一车人拉去卖了一样”。,3906712,https://www.baidu.com/s?wd=%E6%99%AF%E5%8C%BA%E7%94%A8%E6%8B%96%E6%8B%89%E6%9C%BA%E6%8B%89%E6%B8%B8%E5%AE%A2&sa=fyb_news&rsv_dl=fyb_news,https://fyb-2.cdn.bcebos.com/hotboard_image/fd9625278c9f30f03faf97e30e7141cb,百度热搜,实时热搜,realtime,hotlist,,2026-09-25 18:22:40
44,超长的风吹进了月饼界,超长的风吹进了月饼界，超长蛋挞成为中秋顶流。网红食物进入“超长时代”，60cm超长长长蛋挞爆火的背后，靠的是给了你一个分享的理由。,3802812,https://www.baidu.com/s?wd=%E8%B6%85%E9%95%BF%E7%9A%84%E9%A3%8E%E5%90%B9%E8%BF%9B%E4%BA%86%E6%9C%88%E9%A5%BC%E7%95%8C&sa=fyb_news&rsv_dl=fyb_news,https://fyb-2.cdn.bcebos.com/hotboard_image/82c1b6f92f8f611150f2b2cd4a7e5e97,百度热搜,实时热搜,realtime,hotlist,,2026-09-25 18:22:40
45,两国元首有一段“特别互动”,24日，特朗普利用活动间隙向习近平主席展示白宫翻修成果。在杜鲁门阳台，习近平主席对新建的花岗岩直升机坪竖起大拇指。随后特朗普邀请习近平主席登上海军陆战队一号，在机舱内参观数分钟。特朗普表示，双方进行了一次很好的会谈。,3716144,https://www.baidu.com/s?wd=%E4%B8%A4%E5%9B%BD%E5%85%83%E9%A6%96%E6%9C%89%E4%B8%80%E6%AE%B5%E2%80%9C%E7%89%B9%E5%88%AB%E4%BA%92%E5%8A%A8%E2%80%9D&sa=fyb_news&rsv_dl=fyb_news,https://fyb-2.cdn.bcebos.com/hotboard_image/530a56e4d0d2f254bdcda31cc9cc4608,百度热搜,实时热搜,realtime,hotlist,,2026-09-25 18:22:40
46,“赛考斯”回应：我受宠若惊,就习主席在白宫国宴讲述其与殷玉珍治沙故事一事，赛考斯作出回应。因习主席提到了他的名字，他表示这非常有人情味，自己受宠若惊，并称做这一切从来不是为了博关注。,3607089,https://www.baidu.com/s?wd=%E2%80%9C%E8%B5%9B%E8%80%83%E6%96%AF%E2%80%9D%E5%9B%9E%E5%BA%94%EF%BC%9A%E6%88%91%E5%8F%97%E5%AE%A0%E8%8B%A5%E6%83%8A&sa=fyb_news&rsv_dl=fyb_news,https://fyb-2.cdn.bcebos.com/hotboard_image/2f59b18e0f64e2f93b04ef38e8e37ca6,百度热搜,实时热搜,realtime,hotlist,,2026-09-25 18:22:40
47,11岁男孩听从120引导冷静救奶奶,近日，深圳一奶奶被汤圆卡喉失去意识，11岁孙子拨打120求救。孙子在接线员指导下持续按压，最终奶奶将汤圆吐出，成功获救。,3518444,https://www.baidu.com/s?wd=11%E5%B2%81%E7%94%B7%E5%AD%A9%E5%90%AC%E4%BB%8E120%E5%BC%95%E5%AF%BC%E5%86%B7%E9%9D%99%E6%95%91%E5%A5%B6%E5%A5%B6&sa=fyb_news&rsv_dl=fyb_news,https://fyb-2.cdn.bcebos.com/hotboard_image/16fe7aa4c1e65c2b3396bd7ac2a1f872,百度热搜,实时热搜,realtime,hotlist,,2026-09-25 18:22:40
48,广东人的灯笼 “蟑”灯结彩,伴随着中秋节的到来，又到了大家玩灯笼的时候，广东人做灯笼的脑洞有多大？网友手搓的“宝蠊灯”走红网络，主打一个“蟑”灯结彩！,3430223,https://www.baidu.com/s?wd=%E5%B9%BF%E4%B8%9C%E4%BA%BA%E7%9A%84%E7%81%AF%E7%AC%BC+%E2%80%9C%E8%9F%91%E2%80%9D%E7%81%AF%E7%BB%93%E5%BD%A9&sa=fyb_news&rsv_dl=fyb_news,https://fyb-2.cdn.bcebos.com/hotboard_image/0142ccf0945f07374966b452f41f3b7c,百度热搜,实时热搜,realtime,hotlist,,2026-09-25 18:22:40
49,中秋首日机场“堪比过年”,中秋首日机场客流火爆，场面堪比过年。受拼假出行带动，返乡、旅游客流叠加，国内机票预订量同比大涨超六成。假期呈现首日即出行高峰、返程分散的特点，多地机场安检、值机处排起长队，秋游赏月相关旅游产品热度高涨。,3317567,https://www.baidu.com/s?wd=%E4%B8%AD%E7%A7%8B%E9%A6%96%E6%97%A5%E6%9C%BA%E5%9C%BA%E2%80%9C%E5%A0%AA%E6%AF%94%E8%BF%87%E5%B9%B4%E2%80%9D&sa=fyb_news&rsv_dl=fyb_news,https://fyb-2.cdn.bcebos.com/hotboard_image/45600b8cc5791ae362c39e83a7ac5f50,百度热搜,实时热搜,realtime,hotlist,,2026-09-25 18:22:40
50,白宫国宴菜单这些细节值得细品,当地时间9月24日晚，白宫公布为中国国家主席习近平夫妇举行的欢迎国宴菜单。国宴由美国第一夫人梅拉尼娅主持筹备，主色调定为红色，菜品融入葱油、上海青等中国元素。晚宴以1972年中美破冰同款起泡酒开场致敬历史。,3243078,https://www.baidu.com/s?wd=%E7%99%BD%E5%AE%AB%E5%9B%BD%E5%AE%B4%E8%8F%9C%E5%8D%95%E8%BF%99%E4%BA%9B%E7%BB%86%E8%8A%82%E5%80%BC%E5%BE%97%E7%BB%86%E5%93%81&sa=fyb_news&rsv_dl=fyb_news,https://fyb-2.cdn.bcebos.com/hotboard_image/64549fc5c587952d99089785689f8a4e,百度热搜,实时热搜,realtime,hotlist,,2026-09-25 18:22:40
