index,title,desc,hot,url,image,source,type,ranking_id,published_at,datetime
1,始终把人民生命安全放在首位,2026年汛期，我国多地遭遇持续性极端强降水过程，多处河流、水库遭遇险情，人民群众生命财产安全面临严峻考验。习近平总书记高度关注雨情、汛情、灾情，始终牵挂灾区群众安危，亲自部署、亲自指挥防汛抗洪救灾工作，多次主持召开重要会议、作出重要指示，要求“扎实做好防灾救灾各项工作，确保人民群众生命财产安全”。,7904258,https://www.baidu.com/s?wd=%E5%A7%8B%E7%BB%88%E6%8A%8A%E4%BA%BA%E6%B0%91%E7%94%9F%E5%91%BD%E5%AE%89%E5%85%A8%E6%94%BE%E5%9C%A8%E9%A6%96%E4%BD%8D&sa=fyb_news&rsv_dl=fyb_news,https://fyb-2.cdn.bcebos.com/hotboard_image/23498e790ec72673a3e3ee478372308e,百度热搜,实时热搜,realtime,,2026-09-15 00:22:17
2,广汽集团 资产重组,9月14日晚，广汽集团发布关于筹划重大资产重组事项的停牌公告。公司当日与一汽股份签署意向协议，拟以发行股份的方式收购一汽股份所持某整车合资公司部分股权，同时募集配套资金。据初步测算，本次交易完成后，一汽股份将成为广汽集团第二大股东，具备战略影响力。,7809252,https://www.baidu.com/s?wd=%E5%B9%BF%E6%B1%BD%E9%9B%86%E5%9B%A2+%E8%B5%84%E4%BA%A7%E9%87%8D%E7%BB%84&sa=fyb_news&rsv_dl=fyb_news,https://fyb-2.cdn.bcebos.com/hotboard_image/ea53c846994f3a5c43aee62636f55947,百度热搜,实时热搜,realtime,,2026-09-15 00:22:17
3,一车人买错票 游客建议车站改名,,7714495,https://www.baidu.com/s?wd=%E4%B8%80%E8%BD%A6%E4%BA%BA%E4%B9%B0%E9%94%99%E7%A5%A8+%E6%B8%B8%E5%AE%A2%E5%BB%BA%E8%AE%AE%E8%BD%A6%E7%AB%99%E6%94%B9%E5%90%8D&sa=fyb_news&rsv_dl=fyb_news,https://fyb-1.cdn.bcebos.com/fyb/de6163834f53ca92c1273fff98ac9078.jpeg,百度热搜,实时热搜,realtime,,2026-09-15 00:22:17
4,未来五年民生健康重磅规划,9月14日上午，国务院新闻办公室举行“开局起步‘十五五’”系列主题新闻发布会，国家卫生健康委、国家中医药局、国家疾控局等部门负责人介绍推动健康中国建设取得决定性进展有关情况。未来5年，要从“有”向“优”转变，我国将加快完善优质高效整合型医疗卫生服务体系，让更多群众在家门口看得上病、看得好病。,7617517,https://www.baidu.com/s?wd=%E6%9C%AA%E6%9D%A5%E4%BA%94%E5%B9%B4%E6%B0%91%E7%94%9F%E5%81%A5%E5%BA%B7%E9%87%8D%E7%A3%85%E8%A7%84%E5%88%92&sa=fyb_news&rsv_dl=fyb_news,https://fyb-2.cdn.bcebos.com/hotboard_image/b6b9209ffb8acbccaef38390b65fe2df,百度热搜,实时热搜,realtime,,2026-09-15 00:22:17
5,“喊坐下都算礼貌 要我就喊离婚”,9月12日，赵雷北京鸟巢演唱会上，前排一名男观众突然向女友求婚，女方激动站起，导致后排齐声高喊“坐下”。这段现场视频被发到社交媒体后，此事冲上热搜。更有人表态：“喊坐下都算礼貌，要我就喊离婚。”,7521372,https://www.baidu.com/s?wd=%E2%80%9C%E5%96%8A%E5%9D%90%E4%B8%8B%E9%83%BD%E7%AE%97%E7%A4%BC%E8%B2%8C+%E8%A6%81%E6%88%91%E5%B0%B1%E5%96%8A%E7%A6%BB%E5%A9%9A%E2%80%9D&sa=fyb_news&rsv_dl=fyb_news,https://fyb-2.cdn.bcebos.com/hotboard_image/1b54c00df40217351cbd810d888a0e22,百度热搜,实时热搜,realtime,,2026-09-15 00:22:17
6,大型企业拖欠账款见一个查一个,近年来，部分行业内卷式竞争加剧，大型企业拖欠中小企业账款问题凸显。为此，市场监管总局会同多部门部署2026年反不正当竞争执法专项行动，重点查处大型企业滥用优势地位拖欠中小企业账款行为，查实后将依法依规严厉处罚。,7427056,https://www.baidu.com/s?wd=%E5%A4%A7%E5%9E%8B%E4%BC%81%E4%B8%9A%E6%8B%96%E6%AC%A0%E8%B4%A6%E6%AC%BE%E8%A7%81%E4%B8%80%E4%B8%AA%E6%9F%A5%E4%B8%80%E4%B8%AA&sa=fyb_news&rsv_dl=fyb_news,https://fyb-2.cdn.bcebos.com/hotboard_image/8dd519ac672d45135bd3d6093ee0ad31,百度热搜,实时热搜,realtime,,2026-09-15 00:22:17
7,3000元一针的“尸皮针”火了,3000多元一针、被网友称作“尸皮针”的Re2O在韩国医美圈走红。这款产品由已故捐献者皮肤经脱细胞处理制成细胞外基质，宣称可淡化细纹、抗衰嫩肤，已在韩、日、新加坡上市，为生产商带来可观营收。不少赴韩求美者体验后，称皮肤状态有所改善。,7327503,https://www.baidu.com/s?wd=3000%E5%85%83%E4%B8%80%E9%92%88%E7%9A%84%E2%80%9C%E5%B0%B8%E7%9A%AE%E9%92%88%E2%80%9D%E7%81%AB%E4%BA%86&sa=fyb_news&rsv_dl=fyb_news,https://fyb-2.cdn.bcebos.com/hotboard_image/dba8458af38338b11d4cbb17d79f125c,百度热搜,实时热搜,realtime,,2026-09-15 00:22:17
8,卫健委：提倡大家多喝白开水淡茶水,9月14日，国家卫健委主任雷海潮在国新办发布会上介绍健康中国建设情况。他提到，国内居民高盐高糖高油饮食普遍，每日添加糖摄入建议控制在25克以内，单瓶500毫升含糖饮料含糖量就可能达到这一上限，建议大家多喝白开水、淡茶水。,7238196,https://www.baidu.com/s?wd=%E5%8D%AB%E5%81%A5%E5%A7%94%EF%BC%9A%E6%8F%90%E5%80%A1%E5%A4%A7%E5%AE%B6%E5%A4%9A%E5%96%9D%E7%99%BD%E5%BC%80%E6%B0%B4%E6%B7%A1%E8%8C%B6%E6%B0%B4&sa=fyb_news&rsv_dl=fyb_news,https://fyb-2.cdn.bcebos.com/hotboard_image/afcfeab3b3ded62251233629862c08f1,百度热搜,实时热搜,realtime,,2026-09-15 00:22:17
9,妈妈吃无碘盐致女儿2岁多不会说话,浙江一女子查出甲状腺结节后，长期吃无碘盐，孕期持续忌碘。受此影响，她两岁多的女儿确诊亚临床甲减，出现不会说话、反应迟钝的症状。医生提醒，孕哺期女性切勿自行限碘。当地疾控表示，碘缺乏地区盲目食用无碘盐有害健康，甲状腺结节高发并非碘盐导致。,7137297,https://www.baidu.com/s?wd=%E5%A6%88%E5%A6%88%E5%90%83%E6%97%A0%E7%A2%98%E7%9B%90%E8%87%B4%E5%A5%B3%E5%84%BF2%E5%B2%81%E5%A4%9A%E4%B8%8D%E4%BC%9A%E8%AF%B4%E8%AF%9D&sa=fyb_news&rsv_dl=fyb_news,https://fyb-2.cdn.bcebos.com/hotboard_image/9b5ddca9c7bab4dcd3b3c3853c2d872f,百度热搜,实时热搜,realtime,,2026-09-15 00:22:17
10,演唱会求婚 别把没素质当仪式感,9月12日，赵雷北京鸟巢演唱会上，前排一名男观众突然向女友求婚，女方激动站起，导致后排齐声高喊“坐下”。此前两人还向周围观众撒喜糖，保安介入制止。演唱会求婚，别把没素质当仪式感。,7043649,https://www.baidu.com/s?wd=%E6%BC%94%E5%94%B1%E4%BC%9A%E6%B1%82%E5%A9%9A+%E5%88%AB%E6%8A%8A%E6%B2%A1%E7%B4%A0%E8%B4%A8%E5%BD%93%E4%BB%AA%E5%BC%8F%E6%84%9F&sa=fyb_news&rsv_dl=fyb_news,https://fyb-2.cdn.bcebos.com/hotboard_image/8e5c428286064ce4b9215d6ae164fca3,百度热搜,实时热搜,realtime,,2026-09-15 00:22:17
11,李玉刚当选吉林文联兼职副主席,9月12日至9月13日，在吉林省文联第十次代表大会上，李玉刚当选第十届吉林省文联兼职副主席。李玉刚在采访中回应：内心十分激动，多年致力于国风艺术传承和发展，未来也会多多回到家乡，未来有更多机会助力家乡艺术人才发展。,6950013,https://www.baidu.com/s?wd=%E6%9D%8E%E7%8E%89%E5%88%9A%E5%BD%93%E9%80%89%E5%90%89%E6%9E%97%E6%96%87%E8%81%94%E5%85%BC%E8%81%8C%E5%89%AF%E4%B8%BB%E5%B8%AD&sa=fyb_news&rsv_dl=fyb_news,https://fyb-2.cdn.bcebos.com/hotboard_image/cdc76b6213bd9db35ac94b83fed67c1d,百度热搜,实时热搜,realtime,,2026-09-15 00:22:17
12,停止资助学生后反遭威胁系造谣,近日，网传男子终止资助女学生遭对方威胁一事引发热议，嘉峪关公安通报，该内容系网民姚某某编造博流量，案件正在侦办中。,6847281,https://www.baidu.com/s?wd=%E5%81%9C%E6%AD%A2%E8%B5%84%E5%8A%A9%E5%AD%A6%E7%94%9F%E5%90%8E%E5%8F%8D%E9%81%AD%E5%A8%81%E8%83%81%E7%B3%BB%E9%80%A0%E8%B0%A3&sa=fyb_news&rsv_dl=fyb_news,https://fyb-2.cdn.bcebos.com/hotboard_image/0590601230bd2fba9a9ce5e9e1b802e1,百度热搜,实时热搜,realtime,,2026-09-15 00:22:17
13,全球最大每周车展创始人车祸身亡,,6762222,https://www.baidu.com/s?wd=%E5%85%A8%E7%90%83%E6%9C%80%E5%A4%A7%E6%AF%8F%E5%91%A8%E8%BD%A6%E5%B1%95%E5%88%9B%E5%A7%8B%E4%BA%BA%E8%BD%A6%E7%A5%B8%E8%BA%AB%E4%BA%A1&sa=fyb_news&rsv_dl=fyb_news,https://fyb-1.cdn.bcebos.com/fyb/de6163834f53ca92c1273fff98ac9078.jpeg,百度热搜,实时热搜,realtime,,2026-09-15 00:22:17
14,敬一丹多张生前照片公布,14日晚，敬一丹公众账号发布视频回顾敬一丹生平，公布多张旧照。视频记录了她从1955年出生、就读北京广播学院，到主持《焦点访谈》《感动中国》，再到2026年6月最后一次面对镜头的人生轨迹。,6656446,https://www.baidu.com/s?wd=%E6%95%AC%E4%B8%80%E4%B8%B9%E5%A4%9A%E5%BC%A0%E7%94%9F%E5%89%8D%E7%85%A7%E7%89%87%E5%85%AC%E5%B8%83&sa=fyb_news&rsv_dl=fyb_news,https://fyb-2.cdn.bcebos.com/hotboard_image/9057a36f36fb68a991bb99270f44ce82,百度热搜,实时热搜,realtime,,2026-09-15 00:22:17
15,家长称3000生活费够吃饭还能点外卖,9月13日，开学季“大学生每月3000生活费够不够”话题引发热议。记者在浙江传媒学院新生报到现场采访得知，一位大一新生家长给其3000元/月生活费，因已了解每天三四餐花费，特将点外卖的费用也算在里面。,6569001,https://www.baidu.com/s?wd=%E5%AE%B6%E9%95%BF%E7%A7%B03000%E7%94%9F%E6%B4%BB%E8%B4%B9%E5%A4%9F%E5%90%83%E9%A5%AD%E8%BF%98%E8%83%BD%E7%82%B9%E5%A4%96%E5%8D%96&sa=fyb_news&rsv_dl=fyb_news,https://fyb-2.cdn.bcebos.com/hotboard_image/2d7fa97b6b291a99627dee928f8857a8,百度热搜,实时热搜,realtime,,2026-09-15 00:22:17
16,苹果回应iPhone18Pro破发,9月14日，某电商平台显示256G的iPhone 18 Pro售价降至9099元，较官网直降900元。苹果官方客服对此回应称，第三方渠道有定价权，可能有平台补贴或店铺优惠，官方不会去干预，每年新机上市后渠道价格都会因供需关系波动。,6464883,https://www.baidu.com/s?wd=%E8%8B%B9%E6%9E%9C%E5%9B%9E%E5%BA%94iPhone18Pro%E7%A0%B4%E5%8F%91&sa=fyb_news&rsv_dl=fyb_news,https://fyb-2.cdn.bcebos.com/hotboard_image/c24c9393a8189ab4edf8e35d21877f54,百度热搜,实时热搜,realtime,,2026-09-15 00:22:17
17,小孩哥解锁泡面盖“传送带”式吃法,,6369784,https://www.baidu.com/s?wd=%E5%B0%8F%E5%AD%A9%E5%93%A5%E8%A7%A3%E9%94%81%E6%B3%A1%E9%9D%A2%E7%9B%96%E2%80%9C%E4%BC%A0%E9%80%81%E5%B8%A6%E2%80%9D%E5%BC%8F%E5%90%83%E6%B3%95&sa=fyb_news&rsv_dl=fyb_news,https://fyb-1.cdn.bcebos.com/fyb/de6163834f53ca92c1273fff98ac9078.jpeg,百度热搜,实时热搜,realtime,,2026-09-15 00:22:17
18,看病不用反复拍片化验了,近日，国家卫健委主任雷海潮称，此前群众反映强烈的跨院检查结果不能共享问题，经持续推进已有明显改善。目前全国98%的地市可互认超300项检查检验项目，基本覆盖临床主要化验与影像检查。,6274316,https://www.baidu.com/s?wd=%E7%9C%8B%E7%97%85%E4%B8%8D%E7%94%A8%E5%8F%8D%E5%A4%8D%E6%8B%8D%E7%89%87%E5%8C%96%E9%AA%8C%E4%BA%86&sa=fyb_news&rsv_dl=fyb_news,https://fyb-2.cdn.bcebos.com/hotboard_image/1b9d654cf0ab7bbf38b2dbf403dc66a3,百度热搜,实时热搜,realtime,,2026-09-15 00:22:17
19,黄河边约会后失踪女孩遗体已火化,河南新乡一位19岁女孩今年6月与男友黄河边约会后失踪，遗体7月在开封水域被发现，尸检认定溺水身亡，遗体已于9月12日火化。警方审查后不予立案，女孩母亲对此存疑，计划就不予立案申请复议。,6187652,https://www.baidu.com/s?wd=%E9%BB%84%E6%B2%B3%E8%BE%B9%E7%BA%A6%E4%BC%9A%E5%90%8E%E5%A4%B1%E8%B8%AA%E5%A5%B3%E5%AD%A9%E9%81%97%E4%BD%93%E5%B7%B2%E7%81%AB%E5%8C%96&sa=fyb_news&rsv_dl=fyb_news,https://fyb-2.cdn.bcebos.com/hotboard_image/2bc9cdfe2d3af3574c9d1f96d75a6efe,百度热搜,实时热搜,realtime,,2026-09-15 00:22:17
20,夫妻被撞身亡儿子问背后来车怎么躲,日前，山西蒲县薛关镇政府工作人员杜某某醉驾、超速且未开车灯，撞上推车过马路的夫妻致两人死亡，肇事者已被刑拘。原事故初判遇难夫妻要负次责，死者家属对此不认可提出复核，认为其父母很难发现身后行驶的车辆。,6081733,https://www.baidu.com/s?wd=%E5%A4%AB%E5%A6%BB%E8%A2%AB%E6%92%9E%E8%BA%AB%E4%BA%A1%E5%84%BF%E5%AD%90%E9%97%AE%E8%83%8C%E5%90%8E%E6%9D%A5%E8%BD%A6%E6%80%8E%E4%B9%88%E8%BA%B2&sa=fyb_news&rsv_dl=fyb_news,https://fyb-2.cdn.bcebos.com/hotboard_image/bfedf4c196284d79fba7101769f70673,百度热搜,实时热搜,realtime,,2026-09-15 00:22:17
21,国产AI短片 最不像AI的AI神作,9月6日，B站UP主DiDi_OK凭借AI短片《网站》，在2026年威尼斯Reply AI Film Festival中斩获两项大奖，从3100部作品中脱颖而出。该作被观众称为“最不像AI的AI神作”，获郭帆点赞。,5988880,https://www.baidu.com/s?wd=%E5%9B%BD%E4%BA%A7AI%E7%9F%AD%E7%89%87+%E6%9C%80%E4%B8%8D%E5%83%8FAI%E7%9A%84AI%E7%A5%9E%E4%BD%9C&sa=fyb_news&rsv_dl=fyb_news,https://fyb-2.cdn.bcebos.com/hotboard_image/4586ffb935d2a8a2bd4496f4a406af89,百度热搜,实时热搜,realtime,,2026-09-15 00:22:17
22,iPhone18Pro破发,9月14日，电商平台iPhone 18 Pro直降900元至9099元，北京线下老款iPhone 17降价500元至800元。苹果客服当日回应，官网暂无降价通知，提醒消费者留意第三方渠道的货源与售后隐患。,5891562,https://www.baidu.com/s?wd=iPhone18Pro%E7%A0%B4%E5%8F%91&sa=fyb_news&rsv_dl=fyb_news,https://fyb-2.cdn.bcebos.com/hotboard_image/a145c5177cf761efa510fe19f0809a4c,百度热搜,实时热搜,realtime,,2026-09-15 00:22:17
23,金星伴月,9月14日晚，全国多地夜空上演“金星伴月”浪漫天象。天气晴好区域，无需借助专业设备，仅凭肉眼便能观赏到明亮金星与蛾眉月近距离相依的画面。,5804414,https://www.baidu.com/s?wd=%E9%87%91%E6%98%9F%E4%BC%B4%E6%9C%88&sa=fyb_news&rsv_dl=fyb_news,https://fyb-2.cdn.bcebos.com/hotboard_image/fae7592de8eab3d5a3ac1ca2616784d4,百度热搜,实时热搜,realtime,,2026-09-15 00:22:17
24,多城楼盘“抱团涨价”,9月1日，成都、广州等地多家房企传出收回折扣或上调价格通知。此前，“8·28新政”落地后，上海、广州、深圳等城市部分楼盘相继传出涨价消息。分析指出，此轮涨价多为收回1%至3%优惠，实为开发商借政策窗口制造“再不买就涨”预期的试探性营销，而非市场全面反转。,5708176,https://www.baidu.com/s?wd=%E5%A4%9A%E5%9F%8E%E6%A5%BC%E7%9B%98%E2%80%9C%E6%8A%B1%E5%9B%A2%E6%B6%A8%E4%BB%B7%E2%80%9D&sa=fyb_news&rsv_dl=fyb_news,https://fyb-2.cdn.bcebos.com/hotboard_image/8b3296e357f6bf2acadab28b4d7c9566,百度热搜,实时热搜,realtime,,2026-09-15 00:22:17
25,侄女帮小姨挡催婚 金句频出,,5618932,https://www.baidu.com/s?wd=%E4%BE%84%E5%A5%B3%E5%B8%AE%E5%B0%8F%E5%A7%A8%E6%8C%A1%E5%82%AC%E5%A9%9A+%E9%87%91%E5%8F%A5%E9%A2%91%E5%87%BA&sa=fyb_news&rsv_dl=fyb_news,https://fyb-1.cdn.bcebos.com/fyb/de6163834f53ca92c1273fff98ac9078.jpeg,百度热搜,实时热搜,realtime,,2026-09-15 00:22:17
26,韩剧男主回应长得丑,据9月14日网友爆料，韩剧《杀手妈咪》男主郑准元在终映采访中，回应外界关于他外貌的争议。他坦言听到别人说自己长得丑心里不会舒服，但并未回避争议或刻意卖惨，认为这是自己需要承受的评价，相关发言引发网友关注。,5514886,https://www.baidu.com/s?wd=%E9%9F%A9%E5%89%A7%E7%94%B7%E4%B8%BB%E5%9B%9E%E5%BA%94%E9%95%BF%E5%BE%97%E4%B8%91&sa=fyb_news&rsv_dl=fyb_news,https://fyb-2.cdn.bcebos.com/hotboard_image/000f0d95331a8bb63e31de12dbedb145,百度热搜,实时热搜,realtime,,2026-09-15 00:22:17
27,海南万宁出现龙卷风,9月14日，受强对流天气影响，海南省万宁市遭遇龙卷风袭击，现场不少树木被吹倒。,5427936,https://www.baidu.com/s?wd=%E6%B5%B7%E5%8D%97%E4%B8%87%E5%AE%81%E5%87%BA%E7%8E%B0%E9%BE%99%E5%8D%B7%E9%A3%8E&sa=fyb_news&rsv_dl=fyb_news,https://fyb-2.cdn.bcebos.com/hotboard_image/de115f92ccfdc9de413317a0298dba31,百度热搜,实时热搜,realtime,,2026-09-15 00:22:17
28,浙江省委书记省长带头捐款,9月14日下午，浙江省委书记王浩、省长刘捷等省领导参加“慈善一日捐”活动并带头捐款。此前，该活动在浙江已延续多年，自2021年起每年省四套班子领导均带头捐款。,5310805,https://www.baidu.com/s?wd=%E6%B5%99%E6%B1%9F%E7%9C%81%E5%A7%94%E4%B9%A6%E8%AE%B0%E7%9C%81%E9%95%BF%E5%B8%A6%E5%A4%B4%E6%8D%90%E6%AC%BE&sa=fyb_news&rsv_dl=fyb_news,https://fyb-2.cdn.bcebos.com/hotboard_image/25ea9c64c5b928a1c918cc6c880a2d7e,百度热搜,实时热搜,realtime,,2026-09-15 00:22:17
29,近20省份公布社保缴费新基数,截至9月14日，已有近20个省级地区公布2026年度企业职工社会保险缴费基数上下限。今年北京、上海、湖南等地缴费基数下限继续上调，但涨幅有所收窄。上下限提高不意味着所有人社保费都多扣，是否多交取决于本人缴费基数和参保险种。,5228028,https://www.baidu.com/s?wd=%E8%BF%9120%E7%9C%81%E4%BB%BD%E5%85%AC%E5%B8%83%E7%A4%BE%E4%BF%9D%E7%BC%B4%E8%B4%B9%E6%96%B0%E5%9F%BA%E6%95%B0&sa=fyb_news&rsv_dl=fyb_news,https://fyb-2.cdn.bcebos.com/hotboard_image/ccadab26937d1bd0bda35545bea28996,百度热搜,实时热搜,realtime,,2026-09-15 00:22:17
30,60个手机号挂名下 男子14年后才发现,,5134749,https://www.baidu.com/s?wd=60%E4%B8%AA%E6%89%8B%E6%9C%BA%E5%8F%B7%E6%8C%82%E5%90%8D%E4%B8%8B+%E7%94%B7%E5%AD%9014%E5%B9%B4%E5%90%8E%E6%89%8D%E5%8F%91%E7%8E%B0&sa=fyb_news&rsv_dl=fyb_news,https://fyb-1.cdn.bcebos.com/fyb/de6163834f53ca92c1273fff98ac9078.jpeg,百度热搜,实时热搜,realtime,,2026-09-15 00:22:17
31,王一博代言疑涉虚假宣传？品牌方回应,9月14日，“王一博新代言疑似涉嫌虚假宣传”相关话题冲上热搜。蓝芩品牌方当晚回应称相关言论属于造谣诋毁，已经报警。蓝芩表示产品为普通食品，抽检合格，网传处罚信息不实，将通过法律维权。,5048618,https://www.baidu.com/s?wd=%E7%8E%8B%E4%B8%80%E5%8D%9A%E4%BB%A3%E8%A8%80%E7%96%91%E6%B6%89%E8%99%9A%E5%81%87%E5%AE%A3%E4%BC%A0%EF%BC%9F%E5%93%81%E7%89%8C%E6%96%B9%E5%9B%9E%E5%BA%94&sa=fyb_news&rsv_dl=fyb_news,https://fyb-2.cdn.bcebos.com/hotboard_image/8bea31bcc5cff3f718192f4065608827,百度热搜,实时热搜,realtime,,2026-09-15 00:22:17
32,对抗手机成瘾 全球掀起风暴,“手机上的童年”已经成为一个全球性问题。眼下，它已成为一个公共治理难题。以澳大利亚为首，半年来，英国、法国、西班牙、马来西亚等十多个国家各自草拟社交媒体禁令，禁止或限制青少年使用Instagram、YouTube、Facebook等主流社交媒体平台。,4928564,https://www.baidu.com/s?wd=%E5%AF%B9%E6%8A%97%E6%89%8B%E6%9C%BA%E6%88%90%E7%98%BE+%E5%85%A8%E7%90%83%E6%8E%80%E8%B5%B7%E9%A3%8E%E6%9A%B4&sa=fyb_news&rsv_dl=fyb_news,https://fyb-2.cdn.bcebos.com/hotboard_image/fa98a128346c0a2c912651a4c96504f7,百度热搜,实时热搜,realtime,,2026-09-15 00:22:17
33,知名游戏老板百亿元天价离婚创纪录,近日，韩国首尔家庭法院对《穿越火线》开发商Smilegate创始人权赫彬与妻子李某离婚案作出一审判决。法院裁定权赫彬向李某转让35%股份，并支付约3.24亿元人民币现金，分割总额约127.25亿元人民币，创下韩国公开离婚案新高。,4844588,https://www.baidu.com/s?wd=%E7%9F%A5%E5%90%8D%E6%B8%B8%E6%88%8F%E8%80%81%E6%9D%BF%E7%99%BE%E4%BA%BF%E5%85%83%E5%A4%A9%E4%BB%B7%E7%A6%BB%E5%A9%9A%E5%88%9B%E7%BA%AA%E5%BD%95&sa=fyb_news&rsv_dl=fyb_news,https://fyb-2.cdn.bcebos.com/hotboard_image/d798836f59b0590683723d1c1f5207ac,百度热搜,实时热搜,realtime,,2026-09-15 00:22:17
34,王曼昱反超孙颖莎登顶女单世界第一,9月14日，国际乒联第38周排名更新，王曼昱以9115分反超孙颖莎的8975分，职业生涯首次登顶女单世界第一。,4751114,https://www.baidu.com/s?wd=%E7%8E%8B%E6%9B%BC%E6%98%B1%E5%8F%8D%E8%B6%85%E5%AD%99%E9%A2%96%E8%8E%8E%E7%99%BB%E9%A1%B6%E5%A5%B3%E5%8D%95%E4%B8%96%E7%95%8C%E7%AC%AC%E4%B8%80&sa=fyb_news&rsv_dl=fyb_news,https://fyb-2.cdn.bcebos.com/hotboard_image/ad21888f442269a4baeb30d91700078d,百度热搜,实时热搜,realtime,,2026-09-15 00:22:17
35,小学改养老院不是“换块牌子”就行,据媒体报道，各地正加快盘活闲置校舍资源，不少闲置小学被改造为养老院、养老中心、长者食堂等场所。不过，校舍改建养老机构并非简单“换块牌子”，需要在适老标准、服务质量、可持续运营等方面因地制宜、精细打磨。,4659063,https://www.baidu.com/s?wd=%E5%B0%8F%E5%AD%A6%E6%94%B9%E5%85%BB%E8%80%81%E9%99%A2%E4%B8%8D%E6%98%AF%E2%80%9C%E6%8D%A2%E5%9D%97%E7%89%8C%E5%AD%90%E2%80%9D%E5%B0%B1%E8%A1%8C&sa=fyb_news&rsv_dl=fyb_news,https://fyb-2.cdn.bcebos.com/hotboard_image/1d30f82f539c0d6820852676d733f8c9,百度热搜,实时热搜,realtime,,2026-09-15 00:22:17
36,女子绞杀醉酒男友潜逃25年后落网,2001年合肥女子王某因琐事，用药迷晕醉酒男友后将其绞杀，随后潜逃25年。她更名漂白身份，在新疆生活。今年9月，两地警方联动将其抓获，王某对杀人事实供认不讳，案件正办理移交。,4561190,https://www.baidu.com/s?wd=%E5%A5%B3%E5%AD%90%E7%BB%9E%E6%9D%80%E9%86%89%E9%85%92%E7%94%B7%E5%8F%8B%E6%BD%9C%E9%80%8325%E5%B9%B4%E5%90%8E%E8%90%BD%E7%BD%91&sa=fyb_news&rsv_dl=fyb_news,https://fyb-2.cdn.bcebos.com/hotboard_image/e125e4e793ac5291198a407ce340067d,百度热搜,实时热搜,realtime,,2026-09-15 00:22:17
37,宠物猫坠亡 家政工赔15750元,,4478343,https://www.baidu.com/s?wd=%E5%AE%A0%E7%89%A9%E7%8C%AB%E5%9D%A0%E4%BA%A1+%E5%AE%B6%E6%94%BF%E5%B7%A5%E8%B5%9415750%E5%85%83&sa=fyb_news&rsv_dl=fyb_news,https://fyb-1.cdn.bcebos.com/fyb/de6163834f53ca92c1273fff98ac9078.jpeg,百度热搜,实时热搜,realtime,,2026-09-15 00:22:17
38,荷兰弟登顶全球影史演员票房榜,据外媒报道，随着《蜘蛛侠：崭新之日》和《奥德赛》票房的持续上涨，“荷兰弟”汤姆·赫兰德（Tom Holland）成为全球影史票房最高的演员。,4375574,https://www.baidu.com/s?wd=%E8%8D%B7%E5%85%B0%E5%BC%9F%E7%99%BB%E9%A1%B6%E5%85%A8%E7%90%83%E5%BD%B1%E5%8F%B2%E6%BC%94%E5%91%98%E7%A5%A8%E6%88%BF%E6%A6%9C&sa=fyb_news&rsv_dl=fyb_news,https://fyb-2.cdn.bcebos.com/hotboard_image/6c7f9f3ee70f3a1d566b11ce48bfbafc,百度热搜,实时热搜,realtime,,2026-09-15 00:22:17
39,甘肃省政府：坚决拥护党中央决定,9月14日，甘肃省政府党组召开扩大会议，传达甘肃原副省长雷思维被开除党籍、公职的决定，与会同志一致表示坚决拥护党中央决定。此前9月11日，中央纪委国家监委通报雷思维严重违纪违法被双开，甘肃省委常委会同日召开会议传达该决定并表态拥护。,4273658,https://www.baidu.com/s?wd=%E7%94%98%E8%82%83%E7%9C%81%E6%94%BF%E5%BA%9C%EF%BC%9A%E5%9D%9A%E5%86%B3%E6%8B%A5%E6%8A%A4%E5%85%9A%E4%B8%AD%E5%A4%AE%E5%86%B3%E5%AE%9A&sa=fyb_news&rsv_dl=fyb_news,https://fyb-2.cdn.bcebos.com/hotboard_image/e341f04f86a16e04fc9d01dbc8da5f20,百度热搜,实时热搜,realtime,,2026-09-15 00:22:17
40,云南普洱地震,据中国地震台网正式测定，9月14日17时7分在云南普洱市墨江县发生4.5级地震，震源深度10公里，震中位于北纬23.15度，东经101.61度。,4187307,https://www.baidu.com/s?wd=%E4%BA%91%E5%8D%97%E6%99%AE%E6%B4%B1%E5%9C%B0%E9%9C%87&sa=fyb_news&rsv_dl=fyb_news,https://fyb-2.cdn.bcebos.com/hotboard_image/d73aaf6bf0f7d394aadfbe213fb74c24,百度热搜,实时热搜,realtime,,2026-09-15 00:22:17
41,海南全省已转移4.2万余人,,4064879,https://www.baidu.com/s?wd=%E6%B5%B7%E5%8D%97%E5%85%A8%E7%9C%81%E5%B7%B2%E8%BD%AC%E7%A7%BB4.2%E4%B8%87%E4%BD%99%E4%BA%BA&sa=fyb_news&rsv_dl=fyb_news,https://fyb-1.cdn.bcebos.com/fyb/de6163834f53ca92c1273fff98ac9078.jpeg,百度热搜,实时热搜,realtime,,2026-09-15 00:22:17
42,日本艺术家办展揭侵华日军暴行,,3976654,https://www.baidu.com/s?wd=%E6%97%A5%E6%9C%AC%E8%89%BA%E6%9C%AF%E5%AE%B6%E5%8A%9E%E5%B1%95%E6%8F%AD%E4%BE%B5%E5%8D%8E%E6%97%A5%E5%86%9B%E6%9A%B4%E8%A1%8C&sa=fyb_news&rsv_dl=fyb_news,https://fyb-1.cdn.bcebos.com/fyb/de6163834f53ca92c1273fff98ac9078.jpeg,百度热搜,实时热搜,realtime,,2026-09-15 00:22:17
43,中国球员吕孟洋加盟西班牙人,9月14日，皇家西班牙人足球俱乐部宣布，中国球员吕孟洋加入球队青训体系，将代表西班牙人青年B队出战比赛。,3891611,https://www.baidu.com/s?wd=%E4%B8%AD%E5%9B%BD%E7%90%83%E5%91%98%E5%90%95%E5%AD%9F%E6%B4%8B%E5%8A%A0%E7%9B%9F%E8%A5%BF%E7%8F%AD%E7%89%99%E4%BA%BA&sa=fyb_news&rsv_dl=fyb_news,https://fyb-2.cdn.bcebos.com/hotboard_image/5c3b53c52d937d3b7ffe05607b7a1961,百度热搜,实时热搜,realtime,,2026-09-15 00:22:17
44,于东来回应新员工实行四年合同制,9月14日晚，于东来发文回应“胖东来新员工实行四年合同制”。于东来表示，胖东来企业的目标是培养更多懂得科学轻松健康生活的群体、从而带动更多人们实现轻松快乐幸福的生活，未来四年合同制学员也是这个目的，大家不要误解，关于工作和劳资方面严格按照劳动法执行。,3804348,https://www.baidu.com/s?wd=%E4%BA%8E%E4%B8%9C%E6%9D%A5%E5%9B%9E%E5%BA%94%E6%96%B0%E5%91%98%E5%B7%A5%E5%AE%9E%E8%A1%8C%E5%9B%9B%E5%B9%B4%E5%90%88%E5%90%8C%E5%88%B6&sa=fyb_news&rsv_dl=fyb_news,https://fyb-2.cdn.bcebos.com/hotboard_image/393091fc2bb67b234c72914022e8b94f,百度热搜,实时热搜,realtime,,2026-09-15 00:22:17
45,业主空置房被物业擅自打开堆杂物,,3682510,https://www.baidu.com/s?wd=%E4%B8%9A%E4%B8%BB%E7%A9%BA%E7%BD%AE%E6%88%BF%E8%A2%AB%E7%89%A9%E4%B8%9A%E6%93%85%E8%87%AA%E6%89%93%E5%BC%80%E5%A0%86%E6%9D%82%E7%89%A9&sa=fyb_news&rsv_dl=fyb_news,https://fyb-1.cdn.bcebos.com/fyb/de6163834f53ca92c1273fff98ac9078.jpeg,百度热搜,实时热搜,realtime,,2026-09-15 00:22:17
46,韩方吐槽名古屋亚运会住宿史上最差,即将于本周开幕的爱知·名古屋亚运会，陷入住宿风波。韩国篮球协会副会长郑在勇吐槽球员住宿条件“史上最差”，指出存在厕所漏水、床铺太短及被迫住邮轮等问题。,3623337,https://www.baidu.com/s?wd=%E9%9F%A9%E6%96%B9%E5%90%90%E6%A7%BD%E5%90%8D%E5%8F%A4%E5%B1%8B%E4%BA%9A%E8%BF%90%E4%BC%9A%E4%BD%8F%E5%AE%BF%E5%8F%B2%E4%B8%8A%E6%9C%80%E5%B7%AE&sa=fyb_news&rsv_dl=fyb_news,https://fyb-2.cdn.bcebos.com/hotboard_image/02a7627f7b61409cd403881be8954be0,百度热搜,实时热搜,realtime,,2026-09-15 00:22:17
47,海南多地停课,9月14日，受热带低压影响，海南多地遭遇强降雨。目前，海南已有13市县发布停课通知，具体包括三亚、定安、临高、乐东、五指山、陵水、琼海、保亭、琼中、万宁、屯昌、白沙、澄迈。,3520693,https://www.baidu.com/s?wd=%E6%B5%B7%E5%8D%97%E5%A4%9A%E5%9C%B0%E5%81%9C%E8%AF%BE&sa=fyb_news&rsv_dl=fyb_news,https://fyb-2.cdn.bcebos.com/hotboard_image/25a016b6cd6026fe7c3e48085e28da9b,百度热搜,实时热搜,realtime,,2026-09-15 00:22:17
48,杭州机器人交警中队完成升级,,3426059,https://www.baidu.com/s?wd=%E6%9D%AD%E5%B7%9E%E6%9C%BA%E5%99%A8%E4%BA%BA%E4%BA%A4%E8%AD%A6%E4%B8%AD%E9%98%9F%E5%AE%8C%E6%88%90%E5%8D%87%E7%BA%A7&sa=fyb_news&rsv_dl=fyb_news,https://fyb-1.cdn.bcebos.com/fyb/de6163834f53ca92c1273fff98ac9078.jpeg,百度热搜,实时热搜,realtime,,2026-09-15 00:22:17
49,王老吉回应新品被指抄袭,,3318776,https://www.baidu.com/s?wd=%E7%8E%8B%E8%80%81%E5%90%89%E5%9B%9E%E5%BA%94%E6%96%B0%E5%93%81%E8%A2%AB%E6%8C%87%E6%8A%84%E8%A2%AD&sa=fyb_news&rsv_dl=fyb_news,https://fyb-1.cdn.bcebos.com/fyb/de6163834f53ca92c1273fff98ac9078.jpeg,百度热搜,实时热搜,realtime,,2026-09-15 00:22:17
50,农村大集上 人大代表“摆了个摊儿”,,3227984,https://www.baidu.com/s?wd=%E5%86%9C%E6%9D%91%E5%A4%A7%E9%9B%86%E4%B8%8A+%E4%BA%BA%E5%A4%A7%E4%BB%A3%E8%A1%A8%E2%80%9C%E6%91%86%E4%BA%86%E4%B8%AA%E6%91%8A%E5%84%BF%E2%80%9D&sa=fyb_news&rsv_dl=fyb_news,https://fyb-1.cdn.bcebos.com/fyb/de6163834f53ca92c1273fff98ac9078.jpeg,百度热搜,实时热搜,realtime,,2026-09-15 00:22:17
1,始终把人民生命安全放在首位,2026年汛期，我国多地遭遇持续性极端强降水过程，多处河流、水库遭遇险情，人民群众生命财产安全面临严峻考验。习近平总书记高度关注雨情、汛情、灾情，始终牵挂灾区群众安危，亲自部署、亲自指挥防汛抗洪救灾工作，多次主持召开重要会议、作出重要指示，要求“扎实做好防灾救灾各项工作，确保人民群众生命财产安全”。,7904251,https://www.baidu.com/s?wd=%E5%A7%8B%E7%BB%88%E6%8A%8A%E4%BA%BA%E6%B0%91%E7%94%9F%E5%91%BD%E5%AE%89%E5%85%A8%E6%94%BE%E5%9C%A8%E9%A6%96%E4%BD%8D&sa=fyb_news&rsv_dl=fyb_news,https://fyb-2.cdn.bcebos.com/hotboard_image/23498e790ec72673a3e3ee478372308e,百度热搜,实时热搜,realtime,,2026-09-15 01:17:39
2,广汽集团 资产重组,9月14日晚，广汽集团发布关于筹划重大资产重组事项的停牌公告。公司当日与一汽股份签署意向协议，拟以发行股份的方式收购一汽股份所持某整车合资公司部分股权，同时募集配套资金。据初步测算，本次交易完成后，一汽股份将成为广汽集团第二大股东，具备战略影响力。,7808839,https://www.baidu.com/s?wd=%E5%B9%BF%E6%B1%BD%E9%9B%86%E5%9B%A2+%E8%B5%84%E4%BA%A7%E9%87%8D%E7%BB%84&sa=fyb_news&rsv_dl=fyb_news,https://fyb-2.cdn.bcebos.com/hotboard_image/ea53c846994f3a5c43aee62636f55947,百度热搜,实时热搜,realtime,,2026-09-15 01:17:39
3,一车人买错票 游客建议车站改名,,7714215,https://www.baidu.com/s?wd=%E4%B8%80%E8%BD%A6%E4%BA%BA%E4%B9%B0%E9%94%99%E7%A5%A8+%E6%B8%B8%E5%AE%A2%E5%BB%BA%E8%AE%AE%E8%BD%A6%E7%AB%99%E6%94%B9%E5%90%8D&sa=fyb_news&rsv_dl=fyb_news,https://fyb-1.cdn.bcebos.com/fyb/de6163834f53ca92c1273fff98ac9078.jpeg,百度热搜,实时热搜,realtime,,2026-09-15 01:17:39
4,未来五年民生健康重磅规划,9月14日上午，国务院新闻办公室举行“开局起步‘十五五’”系列主题新闻发布会，国家卫生健康委、国家中医药局、国家疾控局等部门负责人介绍推动健康中国建设取得决定性进展有关情况。未来5年，要从“有”向“优”转变，我国将加快完善优质高效整合型医疗卫生服务体系，让更多群众在家门口看得上病、看得好病。,7615945,https://www.baidu.com/s?wd=%E6%9C%AA%E6%9D%A5%E4%BA%94%E5%B9%B4%E6%B0%91%E7%94%9F%E5%81%A5%E5%BA%B7%E9%87%8D%E7%A3%85%E8%A7%84%E5%88%92&sa=fyb_news&rsv_dl=fyb_news,https://fyb-2.cdn.bcebos.com/hotboard_image/b6b9209ffb8acbccaef38390b65fe2df,百度热搜,实时热搜,realtime,,2026-09-15 01:17:39
5,“喊坐下都算礼貌 要我就喊离婚”,9月12日，赵雷北京鸟巢演唱会上，前排一名男观众突然向女友求婚，女方激动站起，导致后排齐声高喊“坐下”。这段现场视频被发到社交媒体后，此事冲上热搜。更有人表态：“喊坐下都算礼貌，要我就喊离婚。”,7523302,https://www.baidu.com/s?wd=%E2%80%9C%E5%96%8A%E5%9D%90%E4%B8%8B%E9%83%BD%E7%AE%97%E7%A4%BC%E8%B2%8C+%E8%A6%81%E6%88%91%E5%B0%B1%E5%96%8A%E7%A6%BB%E5%A9%9A%E2%80%9D&sa=fyb_news&rsv_dl=fyb_news,https://fyb-2.cdn.bcebos.com/hotboard_image/1b54c00df40217351cbd810d888a0e22,百度热搜,实时热搜,realtime,,2026-09-15 01:17:39
6,大型企业拖欠账款见一个查一个,近年来，部分行业内卷式竞争加剧，大型企业拖欠中小企业账款问题凸显。为此，市场监管总局会同多部门部署2026年反不正当竞争执法专项行动，重点查处大型企业滥用优势地位拖欠中小企业账款行为，查实后将依法依规严厉处罚。,7423810,https://www.baidu.com/s?wd=%E5%A4%A7%E5%9E%8B%E4%BC%81%E4%B8%9A%E6%8B%96%E6%AC%A0%E8%B4%A6%E6%AC%BE%E8%A7%81%E4%B8%80%E4%B8%AA%E6%9F%A5%E4%B8%80%E4%B8%AA&sa=fyb_news&rsv_dl=fyb_news,https://fyb-2.cdn.bcebos.com/hotboard_image/8dd519ac672d45135bd3d6093ee0ad31,百度热搜,实时热搜,realtime,,2026-09-15 01:17:39
7,3000元一针的“尸皮针”火了,3000多元一针、被网友称作“尸皮针”的Re2O在韩国医美圈走红。这款产品由已故捐献者皮肤经脱细胞处理制成细胞外基质，宣称可淡化细纹、抗衰嫩肤，已在韩、日、新加坡上市，为生产商带来可观营收。不少赴韩求美者体验后，称皮肤状态有所改善。,7333121,https://www.baidu.com/s?wd=3000%E5%85%83%E4%B8%80%E9%92%88%E7%9A%84%E2%80%9C%E5%B0%B8%E7%9A%AE%E9%92%88%E2%80%9D%E7%81%AB%E4%BA%86&sa=fyb_news&rsv_dl=fyb_news,https://fyb-2.cdn.bcebos.com/hotboard_image/dba8458af38338b11d4cbb17d79f125c,百度热搜,实时热搜,realtime,,2026-09-15 01:17:39
8,演唱会求婚 别把没素质当仪式感,9月12日，赵雷北京鸟巢演唱会上，前排一名男观众突然向女友求婚，女方激动站起，导致后排齐声高喊“坐下”。此前两人还向周围观众撒喜糖，保安介入制止。演唱会求婚，别把没素质当仪式感。,7237026,https://www.baidu.com/s?wd=%E6%BC%94%E5%94%B1%E4%BC%9A%E6%B1%82%E5%A9%9A+%E5%88%AB%E6%8A%8A%E6%B2%A1%E7%B4%A0%E8%B4%A8%E5%BD%93%E4%BB%AA%E5%BC%8F%E6%84%9F&sa=fyb_news&rsv_dl=fyb_news,https://fyb-2.cdn.bcebos.com/hotboard_image/8e5c428286064ce4b9215d6ae164fca3,百度热搜,实时热搜,realtime,,2026-09-15 01:17:39
9,全球最大每周车展创始人车祸身亡,,7136109,https://www.baidu.com/s?wd=%E5%85%A8%E7%90%83%E6%9C%80%E5%A4%A7%E6%AF%8F%E5%91%A8%E8%BD%A6%E5%B1%95%E5%88%9B%E5%A7%8B%E4%BA%BA%E8%BD%A6%E7%A5%B8%E8%BA%AB%E4%BA%A1&sa=fyb_news&rsv_dl=fyb_news,https://fyb-1.cdn.bcebos.com/fyb/de6163834f53ca92c1273fff98ac9078.jpeg,百度热搜,实时热搜,realtime,,2026-09-15 01:17:39
10,卫健委：提倡大家多喝白开水淡茶水,9月14日，国家卫健委主任雷海潮在国新办发布会上介绍健康中国建设情况。他提到，国内居民高盐高糖高油饮食普遍，每日添加糖摄入建议控制在25克以内，单瓶500毫升含糖饮料含糖量就可能达到这一上限，建议大家多喝白开水、淡茶水。,7042781,https://www.baidu.com/s?wd=%E5%8D%AB%E5%81%A5%E5%A7%94%EF%BC%9A%E6%8F%90%E5%80%A1%E5%A4%A7%E5%AE%B6%E5%A4%9A%E5%96%9D%E7%99%BD%E5%BC%80%E6%B0%B4%E6%B7%A1%E8%8C%B6%E6%B0%B4&sa=fyb_news&rsv_dl=fyb_news,https://fyb-2.cdn.bcebos.com/hotboard_image/afcfeab3b3ded62251233629862c08f1,百度热搜,实时热搜,realtime,,2026-09-15 01:17:39
11,李玉刚当选吉林文联兼职副主席,9月12日至9月13日，在吉林省文联第十次代表大会上，李玉刚当选第十届吉林省文联兼职副主席。李玉刚在采访中回应：内心十分激动，多年致力于国风艺术传承和发展，未来也会多多回到家乡，未来有更多机会助力家乡艺术人才发展。,6946096,https://www.baidu.com/s?wd=%E6%9D%8E%E7%8E%89%E5%88%9A%E5%BD%93%E9%80%89%E5%90%89%E6%9E%97%E6%96%87%E8%81%94%E5%85%BC%E8%81%8C%E5%89%AF%E4%B8%BB%E5%B8%AD&sa=fyb_news&rsv_dl=fyb_news,https://fyb-2.cdn.bcebos.com/hotboard_image/cdc76b6213bd9db35ac94b83fed67c1d,百度热搜,实时热搜,realtime,,2026-09-15 01:17:39
12,停止资助学生后反遭威胁系造谣,近日，网传男子终止资助女学生遭对方威胁一事引发热议，嘉峪关公安通报，该内容系网民姚某某编造博流量，案件正在侦办中。,6850152,https://www.baidu.com/s?wd=%E5%81%9C%E6%AD%A2%E8%B5%84%E5%8A%A9%E5%AD%A6%E7%94%9F%E5%90%8E%E5%8F%8D%E9%81%AD%E5%A8%81%E8%83%81%E7%B3%BB%E9%80%A0%E8%B0%A3&sa=fyb_news&rsv_dl=fyb_news,https://fyb-2.cdn.bcebos.com/hotboard_image/0590601230bd2fba9a9ce5e9e1b802e1,百度热搜,实时热搜,realtime,,2026-09-15 01:17:39
13,家长称3000生活费够吃饭还能点外卖,9月13日，开学季“大学生每月3000生活费够不够”话题引发热议。记者在浙江传媒学院新生报到现场采访得知，一位大一新生家长给其3000元/月生活费，因已了解每天三四餐花费，特将点外卖的费用也算在里面。,6760968,https://www.baidu.com/s?wd=%E5%AE%B6%E9%95%BF%E7%A7%B03000%E7%94%9F%E6%B4%BB%E8%B4%B9%E5%A4%9F%E5%90%83%E9%A5%AD%E8%BF%98%E8%83%BD%E7%82%B9%E5%A4%96%E5%8D%96&sa=fyb_news&rsv_dl=fyb_news,https://fyb-2.cdn.bcebos.com/hotboard_image/2d7fa97b6b291a99627dee928f8857a8,百度热搜,实时热搜,realtime,,2026-09-15 01:17:39
14,敬一丹多张生前照片公布,14日晚，敬一丹公众账号发布视频回顾敬一丹生平，公布多张旧照。视频记录了她从1955年出生、就读北京广播学院，到主持《焦点访谈》《感动中国》，再到2026年6月最后一次面对镜头的人生轨迹。,6661497,https://www.baidu.com/s?wd=%E6%95%AC%E4%B8%80%E4%B8%B9%E5%A4%9A%E5%BC%A0%E7%94%9F%E5%89%8D%E7%85%A7%E7%89%87%E5%85%AC%E5%B8%83&sa=fyb_news&rsv_dl=fyb_news,https://fyb-2.cdn.bcebos.com/hotboard_image/9057a36f36fb68a991bb99270f44ce82,百度热搜,实时热搜,realtime,,2026-09-15 01:17:39
15,侄女帮小姨挡催婚 金句频出,,6563858,https://www.baidu.com/s?wd=%E4%BE%84%E5%A5%B3%E5%B8%AE%E5%B0%8F%E5%A7%A8%E6%8C%A1%E5%82%AC%E5%A9%9A+%E9%87%91%E5%8F%A5%E9%A2%91%E5%87%BA&sa=fyb_news&rsv_dl=fyb_news,https://fyb-1.cdn.bcebos.com/fyb/de6163834f53ca92c1273fff98ac9078.jpeg,百度热搜,实时热搜,realtime,,2026-09-15 01:17:39
16,苹果回应iPhone18Pro破发,9月14日，某电商平台显示256G的iPhone 18 Pro售价降至9099元，较官网直降900元。苹果官方客服对此回应称，第三方渠道有定价权，可能有平台补贴或店铺优惠，官方不会去干预，每年新机上市后渠道价格都会因供需关系波动。,6469797,https://www.baidu.com/s?wd=%E8%8B%B9%E6%9E%9C%E5%9B%9E%E5%BA%94iPhone18Pro%E7%A0%B4%E5%8F%91&sa=fyb_news&rsv_dl=fyb_news,https://fyb-2.cdn.bcebos.com/hotboard_image/c24c9393a8189ab4edf8e35d21877f54,百度热搜,实时热搜,realtime,,2026-09-15 01:17:39
17,韩剧男主回应长得丑,据9月14日网友爆料，韩剧《杀手妈咪》男主郑准元在终映采访中，回应外界关于他外貌的争议。他坦言听到别人说自己长得丑心里不会舒服，但并未回避争议或刻意卖惨，认为这是自己需要承受的评价，相关发言引发网友关注。,6381212,https://www.baidu.com/s?wd=%E9%9F%A9%E5%89%A7%E7%94%B7%E4%B8%BB%E5%9B%9E%E5%BA%94%E9%95%BF%E5%BE%97%E4%B8%91&sa=fyb_news&rsv_dl=fyb_news,https://fyb-2.cdn.bcebos.com/hotboard_image/000f0d95331a8bb63e31de12dbedb145,百度热搜,实时热搜,realtime,,2026-09-15 01:17:39
18,国产AI短片 最不像AI的AI神作,9月6日，B站UP主DiDi_OK凭借AI短片《网站》，在2026年威尼斯Reply AI Film Festival中斩获两项大奖，从3100部作品中脱颖而出。该作被观众称为“最不像AI的AI神作”，获郭帆点赞。,6276753,https://www.baidu.com/s?wd=%E5%9B%BD%E4%BA%A7AI%E7%9F%AD%E7%89%87+%E6%9C%80%E4%B8%8D%E5%83%8FAI%E7%9A%84AI%E7%A5%9E%E4%BD%9C&sa=fyb_news&rsv_dl=fyb_news,https://fyb-2.cdn.bcebos.com/hotboard_image/4586ffb935d2a8a2bd4496f4a406af89,百度热搜,实时热搜,realtime,,2026-09-15 01:17:39
19,小孩哥解锁泡面盖“传送带”式吃法,,6181759,https://www.baidu.com/s?wd=%E5%B0%8F%E5%AD%A9%E5%93%A5%E8%A7%A3%E9%94%81%E6%B3%A1%E9%9D%A2%E7%9B%96%E2%80%9C%E4%BC%A0%E9%80%81%E5%B8%A6%E2%80%9D%E5%BC%8F%E5%90%83%E6%B3%95&sa=fyb_news&rsv_dl=fyb_news,https://fyb-1.cdn.bcebos.com/fyb/de6163834f53ca92c1273fff98ac9078.jpeg,百度热搜,实时热搜,realtime,,2026-09-15 01:17:39
20,多城楼盘“抱团涨价”,9月1日，成都、广州等地多家房企传出收回折扣或上调价格通知。此前，“8·28新政”落地后，上海、广州、深圳等城市部分楼盘相继传出涨价消息。分析指出，此轮涨价多为收回1%至3%优惠，实为开发商借政策窗口制造“再不买就涨”预期的试探性营销，而非市场全面反转。,6086656,https://www.baidu.com/s?wd=%E5%A4%9A%E5%9F%8E%E6%A5%BC%E7%9B%98%E2%80%9C%E6%8A%B1%E5%9B%A2%E6%B6%A8%E4%BB%B7%E2%80%9D&sa=fyb_news&rsv_dl=fyb_news,https://fyb-2.cdn.bcebos.com/hotboard_image/8b3296e357f6bf2acadab28b4d7c9566,百度热搜,实时热搜,realtime,,2026-09-15 01:17:39
21,金星伴月,9月14日晚，全国多地夜空上演“金星伴月”浪漫天象。天气晴好区域，无需借助专业设备，仅凭肉眼便能观赏到明亮金星与蛾眉月近距离相依的画面。,5988757,https://www.baidu.com/s?wd=%E9%87%91%E6%98%9F%E4%BC%B4%E6%9C%88&sa=fyb_news&rsv_dl=fyb_news,https://fyb-2.cdn.bcebos.com/hotboard_image/fae7592de8eab3d5a3ac1ca2616784d4,百度热搜,实时热搜,realtime,,2026-09-15 01:17:39
22,海南万宁出现龙卷风,9月14日，受强对流天气影响，海南省万宁市遭遇龙卷风袭击，现场不少树木被吹倒。,5904107,https://www.baidu.com/s?wd=%E6%B5%B7%E5%8D%97%E4%B8%87%E5%AE%81%E5%87%BA%E7%8E%B0%E9%BE%99%E5%8D%B7%E9%A3%8E&sa=fyb_news&rsv_dl=fyb_news,https://fyb-2.cdn.bcebos.com/hotboard_image/de115f92ccfdc9de413317a0298dba31,百度热搜,实时热搜,realtime,,2026-09-15 01:17:39
23,黄河边约会后失踪女孩遗体已火化,河南新乡一位19岁女孩今年6月与男友黄河边约会后失踪，遗体7月在开封水域被发现，尸检认定溺水身亡，遗体已于9月12日火化。警方审查后不予立案，女孩母亲对此存疑，计划就不予立案申请复议。,5812312,https://www.baidu.com/s?wd=%E9%BB%84%E6%B2%B3%E8%BE%B9%E7%BA%A6%E4%BC%9A%E5%90%8E%E5%A4%B1%E8%B8%AA%E5%A5%B3%E5%AD%A9%E9%81%97%E4%BD%93%E5%B7%B2%E7%81%AB%E5%8C%96&sa=fyb_news&rsv_dl=fyb_news,https://fyb-2.cdn.bcebos.com/hotboard_image/2bc9cdfe2d3af3574c9d1f96d75a6efe,百度热搜,实时热搜,realtime,,2026-09-15 01:17:39
24,王一博代言疑涉虚假宣传？品牌方回应,9月14日，“王一博新代言疑似涉嫌虚假宣传”相关话题冲上热搜。蓝芩品牌方当晚回应称相关言论属于造谣诋毁，已经报警。蓝芩表示产品为普通食品，抽检合格，网传处罚信息不实，将通过法律维权。,5710932,https://www.baidu.com/s?wd=%E7%8E%8B%E4%B8%80%E5%8D%9A%E4%BB%A3%E8%A8%80%E7%96%91%E6%B6%89%E8%99%9A%E5%81%87%E5%AE%A3%E4%BC%A0%EF%BC%9F%E5%93%81%E7%89%8C%E6%96%B9%E5%9B%9E%E5%BA%94&sa=fyb_news&rsv_dl=fyb_news,https://fyb-2.cdn.bcebos.com/hotboard_image/8bea31bcc5cff3f718192f4065608827,百度热搜,实时热搜,realtime,,2026-09-15 01:17:39
25,海南多地停课,9月14日，受热带低压影响，海南多地遭遇强降雨。目前，海南已有13市县发布停课通知，具体包括三亚、定安、临高、乐东、五指山、陵水、琼海、保亭、琼中、万宁、屯昌、白沙、澄迈。,5606965,https://www.baidu.com/s?wd=%E6%B5%B7%E5%8D%97%E5%A4%9A%E5%9C%B0%E5%81%9C%E8%AF%BE&sa=fyb_news&rsv_dl=fyb_news,https://fyb-2.cdn.bcebos.com/hotboard_image/25a016b6cd6026fe7c3e48085e28da9b,百度热搜,实时热搜,realtime,,2026-09-15 01:17:39
26,近20省份公布社保缴费新基数,截至9月14日，已有近20个省级地区公布2026年度企业职工社会保险缴费基数上下限。今年北京、上海、湖南等地缴费基数下限继续上调，但涨幅有所收窄。上下限提高不意味着所有人社保费都多扣，是否多交取决于本人缴费基数和参保险种。,5515673,https://www.baidu.com/s?wd=%E8%BF%9120%E7%9C%81%E4%BB%BD%E5%85%AC%E5%B8%83%E7%A4%BE%E4%BF%9D%E7%BC%B4%E8%B4%B9%E6%96%B0%E5%9F%BA%E6%95%B0&sa=fyb_news&rsv_dl=fyb_news,https://fyb-2.cdn.bcebos.com/hotboard_image/ccadab26937d1bd0bda35545bea28996,百度热搜,实时热搜,realtime,,2026-09-15 01:17:39
27,浙江省委书记省长带头捐款,9月14日下午，浙江省委书记王浩、省长刘捷等省领导参加“慈善一日捐”活动并带头捐款。此前，该活动在浙江已延续多年，自2021年起每年省四套班子领导均带头捐款。,5421468,https://www.baidu.com/s?wd=%E6%B5%99%E6%B1%9F%E7%9C%81%E5%A7%94%E4%B9%A6%E8%AE%B0%E7%9C%81%E9%95%BF%E5%B8%A6%E5%A4%B4%E6%8D%90%E6%AC%BE&sa=fyb_news&rsv_dl=fyb_news,https://fyb-2.cdn.bcebos.com/hotboard_image/25ea9c64c5b928a1c918cc6c880a2d7e,百度热搜,实时热搜,realtime,,2026-09-15 01:17:39
28,知名游戏老板百亿元天价离婚创纪录,近日，韩国首尔家庭法院对《穿越火线》开发商Smilegate创始人权赫彬与妻子李某离婚案作出一审判决。法院裁定权赫彬向李某转让35%股份，并支付约3.24亿元人民币现金，分割总额约127.25亿元人民币，创下韩国公开离婚案新高。,5326101,https://www.baidu.com/s?wd=%E7%9F%A5%E5%90%8D%E6%B8%B8%E6%88%8F%E8%80%81%E6%9D%BF%E7%99%BE%E4%BA%BF%E5%85%83%E5%A4%A9%E4%BB%B7%E7%A6%BB%E5%A9%9A%E5%88%9B%E7%BA%AA%E5%BD%95&sa=fyb_news&rsv_dl=fyb_news,https://fyb-2.cdn.bcebos.com/hotboard_image/d798836f59b0590683723d1c1f5207ac,百度热搜,实时热搜,realtime,,2026-09-15 01:17:39
29,60个手机号挂名下 男子14年后才发现,,5238107,https://www.baidu.com/s?wd=60%E4%B8%AA%E6%89%8B%E6%9C%BA%E5%8F%B7%E6%8C%82%E5%90%8D%E4%B8%8B+%E7%94%B7%E5%AD%9014%E5%B9%B4%E5%90%8E%E6%89%8D%E5%8F%91%E7%8E%B0&sa=fyb_news&rsv_dl=fyb_news,https://fyb-1.cdn.bcebos.com/fyb/de6163834f53ca92c1273fff98ac9078.jpeg,百度热搜,实时热搜,realtime,,2026-09-15 01:17:39
30,妈妈吃无碘盐致女儿2岁多不会说话,浙江一女子查出甲状腺结节后，长期吃无碘盐，孕期持续忌碘。受此影响，她两岁多的女儿确诊亚临床甲减，出现不会说话、反应迟钝的症状。医生提醒，孕哺期女性切勿自行限碘。当地疾控表示，碘缺乏地区盲目食用无碘盐有害健康，甲状腺结节高发并非碘盐导致。,5130427,https://www.baidu.com/s?wd=%E5%A6%88%E5%A6%88%E5%90%83%E6%97%A0%E7%A2%98%E7%9B%90%E8%87%B4%E5%A5%B3%E5%84%BF2%E5%B2%81%E5%A4%9A%E4%B8%8D%E4%BC%9A%E8%AF%B4%E8%AF%9D&sa=fyb_news&rsv_dl=fyb_news,https://fyb-2.cdn.bcebos.com/hotboard_image/9b5ddca9c7bab4dcd3b3c3853c2d872f,百度热搜,实时热搜,realtime,,2026-09-15 01:17:39
31,夫妻被撞身亡儿子问背后来车怎么躲,日前，山西蒲县薛关镇政府工作人员杜某某醉驾、超速且未开车灯，撞上推车过马路的夫妻致两人死亡，肇事者已被刑拘。原事故初判遇难夫妻要负次责，死者家属对此不认可提出复核，认为其父母很难发现身后行驶的车辆。,5041371,https://www.baidu.com/s?wd=%E5%A4%AB%E5%A6%BB%E8%A2%AB%E6%92%9E%E8%BA%AB%E4%BA%A1%E5%84%BF%E5%AD%90%E9%97%AE%E8%83%8C%E5%90%8E%E6%9D%A5%E8%BD%A6%E6%80%8E%E4%B9%88%E8%BA%B2&sa=fyb_news&rsv_dl=fyb_news,https://fyb-2.cdn.bcebos.com/hotboard_image/bfedf4c196284d79fba7101769f70673,百度热搜,实时热搜,realtime,,2026-09-15 01:17:39
32,云南普洱地震,据中国地震台网正式测定，9月14日17时7分在云南普洱市墨江县发生4.5级地震，震源深度10公里，震中位于北纬23.15度，东经101.61度。,4955630,https://www.baidu.com/s?wd=%E4%BA%91%E5%8D%97%E6%99%AE%E6%B4%B1%E5%9C%B0%E9%9C%87&sa=fyb_news&rsv_dl=fyb_news,https://fyb-2.cdn.bcebos.com/hotboard_image/d73aaf6bf0f7d394aadfbe213fb74c24,百度热搜,实时热搜,realtime,,2026-09-15 01:17:39
33,荷兰弟登顶全球影史演员票房榜,据外媒报道，随着《蜘蛛侠：崭新之日》和《奥德赛》票房的持续上涨，“荷兰弟”汤姆·赫兰德（Tom Holland）成为全球影史票房最高的演员。,4847121,https://www.baidu.com/s?wd=%E8%8D%B7%E5%85%B0%E5%BC%9F%E7%99%BB%E9%A1%B6%E5%85%A8%E7%90%83%E5%BD%B1%E5%8F%B2%E6%BC%94%E5%91%98%E7%A5%A8%E6%88%BF%E6%A6%9C&sa=fyb_news&rsv_dl=fyb_news,https://fyb-2.cdn.bcebos.com/hotboard_image/6c7f9f3ee70f3a1d566b11ce48bfbafc,百度热搜,实时热搜,realtime,,2026-09-15 01:17:39
34,农村大集上 人大代表“摆了个摊儿”,,4756771,https://www.baidu.com/s?wd=%E5%86%9C%E6%9D%91%E5%A4%A7%E9%9B%86%E4%B8%8A+%E4%BA%BA%E5%A4%A7%E4%BB%A3%E8%A1%A8%E2%80%9C%E6%91%86%E4%BA%86%E4%B8%AA%E6%91%8A%E5%84%BF%E2%80%9D&sa=fyb_news&rsv_dl=fyb_news,https://fyb-1.cdn.bcebos.com/fyb/de6163834f53ca92c1273fff98ac9078.jpeg,百度热搜,实时热搜,realtime,,2026-09-15 01:17:39
35,宠物猫坠亡 家政工赔15750元,,4655516,https://www.baidu.com/s?wd=%E5%AE%A0%E7%89%A9%E7%8C%AB%E5%9D%A0%E4%BA%A1+%E5%AE%B6%E6%94%BF%E5%B7%A5%E8%B5%9415750%E5%85%83&sa=fyb_news&rsv_dl=fyb_news,https://fyb-1.cdn.bcebos.com/fyb/de6163834f53ca92c1273fff98ac9078.jpeg,百度热搜,实时热搜,realtime,,2026-09-15 01:17:39
36,甘肃省政府：坚决拥护党中央决定,9月14日，甘肃省政府党组召开扩大会议，传达甘肃原副省长雷思维被开除党籍、公职的决定，与会同志一致表示坚决拥护党中央决定。此前9月11日，中央纪委国家监委通报雷思维严重违纪违法被双开，甘肃省委常委会同日召开会议传达该决定并表态拥护。,4554597,https://www.baidu.com/s?wd=%E7%94%98%E8%82%83%E7%9C%81%E6%94%BF%E5%BA%9C%EF%BC%9A%E5%9D%9A%E5%86%B3%E6%8B%A5%E6%8A%A4%E5%85%9A%E4%B8%AD%E5%A4%AE%E5%86%B3%E5%AE%9A&sa=fyb_news&rsv_dl=fyb_news,https://fyb-2.cdn.bcebos.com/hotboard_image/e341f04f86a16e04fc9d01dbc8da5f20,百度热搜,实时热搜,realtime,,2026-09-15 01:17:39
37,王老吉回应新品被指抄袭,,4453146,https://www.baidu.com/s?wd=%E7%8E%8B%E8%80%81%E5%90%89%E5%9B%9E%E5%BA%94%E6%96%B0%E5%93%81%E8%A2%AB%E6%8C%87%E6%8A%84%E8%A2%AD&sa=fyb_news&rsv_dl=fyb_news,https://fyb-1.cdn.bcebos.com/fyb/de6163834f53ca92c1273fff98ac9078.jpeg,百度热搜,实时热搜,realtime,,2026-09-15 01:17:39
38,韩方吐槽名古屋亚运会住宿史上最差,即将于本周开幕的爱知·名古屋亚运会，陷入住宿风波。韩国篮球协会副会长郑在勇吐槽球员住宿条件“史上最差”，指出存在厕所漏水、床铺太短及被迫住邮轮等问题。,4373605,https://www.baidu.com/s?wd=%E9%9F%A9%E6%96%B9%E5%90%90%E6%A7%BD%E5%90%8D%E5%8F%A4%E5%B1%8B%E4%BA%9A%E8%BF%90%E4%BC%9A%E4%BD%8F%E5%AE%BF%E5%8F%B2%E4%B8%8A%E6%9C%80%E5%B7%AE&sa=fyb_news&rsv_dl=fyb_news,https://fyb-2.cdn.bcebos.com/hotboard_image/02a7627f7b61409cd403881be8954be0,百度热搜,实时热搜,realtime,,2026-09-15 01:17:39
39,纳指低开 AI硬件产业链股票大幅下挫,,4268247,https://www.baidu.com/s?wd=%E7%BA%B3%E6%8C%87%E4%BD%8E%E5%BC%80+AI%E7%A1%AC%E4%BB%B6%E4%BA%A7%E4%B8%9A%E9%93%BE%E8%82%A1%E7%A5%A8%E5%A4%A7%E5%B9%85%E4%B8%8B%E6%8C%AB&sa=fyb_news&rsv_dl=fyb_news,https://fyb-1.cdn.bcebos.com/fyb/de6163834f53ca92c1273fff98ac9078.jpeg,百度热搜,实时热搜,realtime,,2026-09-15 01:17:39
40,小学改养老院不是“换块牌子”就行,据媒体报道，各地正加快盘活闲置校舍资源，不少闲置小学被改造为养老院、养老中心、长者食堂等场所。不过，校舍改建养老机构并非简单“换块牌子”，需要在适老标准、服务质量、可持续运营等方面因地制宜、精细打磨。,4183788,https://www.baidu.com/s?wd=%E5%B0%8F%E5%AD%A6%E6%94%B9%E5%85%BB%E8%80%81%E9%99%A2%E4%B8%8D%E6%98%AF%E2%80%9C%E6%8D%A2%E5%9D%97%E7%89%8C%E5%AD%90%E2%80%9D%E5%B0%B1%E8%A1%8C&sa=fyb_news&rsv_dl=fyb_news,https://fyb-2.cdn.bcebos.com/hotboard_image/1d30f82f539c0d6820852676d733f8c9,百度热搜,实时热搜,realtime,,2026-09-15 01:17:39
41,王曼昱反超孙颖莎登顶女单世界第一,9月14日，国际乒联第38周排名更新，王曼昱以9115分反超孙颖莎的8975分，职业生涯首次登顶女单世界第一。,4092037,https://www.baidu.com/s?wd=%E7%8E%8B%E6%9B%BC%E6%98%B1%E5%8F%8D%E8%B6%85%E5%AD%99%E9%A2%96%E8%8E%8E%E7%99%BB%E9%A1%B6%E5%A5%B3%E5%8D%95%E4%B8%96%E7%95%8C%E7%AC%AC%E4%B8%80&sa=fyb_news&rsv_dl=fyb_news,https://fyb-2.cdn.bcebos.com/hotboard_image/ad21888f442269a4baeb30d91700078d,百度热搜,实时热搜,realtime,,2026-09-15 01:17:39
42,业主空置房被物业擅自打开堆杂物,,3984525,https://www.baidu.com/s?wd=%E4%B8%9A%E4%B8%BB%E7%A9%BA%E7%BD%AE%E6%88%BF%E8%A2%AB%E7%89%A9%E4%B8%9A%E6%93%85%E8%87%AA%E6%89%93%E5%BC%80%E5%A0%86%E6%9D%82%E7%89%A9&sa=fyb_news&rsv_dl=fyb_news,https://fyb-1.cdn.bcebos.com/fyb/de6163834f53ca92c1273fff98ac9078.jpeg,百度热搜,实时热搜,realtime,,2026-09-15 01:17:39
43,于东来回应新员工实行四年合同制,9月14日晚，于东来发文回应“胖东来新员工实行四年合同制”。于东来表示，胖东来企业的目标是培养更多懂得科学轻松健康生活的群体、从而带动更多人们实现轻松快乐幸福的生活，未来四年合同制学员也是这个目的，大家不要误解，关于工作和劳资方面严格按照劳动法执行。,3891231,https://www.baidu.com/s?wd=%E4%BA%8E%E4%B8%9C%E6%9D%A5%E5%9B%9E%E5%BA%94%E6%96%B0%E5%91%98%E5%B7%A5%E5%AE%9E%E8%A1%8C%E5%9B%9B%E5%B9%B4%E5%90%88%E5%90%8C%E5%88%B6&sa=fyb_news&rsv_dl=fyb_news,https://fyb-2.cdn.bcebos.com/hotboard_image/393091fc2bb67b234c72914022e8b94f,百度热搜,实时热搜,realtime,,2026-09-15 01:17:39
44,中国球员吕孟洋加盟西班牙人,9月14日，皇家西班牙人足球俱乐部宣布，中国球员吕孟洋加入球队青训体系，将代表西班牙人青年B队出战比赛。,3772749,https://www.baidu.com/s?wd=%E4%B8%AD%E5%9B%BD%E7%90%83%E5%91%98%E5%90%95%E5%AD%9F%E6%B4%8B%E5%8A%A0%E7%9B%9F%E8%A5%BF%E7%8F%AD%E7%89%99%E4%BA%BA&sa=fyb_news&rsv_dl=fyb_news,https://fyb-2.cdn.bcebos.com/hotboard_image/5c3b53c52d937d3b7ffe05607b7a1961,百度热搜,实时热搜,realtime,,2026-09-15 01:17:39
45,日本艺术家办展揭侵华日军暴行,,3704011,https://www.baidu.com/s?wd=%E6%97%A5%E6%9C%AC%E8%89%BA%E6%9C%AF%E5%AE%B6%E5%8A%9E%E5%B1%95%E6%8F%AD%E4%BE%B5%E5%8D%8E%E6%97%A5%E5%86%9B%E6%9A%B4%E8%A1%8C&sa=fyb_news&rsv_dl=fyb_news,https://fyb-1.cdn.bcebos.com/fyb/de6163834f53ca92c1273fff98ac9078.jpeg,百度热搜,实时热搜,realtime,,2026-09-15 01:17:39
46,杭州机器人交警中队完成升级,,3585759,https://www.baidu.com/s?wd=%E6%9D%AD%E5%B7%9E%E6%9C%BA%E5%99%A8%E4%BA%BA%E4%BA%A4%E8%AD%A6%E4%B8%AD%E9%98%9F%E5%AE%8C%E6%88%90%E5%8D%87%E7%BA%A7&sa=fyb_news&rsv_dl=fyb_news,https://fyb-1.cdn.bcebos.com/fyb/de6163834f53ca92c1273fff98ac9078.jpeg,百度热搜,实时热搜,realtime,,2026-09-15 01:17:39
47,女子绞杀醉酒男友潜逃25年后落网,2001年合肥女子王某因琐事，用药迷晕醉酒男友后将其绞杀，随后潜逃25年。她更名漂白身份，在新疆生活。今年9月，两地警方联动将其抓获，王某对杀人事实供认不讳，案件正办理移交。,3507308,https://www.baidu.com/s?wd=%E5%A5%B3%E5%AD%90%E7%BB%9E%E6%9D%80%E9%86%89%E9%85%92%E7%94%B7%E5%8F%8B%E6%BD%9C%E9%80%8325%E5%B9%B4%E5%90%8E%E8%90%BD%E7%BD%91&sa=fyb_news&rsv_dl=fyb_news,https://fyb-2.cdn.bcebos.com/hotboard_image/e125e4e793ac5291198a407ce340067d,百度热搜,实时热搜,realtime,,2026-09-15 01:17:39
48,看病不用反复拍片化验了,近日，国家卫健委主任雷海潮称，此前群众反映强烈的跨院检查结果不能共享问题，经持续推进已有明显改善。目前全国98%的地市可互认超300项检查检验项目，基本覆盖临床主要化验与影像检查。,3430368,https://www.baidu.com/s?wd=%E7%9C%8B%E7%97%85%E4%B8%8D%E7%94%A8%E5%8F%8D%E5%A4%8D%E6%8B%8D%E7%89%87%E5%8C%96%E9%AA%8C%E4%BA%86&sa=fyb_news&rsv_dl=fyb_news,https://fyb-2.cdn.bcebos.com/hotboard_image/1b9d654cf0ab7bbf38b2dbf403dc66a3,百度热搜,实时热搜,realtime,,2026-09-15 01:17:39
49,申聪称梅姨认为自己在做好人好事,9月14日，被拐孩子申聪接受采访称，从律师阅卷得知人贩子梅姨并无悔意，自认是在做好人好事、帮孩子找家。申聪认为这是狡辩逃避，他和父亲已对梅姨提起刑事附带民事诉讼，开庭时他会到场。,3294413,https://www.baidu.com/s?wd=%E7%94%B3%E8%81%AA%E7%A7%B0%E6%A2%85%E5%A7%A8%E8%AE%A4%E4%B8%BA%E8%87%AA%E5%B7%B1%E5%9C%A8%E5%81%9A%E5%A5%BD%E4%BA%BA%E5%A5%BD%E4%BA%8B&sa=fyb_news&rsv_dl=fyb_news,https://fyb-2.cdn.bcebos.com/hotboard_image/7ae380ee5693fe22cb7579bbec9159b1,百度热搜,实时热搜,realtime,,2026-09-15 01:17:39
50,南阳出逃鳄鱼已被抓获,,3233181,https://www.baidu.com/s?wd=%E5%8D%97%E9%98%B3%E5%87%BA%E9%80%83%E9%B3%84%E9%B1%BC%E5%B7%B2%E8%A2%AB%E6%8A%93%E8%8E%B7&sa=fyb_news&rsv_dl=fyb_news,https://fyb-1.cdn.bcebos.com/fyb/de6163834f53ca92c1273fff98ac9078.jpeg,百度热搜,实时热搜,realtime,,2026-09-15 01:17:39
1,始终把人民生命安全放在首位,2026年汛期，我国多地遭遇持续性极端强降水过程，多处河流、水库遭遇险情，人民群众生命财产安全面临严峻考验。习近平总书记高度关注雨情、汛情、灾情，始终牵挂灾区群众安危，亲自部署、亲自指挥防汛抗洪救灾工作，多次主持召开重要会议、作出重要指示，要求“扎实做好防灾救灾各项工作，确保人民群众生命财产安全”。,7904572,https://www.baidu.com/s?wd=%E5%A7%8B%E7%BB%88%E6%8A%8A%E4%BA%BA%E6%B0%91%E7%94%9F%E5%91%BD%E5%AE%89%E5%85%A8%E6%94%BE%E5%9C%A8%E9%A6%96%E4%BD%8D&sa=fyb_news&rsv_dl=fyb_news,https://fyb-2.cdn.bcebos.com/hotboard_image/23498e790ec72673a3e3ee478372308e,百度热搜,实时热搜,realtime,,2026-09-15 02:25:02
2,广汽集团 资产重组,9月14日晚，广汽集团发布关于筹划重大资产重组事项的停牌公告。公司当日与一汽股份签署意向协议，拟以发行股份的方式收购一汽股份所持某整车合资公司部分股权，同时募集配套资金。据初步测算，本次交易完成后，一汽股份将成为广汽集团第二大股东，具备战略影响力。,7809514,https://www.baidu.com/s?wd=%E5%B9%BF%E6%B1%BD%E9%9B%86%E5%9B%A2+%E8%B5%84%E4%BA%A7%E9%87%8D%E7%BB%84&sa=fyb_news&rsv_dl=fyb_news,https://fyb-2.cdn.bcebos.com/hotboard_image/ea53c846994f3a5c43aee62636f55947,百度热搜,实时热搜,realtime,,2026-09-15 02:25:02
3,一车人买错票 游客建议车站改名,,7713743,https://www.baidu.com/s?wd=%E4%B8%80%E8%BD%A6%E4%BA%BA%E4%B9%B0%E9%94%99%E7%A5%A8+%E6%B8%B8%E5%AE%A2%E5%BB%BA%E8%AE%AE%E8%BD%A6%E7%AB%99%E6%94%B9%E5%90%8D&sa=fyb_news&rsv_dl=fyb_news,https://fyb-1.cdn.bcebos.com/fyb/de6163834f53ca92c1273fff98ac9078.jpeg,百度热搜,实时热搜,realtime,,2026-09-15 02:25:02
4,未来五年民生健康重磅规划,9月14日上午，国务院新闻办公室举行“开局起步‘十五五’”系列主题新闻发布会，国家卫生健康委、国家中医药局、国家疾控局等部门负责人介绍推动健康中国建设取得决定性进展有关情况。未来5年，要从“有”向“优”转变，我国将加快完善优质高效整合型医疗卫生服务体系，让更多群众在家门口看得上病、看得好病。,7618125,https://www.baidu.com/s?wd=%E6%9C%AA%E6%9D%A5%E4%BA%94%E5%B9%B4%E6%B0%91%E7%94%9F%E5%81%A5%E5%BA%B7%E9%87%8D%E7%A3%85%E8%A7%84%E5%88%92&sa=fyb_news&rsv_dl=fyb_news,https://fyb-2.cdn.bcebos.com/hotboard_image/b6b9209ffb8acbccaef38390b65fe2df,百度热搜,实时热搜,realtime,,2026-09-15 02:25:02
5,“喊坐下都算礼貌 要我就喊离婚”,9月12日，赵雷北京鸟巢演唱会上，前排一名男观众突然向女友求婚，女方激动站起，导致后排齐声高喊“坐下”。这段现场视频被发到社交媒体后，此事冲上热搜。更有人表态：“喊坐下都算礼貌，要我就喊离婚。”,7523195,https://www.baidu.com/s?wd=%E2%80%9C%E5%96%8A%E5%9D%90%E4%B8%8B%E9%83%BD%E7%AE%97%E7%A4%BC%E8%B2%8C+%E8%A6%81%E6%88%91%E5%B0%B1%E5%96%8A%E7%A6%BB%E5%A9%9A%E2%80%9D&sa=fyb_news&rsv_dl=fyb_news,https://fyb-2.cdn.bcebos.com/hotboard_image/1b54c00df40217351cbd810d888a0e22,百度热搜,实时热搜,realtime,,2026-09-15 02:25:02
6,大型企业拖欠账款见一个查一个,近年来，部分行业内卷式竞争加剧，大型企业拖欠中小企业账款问题凸显。为此，市场监管总局会同多部门部署2026年反不正当竞争执法专项行动，重点查处大型企业滥用优势地位拖欠中小企业账款行为，查实后将依法依规严厉处罚。,7425467,https://www.baidu.com/s?wd=%E5%A4%A7%E5%9E%8B%E4%BC%81%E4%B8%9A%E6%8B%96%E6%AC%A0%E8%B4%A6%E6%AC%BE%E8%A7%81%E4%B8%80%E4%B8%AA%E6%9F%A5%E4%B8%80%E4%B8%AA&sa=fyb_news&rsv_dl=fyb_news,https://fyb-2.cdn.bcebos.com/hotboard_image/8dd519ac672d45135bd3d6093ee0ad31,百度热搜,实时热搜,realtime,,2026-09-15 02:25:02
7,3000元一针的“尸皮针”火了,3000多元一针、被网友称作“尸皮针”的Re2O在韩国医美圈走红。这款产品由已故捐献者皮肤经脱细胞处理制成细胞外基质，宣称可淡化细纹、抗衰嫩肤，已在韩、日、新加坡上市，为生产商带来可观营收。不少赴韩求美者体验后，称皮肤状态有所改善。,7332132,https://www.baidu.com/s?wd=3000%E5%85%83%E4%B8%80%E9%92%88%E7%9A%84%E2%80%9C%E5%B0%B8%E7%9A%AE%E9%92%88%E2%80%9D%E7%81%AB%E4%BA%86&sa=fyb_news&rsv_dl=fyb_news,https://fyb-2.cdn.bcebos.com/hotboard_image/dba8458af38338b11d4cbb17d79f125c,百度热搜,实时热搜,realtime,,2026-09-15 02:25:02
8,全球最大每周车展创始人车祸身亡,,7235451,https://www.baidu.com/s?wd=%E5%85%A8%E7%90%83%E6%9C%80%E5%A4%A7%E6%AF%8F%E5%91%A8%E8%BD%A6%E5%B1%95%E5%88%9B%E5%A7%8B%E4%BA%BA%E8%BD%A6%E7%A5%B8%E8%BA%AB%E4%BA%A1&sa=fyb_news&rsv_dl=fyb_news,https://fyb-1.cdn.bcebos.com/fyb/de6163834f53ca92c1273fff98ac9078.jpeg,百度热搜,实时热搜,realtime,,2026-09-15 02:25:02
9,演唱会求婚 别把没素质当仪式感,9月12日，赵雷北京鸟巢演唱会上，前排一名男观众突然向女友求婚，女方激动站起，导致后排齐声高喊“坐下”。此前两人还向周围观众撒喜糖，保安介入制止。演唱会求婚，别把没素质当仪式感。,7143869,https://www.baidu.com/s?wd=%E6%BC%94%E5%94%B1%E4%BC%9A%E6%B1%82%E5%A9%9A+%E5%88%AB%E6%8A%8A%E6%B2%A1%E7%B4%A0%E8%B4%A8%E5%BD%93%E4%BB%AA%E5%BC%8F%E6%84%9F&sa=fyb_news&rsv_dl=fyb_news,https://fyb-2.cdn.bcebos.com/hotboard_image/8e5c428286064ce4b9215d6ae164fca3,百度热搜,实时热搜,realtime,,2026-09-15 02:25:02
10,苹果回应iPhone18Pro破发,9月14日，某电商平台显示256G的iPhone 18 Pro售价降至9099元，较官网直降900元。苹果官方客服对此回应称，第三方渠道有定价权，可能有平台补贴或店铺优惠，官方不会去干预，每年新机上市后渠道价格都会因供需关系波动。,7044875,https://www.baidu.com/s?wd=%E8%8B%B9%E6%9E%9C%E5%9B%9E%E5%BA%94iPhone18Pro%E7%A0%B4%E5%8F%91&sa=fyb_news&rsv_dl=fyb_news,https://fyb-2.cdn.bcebos.com/hotboard_image/c24c9393a8189ab4edf8e35d21877f54,百度热搜,实时热搜,realtime,,2026-09-15 02:25:02
11,李玉刚当选吉林文联兼职副主席,9月12日至9月13日，在吉林省文联第十次代表大会上，李玉刚当选第十届吉林省文联兼职副主席。李玉刚在采访中回应：内心十分激动，多年致力于国风艺术传承和发展，未来也会多多回到家乡，未来有更多机会助力家乡艺术人才发展。,6945595,https://www.baidu.com/s?wd=%E6%9D%8E%E7%8E%89%E5%88%9A%E5%BD%93%E9%80%89%E5%90%89%E6%9E%97%E6%96%87%E8%81%94%E5%85%BC%E8%81%8C%E5%89%AF%E4%B8%BB%E5%B8%AD&sa=fyb_news&rsv_dl=fyb_news,https://fyb-2.cdn.bcebos.com/hotboard_image/cdc76b6213bd9db35ac94b83fed67c1d,百度热搜,实时热搜,realtime,,2026-09-15 02:25:02
12,停止资助学生后反遭威胁系造谣,近日，网传男子终止资助女学生遭对方威胁一事引发热议，嘉峪关公安通报，该内容系网民姚某某编造博流量，案件正在侦办中。,6850962,https://www.baidu.com/s?wd=%E5%81%9C%E6%AD%A2%E8%B5%84%E5%8A%A9%E5%AD%A6%E7%94%9F%E5%90%8E%E5%8F%8D%E9%81%AD%E5%A8%81%E8%83%81%E7%B3%BB%E9%80%A0%E8%B0%A3&sa=fyb_news&rsv_dl=fyb_news,https://fyb-2.cdn.bcebos.com/hotboard_image/0590601230bd2fba9a9ce5e9e1b802e1,百度热搜,实时热搜,realtime,,2026-09-15 02:25:02
13,知名游戏老板百亿元天价离婚创纪录,近日，韩国首尔家庭法院对《穿越火线》开发商Smilegate创始人权赫彬与妻子李某离婚案作出一审判决。法院裁定权赫彬向李某转让35%股份，并支付约3.24亿元人民币现金，分割总额约127.25亿元人民币，创下韩国公开离婚案新高。,6758690,https://www.baidu.com/s?wd=%E7%9F%A5%E5%90%8D%E6%B8%B8%E6%88%8F%E8%80%81%E6%9D%BF%E7%99%BE%E4%BA%BF%E5%85%83%E5%A4%A9%E4%BB%B7%E7%A6%BB%E5%A9%9A%E5%88%9B%E7%BA%AA%E5%BD%95&sa=fyb_news&rsv_dl=fyb_news,https://fyb-2.cdn.bcebos.com/hotboard_image/d798836f59b0590683723d1c1f5207ac,百度热搜,实时热搜,realtime,,2026-09-15 02:25:02
14,敬一丹多张生前照片公布,14日晚，敬一丹公众账号发布视频回顾敬一丹生平，公布多张旧照。视频记录了她从1955年出生、就读北京广播学院，到主持《焦点访谈》《感动中国》，再到2026年6月最后一次面对镜头的人生轨迹。,6667560,https://www.baidu.com/s?wd=%E6%95%AC%E4%B8%80%E4%B8%B9%E5%A4%9A%E5%BC%A0%E7%94%9F%E5%89%8D%E7%85%A7%E7%89%87%E5%85%AC%E5%B8%83&sa=fyb_news&rsv_dl=fyb_news,https://fyb-2.cdn.bcebos.com/hotboard_image/9057a36f36fb68a991bb99270f44ce82,百度热搜,实时热搜,realtime,,2026-09-15 02:25:02
15,海南多地停课,9月14日，受热带低压影响，海南多地遭遇强降雨。目前，海南已有13市县发布停课通知，具体包括三亚、定安、临高、乐东、五指山、陵水、琼海、保亭、琼中、万宁、屯昌、白沙、澄迈。,6564610,https://www.baidu.com/s?wd=%E6%B5%B7%E5%8D%97%E5%A4%9A%E5%9C%B0%E5%81%9C%E8%AF%BE&sa=fyb_news&rsv_dl=fyb_news,https://fyb-2.cdn.bcebos.com/hotboard_image/25a016b6cd6026fe7c3e48085e28da9b,百度热搜,实时热搜,realtime,,2026-09-15 02:25:02
16,韩剧男主回应长得丑,据9月14日网友爆料，韩剧《杀手妈咪》男主郑准元在终映采访中，回应外界关于他外貌的争议。他坦言听到别人说自己长得丑心里不会舒服，但并未回避争议或刻意卖惨，认为这是自己需要承受的评价，相关发言引发网友关注。,6470236,https://www.baidu.com/s?wd=%E9%9F%A9%E5%89%A7%E7%94%B7%E4%B8%BB%E5%9B%9E%E5%BA%94%E9%95%BF%E5%BE%97%E4%B8%91&sa=fyb_news&rsv_dl=fyb_news,https://fyb-2.cdn.bcebos.com/hotboard_image/000f0d95331a8bb63e31de12dbedb145,百度热搜,实时热搜,realtime,,2026-09-15 02:25:02
17,多城楼盘“抱团涨价”,9月1日，成都、广州等地多家房企传出收回折扣或上调价格通知。此前，“8·28新政”落地后，上海、广州、深圳等城市部分楼盘相继传出涨价消息。分析指出，此轮涨价多为收回1%至3%优惠，实为开发商借政策窗口制造“再不买就涨”预期的试探性营销，而非市场全面反转。,6369051,https://www.baidu.com/s?wd=%E5%A4%9A%E5%9F%8E%E6%A5%BC%E7%9B%98%E2%80%9C%E6%8A%B1%E5%9B%A2%E6%B6%A8%E4%BB%B7%E2%80%9D&sa=fyb_news&rsv_dl=fyb_news,https://fyb-2.cdn.bcebos.com/hotboard_image/8b3296e357f6bf2acadab28b4d7c9566,百度热搜,实时热搜,realtime,,2026-09-15 02:25:02
18,浙江省委书记省长带头捐款,9月14日下午，浙江省委书记王浩、省长刘捷等省领导参加“慈善一日捐”活动并带头捐款。此前，该活动在浙江已延续多年，自2021年起每年省四套班子领导均带头捐款。,6278229,https://www.baidu.com/s?wd=%E6%B5%99%E6%B1%9F%E7%9C%81%E5%A7%94%E4%B9%A6%E8%AE%B0%E7%9C%81%E9%95%BF%E5%B8%A6%E5%A4%B4%E6%8D%90%E6%AC%BE&sa=fyb_news&rsv_dl=fyb_news,https://fyb-2.cdn.bcebos.com/hotboard_image/25ea9c64c5b928a1c918cc6c880a2d7e,百度热搜,实时热搜,realtime,,2026-09-15 02:25:02
19,卫健委：提倡大家多喝白开水淡茶水,9月14日，国家卫健委主任雷海潮在国新办发布会上介绍健康中国建设情况。他提到，国内居民高盐高糖高油饮食普遍，每日添加糖摄入建议控制在25克以内，单瓶500毫升含糖饮料含糖量就可能达到这一上限，建议大家多喝白开水、淡茶水。,6186589,https://www.baidu.com/s?wd=%E5%8D%AB%E5%81%A5%E5%A7%94%EF%BC%9A%E6%8F%90%E5%80%A1%E5%A4%A7%E5%AE%B6%E5%A4%9A%E5%96%9D%E7%99%BD%E5%BC%80%E6%B0%B4%E6%B7%A1%E8%8C%B6%E6%B0%B4&sa=fyb_news&rsv_dl=fyb_news,https://fyb-2.cdn.bcebos.com/hotboard_image/afcfeab3b3ded62251233629862c08f1,百度热搜,实时热搜,realtime,,2026-09-15 02:25:02
20,侄女帮小姨挡催婚 金句频出,,6086651,https://www.baidu.com/s?wd=%E4%BE%84%E5%A5%B3%E5%B8%AE%E5%B0%8F%E5%A7%A8%E6%8C%A1%E5%82%AC%E5%A9%9A+%E9%87%91%E5%8F%A5%E9%A2%91%E5%87%BA&sa=fyb_news&rsv_dl=fyb_news,https://fyb-1.cdn.bcebos.com/fyb/de6163834f53ca92c1273fff98ac9078.jpeg,百度热搜,实时热搜,realtime,,2026-09-15 02:25:02
21,近20省份公布社保缴费新基数,截至9月14日，已有近20个省级地区公布2026年度企业职工社会保险缴费基数上下限。今年北京、上海、湖南等地缴费基数下限继续上调，但涨幅有所收窄。上下限提高不意味着所有人社保费都多扣，是否多交取决于本人缴费基数和参保险种。,5994981,https://www.baidu.com/s?wd=%E8%BF%9120%E7%9C%81%E4%BB%BD%E5%85%AC%E5%B8%83%E7%A4%BE%E4%BF%9D%E7%BC%B4%E8%B4%B9%E6%96%B0%E5%9F%BA%E6%95%B0&sa=fyb_news&rsv_dl=fyb_news,https://fyb-2.cdn.bcebos.com/hotboard_image/ccadab26937d1bd0bda35545bea28996,百度热搜,实时热搜,realtime,,2026-09-15 02:25:02
22,家长称3000生活费够吃饭还能点外卖,9月13日，开学季“大学生每月3000生活费够不够”话题引发热议。记者在浙江传媒学院新生报到现场采访得知，一位大一新生家长给其3000元/月生活费，因已了解每天三四餐花费，特将点外卖的费用也算在里面。,5900426,https://www.baidu.com/s?wd=%E5%AE%B6%E9%95%BF%E7%A7%B03000%E7%94%9F%E6%B4%BB%E8%B4%B9%E5%A4%9F%E5%90%83%E9%A5%AD%E8%BF%98%E8%83%BD%E7%82%B9%E5%A4%96%E5%8D%96&sa=fyb_news&rsv_dl=fyb_news,https://fyb-2.cdn.bcebos.com/hotboard_image/2d7fa97b6b291a99627dee928f8857a8,百度热搜,实时热搜,realtime,,2026-09-15 02:25:02
23,国产AI短片 最不像AI的AI神作,9月6日，B站UP主DiDi_OK凭借AI短片《网站》，在2026年威尼斯Reply AI Film Festival中斩获两项大奖，从3100部作品中脱颖而出。该作被观众称为“最不像AI的AI神作”，获郭帆点赞。,5802217,https://www.baidu.com/s?wd=%E5%9B%BD%E4%BA%A7AI%E7%9F%AD%E7%89%87+%E6%9C%80%E4%B8%8D%E5%83%8FAI%E7%9A%84AI%E7%A5%9E%E4%BD%9C&sa=fyb_news&rsv_dl=fyb_news,https://fyb-2.cdn.bcebos.com/hotboard_image/4586ffb935d2a8a2bd4496f4a406af89,百度热搜,实时热搜,realtime,,2026-09-15 02:25:02
24,王一博代言疑涉虚假宣传？品牌方回应,9月14日，“王一博新代言疑似涉嫌虚假宣传”相关话题冲上热搜。蓝芩品牌方当晚回应称相关言论属于造谣诋毁，已经报警。蓝芩表示产品为普通食品，抽检合格，网传处罚信息不实，将通过法律维权。,5696310,https://www.baidu.com/s?wd=%E7%8E%8B%E4%B8%80%E5%8D%9A%E4%BB%A3%E8%A8%80%E7%96%91%E6%B6%89%E8%99%9A%E5%81%87%E5%AE%A3%E4%BC%A0%EF%BC%9F%E5%93%81%E7%89%8C%E6%96%B9%E5%9B%9E%E5%BA%94&sa=fyb_news&rsv_dl=fyb_news,https://fyb-2.cdn.bcebos.com/hotboard_image/8bea31bcc5cff3f718192f4065608827,百度热搜,实时热搜,realtime,,2026-09-15 02:25:02
25,黄河边约会后失踪女孩遗体已火化,河南新乡一位19岁女孩今年6月与男友黄河边约会后失踪，遗体7月在开封水域被发现，尸检认定溺水身亡，遗体已于9月12日火化。警方审查后不予立案，女孩母亲对此存疑，计划就不予立案申请复议。,5603325,https://www.baidu.com/s?wd=%E9%BB%84%E6%B2%B3%E8%BE%B9%E7%BA%A6%E4%BC%9A%E5%90%8E%E5%A4%B1%E8%B8%AA%E5%A5%B3%E5%AD%A9%E9%81%97%E4%BD%93%E5%B7%B2%E7%81%AB%E5%8C%96&sa=fyb_news&rsv_dl=fyb_news,https://fyb-2.cdn.bcebos.com/hotboard_image/2bc9cdfe2d3af3574c9d1f96d75a6efe,百度热搜,实时热搜,realtime,,2026-09-15 02:25:02
26,金星伴月,9月14日晚，全国多地夜空上演“金星伴月”浪漫天象。天气晴好区域，无需借助专业设备，仅凭肉眼便能观赏到明亮金星与蛾眉月近距离相依的画面。,5522485,https://www.baidu.com/s?wd=%E9%87%91%E6%98%9F%E4%BC%B4%E6%9C%88&sa=fyb_news&rsv_dl=fyb_news,https://fyb-2.cdn.bcebos.com/hotboard_image/fae7592de8eab3d5a3ac1ca2616784d4,百度热搜,实时热搜,realtime,,2026-09-15 02:25:02
27,小孩哥解锁泡面盖“传送带”式吃法,,5427831,https://www.baidu.com/s?wd=%E5%B0%8F%E5%AD%A9%E5%93%A5%E8%A7%A3%E9%94%81%E6%B3%A1%E9%9D%A2%E7%9B%96%E2%80%9C%E4%BC%A0%E9%80%81%E5%B8%A6%E2%80%9D%E5%BC%8F%E5%90%83%E6%B3%95&sa=fyb_news&rsv_dl=fyb_news,https://fyb-1.cdn.bcebos.com/fyb/de6163834f53ca92c1273fff98ac9078.jpeg,百度热搜,实时热搜,realtime,,2026-09-15 02:25:02
28,云南普洱地震,据中国地震台网正式测定，9月14日17时7分在云南普洱市墨江县发生4.5级地震，震源深度10公里，震中位于北纬23.15度，东经101.61度。,5335424,https://www.baidu.com/s?wd=%E4%BA%91%E5%8D%97%E6%99%AE%E6%B4%B1%E5%9C%B0%E9%9C%87&sa=fyb_news&rsv_dl=fyb_news,https://fyb-2.cdn.bcebos.com/hotboard_image/d73aaf6bf0f7d394aadfbe213fb74c24,百度热搜,实时热搜,realtime,,2026-09-15 02:25:02
29,海南万宁出现龙卷风,9月14日，受强对流天气影响，海南省万宁市遭遇龙卷风袭击，现场不少树木被吹倒。,5236422,https://www.baidu.com/s?wd=%E6%B5%B7%E5%8D%97%E4%B8%87%E5%AE%81%E5%87%BA%E7%8E%B0%E9%BE%99%E5%8D%B7%E9%A3%8E&sa=fyb_news&rsv_dl=fyb_news,https://fyb-2.cdn.bcebos.com/hotboard_image/de115f92ccfdc9de413317a0298dba31,百度热搜,实时热搜,realtime,,2026-09-15 02:25:02
30,王曼昱反超孙颖莎登顶女单世界第一,9月14日，国际乒联第38周排名更新，王曼昱以9115分反超孙颖莎的8975分，职业生涯首次登顶女单世界第一。,5120438,https://www.baidu.com/s?wd=%E7%8E%8B%E6%9B%BC%E6%98%B1%E5%8F%8D%E8%B6%85%E5%AD%99%E9%A2%96%E8%8E%8E%E7%99%BB%E9%A1%B6%E5%A5%B3%E5%8D%95%E4%B8%96%E7%95%8C%E7%AC%AC%E4%B8%80&sa=fyb_news&rsv_dl=fyb_news,https://fyb-2.cdn.bcebos.com/hotboard_image/ad21888f442269a4baeb30d91700078d,百度热搜,实时热搜,realtime,,2026-09-15 02:25:02
31,小学改养老院不是“换块牌子”就行,据媒体报道，各地正加快盘活闲置校舍资源，不少闲置小学被改造为养老院、养老中心、长者食堂等场所。不过，校舍改建养老机构并非简单“换块牌子”，需要在适老标准、服务质量、可持续运营等方面因地制宜、精细打磨。,5028876,https://www.baidu.com/s?wd=%E5%B0%8F%E5%AD%A6%E6%94%B9%E5%85%BB%E8%80%81%E9%99%A2%E4%B8%8D%E6%98%AF%E2%80%9C%E6%8D%A2%E5%9D%97%E7%89%8C%E5%AD%90%E2%80%9D%E5%B0%B1%E8%A1%8C&sa=fyb_news&rsv_dl=fyb_news,https://fyb-2.cdn.bcebos.com/hotboard_image/1d30f82f539c0d6820852676d733f8c9,百度热搜,实时热搜,realtime,,2026-09-15 02:25:02
32,60个手机号挂名下 男子14年后才发现,,4934884,https://www.baidu.com/s?wd=60%E4%B8%AA%E6%89%8B%E6%9C%BA%E5%8F%B7%E6%8C%82%E5%90%8D%E4%B8%8B+%E7%94%B7%E5%AD%9014%E5%B9%B4%E5%90%8E%E6%89%8D%E5%8F%91%E7%8E%B0&sa=fyb_news&rsv_dl=fyb_news,https://fyb-1.cdn.bcebos.com/fyb/de6163834f53ca92c1273fff98ac9078.jpeg,百度热搜,实时热搜,realtime,,2026-09-15 02:25:02
33,中国球员吕孟洋加盟西班牙人,9月14日，皇家西班牙人足球俱乐部宣布，中国球员吕孟洋加入球队青训体系，将代表西班牙人青年B队出战比赛。,4845709,https://www.baidu.com/s?wd=%E4%B8%AD%E5%9B%BD%E7%90%83%E5%91%98%E5%90%95%E5%AD%9F%E6%B4%8B%E5%8A%A0%E7%9B%9F%E8%A5%BF%E7%8F%AD%E7%89%99%E4%BA%BA&sa=fyb_news&rsv_dl=fyb_news,https://fyb-2.cdn.bcebos.com/hotboard_image/5c3b53c52d937d3b7ffe05607b7a1961,百度热搜,实时热搜,realtime,,2026-09-15 02:25:02
34,于东来回应新员工实行四年合同制,9月14日晚，于东来发文回应“胖东来新员工实行四年合同制”。于东来表示，胖东来企业的目标是培养更多懂得科学轻松健康生活的群体、从而带动更多人们实现轻松快乐幸福的生活，未来四年合同制学员也是这个目的，大家不要误解，关于工作和劳资方面严格按照劳动法执行。,4746142,https://www.baidu.com/s?wd=%E4%BA%8E%E4%B8%9C%E6%9D%A5%E5%9B%9E%E5%BA%94%E6%96%B0%E5%91%98%E5%B7%A5%E5%AE%9E%E8%A1%8C%E5%9B%9B%E5%B9%B4%E5%90%88%E5%90%8C%E5%88%B6&sa=fyb_news&rsv_dl=fyb_news,https://fyb-2.cdn.bcebos.com/hotboard_image/393091fc2bb67b234c72914022e8b94f,百度热搜,实时热搜,realtime,,2026-09-15 02:25:02
35,王老吉回应新品被指抄袭,,4666601,https://www.baidu.com/s?wd=%E7%8E%8B%E8%80%81%E5%90%89%E5%9B%9E%E5%BA%94%E6%96%B0%E5%93%81%E8%A2%AB%E6%8C%87%E6%8A%84%E8%A2%AD&sa=fyb_news&rsv_dl=fyb_news,https://fyb-1.cdn.bcebos.com/fyb/de6163834f53ca92c1273fff98ac9078.jpeg,百度热搜,实时热搜,realtime,,2026-09-15 02:25:02
36,宠物猫坠亡 家政工赔15750元,,4565743,https://www.baidu.com/s?wd=%E5%AE%A0%E7%89%A9%E7%8C%AB%E5%9D%A0%E4%BA%A1+%E5%AE%B6%E6%94%BF%E5%B7%A5%E8%B5%9415750%E5%85%83&sa=fyb_news&rsv_dl=fyb_news,https://fyb-1.cdn.bcebos.com/fyb/de6163834f53ca92c1273fff98ac9078.jpeg,百度热搜,实时热搜,realtime,,2026-09-15 02:25:02
37,申聪称梅姨认为自己在做好人好事,9月14日，被拐孩子申聪接受采访称，从律师阅卷得知人贩子梅姨并无悔意，自认是在做好人好事、帮孩子找家。申聪认为这是狡辩逃避，他和父亲已对梅姨提起刑事附带民事诉讼，开庭时他会到场。,4468876,https://www.baidu.com/s?wd=%E7%94%B3%E8%81%AA%E7%A7%B0%E6%A2%85%E5%A7%A8%E8%AE%A4%E4%B8%BA%E8%87%AA%E5%B7%B1%E5%9C%A8%E5%81%9A%E5%A5%BD%E4%BA%BA%E5%A5%BD%E4%BA%8B&sa=fyb_news&rsv_dl=fyb_news,https://fyb-2.cdn.bcebos.com/hotboard_image/7ae380ee5693fe22cb7579bbec9159b1,百度热搜,实时热搜,realtime,,2026-09-15 02:25:02
38,业主空置房被物业擅自打开堆杂物,,4373095,https://www.baidu.com/s?wd=%E4%B8%9A%E4%B8%BB%E7%A9%BA%E7%BD%AE%E6%88%BF%E8%A2%AB%E7%89%A9%E4%B8%9A%E6%93%85%E8%87%AA%E6%89%93%E5%BC%80%E5%A0%86%E6%9D%82%E7%89%A9&sa=fyb_news&rsv_dl=fyb_news,https://fyb-1.cdn.bcebos.com/fyb/de6163834f53ca92c1273fff98ac9078.jpeg,百度热搜,实时热搜,realtime,,2026-09-15 02:25:02
39,荷兰弟登顶全球影史演员票房榜,据外媒报道，随着《蜘蛛侠：崭新之日》和《奥德赛》票房的持续上涨，“荷兰弟”汤姆·赫兰德（Tom Holland）成为全球影史票房最高的演员。,4254484,https://www.baidu.com/s?wd=%E8%8D%B7%E5%85%B0%E5%BC%9F%E7%99%BB%E9%A1%B6%E5%85%A8%E7%90%83%E5%BD%B1%E5%8F%B2%E6%BC%94%E5%91%98%E7%A5%A8%E6%88%BF%E6%A6%9C&sa=fyb_news&rsv_dl=fyb_news,https://fyb-2.cdn.bcebos.com/hotboard_image/6c7f9f3ee70f3a1d566b11ce48bfbafc,百度热搜,实时热搜,realtime,,2026-09-15 02:25:02
40,韩方吐槽名古屋亚运会住宿史上最差,即将于本周开幕的爱知·名古屋亚运会，陷入住宿风波。韩国篮球协会副会长郑在勇吐槽球员住宿条件“史上最差”，指出存在厕所漏水、床铺太短及被迫住邮轮等问题。,4189015,https://www.baidu.com/s?wd=%E9%9F%A9%E6%96%B9%E5%90%90%E6%A7%BD%E5%90%8D%E5%8F%A4%E5%B1%8B%E4%BA%9A%E8%BF%90%E4%BC%9A%E4%BD%8F%E5%AE%BF%E5%8F%B2%E4%B8%8A%E6%9C%80%E5%B7%AE&sa=fyb_news&rsv_dl=fyb_news,https://fyb-2.cdn.bcebos.com/hotboard_image/02a7627f7b61409cd403881be8954be0,百度热搜,实时热搜,realtime,,2026-09-15 02:25:02
41,日本艺术家办展揭侵华日军暴行,,4099231,https://www.baidu.com/s?wd=%E6%97%A5%E6%9C%AC%E8%89%BA%E6%9C%AF%E5%AE%B6%E5%8A%9E%E5%B1%95%E6%8F%AD%E4%BE%B5%E5%8D%8E%E6%97%A5%E5%86%9B%E6%9A%B4%E8%A1%8C&sa=fyb_news&rsv_dl=fyb_news,https://fyb-1.cdn.bcebos.com/fyb/de6163834f53ca92c1273fff98ac9078.jpeg,百度热搜,实时热搜,realtime,,2026-09-15 02:25:02
42,杭州机器人交警中队完成升级,,3982364,https://www.baidu.com/s?wd=%E6%9D%AD%E5%B7%9E%E6%9C%BA%E5%99%A8%E4%BA%BA%E4%BA%A4%E8%AD%A6%E4%B8%AD%E9%98%9F%E5%AE%8C%E6%88%90%E5%8D%87%E7%BA%A7&sa=fyb_news&rsv_dl=fyb_news,https://fyb-1.cdn.bcebos.com/fyb/de6163834f53ca92c1273fff98ac9078.jpeg,百度热搜,实时热搜,realtime,,2026-09-15 02:25:02
43,农村大集上 人大代表“摆了个摊儿”,,3871506,https://www.baidu.com/s?wd=%E5%86%9C%E6%9D%91%E5%A4%A7%E9%9B%86%E4%B8%8A+%E4%BA%BA%E5%A4%A7%E4%BB%A3%E8%A1%A8%E2%80%9C%E6%91%86%E4%BA%86%E4%B8%AA%E6%91%8A%E5%84%BF%E2%80%9D&sa=fyb_news&rsv_dl=fyb_news,https://fyb-1.cdn.bcebos.com/fyb/de6163834f53ca92c1273fff98ac9078.jpeg,百度热搜,实时热搜,realtime,,2026-09-15 02:25:02
44,甘肃省政府：坚决拥护党中央决定,9月14日，甘肃省政府党组召开扩大会议，传达甘肃原副省长雷思维被开除党籍、公职的决定，与会同志一致表示坚决拥护党中央决定。此前9月11日，中央纪委国家监委通报雷思维严重违纪违法被双开，甘肃省委常委会同日召开会议传达该决定并表态拥护。,3793737,https://www.baidu.com/s?wd=%E7%94%98%E8%82%83%E7%9C%81%E6%94%BF%E5%BA%9C%EF%BC%9A%E5%9D%9A%E5%86%B3%E6%8B%A5%E6%8A%A4%E5%85%9A%E4%B8%AD%E5%A4%AE%E5%86%B3%E5%AE%9A&sa=fyb_news&rsv_dl=fyb_news,https://fyb-2.cdn.bcebos.com/hotboard_image/e341f04f86a16e04fc9d01dbc8da5f20,百度热搜,实时热搜,realtime,,2026-09-15 02:25:02
45,妈妈吃无碘盐致女儿2岁多不会说话,浙江一女子查出甲状腺结节后，长期吃无碘盐，孕期持续忌碘。受此影响，她两岁多的女儿确诊亚临床甲减，出现不会说话、反应迟钝的症状。医生提醒，孕哺期女性切勿自行限碘。当地疾控表示，碘缺乏地区盲目食用无碘盐有害健康，甲状腺结节高发并非碘盐导致。,3700932,https://www.baidu.com/s?wd=%E5%A6%88%E5%A6%88%E5%90%83%E6%97%A0%E7%A2%98%E7%9B%90%E8%87%B4%E5%A5%B3%E5%84%BF2%E5%B2%81%E5%A4%9A%E4%B8%8D%E4%BC%9A%E8%AF%B4%E8%AF%9D&sa=fyb_news&rsv_dl=fyb_news,https://fyb-2.cdn.bcebos.com/hotboard_image/9b5ddca9c7bab4dcd3b3c3853c2d872f,百度热搜,实时热搜,realtime,,2026-09-15 02:25:02
46,四川所有高校不许连放13天假系谣言,,3598254,https://www.baidu.com/s?wd=%E5%9B%9B%E5%B7%9D%E6%89%80%E6%9C%89%E9%AB%98%E6%A0%A1%E4%B8%8D%E8%AE%B8%E8%BF%9E%E6%94%BE13%E5%A4%A9%E5%81%87%E7%B3%BB%E8%B0%A3%E8%A8%80&sa=fyb_news&rsv_dl=fyb_news,https://fyb-1.cdn.bcebos.com/fyb/de6163834f53ca92c1273fff98ac9078.jpeg,百度热搜,实时热搜,realtime,,2026-09-15 02:25:02
47,邱毅：统一是必答题,,3518314,https://www.baidu.com/s?wd=%E9%82%B1%E6%AF%85%EF%BC%9A%E7%BB%9F%E4%B8%80%E6%98%AF%E5%BF%85%E7%AD%94%E9%A2%98&sa=fyb_news&rsv_dl=fyb_news,https://fyb-1.cdn.bcebos.com/fyb/de6163834f53ca92c1273fff98ac9078.jpeg,百度热搜,实时热搜,realtime,,2026-09-15 02:25:02
48,海南暴雨,,3418119,https://www.baidu.com/s?wd=%E6%B5%B7%E5%8D%97%E6%9A%B4%E9%9B%A8&sa=fyb_news&rsv_dl=fyb_news,https://fyb-1.cdn.bcebos.com/fyb/de6163834f53ca92c1273fff98ac9078.jpeg,百度热搜,实时热搜,realtime,,2026-09-15 02:25:02
49,夫妻被撞身亡儿子问背后来车怎么躲,日前，山西蒲县薛关镇政府工作人员杜某某醉驾、超速且未开车灯，撞上推车过马路的夫妻致两人死亡，肇事者已被刑拘。原事故初判遇难夫妻要负次责，死者家属对此不认可提出复核，认为其父母很难发现身后行驶的车辆。,3306670,https://www.baidu.com/s?wd=%E5%A4%AB%E5%A6%BB%E8%A2%AB%E6%92%9E%E8%BA%AB%E4%BA%A1%E5%84%BF%E5%AD%90%E9%97%AE%E8%83%8C%E5%90%8E%E6%9D%A5%E8%BD%A6%E6%80%8E%E4%B9%88%E8%BA%B2&sa=fyb_news&rsv_dl=fyb_news,https://fyb-2.cdn.bcebos.com/hotboard_image/bfedf4c196284d79fba7101769f70673,百度热搜,实时热搜,realtime,,2026-09-15 02:25:02
50,南阳出逃鳄鱼已被抓获,,3227079,https://www.baidu.com/s?wd=%E5%8D%97%E9%98%B3%E5%87%BA%E9%80%83%E9%B3%84%E9%B1%BC%E5%B7%B2%E8%A2%AB%E6%8A%93%E8%8E%B7&sa=fyb_news&rsv_dl=fyb_news,https://fyb-1.cdn.bcebos.com/fyb/de6163834f53ca92c1273fff98ac9078.jpeg,百度热搜,实时热搜,realtime,,2026-09-15 02:25:02
1,始终把人民生命安全放在首位,2026年汛期，我国多地遭遇持续性极端强降水过程，多处河流、水库遭遇险情，人民群众生命财产安全面临严峻考验。习近平总书记高度关注雨情、汛情、灾情，始终牵挂灾区群众安危，亲自部署、亲自指挥防汛抗洪救灾工作，多次主持召开重要会议、作出重要指示，要求“扎实做好防灾救灾各项工作，确保人民群众生命财产安全”。,7904190,https://www.baidu.com/s?wd=%E5%A7%8B%E7%BB%88%E6%8A%8A%E4%BA%BA%E6%B0%91%E7%94%9F%E5%91%BD%E5%AE%89%E5%85%A8%E6%94%BE%E5%9C%A8%E9%A6%96%E4%BD%8D&sa=fyb_news&rsv_dl=fyb_news,https://fyb-2.cdn.bcebos.com/hotboard_image/23498e790ec72673a3e3ee478372308e,百度热搜,实时热搜,realtime,,2026-09-15 03:18:02
2,广汽集团 资产重组,9月14日晚，广汽集团发布关于筹划重大资产重组事项的停牌公告。公司当日与一汽股份签署意向协议，拟以发行股份的方式收购一汽股份所持某整车合资公司部分股权，同时募集配套资金。据初步测算，本次交易完成后，一汽股份将成为广汽集团第二大股东，具备战略影响力。,7808757,https://www.baidu.com/s?wd=%E5%B9%BF%E6%B1%BD%E9%9B%86%E5%9B%A2+%E8%B5%84%E4%BA%A7%E9%87%8D%E7%BB%84&sa=fyb_news&rsv_dl=fyb_news,https://fyb-2.cdn.bcebos.com/hotboard_image/ea53c846994f3a5c43aee62636f55947,百度热搜,实时热搜,realtime,,2026-09-15 03:18:02
3,一车人买错票 游客建议车站改名,,7712717,https://www.baidu.com/s?wd=%E4%B8%80%E8%BD%A6%E4%BA%BA%E4%B9%B0%E9%94%99%E7%A5%A8+%E6%B8%B8%E5%AE%A2%E5%BB%BA%E8%AE%AE%E8%BD%A6%E7%AB%99%E6%94%B9%E5%90%8D&sa=fyb_news&rsv_dl=fyb_news,https://fyb-1.cdn.bcebos.com/fyb/de6163834f53ca92c1273fff98ac9078.jpeg,百度热搜,实时热搜,realtime,,2026-09-15 03:18:02
4,未来五年民生健康重磅规划,9月14日上午，国务院新闻办公室举行“开局起步‘十五五’”系列主题新闻发布会，国家卫生健康委、国家中医药局、国家疾控局等部门负责人介绍推动健康中国建设取得决定性进展有关情况。未来5年，要从“有”向“优”转变，我国将加快完善优质高效整合型医疗卫生服务体系，让更多群众在家门口看得上病、看得好病。,7617728,https://www.baidu.com/s?wd=%E6%9C%AA%E6%9D%A5%E4%BA%94%E5%B9%B4%E6%B0%91%E7%94%9F%E5%81%A5%E5%BA%B7%E9%87%8D%E7%A3%85%E8%A7%84%E5%88%92&sa=fyb_news&rsv_dl=fyb_news,https://fyb-2.cdn.bcebos.com/hotboard_image/b6b9209ffb8acbccaef38390b65fe2df,百度热搜,实时热搜,realtime,,2026-09-15 03:18:02
5,“喊坐下都算礼貌 要我就喊离婚”,9月12日，赵雷北京鸟巢演唱会上，前排一名男观众突然向女友求婚，女方激动站起，导致后排齐声高喊“坐下”。这段现场视频被发到社交媒体后，此事冲上热搜。更有人表态：“喊坐下都算礼貌，要我就喊离婚。”,7521599,https://www.baidu.com/s?wd=%E2%80%9C%E5%96%8A%E5%9D%90%E4%B8%8B%E9%83%BD%E7%AE%97%E7%A4%BC%E8%B2%8C+%E8%A6%81%E6%88%91%E5%B0%B1%E5%96%8A%E7%A6%BB%E5%A9%9A%E2%80%9D&sa=fyb_news&rsv_dl=fyb_news,https://fyb-2.cdn.bcebos.com/hotboard_image/1b54c00df40217351cbd810d888a0e22,百度热搜,实时热搜,realtime,,2026-09-15 03:18:02
6,大型企业拖欠账款见一个查一个,近年来，部分行业内卷式竞争加剧，大型企业拖欠中小企业账款问题凸显。为此，市场监管总局会同多部门部署2026年反不正当竞争执法专项行动，重点查处大型企业滥用优势地位拖欠中小企业账款行为，查实后将依法依规严厉处罚。,7425231,https://www.baidu.com/s?wd=%E5%A4%A7%E5%9E%8B%E4%BC%81%E4%B8%9A%E6%8B%96%E6%AC%A0%E8%B4%A6%E6%AC%BE%E8%A7%81%E4%B8%80%E4%B8%AA%E6%9F%A5%E4%B8%80%E4%B8%AA&sa=fyb_news&rsv_dl=fyb_news,https://fyb-2.cdn.bcebos.com/hotboard_image/8dd519ac672d45135bd3d6093ee0ad31,百度热搜,实时热搜,realtime,,2026-09-15 03:18:02
7,知名游戏老板百亿元天价离婚创纪录,近日，韩国首尔家庭法院对《穿越火线》开发商Smilegate创始人权赫彬与妻子李某离婚案作出一审判决。法院裁定权赫彬向李某转让35%股份，并支付约3.24亿元人民币现金，分割总额约127.25亿元人民币，创下韩国公开离婚案新高。,7334288,https://www.baidu.com/s?wd=%E7%9F%A5%E5%90%8D%E6%B8%B8%E6%88%8F%E8%80%81%E6%9D%BF%E7%99%BE%E4%BA%BF%E5%85%83%E5%A4%A9%E4%BB%B7%E7%A6%BB%E5%A9%9A%E5%88%9B%E7%BA%AA%E5%BD%95&sa=fyb_news&rsv_dl=fyb_news,https://fyb-2.cdn.bcebos.com/hotboard_image/d798836f59b0590683723d1c1f5207ac,百度热搜,实时热搜,realtime,,2026-09-15 03:18:02
8,苹果回应iPhone18Pro破发,9月14日，某电商平台显示256G的iPhone 18 Pro售价降至9099元，较官网直降900元。苹果官方客服对此回应称，第三方渠道有定价权，可能有平台补贴或店铺优惠，官方不会去干预，每年新机上市后渠道价格都会因供需关系波动。,7235208,https://www.baidu.com/s?wd=%E8%8B%B9%E6%9E%9C%E5%9B%9E%E5%BA%94iPhone18Pro%E7%A0%B4%E5%8F%91&sa=fyb_news&rsv_dl=fyb_news,https://fyb-2.cdn.bcebos.com/hotboard_image/c24c9393a8189ab4edf8e35d21877f54,百度热搜,实时热搜,realtime,,2026-09-15 03:18:02
9,全球最大每周车展创始人车祸身亡,,7140898,https://www.baidu.com/s?wd=%E5%85%A8%E7%90%83%E6%9C%80%E5%A4%A7%E6%AF%8F%E5%91%A8%E8%BD%A6%E5%B1%95%E5%88%9B%E5%A7%8B%E4%BA%BA%E8%BD%A6%E7%A5%B8%E8%BA%AB%E4%BA%A1&sa=fyb_news&rsv_dl=fyb_news,https://fyb-1.cdn.bcebos.com/fyb/de6163834f53ca92c1273fff98ac9078.jpeg,百度热搜,实时热搜,realtime,,2026-09-15 03:18:02
10,近20省份公布社保缴费新基数,截至9月14日，已有近20个省级地区公布2026年度企业职工社会保险缴费基数上下限。今年北京、上海、湖南等地缴费基数下限继续上调，但涨幅有所收窄。上下限提高不意味着所有人社保费都多扣，是否多交取决于本人缴费基数和参保险种。,7043894,https://www.baidu.com/s?wd=%E8%BF%9120%E7%9C%81%E4%BB%BD%E5%85%AC%E5%B8%83%E7%A4%BE%E4%BF%9D%E7%BC%B4%E8%B4%B9%E6%96%B0%E5%9F%BA%E6%95%B0&sa=fyb_news&rsv_dl=fyb_news,https://fyb-2.cdn.bcebos.com/hotboard_image/ccadab26937d1bd0bda35545bea28996,百度热搜,实时热搜,realtime,,2026-09-15 03:18:02
11,李玉刚当选吉林文联兼职副主席,9月12日至9月13日，在吉林省文联第十次代表大会上，李玉刚当选第十届吉林省文联兼职副主席。李玉刚在采访中回应：内心十分激动，多年致力于国风艺术传承和发展，未来也会多多回到家乡，未来有更多机会助力家乡艺术人才发展。,6946985,https://www.baidu.com/s?wd=%E6%9D%8E%E7%8E%89%E5%88%9A%E5%BD%93%E9%80%89%E5%90%89%E6%9E%97%E6%96%87%E8%81%94%E5%85%BC%E8%81%8C%E5%89%AF%E4%B8%BB%E5%B8%AD&sa=fyb_news&rsv_dl=fyb_news,https://fyb-2.cdn.bcebos.com/hotboard_image/cdc76b6213bd9db35ac94b83fed67c1d,百度热搜,实时热搜,realtime,,2026-09-15 03:18:02
12,停止资助学生后反遭威胁系造谣,近日，网传男子终止资助女学生遭对方威胁一事引发热议，嘉峪关公安通报，该内容系网民姚某某编造博流量，案件正在侦办中。,6854076,https://www.baidu.com/s?wd=%E5%81%9C%E6%AD%A2%E8%B5%84%E5%8A%A9%E5%AD%A6%E7%94%9F%E5%90%8E%E5%8F%8D%E9%81%AD%E5%A8%81%E8%83%81%E7%B3%BB%E9%80%A0%E8%B0%A3&sa=fyb_news&rsv_dl=fyb_news,https://fyb-2.cdn.bcebos.com/hotboard_image/0590601230bd2fba9a9ce5e9e1b802e1,百度热搜,实时热搜,realtime,,2026-09-15 03:18:02
13,海南多地停课,9月14日，受热带低压影响，海南多地遭遇强降雨。目前，海南已有13市县发布停课通知，具体包括三亚、定安、临高、乐东、五指山、陵水、琼海、保亭、琼中、万宁、屯昌、白沙、澄迈。,6758783,https://www.baidu.com/s?wd=%E6%B5%B7%E5%8D%97%E5%A4%9A%E5%9C%B0%E5%81%9C%E8%AF%BE&sa=fyb_news&rsv_dl=fyb_news,https://fyb-2.cdn.bcebos.com/hotboard_image/25a016b6cd6026fe7c3e48085e28da9b,百度热搜,实时热搜,realtime,,2026-09-15 03:18:02
14,敬一丹多张生前照片公布,14日晚，敬一丹公众账号发布视频回顾敬一丹生平，公布多张旧照。视频记录了她从1955年出生、就读北京广播学院，到主持《焦点访谈》《感动中国》，再到2026年6月最后一次面对镜头的人生轨迹。,6656297,https://www.baidu.com/s?wd=%E6%95%AC%E4%B8%80%E4%B8%B9%E5%A4%9A%E5%BC%A0%E7%94%9F%E5%89%8D%E7%85%A7%E7%89%87%E5%85%AC%E5%B8%83&sa=fyb_news&rsv_dl=fyb_news,https://fyb-2.cdn.bcebos.com/hotboard_image/9057a36f36fb68a991bb99270f44ce82,百度热搜,实时热搜,realtime,,2026-09-15 03:18:02
15,演唱会求婚 别把没素质当仪式感,9月12日，赵雷北京鸟巢演唱会上，前排一名男观众突然向女友求婚，女方激动站起，导致后排齐声高喊“坐下”。此前两人还向周围观众撒喜糖，保安介入制止。演唱会求婚，别把没素质当仪式感。,6573411,https://www.baidu.com/s?wd=%E6%BC%94%E5%94%B1%E4%BC%9A%E6%B1%82%E5%A9%9A+%E5%88%AB%E6%8A%8A%E6%B2%A1%E7%B4%A0%E8%B4%A8%E5%BD%93%E4%BB%AA%E5%BC%8F%E6%84%9F&sa=fyb_news&rsv_dl=fyb_news,https://fyb-2.cdn.bcebos.com/hotboard_image/8e5c428286064ce4b9215d6ae164fca3,百度热搜,实时热搜,realtime,,2026-09-15 03:18:02
16,云南普洱地震,据中国地震台网正式测定，9月14日17时7分在云南普洱市墨江县发生4.5级地震，震源深度10公里，震中位于北纬23.15度，东经101.61度。,6477216,https://www.baidu.com/s?wd=%E4%BA%91%E5%8D%97%E6%99%AE%E6%B4%B1%E5%9C%B0%E9%9C%87&sa=fyb_news&rsv_dl=fyb_news,https://fyb-2.cdn.bcebos.com/hotboard_image/d73aaf6bf0f7d394aadfbe213fb74c24,百度热搜,实时热搜,realtime,,2026-09-15 03:18:02
17,韩剧男主回应长得丑,据9月14日网友爆料，韩剧《杀手妈咪》男主郑准元在终映采访中，回应外界关于他外貌的争议。他坦言听到别人说自己长得丑心里不会舒服，但并未回避争议或刻意卖惨，认为这是自己需要承受的评价，相关发言引发网友关注。,6376119,https://www.baidu.com/s?wd=%E9%9F%A9%E5%89%A7%E7%94%B7%E4%B8%BB%E5%9B%9E%E5%BA%94%E9%95%BF%E5%BE%97%E4%B8%91&sa=fyb_news&rsv_dl=fyb_news,https://fyb-2.cdn.bcebos.com/hotboard_image/000f0d95331a8bb63e31de12dbedb145,百度热搜,实时热搜,realtime,,2026-09-15 03:18:02
18,王一博代言疑涉虚假宣传？品牌方回应,9月14日，“王一博新代言疑似涉嫌虚假宣传”相关话题冲上热搜。蓝芩品牌方当晚回应称相关言论属于造谣诋毁，已经报警。蓝芩表示产品为普通食品，抽检合格，网传处罚信息不实，将通过法律维权。,6285004,https://www.baidu.com/s?wd=%E7%8E%8B%E4%B8%80%E5%8D%9A%E4%BB%A3%E8%A8%80%E7%96%91%E6%B6%89%E8%99%9A%E5%81%87%E5%AE%A3%E4%BC%A0%EF%BC%9F%E5%93%81%E7%89%8C%E6%96%B9%E5%9B%9E%E5%BA%94&sa=fyb_news&rsv_dl=fyb_news,https://fyb-2.cdn.bcebos.com/hotboard_image/8bea31bcc5cff3f718192f4065608827,百度热搜,实时热搜,realtime,,2026-09-15 03:18:02
19,侄女帮小姨挡催婚 金句频出,,6189419,https://www.baidu.com/s?wd=%E4%BE%84%E5%A5%B3%E5%B8%AE%E5%B0%8F%E5%A7%A8%E6%8C%A1%E5%82%AC%E5%A9%9A+%E9%87%91%E5%8F%A5%E9%A2%91%E5%87%BA&sa=fyb_news&rsv_dl=fyb_news,https://fyb-1.cdn.bcebos.com/fyb/de6163834f53ca92c1273fff98ac9078.jpeg,百度热搜,实时热搜,realtime,,2026-09-15 03:18:02
20,浙江省委书记省长带头捐款,9月14日下午，浙江省委书记王浩、省长刘捷等省领导参加“慈善一日捐”活动并带头捐款。此前，该活动在浙江已延续多年，自2021年起每年省四套班子领导均带头捐款。,6085085,https://www.baidu.com/s?wd=%E6%B5%99%E6%B1%9F%E7%9C%81%E5%A7%94%E4%B9%A6%E8%AE%B0%E7%9C%81%E9%95%BF%E5%B8%A6%E5%A4%B4%E6%8D%90%E6%AC%BE&sa=fyb_news&rsv_dl=fyb_news,https://fyb-2.cdn.bcebos.com/hotboard_image/25ea9c64c5b928a1c918cc6c880a2d7e,百度热搜,实时热搜,realtime,,2026-09-15 03:18:02
21,黄河边约会后失踪女孩遗体已火化,河南新乡一位19岁女孩今年6月与男友黄河边约会后失踪，遗体7月在开封水域被发现，尸检认定溺水身亡，遗体已于9月12日火化。警方审查后不予立案，女孩母亲对此存疑，计划就不予立案申请复议。,5982507,https://www.baidu.com/s?wd=%E9%BB%84%E6%B2%B3%E8%BE%B9%E7%BA%A6%E4%BC%9A%E5%90%8E%E5%A4%B1%E8%B8%AA%E5%A5%B3%E5%AD%A9%E9%81%97%E4%BD%93%E5%B7%B2%E7%81%AB%E5%8C%96&sa=fyb_news&rsv_dl=fyb_news,https://fyb-2.cdn.bcebos.com/hotboard_image/2bc9cdfe2d3af3574c9d1f96d75a6efe,百度热搜,实时热搜,realtime,,2026-09-15 03:18:02
22,多城楼盘“抱团涨价”,9月1日，成都、广州等地多家房企传出收回折扣或上调价格通知。此前，“8·28新政”落地后，上海、广州、深圳等城市部分楼盘相继传出涨价消息。分析指出，此轮涨价多为收回1%至3%优惠，实为开发商借政策窗口制造“再不买就涨”预期的试探性营销，而非市场全面反转。,5894535,https://www.baidu.com/s?wd=%E5%A4%9A%E5%9F%8E%E6%A5%BC%E7%9B%98%E2%80%9C%E6%8A%B1%E5%9B%A2%E6%B6%A8%E4%BB%B7%E2%80%9D&sa=fyb_news&rsv_dl=fyb_news,https://fyb-2.cdn.bcebos.com/hotboard_image/8b3296e357f6bf2acadab28b4d7c9566,百度热搜,实时热搜,realtime,,2026-09-15 03:18:02
23,3000元一针的“尸皮针”火了,3000多元一针、被网友称作“尸皮针”的Re2O在韩国医美圈走红。这款产品由已故捐献者皮肤经脱细胞处理制成细胞外基质，宣称可淡化细纹、抗衰嫩肤，已在韩、日、新加坡上市，为生产商带来可观营收。不少赴韩求美者体验后，称皮肤状态有所改善。,5810888,https://www.baidu.com/s?wd=3000%E5%85%83%E4%B8%80%E9%92%88%E7%9A%84%E2%80%9C%E5%B0%B8%E7%9A%AE%E9%92%88%E2%80%9D%E7%81%AB%E4%BA%86&sa=fyb_news&rsv_dl=fyb_news,https://fyb-2.cdn.bcebos.com/hotboard_image/dba8458af38338b11d4cbb17d79f125c,百度热搜,实时热搜,realtime,,2026-09-15 03:18:02
24,海南万宁出现龙卷风,9月14日，受强对流天气影响，海南省万宁市遭遇龙卷风袭击，现场不少树木被吹倒。,5714850,https://www.baidu.com/s?wd=%E6%B5%B7%E5%8D%97%E4%B8%87%E5%AE%81%E5%87%BA%E7%8E%B0%E9%BE%99%E5%8D%B7%E9%A3%8E&sa=fyb_news&rsv_dl=fyb_news,https://fyb-2.cdn.bcebos.com/hotboard_image/de115f92ccfdc9de413317a0298dba31,百度热搜,实时热搜,realtime,,2026-09-15 03:18:02
25,中国球员吕孟洋加盟西班牙人,9月14日，皇家西班牙人足球俱乐部宣布，中国球员吕孟洋加入球队青训体系，将代表西班牙人青年B队出战比赛。,5599269,https://www.baidu.com/s?wd=%E4%B8%AD%E5%9B%BD%E7%90%83%E5%91%98%E5%90%95%E5%AD%9F%E6%B4%8B%E5%8A%A0%E7%9B%9F%E8%A5%BF%E7%8F%AD%E7%89%99%E4%BA%BA&sa=fyb_news&rsv_dl=fyb_news,https://fyb-2.cdn.bcebos.com/hotboard_image/5c3b53c52d937d3b7ffe05607b7a1961,百度热搜,实时热搜,realtime,,2026-09-15 03:18:02
26,王曼昱反超孙颖莎登顶女单世界第一,9月14日，国际乒联第38周排名更新，王曼昱以9115分反超孙颖莎的8975分，职业生涯首次登顶女单世界第一。,5521072,https://www.baidu.com/s?wd=%E7%8E%8B%E6%9B%BC%E6%98%B1%E5%8F%8D%E8%B6%85%E5%AD%99%E9%A2%96%E8%8E%8E%E7%99%BB%E9%A1%B6%E5%A5%B3%E5%8D%95%E4%B8%96%E7%95%8C%E7%AC%AC%E4%B8%80&sa=fyb_news&rsv_dl=fyb_news,https://fyb-2.cdn.bcebos.com/hotboard_image/ad21888f442269a4baeb30d91700078d,百度热搜,实时热搜,realtime,,2026-09-15 03:18:02
27,金星伴月,9月14日晚，全国多地夜空上演“金星伴月”浪漫天象。天气晴好区域，无需借助专业设备，仅凭肉眼便能观赏到明亮金星与蛾眉月近距离相依的画面。,5427448,https://www.baidu.com/s?wd=%E9%87%91%E6%98%9F%E4%BC%B4%E6%9C%88&sa=fyb_news&rsv_dl=fyb_news,https://fyb-2.cdn.bcebos.com/hotboard_image/fae7592de8eab3d5a3ac1ca2616784d4,百度热搜,实时热搜,realtime,,2026-09-15 03:18:02
28,小孩哥解锁泡面盖“传送带”式吃法,,5335352,https://www.baidu.com/s?wd=%E5%B0%8F%E5%AD%A9%E5%93%A5%E8%A7%A3%E9%94%81%E6%B3%A1%E9%9D%A2%E7%9B%96%E2%80%9C%E4%BC%A0%E9%80%81%E5%B8%A6%E2%80%9D%E5%BC%8F%E5%90%83%E6%B3%95&sa=fyb_news&rsv_dl=fyb_news,https://fyb-1.cdn.bcebos.com/fyb/de6163834f53ca92c1273fff98ac9078.jpeg,百度热搜,实时热搜,realtime,,2026-09-15 03:18:02
29,卫健委：提倡大家多喝白开水淡茶水,9月14日，国家卫健委主任雷海潮在国新办发布会上介绍健康中国建设情况。他提到，国内居民高盐高糖高油饮食普遍，每日添加糖摄入建议控制在25克以内，单瓶500毫升含糖饮料含糖量就可能达到这一上限，建议大家多喝白开水、淡茶水。,5240638,https://www.baidu.com/s?wd=%E5%8D%AB%E5%81%A5%E5%A7%94%EF%BC%9A%E6%8F%90%E5%80%A1%E5%A4%A7%E5%AE%B6%E5%A4%9A%E5%96%9D%E7%99%BD%E5%BC%80%E6%B0%B4%E6%B7%A1%E8%8C%B6%E6%B0%B4&sa=fyb_news&rsv_dl=fyb_news,https://fyb-2.cdn.bcebos.com/hotboard_image/afcfeab3b3ded62251233629862c08f1,百度热搜,实时热搜,realtime,,2026-09-15 03:18:02
30,60个手机号挂名下 男子14年后才发现,,5122287,https://www.baidu.com/s?wd=60%E4%B8%AA%E6%89%8B%E6%9C%BA%E5%8F%B7%E6%8C%82%E5%90%8D%E4%B8%8B+%E7%94%B7%E5%AD%9014%E5%B9%B4%E5%90%8E%E6%89%8D%E5%8F%91%E7%8E%B0&sa=fyb_news&rsv_dl=fyb_news,https://fyb-1.cdn.bcebos.com/fyb/de6163834f53ca92c1273fff98ac9078.jpeg,百度热搜,实时热搜,realtime,,2026-09-15 03:18:02
31,申聪称梅姨认为自己在做好人好事,9月14日，被拐孩子申聪接受采访称，从律师阅卷得知人贩子梅姨并无悔意，自认是在做好人好事、帮孩子找家。申聪认为这是狡辩逃避，他和父亲已对梅姨提起刑事附带民事诉讼，开庭时他会到场。,5050274,https://www.baidu.com/s?wd=%E7%94%B3%E8%81%AA%E7%A7%B0%E6%A2%85%E5%A7%A8%E8%AE%A4%E4%B8%BA%E8%87%AA%E5%B7%B1%E5%9C%A8%E5%81%9A%E5%A5%BD%E4%BA%BA%E5%A5%BD%E4%BA%8B&sa=fyb_news&rsv_dl=fyb_news,https://fyb-2.cdn.bcebos.com/hotboard_image/7ae380ee5693fe22cb7579bbec9159b1,百度热搜,实时热搜,realtime,,2026-09-15 03:18:02
32,国产AI短片 最不像AI的AI神作,9月6日，B站UP主DiDi_OK凭借AI短片《网站》，在2026年威尼斯Reply AI Film Festival中斩获两项大奖，从3100部作品中脱颖而出。该作被观众称为“最不像AI的AI神作”，获郭帆点赞。,4949242,https://www.baidu.com/s?wd=%E5%9B%BD%E4%BA%A7AI%E7%9F%AD%E7%89%87+%E6%9C%80%E4%B8%8D%E5%83%8FAI%E7%9A%84AI%E7%A5%9E%E4%BD%9C&sa=fyb_news&rsv_dl=fyb_news,https://fyb-2.cdn.bcebos.com/hotboard_image/4586ffb935d2a8a2bd4496f4a406af89,百度热搜,实时热搜,realtime,,2026-09-15 03:18:02
33,杭州机器人交警中队完成升级,,4850225,https://www.baidu.com/s?wd=%E6%9D%AD%E5%B7%9E%E6%9C%BA%E5%99%A8%E4%BA%BA%E4%BA%A4%E8%AD%A6%E4%B8%AD%E9%98%9F%E5%AE%8C%E6%88%90%E5%8D%87%E7%BA%A7&sa=fyb_news&rsv_dl=fyb_news,https://fyb-1.cdn.bcebos.com/fyb/de6163834f53ca92c1273fff98ac9078.jpeg,百度热搜,实时热搜,realtime,,2026-09-15 03:18:02
34,王老吉回应新品被指抄袭,,4752496,https://www.baidu.com/s?wd=%E7%8E%8B%E8%80%81%E5%90%89%E5%9B%9E%E5%BA%94%E6%96%B0%E5%93%81%E8%A2%AB%E6%8C%87%E6%8A%84%E8%A2%AD&sa=fyb_news&rsv_dl=fyb_news,https://fyb-1.cdn.bcebos.com/fyb/de6163834f53ca92c1273fff98ac9078.jpeg,百度热搜,实时热搜,realtime,,2026-09-15 03:18:02
35,业主空置房被物业擅自打开堆杂物,,4645786,https://www.baidu.com/s?wd=%E4%B8%9A%E4%B8%BB%E7%A9%BA%E7%BD%AE%E6%88%BF%E8%A2%AB%E7%89%A9%E4%B8%9A%E6%93%85%E8%87%AA%E6%89%93%E5%BC%80%E5%A0%86%E6%9D%82%E7%89%A9&sa=fyb_news&rsv_dl=fyb_news,https://fyb-1.cdn.bcebos.com/fyb/de6163834f53ca92c1273fff98ac9078.jpeg,百度热搜,实时热搜,realtime,,2026-09-15 03:18:02
36,农村大集上 人大代表“摆了个摊儿”,,4558214,https://www.baidu.com/s?wd=%E5%86%9C%E6%9D%91%E5%A4%A7%E9%9B%86%E4%B8%8A+%E4%BA%BA%E5%A4%A7%E4%BB%A3%E8%A1%A8%E2%80%9C%E6%91%86%E4%BA%86%E4%B8%AA%E6%91%8A%E5%84%BF%E2%80%9D&sa=fyb_news&rsv_dl=fyb_news,https://fyb-1.cdn.bcebos.com/fyb/de6163834f53ca92c1273fff98ac9078.jpeg,百度热搜,实时热搜,realtime,,2026-09-15 03:18:02
37,于东来回应新员工实行四年合同制,9月14日晚，于东来发文回应“胖东来新员工实行四年合同制”。于东来表示，胖东来企业的目标是培养更多懂得科学轻松健康生活的群体、从而带动更多人们实现轻松快乐幸福的生活，未来四年合同制学员也是这个目的，大家不要误解，关于工作和劳资方面严格按照劳动法执行。,4462406,https://www.baidu.com/s?wd=%E4%BA%8E%E4%B8%9C%E6%9D%A5%E5%9B%9E%E5%BA%94%E6%96%B0%E5%91%98%E5%B7%A5%E5%AE%9E%E8%A1%8C%E5%9B%9B%E5%B9%B4%E5%90%88%E5%90%8C%E5%88%B6&sa=fyb_news&rsv_dl=fyb_news,https://fyb-2.cdn.bcebos.com/hotboard_image/393091fc2bb67b234c72914022e8b94f,百度热搜,实时热搜,realtime,,2026-09-15 03:18:02
38,韩方吐槽名古屋亚运会住宿史上最差,即将于本周开幕的爱知·名古屋亚运会，陷入住宿风波。韩国篮球协会副会长郑在勇吐槽球员住宿条件“史上最差”，指出存在厕所漏水、床铺太短及被迫住邮轮等问题。,4358732,https://www.baidu.com/s?wd=%E9%9F%A9%E6%96%B9%E5%90%90%E6%A7%BD%E5%90%8D%E5%8F%A4%E5%B1%8B%E4%BA%9A%E8%BF%90%E4%BC%9A%E4%BD%8F%E5%AE%BF%E5%8F%B2%E4%B8%8A%E6%9C%80%E5%B7%AE&sa=fyb_news&rsv_dl=fyb_news,https://fyb-2.cdn.bcebos.com/hotboard_image/02a7627f7b61409cd403881be8954be0,百度热搜,实时热搜,realtime,,2026-09-15 03:18:02
39,海南暴雨,,4278223,https://www.baidu.com/s?wd=%E6%B5%B7%E5%8D%97%E6%9A%B4%E9%9B%A8&sa=fyb_news&rsv_dl=fyb_news,https://fyb-1.cdn.bcebos.com/fyb/de6163834f53ca92c1273fff98ac9078.jpeg,百度热搜,实时热搜,realtime,,2026-09-15 03:18:02
40,小学改养老院不是“换块牌子”就行,据媒体报道，各地正加快盘活闲置校舍资源，不少闲置小学被改造为养老院、养老中心、长者食堂等场所。不过，校舍改建养老机构并非简单“换块牌子”，需要在适老标准、服务质量、可持续运营等方面因地制宜、精细打磨。,4170231,https://www.baidu.com/s?wd=%E5%B0%8F%E5%AD%A6%E6%94%B9%E5%85%BB%E8%80%81%E9%99%A2%E4%B8%8D%E6%98%AF%E2%80%9C%E6%8D%A2%E5%9D%97%E7%89%8C%E5%AD%90%E2%80%9D%E5%B0%B1%E8%A1%8C&sa=fyb_news&rsv_dl=fyb_news,https://fyb-2.cdn.bcebos.com/hotboard_image/1d30f82f539c0d6820852676d733f8c9,百度热搜,实时热搜,realtime,,2026-09-15 03:18:02
41,亚运开门红 中国女足5比1中国香港,,4072014,https://www.baidu.com/s?wd=%E4%BA%9A%E8%BF%90%E5%BC%80%E9%97%A8%E7%BA%A2+%E4%B8%AD%E5%9B%BD%E5%A5%B3%E8%B6%B35%E6%AF%941%E4%B8%AD%E5%9B%BD%E9%A6%99%E6%B8%AF&sa=fyb_news&rsv_dl=fyb_news,https://fyb-1.cdn.bcebos.com/fyb/de6163834f53ca92c1273fff98ac9078.jpeg,百度热搜,实时热搜,realtime,,2026-09-15 03:18:02
42,宠物猫坠亡 家政工赔15750元,,3981921,https://www.baidu.com/s?wd=%E5%AE%A0%E7%89%A9%E7%8C%AB%E5%9D%A0%E4%BA%A1+%E5%AE%B6%E6%94%BF%E5%B7%A5%E8%B5%9415750%E5%85%83&sa=fyb_news&rsv_dl=fyb_news,https://fyb-1.cdn.bcebos.com/fyb/de6163834f53ca92c1273fff98ac9078.jpeg,百度热搜,实时热搜,realtime,,2026-09-15 03:18:02
43,基层干部下班“卧底”外卖员,呼和浩特基层干部冯文超，下班兼职外卖员“卧底”两个多月，配送超2600单，排名稳居前15%。他亲身感受骑手难处并记录问题，推动多项便民举措落地，面对外界质疑，他表示做事无愧人民。,3898243,https://www.baidu.com/s?wd=%E5%9F%BA%E5%B1%82%E5%B9%B2%E9%83%A8%E4%B8%8B%E7%8F%AD%E2%80%9C%E5%8D%A7%E5%BA%95%E2%80%9D%E5%A4%96%E5%8D%96%E5%91%98&sa=fyb_news&rsv_dl=fyb_news,https://fyb-2.cdn.bcebos.com/hotboard_image/d91b0353b2131794b9e84ab24063f9d4,百度热搜,实时热搜,realtime,,2026-09-15 03:18:02
44,四川所有高校不许连放13天假系谣言,,3780384,https://www.baidu.com/s?wd=%E5%9B%9B%E5%B7%9D%E6%89%80%E6%9C%89%E9%AB%98%E6%A0%A1%E4%B8%8D%E8%AE%B8%E8%BF%9E%E6%94%BE13%E5%A4%A9%E5%81%87%E7%B3%BB%E8%B0%A3%E8%A8%80&sa=fyb_news&rsv_dl=fyb_news,https://fyb-1.cdn.bcebos.com/fyb/de6163834f53ca92c1273fff98ac9078.jpeg,百度热搜,实时热搜,realtime,,2026-09-15 03:18:02
45,纳指低开 AI硬件产业链股票大幅下挫,,3708895,https://www.baidu.com/s?wd=%E7%BA%B3%E6%8C%87%E4%BD%8E%E5%BC%80+AI%E7%A1%AC%E4%BB%B6%E4%BA%A7%E4%B8%9A%E9%93%BE%E8%82%A1%E7%A5%A8%E5%A4%A7%E5%B9%85%E4%B8%8B%E6%8C%AB&sa=fyb_news&rsv_dl=fyb_news,https://fyb-1.cdn.bcebos.com/fyb/de6163834f53ca92c1273fff98ac9078.jpeg,百度热搜,实时热搜,realtime,,2026-09-15 03:18:02
46,荷兰弟登顶全球影史演员票房榜,据外媒报道，随着《蜘蛛侠：崭新之日》和《奥德赛》票房的持续上涨，“荷兰弟”汤姆·赫兰德（Tom Holland）成为全球影史票房最高的演员。,3603034,https://www.baidu.com/s?wd=%E8%8D%B7%E5%85%B0%E5%BC%9F%E7%99%BB%E9%A1%B6%E5%85%A8%E7%90%83%E5%BD%B1%E5%8F%B2%E6%BC%94%E5%91%98%E7%A5%A8%E6%88%BF%E6%A6%9C&sa=fyb_news&rsv_dl=fyb_news,https://fyb-2.cdn.bcebos.com/hotboard_image/6c7f9f3ee70f3a1d566b11ce48bfbafc,百度热搜,实时热搜,realtime,,2026-09-15 03:18:02
47,海南五指山特大暴雨,9月14日，海南五指山特大暴雨，打破当地观测史单日降水量纪录。河水暴涨，有车辆被冲走。五指山市14日上午继续发布暴雨红色预警。,3485699,https://www.baidu.com/s?wd=%E6%B5%B7%E5%8D%97%E4%BA%94%E6%8C%87%E5%B1%B1%E7%89%B9%E5%A4%A7%E6%9A%B4%E9%9B%A8&sa=fyb_news&rsv_dl=fyb_news,https://fyb-2.cdn.bcebos.com/hotboard_image/cbe68047751c38315ed985f71769b8a7,百度热搜,实时热搜,realtime,,2026-09-15 03:18:02
48,日本艺术家办展揭侵华日军暴行,,3416683,https://www.baidu.com/s?wd=%E6%97%A5%E6%9C%AC%E8%89%BA%E6%9C%AF%E5%AE%B6%E5%8A%9E%E5%B1%95%E6%8F%AD%E4%BE%B5%E5%8D%8E%E6%97%A5%E5%86%9B%E6%9A%B4%E8%A1%8C&sa=fyb_news&rsv_dl=fyb_news,https://fyb-1.cdn.bcebos.com/fyb/de6163834f53ca92c1273fff98ac9078.jpeg,百度热搜,实时热搜,realtime,,2026-09-15 03:18:02
49,电影撤档改期不如内容提质,刚刚过去的暑期档，国内多部新片因点映口碑或票房不理想选择撤档改期。此举不仅打乱院线排片规划与观众计划，更透支多方信任。文章指出，换档无法根治影片主题或制作等根本问题，片方打磨优质内容、强化核心竞争力才是立足市场的根本之道。,3337745,https://www.baidu.com/s?wd=%E7%94%B5%E5%BD%B1%E6%92%A4%E6%A1%A3%E6%94%B9%E6%9C%9F%E4%B8%8D%E5%A6%82%E5%86%85%E5%AE%B9%E6%8F%90%E8%B4%A8&sa=fyb_news&rsv_dl=fyb_news,https://fyb-2.cdn.bcebos.com/hotboard_image/902b519edae472826ece77f57e5efc00,百度热搜,实时热搜,realtime,,2026-09-15 03:18:02
50,邱毅：统一是必答题,,3197240,https://www.baidu.com/s?wd=%E9%82%B1%E6%AF%85%EF%BC%9A%E7%BB%9F%E4%B8%80%E6%98%AF%E5%BF%85%E7%AD%94%E9%A2%98&sa=fyb_news&rsv_dl=fyb_news,https://fyb-1.cdn.bcebos.com/fyb/de6163834f53ca92c1273fff98ac9078.jpeg,百度热搜,实时热搜,realtime,,2026-09-15 03:18:02
1,始终把人民生命安全放在首位,2026年汛期，我国多地遭遇持续性极端强降水过程，多处河流、水库遭遇险情，人民群众生命财产安全面临严峻考验。习近平总书记高度关注雨情、汛情、灾情，始终牵挂灾区群众安危，亲自部署、亲自指挥防汛抗洪救灾工作，多次主持召开重要会议、作出重要指示，要求“扎实做好防灾救灾各项工作，确保人民群众生命财产安全”。,7904104,https://www.baidu.com/s?wd=%E5%A7%8B%E7%BB%88%E6%8A%8A%E4%BA%BA%E6%B0%91%E7%94%9F%E5%91%BD%E5%AE%89%E5%85%A8%E6%94%BE%E5%9C%A8%E9%A6%96%E4%BD%8D&sa=fyb_news&rsv_dl=fyb_news,https://fyb-2.cdn.bcebos.com/hotboard_image/23498e790ec72673a3e3ee478372308e,百度热搜,实时热搜,realtime,,2026-09-15 04:20:51
2,广汽集团 资产重组,9月14日晚，广汽集团发布关于筹划重大资产重组事项的停牌公告。公司当日与一汽股份签署意向协议，拟以发行股份的方式收购一汽股份所持某整车合资公司部分股权，同时募集配套资金。据初步测算，本次交易完成后，一汽股份将成为广汽集团第二大股东，具备战略影响力。,7808160,https://www.baidu.com/s?wd=%E5%B9%BF%E6%B1%BD%E9%9B%86%E5%9B%A2+%E8%B5%84%E4%BA%A7%E9%87%8D%E7%BB%84&sa=fyb_news&rsv_dl=fyb_news,https://fyb-2.cdn.bcebos.com/hotboard_image/ea53c846994f3a5c43aee62636f55947,百度热搜,实时热搜,realtime,,2026-09-15 04:20:51
3,一车人买错票 游客建议车站改名,,7714348,https://www.baidu.com/s?wd=%E4%B8%80%E8%BD%A6%E4%BA%BA%E4%B9%B0%E9%94%99%E7%A5%A8+%E6%B8%B8%E5%AE%A2%E5%BB%BA%E8%AE%AE%E8%BD%A6%E7%AB%99%E6%94%B9%E5%90%8D&sa=fyb_news&rsv_dl=fyb_news,https://fyb-1.cdn.bcebos.com/fyb/de6163834f53ca92c1273fff98ac9078.jpeg,百度热搜,实时热搜,realtime,,2026-09-15 04:20:51
4,未来五年民生健康重磅规划,9月14日上午，国务院新闻办公室举行“开局起步‘十五五’”系列主题新闻发布会，国家卫生健康委、国家中医药局、国家疾控局等部门负责人介绍推动健康中国建设取得决定性进展有关情况。未来5年，要从“有”向“优”转变，我国将加快完善优质高效整合型医疗卫生服务体系，让更多群众在家门口看得上病、看得好病。,7617331,https://www.baidu.com/s?wd=%E6%9C%AA%E6%9D%A5%E4%BA%94%E5%B9%B4%E6%B0%91%E7%94%9F%E5%81%A5%E5%BA%B7%E9%87%8D%E7%A3%85%E8%A7%84%E5%88%92&sa=fyb_news&rsv_dl=fyb_news,https://fyb-2.cdn.bcebos.com/hotboard_image/b6b9209ffb8acbccaef38390b65fe2df,百度热搜,实时热搜,realtime,,2026-09-15 04:20:51
5,“喊坐下都算礼貌 要我就喊离婚”,9月12日，赵雷北京鸟巢演唱会上，前排一名男观众突然向女友求婚，女方激动站起，导致后排齐声高喊“坐下”。这段现场视频被发到社交媒体后，此事冲上热搜。更有人表态：“喊坐下都算礼貌，要我就喊离婚。”,7521309,https://www.baidu.com/s?wd=%E2%80%9C%E5%96%8A%E5%9D%90%E4%B8%8B%E9%83%BD%E7%AE%97%E7%A4%BC%E8%B2%8C+%E8%A6%81%E6%88%91%E5%B0%B1%E5%96%8A%E7%A6%BB%E5%A9%9A%E2%80%9D&sa=fyb_news&rsv_dl=fyb_news,https://fyb-2.cdn.bcebos.com/hotboard_image/1b54c00df40217351cbd810d888a0e22,百度热搜,实时热搜,realtime,,2026-09-15 04:20:51
6,大型企业拖欠账款见一个查一个,近年来，部分行业内卷式竞争加剧，大型企业拖欠中小企业账款问题凸显。为此，市场监管总局会同多部门部署2026年反不正当竞争执法专项行动，重点查处大型企业滥用优势地位拖欠中小企业账款行为，查实后将依法依规严厉处罚。,7428632,https://www.baidu.com/s?wd=%E5%A4%A7%E5%9E%8B%E4%BC%81%E4%B8%9A%E6%8B%96%E6%AC%A0%E8%B4%A6%E6%AC%BE%E8%A7%81%E4%B8%80%E4%B8%AA%E6%9F%A5%E4%B8%80%E4%B8%AA&sa=fyb_news&rsv_dl=fyb_news,https://fyb-2.cdn.bcebos.com/hotboard_image/8dd519ac672d45135bd3d6093ee0ad31,百度热搜,实时热搜,realtime,,2026-09-15 04:20:51
7,知名游戏老板百亿元天价离婚创纪录,近日，韩国首尔家庭法院对《穿越火线》开发商Smilegate创始人权赫彬与妻子李某离婚案作出一审判决。法院裁定权赫彬向李某转让35%股份，并支付约3.24亿元人民币现金，分割总额约127.25亿元人民币，创下韩国公开离婚案新高。,7329057,https://www.baidu.com/s?wd=%E7%9F%A5%E5%90%8D%E6%B8%B8%E6%88%8F%E8%80%81%E6%9D%BF%E7%99%BE%E4%BA%BF%E5%85%83%E5%A4%A9%E4%BB%B7%E7%A6%BB%E5%A9%9A%E5%88%9B%E7%BA%AA%E5%BD%95&sa=fyb_news&rsv_dl=fyb_news,https://fyb-2.cdn.bcebos.com/hotboard_image/d798836f59b0590683723d1c1f5207ac,百度热搜,实时热搜,realtime,,2026-09-15 04:20:51
8,近20省份公布社保缴费新基数,截至9月14日，已有近20个省级地区公布2026年度企业职工社会保险缴费基数上下限。今年北京、上海、湖南等地缴费基数下限继续上调，但涨幅有所收窄。上下限提高不意味着所有人社保费都多扣，是否多交取决于本人缴费基数和参保险种。,7237877,https://www.baidu.com/s?wd=%E8%BF%9120%E7%9C%81%E4%BB%BD%E5%85%AC%E5%B8%83%E7%A4%BE%E4%BF%9D%E7%BC%B4%E8%B4%B9%E6%96%B0%E5%9F%BA%E6%95%B0&sa=fyb_news&rsv_dl=fyb_news,https://fyb-2.cdn.bcebos.com/hotboard_image/ccadab26937d1bd0bda35545bea28996,百度热搜,实时热搜,realtime,,2026-09-15 04:20:51
9,苹果回应iPhone18Pro破发,9月14日，某电商平台显示256G的iPhone 18 Pro售价降至9099元，较官网直降900元。苹果官方客服对此回应称，第三方渠道有定价权，可能有平台补贴或店铺优惠，官方不会去干预，每年新机上市后渠道价格都会因供需关系波动。,7141259,https://www.baidu.com/s?wd=%E8%8B%B9%E6%9E%9C%E5%9B%9E%E5%BA%94iPhone18Pro%E7%A0%B4%E5%8F%91&sa=fyb_news&rsv_dl=fyb_news,https://fyb-2.cdn.bcebos.com/hotboard_image/c24c9393a8189ab4edf8e35d21877f54,百度热搜,实时热搜,realtime,,2026-09-15 04:20:51
10,全球最大每周车展创始人车祸身亡,,7039695,https://www.baidu.com/s?wd=%E5%85%A8%E7%90%83%E6%9C%80%E5%A4%A7%E6%AF%8F%E5%91%A8%E8%BD%A6%E5%B1%95%E5%88%9B%E5%A7%8B%E4%BA%BA%E8%BD%A6%E7%A5%B8%E8%BA%AB%E4%BA%A1&sa=fyb_news&rsv_dl=fyb_news,https://fyb-1.cdn.bcebos.com/fyb/de6163834f53ca92c1273fff98ac9078.jpeg,百度热搜,实时热搜,realtime,,2026-09-15 04:20:51
11,李玉刚当选吉林文联兼职副主席,9月12日至9月13日，在吉林省文联第十次代表大会上，李玉刚当选第十届吉林省文联兼职副主席。李玉刚在采访中回应：内心十分激动，多年致力于国风艺术传承和发展，未来也会多多回到家乡，未来有更多机会助力家乡艺术人才发展。,6946791,https://www.baidu.com/s?wd=%E6%9D%8E%E7%8E%89%E5%88%9A%E5%BD%93%E9%80%89%E5%90%89%E6%9E%97%E6%96%87%E8%81%94%E5%85%BC%E8%81%8C%E5%89%AF%E4%B8%BB%E5%B8%AD&sa=fyb_news&rsv_dl=fyb_news,https://fyb-2.cdn.bcebos.com/hotboard_image/cdc76b6213bd9db35ac94b83fed67c1d,百度热搜,实时热搜,realtime,,2026-09-15 04:20:51
12,停止资助学生后反遭威胁系造谣,近日，网传男子终止资助女学生遭对方威胁一事引发热议，嘉峪关公安通报，该内容系网民姚某某编造博流量，案件正在侦办中。,6857131,https://www.baidu.com/s?wd=%E5%81%9C%E6%AD%A2%E8%B5%84%E5%8A%A9%E5%AD%A6%E7%94%9F%E5%90%8E%E5%8F%8D%E9%81%AD%E5%A8%81%E8%83%81%E7%B3%BB%E9%80%A0%E8%B0%A3&sa=fyb_news&rsv_dl=fyb_news,https://fyb-2.cdn.bcebos.com/hotboard_image/0590601230bd2fba9a9ce5e9e1b802e1,百度热搜,实时热搜,realtime,,2026-09-15 04:20:51
13,海南多地停课,9月14日，受热带低压影响，海南多地遭遇强降雨。目前，海南已有13市县发布停课通知，具体包括三亚、定安、临高、乐东、五指山、陵水、琼海、保亭、琼中、万宁、屯昌、白沙、澄迈。,6760003,https://www.baidu.com/s?wd=%E6%B5%B7%E5%8D%97%E5%A4%9A%E5%9C%B0%E5%81%9C%E8%AF%BE&sa=fyb_news&rsv_dl=fyb_news,https://fyb-2.cdn.bcebos.com/hotboard_image/25a016b6cd6026fe7c3e48085e28da9b,百度热搜,实时热搜,realtime,,2026-09-15 04:20:51
14,敬一丹多张生前照片公布,14日晚，敬一丹公众账号发布视频回顾敬一丹生平，公布多张旧照。视频记录了她从1955年出生、就读北京广播学院，到主持《焦点访谈》《感动中国》，再到2026年6月最后一次面对镜头的人生轨迹。,6655421,https://www.baidu.com/s?wd=%E6%95%AC%E4%B8%80%E4%B8%B9%E5%A4%9A%E5%BC%A0%E7%94%9F%E5%89%8D%E7%85%A7%E7%89%87%E5%85%AC%E5%B8%83&sa=fyb_news&rsv_dl=fyb_news,https://fyb-2.cdn.bcebos.com/hotboard_image/9057a36f36fb68a991bb99270f44ce82,百度热搜,实时热搜,realtime,,2026-09-15 04:20:51
15,云南普洱地震,据中国地震台网正式测定，9月14日17时7分在云南普洱市墨江县发生4.5级地震，震源深度10公里，震中位于北纬23.15度，东经101.61度。,6564236,https://www.baidu.com/s?wd=%E4%BA%91%E5%8D%97%E6%99%AE%E6%B4%B1%E5%9C%B0%E9%9C%87&sa=fyb_news&rsv_dl=fyb_news,https://fyb-2.cdn.bcebos.com/hotboard_image/d73aaf6bf0f7d394aadfbe213fb74c24,百度热搜,实时热搜,realtime,,2026-09-15 04:20:51
16,王曼昱反超孙颖莎登顶女单世界第一,9月14日，国际乒联第38周排名更新，王曼昱以9115分反超孙颖莎的8975分，职业生涯首次登顶女单世界第一。,6466749,https://www.baidu.com/s?wd=%E7%8E%8B%E6%9B%BC%E6%98%B1%E5%8F%8D%E8%B6%85%E5%AD%99%E9%A2%96%E8%8E%8E%E7%99%BB%E9%A1%B6%E5%A5%B3%E5%8D%95%E4%B8%96%E7%95%8C%E7%AC%AC%E4%B8%80&sa=fyb_news&rsv_dl=fyb_news,https://fyb-2.cdn.bcebos.com/hotboard_image/ad21888f442269a4baeb30d91700078d,百度热搜,实时热搜,realtime,,2026-09-15 04:20:51
17,中国球员吕孟洋加盟西班牙人,9月14日，皇家西班牙人足球俱乐部宣布，中国球员吕孟洋加入球队青训体系，将代表西班牙人青年B队出战比赛。,6376404,https://www.baidu.com/s?wd=%E4%B8%AD%E5%9B%BD%E7%90%83%E5%91%98%E5%90%95%E5%AD%9F%E6%B4%8B%E5%8A%A0%E7%9B%9F%E8%A5%BF%E7%8F%AD%E7%89%99%E4%BA%BA&sa=fyb_news&rsv_dl=fyb_news,https://fyb-2.cdn.bcebos.com/hotboard_image/5c3b53c52d937d3b7ffe05607b7a1961,百度热搜,实时热搜,realtime,,2026-09-15 04:20:51
18,黄河边约会后失踪女孩遗体已火化,河南新乡一位19岁女孩今年6月与男友黄河边约会后失踪，遗体7月在开封水域被发现，尸检认定溺水身亡，遗体已于9月12日火化。警方审查后不予立案，女孩母亲对此存疑，计划就不予立案申请复议。,6280779,https://www.baidu.com/s?wd=%E9%BB%84%E6%B2%B3%E8%BE%B9%E7%BA%A6%E4%BC%9A%E5%90%8E%E5%A4%B1%E8%B8%AA%E5%A5%B3%E5%AD%A9%E9%81%97%E4%BD%93%E5%B7%B2%E7%81%AB%E5%8C%96&sa=fyb_news&rsv_dl=fyb_news,https://fyb-2.cdn.bcebos.com/hotboard_image/2bc9cdfe2d3af3574c9d1f96d75a6efe,百度热搜,实时热搜,realtime,,2026-09-15 04:20:51
19,王一博代言疑涉虚假宣传？品牌方回应,9月14日，“王一博新代言疑似涉嫌虚假宣传”相关话题冲上热搜。蓝芩品牌方当晚回应称相关言论属于造谣诋毁，已经报警。蓝芩表示产品为普通食品，抽检合格，网传处罚信息不实，将通过法律维权。,6181406,https://www.baidu.com/s?wd=%E7%8E%8B%E4%B8%80%E5%8D%9A%E4%BB%A3%E8%A8%80%E7%96%91%E6%B6%89%E8%99%9A%E5%81%87%E5%AE%A3%E4%BC%A0%EF%BC%9F%E5%93%81%E7%89%8C%E6%96%B9%E5%9B%9E%E5%BA%94&sa=fyb_news&rsv_dl=fyb_news,https://fyb-2.cdn.bcebos.com/hotboard_image/8bea31bcc5cff3f718192f4065608827,百度热搜,实时热搜,realtime,,2026-09-15 04:20:51
20,演唱会求婚 别把没素质当仪式感,9月12日，赵雷北京鸟巢演唱会上，前排一名男观众突然向女友求婚，女方激动站起，导致后排齐声高喊“坐下”。此前两人还向周围观众撒喜糖，保安介入制止。演唱会求婚，别把没素质当仪式感。,6087154,https://www.baidu.com/s?wd=%E6%BC%94%E5%94%B1%E4%BC%9A%E6%B1%82%E5%A9%9A+%E5%88%AB%E6%8A%8A%E6%B2%A1%E7%B4%A0%E8%B4%A8%E5%BD%93%E4%BB%AA%E5%BC%8F%E6%84%9F&sa=fyb_news&rsv_dl=fyb_news,https://fyb-2.cdn.bcebos.com/hotboard_image/8e5c428286064ce4b9215d6ae164fca3,百度热搜,实时热搜,realtime,,2026-09-15 04:20:51
21,浙江省委书记省长带头捐款,9月14日下午，浙江省委书记王浩、省长刘捷等省领导参加“慈善一日捐”活动并带头捐款。此前，该活动在浙江已延续多年，自2021年起每年省四套班子领导均带头捐款。,5996838,https://www.baidu.com/s?wd=%E6%B5%99%E6%B1%9F%E7%9C%81%E5%A7%94%E4%B9%A6%E8%AE%B0%E7%9C%81%E9%95%BF%E5%B8%A6%E5%A4%B4%E6%8D%90%E6%AC%BE&sa=fyb_news&rsv_dl=fyb_news,https://fyb-2.cdn.bcebos.com/hotboard_image/25ea9c64c5b928a1c918cc6c880a2d7e,百度热搜,实时热搜,realtime,,2026-09-15 04:20:51
22,侄女帮小姨挡催婚 金句频出,,5895701,https://www.baidu.com/s?wd=%E4%BE%84%E5%A5%B3%E5%B8%AE%E5%B0%8F%E5%A7%A8%E6%8C%A1%E5%82%AC%E5%A9%9A+%E9%87%91%E5%8F%A5%E9%A2%91%E5%87%BA&sa=fyb_news&rsv_dl=fyb_news,https://fyb-1.cdn.bcebos.com/fyb/de6163834f53ca92c1273fff98ac9078.jpeg,百度热搜,实时热搜,realtime,,2026-09-15 04:20:51
23,3000元一针的“尸皮针”火了,3000多元一针、被网友称作“尸皮针”的Re2O在韩国医美圈走红。这款产品由已故捐献者皮肤经脱细胞处理制成细胞外基质，宣称可淡化细纹、抗衰嫩肤，已在韩、日、新加坡上市，为生产商带来可观营收。不少赴韩求美者体验后，称皮肤状态有所改善。,5797815,https://www.baidu.com/s?wd=3000%E5%85%83%E4%B8%80%E9%92%88%E7%9A%84%E2%80%9C%E5%B0%B8%E7%9A%AE%E9%92%88%E2%80%9D%E7%81%AB%E4%BA%86&sa=fyb_news&rsv_dl=fyb_news,https://fyb-2.cdn.bcebos.com/hotboard_image/dba8458af38338b11d4cbb17d79f125c,百度热搜,实时热搜,realtime,,2026-09-15 04:20:51
24,业主空置房被物业擅自打开堆杂物,,5694178,https://www.baidu.com/s?wd=%E4%B8%9A%E4%B8%BB%E7%A9%BA%E7%BD%AE%E6%88%BF%E8%A2%AB%E7%89%A9%E4%B8%9A%E6%93%85%E8%87%AA%E6%89%93%E5%BC%80%E5%A0%86%E6%9D%82%E7%89%A9&sa=fyb_news&rsv_dl=fyb_news,https://fyb-1.cdn.bcebos.com/fyb/de6163834f53ca92c1273fff98ac9078.jpeg,百度热搜,实时热搜,realtime,,2026-09-15 04:20:51
25,申聪称梅姨认为自己在做好人好事,9月14日，被拐孩子申聪接受采访称，从律师阅卷得知人贩子梅姨并无悔意，自认是在做好人好事、帮孩子找家。申聪认为这是狡辩逃避，他和父亲已对梅姨提起刑事附带民事诉讼，开庭时他会到场。,5621228,https://www.baidu.com/s?wd=%E7%94%B3%E8%81%AA%E7%A7%B0%E6%A2%85%E5%A7%A8%E8%AE%A4%E4%B8%BA%E8%87%AA%E5%B7%B1%E5%9C%A8%E5%81%9A%E5%A5%BD%E4%BA%BA%E5%A5%BD%E4%BA%8B&sa=fyb_news&rsv_dl=fyb_news,https://fyb-2.cdn.bcebos.com/hotboard_image/7ae380ee5693fe22cb7579bbec9159b1,百度热搜,实时热搜,realtime,,2026-09-15 04:20:51
26,海南万宁出现龙卷风,9月14日，受强对流天气影响，海南省万宁市遭遇龙卷风袭击，现场不少树木被吹倒。,5523053,https://www.baidu.com/s?wd=%E6%B5%B7%E5%8D%97%E4%B8%87%E5%AE%81%E5%87%BA%E7%8E%B0%E9%BE%99%E5%8D%B7%E9%A3%8E&sa=fyb_news&rsv_dl=fyb_news,https://fyb-2.cdn.bcebos.com/hotboard_image/de115f92ccfdc9de413317a0298dba31,百度热搜,实时热搜,realtime,,2026-09-15 04:20:51
27,多城楼盘“抱团涨价”,9月1日，成都、广州等地多家房企传出收回折扣或上调价格通知。此前，“8·28新政”落地后，上海、广州、深圳等城市部分楼盘相继传出涨价消息。分析指出，此轮涨价多为收回1%至3%优惠，实为开发商借政策窗口制造“再不买就涨”预期的试探性营销，而非市场全面反转。,5415503,https://www.baidu.com/s?wd=%E5%A4%9A%E5%9F%8E%E6%A5%BC%E7%9B%98%E2%80%9C%E6%8A%B1%E5%9B%A2%E6%B6%A8%E4%BB%B7%E2%80%9D&sa=fyb_news&rsv_dl=fyb_news,https://fyb-2.cdn.bcebos.com/hotboard_image/8b3296e357f6bf2acadab28b4d7c9566,百度热搜,实时热搜,realtime,,2026-09-15 04:20:51
28,韩剧男主回应长得丑,据9月14日网友爆料，韩剧《杀手妈咪》男主郑准元在终映采访中，回应外界关于他外貌的争议。他坦言听到别人说自己长得丑心里不会舒服，但并未回避争议或刻意卖惨，认为这是自己需要承受的评价，相关发言引发网友关注。,5333779,https://www.baidu.com/s?wd=%E9%9F%A9%E5%89%A7%E7%94%B7%E4%B8%BB%E5%9B%9E%E5%BA%94%E9%95%BF%E5%BE%97%E4%B8%91&sa=fyb_news&rsv_dl=fyb_news,https://fyb-2.cdn.bcebos.com/hotboard_image/000f0d95331a8bb63e31de12dbedb145,百度热搜,实时热搜,realtime,,2026-09-15 04:20:51
29,60个手机号挂名下 男子14年后才发现,,5215992,https://www.baidu.com/s?wd=60%E4%B8%AA%E6%89%8B%E6%9C%BA%E5%8F%B7%E6%8C%82%E5%90%8D%E4%B8%8B+%E7%94%B7%E5%AD%9014%E5%B9%B4%E5%90%8E%E6%89%8D%E5%8F%91%E7%8E%B0&sa=fyb_news&rsv_dl=fyb_news,https://fyb-1.cdn.bcebos.com/fyb/de6163834f53ca92c1273fff98ac9078.jpeg,百度热搜,实时热搜,realtime,,2026-09-15 04:20:51
30,于东来回应新员工实行四年合同制,9月14日晚，于东来发文回应“胖东来新员工实行四年合同制”。于东来表示，胖东来企业的目标是培养更多懂得科学轻松健康生活的群体、从而带动更多人们实现轻松快乐幸福的生活，未来四年合同制学员也是这个目的，大家不要误解，关于工作和劳资方面严格按照劳动法执行。,5127496,https://www.baidu.com/s?wd=%E4%BA%8E%E4%B8%9C%E6%9D%A5%E5%9B%9E%E5%BA%94%E6%96%B0%E5%91%98%E5%B7%A5%E5%AE%9E%E8%A1%8C%E5%9B%9B%E5%B9%B4%E5%90%88%E5%90%8C%E5%88%B6&sa=fyb_news&rsv_dl=fyb_news,https://fyb-2.cdn.bcebos.com/hotboard_image/393091fc2bb67b234c72914022e8b94f,百度热搜,实时热搜,realtime,,2026-09-15 04:20:51
31,海南暴雨,,5022440,https://www.baidu.com/s?wd=%E6%B5%B7%E5%8D%97%E6%9A%B4%E9%9B%A8&sa=fyb_news&rsv_dl=fyb_news,https://fyb-1.cdn.bcebos.com/fyb/de6163834f53ca92c1273fff98ac9078.jpeg,百度热搜,实时热搜,realtime,,2026-09-15 04:20:51
32,小孩哥解锁泡面盖“传送带”式吃法,,4934991,https://www.baidu.com/s?wd=%E5%B0%8F%E5%AD%A9%E5%93%A5%E8%A7%A3%E9%94%81%E6%B3%A1%E9%9D%A2%E7%9B%96%E2%80%9C%E4%BC%A0%E9%80%81%E5%B8%A6%E2%80%9D%E5%BC%8F%E5%90%83%E6%B3%95&sa=fyb_news&rsv_dl=fyb_news,https://fyb-1.cdn.bcebos.com/fyb/de6163834f53ca92c1273fff98ac9078.jpeg,百度热搜,实时热搜,realtime,,2026-09-15 04:20:51
33,亚运开门红 中国女足5比1中国香港,,4854265,https://www.baidu.com/s?wd=%E4%BA%9A%E8%BF%90%E5%BC%80%E9%97%A8%E7%BA%A2+%E4%B8%AD%E5%9B%BD%E5%A5%B3%E8%B6%B35%E6%AF%941%E4%B8%AD%E5%9B%BD%E9%A6%99%E6%B8%AF&sa=fyb_news&rsv_dl=fyb_news,https://fyb-1.cdn.bcebos.com/fyb/de6163834f53ca92c1273fff98ac9078.jpeg,百度热搜,实时热搜,realtime,,2026-09-15 04:20:51
34,农村大集上 人大代表“摆了个摊儿”,,4733444,https://www.baidu.com/s?wd=%E5%86%9C%E6%9D%91%E5%A4%A7%E9%9B%86%E4%B8%8A+%E4%BA%BA%E5%A4%A7%E4%BB%A3%E8%A1%A8%E2%80%9C%E6%91%86%E4%BA%86%E4%B8%AA%E6%91%8A%E5%84%BF%E2%80%9D&sa=fyb_news&rsv_dl=fyb_news,https://fyb-1.cdn.bcebos.com/fyb/de6163834f53ca92c1273fff98ac9078.jpeg,百度热搜,实时热搜,realtime,,2026-09-15 04:20:51
35,韩方吐槽名古屋亚运会住宿史上最差,即将于本周开幕的爱知·名古屋亚运会，陷入住宿风波。韩国篮球协会副会长郑在勇吐槽球员住宿条件“史上最差”，指出存在厕所漏水、床铺太短及被迫住邮轮等问题。,4645756,https://www.baidu.com/s?wd=%E9%9F%A9%E6%96%B9%E5%90%90%E6%A7%BD%E5%90%8D%E5%8F%A4%E5%B1%8B%E4%BA%9A%E8%BF%90%E4%BC%9A%E4%BD%8F%E5%AE%BF%E5%8F%B2%E4%B8%8A%E6%9C%80%E5%B7%AE&sa=fyb_news&rsv_dl=fyb_news,https://fyb-2.cdn.bcebos.com/hotboard_image/02a7627f7b61409cd403881be8954be0,百度热搜,实时热搜,realtime,,2026-09-15 04:20:51
36,金星伴月,9月14日晚，全国多地夜空上演“金星伴月”浪漫天象。天气晴好区域，无需借助专业设备，仅凭肉眼便能观赏到明亮金星与蛾眉月近距离相依的画面。,4561042,https://www.baidu.com/s?wd=%E9%87%91%E6%98%9F%E4%BC%B4%E6%9C%88&sa=fyb_news&rsv_dl=fyb_news,https://fyb-2.cdn.bcebos.com/hotboard_image/fae7592de8eab3d5a3ac1ca2616784d4,百度热搜,实时热搜,realtime,,2026-09-15 04:20:51
37,海南五指山特大暴雨,9月14日，海南五指山特大暴雨，打破当地观测史单日降水量纪录。河水暴涨，有车辆被冲走。五指山市14日上午继续发布暴雨红色预警。,4464931,https://www.baidu.com/s?wd=%E6%B5%B7%E5%8D%97%E4%BA%94%E6%8C%87%E5%B1%B1%E7%89%B9%E5%A4%A7%E6%9A%B4%E9%9B%A8&sa=fyb_news&rsv_dl=fyb_news,https://fyb-2.cdn.bcebos.com/hotboard_image/cbe68047751c38315ed985f71769b8a7,百度热搜,实时热搜,realtime,,2026-09-15 04:20:51
38,宠物猫坠亡 家政工赔15750元,,4365963,https://www.baidu.com/s?wd=%E5%AE%A0%E7%89%A9%E7%8C%AB%E5%9D%A0%E4%BA%A1+%E5%AE%B6%E6%94%BF%E5%B7%A5%E8%B5%9415750%E5%85%83&sa=fyb_news&rsv_dl=fyb_news,https://fyb-1.cdn.bcebos.com/fyb/de6163834f53ca92c1273fff98ac9078.jpeg,百度热搜,实时热搜,realtime,,2026-09-15 04:20:51
39,小学改养老院不是“换块牌子”就行,据媒体报道，各地正加快盘活闲置校舍资源，不少闲置小学被改造为养老院、养老中心、长者食堂等场所。不过，校舍改建养老机构并非简单“换块牌子”，需要在适老标准、服务质量、可持续运营等方面因地制宜、精细打磨。,4253398,https://www.baidu.com/s?wd=%E5%B0%8F%E5%AD%A6%E6%94%B9%E5%85%BB%E8%80%81%E9%99%A2%E4%B8%8D%E6%98%AF%E2%80%9C%E6%8D%A2%E5%9D%97%E7%89%8C%E5%AD%90%E2%80%9D%E5%B0%B1%E8%A1%8C&sa=fyb_news&rsv_dl=fyb_news,https://fyb-2.cdn.bcebos.com/hotboard_image/1d30f82f539c0d6820852676d733f8c9,百度热搜,实时热搜,realtime,,2026-09-15 04:20:51
40,卫健委：提倡大家多喝白开水淡茶水,9月14日，国家卫健委主任雷海潮在国新办发布会上介绍健康中国建设情况。他提到，国内居民高盐高糖高油饮食普遍，每日添加糖摄入建议控制在25克以内，单瓶500毫升含糖饮料含糖量就可能达到这一上限，建议大家多喝白开水、淡茶水。,4193082,https://www.baidu.com/s?wd=%E5%8D%AB%E5%81%A5%E5%A7%94%EF%BC%9A%E6%8F%90%E5%80%A1%E5%A4%A7%E5%AE%B6%E5%A4%9A%E5%96%9D%E7%99%BD%E5%BC%80%E6%B0%B4%E6%B7%A1%E8%8C%B6%E6%B0%B4&sa=fyb_news&rsv_dl=fyb_news,https://fyb-2.cdn.bcebos.com/hotboard_image/afcfeab3b3ded62251233629862c08f1,百度热搜,实时热搜,realtime,,2026-09-15 04:20:51
41,基层干部下班“卧底”外卖员,呼和浩特基层干部冯文超，下班兼职外卖员“卧底”两个多月，配送超2600单，排名稳居前15%。他亲身感受骑手难处并记录问题，推动多项便民举措落地，面对外界质疑，他表示做事无愧人民。,4063693,https://www.baidu.com/s?wd=%E5%9F%BA%E5%B1%82%E5%B9%B2%E9%83%A8%E4%B8%8B%E7%8F%AD%E2%80%9C%E5%8D%A7%E5%BA%95%E2%80%9D%E5%A4%96%E5%8D%96%E5%91%98&sa=fyb_news&rsv_dl=fyb_news,https://fyb-2.cdn.bcebos.com/hotboard_image/d91b0353b2131794b9e84ab24063f9d4,百度热搜,实时热搜,realtime,,2026-09-15 04:20:51
42,家长称3000生活费够吃饭还能点外卖,9月13日，开学季“大学生每月3000生活费够不够”话题引发热议。记者在浙江传媒学院新生报到现场采访得知，一位大一新生家长给其3000元/月生活费，因已了解每天三四餐花费，特将点外卖的费用也算在里面。,3991432,https://www.baidu.com/s?wd=%E5%AE%B6%E9%95%BF%E7%A7%B03000%E7%94%9F%E6%B4%BB%E8%B4%B9%E5%A4%9F%E5%90%83%E9%A5%AD%E8%BF%98%E8%83%BD%E7%82%B9%E5%A4%96%E5%8D%96&sa=fyb_news&rsv_dl=fyb_news,https://fyb-2.cdn.bcebos.com/hotboard_image/2d7fa97b6b291a99627dee928f8857a8,百度热搜,实时热搜,realtime,,2026-09-15 04:20:51
43,杭州机器人交警中队完成升级,,3885712,https://www.baidu.com/s?wd=%E6%9D%AD%E5%B7%9E%E6%9C%BA%E5%99%A8%E4%BA%BA%E4%BA%A4%E8%AD%A6%E4%B8%AD%E9%98%9F%E5%AE%8C%E6%88%90%E5%8D%87%E7%BA%A7&sa=fyb_news&rsv_dl=fyb_news,https://fyb-1.cdn.bcebos.com/fyb/de6163834f53ca92c1273fff98ac9078.jpeg,百度热搜,实时热搜,realtime,,2026-09-15 04:20:51
44,日本艺术家办展揭侵华日军暴行,,3775988,https://www.baidu.com/s?wd=%E6%97%A5%E6%9C%AC%E8%89%BA%E6%9C%AF%E5%AE%B6%E5%8A%9E%E5%B1%95%E6%8F%AD%E4%BE%B5%E5%8D%8E%E6%97%A5%E5%86%9B%E6%9A%B4%E8%A1%8C&sa=fyb_news&rsv_dl=fyb_news,https://fyb-1.cdn.bcebos.com/fyb/de6163834f53ca92c1273fff98ac9078.jpeg,百度热搜,实时热搜,realtime,,2026-09-15 04:20:51
45,中国男篮大胜菲律宾44分 小组出线,9月14日，亚运会小组赛最后一场对阵菲律宾男篮，中国男篮105-61完成大胜小组头名晋级。,3707297,https://www.baidu.com/s?wd=%E4%B8%AD%E5%9B%BD%E7%94%B7%E7%AF%AE%E5%A4%A7%E8%83%9C%E8%8F%B2%E5%BE%8B%E5%AE%BE44%E5%88%86+%E5%B0%8F%E7%BB%84%E5%87%BA%E7%BA%BF&sa=fyb_news&rsv_dl=fyb_news,https://fyb-2.cdn.bcebos.com/hotboard_image/65c0af6e83c2fa4c4d7fc51135465e28,百度热搜,实时热搜,realtime,,2026-09-15 04:20:51
46,国产AI短片 最不像AI的AI神作,9月6日，B站UP主DiDi_OK凭借AI短片《网站》，在2026年威尼斯Reply AI Film Festival中斩获两项大奖，从3100部作品中脱颖而出。该作被观众称为“最不像AI的AI神作”，获郭帆点赞。,3604160,https://www.baidu.com/s?wd=%E5%9B%BD%E4%BA%A7AI%E7%9F%AD%E7%89%87+%E6%9C%80%E4%B8%8D%E5%83%8FAI%E7%9A%84AI%E7%A5%9E%E4%BD%9C&sa=fyb_news&rsv_dl=fyb_news,https://fyb-2.cdn.bcebos.com/hotboard_image/4586ffb935d2a8a2bd4496f4a406af89,百度热搜,实时热搜,realtime,,2026-09-15 04:20:51
47,王老吉回应新品被指抄袭,,3493150,https://www.baidu.com/s?wd=%E7%8E%8B%E8%80%81%E5%90%89%E5%9B%9E%E5%BA%94%E6%96%B0%E5%93%81%E8%A2%AB%E6%8C%87%E6%8A%84%E8%A2%AD&sa=fyb_news&rsv_dl=fyb_news,https://fyb-1.cdn.bcebos.com/fyb/de6163834f53ca92c1273fff98ac9078.jpeg,百度热搜,实时热搜,realtime,,2026-09-15 04:20:51
48,电影撤档改期不如内容提质,刚刚过去的暑期档，国内多部新片因点映口碑或票房不理想选择撤档改期。此举不仅打乱院线排片规划与观众计划，更透支多方信任。文章指出，换档无法根治影片主题或制作等根本问题，片方打磨优质内容、强化核心竞争力才是立足市场的根本之道。,3388638,https://www.baidu.com/s?wd=%E7%94%B5%E5%BD%B1%E6%92%A4%E6%A1%A3%E6%94%B9%E6%9C%9F%E4%B8%8D%E5%A6%82%E5%86%85%E5%AE%B9%E6%8F%90%E8%B4%A8&sa=fyb_news&rsv_dl=fyb_news,https://fyb-2.cdn.bcebos.com/hotboard_image/902b519edae472826ece77f57e5efc00,百度热搜,实时热搜,realtime,,2026-09-15 04:20:51
49,四川所有高校不许连放13天假系谣言,,3328778,https://www.baidu.com/s?wd=%E5%9B%9B%E5%B7%9D%E6%89%80%E6%9C%89%E9%AB%98%E6%A0%A1%E4%B8%8D%E8%AE%B8%E8%BF%9E%E6%94%BE13%E5%A4%A9%E5%81%87%E7%B3%BB%E8%B0%A3%E8%A8%80&sa=fyb_news&rsv_dl=fyb_news,https://fyb-1.cdn.bcebos.com/fyb/de6163834f53ca92c1273fff98ac9078.jpeg,百度热搜,实时热搜,realtime,,2026-09-15 04:20:51
50,纳指低开 AI硬件产业链股票大幅下挫,,3212547,https://www.baidu.com/s?wd=%E7%BA%B3%E6%8C%87%E4%BD%8E%E5%BC%80+AI%E7%A1%AC%E4%BB%B6%E4%BA%A7%E4%B8%9A%E9%93%BE%E8%82%A1%E7%A5%A8%E5%A4%A7%E5%B9%85%E4%B8%8B%E6%8C%AB&sa=fyb_news&rsv_dl=fyb_news,https://fyb-1.cdn.bcebos.com/fyb/de6163834f53ca92c1273fff98ac9078.jpeg,百度热搜,实时热搜,realtime,,2026-09-15 04:20:51
1,始终把人民生命安全放在首位,2026年汛期，我国多地遭遇持续性极端强降水过程，多处河流、水库遭遇险情，人民群众生命财产安全面临严峻考验。习近平总书记高度关注雨情、汛情、灾情，始终牵挂灾区群众安危，亲自部署、亲自指挥防汛抗洪救灾工作，多次主持召开重要会议、作出重要指示，要求“扎实做好防灾救灾各项工作，确保人民群众生命财产安全”。,7904832,https://www.baidu.com/s?wd=%E5%A7%8B%E7%BB%88%E6%8A%8A%E4%BA%BA%E6%B0%91%E7%94%9F%E5%91%BD%E5%AE%89%E5%85%A8%E6%94%BE%E5%9C%A8%E9%A6%96%E4%BD%8D&sa=fyb_news&rsv_dl=fyb_news,https://fyb-2.cdn.bcebos.com/hotboard_image/23498e790ec72673a3e3ee478372308e,百度热搜,实时热搜,realtime,,2026-09-15 05:17:59
2,广汽集团 资产重组,9月14日晚，广汽集团发布关于筹划重大资产重组事项的停牌公告。公司当日与一汽股份签署意向协议，拟以发行股份的方式收购一汽股份所持某整车合资公司部分股权，同时募集配套资金。据初步测算，本次交易完成后，一汽股份将成为广汽集团第二大股东，具备战略影响力。,7809341,https://www.baidu.com/s?wd=%E5%B9%BF%E6%B1%BD%E9%9B%86%E5%9B%A2+%E8%B5%84%E4%BA%A7%E9%87%8D%E7%BB%84&sa=fyb_news&rsv_dl=fyb_news,https://fyb-2.cdn.bcebos.com/hotboard_image/ea53c846994f3a5c43aee62636f55947,百度热搜,实时热搜,realtime,,2026-09-15 05:17:59
3,一车人买错票 游客建议车站改名,,7714148,https://www.baidu.com/s?wd=%E4%B8%80%E8%BD%A6%E4%BA%BA%E4%B9%B0%E9%94%99%E7%A5%A8+%E6%B8%B8%E5%AE%A2%E5%BB%BA%E8%AE%AE%E8%BD%A6%E7%AB%99%E6%94%B9%E5%90%8D&sa=fyb_news&rsv_dl=fyb_news,https://fyb-1.cdn.bcebos.com/fyb/de6163834f53ca92c1273fff98ac9078.jpeg,百度热搜,实时热搜,realtime,,2026-09-15 05:17:59
4,未来五年民生健康重磅规划,9月14日上午，国务院新闻办公室举行“开局起步‘十五五’”系列主题新闻发布会，国家卫生健康委、国家中医药局、国家疾控局等部门负责人介绍推动健康中国建设取得决定性进展有关情况。未来5年，要从“有”向“优”转变，我国将加快完善优质高效整合型医疗卫生服务体系，让更多群众在家门口看得上病、看得好病。,7618442,https://www.baidu.com/s?wd=%E6%9C%AA%E6%9D%A5%E4%BA%94%E5%B9%B4%E6%B0%91%E7%94%9F%E5%81%A5%E5%BA%B7%E9%87%8D%E7%A3%85%E8%A7%84%E5%88%92&sa=fyb_news&rsv_dl=fyb_news,https://fyb-2.cdn.bcebos.com/hotboard_image/b6b9209ffb8acbccaef38390b65fe2df,百度热搜,实时热搜,realtime,,2026-09-15 05:17:59
5,“喊坐下都算礼貌 要我就喊离婚”,9月12日，赵雷北京鸟巢演唱会上，前排一名男观众突然向女友求婚，女方激动站起，导致后排齐声高喊“坐下”。这段现场视频被发到社交媒体后，此事冲上热搜。更有人表态：“喊坐下都算礼貌，要我就喊离婚。”,7522789,https://www.baidu.com/s?wd=%E2%80%9C%E5%96%8A%E5%9D%90%E4%B8%8B%E9%83%BD%E7%AE%97%E7%A4%BC%E8%B2%8C+%E8%A6%81%E6%88%91%E5%B0%B1%E5%96%8A%E7%A6%BB%E5%A9%9A%E2%80%9D&sa=fyb_news&rsv_dl=fyb_news,https://fyb-2.cdn.bcebos.com/hotboard_image/1b54c00df40217351cbd810d888a0e22,百度热搜,实时热搜,realtime,,2026-09-15 05:17:59
6,大型企业拖欠账款见一个查一个,近年来，部分行业内卷式竞争加剧，大型企业拖欠中小企业账款问题凸显。为此，市场监管总局会同多部门部署2026年反不正当竞争执法专项行动，重点查处大型企业滥用优势地位拖欠中小企业账款行为，查实后将依法依规严厉处罚。,7426903,https://www.baidu.com/s?wd=%E5%A4%A7%E5%9E%8B%E4%BC%81%E4%B8%9A%E6%8B%96%E6%AC%A0%E8%B4%A6%E6%AC%BE%E8%A7%81%E4%B8%80%E4%B8%AA%E6%9F%A5%E4%B8%80%E4%B8%AA&sa=fyb_news&rsv_dl=fyb_news,https://fyb-2.cdn.bcebos.com/hotboard_image/8dd519ac672d45135bd3d6093ee0ad31,百度热搜,实时热搜,realtime,,2026-09-15 05:17:59
7,苹果回应iPhone18Pro破发,9月14日，某电商平台显示256G的iPhone 18 Pro售价降至9099元，较官网直降900元。苹果官方客服对此回应称，第三方渠道有定价权，可能有平台补贴或店铺优惠，官方不会去干预，每年新机上市后渠道价格都会因供需关系波动。,7333164,https://www.baidu.com/s?wd=%E8%8B%B9%E6%9E%9C%E5%9B%9E%E5%BA%94iPhone18Pro%E7%A0%B4%E5%8F%91&sa=fyb_news&rsv_dl=fyb_news,https://fyb-2.cdn.bcebos.com/hotboard_image/c24c9393a8189ab4edf8e35d21877f54,百度热搜,实时热搜,realtime,,2026-09-15 05:17:59
8,近20省份公布社保缴费新基数,截至9月14日，已有近20个省级地区公布2026年度企业职工社会保险缴费基数上下限。今年北京、上海、湖南等地缴费基数下限继续上调，但涨幅有所收窄。上下限提高不意味着所有人社保费都多扣，是否多交取决于本人缴费基数和参保险种。,7237735,https://www.baidu.com/s?wd=%E8%BF%9120%E7%9C%81%E4%BB%BD%E5%85%AC%E5%B8%83%E7%A4%BE%E4%BF%9D%E7%BC%B4%E8%B4%B9%E6%96%B0%E5%9F%BA%E6%95%B0&sa=fyb_news&rsv_dl=fyb_news,https://fyb-2.cdn.bcebos.com/hotboard_image/ccadab26937d1bd0bda35545bea28996,百度热搜,实时热搜,realtime,,2026-09-15 05:17:59
9,知名游戏老板百亿元天价离婚创纪录,近日，韩国首尔家庭法院对《穿越火线》开发商Smilegate创始人权赫彬与妻子李某离婚案作出一审判决。法院裁定权赫彬向李某转让35%股份，并支付约3.24亿元人民币现金，分割总额约127.25亿元人民币，创下韩国公开离婚案新高。,7136316,https://www.baidu.com/s?wd=%E7%9F%A5%E5%90%8D%E6%B8%B8%E6%88%8F%E8%80%81%E6%9D%BF%E7%99%BE%E4%BA%BF%E5%85%83%E5%A4%A9%E4%BB%B7%E7%A6%BB%E5%A9%9A%E5%88%9B%E7%BA%AA%E5%BD%95&sa=fyb_news&rsv_dl=fyb_news,https://fyb-2.cdn.bcebos.com/hotboard_image/d798836f59b0590683723d1c1f5207ac,百度热搜,实时热搜,realtime,,2026-09-15 05:17:59
10,王一博代言疑涉虚假宣传？品牌方回应,9月14日，“王一博新代言疑似涉嫌虚假宣传”相关话题冲上热搜。蓝芩品牌方当晚回应称相关言论属于造谣诋毁，已经报警。蓝芩表示产品为普通食品，抽检合格，网传处罚信息不实，将通过法律维权。,7048139,https://www.baidu.com/s?wd=%E7%8E%8B%E4%B8%80%E5%8D%9A%E4%BB%A3%E8%A8%80%E7%96%91%E6%B6%89%E8%99%9A%E5%81%87%E5%AE%A3%E4%BC%A0%EF%BC%9F%E5%93%81%E7%89%8C%E6%96%B9%E5%9B%9E%E5%BA%94&sa=fyb_news&rsv_dl=fyb_news,https://fyb-2.cdn.bcebos.com/hotboard_image/8bea31bcc5cff3f718192f4065608827,百度热搜,实时热搜,realtime,,2026-09-15 05:17:59
11,李玉刚当选吉林文联兼职副主席,9月12日至9月13日，在吉林省文联第十次代表大会上，李玉刚当选第十届吉林省文联兼职副主席。李玉刚在采访中回应：内心十分激动，多年致力于国风艺术传承和发展，未来也会多多回到家乡，未来有更多机会助力家乡艺术人才发展。,6944840,https://www.baidu.com/s?wd=%E6%9D%8E%E7%8E%89%E5%88%9A%E5%BD%93%E9%80%89%E5%90%89%E6%9E%97%E6%96%87%E8%81%94%E5%85%BC%E8%81%8C%E5%89%AF%E4%B8%BB%E5%B8%AD&sa=fyb_news&rsv_dl=fyb_news,https://fyb-2.cdn.bcebos.com/hotboard_image/cdc76b6213bd9db35ac94b83fed67c1d,百度热搜,实时热搜,realtime,,2026-09-15 05:17:59
12,停止资助学生后反遭威胁系造谣,近日，网传男子终止资助女学生遭对方威胁一事引发热议，嘉峪关公安通报，该内容系网民姚某某编造博流量，案件正在侦办中。,6848405,https://www.baidu.com/s?wd=%E5%81%9C%E6%AD%A2%E8%B5%84%E5%8A%A9%E5%AD%A6%E7%94%9F%E5%90%8E%E5%8F%8D%E9%81%AD%E5%A8%81%E8%83%81%E7%B3%BB%E9%80%A0%E8%B0%A3&sa=fyb_news&rsv_dl=fyb_news,https://fyb-2.cdn.bcebos.com/hotboard_image/0590601230bd2fba9a9ce5e9e1b802e1,百度热搜,实时热搜,realtime,,2026-09-15 05:17:59
13,海南多地停课,9月14日，受热带低压影响，海南多地遭遇强降雨。目前，海南已有13市县发布停课通知，具体包括三亚、定安、临高、乐东、五指山、陵水、琼海、保亭、琼中、万宁、屯昌、白沙、澄迈。,6755511,https://www.baidu.com/s?wd=%E6%B5%B7%E5%8D%97%E5%A4%9A%E5%9C%B0%E5%81%9C%E8%AF%BE&sa=fyb_news&rsv_dl=fyb_news,https://fyb-2.cdn.bcebos.com/hotboard_image/25a016b6cd6026fe7c3e48085e28da9b,百度热搜,实时热搜,realtime,,2026-09-15 05:17:59
14,敬一丹多张生前照片公布,14日晚，敬一丹公众账号发布视频回顾敬一丹生平，公布多张旧照。视频记录了她从1955年出生、就读北京广播学院，到主持《焦点访谈》《感动中国》，再到2026年6月最后一次面对镜头的人生轨迹。,6666967,https://www.baidu.com/s?wd=%E6%95%AC%E4%B8%80%E4%B8%B9%E5%A4%9A%E5%BC%A0%E7%94%9F%E5%89%8D%E7%85%A7%E7%89%87%E5%85%AC%E5%B8%83&sa=fyb_news&rsv_dl=fyb_news,https://fyb-2.cdn.bcebos.com/hotboard_image/9057a36f36fb68a991bb99270f44ce82,百度热搜,实时热搜,realtime,,2026-09-15 05:17:59
15,云南普洱地震,据中国地震台网正式测定，9月14日17时7分在云南普洱市墨江县发生4.5级地震，震源深度10公里，震中位于北纬23.15度，东经101.61度。,6569050,https://www.baidu.com/s?wd=%E4%BA%91%E5%8D%97%E6%99%AE%E6%B4%B1%E5%9C%B0%E9%9C%87&sa=fyb_news&rsv_dl=fyb_news,https://fyb-2.cdn.bcebos.com/hotboard_image/d73aaf6bf0f7d394aadfbe213fb74c24,百度热搜,实时热搜,realtime,,2026-09-15 05:17:59
16,中国球员吕孟洋加盟西班牙人,9月14日，皇家西班牙人足球俱乐部宣布，中国球员吕孟洋加入球队青训体系，将代表西班牙人青年B队出战比赛。,6474157,https://www.baidu.com/s?wd=%E4%B8%AD%E5%9B%BD%E7%90%83%E5%91%98%E5%90%95%E5%AD%9F%E6%B4%8B%E5%8A%A0%E7%9B%9F%E8%A5%BF%E7%8F%AD%E7%89%99%E4%BA%BA&sa=fyb_news&rsv_dl=fyb_news,https://fyb-2.cdn.bcebos.com/hotboard_image/5c3b53c52d937d3b7ffe05607b7a1961,百度热搜,实时热搜,realtime,,2026-09-15 05:17:59
17,黄河边约会后失踪女孩遗体已火化,河南新乡一位19岁女孩今年6月与男友黄河边约会后失踪，遗体7月在开封水域被发现，尸检认定溺水身亡，遗体已于9月12日火化。警方审查后不予立案，女孩母亲对此存疑，计划就不予立案申请复议。,6378305,https://www.baidu.com/s?wd=%E9%BB%84%E6%B2%B3%E8%BE%B9%E7%BA%A6%E4%BC%9A%E5%90%8E%E5%A4%B1%E8%B8%AA%E5%A5%B3%E5%AD%A9%E9%81%97%E4%BD%93%E5%B7%B2%E7%81%AB%E5%8C%96&sa=fyb_news&rsv_dl=fyb_news,https://fyb-2.cdn.bcebos.com/hotboard_image/2bc9cdfe2d3af3574c9d1f96d75a6efe,百度热搜,实时热搜,realtime,,2026-09-15 05:17:59
18,侄女帮小姨挡催婚 金句频出,,6277521,https://www.baidu.com/s?wd=%E4%BE%84%E5%A5%B3%E5%B8%AE%E5%B0%8F%E5%A7%A8%E6%8C%A1%E5%82%AC%E5%A9%9A+%E9%87%91%E5%8F%A5%E9%A2%91%E5%87%BA&sa=fyb_news&rsv_dl=fyb_news,https://fyb-1.cdn.bcebos.com/fyb/de6163834f53ca92c1273fff98ac9078.jpeg,百度热搜,实时热搜,realtime,,2026-09-15 05:17:59
19,全球最大每周车展创始人车祸身亡,,6183136,https://www.baidu.com/s?wd=%E5%85%A8%E7%90%83%E6%9C%80%E5%A4%A7%E6%AF%8F%E5%91%A8%E8%BD%A6%E5%B1%95%E5%88%9B%E5%A7%8B%E4%BA%BA%E8%BD%A6%E7%A5%B8%E8%BA%AB%E4%BA%A1&sa=fyb_news&rsv_dl=fyb_news,https://fyb-1.cdn.bcebos.com/fyb/de6163834f53ca92c1273fff98ac9078.jpeg,百度热搜,实时热搜,realtime,,2026-09-15 05:17:59
20,浙江省委书记省长带头捐款,9月14日下午，浙江省委书记王浩、省长刘捷等省领导参加“慈善一日捐”活动并带头捐款。此前，该活动在浙江已延续多年，自2021年起每年省四套班子领导均带头捐款。,6094969,https://www.baidu.com/s?wd=%E6%B5%99%E6%B1%9F%E7%9C%81%E5%A7%94%E4%B9%A6%E8%AE%B0%E7%9C%81%E9%95%BF%E5%B8%A6%E5%A4%B4%E6%8D%90%E6%AC%BE&sa=fyb_news&rsv_dl=fyb_news,https://fyb-2.cdn.bcebos.com/hotboard_image/25ea9c64c5b928a1c918cc6c880a2d7e,百度热搜,实时热搜,realtime,,2026-09-15 05:17:59
21,申聪称梅姨认为自己在做好人好事,9月14日，被拐孩子申聪接受采访称，从律师阅卷得知人贩子梅姨并无悔意，自认是在做好人好事、帮孩子找家。申聪认为这是狡辩逃避，他和父亲已对梅姨提起刑事附带民事诉讼，开庭时他会到场。,5998614,https://www.baidu.com/s?wd=%E7%94%B3%E8%81%AA%E7%A7%B0%E6%A2%85%E5%A7%A8%E8%AE%A4%E4%B8%BA%E8%87%AA%E5%B7%B1%E5%9C%A8%E5%81%9A%E5%A5%BD%E4%BA%BA%E5%A5%BD%E4%BA%8B&sa=fyb_news&rsv_dl=fyb_news,https://fyb-2.cdn.bcebos.com/hotboard_image/7ae380ee5693fe22cb7579bbec9159b1,百度热搜,实时热搜,realtime,,2026-09-15 05:17:59
22,王曼昱反超孙颖莎登顶女单世界第一,9月14日，国际乒联第38周排名更新，王曼昱以9115分反超孙颖莎的8975分，职业生涯首次登顶女单世界第一。,5890929,https://www.baidu.com/s?wd=%E7%8E%8B%E6%9B%BC%E6%98%B1%E5%8F%8D%E8%B6%85%E5%AD%99%E9%A2%96%E8%8E%8E%E7%99%BB%E9%A1%B6%E5%A5%B3%E5%8D%95%E4%B8%96%E7%95%8C%E7%AC%AC%E4%B8%80&sa=fyb_news&rsv_dl=fyb_news,https://fyb-2.cdn.bcebos.com/hotboard_image/ad21888f442269a4baeb30d91700078d,百度热搜,实时热搜,realtime,,2026-09-15 05:17:59
23,演唱会求婚 别把没素质当仪式感,9月12日，赵雷北京鸟巢演唱会上，前排一名男观众突然向女友求婚，女方激动站起，导致后排齐声高喊“坐下”。此前两人还向周围观众撒喜糖，保安介入制止。演唱会求婚，别把没素质当仪式感。,5812422,https://www.baidu.com/s?wd=%E6%BC%94%E5%94%B1%E4%BC%9A%E6%B1%82%E5%A9%9A+%E5%88%AB%E6%8A%8A%E6%B2%A1%E7%B4%A0%E8%B4%A8%E5%BD%93%E4%BB%AA%E5%BC%8F%E6%84%9F&sa=fyb_news&rsv_dl=fyb_news,https://fyb-2.cdn.bcebos.com/hotboard_image/8e5c428286064ce4b9215d6ae164fca3,百度热搜,实时热搜,realtime,,2026-09-15 05:17:59
24,业主空置房被物业擅自打开堆杂物,,5706989,https://www.baidu.com/s?wd=%E4%B8%9A%E4%B8%BB%E7%A9%BA%E7%BD%AE%E6%88%BF%E8%A2%AB%E7%89%A9%E4%B8%9A%E6%93%85%E8%87%AA%E6%89%93%E5%BC%80%E5%A0%86%E6%9D%82%E7%89%A9&sa=fyb_news&rsv_dl=fyb_news,https://fyb-1.cdn.bcebos.com/fyb/de6163834f53ca92c1273fff98ac9078.jpeg,百度热搜,实时热搜,realtime,,2026-09-15 05:17:59
25,60个手机号挂名下 男子14年后才发现,,5605111,https://www.baidu.com/s?wd=60%E4%B8%AA%E6%89%8B%E6%9C%BA%E5%8F%B7%E6%8C%82%E5%90%8D%E4%B8%8B+%E7%94%B7%E5%AD%9014%E5%B9%B4%E5%90%8E%E6%89%8D%E5%8F%91%E7%8E%B0&sa=fyb_news&rsv_dl=fyb_news,https://fyb-1.cdn.bcebos.com/fyb/de6163834f53ca92c1273fff98ac9078.jpeg,百度热搜,实时热搜,realtime,,2026-09-15 05:17:59
26,多城楼盘“抱团涨价”,9月1日，成都、广州等地多家房企传出收回折扣或上调价格通知。此前，“8·28新政”落地后，上海、广州、深圳等城市部分楼盘相继传出涨价消息。分析指出，此轮涨价多为收回1%至3%优惠，实为开发商借政策窗口制造“再不买就涨”预期的试探性营销，而非市场全面反转。,5514578,https://www.baidu.com/s?wd=%E5%A4%9A%E5%9F%8E%E6%A5%BC%E7%9B%98%E2%80%9C%E6%8A%B1%E5%9B%A2%E6%B6%A8%E4%BB%B7%E2%80%9D&sa=fyb_news&rsv_dl=fyb_news,https://fyb-2.cdn.bcebos.com/hotboard_image/8b3296e357f6bf2acadab28b4d7c9566,百度热搜,实时热搜,realtime,,2026-09-15 05:17:59
27,家长称3000生活费够吃饭还能点外卖,9月13日，开学季“大学生每月3000生活费够不够”话题引发热议。记者在浙江传媒学院新生报到现场采访得知，一位大一新生家长给其3000元/月生活费，因已了解每天三四餐花费，特将点外卖的费用也算在里面。,5406909,https://www.baidu.com/s?wd=%E5%AE%B6%E9%95%BF%E7%A7%B03000%E7%94%9F%E6%B4%BB%E8%B4%B9%E5%A4%9F%E5%90%83%E9%A5%AD%E8%BF%98%E8%83%BD%E7%82%B9%E5%A4%96%E5%8D%96&sa=fyb_news&rsv_dl=fyb_news,https://fyb-2.cdn.bcebos.com/hotboard_image/2d7fa97b6b291a99627dee928f8857a8,百度热搜,实时热搜,realtime,,2026-09-15 05:17:59
28,3000元一针的“尸皮针”火了,3000多元一针、被网友称作“尸皮针”的Re2O在韩国医美圈走红。这款产品由已故捐献者皮肤经脱细胞处理制成细胞外基质，宣称可淡化细纹、抗衰嫩肤，已在韩、日、新加坡上市，为生产商带来可观营收。不少赴韩求美者体验后，称皮肤状态有所改善。,5331449,https://www.baidu.com/s?wd=3000%E5%85%83%E4%B8%80%E9%92%88%E7%9A%84%E2%80%9C%E5%B0%B8%E7%9A%AE%E9%92%88%E2%80%9D%E7%81%AB%E4%BA%86&sa=fyb_news&rsv_dl=fyb_news,https://fyb-2.cdn.bcebos.com/hotboard_image/dba8458af38338b11d4cbb17d79f125c,百度热搜,实时热搜,realtime,,2026-09-15 05:17:59
29,海南万宁出现龙卷风,9月14日，受强对流天气影响，海南省万宁市遭遇龙卷风袭击，现场不少树木被吹倒。,5233782,https://www.baidu.com/s?wd=%E6%B5%B7%E5%8D%97%E4%B8%87%E5%AE%81%E5%87%BA%E7%8E%B0%E9%BE%99%E5%8D%B7%E9%A3%8E&sa=fyb_news&rsv_dl=fyb_news,https://fyb-2.cdn.bcebos.com/hotboard_image/de115f92ccfdc9de413317a0298dba31,百度热搜,实时热搜,realtime,,2026-09-15 05:17:59
30,于东来回应新员工实行四年合同制,9月14日晚，于东来发文回应“胖东来新员工实行四年合同制”。于东来表示，胖东来企业的目标是培养更多懂得科学轻松健康生活的群体、从而带动更多人们实现轻松快乐幸福的生活，未来四年合同制学员也是这个目的，大家不要误解，关于工作和劳资方面严格按照劳动法执行。,5134552,https://www.baidu.com/s?wd=%E4%BA%8E%E4%B8%9C%E6%9D%A5%E5%9B%9E%E5%BA%94%E6%96%B0%E5%91%98%E5%B7%A5%E5%AE%9E%E8%A1%8C%E5%9B%9B%E5%B9%B4%E5%90%88%E5%90%8C%E5%88%B6&sa=fyb_news&rsv_dl=fyb_news,https://fyb-2.cdn.bcebos.com/hotboard_image/393091fc2bb67b234c72914022e8b94f,百度热搜,实时热搜,realtime,,2026-09-15 05:17:59
31,韩剧男主回应长得丑,据9月14日网友爆料，韩剧《杀手妈咪》男主郑准元在终映采访中，回应外界关于他外貌的争议。他坦言听到别人说自己长得丑心里不会舒服，但并未回避争议或刻意卖惨，认为这是自己需要承受的评价，相关发言引发网友关注。,5027301,https://www.baidu.com/s?wd=%E9%9F%A9%E5%89%A7%E7%94%B7%E4%B8%BB%E5%9B%9E%E5%BA%94%E9%95%BF%E5%BE%97%E4%B8%91&sa=fyb_news&rsv_dl=fyb_news,https://fyb-2.cdn.bcebos.com/hotboard_image/000f0d95331a8bb63e31de12dbedb145,百度热搜,实时热搜,realtime,,2026-09-15 05:17:59
32,小孩哥解锁泡面盖“传送带”式吃法,,4952570,https://www.baidu.com/s?wd=%E5%B0%8F%E5%AD%A9%E5%93%A5%E8%A7%A3%E9%94%81%E6%B3%A1%E9%9D%A2%E7%9B%96%E2%80%9C%E4%BC%A0%E9%80%81%E5%B8%A6%E2%80%9D%E5%BC%8F%E5%90%83%E6%B3%95&sa=fyb_news&rsv_dl=fyb_news,https://fyb-1.cdn.bcebos.com/fyb/de6163834f53ca92c1273fff98ac9078.jpeg,百度热搜,实时热搜,realtime,,2026-09-15 05:17:59
33,韩方吐槽名古屋亚运会住宿史上最差,即将于本周开幕的爱知·名古屋亚运会，陷入住宿风波。韩国篮球协会副会长郑在勇吐槽球员住宿条件“史上最差”，指出存在厕所漏水、床铺太短及被迫住邮轮等问题。,4835891,https://www.baidu.com/s?wd=%E9%9F%A9%E6%96%B9%E5%90%90%E6%A7%BD%E5%90%8D%E5%8F%A4%E5%B1%8B%E4%BA%9A%E8%BF%90%E4%BC%9A%E4%BD%8F%E5%AE%BF%E5%8F%B2%E4%B8%8A%E6%9C%80%E5%B7%AE&sa=fyb_news&rsv_dl=fyb_news,https://fyb-2.cdn.bcebos.com/hotboard_image/02a7627f7b61409cd403881be8954be0,百度热搜,实时热搜,realtime,,2026-09-15 05:17:59
34,日本艺术家办展揭侵华日军暴行,,4735540,https://www.baidu.com/s?wd=%E6%97%A5%E6%9C%AC%E8%89%BA%E6%9C%AF%E5%AE%B6%E5%8A%9E%E5%B1%95%E6%8F%AD%E4%BE%B5%E5%8D%8E%E6%97%A5%E5%86%9B%E6%9A%B4%E8%A1%8C&sa=fyb_news&rsv_dl=fyb_news,https://fyb-1.cdn.bcebos.com/fyb/de6163834f53ca92c1273fff98ac9078.jpeg,百度热搜,实时热搜,realtime,,2026-09-15 05:17:59
35,海南暴雨,,4653837,https://www.baidu.com/s?wd=%E6%B5%B7%E5%8D%97%E6%9A%B4%E9%9B%A8&sa=fyb_news&rsv_dl=fyb_news,https://fyb-1.cdn.bcebos.com/fyb/de6163834f53ca92c1273fff98ac9078.jpeg,百度热搜,实时热搜,realtime,,2026-09-15 05:17:59
36,海南五指山特大暴雨,9月14日，海南五指山特大暴雨，打破当地观测史单日降水量纪录。河水暴涨，有车辆被冲走。五指山市14日上午继续发布暴雨红色预警。,4556823,https://www.baidu.com/s?wd=%E6%B5%B7%E5%8D%97%E4%BA%94%E6%8C%87%E5%B1%B1%E7%89%B9%E5%A4%A7%E6%9A%B4%E9%9B%A8&sa=fyb_news&rsv_dl=fyb_news,https://fyb-2.cdn.bcebos.com/hotboard_image/cbe68047751c38315ed985f71769b8a7,百度热搜,实时热搜,realtime,,2026-09-15 05:17:59
37,小学改养老院不是“换块牌子”就行,据媒体报道，各地正加快盘活闲置校舍资源，不少闲置小学被改造为养老院、养老中心、长者食堂等场所。不过，校舍改建养老机构并非简单“换块牌子”，需要在适老标准、服务质量、可持续运营等方面因地制宜、精细打磨。,4450039,https://www.baidu.com/s?wd=%E5%B0%8F%E5%AD%A6%E6%94%B9%E5%85%BB%E8%80%81%E9%99%A2%E4%B8%8D%E6%98%AF%E2%80%9C%E6%8D%A2%E5%9D%97%E7%89%8C%E5%AD%90%E2%80%9D%E5%B0%B1%E8%A1%8C&sa=fyb_news&rsv_dl=fyb_news,https://fyb-2.cdn.bcebos.com/hotboard_image/1d30f82f539c0d6820852676d733f8c9,百度热搜,实时热搜,realtime,,2026-09-15 05:17:59
38,亚运开门红 中国女足5比1中国香港,,4379913,https://www.baidu.com/s?wd=%E4%BA%9A%E8%BF%90%E5%BC%80%E9%97%A8%E7%BA%A2+%E4%B8%AD%E5%9B%BD%E5%A5%B3%E8%B6%B35%E6%AF%941%E4%B8%AD%E5%9B%BD%E9%A6%99%E6%B8%AF&sa=fyb_news&rsv_dl=fyb_news,https://fyb-1.cdn.bcebos.com/fyb/de6163834f53ca92c1273fff98ac9078.jpeg,百度热搜,实时热搜,realtime,,2026-09-15 05:17:59
39,农村大集上 人大代表“摆了个摊儿”,,4272443,https://www.baidu.com/s?wd=%E5%86%9C%E6%9D%91%E5%A4%A7%E9%9B%86%E4%B8%8A+%E4%BA%BA%E5%A4%A7%E4%BB%A3%E8%A1%A8%E2%80%9C%E6%91%86%E4%BA%86%E4%B8%AA%E6%91%8A%E5%84%BF%E2%80%9D&sa=fyb_news&rsv_dl=fyb_news,https://fyb-1.cdn.bcebos.com/fyb/de6163834f53ca92c1273fff98ac9078.jpeg,百度热搜,实时热搜,realtime,,2026-09-15 05:17:59
40,宠物猫坠亡 家政工赔15750元,,4178333,https://www.baidu.com/s?wd=%E5%AE%A0%E7%89%A9%E7%8C%AB%E5%9D%A0%E4%BA%A1+%E5%AE%B6%E6%94%BF%E5%B7%A5%E8%B5%9415750%E5%85%83&sa=fyb_news&rsv_dl=fyb_news,https://fyb-1.cdn.bcebos.com/fyb/de6163834f53ca92c1273fff98ac9078.jpeg,百度热搜,实时热搜,realtime,,2026-09-15 05:17:59
41,金星伴月,9月14日晚，全国多地夜空上演“金星伴月”浪漫天象。天气晴好区域，无需借助专业设备，仅凭肉眼便能观赏到明亮金星与蛾眉月近距离相依的画面。,4071998,https://www.baidu.com/s?wd=%E9%87%91%E6%98%9F%E4%BC%B4%E6%9C%88&sa=fyb_news&rsv_dl=fyb_news,https://fyb-2.cdn.bcebos.com/hotboard_image/fae7592de8eab3d5a3ac1ca2616784d4,百度热搜,实时热搜,realtime,,2026-09-15 05:17:59
42,国产AI短片 最不像AI的AI神作,9月6日，B站UP主DiDi_OK凭借AI短片《网站》，在2026年威尼斯Reply AI Film Festival中斩获两项大奖，从3100部作品中脱颖而出。该作被观众称为“最不像AI的AI神作”，获郭帆点赞。,4003847,https://www.baidu.com/s?wd=%E5%9B%BD%E4%BA%A7AI%E7%9F%AD%E7%89%87+%E6%9C%80%E4%B8%8D%E5%83%8FAI%E7%9A%84AI%E7%A5%9E%E4%BD%9C&sa=fyb_news&rsv_dl=fyb_news,https://fyb-2.cdn.bcebos.com/hotboard_image/4586ffb935d2a8a2bd4496f4a406af89,百度热搜,实时热搜,realtime,,2026-09-15 05:17:59
43,卫健委：提倡大家多喝白开水淡茶水,9月14日，国家卫健委主任雷海潮在国新办发布会上介绍健康中国建设情况。他提到，国内居民高盐高糖高油饮食普遍，每日添加糖摄入建议控制在25克以内，单瓶500毫升含糖饮料含糖量就可能达到这一上限，建议大家多喝白开水、淡茶水。,3891060,https://www.baidu.com/s?wd=%E5%8D%AB%E5%81%A5%E5%A7%94%EF%BC%9A%E6%8F%90%E5%80%A1%E5%A4%A7%E5%AE%B6%E5%A4%9A%E5%96%9D%E7%99%BD%E5%BC%80%E6%B0%B4%E6%B7%A1%E8%8C%B6%E6%B0%B4&sa=fyb_news&rsv_dl=fyb_news,https://fyb-2.cdn.bcebos.com/hotboard_image/afcfeab3b3ded62251233629862c08f1,百度热搜,实时热搜,realtime,,2026-09-15 05:17:59
44,基层干部下班“卧底”外卖员,呼和浩特基层干部冯文超，下班兼职外卖员“卧底”两个多月，配送超2600单，排名稳居前15%。他亲身感受骑手难处并记录问题，推动多项便民举措落地，面对外界质疑，他表示做事无愧人民。,3778834,https://www.baidu.com/s?wd=%E5%9F%BA%E5%B1%82%E5%B9%B2%E9%83%A8%E4%B8%8B%E7%8F%AD%E2%80%9C%E5%8D%A7%E5%BA%95%E2%80%9D%E5%A4%96%E5%8D%96%E5%91%98&sa=fyb_news&rsv_dl=fyb_news,https://fyb-2.cdn.bcebos.com/hotboard_image/d91b0353b2131794b9e84ab24063f9d4,百度热搜,实时热搜,realtime,,2026-09-15 05:17:59
45,杭州机器人交警中队完成升级,,3684942,https://www.baidu.com/s?wd=%E6%9D%AD%E5%B7%9E%E6%9C%BA%E5%99%A8%E4%BA%BA%E4%BA%A4%E8%AD%A6%E4%B8%AD%E9%98%9F%E5%AE%8C%E6%88%90%E5%8D%87%E7%BA%A7&sa=fyb_news&rsv_dl=fyb_news,https://fyb-1.cdn.bcebos.com/fyb/de6163834f53ca92c1273fff98ac9078.jpeg,百度热搜,实时热搜,realtime,,2026-09-15 05:17:59
46,王老吉回应新品被指抄袭,,3622679,https://www.baidu.com/s?wd=%E7%8E%8B%E8%80%81%E5%90%89%E5%9B%9E%E5%BA%94%E6%96%B0%E5%93%81%E8%A2%AB%E6%8C%87%E6%8A%84%E8%A2%AD&sa=fyb_news&rsv_dl=fyb_news,https://fyb-1.cdn.bcebos.com/fyb/de6163834f53ca92c1273fff98ac9078.jpeg,百度热搜,实时热搜,realtime,,2026-09-15 05:17:59
47,电影撤档改期不如内容提质,刚刚过去的暑期档，国内多部新片因点映口碑或票房不理想选择撤档改期。此举不仅打乱院线排片规划与观众计划，更透支多方信任。文章指出，换档无法根治影片主题或制作等根本问题，片方打磨优质内容、强化核心竞争力才是立足市场的根本之道。,3488851,https://www.baidu.com/s?wd=%E7%94%B5%E5%BD%B1%E6%92%A4%E6%A1%A3%E6%94%B9%E6%9C%9F%E4%B8%8D%E5%A6%82%E5%86%85%E5%AE%B9%E6%8F%90%E8%B4%A8&sa=fyb_news&rsv_dl=fyb_news,https://fyb-2.cdn.bcebos.com/hotboard_image/902b519edae472826ece77f57e5efc00,百度热搜,实时热搜,realtime,,2026-09-15 05:17:59
48,中国男篮大胜菲律宾44分 小组出线,9月14日，亚运会小组赛最后一场对阵菲律宾男篮，中国男篮105-61完成大胜小组头名晋级。,3408989,https://www.baidu.com/s?wd=%E4%B8%AD%E5%9B%BD%E7%94%B7%E7%AF%AE%E5%A4%A7%E8%83%9C%E8%8F%B2%E5%BE%8B%E5%AE%BE44%E5%88%86+%E5%B0%8F%E7%BB%84%E5%87%BA%E7%BA%BF&sa=fyb_news&rsv_dl=fyb_news,https://fyb-2.cdn.bcebos.com/hotboard_image/65c0af6e83c2fa4c4d7fc51135465e28,百度热搜,实时热搜,realtime,,2026-09-15 05:17:59
49,中国健美操队世锦赛斩获2金1银1铜,,3299493,https://www.baidu.com/s?wd=%E4%B8%AD%E5%9B%BD%E5%81%A5%E7%BE%8E%E6%93%8D%E9%98%9F%E4%B8%96%E9%94%A6%E8%B5%9B%E6%96%A9%E8%8E%B72%E9%87%911%E9%93%B61%E9%93%9C&sa=fyb_news&rsv_dl=fyb_news,https://fyb-1.cdn.bcebos.com/fyb/de6163834f53ca92c1273fff98ac9078.jpeg,百度热搜,实时热搜,realtime,,2026-09-15 05:17:59
50,纳指低开 AI硬件产业链股票大幅下挫,,3226006,https://www.baidu.com/s?wd=%E7%BA%B3%E6%8C%87%E4%BD%8E%E5%BC%80+AI%E7%A1%AC%E4%BB%B6%E4%BA%A7%E4%B8%9A%E9%93%BE%E8%82%A1%E7%A5%A8%E5%A4%A7%E5%B9%85%E4%B8%8B%E6%8C%AB&sa=fyb_news&rsv_dl=fyb_news,https://fyb-1.cdn.bcebos.com/fyb/de6163834f53ca92c1273fff98ac9078.jpeg,百度热搜,实时热搜,realtime,,2026-09-15 05:17:59
1,始终把人民生命安全放在首位,2026年汛期，我国多地遭遇持续性极端强降水过程，多处河流、水库遭遇险情，人民群众生命财产安全面临严峻考验。习近平总书记高度关注雨情、汛情、灾情，始终牵挂灾区群众安危，亲自部署、亲自指挥防汛抗洪救灾工作，多次主持召开重要会议、作出重要指示，要求“扎实做好防灾救灾各项工作，确保人民群众生命财产安全”。,7904492,https://www.baidu.com/s?wd=%E5%A7%8B%E7%BB%88%E6%8A%8A%E4%BA%BA%E6%B0%91%E7%94%9F%E5%91%BD%E5%AE%89%E5%85%A8%E6%94%BE%E5%9C%A8%E9%A6%96%E4%BD%8D&sa=fyb_news&rsv_dl=fyb_news,https://fyb-2.cdn.bcebos.com/hotboard_image/23498e790ec72673a3e3ee478372308e,百度热搜,实时热搜,realtime,,2026-09-15 07:17:58
2,广汽集团 资产重组,9月14日晚，广汽集团发布关于筹划重大资产重组事项的停牌公告。公司当日与一汽股份签署意向协议，拟以发行股份的方式收购一汽股份所持某整车合资公司部分股权，同时募集配套资金。据初步测算，本次交易完成后，一汽股份将成为广汽集团第二大股东，具备战略影响力。,7808109,https://www.baidu.com/s?wd=%E5%B9%BF%E6%B1%BD%E9%9B%86%E5%9B%A2+%E8%B5%84%E4%BA%A7%E9%87%8D%E7%BB%84&sa=fyb_news&rsv_dl=fyb_news,https://fyb-2.cdn.bcebos.com/hotboard_image/ea53c846994f3a5c43aee62636f55947,百度热搜,实时热搜,realtime,,2026-09-15 07:17:58
3,一车人买错票 游客建议车站改名,,7713808,https://www.baidu.com/s?wd=%E4%B8%80%E8%BD%A6%E4%BA%BA%E4%B9%B0%E9%94%99%E7%A5%A8+%E6%B8%B8%E5%AE%A2%E5%BB%BA%E8%AE%AE%E8%BD%A6%E7%AB%99%E6%94%B9%E5%90%8D&sa=fyb_news&rsv_dl=fyb_news,https://fyb-1.cdn.bcebos.com/fyb/de6163834f53ca92c1273fff98ac9078.jpeg,百度热搜,实时热搜,realtime,,2026-09-15 07:17:58
4,未来五年民生健康重磅规划,9月14日上午，国务院新闻办公室举行“开局起步‘十五五’”系列主题新闻发布会，国家卫生健康委、国家中医药局、国家疾控局等部门负责人介绍推动健康中国建设取得决定性进展有关情况。未来5年，要从“有”向“优”转变，我国将加快完善优质高效整合型医疗卫生服务体系，让更多群众在家门口看得上病、看得好病。,7618169,https://www.baidu.com/s?wd=%E6%9C%AA%E6%9D%A5%E4%BA%94%E5%B9%B4%E6%B0%91%E7%94%9F%E5%81%A5%E5%BA%B7%E9%87%8D%E7%A3%85%E8%A7%84%E5%88%92&sa=fyb_news&rsv_dl=fyb_news,https://fyb-2.cdn.bcebos.com/hotboard_image/b6b9209ffb8acbccaef38390b65fe2df,百度热搜,实时热搜,realtime,,2026-09-15 07:17:58
5,“喊坐下都算礼貌 要我就喊离婚”,9月12日，赵雷北京鸟巢演唱会上，前排一名男观众突然向女友求婚，女方激动站起，导致后排齐声高喊“坐下”。这段现场视频被发到社交媒体后，此事冲上热搜。更有人表态：“喊坐下都算礼貌，要我就喊离婚。”,7519931,https://www.baidu.com/s?wd=%E2%80%9C%E5%96%8A%E5%9D%90%E4%B8%8B%E9%83%BD%E7%AE%97%E7%A4%BC%E8%B2%8C+%E8%A6%81%E6%88%91%E5%B0%B1%E5%96%8A%E7%A6%BB%E5%A9%9A%E2%80%9D&sa=fyb_news&rsv_dl=fyb_news,https://fyb-2.cdn.bcebos.com/hotboard_image/1b54c00df40217351cbd810d888a0e22,百度热搜,实时热搜,realtime,,2026-09-15 07:17:58
6,AI降速呼声重挫芯片股,美东时间周一，由于美国人工智能(AI)行业领袖对安全问题的担忧升温，并呼吁放慢AI开发步伐，令英伟达等芯片股遭受重挫，拖累大盘走低。,7428024,https://www.baidu.com/s?wd=AI%E9%99%8D%E9%80%9F%E5%91%BC%E5%A3%B0%E9%87%8D%E6%8C%AB%E8%8A%AF%E7%89%87%E8%82%A1&sa=fyb_news&rsv_dl=fyb_news,https://fyb-2.cdn.bcebos.com/hotboard_image/75f1539ad9424c50b83a211f04bf6c85,百度热搜,实时热搜,realtime,,2026-09-15 07:17:58
7,全球最大每周车展创始人车祸身亡,当地时间9月13日凌晨，全球规模最大的每周汽车展创始人詹姆斯·韦尔在美国加利福尼亚州发生车祸，其汽车撞树后断成两截并起火燃烧，最终不幸身亡。另一名司机也在事故中遇难，身份尚未公布。,7331653,https://www.baidu.com/s?wd=%E5%85%A8%E7%90%83%E6%9C%80%E5%A4%A7%E6%AF%8F%E5%91%A8%E8%BD%A6%E5%B1%95%E5%88%9B%E5%A7%8B%E4%BA%BA%E8%BD%A6%E7%A5%B8%E8%BA%AB%E4%BA%A1&sa=fyb_news&rsv_dl=fyb_news,https://fyb-2.cdn.bcebos.com/hotboard_image/6454a05905b9a0e81908150fc286a189,百度热搜,实时热搜,realtime,,2026-09-15 07:17:58
8,知名游戏老板百亿元天价离婚创纪录,近日，韩国首尔家庭法院对《穿越火线》开发商Smilegate创始人权赫彬与妻子李某离婚案作出一审判决。法院裁定权赫彬向李某转让35%股份，并支付约3.24亿元人民币现金，分割总额约127.25亿元人民币，创下韩国公开离婚案新高。,7232228,https://www.baidu.com/s?wd=%E7%9F%A5%E5%90%8D%E6%B8%B8%E6%88%8F%E8%80%81%E6%9D%BF%E7%99%BE%E4%BA%BF%E5%85%83%E5%A4%A9%E4%BB%B7%E7%A6%BB%E5%A9%9A%E5%88%9B%E7%BA%AA%E5%BD%95&sa=fyb_news&rsv_dl=fyb_news,https://fyb-2.cdn.bcebos.com/hotboard_image/d798836f59b0590683723d1c1f5207ac,百度热搜,实时热搜,realtime,,2026-09-15 07:17:58
9,侄女帮小姨挡催婚 金句频出,,7143754,https://www.baidu.com/s?wd=%E4%BE%84%E5%A5%B3%E5%B8%AE%E5%B0%8F%E5%A7%A8%E6%8C%A1%E5%82%AC%E5%A9%9A+%E9%87%91%E5%8F%A5%E9%A2%91%E5%87%BA&sa=fyb_news&rsv_dl=fyb_news,https://fyb-1.cdn.bcebos.com/fyb/de6163834f53ca92c1273fff98ac9078.jpeg,百度热搜,实时热搜,realtime,,2026-09-15 07:17:58
10,近20省份公布社保缴费新基数,截至9月14日，已有近20个省级地区公布2026年度企业职工社会保险缴费基数上下限。今年北京、上海、湖南等地缴费基数下限继续上调，但涨幅有所收窄。上下限提高不意味着所有人社保费都多扣，是否多交取决于本人缴费基数和参保险种。,7044532,https://www.baidu.com/s?wd=%E8%BF%9120%E7%9C%81%E4%BB%BD%E5%85%AC%E5%B8%83%E7%A4%BE%E4%BF%9D%E7%BC%B4%E8%B4%B9%E6%96%B0%E5%9F%BA%E6%95%B0&sa=fyb_news&rsv_dl=fyb_news,https://fyb-2.cdn.bcebos.com/hotboard_image/ccadab26937d1bd0bda35545bea28996,百度热搜,实时热搜,realtime,,2026-09-15 07:17:58
11,苹果回应iPhone18Pro破发,9月14日，某电商平台显示256G的iPhone 18 Pro售价降至9099元，较官网直降900元。苹果官方客服对此回应称，第三方渠道有定价权，可能有平台补贴或店铺优惠，官方不会去干预，每年新机上市后渠道价格都会因供需关系波动。,6948739,https://www.baidu.com/s?wd=%E8%8B%B9%E6%9E%9C%E5%9B%9E%E5%BA%94iPhone18Pro%E7%A0%B4%E5%8F%91&sa=fyb_news&rsv_dl=fyb_news,https://fyb-2.cdn.bcebos.com/hotboard_image/c24c9393a8189ab4edf8e35d21877f54,百度热搜,实时热搜,realtime,,2026-09-15 07:17:58
12,停止资助学生后反遭威胁系造谣,近日，网传男子终止资助女学生遭对方威胁一事引发热议，嘉峪关公安通报，该内容系网民姚某某编造博流量，案件正在侦办中。,6853166,https://www.baidu.com/s?wd=%E5%81%9C%E6%AD%A2%E8%B5%84%E5%8A%A9%E5%AD%A6%E7%94%9F%E5%90%8E%E5%8F%8D%E9%81%AD%E5%A8%81%E8%83%81%E7%B3%BB%E9%80%A0%E8%B0%A3&sa=fyb_news&rsv_dl=fyb_news,https://fyb-2.cdn.bcebos.com/hotboard_image/0590601230bd2fba9a9ce5e9e1b802e1,百度热搜,实时热搜,realtime,,2026-09-15 07:17:58
13,海南多地停课,9月14日，受热带低压影响，海南多地遭遇强降雨。目前，海南已有13市县发布停课通知，具体包括三亚、定安、临高、乐东、五指山、陵水、琼海、保亭、琼中、万宁、屯昌、白沙、澄迈。,6752085,https://www.baidu.com/s?wd=%E6%B5%B7%E5%8D%97%E5%A4%9A%E5%9C%B0%E5%81%9C%E8%AF%BE&sa=fyb_news&rsv_dl=fyb_news,https://fyb-2.cdn.bcebos.com/hotboard_image/25a016b6cd6026fe7c3e48085e28da9b,百度热搜,实时热搜,realtime,,2026-09-15 07:17:58
14,武契奇：将辞去塞尔维亚总统职务,,6659931,https://www.baidu.com/s?wd=%E6%AD%A6%E5%A5%91%E5%A5%87%EF%BC%9A%E5%B0%86%E8%BE%9E%E5%8E%BB%E5%A1%9E%E5%B0%94%E7%BB%B4%E4%BA%9A%E6%80%BB%E7%BB%9F%E8%81%8C%E5%8A%A1&sa=fyb_news&rsv_dl=fyb_news,https://fyb-1.cdn.bcebos.com/fyb/de6163834f53ca92c1273fff98ac9078.jpeg,百度热搜,实时热搜,realtime,,2026-09-15 07:17:58
15,演唱会求婚 别把没素质当仪式感,9月12日，赵雷北京鸟巢演唱会上，前排一名男观众突然向女友求婚，女方激动站起，导致后排齐声高喊“坐下”。此前两人还向周围观众撒喜糖，保安介入制止。演唱会求婚，别把没素质当仪式感。,6572141,https://www.baidu.com/s?wd=%E6%BC%94%E5%94%B1%E4%BC%9A%E6%B1%82%E5%A9%9A+%E5%88%AB%E6%8A%8A%E6%B2%A1%E7%B4%A0%E8%B4%A8%E5%BD%93%E4%BB%AA%E5%BC%8F%E6%84%9F&sa=fyb_news&rsv_dl=fyb_news,https://fyb-2.cdn.bcebos.com/hotboard_image/8e5c428286064ce4b9215d6ae164fca3,百度热搜,实时热搜,realtime,,2026-09-15 07:17:58
16,3000元一针的“尸皮针”火了,3000多元一针、被网友称作“尸皮针”的Re2O在韩国医美圈走红。这款产品由已故捐献者皮肤经脱细胞处理制成细胞外基质，宣称可淡化细纹、抗衰嫩肤，已在韩、日、新加坡上市，为生产商带来可观营收。不少赴韩求美者体验后，称皮肤状态有所改善。,6470515,https://www.baidu.com/s?wd=3000%E5%85%83%E4%B8%80%E9%92%88%E7%9A%84%E2%80%9C%E5%B0%B8%E7%9A%AE%E9%92%88%E2%80%9D%E7%81%AB%E4%BA%86&sa=fyb_news&rsv_dl=fyb_news,https://fyb-2.cdn.bcebos.com/hotboard_image/dba8458af38338b11d4cbb17d79f125c,百度热搜,实时热搜,realtime,,2026-09-15 07:17:58
17,卫健委：提倡大家多喝白开水淡茶水,9月14日，国家卫健委主任雷海潮在国新办发布会上介绍健康中国建设情况。他提到，国内居民高盐高糖高油饮食普遍，每日添加糖摄入建议控制在25克以内，单瓶500毫升含糖饮料含糖量就可能达到这一上限，建议大家多喝白开水、淡茶水。,6372426,https://www.baidu.com/s?wd=%E5%8D%AB%E5%81%A5%E5%A7%94%EF%BC%9A%E6%8F%90%E5%80%A1%E5%A4%A7%E5%AE%B6%E5%A4%9A%E5%96%9D%E7%99%BD%E5%BC%80%E6%B0%B4%E6%B7%A1%E8%8C%B6%E6%B0%B4&sa=fyb_news&rsv_dl=fyb_news,https://fyb-2.cdn.bcebos.com/hotboard_image/afcfeab3b3ded62251233629862c08f1,百度热搜,实时热搜,realtime,,2026-09-15 07:17:58
18,申聪称梅姨认为自己在做好人好事,9月14日，被拐孩子申聪接受采访称，从律师阅卷得知人贩子梅姨并无悔意，自认是在做好人好事、帮孩子找家。申聪认为这是狡辩逃避，他和父亲已对梅姨提起刑事附带民事诉讼，开庭时他会到场。,6280252,https://www.baidu.com/s?wd=%E7%94%B3%E8%81%AA%E7%A7%B0%E6%A2%85%E5%A7%A8%E8%AE%A4%E4%B8%BA%E8%87%AA%E5%B7%B1%E5%9C%A8%E5%81%9A%E5%A5%BD%E4%BA%BA%E5%A5%BD%E4%BA%8B&sa=fyb_news&rsv_dl=fyb_news,https://fyb-2.cdn.bcebos.com/hotboard_image/7ae380ee5693fe22cb7579bbec9159b1,百度热搜,实时热搜,realtime,,2026-09-15 07:17:58
19,家长称3000生活费够吃饭还能点外卖,9月13日，开学季“大学生每月3000生活费够不够”话题引发热议。记者在浙江传媒学院新生报到现场采访得知，一位大一新生家长给其3000元/月生活费，因已了解每天三四餐花费，特将点外卖的费用也算在里面。,6178730,https://www.baidu.com/s?wd=%E5%AE%B6%E9%95%BF%E7%A7%B03000%E7%94%9F%E6%B4%BB%E8%B4%B9%E5%A4%9F%E5%90%83%E9%A5%AD%E8%BF%98%E8%83%BD%E7%82%B9%E5%A4%96%E5%8D%96&sa=fyb_news&rsv_dl=fyb_news,https://fyb-2.cdn.bcebos.com/hotboard_image/2d7fa97b6b291a99627dee928f8857a8,百度热搜,实时热搜,realtime,,2026-09-15 07:17:58
20,牛肉价格持续上涨,,6078896,https://www.baidu.com/s?wd=%E7%89%9B%E8%82%89%E4%BB%B7%E6%A0%BC%E6%8C%81%E7%BB%AD%E4%B8%8A%E6%B6%A8&sa=fyb_news&rsv_dl=fyb_news,https://fyb-1.cdn.bcebos.com/fyb/de6163834f53ca92c1273fff98ac9078.jpeg,百度热搜,实时热搜,realtime,,2026-09-15 07:17:58
21,浙江省委书记省长带头捐款,9月14日下午，浙江省委书记王浩、省长刘捷等省领导参加“慈善一日捐”活动并带头捐款。此前，该活动在浙江已延续多年，自2021年起每年省四套班子领导均带头捐款。,6002191,https://www.baidu.com/s?wd=%E6%B5%99%E6%B1%9F%E7%9C%81%E5%A7%94%E4%B9%A6%E8%AE%B0%E7%9C%81%E9%95%BF%E5%B8%A6%E5%A4%B4%E6%8D%90%E6%AC%BE&sa=fyb_news&rsv_dl=fyb_news,https://fyb-2.cdn.bcebos.com/hotboard_image/25ea9c64c5b928a1c918cc6c880a2d7e,百度热搜,实时热搜,realtime,,2026-09-15 07:17:58
22,黄河边约会后失踪女孩遗体已火化,河南新乡一位19岁女孩今年6月与男友黄河边约会后失踪，遗体7月在开封水域被发现，尸检认定溺水身亡，遗体已于9月12日火化。警方审查后不予立案，女孩母亲对此存疑，计划就不予立案申请复议。,5903421,https://www.baidu.com/s?wd=%E9%BB%84%E6%B2%B3%E8%BE%B9%E7%BA%A6%E4%BC%9A%E5%90%8E%E5%A4%B1%E8%B8%AA%E5%A5%B3%E5%AD%A9%E9%81%97%E4%BD%93%E5%B7%B2%E7%81%AB%E5%8C%96&sa=fyb_news&rsv_dl=fyb_news,https://fyb-2.cdn.bcebos.com/hotboard_image/2bc9cdfe2d3af3574c9d1f96d75a6efe,百度热搜,实时热搜,realtime,,2026-09-15 07:17:58
23,多城楼盘“抱团涨价”,9月1日，成都、广州等地多家房企传出收回折扣或上调价格通知。此前，“8·28新政”落地后，上海、广州、深圳等城市部分楼盘相继传出涨价消息。分析指出，此轮涨价多为收回1%至3%优惠，实为开发商借政策窗口制造“再不买就涨”预期的试探性营销，而非市场全面反转。,5798248,https://www.baidu.com/s?wd=%E5%A4%9A%E5%9F%8E%E6%A5%BC%E7%9B%98%E2%80%9C%E6%8A%B1%E5%9B%A2%E6%B6%A8%E4%BB%B7%E2%80%9D&sa=fyb_news&rsv_dl=fyb_news,https://fyb-2.cdn.bcebos.com/hotboard_image/8b3296e357f6bf2acadab28b4d7c9566,百度热搜,实时热搜,realtime,,2026-09-15 07:17:58
24,中国团队在芯片领域获重要突破,14日，中国科学院半导体研究所等团队研制出新型“铁电隧穿结”，它利用原子层间仅埃米级的微小滑移，就能让开关电阻相差约1900万倍，还能反复开关超过1000亿次，为开发更省电、更耐用的存储和存算一体芯片提供新路径。,5708588,https://www.baidu.com/s?wd=%E4%B8%AD%E5%9B%BD%E5%9B%A2%E9%98%9F%E5%9C%A8%E8%8A%AF%E7%89%87%E9%A2%86%E5%9F%9F%E8%8E%B7%E9%87%8D%E8%A6%81%E7%AA%81%E7%A0%B4&sa=fyb_news&rsv_dl=fyb_news,https://fyb-2.cdn.bcebos.com/hotboard_image/92650afc103e2fac086ddbcad4b07bd8,百度热搜,实时热搜,realtime,,2026-09-15 07:17:58
25,黄斌公开炮轰罗永浩,,5605578,https://www.baidu.com/s?wd=%E9%BB%84%E6%96%8C%E5%85%AC%E5%BC%80%E7%82%AE%E8%BD%B0%E7%BD%97%E6%B0%B8%E6%B5%A9&sa=fyb_news&rsv_dl=fyb_news,https://fyb-1.cdn.bcebos.com/fyb/de6163834f53ca92c1273fff98ac9078.jpeg,百度热搜,实时热搜,realtime,,2026-09-15 07:17:58
26,敬一丹多张生前照片公布,14日晚，敬一丹公众账号发布视频回顾敬一丹生平，公布多张旧照。视频记录了她从1955年出生、就读北京广播学院，到主持《焦点访谈》《感动中国》，再到2026年6月最后一次面对镜头的人生轨迹。,5504686,https://www.baidu.com/s?wd=%E6%95%AC%E4%B8%80%E4%B8%B9%E5%A4%9A%E5%BC%A0%E7%94%9F%E5%89%8D%E7%85%A7%E7%89%87%E5%85%AC%E5%B8%83&sa=fyb_news&rsv_dl=fyb_news,https://fyb-2.cdn.bcebos.com/hotboard_image/9057a36f36fb68a991bb99270f44ce82,百度热搜,实时热搜,realtime,,2026-09-15 07:17:58
27,农村大集上 人大代表“摆了个摊儿”,,5413937,https://www.baidu.com/s?wd=%E5%86%9C%E6%9D%91%E5%A4%A7%E9%9B%86%E4%B8%8A+%E4%BA%BA%E5%A4%A7%E4%BB%A3%E8%A1%A8%E2%80%9C%E6%91%86%E4%BA%86%E4%B8%AA%E6%91%8A%E5%84%BF%E2%80%9D&sa=fyb_news&rsv_dl=fyb_news,https://fyb-1.cdn.bcebos.com/fyb/de6163834f53ca92c1273fff98ac9078.jpeg,百度热搜,实时热搜,realtime,,2026-09-15 07:17:58
28,中国球员吕孟洋加盟西班牙人,9月14日，皇家西班牙人足球俱乐部宣布，中国球员吕孟洋加入球队青训体系，将代表西班牙人青年B队出战比赛。,5310545,https://www.baidu.com/s?wd=%E4%B8%AD%E5%9B%BD%E7%90%83%E5%91%98%E5%90%95%E5%AD%9F%E6%B4%8B%E5%8A%A0%E7%9B%9F%E8%A5%BF%E7%8F%AD%E7%89%99%E4%BA%BA&sa=fyb_news&rsv_dl=fyb_news,https://fyb-2.cdn.bcebos.com/hotboard_image/5c3b53c52d937d3b7ffe05607b7a1961,百度热搜,实时热搜,realtime,,2026-09-15 07:17:58
29,60个手机号挂名下 男子14年后才发现,,5232501,https://www.baidu.com/s?wd=60%E4%B8%AA%E6%89%8B%E6%9C%BA%E5%8F%B7%E6%8C%82%E5%90%8D%E4%B8%8B+%E7%94%B7%E5%AD%9014%E5%B9%B4%E5%90%8E%E6%89%8D%E5%8F%91%E7%8E%B0&sa=fyb_news&rsv_dl=fyb_news,https://fyb-1.cdn.bcebos.com/fyb/de6163834f53ca92c1273fff98ac9078.jpeg,百度热搜,实时热搜,realtime,,2026-09-15 07:17:58
30,95后清华核科技女博士当村支书,95后清华核科技博士王帅于今年1月主动报名担任恩施州利川市凉雾乡诸天村第一书记。驻村8个月来，她利用设备拍摄乡村风貌，吸引近百游客避暑并对接农产品采购；还协调接通二组自来水、为盘龙片区安装66盏新路灯。,5142541,https://www.baidu.com/s?wd=95%E5%90%8E%E6%B8%85%E5%8D%8E%E6%A0%B8%E7%A7%91%E6%8A%80%E5%A5%B3%E5%8D%9A%E5%A3%AB%E5%BD%93%E6%9D%91%E6%94%AF%E4%B9%A6&sa=fyb_news&rsv_dl=fyb_news,https://fyb-2.cdn.bcebos.com/hotboard_image/1924345dd972c737b42b7b24ad21b2b5,百度热搜,实时热搜,realtime,,2026-09-15 07:17:58
31,云南普洱地震,据中国地震台网正式测定，9月14日17时7分在云南普洱市墨江县发生4.5级地震，震源深度10公里，震中位于北纬23.15度，东经101.61度。,5051027,https://www.baidu.com/s?wd=%E4%BA%91%E5%8D%97%E6%99%AE%E6%B4%B1%E5%9C%B0%E9%9C%87&sa=fyb_news&rsv_dl=fyb_news,https://fyb-2.cdn.bcebos.com/hotboard_image/d73aaf6bf0f7d394aadfbe213fb74c24,百度热搜,实时热搜,realtime,,2026-09-15 07:17:58
32,王曼昱反超孙颖莎登顶女单世界第一,9月14日，国际乒联第38周排名更新，王曼昱以9115分反超孙颖莎的8975分，职业生涯首次登顶女单世界第一。,4950790,https://www.baidu.com/s?wd=%E7%8E%8B%E6%9B%BC%E6%98%B1%E5%8F%8D%E8%B6%85%E5%AD%99%E9%A2%96%E8%8E%8E%E7%99%BB%E9%A1%B6%E5%A5%B3%E5%8D%95%E4%B8%96%E7%95%8C%E7%AC%AC%E4%B8%80&sa=fyb_news&rsv_dl=fyb_news,https://fyb-2.cdn.bcebos.com/hotboard_image/ad21888f442269a4baeb30d91700078d,百度热搜,实时热搜,realtime,,2026-09-15 07:17:58
33,大型企业拖欠账款见一个查一个,近年来，部分行业内卷式竞争加剧，大型企业拖欠中小企业账款问题凸显。为此，市场监管总局会同多部门部署2026年反不正当竞争执法专项行动，重点查处大型企业滥用优势地位拖欠中小企业账款行为，查实后将依法依规严厉处罚。,4840536,https://www.baidu.com/s?wd=%E5%A4%A7%E5%9E%8B%E4%BC%81%E4%B8%9A%E6%8B%96%E6%AC%A0%E8%B4%A6%E6%AC%BE%E8%A7%81%E4%B8%80%E4%B8%AA%E6%9F%A5%E4%B8%80%E4%B8%AA&sa=fyb_news&rsv_dl=fyb_news,https://fyb-2.cdn.bcebos.com/hotboard_image/8dd519ac672d45135bd3d6093ee0ad31,百度热搜,实时热搜,realtime,,2026-09-15 07:17:58
34,“钨”呼 起飞,近年来，钨作为国防军工、半导体、AI算力等领域不可替代的关键矿产，供应日益紧张。目前，国际市场上钨产业链中间产品的价格，相比两年前已经上涨近900％。近期，多国调整关键矿产政策，全球钨资源争夺正全面升级。,4743014,https://www.baidu.com/s?wd=%E2%80%9C%E9%92%A8%E2%80%9D%E5%91%BC+%E8%B5%B7%E9%A3%9E&sa=fyb_news&rsv_dl=fyb_news,https://fyb-2.cdn.bcebos.com/hotboard_image/af0e7a0a81603ff9c80b165e9e97c658,百度热搜,实时热搜,realtime,,2026-09-15 07:17:58
35,李玉刚当选吉林文联兼职副主席,9月12日至9月13日，在吉林省文联第十次代表大会上，李玉刚当选第十届吉林省文联兼职副主席。李玉刚在采访中回应：内心十分激动，多年致力于国风艺术传承和发展，未来也会多多回到家乡，未来有更多机会助力家乡艺术人才发展。,4664133,https://www.baidu.com/s?wd=%E6%9D%8E%E7%8E%89%E5%88%9A%E5%BD%93%E9%80%89%E5%90%89%E6%9E%97%E6%96%87%E8%81%94%E5%85%BC%E8%81%8C%E5%89%AF%E4%B8%BB%E5%B8%AD&sa=fyb_news&rsv_dl=fyb_news,https://fyb-2.cdn.bcebos.com/hotboard_image/cdc76b6213bd9db35ac94b83fed67c1d,百度热搜,实时热搜,realtime,,2026-09-15 07:17:58
36,韩剧男主回应长得丑,据9月14日网友爆料，韩剧《杀手妈咪》男主郑准元在终映采访中，回应外界关于他外貌的争议。他坦言听到别人说自己长得丑心里不会舒服，但并未回避争议或刻意卖惨，认为这是自己需要承受的评价，相关发言引发网友关注。,4544700,https://www.baidu.com/s?wd=%E9%9F%A9%E5%89%A7%E7%94%B7%E4%B8%BB%E5%9B%9E%E5%BA%94%E9%95%BF%E5%BE%97%E4%B8%91&sa=fyb_news&rsv_dl=fyb_news,https://fyb-2.cdn.bcebos.com/hotboard_image/000f0d95331a8bb63e31de12dbedb145,百度热搜,实时热搜,realtime,,2026-09-15 07:17:58
37,小孩哥解锁泡面盖“传送带”式吃法,,4446826,https://www.baidu.com/s?wd=%E5%B0%8F%E5%AD%A9%E5%93%A5%E8%A7%A3%E9%94%81%E6%B3%A1%E9%9D%A2%E7%9B%96%E2%80%9C%E4%BC%A0%E9%80%81%E5%B8%A6%E2%80%9D%E5%BC%8F%E5%90%83%E6%B3%95&sa=fyb_news&rsv_dl=fyb_news,https://fyb-1.cdn.bcebos.com/fyb/de6163834f53ca92c1273fff98ac9078.jpeg,百度热搜,实时热搜,realtime,,2026-09-15 07:17:58
38,王一博代言疑涉虚假宣传？品牌方回应,9月14日，“王一博新代言疑似涉嫌虚假宣传”相关话题冲上热搜。蓝芩品牌方当晚回应称相关言论属于造谣诋毁，已经报警。蓝芩表示产品为普通食品，抽检合格，网传处罚信息不实，将通过法律维权。,4376616,https://www.baidu.com/s?wd=%E7%8E%8B%E4%B8%80%E5%8D%9A%E4%BB%A3%E8%A8%80%E7%96%91%E6%B6%89%E8%99%9A%E5%81%87%E5%AE%A3%E4%BC%A0%EF%BC%9F%E5%93%81%E7%89%8C%E6%96%B9%E5%9B%9E%E5%BA%94&sa=fyb_news&rsv_dl=fyb_news,https://fyb-2.cdn.bcebos.com/hotboard_image/8bea31bcc5cff3f718192f4065608827,百度热搜,实时热搜,realtime,,2026-09-15 07:17:58
39,宠物猫坠亡 家政工赔15750元,,4291161,https://www.baidu.com/s?wd=%E5%AE%A0%E7%89%A9%E7%8C%AB%E5%9D%A0%E4%BA%A1+%E5%AE%B6%E6%94%BF%E5%B7%A5%E8%B5%9415750%E5%85%83&sa=fyb_news&rsv_dl=fyb_news,https://fyb-1.cdn.bcebos.com/fyb/de6163834f53ca92c1273fff98ac9078.jpeg,百度热搜,实时热搜,realtime,,2026-09-15 07:17:58
40,日本艺术家办展揭侵华日军暴行,,4165662,https://www.baidu.com/s?wd=%E6%97%A5%E6%9C%AC%E8%89%BA%E6%9C%AF%E5%AE%B6%E5%8A%9E%E5%B1%95%E6%8F%AD%E4%BE%B5%E5%8D%8E%E6%97%A5%E5%86%9B%E6%9A%B4%E8%A1%8C&sa=fyb_news&rsv_dl=fyb_news,https://fyb-1.cdn.bcebos.com/fyb/de6163834f53ca92c1273fff98ac9078.jpeg,百度热搜,实时热搜,realtime,,2026-09-15 07:17:58
41,美方称拥有“在轨”太空控制武器,,4088403,https://www.baidu.com/s?wd=%E7%BE%8E%E6%96%B9%E7%A7%B0%E6%8B%A5%E6%9C%89%E2%80%9C%E5%9C%A8%E8%BD%A8%E2%80%9D%E5%A4%AA%E7%A9%BA%E6%8E%A7%E5%88%B6%E6%AD%A6%E5%99%A8&sa=fyb_news&rsv_dl=fyb_news,https://fyb-1.cdn.bcebos.com/fyb/de6163834f53ca92c1273fff98ac9078.jpeg,百度热搜,实时热搜,realtime,,2026-09-15 07:17:58
42,王老吉回应新品被指抄袭,,3980038,https://www.baidu.com/s?wd=%E7%8E%8B%E8%80%81%E5%90%89%E5%9B%9E%E5%BA%94%E6%96%B0%E5%93%81%E8%A2%AB%E6%8C%87%E6%8A%84%E8%A2%AD&sa=fyb_news&rsv_dl=fyb_news,https://fyb-1.cdn.bcebos.com/fyb/de6163834f53ca92c1273fff98ac9078.jpeg,百度热搜,实时热搜,realtime,,2026-09-15 07:17:58
43,海南万宁出现龙卷风,9月14日，受强对流天气影响，海南省万宁市遭遇龙卷风袭击，现场不少树木被吹倒。,3888766,https://www.baidu.com/s?wd=%E6%B5%B7%E5%8D%97%E4%B8%87%E5%AE%81%E5%87%BA%E7%8E%B0%E9%BE%99%E5%8D%B7%E9%A3%8E&sa=fyb_news&rsv_dl=fyb_news,https://fyb-2.cdn.bcebos.com/hotboard_image/de115f92ccfdc9de413317a0298dba31,百度热搜,实时热搜,realtime,,2026-09-15 07:17:58
44,金星伴月,9月14日晚，全国多地夜空上演“金星伴月”浪漫天象。天气晴好区域，无需借助专业设备，仅凭肉眼便能观赏到明亮金星与蛾眉月近距离相依的画面。,3810296,https://www.baidu.com/s?wd=%E9%87%91%E6%98%9F%E4%BC%B4%E6%9C%88&sa=fyb_news&rsv_dl=fyb_news,https://fyb-2.cdn.bcebos.com/hotboard_image/fae7592de8eab3d5a3ac1ca2616784d4,百度热搜,实时热搜,realtime,,2026-09-15 07:17:58
45,于东来回应新员工实行四年合同制,9月14日晚，于东来发文回应“胖东来新员工实行四年合同制”。于东来表示，胖东来企业的目标是培养更多懂得科学轻松健康生活的群体、从而带动更多人们实现轻松快乐幸福的生活，未来四年合同制学员也是这个目的，大家不要误解，关于工作和劳资方面严格按照劳动法执行。,3717907,https://www.baidu.com/s?wd=%E4%BA%8E%E4%B8%9C%E6%9D%A5%E5%9B%9E%E5%BA%94%E6%96%B0%E5%91%98%E5%B7%A5%E5%AE%9E%E8%A1%8C%E5%9B%9B%E5%B9%B4%E5%90%88%E5%90%8C%E5%88%B6&sa=fyb_news&rsv_dl=fyb_news,https://fyb-2.cdn.bcebos.com/hotboard_image/393091fc2bb67b234c72914022e8b94f,百度热搜,实时热搜,realtime,,2026-09-15 07:17:58
46,杭州机器人交警中队完成升级,,3607593,https://www.baidu.com/s?wd=%E6%9D%AD%E5%B7%9E%E6%9C%BA%E5%99%A8%E4%BA%BA%E4%BA%A4%E8%AD%A6%E4%B8%AD%E9%98%9F%E5%AE%8C%E6%88%90%E5%8D%87%E7%BA%A7&sa=fyb_news&rsv_dl=fyb_news,https://fyb-1.cdn.bcebos.com/fyb/de6163834f53ca92c1273fff98ac9078.jpeg,百度热搜,实时热搜,realtime,,2026-09-15 07:17:58
47,国产AI短片 最不像AI的AI神作,9月6日，B站UP主DiDi_OK凭借AI短片《网站》，在2026年威尼斯Reply AI Film Festival中斩获两项大奖，从3100部作品中脱颖而出。该作被观众称为“最不像AI的AI神作”，获郭帆点赞。,3490986,https://www.baidu.com/s?wd=%E5%9B%BD%E4%BA%A7AI%E7%9F%AD%E7%89%87+%E6%9C%80%E4%B8%8D%E5%83%8FAI%E7%9A%84AI%E7%A5%9E%E4%BD%9C&sa=fyb_news&rsv_dl=fyb_news,https://fyb-2.cdn.bcebos.com/hotboard_image/4586ffb935d2a8a2bd4496f4a406af89,百度热搜,实时热搜,realtime,,2026-09-15 07:17:58
48,小学改养老院不是“换块牌子”就行,据媒体报道，各地正加快盘活闲置校舍资源，不少闲置小学被改造为养老院、养老中心、长者食堂等场所。不过，校舍改建养老机构并非简单“换块牌子”，需要在适老标准、服务质量、可持续运营等方面因地制宜、精细打磨。,3435272,https://www.baidu.com/s?wd=%E5%B0%8F%E5%AD%A6%E6%94%B9%E5%85%BB%E8%80%81%E9%99%A2%E4%B8%8D%E6%98%AF%E2%80%9C%E6%8D%A2%E5%9D%97%E7%89%8C%E5%AD%90%E2%80%9D%E5%B0%B1%E8%A1%8C&sa=fyb_news&rsv_dl=fyb_news,https://fyb-2.cdn.bcebos.com/hotboard_image/1d30f82f539c0d6820852676d733f8c9,百度热搜,实时热搜,realtime,,2026-09-15 07:17:58
49,基层干部下班“卧底”外卖员,呼和浩特基层干部冯文超，下班兼职外卖员“卧底”两个多月，配送超2600单，排名稳居前15%。他亲身感受骑手难处并记录问题，推动多项便民举措落地，面对外界质疑，他表示做事无愧人民。,3298605,https://www.baidu.com/s?wd=%E5%9F%BA%E5%B1%82%E5%B9%B2%E9%83%A8%E4%B8%8B%E7%8F%AD%E2%80%9C%E5%8D%A7%E5%BA%95%E2%80%9D%E5%A4%96%E5%8D%96%E5%91%98&sa=fyb_news&rsv_dl=fyb_news,https://fyb-2.cdn.bcebos.com/hotboard_image/d91b0353b2131794b9e84ab24063f9d4,百度热搜,实时热搜,realtime,,2026-09-15 07:17:58
50,业主空置房被物业擅自打开堆杂物,,3244355,https://www.baidu.com/s?wd=%E4%B8%9A%E4%B8%BB%E7%A9%BA%E7%BD%AE%E6%88%BF%E8%A2%AB%E7%89%A9%E4%B8%9A%E6%93%85%E8%87%AA%E6%89%93%E5%BC%80%E5%A0%86%E6%9D%82%E7%89%A9&sa=fyb_news&rsv_dl=fyb_news,https://fyb-1.cdn.bcebos.com/fyb/de6163834f53ca92c1273fff98ac9078.jpeg,百度热搜,实时热搜,realtime,,2026-09-15 07:17:58
1,始终把人民生命安全放在首位,2026年汛期，我国多地遭遇持续性极端强降水过程，多处河流、水库遭遇险情，人民群众生命财产安全面临严峻考验。习近平总书记高度关注雨情、汛情、灾情，始终牵挂灾区群众安危，亲自部署、亲自指挥防汛抗洪救灾工作，多次主持召开重要会议、作出重要指示，要求“扎实做好防灾救灾各项工作，确保人民群众生命财产安全”。,7904036,https://www.baidu.com/s?wd=%E5%A7%8B%E7%BB%88%E6%8A%8A%E4%BA%BA%E6%B0%91%E7%94%9F%E5%91%BD%E5%AE%89%E5%85%A8%E6%94%BE%E5%9C%A8%E9%A6%96%E4%BD%8D&sa=fyb_news&rsv_dl=fyb_news,https://fyb-2.cdn.bcebos.com/hotboard_image/23498e790ec72673a3e3ee478372308e,百度热搜,实时热搜,realtime,,2026-09-15 08:56:25
2,牛肉价格持续上涨,中秋、国庆临近，牛肉消费逐渐进入旺季，市场呈现量价齐升的态势。数据显示，9月11日，北京新发地市场牛前腱价格为每公斤75元，环比上涨4%，同比上涨17%。商户介绍，牛肉价格近期涨幅明显，一方面是需求拉动，另外就是肉牛存栏下降、供应减少。,7809630,https://www.baidu.com/s?wd=%E7%89%9B%E8%82%89%E4%BB%B7%E6%A0%BC%E6%8C%81%E7%BB%AD%E4%B8%8A%E6%B6%A8&sa=fyb_news&rsv_dl=fyb_news,https://fyb-2.cdn.bcebos.com/hotboard_image/ffba139ca831cab5e98f32ab7508ddc5,百度热搜,实时热搜,realtime,,2026-09-15 08:56:25
3,演唱会求婚当事人称已报警,9月12日，北京鸟巢赵雷演唱会现场，一对情侣因求婚时女方激动站起，遭后排观众齐声高喊“坐下”。拍摄该视频的观众表示，自己花大几千元购票只想安静听歌。目前，当事人已私信拍摄者称报警并启动司法程序，要求下架相关视频。,7712753,https://www.baidu.com/s?wd=%E6%BC%94%E5%94%B1%E4%BC%9A%E6%B1%82%E5%A9%9A%E5%BD%93%E4%BA%8B%E4%BA%BA%E7%A7%B0%E5%B7%B2%E6%8A%A5%E8%AD%A6&sa=fyb_news&rsv_dl=fyb_news,https://fyb-2.cdn.bcebos.com/hotboard_image/1c20e6f3a785d726fc84ebf7f398facc,百度热搜,实时热搜,realtime,,2026-09-15 08:56:25
4,未来五年民生健康重磅规划,9月14日上午，国务院新闻办公室举行“开局起步‘十五五’”系列主题新闻发布会，国家卫生健康委、国家中医药局、国家疾控局等部门负责人介绍推动健康中国建设取得决定性进展有关情况。未来5年，要从“有”向“优”转变，我国将加快完善优质高效整合型医疗卫生服务体系，让更多群众在家门口看得上病、看得好病。,7616293,https://www.baidu.com/s?wd=%E6%9C%AA%E6%9D%A5%E4%BA%94%E5%B9%B4%E6%B0%91%E7%94%9F%E5%81%A5%E5%BA%B7%E9%87%8D%E7%A3%85%E8%A7%84%E5%88%92&sa=fyb_news&rsv_dl=fyb_news,https://fyb-2.cdn.bcebos.com/hotboard_image/b6b9209ffb8acbccaef38390b65fe2df,百度热搜,实时热搜,realtime,,2026-09-15 08:56:25
5,“南北丰田”有望合并,9月14日晚间，广汽集团公告称，与一汽股份签署意向协议，筹划购买其持有的某整车合资公司部分股权，公司A股股票自2026年9月14日起停牌。交易完成后，一汽股份将成为广汽第二大股东，引发“南北丰田”合并猜想。,7522913,https://www.baidu.com/s?wd=%E2%80%9C%E5%8D%97%E5%8C%97%E4%B8%B0%E7%94%B0%E2%80%9D%E6%9C%89%E6%9C%9B%E5%90%88%E5%B9%B6&sa=fyb_news&rsv_dl=fyb_news,https://fyb-2.cdn.bcebos.com/hotboard_image/8a306c09f36120de49dbc90a9a074bfb,百度热搜,实时热搜,realtime,,2026-09-15 08:56:25
6,武契奇：将辞去塞尔维亚总统职务,当地时间9月14日晚，塞尔维亚总统武契奇宣布，他将于9月27日辞去总统职务，此后将以普通公民身份参加竞选活动并与民众交流。,7426106,https://www.baidu.com/s?wd=%E6%AD%A6%E5%A5%91%E5%A5%87%EF%BC%9A%E5%B0%86%E8%BE%9E%E5%8E%BB%E5%A1%9E%E5%B0%94%E7%BB%B4%E4%BA%9A%E6%80%BB%E7%BB%9F%E8%81%8C%E5%8A%A1&sa=fyb_news&rsv_dl=fyb_news,https://fyb-2.cdn.bcebos.com/hotboard_image/0d1bf44b084b161e22006d2f325b79fb,百度热搜,实时热搜,realtime,,2026-09-15 08:56:25
7,“喊坐下都算礼貌 要我就喊离婚”,9月12日，赵雷北京鸟巢演唱会上，前排一名男观众突然向女友求婚，女方激动站起，导致后排齐声高喊“坐下”。这段现场视频被发到社交媒体后，此事冲上热搜。更有人表态：“喊坐下都算礼貌，要我就喊离婚。”,7329355,https://www.baidu.com/s?wd=%E2%80%9C%E5%96%8A%E5%9D%90%E4%B8%8B%E9%83%BD%E7%AE%97%E7%A4%BC%E8%B2%8C+%E8%A6%81%E6%88%91%E5%B0%B1%E5%96%8A%E7%A6%BB%E5%A9%9A%E2%80%9D&sa=fyb_news&rsv_dl=fyb_news,https://fyb-2.cdn.bcebos.com/hotboard_image/1b54c00df40217351cbd810d888a0e22,百度热搜,实时热搜,realtime,,2026-09-15 08:56:25
8,演唱会求婚 别把没素质当仪式感,9月12日，赵雷北京鸟巢演唱会上，前排一名男观众突然向女友求婚，女方激动站起，导致后排齐声高喊“坐下”。此前两人还向周围观众撒喜糖，保安介入制止。演唱会求婚，别把没素质当仪式感。,7238463,https://www.baidu.com/s?wd=%E6%BC%94%E5%94%B1%E4%BC%9A%E6%B1%82%E5%A9%9A+%E5%88%AB%E6%8A%8A%E6%B2%A1%E7%B4%A0%E8%B4%A8%E5%BD%93%E4%BB%AA%E5%BC%8F%E6%84%9F&sa=fyb_news&rsv_dl=fyb_news,https://fyb-2.cdn.bcebos.com/hotboard_image/8e5c428286064ce4b9215d6ae164fca3,百度热搜,实时热搜,realtime,,2026-09-15 08:56:25
9,父亲撞死人儿子顶包 全家串供掩盖,2020年李某无证驾车撞死人，为骗取百万保险理赔，指使20岁儿子顶罪，父子全家串供掩盖真相。儿子碍于所谓孝道顶替受刑，获缓刑，保险赔付110余万元。五年后，其发小为减刑检举此案。法院撤销原判，李某数罪并罚获刑七年，儿子犯包庇、保险诈骗获缓刑。,7136893,https://www.baidu.com/s?wd=%E7%88%B6%E4%BA%B2%E6%92%9E%E6%AD%BB%E4%BA%BA%E5%84%BF%E5%AD%90%E9%A1%B6%E5%8C%85+%E5%85%A8%E5%AE%B6%E4%B8%B2%E4%BE%9B%E6%8E%A9%E7%9B%96&sa=fyb_news&rsv_dl=fyb_news,https://fyb-2.cdn.bcebos.com/hotboard_image/3a572811c0d84375d37fd386b5243de1,百度热搜,实时热搜,realtime,,2026-09-15 08:56:25
10,全球最大每周车展创始人车祸身亡,当地时间9月13日凌晨，全球规模最大的每周汽车展创始人詹姆斯·韦尔在美国加利福尼亚州发生车祸，其汽车撞树后断成两截并起火燃烧，最终不幸身亡。另一名司机也在事故中遇难，身份尚未公布。,7046448,https://www.baidu.com/s?wd=%E5%85%A8%E7%90%83%E6%9C%80%E5%A4%A7%E6%AF%8F%E5%91%A8%E8%BD%A6%E5%B1%95%E5%88%9B%E5%A7%8B%E4%BA%BA%E8%BD%A6%E7%A5%B8%E8%BA%AB%E4%BA%A1&sa=fyb_news&rsv_dl=fyb_news,https://fyb-2.cdn.bcebos.com/hotboard_image/6454a05905b9a0e81908150fc286a189,百度热搜,实时热搜,realtime,,2026-09-15 08:56:25
11,iPhone终于支持调休闹钟了,目前iOS27正式版已推送，国行版iPhone终于支持设置调休工作日闹钟。用户在闹钟设置中选择“工作日含调休”后，闹钟会在常规工作日及调休上班日自动响起。此外，稍后提醒时长最长可设为15分钟。,6947445,https://www.baidu.com/s?wd=iPhone%E7%BB%88%E4%BA%8E%E6%94%AF%E6%8C%81%E8%B0%83%E4%BC%91%E9%97%B9%E9%92%9F%E4%BA%86&sa=fyb_news&rsv_dl=fyb_news,https://fyb-2.cdn.bcebos.com/hotboard_image/6ba6e98977aa5d85b532983b9887a569,百度热搜,实时热搜,realtime,,2026-09-15 08:56:25
12,停止资助学生后反遭威胁系造谣,近日，网传男子终止资助女学生遭对方威胁一事引发热议，嘉峪关公安通报，该内容系网民姚某某编造博流量，案件正在侦办中。,6857509,https://www.baidu.com/s?wd=%E5%81%9C%E6%AD%A2%E8%B5%84%E5%8A%A9%E5%AD%A6%E7%94%9F%E5%90%8E%E5%8F%8D%E9%81%AD%E5%A8%81%E8%83%81%E7%B3%BB%E9%80%A0%E8%B0%A3&sa=fyb_news&rsv_dl=fyb_news,https://fyb-2.cdn.bcebos.com/hotboard_image/0590601230bd2fba9a9ce5e9e1b802e1,百度热搜,实时热搜,realtime,,2026-09-15 08:56:25
13,知名游戏老板百亿元天价离婚创纪录,近日，韩国首尔家庭法院对《穿越火线》开发商Smilegate创始人权赫彬与妻子李某离婚案作出一审判决。法院裁定权赫彬向李某转让35%股份，并支付约3.24亿元人民币现金，分割总额约127.25亿元人民币，创下韩国公开离婚案新高。,6751729,https://www.baidu.com/s?wd=%E7%9F%A5%E5%90%8D%E6%B8%B8%E6%88%8F%E8%80%81%E6%9D%BF%E7%99%BE%E4%BA%BF%E5%85%83%E5%A4%A9%E4%BB%B7%E7%A6%BB%E5%A9%9A%E5%88%9B%E7%BA%AA%E5%BD%95&sa=fyb_news&rsv_dl=fyb_news,https://fyb-2.cdn.bcebos.com/hotboard_image/d798836f59b0590683723d1c1f5207ac,百度热搜,实时热搜,realtime,,2026-09-15 08:56:25
14,饮用水报告：72%成年人未达适宜摄入量,由农业农村部食物与营养发展研究所、中粮营养健康研究院共同主办的《饮用水健康与感官品质研究报告》发布会近日召开。报告指出，我国居民对饮水重视不足，72%的成年人未达适宜摄入量，应把喝水放到与吃饭同等重要位置。,6657555,https://www.baidu.com/s?wd=%E9%A5%AE%E7%94%A8%E6%B0%B4%E6%8A%A5%E5%91%8A%EF%BC%9A72%25%E6%88%90%E5%B9%B4%E4%BA%BA%E6%9C%AA%E8%BE%BE%E9%80%82%E5%AE%9C%E6%91%84%E5%85%A5%E9%87%8F&sa=fyb_news&rsv_dl=fyb_news,https://fyb-2.cdn.bcebos.com/hotboard_image/84c7c471d60f82979310e970f72c6f7a,百度热搜,实时热搜,realtime,,2026-09-15 08:56:25
15,95后清华核科技女博士当村支书,95后清华核科技博士王帅于今年1月主动报名担任恩施州利川市凉雾乡诸天村第一书记。驻村8个月来，她利用设备拍摄乡村风貌，吸引近百游客避暑并对接农产品采购；还协调接通二组自来水、为盘龙片区安装66盏新路灯。,6564710,https://www.baidu.com/s?wd=95%E5%90%8E%E6%B8%85%E5%8D%8E%E6%A0%B8%E7%A7%91%E6%8A%80%E5%A5%B3%E5%8D%9A%E5%A3%AB%E5%BD%93%E6%9D%91%E6%94%AF%E4%B9%A6&sa=fyb_news&rsv_dl=fyb_news,https://fyb-2.cdn.bcebos.com/hotboard_image/1924345dd972c737b42b7b24ad21b2b5,百度热搜,实时热搜,realtime,,2026-09-15 08:56:25
16,一车人买错票 游客建议车站改名,,6477398,https://www.baidu.com/s?wd=%E4%B8%80%E8%BD%A6%E4%BA%BA%E4%B9%B0%E9%94%99%E7%A5%A8+%E6%B8%B8%E5%AE%A2%E5%BB%BA%E8%AE%AE%E8%BD%A6%E7%AB%99%E6%94%B9%E5%90%8D&sa=fyb_news&rsv_dl=fyb_news,https://fyb-1.cdn.bcebos.com/fyb/de6163834f53ca92c1273fff98ac9078.jpeg,百度热搜,实时热搜,realtime,,2026-09-15 08:56:25
17,四盒没人取的牛奶救人一命,近日，江苏无锡一小区保安卢强发现独居老人家中灯亮、四盒牛奶两天未取，且老人久未露面，报警后发现老人突发脑梗倒地。后老人获及时救治转危为安，9月10日卢强获颁证书和奖金。,6380878,https://www.baidu.com/s?wd=%E5%9B%9B%E7%9B%92%E6%B2%A1%E4%BA%BA%E5%8F%96%E7%9A%84%E7%89%9B%E5%A5%B6%E6%95%91%E4%BA%BA%E4%B8%80%E5%91%BD&sa=fyb_news&rsv_dl=fyb_news,https://fyb-2.cdn.bcebos.com/hotboard_image/8ba6c0a350d73f4e2ef38d895e97e1d4,百度热搜,实时热搜,realtime,,2026-09-15 08:56:25
18,广汽集团 资产重组,9月14日晚，广汽集团发布关于筹划重大资产重组事项的停牌公告。公司当日与一汽股份签署意向协议，拟以发行股份的方式收购一汽股份所持某整车合资公司部分股权，同时募集配套资金。据初步测算，本次交易完成后，一汽股份将成为广汽集团第二大股东，具备战略影响力。,6283859,https://www.baidu.com/s?wd=%E5%B9%BF%E6%B1%BD%E9%9B%86%E5%9B%A2+%E8%B5%84%E4%BA%A7%E9%87%8D%E7%BB%84&sa=fyb_news&rsv_dl=fyb_news,https://fyb-2.cdn.bcebos.com/hotboard_image/ea53c846994f3a5c43aee62636f55947,百度热搜,实时热搜,realtime,,2026-09-15 08:56:25
19,雷军现身宇树科技 王兴兴陪同,近日，雷军现身宇树科技观看人形机器人表演，王兴兴陪同。雷军现场感谢王兴兴5年前给了小米投资宇树的机会。此前今年3月，王兴兴曾带机器人到小米SU7发布会站台。,6181039,https://www.baidu.com/s?wd=%E9%9B%B7%E5%86%9B%E7%8E%B0%E8%BA%AB%E5%AE%87%E6%A0%91%E7%A7%91%E6%8A%80+%E7%8E%8B%E5%85%B4%E5%85%B4%E9%99%AA%E5%90%8C&sa=fyb_news&rsv_dl=fyb_news,https://fyb-2.cdn.bcebos.com/hotboard_image/9e9333c272237483bc913dc92233bf5a,百度热搜,实时热搜,realtime,,2026-09-15 08:56:25
20,海南多地停课,9月14日，受热带低压影响，海南多地遭遇强降雨。目前，海南已有13市县发布停课通知，具体包括三亚、定安、临高、乐东、五指山、陵水、琼海、保亭、琼中、万宁、屯昌、白沙、澄迈。,6081283,https://www.baidu.com/s?wd=%E6%B5%B7%E5%8D%97%E5%A4%9A%E5%9C%B0%E5%81%9C%E8%AF%BE&sa=fyb_news&rsv_dl=fyb_news,https://fyb-2.cdn.bcebos.com/hotboard_image/25a016b6cd6026fe7c3e48085e28da9b,百度热搜,实时热搜,realtime,,2026-09-15 08:56:25
21,三地联手闹“脱英” 英首相坐不住了,9月14日，苏格兰、威尔士和北爱尔兰三地领导人首次举行会晤并签署联合声明，呼吁获得举行独立公投权利谋求脱英。此前，三地分离倾向政党相继执政。英国首相伯纳姆迅速回应称坚信联合王国团结。,5998019,https://www.baidu.com/s?wd=%E4%B8%89%E5%9C%B0%E8%81%94%E6%89%8B%E9%97%B9%E2%80%9C%E8%84%B1%E8%8B%B1%E2%80%9D+%E8%8B%B1%E9%A6%96%E7%9B%B8%E5%9D%90%E4%B8%8D%E4%BD%8F%E4%BA%86&sa=fyb_news&rsv_dl=fyb_news,https://fyb-2.cdn.bcebos.com/hotboard_image/6d961e05629f15d63ec51154ee0d514e,百度热搜,实时热搜,realtime,,2026-09-15 08:56:25
22,女演员中村友理去世 年仅44岁,9月14日，日媒报道称，演员中村友理因直肠癌于9月1日去世，年仅44岁。公告回溯其抗癌经历：13年前她患癌，为不影响工作选择隐瞒，之后康复并定期体检。去年1月癌症复发，手术成功却出现转移；今年8月，她努力复出之际，又突发肠梗阻。,5890259,https://www.baidu.com/s?wd=%E5%A5%B3%E6%BC%94%E5%91%98%E4%B8%AD%E6%9D%91%E5%8F%8B%E7%90%86%E5%8E%BB%E4%B8%96+%E5%B9%B4%E4%BB%8544%E5%B2%81&sa=fyb_news&rsv_dl=fyb_news,https://fyb-2.cdn.bcebos.com/hotboard_image/4eb9bc616078ad917db5ed38f0130e91,百度热搜,实时热搜,realtime,,2026-09-15 08:56:25
23,苹果回应iPhone18Pro破发,9月14日，某电商平台显示256G的iPhone 18 Pro售价降至9099元，较官网直降900元。苹果官方客服对此回应称，第三方渠道有定价权，可能有平台补贴或店铺优惠，官方不会去干预，每年新机上市后渠道价格都会因供需关系波动。,5801055,https://www.baidu.com/s?wd=%E8%8B%B9%E6%9E%9C%E5%9B%9E%E5%BA%94iPhone18Pro%E7%A0%B4%E5%8F%91&sa=fyb_news&rsv_dl=fyb_news,https://fyb-2.cdn.bcebos.com/hotboard_image/c24c9393a8189ab4edf8e35d21877f54,百度热搜,实时热搜,realtime,,2026-09-15 08:56:25
24,“钨”呼 起飞,近年来，钨作为国防军工、半导体、AI算力等领域不可替代的关键矿产，供应日益紧张。目前，国际市场上钨产业链中间产品的价格，相比两年前已经上涨近900％。近期，多国调整关键矿产政策，全球钨资源争夺正全面升级。,5707537,https://www.baidu.com/s?wd=%E2%80%9C%E9%92%A8%E2%80%9D%E5%91%BC+%E8%B5%B7%E9%A3%9E&sa=fyb_news&rsv_dl=fyb_news,https://fyb-2.cdn.bcebos.com/hotboard_image/af0e7a0a81603ff9c80b165e9e97c658,百度热搜,实时热搜,realtime,,2026-09-15 08:56:25
25,认清这5类异常表现 关键时刻能救命,胸闷胸痛、心慌气短、肩背隐痛、咽部发紧、胃部不适，很多人会把这些症状当成普通小毛病，但这些症状往往是心脏发出的“求救信号”，背后可能提示冠状动脉已经出现狭窄或供血不足，如果忽视拖延，病情持续进展，严重时可能诱发心梗。,5602370,https://www.baidu.com/s?wd=%E8%AE%A4%E6%B8%85%E8%BF%995%E7%B1%BB%E5%BC%82%E5%B8%B8%E8%A1%A8%E7%8E%B0+%E5%85%B3%E9%94%AE%E6%97%B6%E5%88%BB%E8%83%BD%E6%95%91%E5%91%BD&sa=fyb_news&rsv_dl=fyb_news,https://fyb-2.cdn.bcebos.com/hotboard_image/af6145fc0e04b61ea52c8a47abf2f7d4,百度热搜,实时热搜,realtime,,2026-09-15 08:56:25
26,侄女帮小姨挡催婚 金句频出,,5503104,https://www.baidu.com/s?wd=%E4%BE%84%E5%A5%B3%E5%B8%AE%E5%B0%8F%E5%A7%A8%E6%8C%A1%E5%82%AC%E5%A9%9A+%E9%87%91%E5%8F%A5%E9%A2%91%E5%87%BA&sa=fyb_news&rsv_dl=fyb_news,https://fyb-1.cdn.bcebos.com/fyb/de6163834f53ca92c1273fff98ac9078.jpeg,百度热搜,实时热搜,realtime,,2026-09-15 08:56:25
27,AI降速呼声重挫芯片股,美东时间周一，由于美国AI行业领袖对安全问题的担忧升温，并呼吁放慢AI开发步伐，令英伟达等芯片股遭受重挫，拖累大盘走低。,5432208,https://www.baidu.com/s?wd=AI%E9%99%8D%E9%80%9F%E5%91%BC%E5%A3%B0%E9%87%8D%E6%8C%AB%E8%8A%AF%E7%89%87%E8%82%A1&sa=fyb_news&rsv_dl=fyb_news,https://fyb-2.cdn.bcebos.com/hotboard_image/75f1539ad9424c50b83a211f04bf6c85,百度热搜,实时热搜,realtime,,2026-09-15 08:56:25
28,月饼200元以上不好卖了,中秋临近，记者走访长沙月饼市场。月饼经销商罗女士直言：今年的月饼100元以下的最好卖，200元以上的就不好卖了，一些原来的月饼品牌也不见了，很多月饼企业产能达不到只能转行或关闭，销量同比去年估计会下降超20% 。,5320798,https://www.baidu.com/s?wd=%E6%9C%88%E9%A5%BC200%E5%85%83%E4%BB%A5%E4%B8%8A%E4%B8%8D%E5%A5%BD%E5%8D%96%E4%BA%86&sa=fyb_news&rsv_dl=fyb_news,https://fyb-2.cdn.bcebos.com/hotboard_image/1e408604104e221560d6dd88b35f148d,百度热搜,实时热搜,realtime,,2026-09-15 08:56:25
29,防范脑出血 这些信号要当心,脑出血多为急性突发，病情进展极快，延误救治会造成不可逆的脑组织损伤，如出现突发异常头痛、喷射性呕吐、精神萎靡、肢体无力、口齿不清、视物模糊等症状，切勿忽视，要及时就诊。,5240126,https://www.baidu.com/s?wd=%E9%98%B2%E8%8C%83%E8%84%91%E5%87%BA%E8%A1%80+%E8%BF%99%E4%BA%9B%E4%BF%A1%E5%8F%B7%E8%A6%81%E5%BD%93%E5%BF%83&sa=fyb_news&rsv_dl=fyb_news,https://fyb-2.cdn.bcebos.com/hotboard_image/7a60caaf4ad51d4afdb27379c43be4f3,百度热搜,实时热搜,realtime,,2026-09-15 08:56:25
30,近20省份公布社保缴费新基数,截至9月14日，已有近20个省级地区公布2026年度企业职工社会保险缴费基数上下限。今年北京、上海、湖南等地缴费基数下限继续上调，但涨幅有所收窄。上下限提高不意味着所有人社保费都多扣，是否多交取决于本人缴费基数和参保险种。,5122838,https://www.baidu.com/s?wd=%E8%BF%9120%E7%9C%81%E4%BB%BD%E5%85%AC%E5%B8%83%E7%A4%BE%E4%BF%9D%E7%BC%B4%E8%B4%B9%E6%96%B0%E5%9F%BA%E6%95%B0&sa=fyb_news&rsv_dl=fyb_news,https://fyb-2.cdn.bcebos.com/hotboard_image/ccadab26937d1bd0bda35545bea28996,百度热搜,实时热搜,realtime,,2026-09-15 08:56:25
31,黄河边约会后失踪女孩遗体已火化,河南新乡一位19岁女孩今年6月与男友黄河边约会后失踪，遗体7月在开封水域被发现，尸检认定溺水身亡，遗体已于9月12日火化。警方审查后不予立案，女孩母亲对此存疑，计划就不予立案申请复议。,5051734,https://www.baidu.com/s?wd=%E9%BB%84%E6%B2%B3%E8%BE%B9%E7%BA%A6%E4%BC%9A%E5%90%8E%E5%A4%B1%E8%B8%AA%E5%A5%B3%E5%AD%A9%E9%81%97%E4%BD%93%E5%B7%B2%E7%81%AB%E5%8C%96&sa=fyb_news&rsv_dl=fyb_news,https://fyb-2.cdn.bcebos.com/hotboard_image/2bc9cdfe2d3af3574c9d1f96d75a6efe,百度热搜,实时热搜,realtime,,2026-09-15 08:56:25
32,撤销41个“中国酿酒大师”称号,9月14日，中国轻工业联合会发布公告，撤销41个2021年评选的“中国酿酒大师”称号，禁止以此宣传推介。,4942963,https://www.baidu.com/s?wd=%E6%92%A4%E9%94%8041%E4%B8%AA%E2%80%9C%E4%B8%AD%E5%9B%BD%E9%85%BF%E9%85%92%E5%A4%A7%E5%B8%88%E2%80%9D%E7%A7%B0%E5%8F%B7&sa=fyb_news&rsv_dl=fyb_news,https://fyb-2.cdn.bcebos.com/hotboard_image/149a7686be57af4c5ae03a12cd84b553,百度热搜,实时热搜,realtime,,2026-09-15 08:56:25
33,iOS 27正式版来了,9月15日，苹果发布iOS 27正式版，带来不少新变化。iOS 27进行了大量系统优化，更新后iPhone和iPad的应用启动速度、照片图库中新照片的加载以及隔空投送的速度都会更快一些。,4857401,https://www.baidu.com/s?wd=iOS+27%E6%AD%A3%E5%BC%8F%E7%89%88%E6%9D%A5%E4%BA%86&sa=fyb_news&rsv_dl=fyb_news,https://fyb-2.cdn.bcebos.com/hotboard_image/5ada4ba5fa1ab47161a77268c35e21b8,百度热搜,实时热搜,realtime,,2026-09-15 08:56:25
34,基建神器上新：“静音+无尘”施工,近日，广州市白云展览中心项目正式投用华南地区规模最大的基坑气膜设施，覆盖面积约2.5万平方米。此前，传统露天施工易受恶劣天气影响且产生扬尘、噪声扰民。该设施可抵御14级台风，投用后整体降噪效果可达60%，有效遏制扬尘外逸，预计累计节约施工工期171天。,4762775,https://www.baidu.com/s?wd=%E5%9F%BA%E5%BB%BA%E7%A5%9E%E5%99%A8%E4%B8%8A%E6%96%B0%EF%BC%9A%E2%80%9C%E9%9D%99%E9%9F%B3%2B%E6%97%A0%E5%B0%98%E2%80%9D%E6%96%BD%E5%B7%A5&sa=fyb_news&rsv_dl=fyb_news,https://fyb-2.cdn.bcebos.com/hotboard_image/5470cbdb1c240bde63fd9bc7a6fe4506,百度热搜,实时热搜,realtime,,2026-09-15 08:56:25
35,3000元一针的“尸皮针”火了,3000多元一针、被网友称作“尸皮针”的Re2O在韩国医美圈走红。这款产品由已故捐献者皮肤经脱细胞处理制成细胞外基质，宣称可淡化细纹、抗衰嫩肤，已在韩、日、新加坡上市，为生产商带来可观营收。不少赴韩求美者体验后，称皮肤状态有所改善。,4669215,https://www.baidu.com/s?wd=3000%E5%85%83%E4%B8%80%E9%92%88%E7%9A%84%E2%80%9C%E5%B0%B8%E7%9A%AE%E9%92%88%E2%80%9D%E7%81%AB%E4%BA%86&sa=fyb_news&rsv_dl=fyb_news,https://fyb-2.cdn.bcebos.com/hotboard_image/dba8458af38338b11d4cbb17d79f125c,百度热搜,实时热搜,realtime,,2026-09-15 08:56:25
36,多城楼盘“抱团涨价”,9月1日，成都、广州等地多家房企传出收回折扣或上调价格通知。此前，“8·28新政”落地后，上海、广州、深圳等城市部分楼盘相继传出涨价消息。分析指出，此轮涨价多为收回1%至3%优惠，实为开发商借政策窗口制造“再不买就涨”预期的试探性营销，而非市场全面反转。,4569488,https://www.baidu.com/s?wd=%E5%A4%9A%E5%9F%8E%E6%A5%BC%E7%9B%98%E2%80%9C%E6%8A%B1%E5%9B%A2%E6%B6%A8%E4%BB%B7%E2%80%9D&sa=fyb_news&rsv_dl=fyb_news,https://fyb-2.cdn.bcebos.com/hotboard_image/8b3296e357f6bf2acadab28b4d7c9566,百度热搜,实时热搜,realtime,,2026-09-15 08:56:25
37,25元隔离霜“撞脸”CPB,9月14日媒体报道，资生堂中国起诉奥乐齐中国不正当竞争。事件起因是奥乐齐24.9元LACURA隔离霜被指与资生堂540元CPB隔离霜外观“几乎一模一样”。案件将于2026年11月5日开庭。,4459036,https://www.baidu.com/s?wd=25%E5%85%83%E9%9A%94%E7%A6%BB%E9%9C%9C%E2%80%9C%E6%92%9E%E8%84%B8%E2%80%9DCPB&sa=fyb_news&rsv_dl=fyb_news,https://fyb-2.cdn.bcebos.com/hotboard_image/a8c48e8170c79619bf3fe60cb56cae5c,百度热搜,实时热搜,realtime,,2026-09-15 08:56:25
38,卫健委：提倡大家多喝白开水淡茶水,9月14日，国家卫健委主任雷海潮在国新办发布会上介绍健康中国建设情况。他提到，国内居民高盐高糖高油饮食普遍，每日添加糖摄入建议控制在25克以内，单瓶500毫升含糖饮料含糖量就可能达到这一上限，建议大家多喝白开水、淡茶水。,4377811,https://www.baidu.com/s?wd=%E5%8D%AB%E5%81%A5%E5%A7%94%EF%BC%9A%E6%8F%90%E5%80%A1%E5%A4%A7%E5%AE%B6%E5%A4%9A%E5%96%9D%E7%99%BD%E5%BC%80%E6%B0%B4%E6%B7%A1%E8%8C%B6%E6%B0%B4&sa=fyb_news&rsv_dl=fyb_news,https://fyb-2.cdn.bcebos.com/hotboard_image/afcfeab3b3ded62251233629862c08f1,百度热搜,实时热搜,realtime,,2026-09-15 08:56:25
39,抵制美国货 加拿大超市货架大洗牌,美国政府去年对加拿大商品加征关税以来，加拿大就掀起了抵制美国产品、倡导买国货的消费潮流。随着越来越多加拿大消费者抵制美国货，加拿大各零售商开始加强产地标识并开辟除美国之外的更多货源地，各大超市货架陈列因此面貌大变。,4270311,https://www.baidu.com/s?wd=%E6%8A%B5%E5%88%B6%E7%BE%8E%E5%9B%BD%E8%B4%A7+%E5%8A%A0%E6%8B%BF%E5%A4%A7%E8%B6%85%E5%B8%82%E8%B4%A7%E6%9E%B6%E5%A4%A7%E6%B4%97%E7%89%8C&sa=fyb_news&rsv_dl=fyb_news,https://fyb-2.cdn.bcebos.com/hotboard_image/bb70fbd628c4caeb970d0ae7169ce3ce,百度热搜,实时热搜,realtime,,2026-09-15 08:56:25
40,浙江省委书记省长带头捐款,9月14日下午，浙江省委书记王浩、省长刘捷等省领导参加“慈善一日捐”活动并带头捐款。此前，该活动在浙江已延续多年，自2021年起每年省四套班子领导均带头捐款。,4161562,https://www.baidu.com/s?wd=%E6%B5%99%E6%B1%9F%E7%9C%81%E5%A7%94%E4%B9%A6%E8%AE%B0%E7%9C%81%E9%95%BF%E5%B8%A6%E5%A4%B4%E6%8D%90%E6%AC%BE&sa=fyb_news&rsv_dl=fyb_news,https://fyb-2.cdn.bcebos.com/hotboard_image/25ea9c64c5b928a1c918cc6c880a2d7e,百度热搜,实时热搜,realtime,,2026-09-15 08:56:25
41,云南普洱地震,据中国地震台网正式测定，9月14日17时7分在云南普洱市墨江县发生4.5级地震，震源深度10公里，震中位于北纬23.15度，东经101.61度。,4086101,https://www.baidu.com/s?wd=%E4%BA%91%E5%8D%97%E6%99%AE%E6%B4%B1%E5%9C%B0%E9%9C%87&sa=fyb_news&rsv_dl=fyb_news,https://fyb-2.cdn.bcebos.com/hotboard_image/d73aaf6bf0f7d394aadfbe213fb74c24,百度热搜,实时热搜,realtime,,2026-09-15 08:56:25
42,王曼昱反超孙颖莎登顶女单世界第一,9月14日，国际乒联第38周排名更新，王曼昱以9115分反超孙颖莎的8975分，职业生涯首次登顶女单世界第一。,3967068,https://www.baidu.com/s?wd=%E7%8E%8B%E6%9B%BC%E6%98%B1%E5%8F%8D%E8%B6%85%E5%AD%99%E9%A2%96%E8%8E%8E%E7%99%BB%E9%A1%B6%E5%A5%B3%E5%8D%95%E4%B8%96%E7%95%8C%E7%AC%AC%E4%B8%80&sa=fyb_news&rsv_dl=fyb_news,https://fyb-2.cdn.bcebos.com/hotboard_image/ad21888f442269a4baeb30d91700078d,百度热搜,实时热搜,realtime,,2026-09-15 08:56:25
43,日本首相高市早苗将于17日改组内阁,日本自民党干事长铃木俊一日前在一档节目中表示，首相高市早苗将于16日进行自民党高层人事调整，并于17日改组内阁。据悉，这将是高市自2025年10月上台以来首次进行内阁改组。,3889351,https://www.baidu.com/s?wd=%E6%97%A5%E6%9C%AC%E9%A6%96%E7%9B%B8%E9%AB%98%E5%B8%82%E6%97%A9%E8%8B%97%E5%B0%86%E4%BA%8E17%E6%97%A5%E6%94%B9%E7%BB%84%E5%86%85%E9%98%81&sa=fyb_news&rsv_dl=fyb_news,https://fyb-2.cdn.bcebos.com/hotboard_image/7498fe4440bb3be142727333f215a271,百度热搜,实时热搜,realtime,,2026-09-15 08:56:25
44,黑龙江三道鳞在上海身价暴涨一斤88元,,3813126,https://www.baidu.com/s?wd=%E9%BB%91%E9%BE%99%E6%B1%9F%E4%B8%89%E9%81%93%E9%B3%9E%E5%9C%A8%E4%B8%8A%E6%B5%B7%E8%BA%AB%E4%BB%B7%E6%9A%B4%E6%B6%A8%E4%B8%80%E6%96%A488%E5%85%83&sa=fyb_news&rsv_dl=fyb_news,https://fyb-1.cdn.bcebos.com/fyb/de6163834f53ca92c1273fff98ac9078.jpeg,百度热搜,实时热搜,realtime,,2026-09-15 08:56:25
45,王一博代言疑涉虚假宣传？品牌方回应,9月14日，“王一博新代言疑似涉嫌虚假宣传”相关话题冲上热搜。蓝芩品牌方当晚回应称相关言论属于造谣诋毁，已经报警。蓝芩表示产品为普通食品，抽检合格，网传处罚信息不实，将通过法律维权。,3704257,https://www.baidu.com/s?wd=%E7%8E%8B%E4%B8%80%E5%8D%9A%E4%BB%A3%E8%A8%80%E7%96%91%E6%B6%89%E8%99%9A%E5%81%87%E5%AE%A3%E4%BC%A0%EF%BC%9F%E5%93%81%E7%89%8C%E6%96%B9%E5%9B%9E%E5%BA%94&sa=fyb_news&rsv_dl=fyb_news,https://fyb-2.cdn.bcebos.com/hotboard_image/8bea31bcc5cff3f718192f4065608827,百度热搜,实时热搜,realtime,,2026-09-15 08:56:25
46,家长称3000生活费够吃饭还能点外卖,9月13日，开学季“大学生每月3000生活费够不够”话题引发热议。记者在浙江传媒学院新生报到现场采访得知，一位大一新生家长给其3000元/月生活费，因已了解每天三四餐花费，特将点外卖的费用也算在里面。,3594847,https://www.baidu.com/s?wd=%E5%AE%B6%E9%95%BF%E7%A7%B03000%E7%94%9F%E6%B4%BB%E8%B4%B9%E5%A4%9F%E5%90%83%E9%A5%AD%E8%BF%98%E8%83%BD%E7%82%B9%E5%A4%96%E5%8D%96&sa=fyb_news&rsv_dl=fyb_news,https://fyb-2.cdn.bcebos.com/hotboard_image/2d7fa97b6b291a99627dee928f8857a8,百度热搜,实时热搜,realtime,,2026-09-15 08:56:25
47,小孩哥解锁泡面盖“传送带”式吃法,,3487902,https://www.baidu.com/s?wd=%E5%B0%8F%E5%AD%A9%E5%93%A5%E8%A7%A3%E9%94%81%E6%B3%A1%E9%9D%A2%E7%9B%96%E2%80%9C%E4%BC%A0%E9%80%81%E5%B8%A6%E2%80%9D%E5%BC%8F%E5%90%83%E6%B3%95&sa=fyb_news&rsv_dl=fyb_news,https://fyb-1.cdn.bcebos.com/fyb/de6163834f53ca92c1273fff98ac9078.jpeg,百度热搜,实时热搜,realtime,,2026-09-15 08:56:25
48,中国球员吕孟洋加盟西班牙人,9月14日，皇家西班牙人足球俱乐部宣布，中国球员吕孟洋加入球队青训体系，将代表西班牙人青年B队出战比赛。,3432438,https://www.baidu.com/s?wd=%E4%B8%AD%E5%9B%BD%E7%90%83%E5%91%98%E5%90%95%E5%AD%9F%E6%B4%8B%E5%8A%A0%E7%9B%9F%E8%A5%BF%E7%8F%AD%E7%89%99%E4%BA%BA&sa=fyb_news&rsv_dl=fyb_news,https://fyb-2.cdn.bcebos.com/hotboard_image/5c3b53c52d937d3b7ffe05607b7a1961,百度热搜,实时热搜,realtime,,2026-09-15 08:56:25
49,美股收盘：费城半导体指数收跌5.86%,美股三大指数均小幅收跌，纳指跌0.56%，标普500指数跌0.48%，道指跌0.29%。费城半导体指数收跌5.86%，创7月1日以来最大跌幅。,3297509,https://www.baidu.com/s?wd=%E7%BE%8E%E8%82%A1%E6%94%B6%E7%9B%98%EF%BC%9A%E8%B4%B9%E5%9F%8E%E5%8D%8A%E5%AF%BC%E4%BD%93%E6%8C%87%E6%95%B0%E6%94%B6%E8%B7%8C5.86%25&sa=fyb_news&rsv_dl=fyb_news,https://fyb-2.cdn.bcebos.com/hotboard_image/2dfec857cb48621f28ac29b32f57bf24,百度热搜,实时热搜,realtime,,2026-09-15 08:56:25
50,臭豆腐月饼 宠物月饼 草本月饼,今年中秋月饼市场大变样。受政策及健康理念影响，天价奢华月饼风光不再，包装精简、定价亲民成行业共识。成都宠物月饼悄然热销，上海老字号臭豆腐鲜肉月饼日售数千个，福建等地低糖草本月饼受追捧。,3235390,https://www.baidu.com/s?wd=%E8%87%AD%E8%B1%86%E8%85%90%E6%9C%88%E9%A5%BC+%E5%AE%A0%E7%89%A9%E6%9C%88%E9%A5%BC+%E8%8D%89%E6%9C%AC%E6%9C%88%E9%A5%BC&sa=fyb_news&rsv_dl=fyb_news,https://fyb-2.cdn.bcebos.com/hotboard_image/eb4ca6f61f361170b1f05d20824a70d2,百度热搜,实时热搜,realtime,,2026-09-15 08:56:25
1,始终把人民生命安全放在首位,2026年汛期，我国多地遭遇持续性极端强降水过程，多处河流、水库遭遇险情，人民群众生命财产安全面临严峻考验。习近平总书记高度关注雨情、汛情、灾情，始终牵挂灾区群众安危，亲自部署、亲自指挥防汛抗洪救灾工作，多次主持召开重要会议、作出重要指示，要求“扎实做好防灾救灾各项工作，确保人民群众生命财产安全”。,7904882,https://www.baidu.com/s?wd=%E5%A7%8B%E7%BB%88%E6%8A%8A%E4%BA%BA%E6%B0%91%E7%94%9F%E5%91%BD%E5%AE%89%E5%85%A8%E6%94%BE%E5%9C%A8%E9%A6%96%E4%BD%8D&sa=fyb_news&rsv_dl=fyb_news,https://fyb-2.cdn.bcebos.com/hotboard_image/23498e790ec72673a3e3ee478372308e,百度热搜,实时热搜,realtime,,2026-09-15 09:33:15
2,牛肉价格持续上涨,中秋、国庆临近，牛肉消费逐渐进入旺季，市场呈现量价齐升的态势。数据显示，9月11日，北京新发地市场牛前腱价格为每公斤75元，环比上涨4%，同比上涨17%。商户介绍，牛肉价格近期涨幅明显，一方面是需求拉动，另外就是肉牛存栏下降、供应减少。,7809028,https://www.baidu.com/s?wd=%E7%89%9B%E8%82%89%E4%BB%B7%E6%A0%BC%E6%8C%81%E7%BB%AD%E4%B8%8A%E6%B6%A8&sa=fyb_news&rsv_dl=fyb_news,https://fyb-2.cdn.bcebos.com/hotboard_image/ffba139ca831cab5e98f32ab7508ddc5,百度热搜,实时热搜,realtime,,2026-09-15 09:33:15
3,演唱会求婚当事人称已报警,9月12日，北京鸟巢赵雷演唱会现场，一对情侣因求婚时女方激动站起，遭后排观众齐声高喊“坐下”。拍摄该视频的观众表示，自己花大几千元购票只想安静听歌。目前，当事人已私信拍摄者称报警并启动司法程序，要求下架相关视频。,7714678,https://www.baidu.com/s?wd=%E6%BC%94%E5%94%B1%E4%BC%9A%E6%B1%82%E5%A9%9A%E5%BD%93%E4%BA%8B%E4%BA%BA%E7%A7%B0%E5%B7%B2%E6%8A%A5%E8%AD%A6&sa=fyb_news&rsv_dl=fyb_news,https://fyb-2.cdn.bcebos.com/hotboard_image/1c20e6f3a785d726fc84ebf7f398facc,百度热搜,实时热搜,realtime,,2026-09-15 09:33:15
4,未来五年民生健康重磅规划,9月14日上午，国务院新闻办公室举行“开局起步‘十五五’”系列主题新闻发布会，国家卫生健康委、国家中医药局、国家疾控局等部门负责人介绍推动健康中国建设取得决定性进展有关情况。未来5年，要从“有”向“优”转变，我国将加快完善优质高效整合型医疗卫生服务体系，让更多群众在家门口看得上病、看得好病。,7616962,https://www.baidu.com/s?wd=%E6%9C%AA%E6%9D%A5%E4%BA%94%E5%B9%B4%E6%B0%91%E7%94%9F%E5%81%A5%E5%BA%B7%E9%87%8D%E7%A3%85%E8%A7%84%E5%88%92&sa=fyb_news&rsv_dl=fyb_news,https://fyb-2.cdn.bcebos.com/hotboard_image/b6b9209ffb8acbccaef38390b65fe2df,百度热搜,实时热搜,realtime,,2026-09-15 09:33:15
5,iPhone终于支持调休闹钟了,目前iOS27正式版已推送，国行版iPhone终于支持设置调休工作日闹钟。用户在闹钟设置中选择“工作日含调休”后，闹钟会在常规工作日及调休上班日自动响起。此外，稍后提醒时长最长可设为15分钟。,7524387,https://www.baidu.com/s?wd=iPhone%E7%BB%88%E4%BA%8E%E6%94%AF%E6%8C%81%E8%B0%83%E4%BC%91%E9%97%B9%E9%92%9F%E4%BA%86&sa=fyb_news&rsv_dl=fyb_news,https://fyb-2.cdn.bcebos.com/hotboard_image/6ba6e98977aa5d85b532983b9887a569,百度热搜,实时热搜,realtime,,2026-09-15 09:33:15
6,95后清华核科技女博士当村支书,95后清华核科技博士王帅于今年1月主动报名担任恩施州利川市凉雾乡诸天村第一书记。驻村8个月来，她利用设备拍摄乡村风貌，吸引近百游客避暑并对接农产品采购；还协调接通二组自来水、为盘龙片区安装66盏新路灯。,7428263,https://www.baidu.com/s?wd=95%E5%90%8E%E6%B8%85%E5%8D%8E%E6%A0%B8%E7%A7%91%E6%8A%80%E5%A5%B3%E5%8D%9A%E5%A3%AB%E5%BD%93%E6%9D%91%E6%94%AF%E4%B9%A6&sa=fyb_news&rsv_dl=fyb_news,https://fyb-2.cdn.bcebos.com/hotboard_image/1924345dd972c737b42b7b24ad21b2b5,百度热搜,实时热搜,realtime,,2026-09-15 09:33:15
7,王毅：希望法方恪守一个中国原则,9月14日，中国外长王毅应约同法国外长巴罗通电话。王毅希望法方以实际行动恪守一个中国原则，不向“台独”势力发出错误信号；巴罗表示法方坚定奉行一个中国政策。,7328911,https://www.baidu.com/s?wd=%E7%8E%8B%E6%AF%85%EF%BC%9A%E5%B8%8C%E6%9C%9B%E6%B3%95%E6%96%B9%E6%81%AA%E5%AE%88%E4%B8%80%E4%B8%AA%E4%B8%AD%E5%9B%BD%E5%8E%9F%E5%88%99&sa=fyb_news&rsv_dl=fyb_news,https://fyb-2.cdn.bcebos.com/hotboard_image/df892f0ebb9d072a95a9fe9d97207b61,百度热搜,实时热搜,realtime,,2026-09-15 09:33:15
8,“喊坐下都算礼貌 要我就喊离婚”,9月12日，赵雷北京鸟巢演唱会上，前排一名男观众突然向女友求婚，女方激动站起，导致后排齐声高喊“坐下”。这段现场视频被发到社交媒体后，此事冲上热搜。更有人表态：“喊坐下都算礼貌，要我就喊离婚。”,7236236,https://www.baidu.com/s?wd=%E2%80%9C%E5%96%8A%E5%9D%90%E4%B8%8B%E9%83%BD%E7%AE%97%E7%A4%BC%E8%B2%8C+%E8%A6%81%E6%88%91%E5%B0%B1%E5%96%8A%E7%A6%BB%E5%A9%9A%E2%80%9D&sa=fyb_news&rsv_dl=fyb_news,https://fyb-2.cdn.bcebos.com/hotboard_image/1b54c00df40217351cbd810d888a0e22,百度热搜,实时热搜,realtime,,2026-09-15 09:33:15
9,伊朗和韩国杠上了,9月7日，伊朗外交部警告韩国，任何向波斯湾或霍尔木兹海峡派兵的行为都将被视为支持美国“侵略”。韩国随后表示尚未决定是否派遣军事力量，或仅提供非战斗及搜救支援，双方言辞交锋引发关注。此前，韩国在美国压力下考虑派兵。,7139528,https://www.baidu.com/s?wd=%E4%BC%8A%E6%9C%97%E5%92%8C%E9%9F%A9%E5%9B%BD%E6%9D%A0%E4%B8%8A%E4%BA%86&sa=fyb_news&rsv_dl=fyb_news,https://fyb-2.cdn.bcebos.com/hotboard_image/24f35be70da7d46dc7d8bcf6740437cc,百度热搜,实时热搜,realtime,,2026-09-15 09:33:15
10,曝姆巴佩与登贝莱彻底决裂,近日，姆巴佩称自己早早被视为“天选之子”，登贝莱则回应称自己一直“坐在教室最后一排，埋头苦练”，引发外界对两人关系的猜测。此前，西班牙记者爆料两人关系彻底决裂，世界杯出局后零交流，齐达内拟紧急面谈调解。,7047748,https://www.baidu.com/s?wd=%E6%9B%9D%E5%A7%86%E5%B7%B4%E4%BD%A9%E4%B8%8E%E7%99%BB%E8%B4%9D%E8%8E%B1%E5%BD%BB%E5%BA%95%E5%86%B3%E8%A3%82&sa=fyb_news&rsv_dl=fyb_news,https://fyb-2.cdn.bcebos.com/hotboard_image/19af2ebf132bdf18006ce1e7b6d91117,百度热搜,实时热搜,realtime,,2026-09-15 09:33:15
11,四盒没人取的牛奶救人一命,近日，江苏无锡一小区保安卢强发现独居老人家中灯亮、四盒牛奶两天未取，且老人久未露面，报警后发现老人突发脑梗倒地。后老人获及时救治转危为安，9月10日卢强获颁证书和奖金。,6948264,https://www.baidu.com/s?wd=%E5%9B%9B%E7%9B%92%E6%B2%A1%E4%BA%BA%E5%8F%96%E7%9A%84%E7%89%9B%E5%A5%B6%E6%95%91%E4%BA%BA%E4%B8%80%E5%91%BD&sa=fyb_news&rsv_dl=fyb_news,https://fyb-2.cdn.bcebos.com/hotboard_image/8ba6c0a350d73f4e2ef38d895e97e1d4,百度热搜,实时热搜,realtime,,2026-09-15 09:33:15
12,停止资助学生后反遭威胁系造谣,近日，网传男子终止资助女学生遭对方威胁一事引发热议，嘉峪关公安通报，该内容系网民姚某某编造博流量，案件正在侦办中。,6851630,https://www.baidu.com/s?wd=%E5%81%9C%E6%AD%A2%E8%B5%84%E5%8A%A9%E5%AD%A6%E7%94%9F%E5%90%8E%E5%8F%8D%E9%81%AD%E5%A8%81%E8%83%81%E7%B3%BB%E9%80%A0%E8%B0%A3&sa=fyb_news&rsv_dl=fyb_news,https://fyb-2.cdn.bcebos.com/hotboard_image/0590601230bd2fba9a9ce5e9e1b802e1,百度热搜,实时热搜,realtime,,2026-09-15 09:33:15
13,演唱会求婚 别把没素质当仪式感,9月12日，赵雷北京鸟巢演唱会上，前排一名男观众突然向女友求婚，女方激动站起，导致后排齐声高喊“坐下”。此前两人还向周围观众撒喜糖，保安介入制止。演唱会求婚，别把没素质当仪式感。,6762848,https://www.baidu.com/s?wd=%E6%BC%94%E5%94%B1%E4%BC%9A%E6%B1%82%E5%A9%9A+%E5%88%AB%E6%8A%8A%E6%B2%A1%E7%B4%A0%E8%B4%A8%E5%BD%93%E4%BB%AA%E5%BC%8F%E6%84%9F&sa=fyb_news&rsv_dl=fyb_news,https://fyb-2.cdn.bcebos.com/hotboard_image/8e5c428286064ce4b9215d6ae164fca3,百度热搜,实时热搜,realtime,,2026-09-15 09:33:15
14,父亲撞死人让儿子顶包 全家串供,,6664594,https://www.baidu.com/s?wd=%E7%88%B6%E4%BA%B2%E6%92%9E%E6%AD%BB%E4%BA%BA%E8%AE%A9%E5%84%BF%E5%AD%90%E9%A1%B6%E5%8C%85+%E5%85%A8%E5%AE%B6%E4%B8%B2%E4%BE%9B&sa=fyb_news&rsv_dl=fyb_news,https://fyb-1.cdn.bcebos.com/fyb/de6163834f53ca92c1273fff98ac9078.jpeg,百度热搜,实时热搜,realtime,,2026-09-15 09:33:15
15,饮用水报告：72%成年人未达适宜摄入量,由农业农村部食物与营养发展研究所、中粮营养健康研究院共同主办的《饮用水健康与感官品质研究报告》发布会近日召开。报告指出，我国居民对饮水重视不足，72%的成年人未达适宜摄入量，应把喝水放到与吃饭同等重要位置。,6570468,https://www.baidu.com/s?wd=%E9%A5%AE%E7%94%A8%E6%B0%B4%E6%8A%A5%E5%91%8A%EF%BC%9A72%25%E6%88%90%E5%B9%B4%E4%BA%BA%E6%9C%AA%E8%BE%BE%E9%80%82%E5%AE%9C%E6%91%84%E5%85%A5%E9%87%8F&sa=fyb_news&rsv_dl=fyb_news,https://fyb-2.cdn.bcebos.com/hotboard_image/84c7c471d60f82979310e970f72c6f7a,百度热搜,实时热搜,realtime,,2026-09-15 09:33:15
16,知名游戏老板百亿元天价离婚创纪录,近日，韩国首尔家庭法院对《穿越火线》开发商Smilegate创始人权赫彬与妻子李某离婚案作出一审判决。法院裁定权赫彬向李某转让35%股份，并支付约3.24亿元人民币现金，分割总额约127.25亿元人民币，创下韩国公开离婚案新高。,6467514,https://www.baidu.com/s?wd=%E7%9F%A5%E5%90%8D%E6%B8%B8%E6%88%8F%E8%80%81%E6%9D%BF%E7%99%BE%E4%BA%BF%E5%85%83%E5%A4%A9%E4%BB%B7%E7%A6%BB%E5%A9%9A%E5%88%9B%E7%BA%AA%E5%BD%95&sa=fyb_news&rsv_dl=fyb_news,https://fyb-2.cdn.bcebos.com/hotboard_image/d798836f59b0590683723d1c1f5207ac,百度热搜,实时热搜,realtime,,2026-09-15 09:33:15
17,全球最大每周车展创始人车祸身亡,当地时间9月13日凌晨，全球规模最大的每周汽车展创始人詹姆斯·韦尔在美国加利福尼亚州发生车祸，其汽车撞树后断成两截并起火燃烧，最终不幸身亡。另一名司机也在事故中遇难，身份尚未公布。,6376144,https://www.baidu.com/s?wd=%E5%85%A8%E7%90%83%E6%9C%80%E5%A4%A7%E6%AF%8F%E5%91%A8%E8%BD%A6%E5%B1%95%E5%88%9B%E5%A7%8B%E4%BA%BA%E8%BD%A6%E7%A5%B8%E8%BA%AB%E4%BA%A1&sa=fyb_news&rsv_dl=fyb_news,https://fyb-2.cdn.bcebos.com/hotboard_image/6454a05905b9a0e81908150fc286a189,百度热搜,实时热搜,realtime,,2026-09-15 09:33:15
18,一车人买错票 游客建议车站改名,,6283419,https://www.baidu.com/s?wd=%E4%B8%80%E8%BD%A6%E4%BA%BA%E4%B9%B0%E9%94%99%E7%A5%A8+%E6%B8%B8%E5%AE%A2%E5%BB%BA%E8%AE%AE%E8%BD%A6%E7%AB%99%E6%94%B9%E5%90%8D&sa=fyb_news&rsv_dl=fyb_news,https://fyb-1.cdn.bcebos.com/fyb/de6163834f53ca92c1273fff98ac9078.jpeg,百度热搜,实时热搜,realtime,,2026-09-15 09:33:15
19,武契奇：将辞去塞尔维亚总统职务,当地时间9月14日晚，塞尔维亚总统武契奇宣布，他将于9月27日辞去总统职务，此后将以普通公民身份参加竞选活动并与民众交流。,6192992,https://www.baidu.com/s?wd=%E6%AD%A6%E5%A5%91%E5%A5%87%EF%BC%9A%E5%B0%86%E8%BE%9E%E5%8E%BB%E5%A1%9E%E5%B0%94%E7%BB%B4%E4%BA%9A%E6%80%BB%E7%BB%9F%E8%81%8C%E5%8A%A1&sa=fyb_news&rsv_dl=fyb_news,https://fyb-2.cdn.bcebos.com/hotboard_image/0d1bf44b084b161e22006d2f325b79fb,百度热搜,实时热搜,realtime,,2026-09-15 09:33:15
20,美方称拥有“在轨”太空控制武器,当地时间14日，美国空军部长特洛伊·迈因克在马里兰州举行的年度“航空、航天与网络会议”上讲话时称，美国已拥有“在轨”太空控制武器。据悉，这是美国首次承认其在太空具备“进攻能力”。,6096809,https://www.baidu.com/s?wd=%E7%BE%8E%E6%96%B9%E7%A7%B0%E6%8B%A5%E6%9C%89%E2%80%9C%E5%9C%A8%E8%BD%A8%E2%80%9D%E5%A4%AA%E7%A9%BA%E6%8E%A7%E5%88%B6%E6%AD%A6%E5%99%A8&sa=fyb_news&rsv_dl=fyb_news,https://fyb-2.cdn.bcebos.com/hotboard_image/55d4c3fad0a3969acec7ca71dc3f59d5,百度热搜,实时热搜,realtime,,2026-09-15 09:33:15
21,男子在公园钓到大鱼火速逃跑,四川成都一男子在公园钓到大鱼后火速逃跑，公园保安在后方狂追。园方回应称公园禁止钓鱼，保安无执法权仅能进行劝导和记录，已将事件移交警方处理。若系多次行为将追究责任。,5986300,https://www.baidu.com/s?wd=%E7%94%B7%E5%AD%90%E5%9C%A8%E5%85%AC%E5%9B%AD%E9%92%93%E5%88%B0%E5%A4%A7%E9%B1%BC%E7%81%AB%E9%80%9F%E9%80%83%E8%B7%91&sa=fyb_news&rsv_dl=fyb_news,https://fyb-2.cdn.bcebos.com/hotboard_image/7aa9b87868cba478151bc4d16406caf7,百度热搜,实时热搜,realtime,,2026-09-15 09:33:15
22,特朗普急了 致电黄仁勋斥责AI危险论,北京时间9月15日，据彭博社报道，英伟达CEO黄仁勋周一在参加一场小组讨论时，现场接听了美国总统特朗普打来的电话，让特朗普有机会将AI危险论斥为“骗局”。,5891195,https://www.baidu.com/s?wd=%E7%89%B9%E6%9C%97%E6%99%AE%E6%80%A5%E4%BA%86+%E8%87%B4%E7%94%B5%E9%BB%84%E4%BB%81%E5%8B%8B%E6%96%A5%E8%B4%A3AI%E5%8D%B1%E9%99%A9%E8%AE%BA&sa=fyb_news&rsv_dl=fyb_news,https://fyb-2.cdn.bcebos.com/hotboard_image/5a50920be776784e2ff10e27c2084040,百度热搜,实时热搜,realtime,,2026-09-15 09:33:15
23,女演员中村友理去世 年仅44岁,9月14日，日媒报道称，演员中村友理因直肠癌于9月1日去世，年仅44岁。公告回溯其抗癌经历：13年前她患癌，为不影响工作选择隐瞒，之后康复并定期体检。去年1月癌症复发，手术成功却出现转移；今年8月，她努力复出之际，又突发肠梗阻。,5797913,https://www.baidu.com/s?wd=%E5%A5%B3%E6%BC%94%E5%91%98%E4%B8%AD%E6%9D%91%E5%8F%8B%E7%90%86%E5%8E%BB%E4%B8%96+%E5%B9%B4%E4%BB%8544%E5%B2%81&sa=fyb_news&rsv_dl=fyb_news,https://fyb-2.cdn.bcebos.com/hotboard_image/4eb9bc616078ad917db5ed38f0130e91,百度热搜,实时热搜,realtime,,2026-09-15 09:33:15
24,苹果回应iPhone18Pro破发,9月14日，某电商平台显示256G的iPhone 18 Pro售价降至9099元，较官网直降900元。苹果官方客服对此回应称，第三方渠道有定价权，可能有平台补贴或店铺优惠，官方不会去干预，每年新机上市后渠道价格都会因供需关系波动。,5704397,https://www.baidu.com/s?wd=%E8%8B%B9%E6%9E%9C%E5%9B%9E%E5%BA%94iPhone18Pro%E7%A0%B4%E5%8F%91&sa=fyb_news&rsv_dl=fyb_news,https://fyb-2.cdn.bcebos.com/hotboard_image/c24c9393a8189ab4edf8e35d21877f54,百度热搜,实时热搜,realtime,,2026-09-15 09:33:15
25,三地联手闹“脱英” 英首相坐不住了,9月14日，苏格兰、威尔士和北爱尔兰三地领导人首次举行会晤并签署联合声明，呼吁获得举行独立公投权利谋求脱英。此前，三地分离倾向政党相继执政。英国首相伯纳姆迅速回应称坚信联合王国团结。,5617770,https://www.baidu.com/s?wd=%E4%B8%89%E5%9C%B0%E8%81%94%E6%89%8B%E9%97%B9%E2%80%9C%E8%84%B1%E8%8B%B1%E2%80%9D+%E8%8B%B1%E9%A6%96%E7%9B%B8%E5%9D%90%E4%B8%8D%E4%BD%8F%E4%BA%86&sa=fyb_news&rsv_dl=fyb_news,https://fyb-2.cdn.bcebos.com/hotboard_image/6d961e05629f15d63ec51154ee0d514e,百度热搜,实时热搜,realtime,,2026-09-15 09:33:15
26,雷军现身宇树科技 王兴兴陪同,近日，雷军现身宇树科技观看人形机器人表演，王兴兴陪同。雷军现场感谢王兴兴5年前给了小米投资宇树的机会。此前今年3月，王兴兴曾带机器人到小米SU7发布会站台。,5508379,https://www.baidu.com/s?wd=%E9%9B%B7%E5%86%9B%E7%8E%B0%E8%BA%AB%E5%AE%87%E6%A0%91%E7%A7%91%E6%8A%80+%E7%8E%8B%E5%85%B4%E5%85%B4%E9%99%AA%E5%90%8C&sa=fyb_news&rsv_dl=fyb_news,https://fyb-2.cdn.bcebos.com/hotboard_image/9e9333c272237483bc913dc92233bf5a,百度热搜,实时热搜,realtime,,2026-09-15 09:33:15
27,认清这5类异常表现 关键时刻能救命,胸闷胸痛、心慌气短、肩背隐痛、咽部发紧、胃部不适，很多人会把这些症状当成普通小毛病，但这些症状往往是心脏发出的“求救信号”，背后可能提示冠状动脉已经出现狭窄或供血不足，如果忽视拖延，病情持续进展，严重时可能诱发心梗。,5414303,https://www.baidu.com/s?wd=%E8%AE%A4%E6%B8%85%E8%BF%995%E7%B1%BB%E5%BC%82%E5%B8%B8%E8%A1%A8%E7%8E%B0+%E5%85%B3%E9%94%AE%E6%97%B6%E5%88%BB%E8%83%BD%E6%95%91%E5%91%BD&sa=fyb_news&rsv_dl=fyb_news,https://fyb-2.cdn.bcebos.com/hotboard_image/af6145fc0e04b61ea52c8a47abf2f7d4,百度热搜,实时热搜,realtime,,2026-09-15 09:33:15
28,“南北丰田”有望合并,9月14日晚间，广汽集团公告称，与一汽股份签署意向协议，筹划购买其持有的某整车合资公司部分股权，公司A股股票自2026年9月14日起停牌。交易完成后，一汽股份将成为广汽第二大股东，引发“南北丰田”合并猜想。,5310339,https://www.baidu.com/s?wd=%E2%80%9C%E5%8D%97%E5%8C%97%E4%B8%B0%E7%94%B0%E2%80%9D%E6%9C%89%E6%9C%9B%E5%90%88%E5%B9%B6&sa=fyb_news&rsv_dl=fyb_news,https://fyb-2.cdn.bcebos.com/hotboard_image/8a306c09f36120de49dbc90a9a074bfb,百度热搜,实时热搜,realtime,,2026-09-15 09:33:15
29,“钨”呼 起飞,近年来，钨作为国防军工、半导体、AI算力等领域不可替代的关键矿产，供应日益紧张。目前，国际市场上钨产业链中间产品的价格，相比两年前已经上涨近900％。近期，多国调整关键矿产政策，全球钨资源争夺正全面升级。,5232736,https://www.baidu.com/s?wd=%E2%80%9C%E9%92%A8%E2%80%9D%E5%91%BC+%E8%B5%B7%E9%A3%9E&sa=fyb_news&rsv_dl=fyb_news,https://fyb-2.cdn.bcebos.com/hotboard_image/af0e7a0a81603ff9c80b165e9e97c658,百度热搜,实时热搜,realtime,,2026-09-15 09:33:15
30,广汽集团 资产重组,9月14日晚，广汽集团发布关于筹划重大资产重组事项的停牌公告。公司当日与一汽股份签署意向协议，拟以发行股份的方式收购一汽股份所持某整车合资公司部分股权，同时募集配套资金。据初步测算，本次交易完成后，一汽股份将成为广汽集团第二大股东，具备战略影响力。,5125871,https://www.baidu.com/s?wd=%E5%B9%BF%E6%B1%BD%E9%9B%86%E5%9B%A2+%E8%B5%84%E4%BA%A7%E9%87%8D%E7%BB%84&sa=fyb_news&rsv_dl=fyb_news,https://fyb-2.cdn.bcebos.com/hotboard_image/ea53c846994f3a5c43aee62636f55947,百度热搜,实时热搜,realtime,,2026-09-15 09:33:15
31,侄女帮小姨挡催婚 金句频出,网传一段侄女帮小姨挡催婚的对话引发关注。面对长辈催婚，侄女金句频出，直言“知识是人生的必需品，而爱情不是”，强调“爱情是我们自己掌控的，这是我们的自由”，并认为“事业永远比爱情重要”，呼吁“我们要允许有些人选择不结婚”。,5043956,https://www.baidu.com/s?wd=%E4%BE%84%E5%A5%B3%E5%B8%AE%E5%B0%8F%E5%A7%A8%E6%8C%A1%E5%82%AC%E5%A9%9A+%E9%87%91%E5%8F%A5%E9%A2%91%E5%87%BA&sa=fyb_news&rsv_dl=fyb_news,https://fyb-2.cdn.bcebos.com/hotboard_image/4a189b6f2375fa928b3ad02878a01d22,百度热搜,实时热搜,realtime,,2026-09-15 09:33:15
32,黑龙江三道鳞在上海身价暴涨1斤88元,近日，有网友在上海拍到售价88元一斤的东北三道鳞，该价格约为东北老家价格的10倍，引发热议。有媒体报道指出，此高价主要受长途冷链运输成本及当地市场供需关系影响。不少网友打趣称，该鱼走出东北直接升级成了高端水产。,4952586,https://www.baidu.com/s?wd=%E9%BB%91%E9%BE%99%E6%B1%9F%E4%B8%89%E9%81%93%E9%B3%9E%E5%9C%A8%E4%B8%8A%E6%B5%B7%E8%BA%AB%E4%BB%B7%E6%9A%B4%E6%B6%A81%E6%96%A488%E5%85%83&sa=fyb_news&rsv_dl=fyb_news,https://fyb-2.cdn.bcebos.com/hotboard_image/40a899c13f3816adb8447769c1a7aa60,百度热搜,实时热搜,realtime,,2026-09-15 09:33:15
33,iOS 27正式版来了,9月15日，苹果发布iOS 27正式版，带来不少新变化。iOS 27进行了大量系统优化，更新后iPhone和iPad的应用启动速度、照片图库中新照片的加载以及隔空投送的速度都会更快一些。,4832360,https://www.baidu.com/s?wd=iOS+27%E6%AD%A3%E5%BC%8F%E7%89%88%E6%9D%A5%E4%BA%86&sa=fyb_news&rsv_dl=fyb_news,https://fyb-2.cdn.bcebos.com/hotboard_image/5ada4ba5fa1ab47161a77268c35e21b8,百度热搜,实时热搜,realtime,,2026-09-15 09:33:15
34,海南多地停课,9月14日，受热带低压影响，海南多地遭遇强降雨。目前，海南已有13市县发布停课通知，具体包括三亚、定安、临高、乐东、五指山、陵水、琼海、保亭、琼中、万宁、屯昌、白沙、澄迈。,4749855,https://www.baidu.com/s?wd=%E6%B5%B7%E5%8D%97%E5%A4%9A%E5%9C%B0%E5%81%9C%E8%AF%BE&sa=fyb_news&rsv_dl=fyb_news,https://fyb-2.cdn.bcebos.com/hotboard_image/25a016b6cd6026fe7c3e48085e28da9b,百度热搜,实时热搜,realtime,,2026-09-15 09:33:15
35,黄河边约会后失踪女孩遗体已火化,河南新乡一位19岁女孩今年6月与男友黄河边约会后失踪，遗体7月在开封水域被发现，尸检认定溺水身亡，遗体已于9月12日火化。警方审查后不予立案，女孩母亲对此存疑，计划就不予立案申请复议。,4640050,https://www.baidu.com/s?wd=%E9%BB%84%E6%B2%B3%E8%BE%B9%E7%BA%A6%E4%BC%9A%E5%90%8E%E5%A4%B1%E8%B8%AA%E5%A5%B3%E5%AD%A9%E9%81%97%E4%BD%93%E5%B7%B2%E7%81%AB%E5%8C%96&sa=fyb_news&rsv_dl=fyb_news,https://fyb-2.cdn.bcebos.com/hotboard_image/2bc9cdfe2d3af3574c9d1f96d75a6efe,百度热搜,实时热搜,realtime,,2026-09-15 09:33:15
36,防范脑出血 这些信号要当心,脑出血多为急性突发，病情进展极快，延误救治会造成不可逆的脑组织损伤，如出现突发异常头痛、喷射性呕吐、精神萎靡、肢体无力、口齿不清、视物模糊等症状，切勿忽视，要及时就诊。,4567037,https://www.baidu.com/s?wd=%E9%98%B2%E8%8C%83%E8%84%91%E5%87%BA%E8%A1%80+%E8%BF%99%E4%BA%9B%E4%BF%A1%E5%8F%B7%E8%A6%81%E5%BD%93%E5%BF%83&sa=fyb_news&rsv_dl=fyb_news,https://fyb-2.cdn.bcebos.com/hotboard_image/7a60caaf4ad51d4afdb27379c43be4f3,百度热搜,实时热搜,realtime,,2026-09-15 09:33:15
37,月饼200元以上不好卖了,中秋临近，记者走访长沙月饼市场。月饼经销商罗女士直言：今年的月饼100元以下的最好卖，200元以上的就不好卖了，一些原来的月饼品牌也不见了，很多月饼企业产能达不到只能转行或关闭，销量同比去年估计会下降超20% 。,4455507,https://www.baidu.com/s?wd=%E6%9C%88%E9%A5%BC200%E5%85%83%E4%BB%A5%E4%B8%8A%E4%B8%8D%E5%A5%BD%E5%8D%96%E4%BA%86&sa=fyb_news&rsv_dl=fyb_news,https://fyb-2.cdn.bcebos.com/hotboard_image/1e408604104e221560d6dd88b35f148d,百度热搜,实时热搜,realtime,,2026-09-15 09:33:15
38,25元隔离霜“撞脸”CPB,9月14日媒体报道，资生堂中国起诉奥乐齐中国不正当竞争。事件起因是奥乐齐24.9元LACURA隔离霜被指与资生堂540元CPB隔离霜外观“几乎一模一样”。案件将于2026年11月5日开庭。,4355992,https://www.baidu.com/s?wd=25%E5%85%83%E9%9A%94%E7%A6%BB%E9%9C%9C%E2%80%9C%E6%92%9E%E8%84%B8%E2%80%9DCPB&sa=fyb_news&rsv_dl=fyb_news,https://fyb-2.cdn.bcebos.com/hotboard_image/a8c48e8170c79619bf3fe60cb56cae5c,百度热搜,实时热搜,realtime,,2026-09-15 09:33:15
39,新生儿窒息死亡 月子中心：已报警,9月14日，广州番禺暖月月子中心就“6天女婴窒息死亡”发声明。此前，李女士称女儿在喂奶时窒息死亡，家属质疑月子中心操作不当且未有效急救。声明称法医鉴定正进行中，死因未定；澄清“强制喂奶致呛奶死”“跑路”“护理人员系实习生”等说法不实；并指部分人员到经营场所滋事毁坏财物，已报警处理。,4275531,https://www.baidu.com/s?wd=%E6%96%B0%E7%94%9F%E5%84%BF%E7%AA%92%E6%81%AF%E6%AD%BB%E4%BA%A1+%E6%9C%88%E5%AD%90%E4%B8%AD%E5%BF%83%EF%BC%9A%E5%B7%B2%E6%8A%A5%E8%AD%A6&sa=fyb_news&rsv_dl=fyb_news,https://fyb-2.cdn.bcebos.com/hotboard_image/c1ffede965daa8ff78ad0c48a79acccc,百度热搜,实时热搜,realtime,,2026-09-15 09:33:15
40,“能看海的地铁”试乘首日挤爆了,9月14日，宁波轨道交通12号线开展免费试乘。该线是国内首条跨海市域铁路，主城至象山约30分钟可达。首日客流火爆，致小洋江站8时20分许实施限流管控，运营方呼吁暂缓前往，11时许管控取消。试乘活动持续至19日。,4157138,https://www.baidu.com/s?wd=%E2%80%9C%E8%83%BD%E7%9C%8B%E6%B5%B7%E7%9A%84%E5%9C%B0%E9%93%81%E2%80%9D%E8%AF%95%E4%B9%98%E9%A6%96%E6%97%A5%E6%8C%A4%E7%88%86%E4%BA%86&sa=fyb_news&rsv_dl=fyb_news,https://fyb-2.cdn.bcebos.com/hotboard_image/1114fd50038e9c976114a16b7027456b,百度热搜,实时热搜,realtime,,2026-09-15 09:33:15
41,基建神器上新：“静音+无尘”施工,近日，广州市白云展览中心项目正式投用华南地区规模最大的基坑气膜设施，覆盖面积约2.5万平方米。此前，传统露天施工易受恶劣天气影响且产生扬尘、噪声扰民。该设施可抵御14级台风，投用后整体降噪效果可达60%，有效遏制扬尘外逸，预计累计节约施工工期171天。,4067202,https://www.baidu.com/s?wd=%E5%9F%BA%E5%BB%BA%E7%A5%9E%E5%99%A8%E4%B8%8A%E6%96%B0%EF%BC%9A%E2%80%9C%E9%9D%99%E9%9F%B3%2B%E6%97%A0%E5%B0%98%E2%80%9D%E6%96%BD%E5%B7%A5&sa=fyb_news&rsv_dl=fyb_news,https://fyb-2.cdn.bcebos.com/hotboard_image/5470cbdb1c240bde63fd9bc7a6fe4506,百度热搜,实时热搜,realtime,,2026-09-15 09:33:15
42,云南普洱地震,据中国地震台网正式测定，9月14日17时7分在云南普洱市墨江县发生4.5级地震，震源深度10公里，震中位于北纬23.15度，东经101.61度。,3980896,https://www.baidu.com/s?wd=%E4%BA%91%E5%8D%97%E6%99%AE%E6%B4%B1%E5%9C%B0%E9%9C%87&sa=fyb_news&rsv_dl=fyb_news,https://fyb-2.cdn.bcebos.com/hotboard_image/d73aaf6bf0f7d394aadfbe213fb74c24,百度热搜,实时热搜,realtime,,2026-09-15 09:33:15
43,撤销41个“中国酿酒大师”称号,9月14日，中国轻工业联合会发布公告，撤销41个2021年评选的“中国酿酒大师”称号，禁止以此宣传推介。,3904678,https://www.baidu.com/s?wd=%E6%92%A4%E9%94%8041%E4%B8%AA%E2%80%9C%E4%B8%AD%E5%9B%BD%E9%85%BF%E9%85%92%E5%A4%A7%E5%B8%88%E2%80%9D%E7%A7%B0%E5%8F%B7&sa=fyb_news&rsv_dl=fyb_news,https://fyb-2.cdn.bcebos.com/hotboard_image/149a7686be57af4c5ae03a12cd84b553,百度热搜,实时热搜,realtime,,2026-09-15 09:33:15
44,多城楼盘“抱团涨价”,9月1日，成都、广州等地多家房企传出收回折扣或上调价格通知。此前，“8·28新政”落地后，上海、广州、深圳等城市部分楼盘相继传出涨价消息。分析指出，此轮涨价多为收回1%至3%优惠，实为开发商借政策窗口制造“再不买就涨”预期的试探性营销，而非市场全面反转。,3788084,https://www.baidu.com/s?wd=%E5%A4%9A%E5%9F%8E%E6%A5%BC%E7%9B%98%E2%80%9C%E6%8A%B1%E5%9B%A2%E6%B6%A8%E4%BB%B7%E2%80%9D&sa=fyb_news&rsv_dl=fyb_news,https://fyb-2.cdn.bcebos.com/hotboard_image/8b3296e357f6bf2acadab28b4d7c9566,百度热搜,实时热搜,realtime,,2026-09-15 09:33:15
45,浙江省委书记省长带头捐款,9月14日下午，浙江省委书记王浩、省长刘捷等省领导参加“慈善一日捐”活动并带头捐款。此前，该活动在浙江已延续多年，自2021年起每年省四套班子领导均带头捐款。,3689124,https://www.baidu.com/s?wd=%E6%B5%99%E6%B1%9F%E7%9C%81%E5%A7%94%E4%B9%A6%E8%AE%B0%E7%9C%81%E9%95%BF%E5%B8%A6%E5%A4%B4%E6%8D%90%E6%AC%BE&sa=fyb_news&rsv_dl=fyb_news,https://fyb-2.cdn.bcebos.com/hotboard_image/25ea9c64c5b928a1c918cc6c880a2d7e,百度热搜,实时热搜,realtime,,2026-09-15 09:33:15
46,“名在市、站在县”的高铁站,近日，乘客反馈购买泸州东站车票，到站才发现车站地处泸县云锦镇，距市区30余公里，建议车站更名。当地交通局表示，站名变更需国铁集团审批，已转交建议并跟进。其实，类似“名在市、站在县”的站点，全国还有不少。,3602339,https://www.baidu.com/s?wd=%E2%80%9C%E5%90%8D%E5%9C%A8%E5%B8%82%E3%80%81%E7%AB%99%E5%9C%A8%E5%8E%BF%E2%80%9D%E7%9A%84%E9%AB%98%E9%93%81%E7%AB%99&sa=fyb_news&rsv_dl=fyb_news,https://fyb-2.cdn.bcebos.com/hotboard_image/7ce876524addc2d9b8339d748c28ae62,百度热搜,实时热搜,realtime,,2026-09-15 09:33:15
47,近20省份公布社保缴费新基数,截至9月14日，已有近20个省级地区公布2026年度企业职工社会保险缴费基数上下限。今年北京、上海、湖南等地缴费基数下限继续上调，但涨幅有所收窄。上下限提高不意味着所有人社保费都多扣，是否多交取决于本人缴费基数和参保险种。,3518151,https://www.baidu.com/s?wd=%E8%BF%9120%E7%9C%81%E4%BB%BD%E5%85%AC%E5%B8%83%E7%A4%BE%E4%BF%9D%E7%BC%B4%E8%B4%B9%E6%96%B0%E5%9F%BA%E6%95%B0&sa=fyb_news&rsv_dl=fyb_news,https://fyb-2.cdn.bcebos.com/hotboard_image/ccadab26937d1bd0bda35545bea28996,百度热搜,实时热搜,realtime,,2026-09-15 09:33:15
48,山东举报文物失踪店主再被丢垃圾,9月13日晚，山东菏泽烧烤店主‌张先生‌实名举报文物遗失并遭频繁检查停业后，其店铺再遭陌生男子投掷剩菜垃圾。目前警方已受案处理，相关部门正在调查。‌‌,3420978,https://www.baidu.com/s?wd=%E5%B1%B1%E4%B8%9C%E4%B8%BE%E6%8A%A5%E6%96%87%E7%89%A9%E5%A4%B1%E8%B8%AA%E5%BA%97%E4%B8%BB%E5%86%8D%E8%A2%AB%E4%B8%A2%E5%9E%83%E5%9C%BE&sa=fyb_news&rsv_dl=fyb_news,https://fyb-2.cdn.bcebos.com/hotboard_image/7a390f463cccc2a0ab0eb7f47c6dde42,百度热搜,实时热搜,realtime,,2026-09-15 09:33:15
49,抵制美国货 加拿大超市货架大洗牌,美国政府去年对加拿大商品加征关税以来，加拿大就掀起了抵制美国产品、倡导买国货的消费潮流。随着越来越多加拿大消费者抵制美国货，加拿大各零售商开始加强产地标识并开辟除美国之外的更多货源地，各大超市货架陈列因此面貌大变。,3317697,https://www.baidu.com/s?wd=%E6%8A%B5%E5%88%B6%E7%BE%8E%E5%9B%BD%E8%B4%A7+%E5%8A%A0%E6%8B%BF%E5%A4%A7%E8%B6%85%E5%B8%82%E8%B4%A7%E6%9E%B6%E5%A4%A7%E6%B4%97%E7%89%8C&sa=fyb_news&rsv_dl=fyb_news,https://fyb-2.cdn.bcebos.com/hotboard_image/bb70fbd628c4caeb970d0ae7169ce3ce,百度热搜,实时热搜,realtime,,2026-09-15 09:33:15
50,美使馆在伦敦秘密抓人 英议员称离谱,据报道，一名为美国驻英国大使馆工作的男子因涉嫌持有虐童照片，被美方人员秘密带走并送回美国。一位英国保守党议员称美方的做法“完全不可接受”“极其离谱”，他指控“美国政府如今正在包庇涉嫌恋童的人”。,3201550,https://www.baidu.com/s?wd=%E7%BE%8E%E4%BD%BF%E9%A6%86%E5%9C%A8%E4%BC%A6%E6%95%A6%E7%A7%98%E5%AF%86%E6%8A%93%E4%BA%BA+%E8%8B%B1%E8%AE%AE%E5%91%98%E7%A7%B0%E7%A6%BB%E8%B0%B1&sa=fyb_news&rsv_dl=fyb_news,https://fyb-2.cdn.bcebos.com/hotboard_image/ed43cb16575cfe8bbbeb5f4e6b91f836,百度热搜,实时热搜,realtime,,2026-09-15 09:33:15
1,始终把人民生命安全放在首位,2026年汛期，我国多地遭遇持续性极端强降水过程，多处河流、水库遭遇险情，人民群众生命财产安全面临严峻考验。习近平总书记高度关注雨情、汛情、灾情，始终牵挂灾区群众安危，亲自部署、亲自指挥防汛抗洪救灾工作，多次主持召开重要会议、作出重要指示，要求“扎实做好防灾救灾各项工作，确保人民群众生命财产安全”。,7904081,https://www.baidu.com/s?wd=%E5%A7%8B%E7%BB%88%E6%8A%8A%E4%BA%BA%E6%B0%91%E7%94%9F%E5%91%BD%E5%AE%89%E5%85%A8%E6%94%BE%E5%9C%A8%E9%A6%96%E4%BD%8D&sa=fyb_news&rsv_dl=fyb_news,https://fyb-2.cdn.bcebos.com/hotboard_image/23498e790ec72673a3e3ee478372308e,百度热搜,实时热搜,realtime,,2026-09-15 10:31:18
2,演唱会求婚当事人称已报警,9月12日，北京鸟巢赵雷演唱会现场，一对情侣因求婚时女方激动站起，遭后排观众齐声高喊“坐下”。拍摄该视频的观众表示，自己花大几千元购票只想安静听歌。目前，当事人已私信拍摄者称报警并启动司法程序，要求下架相关视频。,7808361,https://www.baidu.com/s?wd=%E6%BC%94%E5%94%B1%E4%BC%9A%E6%B1%82%E5%A9%9A%E5%BD%93%E4%BA%8B%E4%BA%BA%E7%A7%B0%E5%B7%B2%E6%8A%A5%E8%AD%A6&sa=fyb_news&rsv_dl=fyb_news,https://fyb-2.cdn.bcebos.com/hotboard_image/1c20e6f3a785d726fc84ebf7f398facc,百度热搜,实时热搜,realtime,,2026-09-15 10:31:18
3,“能看海的地铁”试乘首日挤爆了,9月14日，宁波轨道交通12号线开展免费试乘。该线是国内首条跨海市域铁路，主城至象山约30分钟可达。首日客流火爆，致小洋江站8时20分许实施限流管控，运营方呼吁暂缓前往，11时许管控取消。试乘活动持续至19日。,7713887,https://www.baidu.com/s?wd=%E2%80%9C%E8%83%BD%E7%9C%8B%E6%B5%B7%E7%9A%84%E5%9C%B0%E9%93%81%E2%80%9D%E8%AF%95%E4%B9%98%E9%A6%96%E6%97%A5%E6%8C%A4%E7%88%86%E4%BA%86&sa=fyb_news&rsv_dl=fyb_news,https://fyb-2.cdn.bcebos.com/hotboard_image/1114fd50038e9c976114a16b7027456b,百度热搜,实时热搜,realtime,,2026-09-15 10:31:18
4,外籍游客爱上中国秋日深度游,暑期落幕，秋景上线！避开暑期拥堵、赶上政策红利，大批外籍游客选择九月错峰来华，沉浸式感受秋日中国的山水风光与人文魅力，入境旅游持续升温。,7618400,https://www.baidu.com/s?wd=%E5%A4%96%E7%B1%8D%E6%B8%B8%E5%AE%A2%E7%88%B1%E4%B8%8A%E4%B8%AD%E5%9B%BD%E7%A7%8B%E6%97%A5%E6%B7%B1%E5%BA%A6%E6%B8%B8&sa=fyb_news&rsv_dl=fyb_news,https://fyb-2.cdn.bcebos.com/hotboard_image/7587506b7887b546f38e3f821506a28f,百度热搜,实时热搜,realtime,,2026-09-15 10:31:18
5,浙江省委书记省长带头捐款,9月14日下午，浙江省委书记王浩、省长刘捷等省领导参加“慈善一日捐”活动并带头捐款。此前，该活动在浙江已延续多年，自2021年起每年省四套班子领导均带头捐款。,7520595,https://www.baidu.com/s?wd=%E6%B5%99%E6%B1%9F%E7%9C%81%E5%A7%94%E4%B9%A6%E8%AE%B0%E7%9C%81%E9%95%BF%E5%B8%A6%E5%A4%B4%E6%8D%90%E6%AC%BE&sa=fyb_news&rsv_dl=fyb_news,https://fyb-2.cdn.bcebos.com/hotboard_image/25ea9c64c5b928a1c918cc6c880a2d7e,百度热搜,实时热搜,realtime,,2026-09-15 10:31:18
6,牛肉价格持续上涨,中秋、国庆临近，牛肉消费逐渐进入旺季，市场呈现量价齐升的态势。数据显示，9月11日，北京新发地市场牛前腱价格为每公斤75元，环比上涨4%，同比上涨17%。商户介绍，牛肉价格近期涨幅明显，一方面是需求拉动，另外就是肉牛存栏下降、供应减少。,7426437,https://www.baidu.com/s?wd=%E7%89%9B%E8%82%89%E4%BB%B7%E6%A0%BC%E6%8C%81%E7%BB%AD%E4%B8%8A%E6%B6%A8&sa=fyb_news&rsv_dl=fyb_news,https://fyb-2.cdn.bcebos.com/hotboard_image/ffba139ca831cab5e98f32ab7508ddc5,百度热搜,实时热搜,realtime,,2026-09-15 10:31:18
7,新生儿窒息死亡 月子中心：已报警,9月14日，广州番禺暖月月子中心就“6天女婴窒息死亡”发声明。此前，李女士称女儿在喂奶时窒息死亡，家属质疑月子中心操作不当且未有效急救。声明称法医鉴定正进行中，死因未定；澄清“强制喂奶致呛奶死”“跑路”“护理人员系实习生”等说法不实；并指部分人员到经营场所滋事毁坏财物，已报警处理。,7332341,https://www.baidu.com/s?wd=%E6%96%B0%E7%94%9F%E5%84%BF%E7%AA%92%E6%81%AF%E6%AD%BB%E4%BA%A1+%E6%9C%88%E5%AD%90%E4%B8%AD%E5%BF%83%EF%BC%9A%E5%B7%B2%E6%8A%A5%E8%AD%A6&sa=fyb_news&rsv_dl=fyb_news,https://fyb-2.cdn.bcebos.com/hotboard_image/c1ffede965daa8ff78ad0c48a79acccc,百度热搜,实时热搜,realtime,,2026-09-15 10:31:18
8,环球时报：亚运会日本有失基本体面,第二十届亚运会临近，日本名古屋因运动员住宿条件、场馆筹备和预算问题陷入争议，部分代表团被曝面临房间短缺、集装箱住房设施不佳等情况。,7239017,https://www.baidu.com/s?wd=%E7%8E%AF%E7%90%83%E6%97%B6%E6%8A%A5%EF%BC%9A%E4%BA%9A%E8%BF%90%E4%BC%9A%E6%97%A5%E6%9C%AC%E6%9C%89%E5%A4%B1%E5%9F%BA%E6%9C%AC%E4%BD%93%E9%9D%A2&sa=fyb_news&rsv_dl=fyb_news,https://fyb-2.cdn.bcebos.com/hotboard_image/6b641d6932751a2be71be2c67b2371ac,百度热搜,实时热搜,realtime,,2026-09-15 10:31:18
9,父亲撞死人让儿子顶包 全家串供,,7135347,https://www.baidu.com/s?wd=%E7%88%B6%E4%BA%B2%E6%92%9E%E6%AD%BB%E4%BA%BA%E8%AE%A9%E5%84%BF%E5%AD%90%E9%A1%B6%E5%8C%85+%E5%85%A8%E5%AE%B6%E4%B8%B2%E4%BE%9B&sa=fyb_news&rsv_dl=fyb_news,https://fyb-1.cdn.bcebos.com/fyb/de6163834f53ca92c1273fff98ac9078.jpeg,百度热搜,实时热搜,realtime,,2026-09-15 10:31:18
10,男子在公园钓到大鱼火速逃跑,四川成都一男子在公园钓到大鱼后火速逃跑，公园保安在后方狂追。园方回应称公园禁止钓鱼，保安无执法权仅能进行劝导和记录，已将事件移交警方处理。若系多次行为将追究责任。,7042194,https://www.baidu.com/s?wd=%E7%94%B7%E5%AD%90%E5%9C%A8%E5%85%AC%E5%9B%AD%E9%92%93%E5%88%B0%E5%A4%A7%E9%B1%BC%E7%81%AB%E9%80%9F%E9%80%83%E8%B7%91&sa=fyb_news&rsv_dl=fyb_news,https://fyb-2.cdn.bcebos.com/hotboard_image/7aa9b87868cba478151bc4d16406caf7,百度热搜,实时热搜,realtime,,2026-09-15 10:31:18
11,山东举报文物失踪店主再被丢垃圾,9月13日晚，山东菏泽烧烤店主‌张先生‌实名举报文物遗失并遭频繁检查停业后，其店铺再遭陌生男子投掷剩菜垃圾。目前警方已受案处理，相关部门正在调查。‌‌,6948846,https://www.baidu.com/s?wd=%E5%B1%B1%E4%B8%9C%E4%B8%BE%E6%8A%A5%E6%96%87%E7%89%A9%E5%A4%B1%E8%B8%AA%E5%BA%97%E4%B8%BB%E5%86%8D%E8%A2%AB%E4%B8%A2%E5%9E%83%E5%9C%BE&sa=fyb_news&rsv_dl=fyb_news,https://fyb-2.cdn.bcebos.com/hotboard_image/7a390f463cccc2a0ab0eb7f47c6dde42,百度热搜,实时热搜,realtime,,2026-09-15 10:31:18
12,每一件举报 都是共治的力量,今年7月，平谷区委网信办联合区教委开展网络举报宣传作品征集活动，共收到作品 142 件，经评选颁奖，凝聚网络治理合力。,6854058,https://www.baidu.com/s?wd=%E6%AF%8F%E4%B8%80%E4%BB%B6%E4%B8%BE%E6%8A%A5+%E9%83%BD%E6%98%AF%E5%85%B1%E6%B2%BB%E7%9A%84%E5%8A%9B%E9%87%8F&sa=fyb_news&rsv_dl=fyb_news,https://fyb-2.cdn.bcebos.com/hotboard_image/e9193c45705bc20e949bb75f6cbead21,百度热搜,实时热搜,realtime,,2026-09-15 10:31:18
13,四盒没人取的牛奶救人一命,近日，江苏无锡一小区保安卢强发现独居老人家中灯亮、四盒牛奶两天未取，且老人久未露面，报警后发现老人突发脑梗倒地。后老人获及时救治转危为安，9月10日卢强获颁证书和奖金。,6753217,https://www.baidu.com/s?wd=%E5%9B%9B%E7%9B%92%E6%B2%A1%E4%BA%BA%E5%8F%96%E7%9A%84%E7%89%9B%E5%A5%B6%E6%95%91%E4%BA%BA%E4%B8%80%E5%91%BD&sa=fyb_news&rsv_dl=fyb_news,https://fyb-2.cdn.bcebos.com/hotboard_image/8ba6c0a350d73f4e2ef38d895e97e1d4,百度热搜,实时热搜,realtime,,2026-09-15 10:31:18
14,月饼200元以上不好卖了,中秋临近，记者走访长沙月饼市场。月饼经销商罗女士直言：今年的月饼100元以下的最好卖，200元以上的就不好卖了，一些原来的月饼品牌也不见了，很多月饼企业产能达不到只能转行或关闭，销量同比去年估计会下降超20% 。,6657146,https://www.baidu.com/s?wd=%E6%9C%88%E9%A5%BC200%E5%85%83%E4%BB%A5%E4%B8%8A%E4%B8%8D%E5%A5%BD%E5%8D%96%E4%BA%86&sa=fyb_news&rsv_dl=fyb_news,https://fyb-2.cdn.bcebos.com/hotboard_image/1e408604104e221560d6dd88b35f148d,百度热搜,实时热搜,realtime,,2026-09-15 10:31:18
15,“喊坐下都算礼貌 要我就喊离婚”,9月12日，赵雷北京鸟巢演唱会上，前排一名男观众突然向女友求婚，女方激动站起，导致后排齐声高喊“坐下”。这段现场视频被发到社交媒体后，此事冲上热搜。更有人表态：“喊坐下都算礼貌，要我就喊离婚。”,6570268,https://www.baidu.com/s?wd=%E2%80%9C%E5%96%8A%E5%9D%90%E4%B8%8B%E9%83%BD%E7%AE%97%E7%A4%BC%E8%B2%8C+%E8%A6%81%E6%88%91%E5%B0%B1%E5%96%8A%E7%A6%BB%E5%A9%9A%E2%80%9D&sa=fyb_news&rsv_dl=fyb_news,https://fyb-2.cdn.bcebos.com/hotboard_image/1b54c00df40217351cbd810d888a0e22,百度热搜,实时热搜,realtime,,2026-09-15 10:31:18
16,A股低开,9月15日早间A股开盘，上证指数跌0.14%，深证成指跌0.17%，创业板指跌0.14%，北证50跌0.68%。VPN、网络安全、有色·钨、AI模型、多模态AI概念走强，检测检验、高速连接器、激光产业、农业种植、成飞概念走弱。,6462920,https://www.baidu.com/s?wd=A%E8%82%A1%E4%BD%8E%E5%BC%80&sa=fyb_news&rsv_dl=fyb_news,https://fyb-2.cdn.bcebos.com/hotboard_image/bc905959017328dd56a0650e4ffb0021,百度热搜,实时热搜,realtime,,2026-09-15 10:31:18
17,演唱会求婚 别把没素质当仪式感,9月12日，赵雷北京鸟巢演唱会上，前排一名男观众突然向女友求婚，女方激动站起，导致后排齐声高喊“坐下”。此前两人还向周围观众撒喜糖，保安介入制止。演唱会求婚，别把没素质当仪式感。,6379252,https://www.baidu.com/s?wd=%E6%BC%94%E5%94%B1%E4%BC%9A%E6%B1%82%E5%A9%9A+%E5%88%AB%E6%8A%8A%E6%B2%A1%E7%B4%A0%E8%B4%A8%E5%BD%93%E4%BB%AA%E5%BC%8F%E6%84%9F&sa=fyb_news&rsv_dl=fyb_news,https://fyb-2.cdn.bcebos.com/hotboard_image/8e5c428286064ce4b9215d6ae164fca3,百度热搜,实时热搜,realtime,,2026-09-15 10:31:18
18,饮用水报告：72%成年人未达适宜摄入量,由农业农村部食物与营养发展研究所、中粮营养健康研究院共同主办的《饮用水健康与感官品质研究报告》发布会近日召开。报告指出，我国居民对饮水重视不足，72%的成年人未达适宜摄入量，应把喝水放到与吃饭同等重要位置。,6286570,https://www.baidu.com/s?wd=%E9%A5%AE%E7%94%A8%E6%B0%B4%E6%8A%A5%E5%91%8A%EF%BC%9A72%25%E6%88%90%E5%B9%B4%E4%BA%BA%E6%9C%AA%E8%BE%BE%E9%80%82%E5%AE%9C%E6%91%84%E5%85%A5%E9%87%8F&sa=fyb_news&rsv_dl=fyb_news,https://fyb-2.cdn.bcebos.com/hotboard_image/84c7c471d60f82979310e970f72c6f7a,百度热搜,实时热搜,realtime,,2026-09-15 10:31:18
19,95后清华核科技女博士当村支书,95后清华核科技博士王帅于今年1月主动报名担任恩施州利川市凉雾乡诸天村第一书记。驻村8个月来，她利用设备拍摄乡村风貌，吸引近百游客避暑并对接农产品采购；还协调接通二组自来水、为盘龙片区安装66盏新路灯。,6182411,https://www.baidu.com/s?wd=95%E5%90%8E%E6%B8%85%E5%8D%8E%E6%A0%B8%E7%A7%91%E6%8A%80%E5%A5%B3%E5%8D%9A%E5%A3%AB%E5%BD%93%E6%9D%91%E6%94%AF%E4%B9%A6&sa=fyb_news&rsv_dl=fyb_news,https://fyb-2.cdn.bcebos.com/hotboard_image/1924345dd972c737b42b7b24ad21b2b5,百度热搜,实时热搜,realtime,,2026-09-15 10:31:18
20,伊朗和韩国杠上了,9月7日，伊朗外交部警告韩国，任何向波斯湾或霍尔木兹海峡派兵的行为都将被视为支持美国“侵略”。韩国随后表示尚未决定是否派遣军事力量，或仅提供非战斗及搜救支援，双方言辞交锋引发关注。此前，韩国在美国压力下考虑派兵。,6095407,https://www.baidu.com/s?wd=%E4%BC%8A%E6%9C%97%E5%92%8C%E9%9F%A9%E5%9B%BD%E6%9D%A0%E4%B8%8A%E4%BA%86&sa=fyb_news&rsv_dl=fyb_news,https://fyb-2.cdn.bcebos.com/hotboard_image/24f35be70da7d46dc7d8bcf6740437cc,百度热搜,实时热搜,realtime,,2026-09-15 10:31:18
21,汽车央国企整合大幕再启,汽车央国企整合大幕再度开启！广汽与一汽达成重组意向，广汽拟发股收购一汽旗下合资公司股权，一汽将成广汽二股东，标的大概率为一汽丰田。此次整合顺应产业政策，旨在破除产品同质化、优化资源，民营车企崛起也倒逼国有车企加速改革整合。,5986040,https://www.baidu.com/s?wd=%E6%B1%BD%E8%BD%A6%E5%A4%AE%E5%9B%BD%E4%BC%81%E6%95%B4%E5%90%88%E5%A4%A7%E5%B9%95%E5%86%8D%E5%90%AF&sa=fyb_news&rsv_dl=fyb_news,https://fyb-2.cdn.bcebos.com/hotboard_image/dee68920300a195bda839d356d2adbdb,百度热搜,实时热搜,realtime,,2026-09-15 10:31:18
22,特朗普急了 致电黄仁勋斥责AI危险论,北京时间9月15日，据彭博社报道，英伟达CEO黄仁勋周一在参加一场小组讨论时，现场接听了美国总统特朗普打来的电话，让特朗普有机会将AI危险论斥为“骗局”。,5906852,https://www.baidu.com/s?wd=%E7%89%B9%E6%9C%97%E6%99%AE%E6%80%A5%E4%BA%86+%E8%87%B4%E7%94%B5%E9%BB%84%E4%BB%81%E5%8B%8B%E6%96%A5%E8%B4%A3AI%E5%8D%B1%E9%99%A9%E8%AE%BA&sa=fyb_news&rsv_dl=fyb_news,https://fyb-2.cdn.bcebos.com/hotboard_image/5a50920be776784e2ff10e27c2084040,百度热搜,实时热搜,realtime,,2026-09-15 10:31:18
23,女演员中村友理去世 年仅44岁,9月14日，日媒报道称，演员中村友理因直肠癌于9月1日去世，年仅44岁。公告回溯其抗癌经历：13年前她患癌，为不影响工作选择隐瞒，之后康复并定期体检。去年1月癌症复发，手术成功却出现转移；今年8月，她努力复出之际，又突发肠梗阻。,5794601,https://www.baidu.com/s?wd=%E5%A5%B3%E6%BC%94%E5%91%98%E4%B8%AD%E6%9D%91%E5%8F%8B%E7%90%86%E5%8E%BB%E4%B8%96+%E5%B9%B4%E4%BB%8544%E5%B2%81&sa=fyb_news&rsv_dl=fyb_news,https://fyb-2.cdn.bcebos.com/hotboard_image/4eb9bc616078ad917db5ed38f0130e91,百度热搜,实时热搜,realtime,,2026-09-15 10:31:18
24,全球最大每周车展创始人车祸身亡,当地时间9月13日凌晨，全球规模最大的每周汽车展创始人詹姆斯·韦尔在美国加利福尼亚州发生车祸，其汽车撞树后断成两截并起火燃烧，最终不幸身亡。另一名司机也在事故中遇难，身份尚未公布。,5714397,https://www.baidu.com/s?wd=%E5%85%A8%E7%90%83%E6%9C%80%E5%A4%A7%E6%AF%8F%E5%91%A8%E8%BD%A6%E5%B1%95%E5%88%9B%E5%A7%8B%E4%BA%BA%E8%BD%A6%E7%A5%B8%E8%BA%AB%E4%BA%A1&sa=fyb_news&rsv_dl=fyb_news,https://fyb-2.cdn.bcebos.com/hotboard_image/dca979e8aad1a1f2da0cae0efc729e2c,百度热搜,实时热搜,realtime,,2026-09-15 10:31:18
25,苹果回应iPhone18Pro破发,9月14日，某电商平台显示256G的iPhone 18 Pro售价降至9099元，较官网直降900元。苹果官方客服对此回应称，第三方渠道有定价权，可能有平台补贴或店铺优惠，官方不会去干预，每年新机上市后渠道价格都会因供需关系波动。,5614376,https://www.baidu.com/s?wd=%E8%8B%B9%E6%9E%9C%E5%9B%9E%E5%BA%94iPhone18Pro%E7%A0%B4%E5%8F%91&sa=fyb_news&rsv_dl=fyb_news,https://fyb-2.cdn.bcebos.com/hotboard_image/c24c9393a8189ab4edf8e35d21877f54,百度热搜,实时热搜,realtime,,2026-09-15 10:31:18
26,黑龙江三道鳞在上海身价暴涨1斤88元,近日，有网友在上海拍到售价88元一斤的东北三道鳞，该价格约为东北老家价格的10倍，引发热议。有媒体报道指出，此高价主要受长途冷链运输成本及当地市场供需关系影响。不少网友打趣称，该鱼走出东北直接升级成了高端水产。,5525377,https://www.baidu.com/s?wd=%E9%BB%91%E9%BE%99%E6%B1%9F%E4%B8%89%E9%81%93%E9%B3%9E%E5%9C%A8%E4%B8%8A%E6%B5%B7%E8%BA%AB%E4%BB%B7%E6%9A%B4%E6%B6%A81%E6%96%A488%E5%85%83&sa=fyb_news&rsv_dl=fyb_news,https://fyb-2.cdn.bcebos.com/hotboard_image/40a899c13f3816adb8447769c1a7aa60,百度热搜,实时热搜,realtime,,2026-09-15 10:31:18
27,武契奇：将辞去塞尔维亚总统职务,当地时间9月14日晚，塞尔维亚总统武契奇宣布，他将于9月27日辞去总统职务，此后将以普通公民身份参加竞选活动并与民众交流。,5408736,https://www.baidu.com/s?wd=%E6%AD%A6%E5%A5%91%E5%A5%87%EF%BC%9A%E5%B0%86%E8%BE%9E%E5%8E%BB%E5%A1%9E%E5%B0%94%E7%BB%B4%E4%BA%9A%E6%80%BB%E7%BB%9F%E8%81%8C%E5%8A%A1&sa=fyb_news&rsv_dl=fyb_news,https://fyb-2.cdn.bcebos.com/hotboard_image/f19a00fc2e8b10d3cc201627633568c4,百度热搜,实时热搜,realtime,,2026-09-15 10:31:18
28,认清这5类异常表现 关键时刻能救命,胸闷胸痛、心慌气短、肩背隐痛、咽部发紧、胃部不适，很多人会把这些症状当成普通小毛病，但这些症状往往是心脏发出的“求救信号”，背后可能提示冠状动脉已经出现狭窄或供血不足，如果忽视拖延，病情持续进展，严重时可能诱发心梗。,5323258,https://www.baidu.com/s?wd=%E8%AE%A4%E6%B8%85%E8%BF%995%E7%B1%BB%E5%BC%82%E5%B8%B8%E8%A1%A8%E7%8E%B0+%E5%85%B3%E9%94%AE%E6%97%B6%E5%88%BB%E8%83%BD%E6%95%91%E5%91%BD&sa=fyb_news&rsv_dl=fyb_news,https://fyb-2.cdn.bcebos.com/hotboard_image/af6145fc0e04b61ea52c8a47abf2f7d4,百度热搜,实时热搜,realtime,,2026-09-15 10:31:18
29,一车人买错票 游客建议车站改名,,5232801,https://www.baidu.com/s?wd=%E4%B8%80%E8%BD%A6%E4%BA%BA%E4%B9%B0%E9%94%99%E7%A5%A8+%E6%B8%B8%E5%AE%A2%E5%BB%BA%E8%AE%AE%E8%BD%A6%E7%AB%99%E6%94%B9%E5%90%8D&sa=fyb_news&rsv_dl=fyb_news,https://fyb-1.cdn.bcebos.com/fyb/de6163834f53ca92c1273fff98ac9078.jpeg,百度热搜,实时热搜,realtime,,2026-09-15 10:31:18
30,三地联手闹“脱英” 英首相坐不住了,9月14日，苏格兰、威尔士和北爱尔兰三地领导人首次举行会晤并签署联合声明，呼吁获得举行独立公投权利谋求脱英。此前，三地分离倾向政党相继执政。英国首相伯纳姆迅速回应称坚信联合王国团结。,5139723,https://www.baidu.com/s?wd=%E4%B8%89%E5%9C%B0%E8%81%94%E6%89%8B%E9%97%B9%E2%80%9C%E8%84%B1%E8%8B%B1%E2%80%9D+%E8%8B%B1%E9%A6%96%E7%9B%B8%E5%9D%90%E4%B8%8D%E4%BD%8F%E4%BA%86&sa=fyb_news&rsv_dl=fyb_news,https://fyb-2.cdn.bcebos.com/hotboard_image/6d961e05629f15d63ec51154ee0d514e,百度热搜,实时热搜,realtime,,2026-09-15 10:31:18
31,雷军现身宇树科技 王兴兴陪同,近日，雷军现身宇树科技观看人形机器人表演，王兴兴陪同。雷军现场感谢王兴兴5年前给了小米投资宇树的机会。此前今年3月，王兴兴曾带机器人到小米SU7发布会站台。,5049652,https://www.baidu.com/s?wd=%E9%9B%B7%E5%86%9B%E7%8E%B0%E8%BA%AB%E5%AE%87%E6%A0%91%E7%A7%91%E6%8A%80+%E7%8E%8B%E5%85%B4%E5%85%B4%E9%99%AA%E5%90%8C&sa=fyb_news&rsv_dl=fyb_news,https://fyb-2.cdn.bcebos.com/hotboard_image/9e9333c272237483bc913dc92233bf5a,百度热搜,实时热搜,realtime,,2026-09-15 10:31:18
32,“南北丰田”有望合并,9月14日晚间，广汽集团公告称，与一汽股份签署意向协议，筹划购买其持有的某整车合资公司部分股权，公司A股股票自2026年9月14日起停牌。交易完成后，一汽股份将成为广汽第二大股东，引发“南北丰田”合并猜想。,4933330,https://www.baidu.com/s?wd=%E2%80%9C%E5%8D%97%E5%8C%97%E4%B8%B0%E7%94%B0%E2%80%9D%E6%9C%89%E6%9C%9B%E5%90%88%E5%B9%B6&sa=fyb_news&rsv_dl=fyb_news,https://fyb-2.cdn.bcebos.com/hotboard_image/8a306c09f36120de49dbc90a9a074bfb,百度热搜,实时热搜,realtime,,2026-09-15 10:31:18
33,iOS 27正式版来了,9月15日，苹果发布iOS 27正式版，带来不少新变化。iOS 27进行了大量系统优化，更新后iPhone和iPad的应用启动速度、照片图库中新照片的加载以及隔空投送的速度都会更快一些。,4839667,https://www.baidu.com/s?wd=iOS+27%E6%AD%A3%E5%BC%8F%E7%89%88%E6%9D%A5%E4%BA%86&sa=fyb_news&rsv_dl=fyb_news,https://fyb-2.cdn.bcebos.com/hotboard_image/5ada4ba5fa1ab47161a77268c35e21b8,百度热搜,实时热搜,realtime,,2026-09-15 10:31:18
34,王毅：希望法方恪守一个中国原则,9月14日，中国外长王毅应约同法国外长巴罗通电话。王毅希望法方以实际行动恪守一个中国原则，不向“台独”势力发出错误信号；巴罗表示法方坚定奉行一个中国政策。,4739650,https://www.baidu.com/s?wd=%E7%8E%8B%E6%AF%85%EF%BC%9A%E5%B8%8C%E6%9C%9B%E6%B3%95%E6%96%B9%E6%81%AA%E5%AE%88%E4%B8%80%E4%B8%AA%E4%B8%AD%E5%9B%BD%E5%8E%9F%E5%88%99&sa=fyb_news&rsv_dl=fyb_news,https://fyb-2.cdn.bcebos.com/hotboard_image/df892f0ebb9d072a95a9fe9d97207b61,百度热搜,实时热搜,realtime,,2026-09-15 10:31:18
35,撤销41个“中国酿酒大师”称号,9月14日，中国轻工业联合会发布公告，撤销41个2021年评选的“中国酿酒大师”称号，禁止以此宣传推介。,4662565,https://www.baidu.com/s?wd=%E6%92%A4%E9%94%8041%E4%B8%AA%E2%80%9C%E4%B8%AD%E5%9B%BD%E9%85%BF%E9%85%92%E5%A4%A7%E5%B8%88%E2%80%9D%E7%A7%B0%E5%8F%B7&sa=fyb_news&rsv_dl=fyb_news,https://fyb-2.cdn.bcebos.com/hotboard_image/149a7686be57af4c5ae03a12cd84b553,百度热搜,实时热搜,realtime,,2026-09-15 10:31:18
36,iPhone终于支持调休闹钟了,目前iOS27正式版已推送，国行版iPhone终于支持设置调休工作日闹钟。用户在闹钟设置中选择“工作日含调休”后，闹钟会在常规工作日及调休上班日自动响起。此外，稍后提醒时长最长可设为15分钟。,4568516,https://www.baidu.com/s?wd=iPhone%E7%BB%88%E4%BA%8E%E6%94%AF%E6%8C%81%E8%B0%83%E4%BC%91%E9%97%B9%E9%92%9F%E4%BA%86&sa=fyb_news&rsv_dl=fyb_news,https://fyb-2.cdn.bcebos.com/hotboard_image/d568089524f94253f0c74f36a5762549,百度热搜,实时热搜,realtime,,2026-09-15 10:31:18
37,曝姆巴佩与登贝莱彻底决裂,近日，姆巴佩称自己早早被视为“天选之子”，登贝莱则回应称自己一直“坐在教室最后一排，埋头苦练”，引发外界对两人关系的猜测。此前，西班牙记者爆料两人关系彻底决裂，世界杯出局后零交流，齐达内拟紧急面谈调解。,4451472,https://www.baidu.com/s?wd=%E6%9B%9D%E5%A7%86%E5%B7%B4%E4%BD%A9%E4%B8%8E%E7%99%BB%E8%B4%9D%E8%8E%B1%E5%BD%BB%E5%BA%95%E5%86%B3%E8%A3%82&sa=fyb_news&rsv_dl=fyb_news,https://fyb-2.cdn.bcebos.com/hotboard_image/19af2ebf132bdf18006ce1e7b6d91117,百度热搜,实时热搜,realtime,,2026-09-15 10:31:18
38,防范脑出血 这些信号要当心,脑出血多为急性突发，病情进展极快，延误救治会造成不可逆的脑组织损伤，如出现突发异常头痛、喷射性呕吐、精神萎靡、肢体无力、口齿不清、视物模糊等症状，切勿忽视，要及时就诊。,4380921,https://www.baidu.com/s?wd=%E9%98%B2%E8%8C%83%E8%84%91%E5%87%BA%E8%A1%80+%E8%BF%99%E4%BA%9B%E4%BF%A1%E5%8F%B7%E8%A6%81%E5%BD%93%E5%BF%83&sa=fyb_news&rsv_dl=fyb_news,https://fyb-2.cdn.bcebos.com/hotboard_image/7a60caaf4ad51d4afdb27379c43be4f3,百度热搜,实时热搜,realtime,,2026-09-15 10:31:18
39,本科生扎堆回炉读技校,8‑9月多地开设大学生技师班，大批高校毕业生回炉进修技能。各地通过校企协同办学，学员可考取技师证书，享受相关人才政策。专家建议高校深化产教融合，优化专业设置，提升人才培养与产业岗位的匹配度。,4284046,https://www.baidu.com/s?wd=%E6%9C%AC%E7%A7%91%E7%94%9F%E6%89%8E%E5%A0%86%E5%9B%9E%E7%82%89%E8%AF%BB%E6%8A%80%E6%A0%A1&sa=fyb_news&rsv_dl=fyb_news,https://fyb-2.cdn.bcebos.com/hotboard_image/0820305cfd955c142be0a3299dde4757,百度热搜,实时热搜,realtime,,2026-09-15 10:31:18
40,知名游戏老板百亿元天价离婚创纪录,近日，韩国首尔家庭法院对《穿越火线》开发商Smilegate创始人权赫彬与妻子李某离婚案作出一审判决。法院裁定权赫彬向李某转让35%股份，并支付约3.24亿元人民币现金，分割总额约127.25亿元人民币，创下韩国公开离婚案新高。,4191434,https://www.baidu.com/s?wd=%E7%9F%A5%E5%90%8D%E6%B8%B8%E6%88%8F%E8%80%81%E6%9D%BF%E7%99%BE%E4%BA%BF%E5%85%83%E5%A4%A9%E4%BB%B7%E7%A6%BB%E5%A9%9A%E5%88%9B%E7%BA%AA%E5%BD%95&sa=fyb_news&rsv_dl=fyb_news,https://fyb-2.cdn.bcebos.com/hotboard_image/d798836f59b0590683723d1c1f5207ac,百度热搜,实时热搜,realtime,,2026-09-15 10:31:18
41,“名在市、站在县”的高铁站,近日，乘客反馈购买泸州东站车票，到站才发现车站地处泸县云锦镇，距市区30余公里，建议车站更名。当地交通局表示，站名变更需国铁集团审批，已转交建议并跟进。其实，类似“名在市、站在县”的站点，全国还有不少。,4076026,https://www.baidu.com/s?wd=%E2%80%9C%E5%90%8D%E5%9C%A8%E5%B8%82%E3%80%81%E7%AB%99%E5%9C%A8%E5%8E%BF%E2%80%9D%E7%9A%84%E9%AB%98%E9%93%81%E7%AB%99&sa=fyb_news&rsv_dl=fyb_news,https://fyb-2.cdn.bcebos.com/hotboard_image/7ce876524addc2d9b8339d748c28ae62,百度热搜,实时热搜,realtime,,2026-09-15 10:31:18
42,“钨”呼 起飞,近年来，钨作为国防军工、半导体、AI算力等领域不可替代的关键矿产，供应日益紧张。目前，国际市场上钨产业链中间产品的价格，相比两年前已经上涨近900％。近期，多国调整关键矿产政策，全球钨资源争夺正全面升级。,3986082,https://www.baidu.com/s?wd=%E2%80%9C%E9%92%A8%E2%80%9D%E5%91%BC+%E8%B5%B7%E9%A3%9E&sa=fyb_news&rsv_dl=fyb_news,https://fyb-2.cdn.bcebos.com/hotboard_image/af0e7a0a81603ff9c80b165e9e97c658,百度热搜,实时热搜,realtime,,2026-09-15 10:31:18
43,25元隔离霜“撞脸”CPB,9月14日媒体报道，资生堂中国起诉奥乐齐中国不正当竞争。事件起因是奥乐齐24.9元LACURA隔离霜被指与资生堂540元CPB隔离霜外观“几乎一模一样”。案件将于2026年11月5日开庭。,3879190,https://www.baidu.com/s?wd=25%E5%85%83%E9%9A%94%E7%A6%BB%E9%9C%9C%E2%80%9C%E6%92%9E%E8%84%B8%E2%80%9DCPB&sa=fyb_news&rsv_dl=fyb_news,https://fyb-2.cdn.bcebos.com/hotboard_image/a8c48e8170c79619bf3fe60cb56cae5c,百度热搜,实时热搜,realtime,,2026-09-15 10:31:18
44,基建神器上新：“静音+无尘”施工,近日，广州市白云展览中心项目正式投用华南地区规模最大的基坑气膜设施，覆盖面积约2.5万平方米。此前，传统露天施工易受恶劣天气影响且产生扬尘、噪声扰民。该设施可抵御14级台风，投用后整体降噪效果可达60%，有效遏制扬尘外逸，预计累计节约施工工期171天。,3810206,https://www.baidu.com/s?wd=%E5%9F%BA%E5%BB%BA%E7%A5%9E%E5%99%A8%E4%B8%8A%E6%96%B0%EF%BC%9A%E2%80%9C%E9%9D%99%E9%9F%B3%2B%E6%97%A0%E5%B0%98%E2%80%9D%E6%96%BD%E5%B7%A5&sa=fyb_news&rsv_dl=fyb_news,https://fyb-2.cdn.bcebos.com/hotboard_image/5470cbdb1c240bde63fd9bc7a6fe4506,百度热搜,实时热搜,realtime,,2026-09-15 10:31:18
45,广汽集团 资产重组,9月14日晚，广汽集团发布关于筹划重大资产重组事项的停牌公告。公司当日与一汽股份签署意向协议，拟以发行股份的方式收购一汽股份所持某整车合资公司部分股权，同时募集配套资金。据初步测算，本次交易完成后，一汽股份将成为广汽集团第二大股东，具备战略影响力。,3683667,https://www.baidu.com/s?wd=%E5%B9%BF%E6%B1%BD%E9%9B%86%E5%9B%A2+%E8%B5%84%E4%BA%A7%E9%87%8D%E7%BB%84&sa=fyb_news&rsv_dl=fyb_news,https://fyb-2.cdn.bcebos.com/hotboard_image/ea53c846994f3a5c43aee62636f55947,百度热搜,实时热搜,realtime,,2026-09-15 10:31:18
46,黄河边约会后失踪女孩遗体已火化,河南新乡一位19岁女孩今年6月与男友黄河边约会后失踪，遗体7月在开封水域被发现，尸检认定溺水身亡，遗体已于9月12日火化。警方审查后不予立案，女孩母亲对此存疑，计划就不予立案申请复议。,3623650,https://www.baidu.com/s?wd=%E9%BB%84%E6%B2%B3%E8%BE%B9%E7%BA%A6%E4%BC%9A%E5%90%8E%E5%A4%B1%E8%B8%AA%E5%A5%B3%E5%AD%A9%E9%81%97%E4%BD%93%E5%B7%B2%E7%81%AB%E5%8C%96&sa=fyb_news&rsv_dl=fyb_news,https://fyb-2.cdn.bcebos.com/hotboard_image/2bc9cdfe2d3af3574c9d1f96d75a6efe,百度热搜,实时热搜,realtime,,2026-09-15 10:31:18
47,侄女帮小姨挡催婚 金句频出,网传一段侄女帮小姨挡催婚的对话引发关注。面对长辈催婚，侄女金句频出，直言“知识是人生的必需品，而爱情不是”，强调“爱情是我们自己掌控的，这是我们的自由”，并认为“事业永远比爱情重要”，呼吁“我们要允许有些人选择不结婚”。,3519559,https://www.baidu.com/s?wd=%E4%BE%84%E5%A5%B3%E5%B8%AE%E5%B0%8F%E5%A7%A8%E6%8C%A1%E5%82%AC%E5%A9%9A+%E9%87%91%E5%8F%A5%E9%A2%91%E5%87%BA&sa=fyb_news&rsv_dl=fyb_news,https://fyb-2.cdn.bcebos.com/hotboard_image/4a189b6f2375fa928b3ad02878a01d22,百度热搜,实时热搜,realtime,,2026-09-15 10:31:18
48,美使馆在伦敦秘密抓人 英议员称离谱,据报道，一名为美国驻英国大使馆工作的男子因涉嫌持有虐童照片，被美方人员秘密带走并送回美国。一位英国保守党议员称美方的做法“完全不可接受”“极其离谱”，他指控“美国政府如今正在包庇涉嫌恋童的人”。,3404305,https://www.baidu.com/s?wd=%E7%BE%8E%E4%BD%BF%E9%A6%86%E5%9C%A8%E4%BC%A6%E6%95%A6%E7%A7%98%E5%AF%86%E6%8A%93%E4%BA%BA+%E8%8B%B1%E8%AE%AE%E5%91%98%E7%A7%B0%E7%A6%BB%E8%B0%B1&sa=fyb_news&rsv_dl=fyb_news,https://fyb-2.cdn.bcebos.com/hotboard_image/ed43cb16575cfe8bbbeb5f4e6b91f836,百度热搜,实时热搜,realtime,,2026-09-15 10:31:18
49,抵制美国货 加拿大超市货架大洗牌,美国政府去年对加拿大商品加征关税以来，加拿大就掀起了抵制美国产品、倡导买国货的消费潮流。随着越来越多加拿大消费者抵制美国货，加拿大各零售商开始加强产地标识并开辟除美国之外的更多货源地，各大超市货架陈列因此面貌大变。,3327286,https://www.baidu.com/s?wd=%E6%8A%B5%E5%88%B6%E7%BE%8E%E5%9B%BD%E8%B4%A7+%E5%8A%A0%E6%8B%BF%E5%A4%A7%E8%B6%85%E5%B8%82%E8%B4%A7%E6%9E%B6%E5%A4%A7%E6%B4%97%E7%89%8C&sa=fyb_news&rsv_dl=fyb_news,https://fyb-2.cdn.bcebos.com/hotboard_image/bb70fbd628c4caeb970d0ae7169ce3ce,百度热搜,实时热搜,realtime,,2026-09-15 10:31:18
50,“第一学历”歧视该翻篇了,最近，东北农大硕士与北大硕士在求职大厂时，均因“第一学历”不符遭遇拒录或降薪。媒体指出，“第一学历”歧视该翻篇了，应从立法执法层面弥补漏洞，保障平等就业权。,3213280,https://www.baidu.com/s?wd=%E2%80%9C%E7%AC%AC%E4%B8%80%E5%AD%A6%E5%8E%86%E2%80%9D%E6%AD%A7%E8%A7%86%E8%AF%A5%E7%BF%BB%E7%AF%87%E4%BA%86&sa=fyb_news&rsv_dl=fyb_news,https://fyb-2.cdn.bcebos.com/hotboard_image/ba015133055e6859cfe2ecd875816f4c,百度热搜,实时热搜,realtime,,2026-09-15 10:31:18
1,勇做时代先锋 汇聚团结力量,9月12日至13日，应印度总理莫迪邀请，习近平主席赴新德里出席金砖国家领导人第十八次会晤。金砖合作砥砺前行二十载，这是对“大金砖合作”历史使命的明确指引：“坚定站在历史正确一边，勇做时代先锋，引领国际秩序朝着更加公正合理的方向发展，携手推动构建人类命运共同体。”,7904388,https://www.baidu.com/s?wd=%E5%8B%87%E5%81%9A%E6%97%B6%E4%BB%A3%E5%85%88%E9%94%8B+%E6%B1%87%E8%81%9A%E5%9B%A2%E7%BB%93%E5%8A%9B%E9%87%8F&sa=fyb_news&rsv_dl=fyb_news,https://fyb-2.cdn.bcebos.com/hotboard_image/713838b48dc8f8c54a8636c9479cfa65,百度热搜,实时热搜,realtime,,2026-09-15 11:26:06
2,演唱会求婚当事人称已报警,9月12日，北京鸟巢赵雷演唱会现场，一对情侣因求婚时女方激动站起，遭后排观众齐声高喊“坐下”。拍摄该视频的观众表示，自己花大几千元购票只想安静听歌。目前，当事人已私信拍摄者称报警并启动司法程序，要求下架相关视频。,7809219,https://www.baidu.com/s?wd=%E6%BC%94%E5%94%B1%E4%BC%9A%E6%B1%82%E5%A9%9A%E5%BD%93%E4%BA%8B%E4%BA%BA%E7%A7%B0%E5%B7%B2%E6%8A%A5%E8%AD%A6&sa=fyb_news&rsv_dl=fyb_news,https://fyb-2.cdn.bcebos.com/hotboard_image/1c20e6f3a785d726fc84ebf7f398facc,百度热搜,实时热搜,realtime,,2026-09-15 11:26:06
3,“能看海的地铁”试乘首日挤爆了,9月14日，宁波轨道交通12号线开展免费试乘。该线是国内首条跨海市域铁路，主城至象山约30分钟可达。首日客流火爆，致小洋江站8时20分许实施限流管控，运营方呼吁暂缓前往，11时许管控取消。试乘活动持续至19日。,7713275,https://www.baidu.com/s?wd=%E2%80%9C%E8%83%BD%E7%9C%8B%E6%B5%B7%E7%9A%84%E5%9C%B0%E9%93%81%E2%80%9D%E8%AF%95%E4%B9%98%E9%A6%96%E6%97%A5%E6%8C%A4%E7%88%86%E4%BA%86&sa=fyb_news&rsv_dl=fyb_news,https://fyb-2.cdn.bcebos.com/hotboard_image/1114fd50038e9c976114a16b7027456b,百度热搜,实时热搜,realtime,,2026-09-15 11:26:06
4,外籍游客爱上中国秋日深度游,暑期落幕，秋景上线！避开暑期拥堵、赶上政策红利，大批外籍游客选择九月错峰来华，沉浸式感受秋日中国的山水风光与人文魅力，入境旅游持续升温。,7618056,https://www.baidu.com/s?wd=%E5%A4%96%E7%B1%8D%E6%B8%B8%E5%AE%A2%E7%88%B1%E4%B8%8A%E4%B8%AD%E5%9B%BD%E7%A7%8B%E6%97%A5%E6%B7%B1%E5%BA%A6%E6%B8%B8&sa=fyb_news&rsv_dl=fyb_news,https://fyb-2.cdn.bcebos.com/hotboard_image/7587506b7887b546f38e3f821506a28f,百度热搜,实时热搜,realtime,,2026-09-15 11:26:06
5,本科生扎堆回炉读技校,8‑9月多地开设大学生技师班，大批高校毕业生回炉进修技能。各地通过校企协同办学，学员可考取技师证书，享受相关人才政策。专家建议高校深化产教融合，优化专业设置，提升人才培养与产业岗位的匹配度。,7521167,https://www.baidu.com/s?wd=%E6%9C%AC%E7%A7%91%E7%94%9F%E6%89%8E%E5%A0%86%E5%9B%9E%E7%82%89%E8%AF%BB%E6%8A%80%E6%A0%A1&sa=fyb_news&rsv_dl=fyb_news,https://fyb-2.cdn.bcebos.com/hotboard_image/66023a115ac3f8965a2b93e1e60c2480,百度热搜,实时热搜,realtime,,2026-09-15 11:26:06
6,父亲撞死人让儿子顶包 全家串供,,7427425,https://www.baidu.com/s?wd=%E7%88%B6%E4%BA%B2%E6%92%9E%E6%AD%BB%E4%BA%BA%E8%AE%A9%E5%84%BF%E5%AD%90%E9%A1%B6%E5%8C%85+%E5%85%A8%E5%AE%B6%E4%B8%B2%E4%BE%9B&sa=fyb_news&rsv_dl=fyb_news,https://fyb-1.cdn.bcebos.com/fyb/de6163834f53ca92c1273fff98ac9078.jpeg,百度热搜,实时热搜,realtime,,2026-09-15 11:26:06
7,新生儿窒息死亡 月子中心：已报警,9月14日，广州番禺暖月月子中心就“6天女婴窒息死亡”发声明。此前，李女士称女儿在喂奶时窒息死亡，家属质疑月子中心操作不当且未有效急救。声明称法医鉴定正进行中，死因未定；澄清“强制喂奶致呛奶死”“跑路”“护理人员系实习生”等说法不实；并指部分人员到经营场所滋事毁坏财物，已报警处理。,7327673,https://www.baidu.com/s?wd=%E6%96%B0%E7%94%9F%E5%84%BF%E7%AA%92%E6%81%AF%E6%AD%BB%E4%BA%A1+%E6%9C%88%E5%AD%90%E4%B8%AD%E5%BF%83%EF%BC%9A%E5%B7%B2%E6%8A%A5%E8%AD%A6&sa=fyb_news&rsv_dl=fyb_news,https://fyb-2.cdn.bcebos.com/hotboard_image/d9da368c8ca0251ca81cdf8a6beef075,百度热搜,实时热搜,realtime,,2026-09-15 11:26:06
8,“第一学历”歧视该翻篇了,最近，东北农大硕士与北大硕士在求职大厂时，均因“第一学历”不符遭遇拒录或降薪。媒体指出，“第一学历”歧视该翻篇了，应从立法执法层面弥补漏洞，保障平等就业权。,7237451,https://www.baidu.com/s?wd=%E2%80%9C%E7%AC%AC%E4%B8%80%E5%AD%A6%E5%8E%86%E2%80%9D%E6%AD%A7%E8%A7%86%E8%AF%A5%E7%BF%BB%E7%AF%87%E4%BA%86&sa=fyb_news&rsv_dl=fyb_news,https://fyb-2.cdn.bcebos.com/hotboard_image/ba015133055e6859cfe2ecd875816f4c,百度热搜,实时热搜,realtime,,2026-09-15 11:26:06
9,“四川芬达”恶搞杨坤被判赔31.5万,2026年3月，网红“四川芬达”恶搞杨坤一案执行案件立案。当事人表示认同法院认定的全部事实及后果，向杨坤郑重道歉。此前法院判决其赔偿31.5万元，杨坤工作室称将全部捐出。,7138430,https://www.baidu.com/s?wd=%E2%80%9C%E5%9B%9B%E5%B7%9D%E8%8A%AC%E8%BE%BE%E2%80%9D%E6%81%B6%E6%90%9E%E6%9D%A8%E5%9D%A4%E8%A2%AB%E5%88%A4%E8%B5%9431.5%E4%B8%87&sa=fyb_news&rsv_dl=fyb_news,https://fyb-2.cdn.bcebos.com/hotboard_image/abcfeecc674cc2952f5a043da345a321,百度热搜,实时热搜,realtime,,2026-09-15 11:26:06
10,华为赛力斯合作调整,9月15日，记者从知情人士处获悉，华为与赛力斯的智选车合作模式本周将调整为轻资产模式。产品、营销等将由华为主导变为赛力斯主导、华为赋能。此次调整旨在让鸿蒙智行聚焦资源，加速智界等品牌成功，夯实行业地位。,7046951,https://www.baidu.com/s?wd=%E5%8D%8E%E4%B8%BA%E8%B5%9B%E5%8A%9B%E6%96%AF%E5%90%88%E4%BD%9C%E8%B0%83%E6%95%B4&sa=fyb_news&rsv_dl=fyb_news,https://fyb-2.cdn.bcebos.com/hotboard_image/9909185b495a36b88cfbfee87c860fba,百度热搜,实时热搜,realtime,,2026-09-15 11:26:06
11,电池税正式落地对新能源车意味着什么,今年9月1日起，中国锂电池行业结束十余年免征，按2%税率征收消费税，明年9月1日升至4%，新增成本约1200至3000元。新能源车普涨概率低，行业将加速向头部集中，产业从政策驱动转向市场驱动。,6944500,https://www.baidu.com/s?wd=%E7%94%B5%E6%B1%A0%E7%A8%8E%E6%AD%A3%E5%BC%8F%E8%90%BD%E5%9C%B0%E5%AF%B9%E6%96%B0%E8%83%BD%E6%BA%90%E8%BD%A6%E6%84%8F%E5%91%B3%E7%9D%80%E4%BB%80%E4%B9%88&sa=fyb_news&rsv_dl=fyb_news,https://fyb-2.cdn.bcebos.com/hotboard_image/ef77fadd68c08699249915a355aa2f2c,百度热搜,实时热搜,realtime,,2026-09-15 11:26:06
12,2026平谷区网络优秀作品展播,今年7月，平谷区委网信办联合区教委开展网络举报宣传作品征集活动，共收到作品 142 件，经评选颁奖，凝聚网络治理合力。,6851717,https://www.baidu.com/s?wd=2026%E5%B9%B3%E8%B0%B7%E5%8C%BA%E7%BD%91%E7%BB%9C%E4%BC%98%E7%A7%80%E4%BD%9C%E5%93%81%E5%B1%95%E6%92%AD&sa=fyb_news&rsv_dl=fyb_news,https://fyb-2.cdn.bcebos.com/hotboard_image/e9193c45705bc20e949bb75f6cbead21,百度热搜,实时热搜,realtime,,2026-09-15 11:26:06
13,四盒没人取的牛奶救人一命,近日，江苏无锡一小区保安卢强发现独居老人家中灯亮、四盒牛奶两天未取，且老人久未露面，报警后发现老人突发脑梗倒地。后老人获及时救治转危为安，9月10日卢强获颁证书和奖金。,6752352,https://www.baidu.com/s?wd=%E5%9B%9B%E7%9B%92%E6%B2%A1%E4%BA%BA%E5%8F%96%E7%9A%84%E7%89%9B%E5%A5%B6%E6%95%91%E4%BA%BA%E4%B8%80%E5%91%BD&sa=fyb_news&rsv_dl=fyb_news,https://fyb-2.cdn.bcebos.com/hotboard_image/8ba6c0a350d73f4e2ef38d895e97e1d4,百度热搜,实时热搜,realtime,,2026-09-15 11:26:06
14,“喊坐下都算礼貌 要我就喊离婚”,9月12日，赵雷北京鸟巢演唱会上，前排一名男观众突然向女友求婚，女方激动站起，导致后排齐声高喊“坐下”。这段现场视频被发到社交媒体后，此事冲上热搜。更有人表态：“喊坐下都算礼貌，要我就喊离婚。”,6666523,https://www.baidu.com/s?wd=%E2%80%9C%E5%96%8A%E5%9D%90%E4%B8%8B%E9%83%BD%E7%AE%97%E7%A4%BC%E8%B2%8C+%E8%A6%81%E6%88%91%E5%B0%B1%E5%96%8A%E7%A6%BB%E5%A9%9A%E2%80%9D&sa=fyb_news&rsv_dl=fyb_news,https://fyb-2.cdn.bcebos.com/hotboard_image/1b54c00df40217351cbd810d888a0e22,百度热搜,实时热搜,realtime,,2026-09-15 11:26:06
15,演唱会求婚 别把没素质当仪式感,9月12日，赵雷北京鸟巢演唱会上，前排一名男观众突然向女友求婚，女方激动站起，导致后排齐声高喊“坐下”。此前两人还向周围观众撒喜糖，保安介入制止。演唱会求婚，别把没素质当仪式感。,6567067,https://www.baidu.com/s?wd=%E6%BC%94%E5%94%B1%E4%BC%9A%E6%B1%82%E5%A9%9A+%E5%88%AB%E6%8A%8A%E6%B2%A1%E7%B4%A0%E8%B4%A8%E5%BD%93%E4%BB%AA%E5%BC%8F%E6%84%9F&sa=fyb_news&rsv_dl=fyb_news,https://fyb-2.cdn.bcebos.com/hotboard_image/8e5c428286064ce4b9215d6ae164fca3,百度热搜,实时热搜,realtime,,2026-09-15 11:26:06
16,伊朗和韩国杠上了,9月7日，伊朗外交部警告韩国，任何向波斯湾或霍尔木兹海峡派兵的行为都将被视为支持美国“侵略”。韩国随后表示尚未决定是否派遣军事力量，或仅提供非战斗及搜救支援，双方言辞交锋引发关注。此前，韩国在美国压力下考虑派兵。,6463859,https://www.baidu.com/s?wd=%E4%BC%8A%E6%9C%97%E5%92%8C%E9%9F%A9%E5%9B%BD%E6%9D%A0%E4%B8%8A%E4%BA%86&sa=fyb_news&rsv_dl=fyb_news,https://fyb-2.cdn.bcebos.com/hotboard_image/24f35be70da7d46dc7d8bcf6740437cc,百度热搜,实时热搜,realtime,,2026-09-15 11:26:06
17,男子在公园钓到大鱼火速逃跑,四川成都一男子在公园钓到大鱼后火速逃跑，公园保安在后方狂追。园方回应称公园禁止钓鱼，保安无执法权仅能进行劝导和记录，已将事件移交警方处理。若系多次行为将追究责任。,6373310,https://www.baidu.com/s?wd=%E7%94%B7%E5%AD%90%E5%9C%A8%E5%85%AC%E5%9B%AD%E9%92%93%E5%88%B0%E5%A4%A7%E9%B1%BC%E7%81%AB%E9%80%9F%E9%80%83%E8%B7%91&sa=fyb_news&rsv_dl=fyb_news,https://fyb-2.cdn.bcebos.com/hotboard_image/7aa9b87868cba478151bc4d16406caf7,百度热搜,实时热搜,realtime,,2026-09-15 11:26:06
18,牛肉价格持续上涨,中秋、国庆临近，牛肉消费逐渐进入旺季，市场呈现量价齐升的态势。数据显示，9月11日，北京新发地市场牛前腱价格为每公斤75元，环比上涨4%，同比上涨17%。商户介绍，牛肉价格近期涨幅明显，一方面是需求拉动，另外就是肉牛存栏下降、供应减少。,6288023,https://www.baidu.com/s?wd=%E7%89%9B%E8%82%89%E4%BB%B7%E6%A0%BC%E6%8C%81%E7%BB%AD%E4%B8%8A%E6%B6%A8&sa=fyb_news&rsv_dl=fyb_news,https://fyb-2.cdn.bcebos.com/hotboard_image/ffba139ca831cab5e98f32ab7508ddc5,百度热搜,实时热搜,realtime,,2026-09-15 11:26:06
19,95后清华核科技女博士当村支书,95后清华核科技博士王帅于今年1月主动报名担任恩施州利川市凉雾乡诸天村第一书记。驻村8个月来，她利用设备拍摄乡村风貌，吸引近百游客避暑并对接农产品采购；还协调接通二组自来水、为盘龙片区安装66盏新路灯。,6189536,https://www.baidu.com/s?wd=95%E5%90%8E%E6%B8%85%E5%8D%8E%E6%A0%B8%E7%A7%91%E6%8A%80%E5%A5%B3%E5%8D%9A%E5%A3%AB%E5%BD%93%E6%9D%91%E6%94%AF%E4%B9%A6&sa=fyb_news&rsv_dl=fyb_news,https://fyb-2.cdn.bcebos.com/hotboard_image/1924345dd972c737b42b7b24ad21b2b5,百度热搜,实时热搜,realtime,,2026-09-15 11:26:06
20,黑龙江三道鳞在上海身价暴涨1斤88元,近日，有网友在上海拍到售价88元一斤的东北三道鳞，该价格约为东北老家价格的10倍，引发热议。有媒体报道指出，此高价主要受长途冷链运输成本及当地市场供需关系影响。不少网友打趣称，该鱼走出东北直接升级成了高端水产。,6087040,https://www.baidu.com/s?wd=%E9%BB%91%E9%BE%99%E6%B1%9F%E4%B8%89%E9%81%93%E9%B3%9E%E5%9C%A8%E4%B8%8A%E6%B5%B7%E8%BA%AB%E4%BB%B7%E6%9A%B4%E6%B6%A81%E6%96%A488%E5%85%83&sa=fyb_news&rsv_dl=fyb_news,https://fyb-2.cdn.bcebos.com/hotboard_image/40a899c13f3816adb8447769c1a7aa60,百度热搜,实时热搜,realtime,,2026-09-15 11:26:06
21,曝姆巴佩与登贝莱彻底决裂,近日，姆巴佩称自己早早被视为“天选之子”，登贝莱则回应称自己一直“坐在教室最后一排，埋头苦练”，引发外界对两人关系的猜测。此前，西班牙记者爆料两人关系彻底决裂，世界杯出局后零交流，齐达内拟紧急面谈调解。,5982368,https://www.baidu.com/s?wd=%E6%9B%9D%E5%A7%86%E5%B7%B4%E4%BD%A9%E4%B8%8E%E7%99%BB%E8%B4%9D%E8%8E%B1%E5%BD%BB%E5%BA%95%E5%86%B3%E8%A3%82&sa=fyb_news&rsv_dl=fyb_news,https://fyb-2.cdn.bcebos.com/hotboard_image/19af2ebf132bdf18006ce1e7b6d91117,百度热搜,实时热搜,realtime,,2026-09-15 11:26:06
22,特朗普急了 致电黄仁勋斥责AI危险论,北京时间9月15日，据彭博社报道，英伟达CEO黄仁勋周一在参加一场小组讨论时，现场接听了美国总统特朗普打来的电话，让特朗普有机会将AI危险论斥为“骗局”。,5904380,https://www.baidu.com/s?wd=%E7%89%B9%E6%9C%97%E6%99%AE%E6%80%A5%E4%BA%86+%E8%87%B4%E7%94%B5%E9%BB%84%E4%BB%81%E5%8B%8B%E6%96%A5%E8%B4%A3AI%E5%8D%B1%E9%99%A9%E8%AE%BA&sa=fyb_news&rsv_dl=fyb_news,https://fyb-2.cdn.bcebos.com/hotboard_image/2f176781d9c5574b2b54bd87ee5f25f8,百度热搜,实时热搜,realtime,,2026-09-15 11:26:06
23,女演员中村友理去世 年仅44岁,9月14日，日媒报道称，演员中村友理因直肠癌于9月1日去世，年仅44岁。公告回溯其抗癌经历：13年前她患癌，为不影响工作选择隐瞒，之后康复并定期体检。去年1月癌症复发，手术成功却出现转移；今年8月，她努力复出之际，又突发肠梗阻。,5807987,https://www.baidu.com/s?wd=%E5%A5%B3%E6%BC%94%E5%91%98%E4%B8%AD%E6%9D%91%E5%8F%8B%E7%90%86%E5%8E%BB%E4%B8%96+%E5%B9%B4%E4%BB%8544%E5%B2%81&sa=fyb_news&rsv_dl=fyb_news,https://fyb-2.cdn.bcebos.com/hotboard_image/4eb9bc616078ad917db5ed38f0130e91,百度热搜,实时热搜,realtime,,2026-09-15 11:26:06
24,浙江省委书记省长带头捐款,9月14日下午，浙江省委书记王浩、省长刘捷等省领导参加“慈善一日捐”活动并带头捐款。此前，该活动在浙江已延续多年，自2021年起每年省四套班子领导均带头捐款。,5701895,https://www.baidu.com/s?wd=%E6%B5%99%E6%B1%9F%E7%9C%81%E5%A7%94%E4%B9%A6%E8%AE%B0%E7%9C%81%E9%95%BF%E5%B8%A6%E5%A4%B4%E6%8D%90%E6%AC%BE&sa=fyb_news&rsv_dl=fyb_news,https://fyb-2.cdn.bcebos.com/hotboard_image/25ea9c64c5b928a1c918cc6c880a2d7e,百度热搜,实时热搜,realtime,,2026-09-15 11:26:06
25,全球最大每周车展创始人车祸身亡,当地时间9月13日凌晨，全球规模最大的每周汽车展创始人詹姆斯·韦尔在美国加利福尼亚州发生车祸，其汽车撞树后断成两截并起火燃烧，最终不幸身亡。另一名司机也在事故中遇难，身份尚未公布。,5620029,https://www.baidu.com/s?wd=%E5%85%A8%E7%90%83%E6%9C%80%E5%A4%A7%E6%AF%8F%E5%91%A8%E8%BD%A6%E5%B1%95%E5%88%9B%E5%A7%8B%E4%BA%BA%E8%BD%A6%E7%A5%B8%E8%BA%AB%E4%BA%A1&sa=fyb_news&rsv_dl=fyb_news,https://fyb-2.cdn.bcebos.com/hotboard_image/dca979e8aad1a1f2da0cae0efc729e2c,百度热搜,实时热搜,realtime,,2026-09-15 11:26:06
26,“南北丰田”有望合并,9月14日晚间，广汽集团公告称，与一汽股份签署意向协议，筹划购买其持有的某整车合资公司部分股权，公司A股股票自2026年9月14日起停牌。交易完成后，一汽股份将成为广汽第二大股东，引发“南北丰田”合并猜想。,5502746,https://www.baidu.com/s?wd=%E2%80%9C%E5%8D%97%E5%8C%97%E4%B8%B0%E7%94%B0%E2%80%9D%E6%9C%89%E6%9C%9B%E5%90%88%E5%B9%B6&sa=fyb_news&rsv_dl=fyb_news,https://fyb-2.cdn.bcebos.com/hotboard_image/8a306c09f36120de49dbc90a9a074bfb,百度热搜,实时热搜,realtime,,2026-09-15 11:26:06
27,王毅：希望法方恪守一个中国原则,9月14日，中国外长王毅应约同法国外长巴罗通电话。王毅希望法方以实际行动恪守一个中国原则，不向“台独”势力发出错误信号；巴罗表示法方坚定奉行一个中国政策。,5412887,https://www.baidu.com/s?wd=%E7%8E%8B%E6%AF%85%EF%BC%9A%E5%B8%8C%E6%9C%9B%E6%B3%95%E6%96%B9%E6%81%AA%E5%AE%88%E4%B8%80%E4%B8%AA%E4%B8%AD%E5%9B%BD%E5%8E%9F%E5%88%99&sa=fyb_news&rsv_dl=fyb_news,https://fyb-2.cdn.bcebos.com/hotboard_image/df892f0ebb9d072a95a9fe9d97207b61,百度热搜,实时热搜,realtime,,2026-09-15 11:26:06
28,饮用水报告：72%成年人未达适宜摄入量,由农业农村部食物与营养发展研究所、中粮营养健康研究院共同主办的《饮用水健康与感官品质研究报告》发布会近日召开。报告指出，我国居民对饮水重视不足，72%的成年人未达适宜摄入量，应把喝水放到与吃饭同等重要位置。,5313400,https://www.baidu.com/s?wd=%E9%A5%AE%E7%94%A8%E6%B0%B4%E6%8A%A5%E5%91%8A%EF%BC%9A72%25%E6%88%90%E5%B9%B4%E4%BA%BA%E6%9C%AA%E8%BE%BE%E9%80%82%E5%AE%9C%E6%91%84%E5%85%A5%E9%87%8F&sa=fyb_news&rsv_dl=fyb_news,https://fyb-2.cdn.bcebos.com/hotboard_image/84c7c471d60f82979310e970f72c6f7a,百度热搜,实时热搜,realtime,,2026-09-15 11:26:06
29,iPhone终于支持调休闹钟了,目前iOS27正式版已推送，国行版iPhone终于支持设置调休工作日闹钟。用户在闹钟设置中选择“工作日含调休”后，闹钟会在常规工作日及调休上班日自动响起。此外，稍后提醒时长最长可设为15分钟。,5215316,https://www.baidu.com/s?wd=iPhone%E7%BB%88%E4%BA%8E%E6%94%AF%E6%8C%81%E8%B0%83%E4%BC%91%E9%97%B9%E9%92%9F%E4%BA%86&sa=fyb_news&rsv_dl=fyb_news,https://fyb-2.cdn.bcebos.com/hotboard_image/d568089524f94253f0c74f36a5762549,百度热搜,实时热搜,realtime,,2026-09-15 11:26:06
30,认清这5类异常表现 关键时刻能救命,胸闷胸痛、心慌气短、肩背隐痛、咽部发紧、胃部不适，很多人会把这些症状当成普通小毛病，但这些症状往往是心脏发出的“求救信号”，背后可能提示冠状动脉已经出现狭窄或供血不足，如果忽视拖延，病情持续进展，严重时可能诱发心梗。,5133334,https://www.baidu.com/s?wd=%E8%AE%A4%E6%B8%85%E8%BF%995%E7%B1%BB%E5%BC%82%E5%B8%B8%E8%A1%A8%E7%8E%B0+%E5%85%B3%E9%94%AE%E6%97%B6%E5%88%BB%E8%83%BD%E6%95%91%E5%91%BD&sa=fyb_news&rsv_dl=fyb_news,https://fyb-2.cdn.bcebos.com/hotboard_image/af6145fc0e04b61ea52c8a47abf2f7d4,百度热搜,实时热搜,realtime,,2026-09-15 11:26:06
31,撤销41个“中国酿酒大师”称号,9月14日，中国轻工业联合会发布公告，撤销41个2021年评选的“中国酿酒大师”称号，禁止以此宣传推介。,5041584,https://www.baidu.com/s?wd=%E6%92%A4%E9%94%8041%E4%B8%AA%E2%80%9C%E4%B8%AD%E5%9B%BD%E9%85%BF%E9%85%92%E5%A4%A7%E5%B8%88%E2%80%9D%E7%A7%B0%E5%8F%B7&sa=fyb_news&rsv_dl=fyb_news,https://fyb-2.cdn.bcebos.com/hotboard_image/149a7686be57af4c5ae03a12cd84b553,百度热搜,实时热搜,realtime,,2026-09-15 11:26:06
32,山东举报文物失踪店主再被丢垃圾,9月13日晚，山东菏泽烧烤店主‌张先生‌实名举报文物遗失并遭频繁检查停业后，其店铺再遭陌生男子投掷剩菜垃圾。目前警方已受案处理，相关部门正在调查。‌‌,4927788,https://www.baidu.com/s?wd=%E5%B1%B1%E4%B8%9C%E4%B8%BE%E6%8A%A5%E6%96%87%E7%89%A9%E5%A4%B1%E8%B8%AA%E5%BA%97%E4%B8%BB%E5%86%8D%E8%A2%AB%E4%B8%A2%E5%9E%83%E5%9C%BE&sa=fyb_news&rsv_dl=fyb_news,https://fyb-2.cdn.bcebos.com/hotboard_image/7a390f463cccc2a0ab0eb7f47c6dde42,百度热搜,实时热搜,realtime,,2026-09-15 11:26:06
33,iOS 27正式版来了,9月15日，苹果发布iOS 27正式版，带来不少新变化。iOS 27进行了大量系统优化，更新后iPhone和iPad的应用启动速度、照片图库中新照片的加载以及隔空投送的速度都会更快一些。,4830420,https://www.baidu.com/s?wd=iOS+27%E6%AD%A3%E5%BC%8F%E7%89%88%E6%9D%A5%E4%BA%86&sa=fyb_news&rsv_dl=fyb_news,https://fyb-2.cdn.bcebos.com/hotboard_image/5ada4ba5fa1ab47161a77268c35e21b8,百度热搜,实时热搜,realtime,,2026-09-15 11:26:06
34,月饼200元以上不好卖了,中秋临近，记者走访长沙月饼市场。月饼经销商罗女士直言：今年的月饼100元以下的最好卖，200元以上的就不好卖了，一些原来的月饼品牌也不见了，很多月饼企业产能达不到只能转行或关闭，销量同比去年估计会下降超20% 。,4749872,https://www.baidu.com/s?wd=%E6%9C%88%E9%A5%BC200%E5%85%83%E4%BB%A5%E4%B8%8A%E4%B8%8D%E5%A5%BD%E5%8D%96%E4%BA%86&sa=fyb_news&rsv_dl=fyb_news,https://fyb-2.cdn.bcebos.com/hotboard_image/1e408604104e221560d6dd88b35f148d,百度热搜,实时热搜,realtime,,2026-09-15 11:26:06
35,25元隔离霜“撞脸”CPB,9月14日媒体报道，资生堂中国起诉奥乐齐中国不正当竞争。事件起因是奥乐齐24.9元LACURA隔离霜被指与资生堂540元CPB隔离霜外观“几乎一模一样”。案件将于2026年11月5日开庭。,4663434,https://www.baidu.com/s?wd=25%E5%85%83%E9%9A%94%E7%A6%BB%E9%9C%9C%E2%80%9C%E6%92%9E%E8%84%B8%E2%80%9DCPB&sa=fyb_news&rsv_dl=fyb_news,https://fyb-2.cdn.bcebos.com/hotboard_image/a8c48e8170c79619bf3fe60cb56cae5c,百度热搜,实时热搜,realtime,,2026-09-15 11:26:06
36,亚马尔：我和姆巴佩是世界最佳,近日，19岁的亚马尔受访表示自己和姆巴佩是世界最佳球员，考虑到今年赢得的成绩，他认为自己更配得上2026年金球奖。今年夏天亚马尔随西班牙队夺得世界杯冠军，他已连续第三年获金球奖提名。,4554918,https://www.baidu.com/s?wd=%E4%BA%9A%E9%A9%AC%E5%B0%94%EF%BC%9A%E6%88%91%E5%92%8C%E5%A7%86%E5%B7%B4%E4%BD%A9%E6%98%AF%E4%B8%96%E7%95%8C%E6%9C%80%E4%BD%B3&sa=fyb_news&rsv_dl=fyb_news,https://fyb-2.cdn.bcebos.com/hotboard_image/f590d148a407ac58f79bc48dbf4a4908,百度热搜,实时热搜,realtime,,2026-09-15 11:26:06
37,防范脑出血 这些信号要当心,脑出血多为急性突发，病情进展极快，延误救治会造成不可逆的脑组织损伤，如出现突发异常头痛、喷射性呕吐、精神萎靡、肢体无力、口齿不清、视物模糊等症状，切勿忽视，要及时就诊。,4450745,https://www.baidu.com/s?wd=%E9%98%B2%E8%8C%83%E8%84%91%E5%87%BA%E8%A1%80+%E8%BF%99%E4%BA%9B%E4%BF%A1%E5%8F%B7%E8%A6%81%E5%BD%93%E5%BF%83&sa=fyb_news&rsv_dl=fyb_news,https://fyb-2.cdn.bcebos.com/hotboard_image/7a60caaf4ad51d4afdb27379c43be4f3,百度热搜,实时热搜,realtime,,2026-09-15 11:26:06
38,苹果回应iPhone18Pro破发,9月14日，某电商平台显示256G的iPhone 18 Pro售价降至9099元，较官网直降900元。苹果官方客服对此回应称，第三方渠道有定价权，可能有平台补贴或店铺优惠，官方不会去干预，每年新机上市后渠道价格都会因供需关系波动。,4349086,https://www.baidu.com/s?wd=%E8%8B%B9%E6%9E%9C%E5%9B%9E%E5%BA%94iPhone18Pro%E7%A0%B4%E5%8F%91&sa=fyb_news&rsv_dl=fyb_news,https://fyb-2.cdn.bcebos.com/hotboard_image/a406b1a489f34c3b7e5015ad92c25219,百度热搜,实时热搜,realtime,,2026-09-15 11:26:06
39,环球时报：亚运会日本有失基本体面,第二十届亚运会临近，日本名古屋因运动员住宿条件、场馆筹备和预算问题陷入争议，部分代表团被曝面临房间短缺、集装箱住房设施不佳等情况。,4269685,https://www.baidu.com/s?wd=%E7%8E%AF%E7%90%83%E6%97%B6%E6%8A%A5%EF%BC%9A%E4%BA%9A%E8%BF%90%E4%BC%9A%E6%97%A5%E6%9C%AC%E6%9C%89%E5%A4%B1%E5%9F%BA%E6%9C%AC%E4%BD%93%E9%9D%A2&sa=fyb_news&rsv_dl=fyb_news,https://fyb-2.cdn.bcebos.com/hotboard_image/6b641d6932751a2be71be2c67b2371ac,百度热搜,实时热搜,realtime,,2026-09-15 11:26:06
40,侄女帮小姨挡催婚 金句频出,网传一段侄女帮小姨挡催婚的对话引发关注。面对长辈催婚，侄女金句频出，直言“知识是人生的必需品，而爱情不是”，强调“爱情是我们自己掌控的，这是我们的自由”，并认为“事业永远比爱情重要”，呼吁“我们要允许有些人选择不结婚”。,4162008,https://www.baidu.com/s?wd=%E4%BE%84%E5%A5%B3%E5%B8%AE%E5%B0%8F%E5%A7%A8%E6%8C%A1%E5%82%AC%E5%A9%9A+%E9%87%91%E5%8F%A5%E9%A2%91%E5%87%BA&sa=fyb_news&rsv_dl=fyb_news,https://fyb-2.cdn.bcebos.com/hotboard_image/4a189b6f2375fa928b3ad02878a01d22,百度热搜,实时热搜,realtime,,2026-09-15 11:26:06
41,雷军现身宇树科技 王兴兴陪同,近日，雷军现身宇树科技观看人形机器人表演，王兴兴陪同。雷军现场感谢王兴兴5年前给了小米投资宇树的机会。此前今年3月，王兴兴曾带机器人到小米SU7发布会站台。,4084083,https://www.baidu.com/s?wd=%E9%9B%B7%E5%86%9B%E7%8E%B0%E8%BA%AB%E5%AE%87%E6%A0%91%E7%A7%91%E6%8A%80+%E7%8E%8B%E5%85%B4%E5%85%B4%E9%99%AA%E5%90%8C&sa=fyb_news&rsv_dl=fyb_news,https://fyb-2.cdn.bcebos.com/hotboard_image/9e9333c272237483bc913dc92233bf5a,百度热搜,实时热搜,realtime,,2026-09-15 11:26:06
42,“名在市、站在县”的高铁站,近日，乘客反馈购买泸州东站车票，到站才发现车站地处泸县云锦镇，距市区30余公里，建议车站更名。当地交通局表示，站名变更需国铁集团审批，已转交建议并跟进。其实，类似“名在市、站在县”的站点，全国还有不少。,3995538,https://www.baidu.com/s?wd=%E2%80%9C%E5%90%8D%E5%9C%A8%E5%B8%82%E3%80%81%E7%AB%99%E5%9C%A8%E5%8E%BF%E2%80%9D%E7%9A%84%E9%AB%98%E9%93%81%E7%AB%99&sa=fyb_news&rsv_dl=fyb_news,https://fyb-2.cdn.bcebos.com/hotboard_image/7ce876524addc2d9b8339d748c28ae62,百度热搜,实时热搜,realtime,,2026-09-15 11:26:06
43,三地联手闹“脱英” 英首相坐不住了,9月14日，苏格兰、威尔士和北爱尔兰三地领导人首次举行会晤并签署联合声明，呼吁获得举行独立公投权利谋求脱英。此前，三地分离倾向政党相继执政。英国首相伯纳姆迅速回应称坚信联合王国团结。,3892935,https://www.baidu.com/s?wd=%E4%B8%89%E5%9C%B0%E8%81%94%E6%89%8B%E9%97%B9%E2%80%9C%E8%84%B1%E8%8B%B1%E2%80%9D+%E8%8B%B1%E9%A6%96%E7%9B%B8%E5%9D%90%E4%B8%8D%E4%BD%8F%E4%BA%86&sa=fyb_news&rsv_dl=fyb_news,https://fyb-2.cdn.bcebos.com/hotboard_image/6d961e05629f15d63ec51154ee0d514e,百度热搜,实时热搜,realtime,,2026-09-15 11:26:06
44,“钨”呼 起飞,近年来，钨作为国防军工、半导体、AI算力等领域不可替代的关键矿产，供应日益紧张。目前，国际市场上钨产业链中间产品的价格，相比两年前已经上涨近900％。近期，多国调整关键矿产政策，全球钨资源争夺正全面升级。,3794845,https://www.baidu.com/s?wd=%E2%80%9C%E9%92%A8%E2%80%9D%E5%91%BC+%E8%B5%B7%E9%A3%9E&sa=fyb_news&rsv_dl=fyb_news,https://fyb-2.cdn.bcebos.com/hotboard_image/af0e7a0a81603ff9c80b165e9e97c658,百度热搜,实时热搜,realtime,,2026-09-15 11:26:06
45,美使馆在伦敦秘密抓人 英议员称离谱,据报道，一名为美国驻英国大使馆工作的男子因涉嫌持有虐童照片，被美方人员秘密带走并送回美国。一位英国保守党议员称美方的做法“完全不可接受”“极其离谱”，他指控“美国政府如今正在包庇涉嫌恋童的人”。,3697931,https://www.baidu.com/s?wd=%E7%BE%8E%E4%BD%BF%E9%A6%86%E5%9C%A8%E4%BC%A6%E6%95%A6%E7%A7%98%E5%AF%86%E6%8A%93%E4%BA%BA+%E8%8B%B1%E8%AE%AE%E5%91%98%E7%A7%B0%E7%A6%BB%E8%B0%B1&sa=fyb_news&rsv_dl=fyb_news,https://fyb-2.cdn.bcebos.com/hotboard_image/ed43cb16575cfe8bbbeb5f4e6b91f836,百度热搜,实时热搜,realtime,,2026-09-15 11:26:06
46,拉夫罗夫用华为三折叠,近日，在印度新德里举行的金砖国家峰会期间，记者注意到俄罗斯外长拉夫罗夫正在使用华为MateXT三折叠手机。同时，俄罗斯总统普京在出席金砖国家工商论坛时，特地点名中国华为，称“中国的华为是世界级全球科技巨头”。,3591626,https://www.baidu.com/s?wd=%E6%8B%89%E5%A4%AB%E7%BD%97%E5%A4%AB%E7%94%A8%E5%8D%8E%E4%B8%BA%E4%B8%89%E6%8A%98%E5%8F%A0&sa=fyb_news&rsv_dl=fyb_news,https://fyb-2.cdn.bcebos.com/hotboard_image/c23e3d68bfd252c90dd9eef7c5bcddae,百度热搜,实时热搜,realtime,,2026-09-15 11:26:06
47,iPhone18Pro直降900 苹果连续3年破发,9月14日，iPhone 18 Pro系列预售开启仅两天，某电商平台显示，256G的iPhone 18 Pro售价已经降至9099元，较苹果官网9999元的售价直降900元。iPhone新机已经连续第三年在电商平台出现上市即破发的情况。,3522785,https://www.baidu.com/s?wd=iPhone18Pro%E7%9B%B4%E9%99%8D900+%E8%8B%B9%E6%9E%9C%E8%BF%9E%E7%BB%AD3%E5%B9%B4%E7%A0%B4%E5%8F%91&sa=fyb_news&rsv_dl=fyb_news,https://fyb-2.cdn.bcebos.com/hotboard_image/412e9211a7052ff17deec103a780c1c5,百度热搜,实时热搜,realtime,,2026-09-15 11:26:06
48,烧烤店主：文旅局的回复没法听,2026年6月底，菏泽一烧烤店店主张先生实名举报，当地元代古沉船考古中一件元青花杯疑似遗失。菏泽烧烤店主最新发声：文旅局的回复简直没法听，考古专家认定那不是一件完整的器物。,3429638,https://www.baidu.com/s?wd=%E7%83%A7%E7%83%A4%E5%BA%97%E4%B8%BB%EF%BC%9A%E6%96%87%E6%97%85%E5%B1%80%E7%9A%84%E5%9B%9E%E5%A4%8D%E6%B2%A1%E6%B3%95%E5%90%AC&sa=fyb_news&rsv_dl=fyb_news,https://fyb-2.cdn.bcebos.com/hotboard_image/7d1a20c035e8654515494697d8133579,百度热搜,实时热搜,realtime,,2026-09-15 11:26:06
49,猛龙官宣7换1交易完成,北京时间9月15日，多伦多猛龙队官方宣布，球队从洛杉矶快船交易得到前锋科怀・莱昂纳德，送出的筹码为前锋布兰登・英格拉姆、锋卫摇摆人格雷迪・迪克，外加两个未来首轮选秀权、一次未来首轮签互换权以及两个未来次轮选秀权。,3316347,https://www.baidu.com/s?wd=%E7%8C%9B%E9%BE%99%E5%AE%98%E5%AE%A37%E6%8D%A21%E4%BA%A4%E6%98%93%E5%AE%8C%E6%88%90&sa=fyb_news&rsv_dl=fyb_news,https://fyb-2.cdn.bcebos.com/hotboard_image/278723a51c086394ac35beaea6f1a651,百度热搜,实时热搜,realtime,,2026-09-15 11:26:06
50,广汽集团 资产重组,9月14日晚，广汽集团发布关于筹划重大资产重组事项的停牌公告。公司当日与一汽股份签署意向协议，拟以发行股份的方式收购一汽股份所持某整车合资公司部分股权，同时募集配套资金。据初步测算，本次交易完成后，一汽股份将成为广汽集团第二大股东，具备战略影响力。,3202017,https://www.baidu.com/s?wd=%E5%B9%BF%E6%B1%BD%E9%9B%86%E5%9B%A2+%E8%B5%84%E4%BA%A7%E9%87%8D%E7%BB%84&sa=fyb_news&rsv_dl=fyb_news,https://fyb-2.cdn.bcebos.com/hotboard_image/ea53c846994f3a5c43aee62636f55947,百度热搜,实时热搜,realtime,,2026-09-15 11:26:06
