index,title,desc,hot,url,image,source,type,ranking_id,surface,published_at,datetime
1,鼠标自动点击工具 AutoClick v1.5.5,,1,https://www.52pojie.cn/thread-2128494-1-1.html,,吾爱破解,人气热门,hot,hotlist,,2026-09-22 00:24:35
2,本地模型 快捷截图OCR工具（自动写入粘贴板）,,454,https://www.52pojie.cn/thread-2128632-1-1.html,,吾爱破解,人气热门,hot,hotlist,,2026-09-22 00:24:35
3,WinRAR 7.30 beta1_x64 简体中文汉化版,,7,https://www.52pojie.cn/thread-2127514-1-1.html,,吾爱破解,人气热门,hot,hotlist,,2026-09-22 00:24:35
4,中华人民共和国药典(2025年版)1.0版本,,2025,https://www.52pojie.cn/thread-2128710-1-1.html,,吾爱破解,人气热门,hot,hotlist,,2026-09-22 00:24:35
5,豆包输入法  V0.9.0,,0,https://www.52pojie.cn/thread-2129058-1-1.html,,吾爱破解,人气热门,hot,hotlist,,2026-09-22 00:24:35
6,学习工作台 Study Workbench V1.1,,1,https://www.52pojie.cn/thread-2127066-1-1.html,,吾爱破解,人气热门,hot,hotlist,,2026-09-22 00:24:35
7,【吾爱首发】FPAC Tool V2.0.0 （用于提取和重建部分游戏的PAC工具）,,2,https://www.52pojie.cn/thread-2128640-1-1.html,,吾爱破解,人气热门,hot,hotlist,,2026-09-22 00:24:35
8,千千静听社区复刻版 TTPlayerRebuild v2026.09.20,,2026,https://www.52pojie.cn/thread-2129165-1-1.html,,吾爱破解,人气热门,hot,hotlist,,2026-09-22 00:24:35
9,人体穴位图解3.2.1版本,,3,https://www.52pojie.cn/thread-2128627-1-1.html,,吾爱破解,人气热门,hot,hotlist,,2026-09-22 00:24:35
10,星愿浏览器 Twinkstar v11.4.1000.2609,,11,https://www.52pojie.cn/thread-2126907-1-1.html,,吾爱破解,人气热门,hot,hotlist,,2026-09-22 00:24:35
11,想曰 v2.2.0.0 免费的文本加密工具,,2,https://www.52pojie.cn/thread-2129164-1-1.html,,吾爱破解,人气热门,hot,hotlist,,2026-09-22 00:24:35
12,Excel通用财务账模板,,498,https://www.52pojie.cn/thread-2128163-1-1.html,,吾爱破解,人气热门,hot,hotlist,,2026-09-22 00:24:35
13,键鼠可视化工具 MouseKeyShow 1.5.1,,1,https://www.52pojie.cn/thread-2128607-1-1.html,,吾爱破解,人气热门,hot,hotlist,,2026-09-22 00:24:35
14,古诗词宝典 · Chinese Poetry Reader · v1.0.1,,1,https://www.52pojie.cn/thread-2127172-1-1.html,,吾爱破解,人气热门,hot,hotlist,,2026-09-22 00:24:35
15,自动点击工具（图片识别与坐标点击）V2.0版,,2,https://www.52pojie.cn/thread-2129133-1-1.html,,吾爱破解,人气热门,hot,hotlist,,2026-09-22 00:24:35
16,PDF盖章和盖骑缝章工具1.1,,1,https://www.52pojie.cn/thread-2127317-1-1.html,,吾爱破解,人气热门,hot,hotlist,,2026-09-22 00:24:35
17,视频下载器 Videdown v1.2.7,,1,https://www.52pojie.cn/thread-2129168-1-1.html,,吾爱破解,人气热门,hot,hotlist,,2026-09-22 00:24:35
18,文本转语音工具edge-tts-gui v0.16.2,,0,https://www.52pojie.cn/thread-2127805-1-1.html,,吾爱破解,人气热门,hot,hotlist,,2026-09-22 00:24:35
19,微信防撤回工具v1.3,,1,https://www.52pojie.cn/thread-2128266-1-1.html,,吾爱破解,人气热门,hot,hotlist,,2026-09-22 00:24:35
20,U盘镜像制作工具 balenaEtcher v2.1.7,,2,https://www.52pojie.cn/thread-2129075-1-1.html,,吾爱破解,人气热门,hot,hotlist,,2026-09-22 00:24:35
21,PC微信整套皮肤【快速迭代中，已说明修改原理，可手动修改】,,150,https://www.52pojie.cn/thread-2127499-1-1.html,,吾爱破解,人气热门,hot,hotlist,,2026-09-22 00:24:35
22,PDF去水印工具，无广告，不联网，全免费,,166,https://www.52pojie.cn/thread-2129197-1-1.html,,吾爱破解,人气热门,hot,hotlist,,2026-09-22 00:24:35
23,截图工具 Shotera v7.4.2,,7,https://www.52pojie.cn/thread-2127441-1-1.html,,吾爱破解,人气热门,hot,hotlist,,2026-09-22 00:24:35
24,软件导航网址收藏工具箱V260921,,260921,https://www.52pojie.cn/thread-2128345-1-1.html,,吾爱破解,人气热门,hot,hotlist,,2026-09-22 00:24:35
25,软件安装包管理系统 v1.0（已更新V3.0局域网版本）,,1,https://www.52pojie.cn/thread-2127353-1-1.html,,吾爱破解,人气热门,hot,hotlist,,2026-09-22 00:24:35
26,MobaXterm 26.5 中文汉化版,,26,https://www.52pojie.cn/thread-2128457-1-1.html,,吾爱破解,人气热门,hot,hotlist,,2026-09-22 00:24:35
27,音乐音效和低音增强器 Music Equalizer & Volume Booster_1.0.1版本,,1,https://www.52pojie.cn/thread-2128452-1-1.html,,吾爱破解,人气热门,hot,hotlist,,2026-09-22 00:24:35
28,微信视频号下载器 wx_channels_download v260907,,260907,https://www.52pojie.cn/thread-2127850-1-1.html,,吾爱破解,人气热门,hot,hotlist,,2026-09-22 00:24:35
29,青简输入法 0.1.3,,0,https://www.52pojie.cn/thread-2128786-1-1.html,,吾爱破解,人气热门,hot,hotlist,,2026-09-22 00:24:35
30,NetBlocker - 进程断网工具（路由黑洞+防火墙拦截）,,458,https://www.52pojie.cn/thread-2127139-1-1.html,,吾爱破解,人气热门,hot,hotlist,,2026-09-22 00:24:35
31,校园IP数字网络广播控制小工具,,140,https://www.52pojie.cn/thread-2128967-1-1.html,,吾爱破解,人气热门,hot,hotlist,,2026-09-22 00:24:35
32,收租管家-v4.0.apk（安卓安装包）,,4,https://www.52pojie.cn/thread-2127103-1-1.html,,吾爱破解,人气热门,hot,hotlist,,2026-09-22 00:24:35
33,手机转电脑麦克风工具 MicYou 2.0.3,,2,https://www.52pojie.cn/thread-2127730-1-1.html,,吾爱破解,人气热门,hot,hotlist,,2026-09-22 00:24:35
34,The Enigma Protector vm还原插件,,127,https://www.52pojie.cn/thread-2127264-1-1.html,,吾爱破解,人气热门,hot,hotlist,,2026-09-22 00:24:35
35,文件夹颜色更改工具 Teorex FolderIco 9.4.2,,9,https://www.52pojie.cn/thread-2128618-1-1.html,,吾爱破解,人气热门,hot,hotlist,,2026-09-22 00:24:35
36,剪辑工具 Concat  0.2.1,,0,https://www.52pojie.cn/thread-2127728-1-1.html,,吾爱破解,人气热门,hot,hotlist,,2026-09-22 00:24:35
37,文本编辑器 Notepad-- v3.8.3/Beta 3.9.0,,3,https://www.52pojie.cn/thread-2127515-1-1.html,,吾爱破解,人气热门,hot,hotlist,,2026-09-22 00:24:35
38,Ai逆向同花顺网站采集数据,,100,https://www.52pojie.cn/thread-2128820-1-1.html,,吾爱破解,人气热门,hot,hotlist,,2026-09-22 00:24:35
39,内网打印服务,,117,https://www.52pojie.cn/thread-2128747-1-1.html,,吾爱破解,人气热门,hot,hotlist,,2026-09-22 00:24:35
40,【更新】图片转换王V 1.06 支持【Al、PSD、PSB、PDF、RAW等格式】,,1,https://www.52pojie.cn/thread-2127837-1-1.html,,吾爱破解,人气热门,hot,hotlist,,2026-09-22 00:24:35
41,离在线系统IP地址查询器 V1.0,,1,https://www.52pojie.cn/thread-2128468-1-1.html,,吾爱破解,人气热门,hot,hotlist,,2026-09-22 00:24:35
42,手机投屏控制助手 scrcpy-helper v1.5.2,,1,https://www.52pojie.cn/thread-2127053-1-1.html,,吾爱破解,人气热门,hot,hotlist,,2026-09-22 00:24:35
43,幕映  MuCast投屏 v1.1,,1,https://www.52pojie.cn/thread-2127941-1-1.html,,吾爱破解,人气热门,hot,hotlist,,2026-09-22 00:24:35
44,截图工具 PixPin 3.5.5.1  便携正式版,,3,https://www.52pojie.cn/thread-2127743-1-1.html,,吾爱破解,人气热门,hot,hotlist,,2026-09-22 00:24:35
45,震撼发布：ZXC自动浏览器V0.1版本（市面上没有任何相关竞品，适配vue等所有框架）,,0,https://www.52pojie.cn/thread-2127312-1-1.html,,吾爱破解,人气热门,hot,hotlist,,2026-09-22 00:24:35
46,图吧工具箱 winUI3 版 v1.6.1,,3,https://www.52pojie.cn/thread-2127011-1-1.html,,吾爱破解,人气热门,hot,hotlist,,2026-09-22 00:24:35
47,Windows 网络快速切换工具 V 0.4,,0,https://www.52pojie.cn/thread-2127831-1-1.html,,吾爱破解,人气热门,hot,hotlist,,2026-09-22 00:24:35
48,茶话间 Teahouse v0.57.0,,0,https://www.52pojie.cn/thread-2127934-1-1.html,,吾爱破解,人气热门,hot,hotlist,,2026-09-22 00:24:35
49,第三方精简版知乎 Zhihu++ v0.29.2,,0,https://www.52pojie.cn/thread-2128075-1-1.html,,吾爱破解,人气热门,hot,hotlist,,2026-09-22 00:24:35
50,视频自动分段工具v1（更新V2）,,1,https://www.52pojie.cn/thread-2126892-1-1.html,,吾爱破解,人气热门,hot,hotlist,,2026-09-22 00:24:35
1,银狐WinOS伪装魔兽插件，远控木马攻击链分析,,2,https://www.52pojie.cn/thread-2122812-1-1.html,,吾爱破解,精华采撷,digest,hotlist,,2026-09-22 00:24:35
2,The Enigma Protector vm还原插件,,2,https://www.52pojie.cn/thread-2127264-1-1.html,,吾爱破解,精华采撷,digest,hotlist,,2026-09-22 00:24:35
3,小蓝鸟 x-client-transaction-id 追溯分析,,2,https://www.52pojie.cn/thread-2122687-1-1.html,,吾爱破解,精华采撷,digest,hotlist,,2026-09-22 00:24:35
4,某象滑块纯算逆向分析,,2,https://www.52pojie.cn/thread-2125447-1-1.html,,吾爱破解,精华采撷,digest,hotlist,,2026-09-22 00:24:35
5,快手 VMP 分析与还原,,2,https://www.52pojie.cn/thread-2123217-1-1.html,,吾爱破解,精华采撷,digest,hotlist,,2026-09-22 00:24:35
6,某q音乐jsvmp浅析,,2,https://www.52pojie.cn/thread-2123850-1-1.html,,吾爱破解,精华采撷,digest,hotlist,,2026-09-22 00:24:35
7,【JS逆向实战】手撕雷速体育API：动态AES签名与魔改Gzip响应解密全解析,,2,https://www.52pojie.cn/thread-2122363-1-1.html,,吾爱破解,精华采撷,digest,hotlist,,2026-09-22 00:24:35
8,AIDA64 8.25.8200 Business 逆向工程与Keygen实战,,64,https://www.52pojie.cn/thread-2096924-1-1.html,,吾爱破解,精华采撷,digest,hotlist,,2026-09-22 00:24:35
9,某骗子黑产软件（手机远控）的分析,,2,https://www.52pojie.cn/thread-2117851-1-1.html,,吾爱破解,精华采撷,digest,hotlist,,2026-09-22 00:24:35
10,r0re 自动逆向分析工具实战记录：全通看雪 Android CTF，完整使用指南和源码解析,,0,https://www.52pojie.cn/thread-2122552-1-1.html,,吾爱破解,精华采撷,digest,hotlist,,2026-09-22 00:24:35
11,酷我破解js脚本分析,,2,https://www.52pojie.cn/thread-2088285-1-1.html,,吾爱破解,精华采撷,digest,hotlist,,2026-09-22 00:24:35
12,一个 Android 远控APP的逆向分析-从 AB 包隐藏、动态加载到无障碍远程控制支付流程,,2,https://www.52pojie.cn/thread-2121592-1-1.html,,吾爱破解,精华采撷,digest,hotlist,,2026-09-22 00:24:35
13,全程交给 AI，不写一行代码，本地复现 CCTV 视频播放链路的一次实战记录,,2,https://www.52pojie.cn/thread-2102594-1-1.html,,吾爱破解,精华采撷,digest,hotlist,,2026-09-22 00:24:35
14,x64dbg插件无驱动过vmp3.9.4反调试,,64,https://www.52pojie.cn/thread-2101175-1-1.html,,吾爱破解,精华采撷,digest,hotlist,,2026-09-22 00:24:35
15,八猫付费小说逆向-hostnameVerify&sign,,2,https://www.52pojie.cn/thread-2102001-1-1.html,,吾爱破解,精华采撷,digest,hotlist,,2026-09-22 00:24:35
16,逆向分析某排八字软件的过程,,2,https://www.52pojie.cn/thread-2114056-1-1.html,,吾爱破解,精华采撷,digest,hotlist,,2026-09-22 00:24:35
17,全流程使用AI，完成一次APK重打包。改包名、绕过 Native 校验、重建签名并去掉奖励...,,10,https://www.52pojie.cn/thread-2100927-1-1.html,,吾爱破解,精华采撷,digest,hotlist,,2026-09-22 00:24:35
18,当游戏越来越漂亮，外挂却越来越丑：作弊技术摸底（2026）,,2026,https://www.52pojie.cn/thread-2117216-1-1.html,,吾爱破解,精华采撷,digest,hotlist,,2026-09-22 00:24:35
19,Vibe Coding 从源码阅读到模块开发：基于最新版 Magisk Zygisk，移植实现一个带 We...,,2,https://www.52pojie.cn/thread-2107426-1-1.html,,吾爱破解,精华采撷,digest,hotlist,,2026-09-22 00:24:35
20,FlashSwirl 闪旋，对称加密算法库，支持流加密、AEAD加密、HASH、HMAC、HKDF、PBKDF2,,2,https://www.52pojie.cn/thread-2104834-1-1.html,,吾爱破解,精华采撷,digest,hotlist,,2026-09-22 00:24:35
21,企业微信聊天记录导出全解析,,10,https://www.52pojie.cn/thread-2107745-1-1.html,,吾爱破解,精华采撷,digest,hotlist,,2026-09-22 00:24:35
22,Typora v1.12.4 安全分析：反反调试与激活劫持,,1,https://www.52pojie.cn/thread-2084047-1-1.html,,吾爱破解,精华采撷,digest,hotlist,,2026-09-22 00:24:35
23,破解 Trae CN 加密协议,,10,https://www.52pojie.cn/thread-2113927-1-1.html,,吾爱破解,精华采撷,digest,hotlist,,2026-09-22 00:24:35
24,地表最强 Android so加载全景图,,2,https://www.52pojie.cn/thread-2083097-1-1.html,,吾爱破解,精华采撷,digest,hotlist,,2026-09-22 00:24:35
25,手把手教你给某讯滑块的JSVMP写反编译器 (如宝宝辅食一样易懂),,2,https://www.52pojie.cn/thread-2089027-1-1.html,,吾爱破解,精华采撷,digest,hotlist,,2026-09-22 00:24:35
26,一款WIFI密码搜索软件的授权算法分析,,2,https://www.52pojie.cn/thread-2097675-1-1.html,,吾爱破解,精华采撷,digest,hotlist,,2026-09-22 00:24:35
27,Allsafe靶场全解,,2,https://www.52pojie.cn/thread-2122890-1-1.html,,吾爱破解,精华采撷,digest,hotlist,,2026-09-22 00:24:35
28,某音 JSVMP bogus纯算,,2,https://www.52pojie.cn/thread-2120914-1-1.html,,吾爱破解,精华采撷,digest,hotlist,,2026-09-22 00:24:35
29,某音a_bogus jsvmp反编译,,2,https://www.52pojie.cn/thread-2116186-1-1.html,,吾爱破解,精华采撷,digest,hotlist,,2026-09-22 00:24:35
30,基于文本匹配的VMP还原思路,,2,https://www.52pojie.cn/thread-2115425-1-1.html,,吾爱破解,精华采撷,digest,hotlist,,2026-09-22 00:24:35
31,[长期更新] RV32IMAFDQ指令集模拟器 包含交互式汇编级调试器,,32,https://www.52pojie.cn/thread-2119162-1-1.html,,吾爱破解,精华采撷,digest,hotlist,,2026-09-22 00:24:35
32,对某java保护器本体的逆向分析,,2,https://www.52pojie.cn/thread-2116474-1-1.html,,吾爱破解,精华采撷,digest,hotlist,,2026-09-22 00:24:35
33,Web逆向 JS逆向 基础知识 ：Ignition解释器下一,,2,https://www.52pojie.cn/thread-2105820-1-1.html,,吾爱破解,精华采撷,digest,hotlist,,2026-09-22 00:24:35
34,Web逆向 JS逆向 基础知识 ： V8入门 JS详解 AST知识  字节码。。。。。。,,8,https://www.52pojie.cn/thread-2092084-1-1.html,,吾爱破解,精华采撷,digest,hotlist,,2026-09-22 00:24:35
35,某密企业版加固反调试与VMP分析,,2,https://www.52pojie.cn/thread-2093062-1-1.html,,吾爱破解,精华采撷,digest,hotlist,,2026-09-22 00:24:35
36,SpongeMixer企业级勒索软件的加密逻辑及行为分析,,2,https://www.52pojie.cn/thread-2116347-1-1.html,,吾爱破解,精华采撷,digest,hotlist,,2026-09-22 00:24:35
37,跨进程内存读写的攻防博弈：从内核缺页陷阱到应用层数据溯源,,2026,https://www.52pojie.cn/thread-2111373-1-1.html,,吾爱破解,精华采撷,digest,hotlist,,2026-09-22 00:24:35
38,web逆向基础知识--- js 事件 事件循环 和异步,,2,https://www.52pojie.cn/thread-2111598-1-1.html,,吾爱破解,精华采撷,digest,hotlist,,2026-09-22 00:24:35
39,h5st纯ai补环境+逆向,,5,https://www.52pojie.cn/thread-2092635-1-1.html,,吾爱破解,精华采撷,digest,hotlist,,2026-09-22 00:24:35
40,Sublime许可证分析：RSA PKCS#1标准详解+跨平台Keygen [开源],,1,https://www.52pojie.cn/thread-2090893-1-1.html,,吾爱破解,精华采撷,digest,hotlist,,2026-09-22 00:24:35
41,某红书-4.3.2-绕过ob直面JSVMP-mns0301-详细分析,,4,https://www.52pojie.cn/thread-2098573-1-1.html,,吾爱破解,精华采撷,digest,hotlist,,2026-09-22 00:24:35
42,某Q音乐sign纯算-vmp插桩日志分析,,2,https://www.52pojie.cn/thread-2104849-1-1.html,,吾爱破解,精华采撷,digest,hotlist,,2026-09-22 00:24:35
43,【AI辅助】iOS p12证书签名软件的逆向分析 + 证书获取,,12,https://www.52pojie.cn/thread-2100769-1-1.html,,吾爱破解,精华采撷,digest,hotlist,,2026-09-22 00:24:35
44,某红书4.3.2 ob混淆还原(字符串数组/字典/控制流平坦化),,4,https://www.52pojie.cn/thread-2100076-1-1.html,,吾爱破解,精华采撷,digest,hotlist,,2026-09-22 00:24:35
45,【兑现十年前的承诺】通过逆向分析老游戏XXX梦大富翁来制作外挂BGM启动器,,2,https://www.52pojie.cn/thread-2089150-1-1.html,,吾爱破解,精华采撷,digest,hotlist,,2026-09-22 00:24:35
46,cctv视频解密，wasm vmp分析,,2,https://www.52pojie.cn/thread-2094716-1-1.html,,吾爱破解,精华采撷,digest,hotlist,,2026-09-22 00:24:35
47,某企业加固dex vmp简单分析,,2,https://www.52pojie.cn/thread-2111432-1-1.html,,吾爱破解,精华采撷,digest,hotlist,,2026-09-22 00:24:35
48,2026春节解题领红包5 Windows中级题之Nuitka调试HOOK解题,,2026,https://www.52pojie.cn/thread-2100151-1-1.html,,吾爱破解,精华采撷,digest,hotlist,,2026-09-22 00:24:35
49,从POC到EXP：从0基础到v8 CVE-2021-38003复现,,0,https://www.52pojie.cn/thread-2107373-1-1.html,,吾爱破解,精华采撷,digest,hotlist,,2026-09-22 00:24:35
50,某音a_bogus详细分析-含50位数组生成过程,,50,https://www.52pojie.cn/thread-2092806-1-1.html,,吾爱破解,精华采撷,digest,hotlist,,2026-09-22 00:24:35
1,千千静听社区复刻版 TTPlayerRebuild v2026.09.20,,2026,https://www.52pojie.cn/thread-2129165-1-1.html,,吾爱破解,人气热门,hot,hotlist,,2026-09-22 01:18:20
2,本地模型 快捷截图OCR工具（自动写入粘贴板）,,460,https://www.52pojie.cn/thread-2128632-1-1.html,,吾爱破解,人气热门,hot,hotlist,,2026-09-22 01:18:20
3,想曰 v2.2.0.0 免费的文本加密工具,,2,https://www.52pojie.cn/thread-2129164-1-1.html,,吾爱破解,人气热门,hot,hotlist,,2026-09-22 01:18:20
4,人体穴位图解3.2.1版本,,3,https://www.52pojie.cn/thread-2128627-1-1.html,,吾爱破解,人气热门,hot,hotlist,,2026-09-22 01:18:20
5,豆包输入法  V0.9.0,,0,https://www.52pojie.cn/thread-2129058-1-1.html,,吾爱破解,人气热门,hot,hotlist,,2026-09-22 01:18:20
6,OCR识图添加转表格功能 PaddleOCR-V6-Portable -1.01,,6,https://www.52pojie.cn/thread-2127382-1-1.html,,吾爱破解,人气热门,hot,hotlist,,2026-09-22 01:18:20
7,运营工作台v1.9.0 · 2026-09-18,,1,https://www.52pojie.cn/thread-2128674-1-1.html,,吾爱破解,人气热门,hot,hotlist,,2026-09-22 01:18:20
8,【吾爱首发】FPAC Tool V2.0.0 （用于提取和重建部分游戏的PAC工具）,,2,https://www.52pojie.cn/thread-2128640-1-1.html,,吾爱破解,人气热门,hot,hotlist,,2026-09-22 01:18:20
9,PDF去水印工具，无广告，不联网，全免费,,171,https://www.52pojie.cn/thread-2129197-1-1.html,,吾爱破解,人气热门,hot,hotlist,,2026-09-22 01:18:20
10,软件安装包管理系统 v1.0（已更新V3.0局域网版本）,,1,https://www.52pojie.cn/thread-2127353-1-1.html,,吾爱破解,人气热门,hot,hotlist,,2026-09-22 01:18:20
11,鼠标自动点击工具 AutoClick v1.5.5,,1,https://www.52pojie.cn/thread-2128494-1-1.html,,吾爱破解,人气热门,hot,hotlist,,2026-09-22 01:18:20
12,WinRAR 7.30 beta1_x64 简体中文汉化版,,7,https://www.52pojie.cn/thread-2127514-1-1.html,,吾爱破解,人气热门,hot,hotlist,,2026-09-22 01:18:20
13,中华人民共和国药典(2025年版)1.0版本,,2025,https://www.52pojie.cn/thread-2128710-1-1.html,,吾爱破解,人气热门,hot,hotlist,,2026-09-22 01:18:20
14,学习工作台 Study Workbench V1.1,,1,https://www.52pojie.cn/thread-2127066-1-1.html,,吾爱破解,人气热门,hot,hotlist,,2026-09-22 01:18:20
15,星愿浏览器 Twinkstar v11.4.1000.2609,,11,https://www.52pojie.cn/thread-2126907-1-1.html,,吾爱破解,人气热门,hot,hotlist,,2026-09-22 01:18:20
16,Excel通用财务账模板,,498,https://www.52pojie.cn/thread-2128163-1-1.html,,吾爱破解,人气热门,hot,hotlist,,2026-09-22 01:18:20
17,键鼠可视化工具 MouseKeyShow 1.5.1,,1,https://www.52pojie.cn/thread-2128607-1-1.html,,吾爱破解,人气热门,hot,hotlist,,2026-09-22 01:18:20
18,古诗词宝典 · Chinese Poetry Reader · v1.0.1,,1,https://www.52pojie.cn/thread-2127172-1-1.html,,吾爱破解,人气热门,hot,hotlist,,2026-09-22 01:18:20
19,自动点击工具（图片识别与坐标点击）V2.0版,,2,https://www.52pojie.cn/thread-2129133-1-1.html,,吾爱破解,人气热门,hot,hotlist,,2026-09-22 01:18:20
20,PDF盖章和盖骑缝章工具1.1,,1,https://www.52pojie.cn/thread-2127317-1-1.html,,吾爱破解,人气热门,hot,hotlist,,2026-09-22 01:18:20
21,视频下载器 Videdown v1.2.7,,1,https://www.52pojie.cn/thread-2129168-1-1.html,,吾爱破解,人气热门,hot,hotlist,,2026-09-22 01:18:20
22,文本转语音工具edge-tts-gui v0.16.2,,0,https://www.52pojie.cn/thread-2127805-1-1.html,,吾爱破解,人气热门,hot,hotlist,,2026-09-22 01:18:20
23,微信防撤回工具v1.3,,1,https://www.52pojie.cn/thread-2128266-1-1.html,,吾爱破解,人气热门,hot,hotlist,,2026-09-22 01:18:20
24,U盘镜像制作工具 balenaEtcher v2.1.7,,2,https://www.52pojie.cn/thread-2129075-1-1.html,,吾爱破解,人气热门,hot,hotlist,,2026-09-22 01:18:20
25,PC微信整套皮肤【快速迭代中，已说明修改原理，可手动修改】,,150,https://www.52pojie.cn/thread-2127499-1-1.html,,吾爱破解,人气热门,hot,hotlist,,2026-09-22 01:18:20
26,截图工具 Shotera v7.4.2,,7,https://www.52pojie.cn/thread-2127441-1-1.html,,吾爱破解,人气热门,hot,hotlist,,2026-09-22 01:18:20
27,软件导航网址收藏工具箱V260921,,260921,https://www.52pojie.cn/thread-2128345-1-1.html,,吾爱破解,人气热门,hot,hotlist,,2026-09-22 01:18:20
28,MobaXterm 26.5 中文汉化版,,26,https://www.52pojie.cn/thread-2128457-1-1.html,,吾爱破解,人气热门,hot,hotlist,,2026-09-22 01:18:20
29,音乐音效和低音增强器 Music Equalizer & Volume Booster_1.0.1版本,,1,https://www.52pojie.cn/thread-2128452-1-1.html,,吾爱破解,人气热门,hot,hotlist,,2026-09-22 01:18:20
30,微信视频号下载器 wx_channels_download v260907,,260907,https://www.52pojie.cn/thread-2127850-1-1.html,,吾爱破解,人气热门,hot,hotlist,,2026-09-22 01:18:20
31,青简输入法 0.1.3,,0,https://www.52pojie.cn/thread-2128786-1-1.html,,吾爱破解,人气热门,hot,hotlist,,2026-09-22 01:18:20
32,NetBlocker - 进程断网工具（路由黑洞+防火墙拦截）,,458,https://www.52pojie.cn/thread-2127139-1-1.html,,吾爱破解,人气热门,hot,hotlist,,2026-09-22 01:18:20
33,校园IP数字网络广播控制小工具,,140,https://www.52pojie.cn/thread-2128967-1-1.html,,吾爱破解,人气热门,hot,hotlist,,2026-09-22 01:18:20
34,收租管家-v4.0.apk（安卓安装包）,,4,https://www.52pojie.cn/thread-2127103-1-1.html,,吾爱破解,人气热门,hot,hotlist,,2026-09-22 01:18:20
35,手机转电脑麦克风工具 MicYou 2.0.3,,2,https://www.52pojie.cn/thread-2127730-1-1.html,,吾爱破解,人气热门,hot,hotlist,,2026-09-22 01:18:20
36,The Enigma Protector vm还原插件,,127,https://www.52pojie.cn/thread-2127264-1-1.html,,吾爱破解,人气热门,hot,hotlist,,2026-09-22 01:18:20
37,文件夹颜色更改工具 Teorex FolderIco 9.4.2,,9,https://www.52pojie.cn/thread-2128618-1-1.html,,吾爱破解,人气热门,hot,hotlist,,2026-09-22 01:18:20
38,剪辑工具 Concat  0.2.1,,0,https://www.52pojie.cn/thread-2127728-1-1.html,,吾爱破解,人气热门,hot,hotlist,,2026-09-22 01:18:20
39,文本编辑器 Notepad-- v3.8.3/Beta 3.9.0,,3,https://www.52pojie.cn/thread-2127515-1-1.html,,吾爱破解,人气热门,hot,hotlist,,2026-09-22 01:18:20
40,Ai逆向同花顺网站采集数据,,100,https://www.52pojie.cn/thread-2128820-1-1.html,,吾爱破解,人气热门,hot,hotlist,,2026-09-22 01:18:20
41,内网打印服务,,118,https://www.52pojie.cn/thread-2128747-1-1.html,,吾爱破解,人气热门,hot,hotlist,,2026-09-22 01:18:20
42,【更新】图片转换王V 1.06 支持【Al、PSD、PSB、PDF、RAW等格式】,,1,https://www.52pojie.cn/thread-2127837-1-1.html,,吾爱破解,人气热门,hot,hotlist,,2026-09-22 01:18:20
43,离在线系统IP地址查询器 V1.0,,1,https://www.52pojie.cn/thread-2128468-1-1.html,,吾爱破解,人气热门,hot,hotlist,,2026-09-22 01:18:20
44,手机投屏控制助手 scrcpy-helper v1.5.2,,1,https://www.52pojie.cn/thread-2127053-1-1.html,,吾爱破解,人气热门,hot,hotlist,,2026-09-22 01:18:20
45,幕映  MuCast投屏 v1.1,,1,https://www.52pojie.cn/thread-2127941-1-1.html,,吾爱破解,人气热门,hot,hotlist,,2026-09-22 01:18:20
46,截图工具 PixPin 3.5.5.1  便携正式版,,3,https://www.52pojie.cn/thread-2127743-1-1.html,,吾爱破解,人气热门,hot,hotlist,,2026-09-22 01:18:20
47,震撼发布：ZXC自动浏览器V0.1版本（市面上没有任何相关竞品，适配vue等所有框架）,,0,https://www.52pojie.cn/thread-2127312-1-1.html,,吾爱破解,人气热门,hot,hotlist,,2026-09-22 01:18:20
48,图吧工具箱 winUI3 版 v1.6.1,,3,https://www.52pojie.cn/thread-2127011-1-1.html,,吾爱破解,人气热门,hot,hotlist,,2026-09-22 01:18:20
49,Windows 网络快速切换工具 V 0.4,,0,https://www.52pojie.cn/thread-2127831-1-1.html,,吾爱破解,人气热门,hot,hotlist,,2026-09-22 01:18:20
50,茶话间 Teahouse v0.57.0,,0,https://www.52pojie.cn/thread-2127934-1-1.html,,吾爱破解,人气热门,hot,hotlist,,2026-09-22 01:18:20
1,银狐WinOS伪装魔兽插件，远控木马攻击链分析,,2,https://www.52pojie.cn/thread-2122812-1-1.html,,吾爱破解,精华采撷,digest,hotlist,,2026-09-22 01:18:20
2,The Enigma Protector vm还原插件,,2,https://www.52pojie.cn/thread-2127264-1-1.html,,吾爱破解,精华采撷,digest,hotlist,,2026-09-22 01:18:20
3,小蓝鸟 x-client-transaction-id 追溯分析,,2,https://www.52pojie.cn/thread-2122687-1-1.html,,吾爱破解,精华采撷,digest,hotlist,,2026-09-22 01:18:20
4,某象滑块纯算逆向分析,,2,https://www.52pojie.cn/thread-2125447-1-1.html,,吾爱破解,精华采撷,digest,hotlist,,2026-09-22 01:18:20
5,快手 VMP 分析与还原,,2,https://www.52pojie.cn/thread-2123217-1-1.html,,吾爱破解,精华采撷,digest,hotlist,,2026-09-22 01:18:20
6,某q音乐jsvmp浅析,,2,https://www.52pojie.cn/thread-2123850-1-1.html,,吾爱破解,精华采撷,digest,hotlist,,2026-09-22 01:18:20
7,【JS逆向实战】手撕雷速体育API：动态AES签名与魔改Gzip响应解密全解析,,2,https://www.52pojie.cn/thread-2122363-1-1.html,,吾爱破解,精华采撷,digest,hotlist,,2026-09-22 01:18:20
8,AIDA64 8.25.8200 Business 逆向工程与Keygen实战,,64,https://www.52pojie.cn/thread-2096924-1-1.html,,吾爱破解,精华采撷,digest,hotlist,,2026-09-22 01:18:20
9,某骗子黑产软件（手机远控）的分析,,2,https://www.52pojie.cn/thread-2117851-1-1.html,,吾爱破解,精华采撷,digest,hotlist,,2026-09-22 01:18:20
10,r0re 自动逆向分析工具实战记录：全通看雪 Android CTF，完整使用指南和源码解析,,0,https://www.52pojie.cn/thread-2122552-1-1.html,,吾爱破解,精华采撷,digest,hotlist,,2026-09-22 01:18:20
11,酷我破解js脚本分析,,2,https://www.52pojie.cn/thread-2088285-1-1.html,,吾爱破解,精华采撷,digest,hotlist,,2026-09-22 01:18:20
12,一个 Android 远控APP的逆向分析-从 AB 包隐藏、动态加载到无障碍远程控制支付流程,,2,https://www.52pojie.cn/thread-2121592-1-1.html,,吾爱破解,精华采撷,digest,hotlist,,2026-09-22 01:18:20
13,全程交给 AI，不写一行代码，本地复现 CCTV 视频播放链路的一次实战记录,,2,https://www.52pojie.cn/thread-2102594-1-1.html,,吾爱破解,精华采撷,digest,hotlist,,2026-09-22 01:18:20
14,x64dbg插件无驱动过vmp3.9.4反调试,,64,https://www.52pojie.cn/thread-2101175-1-1.html,,吾爱破解,精华采撷,digest,hotlist,,2026-09-22 01:18:20
15,八猫付费小说逆向-hostnameVerify&sign,,2,https://www.52pojie.cn/thread-2102001-1-1.html,,吾爱破解,精华采撷,digest,hotlist,,2026-09-22 01:18:20
16,逆向分析某排八字软件的过程,,2,https://www.52pojie.cn/thread-2114056-1-1.html,,吾爱破解,精华采撷,digest,hotlist,,2026-09-22 01:18:20
17,全流程使用AI，完成一次APK重打包。改包名、绕过 Native 校验、重建签名并去掉奖励...,,10,https://www.52pojie.cn/thread-2100927-1-1.html,,吾爱破解,精华采撷,digest,hotlist,,2026-09-22 01:18:20
18,当游戏越来越漂亮，外挂却越来越丑：作弊技术摸底（2026）,,2026,https://www.52pojie.cn/thread-2117216-1-1.html,,吾爱破解,精华采撷,digest,hotlist,,2026-09-22 01:18:20
19,Vibe Coding 从源码阅读到模块开发：基于最新版 Magisk Zygisk，移植实现一个带 We...,,2,https://www.52pojie.cn/thread-2107426-1-1.html,,吾爱破解,精华采撷,digest,hotlist,,2026-09-22 01:18:20
20,FlashSwirl 闪旋，对称加密算法库，支持流加密、AEAD加密、HASH、HMAC、HKDF、PBKDF2,,2,https://www.52pojie.cn/thread-2104834-1-1.html,,吾爱破解,精华采撷,digest,hotlist,,2026-09-22 01:18:20
21,企业微信聊天记录导出全解析,,10,https://www.52pojie.cn/thread-2107745-1-1.html,,吾爱破解,精华采撷,digest,hotlist,,2026-09-22 01:18:20
22,Typora v1.12.4 安全分析：反反调试与激活劫持,,1,https://www.52pojie.cn/thread-2084047-1-1.html,,吾爱破解,精华采撷,digest,hotlist,,2026-09-22 01:18:20
23,破解 Trae CN 加密协议,,10,https://www.52pojie.cn/thread-2113927-1-1.html,,吾爱破解,精华采撷,digest,hotlist,,2026-09-22 01:18:20
24,地表最强 Android so加载全景图,,2,https://www.52pojie.cn/thread-2083097-1-1.html,,吾爱破解,精华采撷,digest,hotlist,,2026-09-22 01:18:20
25,手把手教你给某讯滑块的JSVMP写反编译器 (如宝宝辅食一样易懂),,2,https://www.52pojie.cn/thread-2089027-1-1.html,,吾爱破解,精华采撷,digest,hotlist,,2026-09-22 01:18:20
26,一款WIFI密码搜索软件的授权算法分析,,2,https://www.52pojie.cn/thread-2097675-1-1.html,,吾爱破解,精华采撷,digest,hotlist,,2026-09-22 01:18:20
27,Allsafe靶场全解,,2,https://www.52pojie.cn/thread-2122890-1-1.html,,吾爱破解,精华采撷,digest,hotlist,,2026-09-22 01:18:20
28,某音 JSVMP bogus纯算,,2,https://www.52pojie.cn/thread-2120914-1-1.html,,吾爱破解,精华采撷,digest,hotlist,,2026-09-22 01:18:20
29,某音a_bogus jsvmp反编译,,2,https://www.52pojie.cn/thread-2116186-1-1.html,,吾爱破解,精华采撷,digest,hotlist,,2026-09-22 01:18:20
30,基于文本匹配的VMP还原思路,,2,https://www.52pojie.cn/thread-2115425-1-1.html,,吾爱破解,精华采撷,digest,hotlist,,2026-09-22 01:18:20
31,[长期更新] RV32IMAFDQ指令集模拟器 包含交互式汇编级调试器,,32,https://www.52pojie.cn/thread-2119162-1-1.html,,吾爱破解,精华采撷,digest,hotlist,,2026-09-22 01:18:20
32,对某java保护器本体的逆向分析,,2,https://www.52pojie.cn/thread-2116474-1-1.html,,吾爱破解,精华采撷,digest,hotlist,,2026-09-22 01:18:20
33,Web逆向 JS逆向 基础知识 ：Ignition解释器下一,,2,https://www.52pojie.cn/thread-2105820-1-1.html,,吾爱破解,精华采撷,digest,hotlist,,2026-09-22 01:18:20
34,Web逆向 JS逆向 基础知识 ： V8入门 JS详解 AST知识  字节码。。。。。。,,8,https://www.52pojie.cn/thread-2092084-1-1.html,,吾爱破解,精华采撷,digest,hotlist,,2026-09-22 01:18:20
35,某密企业版加固反调试与VMP分析,,2,https://www.52pojie.cn/thread-2093062-1-1.html,,吾爱破解,精华采撷,digest,hotlist,,2026-09-22 01:18:20
36,SpongeMixer企业级勒索软件的加密逻辑及行为分析,,2,https://www.52pojie.cn/thread-2116347-1-1.html,,吾爱破解,精华采撷,digest,hotlist,,2026-09-22 01:18:20
37,跨进程内存读写的攻防博弈：从内核缺页陷阱到应用层数据溯源,,2026,https://www.52pojie.cn/thread-2111373-1-1.html,,吾爱破解,精华采撷,digest,hotlist,,2026-09-22 01:18:20
38,web逆向基础知识--- js 事件 事件循环 和异步,,2,https://www.52pojie.cn/thread-2111598-1-1.html,,吾爱破解,精华采撷,digest,hotlist,,2026-09-22 01:18:20
39,h5st纯ai补环境+逆向,,5,https://www.52pojie.cn/thread-2092635-1-1.html,,吾爱破解,精华采撷,digest,hotlist,,2026-09-22 01:18:20
40,Sublime许可证分析：RSA PKCS#1标准详解+跨平台Keygen [开源],,1,https://www.52pojie.cn/thread-2090893-1-1.html,,吾爱破解,精华采撷,digest,hotlist,,2026-09-22 01:18:20
41,某红书-4.3.2-绕过ob直面JSVMP-mns0301-详细分析,,4,https://www.52pojie.cn/thread-2098573-1-1.html,,吾爱破解,精华采撷,digest,hotlist,,2026-09-22 01:18:20
42,某Q音乐sign纯算-vmp插桩日志分析,,2,https://www.52pojie.cn/thread-2104849-1-1.html,,吾爱破解,精华采撷,digest,hotlist,,2026-09-22 01:18:20
43,【AI辅助】iOS p12证书签名软件的逆向分析 + 证书获取,,12,https://www.52pojie.cn/thread-2100769-1-1.html,,吾爱破解,精华采撷,digest,hotlist,,2026-09-22 01:18:20
44,某红书4.3.2 ob混淆还原(字符串数组/字典/控制流平坦化),,4,https://www.52pojie.cn/thread-2100076-1-1.html,,吾爱破解,精华采撷,digest,hotlist,,2026-09-22 01:18:20
45,【兑现十年前的承诺】通过逆向分析老游戏XXX梦大富翁来制作外挂BGM启动器,,2,https://www.52pojie.cn/thread-2089150-1-1.html,,吾爱破解,精华采撷,digest,hotlist,,2026-09-22 01:18:20
46,cctv视频解密，wasm vmp分析,,2,https://www.52pojie.cn/thread-2094716-1-1.html,,吾爱破解,精华采撷,digest,hotlist,,2026-09-22 01:18:20
47,某企业加固dex vmp简单分析,,2,https://www.52pojie.cn/thread-2111432-1-1.html,,吾爱破解,精华采撷,digest,hotlist,,2026-09-22 01:18:20
48,2026春节解题领红包5 Windows中级题之Nuitka调试HOOK解题,,2026,https://www.52pojie.cn/thread-2100151-1-1.html,,吾爱破解,精华采撷,digest,hotlist,,2026-09-22 01:18:20
49,从POC到EXP：从0基础到v8 CVE-2021-38003复现,,0,https://www.52pojie.cn/thread-2107373-1-1.html,,吾爱破解,精华采撷,digest,hotlist,,2026-09-22 01:18:20
50,某音a_bogus详细分析-含50位数组生成过程,,50,https://www.52pojie.cn/thread-2092806-1-1.html,,吾爱破解,精华采撷,digest,hotlist,,2026-09-22 01:18:20
1,手机投屏控制助手 scrcpy-helper v1.5.2,,1,https://www.52pojie.cn/thread-2127053-1-1.html,,吾爱破解,人气热门,hot,hotlist,,2026-09-22 02:26:19
2,想曰 v2.2.0.0 免费的文本加密工具,,2,https://www.52pojie.cn/thread-2129164-1-1.html,,吾爱破解,人气热门,hot,hotlist,,2026-09-22 02:26:19
3,OCR识图添加转表格功能 PaddleOCR-V6-Portable -1.01,,6,https://www.52pojie.cn/thread-2127382-1-1.html,,吾爱破解,人气热门,hot,hotlist,,2026-09-22 02:26:19
4,鼠标自动点击工具 AutoClick v1.5.5,,1,https://www.52pojie.cn/thread-2128494-1-1.html,,吾爱破解,人气热门,hot,hotlist,,2026-09-22 02:26:19
5,中华人民共和国药典(2025年版)1.0版本,,2025,https://www.52pojie.cn/thread-2128710-1-1.html,,吾爱破解,人气热门,hot,hotlist,,2026-09-22 02:26:19
6,人体穴位图解3.2.1版本,,3,https://www.52pojie.cn/thread-2128627-1-1.html,,吾爱破解,人气热门,hot,hotlist,,2026-09-22 02:26:19
7,古诗词宝典 · Chinese Poetry Reader · v1.0.1,,1,https://www.52pojie.cn/thread-2127172-1-1.html,,吾爱破解,人气热门,hot,hotlist,,2026-09-22 02:26:19
8,千千静听社区复刻版 TTPlayerRebuild v2026.09.20,,2026,https://www.52pojie.cn/thread-2129165-1-1.html,,吾爱破解,人气热门,hot,hotlist,,2026-09-22 02:26:19
9,本地模型 快捷截图OCR工具（自动写入粘贴板）,,460,https://www.52pojie.cn/thread-2128632-1-1.html,,吾爱破解,人气热门,hot,hotlist,,2026-09-22 02:26:19
10,豆包输入法  V0.9.0,,0,https://www.52pojie.cn/thread-2129058-1-1.html,,吾爱破解,人气热门,hot,hotlist,,2026-09-22 02:26:19
11,运营工作台v1.9.0 · 2026-09-18,,1,https://www.52pojie.cn/thread-2128674-1-1.html,,吾爱破解,人气热门,hot,hotlist,,2026-09-22 02:26:19
12,【吾爱首发】FPAC Tool V2.0.0 （用于提取和重建部分游戏的PAC工具）,,2,https://www.52pojie.cn/thread-2128640-1-1.html,,吾爱破解,人气热门,hot,hotlist,,2026-09-22 02:26:19
13,PDF去水印工具，无广告，不联网，全免费,,171,https://www.52pojie.cn/thread-2129197-1-1.html,,吾爱破解,人气热门,hot,hotlist,,2026-09-22 02:26:19
14,软件安装包管理系统 v1.0（已更新V3.0局域网版本）,,1,https://www.52pojie.cn/thread-2127353-1-1.html,,吾爱破解,人气热门,hot,hotlist,,2026-09-22 02:26:19
15,WinRAR 7.30 beta1_x64 简体中文汉化版,,7,https://www.52pojie.cn/thread-2127514-1-1.html,,吾爱破解,人气热门,hot,hotlist,,2026-09-22 02:26:19
16,学习工作台 Study Workbench V1.1,,1,https://www.52pojie.cn/thread-2127066-1-1.html,,吾爱破解,人气热门,hot,hotlist,,2026-09-22 02:26:19
17,星愿浏览器 Twinkstar v11.4.1000.2609,,11,https://www.52pojie.cn/thread-2126907-1-1.html,,吾爱破解,人气热门,hot,hotlist,,2026-09-22 02:26:19
18,Excel通用财务账模板,,498,https://www.52pojie.cn/thread-2128163-1-1.html,,吾爱破解,人气热门,hot,hotlist,,2026-09-22 02:26:19
19,键鼠可视化工具 MouseKeyShow 1.5.1,,1,https://www.52pojie.cn/thread-2128607-1-1.html,,吾爱破解,人气热门,hot,hotlist,,2026-09-22 02:26:19
20,自动点击工具（图片识别与坐标点击）V2.0版,,2,https://www.52pojie.cn/thread-2129133-1-1.html,,吾爱破解,人气热门,hot,hotlist,,2026-09-22 02:26:19
21,PDF盖章和盖骑缝章工具1.1,,1,https://www.52pojie.cn/thread-2127317-1-1.html,,吾爱破解,人气热门,hot,hotlist,,2026-09-22 02:26:19
22,视频下载器 Videdown v1.2.7,,1,https://www.52pojie.cn/thread-2129168-1-1.html,,吾爱破解,人气热门,hot,hotlist,,2026-09-22 02:26:19
23,文本转语音工具edge-tts-gui v0.16.2,,0,https://www.52pojie.cn/thread-2127805-1-1.html,,吾爱破解,人气热门,hot,hotlist,,2026-09-22 02:26:19
24,微信防撤回工具v1.3,,1,https://www.52pojie.cn/thread-2128266-1-1.html,,吾爱破解,人气热门,hot,hotlist,,2026-09-22 02:26:19
25,U盘镜像制作工具 balenaEtcher v2.1.7,,2,https://www.52pojie.cn/thread-2129075-1-1.html,,吾爱破解,人气热门,hot,hotlist,,2026-09-22 02:26:19
26,PC微信整套皮肤【快速迭代中，已说明修改原理，可手动修改】,,150,https://www.52pojie.cn/thread-2127499-1-1.html,,吾爱破解,人气热门,hot,hotlist,,2026-09-22 02:26:19
27,截图工具 Shotera v7.4.2,,7,https://www.52pojie.cn/thread-2127441-1-1.html,,吾爱破解,人气热门,hot,hotlist,,2026-09-22 02:26:19
28,软件导航网址收藏工具箱V260921,,260921,https://www.52pojie.cn/thread-2128345-1-1.html,,吾爱破解,人气热门,hot,hotlist,,2026-09-22 02:26:19
29,MobaXterm 26.5 中文汉化版,,26,https://www.52pojie.cn/thread-2128457-1-1.html,,吾爱破解,人气热门,hot,hotlist,,2026-09-22 02:26:19
30,音乐音效和低音增强器 Music Equalizer & Volume Booster_1.0.1版本,,1,https://www.52pojie.cn/thread-2128452-1-1.html,,吾爱破解,人气热门,hot,hotlist,,2026-09-22 02:26:19
31,微信视频号下载器 wx_channels_download v260907,,260907,https://www.52pojie.cn/thread-2127850-1-1.html,,吾爱破解,人气热门,hot,hotlist,,2026-09-22 02:26:19
32,青简输入法 0.1.3,,0,https://www.52pojie.cn/thread-2128786-1-1.html,,吾爱破解,人气热门,hot,hotlist,,2026-09-22 02:26:19
33,NetBlocker - 进程断网工具（路由黑洞+防火墙拦截）,,458,https://www.52pojie.cn/thread-2127139-1-1.html,,吾爱破解,人气热门,hot,hotlist,,2026-09-22 02:26:19
34,校园IP数字网络广播控制小工具,,140,https://www.52pojie.cn/thread-2128967-1-1.html,,吾爱破解,人气热门,hot,hotlist,,2026-09-22 02:26:19
35,收租管家-v4.0.apk（安卓安装包）,,4,https://www.52pojie.cn/thread-2127103-1-1.html,,吾爱破解,人气热门,hot,hotlist,,2026-09-22 02:26:19
36,手机转电脑麦克风工具 MicYou 2.0.3,,2,https://www.52pojie.cn/thread-2127730-1-1.html,,吾爱破解,人气热门,hot,hotlist,,2026-09-22 02:26:19
37,The Enigma Protector vm还原插件,,127,https://www.52pojie.cn/thread-2127264-1-1.html,,吾爱破解,人气热门,hot,hotlist,,2026-09-22 02:26:19
38,文件夹颜色更改工具 Teorex FolderIco 9.4.2,,9,https://www.52pojie.cn/thread-2128618-1-1.html,,吾爱破解,人气热门,hot,hotlist,,2026-09-22 02:26:19
39,剪辑工具 Concat  0.2.1,,0,https://www.52pojie.cn/thread-2127728-1-1.html,,吾爱破解,人气热门,hot,hotlist,,2026-09-22 02:26:19
40,文本编辑器 Notepad-- v3.8.3/Beta 3.9.0,,3,https://www.52pojie.cn/thread-2127515-1-1.html,,吾爱破解,人气热门,hot,hotlist,,2026-09-22 02:26:19
41,Ai逆向同花顺网站采集数据,,100,https://www.52pojie.cn/thread-2128820-1-1.html,,吾爱破解,人气热门,hot,hotlist,,2026-09-22 02:26:19
42,内网打印服务,,118,https://www.52pojie.cn/thread-2128747-1-1.html,,吾爱破解,人气热门,hot,hotlist,,2026-09-22 02:26:19
43,【更新】图片转换王V 1.06 支持【Al、PSD、PSB、PDF、RAW等格式】,,1,https://www.52pojie.cn/thread-2127837-1-1.html,,吾爱破解,人气热门,hot,hotlist,,2026-09-22 02:26:19
44,离在线系统IP地址查询器 V1.0,,1,https://www.52pojie.cn/thread-2128468-1-1.html,,吾爱破解,人气热门,hot,hotlist,,2026-09-22 02:26:19
45,幕映  MuCast投屏 v1.1,,1,https://www.52pojie.cn/thread-2127941-1-1.html,,吾爱破解,人气热门,hot,hotlist,,2026-09-22 02:26:19
46,截图工具 PixPin 3.5.5.1  便携正式版,,3,https://www.52pojie.cn/thread-2127743-1-1.html,,吾爱破解,人气热门,hot,hotlist,,2026-09-22 02:26:19
47,震撼发布：ZXC自动浏览器V0.1版本（市面上没有任何相关竞品，适配vue等所有框架）,,0,https://www.52pojie.cn/thread-2127312-1-1.html,,吾爱破解,人气热门,hot,hotlist,,2026-09-22 02:26:19
48,图吧工具箱 winUI3 版 v1.6.1,,3,https://www.52pojie.cn/thread-2127011-1-1.html,,吾爱破解,人气热门,hot,hotlist,,2026-09-22 02:26:19
49,Windows 网络快速切换工具 V 0.4,,0,https://www.52pojie.cn/thread-2127831-1-1.html,,吾爱破解,人气热门,hot,hotlist,,2026-09-22 02:26:19
50,茶话间 Teahouse v0.57.0,,0,https://www.52pojie.cn/thread-2127934-1-1.html,,吾爱破解,人气热门,hot,hotlist,,2026-09-22 02:26:19
1,银狐WinOS伪装魔兽插件，远控木马攻击链分析,,2,https://www.52pojie.cn/thread-2122812-1-1.html,,吾爱破解,精华采撷,digest,hotlist,,2026-09-22 02:26:19
2,The Enigma Protector vm还原插件,,2,https://www.52pojie.cn/thread-2127264-1-1.html,,吾爱破解,精华采撷,digest,hotlist,,2026-09-22 02:26:19
3,小蓝鸟 x-client-transaction-id 追溯分析,,2,https://www.52pojie.cn/thread-2122687-1-1.html,,吾爱破解,精华采撷,digest,hotlist,,2026-09-22 02:26:19
4,某象滑块纯算逆向分析,,2,https://www.52pojie.cn/thread-2125447-1-1.html,,吾爱破解,精华采撷,digest,hotlist,,2026-09-22 02:26:19
5,快手 VMP 分析与还原,,2,https://www.52pojie.cn/thread-2123217-1-1.html,,吾爱破解,精华采撷,digest,hotlist,,2026-09-22 02:26:19
6,某q音乐jsvmp浅析,,2,https://www.52pojie.cn/thread-2123850-1-1.html,,吾爱破解,精华采撷,digest,hotlist,,2026-09-22 02:26:19
7,【JS逆向实战】手撕雷速体育API：动态AES签名与魔改Gzip响应解密全解析,,2,https://www.52pojie.cn/thread-2122363-1-1.html,,吾爱破解,精华采撷,digest,hotlist,,2026-09-22 02:26:19
8,AIDA64 8.25.8200 Business 逆向工程与Keygen实战,,64,https://www.52pojie.cn/thread-2096924-1-1.html,,吾爱破解,精华采撷,digest,hotlist,,2026-09-22 02:26:19
9,某骗子黑产软件（手机远控）的分析,,2,https://www.52pojie.cn/thread-2117851-1-1.html,,吾爱破解,精华采撷,digest,hotlist,,2026-09-22 02:26:19
10,r0re 自动逆向分析工具实战记录：全通看雪 Android CTF，完整使用指南和源码解析,,0,https://www.52pojie.cn/thread-2122552-1-1.html,,吾爱破解,精华采撷,digest,hotlist,,2026-09-22 02:26:19
11,酷我破解js脚本分析,,2,https://www.52pojie.cn/thread-2088285-1-1.html,,吾爱破解,精华采撷,digest,hotlist,,2026-09-22 02:26:19
12,一个 Android 远控APP的逆向分析-从 AB 包隐藏、动态加载到无障碍远程控制支付流程,,2,https://www.52pojie.cn/thread-2121592-1-1.html,,吾爱破解,精华采撷,digest,hotlist,,2026-09-22 02:26:19
13,全程交给 AI，不写一行代码，本地复现 CCTV 视频播放链路的一次实战记录,,2,https://www.52pojie.cn/thread-2102594-1-1.html,,吾爱破解,精华采撷,digest,hotlist,,2026-09-22 02:26:19
14,x64dbg插件无驱动过vmp3.9.4反调试,,64,https://www.52pojie.cn/thread-2101175-1-1.html,,吾爱破解,精华采撷,digest,hotlist,,2026-09-22 02:26:19
15,八猫付费小说逆向-hostnameVerify&sign,,2,https://www.52pojie.cn/thread-2102001-1-1.html,,吾爱破解,精华采撷,digest,hotlist,,2026-09-22 02:26:19
16,逆向分析某排八字软件的过程,,2,https://www.52pojie.cn/thread-2114056-1-1.html,,吾爱破解,精华采撷,digest,hotlist,,2026-09-22 02:26:19
17,全流程使用AI，完成一次APK重打包。改包名、绕过 Native 校验、重建签名并去掉奖励...,,10,https://www.52pojie.cn/thread-2100927-1-1.html,,吾爱破解,精华采撷,digest,hotlist,,2026-09-22 02:26:19
18,当游戏越来越漂亮，外挂却越来越丑：作弊技术摸底（2026）,,2026,https://www.52pojie.cn/thread-2117216-1-1.html,,吾爱破解,精华采撷,digest,hotlist,,2026-09-22 02:26:19
19,Vibe Coding 从源码阅读到模块开发：基于最新版 Magisk Zygisk，移植实现一个带 We...,,2,https://www.52pojie.cn/thread-2107426-1-1.html,,吾爱破解,精华采撷,digest,hotlist,,2026-09-22 02:26:19
20,FlashSwirl 闪旋，对称加密算法库，支持流加密、AEAD加密、HASH、HMAC、HKDF、PBKDF2,,2,https://www.52pojie.cn/thread-2104834-1-1.html,,吾爱破解,精华采撷,digest,hotlist,,2026-09-22 02:26:19
21,企业微信聊天记录导出全解析,,10,https://www.52pojie.cn/thread-2107745-1-1.html,,吾爱破解,精华采撷,digest,hotlist,,2026-09-22 02:26:19
22,Typora v1.12.4 安全分析：反反调试与激活劫持,,1,https://www.52pojie.cn/thread-2084047-1-1.html,,吾爱破解,精华采撷,digest,hotlist,,2026-09-22 02:26:19
23,破解 Trae CN 加密协议,,10,https://www.52pojie.cn/thread-2113927-1-1.html,,吾爱破解,精华采撷,digest,hotlist,,2026-09-22 02:26:19
24,地表最强 Android so加载全景图,,2,https://www.52pojie.cn/thread-2083097-1-1.html,,吾爱破解,精华采撷,digest,hotlist,,2026-09-22 02:26:19
25,手把手教你给某讯滑块的JSVMP写反编译器 (如宝宝辅食一样易懂),,2,https://www.52pojie.cn/thread-2089027-1-1.html,,吾爱破解,精华采撷,digest,hotlist,,2026-09-22 02:26:19
26,一款WIFI密码搜索软件的授权算法分析,,2,https://www.52pojie.cn/thread-2097675-1-1.html,,吾爱破解,精华采撷,digest,hotlist,,2026-09-22 02:26:19
27,Allsafe靶场全解,,2,https://www.52pojie.cn/thread-2122890-1-1.html,,吾爱破解,精华采撷,digest,hotlist,,2026-09-22 02:26:19
28,某音 JSVMP bogus纯算,,2,https://www.52pojie.cn/thread-2120914-1-1.html,,吾爱破解,精华采撷,digest,hotlist,,2026-09-22 02:26:19
29,某音a_bogus jsvmp反编译,,2,https://www.52pojie.cn/thread-2116186-1-1.html,,吾爱破解,精华采撷,digest,hotlist,,2026-09-22 02:26:19
30,基于文本匹配的VMP还原思路,,2,https://www.52pojie.cn/thread-2115425-1-1.html,,吾爱破解,精华采撷,digest,hotlist,,2026-09-22 02:26:19
31,[长期更新] RV32IMAFDQ指令集模拟器 包含交互式汇编级调试器,,32,https://www.52pojie.cn/thread-2119162-1-1.html,,吾爱破解,精华采撷,digest,hotlist,,2026-09-22 02:26:19
32,对某java保护器本体的逆向分析,,2,https://www.52pojie.cn/thread-2116474-1-1.html,,吾爱破解,精华采撷,digest,hotlist,,2026-09-22 02:26:19
33,Web逆向 JS逆向 基础知识 ：Ignition解释器下一,,2,https://www.52pojie.cn/thread-2105820-1-1.html,,吾爱破解,精华采撷,digest,hotlist,,2026-09-22 02:26:19
34,Web逆向 JS逆向 基础知识 ： V8入门 JS详解 AST知识  字节码。。。。。。,,8,https://www.52pojie.cn/thread-2092084-1-1.html,,吾爱破解,精华采撷,digest,hotlist,,2026-09-22 02:26:19
35,某密企业版加固反调试与VMP分析,,2,https://www.52pojie.cn/thread-2093062-1-1.html,,吾爱破解,精华采撷,digest,hotlist,,2026-09-22 02:26:19
36,SpongeMixer企业级勒索软件的加密逻辑及行为分析,,2,https://www.52pojie.cn/thread-2116347-1-1.html,,吾爱破解,精华采撷,digest,hotlist,,2026-09-22 02:26:19
37,跨进程内存读写的攻防博弈：从内核缺页陷阱到应用层数据溯源,,2026,https://www.52pojie.cn/thread-2111373-1-1.html,,吾爱破解,精华采撷,digest,hotlist,,2026-09-22 02:26:19
38,web逆向基础知识--- js 事件 事件循环 和异步,,2,https://www.52pojie.cn/thread-2111598-1-1.html,,吾爱破解,精华采撷,digest,hotlist,,2026-09-22 02:26:19
39,h5st纯ai补环境+逆向,,5,https://www.52pojie.cn/thread-2092635-1-1.html,,吾爱破解,精华采撷,digest,hotlist,,2026-09-22 02:26:19
40,Sublime许可证分析：RSA PKCS#1标准详解+跨平台Keygen [开源],,1,https://www.52pojie.cn/thread-2090893-1-1.html,,吾爱破解,精华采撷,digest,hotlist,,2026-09-22 02:26:19
41,某红书-4.3.2-绕过ob直面JSVMP-mns0301-详细分析,,4,https://www.52pojie.cn/thread-2098573-1-1.html,,吾爱破解,精华采撷,digest,hotlist,,2026-09-22 02:26:19
42,某Q音乐sign纯算-vmp插桩日志分析,,2,https://www.52pojie.cn/thread-2104849-1-1.html,,吾爱破解,精华采撷,digest,hotlist,,2026-09-22 02:26:19
43,【AI辅助】iOS p12证书签名软件的逆向分析 + 证书获取,,12,https://www.52pojie.cn/thread-2100769-1-1.html,,吾爱破解,精华采撷,digest,hotlist,,2026-09-22 02:26:19
44,某红书4.3.2 ob混淆还原(字符串数组/字典/控制流平坦化),,4,https://www.52pojie.cn/thread-2100076-1-1.html,,吾爱破解,精华采撷,digest,hotlist,,2026-09-22 02:26:19
45,【兑现十年前的承诺】通过逆向分析老游戏XXX梦大富翁来制作外挂BGM启动器,,2,https://www.52pojie.cn/thread-2089150-1-1.html,,吾爱破解,精华采撷,digest,hotlist,,2026-09-22 02:26:19
46,cctv视频解密，wasm vmp分析,,2,https://www.52pojie.cn/thread-2094716-1-1.html,,吾爱破解,精华采撷,digest,hotlist,,2026-09-22 02:26:19
47,某企业加固dex vmp简单分析,,2,https://www.52pojie.cn/thread-2111432-1-1.html,,吾爱破解,精华采撷,digest,hotlist,,2026-09-22 02:26:19
48,2026春节解题领红包5 Windows中级题之Nuitka调试HOOK解题,,2026,https://www.52pojie.cn/thread-2100151-1-1.html,,吾爱破解,精华采撷,digest,hotlist,,2026-09-22 02:26:19
49,从POC到EXP：从0基础到v8 CVE-2021-38003复现,,0,https://www.52pojie.cn/thread-2107373-1-1.html,,吾爱破解,精华采撷,digest,hotlist,,2026-09-22 02:26:19
50,某音a_bogus详细分析-含50位数组生成过程,,50,https://www.52pojie.cn/thread-2092806-1-1.html,,吾爱破解,精华采撷,digest,hotlist,,2026-09-22 02:26:19
1,PDF去水印工具，无广告，不联网，全免费,,172,https://www.52pojie.cn/thread-2129197-1-1.html,,吾爱破解,人气热门,hot,hotlist,,2026-09-22 03:18:31
2,鼠标自动点击工具 AutoClick v1.5.5,,1,https://www.52pojie.cn/thread-2128494-1-1.html,,吾爱破解,人气热门,hot,hotlist,,2026-09-22 03:18:31
3,想曰 v2.2.0.0 免费的文本加密工具,,2,https://www.52pojie.cn/thread-2129164-1-1.html,,吾爱破解,人气热门,hot,hotlist,,2026-09-22 03:18:31
4,视频下载器 Videdown v1.2.7,,1,https://www.52pojie.cn/thread-2129168-1-1.html,,吾爱破解,人气热门,hot,hotlist,,2026-09-22 03:18:31
5,手机投屏控制助手 scrcpy-helper v1.5.2,,1,https://www.52pojie.cn/thread-2127053-1-1.html,,吾爱破解,人气热门,hot,hotlist,,2026-09-22 03:18:31
6,OCR识图添加转表格功能 PaddleOCR-V6-Portable -1.01,,6,https://www.52pojie.cn/thread-2127382-1-1.html,,吾爱破解,人气热门,hot,hotlist,,2026-09-22 03:18:31
7,中华人民共和国药典(2025年版)1.0版本,,2025,https://www.52pojie.cn/thread-2128710-1-1.html,,吾爱破解,人气热门,hot,hotlist,,2026-09-22 03:18:31
8,人体穴位图解3.2.1版本,,3,https://www.52pojie.cn/thread-2128627-1-1.html,,吾爱破解,人气热门,hot,hotlist,,2026-09-22 03:18:31
9,古诗词宝典 · Chinese Poetry Reader · v1.0.1,,1,https://www.52pojie.cn/thread-2127172-1-1.html,,吾爱破解,人气热门,hot,hotlist,,2026-09-22 03:18:31
10,千千静听社区复刻版 TTPlayerRebuild v2026.09.20,,2026,https://www.52pojie.cn/thread-2129165-1-1.html,,吾爱破解,人气热门,hot,hotlist,,2026-09-22 03:18:31
11,本地模型 快捷截图OCR工具（自动写入粘贴板）,,460,https://www.52pojie.cn/thread-2128632-1-1.html,,吾爱破解,人气热门,hot,hotlist,,2026-09-22 03:18:31
12,豆包输入法  V0.9.0,,0,https://www.52pojie.cn/thread-2129058-1-1.html,,吾爱破解,人气热门,hot,hotlist,,2026-09-22 03:18:31
13,运营工作台v1.9.0 · 2026-09-18,,1,https://www.52pojie.cn/thread-2128674-1-1.html,,吾爱破解,人气热门,hot,hotlist,,2026-09-22 03:18:31
14,【吾爱首发】FPAC Tool V2.0.0 （用于提取和重建部分游戏的PAC工具）,,2,https://www.52pojie.cn/thread-2128640-1-1.html,,吾爱破解,人气热门,hot,hotlist,,2026-09-22 03:18:31
15,软件安装包管理系统 v1.0（已更新V3.0局域网版本）,,1,https://www.52pojie.cn/thread-2127353-1-1.html,,吾爱破解,人气热门,hot,hotlist,,2026-09-22 03:18:31
16,WinRAR 7.30 beta1_x64 简体中文汉化版,,7,https://www.52pojie.cn/thread-2127514-1-1.html,,吾爱破解,人气热门,hot,hotlist,,2026-09-22 03:18:31
17,学习工作台 Study Workbench V1.1,,1,https://www.52pojie.cn/thread-2127066-1-1.html,,吾爱破解,人气热门,hot,hotlist,,2026-09-22 03:18:31
18,星愿浏览器 Twinkstar v11.4.1000.2609,,11,https://www.52pojie.cn/thread-2126907-1-1.html,,吾爱破解,人气热门,hot,hotlist,,2026-09-22 03:18:31
19,Excel通用财务账模板,,498,https://www.52pojie.cn/thread-2128163-1-1.html,,吾爱破解,人气热门,hot,hotlist,,2026-09-22 03:18:31
20,键鼠可视化工具 MouseKeyShow 1.5.1,,1,https://www.52pojie.cn/thread-2128607-1-1.html,,吾爱破解,人气热门,hot,hotlist,,2026-09-22 03:18:31
21,自动点击工具（图片识别与坐标点击）V2.0版,,2,https://www.52pojie.cn/thread-2129133-1-1.html,,吾爱破解,人气热门,hot,hotlist,,2026-09-22 03:18:31
22,PDF盖章和盖骑缝章工具1.1,,1,https://www.52pojie.cn/thread-2127317-1-1.html,,吾爱破解,人气热门,hot,hotlist,,2026-09-22 03:18:31
23,文本转语音工具edge-tts-gui v0.16.2,,0,https://www.52pojie.cn/thread-2127805-1-1.html,,吾爱破解,人气热门,hot,hotlist,,2026-09-22 03:18:31
24,微信防撤回工具v1.3,,1,https://www.52pojie.cn/thread-2128266-1-1.html,,吾爱破解,人气热门,hot,hotlist,,2026-09-22 03:18:31
25,U盘镜像制作工具 balenaEtcher v2.1.7,,2,https://www.52pojie.cn/thread-2129075-1-1.html,,吾爱破解,人气热门,hot,hotlist,,2026-09-22 03:18:31
26,PC微信整套皮肤【快速迭代中，已说明修改原理，可手动修改】,,150,https://www.52pojie.cn/thread-2127499-1-1.html,,吾爱破解,人气热门,hot,hotlist,,2026-09-22 03:18:31
27,截图工具 Shotera v7.4.2,,7,https://www.52pojie.cn/thread-2127441-1-1.html,,吾爱破解,人气热门,hot,hotlist,,2026-09-22 03:18:31
28,软件导航网址收藏工具箱V260921,,260921,https://www.52pojie.cn/thread-2128345-1-1.html,,吾爱破解,人气热门,hot,hotlist,,2026-09-22 03:18:31
29,MobaXterm 26.5 中文汉化版,,26,https://www.52pojie.cn/thread-2128457-1-1.html,,吾爱破解,人气热门,hot,hotlist,,2026-09-22 03:18:31
30,音乐音效和低音增强器 Music Equalizer & Volume Booster_1.0.1版本,,1,https://www.52pojie.cn/thread-2128452-1-1.html,,吾爱破解,人气热门,hot,hotlist,,2026-09-22 03:18:31
31,微信视频号下载器 wx_channels_download v260907,,260907,https://www.52pojie.cn/thread-2127850-1-1.html,,吾爱破解,人气热门,hot,hotlist,,2026-09-22 03:18:31
32,青简输入法 0.1.3,,0,https://www.52pojie.cn/thread-2128786-1-1.html,,吾爱破解,人气热门,hot,hotlist,,2026-09-22 03:18:31
33,NetBlocker - 进程断网工具（路由黑洞+防火墙拦截）,,458,https://www.52pojie.cn/thread-2127139-1-1.html,,吾爱破解,人气热门,hot,hotlist,,2026-09-22 03:18:31
34,校园IP数字网络广播控制小工具,,140,https://www.52pojie.cn/thread-2128967-1-1.html,,吾爱破解,人气热门,hot,hotlist,,2026-09-22 03:18:31
35,收租管家-v4.0.apk（安卓安装包）,,4,https://www.52pojie.cn/thread-2127103-1-1.html,,吾爱破解,人气热门,hot,hotlist,,2026-09-22 03:18:31
36,手机转电脑麦克风工具 MicYou 2.0.3,,2,https://www.52pojie.cn/thread-2127730-1-1.html,,吾爱破解,人气热门,hot,hotlist,,2026-09-22 03:18:31
37,The Enigma Protector vm还原插件,,127,https://www.52pojie.cn/thread-2127264-1-1.html,,吾爱破解,人气热门,hot,hotlist,,2026-09-22 03:18:31
38,文件夹颜色更改工具 Teorex FolderIco 9.4.2,,9,https://www.52pojie.cn/thread-2128618-1-1.html,,吾爱破解,人气热门,hot,hotlist,,2026-09-22 03:18:31
39,剪辑工具 Concat  0.2.1,,0,https://www.52pojie.cn/thread-2127728-1-1.html,,吾爱破解,人气热门,hot,hotlist,,2026-09-22 03:18:31
40,文本编辑器 Notepad-- v3.8.3/Beta 3.9.0,,3,https://www.52pojie.cn/thread-2127515-1-1.html,,吾爱破解,人气热门,hot,hotlist,,2026-09-22 03:18:31
41,Ai逆向同花顺网站采集数据,,100,https://www.52pojie.cn/thread-2128820-1-1.html,,吾爱破解,人气热门,hot,hotlist,,2026-09-22 03:18:31
42,内网打印服务,,118,https://www.52pojie.cn/thread-2128747-1-1.html,,吾爱破解,人气热门,hot,hotlist,,2026-09-22 03:18:31
43,【更新】图片转换王V 1.06 支持【Al、PSD、PSB、PDF、RAW等格式】,,1,https://www.52pojie.cn/thread-2127837-1-1.html,,吾爱破解,人气热门,hot,hotlist,,2026-09-22 03:18:31
44,离在线系统IP地址查询器 V1.0,,1,https://www.52pojie.cn/thread-2128468-1-1.html,,吾爱破解,人气热门,hot,hotlist,,2026-09-22 03:18:31
45,幕映  MuCast投屏 v1.1,,1,https://www.52pojie.cn/thread-2127941-1-1.html,,吾爱破解,人气热门,hot,hotlist,,2026-09-22 03:18:31
46,截图工具 PixPin 3.5.5.1  便携正式版,,3,https://www.52pojie.cn/thread-2127743-1-1.html,,吾爱破解,人气热门,hot,hotlist,,2026-09-22 03:18:31
47,震撼发布：ZXC自动浏览器V0.1版本（市面上没有任何相关竞品，适配vue等所有框架）,,0,https://www.52pojie.cn/thread-2127312-1-1.html,,吾爱破解,人气热门,hot,hotlist,,2026-09-22 03:18:31
48,图吧工具箱 winUI3 版 v1.6.1,,3,https://www.52pojie.cn/thread-2127011-1-1.html,,吾爱破解,人气热门,hot,hotlist,,2026-09-22 03:18:31
49,Windows 网络快速切换工具 V 0.4,,0,https://www.52pojie.cn/thread-2127831-1-1.html,,吾爱破解,人气热门,hot,hotlist,,2026-09-22 03:18:31
50,茶话间 Teahouse v0.57.0,,0,https://www.52pojie.cn/thread-2127934-1-1.html,,吾爱破解,人气热门,hot,hotlist,,2026-09-22 03:18:31
1,小蓝鸟 x-client-transaction-id 追溯分析,,2,https://www.52pojie.cn/thread-2122687-1-1.html,,吾爱破解,精华采撷,digest,hotlist,,2026-09-22 03:18:31
2,银狐WinOS伪装魔兽插件，远控木马攻击链分析,,2,https://www.52pojie.cn/thread-2122812-1-1.html,,吾爱破解,精华采撷,digest,hotlist,,2026-09-22 03:18:31
3,The Enigma Protector vm还原插件,,2,https://www.52pojie.cn/thread-2127264-1-1.html,,吾爱破解,精华采撷,digest,hotlist,,2026-09-22 03:18:31
4,某象滑块纯算逆向分析,,2,https://www.52pojie.cn/thread-2125447-1-1.html,,吾爱破解,精华采撷,digest,hotlist,,2026-09-22 03:18:31
5,快手 VMP 分析与还原,,2,https://www.52pojie.cn/thread-2123217-1-1.html,,吾爱破解,精华采撷,digest,hotlist,,2026-09-22 03:18:31
6,某q音乐jsvmp浅析,,2,https://www.52pojie.cn/thread-2123850-1-1.html,,吾爱破解,精华采撷,digest,hotlist,,2026-09-22 03:18:31
7,【JS逆向实战】手撕雷速体育API：动态AES签名与魔改Gzip响应解密全解析,,2,https://www.52pojie.cn/thread-2122363-1-1.html,,吾爱破解,精华采撷,digest,hotlist,,2026-09-22 03:18:31
8,AIDA64 8.25.8200 Business 逆向工程与Keygen实战,,64,https://www.52pojie.cn/thread-2096924-1-1.html,,吾爱破解,精华采撷,digest,hotlist,,2026-09-22 03:18:31
9,某骗子黑产软件（手机远控）的分析,,2,https://www.52pojie.cn/thread-2117851-1-1.html,,吾爱破解,精华采撷,digest,hotlist,,2026-09-22 03:18:31
10,r0re 自动逆向分析工具实战记录：全通看雪 Android CTF，完整使用指南和源码解析,,0,https://www.52pojie.cn/thread-2122552-1-1.html,,吾爱破解,精华采撷,digest,hotlist,,2026-09-22 03:18:31
11,酷我破解js脚本分析,,2,https://www.52pojie.cn/thread-2088285-1-1.html,,吾爱破解,精华采撷,digest,hotlist,,2026-09-22 03:18:31
12,一个 Android 远控APP的逆向分析-从 AB 包隐藏、动态加载到无障碍远程控制支付流程,,2,https://www.52pojie.cn/thread-2121592-1-1.html,,吾爱破解,精华采撷,digest,hotlist,,2026-09-22 03:18:31
13,全程交给 AI，不写一行代码，本地复现 CCTV 视频播放链路的一次实战记录,,2,https://www.52pojie.cn/thread-2102594-1-1.html,,吾爱破解,精华采撷,digest,hotlist,,2026-09-22 03:18:31
14,x64dbg插件无驱动过vmp3.9.4反调试,,64,https://www.52pojie.cn/thread-2101175-1-1.html,,吾爱破解,精华采撷,digest,hotlist,,2026-09-22 03:18:31
15,八猫付费小说逆向-hostnameVerify&sign,,2,https://www.52pojie.cn/thread-2102001-1-1.html,,吾爱破解,精华采撷,digest,hotlist,,2026-09-22 03:18:31
16,逆向分析某排八字软件的过程,,2,https://www.52pojie.cn/thread-2114056-1-1.html,,吾爱破解,精华采撷,digest,hotlist,,2026-09-22 03:18:31
17,全流程使用AI，完成一次APK重打包。改包名、绕过 Native 校验、重建签名并去掉奖励...,,10,https://www.52pojie.cn/thread-2100927-1-1.html,,吾爱破解,精华采撷,digest,hotlist,,2026-09-22 03:18:31
18,当游戏越来越漂亮，外挂却越来越丑：作弊技术摸底（2026）,,2026,https://www.52pojie.cn/thread-2117216-1-1.html,,吾爱破解,精华采撷,digest,hotlist,,2026-09-22 03:18:31
19,Vibe Coding 从源码阅读到模块开发：基于最新版 Magisk Zygisk，移植实现一个带 We...,,2,https://www.52pojie.cn/thread-2107426-1-1.html,,吾爱破解,精华采撷,digest,hotlist,,2026-09-22 03:18:31
20,FlashSwirl 闪旋，对称加密算法库，支持流加密、AEAD加密、HASH、HMAC、HKDF、PBKDF2,,2,https://www.52pojie.cn/thread-2104834-1-1.html,,吾爱破解,精华采撷,digest,hotlist,,2026-09-22 03:18:31
21,企业微信聊天记录导出全解析,,10,https://www.52pojie.cn/thread-2107745-1-1.html,,吾爱破解,精华采撷,digest,hotlist,,2026-09-22 03:18:31
22,Typora v1.12.4 安全分析：反反调试与激活劫持,,1,https://www.52pojie.cn/thread-2084047-1-1.html,,吾爱破解,精华采撷,digest,hotlist,,2026-09-22 03:18:31
23,破解 Trae CN 加密协议,,10,https://www.52pojie.cn/thread-2113927-1-1.html,,吾爱破解,精华采撷,digest,hotlist,,2026-09-22 03:18:31
24,地表最强 Android so加载全景图,,2,https://www.52pojie.cn/thread-2083097-1-1.html,,吾爱破解,精华采撷,digest,hotlist,,2026-09-22 03:18:31
25,手把手教你给某讯滑块的JSVMP写反编译器 (如宝宝辅食一样易懂),,2,https://www.52pojie.cn/thread-2089027-1-1.html,,吾爱破解,精华采撷,digest,hotlist,,2026-09-22 03:18:31
26,一款WIFI密码搜索软件的授权算法分析,,2,https://www.52pojie.cn/thread-2097675-1-1.html,,吾爱破解,精华采撷,digest,hotlist,,2026-09-22 03:18:31
27,Allsafe靶场全解,,2,https://www.52pojie.cn/thread-2122890-1-1.html,,吾爱破解,精华采撷,digest,hotlist,,2026-09-22 03:18:31
28,某音 JSVMP bogus纯算,,2,https://www.52pojie.cn/thread-2120914-1-1.html,,吾爱破解,精华采撷,digest,hotlist,,2026-09-22 03:18:31
29,某音a_bogus jsvmp反编译,,2,https://www.52pojie.cn/thread-2116186-1-1.html,,吾爱破解,精华采撷,digest,hotlist,,2026-09-22 03:18:31
30,基于文本匹配的VMP还原思路,,2,https://www.52pojie.cn/thread-2115425-1-1.html,,吾爱破解,精华采撷,digest,hotlist,,2026-09-22 03:18:31
31,[长期更新] RV32IMAFDQ指令集模拟器 包含交互式汇编级调试器,,32,https://www.52pojie.cn/thread-2119162-1-1.html,,吾爱破解,精华采撷,digest,hotlist,,2026-09-22 03:18:31
32,对某java保护器本体的逆向分析,,2,https://www.52pojie.cn/thread-2116474-1-1.html,,吾爱破解,精华采撷,digest,hotlist,,2026-09-22 03:18:31
33,Web逆向 JS逆向 基础知识 ：Ignition解释器下一,,2,https://www.52pojie.cn/thread-2105820-1-1.html,,吾爱破解,精华采撷,digest,hotlist,,2026-09-22 03:18:31
34,Web逆向 JS逆向 基础知识 ： V8入门 JS详解 AST知识  字节码。。。。。。,,8,https://www.52pojie.cn/thread-2092084-1-1.html,,吾爱破解,精华采撷,digest,hotlist,,2026-09-22 03:18:31
35,某密企业版加固反调试与VMP分析,,2,https://www.52pojie.cn/thread-2093062-1-1.html,,吾爱破解,精华采撷,digest,hotlist,,2026-09-22 03:18:31
36,SpongeMixer企业级勒索软件的加密逻辑及行为分析,,2,https://www.52pojie.cn/thread-2116347-1-1.html,,吾爱破解,精华采撷,digest,hotlist,,2026-09-22 03:18:31
37,跨进程内存读写的攻防博弈：从内核缺页陷阱到应用层数据溯源,,2026,https://www.52pojie.cn/thread-2111373-1-1.html,,吾爱破解,精华采撷,digest,hotlist,,2026-09-22 03:18:31
38,web逆向基础知识--- js 事件 事件循环 和异步,,2,https://www.52pojie.cn/thread-2111598-1-1.html,,吾爱破解,精华采撷,digest,hotlist,,2026-09-22 03:18:31
39,h5st纯ai补环境+逆向,,5,https://www.52pojie.cn/thread-2092635-1-1.html,,吾爱破解,精华采撷,digest,hotlist,,2026-09-22 03:18:31
40,Sublime许可证分析：RSA PKCS#1标准详解+跨平台Keygen [开源],,1,https://www.52pojie.cn/thread-2090893-1-1.html,,吾爱破解,精华采撷,digest,hotlist,,2026-09-22 03:18:31
41,某红书-4.3.2-绕过ob直面JSVMP-mns0301-详细分析,,4,https://www.52pojie.cn/thread-2098573-1-1.html,,吾爱破解,精华采撷,digest,hotlist,,2026-09-22 03:18:31
42,某Q音乐sign纯算-vmp插桩日志分析,,2,https://www.52pojie.cn/thread-2104849-1-1.html,,吾爱破解,精华采撷,digest,hotlist,,2026-09-22 03:18:31
43,【AI辅助】iOS p12证书签名软件的逆向分析 + 证书获取,,12,https://www.52pojie.cn/thread-2100769-1-1.html,,吾爱破解,精华采撷,digest,hotlist,,2026-09-22 03:18:31
44,某红书4.3.2 ob混淆还原(字符串数组/字典/控制流平坦化),,4,https://www.52pojie.cn/thread-2100076-1-1.html,,吾爱破解,精华采撷,digest,hotlist,,2026-09-22 03:18:31
45,【兑现十年前的承诺】通过逆向分析老游戏XXX梦大富翁来制作外挂BGM启动器,,2,https://www.52pojie.cn/thread-2089150-1-1.html,,吾爱破解,精华采撷,digest,hotlist,,2026-09-22 03:18:31
46,cctv视频解密，wasm vmp分析,,2,https://www.52pojie.cn/thread-2094716-1-1.html,,吾爱破解,精华采撷,digest,hotlist,,2026-09-22 03:18:31
47,某企业加固dex vmp简单分析,,2,https://www.52pojie.cn/thread-2111432-1-1.html,,吾爱破解,精华采撷,digest,hotlist,,2026-09-22 03:18:31
48,2026春节解题领红包5 Windows中级题之Nuitka调试HOOK解题,,2026,https://www.52pojie.cn/thread-2100151-1-1.html,,吾爱破解,精华采撷,digest,hotlist,,2026-09-22 03:18:31
49,从POC到EXP：从0基础到v8 CVE-2021-38003复现,,0,https://www.52pojie.cn/thread-2107373-1-1.html,,吾爱破解,精华采撷,digest,hotlist,,2026-09-22 03:18:31
50,某音a_bogus详细分析-含50位数组生成过程,,50,https://www.52pojie.cn/thread-2092806-1-1.html,,吾爱破解,精华采撷,digest,hotlist,,2026-09-22 03:18:31
1,豆包输入法  V0.9.0,,0,https://www.52pojie.cn/thread-2129058-1-1.html,,吾爱破解,人气热门,hot,hotlist,,2026-09-22 04:21:30
2,中华人民共和国药典(2025年版)1.0版本,,2025,https://www.52pojie.cn/thread-2128710-1-1.html,,吾爱破解,人气热门,hot,hotlist,,2026-09-22 04:21:30
3,茶话间 Teahouse v0.57.0,,0,https://www.52pojie.cn/thread-2127934-1-1.html,,吾爱破解,人气热门,hot,hotlist,,2026-09-22 04:21:30
4,PDF去水印工具，无广告，不联网，全免费,,172,https://www.52pojie.cn/thread-2129197-1-1.html,,吾爱破解,人气热门,hot,hotlist,,2026-09-22 04:21:30
5,鼠标自动点击工具 AutoClick v1.5.5,,1,https://www.52pojie.cn/thread-2128494-1-1.html,,吾爱破解,人气热门,hot,hotlist,,2026-09-22 04:21:30
6,想曰 v2.2.0.0 免费的文本加密工具,,2,https://www.52pojie.cn/thread-2129164-1-1.html,,吾爱破解,人气热门,hot,hotlist,,2026-09-22 04:21:30
7,视频下载器 Videdown v1.2.7,,1,https://www.52pojie.cn/thread-2129168-1-1.html,,吾爱破解,人气热门,hot,hotlist,,2026-09-22 04:21:30
8,手机投屏控制助手 scrcpy-helper v1.5.2,,1,https://www.52pojie.cn/thread-2127053-1-1.html,,吾爱破解,人气热门,hot,hotlist,,2026-09-22 04:21:30
9,OCR识图添加转表格功能 PaddleOCR-V6-Portable -1.01,,6,https://www.52pojie.cn/thread-2127382-1-1.html,,吾爱破解,人气热门,hot,hotlist,,2026-09-22 04:21:30
10,人体穴位图解3.2.1版本,,3,https://www.52pojie.cn/thread-2128627-1-1.html,,吾爱破解,人气热门,hot,hotlist,,2026-09-22 04:21:30
11,古诗词宝典 · Chinese Poetry Reader · v1.0.1,,1,https://www.52pojie.cn/thread-2127172-1-1.html,,吾爱破解,人气热门,hot,hotlist,,2026-09-22 04:21:30
12,千千静听社区复刻版 TTPlayerRebuild v2026.09.20,,2026,https://www.52pojie.cn/thread-2129165-1-1.html,,吾爱破解,人气热门,hot,hotlist,,2026-09-22 04:21:30
13,本地模型 快捷截图OCR工具（自动写入粘贴板）,,460,https://www.52pojie.cn/thread-2128632-1-1.html,,吾爱破解,人气热门,hot,hotlist,,2026-09-22 04:21:30
14,运营工作台v1.9.0 · 2026-09-18,,1,https://www.52pojie.cn/thread-2128674-1-1.html,,吾爱破解,人气热门,hot,hotlist,,2026-09-22 04:21:30
15,【吾爱首发】FPAC Tool V2.0.0 （用于提取和重建部分游戏的PAC工具）,,2,https://www.52pojie.cn/thread-2128640-1-1.html,,吾爱破解,人气热门,hot,hotlist,,2026-09-22 04:21:30
16,软件安装包管理系统 v1.0（已更新V3.0局域网版本）,,1,https://www.52pojie.cn/thread-2127353-1-1.html,,吾爱破解,人气热门,hot,hotlist,,2026-09-22 04:21:30
17,WinRAR 7.30 beta1_x64 简体中文汉化版,,7,https://www.52pojie.cn/thread-2127514-1-1.html,,吾爱破解,人气热门,hot,hotlist,,2026-09-22 04:21:30
18,学习工作台 Study Workbench V1.1,,1,https://www.52pojie.cn/thread-2127066-1-1.html,,吾爱破解,人气热门,hot,hotlist,,2026-09-22 04:21:30
19,星愿浏览器 Twinkstar v11.4.1000.2609,,11,https://www.52pojie.cn/thread-2126907-1-1.html,,吾爱破解,人气热门,hot,hotlist,,2026-09-22 04:21:30
20,Excel通用财务账模板,,498,https://www.52pojie.cn/thread-2128163-1-1.html,,吾爱破解,人气热门,hot,hotlist,,2026-09-22 04:21:30
21,键鼠可视化工具 MouseKeyShow 1.5.1,,1,https://www.52pojie.cn/thread-2128607-1-1.html,,吾爱破解,人气热门,hot,hotlist,,2026-09-22 04:21:30
22,自动点击工具（图片识别与坐标点击）V2.0版,,2,https://www.52pojie.cn/thread-2129133-1-1.html,,吾爱破解,人气热门,hot,hotlist,,2026-09-22 04:21:30
23,PDF盖章和盖骑缝章工具1.1,,1,https://www.52pojie.cn/thread-2127317-1-1.html,,吾爱破解,人气热门,hot,hotlist,,2026-09-22 04:21:30
24,文本转语音工具edge-tts-gui v0.16.2,,0,https://www.52pojie.cn/thread-2127805-1-1.html,,吾爱破解,人气热门,hot,hotlist,,2026-09-22 04:21:30
25,微信防撤回工具v1.3,,1,https://www.52pojie.cn/thread-2128266-1-1.html,,吾爱破解,人气热门,hot,hotlist,,2026-09-22 04:21:30
26,U盘镜像制作工具 balenaEtcher v2.1.7,,2,https://www.52pojie.cn/thread-2129075-1-1.html,,吾爱破解,人气热门,hot,hotlist,,2026-09-22 04:21:30
27,PC微信整套皮肤【快速迭代中，已说明修改原理，可手动修改】,,150,https://www.52pojie.cn/thread-2127499-1-1.html,,吾爱破解,人气热门,hot,hotlist,,2026-09-22 04:21:30
28,截图工具 Shotera v7.4.2,,7,https://www.52pojie.cn/thread-2127441-1-1.html,,吾爱破解,人气热门,hot,hotlist,,2026-09-22 04:21:30
29,软件导航网址收藏工具箱V260921,,260921,https://www.52pojie.cn/thread-2128345-1-1.html,,吾爱破解,人气热门,hot,hotlist,,2026-09-22 04:21:30
30,MobaXterm 26.5 中文汉化版,,26,https://www.52pojie.cn/thread-2128457-1-1.html,,吾爱破解,人气热门,hot,hotlist,,2026-09-22 04:21:30
31,音乐音效和低音增强器 Music Equalizer & Volume Booster_1.0.1版本,,1,https://www.52pojie.cn/thread-2128452-1-1.html,,吾爱破解,人气热门,hot,hotlist,,2026-09-22 04:21:30
32,微信视频号下载器 wx_channels_download v260907,,260907,https://www.52pojie.cn/thread-2127850-1-1.html,,吾爱破解,人气热门,hot,hotlist,,2026-09-22 04:21:30
33,青简输入法 0.1.3,,0,https://www.52pojie.cn/thread-2128786-1-1.html,,吾爱破解,人气热门,hot,hotlist,,2026-09-22 04:21:30
34,NetBlocker - 进程断网工具（路由黑洞+防火墙拦截）,,458,https://www.52pojie.cn/thread-2127139-1-1.html,,吾爱破解,人气热门,hot,hotlist,,2026-09-22 04:21:30
35,校园IP数字网络广播控制小工具,,140,https://www.52pojie.cn/thread-2128967-1-1.html,,吾爱破解,人气热门,hot,hotlist,,2026-09-22 04:21:30
36,收租管家-v4.0.apk（安卓安装包）,,4,https://www.52pojie.cn/thread-2127103-1-1.html,,吾爱破解,人气热门,hot,hotlist,,2026-09-22 04:21:30
37,手机转电脑麦克风工具 MicYou 2.0.3,,2,https://www.52pojie.cn/thread-2127730-1-1.html,,吾爱破解,人气热门,hot,hotlist,,2026-09-22 04:21:30
38,The Enigma Protector vm还原插件,,127,https://www.52pojie.cn/thread-2127264-1-1.html,,吾爱破解,人气热门,hot,hotlist,,2026-09-22 04:21:30
39,文件夹颜色更改工具 Teorex FolderIco 9.4.2,,9,https://www.52pojie.cn/thread-2128618-1-1.html,,吾爱破解,人气热门,hot,hotlist,,2026-09-22 04:21:30
40,剪辑工具 Concat  0.2.1,,0,https://www.52pojie.cn/thread-2127728-1-1.html,,吾爱破解,人气热门,hot,hotlist,,2026-09-22 04:21:30
41,文本编辑器 Notepad-- v3.8.3/Beta 3.9.0,,3,https://www.52pojie.cn/thread-2127515-1-1.html,,吾爱破解,人气热门,hot,hotlist,,2026-09-22 04:21:30
42,Ai逆向同花顺网站采集数据,,100,https://www.52pojie.cn/thread-2128820-1-1.html,,吾爱破解,人气热门,hot,hotlist,,2026-09-22 04:21:30
43,内网打印服务,,118,https://www.52pojie.cn/thread-2128747-1-1.html,,吾爱破解,人气热门,hot,hotlist,,2026-09-22 04:21:30
44,【更新】图片转换王V 1.06 支持【Al、PSD、PSB、PDF、RAW等格式】,,1,https://www.52pojie.cn/thread-2127837-1-1.html,,吾爱破解,人气热门,hot,hotlist,,2026-09-22 04:21:30
45,离在线系统IP地址查询器 V1.0,,1,https://www.52pojie.cn/thread-2128468-1-1.html,,吾爱破解,人气热门,hot,hotlist,,2026-09-22 04:21:30
46,幕映  MuCast投屏 v1.1,,1,https://www.52pojie.cn/thread-2127941-1-1.html,,吾爱破解,人气热门,hot,hotlist,,2026-09-22 04:21:30
47,截图工具 PixPin 3.5.5.1  便携正式版,,3,https://www.52pojie.cn/thread-2127743-1-1.html,,吾爱破解,人气热门,hot,hotlist,,2026-09-22 04:21:30
48,震撼发布：ZXC自动浏览器V0.1版本（市面上没有任何相关竞品，适配vue等所有框架）,,0,https://www.52pojie.cn/thread-2127312-1-1.html,,吾爱破解,人气热门,hot,hotlist,,2026-09-22 04:21:30
49,图吧工具箱 winUI3 版 v1.6.1,,3,https://www.52pojie.cn/thread-2127011-1-1.html,,吾爱破解,人气热门,hot,hotlist,,2026-09-22 04:21:30
50,Windows 网络快速切换工具 V 0.4,,0,https://www.52pojie.cn/thread-2127831-1-1.html,,吾爱破解,人气热门,hot,hotlist,,2026-09-22 04:21:30
1,小蓝鸟 x-client-transaction-id 追溯分析,,2,https://www.52pojie.cn/thread-2122687-1-1.html,,吾爱破解,精华采撷,digest,hotlist,,2026-09-22 04:21:30
2,银狐WinOS伪装魔兽插件，远控木马攻击链分析,,2,https://www.52pojie.cn/thread-2122812-1-1.html,,吾爱破解,精华采撷,digest,hotlist,,2026-09-22 04:21:30
3,The Enigma Protector vm还原插件,,2,https://www.52pojie.cn/thread-2127264-1-1.html,,吾爱破解,精华采撷,digest,hotlist,,2026-09-22 04:21:30
4,某象滑块纯算逆向分析,,2,https://www.52pojie.cn/thread-2125447-1-1.html,,吾爱破解,精华采撷,digest,hotlist,,2026-09-22 04:21:30
5,快手 VMP 分析与还原,,2,https://www.52pojie.cn/thread-2123217-1-1.html,,吾爱破解,精华采撷,digest,hotlist,,2026-09-22 04:21:30
6,某q音乐jsvmp浅析,,2,https://www.52pojie.cn/thread-2123850-1-1.html,,吾爱破解,精华采撷,digest,hotlist,,2026-09-22 04:21:30
7,【JS逆向实战】手撕雷速体育API：动态AES签名与魔改Gzip响应解密全解析,,2,https://www.52pojie.cn/thread-2122363-1-1.html,,吾爱破解,精华采撷,digest,hotlist,,2026-09-22 04:21:30
8,AIDA64 8.25.8200 Business 逆向工程与Keygen实战,,64,https://www.52pojie.cn/thread-2096924-1-1.html,,吾爱破解,精华采撷,digest,hotlist,,2026-09-22 04:21:30
9,某骗子黑产软件（手机远控）的分析,,2,https://www.52pojie.cn/thread-2117851-1-1.html,,吾爱破解,精华采撷,digest,hotlist,,2026-09-22 04:21:30
10,r0re 自动逆向分析工具实战记录：全通看雪 Android CTF，完整使用指南和源码解析,,0,https://www.52pojie.cn/thread-2122552-1-1.html,,吾爱破解,精华采撷,digest,hotlist,,2026-09-22 04:21:30
11,酷我破解js脚本分析,,2,https://www.52pojie.cn/thread-2088285-1-1.html,,吾爱破解,精华采撷,digest,hotlist,,2026-09-22 04:21:30
12,一个 Android 远控APP的逆向分析-从 AB 包隐藏、动态加载到无障碍远程控制支付流程,,2,https://www.52pojie.cn/thread-2121592-1-1.html,,吾爱破解,精华采撷,digest,hotlist,,2026-09-22 04:21:30
13,全程交给 AI，不写一行代码，本地复现 CCTV 视频播放链路的一次实战记录,,2,https://www.52pojie.cn/thread-2102594-1-1.html,,吾爱破解,精华采撷,digest,hotlist,,2026-09-22 04:21:30
14,x64dbg插件无驱动过vmp3.9.4反调试,,64,https://www.52pojie.cn/thread-2101175-1-1.html,,吾爱破解,精华采撷,digest,hotlist,,2026-09-22 04:21:30
15,八猫付费小说逆向-hostnameVerify&sign,,2,https://www.52pojie.cn/thread-2102001-1-1.html,,吾爱破解,精华采撷,digest,hotlist,,2026-09-22 04:21:30
16,逆向分析某排八字软件的过程,,2,https://www.52pojie.cn/thread-2114056-1-1.html,,吾爱破解,精华采撷,digest,hotlist,,2026-09-22 04:21:30
17,全流程使用AI，完成一次APK重打包。改包名、绕过 Native 校验、重建签名并去掉奖励...,,10,https://www.52pojie.cn/thread-2100927-1-1.html,,吾爱破解,精华采撷,digest,hotlist,,2026-09-22 04:21:30
18,当游戏越来越漂亮，外挂却越来越丑：作弊技术摸底（2026）,,2026,https://www.52pojie.cn/thread-2117216-1-1.html,,吾爱破解,精华采撷,digest,hotlist,,2026-09-22 04:21:30
19,Vibe Coding 从源码阅读到模块开发：基于最新版 Magisk Zygisk，移植实现一个带 We...,,2,https://www.52pojie.cn/thread-2107426-1-1.html,,吾爱破解,精华采撷,digest,hotlist,,2026-09-22 04:21:30
20,FlashSwirl 闪旋，对称加密算法库，支持流加密、AEAD加密、HASH、HMAC、HKDF、PBKDF2,,2,https://www.52pojie.cn/thread-2104834-1-1.html,,吾爱破解,精华采撷,digest,hotlist,,2026-09-22 04:21:30
21,企业微信聊天记录导出全解析,,10,https://www.52pojie.cn/thread-2107745-1-1.html,,吾爱破解,精华采撷,digest,hotlist,,2026-09-22 04:21:30
22,Typora v1.12.4 安全分析：反反调试与激活劫持,,1,https://www.52pojie.cn/thread-2084047-1-1.html,,吾爱破解,精华采撷,digest,hotlist,,2026-09-22 04:21:30
23,破解 Trae CN 加密协议,,10,https://www.52pojie.cn/thread-2113927-1-1.html,,吾爱破解,精华采撷,digest,hotlist,,2026-09-22 04:21:30
24,地表最强 Android so加载全景图,,2,https://www.52pojie.cn/thread-2083097-1-1.html,,吾爱破解,精华采撷,digest,hotlist,,2026-09-22 04:21:30
25,手把手教你给某讯滑块的JSVMP写反编译器 (如宝宝辅食一样易懂),,2,https://www.52pojie.cn/thread-2089027-1-1.html,,吾爱破解,精华采撷,digest,hotlist,,2026-09-22 04:21:30
26,一款WIFI密码搜索软件的授权算法分析,,2,https://www.52pojie.cn/thread-2097675-1-1.html,,吾爱破解,精华采撷,digest,hotlist,,2026-09-22 04:21:30
27,Allsafe靶场全解,,2,https://www.52pojie.cn/thread-2122890-1-1.html,,吾爱破解,精华采撷,digest,hotlist,,2026-09-22 04:21:30
28,某音 JSVMP bogus纯算,,2,https://www.52pojie.cn/thread-2120914-1-1.html,,吾爱破解,精华采撷,digest,hotlist,,2026-09-22 04:21:30
29,某音a_bogus jsvmp反编译,,2,https://www.52pojie.cn/thread-2116186-1-1.html,,吾爱破解,精华采撷,digest,hotlist,,2026-09-22 04:21:30
30,基于文本匹配的VMP还原思路,,2,https://www.52pojie.cn/thread-2115425-1-1.html,,吾爱破解,精华采撷,digest,hotlist,,2026-09-22 04:21:30
31,[长期更新] RV32IMAFDQ指令集模拟器 包含交互式汇编级调试器,,32,https://www.52pojie.cn/thread-2119162-1-1.html,,吾爱破解,精华采撷,digest,hotlist,,2026-09-22 04:21:30
32,对某java保护器本体的逆向分析,,2,https://www.52pojie.cn/thread-2116474-1-1.html,,吾爱破解,精华采撷,digest,hotlist,,2026-09-22 04:21:30
33,Web逆向 JS逆向 基础知识 ：Ignition解释器下一,,2,https://www.52pojie.cn/thread-2105820-1-1.html,,吾爱破解,精华采撷,digest,hotlist,,2026-09-22 04:21:30
34,Web逆向 JS逆向 基础知识 ： V8入门 JS详解 AST知识  字节码。。。。。。,,8,https://www.52pojie.cn/thread-2092084-1-1.html,,吾爱破解,精华采撷,digest,hotlist,,2026-09-22 04:21:30
35,某密企业版加固反调试与VMP分析,,2,https://www.52pojie.cn/thread-2093062-1-1.html,,吾爱破解,精华采撷,digest,hotlist,,2026-09-22 04:21:30
36,SpongeMixer企业级勒索软件的加密逻辑及行为分析,,2,https://www.52pojie.cn/thread-2116347-1-1.html,,吾爱破解,精华采撷,digest,hotlist,,2026-09-22 04:21:30
37,跨进程内存读写的攻防博弈：从内核缺页陷阱到应用层数据溯源,,2026,https://www.52pojie.cn/thread-2111373-1-1.html,,吾爱破解,精华采撷,digest,hotlist,,2026-09-22 04:21:30
38,web逆向基础知识--- js 事件 事件循环 和异步,,2,https://www.52pojie.cn/thread-2111598-1-1.html,,吾爱破解,精华采撷,digest,hotlist,,2026-09-22 04:21:30
39,h5st纯ai补环境+逆向,,5,https://www.52pojie.cn/thread-2092635-1-1.html,,吾爱破解,精华采撷,digest,hotlist,,2026-09-22 04:21:30
40,Sublime许可证分析：RSA PKCS#1标准详解+跨平台Keygen [开源],,1,https://www.52pojie.cn/thread-2090893-1-1.html,,吾爱破解,精华采撷,digest,hotlist,,2026-09-22 04:21:30
41,某红书-4.3.2-绕过ob直面JSVMP-mns0301-详细分析,,4,https://www.52pojie.cn/thread-2098573-1-1.html,,吾爱破解,精华采撷,digest,hotlist,,2026-09-22 04:21:30
42,某Q音乐sign纯算-vmp插桩日志分析,,2,https://www.52pojie.cn/thread-2104849-1-1.html,,吾爱破解,精华采撷,digest,hotlist,,2026-09-22 04:21:30
43,【AI辅助】iOS p12证书签名软件的逆向分析 + 证书获取,,12,https://www.52pojie.cn/thread-2100769-1-1.html,,吾爱破解,精华采撷,digest,hotlist,,2026-09-22 04:21:30
44,某红书4.3.2 ob混淆还原(字符串数组/字典/控制流平坦化),,4,https://www.52pojie.cn/thread-2100076-1-1.html,,吾爱破解,精华采撷,digest,hotlist,,2026-09-22 04:21:30
45,【兑现十年前的承诺】通过逆向分析老游戏XXX梦大富翁来制作外挂BGM启动器,,2,https://www.52pojie.cn/thread-2089150-1-1.html,,吾爱破解,精华采撷,digest,hotlist,,2026-09-22 04:21:30
46,cctv视频解密，wasm vmp分析,,2,https://www.52pojie.cn/thread-2094716-1-1.html,,吾爱破解,精华采撷,digest,hotlist,,2026-09-22 04:21:30
47,某企业加固dex vmp简单分析,,2,https://www.52pojie.cn/thread-2111432-1-1.html,,吾爱破解,精华采撷,digest,hotlist,,2026-09-22 04:21:30
48,2026春节解题领红包5 Windows中级题之Nuitka调试HOOK解题,,2026,https://www.52pojie.cn/thread-2100151-1-1.html,,吾爱破解,精华采撷,digest,hotlist,,2026-09-22 04:21:30
49,从POC到EXP：从0基础到v8 CVE-2021-38003复现,,0,https://www.52pojie.cn/thread-2107373-1-1.html,,吾爱破解,精华采撷,digest,hotlist,,2026-09-22 04:21:30
50,某音a_bogus详细分析-含50位数组生成过程,,50,https://www.52pojie.cn/thread-2092806-1-1.html,,吾爱破解,精华采撷,digest,hotlist,,2026-09-22 04:21:30
1,人体穴位图解3.2.1版本,,3,https://www.52pojie.cn/thread-2128627-1-1.html,,吾爱破解,人气热门,hot,hotlist,,2026-09-22 05:19:30
2,豆包输入法  V0.9.0,,0,https://www.52pojie.cn/thread-2129058-1-1.html,,吾爱破解,人气热门,hot,hotlist,,2026-09-22 05:19:30
3,鼠标自动点击工具 AutoClick v1.5.5,,1,https://www.52pojie.cn/thread-2128494-1-1.html,,吾爱破解,人气热门,hot,hotlist,,2026-09-22 05:19:30
4,中华人民共和国药典(2025年版)1.0版本,,2025,https://www.52pojie.cn/thread-2128710-1-1.html,,吾爱破解,人气热门,hot,hotlist,,2026-09-22 05:19:30
5,茶话间 Teahouse v0.57.0,,0,https://www.52pojie.cn/thread-2127934-1-1.html,,吾爱破解,人气热门,hot,hotlist,,2026-09-22 05:19:30
6,PDF去水印工具，无广告，不联网，全免费,,172,https://www.52pojie.cn/thread-2129197-1-1.html,,吾爱破解,人气热门,hot,hotlist,,2026-09-22 05:19:30
7,想曰 v2.2.0.0 免费的文本加密工具,,2,https://www.52pojie.cn/thread-2129164-1-1.html,,吾爱破解,人气热门,hot,hotlist,,2026-09-22 05:19:30
8,视频下载器 Videdown v1.2.7,,1,https://www.52pojie.cn/thread-2129168-1-1.html,,吾爱破解,人气热门,hot,hotlist,,2026-09-22 05:19:30
9,手机投屏控制助手 scrcpy-helper v1.5.2,,1,https://www.52pojie.cn/thread-2127053-1-1.html,,吾爱破解,人气热门,hot,hotlist,,2026-09-22 05:19:30
10,OCR识图添加转表格功能 PaddleOCR-V6-Portable -1.01,,6,https://www.52pojie.cn/thread-2127382-1-1.html,,吾爱破解,人气热门,hot,hotlist,,2026-09-22 05:19:30
11,古诗词宝典 · Chinese Poetry Reader · v1.0.1,,1,https://www.52pojie.cn/thread-2127172-1-1.html,,吾爱破解,人气热门,hot,hotlist,,2026-09-22 05:19:30
12,千千静听社区复刻版 TTPlayerRebuild v2026.09.20,,2026,https://www.52pojie.cn/thread-2129165-1-1.html,,吾爱破解,人气热门,hot,hotlist,,2026-09-22 05:19:30
13,本地模型 快捷截图OCR工具（自动写入粘贴板）,,460,https://www.52pojie.cn/thread-2128632-1-1.html,,吾爱破解,人气热门,hot,hotlist,,2026-09-22 05:19:30
14,运营工作台v1.9.0 · 2026-09-18,,1,https://www.52pojie.cn/thread-2128674-1-1.html,,吾爱破解,人气热门,hot,hotlist,,2026-09-22 05:19:30
15,【吾爱首发】FPAC Tool V2.0.0 （用于提取和重建部分游戏的PAC工具）,,2,https://www.52pojie.cn/thread-2128640-1-1.html,,吾爱破解,人气热门,hot,hotlist,,2026-09-22 05:19:30
16,软件安装包管理系统 v1.0（已更新V3.0局域网版本）,,1,https://www.52pojie.cn/thread-2127353-1-1.html,,吾爱破解,人气热门,hot,hotlist,,2026-09-22 05:19:30
17,WinRAR 7.30 beta1_x64 简体中文汉化版,,7,https://www.52pojie.cn/thread-2127514-1-1.html,,吾爱破解,人气热门,hot,hotlist,,2026-09-22 05:19:30
18,学习工作台 Study Workbench V1.1,,1,https://www.52pojie.cn/thread-2127066-1-1.html,,吾爱破解,人气热门,hot,hotlist,,2026-09-22 05:19:30
19,星愿浏览器 Twinkstar v11.4.1000.2609,,11,https://www.52pojie.cn/thread-2126907-1-1.html,,吾爱破解,人气热门,hot,hotlist,,2026-09-22 05:19:30
20,Excel通用财务账模板,,498,https://www.52pojie.cn/thread-2128163-1-1.html,,吾爱破解,人气热门,hot,hotlist,,2026-09-22 05:19:30
21,键鼠可视化工具 MouseKeyShow 1.5.1,,1,https://www.52pojie.cn/thread-2128607-1-1.html,,吾爱破解,人气热门,hot,hotlist,,2026-09-22 05:19:30
22,自动点击工具（图片识别与坐标点击）V2.0版,,2,https://www.52pojie.cn/thread-2129133-1-1.html,,吾爱破解,人气热门,hot,hotlist,,2026-09-22 05:19:30
23,PDF盖章和盖骑缝章工具1.1,,1,https://www.52pojie.cn/thread-2127317-1-1.html,,吾爱破解,人气热门,hot,hotlist,,2026-09-22 05:19:30
24,文本转语音工具edge-tts-gui v0.16.2,,0,https://www.52pojie.cn/thread-2127805-1-1.html,,吾爱破解,人气热门,hot,hotlist,,2026-09-22 05:19:30
25,微信防撤回工具v1.3,,1,https://www.52pojie.cn/thread-2128266-1-1.html,,吾爱破解,人气热门,hot,hotlist,,2026-09-22 05:19:30
26,U盘镜像制作工具 balenaEtcher v2.1.7,,2,https://www.52pojie.cn/thread-2129075-1-1.html,,吾爱破解,人气热门,hot,hotlist,,2026-09-22 05:19:30
27,PC微信整套皮肤【快速迭代中，已说明修改原理，可手动修改】,,150,https://www.52pojie.cn/thread-2127499-1-1.html,,吾爱破解,人气热门,hot,hotlist,,2026-09-22 05:19:30
28,截图工具 Shotera v7.4.2,,7,https://www.52pojie.cn/thread-2127441-1-1.html,,吾爱破解,人气热门,hot,hotlist,,2026-09-22 05:19:30
29,软件导航网址收藏工具箱V260921,,260921,https://www.52pojie.cn/thread-2128345-1-1.html,,吾爱破解,人气热门,hot,hotlist,,2026-09-22 05:19:30
30,MobaXterm 26.5 中文汉化版,,26,https://www.52pojie.cn/thread-2128457-1-1.html,,吾爱破解,人气热门,hot,hotlist,,2026-09-22 05:19:30
31,音乐音效和低音增强器 Music Equalizer & Volume Booster_1.0.1版本,,1,https://www.52pojie.cn/thread-2128452-1-1.html,,吾爱破解,人气热门,hot,hotlist,,2026-09-22 05:19:30
32,微信视频号下载器 wx_channels_download v260907,,260907,https://www.52pojie.cn/thread-2127850-1-1.html,,吾爱破解,人气热门,hot,hotlist,,2026-09-22 05:19:30
33,青简输入法 0.1.3,,0,https://www.52pojie.cn/thread-2128786-1-1.html,,吾爱破解,人气热门,hot,hotlist,,2026-09-22 05:19:30
34,NetBlocker - 进程断网工具（路由黑洞+防火墙拦截）,,458,https://www.52pojie.cn/thread-2127139-1-1.html,,吾爱破解,人气热门,hot,hotlist,,2026-09-22 05:19:30
35,校园IP数字网络广播控制小工具,,140,https://www.52pojie.cn/thread-2128967-1-1.html,,吾爱破解,人气热门,hot,hotlist,,2026-09-22 05:19:30
36,收租管家-v4.0.apk（安卓安装包）,,4,https://www.52pojie.cn/thread-2127103-1-1.html,,吾爱破解,人气热门,hot,hotlist,,2026-09-22 05:19:30
37,手机转电脑麦克风工具 MicYou 2.0.3,,2,https://www.52pojie.cn/thread-2127730-1-1.html,,吾爱破解,人气热门,hot,hotlist,,2026-09-22 05:19:30
38,The Enigma Protector vm还原插件,,127,https://www.52pojie.cn/thread-2127264-1-1.html,,吾爱破解,人气热门,hot,hotlist,,2026-09-22 05:19:30
39,文件夹颜色更改工具 Teorex FolderIco 9.4.2,,9,https://www.52pojie.cn/thread-2128618-1-1.html,,吾爱破解,人气热门,hot,hotlist,,2026-09-22 05:19:30
40,剪辑工具 Concat  0.2.1,,0,https://www.52pojie.cn/thread-2127728-1-1.html,,吾爱破解,人气热门,hot,hotlist,,2026-09-22 05:19:30
41,文本编辑器 Notepad-- v3.8.3/Beta 3.9.0,,3,https://www.52pojie.cn/thread-2127515-1-1.html,,吾爱破解,人气热门,hot,hotlist,,2026-09-22 05:19:30
42,Ai逆向同花顺网站采集数据,,100,https://www.52pojie.cn/thread-2128820-1-1.html,,吾爱破解,人气热门,hot,hotlist,,2026-09-22 05:19:30
43,内网打印服务,,118,https://www.52pojie.cn/thread-2128747-1-1.html,,吾爱破解,人气热门,hot,hotlist,,2026-09-22 05:19:30
44,【更新】图片转换王V 1.06 支持【Al、PSD、PSB、PDF、RAW等格式】,,1,https://www.52pojie.cn/thread-2127837-1-1.html,,吾爱破解,人气热门,hot,hotlist,,2026-09-22 05:19:30
45,离在线系统IP地址查询器 V1.0,,1,https://www.52pojie.cn/thread-2128468-1-1.html,,吾爱破解,人气热门,hot,hotlist,,2026-09-22 05:19:30
46,幕映  MuCast投屏 v1.1,,1,https://www.52pojie.cn/thread-2127941-1-1.html,,吾爱破解,人气热门,hot,hotlist,,2026-09-22 05:19:30
47,截图工具 PixPin 3.5.5.1  便携正式版,,3,https://www.52pojie.cn/thread-2127743-1-1.html,,吾爱破解,人气热门,hot,hotlist,,2026-09-22 05:19:30
48,震撼发布：ZXC自动浏览器V0.1版本（市面上没有任何相关竞品，适配vue等所有框架）,,0,https://www.52pojie.cn/thread-2127312-1-1.html,,吾爱破解,人气热门,hot,hotlist,,2026-09-22 05:19:30
49,图吧工具箱 winUI3 版 v1.6.1,,3,https://www.52pojie.cn/thread-2127011-1-1.html,,吾爱破解,人气热门,hot,hotlist,,2026-09-22 05:19:30
50,Windows 网络快速切换工具 V 0.4,,0,https://www.52pojie.cn/thread-2127831-1-1.html,,吾爱破解,人气热门,hot,hotlist,,2026-09-22 05:19:30
1,小蓝鸟 x-client-transaction-id 追溯分析,,2,https://www.52pojie.cn/thread-2122687-1-1.html,,吾爱破解,精华采撷,digest,hotlist,,2026-09-22 05:19:30
2,银狐WinOS伪装魔兽插件，远控木马攻击链分析,,2,https://www.52pojie.cn/thread-2122812-1-1.html,,吾爱破解,精华采撷,digest,hotlist,,2026-09-22 05:19:30
3,The Enigma Protector vm还原插件,,2,https://www.52pojie.cn/thread-2127264-1-1.html,,吾爱破解,精华采撷,digest,hotlist,,2026-09-22 05:19:30
4,某象滑块纯算逆向分析,,2,https://www.52pojie.cn/thread-2125447-1-1.html,,吾爱破解,精华采撷,digest,hotlist,,2026-09-22 05:19:30
5,快手 VMP 分析与还原,,2,https://www.52pojie.cn/thread-2123217-1-1.html,,吾爱破解,精华采撷,digest,hotlist,,2026-09-22 05:19:30
6,某q音乐jsvmp浅析,,2,https://www.52pojie.cn/thread-2123850-1-1.html,,吾爱破解,精华采撷,digest,hotlist,,2026-09-22 05:19:30
7,【JS逆向实战】手撕雷速体育API：动态AES签名与魔改Gzip响应解密全解析,,2,https://www.52pojie.cn/thread-2122363-1-1.html,,吾爱破解,精华采撷,digest,hotlist,,2026-09-22 05:19:30
8,AIDA64 8.25.8200 Business 逆向工程与Keygen实战,,64,https://www.52pojie.cn/thread-2096924-1-1.html,,吾爱破解,精华采撷,digest,hotlist,,2026-09-22 05:19:30
9,某骗子黑产软件（手机远控）的分析,,2,https://www.52pojie.cn/thread-2117851-1-1.html,,吾爱破解,精华采撷,digest,hotlist,,2026-09-22 05:19:30
10,r0re 自动逆向分析工具实战记录：全通看雪 Android CTF，完整使用指南和源码解析,,0,https://www.52pojie.cn/thread-2122552-1-1.html,,吾爱破解,精华采撷,digest,hotlist,,2026-09-22 05:19:30
11,酷我破解js脚本分析,,2,https://www.52pojie.cn/thread-2088285-1-1.html,,吾爱破解,精华采撷,digest,hotlist,,2026-09-22 05:19:30
12,一个 Android 远控APP的逆向分析-从 AB 包隐藏、动态加载到无障碍远程控制支付流程,,2,https://www.52pojie.cn/thread-2121592-1-1.html,,吾爱破解,精华采撷,digest,hotlist,,2026-09-22 05:19:30
13,全程交给 AI，不写一行代码，本地复现 CCTV 视频播放链路的一次实战记录,,2,https://www.52pojie.cn/thread-2102594-1-1.html,,吾爱破解,精华采撷,digest,hotlist,,2026-09-22 05:19:30
14,x64dbg插件无驱动过vmp3.9.4反调试,,64,https://www.52pojie.cn/thread-2101175-1-1.html,,吾爱破解,精华采撷,digest,hotlist,,2026-09-22 05:19:30
15,八猫付费小说逆向-hostnameVerify&sign,,2,https://www.52pojie.cn/thread-2102001-1-1.html,,吾爱破解,精华采撷,digest,hotlist,,2026-09-22 05:19:30
16,逆向分析某排八字软件的过程,,2,https://www.52pojie.cn/thread-2114056-1-1.html,,吾爱破解,精华采撷,digest,hotlist,,2026-09-22 05:19:30
17,全流程使用AI，完成一次APK重打包。改包名、绕过 Native 校验、重建签名并去掉奖励...,,10,https://www.52pojie.cn/thread-2100927-1-1.html,,吾爱破解,精华采撷,digest,hotlist,,2026-09-22 05:19:30
18,当游戏越来越漂亮，外挂却越来越丑：作弊技术摸底（2026）,,2026,https://www.52pojie.cn/thread-2117216-1-1.html,,吾爱破解,精华采撷,digest,hotlist,,2026-09-22 05:19:30
19,Vibe Coding 从源码阅读到模块开发：基于最新版 Magisk Zygisk，移植实现一个带 We...,,2,https://www.52pojie.cn/thread-2107426-1-1.html,,吾爱破解,精华采撷,digest,hotlist,,2026-09-22 05:19:30
20,FlashSwirl 闪旋，对称加密算法库，支持流加密、AEAD加密、HASH、HMAC、HKDF、PBKDF2,,2,https://www.52pojie.cn/thread-2104834-1-1.html,,吾爱破解,精华采撷,digest,hotlist,,2026-09-22 05:19:30
21,企业微信聊天记录导出全解析,,10,https://www.52pojie.cn/thread-2107745-1-1.html,,吾爱破解,精华采撷,digest,hotlist,,2026-09-22 05:19:30
22,Typora v1.12.4 安全分析：反反调试与激活劫持,,1,https://www.52pojie.cn/thread-2084047-1-1.html,,吾爱破解,精华采撷,digest,hotlist,,2026-09-22 05:19:30
23,破解 Trae CN 加密协议,,10,https://www.52pojie.cn/thread-2113927-1-1.html,,吾爱破解,精华采撷,digest,hotlist,,2026-09-22 05:19:30
24,地表最强 Android so加载全景图,,2,https://www.52pojie.cn/thread-2083097-1-1.html,,吾爱破解,精华采撷,digest,hotlist,,2026-09-22 05:19:30
25,手把手教你给某讯滑块的JSVMP写反编译器 (如宝宝辅食一样易懂),,2,https://www.52pojie.cn/thread-2089027-1-1.html,,吾爱破解,精华采撷,digest,hotlist,,2026-09-22 05:19:30
26,一款WIFI密码搜索软件的授权算法分析,,2,https://www.52pojie.cn/thread-2097675-1-1.html,,吾爱破解,精华采撷,digest,hotlist,,2026-09-22 05:19:30
27,Allsafe靶场全解,,2,https://www.52pojie.cn/thread-2122890-1-1.html,,吾爱破解,精华采撷,digest,hotlist,,2026-09-22 05:19:30
28,某音 JSVMP bogus纯算,,2,https://www.52pojie.cn/thread-2120914-1-1.html,,吾爱破解,精华采撷,digest,hotlist,,2026-09-22 05:19:30
29,某音a_bogus jsvmp反编译,,2,https://www.52pojie.cn/thread-2116186-1-1.html,,吾爱破解,精华采撷,digest,hotlist,,2026-09-22 05:19:30
30,基于文本匹配的VMP还原思路,,2,https://www.52pojie.cn/thread-2115425-1-1.html,,吾爱破解,精华采撷,digest,hotlist,,2026-09-22 05:19:30
31,[长期更新] RV32IMAFDQ指令集模拟器 包含交互式汇编级调试器,,32,https://www.52pojie.cn/thread-2119162-1-1.html,,吾爱破解,精华采撷,digest,hotlist,,2026-09-22 05:19:30
32,对某java保护器本体的逆向分析,,2,https://www.52pojie.cn/thread-2116474-1-1.html,,吾爱破解,精华采撷,digest,hotlist,,2026-09-22 05:19:30
33,Web逆向 JS逆向 基础知识 ：Ignition解释器下一,,2,https://www.52pojie.cn/thread-2105820-1-1.html,,吾爱破解,精华采撷,digest,hotlist,,2026-09-22 05:19:30
34,Web逆向 JS逆向 基础知识 ： V8入门 JS详解 AST知识  字节码。。。。。。,,8,https://www.52pojie.cn/thread-2092084-1-1.html,,吾爱破解,精华采撷,digest,hotlist,,2026-09-22 05:19:30
35,某密企业版加固反调试与VMP分析,,2,https://www.52pojie.cn/thread-2093062-1-1.html,,吾爱破解,精华采撷,digest,hotlist,,2026-09-22 05:19:30
36,SpongeMixer企业级勒索软件的加密逻辑及行为分析,,2,https://www.52pojie.cn/thread-2116347-1-1.html,,吾爱破解,精华采撷,digest,hotlist,,2026-09-22 05:19:30
37,跨进程内存读写的攻防博弈：从内核缺页陷阱到应用层数据溯源,,2026,https://www.52pojie.cn/thread-2111373-1-1.html,,吾爱破解,精华采撷,digest,hotlist,,2026-09-22 05:19:30
38,web逆向基础知识--- js 事件 事件循环 和异步,,2,https://www.52pojie.cn/thread-2111598-1-1.html,,吾爱破解,精华采撷,digest,hotlist,,2026-09-22 05:19:30
39,h5st纯ai补环境+逆向,,5,https://www.52pojie.cn/thread-2092635-1-1.html,,吾爱破解,精华采撷,digest,hotlist,,2026-09-22 05:19:30
40,Sublime许可证分析：RSA PKCS#1标准详解+跨平台Keygen [开源],,1,https://www.52pojie.cn/thread-2090893-1-1.html,,吾爱破解,精华采撷,digest,hotlist,,2026-09-22 05:19:30
41,某红书-4.3.2-绕过ob直面JSVMP-mns0301-详细分析,,4,https://www.52pojie.cn/thread-2098573-1-1.html,,吾爱破解,精华采撷,digest,hotlist,,2026-09-22 05:19:30
42,某Q音乐sign纯算-vmp插桩日志分析,,2,https://www.52pojie.cn/thread-2104849-1-1.html,,吾爱破解,精华采撷,digest,hotlist,,2026-09-22 05:19:30
43,【AI辅助】iOS p12证书签名软件的逆向分析 + 证书获取,,12,https://www.52pojie.cn/thread-2100769-1-1.html,,吾爱破解,精华采撷,digest,hotlist,,2026-09-22 05:19:30
44,某红书4.3.2 ob混淆还原(字符串数组/字典/控制流平坦化),,4,https://www.52pojie.cn/thread-2100076-1-1.html,,吾爱破解,精华采撷,digest,hotlist,,2026-09-22 05:19:30
45,【兑现十年前的承诺】通过逆向分析老游戏XXX梦大富翁来制作外挂BGM启动器,,2,https://www.52pojie.cn/thread-2089150-1-1.html,,吾爱破解,精华采撷,digest,hotlist,,2026-09-22 05:19:30
46,cctv视频解密，wasm vmp分析,,2,https://www.52pojie.cn/thread-2094716-1-1.html,,吾爱破解,精华采撷,digest,hotlist,,2026-09-22 05:19:30
47,某企业加固dex vmp简单分析,,2,https://www.52pojie.cn/thread-2111432-1-1.html,,吾爱破解,精华采撷,digest,hotlist,,2026-09-22 05:19:30
48,2026春节解题领红包5 Windows中级题之Nuitka调试HOOK解题,,2026,https://www.52pojie.cn/thread-2100151-1-1.html,,吾爱破解,精华采撷,digest,hotlist,,2026-09-22 05:19:30
49,从POC到EXP：从0基础到v8 CVE-2021-38003复现,,0,https://www.52pojie.cn/thread-2107373-1-1.html,,吾爱破解,精华采撷,digest,hotlist,,2026-09-22 05:19:30
50,某音a_bogus详细分析-含50位数组生成过程,,50,https://www.52pojie.cn/thread-2092806-1-1.html,,吾爱破解,精华采撷,digest,hotlist,,2026-09-22 05:19:30
1,鼠标自动点击工具 AutoClick v1.5.5,,1,https://www.52pojie.cn/thread-2128494-1-1.html,,吾爱破解,人气热门,hot,hotlist,,2026-09-22 06:20:41
2,中华人民共和国药典(2025年版)1.0版本,,2025,https://www.52pojie.cn/thread-2128710-1-1.html,,吾爱破解,人气热门,hot,hotlist,,2026-09-22 06:20:41
3,想曰 v2.2.0.0 免费的文本加密工具,,2,https://www.52pojie.cn/thread-2129164-1-1.html,,吾爱破解,人气热门,hot,hotlist,,2026-09-22 06:20:41
4,【吾爱首发】FPAC Tool V2.0.0 （用于提取和重建部分游戏的PAC工具）,,2,https://www.52pojie.cn/thread-2128640-1-1.html,,吾爱破解,人气热门,hot,hotlist,,2026-09-22 06:20:41
5,本地模型 快捷截图OCR工具（自动写入粘贴板）,,462,https://www.52pojie.cn/thread-2128632-1-1.html,,吾爱破解,人气热门,hot,hotlist,,2026-09-22 06:20:41
6,PC微信整套皮肤【快速迭代中，已说明修改原理，可手动修改】,,151,https://www.52pojie.cn/thread-2127499-1-1.html,,吾爱破解,人气热门,hot,hotlist,,2026-09-22 06:20:41
7,人体穴位图解3.2.1版本,,3,https://www.52pojie.cn/thread-2128627-1-1.html,,吾爱破解,人气热门,hot,hotlist,,2026-09-22 06:20:41
8,豆包输入法  V0.9.0,,0,https://www.52pojie.cn/thread-2129058-1-1.html,,吾爱破解,人气热门,hot,hotlist,,2026-09-22 06:20:41
9,茶话间 Teahouse v0.57.0,,0,https://www.52pojie.cn/thread-2127934-1-1.html,,吾爱破解,人气热门,hot,hotlist,,2026-09-22 06:20:41
10,PDF去水印工具，无广告，不联网，全免费,,175,https://www.52pojie.cn/thread-2129197-1-1.html,,吾爱破解,人气热门,hot,hotlist,,2026-09-22 06:20:41
11,视频下载器 Videdown v1.2.7,,1,https://www.52pojie.cn/thread-2129168-1-1.html,,吾爱破解,人气热门,hot,hotlist,,2026-09-22 06:20:41
12,手机投屏控制助手 scrcpy-helper v1.5.2,,1,https://www.52pojie.cn/thread-2127053-1-1.html,,吾爱破解,人气热门,hot,hotlist,,2026-09-22 06:20:41
13,OCR识图添加转表格功能 PaddleOCR-V6-Portable -1.01,,6,https://www.52pojie.cn/thread-2127382-1-1.html,,吾爱破解,人气热门,hot,hotlist,,2026-09-22 06:20:41
14,古诗词宝典 · Chinese Poetry Reader · v1.0.1,,1,https://www.52pojie.cn/thread-2127172-1-1.html,,吾爱破解,人气热门,hot,hotlist,,2026-09-22 06:20:41
15,千千静听社区复刻版 TTPlayerRebuild v2026.09.20,,2026,https://www.52pojie.cn/thread-2129165-1-1.html,,吾爱破解,人气热门,hot,hotlist,,2026-09-22 06:20:41
16,运营工作台v1.9.0 · 2026-09-18,,1,https://www.52pojie.cn/thread-2128674-1-1.html,,吾爱破解,人气热门,hot,hotlist,,2026-09-22 06:20:41
17,软件安装包管理系统 v1.0（已更新V3.0局域网版本）,,1,https://www.52pojie.cn/thread-2127353-1-1.html,,吾爱破解,人气热门,hot,hotlist,,2026-09-22 06:20:41
18,WinRAR 7.30 beta1_x64 简体中文汉化版,,7,https://www.52pojie.cn/thread-2127514-1-1.html,,吾爱破解,人气热门,hot,hotlist,,2026-09-22 06:20:41
19,学习工作台 Study Workbench V1.1,,1,https://www.52pojie.cn/thread-2127066-1-1.html,,吾爱破解,人气热门,hot,hotlist,,2026-09-22 06:20:41
20,星愿浏览器 Twinkstar v11.4.1000.2609,,11,https://www.52pojie.cn/thread-2126907-1-1.html,,吾爱破解,人气热门,hot,hotlist,,2026-09-22 06:20:41
21,Excel通用财务账模板,,498,https://www.52pojie.cn/thread-2128163-1-1.html,,吾爱破解,人气热门,hot,hotlist,,2026-09-22 06:20:41
22,键鼠可视化工具 MouseKeyShow 1.5.1,,1,https://www.52pojie.cn/thread-2128607-1-1.html,,吾爱破解,人气热门,hot,hotlist,,2026-09-22 06:20:41
23,自动点击工具（图片识别与坐标点击）V2.0版,,2,https://www.52pojie.cn/thread-2129133-1-1.html,,吾爱破解,人气热门,hot,hotlist,,2026-09-22 06:20:41
24,PDF盖章和盖骑缝章工具1.1,,1,https://www.52pojie.cn/thread-2127317-1-1.html,,吾爱破解,人气热门,hot,hotlist,,2026-09-22 06:20:41
25,文本转语音工具edge-tts-gui v0.16.2,,0,https://www.52pojie.cn/thread-2127805-1-1.html,,吾爱破解,人气热门,hot,hotlist,,2026-09-22 06:20:41
26,微信防撤回工具v1.3,,1,https://www.52pojie.cn/thread-2128266-1-1.html,,吾爱破解,人气热门,hot,hotlist,,2026-09-22 06:20:41
27,U盘镜像制作工具 balenaEtcher v2.1.7,,2,https://www.52pojie.cn/thread-2129075-1-1.html,,吾爱破解,人气热门,hot,hotlist,,2026-09-22 06:20:41
28,截图工具 Shotera v7.4.2,,7,https://www.52pojie.cn/thread-2127441-1-1.html,,吾爱破解,人气热门,hot,hotlist,,2026-09-22 06:20:41
29,软件导航网址收藏工具箱V260921,,260921,https://www.52pojie.cn/thread-2128345-1-1.html,,吾爱破解,人气热门,hot,hotlist,,2026-09-22 06:20:41
30,MobaXterm 26.5 中文汉化版,,26,https://www.52pojie.cn/thread-2128457-1-1.html,,吾爱破解,人气热门,hot,hotlist,,2026-09-22 06:20:41
31,音乐音效和低音增强器 Music Equalizer & Volume Booster_1.0.1版本,,1,https://www.52pojie.cn/thread-2128452-1-1.html,,吾爱破解,人气热门,hot,hotlist,,2026-09-22 06:20:41
32,微信视频号下载器 wx_channels_download v260907,,260907,https://www.52pojie.cn/thread-2127850-1-1.html,,吾爱破解,人气热门,hot,hotlist,,2026-09-22 06:20:41
33,青简输入法 0.1.3,,0,https://www.52pojie.cn/thread-2128786-1-1.html,,吾爱破解,人气热门,hot,hotlist,,2026-09-22 06:20:41
34,NetBlocker - 进程断网工具（路由黑洞+防火墙拦截）,,458,https://www.52pojie.cn/thread-2127139-1-1.html,,吾爱破解,人气热门,hot,hotlist,,2026-09-22 06:20:41
35,校园IP数字网络广播控制小工具,,140,https://www.52pojie.cn/thread-2128967-1-1.html,,吾爱破解,人气热门,hot,hotlist,,2026-09-22 06:20:41
36,收租管家-v4.0.apk（安卓安装包）,,4,https://www.52pojie.cn/thread-2127103-1-1.html,,吾爱破解,人气热门,hot,hotlist,,2026-09-22 06:20:41
37,手机转电脑麦克风工具 MicYou 2.0.3,,2,https://www.52pojie.cn/thread-2127730-1-1.html,,吾爱破解,人气热门,hot,hotlist,,2026-09-22 06:20:41
38,The Enigma Protector vm还原插件,,127,https://www.52pojie.cn/thread-2127264-1-1.html,,吾爱破解,人气热门,hot,hotlist,,2026-09-22 06:20:41
39,文件夹颜色更改工具 Teorex FolderIco 9.4.2,,9,https://www.52pojie.cn/thread-2128618-1-1.html,,吾爱破解,人气热门,hot,hotlist,,2026-09-22 06:20:41
40,剪辑工具 Concat  0.2.1,,0,https://www.52pojie.cn/thread-2127728-1-1.html,,吾爱破解,人气热门,hot,hotlist,,2026-09-22 06:20:41
41,文本编辑器 Notepad-- v3.8.3/Beta 3.9.0,,3,https://www.52pojie.cn/thread-2127515-1-1.html,,吾爱破解,人气热门,hot,hotlist,,2026-09-22 06:20:41
42,Ai逆向同花顺网站采集数据,,101,https://www.52pojie.cn/thread-2128820-1-1.html,,吾爱破解,人气热门,hot,hotlist,,2026-09-22 06:20:41
43,内网打印服务,,118,https://www.52pojie.cn/thread-2128747-1-1.html,,吾爱破解,人气热门,hot,hotlist,,2026-09-22 06:20:41
44,【更新】图片转换王V 1.06 支持【Al、PSD、PSB、PDF、RAW等格式】,,1,https://www.52pojie.cn/thread-2127837-1-1.html,,吾爱破解,人气热门,hot,hotlist,,2026-09-22 06:20:41
45,离在线系统IP地址查询器 V1.0,,1,https://www.52pojie.cn/thread-2128468-1-1.html,,吾爱破解,人气热门,hot,hotlist,,2026-09-22 06:20:41
46,幕映  MuCast投屏 v1.1,,1,https://www.52pojie.cn/thread-2127941-1-1.html,,吾爱破解,人气热门,hot,hotlist,,2026-09-22 06:20:41
47,截图工具 PixPin 3.5.5.1  便携正式版,,3,https://www.52pojie.cn/thread-2127743-1-1.html,,吾爱破解,人气热门,hot,hotlist,,2026-09-22 06:20:41
48,震撼发布：ZXC自动浏览器V0.1版本（市面上没有任何相关竞品，适配vue等所有框架）,,0,https://www.52pojie.cn/thread-2127312-1-1.html,,吾爱破解,人气热门,hot,hotlist,,2026-09-22 06:20:41
49,图吧工具箱 winUI3 版 v1.6.1,,3,https://www.52pojie.cn/thread-2127011-1-1.html,,吾爱破解,人气热门,hot,hotlist,,2026-09-22 06:20:41
50,Windows 网络快速切换工具 V 0.4,,0,https://www.52pojie.cn/thread-2127831-1-1.html,,吾爱破解,人气热门,hot,hotlist,,2026-09-22 06:20:41
1,小蓝鸟 x-client-transaction-id 追溯分析,,2,https://www.52pojie.cn/thread-2122687-1-1.html,,吾爱破解,精华采撷,digest,hotlist,,2026-09-22 06:20:41
2,银狐WinOS伪装魔兽插件，远控木马攻击链分析,,2,https://www.52pojie.cn/thread-2122812-1-1.html,,吾爱破解,精华采撷,digest,hotlist,,2026-09-22 06:20:41
3,The Enigma Protector vm还原插件,,2,https://www.52pojie.cn/thread-2127264-1-1.html,,吾爱破解,精华采撷,digest,hotlist,,2026-09-22 06:20:41
4,某象滑块纯算逆向分析,,2,https://www.52pojie.cn/thread-2125447-1-1.html,,吾爱破解,精华采撷,digest,hotlist,,2026-09-22 06:20:41
5,快手 VMP 分析与还原,,2,https://www.52pojie.cn/thread-2123217-1-1.html,,吾爱破解,精华采撷,digest,hotlist,,2026-09-22 06:20:41
6,某q音乐jsvmp浅析,,2,https://www.52pojie.cn/thread-2123850-1-1.html,,吾爱破解,精华采撷,digest,hotlist,,2026-09-22 06:20:41
7,【JS逆向实战】手撕雷速体育API：动态AES签名与魔改Gzip响应解密全解析,,2,https://www.52pojie.cn/thread-2122363-1-1.html,,吾爱破解,精华采撷,digest,hotlist,,2026-09-22 06:20:41
8,AIDA64 8.25.8200 Business 逆向工程与Keygen实战,,64,https://www.52pojie.cn/thread-2096924-1-1.html,,吾爱破解,精华采撷,digest,hotlist,,2026-09-22 06:20:41
9,某骗子黑产软件（手机远控）的分析,,2,https://www.52pojie.cn/thread-2117851-1-1.html,,吾爱破解,精华采撷,digest,hotlist,,2026-09-22 06:20:41
10,r0re 自动逆向分析工具实战记录：全通看雪 Android CTF，完整使用指南和源码解析,,0,https://www.52pojie.cn/thread-2122552-1-1.html,,吾爱破解,精华采撷,digest,hotlist,,2026-09-22 06:20:41
11,酷我破解js脚本分析,,2,https://www.52pojie.cn/thread-2088285-1-1.html,,吾爱破解,精华采撷,digest,hotlist,,2026-09-22 06:20:41
12,一个 Android 远控APP的逆向分析-从 AB 包隐藏、动态加载到无障碍远程控制支付流程,,2,https://www.52pojie.cn/thread-2121592-1-1.html,,吾爱破解,精华采撷,digest,hotlist,,2026-09-22 06:20:41
13,全程交给 AI，不写一行代码，本地复现 CCTV 视频播放链路的一次实战记录,,2,https://www.52pojie.cn/thread-2102594-1-1.html,,吾爱破解,精华采撷,digest,hotlist,,2026-09-22 06:20:41
14,x64dbg插件无驱动过vmp3.9.4反调试,,64,https://www.52pojie.cn/thread-2101175-1-1.html,,吾爱破解,精华采撷,digest,hotlist,,2026-09-22 06:20:41
15,八猫付费小说逆向-hostnameVerify&sign,,2,https://www.52pojie.cn/thread-2102001-1-1.html,,吾爱破解,精华采撷,digest,hotlist,,2026-09-22 06:20:41
16,逆向分析某排八字软件的过程,,2,https://www.52pojie.cn/thread-2114056-1-1.html,,吾爱破解,精华采撷,digest,hotlist,,2026-09-22 06:20:41
17,全流程使用AI，完成一次APK重打包。改包名、绕过 Native 校验、重建签名并去掉奖励...,,10,https://www.52pojie.cn/thread-2100927-1-1.html,,吾爱破解,精华采撷,digest,hotlist,,2026-09-22 06:20:41
18,当游戏越来越漂亮，外挂却越来越丑：作弊技术摸底（2026）,,2026,https://www.52pojie.cn/thread-2117216-1-1.html,,吾爱破解,精华采撷,digest,hotlist,,2026-09-22 06:20:41
19,Vibe Coding 从源码阅读到模块开发：基于最新版 Magisk Zygisk，移植实现一个带 We...,,2,https://www.52pojie.cn/thread-2107426-1-1.html,,吾爱破解,精华采撷,digest,hotlist,,2026-09-22 06:20:41
20,FlashSwirl 闪旋，对称加密算法库，支持流加密、AEAD加密、HASH、HMAC、HKDF、PBKDF2,,2,https://www.52pojie.cn/thread-2104834-1-1.html,,吾爱破解,精华采撷,digest,hotlist,,2026-09-22 06:20:41
21,企业微信聊天记录导出全解析,,10,https://www.52pojie.cn/thread-2107745-1-1.html,,吾爱破解,精华采撷,digest,hotlist,,2026-09-22 06:20:41
22,Typora v1.12.4 安全分析：反反调试与激活劫持,,1,https://www.52pojie.cn/thread-2084047-1-1.html,,吾爱破解,精华采撷,digest,hotlist,,2026-09-22 06:20:41
23,破解 Trae CN 加密协议,,10,https://www.52pojie.cn/thread-2113927-1-1.html,,吾爱破解,精华采撷,digest,hotlist,,2026-09-22 06:20:41
24,地表最强 Android so加载全景图,,2,https://www.52pojie.cn/thread-2083097-1-1.html,,吾爱破解,精华采撷,digest,hotlist,,2026-09-22 06:20:41
25,手把手教你给某讯滑块的JSVMP写反编译器 (如宝宝辅食一样易懂),,2,https://www.52pojie.cn/thread-2089027-1-1.html,,吾爱破解,精华采撷,digest,hotlist,,2026-09-22 06:20:41
26,一款WIFI密码搜索软件的授权算法分析,,2,https://www.52pojie.cn/thread-2097675-1-1.html,,吾爱破解,精华采撷,digest,hotlist,,2026-09-22 06:20:41
27,Allsafe靶场全解,,2,https://www.52pojie.cn/thread-2122890-1-1.html,,吾爱破解,精华采撷,digest,hotlist,,2026-09-22 06:20:41
28,某音 JSVMP bogus纯算,,2,https://www.52pojie.cn/thread-2120914-1-1.html,,吾爱破解,精华采撷,digest,hotlist,,2026-09-22 06:20:41
29,某音a_bogus jsvmp反编译,,2,https://www.52pojie.cn/thread-2116186-1-1.html,,吾爱破解,精华采撷,digest,hotlist,,2026-09-22 06:20:41
30,基于文本匹配的VMP还原思路,,2,https://www.52pojie.cn/thread-2115425-1-1.html,,吾爱破解,精华采撷,digest,hotlist,,2026-09-22 06:20:41
31,[长期更新] RV32IMAFDQ指令集模拟器 包含交互式汇编级调试器,,32,https://www.52pojie.cn/thread-2119162-1-1.html,,吾爱破解,精华采撷,digest,hotlist,,2026-09-22 06:20:41
32,对某java保护器本体的逆向分析,,2,https://www.52pojie.cn/thread-2116474-1-1.html,,吾爱破解,精华采撷,digest,hotlist,,2026-09-22 06:20:41
33,Web逆向 JS逆向 基础知识 ：Ignition解释器下一,,2,https://www.52pojie.cn/thread-2105820-1-1.html,,吾爱破解,精华采撷,digest,hotlist,,2026-09-22 06:20:41
34,Web逆向 JS逆向 基础知识 ： V8入门 JS详解 AST知识  字节码。。。。。。,,8,https://www.52pojie.cn/thread-2092084-1-1.html,,吾爱破解,精华采撷,digest,hotlist,,2026-09-22 06:20:41
35,某密企业版加固反调试与VMP分析,,2,https://www.52pojie.cn/thread-2093062-1-1.html,,吾爱破解,精华采撷,digest,hotlist,,2026-09-22 06:20:41
36,SpongeMixer企业级勒索软件的加密逻辑及行为分析,,2,https://www.52pojie.cn/thread-2116347-1-1.html,,吾爱破解,精华采撷,digest,hotlist,,2026-09-22 06:20:41
37,跨进程内存读写的攻防博弈：从内核缺页陷阱到应用层数据溯源,,2026,https://www.52pojie.cn/thread-2111373-1-1.html,,吾爱破解,精华采撷,digest,hotlist,,2026-09-22 06:20:41
38,web逆向基础知识--- js 事件 事件循环 和异步,,2,https://www.52pojie.cn/thread-2111598-1-1.html,,吾爱破解,精华采撷,digest,hotlist,,2026-09-22 06:20:41
39,h5st纯ai补环境+逆向,,5,https://www.52pojie.cn/thread-2092635-1-1.html,,吾爱破解,精华采撷,digest,hotlist,,2026-09-22 06:20:41
40,Sublime许可证分析：RSA PKCS#1标准详解+跨平台Keygen [开源],,1,https://www.52pojie.cn/thread-2090893-1-1.html,,吾爱破解,精华采撷,digest,hotlist,,2026-09-22 06:20:41
41,某红书-4.3.2-绕过ob直面JSVMP-mns0301-详细分析,,4,https://www.52pojie.cn/thread-2098573-1-1.html,,吾爱破解,精华采撷,digest,hotlist,,2026-09-22 06:20:41
42,某Q音乐sign纯算-vmp插桩日志分析,,2,https://www.52pojie.cn/thread-2104849-1-1.html,,吾爱破解,精华采撷,digest,hotlist,,2026-09-22 06:20:41
43,【AI辅助】iOS p12证书签名软件的逆向分析 + 证书获取,,12,https://www.52pojie.cn/thread-2100769-1-1.html,,吾爱破解,精华采撷,digest,hotlist,,2026-09-22 06:20:41
44,某红书4.3.2 ob混淆还原(字符串数组/字典/控制流平坦化),,4,https://www.52pojie.cn/thread-2100076-1-1.html,,吾爱破解,精华采撷,digest,hotlist,,2026-09-22 06:20:41
45,【兑现十年前的承诺】通过逆向分析老游戏XXX梦大富翁来制作外挂BGM启动器,,2,https://www.52pojie.cn/thread-2089150-1-1.html,,吾爱破解,精华采撷,digest,hotlist,,2026-09-22 06:20:41
46,cctv视频解密，wasm vmp分析,,2,https://www.52pojie.cn/thread-2094716-1-1.html,,吾爱破解,精华采撷,digest,hotlist,,2026-09-22 06:20:41
47,某企业加固dex vmp简单分析,,2,https://www.52pojie.cn/thread-2111432-1-1.html,,吾爱破解,精华采撷,digest,hotlist,,2026-09-22 06:20:41
48,2026春节解题领红包5 Windows中级题之Nuitka调试HOOK解题,,2026,https://www.52pojie.cn/thread-2100151-1-1.html,,吾爱破解,精华采撷,digest,hotlist,,2026-09-22 06:20:41
49,从POC到EXP：从0基础到v8 CVE-2021-38003复现,,0,https://www.52pojie.cn/thread-2107373-1-1.html,,吾爱破解,精华采撷,digest,hotlist,,2026-09-22 06:20:41
50,某音a_bogus详细分析-含50位数组生成过程,,50,https://www.52pojie.cn/thread-2092806-1-1.html,,吾爱破解,精华采撷,digest,hotlist,,2026-09-22 06:20:41
1,青简输入法 0.1.3,,0,https://www.52pojie.cn/thread-2128786-1-1.html,,吾爱破解,人气热门,hot,hotlist,,2026-09-22 07:19:47
2,PDF去水印工具，无广告，不联网，全免费,,178,https://www.52pojie.cn/thread-2129197-1-1.html,,吾爱破解,人气热门,hot,hotlist,,2026-09-22 07:19:47
3,想曰 v2.2.0.0 免费的文本加密工具,,2,https://www.52pojie.cn/thread-2129164-1-1.html,,吾爱破解,人气热门,hot,hotlist,,2026-09-22 07:19:47
4,番茄小说下载器Tomato Novel Downloader v2.4.15,,2,https://www.52pojie.cn/thread-2127201-1-1.html,,吾爱破解,人气热门,hot,hotlist,,2026-09-22 07:19:47
5,人体穴位图解3.2.1版本,,3,https://www.52pojie.cn/thread-2128627-1-1.html,,吾爱破解,人气热门,hot,hotlist,,2026-09-22 07:19:47
6,豆包输入法  V0.9.0,,0,https://www.52pojie.cn/thread-2129058-1-1.html,,吾爱破解,人气热门,hot,hotlist,,2026-09-22 07:19:47
7,本地模型 快捷截图OCR工具（自动写入粘贴板）,,463,https://www.52pojie.cn/thread-2128632-1-1.html,,吾爱破解,人气热门,hot,hotlist,,2026-09-22 07:19:47
8,中华人民共和国药典(2025年版)1.0版本,,2025,https://www.52pojie.cn/thread-2128710-1-1.html,,吾爱破解,人气热门,hot,hotlist,,2026-09-22 07:19:47
9,鼠标自动点击工具 AutoClick v1.5.5,,1,https://www.52pojie.cn/thread-2128494-1-1.html,,吾爱破解,人气热门,hot,hotlist,,2026-09-22 07:19:47
10,【吾爱首发】FPAC Tool V2.0.0 （用于提取和重建部分游戏的PAC工具）,,2,https://www.52pojie.cn/thread-2128640-1-1.html,,吾爱破解,人气热门,hot,hotlist,,2026-09-22 07:19:47
11,PC微信整套皮肤【快速迭代中，已说明修改原理，可手动修改】,,151,https://www.52pojie.cn/thread-2127499-1-1.html,,吾爱破解,人气热门,hot,hotlist,,2026-09-22 07:19:47
12,茶话间 Teahouse v0.57.0,,0,https://www.52pojie.cn/thread-2127934-1-1.html,,吾爱破解,人气热门,hot,hotlist,,2026-09-22 07:19:47
13,视频下载器 Videdown v1.2.7,,1,https://www.52pojie.cn/thread-2129168-1-1.html,,吾爱破解,人气热门,hot,hotlist,,2026-09-22 07:19:47
14,手机投屏控制助手 scrcpy-helper v1.5.2,,1,https://www.52pojie.cn/thread-2127053-1-1.html,,吾爱破解,人气热门,hot,hotlist,,2026-09-22 07:19:47
15,OCR识图添加转表格功能 PaddleOCR-V6-Portable -1.01,,6,https://www.52pojie.cn/thread-2127382-1-1.html,,吾爱破解,人气热门,hot,hotlist,,2026-09-22 07:19:47
16,古诗词宝典 · Chinese Poetry Reader · v1.0.1,,1,https://www.52pojie.cn/thread-2127172-1-1.html,,吾爱破解,人气热门,hot,hotlist,,2026-09-22 07:19:47
17,千千静听社区复刻版 TTPlayerRebuild v2026.09.20,,2026,https://www.52pojie.cn/thread-2129165-1-1.html,,吾爱破解,人气热门,hot,hotlist,,2026-09-22 07:19:47
18,运营工作台v1.9.0 · 2026-09-18,,1,https://www.52pojie.cn/thread-2128674-1-1.html,,吾爱破解,人气热门,hot,hotlist,,2026-09-22 07:19:47
19,软件安装包管理系统 v1.0（已更新V3.0局域网版本）,,1,https://www.52pojie.cn/thread-2127353-1-1.html,,吾爱破解,人气热门,hot,hotlist,,2026-09-22 07:19:47
20,WinRAR 7.30 beta1_x64 简体中文汉化版,,7,https://www.52pojie.cn/thread-2127514-1-1.html,,吾爱破解,人气热门,hot,hotlist,,2026-09-22 07:19:47
21,学习工作台 Study Workbench V1.1,,1,https://www.52pojie.cn/thread-2127066-1-1.html,,吾爱破解,人气热门,hot,hotlist,,2026-09-22 07:19:47
22,星愿浏览器 Twinkstar v11.4.1000.2609,,11,https://www.52pojie.cn/thread-2126907-1-1.html,,吾爱破解,人气热门,hot,hotlist,,2026-09-22 07:19:47
23,Excel通用财务账模板,,498,https://www.52pojie.cn/thread-2128163-1-1.html,,吾爱破解,人气热门,hot,hotlist,,2026-09-22 07:19:47
24,键鼠可视化工具 MouseKeyShow 1.5.1,,1,https://www.52pojie.cn/thread-2128607-1-1.html,,吾爱破解,人气热门,hot,hotlist,,2026-09-22 07:19:47
25,自动点击工具（图片识别与坐标点击）V2.0版,,2,https://www.52pojie.cn/thread-2129133-1-1.html,,吾爱破解,人气热门,hot,hotlist,,2026-09-22 07:19:47
26,PDF盖章和盖骑缝章工具1.1,,1,https://www.52pojie.cn/thread-2127317-1-1.html,,吾爱破解,人气热门,hot,hotlist,,2026-09-22 07:19:47
27,文本转语音工具edge-tts-gui v0.16.2,,0,https://www.52pojie.cn/thread-2127805-1-1.html,,吾爱破解,人气热门,hot,hotlist,,2026-09-22 07:19:47
28,微信防撤回工具v1.3,,1,https://www.52pojie.cn/thread-2128266-1-1.html,,吾爱破解,人气热门,hot,hotlist,,2026-09-22 07:19:47
29,U盘镜像制作工具 balenaEtcher v2.1.7,,2,https://www.52pojie.cn/thread-2129075-1-1.html,,吾爱破解,人气热门,hot,hotlist,,2026-09-22 07:19:47
30,截图工具 Shotera v7.4.2,,7,https://www.52pojie.cn/thread-2127441-1-1.html,,吾爱破解,人气热门,hot,hotlist,,2026-09-22 07:19:47
31,软件导航网址收藏工具箱V260921,,260921,https://www.52pojie.cn/thread-2128345-1-1.html,,吾爱破解,人气热门,hot,hotlist,,2026-09-22 07:19:47
32,MobaXterm 26.5 中文汉化版,,26,https://www.52pojie.cn/thread-2128457-1-1.html,,吾爱破解,人气热门,hot,hotlist,,2026-09-22 07:19:47
33,音乐音效和低音增强器 Music Equalizer & Volume Booster_1.0.1版本,,1,https://www.52pojie.cn/thread-2128452-1-1.html,,吾爱破解,人气热门,hot,hotlist,,2026-09-22 07:19:47
34,微信视频号下载器 wx_channels_download v260907,,260907,https://www.52pojie.cn/thread-2127850-1-1.html,,吾爱破解,人气热门,hot,hotlist,,2026-09-22 07:19:47
35,NetBlocker - 进程断网工具（路由黑洞+防火墙拦截）,,458,https://www.52pojie.cn/thread-2127139-1-1.html,,吾爱破解,人气热门,hot,hotlist,,2026-09-22 07:19:47
36,校园IP数字网络广播控制小工具,,140,https://www.52pojie.cn/thread-2128967-1-1.html,,吾爱破解,人气热门,hot,hotlist,,2026-09-22 07:19:47
37,收租管家-v4.0.apk（安卓安装包）,,4,https://www.52pojie.cn/thread-2127103-1-1.html,,吾爱破解,人气热门,hot,hotlist,,2026-09-22 07:19:47
38,手机转电脑麦克风工具 MicYou 2.0.3,,2,https://www.52pojie.cn/thread-2127730-1-1.html,,吾爱破解,人气热门,hot,hotlist,,2026-09-22 07:19:47
39,The Enigma Protector vm还原插件,,127,https://www.52pojie.cn/thread-2127264-1-1.html,,吾爱破解,人气热门,hot,hotlist,,2026-09-22 07:19:47
40,文件夹颜色更改工具 Teorex FolderIco 9.4.2,,9,https://www.52pojie.cn/thread-2128618-1-1.html,,吾爱破解,人气热门,hot,hotlist,,2026-09-22 07:19:47
41,剪辑工具 Concat  0.2.1,,0,https://www.52pojie.cn/thread-2127728-1-1.html,,吾爱破解,人气热门,hot,hotlist,,2026-09-22 07:19:47
42,文本编辑器 Notepad-- v3.8.3/Beta 3.9.0,,3,https://www.52pojie.cn/thread-2127515-1-1.html,,吾爱破解,人气热门,hot,hotlist,,2026-09-22 07:19:47
43,Ai逆向同花顺网站采集数据,,101,https://www.52pojie.cn/thread-2128820-1-1.html,,吾爱破解,人气热门,hot,hotlist,,2026-09-22 07:19:47
44,内网打印服务,,118,https://www.52pojie.cn/thread-2128747-1-1.html,,吾爱破解,人气热门,hot,hotlist,,2026-09-22 07:19:47
45,【更新】图片转换王V 1.06 支持【Al、PSD、PSB、PDF、RAW等格式】,,1,https://www.52pojie.cn/thread-2127837-1-1.html,,吾爱破解,人气热门,hot,hotlist,,2026-09-22 07:19:47
46,离在线系统IP地址查询器 V1.0,,1,https://www.52pojie.cn/thread-2128468-1-1.html,,吾爱破解,人气热门,hot,hotlist,,2026-09-22 07:19:47
47,幕映  MuCast投屏 v1.1,,1,https://www.52pojie.cn/thread-2127941-1-1.html,,吾爱破解,人气热门,hot,hotlist,,2026-09-22 07:19:47
48,截图工具 PixPin 3.5.5.1  便携正式版,,3,https://www.52pojie.cn/thread-2127743-1-1.html,,吾爱破解,人气热门,hot,hotlist,,2026-09-22 07:19:47
49,震撼发布：ZXC自动浏览器V0.1版本（市面上没有任何相关竞品，适配vue等所有框架）,,0,https://www.52pojie.cn/thread-2127312-1-1.html,,吾爱破解,人气热门,hot,hotlist,,2026-09-22 07:19:47
50,图吧工具箱 winUI3 版 v1.6.1,,3,https://www.52pojie.cn/thread-2127011-1-1.html,,吾爱破解,人气热门,hot,hotlist,,2026-09-22 07:19:47
1,小蓝鸟 x-client-transaction-id 追溯分析,,2,https://www.52pojie.cn/thread-2122687-1-1.html,,吾爱破解,精华采撷,digest,hotlist,,2026-09-22 07:19:47
2,银狐WinOS伪装魔兽插件，远控木马攻击链分析,,2,https://www.52pojie.cn/thread-2122812-1-1.html,,吾爱破解,精华采撷,digest,hotlist,,2026-09-22 07:19:47
3,The Enigma Protector vm还原插件,,2,https://www.52pojie.cn/thread-2127264-1-1.html,,吾爱破解,精华采撷,digest,hotlist,,2026-09-22 07:19:47
4,某象滑块纯算逆向分析,,2,https://www.52pojie.cn/thread-2125447-1-1.html,,吾爱破解,精华采撷,digest,hotlist,,2026-09-22 07:19:47
5,快手 VMP 分析与还原,,2,https://www.52pojie.cn/thread-2123217-1-1.html,,吾爱破解,精华采撷,digest,hotlist,,2026-09-22 07:19:47
6,某q音乐jsvmp浅析,,2,https://www.52pojie.cn/thread-2123850-1-1.html,,吾爱破解,精华采撷,digest,hotlist,,2026-09-22 07:19:47
7,【JS逆向实战】手撕雷速体育API：动态AES签名与魔改Gzip响应解密全解析,,2,https://www.52pojie.cn/thread-2122363-1-1.html,,吾爱破解,精华采撷,digest,hotlist,,2026-09-22 07:19:47
8,AIDA64 8.25.8200 Business 逆向工程与Keygen实战,,64,https://www.52pojie.cn/thread-2096924-1-1.html,,吾爱破解,精华采撷,digest,hotlist,,2026-09-22 07:19:47
9,某骗子黑产软件（手机远控）的分析,,2,https://www.52pojie.cn/thread-2117851-1-1.html,,吾爱破解,精华采撷,digest,hotlist,,2026-09-22 07:19:47
10,r0re 自动逆向分析工具实战记录：全通看雪 Android CTF，完整使用指南和源码解析,,0,https://www.52pojie.cn/thread-2122552-1-1.html,,吾爱破解,精华采撷,digest,hotlist,,2026-09-22 07:19:47
11,酷我破解js脚本分析,,2,https://www.52pojie.cn/thread-2088285-1-1.html,,吾爱破解,精华采撷,digest,hotlist,,2026-09-22 07:19:47
12,一个 Android 远控APP的逆向分析-从 AB 包隐藏、动态加载到无障碍远程控制支付流程,,2,https://www.52pojie.cn/thread-2121592-1-1.html,,吾爱破解,精华采撷,digest,hotlist,,2026-09-22 07:19:47
13,全程交给 AI，不写一行代码，本地复现 CCTV 视频播放链路的一次实战记录,,2,https://www.52pojie.cn/thread-2102594-1-1.html,,吾爱破解,精华采撷,digest,hotlist,,2026-09-22 07:19:47
14,x64dbg插件无驱动过vmp3.9.4反调试,,64,https://www.52pojie.cn/thread-2101175-1-1.html,,吾爱破解,精华采撷,digest,hotlist,,2026-09-22 07:19:47
15,八猫付费小说逆向-hostnameVerify&sign,,2,https://www.52pojie.cn/thread-2102001-1-1.html,,吾爱破解,精华采撷,digest,hotlist,,2026-09-22 07:19:47
16,逆向分析某排八字软件的过程,,2,https://www.52pojie.cn/thread-2114056-1-1.html,,吾爱破解,精华采撷,digest,hotlist,,2026-09-22 07:19:47
17,全流程使用AI，完成一次APK重打包。改包名、绕过 Native 校验、重建签名并去掉奖励...,,10,https://www.52pojie.cn/thread-2100927-1-1.html,,吾爱破解,精华采撷,digest,hotlist,,2026-09-22 07:19:47
18,当游戏越来越漂亮，外挂却越来越丑：作弊技术摸底（2026）,,2026,https://www.52pojie.cn/thread-2117216-1-1.html,,吾爱破解,精华采撷,digest,hotlist,,2026-09-22 07:19:47
19,Vibe Coding 从源码阅读到模块开发：基于最新版 Magisk Zygisk，移植实现一个带 We...,,2,https://www.52pojie.cn/thread-2107426-1-1.html,,吾爱破解,精华采撷,digest,hotlist,,2026-09-22 07:19:47
20,FlashSwirl 闪旋，对称加密算法库，支持流加密、AEAD加密、HASH、HMAC、HKDF、PBKDF2,,2,https://www.52pojie.cn/thread-2104834-1-1.html,,吾爱破解,精华采撷,digest,hotlist,,2026-09-22 07:19:47
21,企业微信聊天记录导出全解析,,10,https://www.52pojie.cn/thread-2107745-1-1.html,,吾爱破解,精华采撷,digest,hotlist,,2026-09-22 07:19:47
22,Typora v1.12.4 安全分析：反反调试与激活劫持,,1,https://www.52pojie.cn/thread-2084047-1-1.html,,吾爱破解,精华采撷,digest,hotlist,,2026-09-22 07:19:47
23,破解 Trae CN 加密协议,,10,https://www.52pojie.cn/thread-2113927-1-1.html,,吾爱破解,精华采撷,digest,hotlist,,2026-09-22 07:19:47
24,地表最强 Android so加载全景图,,2,https://www.52pojie.cn/thread-2083097-1-1.html,,吾爱破解,精华采撷,digest,hotlist,,2026-09-22 07:19:47
25,手把手教你给某讯滑块的JSVMP写反编译器 (如宝宝辅食一样易懂),,2,https://www.52pojie.cn/thread-2089027-1-1.html,,吾爱破解,精华采撷,digest,hotlist,,2026-09-22 07:19:47
26,一款WIFI密码搜索软件的授权算法分析,,2,https://www.52pojie.cn/thread-2097675-1-1.html,,吾爱破解,精华采撷,digest,hotlist,,2026-09-22 07:19:47
27,Allsafe靶场全解,,2,https://www.52pojie.cn/thread-2122890-1-1.html,,吾爱破解,精华采撷,digest,hotlist,,2026-09-22 07:19:47
28,某音 JSVMP bogus纯算,,2,https://www.52pojie.cn/thread-2120914-1-1.html,,吾爱破解,精华采撷,digest,hotlist,,2026-09-22 07:19:47
29,某音a_bogus jsvmp反编译,,2,https://www.52pojie.cn/thread-2116186-1-1.html,,吾爱破解,精华采撷,digest,hotlist,,2026-09-22 07:19:47
30,基于文本匹配的VMP还原思路,,2,https://www.52pojie.cn/thread-2115425-1-1.html,,吾爱破解,精华采撷,digest,hotlist,,2026-09-22 07:19:47
31,[长期更新] RV32IMAFDQ指令集模拟器 包含交互式汇编级调试器,,32,https://www.52pojie.cn/thread-2119162-1-1.html,,吾爱破解,精华采撷,digest,hotlist,,2026-09-22 07:19:47
32,对某java保护器本体的逆向分析,,2,https://www.52pojie.cn/thread-2116474-1-1.html,,吾爱破解,精华采撷,digest,hotlist,,2026-09-22 07:19:47
33,Web逆向 JS逆向 基础知识 ：Ignition解释器下一,,2,https://www.52pojie.cn/thread-2105820-1-1.html,,吾爱破解,精华采撷,digest,hotlist,,2026-09-22 07:19:47
34,Web逆向 JS逆向 基础知识 ： V8入门 JS详解 AST知识  字节码。。。。。。,,8,https://www.52pojie.cn/thread-2092084-1-1.html,,吾爱破解,精华采撷,digest,hotlist,,2026-09-22 07:19:47
35,某密企业版加固反调试与VMP分析,,2,https://www.52pojie.cn/thread-2093062-1-1.html,,吾爱破解,精华采撷,digest,hotlist,,2026-09-22 07:19:47
36,SpongeMixer企业级勒索软件的加密逻辑及行为分析,,2,https://www.52pojie.cn/thread-2116347-1-1.html,,吾爱破解,精华采撷,digest,hotlist,,2026-09-22 07:19:47
37,跨进程内存读写的攻防博弈：从内核缺页陷阱到应用层数据溯源,,2026,https://www.52pojie.cn/thread-2111373-1-1.html,,吾爱破解,精华采撷,digest,hotlist,,2026-09-22 07:19:47
38,web逆向基础知识--- js 事件 事件循环 和异步,,2,https://www.52pojie.cn/thread-2111598-1-1.html,,吾爱破解,精华采撷,digest,hotlist,,2026-09-22 07:19:47
39,h5st纯ai补环境+逆向,,5,https://www.52pojie.cn/thread-2092635-1-1.html,,吾爱破解,精华采撷,digest,hotlist,,2026-09-22 07:19:47
40,Sublime许可证分析：RSA PKCS#1标准详解+跨平台Keygen [开源],,1,https://www.52pojie.cn/thread-2090893-1-1.html,,吾爱破解,精华采撷,digest,hotlist,,2026-09-22 07:19:47
41,某红书-4.3.2-绕过ob直面JSVMP-mns0301-详细分析,,4,https://www.52pojie.cn/thread-2098573-1-1.html,,吾爱破解,精华采撷,digest,hotlist,,2026-09-22 07:19:47
42,某Q音乐sign纯算-vmp插桩日志分析,,2,https://www.52pojie.cn/thread-2104849-1-1.html,,吾爱破解,精华采撷,digest,hotlist,,2026-09-22 07:19:47
43,【AI辅助】iOS p12证书签名软件的逆向分析 + 证书获取,,12,https://www.52pojie.cn/thread-2100769-1-1.html,,吾爱破解,精华采撷,digest,hotlist,,2026-09-22 07:19:47
44,某红书4.3.2 ob混淆还原(字符串数组/字典/控制流平坦化),,4,https://www.52pojie.cn/thread-2100076-1-1.html,,吾爱破解,精华采撷,digest,hotlist,,2026-09-22 07:19:47
45,【兑现十年前的承诺】通过逆向分析老游戏XXX梦大富翁来制作外挂BGM启动器,,2,https://www.52pojie.cn/thread-2089150-1-1.html,,吾爱破解,精华采撷,digest,hotlist,,2026-09-22 07:19:47
46,cctv视频解密，wasm vmp分析,,2,https://www.52pojie.cn/thread-2094716-1-1.html,,吾爱破解,精华采撷,digest,hotlist,,2026-09-22 07:19:47
47,某企业加固dex vmp简单分析,,2,https://www.52pojie.cn/thread-2111432-1-1.html,,吾爱破解,精华采撷,digest,hotlist,,2026-09-22 07:19:47
48,2026春节解题领红包5 Windows中级题之Nuitka调试HOOK解题,,2026,https://www.52pojie.cn/thread-2100151-1-1.html,,吾爱破解,精华采撷,digest,hotlist,,2026-09-22 07:19:47
49,从POC到EXP：从0基础到v8 CVE-2021-38003复现,,0,https://www.52pojie.cn/thread-2107373-1-1.html,,吾爱破解,精华采撷,digest,hotlist,,2026-09-22 07:19:47
50,某音a_bogus详细分析-含50位数组生成过程,,50,https://www.52pojie.cn/thread-2092806-1-1.html,,吾爱破解,精华采撷,digest,hotlist,,2026-09-22 07:19:47
1,PDF去水印工具，无广告，不联网，全免费,,187,https://www.52pojie.cn/thread-2129197-1-1.html,,吾爱破解,人气热门,hot,hotlist,,2026-09-22 08:55:42
2,豆包输入法  V0.9.0,,0,https://www.52pojie.cn/thread-2129058-1-1.html,,吾爱破解,人气热门,hot,hotlist,,2026-09-22 08:55:42
3,人体穴位图解3.2.1版本,,3,https://www.52pojie.cn/thread-2128627-1-1.html,,吾爱破解,人气热门,hot,hotlist,,2026-09-22 08:55:42
4,想曰 v2.2.0.0 免费的文本加密工具,,2,https://www.52pojie.cn/thread-2129164-1-1.html,,吾爱破解,人气热门,hot,hotlist,,2026-09-22 08:55:42
5,中华人民共和国药典(2025年版)1.0版本,,2025,https://www.52pojie.cn/thread-2128710-1-1.html,,吾爱破解,人气热门,hot,hotlist,,2026-09-22 08:55:42
6,千千静听社区复刻版 TTPlayerRebuild v2026.09.20,,2026,https://www.52pojie.cn/thread-2129165-1-1.html,,吾爱破解,人气热门,hot,hotlist,,2026-09-22 08:55:42
7,软件导航网址收藏工具箱V260921,,260921,https://www.52pojie.cn/thread-2128345-1-1.html,,吾爱破解,人气热门,hot,hotlist,,2026-09-22 08:55:42
8,文本转语音工具edge-tts-gui v0.16.2,,0,https://www.52pojie.cn/thread-2127805-1-1.html,,吾爱破解,人气热门,hot,hotlist,,2026-09-22 08:55:42
9,青简输入法 0.1.3,,0,https://www.52pojie.cn/thread-2128786-1-1.html,,吾爱破解,人气热门,hot,hotlist,,2026-09-22 08:55:42
10,本地模型 快捷截图OCR工具（自动写入粘贴板）,,465,https://www.52pojie.cn/thread-2128632-1-1.html,,吾爱破解,人气热门,hot,hotlist,,2026-09-22 08:55:42
11,番茄小说下载器Tomato Novel Downloader v2.4.15,,2,https://www.52pojie.cn/thread-2127201-1-1.html,,吾爱破解,人气热门,hot,hotlist,,2026-09-22 08:55:42
12,鼠标自动点击工具 AutoClick v1.5.5,,1,https://www.52pojie.cn/thread-2128494-1-1.html,,吾爱破解,人气热门,hot,hotlist,,2026-09-22 08:55:42
13,【吾爱首发】FPAC Tool V2.0.0 （用于提取和重建部分游戏的PAC工具）,,2,https://www.52pojie.cn/thread-2128640-1-1.html,,吾爱破解,人气热门,hot,hotlist,,2026-09-22 08:55:42
14,PC微信整套皮肤【快速迭代中，已说明修改原理，可手动修改】,,151,https://www.52pojie.cn/thread-2127499-1-1.html,,吾爱破解,人气热门,hot,hotlist,,2026-09-22 08:55:42
15,茶话间 Teahouse v0.57.0,,0,https://www.52pojie.cn/thread-2127934-1-1.html,,吾爱破解,人气热门,hot,hotlist,,2026-09-22 08:55:42
16,视频下载器 Videdown v1.2.7,,1,https://www.52pojie.cn/thread-2129168-1-1.html,,吾爱破解,人气热门,hot,hotlist,,2026-09-22 08:55:42
17,手机投屏控制助手 scrcpy-helper v1.5.2,,1,https://www.52pojie.cn/thread-2127053-1-1.html,,吾爱破解,人气热门,hot,hotlist,,2026-09-22 08:55:42
18,OCR识图添加转表格功能 PaddleOCR-V6-Portable -1.01,,6,https://www.52pojie.cn/thread-2127382-1-1.html,,吾爱破解,人气热门,hot,hotlist,,2026-09-22 08:55:42
19,古诗词宝典 · Chinese Poetry Reader · v1.0.1,,1,https://www.52pojie.cn/thread-2127172-1-1.html,,吾爱破解,人气热门,hot,hotlist,,2026-09-22 08:55:42
20,运营工作台v1.9.0 · 2026-09-18,,1,https://www.52pojie.cn/thread-2128674-1-1.html,,吾爱破解,人气热门,hot,hotlist,,2026-09-22 08:55:42
21,软件安装包管理系统 v1.0（已更新V3.0局域网版本）,,1,https://www.52pojie.cn/thread-2127353-1-1.html,,吾爱破解,人气热门,hot,hotlist,,2026-09-22 08:55:42
22,WinRAR 7.30 beta1_x64 简体中文汉化版,,7,https://www.52pojie.cn/thread-2127514-1-1.html,,吾爱破解,人气热门,hot,hotlist,,2026-09-22 08:55:42
23,学习工作台 Study Workbench V1.1,,1,https://www.52pojie.cn/thread-2127066-1-1.html,,吾爱破解,人气热门,hot,hotlist,,2026-09-22 08:55:42
24,星愿浏览器 Twinkstar v11.4.1000.2609,,11,https://www.52pojie.cn/thread-2126907-1-1.html,,吾爱破解,人气热门,hot,hotlist,,2026-09-22 08:55:42
25,Excel通用财务账模板,,498,https://www.52pojie.cn/thread-2128163-1-1.html,,吾爱破解,人气热门,hot,hotlist,,2026-09-22 08:55:42
26,键鼠可视化工具 MouseKeyShow 1.5.1,,1,https://www.52pojie.cn/thread-2128607-1-1.html,,吾爱破解,人气热门,hot,hotlist,,2026-09-22 08:55:42
27,自动点击工具（图片识别与坐标点击）V2.0版,,2,https://www.52pojie.cn/thread-2129133-1-1.html,,吾爱破解,人气热门,hot,hotlist,,2026-09-22 08:55:42
28,PDF盖章和盖骑缝章工具1.1,,1,https://www.52pojie.cn/thread-2127317-1-1.html,,吾爱破解,人气热门,hot,hotlist,,2026-09-22 08:55:42
29,微信防撤回工具v1.3,,1,https://www.52pojie.cn/thread-2128266-1-1.html,,吾爱破解,人气热门,hot,hotlist,,2026-09-22 08:55:42
30,U盘镜像制作工具 balenaEtcher v2.1.7,,2,https://www.52pojie.cn/thread-2129075-1-1.html,,吾爱破解,人气热门,hot,hotlist,,2026-09-22 08:55:42
31,截图工具 Shotera v7.4.2,,7,https://www.52pojie.cn/thread-2127441-1-1.html,,吾爱破解,人气热门,hot,hotlist,,2026-09-22 08:55:42
32,MobaXterm 26.5 中文汉化版,,26,https://www.52pojie.cn/thread-2128457-1-1.html,,吾爱破解,人气热门,hot,hotlist,,2026-09-22 08:55:42
33,音乐音效和低音增强器 Music Equalizer & Volume Booster_1.0.1版本,,1,https://www.52pojie.cn/thread-2128452-1-1.html,,吾爱破解,人气热门,hot,hotlist,,2026-09-22 08:55:42
34,微信视频号下载器 wx_channels_download v260907,,260907,https://www.52pojie.cn/thread-2127850-1-1.html,,吾爱破解,人气热门,hot,hotlist,,2026-09-22 08:55:42
35,NetBlocker - 进程断网工具（路由黑洞+防火墙拦截）,,458,https://www.52pojie.cn/thread-2127139-1-1.html,,吾爱破解,人气热门,hot,hotlist,,2026-09-22 08:55:42
36,校园IP数字网络广播控制小工具,,140,https://www.52pojie.cn/thread-2128967-1-1.html,,吾爱破解,人气热门,hot,hotlist,,2026-09-22 08:55:42
37,收租管家-v4.0.apk（安卓安装包）,,4,https://www.52pojie.cn/thread-2127103-1-1.html,,吾爱破解,人气热门,hot,hotlist,,2026-09-22 08:55:42
38,手机转电脑麦克风工具 MicYou 2.0.3,,2,https://www.52pojie.cn/thread-2127730-1-1.html,,吾爱破解,人气热门,hot,hotlist,,2026-09-22 08:55:42
39,The Enigma Protector vm还原插件,,127,https://www.52pojie.cn/thread-2127264-1-1.html,,吾爱破解,人气热门,hot,hotlist,,2026-09-22 08:55:42
40,文件夹颜色更改工具 Teorex FolderIco 9.4.2,,9,https://www.52pojie.cn/thread-2128618-1-1.html,,吾爱破解,人气热门,hot,hotlist,,2026-09-22 08:55:42
41,剪辑工具 Concat  0.2.1,,0,https://www.52pojie.cn/thread-2127728-1-1.html,,吾爱破解,人气热门,hot,hotlist,,2026-09-22 08:55:42
42,文本编辑器 Notepad-- v3.8.3/Beta 3.9.0,,3,https://www.52pojie.cn/thread-2127515-1-1.html,,吾爱破解,人气热门,hot,hotlist,,2026-09-22 08:55:42
43,Ai逆向同花顺网站采集数据,,102,https://www.52pojie.cn/thread-2128820-1-1.html,,吾爱破解,人气热门,hot,hotlist,,2026-09-22 08:55:42
44,内网打印服务,,118,https://www.52pojie.cn/thread-2128747-1-1.html,,吾爱破解,人气热门,hot,hotlist,,2026-09-22 08:55:42
45,【更新】图片转换王V 1.06 支持【Al、PSD、PSB、PDF、RAW等格式】,,1,https://www.52pojie.cn/thread-2127837-1-1.html,,吾爱破解,人气热门,hot,hotlist,,2026-09-22 08:55:42
46,离在线系统IP地址查询器 V1.0,,1,https://www.52pojie.cn/thread-2128468-1-1.html,,吾爱破解,人气热门,hot,hotlist,,2026-09-22 08:55:42
47,幕映  MuCast投屏 v1.1,,1,https://www.52pojie.cn/thread-2127941-1-1.html,,吾爱破解,人气热门,hot,hotlist,,2026-09-22 08:55:42
48,截图工具 PixPin 3.5.5.1  便携正式版,,3,https://www.52pojie.cn/thread-2127743-1-1.html,,吾爱破解,人气热门,hot,hotlist,,2026-09-22 08:55:42
49,震撼发布：ZXC自动浏览器V0.1版本（市面上没有任何相关竞品，适配vue等所有框架）,,0,https://www.52pojie.cn/thread-2127312-1-1.html,,吾爱破解,人气热门,hot,hotlist,,2026-09-22 08:55:42
50,图吧工具箱 winUI3 版 v1.6.1,,3,https://www.52pojie.cn/thread-2127011-1-1.html,,吾爱破解,人气热门,hot,hotlist,,2026-09-22 08:55:42
1,快手 VMP 分析与还原,,2,https://www.52pojie.cn/thread-2123217-1-1.html,,吾爱破解,精华采撷,digest,hotlist,,2026-09-22 08:55:42
2,小蓝鸟 x-client-transaction-id 追溯分析,,2,https://www.52pojie.cn/thread-2122687-1-1.html,,吾爱破解,精华采撷,digest,hotlist,,2026-09-22 08:55:42
3,银狐WinOS伪装魔兽插件，远控木马攻击链分析,,2,https://www.52pojie.cn/thread-2122812-1-1.html,,吾爱破解,精华采撷,digest,hotlist,,2026-09-22 08:55:42
4,The Enigma Protector vm还原插件,,2,https://www.52pojie.cn/thread-2127264-1-1.html,,吾爱破解,精华采撷,digest,hotlist,,2026-09-22 08:55:42
5,某象滑块纯算逆向分析,,2,https://www.52pojie.cn/thread-2125447-1-1.html,,吾爱破解,精华采撷,digest,hotlist,,2026-09-22 08:55:42
6,某q音乐jsvmp浅析,,2,https://www.52pojie.cn/thread-2123850-1-1.html,,吾爱破解,精华采撷,digest,hotlist,,2026-09-22 08:55:42
7,【JS逆向实战】手撕雷速体育API：动态AES签名与魔改Gzip响应解密全解析,,2,https://www.52pojie.cn/thread-2122363-1-1.html,,吾爱破解,精华采撷,digest,hotlist,,2026-09-22 08:55:42
8,AIDA64 8.25.8200 Business 逆向工程与Keygen实战,,64,https://www.52pojie.cn/thread-2096924-1-1.html,,吾爱破解,精华采撷,digest,hotlist,,2026-09-22 08:55:42
9,某骗子黑产软件（手机远控）的分析,,2,https://www.52pojie.cn/thread-2117851-1-1.html,,吾爱破解,精华采撷,digest,hotlist,,2026-09-22 08:55:42
10,r0re 自动逆向分析工具实战记录：全通看雪 Android CTF，完整使用指南和源码解析,,0,https://www.52pojie.cn/thread-2122552-1-1.html,,吾爱破解,精华采撷,digest,hotlist,,2026-09-22 08:55:42
11,酷我破解js脚本分析,,2,https://www.52pojie.cn/thread-2088285-1-1.html,,吾爱破解,精华采撷,digest,hotlist,,2026-09-22 08:55:42
12,一个 Android 远控APP的逆向分析-从 AB 包隐藏、动态加载到无障碍远程控制支付流程,,2,https://www.52pojie.cn/thread-2121592-1-1.html,,吾爱破解,精华采撷,digest,hotlist,,2026-09-22 08:55:42
13,全程交给 AI，不写一行代码，本地复现 CCTV 视频播放链路的一次实战记录,,2,https://www.52pojie.cn/thread-2102594-1-1.html,,吾爱破解,精华采撷,digest,hotlist,,2026-09-22 08:55:42
14,x64dbg插件无驱动过vmp3.9.4反调试,,64,https://www.52pojie.cn/thread-2101175-1-1.html,,吾爱破解,精华采撷,digest,hotlist,,2026-09-22 08:55:42
15,八猫付费小说逆向-hostnameVerify&sign,,2,https://www.52pojie.cn/thread-2102001-1-1.html,,吾爱破解,精华采撷,digest,hotlist,,2026-09-22 08:55:42
16,逆向分析某排八字软件的过程,,2,https://www.52pojie.cn/thread-2114056-1-1.html,,吾爱破解,精华采撷,digest,hotlist,,2026-09-22 08:55:42
17,全流程使用AI，完成一次APK重打包。改包名、绕过 Native 校验、重建签名并去掉奖励...,,10,https://www.52pojie.cn/thread-2100927-1-1.html,,吾爱破解,精华采撷,digest,hotlist,,2026-09-22 08:55:42
18,当游戏越来越漂亮，外挂却越来越丑：作弊技术摸底（2026）,,2026,https://www.52pojie.cn/thread-2117216-1-1.html,,吾爱破解,精华采撷,digest,hotlist,,2026-09-22 08:55:42
19,Vibe Coding 从源码阅读到模块开发：基于最新版 Magisk Zygisk，移植实现一个带 We...,,2,https://www.52pojie.cn/thread-2107426-1-1.html,,吾爱破解,精华采撷,digest,hotlist,,2026-09-22 08:55:42
20,FlashSwirl 闪旋，对称加密算法库，支持流加密、AEAD加密、HASH、HMAC、HKDF、PBKDF2,,2,https://www.52pojie.cn/thread-2104834-1-1.html,,吾爱破解,精华采撷,digest,hotlist,,2026-09-22 08:55:42
21,企业微信聊天记录导出全解析,,10,https://www.52pojie.cn/thread-2107745-1-1.html,,吾爱破解,精华采撷,digest,hotlist,,2026-09-22 08:55:42
22,Typora v1.12.4 安全分析：反反调试与激活劫持,,1,https://www.52pojie.cn/thread-2084047-1-1.html,,吾爱破解,精华采撷,digest,hotlist,,2026-09-22 08:55:42
23,破解 Trae CN 加密协议,,10,https://www.52pojie.cn/thread-2113927-1-1.html,,吾爱破解,精华采撷,digest,hotlist,,2026-09-22 08:55:42
24,地表最强 Android so加载全景图,,2,https://www.52pojie.cn/thread-2083097-1-1.html,,吾爱破解,精华采撷,digest,hotlist,,2026-09-22 08:55:42
25,手把手教你给某讯滑块的JSVMP写反编译器 (如宝宝辅食一样易懂),,2,https://www.52pojie.cn/thread-2089027-1-1.html,,吾爱破解,精华采撷,digest,hotlist,,2026-09-22 08:55:42
26,一款WIFI密码搜索软件的授权算法分析,,2,https://www.52pojie.cn/thread-2097675-1-1.html,,吾爱破解,精华采撷,digest,hotlist,,2026-09-22 08:55:42
27,Allsafe靶场全解,,2,https://www.52pojie.cn/thread-2122890-1-1.html,,吾爱破解,精华采撷,digest,hotlist,,2026-09-22 08:55:42
28,某音 JSVMP bogus纯算,,2,https://www.52pojie.cn/thread-2120914-1-1.html,,吾爱破解,精华采撷,digest,hotlist,,2026-09-22 08:55:42
29,某音a_bogus jsvmp反编译,,2,https://www.52pojie.cn/thread-2116186-1-1.html,,吾爱破解,精华采撷,digest,hotlist,,2026-09-22 08:55:42
30,基于文本匹配的VMP还原思路,,2,https://www.52pojie.cn/thread-2115425-1-1.html,,吾爱破解,精华采撷,digest,hotlist,,2026-09-22 08:55:42
31,[长期更新] RV32IMAFDQ指令集模拟器 包含交互式汇编级调试器,,32,https://www.52pojie.cn/thread-2119162-1-1.html,,吾爱破解,精华采撷,digest,hotlist,,2026-09-22 08:55:42
32,对某java保护器本体的逆向分析,,2,https://www.52pojie.cn/thread-2116474-1-1.html,,吾爱破解,精华采撷,digest,hotlist,,2026-09-22 08:55:42
33,Web逆向 JS逆向 基础知识 ：Ignition解释器下一,,2,https://www.52pojie.cn/thread-2105820-1-1.html,,吾爱破解,精华采撷,digest,hotlist,,2026-09-22 08:55:42
34,Web逆向 JS逆向 基础知识 ： V8入门 JS详解 AST知识  字节码。。。。。。,,8,https://www.52pojie.cn/thread-2092084-1-1.html,,吾爱破解,精华采撷,digest,hotlist,,2026-09-22 08:55:42
35,某密企业版加固反调试与VMP分析,,2,https://www.52pojie.cn/thread-2093062-1-1.html,,吾爱破解,精华采撷,digest,hotlist,,2026-09-22 08:55:42
36,SpongeMixer企业级勒索软件的加密逻辑及行为分析,,2,https://www.52pojie.cn/thread-2116347-1-1.html,,吾爱破解,精华采撷,digest,hotlist,,2026-09-22 08:55:42
37,跨进程内存读写的攻防博弈：从内核缺页陷阱到应用层数据溯源,,2026,https://www.52pojie.cn/thread-2111373-1-1.html,,吾爱破解,精华采撷,digest,hotlist,,2026-09-22 08:55:42
38,web逆向基础知识--- js 事件 事件循环 和异步,,2,https://www.52pojie.cn/thread-2111598-1-1.html,,吾爱破解,精华采撷,digest,hotlist,,2026-09-22 08:55:42
39,h5st纯ai补环境+逆向,,5,https://www.52pojie.cn/thread-2092635-1-1.html,,吾爱破解,精华采撷,digest,hotlist,,2026-09-22 08:55:42
40,Sublime许可证分析：RSA PKCS#1标准详解+跨平台Keygen [开源],,1,https://www.52pojie.cn/thread-2090893-1-1.html,,吾爱破解,精华采撷,digest,hotlist,,2026-09-22 08:55:42
41,某红书-4.3.2-绕过ob直面JSVMP-mns0301-详细分析,,4,https://www.52pojie.cn/thread-2098573-1-1.html,,吾爱破解,精华采撷,digest,hotlist,,2026-09-22 08:55:42
42,某Q音乐sign纯算-vmp插桩日志分析,,2,https://www.52pojie.cn/thread-2104849-1-1.html,,吾爱破解,精华采撷,digest,hotlist,,2026-09-22 08:55:42
43,【AI辅助】iOS p12证书签名软件的逆向分析 + 证书获取,,12,https://www.52pojie.cn/thread-2100769-1-1.html,,吾爱破解,精华采撷,digest,hotlist,,2026-09-22 08:55:42
44,某红书4.3.2 ob混淆还原(字符串数组/字典/控制流平坦化),,4,https://www.52pojie.cn/thread-2100076-1-1.html,,吾爱破解,精华采撷,digest,hotlist,,2026-09-22 08:55:42
45,【兑现十年前的承诺】通过逆向分析老游戏XXX梦大富翁来制作外挂BGM启动器,,2,https://www.52pojie.cn/thread-2089150-1-1.html,,吾爱破解,精华采撷,digest,hotlist,,2026-09-22 08:55:42
46,cctv视频解密，wasm vmp分析,,2,https://www.52pojie.cn/thread-2094716-1-1.html,,吾爱破解,精华采撷,digest,hotlist,,2026-09-22 08:55:42
47,某企业加固dex vmp简单分析,,2,https://www.52pojie.cn/thread-2111432-1-1.html,,吾爱破解,精华采撷,digest,hotlist,,2026-09-22 08:55:42
48,2026春节解题领红包5 Windows中级题之Nuitka调试HOOK解题,,2026,https://www.52pojie.cn/thread-2100151-1-1.html,,吾爱破解,精华采撷,digest,hotlist,,2026-09-22 08:55:42
49,从POC到EXP：从0基础到v8 CVE-2021-38003复现,,0,https://www.52pojie.cn/thread-2107373-1-1.html,,吾爱破解,精华采撷,digest,hotlist,,2026-09-22 08:55:42
50,某音a_bogus详细分析-含50位数组生成过程,,50,https://www.52pojie.cn/thread-2092806-1-1.html,,吾爱破解,精华采撷,digest,hotlist,,2026-09-22 08:55:42
1,快手 VMP 分析与还原,,2,https://www.52pojie.cn/thread-2123217-1-1.html,,吾爱破解,精华采撷,digest,hotlist,,2026-09-22 09:32:14
2,小蓝鸟 x-client-transaction-id 追溯分析,,2,https://www.52pojie.cn/thread-2122687-1-1.html,,吾爱破解,精华采撷,digest,hotlist,,2026-09-22 09:32:14
3,银狐WinOS伪装魔兽插件，远控木马攻击链分析,,2,https://www.52pojie.cn/thread-2122812-1-1.html,,吾爱破解,精华采撷,digest,hotlist,,2026-09-22 09:32:14
4,The Enigma Protector vm还原插件,,2,https://www.52pojie.cn/thread-2127264-1-1.html,,吾爱破解,精华采撷,digest,hotlist,,2026-09-22 09:32:14
5,某象滑块纯算逆向分析,,2,https://www.52pojie.cn/thread-2125447-1-1.html,,吾爱破解,精华采撷,digest,hotlist,,2026-09-22 09:32:14
6,某q音乐jsvmp浅析,,2,https://www.52pojie.cn/thread-2123850-1-1.html,,吾爱破解,精华采撷,digest,hotlist,,2026-09-22 09:32:14
7,【JS逆向实战】手撕雷速体育API：动态AES签名与魔改Gzip响应解密全解析,,2,https://www.52pojie.cn/thread-2122363-1-1.html,,吾爱破解,精华采撷,digest,hotlist,,2026-09-22 09:32:14
8,AIDA64 8.25.8200 Business 逆向工程与Keygen实战,,64,https://www.52pojie.cn/thread-2096924-1-1.html,,吾爱破解,精华采撷,digest,hotlist,,2026-09-22 09:32:14
9,某骗子黑产软件（手机远控）的分析,,2,https://www.52pojie.cn/thread-2117851-1-1.html,,吾爱破解,精华采撷,digest,hotlist,,2026-09-22 09:32:14
10,r0re 自动逆向分析工具实战记录：全通看雪 Android CTF，完整使用指南和源码解析,,0,https://www.52pojie.cn/thread-2122552-1-1.html,,吾爱破解,精华采撷,digest,hotlist,,2026-09-22 09:32:14
11,酷我破解js脚本分析,,2,https://www.52pojie.cn/thread-2088285-1-1.html,,吾爱破解,精华采撷,digest,hotlist,,2026-09-22 09:32:14
12,一个 Android 远控APP的逆向分析-从 AB 包隐藏、动态加载到无障碍远程控制支付流程,,2,https://www.52pojie.cn/thread-2121592-1-1.html,,吾爱破解,精华采撷,digest,hotlist,,2026-09-22 09:32:14
13,全程交给 AI，不写一行代码，本地复现 CCTV 视频播放链路的一次实战记录,,2,https://www.52pojie.cn/thread-2102594-1-1.html,,吾爱破解,精华采撷,digest,hotlist,,2026-09-22 09:32:14
14,x64dbg插件无驱动过vmp3.9.4反调试,,64,https://www.52pojie.cn/thread-2101175-1-1.html,,吾爱破解,精华采撷,digest,hotlist,,2026-09-22 09:32:14
15,八猫付费小说逆向-hostnameVerify&sign,,2,https://www.52pojie.cn/thread-2102001-1-1.html,,吾爱破解,精华采撷,digest,hotlist,,2026-09-22 09:32:14
16,逆向分析某排八字软件的过程,,2,https://www.52pojie.cn/thread-2114056-1-1.html,,吾爱破解,精华采撷,digest,hotlist,,2026-09-22 09:32:14
17,全流程使用AI，完成一次APK重打包。改包名、绕过 Native 校验、重建签名并去掉奖励...,,10,https://www.52pojie.cn/thread-2100927-1-1.html,,吾爱破解,精华采撷,digest,hotlist,,2026-09-22 09:32:14
18,当游戏越来越漂亮，外挂却越来越丑：作弊技术摸底（2026）,,2026,https://www.52pojie.cn/thread-2117216-1-1.html,,吾爱破解,精华采撷,digest,hotlist,,2026-09-22 09:32:14
19,Vibe Coding 从源码阅读到模块开发：基于最新版 Magisk Zygisk，移植实现一个带 We...,,2,https://www.52pojie.cn/thread-2107426-1-1.html,,吾爱破解,精华采撷,digest,hotlist,,2026-09-22 09:32:14
20,FlashSwirl 闪旋，对称加密算法库，支持流加密、AEAD加密、HASH、HMAC、HKDF、PBKDF2,,2,https://www.52pojie.cn/thread-2104834-1-1.html,,吾爱破解,精华采撷,digest,hotlist,,2026-09-22 09:32:14
21,企业微信聊天记录导出全解析,,10,https://www.52pojie.cn/thread-2107745-1-1.html,,吾爱破解,精华采撷,digest,hotlist,,2026-09-22 09:32:14
22,Typora v1.12.4 安全分析：反反调试与激活劫持,,1,https://www.52pojie.cn/thread-2084047-1-1.html,,吾爱破解,精华采撷,digest,hotlist,,2026-09-22 09:32:14
23,破解 Trae CN 加密协议,,10,https://www.52pojie.cn/thread-2113927-1-1.html,,吾爱破解,精华采撷,digest,hotlist,,2026-09-22 09:32:14
24,地表最强 Android so加载全景图,,2,https://www.52pojie.cn/thread-2083097-1-1.html,,吾爱破解,精华采撷,digest,hotlist,,2026-09-22 09:32:14
25,手把手教你给某讯滑块的JSVMP写反编译器 (如宝宝辅食一样易懂),,2,https://www.52pojie.cn/thread-2089027-1-1.html,,吾爱破解,精华采撷,digest,hotlist,,2026-09-22 09:32:14
26,一款WIFI密码搜索软件的授权算法分析,,2,https://www.52pojie.cn/thread-2097675-1-1.html,,吾爱破解,精华采撷,digest,hotlist,,2026-09-22 09:32:14
27,Allsafe靶场全解,,2,https://www.52pojie.cn/thread-2122890-1-1.html,,吾爱破解,精华采撷,digest,hotlist,,2026-09-22 09:32:14
28,某音 JSVMP bogus纯算,,2,https://www.52pojie.cn/thread-2120914-1-1.html,,吾爱破解,精华采撷,digest,hotlist,,2026-09-22 09:32:14
29,某音a_bogus jsvmp反编译,,2,https://www.52pojie.cn/thread-2116186-1-1.html,,吾爱破解,精华采撷,digest,hotlist,,2026-09-22 09:32:14
30,基于文本匹配的VMP还原思路,,2,https://www.52pojie.cn/thread-2115425-1-1.html,,吾爱破解,精华采撷,digest,hotlist,,2026-09-22 09:32:14
31,[长期更新] RV32IMAFDQ指令集模拟器 包含交互式汇编级调试器,,32,https://www.52pojie.cn/thread-2119162-1-1.html,,吾爱破解,精华采撷,digest,hotlist,,2026-09-22 09:32:14
32,对某java保护器本体的逆向分析,,2,https://www.52pojie.cn/thread-2116474-1-1.html,,吾爱破解,精华采撷,digest,hotlist,,2026-09-22 09:32:14
33,Web逆向 JS逆向 基础知识 ：Ignition解释器下一,,2,https://www.52pojie.cn/thread-2105820-1-1.html,,吾爱破解,精华采撷,digest,hotlist,,2026-09-22 09:32:14
34,Web逆向 JS逆向 基础知识 ： V8入门 JS详解 AST知识  字节码。。。。。。,,8,https://www.52pojie.cn/thread-2092084-1-1.html,,吾爱破解,精华采撷,digest,hotlist,,2026-09-22 09:32:14
35,某密企业版加固反调试与VMP分析,,2,https://www.52pojie.cn/thread-2093062-1-1.html,,吾爱破解,精华采撷,digest,hotlist,,2026-09-22 09:32:14
36,SpongeMixer企业级勒索软件的加密逻辑及行为分析,,2,https://www.52pojie.cn/thread-2116347-1-1.html,,吾爱破解,精华采撷,digest,hotlist,,2026-09-22 09:32:14
37,跨进程内存读写的攻防博弈：从内核缺页陷阱到应用层数据溯源,,2026,https://www.52pojie.cn/thread-2111373-1-1.html,,吾爱破解,精华采撷,digest,hotlist,,2026-09-22 09:32:14
38,web逆向基础知识--- js 事件 事件循环 和异步,,2,https://www.52pojie.cn/thread-2111598-1-1.html,,吾爱破解,精华采撷,digest,hotlist,,2026-09-22 09:32:14
39,h5st纯ai补环境+逆向,,5,https://www.52pojie.cn/thread-2092635-1-1.html,,吾爱破解,精华采撷,digest,hotlist,,2026-09-22 09:32:14
40,Sublime许可证分析：RSA PKCS#1标准详解+跨平台Keygen [开源],,1,https://www.52pojie.cn/thread-2090893-1-1.html,,吾爱破解,精华采撷,digest,hotlist,,2026-09-22 09:32:14
41,某红书-4.3.2-绕过ob直面JSVMP-mns0301-详细分析,,4,https://www.52pojie.cn/thread-2098573-1-1.html,,吾爱破解,精华采撷,digest,hotlist,,2026-09-22 09:32:14
42,某Q音乐sign纯算-vmp插桩日志分析,,2,https://www.52pojie.cn/thread-2104849-1-1.html,,吾爱破解,精华采撷,digest,hotlist,,2026-09-22 09:32:14
43,【AI辅助】iOS p12证书签名软件的逆向分析 + 证书获取,,12,https://www.52pojie.cn/thread-2100769-1-1.html,,吾爱破解,精华采撷,digest,hotlist,,2026-09-22 09:32:14
44,某红书4.3.2 ob混淆还原(字符串数组/字典/控制流平坦化),,4,https://www.52pojie.cn/thread-2100076-1-1.html,,吾爱破解,精华采撷,digest,hotlist,,2026-09-22 09:32:14
45,【兑现十年前的承诺】通过逆向分析老游戏XXX梦大富翁来制作外挂BGM启动器,,2,https://www.52pojie.cn/thread-2089150-1-1.html,,吾爱破解,精华采撷,digest,hotlist,,2026-09-22 09:32:14
46,cctv视频解密，wasm vmp分析,,2,https://www.52pojie.cn/thread-2094716-1-1.html,,吾爱破解,精华采撷,digest,hotlist,,2026-09-22 09:32:14
47,某企业加固dex vmp简单分析,,2,https://www.52pojie.cn/thread-2111432-1-1.html,,吾爱破解,精华采撷,digest,hotlist,,2026-09-22 09:32:14
48,2026春节解题领红包5 Windows中级题之Nuitka调试HOOK解题,,2026,https://www.52pojie.cn/thread-2100151-1-1.html,,吾爱破解,精华采撷,digest,hotlist,,2026-09-22 09:32:14
49,从POC到EXP：从0基础到v8 CVE-2021-38003复现,,0,https://www.52pojie.cn/thread-2107373-1-1.html,,吾爱破解,精华采撷,digest,hotlist,,2026-09-22 09:32:14
50,某音a_bogus详细分析-含50位数组生成过程,,50,https://www.52pojie.cn/thread-2092806-1-1.html,,吾爱破解,精华采撷,digest,hotlist,,2026-09-22 09:32:14
1,PDF去水印工具，无广告，不联网，全免费,,187,https://www.52pojie.cn/thread-2129197-1-1.html,,吾爱破解,人气热门,hot,hotlist,,2026-09-22 10:30:33
2,豆包输入法  V0.9.0,,0,https://www.52pojie.cn/thread-2129058-1-1.html,,吾爱破解,人气热门,hot,hotlist,,2026-09-22 10:30:33
3,人体穴位图解3.2.1版本,,3,https://www.52pojie.cn/thread-2128627-1-1.html,,吾爱破解,人气热门,hot,hotlist,,2026-09-22 10:30:33
4,想曰 v2.2.0.0 免费的文本加密工具,,2,https://www.52pojie.cn/thread-2129164-1-1.html,,吾爱破解,人气热门,hot,hotlist,,2026-09-22 10:30:33
5,中华人民共和国药典(2025年版)1.0版本,,2025,https://www.52pojie.cn/thread-2128710-1-1.html,,吾爱破解,人气热门,hot,hotlist,,2026-09-22 10:30:33
6,千千静听社区复刻版 TTPlayerRebuild v2026.09.20,,2026,https://www.52pojie.cn/thread-2129165-1-1.html,,吾爱破解,人气热门,hot,hotlist,,2026-09-22 10:30:33
7,软件导航网址收藏工具箱V260921,,260921,https://www.52pojie.cn/thread-2128345-1-1.html,,吾爱破解,人气热门,hot,hotlist,,2026-09-22 10:30:33
8,文本转语音工具edge-tts-gui v0.16.2,,0,https://www.52pojie.cn/thread-2127805-1-1.html,,吾爱破解,人气热门,hot,hotlist,,2026-09-22 10:30:33
9,青简输入法 0.1.3,,0,https://www.52pojie.cn/thread-2128786-1-1.html,,吾爱破解,人气热门,hot,hotlist,,2026-09-22 10:30:33
10,本地模型 快捷截图OCR工具（自动写入粘贴板）,,465,https://www.52pojie.cn/thread-2128632-1-1.html,,吾爱破解,人气热门,hot,hotlist,,2026-09-22 10:30:33
11,番茄小说下载器Tomato Novel Downloader v2.4.15,,2,https://www.52pojie.cn/thread-2127201-1-1.html,,吾爱破解,人气热门,hot,hotlist,,2026-09-22 10:30:33
12,鼠标自动点击工具 AutoClick v1.5.5,,1,https://www.52pojie.cn/thread-2128494-1-1.html,,吾爱破解,人气热门,hot,hotlist,,2026-09-22 10:30:33
13,【吾爱首发】FPAC Tool V2.0.0 （用于提取和重建部分游戏的PAC工具）,,2,https://www.52pojie.cn/thread-2128640-1-1.html,,吾爱破解,人气热门,hot,hotlist,,2026-09-22 10:30:33
14,PC微信整套皮肤【快速迭代中，已说明修改原理，可手动修改】,,151,https://www.52pojie.cn/thread-2127499-1-1.html,,吾爱破解,人气热门,hot,hotlist,,2026-09-22 10:30:33
15,茶话间 Teahouse v0.57.0,,0,https://www.52pojie.cn/thread-2127934-1-1.html,,吾爱破解,人气热门,hot,hotlist,,2026-09-22 10:30:33
16,视频下载器 Videdown v1.2.7,,1,https://www.52pojie.cn/thread-2129168-1-1.html,,吾爱破解,人气热门,hot,hotlist,,2026-09-22 10:30:33
17,手机投屏控制助手 scrcpy-helper v1.5.2,,1,https://www.52pojie.cn/thread-2127053-1-1.html,,吾爱破解,人气热门,hot,hotlist,,2026-09-22 10:30:33
18,OCR识图添加转表格功能 PaddleOCR-V6-Portable -1.01,,6,https://www.52pojie.cn/thread-2127382-1-1.html,,吾爱破解,人气热门,hot,hotlist,,2026-09-22 10:30:33
19,古诗词宝典 · Chinese Poetry Reader · v1.0.1,,1,https://www.52pojie.cn/thread-2127172-1-1.html,,吾爱破解,人气热门,hot,hotlist,,2026-09-22 10:30:33
20,运营工作台v1.9.0 · 2026-09-18,,1,https://www.52pojie.cn/thread-2128674-1-1.html,,吾爱破解,人气热门,hot,hotlist,,2026-09-22 10:30:33
21,软件安装包管理系统 v1.0（已更新V3.0局域网版本）,,1,https://www.52pojie.cn/thread-2127353-1-1.html,,吾爱破解,人气热门,hot,hotlist,,2026-09-22 10:30:33
22,WinRAR 7.30 beta1_x64 简体中文汉化版,,7,https://www.52pojie.cn/thread-2127514-1-1.html,,吾爱破解,人气热门,hot,hotlist,,2026-09-22 10:30:33
23,学习工作台 Study Workbench V1.1,,1,https://www.52pojie.cn/thread-2127066-1-1.html,,吾爱破解,人气热门,hot,hotlist,,2026-09-22 10:30:33
24,星愿浏览器 Twinkstar v11.4.1000.2609,,11,https://www.52pojie.cn/thread-2126907-1-1.html,,吾爱破解,人气热门,hot,hotlist,,2026-09-22 10:30:33
25,Excel通用财务账模板,,498,https://www.52pojie.cn/thread-2128163-1-1.html,,吾爱破解,人气热门,hot,hotlist,,2026-09-22 10:30:33
26,键鼠可视化工具 MouseKeyShow 1.5.1,,1,https://www.52pojie.cn/thread-2128607-1-1.html,,吾爱破解,人气热门,hot,hotlist,,2026-09-22 10:30:33
27,自动点击工具（图片识别与坐标点击）V2.0版,,2,https://www.52pojie.cn/thread-2129133-1-1.html,,吾爱破解,人气热门,hot,hotlist,,2026-09-22 10:30:33
28,PDF盖章和盖骑缝章工具1.1,,1,https://www.52pojie.cn/thread-2127317-1-1.html,,吾爱破解,人气热门,hot,hotlist,,2026-09-22 10:30:33
29,微信防撤回工具v1.3,,1,https://www.52pojie.cn/thread-2128266-1-1.html,,吾爱破解,人气热门,hot,hotlist,,2026-09-22 10:30:33
30,U盘镜像制作工具 balenaEtcher v2.1.7,,2,https://www.52pojie.cn/thread-2129075-1-1.html,,吾爱破解,人气热门,hot,hotlist,,2026-09-22 10:30:33
31,截图工具 Shotera v7.4.2,,7,https://www.52pojie.cn/thread-2127441-1-1.html,,吾爱破解,人气热门,hot,hotlist,,2026-09-22 10:30:33
32,MobaXterm 26.5 中文汉化版,,26,https://www.52pojie.cn/thread-2128457-1-1.html,,吾爱破解,人气热门,hot,hotlist,,2026-09-22 10:30:33
33,音乐音效和低音增强器 Music Equalizer & Volume Booster_1.0.1版本,,1,https://www.52pojie.cn/thread-2128452-1-1.html,,吾爱破解,人气热门,hot,hotlist,,2026-09-22 10:30:33
34,微信视频号下载器 wx_channels_download v260907,,260907,https://www.52pojie.cn/thread-2127850-1-1.html,,吾爱破解,人气热门,hot,hotlist,,2026-09-22 10:30:33
35,NetBlocker - 进程断网工具（路由黑洞+防火墙拦截）,,458,https://www.52pojie.cn/thread-2127139-1-1.html,,吾爱破解,人气热门,hot,hotlist,,2026-09-22 10:30:33
36,校园IP数字网络广播控制小工具,,140,https://www.52pojie.cn/thread-2128967-1-1.html,,吾爱破解,人气热门,hot,hotlist,,2026-09-22 10:30:33
37,收租管家-v4.0.apk（安卓安装包）,,4,https://www.52pojie.cn/thread-2127103-1-1.html,,吾爱破解,人气热门,hot,hotlist,,2026-09-22 10:30:33
38,手机转电脑麦克风工具 MicYou 2.0.3,,2,https://www.52pojie.cn/thread-2127730-1-1.html,,吾爱破解,人气热门,hot,hotlist,,2026-09-22 10:30:33
39,The Enigma Protector vm还原插件,,127,https://www.52pojie.cn/thread-2127264-1-1.html,,吾爱破解,人气热门,hot,hotlist,,2026-09-22 10:30:33
40,文件夹颜色更改工具 Teorex FolderIco 9.4.2,,9,https://www.52pojie.cn/thread-2128618-1-1.html,,吾爱破解,人气热门,hot,hotlist,,2026-09-22 10:30:33
41,剪辑工具 Concat  0.2.1,,0,https://www.52pojie.cn/thread-2127728-1-1.html,,吾爱破解,人气热门,hot,hotlist,,2026-09-22 10:30:33
42,文本编辑器 Notepad-- v3.8.3/Beta 3.9.0,,3,https://www.52pojie.cn/thread-2127515-1-1.html,,吾爱破解,人气热门,hot,hotlist,,2026-09-22 10:30:33
43,Ai逆向同花顺网站采集数据,,102,https://www.52pojie.cn/thread-2128820-1-1.html,,吾爱破解,人气热门,hot,hotlist,,2026-09-22 10:30:33
44,内网打印服务,,118,https://www.52pojie.cn/thread-2128747-1-1.html,,吾爱破解,人气热门,hot,hotlist,,2026-09-22 10:30:33
45,【更新】图片转换王V 1.06 支持【Al、PSD、PSB、PDF、RAW等格式】,,1,https://www.52pojie.cn/thread-2127837-1-1.html,,吾爱破解,人气热门,hot,hotlist,,2026-09-22 10:30:33
46,离在线系统IP地址查询器 V1.0,,1,https://www.52pojie.cn/thread-2128468-1-1.html,,吾爱破解,人气热门,hot,hotlist,,2026-09-22 10:30:33
47,幕映  MuCast投屏 v1.1,,1,https://www.52pojie.cn/thread-2127941-1-1.html,,吾爱破解,人气热门,hot,hotlist,,2026-09-22 10:30:33
48,截图工具 PixPin 3.5.5.1  便携正式版,,3,https://www.52pojie.cn/thread-2127743-1-1.html,,吾爱破解,人气热门,hot,hotlist,,2026-09-22 10:30:33
49,震撼发布：ZXC自动浏览器V0.1版本（市面上没有任何相关竞品，适配vue等所有框架）,,0,https://www.52pojie.cn/thread-2127312-1-1.html,,吾爱破解,人气热门,hot,hotlist,,2026-09-22 10:30:33
50,图吧工具箱 winUI3 版 v1.6.1,,3,https://www.52pojie.cn/thread-2127011-1-1.html,,吾爱破解,人气热门,hot,hotlist,,2026-09-22 10:30:33
1,快手 VMP 分析与还原,,2,https://www.52pojie.cn/thread-2123217-1-1.html,,吾爱破解,精华采撷,digest,hotlist,,2026-09-22 10:30:33
2,小蓝鸟 x-client-transaction-id 追溯分析,,2,https://www.52pojie.cn/thread-2122687-1-1.html,,吾爱破解,精华采撷,digest,hotlist,,2026-09-22 10:30:33
3,银狐WinOS伪装魔兽插件，远控木马攻击链分析,,2,https://www.52pojie.cn/thread-2122812-1-1.html,,吾爱破解,精华采撷,digest,hotlist,,2026-09-22 10:30:33
4,The Enigma Protector vm还原插件,,2,https://www.52pojie.cn/thread-2127264-1-1.html,,吾爱破解,精华采撷,digest,hotlist,,2026-09-22 10:30:33
5,某象滑块纯算逆向分析,,2,https://www.52pojie.cn/thread-2125447-1-1.html,,吾爱破解,精华采撷,digest,hotlist,,2026-09-22 10:30:33
6,某q音乐jsvmp浅析,,2,https://www.52pojie.cn/thread-2123850-1-1.html,,吾爱破解,精华采撷,digest,hotlist,,2026-09-22 10:30:33
7,【JS逆向实战】手撕雷速体育API：动态AES签名与魔改Gzip响应解密全解析,,2,https://www.52pojie.cn/thread-2122363-1-1.html,,吾爱破解,精华采撷,digest,hotlist,,2026-09-22 10:30:33
8,AIDA64 8.25.8200 Business 逆向工程与Keygen实战,,64,https://www.52pojie.cn/thread-2096924-1-1.html,,吾爱破解,精华采撷,digest,hotlist,,2026-09-22 10:30:33
9,某骗子黑产软件（手机远控）的分析,,2,https://www.52pojie.cn/thread-2117851-1-1.html,,吾爱破解,精华采撷,digest,hotlist,,2026-09-22 10:30:33
10,r0re 自动逆向分析工具实战记录：全通看雪 Android CTF，完整使用指南和源码解析,,0,https://www.52pojie.cn/thread-2122552-1-1.html,,吾爱破解,精华采撷,digest,hotlist,,2026-09-22 10:30:33
11,酷我破解js脚本分析,,2,https://www.52pojie.cn/thread-2088285-1-1.html,,吾爱破解,精华采撷,digest,hotlist,,2026-09-22 10:30:33
12,一个 Android 远控APP的逆向分析-从 AB 包隐藏、动态加载到无障碍远程控制支付流程,,2,https://www.52pojie.cn/thread-2121592-1-1.html,,吾爱破解,精华采撷,digest,hotlist,,2026-09-22 10:30:33
13,全程交给 AI，不写一行代码，本地复现 CCTV 视频播放链路的一次实战记录,,2,https://www.52pojie.cn/thread-2102594-1-1.html,,吾爱破解,精华采撷,digest,hotlist,,2026-09-22 10:30:33
14,x64dbg插件无驱动过vmp3.9.4反调试,,64,https://www.52pojie.cn/thread-2101175-1-1.html,,吾爱破解,精华采撷,digest,hotlist,,2026-09-22 10:30:33
15,八猫付费小说逆向-hostnameVerify&sign,,2,https://www.52pojie.cn/thread-2102001-1-1.html,,吾爱破解,精华采撷,digest,hotlist,,2026-09-22 10:30:33
16,逆向分析某排八字软件的过程,,2,https://www.52pojie.cn/thread-2114056-1-1.html,,吾爱破解,精华采撷,digest,hotlist,,2026-09-22 10:30:33
17,全流程使用AI，完成一次APK重打包。改包名、绕过 Native 校验、重建签名并去掉奖励...,,10,https://www.52pojie.cn/thread-2100927-1-1.html,,吾爱破解,精华采撷,digest,hotlist,,2026-09-22 10:30:33
18,当游戏越来越漂亮，外挂却越来越丑：作弊技术摸底（2026）,,2026,https://www.52pojie.cn/thread-2117216-1-1.html,,吾爱破解,精华采撷,digest,hotlist,,2026-09-22 10:30:33
19,Vibe Coding 从源码阅读到模块开发：基于最新版 Magisk Zygisk，移植实现一个带 We...,,2,https://www.52pojie.cn/thread-2107426-1-1.html,,吾爱破解,精华采撷,digest,hotlist,,2026-09-22 10:30:33
20,FlashSwirl 闪旋，对称加密算法库，支持流加密、AEAD加密、HASH、HMAC、HKDF、PBKDF2,,2,https://www.52pojie.cn/thread-2104834-1-1.html,,吾爱破解,精华采撷,digest,hotlist,,2026-09-22 10:30:33
21,企业微信聊天记录导出全解析,,10,https://www.52pojie.cn/thread-2107745-1-1.html,,吾爱破解,精华采撷,digest,hotlist,,2026-09-22 10:30:33
22,Typora v1.12.4 安全分析：反反调试与激活劫持,,1,https://www.52pojie.cn/thread-2084047-1-1.html,,吾爱破解,精华采撷,digest,hotlist,,2026-09-22 10:30:33
23,破解 Trae CN 加密协议,,10,https://www.52pojie.cn/thread-2113927-1-1.html,,吾爱破解,精华采撷,digest,hotlist,,2026-09-22 10:30:33
24,地表最强 Android so加载全景图,,2,https://www.52pojie.cn/thread-2083097-1-1.html,,吾爱破解,精华采撷,digest,hotlist,,2026-09-22 10:30:33
25,手把手教你给某讯滑块的JSVMP写反编译器 (如宝宝辅食一样易懂),,2,https://www.52pojie.cn/thread-2089027-1-1.html,,吾爱破解,精华采撷,digest,hotlist,,2026-09-22 10:30:33
26,一款WIFI密码搜索软件的授权算法分析,,2,https://www.52pojie.cn/thread-2097675-1-1.html,,吾爱破解,精华采撷,digest,hotlist,,2026-09-22 10:30:33
27,Allsafe靶场全解,,2,https://www.52pojie.cn/thread-2122890-1-1.html,,吾爱破解,精华采撷,digest,hotlist,,2026-09-22 10:30:33
28,某音 JSVMP bogus纯算,,2,https://www.52pojie.cn/thread-2120914-1-1.html,,吾爱破解,精华采撷,digest,hotlist,,2026-09-22 10:30:33
29,某音a_bogus jsvmp反编译,,2,https://www.52pojie.cn/thread-2116186-1-1.html,,吾爱破解,精华采撷,digest,hotlist,,2026-09-22 10:30:33
30,基于文本匹配的VMP还原思路,,2,https://www.52pojie.cn/thread-2115425-1-1.html,,吾爱破解,精华采撷,digest,hotlist,,2026-09-22 10:30:33
31,[长期更新] RV32IMAFDQ指令集模拟器 包含交互式汇编级调试器,,32,https://www.52pojie.cn/thread-2119162-1-1.html,,吾爱破解,精华采撷,digest,hotlist,,2026-09-22 10:30:33
32,对某java保护器本体的逆向分析,,2,https://www.52pojie.cn/thread-2116474-1-1.html,,吾爱破解,精华采撷,digest,hotlist,,2026-09-22 10:30:33
33,Web逆向 JS逆向 基础知识 ：Ignition解释器下一,,2,https://www.52pojie.cn/thread-2105820-1-1.html,,吾爱破解,精华采撷,digest,hotlist,,2026-09-22 10:30:33
34,Web逆向 JS逆向 基础知识 ： V8入门 JS详解 AST知识  字节码。。。。。。,,8,https://www.52pojie.cn/thread-2092084-1-1.html,,吾爱破解,精华采撷,digest,hotlist,,2026-09-22 10:30:33
35,某密企业版加固反调试与VMP分析,,2,https://www.52pojie.cn/thread-2093062-1-1.html,,吾爱破解,精华采撷,digest,hotlist,,2026-09-22 10:30:33
36,SpongeMixer企业级勒索软件的加密逻辑及行为分析,,2,https://www.52pojie.cn/thread-2116347-1-1.html,,吾爱破解,精华采撷,digest,hotlist,,2026-09-22 10:30:33
37,跨进程内存读写的攻防博弈：从内核缺页陷阱到应用层数据溯源,,2026,https://www.52pojie.cn/thread-2111373-1-1.html,,吾爱破解,精华采撷,digest,hotlist,,2026-09-22 10:30:33
38,web逆向基础知识--- js 事件 事件循环 和异步,,2,https://www.52pojie.cn/thread-2111598-1-1.html,,吾爱破解,精华采撷,digest,hotlist,,2026-09-22 10:30:33
39,h5st纯ai补环境+逆向,,5,https://www.52pojie.cn/thread-2092635-1-1.html,,吾爱破解,精华采撷,digest,hotlist,,2026-09-22 10:30:33
40,Sublime许可证分析：RSA PKCS#1标准详解+跨平台Keygen [开源],,1,https://www.52pojie.cn/thread-2090893-1-1.html,,吾爱破解,精华采撷,digest,hotlist,,2026-09-22 10:30:33
41,某红书-4.3.2-绕过ob直面JSVMP-mns0301-详细分析,,4,https://www.52pojie.cn/thread-2098573-1-1.html,,吾爱破解,精华采撷,digest,hotlist,,2026-09-22 10:30:33
42,某Q音乐sign纯算-vmp插桩日志分析,,2,https://www.52pojie.cn/thread-2104849-1-1.html,,吾爱破解,精华采撷,digest,hotlist,,2026-09-22 10:30:33
43,【AI辅助】iOS p12证书签名软件的逆向分析 + 证书获取,,12,https://www.52pojie.cn/thread-2100769-1-1.html,,吾爱破解,精华采撷,digest,hotlist,,2026-09-22 10:30:33
44,某红书4.3.2 ob混淆还原(字符串数组/字典/控制流平坦化),,4,https://www.52pojie.cn/thread-2100076-1-1.html,,吾爱破解,精华采撷,digest,hotlist,,2026-09-22 10:30:33
45,【兑现十年前的承诺】通过逆向分析老游戏XXX梦大富翁来制作外挂BGM启动器,,2,https://www.52pojie.cn/thread-2089150-1-1.html,,吾爱破解,精华采撷,digest,hotlist,,2026-09-22 10:30:33
46,cctv视频解密，wasm vmp分析,,2,https://www.52pojie.cn/thread-2094716-1-1.html,,吾爱破解,精华采撷,digest,hotlist,,2026-09-22 10:30:33
47,某企业加固dex vmp简单分析,,2,https://www.52pojie.cn/thread-2111432-1-1.html,,吾爱破解,精华采撷,digest,hotlist,,2026-09-22 10:30:33
48,2026春节解题领红包5 Windows中级题之Nuitka调试HOOK解题,,2026,https://www.52pojie.cn/thread-2100151-1-1.html,,吾爱破解,精华采撷,digest,hotlist,,2026-09-22 10:30:33
49,从POC到EXP：从0基础到v8 CVE-2021-38003复现,,0,https://www.52pojie.cn/thread-2107373-1-1.html,,吾爱破解,精华采撷,digest,hotlist,,2026-09-22 10:30:33
50,某音a_bogus详细分析-含50位数组生成过程,,50,https://www.52pojie.cn/thread-2092806-1-1.html,,吾爱破解,精华采撷,digest,hotlist,,2026-09-22 10:30:33
1,PDF去水印工具，无广告，不联网，全免费,,187,https://www.52pojie.cn/thread-2129197-1-1.html,,吾爱破解,人气热门,hot,hotlist,,2026-09-22 12:25:15
2,豆包输入法  V0.9.0,,0,https://www.52pojie.cn/thread-2129058-1-1.html,,吾爱破解,人气热门,hot,hotlist,,2026-09-22 12:25:15
3,人体穴位图解3.2.1版本,,3,https://www.52pojie.cn/thread-2128627-1-1.html,,吾爱破解,人气热门,hot,hotlist,,2026-09-22 12:25:15
4,想曰 v2.2.0.0 免费的文本加密工具,,2,https://www.52pojie.cn/thread-2129164-1-1.html,,吾爱破解,人气热门,hot,hotlist,,2026-09-22 12:25:15
5,中华人民共和国药典(2025年版)1.0版本,,2025,https://www.52pojie.cn/thread-2128710-1-1.html,,吾爱破解,人气热门,hot,hotlist,,2026-09-22 12:25:15
6,千千静听社区复刻版 TTPlayerRebuild v2026.09.20,,2026,https://www.52pojie.cn/thread-2129165-1-1.html,,吾爱破解,人气热门,hot,hotlist,,2026-09-22 12:25:15
7,软件导航网址收藏工具箱V260921,,260921,https://www.52pojie.cn/thread-2128345-1-1.html,,吾爱破解,人气热门,hot,hotlist,,2026-09-22 12:25:15
8,文本转语音工具edge-tts-gui v0.16.2,,0,https://www.52pojie.cn/thread-2127805-1-1.html,,吾爱破解,人气热门,hot,hotlist,,2026-09-22 12:25:15
9,青简输入法 0.1.3,,0,https://www.52pojie.cn/thread-2128786-1-1.html,,吾爱破解,人气热门,hot,hotlist,,2026-09-22 12:25:15
10,本地模型 快捷截图OCR工具（自动写入粘贴板）,,465,https://www.52pojie.cn/thread-2128632-1-1.html,,吾爱破解,人气热门,hot,hotlist,,2026-09-22 12:25:15
11,番茄小说下载器Tomato Novel Downloader v2.4.15,,2,https://www.52pojie.cn/thread-2127201-1-1.html,,吾爱破解,人气热门,hot,hotlist,,2026-09-22 12:25:15
12,鼠标自动点击工具 AutoClick v1.5.5,,1,https://www.52pojie.cn/thread-2128494-1-1.html,,吾爱破解,人气热门,hot,hotlist,,2026-09-22 12:25:15
13,【吾爱首发】FPAC Tool V2.0.0 （用于提取和重建部分游戏的PAC工具）,,2,https://www.52pojie.cn/thread-2128640-1-1.html,,吾爱破解,人气热门,hot,hotlist,,2026-09-22 12:25:15
14,PC微信整套皮肤【快速迭代中，已说明修改原理，可手动修改】,,151,https://www.52pojie.cn/thread-2127499-1-1.html,,吾爱破解,人气热门,hot,hotlist,,2026-09-22 12:25:15
15,茶话间 Teahouse v0.57.0,,0,https://www.52pojie.cn/thread-2127934-1-1.html,,吾爱破解,人气热门,hot,hotlist,,2026-09-22 12:25:15
16,视频下载器 Videdown v1.2.7,,1,https://www.52pojie.cn/thread-2129168-1-1.html,,吾爱破解,人气热门,hot,hotlist,,2026-09-22 12:25:15
17,手机投屏控制助手 scrcpy-helper v1.5.2,,1,https://www.52pojie.cn/thread-2127053-1-1.html,,吾爱破解,人气热门,hot,hotlist,,2026-09-22 12:25:15
18,OCR识图添加转表格功能 PaddleOCR-V6-Portable -1.01,,6,https://www.52pojie.cn/thread-2127382-1-1.html,,吾爱破解,人气热门,hot,hotlist,,2026-09-22 12:25:15
19,古诗词宝典 · Chinese Poetry Reader · v1.0.1,,1,https://www.52pojie.cn/thread-2127172-1-1.html,,吾爱破解,人气热门,hot,hotlist,,2026-09-22 12:25:15
20,运营工作台v1.9.0 · 2026-09-18,,1,https://www.52pojie.cn/thread-2128674-1-1.html,,吾爱破解,人气热门,hot,hotlist,,2026-09-22 12:25:15
21,软件安装包管理系统 v1.0（已更新V3.0局域网版本）,,1,https://www.52pojie.cn/thread-2127353-1-1.html,,吾爱破解,人气热门,hot,hotlist,,2026-09-22 12:25:15
22,WinRAR 7.30 beta1_x64 简体中文汉化版,,7,https://www.52pojie.cn/thread-2127514-1-1.html,,吾爱破解,人气热门,hot,hotlist,,2026-09-22 12:25:15
23,学习工作台 Study Workbench V1.1,,1,https://www.52pojie.cn/thread-2127066-1-1.html,,吾爱破解,人气热门,hot,hotlist,,2026-09-22 12:25:15
24,星愿浏览器 Twinkstar v11.4.1000.2609,,11,https://www.52pojie.cn/thread-2126907-1-1.html,,吾爱破解,人气热门,hot,hotlist,,2026-09-22 12:25:15
25,Excel通用财务账模板,,498,https://www.52pojie.cn/thread-2128163-1-1.html,,吾爱破解,人气热门,hot,hotlist,,2026-09-22 12:25:15
26,键鼠可视化工具 MouseKeyShow 1.5.1,,1,https://www.52pojie.cn/thread-2128607-1-1.html,,吾爱破解,人气热门,hot,hotlist,,2026-09-22 12:25:15
27,自动点击工具（图片识别与坐标点击）V2.0版,,2,https://www.52pojie.cn/thread-2129133-1-1.html,,吾爱破解,人气热门,hot,hotlist,,2026-09-22 12:25:15
28,PDF盖章和盖骑缝章工具1.1,,1,https://www.52pojie.cn/thread-2127317-1-1.html,,吾爱破解,人气热门,hot,hotlist,,2026-09-22 12:25:15
29,微信防撤回工具v1.3,,1,https://www.52pojie.cn/thread-2128266-1-1.html,,吾爱破解,人气热门,hot,hotlist,,2026-09-22 12:25:15
30,U盘镜像制作工具 balenaEtcher v2.1.7,,2,https://www.52pojie.cn/thread-2129075-1-1.html,,吾爱破解,人气热门,hot,hotlist,,2026-09-22 12:25:15
31,截图工具 Shotera v7.4.2,,7,https://www.52pojie.cn/thread-2127441-1-1.html,,吾爱破解,人气热门,hot,hotlist,,2026-09-22 12:25:15
32,MobaXterm 26.5 中文汉化版,,26,https://www.52pojie.cn/thread-2128457-1-1.html,,吾爱破解,人气热门,hot,hotlist,,2026-09-22 12:25:15
33,音乐音效和低音增强器 Music Equalizer & Volume Booster_1.0.1版本,,1,https://www.52pojie.cn/thread-2128452-1-1.html,,吾爱破解,人气热门,hot,hotlist,,2026-09-22 12:25:15
34,微信视频号下载器 wx_channels_download v260907,,260907,https://www.52pojie.cn/thread-2127850-1-1.html,,吾爱破解,人气热门,hot,hotlist,,2026-09-22 12:25:15
35,NetBlocker - 进程断网工具（路由黑洞+防火墙拦截）,,458,https://www.52pojie.cn/thread-2127139-1-1.html,,吾爱破解,人气热门,hot,hotlist,,2026-09-22 12:25:15
36,校园IP数字网络广播控制小工具,,140,https://www.52pojie.cn/thread-2128967-1-1.html,,吾爱破解,人气热门,hot,hotlist,,2026-09-22 12:25:15
37,收租管家-v4.0.apk（安卓安装包）,,4,https://www.52pojie.cn/thread-2127103-1-1.html,,吾爱破解,人气热门,hot,hotlist,,2026-09-22 12:25:15
38,手机转电脑麦克风工具 MicYou 2.0.3,,2,https://www.52pojie.cn/thread-2127730-1-1.html,,吾爱破解,人气热门,hot,hotlist,,2026-09-22 12:25:15
39,The Enigma Protector vm还原插件,,127,https://www.52pojie.cn/thread-2127264-1-1.html,,吾爱破解,人气热门,hot,hotlist,,2026-09-22 12:25:15
40,文件夹颜色更改工具 Teorex FolderIco 9.4.2,,9,https://www.52pojie.cn/thread-2128618-1-1.html,,吾爱破解,人气热门,hot,hotlist,,2026-09-22 12:25:15
41,剪辑工具 Concat  0.2.1,,0,https://www.52pojie.cn/thread-2127728-1-1.html,,吾爱破解,人气热门,hot,hotlist,,2026-09-22 12:25:15
42,文本编辑器 Notepad-- v3.8.3/Beta 3.9.0,,3,https://www.52pojie.cn/thread-2127515-1-1.html,,吾爱破解,人气热门,hot,hotlist,,2026-09-22 12:25:15
43,Ai逆向同花顺网站采集数据,,102,https://www.52pojie.cn/thread-2128820-1-1.html,,吾爱破解,人气热门,hot,hotlist,,2026-09-22 12:25:15
44,内网打印服务,,118,https://www.52pojie.cn/thread-2128747-1-1.html,,吾爱破解,人气热门,hot,hotlist,,2026-09-22 12:25:15
45,【更新】图片转换王V 1.06 支持【Al、PSD、PSB、PDF、RAW等格式】,,1,https://www.52pojie.cn/thread-2127837-1-1.html,,吾爱破解,人气热门,hot,hotlist,,2026-09-22 12:25:15
46,离在线系统IP地址查询器 V1.0,,1,https://www.52pojie.cn/thread-2128468-1-1.html,,吾爱破解,人气热门,hot,hotlist,,2026-09-22 12:25:15
47,幕映  MuCast投屏 v1.1,,1,https://www.52pojie.cn/thread-2127941-1-1.html,,吾爱破解,人气热门,hot,hotlist,,2026-09-22 12:25:15
48,截图工具 PixPin 3.5.5.1  便携正式版,,3,https://www.52pojie.cn/thread-2127743-1-1.html,,吾爱破解,人气热门,hot,hotlist,,2026-09-22 12:25:15
49,震撼发布：ZXC自动浏览器V0.1版本（市面上没有任何相关竞品，适配vue等所有框架）,,0,https://www.52pojie.cn/thread-2127312-1-1.html,,吾爱破解,人气热门,hot,hotlist,,2026-09-22 12:25:15
50,图吧工具箱 winUI3 版 v1.6.1,,3,https://www.52pojie.cn/thread-2127011-1-1.html,,吾爱破解,人气热门,hot,hotlist,,2026-09-22 12:25:15
1,CTF游戏逆向入门,,2,https://www.52pojie.cn/thread-2098123-1-1.html,,吾爱破解,精华采撷,digest,hotlist,,2026-09-22 12:25:15
2,某象滑块纯算逆向分析,,2,https://www.52pojie.cn/thread-2125447-1-1.html,,吾爱破解,精华采撷,digest,hotlist,,2026-09-22 12:25:15
3,快手 VMP 分析与还原,,2,https://www.52pojie.cn/thread-2123217-1-1.html,,吾爱破解,精华采撷,digest,hotlist,,2026-09-22 12:25:15
4,小蓝鸟 x-client-transaction-id 追溯分析,,2,https://www.52pojie.cn/thread-2122687-1-1.html,,吾爱破解,精华采撷,digest,hotlist,,2026-09-22 12:25:15
5,银狐WinOS伪装魔兽插件，远控木马攻击链分析,,2,https://www.52pojie.cn/thread-2122812-1-1.html,,吾爱破解,精华采撷,digest,hotlist,,2026-09-22 12:25:15
6,The Enigma Protector vm还原插件,,2,https://www.52pojie.cn/thread-2127264-1-1.html,,吾爱破解,精华采撷,digest,hotlist,,2026-09-22 12:25:15
7,某q音乐jsvmp浅析,,2,https://www.52pojie.cn/thread-2123850-1-1.html,,吾爱破解,精华采撷,digest,hotlist,,2026-09-22 12:25:15
8,【JS逆向实战】手撕雷速体育API：动态AES签名与魔改Gzip响应解密全解析,,2,https://www.52pojie.cn/thread-2122363-1-1.html,,吾爱破解,精华采撷,digest,hotlist,,2026-09-22 12:25:15
9,AIDA64 8.25.8200 Business 逆向工程与Keygen实战,,64,https://www.52pojie.cn/thread-2096924-1-1.html,,吾爱破解,精华采撷,digest,hotlist,,2026-09-22 12:25:15
10,某骗子黑产软件（手机远控）的分析,,2,https://www.52pojie.cn/thread-2117851-1-1.html,,吾爱破解,精华采撷,digest,hotlist,,2026-09-22 12:25:15
11,r0re 自动逆向分析工具实战记录：全通看雪 Android CTF，完整使用指南和源码解析,,0,https://www.52pojie.cn/thread-2122552-1-1.html,,吾爱破解,精华采撷,digest,hotlist,,2026-09-22 12:25:15
12,酷我破解js脚本分析,,2,https://www.52pojie.cn/thread-2088285-1-1.html,,吾爱破解,精华采撷,digest,hotlist,,2026-09-22 12:25:15
13,一个 Android 远控APP的逆向分析-从 AB 包隐藏、动态加载到无障碍远程控制支付流程,,2,https://www.52pojie.cn/thread-2121592-1-1.html,,吾爱破解,精华采撷,digest,hotlist,,2026-09-22 12:25:15
14,全程交给 AI，不写一行代码，本地复现 CCTV 视频播放链路的一次实战记录,,2,https://www.52pojie.cn/thread-2102594-1-1.html,,吾爱破解,精华采撷,digest,hotlist,,2026-09-22 12:25:15
15,x64dbg插件无驱动过vmp3.9.4反调试,,64,https://www.52pojie.cn/thread-2101175-1-1.html,,吾爱破解,精华采撷,digest,hotlist,,2026-09-22 12:25:15
16,八猫付费小说逆向-hostnameVerify&sign,,2,https://www.52pojie.cn/thread-2102001-1-1.html,,吾爱破解,精华采撷,digest,hotlist,,2026-09-22 12:25:15
17,逆向分析某排八字软件的过程,,2,https://www.52pojie.cn/thread-2114056-1-1.html,,吾爱破解,精华采撷,digest,hotlist,,2026-09-22 12:25:15
18,全流程使用AI，完成一次APK重打包。改包名、绕过 Native 校验、重建签名并去掉奖励...,,10,https://www.52pojie.cn/thread-2100927-1-1.html,,吾爱破解,精华采撷,digest,hotlist,,2026-09-22 12:25:15
19,当游戏越来越漂亮，外挂却越来越丑：作弊技术摸底（2026）,,2026,https://www.52pojie.cn/thread-2117216-1-1.html,,吾爱破解,精华采撷,digest,hotlist,,2026-09-22 12:25:15
20,Vibe Coding 从源码阅读到模块开发：基于最新版 Magisk Zygisk，移植实现一个带 We...,,2,https://www.52pojie.cn/thread-2107426-1-1.html,,吾爱破解,精华采撷,digest,hotlist,,2026-09-22 12:25:15
21,FlashSwirl 闪旋，对称加密算法库，支持流加密、AEAD加密、HASH、HMAC、HKDF、PBKDF2,,2,https://www.52pojie.cn/thread-2104834-1-1.html,,吾爱破解,精华采撷,digest,hotlist,,2026-09-22 12:25:15
22,企业微信聊天记录导出全解析,,10,https://www.52pojie.cn/thread-2107745-1-1.html,,吾爱破解,精华采撷,digest,hotlist,,2026-09-22 12:25:15
23,Typora v1.12.4 安全分析：反反调试与激活劫持,,1,https://www.52pojie.cn/thread-2084047-1-1.html,,吾爱破解,精华采撷,digest,hotlist,,2026-09-22 12:25:15
24,破解 Trae CN 加密协议,,10,https://www.52pojie.cn/thread-2113927-1-1.html,,吾爱破解,精华采撷,digest,hotlist,,2026-09-22 12:25:15
25,地表最强 Android so加载全景图,,2,https://www.52pojie.cn/thread-2083097-1-1.html,,吾爱破解,精华采撷,digest,hotlist,,2026-09-22 12:25:15
26,手把手教你给某讯滑块的JSVMP写反编译器 (如宝宝辅食一样易懂),,2,https://www.52pojie.cn/thread-2089027-1-1.html,,吾爱破解,精华采撷,digest,hotlist,,2026-09-22 12:25:15
27,一款WIFI密码搜索软件的授权算法分析,,2,https://www.52pojie.cn/thread-2097675-1-1.html,,吾爱破解,精华采撷,digest,hotlist,,2026-09-22 12:25:15
28,Allsafe靶场全解,,2,https://www.52pojie.cn/thread-2122890-1-1.html,,吾爱破解,精华采撷,digest,hotlist,,2026-09-22 12:25:15
29,某音 JSVMP bogus纯算,,2,https://www.52pojie.cn/thread-2120914-1-1.html,,吾爱破解,精华采撷,digest,hotlist,,2026-09-22 12:25:15
30,某音a_bogus jsvmp反编译,,2,https://www.52pojie.cn/thread-2116186-1-1.html,,吾爱破解,精华采撷,digest,hotlist,,2026-09-22 12:25:15
31,基于文本匹配的VMP还原思路,,2,https://www.52pojie.cn/thread-2115425-1-1.html,,吾爱破解,精华采撷,digest,hotlist,,2026-09-22 12:25:15
32,[长期更新] RV32IMAFDQ指令集模拟器 包含交互式汇编级调试器,,32,https://www.52pojie.cn/thread-2119162-1-1.html,,吾爱破解,精华采撷,digest,hotlist,,2026-09-22 12:25:15
33,对某java保护器本体的逆向分析,,2,https://www.52pojie.cn/thread-2116474-1-1.html,,吾爱破解,精华采撷,digest,hotlist,,2026-09-22 12:25:15
34,Web逆向 JS逆向 基础知识 ：Ignition解释器下一,,2,https://www.52pojie.cn/thread-2105820-1-1.html,,吾爱破解,精华采撷,digest,hotlist,,2026-09-22 12:25:15
35,Web逆向 JS逆向 基础知识 ： V8入门 JS详解 AST知识  字节码。。。。。。,,8,https://www.52pojie.cn/thread-2092084-1-1.html,,吾爱破解,精华采撷,digest,hotlist,,2026-09-22 12:25:15
36,某密企业版加固反调试与VMP分析,,2,https://www.52pojie.cn/thread-2093062-1-1.html,,吾爱破解,精华采撷,digest,hotlist,,2026-09-22 12:25:15
37,SpongeMixer企业级勒索软件的加密逻辑及行为分析,,2,https://www.52pojie.cn/thread-2116347-1-1.html,,吾爱破解,精华采撷,digest,hotlist,,2026-09-22 12:25:15
38,跨进程内存读写的攻防博弈：从内核缺页陷阱到应用层数据溯源,,2026,https://www.52pojie.cn/thread-2111373-1-1.html,,吾爱破解,精华采撷,digest,hotlist,,2026-09-22 12:25:15
39,web逆向基础知识--- js 事件 事件循环 和异步,,2,https://www.52pojie.cn/thread-2111598-1-1.html,,吾爱破解,精华采撷,digest,hotlist,,2026-09-22 12:25:15
40,h5st纯ai补环境+逆向,,5,https://www.52pojie.cn/thread-2092635-1-1.html,,吾爱破解,精华采撷,digest,hotlist,,2026-09-22 12:25:15
41,Sublime许可证分析：RSA PKCS#1标准详解+跨平台Keygen [开源],,1,https://www.52pojie.cn/thread-2090893-1-1.html,,吾爱破解,精华采撷,digest,hotlist,,2026-09-22 12:25:15
42,某红书-4.3.2-绕过ob直面JSVMP-mns0301-详细分析,,4,https://www.52pojie.cn/thread-2098573-1-1.html,,吾爱破解,精华采撷,digest,hotlist,,2026-09-22 12:25:15
43,某Q音乐sign纯算-vmp插桩日志分析,,2,https://www.52pojie.cn/thread-2104849-1-1.html,,吾爱破解,精华采撷,digest,hotlist,,2026-09-22 12:25:15
44,【AI辅助】iOS p12证书签名软件的逆向分析 + 证书获取,,12,https://www.52pojie.cn/thread-2100769-1-1.html,,吾爱破解,精华采撷,digest,hotlist,,2026-09-22 12:25:15
45,某红书4.3.2 ob混淆还原(字符串数组/字典/控制流平坦化),,4,https://www.52pojie.cn/thread-2100076-1-1.html,,吾爱破解,精华采撷,digest,hotlist,,2026-09-22 12:25:15
46,【兑现十年前的承诺】通过逆向分析老游戏XXX梦大富翁来制作外挂BGM启动器,,2,https://www.52pojie.cn/thread-2089150-1-1.html,,吾爱破解,精华采撷,digest,hotlist,,2026-09-22 12:25:15
47,cctv视频解密，wasm vmp分析,,2,https://www.52pojie.cn/thread-2094716-1-1.html,,吾爱破解,精华采撷,digest,hotlist,,2026-09-22 12:25:15
48,某企业加固dex vmp简单分析,,2,https://www.52pojie.cn/thread-2111432-1-1.html,,吾爱破解,精华采撷,digest,hotlist,,2026-09-22 12:25:15
49,2026春节解题领红包5 Windows中级题之Nuitka调试HOOK解题,,2026,https://www.52pojie.cn/thread-2100151-1-1.html,,吾爱破解,精华采撷,digest,hotlist,,2026-09-22 12:25:15
50,从POC到EXP：从0基础到v8 CVE-2021-38003复现,,0,https://www.52pojie.cn/thread-2107373-1-1.html,,吾爱破解,精华采撷,digest,hotlist,,2026-09-22 12:25:15
1,本地模型 快捷截图OCR工具（自动写入粘贴板）更新v1.1,,1,https://www.52pojie.cn/thread-2128632-1-1.html,,吾爱破解,人气热门,hot,hotlist,,2026-09-22 13:22:29
2,第三方精简版知乎 Zhihu++ v0.29.2,,0,https://www.52pojie.cn/thread-2128075-1-1.html,,吾爱破解,人气热门,hot,hotlist,,2026-09-22 13:22:29
3,青简输入法 0.1.3,,0,https://www.52pojie.cn/thread-2128786-1-1.html,,吾爱破解,人气热门,hot,hotlist,,2026-09-22 13:22:29
4,PC微信整套皮肤【快速迭代中，已说明修改原理，可手动修改】,,156,https://www.52pojie.cn/thread-2127499-1-1.html,,吾爱破解,人气热门,hot,hotlist,,2026-09-22 13:22:29
5,自动点击工具（图片识别与坐标点击）V2.0版,,2,https://www.52pojie.cn/thread-2129133-1-1.html,,吾爱破解,人气热门,hot,hotlist,,2026-09-22 13:22:29
6,中华人民共和国药典(2025年版)1.0版本,,2025,https://www.52pojie.cn/thread-2128710-1-1.html,,吾爱破解,人气热门,hot,hotlist,,2026-09-22 13:22:29
7,豆包输入法  V0.9.0,,0,https://www.52pojie.cn/thread-2129058-1-1.html,,吾爱破解,人气热门,hot,hotlist,,2026-09-22 13:22:29
8,内网打印服务,,118,https://www.52pojie.cn/thread-2128747-1-1.html,,吾爱破解,人气热门,hot,hotlist,,2026-09-22 13:22:29
9,U盘镜像制作工具 balenaEtcher v2.1.7,,2,https://www.52pojie.cn/thread-2129075-1-1.html,,吾爱破解,人气热门,hot,hotlist,,2026-09-22 13:22:29
10,想曰 v2.2.0.0 免费的文本加密工具,,2,https://www.52pojie.cn/thread-2129164-1-1.html,,吾爱破解,人气热门,hot,hotlist,,2026-09-22 13:22:29
11,千千静听社区复刻版 TTPlayerRebuild v2026.09.20,,2026,https://www.52pojie.cn/thread-2129165-1-1.html,,吾爱破解,人气热门,hot,hotlist,,2026-09-22 13:22:29
12,人体穴位图解3.2.1版本,,3,https://www.52pojie.cn/thread-2128627-1-1.html,,吾爱破解,人气热门,hot,hotlist,,2026-09-22 13:22:29
13,鼠标自动点击工具 AutoClick v1.5.5,,1,https://www.52pojie.cn/thread-2128494-1-1.html,,吾爱破解,人气热门,hot,hotlist,,2026-09-22 13:22:29
14,PDF去水印工具，无广告，不联网，全免费,,297,https://www.52pojie.cn/thread-2129197-1-1.html,,吾爱破解,人气热门,hot,hotlist,,2026-09-22 13:22:29
15,收租管家-v4.0.apk（安卓安装包）,,4,https://www.52pojie.cn/thread-2127103-1-1.html,,吾爱破解,人气热门,hot,hotlist,,2026-09-22 13:22:29
16,视频下载器 Videdown v1.2.7,,1,https://www.52pojie.cn/thread-2129168-1-1.html,,吾爱破解,人气热门,hot,hotlist,,2026-09-22 13:22:29
17,文字转语音合成工具TTS-Vue-Next v0.1.0,,0,https://www.52pojie.cn/thread-2129297-1-1.html,,吾爱破解,人气热门,hot,hotlist,,2026-09-22 13:22:29
18,万物工具箱 6.9.26.828,,6,https://www.52pojie.cn/thread-2127033-1-1.html,,吾爱破解,人气热门,hot,hotlist,,2026-09-22 13:22:29
19,聚合书源小说下载器 sonovel v1.11.0,,1,https://www.52pojie.cn/thread-2129296-1-1.html,,吾爱破解,人气热门,hot,hotlist,,2026-09-22 13:22:29
20,幕映  MuCast投屏 v1.1,,1,https://www.52pojie.cn/thread-2127941-1-1.html,,吾爱破解,人气热门,hot,hotlist,,2026-09-22 13:22:29
21,截图工具 PixPin 3.5.5.1  便携正式版,,3,https://www.52pojie.cn/thread-2127743-1-1.html,,吾爱破解,人气热门,hot,hotlist,,2026-09-22 13:22:29
22,离在线系统IP地址查询器 V1.0,,1,https://www.52pojie.cn/thread-2128468-1-1.html,,吾爱破解,人气热门,hot,hotlist,,2026-09-22 13:22:29
23,全文搜索工具 FileLocator 9.3.3566.1 官方版,,9,https://www.52pojie.cn/thread-2128649-1-1.html,,吾爱破解,人气热门,hot,hotlist,,2026-09-22 13:22:29
24,微信防撤回工具v1.3,,1,https://www.52pojie.cn/thread-2128266-1-1.html,,吾爱破解,人气热门,hot,hotlist,,2026-09-22 13:22:29
25,Excel通用财务账模板,,505,https://www.52pojie.cn/thread-2128163-1-1.html,,吾爱破解,人气热门,hot,hotlist,,2026-09-22 13:22:29
26,MobaXterm 26.5 中文汉化版,,26,https://www.52pojie.cn/thread-2128457-1-1.html,,吾爱破解,人气热门,hot,hotlist,,2026-09-22 13:22:29
27,软件安装包管理系统 v1.0（已更新V3.0局域网版本）,,1,https://www.52pojie.cn/thread-2127353-1-1.html,,吾爱破解,人气热门,hot,hotlist,,2026-09-22 13:22:29
28,图吧工具箱 winUI3 版 v1.6.1,,3,https://www.52pojie.cn/thread-2127011-1-1.html,,吾爱破解,人气热门,hot,hotlist,,2026-09-22 13:22:29
29,文本转语音工具edge-tts-gui v0.16.2,,0,https://www.52pojie.cn/thread-2127805-1-1.html,,吾爱破解,人气热门,hot,hotlist,,2026-09-22 13:22:29
30,WinRAR 7.30 beta1_x64 简体中文汉化版,,7,https://www.52pojie.cn/thread-2127514-1-1.html,,吾爱破解,人气热门,hot,hotlist,,2026-09-22 13:22:29
31,茶话间 Teahouse v0.57.0,,0,https://www.52pojie.cn/thread-2127934-1-1.html,,吾爱破解,人气热门,hot,hotlist,,2026-09-22 13:22:29
32,番茄小说下载器Tomato Novel Downloader v2.4.15,,2,https://www.52pojie.cn/thread-2127201-1-1.html,,吾爱破解,人气热门,hot,hotlist,,2026-09-22 13:22:29
33,软件导航网址收藏工具箱V260921,,260921,https://www.52pojie.cn/thread-2128345-1-1.html,,吾爱破解,人气热门,hot,hotlist,,2026-09-22 13:22:29
34,微信视频号下载器 wx_channels_download v260907,,260907,https://www.52pojie.cn/thread-2127850-1-1.html,,吾爱破解,人气热门,hot,hotlist,,2026-09-22 13:22:29
35,学习工作台 Study Workbench V1.1,,1,https://www.52pojie.cn/thread-2127066-1-1.html,,吾爱破解,人气热门,hot,hotlist,,2026-09-22 13:22:29
36,剪辑工具 Concat  0.2.1,,0,https://www.52pojie.cn/thread-2127728-1-1.html,,吾爱破解,人气热门,hot,hotlist,,2026-09-22 13:22:29
37,PDF盖章和盖骑缝章工具1.1,,1,https://www.52pojie.cn/thread-2127317-1-1.html,,吾爱破解,人气热门,hot,hotlist,,2026-09-22 13:22:29
38,【吾爱首发】FPAC Tool V2.0.0 （用于提取和重建部分游戏的PAC工具）,,2,https://www.52pojie.cn/thread-2128640-1-1.html,,吾爱破解,人气热门,hot,hotlist,,2026-09-22 13:22:29
39,手机投屏控制助手 scrcpy-helper v1.5.2,,1,https://www.52pojie.cn/thread-2127053-1-1.html,,吾爱破解,人气热门,hot,hotlist,,2026-09-22 13:22:29
40,OCR识图添加转表格功能 PaddleOCR-V6-Portable -1.01,,6,https://www.52pojie.cn/thread-2127382-1-1.html,,吾爱破解,人气热门,hot,hotlist,,2026-09-22 13:22:29
41,古诗词宝典 · Chinese Poetry Reader · v1.0.1,,1,https://www.52pojie.cn/thread-2127172-1-1.html,,吾爱破解,人气热门,hot,hotlist,,2026-09-22 13:22:29
42,运营工作台v1.9.0 · 2026-09-18,,1,https://www.52pojie.cn/thread-2128674-1-1.html,,吾爱破解,人气热门,hot,hotlist,,2026-09-22 13:22:29
43,键鼠可视化工具 MouseKeyShow 1.5.1,,1,https://www.52pojie.cn/thread-2128607-1-1.html,,吾爱破解,人气热门,hot,hotlist,,2026-09-22 13:22:29
44,截图工具 Shotera v7.4.2,,7,https://www.52pojie.cn/thread-2127441-1-1.html,,吾爱破解,人气热门,hot,hotlist,,2026-09-22 13:22:29
45,音乐音效和低音增强器 Music Equalizer & Volume Booster_1.0.1版本,,1,https://www.52pojie.cn/thread-2128452-1-1.html,,吾爱破解,人气热门,hot,hotlist,,2026-09-22 13:22:29
46,NetBlocker - 进程断网工具（路由黑洞+防火墙拦截）,,458,https://www.52pojie.cn/thread-2127139-1-1.html,,吾爱破解,人气热门,hot,hotlist,,2026-09-22 13:22:29
47,校园IP数字网络广播控制小工具,,140,https://www.52pojie.cn/thread-2128967-1-1.html,,吾爱破解,人气热门,hot,hotlist,,2026-09-22 13:22:29
48,手机转电脑麦克风工具 MicYou 2.0.3,,2,https://www.52pojie.cn/thread-2127730-1-1.html,,吾爱破解,人气热门,hot,hotlist,,2026-09-22 13:22:29
49,The Enigma Protector vm还原插件,,127,https://www.52pojie.cn/thread-2127264-1-1.html,,吾爱破解,人气热门,hot,hotlist,,2026-09-22 13:22:29
50,文件夹颜色更改工具 Teorex FolderIco 9.4.2,,9,https://www.52pojie.cn/thread-2128618-1-1.html,,吾爱破解,人气热门,hot,hotlist,,2026-09-22 13:22:29
1,当游戏越来越漂亮，外挂却越来越丑：作弊技术摸底（2026）,,2026,https://www.52pojie.cn/thread-2117216-1-1.html,,吾爱破解,精华采撷,digest,hotlist,,2026-09-22 13:22:29
2,CTF游戏逆向入门,,2,https://www.52pojie.cn/thread-2098123-1-1.html,,吾爱破解,精华采撷,digest,hotlist,,2026-09-22 13:22:29
3,某象滑块纯算逆向分析,,2,https://www.52pojie.cn/thread-2125447-1-1.html,,吾爱破解,精华采撷,digest,hotlist,,2026-09-22 13:22:29
4,快手 VMP 分析与还原,,2,https://www.52pojie.cn/thread-2123217-1-1.html,,吾爱破解,精华采撷,digest,hotlist,,2026-09-22 13:22:29
5,小蓝鸟 x-client-transaction-id 追溯分析,,2,https://www.52pojie.cn/thread-2122687-1-1.html,,吾爱破解,精华采撷,digest,hotlist,,2026-09-22 13:22:29
6,银狐WinOS伪装魔兽插件，远控木马攻击链分析,,2,https://www.52pojie.cn/thread-2122812-1-1.html,,吾爱破解,精华采撷,digest,hotlist,,2026-09-22 13:22:29
7,The Enigma Protector vm还原插件,,2,https://www.52pojie.cn/thread-2127264-1-1.html,,吾爱破解,精华采撷,digest,hotlist,,2026-09-22 13:22:29
8,某q音乐jsvmp浅析,,2,https://www.52pojie.cn/thread-2123850-1-1.html,,吾爱破解,精华采撷,digest,hotlist,,2026-09-22 13:22:29
9,【JS逆向实战】手撕雷速体育API：动态AES签名与魔改Gzip响应解密全解析,,2,https://www.52pojie.cn/thread-2122363-1-1.html,,吾爱破解,精华采撷,digest,hotlist,,2026-09-22 13:22:29
10,AIDA64 8.25.8200 Business 逆向工程与Keygen实战,,64,https://www.52pojie.cn/thread-2096924-1-1.html,,吾爱破解,精华采撷,digest,hotlist,,2026-09-22 13:22:29
11,某骗子黑产软件（手机远控）的分析,,2,https://www.52pojie.cn/thread-2117851-1-1.html,,吾爱破解,精华采撷,digest,hotlist,,2026-09-22 13:22:29
12,r0re 自动逆向分析工具实战记录：全通看雪 Android CTF，完整使用指南和源码解析,,0,https://www.52pojie.cn/thread-2122552-1-1.html,,吾爱破解,精华采撷,digest,hotlist,,2026-09-22 13:22:29
13,酷我破解js脚本分析,,2,https://www.52pojie.cn/thread-2088285-1-1.html,,吾爱破解,精华采撷,digest,hotlist,,2026-09-22 13:22:29
14,一个 Android 远控APP的逆向分析-从 AB 包隐藏、动态加载到无障碍远程控制支付流程,,2,https://www.52pojie.cn/thread-2121592-1-1.html,,吾爱破解,精华采撷,digest,hotlist,,2026-09-22 13:22:29
15,全程交给 AI，不写一行代码，本地复现 CCTV 视频播放链路的一次实战记录,,2,https://www.52pojie.cn/thread-2102594-1-1.html,,吾爱破解,精华采撷,digest,hotlist,,2026-09-22 13:22:29
16,x64dbg插件无驱动过vmp3.9.4反调试,,64,https://www.52pojie.cn/thread-2101175-1-1.html,,吾爱破解,精华采撷,digest,hotlist,,2026-09-22 13:22:29
17,八猫付费小说逆向-hostnameVerify&sign,,2,https://www.52pojie.cn/thread-2102001-1-1.html,,吾爱破解,精华采撷,digest,hotlist,,2026-09-22 13:22:29
18,逆向分析某排八字软件的过程,,2,https://www.52pojie.cn/thread-2114056-1-1.html,,吾爱破解,精华采撷,digest,hotlist,,2026-09-22 13:22:29
19,全流程使用AI，完成一次APK重打包。改包名、绕过 Native 校验、重建签名并去掉奖励...,,10,https://www.52pojie.cn/thread-2100927-1-1.html,,吾爱破解,精华采撷,digest,hotlist,,2026-09-22 13:22:29
20,Vibe Coding 从源码阅读到模块开发：基于最新版 Magisk Zygisk，移植实现一个带 We...,,2,https://www.52pojie.cn/thread-2107426-1-1.html,,吾爱破解,精华采撷,digest,hotlist,,2026-09-22 13:22:29
21,FlashSwirl 闪旋，对称加密算法库，支持流加密、AEAD加密、HASH、HMAC、HKDF、PBKDF2,,2,https://www.52pojie.cn/thread-2104834-1-1.html,,吾爱破解,精华采撷,digest,hotlist,,2026-09-22 13:22:29
22,企业微信聊天记录导出全解析,,10,https://www.52pojie.cn/thread-2107745-1-1.html,,吾爱破解,精华采撷,digest,hotlist,,2026-09-22 13:22:29
23,Typora v1.12.4 安全分析：反反调试与激活劫持,,1,https://www.52pojie.cn/thread-2084047-1-1.html,,吾爱破解,精华采撷,digest,hotlist,,2026-09-22 13:22:29
24,破解 Trae CN 加密协议,,10,https://www.52pojie.cn/thread-2113927-1-1.html,,吾爱破解,精华采撷,digest,hotlist,,2026-09-22 13:22:29
25,地表最强 Android so加载全景图,,2,https://www.52pojie.cn/thread-2083097-1-1.html,,吾爱破解,精华采撷,digest,hotlist,,2026-09-22 13:22:29
26,手把手教你给某讯滑块的JSVMP写反编译器 (如宝宝辅食一样易懂),,2,https://www.52pojie.cn/thread-2089027-1-1.html,,吾爱破解,精华采撷,digest,hotlist,,2026-09-22 13:22:29
27,一款WIFI密码搜索软件的授权算法分析,,2,https://www.52pojie.cn/thread-2097675-1-1.html,,吾爱破解,精华采撷,digest,hotlist,,2026-09-22 13:22:29
28,Allsafe靶场全解,,2,https://www.52pojie.cn/thread-2122890-1-1.html,,吾爱破解,精华采撷,digest,hotlist,,2026-09-22 13:22:29
29,某音 JSVMP bogus纯算,,2,https://www.52pojie.cn/thread-2120914-1-1.html,,吾爱破解,精华采撷,digest,hotlist,,2026-09-22 13:22:29
30,某音a_bogus jsvmp反编译,,2,https://www.52pojie.cn/thread-2116186-1-1.html,,吾爱破解,精华采撷,digest,hotlist,,2026-09-22 13:22:29
31,基于文本匹配的VMP还原思路,,2,https://www.52pojie.cn/thread-2115425-1-1.html,,吾爱破解,精华采撷,digest,hotlist,,2026-09-22 13:22:29
32,[长期更新] RV32IMAFDQ指令集模拟器 包含交互式汇编级调试器,,32,https://www.52pojie.cn/thread-2119162-1-1.html,,吾爱破解,精华采撷,digest,hotlist,,2026-09-22 13:22:29
33,对某java保护器本体的逆向分析,,2,https://www.52pojie.cn/thread-2116474-1-1.html,,吾爱破解,精华采撷,digest,hotlist,,2026-09-22 13:22:29
34,Web逆向 JS逆向 基础知识 ：Ignition解释器下一,,2,https://www.52pojie.cn/thread-2105820-1-1.html,,吾爱破解,精华采撷,digest,hotlist,,2026-09-22 13:22:29
35,Web逆向 JS逆向 基础知识 ： V8入门 JS详解 AST知识  字节码。。。。。。,,8,https://www.52pojie.cn/thread-2092084-1-1.html,,吾爱破解,精华采撷,digest,hotlist,,2026-09-22 13:22:29
36,某密企业版加固反调试与VMP分析,,2,https://www.52pojie.cn/thread-2093062-1-1.html,,吾爱破解,精华采撷,digest,hotlist,,2026-09-22 13:22:29
37,SpongeMixer企业级勒索软件的加密逻辑及行为分析,,2,https://www.52pojie.cn/thread-2116347-1-1.html,,吾爱破解,精华采撷,digest,hotlist,,2026-09-22 13:22:29
38,跨进程内存读写的攻防博弈：从内核缺页陷阱到应用层数据溯源,,2026,https://www.52pojie.cn/thread-2111373-1-1.html,,吾爱破解,精华采撷,digest,hotlist,,2026-09-22 13:22:29
39,web逆向基础知识--- js 事件 事件循环 和异步,,2,https://www.52pojie.cn/thread-2111598-1-1.html,,吾爱破解,精华采撷,digest,hotlist,,2026-09-22 13:22:29
40,h5st纯ai补环境+逆向,,5,https://www.52pojie.cn/thread-2092635-1-1.html,,吾爱破解,精华采撷,digest,hotlist,,2026-09-22 13:22:29
41,Sublime许可证分析：RSA PKCS#1标准详解+跨平台Keygen [开源],,1,https://www.52pojie.cn/thread-2090893-1-1.html,,吾爱破解,精华采撷,digest,hotlist,,2026-09-22 13:22:29
42,某红书-4.3.2-绕过ob直面JSVMP-mns0301-详细分析,,4,https://www.52pojie.cn/thread-2098573-1-1.html,,吾爱破解,精华采撷,digest,hotlist,,2026-09-22 13:22:29
43,某Q音乐sign纯算-vmp插桩日志分析,,2,https://www.52pojie.cn/thread-2104849-1-1.html,,吾爱破解,精华采撷,digest,hotlist,,2026-09-22 13:22:29
44,【AI辅助】iOS p12证书签名软件的逆向分析 + 证书获取,,12,https://www.52pojie.cn/thread-2100769-1-1.html,,吾爱破解,精华采撷,digest,hotlist,,2026-09-22 13:22:29
45,某红书4.3.2 ob混淆还原(字符串数组/字典/控制流平坦化),,4,https://www.52pojie.cn/thread-2100076-1-1.html,,吾爱破解,精华采撷,digest,hotlist,,2026-09-22 13:22:29
46,【兑现十年前的承诺】通过逆向分析老游戏XXX梦大富翁来制作外挂BGM启动器,,2,https://www.52pojie.cn/thread-2089150-1-1.html,,吾爱破解,精华采撷,digest,hotlist,,2026-09-22 13:22:29
47,cctv视频解密，wasm vmp分析,,2,https://www.52pojie.cn/thread-2094716-1-1.html,,吾爱破解,精华采撷,digest,hotlist,,2026-09-22 13:22:29
48,某企业加固dex vmp简单分析,,2,https://www.52pojie.cn/thread-2111432-1-1.html,,吾爱破解,精华采撷,digest,hotlist,,2026-09-22 13:22:29
49,2026春节解题领红包5 Windows中级题之Nuitka调试HOOK解题,,2026,https://www.52pojie.cn/thread-2100151-1-1.html,,吾爱破解,精华采撷,digest,hotlist,,2026-09-22 13:22:29
50,从POC到EXP：从0基础到v8 CVE-2021-38003复现,,0,https://www.52pojie.cn/thread-2107373-1-1.html,,吾爱破解,精华采撷,digest,hotlist,,2026-09-22 13:22:29
1,本地模型 快捷截图OCR工具（自动写入粘贴板）更新v1.1,,1,https://www.52pojie.cn/thread-2128632-1-1.html,,吾爱破解,人气热门,hot,hotlist,,2026-09-22 14:36:29
2,第三方精简版知乎 Zhihu++ v0.29.2,,0,https://www.52pojie.cn/thread-2128075-1-1.html,,吾爱破解,人气热门,hot,hotlist,,2026-09-22 14:36:29
3,青简输入法 0.1.3,,0,https://www.52pojie.cn/thread-2128786-1-1.html,,吾爱破解,人气热门,hot,hotlist,,2026-09-22 14:36:29
4,PC微信整套皮肤【快速迭代中，已说明修改原理，可手动修改】,,156,https://www.52pojie.cn/thread-2127499-1-1.html,,吾爱破解,人气热门,hot,hotlist,,2026-09-22 14:36:29
5,自动点击工具（图片识别与坐标点击）V2.0版,,2,https://www.52pojie.cn/thread-2129133-1-1.html,,吾爱破解,人气热门,hot,hotlist,,2026-09-22 14:36:29
6,中华人民共和国药典(2025年版)1.0版本,,2025,https://www.52pojie.cn/thread-2128710-1-1.html,,吾爱破解,人气热门,hot,hotlist,,2026-09-22 14:36:29
7,豆包输入法  V0.9.0,,0,https://www.52pojie.cn/thread-2129058-1-1.html,,吾爱破解,人气热门,hot,hotlist,,2026-09-22 14:36:29
8,内网打印服务,,118,https://www.52pojie.cn/thread-2128747-1-1.html,,吾爱破解,人气热门,hot,hotlist,,2026-09-22 14:36:29
9,U盘镜像制作工具 balenaEtcher v2.1.7,,2,https://www.52pojie.cn/thread-2129075-1-1.html,,吾爱破解,人气热门,hot,hotlist,,2026-09-22 14:36:29
10,想曰 v2.2.0.0 免费的文本加密工具,,2,https://www.52pojie.cn/thread-2129164-1-1.html,,吾爱破解,人气热门,hot,hotlist,,2026-09-22 14:36:29
11,千千静听社区复刻版 TTPlayerRebuild v2026.09.20,,2026,https://www.52pojie.cn/thread-2129165-1-1.html,,吾爱破解,人气热门,hot,hotlist,,2026-09-22 14:36:29
12,人体穴位图解3.2.1版本,,3,https://www.52pojie.cn/thread-2128627-1-1.html,,吾爱破解,人气热门,hot,hotlist,,2026-09-22 14:36:29
13,鼠标自动点击工具 AutoClick v1.5.5,,1,https://www.52pojie.cn/thread-2128494-1-1.html,,吾爱破解,人气热门,hot,hotlist,,2026-09-22 14:36:29
14,PDF去水印工具，无广告，不联网，全免费,,297,https://www.52pojie.cn/thread-2129197-1-1.html,,吾爱破解,人气热门,hot,hotlist,,2026-09-22 14:36:29
15,收租管家-v4.0.apk（安卓安装包）,,4,https://www.52pojie.cn/thread-2127103-1-1.html,,吾爱破解,人气热门,hot,hotlist,,2026-09-22 14:36:29
16,视频下载器 Videdown v1.2.7,,1,https://www.52pojie.cn/thread-2129168-1-1.html,,吾爱破解,人气热门,hot,hotlist,,2026-09-22 14:36:29
17,文字转语音合成工具TTS-Vue-Next v0.1.0,,0,https://www.52pojie.cn/thread-2129297-1-1.html,,吾爱破解,人气热门,hot,hotlist,,2026-09-22 14:36:29
18,万物工具箱 6.9.26.828,,6,https://www.52pojie.cn/thread-2127033-1-1.html,,吾爱破解,人气热门,hot,hotlist,,2026-09-22 14:36:29
19,聚合书源小说下载器 sonovel v1.11.0,,1,https://www.52pojie.cn/thread-2129296-1-1.html,,吾爱破解,人气热门,hot,hotlist,,2026-09-22 14:36:29
20,幕映  MuCast投屏 v1.1,,1,https://www.52pojie.cn/thread-2127941-1-1.html,,吾爱破解,人气热门,hot,hotlist,,2026-09-22 14:36:29
21,截图工具 PixPin 3.5.5.1  便携正式版,,3,https://www.52pojie.cn/thread-2127743-1-1.html,,吾爱破解,人气热门,hot,hotlist,,2026-09-22 14:36:29
22,离在线系统IP地址查询器 V1.0,,1,https://www.52pojie.cn/thread-2128468-1-1.html,,吾爱破解,人气热门,hot,hotlist,,2026-09-22 14:36:29
23,全文搜索工具 FileLocator 9.3.3566.1 官方版,,9,https://www.52pojie.cn/thread-2128649-1-1.html,,吾爱破解,人气热门,hot,hotlist,,2026-09-22 14:36:29
24,微信防撤回工具v1.3,,1,https://www.52pojie.cn/thread-2128266-1-1.html,,吾爱破解,人气热门,hot,hotlist,,2026-09-22 14:36:29
25,Excel通用财务账模板,,505,https://www.52pojie.cn/thread-2128163-1-1.html,,吾爱破解,人气热门,hot,hotlist,,2026-09-22 14:36:29
26,MobaXterm 26.5 中文汉化版,,26,https://www.52pojie.cn/thread-2128457-1-1.html,,吾爱破解,人气热门,hot,hotlist,,2026-09-22 14:36:29
27,软件安装包管理系统 v1.0（已更新V3.0局域网版本）,,1,https://www.52pojie.cn/thread-2127353-1-1.html,,吾爱破解,人气热门,hot,hotlist,,2026-09-22 14:36:29
28,图吧工具箱 winUI3 版 v1.6.1,,3,https://www.52pojie.cn/thread-2127011-1-1.html,,吾爱破解,人气热门,hot,hotlist,,2026-09-22 14:36:29
29,文本转语音工具edge-tts-gui v0.16.2,,0,https://www.52pojie.cn/thread-2127805-1-1.html,,吾爱破解,人气热门,hot,hotlist,,2026-09-22 14:36:29
30,WinRAR 7.30 beta1_x64 简体中文汉化版,,7,https://www.52pojie.cn/thread-2127514-1-1.html,,吾爱破解,人气热门,hot,hotlist,,2026-09-22 14:36:29
31,茶话间 Teahouse v0.57.0,,0,https://www.52pojie.cn/thread-2127934-1-1.html,,吾爱破解,人气热门,hot,hotlist,,2026-09-22 14:36:29
32,番茄小说下载器Tomato Novel Downloader v2.4.15,,2,https://www.52pojie.cn/thread-2127201-1-1.html,,吾爱破解,人气热门,hot,hotlist,,2026-09-22 14:36:29
33,软件导航网址收藏工具箱V260921,,260921,https://www.52pojie.cn/thread-2128345-1-1.html,,吾爱破解,人气热门,hot,hotlist,,2026-09-22 14:36:29
34,微信视频号下载器 wx_channels_download v260907,,260907,https://www.52pojie.cn/thread-2127850-1-1.html,,吾爱破解,人气热门,hot,hotlist,,2026-09-22 14:36:29
35,学习工作台 Study Workbench V1.1,,1,https://www.52pojie.cn/thread-2127066-1-1.html,,吾爱破解,人气热门,hot,hotlist,,2026-09-22 14:36:29
36,剪辑工具 Concat  0.2.1,,0,https://www.52pojie.cn/thread-2127728-1-1.html,,吾爱破解,人气热门,hot,hotlist,,2026-09-22 14:36:29
37,PDF盖章和盖骑缝章工具1.1,,1,https://www.52pojie.cn/thread-2127317-1-1.html,,吾爱破解,人气热门,hot,hotlist,,2026-09-22 14:36:29
38,【吾爱首发】FPAC Tool V2.0.0 （用于提取和重建部分游戏的PAC工具）,,2,https://www.52pojie.cn/thread-2128640-1-1.html,,吾爱破解,人气热门,hot,hotlist,,2026-09-22 14:36:29
39,手机投屏控制助手 scrcpy-helper v1.5.2,,1,https://www.52pojie.cn/thread-2127053-1-1.html,,吾爱破解,人气热门,hot,hotlist,,2026-09-22 14:36:29
40,OCR识图添加转表格功能 PaddleOCR-V6-Portable -1.01,,6,https://www.52pojie.cn/thread-2127382-1-1.html,,吾爱破解,人气热门,hot,hotlist,,2026-09-22 14:36:29
41,古诗词宝典 · Chinese Poetry Reader · v1.0.1,,1,https://www.52pojie.cn/thread-2127172-1-1.html,,吾爱破解,人气热门,hot,hotlist,,2026-09-22 14:36:29
42,运营工作台v1.9.0 · 2026-09-18,,1,https://www.52pojie.cn/thread-2128674-1-1.html,,吾爱破解,人气热门,hot,hotlist,,2026-09-22 14:36:29
43,键鼠可视化工具 MouseKeyShow 1.5.1,,1,https://www.52pojie.cn/thread-2128607-1-1.html,,吾爱破解,人气热门,hot,hotlist,,2026-09-22 14:36:29
44,截图工具 Shotera v7.4.2,,7,https://www.52pojie.cn/thread-2127441-1-1.html,,吾爱破解,人气热门,hot,hotlist,,2026-09-22 14:36:29
45,音乐音效和低音增强器 Music Equalizer & Volume Booster_1.0.1版本,,1,https://www.52pojie.cn/thread-2128452-1-1.html,,吾爱破解,人气热门,hot,hotlist,,2026-09-22 14:36:29
46,NetBlocker - 进程断网工具（路由黑洞+防火墙拦截）,,458,https://www.52pojie.cn/thread-2127139-1-1.html,,吾爱破解,人气热门,hot,hotlist,,2026-09-22 14:36:29
47,校园IP数字网络广播控制小工具,,140,https://www.52pojie.cn/thread-2128967-1-1.html,,吾爱破解,人气热门,hot,hotlist,,2026-09-22 14:36:29
48,手机转电脑麦克风工具 MicYou 2.0.3,,2,https://www.52pojie.cn/thread-2127730-1-1.html,,吾爱破解,人气热门,hot,hotlist,,2026-09-22 14:36:29
49,The Enigma Protector vm还原插件,,127,https://www.52pojie.cn/thread-2127264-1-1.html,,吾爱破解,人气热门,hot,hotlist,,2026-09-22 14:36:29
50,文件夹颜色更改工具 Teorex FolderIco 9.4.2,,9,https://www.52pojie.cn/thread-2128618-1-1.html,,吾爱破解,人气热门,hot,hotlist,,2026-09-22 14:36:29
1,当游戏越来越漂亮，外挂却越来越丑：作弊技术摸底（2026）,,2026,https://www.52pojie.cn/thread-2117216-1-1.html,,吾爱破解,精华采撷,digest,hotlist,,2026-09-22 14:36:29
2,CTF游戏逆向入门,,2,https://www.52pojie.cn/thread-2098123-1-1.html,,吾爱破解,精华采撷,digest,hotlist,,2026-09-22 14:36:29
3,某象滑块纯算逆向分析,,2,https://www.52pojie.cn/thread-2125447-1-1.html,,吾爱破解,精华采撷,digest,hotlist,,2026-09-22 14:36:29
4,快手 VMP 分析与还原,,2,https://www.52pojie.cn/thread-2123217-1-1.html,,吾爱破解,精华采撷,digest,hotlist,,2026-09-22 14:36:29
5,小蓝鸟 x-client-transaction-id 追溯分析,,2,https://www.52pojie.cn/thread-2122687-1-1.html,,吾爱破解,精华采撷,digest,hotlist,,2026-09-22 14:36:29
6,银狐WinOS伪装魔兽插件，远控木马攻击链分析,,2,https://www.52pojie.cn/thread-2122812-1-1.html,,吾爱破解,精华采撷,digest,hotlist,,2026-09-22 14:36:29
7,The Enigma Protector vm还原插件,,2,https://www.52pojie.cn/thread-2127264-1-1.html,,吾爱破解,精华采撷,digest,hotlist,,2026-09-22 14:36:29
8,某q音乐jsvmp浅析,,2,https://www.52pojie.cn/thread-2123850-1-1.html,,吾爱破解,精华采撷,digest,hotlist,,2026-09-22 14:36:29
9,【JS逆向实战】手撕雷速体育API：动态AES签名与魔改Gzip响应解密全解析,,2,https://www.52pojie.cn/thread-2122363-1-1.html,,吾爱破解,精华采撷,digest,hotlist,,2026-09-22 14:36:29
10,AIDA64 8.25.8200 Business 逆向工程与Keygen实战,,64,https://www.52pojie.cn/thread-2096924-1-1.html,,吾爱破解,精华采撷,digest,hotlist,,2026-09-22 14:36:29
11,某骗子黑产软件（手机远控）的分析,,2,https://www.52pojie.cn/thread-2117851-1-1.html,,吾爱破解,精华采撷,digest,hotlist,,2026-09-22 14:36:29
12,r0re 自动逆向分析工具实战记录：全通看雪 Android CTF，完整使用指南和源码解析,,0,https://www.52pojie.cn/thread-2122552-1-1.html,,吾爱破解,精华采撷,digest,hotlist,,2026-09-22 14:36:29
13,酷我破解js脚本分析,,2,https://www.52pojie.cn/thread-2088285-1-1.html,,吾爱破解,精华采撷,digest,hotlist,,2026-09-22 14:36:29
14,一个 Android 远控APP的逆向分析-从 AB 包隐藏、动态加载到无障碍远程控制支付流程,,2,https://www.52pojie.cn/thread-2121592-1-1.html,,吾爱破解,精华采撷,digest,hotlist,,2026-09-22 14:36:29
15,全程交给 AI，不写一行代码，本地复现 CCTV 视频播放链路的一次实战记录,,2,https://www.52pojie.cn/thread-2102594-1-1.html,,吾爱破解,精华采撷,digest,hotlist,,2026-09-22 14:36:29
16,x64dbg插件无驱动过vmp3.9.4反调试,,64,https://www.52pojie.cn/thread-2101175-1-1.html,,吾爱破解,精华采撷,digest,hotlist,,2026-09-22 14:36:29
17,八猫付费小说逆向-hostnameVerify&sign,,2,https://www.52pojie.cn/thread-2102001-1-1.html,,吾爱破解,精华采撷,digest,hotlist,,2026-09-22 14:36:29
18,逆向分析某排八字软件的过程,,2,https://www.52pojie.cn/thread-2114056-1-1.html,,吾爱破解,精华采撷,digest,hotlist,,2026-09-22 14:36:29
19,全流程使用AI，完成一次APK重打包。改包名、绕过 Native 校验、重建签名并去掉奖励...,,10,https://www.52pojie.cn/thread-2100927-1-1.html,,吾爱破解,精华采撷,digest,hotlist,,2026-09-22 14:36:29
20,Vibe Coding 从源码阅读到模块开发：基于最新版 Magisk Zygisk，移植实现一个带 We...,,2,https://www.52pojie.cn/thread-2107426-1-1.html,,吾爱破解,精华采撷,digest,hotlist,,2026-09-22 14:36:29
21,FlashSwirl 闪旋，对称加密算法库，支持流加密、AEAD加密、HASH、HMAC、HKDF、PBKDF2,,2,https://www.52pojie.cn/thread-2104834-1-1.html,,吾爱破解,精华采撷,digest,hotlist,,2026-09-22 14:36:29
22,企业微信聊天记录导出全解析,,10,https://www.52pojie.cn/thread-2107745-1-1.html,,吾爱破解,精华采撷,digest,hotlist,,2026-09-22 14:36:29
23,Typora v1.12.4 安全分析：反反调试与激活劫持,,1,https://www.52pojie.cn/thread-2084047-1-1.html,,吾爱破解,精华采撷,digest,hotlist,,2026-09-22 14:36:29
24,破解 Trae CN 加密协议,,10,https://www.52pojie.cn/thread-2113927-1-1.html,,吾爱破解,精华采撷,digest,hotlist,,2026-09-22 14:36:29
25,地表最强 Android so加载全景图,,2,https://www.52pojie.cn/thread-2083097-1-1.html,,吾爱破解,精华采撷,digest,hotlist,,2026-09-22 14:36:29
26,手把手教你给某讯滑块的JSVMP写反编译器 (如宝宝辅食一样易懂),,2,https://www.52pojie.cn/thread-2089027-1-1.html,,吾爱破解,精华采撷,digest,hotlist,,2026-09-22 14:36:29
27,一款WIFI密码搜索软件的授权算法分析,,2,https://www.52pojie.cn/thread-2097675-1-1.html,,吾爱破解,精华采撷,digest,hotlist,,2026-09-22 14:36:29
28,Allsafe靶场全解,,2,https://www.52pojie.cn/thread-2122890-1-1.html,,吾爱破解,精华采撷,digest,hotlist,,2026-09-22 14:36:29
29,某音 JSVMP bogus纯算,,2,https://www.52pojie.cn/thread-2120914-1-1.html,,吾爱破解,精华采撷,digest,hotlist,,2026-09-22 14:36:29
30,某音a_bogus jsvmp反编译,,2,https://www.52pojie.cn/thread-2116186-1-1.html,,吾爱破解,精华采撷,digest,hotlist,,2026-09-22 14:36:29
31,基于文本匹配的VMP还原思路,,2,https://www.52pojie.cn/thread-2115425-1-1.html,,吾爱破解,精华采撷,digest,hotlist,,2026-09-22 14:36:29
32,[长期更新] RV32IMAFDQ指令集模拟器 包含交互式汇编级调试器,,32,https://www.52pojie.cn/thread-2119162-1-1.html,,吾爱破解,精华采撷,digest,hotlist,,2026-09-22 14:36:29
33,对某java保护器本体的逆向分析,,2,https://www.52pojie.cn/thread-2116474-1-1.html,,吾爱破解,精华采撷,digest,hotlist,,2026-09-22 14:36:29
34,Web逆向 JS逆向 基础知识 ：Ignition解释器下一,,2,https://www.52pojie.cn/thread-2105820-1-1.html,,吾爱破解,精华采撷,digest,hotlist,,2026-09-22 14:36:29
35,Web逆向 JS逆向 基础知识 ： V8入门 JS详解 AST知识  字节码。。。。。。,,8,https://www.52pojie.cn/thread-2092084-1-1.html,,吾爱破解,精华采撷,digest,hotlist,,2026-09-22 14:36:29
36,某密企业版加固反调试与VMP分析,,2,https://www.52pojie.cn/thread-2093062-1-1.html,,吾爱破解,精华采撷,digest,hotlist,,2026-09-22 14:36:29
37,SpongeMixer企业级勒索软件的加密逻辑及行为分析,,2,https://www.52pojie.cn/thread-2116347-1-1.html,,吾爱破解,精华采撷,digest,hotlist,,2026-09-22 14:36:29
38,跨进程内存读写的攻防博弈：从内核缺页陷阱到应用层数据溯源,,2026,https://www.52pojie.cn/thread-2111373-1-1.html,,吾爱破解,精华采撷,digest,hotlist,,2026-09-22 14:36:29
39,web逆向基础知识--- js 事件 事件循环 和异步,,2,https://www.52pojie.cn/thread-2111598-1-1.html,,吾爱破解,精华采撷,digest,hotlist,,2026-09-22 14:36:29
40,h5st纯ai补环境+逆向,,5,https://www.52pojie.cn/thread-2092635-1-1.html,,吾爱破解,精华采撷,digest,hotlist,,2026-09-22 14:36:29
41,Sublime许可证分析：RSA PKCS#1标准详解+跨平台Keygen [开源],,1,https://www.52pojie.cn/thread-2090893-1-1.html,,吾爱破解,精华采撷,digest,hotlist,,2026-09-22 14:36:29
42,某红书-4.3.2-绕过ob直面JSVMP-mns0301-详细分析,,4,https://www.52pojie.cn/thread-2098573-1-1.html,,吾爱破解,精华采撷,digest,hotlist,,2026-09-22 14:36:29
43,某Q音乐sign纯算-vmp插桩日志分析,,2,https://www.52pojie.cn/thread-2104849-1-1.html,,吾爱破解,精华采撷,digest,hotlist,,2026-09-22 14:36:29
44,【AI辅助】iOS p12证书签名软件的逆向分析 + 证书获取,,12,https://www.52pojie.cn/thread-2100769-1-1.html,,吾爱破解,精华采撷,digest,hotlist,,2026-09-22 14:36:29
45,某红书4.3.2 ob混淆还原(字符串数组/字典/控制流平坦化),,4,https://www.52pojie.cn/thread-2100076-1-1.html,,吾爱破解,精华采撷,digest,hotlist,,2026-09-22 14:36:29
46,【兑现十年前的承诺】通过逆向分析老游戏XXX梦大富翁来制作外挂BGM启动器,,2,https://www.52pojie.cn/thread-2089150-1-1.html,,吾爱破解,精华采撷,digest,hotlist,,2026-09-22 14:36:29
47,cctv视频解密，wasm vmp分析,,2,https://www.52pojie.cn/thread-2094716-1-1.html,,吾爱破解,精华采撷,digest,hotlist,,2026-09-22 14:36:29
48,某企业加固dex vmp简单分析,,2,https://www.52pojie.cn/thread-2111432-1-1.html,,吾爱破解,精华采撷,digest,hotlist,,2026-09-22 14:36:29
49,2026春节解题领红包5 Windows中级题之Nuitka调试HOOK解题,,2026,https://www.52pojie.cn/thread-2100151-1-1.html,,吾爱破解,精华采撷,digest,hotlist,,2026-09-22 14:36:29
50,从POC到EXP：从0基础到v8 CVE-2021-38003复现,,0,https://www.52pojie.cn/thread-2107373-1-1.html,,吾爱破解,精华采撷,digest,hotlist,,2026-09-22 14:36:29
1,本地模型 快捷截图OCR工具（自动写入粘贴板）更新v1.1,,1,https://www.52pojie.cn/thread-2128632-1-1.html,,吾爱破解,人气热门,hot,hotlist,,2026-09-22 15:25:54
2,第三方精简版知乎 Zhihu++ v0.29.2,,0,https://www.52pojie.cn/thread-2128075-1-1.html,,吾爱破解,人气热门,hot,hotlist,,2026-09-22 15:25:54
3,青简输入法 0.1.3,,0,https://www.52pojie.cn/thread-2128786-1-1.html,,吾爱破解,人气热门,hot,hotlist,,2026-09-22 15:25:54
4,PC微信整套皮肤【快速迭代中，已说明修改原理，可手动修改】,,156,https://www.52pojie.cn/thread-2127499-1-1.html,,吾爱破解,人气热门,hot,hotlist,,2026-09-22 15:25:54
5,自动点击工具（图片识别与坐标点击）V2.0版,,2,https://www.52pojie.cn/thread-2129133-1-1.html,,吾爱破解,人气热门,hot,hotlist,,2026-09-22 15:25:54
6,中华人民共和国药典(2025年版)1.0版本,,2025,https://www.52pojie.cn/thread-2128710-1-1.html,,吾爱破解,人气热门,hot,hotlist,,2026-09-22 15:25:54
7,豆包输入法  V0.9.0,,0,https://www.52pojie.cn/thread-2129058-1-1.html,,吾爱破解,人气热门,hot,hotlist,,2026-09-22 15:25:54
8,内网打印服务,,118,https://www.52pojie.cn/thread-2128747-1-1.html,,吾爱破解,人气热门,hot,hotlist,,2026-09-22 15:25:54
9,U盘镜像制作工具 balenaEtcher v2.1.7,,2,https://www.52pojie.cn/thread-2129075-1-1.html,,吾爱破解,人气热门,hot,hotlist,,2026-09-22 15:25:54
10,想曰 v2.2.0.0 免费的文本加密工具,,2,https://www.52pojie.cn/thread-2129164-1-1.html,,吾爱破解,人气热门,hot,hotlist,,2026-09-22 15:25:54
11,千千静听社区复刻版 TTPlayerRebuild v2026.09.20,,2026,https://www.52pojie.cn/thread-2129165-1-1.html,,吾爱破解,人气热门,hot,hotlist,,2026-09-22 15:25:54
12,人体穴位图解3.2.1版本,,3,https://www.52pojie.cn/thread-2128627-1-1.html,,吾爱破解,人气热门,hot,hotlist,,2026-09-22 15:25:54
13,鼠标自动点击工具 AutoClick v1.5.5,,1,https://www.52pojie.cn/thread-2128494-1-1.html,,吾爱破解,人气热门,hot,hotlist,,2026-09-22 15:25:54
14,PDF去水印工具，无广告，不联网，全免费,,297,https://www.52pojie.cn/thread-2129197-1-1.html,,吾爱破解,人气热门,hot,hotlist,,2026-09-22 15:25:54
15,收租管家-v4.0.apk（安卓安装包）,,4,https://www.52pojie.cn/thread-2127103-1-1.html,,吾爱破解,人气热门,hot,hotlist,,2026-09-22 15:25:54
16,视频下载器 Videdown v1.2.7,,1,https://www.52pojie.cn/thread-2129168-1-1.html,,吾爱破解,人气热门,hot,hotlist,,2026-09-22 15:25:54
17,文字转语音合成工具TTS-Vue-Next v0.1.0,,0,https://www.52pojie.cn/thread-2129297-1-1.html,,吾爱破解,人气热门,hot,hotlist,,2026-09-22 15:25:54
18,万物工具箱 6.9.26.828,,6,https://www.52pojie.cn/thread-2127033-1-1.html,,吾爱破解,人气热门,hot,hotlist,,2026-09-22 15:25:54
19,聚合书源小说下载器 sonovel v1.11.0,,1,https://www.52pojie.cn/thread-2129296-1-1.html,,吾爱破解,人气热门,hot,hotlist,,2026-09-22 15:25:54
20,幕映  MuCast投屏 v1.1,,1,https://www.52pojie.cn/thread-2127941-1-1.html,,吾爱破解,人气热门,hot,hotlist,,2026-09-22 15:25:54
21,截图工具 PixPin 3.5.5.1  便携正式版,,3,https://www.52pojie.cn/thread-2127743-1-1.html,,吾爱破解,人气热门,hot,hotlist,,2026-09-22 15:25:54
22,离在线系统IP地址查询器 V1.0,,1,https://www.52pojie.cn/thread-2128468-1-1.html,,吾爱破解,人气热门,hot,hotlist,,2026-09-22 15:25:54
23,全文搜索工具 FileLocator 9.3.3566.1 官方版,,9,https://www.52pojie.cn/thread-2128649-1-1.html,,吾爱破解,人气热门,hot,hotlist,,2026-09-22 15:25:54
24,微信防撤回工具v1.3,,1,https://www.52pojie.cn/thread-2128266-1-1.html,,吾爱破解,人气热门,hot,hotlist,,2026-09-22 15:25:54
25,Excel通用财务账模板,,505,https://www.52pojie.cn/thread-2128163-1-1.html,,吾爱破解,人气热门,hot,hotlist,,2026-09-22 15:25:54
26,MobaXterm 26.5 中文汉化版,,26,https://www.52pojie.cn/thread-2128457-1-1.html,,吾爱破解,人气热门,hot,hotlist,,2026-09-22 15:25:54
27,软件安装包管理系统 v1.0（已更新V3.0局域网版本）,,1,https://www.52pojie.cn/thread-2127353-1-1.html,,吾爱破解,人气热门,hot,hotlist,,2026-09-22 15:25:54
28,图吧工具箱 winUI3 版 v1.6.1,,3,https://www.52pojie.cn/thread-2127011-1-1.html,,吾爱破解,人气热门,hot,hotlist,,2026-09-22 15:25:54
29,文本转语音工具edge-tts-gui v0.16.2,,0,https://www.52pojie.cn/thread-2127805-1-1.html,,吾爱破解,人气热门,hot,hotlist,,2026-09-22 15:25:54
30,WinRAR 7.30 beta1_x64 简体中文汉化版,,7,https://www.52pojie.cn/thread-2127514-1-1.html,,吾爱破解,人气热门,hot,hotlist,,2026-09-22 15:25:54
31,茶话间 Teahouse v0.57.0,,0,https://www.52pojie.cn/thread-2127934-1-1.html,,吾爱破解,人气热门,hot,hotlist,,2026-09-22 15:25:54
32,番茄小说下载器Tomato Novel Downloader v2.4.15,,2,https://www.52pojie.cn/thread-2127201-1-1.html,,吾爱破解,人气热门,hot,hotlist,,2026-09-22 15:25:54
33,软件导航网址收藏工具箱V260921,,260921,https://www.52pojie.cn/thread-2128345-1-1.html,,吾爱破解,人气热门,hot,hotlist,,2026-09-22 15:25:54
34,微信视频号下载器 wx_channels_download v260907,,260907,https://www.52pojie.cn/thread-2127850-1-1.html,,吾爱破解,人气热门,hot,hotlist,,2026-09-22 15:25:54
35,学习工作台 Study Workbench V1.1,,1,https://www.52pojie.cn/thread-2127066-1-1.html,,吾爱破解,人气热门,hot,hotlist,,2026-09-22 15:25:54
36,剪辑工具 Concat  0.2.1,,0,https://www.52pojie.cn/thread-2127728-1-1.html,,吾爱破解,人气热门,hot,hotlist,,2026-09-22 15:25:54
37,PDF盖章和盖骑缝章工具1.1,,1,https://www.52pojie.cn/thread-2127317-1-1.html,,吾爱破解,人气热门,hot,hotlist,,2026-09-22 15:25:54
38,【吾爱首发】FPAC Tool V2.0.0 （用于提取和重建部分游戏的PAC工具）,,2,https://www.52pojie.cn/thread-2128640-1-1.html,,吾爱破解,人气热门,hot,hotlist,,2026-09-22 15:25:54
39,手机投屏控制助手 scrcpy-helper v1.5.2,,1,https://www.52pojie.cn/thread-2127053-1-1.html,,吾爱破解,人气热门,hot,hotlist,,2026-09-22 15:25:54
40,OCR识图添加转表格功能 PaddleOCR-V6-Portable -1.01,,6,https://www.52pojie.cn/thread-2127382-1-1.html,,吾爱破解,人气热门,hot,hotlist,,2026-09-22 15:25:54
41,古诗词宝典 · Chinese Poetry Reader · v1.0.1,,1,https://www.52pojie.cn/thread-2127172-1-1.html,,吾爱破解,人气热门,hot,hotlist,,2026-09-22 15:25:54
42,运营工作台v1.9.0 · 2026-09-18,,1,https://www.52pojie.cn/thread-2128674-1-1.html,,吾爱破解,人气热门,hot,hotlist,,2026-09-22 15:25:54
43,键鼠可视化工具 MouseKeyShow 1.5.1,,1,https://www.52pojie.cn/thread-2128607-1-1.html,,吾爱破解,人气热门,hot,hotlist,,2026-09-22 15:25:54
44,截图工具 Shotera v7.4.2,,7,https://www.52pojie.cn/thread-2127441-1-1.html,,吾爱破解,人气热门,hot,hotlist,,2026-09-22 15:25:54
45,音乐音效和低音增强器 Music Equalizer & Volume Booster_1.0.1版本,,1,https://www.52pojie.cn/thread-2128452-1-1.html,,吾爱破解,人气热门,hot,hotlist,,2026-09-22 15:25:54
46,NetBlocker - 进程断网工具（路由黑洞+防火墙拦截）,,458,https://www.52pojie.cn/thread-2127139-1-1.html,,吾爱破解,人气热门,hot,hotlist,,2026-09-22 15:25:54
47,校园IP数字网络广播控制小工具,,140,https://www.52pojie.cn/thread-2128967-1-1.html,,吾爱破解,人气热门,hot,hotlist,,2026-09-22 15:25:54
48,手机转电脑麦克风工具 MicYou 2.0.3,,2,https://www.52pojie.cn/thread-2127730-1-1.html,,吾爱破解,人气热门,hot,hotlist,,2026-09-22 15:25:54
49,The Enigma Protector vm还原插件,,127,https://www.52pojie.cn/thread-2127264-1-1.html,,吾爱破解,人气热门,hot,hotlist,,2026-09-22 15:25:54
50,文件夹颜色更改工具 Teorex FolderIco 9.4.2,,9,https://www.52pojie.cn/thread-2128618-1-1.html,,吾爱破解,人气热门,hot,hotlist,,2026-09-22 15:25:54
1,当游戏越来越漂亮，外挂却越来越丑：作弊技术摸底（2026）,,2026,https://www.52pojie.cn/thread-2117216-1-1.html,,吾爱破解,精华采撷,digest,hotlist,,2026-09-22 15:25:54
2,CTF游戏逆向入门,,2,https://www.52pojie.cn/thread-2098123-1-1.html,,吾爱破解,精华采撷,digest,hotlist,,2026-09-22 15:25:54
3,某象滑块纯算逆向分析,,2,https://www.52pojie.cn/thread-2125447-1-1.html,,吾爱破解,精华采撷,digest,hotlist,,2026-09-22 15:25:54
4,快手 VMP 分析与还原,,2,https://www.52pojie.cn/thread-2123217-1-1.html,,吾爱破解,精华采撷,digest,hotlist,,2026-09-22 15:25:54
5,小蓝鸟 x-client-transaction-id 追溯分析,,2,https://www.52pojie.cn/thread-2122687-1-1.html,,吾爱破解,精华采撷,digest,hotlist,,2026-09-22 15:25:54
6,银狐WinOS伪装魔兽插件，远控木马攻击链分析,,2,https://www.52pojie.cn/thread-2122812-1-1.html,,吾爱破解,精华采撷,digest,hotlist,,2026-09-22 15:25:54
7,The Enigma Protector vm还原插件,,2,https://www.52pojie.cn/thread-2127264-1-1.html,,吾爱破解,精华采撷,digest,hotlist,,2026-09-22 15:25:54
8,某q音乐jsvmp浅析,,2,https://www.52pojie.cn/thread-2123850-1-1.html,,吾爱破解,精华采撷,digest,hotlist,,2026-09-22 15:25:54
9,【JS逆向实战】手撕雷速体育API：动态AES签名与魔改Gzip响应解密全解析,,2,https://www.52pojie.cn/thread-2122363-1-1.html,,吾爱破解,精华采撷,digest,hotlist,,2026-09-22 15:25:54
10,AIDA64 8.25.8200 Business 逆向工程与Keygen实战,,64,https://www.52pojie.cn/thread-2096924-1-1.html,,吾爱破解,精华采撷,digest,hotlist,,2026-09-22 15:25:54
11,某骗子黑产软件（手机远控）的分析,,2,https://www.52pojie.cn/thread-2117851-1-1.html,,吾爱破解,精华采撷,digest,hotlist,,2026-09-22 15:25:54
12,r0re 自动逆向分析工具实战记录：全通看雪 Android CTF，完整使用指南和源码解析,,0,https://www.52pojie.cn/thread-2122552-1-1.html,,吾爱破解,精华采撷,digest,hotlist,,2026-09-22 15:25:54
13,酷我破解js脚本分析,,2,https://www.52pojie.cn/thread-2088285-1-1.html,,吾爱破解,精华采撷,digest,hotlist,,2026-09-22 15:25:54
14,一个 Android 远控APP的逆向分析-从 AB 包隐藏、动态加载到无障碍远程控制支付流程,,2,https://www.52pojie.cn/thread-2121592-1-1.html,,吾爱破解,精华采撷,digest,hotlist,,2026-09-22 15:25:54
15,全程交给 AI，不写一行代码，本地复现 CCTV 视频播放链路的一次实战记录,,2,https://www.52pojie.cn/thread-2102594-1-1.html,,吾爱破解,精华采撷,digest,hotlist,,2026-09-22 15:25:54
16,x64dbg插件无驱动过vmp3.9.4反调试,,64,https://www.52pojie.cn/thread-2101175-1-1.html,,吾爱破解,精华采撷,digest,hotlist,,2026-09-22 15:25:54
17,八猫付费小说逆向-hostnameVerify&sign,,2,https://www.52pojie.cn/thread-2102001-1-1.html,,吾爱破解,精华采撷,digest,hotlist,,2026-09-22 15:25:54
18,逆向分析某排八字软件的过程,,2,https://www.52pojie.cn/thread-2114056-1-1.html,,吾爱破解,精华采撷,digest,hotlist,,2026-09-22 15:25:54
19,全流程使用AI，完成一次APK重打包。改包名、绕过 Native 校验、重建签名并去掉奖励...,,10,https://www.52pojie.cn/thread-2100927-1-1.html,,吾爱破解,精华采撷,digest,hotlist,,2026-09-22 15:25:54
20,Vibe Coding 从源码阅读到模块开发：基于最新版 Magisk Zygisk，移植实现一个带 We...,,2,https://www.52pojie.cn/thread-2107426-1-1.html,,吾爱破解,精华采撷,digest,hotlist,,2026-09-22 15:25:54
21,FlashSwirl 闪旋，对称加密算法库，支持流加密、AEAD加密、HASH、HMAC、HKDF、PBKDF2,,2,https://www.52pojie.cn/thread-2104834-1-1.html,,吾爱破解,精华采撷,digest,hotlist,,2026-09-22 15:25:54
22,企业微信聊天记录导出全解析,,10,https://www.52pojie.cn/thread-2107745-1-1.html,,吾爱破解,精华采撷,digest,hotlist,,2026-09-22 15:25:54
23,Typora v1.12.4 安全分析：反反调试与激活劫持,,1,https://www.52pojie.cn/thread-2084047-1-1.html,,吾爱破解,精华采撷,digest,hotlist,,2026-09-22 15:25:54
24,破解 Trae CN 加密协议,,10,https://www.52pojie.cn/thread-2113927-1-1.html,,吾爱破解,精华采撷,digest,hotlist,,2026-09-22 15:25:54
25,地表最强 Android so加载全景图,,2,https://www.52pojie.cn/thread-2083097-1-1.html,,吾爱破解,精华采撷,digest,hotlist,,2026-09-22 15:25:54
26,手把手教你给某讯滑块的JSVMP写反编译器 (如宝宝辅食一样易懂),,2,https://www.52pojie.cn/thread-2089027-1-1.html,,吾爱破解,精华采撷,digest,hotlist,,2026-09-22 15:25:54
27,一款WIFI密码搜索软件的授权算法分析,,2,https://www.52pojie.cn/thread-2097675-1-1.html,,吾爱破解,精华采撷,digest,hotlist,,2026-09-22 15:25:54
28,Allsafe靶场全解,,2,https://www.52pojie.cn/thread-2122890-1-1.html,,吾爱破解,精华采撷,digest,hotlist,,2026-09-22 15:25:54
29,某音 JSVMP bogus纯算,,2,https://www.52pojie.cn/thread-2120914-1-1.html,,吾爱破解,精华采撷,digest,hotlist,,2026-09-22 15:25:54
30,某音a_bogus jsvmp反编译,,2,https://www.52pojie.cn/thread-2116186-1-1.html,,吾爱破解,精华采撷,digest,hotlist,,2026-09-22 15:25:54
31,基于文本匹配的VMP还原思路,,2,https://www.52pojie.cn/thread-2115425-1-1.html,,吾爱破解,精华采撷,digest,hotlist,,2026-09-22 15:25:54
32,[长期更新] RV32IMAFDQ指令集模拟器 包含交互式汇编级调试器,,32,https://www.52pojie.cn/thread-2119162-1-1.html,,吾爱破解,精华采撷,digest,hotlist,,2026-09-22 15:25:54
33,对某java保护器本体的逆向分析,,2,https://www.52pojie.cn/thread-2116474-1-1.html,,吾爱破解,精华采撷,digest,hotlist,,2026-09-22 15:25:54
34,Web逆向 JS逆向 基础知识 ：Ignition解释器下一,,2,https://www.52pojie.cn/thread-2105820-1-1.html,,吾爱破解,精华采撷,digest,hotlist,,2026-09-22 15:25:54
35,Web逆向 JS逆向 基础知识 ： V8入门 JS详解 AST知识  字节码。。。。。。,,8,https://www.52pojie.cn/thread-2092084-1-1.html,,吾爱破解,精华采撷,digest,hotlist,,2026-09-22 15:25:54
36,某密企业版加固反调试与VMP分析,,2,https://www.52pojie.cn/thread-2093062-1-1.html,,吾爱破解,精华采撷,digest,hotlist,,2026-09-22 15:25:54
37,SpongeMixer企业级勒索软件的加密逻辑及行为分析,,2,https://www.52pojie.cn/thread-2116347-1-1.html,,吾爱破解,精华采撷,digest,hotlist,,2026-09-22 15:25:54
38,跨进程内存读写的攻防博弈：从内核缺页陷阱到应用层数据溯源,,2026,https://www.52pojie.cn/thread-2111373-1-1.html,,吾爱破解,精华采撷,digest,hotlist,,2026-09-22 15:25:54
39,web逆向基础知识--- js 事件 事件循环 和异步,,2,https://www.52pojie.cn/thread-2111598-1-1.html,,吾爱破解,精华采撷,digest,hotlist,,2026-09-22 15:25:54
40,h5st纯ai补环境+逆向,,5,https://www.52pojie.cn/thread-2092635-1-1.html,,吾爱破解,精华采撷,digest,hotlist,,2026-09-22 15:25:54
41,Sublime许可证分析：RSA PKCS#1标准详解+跨平台Keygen [开源],,1,https://www.52pojie.cn/thread-2090893-1-1.html,,吾爱破解,精华采撷,digest,hotlist,,2026-09-22 15:25:54
42,某红书-4.3.2-绕过ob直面JSVMP-mns0301-详细分析,,4,https://www.52pojie.cn/thread-2098573-1-1.html,,吾爱破解,精华采撷,digest,hotlist,,2026-09-22 15:25:54
43,某Q音乐sign纯算-vmp插桩日志分析,,2,https://www.52pojie.cn/thread-2104849-1-1.html,,吾爱破解,精华采撷,digest,hotlist,,2026-09-22 15:25:54
44,【AI辅助】iOS p12证书签名软件的逆向分析 + 证书获取,,12,https://www.52pojie.cn/thread-2100769-1-1.html,,吾爱破解,精华采撷,digest,hotlist,,2026-09-22 15:25:54
45,某红书4.3.2 ob混淆还原(字符串数组/字典/控制流平坦化),,4,https://www.52pojie.cn/thread-2100076-1-1.html,,吾爱破解,精华采撷,digest,hotlist,,2026-09-22 15:25:54
46,【兑现十年前的承诺】通过逆向分析老游戏XXX梦大富翁来制作外挂BGM启动器,,2,https://www.52pojie.cn/thread-2089150-1-1.html,,吾爱破解,精华采撷,digest,hotlist,,2026-09-22 15:25:54
47,cctv视频解密，wasm vmp分析,,2,https://www.52pojie.cn/thread-2094716-1-1.html,,吾爱破解,精华采撷,digest,hotlist,,2026-09-22 15:25:54
48,某企业加固dex vmp简单分析,,2,https://www.52pojie.cn/thread-2111432-1-1.html,,吾爱破解,精华采撷,digest,hotlist,,2026-09-22 15:25:54
49,2026春节解题领红包5 Windows中级题之Nuitka调试HOOK解题,,2026,https://www.52pojie.cn/thread-2100151-1-1.html,,吾爱破解,精华采撷,digest,hotlist,,2026-09-22 15:25:54
50,从POC到EXP：从0基础到v8 CVE-2021-38003复现,,0,https://www.52pojie.cn/thread-2107373-1-1.html,,吾爱破解,精华采撷,digest,hotlist,,2026-09-22 15:25:54
1,本地模型 快捷截图OCR工具（自动写入粘贴板）更新v1.1,,1,https://www.52pojie.cn/thread-2128632-1-1.html,,吾爱破解,人气热门,hot,hotlist,,2026-09-22 16:29:39
2,第三方精简版知乎 Zhihu++ v0.29.2,,0,https://www.52pojie.cn/thread-2128075-1-1.html,,吾爱破解,人气热门,hot,hotlist,,2026-09-22 16:29:39
3,青简输入法 0.1.3,,0,https://www.52pojie.cn/thread-2128786-1-1.html,,吾爱破解,人气热门,hot,hotlist,,2026-09-22 16:29:39
4,PC微信整套皮肤【快速迭代中，已说明修改原理，可手动修改】,,156,https://www.52pojie.cn/thread-2127499-1-1.html,,吾爱破解,人气热门,hot,hotlist,,2026-09-22 16:29:39
5,自动点击工具（图片识别与坐标点击）V2.0版,,2,https://www.52pojie.cn/thread-2129133-1-1.html,,吾爱破解,人气热门,hot,hotlist,,2026-09-22 16:29:39
6,中华人民共和国药典(2025年版)1.0版本,,2025,https://www.52pojie.cn/thread-2128710-1-1.html,,吾爱破解,人气热门,hot,hotlist,,2026-09-22 16:29:39
7,豆包输入法  V0.9.0,,0,https://www.52pojie.cn/thread-2129058-1-1.html,,吾爱破解,人气热门,hot,hotlist,,2026-09-22 16:29:39
8,内网打印服务,,118,https://www.52pojie.cn/thread-2128747-1-1.html,,吾爱破解,人气热门,hot,hotlist,,2026-09-22 16:29:39
9,U盘镜像制作工具 balenaEtcher v2.1.7,,2,https://www.52pojie.cn/thread-2129075-1-1.html,,吾爱破解,人气热门,hot,hotlist,,2026-09-22 16:29:39
10,想曰 v2.2.0.0 免费的文本加密工具,,2,https://www.52pojie.cn/thread-2129164-1-1.html,,吾爱破解,人气热门,hot,hotlist,,2026-09-22 16:29:39
11,千千静听社区复刻版 TTPlayerRebuild v2026.09.20,,2026,https://www.52pojie.cn/thread-2129165-1-1.html,,吾爱破解,人气热门,hot,hotlist,,2026-09-22 16:29:39
12,人体穴位图解3.2.1版本,,3,https://www.52pojie.cn/thread-2128627-1-1.html,,吾爱破解,人气热门,hot,hotlist,,2026-09-22 16:29:39
13,鼠标自动点击工具 AutoClick v1.5.5,,1,https://www.52pojie.cn/thread-2128494-1-1.html,,吾爱破解,人气热门,hot,hotlist,,2026-09-22 16:29:39
14,PDF去水印工具，无广告，不联网，全免费,,297,https://www.52pojie.cn/thread-2129197-1-1.html,,吾爱破解,人气热门,hot,hotlist,,2026-09-22 16:29:39
15,收租管家-v4.0.apk（安卓安装包）,,4,https://www.52pojie.cn/thread-2127103-1-1.html,,吾爱破解,人气热门,hot,hotlist,,2026-09-22 16:29:39
16,视频下载器 Videdown v1.2.7,,1,https://www.52pojie.cn/thread-2129168-1-1.html,,吾爱破解,人气热门,hot,hotlist,,2026-09-22 16:29:39
17,文字转语音合成工具TTS-Vue-Next v0.1.0,,0,https://www.52pojie.cn/thread-2129297-1-1.html,,吾爱破解,人气热门,hot,hotlist,,2026-09-22 16:29:39
18,万物工具箱 6.9.26.828,,6,https://www.52pojie.cn/thread-2127033-1-1.html,,吾爱破解,人气热门,hot,hotlist,,2026-09-22 16:29:39
19,聚合书源小说下载器 sonovel v1.11.0,,1,https://www.52pojie.cn/thread-2129296-1-1.html,,吾爱破解,人气热门,hot,hotlist,,2026-09-22 16:29:39
20,幕映  MuCast投屏 v1.1,,1,https://www.52pojie.cn/thread-2127941-1-1.html,,吾爱破解,人气热门,hot,hotlist,,2026-09-22 16:29:39
21,截图工具 PixPin 3.5.5.1  便携正式版,,3,https://www.52pojie.cn/thread-2127743-1-1.html,,吾爱破解,人气热门,hot,hotlist,,2026-09-22 16:29:39
22,离在线系统IP地址查询器 V1.0,,1,https://www.52pojie.cn/thread-2128468-1-1.html,,吾爱破解,人气热门,hot,hotlist,,2026-09-22 16:29:39
23,全文搜索工具 FileLocator 9.3.3566.1 官方版,,9,https://www.52pojie.cn/thread-2128649-1-1.html,,吾爱破解,人气热门,hot,hotlist,,2026-09-22 16:29:39
24,微信防撤回工具v1.3,,1,https://www.52pojie.cn/thread-2128266-1-1.html,,吾爱破解,人气热门,hot,hotlist,,2026-09-22 16:29:39
25,Excel通用财务账模板,,505,https://www.52pojie.cn/thread-2128163-1-1.html,,吾爱破解,人气热门,hot,hotlist,,2026-09-22 16:29:39
26,MobaXterm 26.5 中文汉化版,,26,https://www.52pojie.cn/thread-2128457-1-1.html,,吾爱破解,人气热门,hot,hotlist,,2026-09-22 16:29:39
27,软件安装包管理系统 v1.0（已更新V3.0局域网版本）,,1,https://www.52pojie.cn/thread-2127353-1-1.html,,吾爱破解,人气热门,hot,hotlist,,2026-09-22 16:29:39
28,图吧工具箱 winUI3 版 v1.6.1,,3,https://www.52pojie.cn/thread-2127011-1-1.html,,吾爱破解,人气热门,hot,hotlist,,2026-09-22 16:29:39
29,文本转语音工具edge-tts-gui v0.16.2,,0,https://www.52pojie.cn/thread-2127805-1-1.html,,吾爱破解,人气热门,hot,hotlist,,2026-09-22 16:29:39
30,WinRAR 7.30 beta1_x64 简体中文汉化版,,7,https://www.52pojie.cn/thread-2127514-1-1.html,,吾爱破解,人气热门,hot,hotlist,,2026-09-22 16:29:39
31,茶话间 Teahouse v0.57.0,,0,https://www.52pojie.cn/thread-2127934-1-1.html,,吾爱破解,人气热门,hot,hotlist,,2026-09-22 16:29:39
32,番茄小说下载器Tomato Novel Downloader v2.4.15,,2,https://www.52pojie.cn/thread-2127201-1-1.html,,吾爱破解,人气热门,hot,hotlist,,2026-09-22 16:29:39
33,软件导航网址收藏工具箱V260921,,260921,https://www.52pojie.cn/thread-2128345-1-1.html,,吾爱破解,人气热门,hot,hotlist,,2026-09-22 16:29:39
34,微信视频号下载器 wx_channels_download v260907,,260907,https://www.52pojie.cn/thread-2127850-1-1.html,,吾爱破解,人气热门,hot,hotlist,,2026-09-22 16:29:39
35,学习工作台 Study Workbench V1.1,,1,https://www.52pojie.cn/thread-2127066-1-1.html,,吾爱破解,人气热门,hot,hotlist,,2026-09-22 16:29:39
36,剪辑工具 Concat  0.2.1,,0,https://www.52pojie.cn/thread-2127728-1-1.html,,吾爱破解,人气热门,hot,hotlist,,2026-09-22 16:29:39
37,PDF盖章和盖骑缝章工具1.1,,1,https://www.52pojie.cn/thread-2127317-1-1.html,,吾爱破解,人气热门,hot,hotlist,,2026-09-22 16:29:39
38,【吾爱首发】FPAC Tool V2.0.0 （用于提取和重建部分游戏的PAC工具）,,2,https://www.52pojie.cn/thread-2128640-1-1.html,,吾爱破解,人气热门,hot,hotlist,,2026-09-22 16:29:39
39,手机投屏控制助手 scrcpy-helper v1.5.2,,1,https://www.52pojie.cn/thread-2127053-1-1.html,,吾爱破解,人气热门,hot,hotlist,,2026-09-22 16:29:39
40,OCR识图添加转表格功能 PaddleOCR-V6-Portable -1.01,,6,https://www.52pojie.cn/thread-2127382-1-1.html,,吾爱破解,人气热门,hot,hotlist,,2026-09-22 16:29:39
41,古诗词宝典 · Chinese Poetry Reader · v1.0.1,,1,https://www.52pojie.cn/thread-2127172-1-1.html,,吾爱破解,人气热门,hot,hotlist,,2026-09-22 16:29:39
42,运营工作台v1.9.0 · 2026-09-18,,1,https://www.52pojie.cn/thread-2128674-1-1.html,,吾爱破解,人气热门,hot,hotlist,,2026-09-22 16:29:39
43,键鼠可视化工具 MouseKeyShow 1.5.1,,1,https://www.52pojie.cn/thread-2128607-1-1.html,,吾爱破解,人气热门,hot,hotlist,,2026-09-22 16:29:39
44,截图工具 Shotera v7.4.2,,7,https://www.52pojie.cn/thread-2127441-1-1.html,,吾爱破解,人气热门,hot,hotlist,,2026-09-22 16:29:39
45,音乐音效和低音增强器 Music Equalizer & Volume Booster_1.0.1版本,,1,https://www.52pojie.cn/thread-2128452-1-1.html,,吾爱破解,人气热门,hot,hotlist,,2026-09-22 16:29:39
46,NetBlocker - 进程断网工具（路由黑洞+防火墙拦截）,,458,https://www.52pojie.cn/thread-2127139-1-1.html,,吾爱破解,人气热门,hot,hotlist,,2026-09-22 16:29:39
47,校园IP数字网络广播控制小工具,,140,https://www.52pojie.cn/thread-2128967-1-1.html,,吾爱破解,人气热门,hot,hotlist,,2026-09-22 16:29:39
48,手机转电脑麦克风工具 MicYou 2.0.3,,2,https://www.52pojie.cn/thread-2127730-1-1.html,,吾爱破解,人气热门,hot,hotlist,,2026-09-22 16:29:39
49,The Enigma Protector vm还原插件,,127,https://www.52pojie.cn/thread-2127264-1-1.html,,吾爱破解,人气热门,hot,hotlist,,2026-09-22 16:29:39
50,文件夹颜色更改工具 Teorex FolderIco 9.4.2,,9,https://www.52pojie.cn/thread-2128618-1-1.html,,吾爱破解,人气热门,hot,hotlist,,2026-09-22 16:29:39
1,当游戏越来越漂亮，外挂却越来越丑：作弊技术摸底（2026）,,2026,https://www.52pojie.cn/thread-2117216-1-1.html,,吾爱破解,精华采撷,digest,hotlist,,2026-09-22 16:29:39
2,CTF游戏逆向入门,,2,https://www.52pojie.cn/thread-2098123-1-1.html,,吾爱破解,精华采撷,digest,hotlist,,2026-09-22 16:29:39
3,某象滑块纯算逆向分析,,2,https://www.52pojie.cn/thread-2125447-1-1.html,,吾爱破解,精华采撷,digest,hotlist,,2026-09-22 16:29:39
4,快手 VMP 分析与还原,,2,https://www.52pojie.cn/thread-2123217-1-1.html,,吾爱破解,精华采撷,digest,hotlist,,2026-09-22 16:29:39
5,小蓝鸟 x-client-transaction-id 追溯分析,,2,https://www.52pojie.cn/thread-2122687-1-1.html,,吾爱破解,精华采撷,digest,hotlist,,2026-09-22 16:29:39
6,银狐WinOS伪装魔兽插件，远控木马攻击链分析,,2,https://www.52pojie.cn/thread-2122812-1-1.html,,吾爱破解,精华采撷,digest,hotlist,,2026-09-22 16:29:39
7,The Enigma Protector vm还原插件,,2,https://www.52pojie.cn/thread-2127264-1-1.html,,吾爱破解,精华采撷,digest,hotlist,,2026-09-22 16:29:39
8,某q音乐jsvmp浅析,,2,https://www.52pojie.cn/thread-2123850-1-1.html,,吾爱破解,精华采撷,digest,hotlist,,2026-09-22 16:29:39
9,【JS逆向实战】手撕雷速体育API：动态AES签名与魔改Gzip响应解密全解析,,2,https://www.52pojie.cn/thread-2122363-1-1.html,,吾爱破解,精华采撷,digest,hotlist,,2026-09-22 16:29:39
10,AIDA64 8.25.8200 Business 逆向工程与Keygen实战,,64,https://www.52pojie.cn/thread-2096924-1-1.html,,吾爱破解,精华采撷,digest,hotlist,,2026-09-22 16:29:39
11,某骗子黑产软件（手机远控）的分析,,2,https://www.52pojie.cn/thread-2117851-1-1.html,,吾爱破解,精华采撷,digest,hotlist,,2026-09-22 16:29:39
12,r0re 自动逆向分析工具实战记录：全通看雪 Android CTF，完整使用指南和源码解析,,0,https://www.52pojie.cn/thread-2122552-1-1.html,,吾爱破解,精华采撷,digest,hotlist,,2026-09-22 16:29:39
13,酷我破解js脚本分析,,2,https://www.52pojie.cn/thread-2088285-1-1.html,,吾爱破解,精华采撷,digest,hotlist,,2026-09-22 16:29:39
14,一个 Android 远控APP的逆向分析-从 AB 包隐藏、动态加载到无障碍远程控制支付流程,,2,https://www.52pojie.cn/thread-2121592-1-1.html,,吾爱破解,精华采撷,digest,hotlist,,2026-09-22 16:29:39
15,全程交给 AI，不写一行代码，本地复现 CCTV 视频播放链路的一次实战记录,,2,https://www.52pojie.cn/thread-2102594-1-1.html,,吾爱破解,精华采撷,digest,hotlist,,2026-09-22 16:29:39
16,x64dbg插件无驱动过vmp3.9.4反调试,,64,https://www.52pojie.cn/thread-2101175-1-1.html,,吾爱破解,精华采撷,digest,hotlist,,2026-09-22 16:29:39
17,八猫付费小说逆向-hostnameVerify&sign,,2,https://www.52pojie.cn/thread-2102001-1-1.html,,吾爱破解,精华采撷,digest,hotlist,,2026-09-22 16:29:39
18,逆向分析某排八字软件的过程,,2,https://www.52pojie.cn/thread-2114056-1-1.html,,吾爱破解,精华采撷,digest,hotlist,,2026-09-22 16:29:39
19,全流程使用AI，完成一次APK重打包。改包名、绕过 Native 校验、重建签名并去掉奖励...,,10,https://www.52pojie.cn/thread-2100927-1-1.html,,吾爱破解,精华采撷,digest,hotlist,,2026-09-22 16:29:39
20,Vibe Coding 从源码阅读到模块开发：基于最新版 Magisk Zygisk，移植实现一个带 We...,,2,https://www.52pojie.cn/thread-2107426-1-1.html,,吾爱破解,精华采撷,digest,hotlist,,2026-09-22 16:29:39
21,FlashSwirl 闪旋，对称加密算法库，支持流加密、AEAD加密、HASH、HMAC、HKDF、PBKDF2,,2,https://www.52pojie.cn/thread-2104834-1-1.html,,吾爱破解,精华采撷,digest,hotlist,,2026-09-22 16:29:39
22,企业微信聊天记录导出全解析,,10,https://www.52pojie.cn/thread-2107745-1-1.html,,吾爱破解,精华采撷,digest,hotlist,,2026-09-22 16:29:39
23,Typora v1.12.4 安全分析：反反调试与激活劫持,,1,https://www.52pojie.cn/thread-2084047-1-1.html,,吾爱破解,精华采撷,digest,hotlist,,2026-09-22 16:29:39
24,破解 Trae CN 加密协议,,10,https://www.52pojie.cn/thread-2113927-1-1.html,,吾爱破解,精华采撷,digest,hotlist,,2026-09-22 16:29:39
25,地表最强 Android so加载全景图,,2,https://www.52pojie.cn/thread-2083097-1-1.html,,吾爱破解,精华采撷,digest,hotlist,,2026-09-22 16:29:39
26,手把手教你给某讯滑块的JSVMP写反编译器 (如宝宝辅食一样易懂),,2,https://www.52pojie.cn/thread-2089027-1-1.html,,吾爱破解,精华采撷,digest,hotlist,,2026-09-22 16:29:39
27,一款WIFI密码搜索软件的授权算法分析,,2,https://www.52pojie.cn/thread-2097675-1-1.html,,吾爱破解,精华采撷,digest,hotlist,,2026-09-22 16:29:39
28,Allsafe靶场全解,,2,https://www.52pojie.cn/thread-2122890-1-1.html,,吾爱破解,精华采撷,digest,hotlist,,2026-09-22 16:29:39
29,某音 JSVMP bogus纯算,,2,https://www.52pojie.cn/thread-2120914-1-1.html,,吾爱破解,精华采撷,digest,hotlist,,2026-09-22 16:29:39
30,某音a_bogus jsvmp反编译,,2,https://www.52pojie.cn/thread-2116186-1-1.html,,吾爱破解,精华采撷,digest,hotlist,,2026-09-22 16:29:39
31,基于文本匹配的VMP还原思路,,2,https://www.52pojie.cn/thread-2115425-1-1.html,,吾爱破解,精华采撷,digest,hotlist,,2026-09-22 16:29:39
32,[长期更新] RV32IMAFDQ指令集模拟器 包含交互式汇编级调试器,,32,https://www.52pojie.cn/thread-2119162-1-1.html,,吾爱破解,精华采撷,digest,hotlist,,2026-09-22 16:29:39
33,对某java保护器本体的逆向分析,,2,https://www.52pojie.cn/thread-2116474-1-1.html,,吾爱破解,精华采撷,digest,hotlist,,2026-09-22 16:29:39
34,Web逆向 JS逆向 基础知识 ：Ignition解释器下一,,2,https://www.52pojie.cn/thread-2105820-1-1.html,,吾爱破解,精华采撷,digest,hotlist,,2026-09-22 16:29:39
35,Web逆向 JS逆向 基础知识 ： V8入门 JS详解 AST知识  字节码。。。。。。,,8,https://www.52pojie.cn/thread-2092084-1-1.html,,吾爱破解,精华采撷,digest,hotlist,,2026-09-22 16:29:39
36,某密企业版加固反调试与VMP分析,,2,https://www.52pojie.cn/thread-2093062-1-1.html,,吾爱破解,精华采撷,digest,hotlist,,2026-09-22 16:29:39
37,SpongeMixer企业级勒索软件的加密逻辑及行为分析,,2,https://www.52pojie.cn/thread-2116347-1-1.html,,吾爱破解,精华采撷,digest,hotlist,,2026-09-22 16:29:39
38,跨进程内存读写的攻防博弈：从内核缺页陷阱到应用层数据溯源,,2026,https://www.52pojie.cn/thread-2111373-1-1.html,,吾爱破解,精华采撷,digest,hotlist,,2026-09-22 16:29:39
39,web逆向基础知识--- js 事件 事件循环 和异步,,2,https://www.52pojie.cn/thread-2111598-1-1.html,,吾爱破解,精华采撷,digest,hotlist,,2026-09-22 16:29:39
40,h5st纯ai补环境+逆向,,5,https://www.52pojie.cn/thread-2092635-1-1.html,,吾爱破解,精华采撷,digest,hotlist,,2026-09-22 16:29:39
41,Sublime许可证分析：RSA PKCS#1标准详解+跨平台Keygen [开源],,1,https://www.52pojie.cn/thread-2090893-1-1.html,,吾爱破解,精华采撷,digest,hotlist,,2026-09-22 16:29:39
42,某红书-4.3.2-绕过ob直面JSVMP-mns0301-详细分析,,4,https://www.52pojie.cn/thread-2098573-1-1.html,,吾爱破解,精华采撷,digest,hotlist,,2026-09-22 16:29:39
43,某Q音乐sign纯算-vmp插桩日志分析,,2,https://www.52pojie.cn/thread-2104849-1-1.html,,吾爱破解,精华采撷,digest,hotlist,,2026-09-22 16:29:39
44,【AI辅助】iOS p12证书签名软件的逆向分析 + 证书获取,,12,https://www.52pojie.cn/thread-2100769-1-1.html,,吾爱破解,精华采撷,digest,hotlist,,2026-09-22 16:29:39
45,某红书4.3.2 ob混淆还原(字符串数组/字典/控制流平坦化),,4,https://www.52pojie.cn/thread-2100076-1-1.html,,吾爱破解,精华采撷,digest,hotlist,,2026-09-22 16:29:39
46,【兑现十年前的承诺】通过逆向分析老游戏XXX梦大富翁来制作外挂BGM启动器,,2,https://www.52pojie.cn/thread-2089150-1-1.html,,吾爱破解,精华采撷,digest,hotlist,,2026-09-22 16:29:39
47,cctv视频解密，wasm vmp分析,,2,https://www.52pojie.cn/thread-2094716-1-1.html,,吾爱破解,精华采撷,digest,hotlist,,2026-09-22 16:29:39
48,某企业加固dex vmp简单分析,,2,https://www.52pojie.cn/thread-2111432-1-1.html,,吾爱破解,精华采撷,digest,hotlist,,2026-09-22 16:29:39
49,2026春节解题领红包5 Windows中级题之Nuitka调试HOOK解题,,2026,https://www.52pojie.cn/thread-2100151-1-1.html,,吾爱破解,精华采撷,digest,hotlist,,2026-09-22 16:29:39
50,从POC到EXP：从0基础到v8 CVE-2021-38003复现,,0,https://www.52pojie.cn/thread-2107373-1-1.html,,吾爱破解,精华采撷,digest,hotlist,,2026-09-22 16:29:39
