index,title,desc,hot,url,image,source,type,ranking_id,published_at,datetime
1,B站第三方 BT 0.9.35,,0,https://www.52pojie.cn/thread-2126475-1-1.html,,吾爱破解,热门热帖,hot,,2026-09-10 00:24:03
2,打印机工具箱1.1,,1,https://www.52pojie.cn/thread-2126715-1-1.html,,吾爱破解,热门热帖,hot,,2026-09-10 00:24:03
3,Windows 极限优化助手 2.3,,2,https://www.52pojie.cn/thread-2126667-1-1.html,,吾爱破解,热门热帖,hot,,2026-09-10 00:24:03
4,万物工具箱 6.9.26.828,,6,https://www.52pojie.cn/thread-2127033-1-1.html,,吾爱破解,热门热帖,hot,,2026-09-10 00:24:03
5,最强逆向大模型GLM-5.3无道德无限制驱动Frida Stalker绕过银行某梆检测,,5,https://www.52pojie.cn/thread-2126497-1-1.html,,吾爱破解,热门热帖,hot,,2026-09-10 00:24:03
6,小学、初中、高中电子课本下载工具 tchMaterial-parser v4.2,,4,https://www.52pojie.cn/thread-2126541-1-1.html,,吾爱破解,热门热帖,hot,,2026-09-10 00:24:03
7,短视频无水印解析下载 v1.0.0,,1,https://www.52pojie.cn/thread-2126862-1-1.html,,吾爱破解,热门热帖,hot,,2026-09-10 00:24:03
8,小旋风收音机 v1.2.2,,1,https://www.52pojie.cn/thread-2126705-1-1.html,,吾爱破解,热门热帖,hot,,2026-09-10 00:24:03
9,WINDOWS 11 26H2启用包,,11,https://www.52pojie.cn/thread-2125279-1-1.html,,吾爱破解,热门热帖,hot,,2026-09-10 00:24:03
10,聆阅听书—v1.1.4,,1,https://www.52pojie.cn/thread-2125245-1-1.html,,吾爱破解,热门热帖,hot,,2026-09-10 00:24:03
11,星愿浏览器 Twinkstar v11.4.1000.2609,,11,https://www.52pojie.cn/thread-2126907-1-1.html,,吾爱破解,热门热帖,hot,,2026-09-10 00:24:03
12,[HTML]聚丰祥软件园网络拓扑图设计工具,,129,https://www.52pojie.cn/thread-2126630-1-1.html,,吾爱破解,热门热帖,hot,,2026-09-10 00:24:03
13,音效增强工具 FxSound v1.2.14.0,,1,https://www.52pojie.cn/thread-2125811-1-1.html,,吾爱破解,热门热帖,hot,,2026-09-10 00:24:03
14,Beyond 5.2.5,,5,https://www.52pojie.cn/thread-2125149-1-1.html,,吾爱破解,热门热帖,hot,,2026-09-10 00:24:03
15,图吧工具箱 winUI3 版 v1.6.1,,3,https://www.52pojie.cn/thread-2127011-1-1.html,,吾爱破解,热门热帖,hot,,2026-09-10 00:24:03
16,VMware Workstation Pro 26H1u1 25688693 简体中文汉化版&简体中文语言包,,26,https://www.52pojie.cn/thread-2126269-1-1.html,,吾爱破解,热门热帖,hot,,2026-09-10 00:24:03
17,查看硬盘健康度软件gsmartcontrol-2.0.2-win64最新版个人汉化,,2,https://www.52pojie.cn/thread-2126734-1-1.html,,吾爱破解,热门热帖,hot,,2026-09-10 00:24:03
18,文件查重助手v1.0.0,,1,https://www.52pojie.cn/thread-2125118-1-1.html,,吾爱破解,热门热帖,hot,,2026-09-10 00:24:03
19,网络监控拓扑图设计工具V1.0.0,,1,https://www.52pojie.cn/thread-2126606-1-1.html,,吾爱破解,热门热帖,hot,,2026-09-10 00:24:03
20,电子书格式互转软件包括（epub转PDF、MOBI转PDF、AZW3转pdf）,,3,https://www.52pojie.cn/thread-2126353-1-1.html,,吾爱破解,热门热帖,hot,,2026-09-10 00:24:03
21,微信图片下载与 排版工具,,366,https://www.52pojie.cn/thread-2125082-1-1.html,,吾爱破解,热门热帖,hot,,2026-09-10 00:24:03
22,完美解码PureCodec20260826官方版&绿色版,,20260826,https://www.52pojie.cn/thread-2126550-1-1.html,,吾爱破解,热门热帖,hot,,2026-09-10 00:24:03
23,重复文件查找删除工具,,377,https://www.52pojie.cn/thread-2126656-1-1.html,,吾爱破解,热门热帖,hot,,2026-09-10 00:24:03
24,ScreenTranslator (屏译) v0.4.5-离线LLM屏幕实时翻译工具,,0,https://www.52pojie.cn/thread-2126236-1-1.html,,吾爱破解,热门热帖,hot,,2026-09-10 00:24:03
25,超准天气预报 v1.2.9,,1,https://www.52pojie.cn/thread-2124952-1-1.html,,吾爱破解,热门热帖,hot,,2026-09-10 00:24:03
26,拆书器（拆书工具）,,141,https://www.52pojie.cn/thread-2125259-1-1.html,,吾爱破解,热门热帖,hot,,2026-09-10 00:24:03
27,Markdown编辑器 HorseMD v0.13.187,,0,https://www.52pojie.cn/thread-2126073-1-1.html,,吾爱破解,热门热帖,hot,,2026-09-10 00:24:03
28,截图录屏OCR工具 Pixwit v1.16.3,,1,https://www.52pojie.cn/thread-2126614-1-1.html,,吾爱破解,热门热帖,hot,,2026-09-10 00:24:03
29,Geek卸载工具修改版v1.5.4.180，支持批量卸载！,,1,https://www.52pojie.cn/thread-2125056-1-1.html,,吾爱破解,热门热帖,hot,,2026-09-10 00:24:03
30,随身FM v2.3.2,,2,https://www.52pojie.cn/thread-2126704-1-1.html,,吾爱破解,热门热帖,hot,,2026-09-10 00:24:03
31,闪豆视频下载器 v2026.08.14,,2026,https://www.52pojie.cn/thread-2126557-1-1.html,,吾爱破解,热门热帖,hot,,2026-09-10 00:24:03
32,图片转换工具,,348,https://www.52pojie.cn/thread-2125996-1-1.html,,吾爱破解,热门热帖,hot,,2026-09-10 00:24:03
33,轻量级屏幕标注工具 MarkerOn v2.9.4,,2,https://www.52pojie.cn/thread-2125295-1-1.html,,吾爱破解,热门热帖,hot,,2026-09-10 00:24:03
34,UFS改U盘主控，对应支持型号及量产工具,,192,https://www.52pojie.cn/thread-2126621-1-1.html,,吾爱破解,热门热帖,hot,,2026-09-10 00:24:03
35,手机投屏控制助手 scrcpy-helper v1.5.2,,1,https://www.52pojie.cn/thread-2127053-1-1.html,,吾爱破解,热门热帖,hot,,2026-09-10 00:24:03
36,Office办公套件 LibreOffice v26.8.0,,26,https://www.52pojie.cn/thread-2125406-1-1.html,,吾爱破解,热门热帖,hot,,2026-09-10 00:24:03
37,个性化字帖生成工具V1.4,,1,https://www.52pojie.cn/thread-2126021-1-1.html,,吾爱破解,热门热帖,hot,,2026-09-10 00:24:03
38,WorkBuddy多账号切换v15【保留工作区】,,15,https://www.52pojie.cn/thread-2125949-1-1.html,,吾爱破解,热门热帖,hot,,2026-09-10 00:24:03
39,超级教师Super Teacher 1.2.19,,1,https://www.52pojie.cn/thread-2126248-1-1.html,,吾爱破解,热门热帖,hot,,2026-09-10 00:24:03
40,单文件制作工具 7.0.2.3867,,7,https://www.52pojie.cn/thread-2126555-1-1.html,,吾爱破解,热门热帖,hot,,2026-09-10 00:24:03
41,手机变电脑IP摄像头 Android IP Camera v0.12.0,,0,https://www.52pojie.cn/thread-2126756-1-1.html,,吾爱破解,热门热帖,hot,,2026-09-10 00:24:03
42,本地重复文件与相似照片清理工具 DupHunter v4.0.1,,4,https://www.52pojie.cn/thread-2125228-1-1.html,,吾爱破解,热门热帖,hot,,2026-09-10 00:24:03
43,智能抠图工具  v1.3.0,,1,https://www.52pojie.cn/thread-2125128-1-1.html,,吾爱破解,热门热帖,hot,,2026-09-10 00:24:03
44,视频自动分段工具v1（更新V2）,,1,https://www.52pojie.cn/thread-2126892-1-1.html,,吾爱破解,热门热帖,hot,,2026-09-10 00:24:03
45,3D建模工具 Blender v5.2.1,,3,https://www.52pojie.cn/thread-2126011-1-1.html,,吾爱破解,热门热帖,hot,,2026-09-10 00:24:03
46,Win7极限优化助手1.0,,7,https://www.52pojie.cn/thread-2125334-1-1.html,,吾爱破解,热门热帖,hot,,2026-09-10 00:24:03
47,户外出行离线地图 Organic Maps 26082718,,26082718,https://www.52pojie.cn/thread-2125781-1-1.html,,吾爱破解,热门热帖,hot,,2026-09-10 00:24:03
48,微信自动锁定工具 Wxlocker 2.0,,2,https://www.52pojie.cn/thread-2125460-1-1.html,,吾爱破解,热门热帖,hot,,2026-09-10 00:24:03
49,下载管理工具 Hydra Download Manager v0.4.0,,0,https://www.52pojie.cn/thread-2126293-1-1.html,,吾爱破解,热门热帖,hot,,2026-09-10 00:24:03
50,Windows 10/11 系统优化管理工具Windows Manager v2.4.0,,10,https://www.52pojie.cn/thread-2126034-1-1.html,,吾爱破解,热门热帖,hot,,2026-09-10 00:24:03
1,打印机工具箱1.1,,1,https://www.52pojie.cn/thread-2126715-1-1.html,,吾爱破解,热门热帖,hot,,2026-09-10 01:19:09
2,小学、初中、高中电子课本下载工具 tchMaterial-parser v4.2,,4,https://www.52pojie.cn/thread-2126541-1-1.html,,吾爱破解,热门热帖,hot,,2026-09-10 01:19:09
3,完美解码PureCodec20260826官方版&绿色版,,20260826,https://www.52pojie.cn/thread-2126550-1-1.html,,吾爱破解,热门热帖,hot,,2026-09-10 01:19:09
4,Windows 极限优化助手 2.3,,2,https://www.52pojie.cn/thread-2126667-1-1.html,,吾爱破解,热门热帖,hot,,2026-09-10 01:19:09
5,B站第三方 BT 0.9.35,,0,https://www.52pojie.cn/thread-2126475-1-1.html,,吾爱破解,热门热帖,hot,,2026-09-10 01:19:09
6,万物工具箱 6.9.26.828,,6,https://www.52pojie.cn/thread-2127033-1-1.html,,吾爱破解,热门热帖,hot,,2026-09-10 01:19:09
7,最强逆向大模型GLM-5.3无道德无限制驱动Frida Stalker绕过银行某梆检测,,5,https://www.52pojie.cn/thread-2126497-1-1.html,,吾爱破解,热门热帖,hot,,2026-09-10 01:19:09
8,短视频无水印解析下载 v1.0.0,,1,https://www.52pojie.cn/thread-2126862-1-1.html,,吾爱破解,热门热帖,hot,,2026-09-10 01:19:09
9,小旋风收音机 v1.2.2,,1,https://www.52pojie.cn/thread-2126705-1-1.html,,吾爱破解,热门热帖,hot,,2026-09-10 01:19:09
10,WINDOWS 11 26H2启用包,,11,https://www.52pojie.cn/thread-2125279-1-1.html,,吾爱破解,热门热帖,hot,,2026-09-10 01:19:09
11,聆阅听书—v1.1.4,,1,https://www.52pojie.cn/thread-2125245-1-1.html,,吾爱破解,热门热帖,hot,,2026-09-10 01:19:09
12,星愿浏览器 Twinkstar v11.4.1000.2609,,11,https://www.52pojie.cn/thread-2126907-1-1.html,,吾爱破解,热门热帖,hot,,2026-09-10 01:19:09
13,[HTML]聚丰祥软件园网络拓扑图设计工具,,129,https://www.52pojie.cn/thread-2126630-1-1.html,,吾爱破解,热门热帖,hot,,2026-09-10 01:19:09
14,音效增强工具 FxSound v1.2.14.0,,1,https://www.52pojie.cn/thread-2125811-1-1.html,,吾爱破解,热门热帖,hot,,2026-09-10 01:19:09
15,Beyond 5.2.5,,5,https://www.52pojie.cn/thread-2125149-1-1.html,,吾爱破解,热门热帖,hot,,2026-09-10 01:19:09
16,图吧工具箱 winUI3 版 v1.6.1,,3,https://www.52pojie.cn/thread-2127011-1-1.html,,吾爱破解,热门热帖,hot,,2026-09-10 01:19:09
17,VMware Workstation Pro 26H1u1 25688693 简体中文汉化版&简体中文语言包,,26,https://www.52pojie.cn/thread-2126269-1-1.html,,吾爱破解,热门热帖,hot,,2026-09-10 01:19:09
18,查看硬盘健康度软件gsmartcontrol-2.0.2-win64最新版个人汉化,,2,https://www.52pojie.cn/thread-2126734-1-1.html,,吾爱破解,热门热帖,hot,,2026-09-10 01:19:09
19,文件查重助手v1.0.0,,1,https://www.52pojie.cn/thread-2125118-1-1.html,,吾爱破解,热门热帖,hot,,2026-09-10 01:19:09
20,网络监控拓扑图设计工具V1.0.0,,1,https://www.52pojie.cn/thread-2126606-1-1.html,,吾爱破解,热门热帖,hot,,2026-09-10 01:19:09
21,电子书格式互转软件包括（epub转PDF、MOBI转PDF、AZW3转pdf）,,3,https://www.52pojie.cn/thread-2126353-1-1.html,,吾爱破解,热门热帖,hot,,2026-09-10 01:19:09
22,微信图片下载与 排版工具,,366,https://www.52pojie.cn/thread-2125082-1-1.html,,吾爱破解,热门热帖,hot,,2026-09-10 01:19:09
23,重复文件查找删除工具,,377,https://www.52pojie.cn/thread-2126656-1-1.html,,吾爱破解,热门热帖,hot,,2026-09-10 01:19:09
24,ScreenTranslator (屏译) v0.4.5-离线LLM屏幕实时翻译工具,,0,https://www.52pojie.cn/thread-2126236-1-1.html,,吾爱破解,热门热帖,hot,,2026-09-10 01:19:09
25,超准天气预报 v1.2.9,,1,https://www.52pojie.cn/thread-2124952-1-1.html,,吾爱破解,热门热帖,hot,,2026-09-10 01:19:09
26,拆书器（拆书工具）,,141,https://www.52pojie.cn/thread-2125259-1-1.html,,吾爱破解,热门热帖,hot,,2026-09-10 01:19:09
27,Markdown编辑器 HorseMD v0.13.187,,0,https://www.52pojie.cn/thread-2126073-1-1.html,,吾爱破解,热门热帖,hot,,2026-09-10 01:19:09
28,截图录屏OCR工具 Pixwit v1.16.3,,1,https://www.52pojie.cn/thread-2126614-1-1.html,,吾爱破解,热门热帖,hot,,2026-09-10 01:19:09
29,Geek卸载工具修改版v1.5.4.180，支持批量卸载！,,1,https://www.52pojie.cn/thread-2125056-1-1.html,,吾爱破解,热门热帖,hot,,2026-09-10 01:19:09
30,随身FM v2.3.2,,2,https://www.52pojie.cn/thread-2126704-1-1.html,,吾爱破解,热门热帖,hot,,2026-09-10 01:19:09
31,闪豆视频下载器 v2026.08.14,,2026,https://www.52pojie.cn/thread-2126557-1-1.html,,吾爱破解,热门热帖,hot,,2026-09-10 01:19:09
32,图片转换工具,,348,https://www.52pojie.cn/thread-2125996-1-1.html,,吾爱破解,热门热帖,hot,,2026-09-10 01:19:09
33,轻量级屏幕标注工具 MarkerOn v2.9.4,,2,https://www.52pojie.cn/thread-2125295-1-1.html,,吾爱破解,热门热帖,hot,,2026-09-10 01:19:09
34,UFS改U盘主控，对应支持型号及量产工具,,192,https://www.52pojie.cn/thread-2126621-1-1.html,,吾爱破解,热门热帖,hot,,2026-09-10 01:19:09
35,手机投屏控制助手 scrcpy-helper v1.5.2,,1,https://www.52pojie.cn/thread-2127053-1-1.html,,吾爱破解,热门热帖,hot,,2026-09-10 01:19:09
36,Office办公套件 LibreOffice v26.8.0,,26,https://www.52pojie.cn/thread-2125406-1-1.html,,吾爱破解,热门热帖,hot,,2026-09-10 01:19:09
37,个性化字帖生成工具V1.4,,1,https://www.52pojie.cn/thread-2126021-1-1.html,,吾爱破解,热门热帖,hot,,2026-09-10 01:19:09
38,WorkBuddy多账号切换v15【保留工作区】,,15,https://www.52pojie.cn/thread-2125949-1-1.html,,吾爱破解,热门热帖,hot,,2026-09-10 01:19:09
39,超级教师Super Teacher 1.2.19,,1,https://www.52pojie.cn/thread-2126248-1-1.html,,吾爱破解,热门热帖,hot,,2026-09-10 01:19:09
40,单文件制作工具 7.0.2.3867,,7,https://www.52pojie.cn/thread-2126555-1-1.html,,吾爱破解,热门热帖,hot,,2026-09-10 01:19:09
41,手机变电脑IP摄像头 Android IP Camera v0.12.0,,0,https://www.52pojie.cn/thread-2126756-1-1.html,,吾爱破解,热门热帖,hot,,2026-09-10 01:19:09
42,本地重复文件与相似照片清理工具 DupHunter v4.0.1,,4,https://www.52pojie.cn/thread-2125228-1-1.html,,吾爱破解,热门热帖,hot,,2026-09-10 01:19:09
43,智能抠图工具  v1.3.0,,1,https://www.52pojie.cn/thread-2125128-1-1.html,,吾爱破解,热门热帖,hot,,2026-09-10 01:19:09
44,视频自动分段工具v1（更新V2）,,1,https://www.52pojie.cn/thread-2126892-1-1.html,,吾爱破解,热门热帖,hot,,2026-09-10 01:19:09
45,3D建模工具 Blender v5.2.1,,3,https://www.52pojie.cn/thread-2126011-1-1.html,,吾爱破解,热门热帖,hot,,2026-09-10 01:19:09
46,Win7极限优化助手1.0,,7,https://www.52pojie.cn/thread-2125334-1-1.html,,吾爱破解,热门热帖,hot,,2026-09-10 01:19:09
47,户外出行离线地图 Organic Maps 26082718,,26082718,https://www.52pojie.cn/thread-2125781-1-1.html,,吾爱破解,热门热帖,hot,,2026-09-10 01:19:09
48,微信自动锁定工具 Wxlocker 2.0,,2,https://www.52pojie.cn/thread-2125460-1-1.html,,吾爱破解,热门热帖,hot,,2026-09-10 01:19:09
49,下载管理工具 Hydra Download Manager v0.4.0,,0,https://www.52pojie.cn/thread-2126293-1-1.html,,吾爱破解,热门热帖,hot,,2026-09-10 01:19:09
50,Windows 10/11 系统优化管理工具Windows Manager v2.4.0,,10,https://www.52pojie.cn/thread-2126034-1-1.html,,吾爱破解,热门热帖,hot,,2026-09-10 01:19:09
1,图吧工具箱 winUI3 版 v1.6.1,,3,https://www.52pojie.cn/thread-2127011-1-1.html,,吾爱破解,热门热帖,hot,,2026-09-10 02:26:41
2,万物工具箱 6.9.26.828,,6,https://www.52pojie.cn/thread-2127033-1-1.html,,吾爱破解,热门热帖,hot,,2026-09-10 02:26:41
3,短视频无水印解析下载 v1.0.0,,1,https://www.52pojie.cn/thread-2126862-1-1.html,,吾爱破解,热门热帖,hot,,2026-09-10 02:26:41
4,打印机工具箱1.1,,1,https://www.52pojie.cn/thread-2126715-1-1.html,,吾爱破解,热门热帖,hot,,2026-09-10 02:26:41
5,小学、初中、高中电子课本下载工具 tchMaterial-parser v4.2,,4,https://www.52pojie.cn/thread-2126541-1-1.html,,吾爱破解,热门热帖,hot,,2026-09-10 02:26:41
6,文件查重助手v1.0.0,,1,https://www.52pojie.cn/thread-2125118-1-1.html,,吾爱破解,热门热帖,hot,,2026-09-10 02:26:41
7,完美解码PureCodec20260826官方版&绿色版,,20260826,https://www.52pojie.cn/thread-2126550-1-1.html,,吾爱破解,热门热帖,hot,,2026-09-10 02:26:41
8,Windows 极限优化助手 2.3,,2,https://www.52pojie.cn/thread-2126667-1-1.html,,吾爱破解,热门热帖,hot,,2026-09-10 02:26:41
9,B站第三方 BT 0.9.35,,0,https://www.52pojie.cn/thread-2126475-1-1.html,,吾爱破解,热门热帖,hot,,2026-09-10 02:26:41
10,最强逆向大模型GLM-5.3无道德无限制驱动Frida Stalker绕过银行某梆检测,,5,https://www.52pojie.cn/thread-2126497-1-1.html,,吾爱破解,热门热帖,hot,,2026-09-10 02:26:41
11,小旋风收音机 v1.2.2,,1,https://www.52pojie.cn/thread-2126705-1-1.html,,吾爱破解,热门热帖,hot,,2026-09-10 02:26:41
12,WINDOWS 11 26H2启用包,,11,https://www.52pojie.cn/thread-2125279-1-1.html,,吾爱破解,热门热帖,hot,,2026-09-10 02:26:41
13,聆阅听书—v1.1.4,,1,https://www.52pojie.cn/thread-2125245-1-1.html,,吾爱破解,热门热帖,hot,,2026-09-10 02:26:41
14,星愿浏览器 Twinkstar v11.4.1000.2609,,11,https://www.52pojie.cn/thread-2126907-1-1.html,,吾爱破解,热门热帖,hot,,2026-09-10 02:26:41
15,[HTML]聚丰祥软件园网络拓扑图设计工具,,130,https://www.52pojie.cn/thread-2126630-1-1.html,,吾爱破解,热门热帖,hot,,2026-09-10 02:26:41
16,音效增强工具 FxSound v1.2.14.0,,1,https://www.52pojie.cn/thread-2125811-1-1.html,,吾爱破解,热门热帖,hot,,2026-09-10 02:26:41
17,Beyond 5.2.5,,5,https://www.52pojie.cn/thread-2125149-1-1.html,,吾爱破解,热门热帖,hot,,2026-09-10 02:26:41
18,VMware Workstation Pro 26H1u1 25688693 简体中文汉化版&简体中文语言包,,26,https://www.52pojie.cn/thread-2126269-1-1.html,,吾爱破解,热门热帖,hot,,2026-09-10 02:26:41
19,查看硬盘健康度软件gsmartcontrol-2.0.2-win64最新版个人汉化,,2,https://www.52pojie.cn/thread-2126734-1-1.html,,吾爱破解,热门热帖,hot,,2026-09-10 02:26:41
20,网络监控拓扑图设计工具V1.0.0,,1,https://www.52pojie.cn/thread-2126606-1-1.html,,吾爱破解,热门热帖,hot,,2026-09-10 02:26:41
21,电子书格式互转软件包括（epub转PDF、MOBI转PDF、AZW3转pdf）,,3,https://www.52pojie.cn/thread-2126353-1-1.html,,吾爱破解,热门热帖,hot,,2026-09-10 02:26:41
22,微信图片下载与 排版工具,,366,https://www.52pojie.cn/thread-2125082-1-1.html,,吾爱破解,热门热帖,hot,,2026-09-10 02:26:41
23,重复文件查找删除工具,,377,https://www.52pojie.cn/thread-2126656-1-1.html,,吾爱破解,热门热帖,hot,,2026-09-10 02:26:41
24,ScreenTranslator (屏译) v0.4.5-离线LLM屏幕实时翻译工具,,0,https://www.52pojie.cn/thread-2126236-1-1.html,,吾爱破解,热门热帖,hot,,2026-09-10 02:26:41
25,超准天气预报 v1.2.9,,1,https://www.52pojie.cn/thread-2124952-1-1.html,,吾爱破解,热门热帖,hot,,2026-09-10 02:26:41
26,拆书器（拆书工具）,,141,https://www.52pojie.cn/thread-2125259-1-1.html,,吾爱破解,热门热帖,hot,,2026-09-10 02:26:41
27,Markdown编辑器 HorseMD v0.13.187,,0,https://www.52pojie.cn/thread-2126073-1-1.html,,吾爱破解,热门热帖,hot,,2026-09-10 02:26:41
28,截图录屏OCR工具 Pixwit v1.16.3,,1,https://www.52pojie.cn/thread-2126614-1-1.html,,吾爱破解,热门热帖,hot,,2026-09-10 02:26:41
29,Geek卸载工具修改版v1.5.4.180，支持批量卸载！,,1,https://www.52pojie.cn/thread-2125056-1-1.html,,吾爱破解,热门热帖,hot,,2026-09-10 02:26:41
30,随身FM v2.3.2,,2,https://www.52pojie.cn/thread-2126704-1-1.html,,吾爱破解,热门热帖,hot,,2026-09-10 02:26:41
31,闪豆视频下载器 v2026.08.14,,2026,https://www.52pojie.cn/thread-2126557-1-1.html,,吾爱破解,热门热帖,hot,,2026-09-10 02:26:41
32,图片转换工具,,348,https://www.52pojie.cn/thread-2125996-1-1.html,,吾爱破解,热门热帖,hot,,2026-09-10 02:26:41
33,轻量级屏幕标注工具 MarkerOn v2.9.4,,2,https://www.52pojie.cn/thread-2125295-1-1.html,,吾爱破解,热门热帖,hot,,2026-09-10 02:26:41
34,UFS改U盘主控，对应支持型号及量产工具,,192,https://www.52pojie.cn/thread-2126621-1-1.html,,吾爱破解,热门热帖,hot,,2026-09-10 02:26:41
35,手机投屏控制助手 scrcpy-helper v1.5.2,,1,https://www.52pojie.cn/thread-2127053-1-1.html,,吾爱破解,热门热帖,hot,,2026-09-10 02:26:41
36,Office办公套件 LibreOffice v26.8.0,,26,https://www.52pojie.cn/thread-2125406-1-1.html,,吾爱破解,热门热帖,hot,,2026-09-10 02:26:41
37,个性化字帖生成工具V1.4,,1,https://www.52pojie.cn/thread-2126021-1-1.html,,吾爱破解,热门热帖,hot,,2026-09-10 02:26:41
38,WorkBuddy多账号切换v15【保留工作区】,,15,https://www.52pojie.cn/thread-2125949-1-1.html,,吾爱破解,热门热帖,hot,,2026-09-10 02:26:41
39,超级教师Super Teacher 1.2.19,,1,https://www.52pojie.cn/thread-2126248-1-1.html,,吾爱破解,热门热帖,hot,,2026-09-10 02:26:41
40,单文件制作工具 7.0.2.3867,,7,https://www.52pojie.cn/thread-2126555-1-1.html,,吾爱破解,热门热帖,hot,,2026-09-10 02:26:41
41,手机变电脑IP摄像头 Android IP Camera v0.12.0,,0,https://www.52pojie.cn/thread-2126756-1-1.html,,吾爱破解,热门热帖,hot,,2026-09-10 02:26:41
42,本地重复文件与相似照片清理工具 DupHunter v4.0.1,,4,https://www.52pojie.cn/thread-2125228-1-1.html,,吾爱破解,热门热帖,hot,,2026-09-10 02:26:41
43,智能抠图工具  v1.3.0,,1,https://www.52pojie.cn/thread-2125128-1-1.html,,吾爱破解,热门热帖,hot,,2026-09-10 02:26:41
44,视频自动分段工具v1（更新V2）,,1,https://www.52pojie.cn/thread-2126892-1-1.html,,吾爱破解,热门热帖,hot,,2026-09-10 02:26:41
45,3D建模工具 Blender v5.2.1,,3,https://www.52pojie.cn/thread-2126011-1-1.html,,吾爱破解,热门热帖,hot,,2026-09-10 02:26:41
46,Win7极限优化助手1.0,,7,https://www.52pojie.cn/thread-2125334-1-1.html,,吾爱破解,热门热帖,hot,,2026-09-10 02:26:41
47,户外出行离线地图 Organic Maps 26082718,,26082718,https://www.52pojie.cn/thread-2125781-1-1.html,,吾爱破解,热门热帖,hot,,2026-09-10 02:26:41
48,微信自动锁定工具 Wxlocker 2.0,,2,https://www.52pojie.cn/thread-2125460-1-1.html,,吾爱破解,热门热帖,hot,,2026-09-10 02:26:41
49,下载管理工具 Hydra Download Manager v0.4.0,,0,https://www.52pojie.cn/thread-2126293-1-1.html,,吾爱破解,热门热帖,hot,,2026-09-10 02:26:41
50,Windows 10/11 系统优化管理工具Windows Manager v2.4.0,,10,https://www.52pojie.cn/thread-2126034-1-1.html,,吾爱破解,热门热帖,hot,,2026-09-10 02:26:41
1,万物工具箱 6.9.26.828,,6,https://www.52pojie.cn/thread-2127033-1-1.html,,吾爱破解,热门热帖,hot,,2026-09-10 03:17:25
2,闪豆视频下载器 v2026.08.14,,2026,https://www.52pojie.cn/thread-2126557-1-1.html,,吾爱破解,热门热帖,hot,,2026-09-10 03:17:25
3,打印机工具箱1.1,,1,https://www.52pojie.cn/thread-2126715-1-1.html,,吾爱破解,热门热帖,hot,,2026-09-10 03:17:25
4,图吧工具箱 winUI3 版 v1.6.1,,3,https://www.52pojie.cn/thread-2127011-1-1.html,,吾爱破解,热门热帖,hot,,2026-09-10 03:17:25
5,短视频无水印解析下载 v1.0.0,,1,https://www.52pojie.cn/thread-2126862-1-1.html,,吾爱破解,热门热帖,hot,,2026-09-10 03:17:25
6,小学、初中、高中电子课本下载工具 tchMaterial-parser v4.2,,4,https://www.52pojie.cn/thread-2126541-1-1.html,,吾爱破解,热门热帖,hot,,2026-09-10 03:17:25
7,文件查重助手v1.0.0,,1,https://www.52pojie.cn/thread-2125118-1-1.html,,吾爱破解,热门热帖,hot,,2026-09-10 03:17:25
8,完美解码PureCodec20260826官方版&绿色版,,20260826,https://www.52pojie.cn/thread-2126550-1-1.html,,吾爱破解,热门热帖,hot,,2026-09-10 03:17:25
9,Windows 极限优化助手 2.3,,2,https://www.52pojie.cn/thread-2126667-1-1.html,,吾爱破解,热门热帖,hot,,2026-09-10 03:17:25
10,B站第三方 BT 0.9.35,,0,https://www.52pojie.cn/thread-2126475-1-1.html,,吾爱破解,热门热帖,hot,,2026-09-10 03:17:25
11,最强逆向大模型GLM-5.3无道德无限制驱动Frida Stalker绕过银行某梆检测,,5,https://www.52pojie.cn/thread-2126497-1-1.html,,吾爱破解,热门热帖,hot,,2026-09-10 03:17:25
12,小旋风收音机 v1.2.2,,1,https://www.52pojie.cn/thread-2126705-1-1.html,,吾爱破解,热门热帖,hot,,2026-09-10 03:17:25
13,WINDOWS 11 26H2启用包,,11,https://www.52pojie.cn/thread-2125279-1-1.html,,吾爱破解,热门热帖,hot,,2026-09-10 03:17:25
14,聆阅听书—v1.1.4,,1,https://www.52pojie.cn/thread-2125245-1-1.html,,吾爱破解,热门热帖,hot,,2026-09-10 03:17:25
15,星愿浏览器 Twinkstar v11.4.1000.2609,,11,https://www.52pojie.cn/thread-2126907-1-1.html,,吾爱破解,热门热帖,hot,,2026-09-10 03:17:25
16,[HTML]聚丰祥软件园网络拓扑图设计工具,,130,https://www.52pojie.cn/thread-2126630-1-1.html,,吾爱破解,热门热帖,hot,,2026-09-10 03:17:25
17,音效增强工具 FxSound v1.2.14.0,,1,https://www.52pojie.cn/thread-2125811-1-1.html,,吾爱破解,热门热帖,hot,,2026-09-10 03:17:25
18,Beyond 5.2.5,,5,https://www.52pojie.cn/thread-2125149-1-1.html,,吾爱破解,热门热帖,hot,,2026-09-10 03:17:25
19,VMware Workstation Pro 26H1u1 25688693 简体中文汉化版&简体中文语言包,,26,https://www.52pojie.cn/thread-2126269-1-1.html,,吾爱破解,热门热帖,hot,,2026-09-10 03:17:25
20,查看硬盘健康度软件gsmartcontrol-2.0.2-win64最新版个人汉化,,2,https://www.52pojie.cn/thread-2126734-1-1.html,,吾爱破解,热门热帖,hot,,2026-09-10 03:17:25
21,网络监控拓扑图设计工具V1.0.0,,1,https://www.52pojie.cn/thread-2126606-1-1.html,,吾爱破解,热门热帖,hot,,2026-09-10 03:17:25
22,电子书格式互转软件包括（epub转PDF、MOBI转PDF、AZW3转pdf）,,3,https://www.52pojie.cn/thread-2126353-1-1.html,,吾爱破解,热门热帖,hot,,2026-09-10 03:17:25
23,微信图片下载与 排版工具,,366,https://www.52pojie.cn/thread-2125082-1-1.html,,吾爱破解,热门热帖,hot,,2026-09-10 03:17:25
24,重复文件查找删除工具,,377,https://www.52pojie.cn/thread-2126656-1-1.html,,吾爱破解,热门热帖,hot,,2026-09-10 03:17:25
25,ScreenTranslator (屏译) v0.4.5-离线LLM屏幕实时翻译工具,,0,https://www.52pojie.cn/thread-2126236-1-1.html,,吾爱破解,热门热帖,hot,,2026-09-10 03:17:25
26,超准天气预报 v1.2.9,,1,https://www.52pojie.cn/thread-2124952-1-1.html,,吾爱破解,热门热帖,hot,,2026-09-10 03:17:25
27,拆书器（拆书工具）,,141,https://www.52pojie.cn/thread-2125259-1-1.html,,吾爱破解,热门热帖,hot,,2026-09-10 03:17:25
28,Markdown编辑器 HorseMD v0.13.187,,0,https://www.52pojie.cn/thread-2126073-1-1.html,,吾爱破解,热门热帖,hot,,2026-09-10 03:17:25
29,截图录屏OCR工具 Pixwit v1.16.3,,1,https://www.52pojie.cn/thread-2126614-1-1.html,,吾爱破解,热门热帖,hot,,2026-09-10 03:17:25
30,Geek卸载工具修改版v1.5.4.180，支持批量卸载！,,1,https://www.52pojie.cn/thread-2125056-1-1.html,,吾爱破解,热门热帖,hot,,2026-09-10 03:17:25
31,随身FM v2.3.2,,2,https://www.52pojie.cn/thread-2126704-1-1.html,,吾爱破解,热门热帖,hot,,2026-09-10 03:17:25
32,图片转换工具,,348,https://www.52pojie.cn/thread-2125996-1-1.html,,吾爱破解,热门热帖,hot,,2026-09-10 03:17:25
33,轻量级屏幕标注工具 MarkerOn v2.9.4,,2,https://www.52pojie.cn/thread-2125295-1-1.html,,吾爱破解,热门热帖,hot,,2026-09-10 03:17:25
34,UFS改U盘主控，对应支持型号及量产工具,,192,https://www.52pojie.cn/thread-2126621-1-1.html,,吾爱破解,热门热帖,hot,,2026-09-10 03:17:25
35,手机投屏控制助手 scrcpy-helper v1.5.2,,1,https://www.52pojie.cn/thread-2127053-1-1.html,,吾爱破解,热门热帖,hot,,2026-09-10 03:17:25
36,Office办公套件 LibreOffice v26.8.0,,26,https://www.52pojie.cn/thread-2125406-1-1.html,,吾爱破解,热门热帖,hot,,2026-09-10 03:17:25
37,个性化字帖生成工具V1.4,,1,https://www.52pojie.cn/thread-2126021-1-1.html,,吾爱破解,热门热帖,hot,,2026-09-10 03:17:25
38,WorkBuddy多账号切换v15【保留工作区】,,15,https://www.52pojie.cn/thread-2125949-1-1.html,,吾爱破解,热门热帖,hot,,2026-09-10 03:17:25
39,超级教师Super Teacher 1.2.19,,1,https://www.52pojie.cn/thread-2126248-1-1.html,,吾爱破解,热门热帖,hot,,2026-09-10 03:17:25
40,单文件制作工具 7.0.2.3867,,7,https://www.52pojie.cn/thread-2126555-1-1.html,,吾爱破解,热门热帖,hot,,2026-09-10 03:17:25
41,手机变电脑IP摄像头 Android IP Camera v0.12.0,,0,https://www.52pojie.cn/thread-2126756-1-1.html,,吾爱破解,热门热帖,hot,,2026-09-10 03:17:25
42,本地重复文件与相似照片清理工具 DupHunter v4.0.1,,4,https://www.52pojie.cn/thread-2125228-1-1.html,,吾爱破解,热门热帖,hot,,2026-09-10 03:17:25
43,智能抠图工具  v1.3.0,,1,https://www.52pojie.cn/thread-2125128-1-1.html,,吾爱破解,热门热帖,hot,,2026-09-10 03:17:25
44,视频自动分段工具v1（更新V2）,,1,https://www.52pojie.cn/thread-2126892-1-1.html,,吾爱破解,热门热帖,hot,,2026-09-10 03:17:25
45,3D建模工具 Blender v5.2.1,,3,https://www.52pojie.cn/thread-2126011-1-1.html,,吾爱破解,热门热帖,hot,,2026-09-10 03:17:25
46,Win7极限优化助手1.0,,7,https://www.52pojie.cn/thread-2125334-1-1.html,,吾爱破解,热门热帖,hot,,2026-09-10 03:17:25
47,户外出行离线地图 Organic Maps 26082718,,26082718,https://www.52pojie.cn/thread-2125781-1-1.html,,吾爱破解,热门热帖,hot,,2026-09-10 03:17:25
48,微信自动锁定工具 Wxlocker 2.0,,2,https://www.52pojie.cn/thread-2125460-1-1.html,,吾爱破解,热门热帖,hot,,2026-09-10 03:17:25
49,下载管理工具 Hydra Download Manager v0.4.0,,0,https://www.52pojie.cn/thread-2126293-1-1.html,,吾爱破解,热门热帖,hot,,2026-09-10 03:17:25
50,Windows 10/11 系统优化管理工具Windows Manager v2.4.0,,10,https://www.52pojie.cn/thread-2126034-1-1.html,,吾爱破解,热门热帖,hot,,2026-09-10 03:17:25
1,万物工具箱 6.9.26.828,,6,https://www.52pojie.cn/thread-2127033-1-1.html,,吾爱破解,热门热帖,hot,,2026-09-10 04:21:50
2,闪豆视频下载器 v2026.08.14,,2026,https://www.52pojie.cn/thread-2126557-1-1.html,,吾爱破解,热门热帖,hot,,2026-09-10 04:21:50
3,打印机工具箱1.1,,1,https://www.52pojie.cn/thread-2126715-1-1.html,,吾爱破解,热门热帖,hot,,2026-09-10 04:21:50
4,图吧工具箱 winUI3 版 v1.6.1,,3,https://www.52pojie.cn/thread-2127011-1-1.html,,吾爱破解,热门热帖,hot,,2026-09-10 04:21:50
5,短视频无水印解析下载 v1.0.0,,1,https://www.52pojie.cn/thread-2126862-1-1.html,,吾爱破解,热门热帖,hot,,2026-09-10 04:21:50
6,小学、初中、高中电子课本下载工具 tchMaterial-parser v4.2,,4,https://www.52pojie.cn/thread-2126541-1-1.html,,吾爱破解,热门热帖,hot,,2026-09-10 04:21:50
7,文件查重助手v1.0.0,,1,https://www.52pojie.cn/thread-2125118-1-1.html,,吾爱破解,热门热帖,hot,,2026-09-10 04:21:50
8,完美解码PureCodec20260826官方版&绿色版,,20260826,https://www.52pojie.cn/thread-2126550-1-1.html,,吾爱破解,热门热帖,hot,,2026-09-10 04:21:50
9,Windows 极限优化助手 2.3,,2,https://www.52pojie.cn/thread-2126667-1-1.html,,吾爱破解,热门热帖,hot,,2026-09-10 04:21:50
10,B站第三方 BT 0.9.35,,0,https://www.52pojie.cn/thread-2126475-1-1.html,,吾爱破解,热门热帖,hot,,2026-09-10 04:21:50
11,最强逆向大模型GLM-5.3无道德无限制驱动Frida Stalker绕过银行某梆检测,,5,https://www.52pojie.cn/thread-2126497-1-1.html,,吾爱破解,热门热帖,hot,,2026-09-10 04:21:50
12,小旋风收音机 v1.2.2,,1,https://www.52pojie.cn/thread-2126705-1-1.html,,吾爱破解,热门热帖,hot,,2026-09-10 04:21:50
13,WINDOWS 11 26H2启用包,,11,https://www.52pojie.cn/thread-2125279-1-1.html,,吾爱破解,热门热帖,hot,,2026-09-10 04:21:50
14,聆阅听书—v1.1.4,,1,https://www.52pojie.cn/thread-2125245-1-1.html,,吾爱破解,热门热帖,hot,,2026-09-10 04:21:50
15,星愿浏览器 Twinkstar v11.4.1000.2609,,11,https://www.52pojie.cn/thread-2126907-1-1.html,,吾爱破解,热门热帖,hot,,2026-09-10 04:21:50
16,[HTML]聚丰祥软件园网络拓扑图设计工具,,130,https://www.52pojie.cn/thread-2126630-1-1.html,,吾爱破解,热门热帖,hot,,2026-09-10 04:21:50
17,音效增强工具 FxSound v1.2.14.0,,1,https://www.52pojie.cn/thread-2125811-1-1.html,,吾爱破解,热门热帖,hot,,2026-09-10 04:21:50
18,Beyond 5.2.5,,5,https://www.52pojie.cn/thread-2125149-1-1.html,,吾爱破解,热门热帖,hot,,2026-09-10 04:21:50
19,VMware Workstation Pro 26H1u1 25688693 简体中文汉化版&简体中文语言包,,26,https://www.52pojie.cn/thread-2126269-1-1.html,,吾爱破解,热门热帖,hot,,2026-09-10 04:21:50
20,查看硬盘健康度软件gsmartcontrol-2.0.2-win64最新版个人汉化,,2,https://www.52pojie.cn/thread-2126734-1-1.html,,吾爱破解,热门热帖,hot,,2026-09-10 04:21:50
21,网络监控拓扑图设计工具V1.0.0,,1,https://www.52pojie.cn/thread-2126606-1-1.html,,吾爱破解,热门热帖,hot,,2026-09-10 04:21:50
22,电子书格式互转软件包括（epub转PDF、MOBI转PDF、AZW3转pdf）,,3,https://www.52pojie.cn/thread-2126353-1-1.html,,吾爱破解,热门热帖,hot,,2026-09-10 04:21:50
23,微信图片下载与 排版工具,,366,https://www.52pojie.cn/thread-2125082-1-1.html,,吾爱破解,热门热帖,hot,,2026-09-10 04:21:50
24,重复文件查找删除工具,,377,https://www.52pojie.cn/thread-2126656-1-1.html,,吾爱破解,热门热帖,hot,,2026-09-10 04:21:50
25,ScreenTranslator (屏译) v0.4.5-离线LLM屏幕实时翻译工具,,0,https://www.52pojie.cn/thread-2126236-1-1.html,,吾爱破解,热门热帖,hot,,2026-09-10 04:21:50
26,超准天气预报 v1.2.9,,1,https://www.52pojie.cn/thread-2124952-1-1.html,,吾爱破解,热门热帖,hot,,2026-09-10 04:21:50
27,拆书器（拆书工具）,,141,https://www.52pojie.cn/thread-2125259-1-1.html,,吾爱破解,热门热帖,hot,,2026-09-10 04:21:50
28,Markdown编辑器 HorseMD v0.13.187,,0,https://www.52pojie.cn/thread-2126073-1-1.html,,吾爱破解,热门热帖,hot,,2026-09-10 04:21:50
29,截图录屏OCR工具 Pixwit v1.16.3,,1,https://www.52pojie.cn/thread-2126614-1-1.html,,吾爱破解,热门热帖,hot,,2026-09-10 04:21:50
30,Geek卸载工具修改版v1.5.4.180，支持批量卸载！,,1,https://www.52pojie.cn/thread-2125056-1-1.html,,吾爱破解,热门热帖,hot,,2026-09-10 04:21:50
31,随身FM v2.3.2,,2,https://www.52pojie.cn/thread-2126704-1-1.html,,吾爱破解,热门热帖,hot,,2026-09-10 04:21:50
32,图片转换工具,,348,https://www.52pojie.cn/thread-2125996-1-1.html,,吾爱破解,热门热帖,hot,,2026-09-10 04:21:50
33,轻量级屏幕标注工具 MarkerOn v2.9.4,,2,https://www.52pojie.cn/thread-2125295-1-1.html,,吾爱破解,热门热帖,hot,,2026-09-10 04:21:50
34,UFS改U盘主控，对应支持型号及量产工具,,192,https://www.52pojie.cn/thread-2126621-1-1.html,,吾爱破解,热门热帖,hot,,2026-09-10 04:21:50
35,手机投屏控制助手 scrcpy-helper v1.5.2,,1,https://www.52pojie.cn/thread-2127053-1-1.html,,吾爱破解,热门热帖,hot,,2026-09-10 04:21:50
36,Office办公套件 LibreOffice v26.8.0,,26,https://www.52pojie.cn/thread-2125406-1-1.html,,吾爱破解,热门热帖,hot,,2026-09-10 04:21:50
37,个性化字帖生成工具V1.4,,1,https://www.52pojie.cn/thread-2126021-1-1.html,,吾爱破解,热门热帖,hot,,2026-09-10 04:21:50
38,WorkBuddy多账号切换v15【保留工作区】,,15,https://www.52pojie.cn/thread-2125949-1-1.html,,吾爱破解,热门热帖,hot,,2026-09-10 04:21:50
39,超级教师Super Teacher 1.2.19,,1,https://www.52pojie.cn/thread-2126248-1-1.html,,吾爱破解,热门热帖,hot,,2026-09-10 04:21:50
40,单文件制作工具 7.0.2.3867,,7,https://www.52pojie.cn/thread-2126555-1-1.html,,吾爱破解,热门热帖,hot,,2026-09-10 04:21:50
41,手机变电脑IP摄像头 Android IP Camera v0.12.0,,0,https://www.52pojie.cn/thread-2126756-1-1.html,,吾爱破解,热门热帖,hot,,2026-09-10 04:21:50
42,本地重复文件与相似照片清理工具 DupHunter v4.0.1,,4,https://www.52pojie.cn/thread-2125228-1-1.html,,吾爱破解,热门热帖,hot,,2026-09-10 04:21:50
43,智能抠图工具  v1.3.0,,1,https://www.52pojie.cn/thread-2125128-1-1.html,,吾爱破解,热门热帖,hot,,2026-09-10 04:21:50
44,视频自动分段工具v1（更新V2）,,1,https://www.52pojie.cn/thread-2126892-1-1.html,,吾爱破解,热门热帖,hot,,2026-09-10 04:21:50
45,3D建模工具 Blender v5.2.1,,3,https://www.52pojie.cn/thread-2126011-1-1.html,,吾爱破解,热门热帖,hot,,2026-09-10 04:21:50
46,Win7极限优化助手1.0,,7,https://www.52pojie.cn/thread-2125334-1-1.html,,吾爱破解,热门热帖,hot,,2026-09-10 04:21:50
47,户外出行离线地图 Organic Maps 26082718,,26082718,https://www.52pojie.cn/thread-2125781-1-1.html,,吾爱破解,热门热帖,hot,,2026-09-10 04:21:50
48,微信自动锁定工具 Wxlocker 2.0,,2,https://www.52pojie.cn/thread-2125460-1-1.html,,吾爱破解,热门热帖,hot,,2026-09-10 04:21:50
49,下载管理工具 Hydra Download Manager v0.4.0,,0,https://www.52pojie.cn/thread-2126293-1-1.html,,吾爱破解,热门热帖,hot,,2026-09-10 04:21:50
50,Windows 10/11 系统优化管理工具Windows Manager v2.4.0,,10,https://www.52pojie.cn/thread-2126034-1-1.html,,吾爱破解,热门热帖,hot,,2026-09-10 04:21:50
1,万物工具箱 6.9.26.828,,6,https://www.52pojie.cn/thread-2127033-1-1.html,,吾爱破解,热门热帖,hot,,2026-09-10 05:17:51
2,闪豆视频下载器 v2026.08.14,,2026,https://www.52pojie.cn/thread-2126557-1-1.html,,吾爱破解,热门热帖,hot,,2026-09-10 05:17:51
3,打印机工具箱1.1,,1,https://www.52pojie.cn/thread-2126715-1-1.html,,吾爱破解,热门热帖,hot,,2026-09-10 05:17:51
4,图吧工具箱 winUI3 版 v1.6.1,,3,https://www.52pojie.cn/thread-2127011-1-1.html,,吾爱破解,热门热帖,hot,,2026-09-10 05:17:51
5,短视频无水印解析下载 v1.0.0,,1,https://www.52pojie.cn/thread-2126862-1-1.html,,吾爱破解,热门热帖,hot,,2026-09-10 05:17:51
6,小学、初中、高中电子课本下载工具 tchMaterial-parser v4.2,,4,https://www.52pojie.cn/thread-2126541-1-1.html,,吾爱破解,热门热帖,hot,,2026-09-10 05:17:51
7,文件查重助手v1.0.0,,1,https://www.52pojie.cn/thread-2125118-1-1.html,,吾爱破解,热门热帖,hot,,2026-09-10 05:17:51
8,完美解码PureCodec20260826官方版&绿色版,,20260826,https://www.52pojie.cn/thread-2126550-1-1.html,,吾爱破解,热门热帖,hot,,2026-09-10 05:17:51
9,Windows 极限优化助手 2.3,,2,https://www.52pojie.cn/thread-2126667-1-1.html,,吾爱破解,热门热帖,hot,,2026-09-10 05:17:51
10,B站第三方 BT 0.9.35,,0,https://www.52pojie.cn/thread-2126475-1-1.html,,吾爱破解,热门热帖,hot,,2026-09-10 05:17:51
11,最强逆向大模型GLM-5.3无道德无限制驱动Frida Stalker绕过银行某梆检测,,5,https://www.52pojie.cn/thread-2126497-1-1.html,,吾爱破解,热门热帖,hot,,2026-09-10 05:17:51
12,小旋风收音机 v1.2.2,,1,https://www.52pojie.cn/thread-2126705-1-1.html,,吾爱破解,热门热帖,hot,,2026-09-10 05:17:51
13,WINDOWS 11 26H2启用包,,11,https://www.52pojie.cn/thread-2125279-1-1.html,,吾爱破解,热门热帖,hot,,2026-09-10 05:17:51
14,聆阅听书—v1.1.4,,1,https://www.52pojie.cn/thread-2125245-1-1.html,,吾爱破解,热门热帖,hot,,2026-09-10 05:17:51
15,星愿浏览器 Twinkstar v11.4.1000.2609,,11,https://www.52pojie.cn/thread-2126907-1-1.html,,吾爱破解,热门热帖,hot,,2026-09-10 05:17:51
16,[HTML]聚丰祥软件园网络拓扑图设计工具,,130,https://www.52pojie.cn/thread-2126630-1-1.html,,吾爱破解,热门热帖,hot,,2026-09-10 05:17:51
17,音效增强工具 FxSound v1.2.14.0,,1,https://www.52pojie.cn/thread-2125811-1-1.html,,吾爱破解,热门热帖,hot,,2026-09-10 05:17:51
18,Beyond 5.2.5,,5,https://www.52pojie.cn/thread-2125149-1-1.html,,吾爱破解,热门热帖,hot,,2026-09-10 05:17:51
19,VMware Workstation Pro 26H1u1 25688693 简体中文汉化版&简体中文语言包,,26,https://www.52pojie.cn/thread-2126269-1-1.html,,吾爱破解,热门热帖,hot,,2026-09-10 05:17:51
20,查看硬盘健康度软件gsmartcontrol-2.0.2-win64最新版个人汉化,,2,https://www.52pojie.cn/thread-2126734-1-1.html,,吾爱破解,热门热帖,hot,,2026-09-10 05:17:51
21,网络监控拓扑图设计工具V1.0.0,,1,https://www.52pojie.cn/thread-2126606-1-1.html,,吾爱破解,热门热帖,hot,,2026-09-10 05:17:51
22,电子书格式互转软件包括（epub转PDF、MOBI转PDF、AZW3转pdf）,,3,https://www.52pojie.cn/thread-2126353-1-1.html,,吾爱破解,热门热帖,hot,,2026-09-10 05:17:51
23,微信图片下载与 排版工具,,366,https://www.52pojie.cn/thread-2125082-1-1.html,,吾爱破解,热门热帖,hot,,2026-09-10 05:17:51
24,重复文件查找删除工具,,377,https://www.52pojie.cn/thread-2126656-1-1.html,,吾爱破解,热门热帖,hot,,2026-09-10 05:17:51
25,ScreenTranslator (屏译) v0.4.5-离线LLM屏幕实时翻译工具,,0,https://www.52pojie.cn/thread-2126236-1-1.html,,吾爱破解,热门热帖,hot,,2026-09-10 05:17:51
26,超准天气预报 v1.2.9,,1,https://www.52pojie.cn/thread-2124952-1-1.html,,吾爱破解,热门热帖,hot,,2026-09-10 05:17:51
27,拆书器（拆书工具）,,141,https://www.52pojie.cn/thread-2125259-1-1.html,,吾爱破解,热门热帖,hot,,2026-09-10 05:17:51
28,Markdown编辑器 HorseMD v0.13.187,,0,https://www.52pojie.cn/thread-2126073-1-1.html,,吾爱破解,热门热帖,hot,,2026-09-10 05:17:51
29,截图录屏OCR工具 Pixwit v1.16.3,,1,https://www.52pojie.cn/thread-2126614-1-1.html,,吾爱破解,热门热帖,hot,,2026-09-10 05:17:51
30,Geek卸载工具修改版v1.5.4.180，支持批量卸载！,,1,https://www.52pojie.cn/thread-2125056-1-1.html,,吾爱破解,热门热帖,hot,,2026-09-10 05:17:51
31,随身FM v2.3.2,,2,https://www.52pojie.cn/thread-2126704-1-1.html,,吾爱破解,热门热帖,hot,,2026-09-10 05:17:51
32,图片转换工具,,348,https://www.52pojie.cn/thread-2125996-1-1.html,,吾爱破解,热门热帖,hot,,2026-09-10 05:17:51
33,轻量级屏幕标注工具 MarkerOn v2.9.4,,2,https://www.52pojie.cn/thread-2125295-1-1.html,,吾爱破解,热门热帖,hot,,2026-09-10 05:17:51
34,UFS改U盘主控，对应支持型号及量产工具,,192,https://www.52pojie.cn/thread-2126621-1-1.html,,吾爱破解,热门热帖,hot,,2026-09-10 05:17:51
35,手机投屏控制助手 scrcpy-helper v1.5.2,,1,https://www.52pojie.cn/thread-2127053-1-1.html,,吾爱破解,热门热帖,hot,,2026-09-10 05:17:51
36,Office办公套件 LibreOffice v26.8.0,,26,https://www.52pojie.cn/thread-2125406-1-1.html,,吾爱破解,热门热帖,hot,,2026-09-10 05:17:51
37,个性化字帖生成工具V1.4,,1,https://www.52pojie.cn/thread-2126021-1-1.html,,吾爱破解,热门热帖,hot,,2026-09-10 05:17:51
38,WorkBuddy多账号切换v15【保留工作区】,,15,https://www.52pojie.cn/thread-2125949-1-1.html,,吾爱破解,热门热帖,hot,,2026-09-10 05:17:51
39,超级教师Super Teacher 1.2.19,,1,https://www.52pojie.cn/thread-2126248-1-1.html,,吾爱破解,热门热帖,hot,,2026-09-10 05:17:51
40,单文件制作工具 7.0.2.3867,,7,https://www.52pojie.cn/thread-2126555-1-1.html,,吾爱破解,热门热帖,hot,,2026-09-10 05:17:51
41,手机变电脑IP摄像头 Android IP Camera v0.12.0,,0,https://www.52pojie.cn/thread-2126756-1-1.html,,吾爱破解,热门热帖,hot,,2026-09-10 05:17:51
42,本地重复文件与相似照片清理工具 DupHunter v4.0.1,,4,https://www.52pojie.cn/thread-2125228-1-1.html,,吾爱破解,热门热帖,hot,,2026-09-10 05:17:51
43,智能抠图工具  v1.3.0,,1,https://www.52pojie.cn/thread-2125128-1-1.html,,吾爱破解,热门热帖,hot,,2026-09-10 05:17:51
44,视频自动分段工具v1（更新V2）,,1,https://www.52pojie.cn/thread-2126892-1-1.html,,吾爱破解,热门热帖,hot,,2026-09-10 05:17:51
45,3D建模工具 Blender v5.2.1,,3,https://www.52pojie.cn/thread-2126011-1-1.html,,吾爱破解,热门热帖,hot,,2026-09-10 05:17:51
46,Win7极限优化助手1.0,,7,https://www.52pojie.cn/thread-2125334-1-1.html,,吾爱破解,热门热帖,hot,,2026-09-10 05:17:51
47,户外出行离线地图 Organic Maps 26082718,,26082718,https://www.52pojie.cn/thread-2125781-1-1.html,,吾爱破解,热门热帖,hot,,2026-09-10 05:17:51
48,微信自动锁定工具 Wxlocker 2.0,,2,https://www.52pojie.cn/thread-2125460-1-1.html,,吾爱破解,热门热帖,hot,,2026-09-10 05:17:51
49,下载管理工具 Hydra Download Manager v0.4.0,,0,https://www.52pojie.cn/thread-2126293-1-1.html,,吾爱破解,热门热帖,hot,,2026-09-10 05:17:51
50,Windows 10/11 系统优化管理工具Windows Manager v2.4.0,,10,https://www.52pojie.cn/thread-2126034-1-1.html,,吾爱破解,热门热帖,hot,,2026-09-10 05:17:51
1,万物工具箱 6.9.26.828,,6,https://www.52pojie.cn/thread-2127033-1-1.html,,吾爱破解,热门热帖,hot,,2026-09-10 06:19:00
2,闪豆视频下载器 v2026.08.14,,2026,https://www.52pojie.cn/thread-2126557-1-1.html,,吾爱破解,热门热帖,hot,,2026-09-10 06:19:00
3,打印机工具箱1.1,,1,https://www.52pojie.cn/thread-2126715-1-1.html,,吾爱破解,热门热帖,hot,,2026-09-10 06:19:00
4,图吧工具箱 winUI3 版 v1.6.1,,3,https://www.52pojie.cn/thread-2127011-1-1.html,,吾爱破解,热门热帖,hot,,2026-09-10 06:19:00
5,短视频无水印解析下载 v1.0.0,,1,https://www.52pojie.cn/thread-2126862-1-1.html,,吾爱破解,热门热帖,hot,,2026-09-10 06:19:00
6,小学、初中、高中电子课本下载工具 tchMaterial-parser v4.2,,4,https://www.52pojie.cn/thread-2126541-1-1.html,,吾爱破解,热门热帖,hot,,2026-09-10 06:19:00
7,文件查重助手v1.0.0,,1,https://www.52pojie.cn/thread-2125118-1-1.html,,吾爱破解,热门热帖,hot,,2026-09-10 06:19:00
8,完美解码PureCodec20260826官方版&绿色版,,20260826,https://www.52pojie.cn/thread-2126550-1-1.html,,吾爱破解,热门热帖,hot,,2026-09-10 06:19:00
9,Windows 极限优化助手 2.3,,2,https://www.52pojie.cn/thread-2126667-1-1.html,,吾爱破解,热门热帖,hot,,2026-09-10 06:19:00
10,B站第三方 BT 0.9.35,,0,https://www.52pojie.cn/thread-2126475-1-1.html,,吾爱破解,热门热帖,hot,,2026-09-10 06:19:00
11,最强逆向大模型GLM-5.3无道德无限制驱动Frida Stalker绕过银行某梆检测,,5,https://www.52pojie.cn/thread-2126497-1-1.html,,吾爱破解,热门热帖,hot,,2026-09-10 06:19:00
12,小旋风收音机 v1.2.2,,1,https://www.52pojie.cn/thread-2126705-1-1.html,,吾爱破解,热门热帖,hot,,2026-09-10 06:19:00
13,WINDOWS 11 26H2启用包,,11,https://www.52pojie.cn/thread-2125279-1-1.html,,吾爱破解,热门热帖,hot,,2026-09-10 06:19:00
14,聆阅听书—v1.1.4,,1,https://www.52pojie.cn/thread-2125245-1-1.html,,吾爱破解,热门热帖,hot,,2026-09-10 06:19:00
15,星愿浏览器 Twinkstar v11.4.1000.2609,,11,https://www.52pojie.cn/thread-2126907-1-1.html,,吾爱破解,热门热帖,hot,,2026-09-10 06:19:00
16,[HTML]聚丰祥软件园网络拓扑图设计工具,,130,https://www.52pojie.cn/thread-2126630-1-1.html,,吾爱破解,热门热帖,hot,,2026-09-10 06:19:00
17,音效增强工具 FxSound v1.2.14.0,,1,https://www.52pojie.cn/thread-2125811-1-1.html,,吾爱破解,热门热帖,hot,,2026-09-10 06:19:00
18,Beyond 5.2.5,,5,https://www.52pojie.cn/thread-2125149-1-1.html,,吾爱破解,热门热帖,hot,,2026-09-10 06:19:00
19,VMware Workstation Pro 26H1u1 25688693 简体中文汉化版&简体中文语言包,,26,https://www.52pojie.cn/thread-2126269-1-1.html,,吾爱破解,热门热帖,hot,,2026-09-10 06:19:00
20,查看硬盘健康度软件gsmartcontrol-2.0.2-win64最新版个人汉化,,2,https://www.52pojie.cn/thread-2126734-1-1.html,,吾爱破解,热门热帖,hot,,2026-09-10 06:19:00
21,网络监控拓扑图设计工具V1.0.0,,1,https://www.52pojie.cn/thread-2126606-1-1.html,,吾爱破解,热门热帖,hot,,2026-09-10 06:19:00
22,电子书格式互转软件包括（epub转PDF、MOBI转PDF、AZW3转pdf）,,3,https://www.52pojie.cn/thread-2126353-1-1.html,,吾爱破解,热门热帖,hot,,2026-09-10 06:19:00
23,微信图片下载与 排版工具,,366,https://www.52pojie.cn/thread-2125082-1-1.html,,吾爱破解,热门热帖,hot,,2026-09-10 06:19:00
24,重复文件查找删除工具,,377,https://www.52pojie.cn/thread-2126656-1-1.html,,吾爱破解,热门热帖,hot,,2026-09-10 06:19:00
25,ScreenTranslator (屏译) v0.4.5-离线LLM屏幕实时翻译工具,,0,https://www.52pojie.cn/thread-2126236-1-1.html,,吾爱破解,热门热帖,hot,,2026-09-10 06:19:00
26,超准天气预报 v1.2.9,,1,https://www.52pojie.cn/thread-2124952-1-1.html,,吾爱破解,热门热帖,hot,,2026-09-10 06:19:00
27,拆书器（拆书工具）,,141,https://www.52pojie.cn/thread-2125259-1-1.html,,吾爱破解,热门热帖,hot,,2026-09-10 06:19:00
28,Markdown编辑器 HorseMD v0.13.187,,0,https://www.52pojie.cn/thread-2126073-1-1.html,,吾爱破解,热门热帖,hot,,2026-09-10 06:19:00
29,截图录屏OCR工具 Pixwit v1.16.3,,1,https://www.52pojie.cn/thread-2126614-1-1.html,,吾爱破解,热门热帖,hot,,2026-09-10 06:19:00
30,Geek卸载工具修改版v1.5.4.180，支持批量卸载！,,1,https://www.52pojie.cn/thread-2125056-1-1.html,,吾爱破解,热门热帖,hot,,2026-09-10 06:19:00
31,随身FM v2.3.2,,2,https://www.52pojie.cn/thread-2126704-1-1.html,,吾爱破解,热门热帖,hot,,2026-09-10 06:19:00
32,图片转换工具,,348,https://www.52pojie.cn/thread-2125996-1-1.html,,吾爱破解,热门热帖,hot,,2026-09-10 06:19:00
33,轻量级屏幕标注工具 MarkerOn v2.9.4,,2,https://www.52pojie.cn/thread-2125295-1-1.html,,吾爱破解,热门热帖,hot,,2026-09-10 06:19:00
34,UFS改U盘主控，对应支持型号及量产工具,,192,https://www.52pojie.cn/thread-2126621-1-1.html,,吾爱破解,热门热帖,hot,,2026-09-10 06:19:00
35,手机投屏控制助手 scrcpy-helper v1.5.2,,1,https://www.52pojie.cn/thread-2127053-1-1.html,,吾爱破解,热门热帖,hot,,2026-09-10 06:19:00
36,Office办公套件 LibreOffice v26.8.0,,26,https://www.52pojie.cn/thread-2125406-1-1.html,,吾爱破解,热门热帖,hot,,2026-09-10 06:19:00
37,个性化字帖生成工具V1.4,,1,https://www.52pojie.cn/thread-2126021-1-1.html,,吾爱破解,热门热帖,hot,,2026-09-10 06:19:00
38,WorkBuddy多账号切换v15【保留工作区】,,15,https://www.52pojie.cn/thread-2125949-1-1.html,,吾爱破解,热门热帖,hot,,2026-09-10 06:19:00
39,超级教师Super Teacher 1.2.19,,1,https://www.52pojie.cn/thread-2126248-1-1.html,,吾爱破解,热门热帖,hot,,2026-09-10 06:19:00
40,单文件制作工具 7.0.2.3867,,7,https://www.52pojie.cn/thread-2126555-1-1.html,,吾爱破解,热门热帖,hot,,2026-09-10 06:19:00
41,手机变电脑IP摄像头 Android IP Camera v0.12.0,,0,https://www.52pojie.cn/thread-2126756-1-1.html,,吾爱破解,热门热帖,hot,,2026-09-10 06:19:00
42,本地重复文件与相似照片清理工具 DupHunter v4.0.1,,4,https://www.52pojie.cn/thread-2125228-1-1.html,,吾爱破解,热门热帖,hot,,2026-09-10 06:19:00
43,智能抠图工具  v1.3.0,,1,https://www.52pojie.cn/thread-2125128-1-1.html,,吾爱破解,热门热帖,hot,,2026-09-10 06:19:00
44,视频自动分段工具v1（更新V2）,,1,https://www.52pojie.cn/thread-2126892-1-1.html,,吾爱破解,热门热帖,hot,,2026-09-10 06:19:00
45,3D建模工具 Blender v5.2.1,,3,https://www.52pojie.cn/thread-2126011-1-1.html,,吾爱破解,热门热帖,hot,,2026-09-10 06:19:00
46,Win7极限优化助手1.0,,7,https://www.52pojie.cn/thread-2125334-1-1.html,,吾爱破解,热门热帖,hot,,2026-09-10 06:19:00
47,户外出行离线地图 Organic Maps 26082718,,26082718,https://www.52pojie.cn/thread-2125781-1-1.html,,吾爱破解,热门热帖,hot,,2026-09-10 06:19:00
48,微信自动锁定工具 Wxlocker 2.0,,2,https://www.52pojie.cn/thread-2125460-1-1.html,,吾爱破解,热门热帖,hot,,2026-09-10 06:19:00
49,下载管理工具 Hydra Download Manager v0.4.0,,0,https://www.52pojie.cn/thread-2126293-1-1.html,,吾爱破解,热门热帖,hot,,2026-09-10 06:19:00
50,Windows 10/11 系统优化管理工具Windows Manager v2.4.0,,10,https://www.52pojie.cn/thread-2126034-1-1.html,,吾爱破解,热门热帖,hot,,2026-09-10 06:19:00
1,万物工具箱 6.9.26.828,,6,https://www.52pojie.cn/thread-2127033-1-1.html,,吾爱破解,热门热帖,hot,,2026-09-10 07:18:53
2,闪豆视频下载器 v2026.08.14,,2026,https://www.52pojie.cn/thread-2126557-1-1.html,,吾爱破解,热门热帖,hot,,2026-09-10 07:18:53
3,打印机工具箱1.1,,1,https://www.52pojie.cn/thread-2126715-1-1.html,,吾爱破解,热门热帖,hot,,2026-09-10 07:18:53
4,图吧工具箱 winUI3 版 v1.6.1,,3,https://www.52pojie.cn/thread-2127011-1-1.html,,吾爱破解,热门热帖,hot,,2026-09-10 07:18:53
5,短视频无水印解析下载 v1.0.0,,1,https://www.52pojie.cn/thread-2126862-1-1.html,,吾爱破解,热门热帖,hot,,2026-09-10 07:18:53
6,小学、初中、高中电子课本下载工具 tchMaterial-parser v4.2,,4,https://www.52pojie.cn/thread-2126541-1-1.html,,吾爱破解,热门热帖,hot,,2026-09-10 07:18:53
7,文件查重助手v1.0.0,,1,https://www.52pojie.cn/thread-2125118-1-1.html,,吾爱破解,热门热帖,hot,,2026-09-10 07:18:53
8,完美解码PureCodec20260826官方版&绿色版,,20260826,https://www.52pojie.cn/thread-2126550-1-1.html,,吾爱破解,热门热帖,hot,,2026-09-10 07:18:53
9,Windows 极限优化助手 2.3,,2,https://www.52pojie.cn/thread-2126667-1-1.html,,吾爱破解,热门热帖,hot,,2026-09-10 07:18:53
10,B站第三方 BT 0.9.35,,0,https://www.52pojie.cn/thread-2126475-1-1.html,,吾爱破解,热门热帖,hot,,2026-09-10 07:18:53
11,最强逆向大模型GLM-5.3无道德无限制驱动Frida Stalker绕过银行某梆检测,,5,https://www.52pojie.cn/thread-2126497-1-1.html,,吾爱破解,热门热帖,hot,,2026-09-10 07:18:53
12,小旋风收音机 v1.2.2,,1,https://www.52pojie.cn/thread-2126705-1-1.html,,吾爱破解,热门热帖,hot,,2026-09-10 07:18:53
13,WINDOWS 11 26H2启用包,,11,https://www.52pojie.cn/thread-2125279-1-1.html,,吾爱破解,热门热帖,hot,,2026-09-10 07:18:53
14,聆阅听书—v1.1.4,,1,https://www.52pojie.cn/thread-2125245-1-1.html,,吾爱破解,热门热帖,hot,,2026-09-10 07:18:53
15,星愿浏览器 Twinkstar v11.4.1000.2609,,11,https://www.52pojie.cn/thread-2126907-1-1.html,,吾爱破解,热门热帖,hot,,2026-09-10 07:18:53
16,[HTML]聚丰祥软件园网络拓扑图设计工具,,130,https://www.52pojie.cn/thread-2126630-1-1.html,,吾爱破解,热门热帖,hot,,2026-09-10 07:18:53
17,音效增强工具 FxSound v1.2.14.0,,1,https://www.52pojie.cn/thread-2125811-1-1.html,,吾爱破解,热门热帖,hot,,2026-09-10 07:18:53
18,Beyond 5.2.5,,5,https://www.52pojie.cn/thread-2125149-1-1.html,,吾爱破解,热门热帖,hot,,2026-09-10 07:18:53
19,VMware Workstation Pro 26H1u1 25688693 简体中文汉化版&简体中文语言包,,26,https://www.52pojie.cn/thread-2126269-1-1.html,,吾爱破解,热门热帖,hot,,2026-09-10 07:18:53
20,查看硬盘健康度软件gsmartcontrol-2.0.2-win64最新版个人汉化,,2,https://www.52pojie.cn/thread-2126734-1-1.html,,吾爱破解,热门热帖,hot,,2026-09-10 07:18:53
21,网络监控拓扑图设计工具V1.0.0,,1,https://www.52pojie.cn/thread-2126606-1-1.html,,吾爱破解,热门热帖,hot,,2026-09-10 07:18:53
22,电子书格式互转软件包括（epub转PDF、MOBI转PDF、AZW3转pdf）,,3,https://www.52pojie.cn/thread-2126353-1-1.html,,吾爱破解,热门热帖,hot,,2026-09-10 07:18:53
23,微信图片下载与 排版工具,,366,https://www.52pojie.cn/thread-2125082-1-1.html,,吾爱破解,热门热帖,hot,,2026-09-10 07:18:53
24,重复文件查找删除工具,,377,https://www.52pojie.cn/thread-2126656-1-1.html,,吾爱破解,热门热帖,hot,,2026-09-10 07:18:53
25,ScreenTranslator (屏译) v0.4.5-离线LLM屏幕实时翻译工具,,0,https://www.52pojie.cn/thread-2126236-1-1.html,,吾爱破解,热门热帖,hot,,2026-09-10 07:18:53
26,超准天气预报 v1.2.9,,1,https://www.52pojie.cn/thread-2124952-1-1.html,,吾爱破解,热门热帖,hot,,2026-09-10 07:18:53
27,拆书器（拆书工具）,,141,https://www.52pojie.cn/thread-2125259-1-1.html,,吾爱破解,热门热帖,hot,,2026-09-10 07:18:53
28,Markdown编辑器 HorseMD v0.13.187,,0,https://www.52pojie.cn/thread-2126073-1-1.html,,吾爱破解,热门热帖,hot,,2026-09-10 07:18:53
29,截图录屏OCR工具 Pixwit v1.16.3,,1,https://www.52pojie.cn/thread-2126614-1-1.html,,吾爱破解,热门热帖,hot,,2026-09-10 07:18:53
30,Geek卸载工具修改版v1.5.4.180，支持批量卸载！,,1,https://www.52pojie.cn/thread-2125056-1-1.html,,吾爱破解,热门热帖,hot,,2026-09-10 07:18:53
31,随身FM v2.3.2,,2,https://www.52pojie.cn/thread-2126704-1-1.html,,吾爱破解,热门热帖,hot,,2026-09-10 07:18:53
32,图片转换工具,,348,https://www.52pojie.cn/thread-2125996-1-1.html,,吾爱破解,热门热帖,hot,,2026-09-10 07:18:53
33,轻量级屏幕标注工具 MarkerOn v2.9.4,,2,https://www.52pojie.cn/thread-2125295-1-1.html,,吾爱破解,热门热帖,hot,,2026-09-10 07:18:53
34,UFS改U盘主控，对应支持型号及量产工具,,192,https://www.52pojie.cn/thread-2126621-1-1.html,,吾爱破解,热门热帖,hot,,2026-09-10 07:18:53
35,手机投屏控制助手 scrcpy-helper v1.5.2,,1,https://www.52pojie.cn/thread-2127053-1-1.html,,吾爱破解,热门热帖,hot,,2026-09-10 07:18:53
36,Office办公套件 LibreOffice v26.8.0,,26,https://www.52pojie.cn/thread-2125406-1-1.html,,吾爱破解,热门热帖,hot,,2026-09-10 07:18:53
37,个性化字帖生成工具V1.4,,1,https://www.52pojie.cn/thread-2126021-1-1.html,,吾爱破解,热门热帖,hot,,2026-09-10 07:18:53
38,WorkBuddy多账号切换v15【保留工作区】,,15,https://www.52pojie.cn/thread-2125949-1-1.html,,吾爱破解,热门热帖,hot,,2026-09-10 07:18:53
39,超级教师Super Teacher 1.2.19,,1,https://www.52pojie.cn/thread-2126248-1-1.html,,吾爱破解,热门热帖,hot,,2026-09-10 07:18:53
40,单文件制作工具 7.0.2.3867,,7,https://www.52pojie.cn/thread-2126555-1-1.html,,吾爱破解,热门热帖,hot,,2026-09-10 07:18:53
41,手机变电脑IP摄像头 Android IP Camera v0.12.0,,0,https://www.52pojie.cn/thread-2126756-1-1.html,,吾爱破解,热门热帖,hot,,2026-09-10 07:18:53
42,本地重复文件与相似照片清理工具 DupHunter v4.0.1,,4,https://www.52pojie.cn/thread-2125228-1-1.html,,吾爱破解,热门热帖,hot,,2026-09-10 07:18:53
43,智能抠图工具  v1.3.0,,1,https://www.52pojie.cn/thread-2125128-1-1.html,,吾爱破解,热门热帖,hot,,2026-09-10 07:18:53
44,视频自动分段工具v1（更新V2）,,1,https://www.52pojie.cn/thread-2126892-1-1.html,,吾爱破解,热门热帖,hot,,2026-09-10 07:18:53
45,3D建模工具 Blender v5.2.1,,3,https://www.52pojie.cn/thread-2126011-1-1.html,,吾爱破解,热门热帖,hot,,2026-09-10 07:18:53
46,Win7极限优化助手1.0,,7,https://www.52pojie.cn/thread-2125334-1-1.html,,吾爱破解,热门热帖,hot,,2026-09-10 07:18:53
47,户外出行离线地图 Organic Maps 26082718,,26082718,https://www.52pojie.cn/thread-2125781-1-1.html,,吾爱破解,热门热帖,hot,,2026-09-10 07:18:53
48,微信自动锁定工具 Wxlocker 2.0,,2,https://www.52pojie.cn/thread-2125460-1-1.html,,吾爱破解,热门热帖,hot,,2026-09-10 07:18:53
49,下载管理工具 Hydra Download Manager v0.4.0,,0,https://www.52pojie.cn/thread-2126293-1-1.html,,吾爱破解,热门热帖,hot,,2026-09-10 07:18:53
50,Windows 10/11 系统优化管理工具Windows Manager v2.4.0,,10,https://www.52pojie.cn/thread-2126034-1-1.html,,吾爱破解,热门热帖,hot,,2026-09-10 07:18:53
1,小学、初中、高中电子课本下载工具 tchMaterial-parser v4.2,,4,https://www.52pojie.cn/thread-2126541-1-1.html,,吾爱破解,热门热帖,hot,,2026-09-10 08:54:09
2,B站第三方 BT 0.9.35,,0,https://www.52pojie.cn/thread-2126475-1-1.html,,吾爱破解,热门热帖,hot,,2026-09-10 08:54:09
3,最强逆向大模型GLM-5.3无道德无限制驱动Frida Stalker绕过银行某梆检测,,5,https://www.52pojie.cn/thread-2126497-1-1.html,,吾爱破解,热门热帖,hot,,2026-09-10 08:54:09
4,万物工具箱 6.9.26.828,,6,https://www.52pojie.cn/thread-2127033-1-1.html,,吾爱破解,热门热帖,hot,,2026-09-10 08:54:09
5,图吧工具箱 winUI3 版 v1.6.1,,3,https://www.52pojie.cn/thread-2127011-1-1.html,,吾爱破解,热门热帖,hot,,2026-09-10 08:54:09
6,星愿浏览器 Twinkstar v11.4.1000.2609,,11,https://www.52pojie.cn/thread-2126907-1-1.html,,吾爱破解,热门热帖,hot,,2026-09-10 08:54:09
7,Windows 极限优化助手 2.3,,2,https://www.52pojie.cn/thread-2126667-1-1.html,,吾爱破解,热门热帖,hot,,2026-09-10 08:54:09
8,重复文件查找删除工具,,385,https://www.52pojie.cn/thread-2126656-1-1.html,,吾爱破解,热门热帖,hot,,2026-09-10 08:54:09
9,完美解码PureCodec20260826官方版&绿色版,,20260826,https://www.52pojie.cn/thread-2126550-1-1.html,,吾爱破解,热门热帖,hot,,2026-09-10 08:54:09
10,NetBlocker-让某个程序断网的小工具,,100,https://www.52pojie.cn/thread-2127139-1-1.html,,吾爱破解,热门热帖,hot,,2026-09-10 08:54:09
11,短视频无水印解析下载 v1.0.0,,1,https://www.52pojie.cn/thread-2126862-1-1.html,,吾爱破解,热门热帖,hot,,2026-09-10 08:54:09
12,打印机工具箱1.1,,1,https://www.52pojie.cn/thread-2126715-1-1.html,,吾爱破解,热门热帖,hot,,2026-09-10 08:54:09
13,小旋风收音机 v1.2.2,,1,https://www.52pojie.cn/thread-2126705-1-1.html,,吾爱破解,热门热帖,hot,,2026-09-10 08:54:09
14,手机投屏控制助手 scrcpy-helper v1.5.2,,1,https://www.52pojie.cn/thread-2127053-1-1.html,,吾爱破解,热门热帖,hot,,2026-09-10 08:54:09
15,聆阅听书—v1.1.4,,1,https://www.52pojie.cn/thread-2125245-1-1.html,,吾爱破解,热门热帖,hot,,2026-09-10 08:54:09
16,VMware Workstation Pro 26H1u1 25688693 简体中文汉化版&简体中文语言包,,26,https://www.52pojie.cn/thread-2126269-1-1.html,,吾爱破解,热门热帖,hot,,2026-09-10 08:54:09
17,超级教师Super Teacher 1.2.19,,1,https://www.52pojie.cn/thread-2126248-1-1.html,,吾爱破解,热门热帖,hot,,2026-09-10 08:54:09
18,闪豆视频下载器 v2026.08.14,,2026,https://www.52pojie.cn/thread-2126557-1-1.html,,吾爱破解,热门热帖,hot,,2026-09-10 08:54:09
19,文件查重助手v1.0.0,,1,https://www.52pojie.cn/thread-2125118-1-1.html,,吾爱破解,热门热帖,hot,,2026-09-10 08:54:09
20,WINDOWS 11 26H2启用包,,11,https://www.52pojie.cn/thread-2125279-1-1.html,,吾爱破解,热门热帖,hot,,2026-09-10 08:54:09
21,[HTML]聚丰祥软件园网络拓扑图设计工具,,130,https://www.52pojie.cn/thread-2126630-1-1.html,,吾爱破解,热门热帖,hot,,2026-09-10 08:54:09
22,音效增强工具 FxSound v1.2.14.0,,1,https://www.52pojie.cn/thread-2125811-1-1.html,,吾爱破解,热门热帖,hot,,2026-09-10 08:54:09
23,Beyond 5.2.5,,5,https://www.52pojie.cn/thread-2125149-1-1.html,,吾爱破解,热门热帖,hot,,2026-09-10 08:54:09
24,查看硬盘健康度软件gsmartcontrol-2.0.2-win64最新版个人汉化,,2,https://www.52pojie.cn/thread-2126734-1-1.html,,吾爱破解,热门热帖,hot,,2026-09-10 08:54:09
25,网络监控拓扑图设计工具V1.0.0,,1,https://www.52pojie.cn/thread-2126606-1-1.html,,吾爱破解,热门热帖,hot,,2026-09-10 08:54:09
26,电子书格式互转软件包括（epub转PDF、MOBI转PDF、AZW3转pdf）,,3,https://www.52pojie.cn/thread-2126353-1-1.html,,吾爱破解,热门热帖,hot,,2026-09-10 08:54:09
27,微信图片下载与 排版工具,,366,https://www.52pojie.cn/thread-2125082-1-1.html,,吾爱破解,热门热帖,hot,,2026-09-10 08:54:09
28,ScreenTranslator (屏译) v0.4.5-离线LLM屏幕实时翻译工具,,0,https://www.52pojie.cn/thread-2126236-1-1.html,,吾爱破解,热门热帖,hot,,2026-09-10 08:54:09
29,超准天气预报 v1.2.9,,1,https://www.52pojie.cn/thread-2124952-1-1.html,,吾爱破解,热门热帖,hot,,2026-09-10 08:54:09
30,拆书器（拆书工具）,,141,https://www.52pojie.cn/thread-2125259-1-1.html,,吾爱破解,热门热帖,hot,,2026-09-10 08:54:09
31,Markdown编辑器 HorseMD v0.13.187,,0,https://www.52pojie.cn/thread-2126073-1-1.html,,吾爱破解,热门热帖,hot,,2026-09-10 08:54:09
32,截图录屏OCR工具 Pixwit v1.16.3,,1,https://www.52pojie.cn/thread-2126614-1-1.html,,吾爱破解,热门热帖,hot,,2026-09-10 08:54:09
33,Geek卸载工具修改版v1.5.4.180，支持批量卸载！,,1,https://www.52pojie.cn/thread-2125056-1-1.html,,吾爱破解,热门热帖,hot,,2026-09-10 08:54:09
34,随身FM v2.3.2,,2,https://www.52pojie.cn/thread-2126704-1-1.html,,吾爱破解,热门热帖,hot,,2026-09-10 08:54:09
35,图片转换工具,,348,https://www.52pojie.cn/thread-2125996-1-1.html,,吾爱破解,热门热帖,hot,,2026-09-10 08:54:09
36,轻量级屏幕标注工具 MarkerOn v2.9.4,,2,https://www.52pojie.cn/thread-2125295-1-1.html,,吾爱破解,热门热帖,hot,,2026-09-10 08:54:09
37,UFS改U盘主控，对应支持型号及量产工具,,192,https://www.52pojie.cn/thread-2126621-1-1.html,,吾爱破解,热门热帖,hot,,2026-09-10 08:54:09
38,Office办公套件 LibreOffice v26.8.0,,26,https://www.52pojie.cn/thread-2125406-1-1.html,,吾爱破解,热门热帖,hot,,2026-09-10 08:54:09
39,个性化字帖生成工具V1.4,,1,https://www.52pojie.cn/thread-2126021-1-1.html,,吾爱破解,热门热帖,hot,,2026-09-10 08:54:09
40,WorkBuddy多账号切换v15【保留工作区】,,15,https://www.52pojie.cn/thread-2125949-1-1.html,,吾爱破解,热门热帖,hot,,2026-09-10 08:54:09
41,单文件制作工具 7.0.2.3867,,7,https://www.52pojie.cn/thread-2126555-1-1.html,,吾爱破解,热门热帖,hot,,2026-09-10 08:54:09
42,手机变电脑IP摄像头 Android IP Camera v0.12.0,,0,https://www.52pojie.cn/thread-2126756-1-1.html,,吾爱破解,热门热帖,hot,,2026-09-10 08:54:09
43,本地重复文件与相似照片清理工具 DupHunter v4.0.1,,4,https://www.52pojie.cn/thread-2125228-1-1.html,,吾爱破解,热门热帖,hot,,2026-09-10 08:54:09
44,智能抠图工具  v1.3.0,,1,https://www.52pojie.cn/thread-2125128-1-1.html,,吾爱破解,热门热帖,hot,,2026-09-10 08:54:09
45,视频自动分段工具v1（更新V2）,,1,https://www.52pojie.cn/thread-2126892-1-1.html,,吾爱破解,热门热帖,hot,,2026-09-10 08:54:09
46,3D建模工具 Blender v5.2.1,,3,https://www.52pojie.cn/thread-2126011-1-1.html,,吾爱破解,热门热帖,hot,,2026-09-10 08:54:09
47,Win7极限优化助手1.0,,7,https://www.52pojie.cn/thread-2125334-1-1.html,,吾爱破解,热门热帖,hot,,2026-09-10 08:54:09
48,户外出行离线地图 Organic Maps 26082718,,26082718,https://www.52pojie.cn/thread-2125781-1-1.html,,吾爱破解,热门热帖,hot,,2026-09-10 08:54:09
49,微信自动锁定工具 Wxlocker 2.0,,2,https://www.52pojie.cn/thread-2125460-1-1.html,,吾爱破解,热门热帖,hot,,2026-09-10 08:54:09
50,下载管理工具 Hydra Download Manager v0.4.0,,0,https://www.52pojie.cn/thread-2126293-1-1.html,,吾爱破解,热门热帖,hot,,2026-09-10 08:54:09
1,小学、初中、高中电子课本下载工具 tchMaterial-parser v4.2,,4,https://www.52pojie.cn/thread-2126541-1-1.html,,吾爱破解,热门热帖,hot,,2026-09-10 09:28:52
2,重复文件查找删除工具,,392,https://www.52pojie.cn/thread-2126656-1-1.html,,吾爱破解,热门热帖,hot,,2026-09-10 09:28:52
3,Geek卸载工具修改版v1.5.4.180，支持批量卸载！,,1,https://www.52pojie.cn/thread-2125056-1-1.html,,吾爱破解,热门热帖,hot,,2026-09-10 09:28:52
4,完美解码PureCodec20260826官方版&绿色版,,20260826,https://www.52pojie.cn/thread-2126550-1-1.html,,吾爱破解,热门热帖,hot,,2026-09-10 09:28:52
5,图吧工具箱 winUI3 版 v1.6.1,,3,https://www.52pojie.cn/thread-2127011-1-1.html,,吾爱破解,热门热帖,hot,,2026-09-10 09:28:52
6,万物工具箱 6.9.26.828,,6,https://www.52pojie.cn/thread-2127033-1-1.html,,吾爱破解,热门热帖,hot,,2026-09-10 09:28:52
7,NetBlocker-让某个程序断网的小工具,,109,https://www.52pojie.cn/thread-2127139-1-1.html,,吾爱破解,热门热帖,hot,,2026-09-10 09:28:52
8,打印机工具箱1.1,,1,https://www.52pojie.cn/thread-2126715-1-1.html,,吾爱破解,热门热帖,hot,,2026-09-10 09:28:52
9,手机投屏控制助手 scrcpy-helper v1.5.2,,1,https://www.52pojie.cn/thread-2127053-1-1.html,,吾爱破解,热门热帖,hot,,2026-09-10 09:28:52
10,短视频无水印解析下载 v1.0.0,,1,https://www.52pojie.cn/thread-2126862-1-1.html,,吾爱破解,热门热帖,hot,,2026-09-10 09:28:52
11,小旋风收音机 v1.2.2,,1,https://www.52pojie.cn/thread-2126705-1-1.html,,吾爱破解,热门热帖,hot,,2026-09-10 09:28:52
12,超级教师Super Teacher 1.2.19,,1,https://www.52pojie.cn/thread-2126248-1-1.html,,吾爱破解,热门热帖,hot,,2026-09-10 09:28:52
13,Windows 极限优化助手 2.3,,2,https://www.52pojie.cn/thread-2126667-1-1.html,,吾爱破解,热门热帖,hot,,2026-09-10 09:28:52
14,B站第三方 BT 0.9.35,,0,https://www.52pojie.cn/thread-2126475-1-1.html,,吾爱破解,热门热帖,hot,,2026-09-10 09:28:52
15,最强逆向大模型GLM-5.3无道德无限制驱动Frida Stalker绕过银行某梆检测,,5,https://www.52pojie.cn/thread-2126497-1-1.html,,吾爱破解,热门热帖,hot,,2026-09-10 09:28:52
16,星愿浏览器 Twinkstar v11.4.1000.2609,,11,https://www.52pojie.cn/thread-2126907-1-1.html,,吾爱破解,热门热帖,hot,,2026-09-10 09:28:52
17,聆阅听书—v1.1.4,,1,https://www.52pojie.cn/thread-2125245-1-1.html,,吾爱破解,热门热帖,hot,,2026-09-10 09:28:52
18,VMware Workstation Pro 26H1u1 25688693 简体中文汉化版&简体中文语言包,,26,https://www.52pojie.cn/thread-2126269-1-1.html,,吾爱破解,热门热帖,hot,,2026-09-10 09:28:52
19,闪豆视频下载器 v2026.08.14,,2026,https://www.52pojie.cn/thread-2126557-1-1.html,,吾爱破解,热门热帖,hot,,2026-09-10 09:28:52
20,文件查重助手v1.0.0,,1,https://www.52pojie.cn/thread-2125118-1-1.html,,吾爱破解,热门热帖,hot,,2026-09-10 09:28:52
21,WINDOWS 11 26H2启用包,,11,https://www.52pojie.cn/thread-2125279-1-1.html,,吾爱破解,热门热帖,hot,,2026-09-10 09:28:52
22,[HTML]聚丰祥软件园网络拓扑图设计工具,,130,https://www.52pojie.cn/thread-2126630-1-1.html,,吾爱破解,热门热帖,hot,,2026-09-10 09:28:52
23,音效增强工具 FxSound v1.2.14.0,,1,https://www.52pojie.cn/thread-2125811-1-1.html,,吾爱破解,热门热帖,hot,,2026-09-10 09:28:52
24,Beyond 5.2.5,,5,https://www.52pojie.cn/thread-2125149-1-1.html,,吾爱破解,热门热帖,hot,,2026-09-10 09:28:52
25,查看硬盘健康度软件gsmartcontrol-2.0.2-win64最新版个人汉化,,2,https://www.52pojie.cn/thread-2126734-1-1.html,,吾爱破解,热门热帖,hot,,2026-09-10 09:28:52
26,网络监控拓扑图设计工具V1.0.0,,1,https://www.52pojie.cn/thread-2126606-1-1.html,,吾爱破解,热门热帖,hot,,2026-09-10 09:28:52
27,电子书格式互转软件包括（epub转PDF、MOBI转PDF、AZW3转pdf）,,3,https://www.52pojie.cn/thread-2126353-1-1.html,,吾爱破解,热门热帖,hot,,2026-09-10 09:28:52
28,微信图片下载与 排版工具,,366,https://www.52pojie.cn/thread-2125082-1-1.html,,吾爱破解,热门热帖,hot,,2026-09-10 09:28:52
29,ScreenTranslator (屏译) v0.4.5-离线LLM屏幕实时翻译工具,,0,https://www.52pojie.cn/thread-2126236-1-1.html,,吾爱破解,热门热帖,hot,,2026-09-10 09:28:52
30,拆书器（拆书工具）,,141,https://www.52pojie.cn/thread-2125259-1-1.html,,吾爱破解,热门热帖,hot,,2026-09-10 09:28:52
31,Markdown编辑器 HorseMD v0.13.187,,0,https://www.52pojie.cn/thread-2126073-1-1.html,,吾爱破解,热门热帖,hot,,2026-09-10 09:28:52
32,截图录屏OCR工具 Pixwit v1.16.3,,1,https://www.52pojie.cn/thread-2126614-1-1.html,,吾爱破解,热门热帖,hot,,2026-09-10 09:28:52
33,随身FM v2.3.2,,2,https://www.52pojie.cn/thread-2126704-1-1.html,,吾爱破解,热门热帖,hot,,2026-09-10 09:28:52
34,图片转换工具,,349,https://www.52pojie.cn/thread-2125996-1-1.html,,吾爱破解,热门热帖,hot,,2026-09-10 09:28:52
35,轻量级屏幕标注工具 MarkerOn v2.9.4,,2,https://www.52pojie.cn/thread-2125295-1-1.html,,吾爱破解,热门热帖,hot,,2026-09-10 09:28:52
36,UFS改U盘主控，对应支持型号及量产工具,,192,https://www.52pojie.cn/thread-2126621-1-1.html,,吾爱破解,热门热帖,hot,,2026-09-10 09:28:52
37,Office办公套件 LibreOffice v26.8.0,,26,https://www.52pojie.cn/thread-2125406-1-1.html,,吾爱破解,热门热帖,hot,,2026-09-10 09:28:52
38,个性化字帖生成工具V1.4,,1,https://www.52pojie.cn/thread-2126021-1-1.html,,吾爱破解,热门热帖,hot,,2026-09-10 09:28:52
39,WorkBuddy多账号切换v15【保留工作区】,,15,https://www.52pojie.cn/thread-2125949-1-1.html,,吾爱破解,热门热帖,hot,,2026-09-10 09:28:52
40,单文件制作工具 7.0.2.3867,,7,https://www.52pojie.cn/thread-2126555-1-1.html,,吾爱破解,热门热帖,hot,,2026-09-10 09:28:52
41,手机变电脑IP摄像头 Android IP Camera v0.12.0,,0,https://www.52pojie.cn/thread-2126756-1-1.html,,吾爱破解,热门热帖,hot,,2026-09-10 09:28:52
42,本地重复文件与相似照片清理工具 DupHunter v4.0.1,,4,https://www.52pojie.cn/thread-2125228-1-1.html,,吾爱破解,热门热帖,hot,,2026-09-10 09:28:52
43,智能抠图工具  v1.3.0,,1,https://www.52pojie.cn/thread-2125128-1-1.html,,吾爱破解,热门热帖,hot,,2026-09-10 09:28:52
44,视频自动分段工具v1（更新V2）,,1,https://www.52pojie.cn/thread-2126892-1-1.html,,吾爱破解,热门热帖,hot,,2026-09-10 09:28:52
45,3D建模工具 Blender v5.2.1,,3,https://www.52pojie.cn/thread-2126011-1-1.html,,吾爱破解,热门热帖,hot,,2026-09-10 09:28:52
46,Win7极限优化助手1.0,,7,https://www.52pojie.cn/thread-2125334-1-1.html,,吾爱破解,热门热帖,hot,,2026-09-10 09:28:52
47,户外出行离线地图 Organic Maps 26082718,,26082718,https://www.52pojie.cn/thread-2125781-1-1.html,,吾爱破解,热门热帖,hot,,2026-09-10 09:28:52
48,微信自动锁定工具 Wxlocker 2.0,,2,https://www.52pojie.cn/thread-2125460-1-1.html,,吾爱破解,热门热帖,hot,,2026-09-10 09:28:52
49,下载管理工具 Hydra Download Manager v0.4.0,,0,https://www.52pojie.cn/thread-2126293-1-1.html,,吾爱破解,热门热帖,hot,,2026-09-10 09:28:52
50,Windows 10/11 系统优化管理工具Windows Manager v2.4.0,,10,https://www.52pojie.cn/thread-2126034-1-1.html,,吾爱破解,热门热帖,hot,,2026-09-10 09:28:52
1,Windows 极限优化助手 2.3,,2,https://www.52pojie.cn/thread-2126667-1-1.html,,吾爱破解,热门热帖,hot,,2026-09-10 10:30:31
2,Geek卸载工具修改版v1.5.4.180，支持批量卸载！,,1,https://www.52pojie.cn/thread-2125056-1-1.html,,吾爱破解,热门热帖,hot,,2026-09-10 10:30:31
3,图吧工具箱 winUI3 版 v1.6.1,,3,https://www.52pojie.cn/thread-2127011-1-1.html,,吾爱破解,热门热帖,hot,,2026-09-10 10:30:31
4,短视频无水印解析下载 v1.0.0,,1,https://www.52pojie.cn/thread-2126862-1-1.html,,吾爱破解,热门热帖,hot,,2026-09-10 10:30:31
5,完美解码PureCodec20260826官方版&绿色版,,20260826,https://www.52pojie.cn/thread-2126550-1-1.html,,吾爱破解,热门热帖,hot,,2026-09-10 10:30:31
6,小旋风收音机 v1.2.2,,1,https://www.52pojie.cn/thread-2126705-1-1.html,,吾爱破解,热门热帖,hot,,2026-09-10 10:30:31
7,截图录屏OCR工具 Pixwit v1.16.3,,1,https://www.52pojie.cn/thread-2126614-1-1.html,,吾爱破解,热门热帖,hot,,2026-09-10 10:30:31
8,小学、初中、高中电子课本下载工具 tchMaterial-parser v4.2,,4,https://www.52pojie.cn/thread-2126541-1-1.html,,吾爱破解,热门热帖,hot,,2026-09-10 10:30:31
9,打印机工具箱1.1,,1,https://www.52pojie.cn/thread-2126715-1-1.html,,吾爱破解,热门热帖,hot,,2026-09-10 10:30:31
10,万物工具箱 6.9.26.828,,6,https://www.52pojie.cn/thread-2127033-1-1.html,,吾爱破解,热门热帖,hot,,2026-09-10 10:30:31
11,星愿浏览器 Twinkstar v11.4.1000.2609,,11,https://www.52pojie.cn/thread-2126907-1-1.html,,吾爱破解,热门热帖,hot,,2026-09-10 10:30:31
12,重复文件查找删除工具,,397,https://www.52pojie.cn/thread-2126656-1-1.html,,吾爱破解,热门热帖,hot,,2026-09-10 10:30:31
13,随身FM v2.3.2,,2,https://www.52pojie.cn/thread-2126704-1-1.html,,吾爱破解,热门热帖,hot,,2026-09-10 10:30:31
14,超级教师Super Teacher 1.2.19,,1,https://www.52pojie.cn/thread-2126248-1-1.html,,吾爱破解,热门热帖,hot,,2026-09-10 10:30:31
15,B站第三方 BT 0.9.35,,0,https://www.52pojie.cn/thread-2126475-1-1.html,,吾爱破解,热门热帖,hot,,2026-09-10 10:30:31
16,NetBlocker-让某个程序断网的小工具,,112,https://www.52pojie.cn/thread-2127139-1-1.html,,吾爱破解,热门热帖,hot,,2026-09-10 10:30:31
17,手机投屏控制助手 scrcpy-helper v1.5.2,,1,https://www.52pojie.cn/thread-2127053-1-1.html,,吾爱破解,热门热帖,hot,,2026-09-10 10:30:31
18,最强逆向大模型GLM-5.3无道德无限制驱动Frida Stalker绕过银行某梆检测,,5,https://www.52pojie.cn/thread-2126497-1-1.html,,吾爱破解,热门热帖,hot,,2026-09-10 10:30:31
19,聆阅听书—v1.1.4,,1,https://www.52pojie.cn/thread-2125245-1-1.html,,吾爱破解,热门热帖,hot,,2026-09-10 10:30:31
20,VMware Workstation Pro 26H1u1 25688693 简体中文汉化版&简体中文语言包,,26,https://www.52pojie.cn/thread-2126269-1-1.html,,吾爱破解,热门热帖,hot,,2026-09-10 10:30:31
21,文件查重助手v1.0.0,,1,https://www.52pojie.cn/thread-2125118-1-1.html,,吾爱破解,热门热帖,hot,,2026-09-10 10:30:31
22,WINDOWS 11 26H2启用包,,11,https://www.52pojie.cn/thread-2125279-1-1.html,,吾爱破解,热门热帖,hot,,2026-09-10 10:30:31
23,[HTML]聚丰祥软件园网络拓扑图设计工具,,130,https://www.52pojie.cn/thread-2126630-1-1.html,,吾爱破解,热门热帖,hot,,2026-09-10 10:30:31
24,音效增强工具 FxSound v1.2.14.0,,1,https://www.52pojie.cn/thread-2125811-1-1.html,,吾爱破解,热门热帖,hot,,2026-09-10 10:30:31
25,Beyond 5.2.5,,5,https://www.52pojie.cn/thread-2125149-1-1.html,,吾爱破解,热门热帖,hot,,2026-09-10 10:30:31
26,查看硬盘健康度软件gsmartcontrol-2.0.2-win64最新版个人汉化,,2,https://www.52pojie.cn/thread-2126734-1-1.html,,吾爱破解,热门热帖,hot,,2026-09-10 10:30:31
27,网络监控拓扑图设计工具V1.0.0,,1,https://www.52pojie.cn/thread-2126606-1-1.html,,吾爱破解,热门热帖,hot,,2026-09-10 10:30:31
28,电子书格式互转软件包括（epub转PDF、MOBI转PDF、AZW3转pdf）,,3,https://www.52pojie.cn/thread-2126353-1-1.html,,吾爱破解,热门热帖,hot,,2026-09-10 10:30:31
29,微信图片下载与 排版工具,,366,https://www.52pojie.cn/thread-2125082-1-1.html,,吾爱破解,热门热帖,hot,,2026-09-10 10:30:31
30,ScreenTranslator (屏译) v0.4.5-离线LLM屏幕实时翻译工具,,0,https://www.52pojie.cn/thread-2126236-1-1.html,,吾爱破解,热门热帖,hot,,2026-09-10 10:30:31
31,拆书器（拆书工具）,,141,https://www.52pojie.cn/thread-2125259-1-1.html,,吾爱破解,热门热帖,hot,,2026-09-10 10:30:31
32,Markdown编辑器 HorseMD v0.13.187,,0,https://www.52pojie.cn/thread-2126073-1-1.html,,吾爱破解,热门热帖,hot,,2026-09-10 10:30:31
33,图片转换工具,,349,https://www.52pojie.cn/thread-2125996-1-1.html,,吾爱破解,热门热帖,hot,,2026-09-10 10:30:31
34,轻量级屏幕标注工具 MarkerOn v2.9.4,,2,https://www.52pojie.cn/thread-2125295-1-1.html,,吾爱破解,热门热帖,hot,,2026-09-10 10:30:31
35,UFS改U盘主控，对应支持型号及量产工具,,192,https://www.52pojie.cn/thread-2126621-1-1.html,,吾爱破解,热门热帖,hot,,2026-09-10 10:30:31
36,Office办公套件 LibreOffice v26.8.0,,26,https://www.52pojie.cn/thread-2125406-1-1.html,,吾爱破解,热门热帖,hot,,2026-09-10 10:30:31
37,个性化字帖生成工具V1.4,,1,https://www.52pojie.cn/thread-2126021-1-1.html,,吾爱破解,热门热帖,hot,,2026-09-10 10:30:31
38,WorkBuddy多账号切换v15【保留工作区】,,15,https://www.52pojie.cn/thread-2125949-1-1.html,,吾爱破解,热门热帖,hot,,2026-09-10 10:30:31
39,单文件制作工具 7.0.2.3867,,7,https://www.52pojie.cn/thread-2126555-1-1.html,,吾爱破解,热门热帖,hot,,2026-09-10 10:30:31
40,手机变电脑IP摄像头 Android IP Camera v0.12.0,,0,https://www.52pojie.cn/thread-2126756-1-1.html,,吾爱破解,热门热帖,hot,,2026-09-10 10:30:31
41,本地重复文件与相似照片清理工具 DupHunter v4.0.1,,4,https://www.52pojie.cn/thread-2125228-1-1.html,,吾爱破解,热门热帖,hot,,2026-09-10 10:30:31
42,智能抠图工具  v1.3.0,,1,https://www.52pojie.cn/thread-2125128-1-1.html,,吾爱破解,热门热帖,hot,,2026-09-10 10:30:31
43,视频自动分段工具v1（更新V2）,,1,https://www.52pojie.cn/thread-2126892-1-1.html,,吾爱破解,热门热帖,hot,,2026-09-10 10:30:31
44,3D建模工具 Blender v5.2.1,,3,https://www.52pojie.cn/thread-2126011-1-1.html,,吾爱破解,热门热帖,hot,,2026-09-10 10:30:31
45,Win7极限优化助手1.0,,7,https://www.52pojie.cn/thread-2125334-1-1.html,,吾爱破解,热门热帖,hot,,2026-09-10 10:30:31
46,户外出行离线地图 Organic Maps 26082718,,26082718,https://www.52pojie.cn/thread-2125781-1-1.html,,吾爱破解,热门热帖,hot,,2026-09-10 10:30:31
47,微信自动锁定工具 Wxlocker 2.0,,2,https://www.52pojie.cn/thread-2125460-1-1.html,,吾爱破解,热门热帖,hot,,2026-09-10 10:30:31
48,下载管理工具 Hydra Download Manager v0.4.0,,0,https://www.52pojie.cn/thread-2126293-1-1.html,,吾爱破解,热门热帖,hot,,2026-09-10 10:30:31
49,Windows 10/11 系统优化管理工具Windows Manager v2.4.0,,10,https://www.52pojie.cn/thread-2126034-1-1.html,,吾爱破解,热门热帖,hot,,2026-09-10 10:30:31
50,Windows10/11桌面美化工具 Seelen UI v2.8.4,,10,https://www.52pojie.cn/thread-2126569-1-1.html,,吾爱破解,热门热帖,hot,,2026-09-10 10:30:31
1,Windows 极限优化助手 2.3,,2,https://www.52pojie.cn/thread-2126667-1-1.html,,吾爱破解,热门热帖,hot,,2026-09-10 11:25:58
2,Geek卸载工具修改版v1.5.4.180，支持批量卸载！,,1,https://www.52pojie.cn/thread-2125056-1-1.html,,吾爱破解,热门热帖,hot,,2026-09-10 11:25:58
3,图吧工具箱 winUI3 版 v1.6.1,,3,https://www.52pojie.cn/thread-2127011-1-1.html,,吾爱破解,热门热帖,hot,,2026-09-10 11:25:58
4,短视频无水印解析下载 v1.0.0,,1,https://www.52pojie.cn/thread-2126862-1-1.html,,吾爱破解,热门热帖,hot,,2026-09-10 11:25:58
5,完美解码PureCodec20260826官方版&绿色版,,20260826,https://www.52pojie.cn/thread-2126550-1-1.html,,吾爱破解,热门热帖,hot,,2026-09-10 11:25:58
6,小旋风收音机 v1.2.2,,1,https://www.52pojie.cn/thread-2126705-1-1.html,,吾爱破解,热门热帖,hot,,2026-09-10 11:25:58
7,截图录屏OCR工具 Pixwit v1.16.3,,1,https://www.52pojie.cn/thread-2126614-1-1.html,,吾爱破解,热门热帖,hot,,2026-09-10 11:25:58
8,小学、初中、高中电子课本下载工具 tchMaterial-parser v4.2,,4,https://www.52pojie.cn/thread-2126541-1-1.html,,吾爱破解,热门热帖,hot,,2026-09-10 11:25:58
9,打印机工具箱1.1,,1,https://www.52pojie.cn/thread-2126715-1-1.html,,吾爱破解,热门热帖,hot,,2026-09-10 11:25:58
10,万物工具箱 6.9.26.828,,6,https://www.52pojie.cn/thread-2127033-1-1.html,,吾爱破解,热门热帖,hot,,2026-09-10 11:25:58
11,星愿浏览器 Twinkstar v11.4.1000.2609,,11,https://www.52pojie.cn/thread-2126907-1-1.html,,吾爱破解,热门热帖,hot,,2026-09-10 11:25:58
12,重复文件查找删除工具,,397,https://www.52pojie.cn/thread-2126656-1-1.html,,吾爱破解,热门热帖,hot,,2026-09-10 11:25:58
13,随身FM v2.3.2,,2,https://www.52pojie.cn/thread-2126704-1-1.html,,吾爱破解,热门热帖,hot,,2026-09-10 11:25:58
14,超级教师Super Teacher 1.2.19,,1,https://www.52pojie.cn/thread-2126248-1-1.html,,吾爱破解,热门热帖,hot,,2026-09-10 11:25:58
15,B站第三方 BT 0.9.35,,0,https://www.52pojie.cn/thread-2126475-1-1.html,,吾爱破解,热门热帖,hot,,2026-09-10 11:25:58
16,NetBlocker-让某个程序断网的小工具,,112,https://www.52pojie.cn/thread-2127139-1-1.html,,吾爱破解,热门热帖,hot,,2026-09-10 11:25:58
17,手机投屏控制助手 scrcpy-helper v1.5.2,,1,https://www.52pojie.cn/thread-2127053-1-1.html,,吾爱破解,热门热帖,hot,,2026-09-10 11:25:58
18,最强逆向大模型GLM-5.3无道德无限制驱动Frida Stalker绕过银行某梆检测,,5,https://www.52pojie.cn/thread-2126497-1-1.html,,吾爱破解,热门热帖,hot,,2026-09-10 11:25:58
19,聆阅听书—v1.1.4,,1,https://www.52pojie.cn/thread-2125245-1-1.html,,吾爱破解,热门热帖,hot,,2026-09-10 11:25:58
20,VMware Workstation Pro 26H1u1 25688693 简体中文汉化版&简体中文语言包,,26,https://www.52pojie.cn/thread-2126269-1-1.html,,吾爱破解,热门热帖,hot,,2026-09-10 11:25:58
21,文件查重助手v1.0.0,,1,https://www.52pojie.cn/thread-2125118-1-1.html,,吾爱破解,热门热帖,hot,,2026-09-10 11:25:58
22,WINDOWS 11 26H2启用包,,11,https://www.52pojie.cn/thread-2125279-1-1.html,,吾爱破解,热门热帖,hot,,2026-09-10 11:25:58
23,[HTML]聚丰祥软件园网络拓扑图设计工具,,130,https://www.52pojie.cn/thread-2126630-1-1.html,,吾爱破解,热门热帖,hot,,2026-09-10 11:25:58
24,音效增强工具 FxSound v1.2.14.0,,1,https://www.52pojie.cn/thread-2125811-1-1.html,,吾爱破解,热门热帖,hot,,2026-09-10 11:25:58
25,Beyond 5.2.5,,5,https://www.52pojie.cn/thread-2125149-1-1.html,,吾爱破解,热门热帖,hot,,2026-09-10 11:25:58
26,查看硬盘健康度软件gsmartcontrol-2.0.2-win64最新版个人汉化,,2,https://www.52pojie.cn/thread-2126734-1-1.html,,吾爱破解,热门热帖,hot,,2026-09-10 11:25:58
27,网络监控拓扑图设计工具V1.0.0,,1,https://www.52pojie.cn/thread-2126606-1-1.html,,吾爱破解,热门热帖,hot,,2026-09-10 11:25:58
28,电子书格式互转软件包括（epub转PDF、MOBI转PDF、AZW3转pdf）,,3,https://www.52pojie.cn/thread-2126353-1-1.html,,吾爱破解,热门热帖,hot,,2026-09-10 11:25:58
29,微信图片下载与 排版工具,,366,https://www.52pojie.cn/thread-2125082-1-1.html,,吾爱破解,热门热帖,hot,,2026-09-10 11:25:58
30,ScreenTranslator (屏译) v0.4.5-离线LLM屏幕实时翻译工具,,0,https://www.52pojie.cn/thread-2126236-1-1.html,,吾爱破解,热门热帖,hot,,2026-09-10 11:25:58
31,拆书器（拆书工具）,,141,https://www.52pojie.cn/thread-2125259-1-1.html,,吾爱破解,热门热帖,hot,,2026-09-10 11:25:58
32,Markdown编辑器 HorseMD v0.13.187,,0,https://www.52pojie.cn/thread-2126073-1-1.html,,吾爱破解,热门热帖,hot,,2026-09-10 11:25:58
33,图片转换工具,,349,https://www.52pojie.cn/thread-2125996-1-1.html,,吾爱破解,热门热帖,hot,,2026-09-10 11:25:58
34,轻量级屏幕标注工具 MarkerOn v2.9.4,,2,https://www.52pojie.cn/thread-2125295-1-1.html,,吾爱破解,热门热帖,hot,,2026-09-10 11:25:58
35,UFS改U盘主控，对应支持型号及量产工具,,192,https://www.52pojie.cn/thread-2126621-1-1.html,,吾爱破解,热门热帖,hot,,2026-09-10 11:25:58
36,Office办公套件 LibreOffice v26.8.0,,26,https://www.52pojie.cn/thread-2125406-1-1.html,,吾爱破解,热门热帖,hot,,2026-09-10 11:25:58
37,个性化字帖生成工具V1.4,,1,https://www.52pojie.cn/thread-2126021-1-1.html,,吾爱破解,热门热帖,hot,,2026-09-10 11:25:58
38,WorkBuddy多账号切换v15【保留工作区】,,15,https://www.52pojie.cn/thread-2125949-1-1.html,,吾爱破解,热门热帖,hot,,2026-09-10 11:25:58
39,单文件制作工具 7.0.2.3867,,7,https://www.52pojie.cn/thread-2126555-1-1.html,,吾爱破解,热门热帖,hot,,2026-09-10 11:25:58
40,手机变电脑IP摄像头 Android IP Camera v0.12.0,,0,https://www.52pojie.cn/thread-2126756-1-1.html,,吾爱破解,热门热帖,hot,,2026-09-10 11:25:58
41,本地重复文件与相似照片清理工具 DupHunter v4.0.1,,4,https://www.52pojie.cn/thread-2125228-1-1.html,,吾爱破解,热门热帖,hot,,2026-09-10 11:25:58
42,智能抠图工具  v1.3.0,,1,https://www.52pojie.cn/thread-2125128-1-1.html,,吾爱破解,热门热帖,hot,,2026-09-10 11:25:58
43,视频自动分段工具v1（更新V2）,,1,https://www.52pojie.cn/thread-2126892-1-1.html,,吾爱破解,热门热帖,hot,,2026-09-10 11:25:58
44,3D建模工具 Blender v5.2.1,,3,https://www.52pojie.cn/thread-2126011-1-1.html,,吾爱破解,热门热帖,hot,,2026-09-10 11:25:58
45,Win7极限优化助手1.0,,7,https://www.52pojie.cn/thread-2125334-1-1.html,,吾爱破解,热门热帖,hot,,2026-09-10 11:25:58
46,户外出行离线地图 Organic Maps 26082718,,26082718,https://www.52pojie.cn/thread-2125781-1-1.html,,吾爱破解,热门热帖,hot,,2026-09-10 11:25:58
47,微信自动锁定工具 Wxlocker 2.0,,2,https://www.52pojie.cn/thread-2125460-1-1.html,,吾爱破解,热门热帖,hot,,2026-09-10 11:25:58
48,下载管理工具 Hydra Download Manager v0.4.0,,0,https://www.52pojie.cn/thread-2126293-1-1.html,,吾爱破解,热门热帖,hot,,2026-09-10 11:25:58
49,Windows 10/11 系统优化管理工具Windows Manager v2.4.0,,10,https://www.52pojie.cn/thread-2126034-1-1.html,,吾爱破解,热门热帖,hot,,2026-09-10 11:25:58
50,Windows10/11桌面美化工具 Seelen UI v2.8.4,,10,https://www.52pojie.cn/thread-2126569-1-1.html,,吾爱破解,热门热帖,hot,,2026-09-10 11:25:58
1,Windows 极限优化助手 2.3,,2,https://www.52pojie.cn/thread-2126667-1-1.html,,吾爱破解,热门热帖,hot,,2026-09-10 12:25:15
2,Geek卸载工具修改版v1.5.4.180，支持批量卸载！,,1,https://www.52pojie.cn/thread-2125056-1-1.html,,吾爱破解,热门热帖,hot,,2026-09-10 12:25:15
3,图吧工具箱 winUI3 版 v1.6.1,,3,https://www.52pojie.cn/thread-2127011-1-1.html,,吾爱破解,热门热帖,hot,,2026-09-10 12:25:15
4,短视频无水印解析下载 v1.0.0,,1,https://www.52pojie.cn/thread-2126862-1-1.html,,吾爱破解,热门热帖,hot,,2026-09-10 12:25:15
5,完美解码PureCodec20260826官方版&绿色版,,20260826,https://www.52pojie.cn/thread-2126550-1-1.html,,吾爱破解,热门热帖,hot,,2026-09-10 12:25:15
6,小旋风收音机 v1.2.2,,1,https://www.52pojie.cn/thread-2126705-1-1.html,,吾爱破解,热门热帖,hot,,2026-09-10 12:25:15
7,截图录屏OCR工具 Pixwit v1.16.3,,1,https://www.52pojie.cn/thread-2126614-1-1.html,,吾爱破解,热门热帖,hot,,2026-09-10 12:25:15
8,小学、初中、高中电子课本下载工具 tchMaterial-parser v4.2,,4,https://www.52pojie.cn/thread-2126541-1-1.html,,吾爱破解,热门热帖,hot,,2026-09-10 12:25:15
9,打印机工具箱1.1,,1,https://www.52pojie.cn/thread-2126715-1-1.html,,吾爱破解,热门热帖,hot,,2026-09-10 12:25:15
10,万物工具箱 6.9.26.828,,6,https://www.52pojie.cn/thread-2127033-1-1.html,,吾爱破解,热门热帖,hot,,2026-09-10 12:25:15
11,星愿浏览器 Twinkstar v11.4.1000.2609,,11,https://www.52pojie.cn/thread-2126907-1-1.html,,吾爱破解,热门热帖,hot,,2026-09-10 12:25:15
12,重复文件查找删除工具,,397,https://www.52pojie.cn/thread-2126656-1-1.html,,吾爱破解,热门热帖,hot,,2026-09-10 12:25:15
13,随身FM v2.3.2,,2,https://www.52pojie.cn/thread-2126704-1-1.html,,吾爱破解,热门热帖,hot,,2026-09-10 12:25:15
14,超级教师Super Teacher 1.2.19,,1,https://www.52pojie.cn/thread-2126248-1-1.html,,吾爱破解,热门热帖,hot,,2026-09-10 12:25:15
15,B站第三方 BT 0.9.35,,0,https://www.52pojie.cn/thread-2126475-1-1.html,,吾爱破解,热门热帖,hot,,2026-09-10 12:25:15
16,NetBlocker-让某个程序断网的小工具,,112,https://www.52pojie.cn/thread-2127139-1-1.html,,吾爱破解,热门热帖,hot,,2026-09-10 12:25:15
17,手机投屏控制助手 scrcpy-helper v1.5.2,,1,https://www.52pojie.cn/thread-2127053-1-1.html,,吾爱破解,热门热帖,hot,,2026-09-10 12:25:15
18,最强逆向大模型GLM-5.3无道德无限制驱动Frida Stalker绕过银行某梆检测,,5,https://www.52pojie.cn/thread-2126497-1-1.html,,吾爱破解,热门热帖,hot,,2026-09-10 12:25:15
19,聆阅听书—v1.1.4,,1,https://www.52pojie.cn/thread-2125245-1-1.html,,吾爱破解,热门热帖,hot,,2026-09-10 12:25:15
20,VMware Workstation Pro 26H1u1 25688693 简体中文汉化版&简体中文语言包,,26,https://www.52pojie.cn/thread-2126269-1-1.html,,吾爱破解,热门热帖,hot,,2026-09-10 12:25:15
21,文件查重助手v1.0.0,,1,https://www.52pojie.cn/thread-2125118-1-1.html,,吾爱破解,热门热帖,hot,,2026-09-10 12:25:15
22,WINDOWS 11 26H2启用包,,11,https://www.52pojie.cn/thread-2125279-1-1.html,,吾爱破解,热门热帖,hot,,2026-09-10 12:25:15
23,[HTML]聚丰祥软件园网络拓扑图设计工具,,130,https://www.52pojie.cn/thread-2126630-1-1.html,,吾爱破解,热门热帖,hot,,2026-09-10 12:25:15
24,音效增强工具 FxSound v1.2.14.0,,1,https://www.52pojie.cn/thread-2125811-1-1.html,,吾爱破解,热门热帖,hot,,2026-09-10 12:25:15
25,Beyond 5.2.5,,5,https://www.52pojie.cn/thread-2125149-1-1.html,,吾爱破解,热门热帖,hot,,2026-09-10 12:25:15
26,查看硬盘健康度软件gsmartcontrol-2.0.2-win64最新版个人汉化,,2,https://www.52pojie.cn/thread-2126734-1-1.html,,吾爱破解,热门热帖,hot,,2026-09-10 12:25:15
27,网络监控拓扑图设计工具V1.0.0,,1,https://www.52pojie.cn/thread-2126606-1-1.html,,吾爱破解,热门热帖,hot,,2026-09-10 12:25:15
28,电子书格式互转软件包括（epub转PDF、MOBI转PDF、AZW3转pdf）,,3,https://www.52pojie.cn/thread-2126353-1-1.html,,吾爱破解,热门热帖,hot,,2026-09-10 12:25:15
29,微信图片下载与 排版工具,,366,https://www.52pojie.cn/thread-2125082-1-1.html,,吾爱破解,热门热帖,hot,,2026-09-10 12:25:15
30,ScreenTranslator (屏译) v0.4.5-离线LLM屏幕实时翻译工具,,0,https://www.52pojie.cn/thread-2126236-1-1.html,,吾爱破解,热门热帖,hot,,2026-09-10 12:25:15
31,拆书器（拆书工具）,,141,https://www.52pojie.cn/thread-2125259-1-1.html,,吾爱破解,热门热帖,hot,,2026-09-10 12:25:15
32,Markdown编辑器 HorseMD v0.13.187,,0,https://www.52pojie.cn/thread-2126073-1-1.html,,吾爱破解,热门热帖,hot,,2026-09-10 12:25:15
33,图片转换工具,,349,https://www.52pojie.cn/thread-2125996-1-1.html,,吾爱破解,热门热帖,hot,,2026-09-10 12:25:15
34,轻量级屏幕标注工具 MarkerOn v2.9.4,,2,https://www.52pojie.cn/thread-2125295-1-1.html,,吾爱破解,热门热帖,hot,,2026-09-10 12:25:15
35,UFS改U盘主控，对应支持型号及量产工具,,192,https://www.52pojie.cn/thread-2126621-1-1.html,,吾爱破解,热门热帖,hot,,2026-09-10 12:25:15
36,Office办公套件 LibreOffice v26.8.0,,26,https://www.52pojie.cn/thread-2125406-1-1.html,,吾爱破解,热门热帖,hot,,2026-09-10 12:25:15
37,个性化字帖生成工具V1.4,,1,https://www.52pojie.cn/thread-2126021-1-1.html,,吾爱破解,热门热帖,hot,,2026-09-10 12:25:15
38,WorkBuddy多账号切换v15【保留工作区】,,15,https://www.52pojie.cn/thread-2125949-1-1.html,,吾爱破解,热门热帖,hot,,2026-09-10 12:25:15
39,单文件制作工具 7.0.2.3867,,7,https://www.52pojie.cn/thread-2126555-1-1.html,,吾爱破解,热门热帖,hot,,2026-09-10 12:25:15
40,手机变电脑IP摄像头 Android IP Camera v0.12.0,,0,https://www.52pojie.cn/thread-2126756-1-1.html,,吾爱破解,热门热帖,hot,,2026-09-10 12:25:15
41,本地重复文件与相似照片清理工具 DupHunter v4.0.1,,4,https://www.52pojie.cn/thread-2125228-1-1.html,,吾爱破解,热门热帖,hot,,2026-09-10 12:25:15
42,智能抠图工具  v1.3.0,,1,https://www.52pojie.cn/thread-2125128-1-1.html,,吾爱破解,热门热帖,hot,,2026-09-10 12:25:15
43,视频自动分段工具v1（更新V2）,,1,https://www.52pojie.cn/thread-2126892-1-1.html,,吾爱破解,热门热帖,hot,,2026-09-10 12:25:15
44,3D建模工具 Blender v5.2.1,,3,https://www.52pojie.cn/thread-2126011-1-1.html,,吾爱破解,热门热帖,hot,,2026-09-10 12:25:15
45,Win7极限优化助手1.0,,7,https://www.52pojie.cn/thread-2125334-1-1.html,,吾爱破解,热门热帖,hot,,2026-09-10 12:25:15
46,户外出行离线地图 Organic Maps 26082718,,26082718,https://www.52pojie.cn/thread-2125781-1-1.html,,吾爱破解,热门热帖,hot,,2026-09-10 12:25:15
47,微信自动锁定工具 Wxlocker 2.0,,2,https://www.52pojie.cn/thread-2125460-1-1.html,,吾爱破解,热门热帖,hot,,2026-09-10 12:25:15
48,下载管理工具 Hydra Download Manager v0.4.0,,0,https://www.52pojie.cn/thread-2126293-1-1.html,,吾爱破解,热门热帖,hot,,2026-09-10 12:25:15
49,Windows 10/11 系统优化管理工具Windows Manager v2.4.0,,10,https://www.52pojie.cn/thread-2126034-1-1.html,,吾爱破解,热门热帖,hot,,2026-09-10 12:25:15
50,Windows10/11桌面美化工具 Seelen UI v2.8.4,,10,https://www.52pojie.cn/thread-2126569-1-1.html,,吾爱破解,热门热帖,hot,,2026-09-10 12:25:15
1,Windows 极限优化助手 2.3,,2,https://www.52pojie.cn/thread-2126667-1-1.html,,吾爱破解,热门热帖,hot,,2026-09-10 14:35:55
2,Geek卸载工具修改版v1.5.4.180，支持批量卸载！,,1,https://www.52pojie.cn/thread-2125056-1-1.html,,吾爱破解,热门热帖,hot,,2026-09-10 14:35:55
3,图吧工具箱 winUI3 版 v1.6.1,,3,https://www.52pojie.cn/thread-2127011-1-1.html,,吾爱破解,热门热帖,hot,,2026-09-10 14:35:55
4,短视频无水印解析下载 v1.0.0,,1,https://www.52pojie.cn/thread-2126862-1-1.html,,吾爱破解,热门热帖,hot,,2026-09-10 14:35:55
5,完美解码PureCodec20260826官方版&绿色版,,20260826,https://www.52pojie.cn/thread-2126550-1-1.html,,吾爱破解,热门热帖,hot,,2026-09-10 14:35:55
6,小旋风收音机 v1.2.2,,1,https://www.52pojie.cn/thread-2126705-1-1.html,,吾爱破解,热门热帖,hot,,2026-09-10 14:35:55
7,截图录屏OCR工具 Pixwit v1.16.3,,1,https://www.52pojie.cn/thread-2126614-1-1.html,,吾爱破解,热门热帖,hot,,2026-09-10 14:35:55
8,小学、初中、高中电子课本下载工具 tchMaterial-parser v4.2,,4,https://www.52pojie.cn/thread-2126541-1-1.html,,吾爱破解,热门热帖,hot,,2026-09-10 14:35:55
9,打印机工具箱1.1,,1,https://www.52pojie.cn/thread-2126715-1-1.html,,吾爱破解,热门热帖,hot,,2026-09-10 14:35:55
10,万物工具箱 6.9.26.828,,6,https://www.52pojie.cn/thread-2127033-1-1.html,,吾爱破解,热门热帖,hot,,2026-09-10 14:35:55
11,星愿浏览器 Twinkstar v11.4.1000.2609,,11,https://www.52pojie.cn/thread-2126907-1-1.html,,吾爱破解,热门热帖,hot,,2026-09-10 14:35:55
12,重复文件查找删除工具,,397,https://www.52pojie.cn/thread-2126656-1-1.html,,吾爱破解,热门热帖,hot,,2026-09-10 14:35:55
13,随身FM v2.3.2,,2,https://www.52pojie.cn/thread-2126704-1-1.html,,吾爱破解,热门热帖,hot,,2026-09-10 14:35:55
14,超级教师Super Teacher 1.2.19,,1,https://www.52pojie.cn/thread-2126248-1-1.html,,吾爱破解,热门热帖,hot,,2026-09-10 14:35:55
15,B站第三方 BT 0.9.35,,0,https://www.52pojie.cn/thread-2126475-1-1.html,,吾爱破解,热门热帖,hot,,2026-09-10 14:35:55
16,NetBlocker-让某个程序断网的小工具,,112,https://www.52pojie.cn/thread-2127139-1-1.html,,吾爱破解,热门热帖,hot,,2026-09-10 14:35:55
17,手机投屏控制助手 scrcpy-helper v1.5.2,,1,https://www.52pojie.cn/thread-2127053-1-1.html,,吾爱破解,热门热帖,hot,,2026-09-10 14:35:55
18,最强逆向大模型GLM-5.3无道德无限制驱动Frida Stalker绕过银行某梆检测,,5,https://www.52pojie.cn/thread-2126497-1-1.html,,吾爱破解,热门热帖,hot,,2026-09-10 14:35:55
19,聆阅听书—v1.1.4,,1,https://www.52pojie.cn/thread-2125245-1-1.html,,吾爱破解,热门热帖,hot,,2026-09-10 14:35:55
20,VMware Workstation Pro 26H1u1 25688693 简体中文汉化版&简体中文语言包,,26,https://www.52pojie.cn/thread-2126269-1-1.html,,吾爱破解,热门热帖,hot,,2026-09-10 14:35:55
21,文件查重助手v1.0.0,,1,https://www.52pojie.cn/thread-2125118-1-1.html,,吾爱破解,热门热帖,hot,,2026-09-10 14:35:55
22,WINDOWS 11 26H2启用包,,11,https://www.52pojie.cn/thread-2125279-1-1.html,,吾爱破解,热门热帖,hot,,2026-09-10 14:35:55
23,[HTML]聚丰祥软件园网络拓扑图设计工具,,130,https://www.52pojie.cn/thread-2126630-1-1.html,,吾爱破解,热门热帖,hot,,2026-09-10 14:35:55
24,音效增强工具 FxSound v1.2.14.0,,1,https://www.52pojie.cn/thread-2125811-1-1.html,,吾爱破解,热门热帖,hot,,2026-09-10 14:35:55
25,Beyond 5.2.5,,5,https://www.52pojie.cn/thread-2125149-1-1.html,,吾爱破解,热门热帖,hot,,2026-09-10 14:35:55
26,查看硬盘健康度软件gsmartcontrol-2.0.2-win64最新版个人汉化,,2,https://www.52pojie.cn/thread-2126734-1-1.html,,吾爱破解,热门热帖,hot,,2026-09-10 14:35:55
27,网络监控拓扑图设计工具V1.0.0,,1,https://www.52pojie.cn/thread-2126606-1-1.html,,吾爱破解,热门热帖,hot,,2026-09-10 14:35:55
28,电子书格式互转软件包括（epub转PDF、MOBI转PDF、AZW3转pdf）,,3,https://www.52pojie.cn/thread-2126353-1-1.html,,吾爱破解,热门热帖,hot,,2026-09-10 14:35:55
29,微信图片下载与 排版工具,,366,https://www.52pojie.cn/thread-2125082-1-1.html,,吾爱破解,热门热帖,hot,,2026-09-10 14:35:55
30,ScreenTranslator (屏译) v0.4.5-离线LLM屏幕实时翻译工具,,0,https://www.52pojie.cn/thread-2126236-1-1.html,,吾爱破解,热门热帖,hot,,2026-09-10 14:35:55
31,拆书器（拆书工具）,,141,https://www.52pojie.cn/thread-2125259-1-1.html,,吾爱破解,热门热帖,hot,,2026-09-10 14:35:55
32,Markdown编辑器 HorseMD v0.13.187,,0,https://www.52pojie.cn/thread-2126073-1-1.html,,吾爱破解,热门热帖,hot,,2026-09-10 14:35:55
33,图片转换工具,,349,https://www.52pojie.cn/thread-2125996-1-1.html,,吾爱破解,热门热帖,hot,,2026-09-10 14:35:55
34,轻量级屏幕标注工具 MarkerOn v2.9.4,,2,https://www.52pojie.cn/thread-2125295-1-1.html,,吾爱破解,热门热帖,hot,,2026-09-10 14:35:55
35,UFS改U盘主控，对应支持型号及量产工具,,192,https://www.52pojie.cn/thread-2126621-1-1.html,,吾爱破解,热门热帖,hot,,2026-09-10 14:35:55
36,Office办公套件 LibreOffice v26.8.0,,26,https://www.52pojie.cn/thread-2125406-1-1.html,,吾爱破解,热门热帖,hot,,2026-09-10 14:35:55
37,个性化字帖生成工具V1.4,,1,https://www.52pojie.cn/thread-2126021-1-1.html,,吾爱破解,热门热帖,hot,,2026-09-10 14:35:55
38,WorkBuddy多账号切换v15【保留工作区】,,15,https://www.52pojie.cn/thread-2125949-1-1.html,,吾爱破解,热门热帖,hot,,2026-09-10 14:35:55
39,单文件制作工具 7.0.2.3867,,7,https://www.52pojie.cn/thread-2126555-1-1.html,,吾爱破解,热门热帖,hot,,2026-09-10 14:35:55
40,手机变电脑IP摄像头 Android IP Camera v0.12.0,,0,https://www.52pojie.cn/thread-2126756-1-1.html,,吾爱破解,热门热帖,hot,,2026-09-10 14:35:55
41,本地重复文件与相似照片清理工具 DupHunter v4.0.1,,4,https://www.52pojie.cn/thread-2125228-1-1.html,,吾爱破解,热门热帖,hot,,2026-09-10 14:35:55
42,智能抠图工具  v1.3.0,,1,https://www.52pojie.cn/thread-2125128-1-1.html,,吾爱破解,热门热帖,hot,,2026-09-10 14:35:55
43,视频自动分段工具v1（更新V2）,,1,https://www.52pojie.cn/thread-2126892-1-1.html,,吾爱破解,热门热帖,hot,,2026-09-10 14:35:55
44,3D建模工具 Blender v5.2.1,,3,https://www.52pojie.cn/thread-2126011-1-1.html,,吾爱破解,热门热帖,hot,,2026-09-10 14:35:55
45,Win7极限优化助手1.0,,7,https://www.52pojie.cn/thread-2125334-1-1.html,,吾爱破解,热门热帖,hot,,2026-09-10 14:35:55
46,户外出行离线地图 Organic Maps 26082718,,26082718,https://www.52pojie.cn/thread-2125781-1-1.html,,吾爱破解,热门热帖,hot,,2026-09-10 14:35:55
47,微信自动锁定工具 Wxlocker 2.0,,2,https://www.52pojie.cn/thread-2125460-1-1.html,,吾爱破解,热门热帖,hot,,2026-09-10 14:35:55
48,下载管理工具 Hydra Download Manager v0.4.0,,0,https://www.52pojie.cn/thread-2126293-1-1.html,,吾爱破解,热门热帖,hot,,2026-09-10 14:35:55
49,Windows 10/11 系统优化管理工具Windows Manager v2.4.0,,10,https://www.52pojie.cn/thread-2126034-1-1.html,,吾爱破解,热门热帖,hot,,2026-09-10 14:35:55
50,Windows10/11桌面美化工具 Seelen UI v2.8.4,,10,https://www.52pojie.cn/thread-2126569-1-1.html,,吾爱破解,热门热帖,hot,,2026-09-10 14:35:55
1,重复文件查找删除工具,,441,https://www.52pojie.cn/thread-2126656-1-1.html,,吾爱破解,热门热帖,hot,,2026-09-10 15:25:55
2,打印机工具箱1.1,,1,https://www.52pojie.cn/thread-2126715-1-1.html,,吾爱破解,热门热帖,hot,,2026-09-10 15:25:55
3,NetBlocker - 进程断网工具（路由黑洞+防火墙拦截）,,138,https://www.52pojie.cn/thread-2127139-1-1.html,,吾爱破解,热门热帖,hot,,2026-09-10 15:25:55
4,VMware Workstation Pro 26H1u1 25688693 简体中文汉化版&简体中文语言包,,26,https://www.52pojie.cn/thread-2126269-1-1.html,,吾爱破解,热门热帖,hot,,2026-09-10 15:25:55
5,完美解码PureCodec20260826官方版&绿色版,,20260826,https://www.52pojie.cn/thread-2126550-1-1.html,,吾爱破解,热门热帖,hot,,2026-09-10 15:25:55
6,远程桌面控制工具 UltraVNC v1.8.2.9,,1,https://www.52pojie.cn/thread-2127152-1-1.html,,吾爱破解,热门热帖,hot,,2026-09-10 15:25:55
7,小学、初中、高中电子课本下载工具 tchMaterial-parser v4.2,,4,https://www.52pojie.cn/thread-2126541-1-1.html,,吾爱破解,热门热帖,hot,,2026-09-10 15:25:55
8,短视频无水印解析下载 v1.0.0,,1,https://www.52pojie.cn/thread-2126862-1-1.html,,吾爱破解,热门热帖,hot,,2026-09-10 15:25:55
9,小旋风收音机 v1.2.2,,1,https://www.52pojie.cn/thread-2126705-1-1.html,,吾爱破解,热门热帖,hot,,2026-09-10 15:25:55
10,随身FM v2.3.2,,2,https://www.52pojie.cn/thread-2126704-1-1.html,,吾爱破解,热门热帖,hot,,2026-09-10 15:25:55
11,聆阅听书—v1.1.4,,1,https://www.52pojie.cn/thread-2125245-1-1.html,,吾爱破解,热门热帖,hot,,2026-09-10 15:25:55
12,图吧工具箱 winUI3 版 v1.6.1,,3,https://www.52pojie.cn/thread-2127011-1-1.html,,吾爱破解,热门热帖,hot,,2026-09-10 15:25:55
13,万物工具箱 6.9.26.828,,6,https://www.52pojie.cn/thread-2127033-1-1.html,,吾爱破解,热门热帖,hot,,2026-09-10 15:25:55
14,星愿浏览器 Twinkstar v11.4.1000.2609,,11,https://www.52pojie.cn/thread-2126907-1-1.html,,吾爱破解,热门热帖,hot,,2026-09-10 15:25:55
15,Windows 极限优化助手 2.3,,2,https://www.52pojie.cn/thread-2126667-1-1.html,,吾爱破解,热门热帖,hot,,2026-09-10 15:25:55
16,微信自动锁定工具 Wxlocker 2.0,,2,https://www.52pojie.cn/thread-2125460-1-1.html,,吾爱破解,热门热帖,hot,,2026-09-10 15:25:55
17,网络监控拓扑图设计工具V1.0.0,,1,https://www.52pojie.cn/thread-2126606-1-1.html,,吾爱破解,热门热帖,hot,,2026-09-10 15:25:55
18,Office办公套件 LibreOffice v26.8.0,,26,https://www.52pojie.cn/thread-2125406-1-1.html,,吾爱破解,热门热帖,hot,,2026-09-10 15:25:55
19,截图录屏OCR工具 Pixwit v1.16.3,,1,https://www.52pojie.cn/thread-2126614-1-1.html,,吾爱破解,热门热帖,hot,,2026-09-10 15:25:55
20,音效增强工具 FxSound v1.2.14.0/Beta 1.2.15.0,,1,https://www.52pojie.cn/thread-2125811-1-1.html,,吾爱破解,热门热帖,hot,,2026-09-10 15:25:55
21,Geek卸载工具修改版v1.5.4.180，支持批量卸载！,,1,https://www.52pojie.cn/thread-2125056-1-1.html,,吾爱破解,热门热帖,hot,,2026-09-10 15:25:55
22,户外出行离线地图 Organic Maps 26082718,,26082718,https://www.52pojie.cn/thread-2125781-1-1.html,,吾爱破解,热门热帖,hot,,2026-09-10 15:25:55
23,手机变电脑IP摄像头 Android IP Camera v0.12.0,,0,https://www.52pojie.cn/thread-2126756-1-1.html,,吾爱破解,热门热帖,hot,,2026-09-10 15:25:55
24,最强逆向大模型GLM-5.3无道德无限制驱动Frida Stalker绕过银行某梆检测,,5,https://www.52pojie.cn/thread-2126497-1-1.html,,吾爱破解,热门热帖,hot,,2026-09-10 15:25:55
25,WorkBuddy多账号切换v15【保留工作区】,,15,https://www.52pojie.cn/thread-2125949-1-1.html,,吾爱破解,热门热帖,hot,,2026-09-10 15:25:55
26,Windows10/11桌面美化工具 Seelen UI v2.8.4,,10,https://www.52pojie.cn/thread-2126569-1-1.html,,吾爱破解,热门热帖,hot,,2026-09-10 15:25:55
27,Markdown编辑器 HorseMD v0.13.187,,0,https://www.52pojie.cn/thread-2126073-1-1.html,,吾爱破解,热门热帖,hot,,2026-09-10 15:25:55
28,图片转换工具,,350,https://www.52pojie.cn/thread-2125996-1-1.html,,吾爱破解,热门热帖,hot,,2026-09-10 15:25:55
29,单文件制作工具 7.0.2.3867,,7,https://www.52pojie.cn/thread-2126555-1-1.html,,吾爱破解,热门热帖,hot,,2026-09-10 15:25:55
30,手机投屏控制助手 scrcpy-helper v1.5.2,,1,https://www.52pojie.cn/thread-2127053-1-1.html,,吾爱破解,热门热帖,hot,,2026-09-10 15:25:55
31,个性化字帖生成工具V1.4,,1,https://www.52pojie.cn/thread-2126021-1-1.html,,吾爱破解,热门热帖,hot,,2026-09-10 15:25:55
32,B站第三方 BT 0.9.35,,0,https://www.52pojie.cn/thread-2126475-1-1.html,,吾爱破解,热门热帖,hot,,2026-09-10 15:25:55
33,工位风水大师 v1.0,,1,https://www.52pojie.cn/thread-2125550-1-1.html,,吾爱破解,热门热帖,hot,,2026-09-10 15:25:55
34,超级教师Super Teacher 1.2.19,,1,https://www.52pojie.cn/thread-2126248-1-1.html,,吾爱破解,热门热帖,hot,,2026-09-10 15:25:55
35,文件查重助手v1.0.0,,1,https://www.52pojie.cn/thread-2125118-1-1.html,,吾爱破解,热门热帖,hot,,2026-09-10 15:25:55
36,WINDOWS 11 26H2启用包,,11,https://www.52pojie.cn/thread-2125279-1-1.html,,吾爱破解,热门热帖,hot,,2026-09-10 15:25:55
37,[HTML]聚丰祥软件园网络拓扑图设计工具,,131,https://www.52pojie.cn/thread-2126630-1-1.html,,吾爱破解,热门热帖,hot,,2026-09-10 15:25:55
38,Beyond 5.2.5,,5,https://www.52pojie.cn/thread-2125149-1-1.html,,吾爱破解,热门热帖,hot,,2026-09-10 15:25:55
39,查看硬盘健康度软件gsmartcontrol-2.0.2-win64最新版个人汉化,,2,https://www.52pojie.cn/thread-2126734-1-1.html,,吾爱破解,热门热帖,hot,,2026-09-10 15:25:55
40,电子书格式互转软件包括（epub转PDF、MOBI转PDF、AZW3转pdf）,,3,https://www.52pojie.cn/thread-2126353-1-1.html,,吾爱破解,热门热帖,hot,,2026-09-10 15:25:55
41,微信图片下载与 排版工具,,366,https://www.52pojie.cn/thread-2125082-1-1.html,,吾爱破解,热门热帖,hot,,2026-09-10 15:25:55
42,ScreenTranslator (屏译) v0.4.5-离线LLM屏幕实时翻译工具,,0,https://www.52pojie.cn/thread-2126236-1-1.html,,吾爱破解,热门热帖,hot,,2026-09-10 15:25:55
43,拆书器（拆书工具）,,141,https://www.52pojie.cn/thread-2125259-1-1.html,,吾爱破解,热门热帖,hot,,2026-09-10 15:25:55
44,轻量级屏幕标注工具 MarkerOn v2.9.4,,2,https://www.52pojie.cn/thread-2125295-1-1.html,,吾爱破解,热门热帖,hot,,2026-09-10 15:25:55
45,UFS改U盘主控，对应支持型号及量产工具,,193,https://www.52pojie.cn/thread-2126621-1-1.html,,吾爱破解,热门热帖,hot,,2026-09-10 15:25:55
46,本地重复文件与相似照片清理工具 DupHunter v4.0.1,,4,https://www.52pojie.cn/thread-2125228-1-1.html,,吾爱破解,热门热帖,hot,,2026-09-10 15:25:55
47,智能抠图工具  v1.3.0,,1,https://www.52pojie.cn/thread-2125128-1-1.html,,吾爱破解,热门热帖,hot,,2026-09-10 15:25:55
48,视频自动分段工具v1（更新V2）,,1,https://www.52pojie.cn/thread-2126892-1-1.html,,吾爱破解,热门热帖,hot,,2026-09-10 15:25:55
49,3D建模工具 Blender v5.2.1,,3,https://www.52pojie.cn/thread-2126011-1-1.html,,吾爱破解,热门热帖,hot,,2026-09-10 15:25:55
50,Win7极限优化助手1.0,,7,https://www.52pojie.cn/thread-2125334-1-1.html,,吾爱破解,热门热帖,hot,,2026-09-10 15:25:55
1,星愿浏览器 Twinkstar v11.4.1000.2609,,11,https://www.52pojie.cn/thread-2126907-1-1.html,,吾爱破解,热门热帖,hot,,2026-09-10 16:29:40
2,图吧工具箱 winUI3 版 v1.6.1,,3,https://www.52pojie.cn/thread-2127011-1-1.html,,吾爱破解,热门热帖,hot,,2026-09-10 16:29:40
3,手机投屏控制助手 scrcpy-helper v1.5.2,,1,https://www.52pojie.cn/thread-2127053-1-1.html,,吾爱破解,热门热帖,hot,,2026-09-10 16:29:40
4,3D建模工具 Blender v5.2.1,,3,https://www.52pojie.cn/thread-2126011-1-1.html,,吾爱破解,热门热帖,hot,,2026-09-10 16:29:40
5,[HTML]聚丰祥软件园网络拓扑图设计工具,,134,https://www.52pojie.cn/thread-2126630-1-1.html,,吾爱破解,热门热帖,hot,,2026-09-10 16:29:40
6,短视频无水印解析下载 v1.0.0,,1,https://www.52pojie.cn/thread-2126862-1-1.html,,吾爱破解,热门热帖,hot,,2026-09-10 16:29:40
7,图片转换工具,,352,https://www.52pojie.cn/thread-2125996-1-1.html,,吾爱破解,热门热帖,hot,,2026-09-10 16:29:40
8,重复文件查找删除工具,,445,https://www.52pojie.cn/thread-2126656-1-1.html,,吾爱破解,热门热帖,hot,,2026-09-10 16:29:40
9,Windows 极限优化助手 2.3,,2,https://www.52pojie.cn/thread-2126667-1-1.html,,吾爱破解,热门热帖,hot,,2026-09-10 16:29:40
10,小旋风收音机 v1.2.2,,1,https://www.52pojie.cn/thread-2126705-1-1.html,,吾爱破解,热门热帖,hot,,2026-09-10 16:29:40
11,完美解码PureCodec20260826官方版&绿色版,,20260826,https://www.52pojie.cn/thread-2126550-1-1.html,,吾爱破解,热门热帖,hot,,2026-09-10 16:29:40
12,远程桌面控制工具 UltraVNC v1.8.2.9,,1,https://www.52pojie.cn/thread-2127152-1-1.html,,吾爱破解,热门热帖,hot,,2026-09-10 16:29:40
13,打印机工具箱1.1,,1,https://www.52pojie.cn/thread-2126715-1-1.html,,吾爱破解,热门热帖,hot,,2026-09-10 16:29:40
14,工位风水大师 v1.0,,1,https://www.52pojie.cn/thread-2125550-1-1.html,,吾爱破解,热门热帖,hot,,2026-09-10 16:29:40
15,网络监控拓扑图设计工具V1.0.0,,1,https://www.52pojie.cn/thread-2126606-1-1.html,,吾爱破解,热门热帖,hot,,2026-09-10 16:29:40
16,小学、初中、高中电子课本下载工具 tchMaterial-parser v4.2,,4,https://www.52pojie.cn/thread-2126541-1-1.html,,吾爱破解,热门热帖,hot,,2026-09-10 16:29:40
17,UFS改U盘主控，对应支持型号及量产工具,,194,https://www.52pojie.cn/thread-2126621-1-1.html,,吾爱破解,热门热帖,hot,,2026-09-10 16:29:40
18,A 股每日复盘小工具,,100,https://www.52pojie.cn/thread-2126526-1-1.html,,吾爱破解,热门热帖,hot,,2026-09-10 16:29:40
19,截图录屏OCR工具 Pixwit v1.16.3,,1,https://www.52pojie.cn/thread-2126614-1-1.html,,吾爱破解,热门热帖,hot,,2026-09-10 16:29:40
20,万物工具箱 6.9.26.828,,6,https://www.52pojie.cn/thread-2127033-1-1.html,,吾爱破解,热门热帖,hot,,2026-09-10 16:29:40
21,B站第三方 BT 0.9.35,,0,https://www.52pojie.cn/thread-2126475-1-1.html,,吾爱破解,热门热帖,hot,,2026-09-10 16:29:40
22,Office办公套件 LibreOffice v26.8.0,,26,https://www.52pojie.cn/thread-2125406-1-1.html,,吾爱破解,热门热帖,hot,,2026-09-10 16:29:40
23,聆阅听书—v1.1.4,,1,https://www.52pojie.cn/thread-2125245-1-1.html,,吾爱破解,热门热帖,hot,,2026-09-10 16:29:40
24,单文件制作工具 7.0.2.3867,,7,https://www.52pojie.cn/thread-2126555-1-1.html,,吾爱破解,热门热帖,hot,,2026-09-10 16:29:40
25,NetBlocker - 进程断网工具（路由黑洞+防火墙拦截）,,141,https://www.52pojie.cn/thread-2127139-1-1.html,,吾爱破解,热门热帖,hot,,2026-09-10 16:29:40
26,VMware Workstation Pro 26H1u1 25688693 简体中文汉化版&简体中文语言包,,26,https://www.52pojie.cn/thread-2126269-1-1.html,,吾爱破解,热门热帖,hot,,2026-09-10 16:29:40
27,随身FM v2.3.2,,2,https://www.52pojie.cn/thread-2126704-1-1.html,,吾爱破解,热门热帖,hot,,2026-09-10 16:29:40
28,微信自动锁定工具 Wxlocker 2.0,,2,https://www.52pojie.cn/thread-2125460-1-1.html,,吾爱破解,热门热帖,hot,,2026-09-10 16:29:40
29,音效增强工具 FxSound v1.2.14.0/Beta 1.2.15.0,,1,https://www.52pojie.cn/thread-2125811-1-1.html,,吾爱破解,热门热帖,hot,,2026-09-10 16:29:40
30,Geek卸载工具修改版v1.5.4.180，支持批量卸载！,,1,https://www.52pojie.cn/thread-2125056-1-1.html,,吾爱破解,热门热帖,hot,,2026-09-10 16:29:40
31,户外出行离线地图 Organic Maps 26082718,,26082718,https://www.52pojie.cn/thread-2125781-1-1.html,,吾爱破解,热门热帖,hot,,2026-09-10 16:29:40
32,手机变电脑IP摄像头 Android IP Camera v0.12.0,,0,https://www.52pojie.cn/thread-2126756-1-1.html,,吾爱破解,热门热帖,hot,,2026-09-10 16:29:40
33,最强逆向大模型GLM-5.3无道德无限制驱动Frida Stalker绕过银行某梆检测,,5,https://www.52pojie.cn/thread-2126497-1-1.html,,吾爱破解,热门热帖,hot,,2026-09-10 16:29:40
34,WorkBuddy多账号切换v15【保留工作区】,,15,https://www.52pojie.cn/thread-2125949-1-1.html,,吾爱破解,热门热帖,hot,,2026-09-10 16:29:40
35,Windows10/11桌面美化工具 Seelen UI v2.8.4,,10,https://www.52pojie.cn/thread-2126569-1-1.html,,吾爱破解,热门热帖,hot,,2026-09-10 16:29:40
36,Markdown编辑器 HorseMD v0.13.187,,0,https://www.52pojie.cn/thread-2126073-1-1.html,,吾爱破解,热门热帖,hot,,2026-09-10 16:29:40
37,个性化字帖生成工具V1.4,,1,https://www.52pojie.cn/thread-2126021-1-1.html,,吾爱破解,热门热帖,hot,,2026-09-10 16:29:40
38,超级教师Super Teacher 1.2.19,,1,https://www.52pojie.cn/thread-2126248-1-1.html,,吾爱破解,热门热帖,hot,,2026-09-10 16:29:40
39,文件查重助手v1.0.0,,1,https://www.52pojie.cn/thread-2125118-1-1.html,,吾爱破解,热门热帖,hot,,2026-09-10 16:29:40
40,WINDOWS 11 26H2启用包,,11,https://www.52pojie.cn/thread-2125279-1-1.html,,吾爱破解,热门热帖,hot,,2026-09-10 16:29:40
41,Beyond 5.2.5,,5,https://www.52pojie.cn/thread-2125149-1-1.html,,吾爱破解,热门热帖,hot,,2026-09-10 16:29:40
42,查看硬盘健康度软件gsmartcontrol-2.0.2-win64最新版个人汉化,,2,https://www.52pojie.cn/thread-2126734-1-1.html,,吾爱破解,热门热帖,hot,,2026-09-10 16:29:40
43,电子书格式互转软件包括（epub转PDF、MOBI转PDF、AZW3转pdf）,,3,https://www.52pojie.cn/thread-2126353-1-1.html,,吾爱破解,热门热帖,hot,,2026-09-10 16:29:40
44,微信图片下载与 排版工具,,367,https://www.52pojie.cn/thread-2125082-1-1.html,,吾爱破解,热门热帖,hot,,2026-09-10 16:29:40
45,ScreenTranslator (屏译) v0.4.5-离线LLM屏幕实时翻译工具,,0,https://www.52pojie.cn/thread-2126236-1-1.html,,吾爱破解,热门热帖,hot,,2026-09-10 16:29:40
46,拆书器（拆书工具）,,141,https://www.52pojie.cn/thread-2125259-1-1.html,,吾爱破解,热门热帖,hot,,2026-09-10 16:29:40
47,轻量级屏幕标注工具 MarkerOn v2.9.4,,2,https://www.52pojie.cn/thread-2125295-1-1.html,,吾爱破解,热门热帖,hot,,2026-09-10 16:29:40
48,本地重复文件与相似照片清理工具 DupHunter v4.0.1,,4,https://www.52pojie.cn/thread-2125228-1-1.html,,吾爱破解,热门热帖,hot,,2026-09-10 16:29:40
49,智能抠图工具  v1.3.0,,1,https://www.52pojie.cn/thread-2125128-1-1.html,,吾爱破解,热门热帖,hot,,2026-09-10 16:29:40
50,视频自动分段工具v1（更新V2）,,1,https://www.52pojie.cn/thread-2126892-1-1.html,,吾爱破解,热门热帖,hot,,2026-09-10 16:29:40
1,NetBlocker - 进程断网工具（路由黑洞+防火墙拦截）,,142,https://www.52pojie.cn/thread-2127139-1-1.html,,吾爱破解,热门热帖,hot,,2026-09-10 17:24:15
2,远程桌面控制工具 UltraVNC v1.8.2.9,,1,https://www.52pojie.cn/thread-2127152-1-1.html,,吾爱破解,热门热帖,hot,,2026-09-10 17:24:15
3,图吧工具箱 winUI3 版 v1.6.1,,3,https://www.52pojie.cn/thread-2127011-1-1.html,,吾爱破解,热门热帖,hot,,2026-09-10 17:24:15
4,星愿浏览器 Twinkstar v11.4.1000.2609,,11,https://www.52pojie.cn/thread-2126907-1-1.html,,吾爱破解,热门热帖,hot,,2026-09-10 17:24:15
5,万物工具箱 6.9.26.828,,6,https://www.52pojie.cn/thread-2127033-1-1.html,,吾爱破解,热门热帖,hot,,2026-09-10 17:24:15
6,小学、初中、高中电子课本下载工具 tchMaterial-parser v4.2,,4,https://www.52pojie.cn/thread-2126541-1-1.html,,吾爱破解,热门热帖,hot,,2026-09-10 17:24:15
7,Windows 极限优化助手 2.9,,2,https://www.52pojie.cn/thread-2126667-1-1.html,,吾爱破解,热门热帖,hot,,2026-09-10 17:24:15
8,手机投屏控制助手 scrcpy-helper v1.5.2,,1,https://www.52pojie.cn/thread-2127053-1-1.html,,吾爱破解,热门热帖,hot,,2026-09-10 17:24:15
9,随身FM v2.3.2,,2,https://www.52pojie.cn/thread-2126704-1-1.html,,吾爱破解,热门热帖,hot,,2026-09-10 17:24:15
10,B站第三方 BT 0.9.35,,0,https://www.52pojie.cn/thread-2126475-1-1.html,,吾爱破解,热门热帖,hot,,2026-09-10 17:24:15
11,重复文件查找删除工具,,450,https://www.52pojie.cn/thread-2126656-1-1.html,,吾爱破解,热门热帖,hot,,2026-09-10 17:24:15
12,打印机工具箱1.1,,1,https://www.52pojie.cn/thread-2126715-1-1.html,,吾爱破解,热门热帖,hot,,2026-09-10 17:24:15
13,手机变电脑IP摄像头 Android IP Camera v0.12.0,,0,https://www.52pojie.cn/thread-2126756-1-1.html,,吾爱破解,热门热帖,hot,,2026-09-10 17:24:15
14,3D建模工具 Blender v5.2.1,,3,https://www.52pojie.cn/thread-2126011-1-1.html,,吾爱破解,热门热帖,hot,,2026-09-10 17:24:15
15,视频自动分段工具v1（更新V2）,,1,https://www.52pojie.cn/thread-2126892-1-1.html,,吾爱破解,热门热帖,hot,,2026-09-10 17:24:15
16,A 股每日复盘小工具,,102,https://www.52pojie.cn/thread-2126526-1-1.html,,吾爱破解,热门热帖,hot,,2026-09-10 17:24:15
17,VMware Workstation Pro 2026 汉化助手（通杀26所有版本）,,2026,https://www.52pojie.cn/thread-2126628-1-1.html,,吾爱破解,热门热帖,hot,,2026-09-10 17:24:15
18,拆书器（拆书工具）,,142,https://www.52pojie.cn/thread-2125259-1-1.html,,吾爱破解,热门热帖,hot,,2026-09-10 17:24:15
19,[HTML]聚丰祥软件园网络拓扑图设计工具,,134,https://www.52pojie.cn/thread-2126630-1-1.html,,吾爱破解,热门热帖,hot,,2026-09-10 17:24:15
20,短视频无水印解析下载 v1.0.0,,1,https://www.52pojie.cn/thread-2126862-1-1.html,,吾爱破解,热门热帖,hot,,2026-09-10 17:24:15
21,图片转换工具,,353,https://www.52pojie.cn/thread-2125996-1-1.html,,吾爱破解,热门热帖,hot,,2026-09-10 17:24:15
22,小旋风收音机 v1.2.2,,1,https://www.52pojie.cn/thread-2126705-1-1.html,,吾爱破解,热门热帖,hot,,2026-09-10 17:24:15
23,完美解码PureCodec20260826官方版&绿色版,,20260826,https://www.52pojie.cn/thread-2126550-1-1.html,,吾爱破解,热门热帖,hot,,2026-09-10 17:24:15
24,工位风水大师 v1.0,,1,https://www.52pojie.cn/thread-2125550-1-1.html,,吾爱破解,热门热帖,hot,,2026-09-10 17:24:15
25,网络监控拓扑图设计工具V1.0.0,,1,https://www.52pojie.cn/thread-2126606-1-1.html,,吾爱破解,热门热帖,hot,,2026-09-10 17:24:15
26,UFS改U盘主控，对应支持型号及量产工具,,194,https://www.52pojie.cn/thread-2126621-1-1.html,,吾爱破解,热门热帖,hot,,2026-09-10 17:24:15
27,截图录屏OCR工具 Pixwit v1.16.3,,1,https://www.52pojie.cn/thread-2126614-1-1.html,,吾爱破解,热门热帖,hot,,2026-09-10 17:24:15
28,Office办公套件 LibreOffice v26.8.0,,26,https://www.52pojie.cn/thread-2125406-1-1.html,,吾爱破解,热门热帖,hot,,2026-09-10 17:24:15
29,聆阅听书—v1.1.4,,1,https://www.52pojie.cn/thread-2125245-1-1.html,,吾爱破解,热门热帖,hot,,2026-09-10 17:24:15
30,单文件制作工具 7.0.2.3867,,7,https://www.52pojie.cn/thread-2126555-1-1.html,,吾爱破解,热门热帖,hot,,2026-09-10 17:24:15
31,VMware Workstation Pro 26H1u1 25688693 简体中文汉化版&简体中文语言包,,26,https://www.52pojie.cn/thread-2126269-1-1.html,,吾爱破解,热门热帖,hot,,2026-09-10 17:24:15
32,微信自动锁定工具 Wxlocker 2.0,,2,https://www.52pojie.cn/thread-2125460-1-1.html,,吾爱破解,热门热帖,hot,,2026-09-10 17:24:15
33,音效增强工具 FxSound v1.2.14.0/Beta 1.2.15.0,,1,https://www.52pojie.cn/thread-2125811-1-1.html,,吾爱破解,热门热帖,hot,,2026-09-10 17:24:15
34,Geek卸载工具修改版v1.5.4.180，支持批量卸载！,,1,https://www.52pojie.cn/thread-2125056-1-1.html,,吾爱破解,热门热帖,hot,,2026-09-10 17:24:15
35,户外出行离线地图 Organic Maps 26082718,,26082718,https://www.52pojie.cn/thread-2125781-1-1.html,,吾爱破解,热门热帖,hot,,2026-09-10 17:24:15
36,最强逆向大模型GLM-5.3无道德无限制驱动Frida Stalker绕过银行某梆检测,,5,https://www.52pojie.cn/thread-2126497-1-1.html,,吾爱破解,热门热帖,hot,,2026-09-10 17:24:15
37,WorkBuddy多账号切换v15【保留工作区】,,15,https://www.52pojie.cn/thread-2125949-1-1.html,,吾爱破解,热门热帖,hot,,2026-09-10 17:24:15
38,Windows10/11桌面美化工具 Seelen UI v2.8.4,,10,https://www.52pojie.cn/thread-2126569-1-1.html,,吾爱破解,热门热帖,hot,,2026-09-10 17:24:15
39,Markdown编辑器 HorseMD v0.13.187,,0,https://www.52pojie.cn/thread-2126073-1-1.html,,吾爱破解,热门热帖,hot,,2026-09-10 17:24:15
40,个性化字帖生成工具V1.4,,1,https://www.52pojie.cn/thread-2126021-1-1.html,,吾爱破解,热门热帖,hot,,2026-09-10 17:24:15
41,超级教师Super Teacher 1.2.19,,1,https://www.52pojie.cn/thread-2126248-1-1.html,,吾爱破解,热门热帖,hot,,2026-09-10 17:24:15
42,文件查重助手v1.0.0,,1,https://www.52pojie.cn/thread-2125118-1-1.html,,吾爱破解,热门热帖,hot,,2026-09-10 17:24:15
43,WINDOWS 11 26H2启用包,,11,https://www.52pojie.cn/thread-2125279-1-1.html,,吾爱破解,热门热帖,hot,,2026-09-10 17:24:15
44,Beyond 5.2.5,,5,https://www.52pojie.cn/thread-2125149-1-1.html,,吾爱破解,热门热帖,hot,,2026-09-10 17:24:15
45,查看硬盘健康度软件gsmartcontrol-2.0.2-win64最新版个人汉化,,2,https://www.52pojie.cn/thread-2126734-1-1.html,,吾爱破解,热门热帖,hot,,2026-09-10 17:24:15
46,电子书格式互转软件包括（epub转PDF、MOBI转PDF、AZW3转pdf）,,3,https://www.52pojie.cn/thread-2126353-1-1.html,,吾爱破解,热门热帖,hot,,2026-09-10 17:24:15
47,微信图片下载与 排版工具,,367,https://www.52pojie.cn/thread-2125082-1-1.html,,吾爱破解,热门热帖,hot,,2026-09-10 17:24:15
48,ScreenTranslator (屏译) v0.4.5-离线LLM屏幕实时翻译工具,,0,https://www.52pojie.cn/thread-2126236-1-1.html,,吾爱破解,热门热帖,hot,,2026-09-10 17:24:15
49,轻量级屏幕标注工具 MarkerOn v2.9.4,,2,https://www.52pojie.cn/thread-2125295-1-1.html,,吾爱破解,热门热帖,hot,,2026-09-10 17:24:15
50,本地重复文件与相似照片清理工具 DupHunter v4.0.1,,4,https://www.52pojie.cn/thread-2125228-1-1.html,,吾爱破解,热门热帖,hot,,2026-09-10 17:24:15
1,图吧工具箱 winUI3 版 v1.6.1,,3,https://www.52pojie.cn/thread-2127011-1-1.html,,吾爱破解,热门热帖,hot,,2026-09-10 21:20:37
2,打印机工具箱1.1,,1,https://www.52pojie.cn/thread-2126715-1-1.html,,吾爱破解,热门热帖,hot,,2026-09-10 21:20:37
3,星愿浏览器 Twinkstar v11.4.1000.2609,,11,https://www.52pojie.cn/thread-2126907-1-1.html,,吾爱破解,热门热帖,hot,,2026-09-10 21:20:37
4,截图录屏OCR工具 Pixwit v1.16.3,,1,https://www.52pojie.cn/thread-2126614-1-1.html,,吾爱破解,热门热帖,hot,,2026-09-10 21:20:37
5,万物工具箱 6.9.26.828,,6,https://www.52pojie.cn/thread-2127033-1-1.html,,吾爱破解,热门热帖,hot,,2026-09-10 21:20:37
6,小旋风收音机 v1.2.2,,1,https://www.52pojie.cn/thread-2126705-1-1.html,,吾爱破解,热门热帖,hot,,2026-09-10 21:20:37
7,手机变电脑IP摄像头 Android IP Camera v0.12.0,,0,https://www.52pojie.cn/thread-2126756-1-1.html,,吾爱破解,热门热帖,hot,,2026-09-10 21:20:37
8,Windows 极限优化助手 2.9,,2,https://www.52pojie.cn/thread-2126667-1-1.html,,吾爱破解,热门热帖,hot,,2026-09-10 21:20:37
9,小学、初中、高中电子课本下载工具 tchMaterial-parser v4.2,,4,https://www.52pojie.cn/thread-2126541-1-1.html,,吾爱破解,热门热帖,hot,,2026-09-10 21:20:37
10,远程桌面控制工具 UltraVNC v1.8.2.9,,1,https://www.52pojie.cn/thread-2127152-1-1.html,,吾爱破解,热门热帖,hot,,2026-09-10 21:20:37
11,重复文件查找删除工具,,469,https://www.52pojie.cn/thread-2126656-1-1.html,,吾爱破解,热门热帖,hot,,2026-09-10 21:20:37
12,随身FM v2.3.2,,2,https://www.52pojie.cn/thread-2126704-1-1.html,,吾爱破解,热门热帖,hot,,2026-09-10 21:20:37
13,护眼与休息提醒小工具(支持多屏幕)—9月10日已更新到3.5.1版本,,9,https://www.52pojie.cn/thread-2125134-1-1.html,,吾爱破解,热门热帖,hot,,2026-09-10 21:20:37
14,A 股每日复盘小工具,,111,https://www.52pojie.cn/thread-2126526-1-1.html,,吾爱破解,热门热帖,hot,,2026-09-10 21:20:37
15,QQ空间助手QzoneArchive v1.0.3,,1,https://www.52pojie.cn/thread-2125215-1-1.html,,吾爱破解,热门热帖,hot,,2026-09-10 21:20:37
16,3D建模工具 Blender v5.2.1,,3,https://www.52pojie.cn/thread-2126011-1-1.html,,吾爱破解,热门热帖,hot,,2026-09-10 21:20:37
17,PDF盖章和盖骑缝章工具1.1,,1,https://www.52pojie.cn/thread-2127317-1-1.html,,吾爱破解,热门热帖,hot,,2026-09-10 21:20:37
18,NetBlocker - 进程断网工具（路由黑洞+防火墙拦截）,,151,https://www.52pojie.cn/thread-2127139-1-1.html,,吾爱破解,热门热帖,hot,,2026-09-10 21:20:37
19,B站第三方 BT 0.9.35,,0,https://www.52pojie.cn/thread-2126475-1-1.html,,吾爱破解,热门热帖,hot,,2026-09-10 21:20:37
20,短视频无水印解析下载 v1.0.0,,1,https://www.52pojie.cn/thread-2126862-1-1.html,,吾爱破解,热门热帖,hot,,2026-09-10 21:20:37
21,工位风水大师 v1.0,,1,https://www.52pojie.cn/thread-2125550-1-1.html,,吾爱破解,热门热帖,hot,,2026-09-10 21:20:37
22,震撼发布：ZXC自动浏览器V0.1版本（市面上没有任何相关竞品，适配vue等所有框架）,,0,https://www.52pojie.cn/thread-2127312-1-1.html,,吾爱破解,热门热帖,hot,,2026-09-10 21:20:37
23,UFS改U盘主控，对应支持型号及量产工具,,195,https://www.52pojie.cn/thread-2126621-1-1.html,,吾爱破解,热门热帖,hot,,2026-09-10 21:20:37
24,查看硬盘健康度软件gsmartcontrol-2.0.2-win64最新版个人汉化,,2,https://www.52pojie.cn/thread-2126734-1-1.html,,吾爱破解,热门热帖,hot,,2026-09-10 21:20:37
25,音效增强工具 FxSound v1.2.14.0/Beta 1.2.15.0,,1,https://www.52pojie.cn/thread-2125811-1-1.html,,吾爱破解,热门热帖,hot,,2026-09-10 21:20:37
26,聆阅听书—v1.1.4,,1,https://www.52pojie.cn/thread-2125245-1-1.html,,吾爱破解,热门热帖,hot,,2026-09-10 21:20:37
27,数据光盘刻录工具 v1.0.0：支持 CD/DVD 多次追加、读取已有内容和刻录校验,,1,https://www.52pojie.cn/thread-2127262-1-1.html,,吾爱破解,热门热帖,hot,,2026-09-10 21:20:37
28,智能抠图工具  v1.3.0,,1,https://www.52pojie.cn/thread-2125128-1-1.html,,吾爱破解,热门热帖,hot,,2026-09-10 21:20:37
29,最强逆向大模型GLM-5.3无道德无限制驱动Frida Stalker绕过银行某梆检测,,5,https://www.52pojie.cn/thread-2126497-1-1.html,,吾爱破解,热门热帖,hot,,2026-09-10 21:20:37
30,手机投屏控制助手 scrcpy-helper v1.5.2,,1,https://www.52pojie.cn/thread-2127053-1-1.html,,吾爱破解,热门热帖,hot,,2026-09-10 21:20:37
31,视频自动分段工具v1（更新V2）,,1,https://www.52pojie.cn/thread-2126892-1-1.html,,吾爱破解,热门热帖,hot,,2026-09-10 21:20:37
32,VMware Workstation Pro 2026 汉化助手（通杀26所有版本）,,2026,https://www.52pojie.cn/thread-2126628-1-1.html,,吾爱破解,热门热帖,hot,,2026-09-10 21:20:37
33,拆书器（拆书工具）,,142,https://www.52pojie.cn/thread-2125259-1-1.html,,吾爱破解,热门热帖,hot,,2026-09-10 21:20:37
34,[HTML]聚丰祥软件园网络拓扑图设计工具,,134,https://www.52pojie.cn/thread-2126630-1-1.html,,吾爱破解,热门热帖,hot,,2026-09-10 21:20:37
35,图片转换工具,,353,https://www.52pojie.cn/thread-2125996-1-1.html,,吾爱破解,热门热帖,hot,,2026-09-10 21:20:37
36,完美解码PureCodec20260826官方版&绿色版,,20260826,https://www.52pojie.cn/thread-2126550-1-1.html,,吾爱破解,热门热帖,hot,,2026-09-10 21:20:37
37,网络监控拓扑图设计工具V1.0.0,,1,https://www.52pojie.cn/thread-2126606-1-1.html,,吾爱破解,热门热帖,hot,,2026-09-10 21:20:37
38,Office办公套件 LibreOffice v26.8.0,,26,https://www.52pojie.cn/thread-2125406-1-1.html,,吾爱破解,热门热帖,hot,,2026-09-10 21:20:37
39,单文件制作工具 7.0.2.3867,,7,https://www.52pojie.cn/thread-2126555-1-1.html,,吾爱破解,热门热帖,hot,,2026-09-10 21:20:37
40,VMware Workstation Pro 26H1u1 25688693 简体中文汉化版&简体中文语言包,,26,https://www.52pojie.cn/thread-2126269-1-1.html,,吾爱破解,热门热帖,hot,,2026-09-10 21:20:37
41,微信自动锁定工具 Wxlocker 2.0,,2,https://www.52pojie.cn/thread-2125460-1-1.html,,吾爱破解,热门热帖,hot,,2026-09-10 21:20:37
42,户外出行离线地图 Organic Maps 26082718,,26082718,https://www.52pojie.cn/thread-2125781-1-1.html,,吾爱破解,热门热帖,hot,,2026-09-10 21:20:37
43,WorkBuddy多账号切换v15【保留工作区】,,15,https://www.52pojie.cn/thread-2125949-1-1.html,,吾爱破解,热门热帖,hot,,2026-09-10 21:20:37
44,Windows10/11桌面美化工具 Seelen UI v2.8.4,,10,https://www.52pojie.cn/thread-2126569-1-1.html,,吾爱破解,热门热帖,hot,,2026-09-10 21:20:37
45,Markdown编辑器 HorseMD v0.13.187,,0,https://www.52pojie.cn/thread-2126073-1-1.html,,吾爱破解,热门热帖,hot,,2026-09-10 21:20:37
46,个性化字帖生成工具V1.4,,1,https://www.52pojie.cn/thread-2126021-1-1.html,,吾爱破解,热门热帖,hot,,2026-09-10 21:20:37
47,超级教师Super Teacher 1.2.19,,1,https://www.52pojie.cn/thread-2126248-1-1.html,,吾爱破解,热门热帖,hot,,2026-09-10 21:20:37
48,文件查重助手v1.0.0,,1,https://www.52pojie.cn/thread-2125118-1-1.html,,吾爱破解,热门热帖,hot,,2026-09-10 21:20:37
49,WINDOWS 11 26H2启用包,,11,https://www.52pojie.cn/thread-2125279-1-1.html,,吾爱破解,热门热帖,hot,,2026-09-10 21:20:37
50,Beyond 5.2.5,,5,https://www.52pojie.cn/thread-2125149-1-1.html,,吾爱破解,热门热帖,hot,,2026-09-10 21:20:37
1,万物工具箱 6.9.26.828,,6,https://www.52pojie.cn/thread-2127033-1-1.html,,吾爱破解,热门热帖,hot,,2026-09-10 22:21:39
2,手机投屏控制助手 scrcpy-helper v1.5.2,,1,https://www.52pojie.cn/thread-2127053-1-1.html,,吾爱破解,热门热帖,hot,,2026-09-10 22:21:39
3,WorkBuddy多账号切换v15【保留工作区】,,15,https://www.52pojie.cn/thread-2125949-1-1.html,,吾爱破解,热门热帖,hot,,2026-09-10 22:21:39
4,小旋风收音机 v1.2.2,,1,https://www.52pojie.cn/thread-2126705-1-1.html,,吾爱破解,热门热帖,hot,,2026-09-10 22:21:39
5,星愿浏览器 Twinkstar v11.4.1000.2609,,11,https://www.52pojie.cn/thread-2126907-1-1.html,,吾爱破解,热门热帖,hot,,2026-09-10 22:21:39
6,护眼与休息提醒小工具(支持多屏幕)—9月10日已更新到3.5.1版本,,9,https://www.52pojie.cn/thread-2125134-1-1.html,,吾爱破解,热门热帖,hot,,2026-09-10 22:21:39
7,打印机工具箱1.1,,1,https://www.52pojie.cn/thread-2126715-1-1.html,,吾爱破解,热门热帖,hot,,2026-09-10 22:21:39
8,Markdown编辑器 HorseMD v0.13.187,,0,https://www.52pojie.cn/thread-2126073-1-1.html,,吾爱破解,热门热帖,hot,,2026-09-10 22:21:39
9,PDF盖章和盖骑缝章工具1.1,,1,https://www.52pojie.cn/thread-2127317-1-1.html,,吾爱破解,热门热帖,hot,,2026-09-10 22:21:39
10,短视频无水印解析下载 v1.0.0,,1,https://www.52pojie.cn/thread-2126862-1-1.html,,吾爱破解,热门热帖,hot,,2026-09-10 22:21:39
11,重复文件查找删除工具,,477,https://www.52pojie.cn/thread-2126656-1-1.html,,吾爱破解,热门热帖,hot,,2026-09-10 22:21:39
12,Windows 极限优化助手 2.9,,2,https://www.52pojie.cn/thread-2126667-1-1.html,,吾爱破解,热门热帖,hot,,2026-09-10 22:21:39
13,小学、初中、高中电子课本下载工具 tchMaterial-parser v4.2,,4,https://www.52pojie.cn/thread-2126541-1-1.html,,吾爱破解,热门热帖,hot,,2026-09-10 22:21:39
14,截图录屏OCR工具 Pixwit v1.16.3,,1,https://www.52pojie.cn/thread-2126614-1-1.html,,吾爱破解,热门热帖,hot,,2026-09-10 22:21:39
15,B站第三方 BT 0.9.35,,0,https://www.52pojie.cn/thread-2126475-1-1.html,,吾爱破解,热门热帖,hot,,2026-09-10 22:21:39
16,本地重复文件与相似照片清理工具 DupHunter v4.0.1,,4,https://www.52pojie.cn/thread-2125228-1-1.html,,吾爱破解,热门热帖,hot,,2026-09-10 22:21:39
17,震撼发布：ZXC自动浏览器V0.1版本（市面上没有任何相关竞品，适配vue等所有框架）,,0,https://www.52pojie.cn/thread-2127312-1-1.html,,吾爱破解,热门热帖,hot,,2026-09-10 22:21:39
18,视频自动分段工具v1（更新V2）,,1,https://www.52pojie.cn/thread-2126892-1-1.html,,吾爱破解,热门热帖,hot,,2026-09-10 22:21:39
19,WINDOWS 11 26H2启用包,,11,https://www.52pojie.cn/thread-2125279-1-1.html,,吾爱破解,热门热帖,hot,,2026-09-10 22:21:39
20,文件查重助手v1.0.0,,1,https://www.52pojie.cn/thread-2125118-1-1.html,,吾爱破解,热门热帖,hot,,2026-09-10 22:21:39
21,QQ空间助手QzoneArchive v1.0.3,,1,https://www.52pojie.cn/thread-2125215-1-1.html,,吾爱破解,热门热帖,hot,,2026-09-10 22:21:39
22,手机变电脑IP摄像头 Android IP Camera v0.12.0,,0,https://www.52pojie.cn/thread-2126756-1-1.html,,吾爱破解,热门热帖,hot,,2026-09-10 22:21:39
23,图吧工具箱 winUI3 版 v1.6.1,,3,https://www.52pojie.cn/thread-2127011-1-1.html,,吾爱破解,热门热帖,hot,,2026-09-10 22:21:39
24,远程桌面控制工具 UltraVNC v1.8.2.9,,1,https://www.52pojie.cn/thread-2127152-1-1.html,,吾爱破解,热门热帖,hot,,2026-09-10 22:21:39
25,随身FM v2.3.2,,2,https://www.52pojie.cn/thread-2126704-1-1.html,,吾爱破解,热门热帖,hot,,2026-09-10 22:21:39
26,A 股每日复盘小工具,,111,https://www.52pojie.cn/thread-2126526-1-1.html,,吾爱破解,热门热帖,hot,,2026-09-10 22:21:39
27,3D建模工具 Blender v5.2.1,,3,https://www.52pojie.cn/thread-2126011-1-1.html,,吾爱破解,热门热帖,hot,,2026-09-10 22:21:39
28,NetBlocker - 进程断网工具（路由黑洞+防火墙拦截）,,151,https://www.52pojie.cn/thread-2127139-1-1.html,,吾爱破解,热门热帖,hot,,2026-09-10 22:21:39
29,工位风水大师 v1.0,,1,https://www.52pojie.cn/thread-2125550-1-1.html,,吾爱破解,热门热帖,hot,,2026-09-10 22:21:39
30,UFS改U盘主控，对应支持型号及量产工具,,195,https://www.52pojie.cn/thread-2126621-1-1.html,,吾爱破解,热门热帖,hot,,2026-09-10 22:21:39
31,查看硬盘健康度软件gsmartcontrol-2.0.2-win64最新版个人汉化,,2,https://www.52pojie.cn/thread-2126734-1-1.html,,吾爱破解,热门热帖,hot,,2026-09-10 22:21:39
32,音效增强工具 FxSound v1.2.14.0/Beta 1.2.15.0,,1,https://www.52pojie.cn/thread-2125811-1-1.html,,吾爱破解,热门热帖,hot,,2026-09-10 22:21:39
33,聆阅听书—v1.1.4,,1,https://www.52pojie.cn/thread-2125245-1-1.html,,吾爱破解,热门热帖,hot,,2026-09-10 22:21:39
34,数据光盘刻录工具 v1.0.0：支持 CD/DVD 多次追加、读取已有内容和刻录校验,,1,https://www.52pojie.cn/thread-2127262-1-1.html,,吾爱破解,热门热帖,hot,,2026-09-10 22:21:39
35,智能抠图工具  v1.3.0,,1,https://www.52pojie.cn/thread-2125128-1-1.html,,吾爱破解,热门热帖,hot,,2026-09-10 22:21:39
36,最强逆向大模型GLM-5.3无道德无限制驱动Frida Stalker绕过银行某梆检测,,5,https://www.52pojie.cn/thread-2126497-1-1.html,,吾爱破解,热门热帖,hot,,2026-09-10 22:21:39
37,VMware Workstation Pro 2026 汉化助手（通杀26所有版本）,,2026,https://www.52pojie.cn/thread-2126628-1-1.html,,吾爱破解,热门热帖,hot,,2026-09-10 22:21:39
38,拆书器（拆书工具）,,142,https://www.52pojie.cn/thread-2125259-1-1.html,,吾爱破解,热门热帖,hot,,2026-09-10 22:21:39
39,[HTML]聚丰祥软件园网络拓扑图设计工具,,134,https://www.52pojie.cn/thread-2126630-1-1.html,,吾爱破解,热门热帖,hot,,2026-09-10 22:21:39
40,图片转换工具,,353,https://www.52pojie.cn/thread-2125996-1-1.html,,吾爱破解,热门热帖,hot,,2026-09-10 22:21:39
41,完美解码PureCodec20260826官方版&绿色版,,20260826,https://www.52pojie.cn/thread-2126550-1-1.html,,吾爱破解,热门热帖,hot,,2026-09-10 22:21:39
42,网络监控拓扑图设计工具V1.0.0,,1,https://www.52pojie.cn/thread-2126606-1-1.html,,吾爱破解,热门热帖,hot,,2026-09-10 22:21:39
43,Office办公套件 LibreOffice v26.8.0,,26,https://www.52pojie.cn/thread-2125406-1-1.html,,吾爱破解,热门热帖,hot,,2026-09-10 22:21:39
44,单文件制作工具 7.0.2.3867,,7,https://www.52pojie.cn/thread-2126555-1-1.html,,吾爱破解,热门热帖,hot,,2026-09-10 22:21:39
45,VMware Workstation Pro 26H1u1 25688693 简体中文汉化版&简体中文语言包,,26,https://www.52pojie.cn/thread-2126269-1-1.html,,吾爱破解,热门热帖,hot,,2026-09-10 22:21:39
46,微信自动锁定工具 Wxlocker 2.0,,2,https://www.52pojie.cn/thread-2125460-1-1.html,,吾爱破解,热门热帖,hot,,2026-09-10 22:21:39
47,户外出行离线地图 Organic Maps 26082718,,26082718,https://www.52pojie.cn/thread-2125781-1-1.html,,吾爱破解,热门热帖,hot,,2026-09-10 22:21:39
48,Windows10/11桌面美化工具 Seelen UI v2.8.4,,10,https://www.52pojie.cn/thread-2126569-1-1.html,,吾爱破解,热门热帖,hot,,2026-09-10 22:21:39
49,个性化字帖生成工具V1.4,,1,https://www.52pojie.cn/thread-2126021-1-1.html,,吾爱破解,热门热帖,hot,,2026-09-10 22:21:39
50,超级教师Super Teacher 1.2.19,,1,https://www.52pojie.cn/thread-2126248-1-1.html,,吾爱破解,热门热帖,hot,,2026-09-10 22:21:39
1,截图录屏OCR工具 Pixwit v1.16.3,,1,https://www.52pojie.cn/thread-2126614-1-1.html,,吾爱破解,热门热帖,hot,,2026-09-10 23:21:26
2,小学、初中、高中电子课本下载工具 tchMaterial-parser v4.2,,4,https://www.52pojie.cn/thread-2126541-1-1.html,,吾爱破解,热门热帖,hot,,2026-09-10 23:21:26
3,随身FM v2.3.2,,2,https://www.52pojie.cn/thread-2126704-1-1.html,,吾爱破解,热门热帖,hot,,2026-09-10 23:21:26
4,NetBlocker - 进程断网工具（路由黑洞+防火墙拦截）,,155,https://www.52pojie.cn/thread-2127139-1-1.html,,吾爱破解,热门热帖,hot,,2026-09-10 23:21:26
5,小旋风收音机 v1.2.2,,1,https://www.52pojie.cn/thread-2126705-1-1.html,,吾爱破解,热门热帖,hot,,2026-09-10 23:21:26
6,震撼发布：ZXC自动浏览器V0.1版本（市面上没有任何相关竞品，适配vue等所有框架）,,0,https://www.52pojie.cn/thread-2127312-1-1.html,,吾爱破解,热门热帖,hot,,2026-09-10 23:21:26
7,短视频无水印解析下载 v1.0.0,,1,https://www.52pojie.cn/thread-2126862-1-1.html,,吾爱破解,热门热帖,hot,,2026-09-10 23:21:26
8,重复文件查找删除工具,,482,https://www.52pojie.cn/thread-2126656-1-1.html,,吾爱破解,热门热帖,hot,,2026-09-10 23:21:26
9,WINDOWS 11 26H2启用包,,11,https://www.52pojie.cn/thread-2125279-1-1.html,,吾爱破解,热门热帖,hot,,2026-09-10 23:21:26
10,PDF盖章和盖骑缝章工具1.1,,1,https://www.52pojie.cn/thread-2127317-1-1.html,,吾爱破解,热门热帖,hot,,2026-09-10 23:21:26
11,万物工具箱 6.9.26.828,,6,https://www.52pojie.cn/thread-2127033-1-1.html,,吾爱破解,热门热帖,hot,,2026-09-10 23:21:26
12,打印机工具箱1.1,,1,https://www.52pojie.cn/thread-2126715-1-1.html,,吾爱破解,热门热帖,hot,,2026-09-10 23:21:26
13,B站第三方 BT 0.9.35,,0,https://www.52pojie.cn/thread-2126475-1-1.html,,吾爱破解,热门热帖,hot,,2026-09-10 23:21:26
14,Windows 极限优化助手 2.9,,2,https://www.52pojie.cn/thread-2126667-1-1.html,,吾爱破解,热门热帖,hot,,2026-09-10 23:21:26
15,Markdown编辑器 HorseMD v0.13.187,,0,https://www.52pojie.cn/thread-2126073-1-1.html,,吾爱破解,热门热帖,hot,,2026-09-10 23:21:26
16,Windows10/11桌面美化工具 Seelen UI v2.8.4,,10,https://www.52pojie.cn/thread-2126569-1-1.html,,吾爱破解,热门热帖,hot,,2026-09-10 23:21:26
17,手机变电脑IP摄像头 Android IP Camera v0.12.0,,0,https://www.52pojie.cn/thread-2126756-1-1.html,,吾爱破解,热门热帖,hot,,2026-09-10 23:21:26
18,手机投屏控制助手 scrcpy-helper v1.5.2,,1,https://www.52pojie.cn/thread-2127053-1-1.html,,吾爱破解,热门热帖,hot,,2026-09-10 23:21:26
19,护眼与休息提醒小工具(支持多屏幕)—9月10日已更新到3.5.1版本,,9,https://www.52pojie.cn/thread-2125134-1-1.html,,吾爱破解,热门热帖,hot,,2026-09-10 23:21:26
20,WorkBuddy多账号切换v15【保留工作区】,,15,https://www.52pojie.cn/thread-2125949-1-1.html,,吾爱破解,热门热帖,hot,,2026-09-10 23:21:26
21,星愿浏览器 Twinkstar v11.4.1000.2609,,11,https://www.52pojie.cn/thread-2126907-1-1.html,,吾爱破解,热门热帖,hot,,2026-09-10 23:21:26
22,本地重复文件与相似照片清理工具 DupHunter v4.0.1,,4,https://www.52pojie.cn/thread-2125228-1-1.html,,吾爱破解,热门热帖,hot,,2026-09-10 23:21:26
23,视频自动分段工具v1（更新V2）,,1,https://www.52pojie.cn/thread-2126892-1-1.html,,吾爱破解,热门热帖,hot,,2026-09-10 23:21:26
24,文件查重助手v1.0.0,,1,https://www.52pojie.cn/thread-2125118-1-1.html,,吾爱破解,热门热帖,hot,,2026-09-10 23:21:26
25,QQ空间助手QzoneArchive v1.0.3,,1,https://www.52pojie.cn/thread-2125215-1-1.html,,吾爱破解,热门热帖,hot,,2026-09-10 23:21:26
26,图吧工具箱 winUI3 版 v1.6.1,,3,https://www.52pojie.cn/thread-2127011-1-1.html,,吾爱破解,热门热帖,hot,,2026-09-10 23:21:26
27,远程桌面控制工具 UltraVNC v1.8.2.9,,1,https://www.52pojie.cn/thread-2127152-1-1.html,,吾爱破解,热门热帖,hot,,2026-09-10 23:21:26
28,A 股每日复盘小工具,,111,https://www.52pojie.cn/thread-2126526-1-1.html,,吾爱破解,热门热帖,hot,,2026-09-10 23:21:26
29,3D建模工具 Blender v5.2.1,,3,https://www.52pojie.cn/thread-2126011-1-1.html,,吾爱破解,热门热帖,hot,,2026-09-10 23:21:26
30,工位风水大师 v1.0,,1,https://www.52pojie.cn/thread-2125550-1-1.html,,吾爱破解,热门热帖,hot,,2026-09-10 23:21:26
31,UFS改U盘主控，对应支持型号及量产工具,,195,https://www.52pojie.cn/thread-2126621-1-1.html,,吾爱破解,热门热帖,hot,,2026-09-10 23:21:26
32,查看硬盘健康度软件gsmartcontrol-2.0.2-win64最新版个人汉化,,2,https://www.52pojie.cn/thread-2126734-1-1.html,,吾爱破解,热门热帖,hot,,2026-09-10 23:21:26
33,音效增强工具 FxSound v1.2.14.0/Beta 1.2.15.0,,1,https://www.52pojie.cn/thread-2125811-1-1.html,,吾爱破解,热门热帖,hot,,2026-09-10 23:21:26
34,聆阅听书—v1.1.4,,1,https://www.52pojie.cn/thread-2125245-1-1.html,,吾爱破解,热门热帖,hot,,2026-09-10 23:21:26
35,数据光盘刻录工具 v1.0.0：支持 CD/DVD 多次追加、读取已有内容和刻录校验,,1,https://www.52pojie.cn/thread-2127262-1-1.html,,吾爱破解,热门热帖,hot,,2026-09-10 23:21:26
36,智能抠图工具  v1.3.0,,1,https://www.52pojie.cn/thread-2125128-1-1.html,,吾爱破解,热门热帖,hot,,2026-09-10 23:21:26
37,最强逆向大模型GLM-5.3无道德无限制驱动Frida Stalker绕过银行某梆检测,,5,https://www.52pojie.cn/thread-2126497-1-1.html,,吾爱破解,热门热帖,hot,,2026-09-10 23:21:26
38,VMware Workstation Pro 2026 汉化助手（通杀26所有版本）,,2026,https://www.52pojie.cn/thread-2126628-1-1.html,,吾爱破解,热门热帖,hot,,2026-09-10 23:21:26
39,拆书器（拆书工具）,,142,https://www.52pojie.cn/thread-2125259-1-1.html,,吾爱破解,热门热帖,hot,,2026-09-10 23:21:26
40,[HTML]聚丰祥软件园网络拓扑图设计工具,,134,https://www.52pojie.cn/thread-2126630-1-1.html,,吾爱破解,热门热帖,hot,,2026-09-10 23:21:26
41,图片转换工具,,353,https://www.52pojie.cn/thread-2125996-1-1.html,,吾爱破解,热门热帖,hot,,2026-09-10 23:21:26
42,完美解码PureCodec20260826官方版&绿色版,,20260826,https://www.52pojie.cn/thread-2126550-1-1.html,,吾爱破解,热门热帖,hot,,2026-09-10 23:21:26
43,网络监控拓扑图设计工具V1.0.0,,1,https://www.52pojie.cn/thread-2126606-1-1.html,,吾爱破解,热门热帖,hot,,2026-09-10 23:21:26
44,Office办公套件 LibreOffice v26.8.0,,26,https://www.52pojie.cn/thread-2125406-1-1.html,,吾爱破解,热门热帖,hot,,2026-09-10 23:21:26
45,单文件制作工具 7.0.2.3867,,7,https://www.52pojie.cn/thread-2126555-1-1.html,,吾爱破解,热门热帖,hot,,2026-09-10 23:21:26
46,VMware Workstation Pro 26H1u1 25688693 简体中文汉化版&简体中文语言包,,26,https://www.52pojie.cn/thread-2126269-1-1.html,,吾爱破解,热门热帖,hot,,2026-09-10 23:21:26
47,微信自动锁定工具 Wxlocker 2.0,,2,https://www.52pojie.cn/thread-2125460-1-1.html,,吾爱破解,热门热帖,hot,,2026-09-10 23:21:26
48,户外出行离线地图 Organic Maps 26082718,,26082718,https://www.52pojie.cn/thread-2125781-1-1.html,,吾爱破解,热门热帖,hot,,2026-09-10 23:21:26
49,个性化字帖生成工具V1.4,,1,https://www.52pojie.cn/thread-2126021-1-1.html,,吾爱破解,热门热帖,hot,,2026-09-10 23:21:26
50,超级教师Super Teacher 1.2.19,,1,https://www.52pojie.cn/thread-2126248-1-1.html,,吾爱破解,热门热帖,hot,,2026-09-10 23:21:26
