index,title,desc,hot,url,image,source,type,ranking_id,surface,published_at,datetime
1,“倉木華”遗作《我在深夜便利店做收银被微醺大姐姐攻略》上线 可惜再也看不到妹子新作了,图解电影 · 5 条评论 · 前几天我们曾经发帖说过，又一位日本女演员因为牛郎问题选择了自杀离开这个世界 噩耗：日本女优“倉木華”在住所自杀身亡 死亡原因引网络热议 翻看她,23816,https://fuliba2023.net/snos-397.html,https://img03.sogoucdn.com/v2/thumb/retype_exclude_gif/ext/auto/q/100/?appid=122&url=tvax4.sinaimg.cn/large/006BNqYCly1ih9wo1lt79j31cl0r81kx.jpg,福利吧,最新文章,latest,hotlist,2026-09-20,2026-09-21 00:21:53
2,2026年福利汇总第132期 ：失语梦,福利汇总 · 6 条评论 · BGM：《失语梦》：点击播放 热门视频： 有网友到青海西宁旅游，打车途中，司机师傅一路介绍青海，讲得头头是道 铭文中的谜之天子，逨盘，195件国宝第1,23025,https://fuliba2023.net/2026132.html,https://img03.sogoucdn.com/v2/thumb/retype_exclude_gif/ext/auto/q/100/?appid=122&url=tvax1.sinaimg.cn/large/006BNqYCly1ih9uxu4308j335s23ub14.jpg,福利吧,最新文章,latest,hotlist,2026-09-20,2026-09-21 00:21:53
3,淘宝京东优惠商品汇总，9月20日9点更新 购物领券fuliba99.net,购物网赚 · 314 条评论 · 购物搜券：福利久久 — 精选好货，实时更新 商品更新较快，请加购物群获得第一手消息。微信扫码加好友，回复“京东群”或者“淘宝群”自动拉你。 （E-,444130,https://fuliba2023.net/99.html,https://img03.sogoucdn.com/v2/thumb/retype_exclude_gif/ext/auto/q/100/?appid=122&url=https://tva1.sinaimg.cn/large/009Zip4ygy1ih7lkhasxjj308c08amxj.jpg,福利吧,最新文章,latest,hotlist,2026-09-20,2026-09-21 00:21:53
4,二二酸酸：《青春课本系列》 带你重新认识那些熟悉的语文课文,BILIBILI · 9 条评论 · 今天给大家推荐一个B站的UP主“二二酸酸” 她制作的有一个系列节目叫《青春课本系列》 讲解的都是我们上学时候学习的语文课本里那些文章之外的故事 有,14359,https://fuliba2023.net/erersuansuan.html,https://img03.sogoucdn.com/v2/thumb/retype_exclude_gif/ext/auto/q/100/?appid=122&url=tvax1.sinaimg.cn/large/006BNqYCly1ih8oakntacj313t0ov137.jpg,福利吧,最新文章,latest,hotlist,2026-09-19,2026-09-21 00:21:53
5,蚂蚁阿福X沃莱联名体脂秤4.9（34.9下单返30元支付宝红包）,购物网赚 · 12 条评论 · 体脂秤是一个健康入口，各大平台都在抢占市场。 几年前买的小米体脂秤还花了100多，现在竟然免费送了。 蚂蚁阿福体脂秤原价47的，官方立减7.1，再领5,13734,https://fuliba2023.net/wolai.html,https://img03.sogoucdn.com/v2/thumb/retype_exclude_gif/ext/auto/q/100/?appid=122&url=https://tva1.sinaimg.cn/large/009Zip4ygy1ih91ife18hj309q09o74l.jpg,福利吧,最新文章,latest,hotlist,2026-09-19,2026-09-21 00:21:53
6,“Gattouz0”新作，居然又是亚洲妹 三人同行有点猛,好孩子kan不见 · 13 条评论 · 前几天我们发帖说过“Gattouz0”发布的新作是一个亚洲女孩 虽然他描述是中国人，但是从更新动态等种种迹象来看，更像是一个越南妹 “Gattouz0”再约亚,26439,https://fuliba2023.net/new-gattouz0-bunny-umi-bunny-una-double.html,https://img03.sogoucdn.com/v2/thumb/retype_exclude_gif/ext/auto/q/100/?appid=122&url=tvax4.sinaimg.cn/large/006BNqYCly1ih7we2b494j31ct0rie7s.jpg,福利吧,最新文章,latest,hotlist,2026-09-19,2026-09-21 00:21:53
7,犬上いの字：《收到陌生女性隔空投送发来私密照片的经历》 苹果用户专享,漫画推荐 · 6 条评论 · 今天给大家推荐的是日本画师“犬上いの字”的作品 这部漫画创意挺好，故事内容有轻微SM向，不过是大姐姐纯爱作品 作品共计三话，85P左右，下面是剧情,19776,https://fuliba2023.net/the-story-of-how-i-received-a-racy-selfie-via-image-sharing-from-a-woman-i-didnt-know.html,https://img03.sogoucdn.com/v2/thumb/retype_exclude_gif/ext/auto/q/100/?appid=122&url=tvax1.sinaimg.cn/large/006BNqYCly1ih7wv859lrj31id0w5tm8.jpg,福利吧,最新文章,latest,hotlist,2026-09-18,2026-09-21 00:21:53
8,2026年福利汇总第131期 ：神秘礼物,福利汇总 · 9 条评论 · BGM：《神秘礼物》：点击播放 热门视频： 【邓肯】“梅姨”案 我只是想煮一个鸡蛋，互联网却想教我做人 为什么所有 App 都能借钱给你？网贷如何变得无,33952,https://fuliba2023.net/2026131.html,https://img03.sogoucdn.com/v2/thumb/retype_exclude_gif/ext/auto/q/100/?appid=122&url=tvax4.sinaimg.cn/large/006BNqYCly1ih7v9i5gyrj323u1kwdy6.jpg,福利吧,最新文章,latest,hotlist,2026-09-18,2026-09-21 00:21:53
9,NGA一个精彩刺激的私人经历文,福利吧 · 7 条评论 · 感谢福利吧论坛网友“yyds1111”分享，更多优秀分享请访问福利吧论坛。 这是NGA上一个帖子连载更新的，整理成文本分享。 主要讲KTV里约妹子的事，有荤,33625,https://fuliba2023.net/xiaoc.html,https://img03.sogoucdn.com/v2/thumb/retype_exclude_gif/ext/auto/q/100/?appid=122&url=https://tva1.sinaimg.cn/large/009Zip4ygy1ih6pc9dq8sj30or0gfwgc.jpg,福利吧,最新文章,latest,hotlist,2026-09-17,2026-09-21 00:21:53
10,よふかしのへや：《反正要死了，随你处置》翻拍真人版 逢沢みゆ出演,图解电影 · 20 条评论 · 去年的时候，我们给大家推荐过画师“よふかしのへや”的这部作品 よふかしのへや：《反正要死了，随你处置》 用爱爱拯救厌世少女 时隔一年，这部作品,45170,https://fuliba2023.net/rki-757.html,https://img03.sogoucdn.com/v2/thumb/retype_exclude_gif/ext/auto/q/100/?appid=122&url=tvax3.sinaimg.cn/large/006BNqYCly1ih6bur3oovj316d0r8tuo.jpg,福利吧,最新文章,latest,hotlist,2026-09-17,2026-09-21 00:21:53
11,2026年7月番剧推荐：《我独自盗墓》 更新至第10集,动漫影视 · 1 条评论 · 2024年的时候，我们给大家推荐过一部韩漫改编的异世界动漫作品 2025年这部作品已经出了第二季，异世界番剧里的黑马之作，非常好看 2024年1月番剧推荐,9736,https://fuliba2023.net/tomb-raider-king.html,https://img03.sogoucdn.com/v2/thumb/retype_exclude_gif/ext/auto/q/100/?appid=122&url=tvax3.sinaimg.cn/large/006BNqYCly1ih6v0vd7pmj31gr0u0k15.jpg,福利吧,最新文章,latest,hotlist,2026-09-17,2026-09-21 00:21:53
12,2026年福利汇总第130期 ：百万朵玫瑰,福利汇总 · 11 条评论 · BGM：《百万本のバラ》：点击播放 热门视频： 我们平时点外卖的袋子是如何生产的？ 九年义务教育，正在变成“义务坐牢” 从北京坐火车去新加坡！ 细读,61477,https://fuliba2023.net/2026130.html,https://img03.sogoucdn.com/v2/thumb/retype_exclude_gif/ext/auto/q/100/?appid=122&url=tvax3.sinaimg.cn/large/006BNqYCly1ih5858bs24j323i1hc4qp.jpg,福利吧,最新文章,latest,hotlist,2026-09-16,2026-09-21 00:21:53
13,OnlyHaven：“OnlyFans”和“Patreon”付费资源公共存档站,好孩子kan不见 · 5 条评论 · 之前给大家分享过Coomer和Kemono之类的“OnlyFans”“Fansly”等付费资源存档站 Coomer：OnlyFans付费资源公共存档网站 Thotsbay：OnlyFans资源免付费,37275,https://fuliba2023.net/cum-st.html,https://img03.sogoucdn.com/v2/thumb/retype_exclude_gif/ext/auto/q/100/?appid=122&url=tvax2.sinaimg.cn/large/006BNqYCly1ih3y936dxqj31mi0rnx5b.jpg,福利吧,最新文章,latest,hotlist,2026-09-16,2026-09-21 00:21:53
14,论坛口碑商家：老猫配眼镜，小程序下单全网比价，产品保真价格包满意,购物网赚 · 22 条评论 · 老猫在论坛写了不少科普贴，他新开发了一个微信小程序， 蔡司、柯达、依视路、康耐特十几款镜片，高中低档都有，源头厂家产品保真。 各种材质样式的镜,25593,https://fuliba2023.net/laomao.html,https://img03.sogoucdn.com/v2/thumb/retype_exclude_gif/ext/auto/q/100/?appid=122&url=https://tva1.sinaimg.cn/large/006WeipRgy1igi5wkym3jj30me0gudhj.jpg,福利吧,最新文章,latest,hotlist,2026-09-15,2026-09-21 00:21:53
15,吐槽：又上麦片哥的当了，“蓝芽水月”飞机场秒变大师球 真相究竟是什么？,好孩子kan不见 · 14 条评论 · 之前我们曾经发帖讲过AI技术被麦片哥滥用，一部影片的找出处难度加大 吐槽：论现在麦片的已经恶心到什么地步了 AI技术滥用的后果！ 但是最近网友发帖,39636,https://fuliba2023.net/dvmm-263.html,https://img03.sogoucdn.com/v2/thumb/retype_exclude_gif/ext/auto/q/100/?appid=122&url=tvax2.sinaimg.cn/large/006BNqYCly1ih3z6jnkq1j31cn0r21kx.jpg,福利吧,最新文章,latest,hotlist,2026-09-15,2026-09-21 00:21:53
16,魔兽争霸3时隔23年更新资料片+剧情战役,福利吧 · 6 条评论 · 时隔二十三年，魔兽争霸3在2026年暴雪嘉年华开幕式上正式推出全新单人战役“被遗忘的王国”。 这是继2003年冰封王座资料片之后，该系列首次由官方推出,17677,https://fuliba2023.net/war3.html,https://img03.sogoucdn.com/v2/thumb/retype_exclude_gif/ext/auto/q/100/?appid=122&url=https://tva1.sinaimg.cn/large/009Zip4ygy1ih3luw6bgsj31ac0puwkp.jpg,福利吧,最新文章,latest,hotlist,2026-09-15,2026-09-21 00:21:53
17,摩的司机徐师傅：B站付费充电专属视频上新 从赌鬼到百万UP主，从上山躲债到日入数万,BILIBILI · 31 条评论 · 网盘下载：夸克网盘/百度网盘/迅雷网盘/ 从赌鬼到百万UP主，从上山躲债到日入数万，B站抽象健身博主“街健呆木头”的前半生 ——- 喜欢看各,121272,https://fuliba2023.net/mdsjxsf.html,https://img03.sogoucdn.com/v2/thumb/retype_exclude_gif/ext/auto/q/100/?appid=122&url=tvax4.sinaimg.cn/large/006BNqYCly1ih3xkthacej31j90v2e81.jpg,福利吧,最新文章,latest,hotlist,2026-09-14,2026-09-21 00:21:53
18,2026年福利汇总第129期 ：盒子里的猫,福利汇总 · 11 条评论 · BGM：《弥勒世果報 – undercooled》：点击播放 热门视频： 如何制造海苔 盘点【黄埔军校】各期学员含金量! 办公室没窗、走廊带坡？医院这些R,80911,https://fuliba2023.net/2026129.html,https://img03.sogoucdn.com/v2/thumb/retype_exclude_gif/ext/auto/q/100/?appid=122&url=tvax2.sinaimg.cn/large/006BNqYCly1ih2vimo6kvj323u1kw1kx.jpg,福利吧,最新文章,latest,hotlist,2026-09-14,2026-09-21 00:21:53
19,小松杏&美園和花：一部优势互补的磨豆腐影片 果然人都是羡慕自己没有的东西,好孩子kan不见 · 9 条评论 · 近期一张2023年的推文截图突然火起来 这是“小松杏”首次出演女同题材之后发出的感叹 赞美了“美園和花”的丰满欧派！ 一开始我还想，这有啥好专门吐,53211,https://fuliba2023.net/bban-406.html,https://img03.sogoucdn.com/v2/thumb/retype_exclude_gif/ext/auto/q/100/?appid=122&url=tvax2.sinaimg.cn/large/006BNqYCly1ih1pgd6fr3j31cr0rdazl.jpg,福利吧,最新文章,latest,hotlist,2026-09-14,2026-09-21 00:21:53
20,噩耗：日本女优“倉木華”在住所自杀身亡 死亡原因引网络热议,R.I.P. · 17 条评论 · 三年前我们曾经发文讲过“横宮七海”抑郁症自杀身亡的事件 噩耗：日本女优“横宮七海”抑郁症自杀身亡 当时这个案件就疑点重重，不少人怀疑是牛郎集团,36908,https://fuliba2023.net/hana_kuraki87.html,https://img03.sogoucdn.com/v2/thumb/retype_exclude_gif/ext/auto/q/100/?appid=122&url=tvax3.sinaimg.cn/large/006BNqYCly1ih1ooinx5oj31kw11xwlz.jpg,福利吧,最新文章,latest,hotlist,2026-09-13,2026-09-21 00:21:53
1,Netflix韩国剧集：《挑情丑闻》全8集 情爱画面很唯美,影视推荐 · 0 条评论 · Netflix最近上线的一部桃色剧集 原作品是法国18世纪小说家拉克洛用书信形式所写成的小说《危险关系》 剧版改编自由李在容执导、2003年上映的同名电影,247,https://fuliba2023.net/scandals.html,https://img03.sogoucdn.com/v2/thumb/retype_exclude_gif/ext/auto/q/100/?appid=122&url=tvax1.sinaimg.cn/large/006BNqYCly1iha0neyeu0j31x90z5e82.jpg,福利吧,最新文章,latest,hotlist,2026-09-21,2026-09-21 01:19:13
2,“倉木華”遗作《我在深夜便利店做收银被微醺大姐姐攻略》上线 可惜再也看不到妹子新作了,图解电影 · 5 条评论 · 前几天我们曾经发帖说过，又一位日本女演员因为牛郎问题选择了自杀离开这个世界 噩耗：日本女优“倉木華”在住所自杀身亡 死亡原因引网络热议 翻看她,24402,https://fuliba2023.net/snos-397.html,https://img03.sogoucdn.com/v2/thumb/retype_exclude_gif/ext/auto/q/100/?appid=122&url=tvax4.sinaimg.cn/large/006BNqYCly1ih9wo1lt79j31cl0r81kx.jpg,福利吧,最新文章,latest,hotlist,2026-09-20,2026-09-21 01:19:13
3,2026年福利汇总第132期 ：失语梦,福利汇总 · 6 条评论 · BGM：《失语梦》：点击播放 热门视频： 有网友到青海西宁旅游，打车途中，司机师傅一路介绍青海，讲得头头是道 铭文中的谜之天子，逨盘，195件国宝第1,23534,https://fuliba2023.net/2026132.html,https://img03.sogoucdn.com/v2/thumb/retype_exclude_gif/ext/auto/q/100/?appid=122&url=tvax1.sinaimg.cn/large/006BNqYCly1ih9uxu4308j335s23ub14.jpg,福利吧,最新文章,latest,hotlist,2026-09-20,2026-09-21 01:19:13
4,淘宝京东优惠商品汇总，9月20日9点更新 购物领券fuliba99.net,购物网赚 · 314 条评论 · 购物搜券：福利久久 — 精选好货，实时更新 商品更新较快，请加购物群获得第一手消息。微信扫码加好友，回复“京东群”或者“淘宝群”自动拉你。 （E-,444205,https://fuliba2023.net/99.html,https://img03.sogoucdn.com/v2/thumb/retype_exclude_gif/ext/auto/q/100/?appid=122&url=https://tva1.sinaimg.cn/large/009Zip4ygy1ih7lkhasxjj308c08amxj.jpg,福利吧,最新文章,latest,hotlist,2026-09-20,2026-09-21 01:19:13
5,二二酸酸：《青春课本系列》 带你重新认识那些熟悉的语文课文,BILIBILI · 9 条评论 · 今天给大家推荐一个B站的UP主“二二酸酸” 她制作的有一个系列节目叫《青春课本系列》 讲解的都是我们上学时候学习的语文课本里那些文章之外的故事 有,14443,https://fuliba2023.net/erersuansuan.html,https://img03.sogoucdn.com/v2/thumb/retype_exclude_gif/ext/auto/q/100/?appid=122&url=tvax1.sinaimg.cn/large/006BNqYCly1ih8oakntacj313t0ov137.jpg,福利吧,最新文章,latest,hotlist,2026-09-19,2026-09-21 01:19:13
6,蚂蚁阿福X沃莱联名体脂秤4.9（34.9下单返30元支付宝红包）,购物网赚 · 12 条评论 · 体脂秤是一个健康入口，各大平台都在抢占市场。 几年前买的小米体脂秤还花了100多，现在竟然免费送了。 蚂蚁阿福体脂秤原价47的，官方立减7.1，再领5,13771,https://fuliba2023.net/wolai.html,https://img03.sogoucdn.com/v2/thumb/retype_exclude_gif/ext/auto/q/100/?appid=122&url=https://tva1.sinaimg.cn/large/009Zip4ygy1ih91ife18hj309q09o74l.jpg,福利吧,最新文章,latest,hotlist,2026-09-19,2026-09-21 01:19:13
7,“Gattouz0”新作，居然又是亚洲妹 三人同行有点猛,好孩子kan不见 · 13 条评论 · 前几天我们发帖说过“Gattouz0”发布的新作是一个亚洲女孩 虽然他描述是中国人，但是从更新动态等种种迹象来看，更像是一个越南妹 “Gattouz0”再约亚,26651,https://fuliba2023.net/new-gattouz0-bunny-umi-bunny-una-double.html,https://img03.sogoucdn.com/v2/thumb/retype_exclude_gif/ext/auto/q/100/?appid=122&url=tvax4.sinaimg.cn/large/006BNqYCly1ih7we2b494j31ct0rie7s.jpg,福利吧,最新文章,latest,hotlist,2026-09-19,2026-09-21 01:19:13
8,犬上いの字：《收到陌生女性隔空投送发来私密照片的经历》 苹果用户专享,漫画推荐 · 6 条评论 · 今天给大家推荐的是日本画师“犬上いの字”的作品 这部漫画创意挺好，故事内容有轻微SM向，不过是大姐姐纯爱作品 作品共计三话，85P左右，下面是剧情,19832,https://fuliba2023.net/the-story-of-how-i-received-a-racy-selfie-via-image-sharing-from-a-woman-i-didnt-know.html,https://img03.sogoucdn.com/v2/thumb/retype_exclude_gif/ext/auto/q/100/?appid=122&url=tvax1.sinaimg.cn/large/006BNqYCly1ih7wv859lrj31id0w5tm8.jpg,福利吧,最新文章,latest,hotlist,2026-09-18,2026-09-21 01:19:13
9,2026年福利汇总第131期 ：神秘礼物,福利汇总 · 9 条评论 · BGM：《神秘礼物》：点击播放 热门视频： 【邓肯】“梅姨”案 我只是想煮一个鸡蛋，互联网却想教我做人 为什么所有 App 都能借钱给你？网贷如何变得无,34037,https://fuliba2023.net/2026131.html,https://img03.sogoucdn.com/v2/thumb/retype_exclude_gif/ext/auto/q/100/?appid=122&url=tvax4.sinaimg.cn/large/006BNqYCly1ih7v9i5gyrj323u1kwdy6.jpg,福利吧,最新文章,latest,hotlist,2026-09-18,2026-09-21 01:19:13
10,NGA一个精彩刺激的私人经历文,福利吧 · 7 条评论 · 感谢福利吧论坛网友“yyds1111”分享，更多优秀分享请访问福利吧论坛。 这是NGA上一个帖子连载更新的，整理成文本分享。 主要讲KTV里约妹子的事，有荤,33683,https://fuliba2023.net/xiaoc.html,https://img03.sogoucdn.com/v2/thumb/retype_exclude_gif/ext/auto/q/100/?appid=122&url=https://tva1.sinaimg.cn/large/009Zip4ygy1ih6pc9dq8sj30or0gfwgc.jpg,福利吧,最新文章,latest,hotlist,2026-09-17,2026-09-21 01:19:13
11,よふかしのへや：《反正要死了，随你处置》翻拍真人版 逢沢みゆ出演,图解电影 · 20 条评论 · 去年的时候，我们给大家推荐过画师“よふかしのへや”的这部作品 よふかしのへや：《反正要死了，随你处置》 用爱爱拯救厌世少女 时隔一年，这部作品,45255,https://fuliba2023.net/rki-757.html,https://img03.sogoucdn.com/v2/thumb/retype_exclude_gif/ext/auto/q/100/?appid=122&url=tvax3.sinaimg.cn/large/006BNqYCly1ih6bur3oovj316d0r8tuo.jpg,福利吧,最新文章,latest,hotlist,2026-09-17,2026-09-21 01:19:13
12,2026年7月番剧推荐：《我独自盗墓》 更新至第10集,动漫影视 · 1 条评论 · 2024年的时候，我们给大家推荐过一部韩漫改编的异世界动漫作品 2025年这部作品已经出了第二季，异世界番剧里的黑马之作，非常好看 2024年1月番剧推荐,9757,https://fuliba2023.net/tomb-raider-king.html,https://img03.sogoucdn.com/v2/thumb/retype_exclude_gif/ext/auto/q/100/?appid=122&url=tvax3.sinaimg.cn/large/006BNqYCly1ih6v0vd7pmj31gr0u0k15.jpg,福利吧,最新文章,latest,hotlist,2026-09-17,2026-09-21 01:19:13
13,2026年福利汇总第130期 ：百万朵玫瑰,福利汇总 · 11 条评论 · BGM：《百万本のバラ》：点击播放 热门视频： 我们平时点外卖的袋子是如何生产的？ 九年义务教育，正在变成“义务坐牢” 从北京坐火车去新加坡！ 细读,61515,https://fuliba2023.net/2026130.html,https://img03.sogoucdn.com/v2/thumb/retype_exclude_gif/ext/auto/q/100/?appid=122&url=tvax3.sinaimg.cn/large/006BNqYCly1ih5858bs24j323i1hc4qp.jpg,福利吧,最新文章,latest,hotlist,2026-09-16,2026-09-21 01:19:13
14,OnlyHaven：“OnlyFans”和“Patreon”付费资源公共存档站,好孩子kan不见 · 5 条评论 · 之前给大家分享过Coomer和Kemono之类的“OnlyFans”“Fansly”等付费资源存档站 Coomer：OnlyFans付费资源公共存档网站 Thotsbay：OnlyFans资源免付费,37330,https://fuliba2023.net/cum-st.html,https://img03.sogoucdn.com/v2/thumb/retype_exclude_gif/ext/auto/q/100/?appid=122&url=tvax2.sinaimg.cn/large/006BNqYCly1ih3y936dxqj31mi0rnx5b.jpg,福利吧,最新文章,latest,hotlist,2026-09-16,2026-09-21 01:19:13
15,论坛口碑商家：老猫配眼镜，小程序下单全网比价，产品保真价格包满意,购物网赚 · 22 条评论 · 老猫在论坛写了不少科普贴，他新开发了一个微信小程序， 蔡司、柯达、依视路、康耐特十几款镜片，高中低档都有，源头厂家产品保真。 各种材质样式的镜,25616,https://fuliba2023.net/laomao.html,https://img03.sogoucdn.com/v2/thumb/retype_exclude_gif/ext/auto/q/100/?appid=122&url=https://tva1.sinaimg.cn/large/006WeipRgy1igi5wkym3jj30me0gudhj.jpg,福利吧,最新文章,latest,hotlist,2026-09-15,2026-09-21 01:19:13
16,吐槽：又上麦片哥的当了，“蓝芽水月”飞机场秒变大师球 真相究竟是什么？,好孩子kan不见 · 14 条评论 · 之前我们曾经发帖讲过AI技术被麦片哥滥用，一部影片的找出处难度加大 吐槽：论现在麦片的已经恶心到什么地步了 AI技术滥用的后果！ 但是最近网友发帖,39677,https://fuliba2023.net/dvmm-263.html,https://img03.sogoucdn.com/v2/thumb/retype_exclude_gif/ext/auto/q/100/?appid=122&url=tvax2.sinaimg.cn/large/006BNqYCly1ih3z6jnkq1j31cn0r21kx.jpg,福利吧,最新文章,latest,hotlist,2026-09-15,2026-09-21 01:19:13
17,魔兽争霸3时隔23年更新资料片+剧情战役,福利吧 · 6 条评论 · 时隔二十三年，魔兽争霸3在2026年暴雪嘉年华开幕式上正式推出全新单人战役“被遗忘的王国”。 这是继2003年冰封王座资料片之后，该系列首次由官方推出,17690,https://fuliba2023.net/war3.html,https://img03.sogoucdn.com/v2/thumb/retype_exclude_gif/ext/auto/q/100/?appid=122&url=https://tva1.sinaimg.cn/large/009Zip4ygy1ih3luw6bgsj31ac0puwkp.jpg,福利吧,最新文章,latest,hotlist,2026-09-15,2026-09-21 01:19:13
18,摩的司机徐师傅：B站付费充电专属视频上新 从赌鬼到百万UP主，从上山躲债到日入数万,BILIBILI · 31 条评论 · 网盘下载：夸克网盘/百度网盘/迅雷网盘/ 从赌鬼到百万UP主，从上山躲债到日入数万，B站抽象健身博主“街健呆木头”的前半生 ——- 喜欢看各,121289,https://fuliba2023.net/mdsjxsf.html,https://img03.sogoucdn.com/v2/thumb/retype_exclude_gif/ext/auto/q/100/?appid=122&url=tvax4.sinaimg.cn/large/006BNqYCly1ih3xkthacej31j90v2e81.jpg,福利吧,最新文章,latest,hotlist,2026-09-14,2026-09-21 01:19:13
19,2026年福利汇总第129期 ：盒子里的猫,福利汇总 · 11 条评论 · BGM：《弥勒世果報 – undercooled》：点击播放 热门视频： 如何制造海苔 盘点【黄埔军校】各期学员含金量! 办公室没窗、走廊带坡？医院这些R,80937,https://fuliba2023.net/2026129.html,https://img03.sogoucdn.com/v2/thumb/retype_exclude_gif/ext/auto/q/100/?appid=122&url=tvax2.sinaimg.cn/large/006BNqYCly1ih2vimo6kvj323u1kw1kx.jpg,福利吧,最新文章,latest,hotlist,2026-09-14,2026-09-21 01:19:13
20,小松杏&美園和花：一部优势互补的磨豆腐影片 果然人都是羡慕自己没有的东西,好孩子kan不见 · 9 条评论 · 近期一张2023年的推文截图突然火起来 这是“小松杏”首次出演女同题材之后发出的感叹 赞美了“美園和花”的丰满欧派！ 一开始我还想，这有啥好专门吐,53257,https://fuliba2023.net/bban-406.html,https://img03.sogoucdn.com/v2/thumb/retype_exclude_gif/ext/auto/q/100/?appid=122&url=tvax2.sinaimg.cn/large/006BNqYCly1ih1pgd6fr3j31cr0rdazl.jpg,福利吧,最新文章,latest,hotlist,2026-09-14,2026-09-21 01:19:13
1,Netflix韩国剧集：《挑情丑闻》全8集 情爱画面很唯美,影视推荐 · 0 条评论 · Netflix最近上线的一部桃色剧集 原作品是法国18世纪小说家拉克洛用书信形式所写成的小说《危险关系》 剧版改编自由李在容执导、2003年上映的同名电影,767,https://fuliba2023.net/scandals.html,https://img03.sogoucdn.com/v2/thumb/retype_exclude_gif/ext/auto/q/100/?appid=122&url=tvax1.sinaimg.cn/large/006BNqYCly1iha0neyeu0j31x90z5e82.jpg,福利吧,最新文章,latest,hotlist,2026-09-21,2026-09-21 02:24:22
2,“倉木華”遗作《我在深夜便利店做收银被微醺大姐姐攻略》上线 可惜再也看不到妹子新作了,图解电影 · 5 条评论 · 前几天我们曾经发帖说过，又一位日本女演员因为牛郎问题选择了自杀离开这个世界 噩耗：日本女优“倉木華”在住所自杀身亡 死亡原因引网络热议 翻看她,24735,https://fuliba2023.net/snos-397.html,https://img03.sogoucdn.com/v2/thumb/retype_exclude_gif/ext/auto/q/100/?appid=122&url=tvax4.sinaimg.cn/large/006BNqYCly1ih9wo1lt79j31cl0r81kx.jpg,福利吧,最新文章,latest,hotlist,2026-09-20,2026-09-21 02:24:22
3,2026年福利汇总第132期 ：失语梦,福利汇总 · 6 条评论 · BGM：《失语梦》：点击播放 热门视频： 有网友到青海西宁旅游，打车途中，司机师傅一路介绍青海，讲得头头是道 铭文中的谜之天子，逨盘，195件国宝第1,23835,https://fuliba2023.net/2026132.html,https://img03.sogoucdn.com/v2/thumb/retype_exclude_gif/ext/auto/q/100/?appid=122&url=tvax1.sinaimg.cn/large/006BNqYCly1ih9uxu4308j335s23ub14.jpg,福利吧,最新文章,latest,hotlist,2026-09-20,2026-09-21 02:24:22
4,淘宝京东优惠商品汇总，9月20日9点更新 购物领券fuliba99.net,购物网赚 · 314 条评论 · 购物搜券：福利久久 — 精选好货，实时更新 商品更新较快，请加购物群获得第一手消息。微信扫码加好友，回复“京东群”或者“淘宝群”自动拉你。 （E-,444240,https://fuliba2023.net/99.html,https://img03.sogoucdn.com/v2/thumb/retype_exclude_gif/ext/auto/q/100/?appid=122&url=https://tva1.sinaimg.cn/large/009Zip4ygy1ih7lkhasxjj308c08amxj.jpg,福利吧,最新文章,latest,hotlist,2026-09-20,2026-09-21 02:24:22
5,二二酸酸：《青春课本系列》 带你重新认识那些熟悉的语文课文,BILIBILI · 9 条评论 · 今天给大家推荐一个B站的UP主“二二酸酸” 她制作的有一个系列节目叫《青春课本系列》 讲解的都是我们上学时候学习的语文课本里那些文章之外的故事 有,14504,https://fuliba2023.net/erersuansuan.html,https://img03.sogoucdn.com/v2/thumb/retype_exclude_gif/ext/auto/q/100/?appid=122&url=tvax1.sinaimg.cn/large/006BNqYCly1ih8oakntacj313t0ov137.jpg,福利吧,最新文章,latest,hotlist,2026-09-19,2026-09-21 02:24:22
6,蚂蚁阿福X沃莱联名体脂秤4.9（34.9下单返30元支付宝红包）,购物网赚 · 12 条评论 · 体脂秤是一个健康入口，各大平台都在抢占市场。 几年前买的小米体脂秤还花了100多，现在竟然免费送了。 蚂蚁阿福体脂秤原价47的，官方立减7.1，再领5,13803,https://fuliba2023.net/wolai.html,https://img03.sogoucdn.com/v2/thumb/retype_exclude_gif/ext/auto/q/100/?appid=122&url=https://tva1.sinaimg.cn/large/009Zip4ygy1ih91ife18hj309q09o74l.jpg,福利吧,最新文章,latest,hotlist,2026-09-19,2026-09-21 02:24:22
7,“Gattouz0”新作，居然又是亚洲妹 三人同行有点猛,好孩子kan不见 · 13 条评论 · 前几天我们发帖说过“Gattouz0”发布的新作是一个亚洲女孩 虽然他描述是中国人，但是从更新动态等种种迹象来看，更像是一个越南妹 “Gattouz0”再约亚,26819,https://fuliba2023.net/new-gattouz0-bunny-umi-bunny-una-double.html,https://img03.sogoucdn.com/v2/thumb/retype_exclude_gif/ext/auto/q/100/?appid=122&url=tvax4.sinaimg.cn/large/006BNqYCly1ih7we2b494j31ct0rie7s.jpg,福利吧,最新文章,latest,hotlist,2026-09-19,2026-09-21 02:24:22
8,犬上いの字：《收到陌生女性隔空投送发来私密照片的经历》 苹果用户专享,漫画推荐 · 6 条评论 · 今天给大家推荐的是日本画师“犬上いの字”的作品 这部漫画创意挺好，故事内容有轻微SM向，不过是大姐姐纯爱作品 作品共计三话，85P左右，下面是剧情,19869,https://fuliba2023.net/the-story-of-how-i-received-a-racy-selfie-via-image-sharing-from-a-woman-i-didnt-know.html,https://img03.sogoucdn.com/v2/thumb/retype_exclude_gif/ext/auto/q/100/?appid=122&url=tvax1.sinaimg.cn/large/006BNqYCly1ih7wv859lrj31id0w5tm8.jpg,福利吧,最新文章,latest,hotlist,2026-09-18,2026-09-21 02:24:22
9,2026年福利汇总第131期 ：神秘礼物,福利汇总 · 9 条评论 · BGM：《神秘礼物》：点击播放 热门视频： 【邓肯】“梅姨”案 我只是想煮一个鸡蛋，互联网却想教我做人 为什么所有 App 都能借钱给你？网贷如何变得无,34100,https://fuliba2023.net/2026131.html,https://img03.sogoucdn.com/v2/thumb/retype_exclude_gif/ext/auto/q/100/?appid=122&url=tvax4.sinaimg.cn/large/006BNqYCly1ih7v9i5gyrj323u1kwdy6.jpg,福利吧,最新文章,latest,hotlist,2026-09-18,2026-09-21 02:24:22
10,NGA一个精彩刺激的私人经历文,福利吧 · 7 条评论 · 感谢福利吧论坛网友“yyds1111”分享，更多优秀分享请访问福利吧论坛。 这是NGA上一个帖子连载更新的，整理成文本分享。 主要讲KTV里约妹子的事，有荤,33720,https://fuliba2023.net/xiaoc.html,https://img03.sogoucdn.com/v2/thumb/retype_exclude_gif/ext/auto/q/100/?appid=122&url=https://tva1.sinaimg.cn/large/009Zip4ygy1ih6pc9dq8sj30or0gfwgc.jpg,福利吧,最新文章,latest,hotlist,2026-09-17,2026-09-21 02:24:22
11,よふかしのへや：《反正要死了，随你处置》翻拍真人版 逢沢みゆ出演,图解电影 · 20 条评论 · 去年的时候，我们给大家推荐过画师“よふかしのへや”的这部作品 よふかしのへや：《反正要死了，随你处置》 用爱爱拯救厌世少女 时隔一年，这部作品,45313,https://fuliba2023.net/rki-757.html,https://img03.sogoucdn.com/v2/thumb/retype_exclude_gif/ext/auto/q/100/?appid=122&url=tvax3.sinaimg.cn/large/006BNqYCly1ih6bur3oovj316d0r8tuo.jpg,福利吧,最新文章,latest,hotlist,2026-09-17,2026-09-21 02:24:22
12,2026年7月番剧推荐：《我独自盗墓》 更新至第10集,动漫影视 · 1 条评论 · 2024年的时候，我们给大家推荐过一部韩漫改编的异世界动漫作品 2025年这部作品已经出了第二季，异世界番剧里的黑马之作，非常好看 2024年1月番剧推荐,9783,https://fuliba2023.net/tomb-raider-king.html,https://img03.sogoucdn.com/v2/thumb/retype_exclude_gif/ext/auto/q/100/?appid=122&url=tvax3.sinaimg.cn/large/006BNqYCly1ih6v0vd7pmj31gr0u0k15.jpg,福利吧,最新文章,latest,hotlist,2026-09-17,2026-09-21 02:24:22
13,2026年福利汇总第130期 ：百万朵玫瑰,福利汇总 · 11 条评论 · BGM：《百万本のバラ》：点击播放 热门视频： 我们平时点外卖的袋子是如何生产的？ 九年义务教育，正在变成“义务坐牢” 从北京坐火车去新加坡！ 细读,61549,https://fuliba2023.net/2026130.html,https://img03.sogoucdn.com/v2/thumb/retype_exclude_gif/ext/auto/q/100/?appid=122&url=tvax3.sinaimg.cn/large/006BNqYCly1ih5858bs24j323i1hc4qp.jpg,福利吧,最新文章,latest,hotlist,2026-09-16,2026-09-21 02:24:22
14,OnlyHaven：“OnlyFans”和“Patreon”付费资源公共存档站,好孩子kan不见 · 5 条评论 · 之前给大家分享过Coomer和Kemono之类的“OnlyFans”“Fansly”等付费资源存档站 Coomer：OnlyFans付费资源公共存档网站 Thotsbay：OnlyFans资源免付费,37373,https://fuliba2023.net/cum-st.html,https://img03.sogoucdn.com/v2/thumb/retype_exclude_gif/ext/auto/q/100/?appid=122&url=tvax2.sinaimg.cn/large/006BNqYCly1ih3y936dxqj31mi0rnx5b.jpg,福利吧,最新文章,latest,hotlist,2026-09-16,2026-09-21 02:24:22
15,论坛口碑商家：老猫配眼镜，小程序下单全网比价，产品保真价格包满意,购物网赚 · 22 条评论 · 老猫在论坛写了不少科普贴，他新开发了一个微信小程序， 蔡司、柯达、依视路、康耐特十几款镜片，高中低档都有，源头厂家产品保真。 各种材质样式的镜,25631,https://fuliba2023.net/laomao.html,https://img03.sogoucdn.com/v2/thumb/retype_exclude_gif/ext/auto/q/100/?appid=122&url=https://tva1.sinaimg.cn/large/006WeipRgy1igi5wkym3jj30me0gudhj.jpg,福利吧,最新文章,latest,hotlist,2026-09-15,2026-09-21 02:24:22
16,吐槽：又上麦片哥的当了，“蓝芽水月”飞机场秒变大师球 真相究竟是什么？,好孩子kan不见 · 14 条评论 · 之前我们曾经发帖讲过AI技术被麦片哥滥用，一部影片的找出处难度加大 吐槽：论现在麦片的已经恶心到什么地步了 AI技术滥用的后果！ 但是最近网友发帖,39707,https://fuliba2023.net/dvmm-263.html,https://img03.sogoucdn.com/v2/thumb/retype_exclude_gif/ext/auto/q/100/?appid=122&url=tvax2.sinaimg.cn/large/006BNqYCly1ih3z6jnkq1j31cn0r21kx.jpg,福利吧,最新文章,latest,hotlist,2026-09-15,2026-09-21 02:24:22
17,魔兽争霸3时隔23年更新资料片+剧情战役,福利吧 · 6 条评论 · 时隔二十三年，魔兽争霸3在2026年暴雪嘉年华开幕式上正式推出全新单人战役“被遗忘的王国”。 这是继2003年冰封王座资料片之后，该系列首次由官方推出,17698,https://fuliba2023.net/war3.html,https://img03.sogoucdn.com/v2/thumb/retype_exclude_gif/ext/auto/q/100/?appid=122&url=https://tva1.sinaimg.cn/large/009Zip4ygy1ih3luw6bgsj31ac0puwkp.jpg,福利吧,最新文章,latest,hotlist,2026-09-15,2026-09-21 02:24:22
18,摩的司机徐师傅：B站付费充电专属视频上新 从赌鬼到百万UP主，从上山躲债到日入数万,BILIBILI · 31 条评论 · 网盘下载：夸克网盘/百度网盘/迅雷网盘/ 从赌鬼到百万UP主，从上山躲债到日入数万，B站抽象健身博主“街健呆木头”的前半生 ——- 喜欢看各,121299,https://fuliba2023.net/mdsjxsf.html,https://img03.sogoucdn.com/v2/thumb/retype_exclude_gif/ext/auto/q/100/?appid=122&url=tvax4.sinaimg.cn/large/006BNqYCly1ih3xkthacej31j90v2e81.jpg,福利吧,最新文章,latest,hotlist,2026-09-14,2026-09-21 02:24:22
19,2026年福利汇总第129期 ：盒子里的猫,福利汇总 · 11 条评论 · BGM：《弥勒世果報 – undercooled》：点击播放 热门视频： 如何制造海苔 盘点【黄埔军校】各期学员含金量! 办公室没窗、走廊带坡？医院这些R,80967,https://fuliba2023.net/2026129.html,https://img03.sogoucdn.com/v2/thumb/retype_exclude_gif/ext/auto/q/100/?appid=122&url=tvax2.sinaimg.cn/large/006BNqYCly1ih2vimo6kvj323u1kw1kx.jpg,福利吧,最新文章,latest,hotlist,2026-09-14,2026-09-21 02:24:22
20,小松杏&美園和花：一部优势互补的磨豆腐影片 果然人都是羡慕自己没有的东西,好孩子kan不见 · 9 条评论 · 近期一张2023年的推文截图突然火起来 这是“小松杏”首次出演女同题材之后发出的感叹 赞美了“美園和花”的丰满欧派！ 一开始我还想，这有啥好专门吐,53294,https://fuliba2023.net/bban-406.html,https://img03.sogoucdn.com/v2/thumb/retype_exclude_gif/ext/auto/q/100/?appid=122&url=tvax2.sinaimg.cn/large/006BNqYCly1ih1pgd6fr3j31cr0rdazl.jpg,福利吧,最新文章,latest,hotlist,2026-09-14,2026-09-21 02:24:22
1,Netflix韩国剧集：《挑情丑闻》全8集 情爱画面很唯美,影视推荐 · 0 条评论 · Netflix最近上线的一部桃色剧集 原作品是法国18世纪小说家拉克洛用书信形式所写成的小说《危险关系》 剧版改编自由李在容执导、2003年上映的同名电影,990,https://fuliba2023.net/scandals.html,https://img03.sogoucdn.com/v2/thumb/retype_exclude_gif/ext/auto/q/100/?appid=122&url=tvax1.sinaimg.cn/large/006BNqYCly1iha0neyeu0j31x90z5e82.jpg,福利吧,最新文章,latest,hotlist,2026-09-21,2026-09-21 03:16:59
2,“倉木華”遗作《我在深夜便利店做收银被微醺大姐姐攻略》上线 可惜再也看不到妹子新作了,图解电影 · 5 条评论 · 前几天我们曾经发帖说过，又一位日本女演员因为牛郎问题选择了自杀离开这个世界 噩耗：日本女优“倉木華”在住所自杀身亡 死亡原因引网络热议 翻看她,24897,https://fuliba2023.net/snos-397.html,https://img03.sogoucdn.com/v2/thumb/retype_exclude_gif/ext/auto/q/100/?appid=122&url=tvax4.sinaimg.cn/large/006BNqYCly1ih9wo1lt79j31cl0r81kx.jpg,福利吧,最新文章,latest,hotlist,2026-09-20,2026-09-21 03:16:59
3,2026年福利汇总第132期 ：失语梦,福利汇总 · 6 条评论 · BGM：《失语梦》：点击播放 热门视频： 有网友到青海西宁旅游，打车途中，司机师傅一路介绍青海，讲得头头是道 铭文中的谜之天子，逨盘，195件国宝第1,23977,https://fuliba2023.net/2026132.html,https://img03.sogoucdn.com/v2/thumb/retype_exclude_gif/ext/auto/q/100/?appid=122&url=tvax1.sinaimg.cn/large/006BNqYCly1ih9uxu4308j335s23ub14.jpg,福利吧,最新文章,latest,hotlist,2026-09-20,2026-09-21 03:16:59
4,淘宝京东优惠商品汇总，9月20日9点更新 购物领券fuliba99.net,购物网赚 · 314 条评论 · 购物搜券：福利久久 — 精选好货，实时更新 商品更新较快，请加购物群获得第一手消息。微信扫码加好友，回复“京东群”或者“淘宝群”自动拉你。 （E-,444261,https://fuliba2023.net/99.html,https://img03.sogoucdn.com/v2/thumb/retype_exclude_gif/ext/auto/q/100/?appid=122&url=https://tva1.sinaimg.cn/large/009Zip4ygy1ih7lkhasxjj308c08amxj.jpg,福利吧,最新文章,latest,hotlist,2026-09-20,2026-09-21 03:16:59
5,二二酸酸：《青春课本系列》 带你重新认识那些熟悉的语文课文,BILIBILI · 9 条评论 · 今天给大家推荐一个B站的UP主“二二酸酸” 她制作的有一个系列节目叫《青春课本系列》 讲解的都是我们上学时候学习的语文课本里那些文章之外的故事 有,14542,https://fuliba2023.net/erersuansuan.html,https://img03.sogoucdn.com/v2/thumb/retype_exclude_gif/ext/auto/q/100/?appid=122&url=tvax1.sinaimg.cn/large/006BNqYCly1ih8oakntacj313t0ov137.jpg,福利吧,最新文章,latest,hotlist,2026-09-19,2026-09-21 03:16:59
6,蚂蚁阿福X沃莱联名体脂秤4.9（34.9下单返30元支付宝红包）,购物网赚 · 12 条评论 · 体脂秤是一个健康入口，各大平台都在抢占市场。 几年前买的小米体脂秤还花了100多，现在竟然免费送了。 蚂蚁阿福体脂秤原价47的，官方立减7.1，再领5,13820,https://fuliba2023.net/wolai.html,https://img03.sogoucdn.com/v2/thumb/retype_exclude_gif/ext/auto/q/100/?appid=122&url=https://tva1.sinaimg.cn/large/009Zip4ygy1ih91ife18hj309q09o74l.jpg,福利吧,最新文章,latest,hotlist,2026-09-19,2026-09-21 03:16:59
7,“Gattouz0”新作，居然又是亚洲妹 三人同行有点猛,好孩子kan不见 · 13 条评论 · 前几天我们发帖说过“Gattouz0”发布的新作是一个亚洲女孩 虽然他描述是中国人，但是从更新动态等种种迹象来看，更像是一个越南妹 “Gattouz0”再约亚,26907,https://fuliba2023.net/new-gattouz0-bunny-umi-bunny-una-double.html,https://img03.sogoucdn.com/v2/thumb/retype_exclude_gif/ext/auto/q/100/?appid=122&url=tvax4.sinaimg.cn/large/006BNqYCly1ih7we2b494j31ct0rie7s.jpg,福利吧,最新文章,latest,hotlist,2026-09-19,2026-09-21 03:16:59
8,犬上いの字：《收到陌生女性隔空投送发来私密照片的经历》 苹果用户专享,漫画推荐 · 6 条评论 · 今天给大家推荐的是日本画师“犬上いの字”的作品 这部漫画创意挺好，故事内容有轻微SM向，不过是大姐姐纯爱作品 作品共计三话，85P左右，下面是剧情,19901,https://fuliba2023.net/the-story-of-how-i-received-a-racy-selfie-via-image-sharing-from-a-woman-i-didnt-know.html,https://img03.sogoucdn.com/v2/thumb/retype_exclude_gif/ext/auto/q/100/?appid=122&url=tvax1.sinaimg.cn/large/006BNqYCly1ih7wv859lrj31id0w5tm8.jpg,福利吧,最新文章,latest,hotlist,2026-09-18,2026-09-21 03:16:59
9,2026年福利汇总第131期 ：神秘礼物,福利汇总 · 9 条评论 · BGM：《神秘礼物》：点击播放 热门视频： 【邓肯】“梅姨”案 我只是想煮一个鸡蛋，互联网却想教我做人 为什么所有 App 都能借钱给你？网贷如何变得无,34131,https://fuliba2023.net/2026131.html,https://img03.sogoucdn.com/v2/thumb/retype_exclude_gif/ext/auto/q/100/?appid=122&url=tvax4.sinaimg.cn/large/006BNqYCly1ih7v9i5gyrj323u1kwdy6.jpg,福利吧,最新文章,latest,hotlist,2026-09-18,2026-09-21 03:16:59
10,NGA一个精彩刺激的私人经历文,福利吧 · 7 条评论 · 感谢福利吧论坛网友“yyds1111”分享，更多优秀分享请访问福利吧论坛。 这是NGA上一个帖子连载更新的，整理成文本分享。 主要讲KTV里约妹子的事，有荤,33750,https://fuliba2023.net/xiaoc.html,https://img03.sogoucdn.com/v2/thumb/retype_exclude_gif/ext/auto/q/100/?appid=122&url=https://tva1.sinaimg.cn/large/009Zip4ygy1ih6pc9dq8sj30or0gfwgc.jpg,福利吧,最新文章,latest,hotlist,2026-09-17,2026-09-21 03:16:59
11,よふかしのへや：《反正要死了，随你处置》翻拍真人版 逢沢みゆ出演,图解电影 · 20 条评论 · 去年的时候，我们给大家推荐过画师“よふかしのへや”的这部作品 よふかしのへや：《反正要死了，随你处置》 用爱爱拯救厌世少女 时隔一年，这部作品,45342,https://fuliba2023.net/rki-757.html,https://img03.sogoucdn.com/v2/thumb/retype_exclude_gif/ext/auto/q/100/?appid=122&url=tvax3.sinaimg.cn/large/006BNqYCly1ih6bur3oovj316d0r8tuo.jpg,福利吧,最新文章,latest,hotlist,2026-09-17,2026-09-21 03:16:59
12,2026年7月番剧推荐：《我独自盗墓》 更新至第10集,动漫影视 · 1 条评论 · 2024年的时候，我们给大家推荐过一部韩漫改编的异世界动漫作品 2025年这部作品已经出了第二季，异世界番剧里的黑马之作，非常好看 2024年1月番剧推荐,9794,https://fuliba2023.net/tomb-raider-king.html,https://img03.sogoucdn.com/v2/thumb/retype_exclude_gif/ext/auto/q/100/?appid=122&url=tvax3.sinaimg.cn/large/006BNqYCly1ih6v0vd7pmj31gr0u0k15.jpg,福利吧,最新文章,latest,hotlist,2026-09-17,2026-09-21 03:16:59
13,2026年福利汇总第130期 ：百万朵玫瑰,福利汇总 · 11 条评论 · BGM：《百万本のバラ》：点击播放 热门视频： 我们平时点外卖的袋子是如何生产的？ 九年义务教育，正在变成“义务坐牢” 从北京坐火车去新加坡！ 细读,61566,https://fuliba2023.net/2026130.html,https://img03.sogoucdn.com/v2/thumb/retype_exclude_gif/ext/auto/q/100/?appid=122&url=tvax3.sinaimg.cn/large/006BNqYCly1ih5858bs24j323i1hc4qp.jpg,福利吧,最新文章,latest,hotlist,2026-09-16,2026-09-21 03:16:59
14,OnlyHaven：“OnlyFans”和“Patreon”付费资源公共存档站,好孩子kan不见 · 5 条评论 · 之前给大家分享过Coomer和Kemono之类的“OnlyFans”“Fansly”等付费资源存档站 Coomer：OnlyFans付费资源公共存档网站 Thotsbay：OnlyFans资源免付费,37402,https://fuliba2023.net/cum-st.html,https://img03.sogoucdn.com/v2/thumb/retype_exclude_gif/ext/auto/q/100/?appid=122&url=tvax2.sinaimg.cn/large/006BNqYCly1ih3y936dxqj31mi0rnx5b.jpg,福利吧,最新文章,latest,hotlist,2026-09-16,2026-09-21 03:16:59
15,论坛口碑商家：老猫配眼镜，小程序下单全网比价，产品保真价格包满意,购物网赚 · 22 条评论 · 老猫在论坛写了不少科普贴，他新开发了一个微信小程序， 蔡司、柯达、依视路、康耐特十几款镜片，高中低档都有，源头厂家产品保真。 各种材质样式的镜,25642,https://fuliba2023.net/laomao.html,https://img03.sogoucdn.com/v2/thumb/retype_exclude_gif/ext/auto/q/100/?appid=122&url=https://tva1.sinaimg.cn/large/006WeipRgy1igi5wkym3jj30me0gudhj.jpg,福利吧,最新文章,latest,hotlist,2026-09-15,2026-09-21 03:16:59
16,吐槽：又上麦片哥的当了，“蓝芽水月”飞机场秒变大师球 真相究竟是什么？,好孩子kan不见 · 14 条评论 · 之前我们曾经发帖讲过AI技术被麦片哥滥用，一部影片的找出处难度加大 吐槽：论现在麦片的已经恶心到什么地步了 AI技术滥用的后果！ 但是最近网友发帖,39732,https://fuliba2023.net/dvmm-263.html,https://img03.sogoucdn.com/v2/thumb/retype_exclude_gif/ext/auto/q/100/?appid=122&url=tvax2.sinaimg.cn/large/006BNqYCly1ih3z6jnkq1j31cn0r21kx.jpg,福利吧,最新文章,latest,hotlist,2026-09-15,2026-09-21 03:16:59
17,魔兽争霸3时隔23年更新资料片+剧情战役,福利吧 · 6 条评论 · 时隔二十三年，魔兽争霸3在2026年暴雪嘉年华开幕式上正式推出全新单人战役“被遗忘的王国”。 这是继2003年冰封王座资料片之后，该系列首次由官方推出,17711,https://fuliba2023.net/war3.html,https://img03.sogoucdn.com/v2/thumb/retype_exclude_gif/ext/auto/q/100/?appid=122&url=https://tva1.sinaimg.cn/large/009Zip4ygy1ih3luw6bgsj31ac0puwkp.jpg,福利吧,最新文章,latest,hotlist,2026-09-15,2026-09-21 03:16:59
18,摩的司机徐师傅：B站付费充电专属视频上新 从赌鬼到百万UP主，从上山躲债到日入数万,BILIBILI · 31 条评论 · 网盘下载：夸克网盘/百度网盘/迅雷网盘/ 从赌鬼到百万UP主，从上山躲债到日入数万，B站抽象健身博主“街健呆木头”的前半生 ——- 喜欢看各,121308,https://fuliba2023.net/mdsjxsf.html,https://img03.sogoucdn.com/v2/thumb/retype_exclude_gif/ext/auto/q/100/?appid=122&url=tvax4.sinaimg.cn/large/006BNqYCly1ih3xkthacej31j90v2e81.jpg,福利吧,最新文章,latest,hotlist,2026-09-14,2026-09-21 03:16:59
19,2026年福利汇总第129期 ：盒子里的猫,福利汇总 · 11 条评论 · BGM：《弥勒世果報 – undercooled》：点击播放 热门视频： 如何制造海苔 盘点【黄埔军校】各期学员含金量! 办公室没窗、走廊带坡？医院这些R,80979,https://fuliba2023.net/2026129.html,https://img03.sogoucdn.com/v2/thumb/retype_exclude_gif/ext/auto/q/100/?appid=122&url=tvax2.sinaimg.cn/large/006BNqYCly1ih2vimo6kvj323u1kw1kx.jpg,福利吧,最新文章,latest,hotlist,2026-09-14,2026-09-21 03:16:59
20,小松杏&美園和花：一部优势互补的磨豆腐影片 果然人都是羡慕自己没有的东西,好孩子kan不见 · 9 条评论 · 近期一张2023年的推文截图突然火起来 这是“小松杏”首次出演女同题材之后发出的感叹 赞美了“美園和花”的丰满欧派！ 一开始我还想，这有啥好专门吐,53317,https://fuliba2023.net/bban-406.html,https://img03.sogoucdn.com/v2/thumb/retype_exclude_gif/ext/auto/q/100/?appid=122&url=tvax2.sinaimg.cn/large/006BNqYCly1ih1pgd6fr3j31cr0rdazl.jpg,福利吧,最新文章,latest,hotlist,2026-09-14,2026-09-21 03:16:59
1,Netflix韩国剧集：《挑情丑闻》全8集 情爱画面很唯美,影视推荐 · 0 条评论 · Netflix最近上线的一部桃色剧集 原作品是法国18世纪小说家拉克洛用书信形式所写成的小说《危险关系》 剧版改编自由李在容执导、2003年上映的同名电影,1186,https://fuliba2023.net/scandals.html,https://img03.sogoucdn.com/v2/thumb/retype_exclude_gif/ext/auto/q/100/?appid=122&url=tvax1.sinaimg.cn/large/006BNqYCly1iha0neyeu0j31x90z5e82.jpg,福利吧,最新文章,latest,hotlist,2026-09-21,2026-09-21 04:20:47
2,“倉木華”遗作《我在深夜便利店做收银被微醺大姐姐攻略》上线 可惜再也看不到妹子新作了,图解电影 · 5 条评论 · 前几天我们曾经发帖说过，又一位日本女演员因为牛郎问题选择了自杀离开这个世界 噩耗：日本女优“倉木華”在住所自杀身亡 死亡原因引网络热议 翻看她,25009,https://fuliba2023.net/snos-397.html,https://img03.sogoucdn.com/v2/thumb/retype_exclude_gif/ext/auto/q/100/?appid=122&url=tvax4.sinaimg.cn/large/006BNqYCly1ih9wo1lt79j31cl0r81kx.jpg,福利吧,最新文章,latest,hotlist,2026-09-20,2026-09-21 04:20:47
3,2026年福利汇总第132期 ：失语梦,福利汇总 · 6 条评论 · BGM：《失语梦》：点击播放 热门视频： 有网友到青海西宁旅游，打车途中，司机师傅一路介绍青海，讲得头头是道 铭文中的谜之天子，逨盘，195件国宝第1,24070,https://fuliba2023.net/2026132.html,https://img03.sogoucdn.com/v2/thumb/retype_exclude_gif/ext/auto/q/100/?appid=122&url=tvax1.sinaimg.cn/large/006BNqYCly1ih9uxu4308j335s23ub14.jpg,福利吧,最新文章,latest,hotlist,2026-09-20,2026-09-21 04:20:47
4,淘宝京东优惠商品汇总，9月20日9点更新 购物领券fuliba99.net,购物网赚 · 314 条评论 · 购物搜券：福利久久 — 精选好货，实时更新 商品更新较快，请加购物群获得第一手消息。微信扫码加好友，回复“京东群”或者“淘宝群”自动拉你。 （E-,444275,https://fuliba2023.net/99.html,https://img03.sogoucdn.com/v2/thumb/retype_exclude_gif/ext/auto/q/100/?appid=122&url=https://tva1.sinaimg.cn/large/009Zip4ygy1ih7lkhasxjj308c08amxj.jpg,福利吧,最新文章,latest,hotlist,2026-09-20,2026-09-21 04:20:47
5,二二酸酸：《青春课本系列》 带你重新认识那些熟悉的语文课文,BILIBILI · 9 条评论 · 今天给大家推荐一个B站的UP主“二二酸酸” 她制作的有一个系列节目叫《青春课本系列》 讲解的都是我们上学时候学习的语文课本里那些文章之外的故事 有,14570,https://fuliba2023.net/erersuansuan.html,https://img03.sogoucdn.com/v2/thumb/retype_exclude_gif/ext/auto/q/100/?appid=122&url=tvax1.sinaimg.cn/large/006BNqYCly1ih8oakntacj313t0ov137.jpg,福利吧,最新文章,latest,hotlist,2026-09-19,2026-09-21 04:20:47
6,蚂蚁阿福X沃莱联名体脂秤4.9（34.9下单返30元支付宝红包）,购物网赚 · 12 条评论 · 体脂秤是一个健康入口，各大平台都在抢占市场。 几年前买的小米体脂秤还花了100多，现在竟然免费送了。 蚂蚁阿福体脂秤原价47的，官方立减7.1，再领5,13831,https://fuliba2023.net/wolai.html,https://img03.sogoucdn.com/v2/thumb/retype_exclude_gif/ext/auto/q/100/?appid=122&url=https://tva1.sinaimg.cn/large/009Zip4ygy1ih91ife18hj309q09o74l.jpg,福利吧,最新文章,latest,hotlist,2026-09-19,2026-09-21 04:20:47
7,“Gattouz0”新作，居然又是亚洲妹 三人同行有点猛,好孩子kan不见 · 13 条评论 · 前几天我们发帖说过“Gattouz0”发布的新作是一个亚洲女孩 虽然他描述是中国人，但是从更新动态等种种迹象来看，更像是一个越南妹 “Gattouz0”再约亚,26968,https://fuliba2023.net/new-gattouz0-bunny-umi-bunny-una-double.html,https://img03.sogoucdn.com/v2/thumb/retype_exclude_gif/ext/auto/q/100/?appid=122&url=tvax4.sinaimg.cn/large/006BNqYCly1ih7we2b494j31ct0rie7s.jpg,福利吧,最新文章,latest,hotlist,2026-09-19,2026-09-21 04:20:47
8,犬上いの字：《收到陌生女性隔空投送发来私密照片的经历》 苹果用户专享,漫画推荐 · 6 条评论 · 今天给大家推荐的是日本画师“犬上いの字”的作品 这部漫画创意挺好，故事内容有轻微SM向，不过是大姐姐纯爱作品 作品共计三话，85P左右，下面是剧情,19920,https://fuliba2023.net/the-story-of-how-i-received-a-racy-selfie-via-image-sharing-from-a-woman-i-didnt-know.html,https://img03.sogoucdn.com/v2/thumb/retype_exclude_gif/ext/auto/q/100/?appid=122&url=tvax1.sinaimg.cn/large/006BNqYCly1ih7wv859lrj31id0w5tm8.jpg,福利吧,最新文章,latest,hotlist,2026-09-18,2026-09-21 04:20:47
9,2026年福利汇总第131期 ：神秘礼物,福利汇总 · 9 条评论 · BGM：《神秘礼物》：点击播放 热门视频： 【邓肯】“梅姨”案 我只是想煮一个鸡蛋，互联网却想教我做人 为什么所有 App 都能借钱给你？网贷如何变得无,34154,https://fuliba2023.net/2026131.html,https://img03.sogoucdn.com/v2/thumb/retype_exclude_gif/ext/auto/q/100/?appid=122&url=tvax4.sinaimg.cn/large/006BNqYCly1ih7v9i5gyrj323u1kwdy6.jpg,福利吧,最新文章,latest,hotlist,2026-09-18,2026-09-21 04:20:47
10,NGA一个精彩刺激的私人经历文,福利吧 · 7 条评论 · 感谢福利吧论坛网友“yyds1111”分享，更多优秀分享请访问福利吧论坛。 这是NGA上一个帖子连载更新的，整理成文本分享。 主要讲KTV里约妹子的事，有荤,33775,https://fuliba2023.net/xiaoc.html,https://img03.sogoucdn.com/v2/thumb/retype_exclude_gif/ext/auto/q/100/?appid=122&url=https://tva1.sinaimg.cn/large/009Zip4ygy1ih6pc9dq8sj30or0gfwgc.jpg,福利吧,最新文章,latest,hotlist,2026-09-17,2026-09-21 04:20:47
11,よふかしのへや：《反正要死了，随你处置》翻拍真人版 逢沢みゆ出演,图解电影 · 20 条评论 · 去年的时候，我们给大家推荐过画师“よふかしのへや”的这部作品 よふかしのへや：《反正要死了，随你处置》 用爱爱拯救厌世少女 时隔一年，这部作品,45363,https://fuliba2023.net/rki-757.html,https://img03.sogoucdn.com/v2/thumb/retype_exclude_gif/ext/auto/q/100/?appid=122&url=tvax3.sinaimg.cn/large/006BNqYCly1ih6bur3oovj316d0r8tuo.jpg,福利吧,最新文章,latest,hotlist,2026-09-17,2026-09-21 04:20:47
12,2026年7月番剧推荐：《我独自盗墓》 更新至第10集,动漫影视 · 1 条评论 · 2024年的时候，我们给大家推荐过一部韩漫改编的异世界动漫作品 2025年这部作品已经出了第二季，异世界番剧里的黑马之作，非常好看 2024年1月番剧推荐,9803,https://fuliba2023.net/tomb-raider-king.html,https://img03.sogoucdn.com/v2/thumb/retype_exclude_gif/ext/auto/q/100/?appid=122&url=tvax3.sinaimg.cn/large/006BNqYCly1ih6v0vd7pmj31gr0u0k15.jpg,福利吧,最新文章,latest,hotlist,2026-09-17,2026-09-21 04:20:47
13,2026年福利汇总第130期 ：百万朵玫瑰,福利汇总 · 11 条评论 · BGM：《百万本のバラ》：点击播放 热门视频： 我们平时点外卖的袋子是如何生产的？ 九年义务教育，正在变成“义务坐牢” 从北京坐火车去新加坡！ 细读,61583,https://fuliba2023.net/2026130.html,https://img03.sogoucdn.com/v2/thumb/retype_exclude_gif/ext/auto/q/100/?appid=122&url=tvax3.sinaimg.cn/large/006BNqYCly1ih5858bs24j323i1hc4qp.jpg,福利吧,最新文章,latest,hotlist,2026-09-16,2026-09-21 04:20:47
14,OnlyHaven：“OnlyFans”和“Patreon”付费资源公共存档站,好孩子kan不见 · 5 条评论 · 之前给大家分享过Coomer和Kemono之类的“OnlyFans”“Fansly”等付费资源存档站 Coomer：OnlyFans付费资源公共存档网站 Thotsbay：OnlyFans资源免付费,37429,https://fuliba2023.net/cum-st.html,https://img03.sogoucdn.com/v2/thumb/retype_exclude_gif/ext/auto/q/100/?appid=122&url=tvax2.sinaimg.cn/large/006BNqYCly1ih3y936dxqj31mi0rnx5b.jpg,福利吧,最新文章,latest,hotlist,2026-09-16,2026-09-21 04:20:47
15,论坛口碑商家：老猫配眼镜，小程序下单全网比价，产品保真价格包满意,购物网赚 · 22 条评论 · 老猫在论坛写了不少科普贴，他新开发了一个微信小程序， 蔡司、柯达、依视路、康耐特十几款镜片，高中低档都有，源头厂家产品保真。 各种材质样式的镜,25651,https://fuliba2023.net/laomao.html,https://img03.sogoucdn.com/v2/thumb/retype_exclude_gif/ext/auto/q/100/?appid=122&url=https://tva1.sinaimg.cn/large/006WeipRgy1igi5wkym3jj30me0gudhj.jpg,福利吧,最新文章,latest,hotlist,2026-09-15,2026-09-21 04:20:47
16,吐槽：又上麦片哥的当了，“蓝芽水月”飞机场秒变大师球 真相究竟是什么？,好孩子kan不见 · 14 条评论 · 之前我们曾经发帖讲过AI技术被麦片哥滥用，一部影片的找出处难度加大 吐槽：论现在麦片的已经恶心到什么地步了 AI技术滥用的后果！ 但是最近网友发帖,39753,https://fuliba2023.net/dvmm-263.html,https://img03.sogoucdn.com/v2/thumb/retype_exclude_gif/ext/auto/q/100/?appid=122&url=tvax2.sinaimg.cn/large/006BNqYCly1ih3z6jnkq1j31cn0r21kx.jpg,福利吧,最新文章,latest,hotlist,2026-09-15,2026-09-21 04:20:47
17,魔兽争霸3时隔23年更新资料片+剧情战役,福利吧 · 6 条评论 · 时隔二十三年，魔兽争霸3在2026年暴雪嘉年华开幕式上正式推出全新单人战役“被遗忘的王国”。 这是继2003年冰封王座资料片之后，该系列首次由官方推出,17717,https://fuliba2023.net/war3.html,https://img03.sogoucdn.com/v2/thumb/retype_exclude_gif/ext/auto/q/100/?appid=122&url=https://tva1.sinaimg.cn/large/009Zip4ygy1ih3luw6bgsj31ac0puwkp.jpg,福利吧,最新文章,latest,hotlist,2026-09-15,2026-09-21 04:20:47
18,摩的司机徐师傅：B站付费充电专属视频上新 从赌鬼到百万UP主，从上山躲债到日入数万,BILIBILI · 31 条评论 · 网盘下载：夸克网盘/百度网盘/迅雷网盘/ 从赌鬼到百万UP主，从上山躲债到日入数万，B站抽象健身博主“街健呆木头”的前半生 ——- 喜欢看各,121318,https://fuliba2023.net/mdsjxsf.html,https://img03.sogoucdn.com/v2/thumb/retype_exclude_gif/ext/auto/q/100/?appid=122&url=tvax4.sinaimg.cn/large/006BNqYCly1ih3xkthacej31j90v2e81.jpg,福利吧,最新文章,latest,hotlist,2026-09-14,2026-09-21 04:20:47
19,2026年福利汇总第129期 ：盒子里的猫,福利汇总 · 11 条评论 · BGM：《弥勒世果報 – undercooled》：点击播放 热门视频： 如何制造海苔 盘点【黄埔军校】各期学员含金量! 办公室没窗、走廊带坡？医院这些R,80993,https://fuliba2023.net/2026129.html,https://img03.sogoucdn.com/v2/thumb/retype_exclude_gif/ext/auto/q/100/?appid=122&url=tvax2.sinaimg.cn/large/006BNqYCly1ih2vimo6kvj323u1kw1kx.jpg,福利吧,最新文章,latest,hotlist,2026-09-14,2026-09-21 04:20:47
20,小松杏&美園和花：一部优势互补的磨豆腐影片 果然人都是羡慕自己没有的东西,好孩子kan不见 · 9 条评论 · 近期一张2023年的推文截图突然火起来 这是“小松杏”首次出演女同题材之后发出的感叹 赞美了“美園和花”的丰满欧派！ 一开始我还想，这有啥好专门吐,53338,https://fuliba2023.net/bban-406.html,https://img03.sogoucdn.com/v2/thumb/retype_exclude_gif/ext/auto/q/100/?appid=122&url=tvax2.sinaimg.cn/large/006BNqYCly1ih1pgd6fr3j31cr0rdazl.jpg,福利吧,最新文章,latest,hotlist,2026-09-14,2026-09-21 04:20:47
1,Netflix韩国剧集：《挑情丑闻》全8集 情爱画面很唯美,影视推荐 · 0 条评论 · Netflix最近上线的一部桃色剧集 原作品是法国18世纪小说家拉克洛用书信形式所写成的小说《危险关系》 剧版改编自由李在容执导、2003年上映的同名电影,1342,https://fuliba2023.net/scandals.html,https://img03.sogoucdn.com/v2/thumb/retype_exclude_gif/ext/auto/q/100/?appid=122&url=tvax1.sinaimg.cn/large/006BNqYCly1iha0neyeu0j31x90z5e82.jpg,福利吧,最新文章,latest,hotlist,2026-09-21,2026-09-21 05:20:01
2,“倉木華”遗作《我在深夜便利店做收银被微醺大姐姐攻略》上线 可惜再也看不到妹子新作了,图解电影 · 5 条评论 · 前几天我们曾经发帖说过，又一位日本女演员因为牛郎问题选择了自杀离开这个世界 噩耗：日本女优“倉木華”在住所自杀身亡 死亡原因引网络热议 翻看她,25095,https://fuliba2023.net/snos-397.html,https://img03.sogoucdn.com/v2/thumb/retype_exclude_gif/ext/auto/q/100/?appid=122&url=tvax4.sinaimg.cn/large/006BNqYCly1ih9wo1lt79j31cl0r81kx.jpg,福利吧,最新文章,latest,hotlist,2026-09-20,2026-09-21 05:20:01
3,2026年福利汇总第132期 ：失语梦,福利汇总 · 6 条评论 · BGM：《失语梦》：点击播放 热门视频： 有网友到青海西宁旅游，打车途中，司机师傅一路介绍青海，讲得头头是道 铭文中的谜之天子，逨盘，195件国宝第1,24173,https://fuliba2023.net/2026132.html,https://img03.sogoucdn.com/v2/thumb/retype_exclude_gif/ext/auto/q/100/?appid=122&url=tvax1.sinaimg.cn/large/006BNqYCly1ih9uxu4308j335s23ub14.jpg,福利吧,最新文章,latest,hotlist,2026-09-20,2026-09-21 05:20:01
4,淘宝京东优惠商品汇总，9月20日9点更新 购物领券fuliba99.net,购物网赚 · 314 条评论 · 购物搜券：福利久久 — 精选好货，实时更新 商品更新较快，请加购物群获得第一手消息。微信扫码加好友，回复“京东群”或者“淘宝群”自动拉你。 （E-,444284,https://fuliba2023.net/99.html,https://img03.sogoucdn.com/v2/thumb/retype_exclude_gif/ext/auto/q/100/?appid=122&url=https://tva1.sinaimg.cn/large/009Zip4ygy1ih7lkhasxjj308c08amxj.jpg,福利吧,最新文章,latest,hotlist,2026-09-20,2026-09-21 05:20:01
5,二二酸酸：《青春课本系列》 带你重新认识那些熟悉的语文课文,BILIBILI · 9 条评论 · 今天给大家推荐一个B站的UP主“二二酸酸” 她制作的有一个系列节目叫《青春课本系列》 讲解的都是我们上学时候学习的语文课本里那些文章之外的故事 有,14585,https://fuliba2023.net/erersuansuan.html,https://img03.sogoucdn.com/v2/thumb/retype_exclude_gif/ext/auto/q/100/?appid=122&url=tvax1.sinaimg.cn/large/006BNqYCly1ih8oakntacj313t0ov137.jpg,福利吧,最新文章,latest,hotlist,2026-09-19,2026-09-21 05:20:01
6,蚂蚁阿福X沃莱联名体脂秤4.9（34.9下单返30元支付宝红包）,购物网赚 · 12 条评论 · 体脂秤是一个健康入口，各大平台都在抢占市场。 几年前买的小米体脂秤还花了100多，现在竟然免费送了。 蚂蚁阿福体脂秤原价47的，官方立减7.1，再领5,13843,https://fuliba2023.net/wolai.html,https://img03.sogoucdn.com/v2/thumb/retype_exclude_gif/ext/auto/q/100/?appid=122&url=https://tva1.sinaimg.cn/large/009Zip4ygy1ih91ife18hj309q09o74l.jpg,福利吧,最新文章,latest,hotlist,2026-09-19,2026-09-21 05:20:01
7,“Gattouz0”新作，居然又是亚洲妹 三人同行有点猛,好孩子kan不见 · 13 条评论 · 前几天我们发帖说过“Gattouz0”发布的新作是一个亚洲女孩 虽然他描述是中国人，但是从更新动态等种种迹象来看，更像是一个越南妹 “Gattouz0”再约亚,27013,https://fuliba2023.net/new-gattouz0-bunny-umi-bunny-una-double.html,https://img03.sogoucdn.com/v2/thumb/retype_exclude_gif/ext/auto/q/100/?appid=122&url=tvax4.sinaimg.cn/large/006BNqYCly1ih7we2b494j31ct0rie7s.jpg,福利吧,最新文章,latest,hotlist,2026-09-19,2026-09-21 05:20:01
8,犬上いの字：《收到陌生女性隔空投送发来私密照片的经历》 苹果用户专享,漫画推荐 · 6 条评论 · 今天给大家推荐的是日本画师“犬上いの字”的作品 这部漫画创意挺好，故事内容有轻微SM向，不过是大姐姐纯爱作品 作品共计三话，85P左右，下面是剧情,19935,https://fuliba2023.net/the-story-of-how-i-received-a-racy-selfie-via-image-sharing-from-a-woman-i-didnt-know.html,https://img03.sogoucdn.com/v2/thumb/retype_exclude_gif/ext/auto/q/100/?appid=122&url=tvax1.sinaimg.cn/large/006BNqYCly1ih7wv859lrj31id0w5tm8.jpg,福利吧,最新文章,latest,hotlist,2026-09-18,2026-09-21 05:20:01
9,2026年福利汇总第131期 ：神秘礼物,福利汇总 · 9 条评论 · BGM：《神秘礼物》：点击播放 热门视频： 【邓肯】“梅姨”案 我只是想煮一个鸡蛋，互联网却想教我做人 为什么所有 App 都能借钱给你？网贷如何变得无,34174,https://fuliba2023.net/2026131.html,https://img03.sogoucdn.com/v2/thumb/retype_exclude_gif/ext/auto/q/100/?appid=122&url=tvax4.sinaimg.cn/large/006BNqYCly1ih7v9i5gyrj323u1kwdy6.jpg,福利吧,最新文章,latest,hotlist,2026-09-18,2026-09-21 05:20:01
10,NGA一个精彩刺激的私人经历文,福利吧 · 7 条评论 · 感谢福利吧论坛网友“yyds1111”分享，更多优秀分享请访问福利吧论坛。 这是NGA上一个帖子连载更新的，整理成文本分享。 主要讲KTV里约妹子的事，有荤,33787,https://fuliba2023.net/xiaoc.html,https://img03.sogoucdn.com/v2/thumb/retype_exclude_gif/ext/auto/q/100/?appid=122&url=https://tva1.sinaimg.cn/large/009Zip4ygy1ih6pc9dq8sj30or0gfwgc.jpg,福利吧,最新文章,latest,hotlist,2026-09-17,2026-09-21 05:20:01
11,よふかしのへや：《反正要死了，随你处置》翻拍真人版 逢沢みゆ出演,图解电影 · 20 条评论 · 去年的时候，我们给大家推荐过画师“よふかしのへや”的这部作品 よふかしのへや：《反正要死了，随你处置》 用爱爱拯救厌世少女 时隔一年，这部作品,45378,https://fuliba2023.net/rki-757.html,https://img03.sogoucdn.com/v2/thumb/retype_exclude_gif/ext/auto/q/100/?appid=122&url=tvax3.sinaimg.cn/large/006BNqYCly1ih6bur3oovj316d0r8tuo.jpg,福利吧,最新文章,latest,hotlist,2026-09-17,2026-09-21 05:20:01
12,2026年7月番剧推荐：《我独自盗墓》 更新至第10集,动漫影视 · 1 条评论 · 2024年的时候，我们给大家推荐过一部韩漫改编的异世界动漫作品 2025年这部作品已经出了第二季，异世界番剧里的黑马之作，非常好看 2024年1月番剧推荐,9808,https://fuliba2023.net/tomb-raider-king.html,https://img03.sogoucdn.com/v2/thumb/retype_exclude_gif/ext/auto/q/100/?appid=122&url=tvax3.sinaimg.cn/large/006BNqYCly1ih6v0vd7pmj31gr0u0k15.jpg,福利吧,最新文章,latest,hotlist,2026-09-17,2026-09-21 05:20:01
13,2026年福利汇总第130期 ：百万朵玫瑰,福利汇总 · 11 条评论 · BGM：《百万本のバラ》：点击播放 热门视频： 我们平时点外卖的袋子是如何生产的？ 九年义务教育，正在变成“义务坐牢” 从北京坐火车去新加坡！ 细读,61603,https://fuliba2023.net/2026130.html,https://img03.sogoucdn.com/v2/thumb/retype_exclude_gif/ext/auto/q/100/?appid=122&url=tvax3.sinaimg.cn/large/006BNqYCly1ih5858bs24j323i1hc4qp.jpg,福利吧,最新文章,latest,hotlist,2026-09-16,2026-09-21 05:20:01
14,OnlyHaven：“OnlyFans”和“Patreon”付费资源公共存档站,好孩子kan不见 · 5 条评论 · 之前给大家分享过Coomer和Kemono之类的“OnlyFans”“Fansly”等付费资源存档站 Coomer：OnlyFans付费资源公共存档网站 Thotsbay：OnlyFans资源免付费,37443,https://fuliba2023.net/cum-st.html,https://img03.sogoucdn.com/v2/thumb/retype_exclude_gif/ext/auto/q/100/?appid=122&url=tvax2.sinaimg.cn/large/006BNqYCly1ih3y936dxqj31mi0rnx5b.jpg,福利吧,最新文章,latest,hotlist,2026-09-16,2026-09-21 05:20:01
15,论坛口碑商家：老猫配眼镜，小程序下单全网比价，产品保真价格包满意,购物网赚 · 22 条评论 · 老猫在论坛写了不少科普贴，他新开发了一个微信小程序， 蔡司、柯达、依视路、康耐特十几款镜片，高中低档都有，源头厂家产品保真。 各种材质样式的镜,25659,https://fuliba2023.net/laomao.html,https://img03.sogoucdn.com/v2/thumb/retype_exclude_gif/ext/auto/q/100/?appid=122&url=https://tva1.sinaimg.cn/large/006WeipRgy1igi5wkym3jj30me0gudhj.jpg,福利吧,最新文章,latest,hotlist,2026-09-15,2026-09-21 05:20:01
16,吐槽：又上麦片哥的当了，“蓝芽水月”飞机场秒变大师球 真相究竟是什么？,好孩子kan不见 · 14 条评论 · 之前我们曾经发帖讲过AI技术被麦片哥滥用，一部影片的找出处难度加大 吐槽：论现在麦片的已经恶心到什么地步了 AI技术滥用的后果！ 但是最近网友发帖,39759,https://fuliba2023.net/dvmm-263.html,https://img03.sogoucdn.com/v2/thumb/retype_exclude_gif/ext/auto/q/100/?appid=122&url=tvax2.sinaimg.cn/large/006BNqYCly1ih3z6jnkq1j31cn0r21kx.jpg,福利吧,最新文章,latest,hotlist,2026-09-15,2026-09-21 05:20:01
17,魔兽争霸3时隔23年更新资料片+剧情战役,福利吧 · 6 条评论 · 时隔二十三年，魔兽争霸3在2026年暴雪嘉年华开幕式上正式推出全新单人战役“被遗忘的王国”。 这是继2003年冰封王座资料片之后，该系列首次由官方推出,17726,https://fuliba2023.net/war3.html,https://img03.sogoucdn.com/v2/thumb/retype_exclude_gif/ext/auto/q/100/?appid=122&url=https://tva1.sinaimg.cn/large/009Zip4ygy1ih3luw6bgsj31ac0puwkp.jpg,福利吧,最新文章,latest,hotlist,2026-09-15,2026-09-21 05:20:01
18,摩的司机徐师傅：B站付费充电专属视频上新 从赌鬼到百万UP主，从上山躲债到日入数万,BILIBILI · 31 条评论 · 网盘下载：夸克网盘/百度网盘/迅雷网盘/ 从赌鬼到百万UP主，从上山躲债到日入数万，B站抽象健身博主“街健呆木头”的前半生 ——- 喜欢看各,121326,https://fuliba2023.net/mdsjxsf.html,https://img03.sogoucdn.com/v2/thumb/retype_exclude_gif/ext/auto/q/100/?appid=122&url=tvax4.sinaimg.cn/large/006BNqYCly1ih3xkthacej31j90v2e81.jpg,福利吧,最新文章,latest,hotlist,2026-09-14,2026-09-21 05:20:01
19,2026年福利汇总第129期 ：盒子里的猫,福利汇总 · 11 条评论 · BGM：《弥勒世果報 – undercooled》：点击播放 热门视频： 如何制造海苔 盘点【黄埔军校】各期学员含金量! 办公室没窗、走廊带坡？医院这些R,81006,https://fuliba2023.net/2026129.html,https://img03.sogoucdn.com/v2/thumb/retype_exclude_gif/ext/auto/q/100/?appid=122&url=tvax2.sinaimg.cn/large/006BNqYCly1ih2vimo6kvj323u1kw1kx.jpg,福利吧,最新文章,latest,hotlist,2026-09-14,2026-09-21 05:20:01
20,小松杏&美園和花：一部优势互补的磨豆腐影片 果然人都是羡慕自己没有的东西,好孩子kan不见 · 9 条评论 · 近期一张2023年的推文截图突然火起来 这是“小松杏”首次出演女同题材之后发出的感叹 赞美了“美園和花”的丰满欧派！ 一开始我还想，这有啥好专门吐,53346,https://fuliba2023.net/bban-406.html,https://img03.sogoucdn.com/v2/thumb/retype_exclude_gif/ext/auto/q/100/?appid=122&url=tvax2.sinaimg.cn/large/006BNqYCly1ih1pgd6fr3j31cr0rdazl.jpg,福利吧,最新文章,latest,hotlist,2026-09-14,2026-09-21 05:20:01
1,Netflix韩国剧集：《挑情丑闻》全8集 情爱画面很唯美,影视推荐 · 0 条评论 · Netflix最近上线的一部桃色剧集 原作品是法国18世纪小说家拉克洛用书信形式所写成的小说《危险关系》 剧版改编自由李在容执导、2003年上映的同名电影,1650,https://fuliba2023.net/scandals.html,https://img03.sogoucdn.com/v2/thumb/retype_exclude_gif/ext/auto/q/100/?appid=122&url=tvax1.sinaimg.cn/large/006BNqYCly1iha0neyeu0j31x90z5e82.jpg,福利吧,最新文章,latest,hotlist,2026-09-21,2026-09-21 06:19:38
2,“倉木華”遗作《我在深夜便利店做收银被微醺大姐姐攻略》上线 可惜再也看不到妹子新作了,图解电影 · 5 条评论 · 前几天我们曾经发帖说过，又一位日本女演员因为牛郎问题选择了自杀离开这个世界 噩耗：日本女优“倉木華”在住所自杀身亡 死亡原因引网络热议 翻看她,25275,https://fuliba2023.net/snos-397.html,https://img03.sogoucdn.com/v2/thumb/retype_exclude_gif/ext/auto/q/100/?appid=122&url=tvax4.sinaimg.cn/large/006BNqYCly1ih9wo1lt79j31cl0r81kx.jpg,福利吧,最新文章,latest,hotlist,2026-09-20,2026-09-21 06:19:38
3,2026年福利汇总第132期 ：失语梦,福利汇总 · 6 条评论 · BGM：《失语梦》：点击播放 热门视频： 有网友到青海西宁旅游，打车途中，司机师傅一路介绍青海，讲得头头是道 铭文中的谜之天子，逨盘，195件国宝第1,24335,https://fuliba2023.net/2026132.html,https://img03.sogoucdn.com/v2/thumb/retype_exclude_gif/ext/auto/q/100/?appid=122&url=tvax1.sinaimg.cn/large/006BNqYCly1ih9uxu4308j335s23ub14.jpg,福利吧,最新文章,latest,hotlist,2026-09-20,2026-09-21 06:19:38
4,淘宝京东优惠商品汇总，9月20日9点更新 购物领券fuliba99.net,购物网赚 · 314 条评论 · 购物搜券：福利久久 — 精选好货，实时更新 商品更新较快，请加购物群获得第一手消息。微信扫码加好友，回复“京东群”或者“淘宝群”自动拉你。 （E-,444319,https://fuliba2023.net/99.html,https://img03.sogoucdn.com/v2/thumb/retype_exclude_gif/ext/auto/q/100/?appid=122&url=https://tva1.sinaimg.cn/large/009Zip4ygy1ih7lkhasxjj308c08amxj.jpg,福利吧,最新文章,latest,hotlist,2026-09-20,2026-09-21 06:19:38
5,二二酸酸：《青春课本系列》 带你重新认识那些熟悉的语文课文,BILIBILI · 9 条评论 · 今天给大家推荐一个B站的UP主“二二酸酸” 她制作的有一个系列节目叫《青春课本系列》 讲解的都是我们上学时候学习的语文课本里那些文章之外的故事 有,14627,https://fuliba2023.net/erersuansuan.html,https://img03.sogoucdn.com/v2/thumb/retype_exclude_gif/ext/auto/q/100/?appid=122&url=tvax1.sinaimg.cn/large/006BNqYCly1ih8oakntacj313t0ov137.jpg,福利吧,最新文章,latest,hotlist,2026-09-19,2026-09-21 06:19:38
6,蚂蚁阿福X沃莱联名体脂秤4.9（34.9下单返30元支付宝红包）,购物网赚 · 12 条评论 · 体脂秤是一个健康入口，各大平台都在抢占市场。 几年前买的小米体脂秤还花了100多，现在竟然免费送了。 蚂蚁阿福体脂秤原价47的，官方立减7.1，再领5,13863,https://fuliba2023.net/wolai.html,https://img03.sogoucdn.com/v2/thumb/retype_exclude_gif/ext/auto/q/100/?appid=122&url=https://tva1.sinaimg.cn/large/009Zip4ygy1ih91ife18hj309q09o74l.jpg,福利吧,最新文章,latest,hotlist,2026-09-19,2026-09-21 06:19:38
7,“Gattouz0”新作，居然又是亚洲妹 三人同行有点猛,好孩子kan不见 · 13 条评论 · 前几天我们发帖说过“Gattouz0”发布的新作是一个亚洲女孩 虽然他描述是中国人，但是从更新动态等种种迹象来看，更像是一个越南妹 “Gattouz0”再约亚,27074,https://fuliba2023.net/new-gattouz0-bunny-umi-bunny-una-double.html,https://img03.sogoucdn.com/v2/thumb/retype_exclude_gif/ext/auto/q/100/?appid=122&url=tvax4.sinaimg.cn/large/006BNqYCly1ih7we2b494j31ct0rie7s.jpg,福利吧,最新文章,latest,hotlist,2026-09-19,2026-09-21 06:19:38
8,犬上いの字：《收到陌生女性隔空投送发来私密照片的经历》 苹果用户专享,漫画推荐 · 6 条评论 · 今天给大家推荐的是日本画师“犬上いの字”的作品 这部漫画创意挺好，故事内容有轻微SM向，不过是大姐姐纯爱作品 作品共计三话，85P左右，下面是剧情,19962,https://fuliba2023.net/the-story-of-how-i-received-a-racy-selfie-via-image-sharing-from-a-woman-i-didnt-know.html,https://img03.sogoucdn.com/v2/thumb/retype_exclude_gif/ext/auto/q/100/?appid=122&url=tvax1.sinaimg.cn/large/006BNqYCly1ih7wv859lrj31id0w5tm8.jpg,福利吧,最新文章,latest,hotlist,2026-09-18,2026-09-21 06:19:38
9,2026年福利汇总第131期 ：神秘礼物,福利汇总 · 9 条评论 · BGM：《神秘礼物》：点击播放 热门视频： 【邓肯】“梅姨”案 我只是想煮一个鸡蛋，互联网却想教我做人 为什么所有 App 都能借钱给你？网贷如何变得无,34208,https://fuliba2023.net/2026131.html,https://img03.sogoucdn.com/v2/thumb/retype_exclude_gif/ext/auto/q/100/?appid=122&url=tvax4.sinaimg.cn/large/006BNqYCly1ih7v9i5gyrj323u1kwdy6.jpg,福利吧,最新文章,latest,hotlist,2026-09-18,2026-09-21 06:19:38
10,NGA一个精彩刺激的私人经历文,福利吧 · 7 条评论 · 感谢福利吧论坛网友“yyds1111”分享，更多优秀分享请访问福利吧论坛。 这是NGA上一个帖子连载更新的，整理成文本分享。 主要讲KTV里约妹子的事，有荤,33815,https://fuliba2023.net/xiaoc.html,https://img03.sogoucdn.com/v2/thumb/retype_exclude_gif/ext/auto/q/100/?appid=122&url=https://tva1.sinaimg.cn/large/009Zip4ygy1ih6pc9dq8sj30or0gfwgc.jpg,福利吧,最新文章,latest,hotlist,2026-09-17,2026-09-21 06:19:38
11,よふかしのへや：《反正要死了，随你处置》翻拍真人版 逢沢みゆ出演,图解电影 · 20 条评论 · 去年的时候，我们给大家推荐过画师“よふかしのへや”的这部作品 よふかしのへや：《反正要死了，随你处置》 用爱爱拯救厌世少女 时隔一年，这部作品,45403,https://fuliba2023.net/rki-757.html,https://img03.sogoucdn.com/v2/thumb/retype_exclude_gif/ext/auto/q/100/?appid=122&url=tvax3.sinaimg.cn/large/006BNqYCly1ih6bur3oovj316d0r8tuo.jpg,福利吧,最新文章,latest,hotlist,2026-09-17,2026-09-21 06:19:38
12,2026年7月番剧推荐：《我独自盗墓》 更新至第10集,动漫影视 · 1 条评论 · 2024年的时候，我们给大家推荐过一部韩漫改编的异世界动漫作品 2025年这部作品已经出了第二季，异世界番剧里的黑马之作，非常好看 2024年1月番剧推荐,9817,https://fuliba2023.net/tomb-raider-king.html,https://img03.sogoucdn.com/v2/thumb/retype_exclude_gif/ext/auto/q/100/?appid=122&url=tvax3.sinaimg.cn/large/006BNqYCly1ih6v0vd7pmj31gr0u0k15.jpg,福利吧,最新文章,latest,hotlist,2026-09-17,2026-09-21 06:19:38
13,2026年福利汇总第130期 ：百万朵玫瑰,福利汇总 · 11 条评论 · BGM：《百万本のバラ》：点击播放 热门视频： 我们平时点外卖的袋子是如何生产的？ 九年义务教育，正在变成“义务坐牢” 从北京坐火车去新加坡！ 细读,61619,https://fuliba2023.net/2026130.html,https://img03.sogoucdn.com/v2/thumb/retype_exclude_gif/ext/auto/q/100/?appid=122&url=tvax3.sinaimg.cn/large/006BNqYCly1ih5858bs24j323i1hc4qp.jpg,福利吧,最新文章,latest,hotlist,2026-09-16,2026-09-21 06:19:38
14,OnlyHaven：“OnlyFans”和“Patreon”付费资源公共存档站,好孩子kan不见 · 5 条评论 · 之前给大家分享过Coomer和Kemono之类的“OnlyFans”“Fansly”等付费资源存档站 Coomer：OnlyFans付费资源公共存档网站 Thotsbay：OnlyFans资源免付费,37467,https://fuliba2023.net/cum-st.html,https://img03.sogoucdn.com/v2/thumb/retype_exclude_gif/ext/auto/q/100/?appid=122&url=tvax2.sinaimg.cn/large/006BNqYCly1ih3y936dxqj31mi0rnx5b.jpg,福利吧,最新文章,latest,hotlist,2026-09-16,2026-09-21 06:19:38
15,论坛口碑商家：老猫配眼镜，小程序下单全网比价，产品保真价格包满意,购物网赚 · 22 条评论 · 老猫在论坛写了不少科普贴，他新开发了一个微信小程序， 蔡司、柯达、依视路、康耐特十几款镜片，高中低档都有，源头厂家产品保真。 各种材质样式的镜,25668,https://fuliba2023.net/laomao.html,https://img03.sogoucdn.com/v2/thumb/retype_exclude_gif/ext/auto/q/100/?appid=122&url=https://tva1.sinaimg.cn/large/006WeipRgy1igi5wkym3jj30me0gudhj.jpg,福利吧,最新文章,latest,hotlist,2026-09-15,2026-09-21 06:19:38
16,吐槽：又上麦片哥的当了，“蓝芽水月”飞机场秒变大师球 真相究竟是什么？,好孩子kan不见 · 14 条评论 · 之前我们曾经发帖讲过AI技术被麦片哥滥用，一部影片的找出处难度加大 吐槽：论现在麦片的已经恶心到什么地步了 AI技术滥用的后果！ 但是最近网友发帖,39772,https://fuliba2023.net/dvmm-263.html,https://img03.sogoucdn.com/v2/thumb/retype_exclude_gif/ext/auto/q/100/?appid=122&url=tvax2.sinaimg.cn/large/006BNqYCly1ih3z6jnkq1j31cn0r21kx.jpg,福利吧,最新文章,latest,hotlist,2026-09-15,2026-09-21 06:19:38
17,魔兽争霸3时隔23年更新资料片+剧情战役,福利吧 · 6 条评论 · 时隔二十三年，魔兽争霸3在2026年暴雪嘉年华开幕式上正式推出全新单人战役“被遗忘的王国”。 这是继2003年冰封王座资料片之后，该系列首次由官方推出,17733,https://fuliba2023.net/war3.html,https://img03.sogoucdn.com/v2/thumb/retype_exclude_gif/ext/auto/q/100/?appid=122&url=https://tva1.sinaimg.cn/large/009Zip4ygy1ih3luw6bgsj31ac0puwkp.jpg,福利吧,最新文章,latest,hotlist,2026-09-15,2026-09-21 06:19:38
18,摩的司机徐师傅：B站付费充电专属视频上新 从赌鬼到百万UP主，从上山躲债到日入数万,BILIBILI · 31 条评论 · 网盘下载：夸克网盘/百度网盘/迅雷网盘/ 从赌鬼到百万UP主，从上山躲债到日入数万，B站抽象健身博主“街健呆木头”的前半生 ——- 喜欢看各,121339,https://fuliba2023.net/mdsjxsf.html,https://img03.sogoucdn.com/v2/thumb/retype_exclude_gif/ext/auto/q/100/?appid=122&url=tvax4.sinaimg.cn/large/006BNqYCly1ih3xkthacej31j90v2e81.jpg,福利吧,最新文章,latest,hotlist,2026-09-14,2026-09-21 06:19:38
19,2026年福利汇总第129期 ：盒子里的猫,福利汇总 · 11 条评论 · BGM：《弥勒世果報 – undercooled》：点击播放 热门视频： 如何制造海苔 盘点【黄埔军校】各期学员含金量! 办公室没窗、走廊带坡？医院这些R,81018,https://fuliba2023.net/2026129.html,https://img03.sogoucdn.com/v2/thumb/retype_exclude_gif/ext/auto/q/100/?appid=122&url=tvax2.sinaimg.cn/large/006BNqYCly1ih2vimo6kvj323u1kw1kx.jpg,福利吧,最新文章,latest,hotlist,2026-09-14,2026-09-21 06:19:38
20,小松杏&美園和花：一部优势互补的磨豆腐影片 果然人都是羡慕自己没有的东西,好孩子kan不见 · 9 条评论 · 近期一张2023年的推文截图突然火起来 这是“小松杏”首次出演女同题材之后发出的感叹 赞美了“美園和花”的丰满欧派！ 一开始我还想，这有啥好专门吐,53364,https://fuliba2023.net/bban-406.html,https://img03.sogoucdn.com/v2/thumb/retype_exclude_gif/ext/auto/q/100/?appid=122&url=tvax2.sinaimg.cn/large/006BNqYCly1ih1pgd6fr3j31cr0rdazl.jpg,福利吧,最新文章,latest,hotlist,2026-09-14,2026-09-21 06:19:38
1,Netflix韩国剧集：《挑情丑闻》全8集 情爱画面很唯美,影视推荐 · 0 条评论 · Netflix最近上线的一部桃色剧集 原作品是法国18世纪小说家拉克洛用书信形式所写成的小说《危险关系》 剧版改编自由李在容执导、2003年上映的同名电影,2386,https://fuliba2023.net/scandals.html,https://img03.sogoucdn.com/v2/thumb/retype_exclude_gif/ext/auto/q/100/?appid=122&url=tvax1.sinaimg.cn/large/006BNqYCly1iha0neyeu0j31x90z5e82.jpg,福利吧,最新文章,latest,hotlist,2026-09-21,2026-09-21 07:18:53
2,“倉木華”遗作《我在深夜便利店做收银被微醺大姐姐攻略》上线 可惜再也看不到妹子新作了,图解电影 · 5 条评论 · 前几天我们曾经发帖说过，又一位日本女演员因为牛郎问题选择了自杀离开这个世界 噩耗：日本女优“倉木華”在住所自杀身亡 死亡原因引网络热议 翻看她,25633,https://fuliba2023.net/snos-397.html,https://img03.sogoucdn.com/v2/thumb/retype_exclude_gif/ext/auto/q/100/?appid=122&url=tvax4.sinaimg.cn/large/006BNqYCly1ih9wo1lt79j31cl0r81kx.jpg,福利吧,最新文章,latest,hotlist,2026-09-20,2026-09-21 07:18:53
3,2026年福利汇总第132期 ：失语梦,福利汇总 · 6 条评论 · BGM：《失语梦》：点击播放 热门视频： 有网友到青海西宁旅游，打车途中，司机师傅一路介绍青海，讲得头头是道 铭文中的谜之天子，逨盘，195件国宝第1,24607,https://fuliba2023.net/2026132.html,https://img03.sogoucdn.com/v2/thumb/retype_exclude_gif/ext/auto/q/100/?appid=122&url=tvax1.sinaimg.cn/large/006BNqYCly1ih9uxu4308j335s23ub14.jpg,福利吧,最新文章,latest,hotlist,2026-09-20,2026-09-21 07:18:53
4,淘宝京东优惠商品汇总，9月20日9点更新 购物领券fuliba99.net,购物网赚 · 314 条评论 · 购物搜券：福利久久 — 精选好货，实时更新 商品更新较快，请加购物群获得第一手消息。微信扫码加好友，回复“京东群”或者“淘宝群”自动拉你。 （E-,444353,https://fuliba2023.net/99.html,https://img03.sogoucdn.com/v2/thumb/retype_exclude_gif/ext/auto/q/100/?appid=122&url=https://tva1.sinaimg.cn/large/009Zip4ygy1ih7lkhasxjj308c08amxj.jpg,福利吧,最新文章,latest,hotlist,2026-09-20,2026-09-21 07:18:53
5,二二酸酸：《青春课本系列》 带你重新认识那些熟悉的语文课文,BILIBILI · 9 条评论 · 今天给大家推荐一个B站的UP主“二二酸酸” 她制作的有一个系列节目叫《青春课本系列》 讲解的都是我们上学时候学习的语文课本里那些文章之外的故事 有,14703,https://fuliba2023.net/erersuansuan.html,https://img03.sogoucdn.com/v2/thumb/retype_exclude_gif/ext/auto/q/100/?appid=122&url=tvax1.sinaimg.cn/large/006BNqYCly1ih8oakntacj313t0ov137.jpg,福利吧,最新文章,latest,hotlist,2026-09-19,2026-09-21 07:18:53
6,蚂蚁阿福X沃莱联名体脂秤4.9（34.9下单返30元支付宝红包）,购物网赚 · 12 条评论 · 体脂秤是一个健康入口，各大平台都在抢占市场。 几年前买的小米体脂秤还花了100多，现在竟然免费送了。 蚂蚁阿福体脂秤原价47的，官方立减7.1，再领5,13888,https://fuliba2023.net/wolai.html,https://img03.sogoucdn.com/v2/thumb/retype_exclude_gif/ext/auto/q/100/?appid=122&url=https://tva1.sinaimg.cn/large/009Zip4ygy1ih91ife18hj309q09o74l.jpg,福利吧,最新文章,latest,hotlist,2026-09-19,2026-09-21 07:18:53
7,“Gattouz0”新作，居然又是亚洲妹 三人同行有点猛,好孩子kan不见 · 13 条评论 · 前几天我们发帖说过“Gattouz0”发布的新作是一个亚洲女孩 虽然他描述是中国人，但是从更新动态等种种迹象来看，更像是一个越南妹 “Gattouz0”再约亚,27183,https://fuliba2023.net/new-gattouz0-bunny-umi-bunny-una-double.html,https://img03.sogoucdn.com/v2/thumb/retype_exclude_gif/ext/auto/q/100/?appid=122&url=tvax4.sinaimg.cn/large/006BNqYCly1ih7we2b494j31ct0rie7s.jpg,福利吧,最新文章,latest,hotlist,2026-09-19,2026-09-21 07:18:53
8,犬上いの字：《收到陌生女性隔空投送发来私密照片的经历》 苹果用户专享,漫画推荐 · 6 条评论 · 今天给大家推荐的是日本画师“犬上いの字”的作品 这部漫画创意挺好，故事内容有轻微SM向，不过是大姐姐纯爱作品 作品共计三话，85P左右，下面是剧情,19993,https://fuliba2023.net/the-story-of-how-i-received-a-racy-selfie-via-image-sharing-from-a-woman-i-didnt-know.html,https://img03.sogoucdn.com/v2/thumb/retype_exclude_gif/ext/auto/q/100/?appid=122&url=tvax1.sinaimg.cn/large/006BNqYCly1ih7wv859lrj31id0w5tm8.jpg,福利吧,最新文章,latest,hotlist,2026-09-18,2026-09-21 07:18:53
9,2026年福利汇总第131期 ：神秘礼物,福利汇总 · 9 条评论 · BGM：《神秘礼物》：点击播放 热门视频： 【邓肯】“梅姨”案 我只是想煮一个鸡蛋，互联网却想教我做人 为什么所有 App 都能借钱给你？网贷如何变得无,34270,https://fuliba2023.net/2026131.html,https://img03.sogoucdn.com/v2/thumb/retype_exclude_gif/ext/auto/q/100/?appid=122&url=tvax4.sinaimg.cn/large/006BNqYCly1ih7v9i5gyrj323u1kwdy6.jpg,福利吧,最新文章,latest,hotlist,2026-09-18,2026-09-21 07:18:53
10,NGA一个精彩刺激的私人经历文,福利吧 · 7 条评论 · 感谢福利吧论坛网友“yyds1111”分享，更多优秀分享请访问福利吧论坛。 这是NGA上一个帖子连载更新的，整理成文本分享。 主要讲KTV里约妹子的事，有荤,33860,https://fuliba2023.net/xiaoc.html,https://img03.sogoucdn.com/v2/thumb/retype_exclude_gif/ext/auto/q/100/?appid=122&url=https://tva1.sinaimg.cn/large/009Zip4ygy1ih6pc9dq8sj30or0gfwgc.jpg,福利吧,最新文章,latest,hotlist,2026-09-17,2026-09-21 07:18:53
11,よふかしのへや：《反正要死了，随你处置》翻拍真人版 逢沢みゆ出演,图解电影 · 20 条评论 · 去年的时候，我们给大家推荐过画师“よふかしのへや”的这部作品 よふかしのへや：《反正要死了，随你处置》 用爱爱拯救厌世少女 时隔一年，这部作品,45433,https://fuliba2023.net/rki-757.html,https://img03.sogoucdn.com/v2/thumb/retype_exclude_gif/ext/auto/q/100/?appid=122&url=tvax3.sinaimg.cn/large/006BNqYCly1ih6bur3oovj316d0r8tuo.jpg,福利吧,最新文章,latest,hotlist,2026-09-17,2026-09-21 07:18:53
12,2026年7月番剧推荐：《我独自盗墓》 更新至第10集,动漫影视 · 1 条评论 · 2024年的时候，我们给大家推荐过一部韩漫改编的异世界动漫作品 2025年这部作品已经出了第二季，异世界番剧里的黑马之作，非常好看 2024年1月番剧推荐,9829,https://fuliba2023.net/tomb-raider-king.html,https://img03.sogoucdn.com/v2/thumb/retype_exclude_gif/ext/auto/q/100/?appid=122&url=tvax3.sinaimg.cn/large/006BNqYCly1ih6v0vd7pmj31gr0u0k15.jpg,福利吧,最新文章,latest,hotlist,2026-09-17,2026-09-21 07:18:53
13,2026年福利汇总第130期 ：百万朵玫瑰,福利汇总 · 11 条评论 · BGM：《百万本のバラ》：点击播放 热门视频： 我们平时点外卖的袋子是如何生产的？ 九年义务教育，正在变成“义务坐牢” 从北京坐火车去新加坡！ 细读,61660,https://fuliba2023.net/2026130.html,https://img03.sogoucdn.com/v2/thumb/retype_exclude_gif/ext/auto/q/100/?appid=122&url=tvax3.sinaimg.cn/large/006BNqYCly1ih5858bs24j323i1hc4qp.jpg,福利吧,最新文章,latest,hotlist,2026-09-16,2026-09-21 07:18:53
14,OnlyHaven：“OnlyFans”和“Patreon”付费资源公共存档站,好孩子kan不见 · 5 条评论 · 之前给大家分享过Coomer和Kemono之类的“OnlyFans”“Fansly”等付费资源存档站 Coomer：OnlyFans付费资源公共存档网站 Thotsbay：OnlyFans资源免付费,37504,https://fuliba2023.net/cum-st.html,https://img03.sogoucdn.com/v2/thumb/retype_exclude_gif/ext/auto/q/100/?appid=122&url=tvax2.sinaimg.cn/large/006BNqYCly1ih3y936dxqj31mi0rnx5b.jpg,福利吧,最新文章,latest,hotlist,2026-09-16,2026-09-21 07:18:53
15,论坛口碑商家：老猫配眼镜，小程序下单全网比价，产品保真价格包满意,购物网赚 · 22 条评论 · 老猫在论坛写了不少科普贴，他新开发了一个微信小程序， 蔡司、柯达、依视路、康耐特十几款镜片，高中低档都有，源头厂家产品保真。 各种材质样式的镜,25679,https://fuliba2023.net/laomao.html,https://img03.sogoucdn.com/v2/thumb/retype_exclude_gif/ext/auto/q/100/?appid=122&url=https://tva1.sinaimg.cn/large/006WeipRgy1igi5wkym3jj30me0gudhj.jpg,福利吧,最新文章,latest,hotlist,2026-09-15,2026-09-21 07:18:53
16,吐槽：又上麦片哥的当了，“蓝芽水月”飞机场秒变大师球 真相究竟是什么？,好孩子kan不见 · 14 条评论 · 之前我们曾经发帖讲过AI技术被麦片哥滥用，一部影片的找出处难度加大 吐槽：论现在麦片的已经恶心到什么地步了 AI技术滥用的后果！ 但是最近网友发帖,39801,https://fuliba2023.net/dvmm-263.html,https://img03.sogoucdn.com/v2/thumb/retype_exclude_gif/ext/auto/q/100/?appid=122&url=tvax2.sinaimg.cn/large/006BNqYCly1ih3z6jnkq1j31cn0r21kx.jpg,福利吧,最新文章,latest,hotlist,2026-09-15,2026-09-21 07:18:53
17,魔兽争霸3时隔23年更新资料片+剧情战役,福利吧 · 6 条评论 · 时隔二十三年，魔兽争霸3在2026年暴雪嘉年华开幕式上正式推出全新单人战役“被遗忘的王国”。 这是继2003年冰封王座资料片之后，该系列首次由官方推出,17741,https://fuliba2023.net/war3.html,https://img03.sogoucdn.com/v2/thumb/retype_exclude_gif/ext/auto/q/100/?appid=122&url=https://tva1.sinaimg.cn/large/009Zip4ygy1ih3luw6bgsj31ac0puwkp.jpg,福利吧,最新文章,latest,hotlist,2026-09-15,2026-09-21 07:18:53
18,摩的司机徐师傅：B站付费充电专属视频上新 从赌鬼到百万UP主，从上山躲债到日入数万,BILIBILI · 31 条评论 · 网盘下载：夸克网盘/百度网盘/迅雷网盘/ 从赌鬼到百万UP主，从上山躲债到日入数万，B站抽象健身博主“街健呆木头”的前半生 ——- 喜欢看各,121348,https://fuliba2023.net/mdsjxsf.html,https://img03.sogoucdn.com/v2/thumb/retype_exclude_gif/ext/auto/q/100/?appid=122&url=tvax4.sinaimg.cn/large/006BNqYCly1ih3xkthacej31j90v2e81.jpg,福利吧,最新文章,latest,hotlist,2026-09-14,2026-09-21 07:18:53
19,2026年福利汇总第129期 ：盒子里的猫,福利汇总 · 11 条评论 · BGM：《弥勒世果報 – undercooled》：点击播放 热门视频： 如何制造海苔 盘点【黄埔军校】各期学员含金量! 办公室没窗、走廊带坡？医院这些R,81048,https://fuliba2023.net/2026129.html,https://img03.sogoucdn.com/v2/thumb/retype_exclude_gif/ext/auto/q/100/?appid=122&url=tvax2.sinaimg.cn/large/006BNqYCly1ih2vimo6kvj323u1kw1kx.jpg,福利吧,最新文章,latest,hotlist,2026-09-14,2026-09-21 07:18:53
20,小松杏&美園和花：一部优势互补的磨豆腐影片 果然人都是羡慕自己没有的东西,好孩子kan不见 · 9 条评论 · 近期一张2023年的推文截图突然火起来 这是“小松杏”首次出演女同题材之后发出的感叹 赞美了“美園和花”的丰满欧派！ 一开始我还想，这有啥好专门吐,53393,https://fuliba2023.net/bban-406.html,https://img03.sogoucdn.com/v2/thumb/retype_exclude_gif/ext/auto/q/100/?appid=122&url=tvax2.sinaimg.cn/large/006BNqYCly1ih1pgd6fr3j31cr0rdazl.jpg,福利吧,最新文章,latest,hotlist,2026-09-14,2026-09-21 07:18:53
1,Netflix韩国剧集：《挑情丑闻》全8集 情爱画面很唯美,影视推荐 · 1 条评论 · Netflix最近上线的一部桃色剧集 原作品是法国18世纪小说家拉克洛用书信形式所写成的小说《危险关系》 剧版改编自由李在容执导、2003年上映的同名电影,5332,https://fuliba2023.net/scandals.html,https://img03.sogoucdn.com/v2/thumb/retype_exclude_gif/ext/auto/q/100/?appid=122&url=tvax1.sinaimg.cn/large/006BNqYCly1iha0neyeu0j31x90z5e82.jpg,福利吧,最新文章,latest,hotlist,2026-09-21,2026-09-21 09:01:09
2,“倉木華”遗作《我在深夜便利店做收银被微醺大姐姐攻略》上线 可惜再也看不到妹子新作了,图解电影 · 5 条评论 · 前几天我们曾经发帖说过，又一位日本女演员因为牛郎问题选择了自杀离开这个世界 噩耗：日本女优“倉木華”在住所自杀身亡 死亡原因引网络热议 翻看她,27120,https://fuliba2023.net/snos-397.html,https://img03.sogoucdn.com/v2/thumb/retype_exclude_gif/ext/auto/q/100/?appid=122&url=tvax4.sinaimg.cn/large/006BNqYCly1ih9wo1lt79j31cl0r81kx.jpg,福利吧,最新文章,latest,hotlist,2026-09-20,2026-09-21 09:01:09
3,2026年福利汇总第132期 ：失语梦,福利汇总 · 7 条评论 · BGM：《失语梦》：点击播放 热门视频： 有网友到青海西宁旅游，打车途中，司机师傅一路介绍青海，讲得头头是道 铭文中的谜之天子，逨盘，195件国宝第1,25954,https://fuliba2023.net/2026132.html,https://img03.sogoucdn.com/v2/thumb/retype_exclude_gif/ext/auto/q/100/?appid=122&url=tvax1.sinaimg.cn/large/006BNqYCly1ih9uxu4308j335s23ub14.jpg,福利吧,最新文章,latest,hotlist,2026-09-20,2026-09-21 09:01:09
4,淘宝京东优惠商品汇总，9月20日9点更新 购物领券fuliba99.net,购物网赚 · 314 条评论 · 购物搜券：福利久久 — 精选好货，实时更新 商品更新较快，请加购物群获得第一手消息。微信扫码加好友，回复“京东群”或者“淘宝群”自动拉你。 （E-,444498,https://fuliba2023.net/99.html,https://img03.sogoucdn.com/v2/thumb/retype_exclude_gif/ext/auto/q/100/?appid=122&url=https://tva1.sinaimg.cn/large/009Zip4ygy1ih7lkhasxjj308c08amxj.jpg,福利吧,最新文章,latest,hotlist,2026-09-20,2026-09-21 09:01:09
5,二二酸酸：《青春课本系列》 带你重新认识那些熟悉的语文课文,BILIBILI · 9 条评论 · 今天给大家推荐一个B站的UP主“二二酸酸” 她制作的有一个系列节目叫《青春课本系列》 讲解的都是我们上学时候学习的语文课本里那些文章之外的故事 有,14947,https://fuliba2023.net/erersuansuan.html,https://img03.sogoucdn.com/v2/thumb/retype_exclude_gif/ext/auto/q/100/?appid=122&url=tvax1.sinaimg.cn/large/006BNqYCly1ih8oakntacj313t0ov137.jpg,福利吧,最新文章,latest,hotlist,2026-09-19,2026-09-21 09:01:09
6,蚂蚁阿福X沃莱联名体脂秤4.9（34.9下单返30元支付宝红包）,购物网赚 · 12 条评论 · 体脂秤是一个健康入口，各大平台都在抢占市场。 几年前买的小米体脂秤还花了100多，现在竟然免费送了。 蚂蚁阿福体脂秤原价47的，官方立减7.1，再领5,13965,https://fuliba2023.net/wolai.html,https://img03.sogoucdn.com/v2/thumb/retype_exclude_gif/ext/auto/q/100/?appid=122&url=https://tva1.sinaimg.cn/large/009Zip4ygy1ih91ife18hj309q09o74l.jpg,福利吧,最新文章,latest,hotlist,2026-09-19,2026-09-21 09:01:09
7,“Gattouz0”新作，居然又是亚洲妹 三人同行有点猛,好孩子kan不见 · 13 条评论 · 前几天我们发帖说过“Gattouz0”发布的新作是一个亚洲女孩 虽然他描述是中国人，但是从更新动态等种种迹象来看，更像是一个越南妹 “Gattouz0”再约亚,27519,https://fuliba2023.net/new-gattouz0-bunny-umi-bunny-una-double.html,https://img03.sogoucdn.com/v2/thumb/retype_exclude_gif/ext/auto/q/100/?appid=122&url=tvax4.sinaimg.cn/large/006BNqYCly1ih7we2b494j31ct0rie7s.jpg,福利吧,最新文章,latest,hotlist,2026-09-19,2026-09-21 09:01:09
8,犬上いの字：《收到陌生女性隔空投送发来私密照片的经历》 苹果用户专享,漫画推荐 · 6 条评论 · 今天给大家推荐的是日本画师“犬上いの字”的作品 这部漫画创意挺好，故事内容有轻微SM向，不过是大姐姐纯爱作品 作品共计三话，85P左右，下面是剧情,20132,https://fuliba2023.net/the-story-of-how-i-received-a-racy-selfie-via-image-sharing-from-a-woman-i-didnt-know.html,https://img03.sogoucdn.com/v2/thumb/retype_exclude_gif/ext/auto/q/100/?appid=122&url=tvax1.sinaimg.cn/large/006BNqYCly1ih7wv859lrj31id0w5tm8.jpg,福利吧,最新文章,latest,hotlist,2026-09-18,2026-09-21 09:01:09
9,2026年福利汇总第131期 ：神秘礼物,福利汇总 · 9 条评论 · BGM：《神秘礼物》：点击播放 热门视频： 【邓肯】“梅姨”案 我只是想煮一个鸡蛋，互联网却想教我做人 为什么所有 App 都能借钱给你？网贷如何变得无,34457,https://fuliba2023.net/2026131.html,https://img03.sogoucdn.com/v2/thumb/retype_exclude_gif/ext/auto/q/100/?appid=122&url=tvax4.sinaimg.cn/large/006BNqYCly1ih7v9i5gyrj323u1kwdy6.jpg,福利吧,最新文章,latest,hotlist,2026-09-18,2026-09-21 09:01:09
10,NGA一个精彩刺激的私人经历文,福利吧 · 7 条评论 · 感谢福利吧论坛网友“yyds1111”分享，更多优秀分享请访问福利吧论坛。 这是NGA上一个帖子连载更新的，整理成文本分享。 主要讲KTV里约妹子的事，有荤,33964,https://fuliba2023.net/xiaoc.html,https://img03.sogoucdn.com/v2/thumb/retype_exclude_gif/ext/auto/q/100/?appid=122&url=https://tva1.sinaimg.cn/large/009Zip4ygy1ih6pc9dq8sj30or0gfwgc.jpg,福利吧,最新文章,latest,hotlist,2026-09-17,2026-09-21 09:01:09
11,よふかしのへや：《反正要死了，随你处置》翻拍真人版 逢沢みゆ出演,图解电影 · 20 条评论 · 去年的时候，我们给大家推荐过画师“よふかしのへや”的这部作品 よふかしのへや：《反正要死了，随你处置》 用爱爱拯救厌世少女 时隔一年，这部作品,45552,https://fuliba2023.net/rki-757.html,https://img03.sogoucdn.com/v2/thumb/retype_exclude_gif/ext/auto/q/100/?appid=122&url=tvax3.sinaimg.cn/large/006BNqYCly1ih6bur3oovj316d0r8tuo.jpg,福利吧,最新文章,latest,hotlist,2026-09-17,2026-09-21 09:01:09
12,2026年7月番剧推荐：《我独自盗墓》 更新至第10集,动漫影视 · 1 条评论 · 2024年的时候，我们给大家推荐过一部韩漫改编的异世界动漫作品 2025年这部作品已经出了第二季，异世界番剧里的黑马之作，非常好看 2024年1月番剧推荐,9864,https://fuliba2023.net/tomb-raider-king.html,https://img03.sogoucdn.com/v2/thumb/retype_exclude_gif/ext/auto/q/100/?appid=122&url=tvax3.sinaimg.cn/large/006BNqYCly1ih6v0vd7pmj31gr0u0k15.jpg,福利吧,最新文章,latest,hotlist,2026-09-17,2026-09-21 09:01:09
13,2026年福利汇总第130期 ：百万朵玫瑰,福利汇总 · 11 条评论 · BGM：《百万本のバラ》：点击播放 热门视频： 我们平时点外卖的袋子是如何生产的？ 九年义务教育，正在变成“义务坐牢” 从北京坐火车去新加坡！ 细读,61755,https://fuliba2023.net/2026130.html,https://img03.sogoucdn.com/v2/thumb/retype_exclude_gif/ext/auto/q/100/?appid=122&url=tvax3.sinaimg.cn/large/006BNqYCly1ih5858bs24j323i1hc4qp.jpg,福利吧,最新文章,latest,hotlist,2026-09-16,2026-09-21 09:01:09
14,OnlyHaven：“OnlyFans”和“Patreon”付费资源公共存档站,好孩子kan不见 · 5 条评论 · 之前给大家分享过Coomer和Kemono之类的“OnlyFans”“Fansly”等付费资源存档站 Coomer：OnlyFans付费资源公共存档网站 Thotsbay：OnlyFans资源免付费,37579,https://fuliba2023.net/cum-st.html,https://img03.sogoucdn.com/v2/thumb/retype_exclude_gif/ext/auto/q/100/?appid=122&url=tvax2.sinaimg.cn/large/006BNqYCly1ih3y936dxqj31mi0rnx5b.jpg,福利吧,最新文章,latest,hotlist,2026-09-16,2026-09-21 09:01:09
15,论坛口碑商家：老猫配眼镜，小程序下单全网比价，产品保真价格包满意,购物网赚 · 22 条评论 · 老猫在论坛写了不少科普贴，他新开发了一个微信小程序， 蔡司、柯达、依视路、康耐特十几款镜片，高中低档都有，源头厂家产品保真。 各种材质样式的镜,25720,https://fuliba2023.net/laomao.html,https://img03.sogoucdn.com/v2/thumb/retype_exclude_gif/ext/auto/q/100/?appid=122&url=https://tva1.sinaimg.cn/large/006WeipRgy1igi5wkym3jj30me0gudhj.jpg,福利吧,最新文章,latest,hotlist,2026-09-15,2026-09-21 09:01:09
16,吐槽：又上麦片哥的当了，“蓝芽水月”飞机场秒变大师球 真相究竟是什么？,好孩子kan不见 · 14 条评论 · 之前我们曾经发帖讲过AI技术被麦片哥滥用，一部影片的找出处难度加大 吐槽：论现在麦片的已经恶心到什么地步了 AI技术滥用的后果！ 但是最近网友发帖,39866,https://fuliba2023.net/dvmm-263.html,https://img03.sogoucdn.com/v2/thumb/retype_exclude_gif/ext/auto/q/100/?appid=122&url=tvax2.sinaimg.cn/large/006BNqYCly1ih3z6jnkq1j31cn0r21kx.jpg,福利吧,最新文章,latest,hotlist,2026-09-15,2026-09-21 09:01:09
17,魔兽争霸3时隔23年更新资料片+剧情战役,福利吧 · 7 条评论 · 时隔二十三年，魔兽争霸3在2026年暴雪嘉年华开幕式上正式推出全新单人战役“被遗忘的王国”。 这是继2003年冰封王座资料片之后，该系列首次由官方推出,17766,https://fuliba2023.net/war3.html,https://img03.sogoucdn.com/v2/thumb/retype_exclude_gif/ext/auto/q/100/?appid=122&url=https://tva1.sinaimg.cn/large/009Zip4ygy1ih3luw6bgsj31ac0puwkp.jpg,福利吧,最新文章,latest,hotlist,2026-09-15,2026-09-21 09:01:09
18,摩的司机徐师傅：B站付费充电专属视频上新 从赌鬼到百万UP主，从上山躲债到日入数万,BILIBILI · 31 条评论 · 网盘下载：夸克网盘/百度网盘/迅雷网盘/ 从赌鬼到百万UP主，从上山躲债到日入数万，B站抽象健身博主“街健呆木头”的前半生 ——- 喜欢看各,121371,https://fuliba2023.net/mdsjxsf.html,https://img03.sogoucdn.com/v2/thumb/retype_exclude_gif/ext/auto/q/100/?appid=122&url=tvax4.sinaimg.cn/large/006BNqYCly1ih3xkthacej31j90v2e81.jpg,福利吧,最新文章,latest,hotlist,2026-09-14,2026-09-21 09:01:09
19,2026年福利汇总第129期 ：盒子里的猫,福利汇总 · 11 条评论 · BGM：《弥勒世果報 – undercooled》：点击播放 热门视频： 如何制造海苔 盘点【黄埔军校】各期学员含金量! 办公室没窗、走廊带坡？医院这些R,81123,https://fuliba2023.net/2026129.html,https://img03.sogoucdn.com/v2/thumb/retype_exclude_gif/ext/auto/q/100/?appid=122&url=tvax2.sinaimg.cn/large/006BNqYCly1ih2vimo6kvj323u1kw1kx.jpg,福利吧,最新文章,latest,hotlist,2026-09-14,2026-09-21 09:01:09
20,小松杏&美園和花：一部优势互补的磨豆腐影片 果然人都是羡慕自己没有的东西,好孩子kan不见 · 9 条评论 · 近期一张2023年的推文截图突然火起来 这是“小松杏”首次出演女同题材之后发出的感叹 赞美了“美園和花”的丰满欧派！ 一开始我还想，这有啥好专门吐,53466,https://fuliba2023.net/bban-406.html,https://img03.sogoucdn.com/v2/thumb/retype_exclude_gif/ext/auto/q/100/?appid=122&url=tvax2.sinaimg.cn/large/006BNqYCly1ih1pgd6fr3j31cr0rdazl.jpg,福利吧,最新文章,latest,hotlist,2026-09-14,2026-09-21 09:01:09
1,2026年9月趣站分享：听记/App比价/图标制作/装机软件 中国天气地图,趣站分享 · 0 条评论 · 趣味网站分享系列：https://fuliba2025.net/quwei 没有采取单发文章推荐的内容，大部分来自福利吧论坛或网友邮件投稿。 如果你也有不错的内容,888,https://fuliba2023.net/website202609.html,https://img03.sogoucdn.com/v2/thumb/retype_exclude_gif/ext/auto/q/100/?appid=122&url=tvax1.sinaimg.cn/large/006BNqYCly1ift9t7n41kj315y0v1gwr.jpg,福利吧,最新文章,latest,hotlist,2026-09-21,2026-09-21 09:38:19
2,Netflix韩国剧集：《挑情丑闻》全8集 情爱画面很唯美,影视推荐 · 1 条评论 · Netflix最近上线的一部桃色剧集 原作品是法国18世纪小说家拉克洛用书信形式所写成的小说《危险关系》 剧版改编自由李在容执导、2003年上映的同名电影,6550,https://fuliba2023.net/scandals.html,https://img03.sogoucdn.com/v2/thumb/retype_exclude_gif/ext/auto/q/100/?appid=122&url=tvax1.sinaimg.cn/large/006BNqYCly1iha0neyeu0j31x90z5e82.jpg,福利吧,最新文章,latest,hotlist,2026-09-21,2026-09-21 09:38:19
3,“倉木華”遗作《我在深夜便利店做收银被微醺大姐姐攻略》上线 可惜再也看不到妹子新作了,图解电影 · 6 条评论 · 前几天我们曾经发帖说过，又一位日本女演员因为牛郎问题选择了自杀离开这个世界 噩耗：日本女优“倉木華”在住所自杀身亡 死亡原因引网络热议 翻看她,27752,https://fuliba2023.net/snos-397.html,https://img03.sogoucdn.com/v2/thumb/retype_exclude_gif/ext/auto/q/100/?appid=122&url=tvax4.sinaimg.cn/large/006BNqYCly1ih9wo1lt79j31cl0r81kx.jpg,福利吧,最新文章,latest,hotlist,2026-09-20,2026-09-21 09:38:19
4,2026年福利汇总第132期 ：失语梦,福利汇总 · 8 条评论 · BGM：《失语梦》：点击播放 热门视频： 有网友到青海西宁旅游，打车途中，司机师傅一路介绍青海，讲得头头是道 铭文中的谜之天子，逨盘，195件国宝第1,26576,https://fuliba2023.net/2026132.html,https://img03.sogoucdn.com/v2/thumb/retype_exclude_gif/ext/auto/q/100/?appid=122&url=tvax1.sinaimg.cn/large/006BNqYCly1ih9uxu4308j335s23ub14.jpg,福利吧,最新文章,latest,hotlist,2026-09-20,2026-09-21 09:38:19
5,淘宝京东优惠商品汇总，9月20日9点更新 购物领券fuliba99.net,购物网赚 · 314 条评论 · 购物搜券：福利久久 — 精选好货，实时更新 商品更新较快，请加购物群获得第一手消息。微信扫码加好友，回复“京东群”或者“淘宝群”自动拉你。 （E-,444597,https://fuliba2023.net/99.html,https://img03.sogoucdn.com/v2/thumb/retype_exclude_gif/ext/auto/q/100/?appid=122&url=https://tva1.sinaimg.cn/large/009Zip4ygy1ih7lkhasxjj308c08amxj.jpg,福利吧,最新文章,latest,hotlist,2026-09-20,2026-09-21 09:38:19
6,二二酸酸：《青春课本系列》 带你重新认识那些熟悉的语文课文,BILIBILI · 9 条评论 · 今天给大家推荐一个B站的UP主“二二酸酸” 她制作的有一个系列节目叫《青春课本系列》 讲解的都是我们上学时候学习的语文课本里那些文章之外的故事 有,15044,https://fuliba2023.net/erersuansuan.html,https://img03.sogoucdn.com/v2/thumb/retype_exclude_gif/ext/auto/q/100/?appid=122&url=tvax1.sinaimg.cn/large/006BNqYCly1ih8oakntacj313t0ov137.jpg,福利吧,最新文章,latest,hotlist,2026-09-19,2026-09-21 09:38:19
7,蚂蚁阿福X沃莱联名体脂秤4.9（34.9下单返30元支付宝红包）,购物网赚 · 12 条评论 · 体脂秤是一个健康入口，各大平台都在抢占市场。 几年前买的小米体脂秤还花了100多，现在竟然免费送了。 蚂蚁阿福体脂秤原价47的，官方立减7.1，再领5,14007,https://fuliba2023.net/wolai.html,https://img03.sogoucdn.com/v2/thumb/retype_exclude_gif/ext/auto/q/100/?appid=122&url=https://tva1.sinaimg.cn/large/009Zip4ygy1ih91ife18hj309q09o74l.jpg,福利吧,最新文章,latest,hotlist,2026-09-19,2026-09-21 09:38:19
8,“Gattouz0”新作，居然又是亚洲妹 三人同行有点猛,好孩子kan不见 · 13 条评论 · 前几天我们发帖说过“Gattouz0”发布的新作是一个亚洲女孩 虽然他描述是中国人，但是从更新动态等种种迹象来看，更像是一个越南妹 “Gattouz0”再约亚,27676,https://fuliba2023.net/new-gattouz0-bunny-umi-bunny-una-double.html,https://img03.sogoucdn.com/v2/thumb/retype_exclude_gif/ext/auto/q/100/?appid=122&url=tvax4.sinaimg.cn/large/006BNqYCly1ih7we2b494j31ct0rie7s.jpg,福利吧,最新文章,latest,hotlist,2026-09-19,2026-09-21 09:38:19
9,犬上いの字：《收到陌生女性隔空投送发来私密照片的经历》 苹果用户专享,漫画推荐 · 6 条评论 · 今天给大家推荐的是日本画师“犬上いの字”的作品 这部漫画创意挺好，故事内容有轻微SM向，不过是大姐姐纯爱作品 作品共计三话，85P左右，下面是剧情,20203,https://fuliba2023.net/the-story-of-how-i-received-a-racy-selfie-via-image-sharing-from-a-woman-i-didnt-know.html,https://img03.sogoucdn.com/v2/thumb/retype_exclude_gif/ext/auto/q/100/?appid=122&url=tvax1.sinaimg.cn/large/006BNqYCly1ih7wv859lrj31id0w5tm8.jpg,福利吧,最新文章,latest,hotlist,2026-09-18,2026-09-21 09:38:19
10,2026年福利汇总第131期 ：神秘礼物,福利汇总 · 9 条评论 · BGM：《神秘礼物》：点击播放 热门视频： 【邓肯】“梅姨”案 我只是想煮一个鸡蛋，互联网却想教我做人 为什么所有 App 都能借钱给你？网贷如何变得无,34580,https://fuliba2023.net/2026131.html,https://img03.sogoucdn.com/v2/thumb/retype_exclude_gif/ext/auto/q/100/?appid=122&url=tvax4.sinaimg.cn/large/006BNqYCly1ih7v9i5gyrj323u1kwdy6.jpg,福利吧,最新文章,latest,hotlist,2026-09-18,2026-09-21 09:38:19
11,NGA一个精彩刺激的私人经历文,福利吧 · 7 条评论 · 感谢福利吧论坛网友“yyds1111”分享，更多优秀分享请访问福利吧论坛。 这是NGA上一个帖子连载更新的，整理成文本分享。 主要讲KTV里约妹子的事，有荤,34017,https://fuliba2023.net/xiaoc.html,https://img03.sogoucdn.com/v2/thumb/retype_exclude_gif/ext/auto/q/100/?appid=122&url=https://tva1.sinaimg.cn/large/009Zip4ygy1ih6pc9dq8sj30or0gfwgc.jpg,福利吧,最新文章,latest,hotlist,2026-09-17,2026-09-21 09:38:19
12,よふかしのへや：《反正要死了，随你处置》翻拍真人版 逢沢みゆ出演,图解电影 · 20 条评论 · 去年的时候，我们给大家推荐过画师“よふかしのへや”的这部作品 よふかしのへや：《反正要死了，随你处置》 用爱爱拯救厌世少女 时隔一年，这部作品,45596,https://fuliba2023.net/rki-757.html,https://img03.sogoucdn.com/v2/thumb/retype_exclude_gif/ext/auto/q/100/?appid=122&url=tvax3.sinaimg.cn/large/006BNqYCly1ih6bur3oovj316d0r8tuo.jpg,福利吧,最新文章,latest,hotlist,2026-09-17,2026-09-21 09:38:19
13,2026年7月番剧推荐：《我独自盗墓》 更新至第10集,动漫影视 · 1 条评论 · 2024年的时候，我们给大家推荐过一部韩漫改编的异世界动漫作品 2025年这部作品已经出了第二季，异世界番剧里的黑马之作，非常好看 2024年1月番剧推荐,9878,https://fuliba2023.net/tomb-raider-king.html,https://img03.sogoucdn.com/v2/thumb/retype_exclude_gif/ext/auto/q/100/?appid=122&url=tvax3.sinaimg.cn/large/006BNqYCly1ih6v0vd7pmj31gr0u0k15.jpg,福利吧,最新文章,latest,hotlist,2026-09-17,2026-09-21 09:38:19
14,2026年福利汇总第130期 ：百万朵玫瑰,福利汇总 · 11 条评论 · BGM：《百万本のバラ》：点击播放 热门视频： 我们平时点外卖的袋子是如何生产的？ 九年义务教育，正在变成“义务坐牢” 从北京坐火车去新加坡！ 细读,61786,https://fuliba2023.net/2026130.html,https://img03.sogoucdn.com/v2/thumb/retype_exclude_gif/ext/auto/q/100/?appid=122&url=tvax3.sinaimg.cn/large/006BNqYCly1ih5858bs24j323i1hc4qp.jpg,福利吧,最新文章,latest,hotlist,2026-09-16,2026-09-21 09:38:19
15,OnlyHaven：“OnlyFans”和“Patreon”付费资源公共存档站,好孩子kan不见 · 5 条评论 · 之前给大家分享过Coomer和Kemono之类的“OnlyFans”“Fansly”等付费资源存档站 Coomer：OnlyFans付费资源公共存档网站 Thotsbay：OnlyFans资源免付费,37617,https://fuliba2023.net/cum-st.html,https://img03.sogoucdn.com/v2/thumb/retype_exclude_gif/ext/auto/q/100/?appid=122&url=tvax2.sinaimg.cn/large/006BNqYCly1ih3y936dxqj31mi0rnx5b.jpg,福利吧,最新文章,latest,hotlist,2026-09-16,2026-09-21 09:38:19
16,论坛口碑商家：老猫配眼镜，小程序下单全网比价，产品保真价格包满意,购物网赚 · 22 条评论 · 老猫在论坛写了不少科普贴，他新开发了一个微信小程序， 蔡司、柯达、依视路、康耐特十几款镜片，高中低档都有，源头厂家产品保真。 各种材质样式的镜,25741,https://fuliba2023.net/laomao.html,https://img03.sogoucdn.com/v2/thumb/retype_exclude_gif/ext/auto/q/100/?appid=122&url=https://tva1.sinaimg.cn/large/006WeipRgy1igi5wkym3jj30me0gudhj.jpg,福利吧,最新文章,latest,hotlist,2026-09-15,2026-09-21 09:38:19
17,吐槽：又上麦片哥的当了，“蓝芽水月”飞机场秒变大师球 真相究竟是什么？,好孩子kan不见 · 14 条评论 · 之前我们曾经发帖讲过AI技术被麦片哥滥用，一部影片的找出处难度加大 吐槽：论现在麦片的已经恶心到什么地步了 AI技术滥用的后果！ 但是最近网友发帖,39899,https://fuliba2023.net/dvmm-263.html,https://img03.sogoucdn.com/v2/thumb/retype_exclude_gif/ext/auto/q/100/?appid=122&url=tvax2.sinaimg.cn/large/006BNqYCly1ih3z6jnkq1j31cn0r21kx.jpg,福利吧,最新文章,latest,hotlist,2026-09-15,2026-09-21 09:38:19
18,魔兽争霸3时隔23年更新资料片+剧情战役,福利吧 · 7 条评论 · 时隔二十三年，魔兽争霸3在2026年暴雪嘉年华开幕式上正式推出全新单人战役“被遗忘的王国”。 这是继2003年冰封王座资料片之后，该系列首次由官方推出,17779,https://fuliba2023.net/war3.html,https://img03.sogoucdn.com/v2/thumb/retype_exclude_gif/ext/auto/q/100/?appid=122&url=https://tva1.sinaimg.cn/large/009Zip4ygy1ih3luw6bgsj31ac0puwkp.jpg,福利吧,最新文章,latest,hotlist,2026-09-15,2026-09-21 09:38:19
19,摩的司机徐师傅：B站付费充电专属视频上新 从赌鬼到百万UP主，从上山躲债到日入数万,BILIBILI · 31 条评论 · 网盘下载：夸克网盘/百度网盘/迅雷网盘/ 从赌鬼到百万UP主，从上山躲债到日入数万，B站抽象健身博主“街健呆木头”的前半生 ——- 喜欢看各,121387,https://fuliba2023.net/mdsjxsf.html,https://img03.sogoucdn.com/v2/thumb/retype_exclude_gif/ext/auto/q/100/?appid=122&url=tvax4.sinaimg.cn/large/006BNqYCly1ih3xkthacej31j90v2e81.jpg,福利吧,最新文章,latest,hotlist,2026-09-14,2026-09-21 09:38:19
20,2026年福利汇总第129期 ：盒子里的猫,福利汇总 · 11 条评论 · BGM：《弥勒世果報 – undercooled》：点击播放 热门视频： 如何制造海苔 盘点【黄埔军校】各期学员含金量! 办公室没窗、走廊带坡？医院这些R,81151,https://fuliba2023.net/2026129.html,https://img03.sogoucdn.com/v2/thumb/retype_exclude_gif/ext/auto/q/100/?appid=122&url=tvax2.sinaimg.cn/large/006BNqYCly1ih2vimo6kvj323u1kw1kx.jpg,福利吧,最新文章,latest,hotlist,2026-09-14,2026-09-21 09:38:19
1,2026年9月趣站分享：听记/App比价/图标制作/装机软件 中国天气地图,趣站分享 · 0 条评论 · 趣味网站分享系列：https://fuliba2025.net/quwei 没有采取单发文章推荐的内容，大部分来自福利吧论坛或网友邮件投稿。 如果你也有不错的内容,1925,https://fuliba2023.net/website202609.html,https://img03.sogoucdn.com/v2/thumb/retype_exclude_gif/ext/auto/q/100/?appid=122&url=tvax1.sinaimg.cn/large/006BNqYCly1ift9t7n41kj315y0v1gwr.jpg,福利吧,最新文章,latest,hotlist,2026-09-21,2026-09-21 10:35:21
2,Netflix韩国剧集：《挑情丑闻》全8集 情爱画面很唯美,影视推荐 · 5 条评论 · Netflix最近上线的一部桃色剧集 原作品是法国18世纪小说家拉克洛用书信形式所写成的小说《危险关系》 剧版改编自由李在容执导、2003年上映的同名电影,8099,https://fuliba2023.net/scandals.html,https://img03.sogoucdn.com/v2/thumb/retype_exclude_gif/ext/auto/q/100/?appid=122&url=tvax1.sinaimg.cn/large/006BNqYCly1iha0neyeu0j31x90z5e82.jpg,福利吧,最新文章,latest,hotlist,2026-09-21,2026-09-21 10:35:21
3,淘宝京东优惠商品汇总，9月21日9点更新 购物领券fuliba99.net,购物网赚 · 314 条评论 · 购物搜券：福利久久 — 精选好货，实时更新 商品更新较快，请加购物群获得第一手消息。微信扫码加好友，回复“京东群”或者“淘宝群”自动拉你。 16枚,444797,https://fuliba2023.net/99.html,https://img03.sogoucdn.com/v2/thumb/retype_exclude_gif/ext/auto/q/100/?appid=122&url=https://tva1.sinaimg.cn/large/009Zip4ygy1ihb1o2d92gj309q09qab3.jpg,福利吧,最新文章,latest,hotlist,2026-09-21,2026-09-21 10:35:21
4,“倉木華”遗作《我在深夜便利店做收银被微醺大姐姐攻略》上线 可惜再也看不到妹子新作了,图解电影 · 6 条评论 · 前几天我们曾经发帖说过，又一位日本女演员因为牛郎问题选择了自杀离开这个世界 噩耗：日本女优“倉木華”在住所自杀身亡 死亡原因引网络热议 翻看她,28460,https://fuliba2023.net/snos-397.html,https://img03.sogoucdn.com/v2/thumb/retype_exclude_gif/ext/auto/q/100/?appid=122&url=tvax4.sinaimg.cn/large/006BNqYCly1ih9wo1lt79j31cl0r81kx.jpg,福利吧,最新文章,latest,hotlist,2026-09-20,2026-09-21 10:35:21
5,2026年福利汇总第132期 ：失语梦,福利汇总 · 8 条评论 · BGM：《失语梦》：点击播放 热门视频： 有网友到青海西宁旅游，打车途中，司机师傅一路介绍青海，讲得头头是道 铭文中的谜之天子，逨盘，195件国宝第1,27336,https://fuliba2023.net/2026132.html,https://img03.sogoucdn.com/v2/thumb/retype_exclude_gif/ext/auto/q/100/?appid=122&url=tvax1.sinaimg.cn/large/006BNqYCly1ih9uxu4308j335s23ub14.jpg,福利吧,最新文章,latest,hotlist,2026-09-20,2026-09-21 10:35:21
6,二二酸酸：《青春课本系列》 带你重新认识那些熟悉的语文课文,BILIBILI · 9 条评论 · 今天给大家推荐一个B站的UP主“二二酸酸” 她制作的有一个系列节目叫《青春课本系列》 讲解的都是我们上学时候学习的语文课本里那些文章之外的故事 有,15173,https://fuliba2023.net/erersuansuan.html,https://img03.sogoucdn.com/v2/thumb/retype_exclude_gif/ext/auto/q/100/?appid=122&url=tvax1.sinaimg.cn/large/006BNqYCly1ih8oakntacj313t0ov137.jpg,福利吧,最新文章,latest,hotlist,2026-09-19,2026-09-21 10:35:21
7,蚂蚁阿福X沃莱联名体脂秤4.9（34.9下单返30元支付宝红包）,购物网赚 · 12 条评论 · 体脂秤是一个健康入口，各大平台都在抢占市场。 几年前买的小米体脂秤还花了100多，现在竟然免费送了。 蚂蚁阿福体脂秤原价47的，官方立减7.1，再领5,14068,https://fuliba2023.net/wolai.html,https://img03.sogoucdn.com/v2/thumb/retype_exclude_gif/ext/auto/q/100/?appid=122&url=https://tva1.sinaimg.cn/large/009Zip4ygy1ih91ife18hj309q09o74l.jpg,福利吧,最新文章,latest,hotlist,2026-09-19,2026-09-21 10:35:21
8,“Gattouz0”新作，居然又是亚洲妹 三人同行有点猛,好孩子kan不见 · 13 条评论 · 前几天我们发帖说过“Gattouz0”发布的新作是一个亚洲女孩 虽然他描述是中国人，但是从更新动态等种种迹象来看，更像是一个越南妹 “Gattouz0”再约亚,27904,https://fuliba2023.net/new-gattouz0-bunny-umi-bunny-una-double.html,https://img03.sogoucdn.com/v2/thumb/retype_exclude_gif/ext/auto/q/100/?appid=122&url=tvax4.sinaimg.cn/large/006BNqYCly1ih7we2b494j31ct0rie7s.jpg,福利吧,最新文章,latest,hotlist,2026-09-19,2026-09-21 10:35:21
9,犬上いの字：《收到陌生女性隔空投送发来私密照片的经历》 苹果用户专享,漫画推荐 · 6 条评论 · 今天给大家推荐的是日本画师“犬上いの字”的作品 这部漫画创意挺好，故事内容有轻微SM向，不过是大姐姐纯爱作品 作品共计三话，85P左右，下面是剧情,20295,https://fuliba2023.net/the-story-of-how-i-received-a-racy-selfie-via-image-sharing-from-a-woman-i-didnt-know.html,https://img03.sogoucdn.com/v2/thumb/retype_exclude_gif/ext/auto/q/100/?appid=122&url=tvax1.sinaimg.cn/large/006BNqYCly1ih7wv859lrj31id0w5tm8.jpg,福利吧,最新文章,latest,hotlist,2026-09-18,2026-09-21 10:35:21
10,2026年福利汇总第131期 ：神秘礼物,福利汇总 · 9 条评论 · BGM：《神秘礼物》：点击播放 热门视频： 【邓肯】“梅姨”案 我只是想煮一个鸡蛋，互联网却想教我做人 为什么所有 App 都能借钱给你？网贷如何变得无,34745,https://fuliba2023.net/2026131.html,https://img03.sogoucdn.com/v2/thumb/retype_exclude_gif/ext/auto/q/100/?appid=122&url=tvax4.sinaimg.cn/large/006BNqYCly1ih7v9i5gyrj323u1kwdy6.jpg,福利吧,最新文章,latest,hotlist,2026-09-18,2026-09-21 10:35:21
11,NGA一个精彩刺激的私人经历文,福利吧 · 7 条评论 · 感谢福利吧论坛网友“yyds1111”分享，更多优秀分享请访问福利吧论坛。 这是NGA上一个帖子连载更新的，整理成文本分享。 主要讲KTV里约妹子的事，有荤,34113,https://fuliba2023.net/xiaoc.html,https://img03.sogoucdn.com/v2/thumb/retype_exclude_gif/ext/auto/q/100/?appid=122&url=https://tva1.sinaimg.cn/large/009Zip4ygy1ih6pc9dq8sj30or0gfwgc.jpg,福利吧,最新文章,latest,hotlist,2026-09-17,2026-09-21 10:35:21
12,よふかしのへや：《反正要死了，随你处置》翻拍真人版 逢沢みゆ出演,图解电影 · 20 条评论 · 去年的时候，我们给大家推荐过画师“よふかしのへや”的这部作品 よふかしのへや：《反正要死了，随你处置》 用爱爱拯救厌世少女 时隔一年，这部作品,45671,https://fuliba2023.net/rki-757.html,https://img03.sogoucdn.com/v2/thumb/retype_exclude_gif/ext/auto/q/100/?appid=122&url=tvax3.sinaimg.cn/large/006BNqYCly1ih6bur3oovj316d0r8tuo.jpg,福利吧,最新文章,latest,hotlist,2026-09-17,2026-09-21 10:35:21
13,2026年7月番剧推荐：《我独自盗墓》 更新至第10集,动漫影视 · 1 条评论 · 2024年的时候，我们给大家推荐过一部韩漫改编的异世界动漫作品 2025年这部作品已经出了第二季，异世界番剧里的黑马之作，非常好看 2024年1月番剧推荐,9903,https://fuliba2023.net/tomb-raider-king.html,https://img03.sogoucdn.com/v2/thumb/retype_exclude_gif/ext/auto/q/100/?appid=122&url=tvax3.sinaimg.cn/large/006BNqYCly1ih6v0vd7pmj31gr0u0k15.jpg,福利吧,最新文章,latest,hotlist,2026-09-17,2026-09-21 10:35:21
14,2026年福利汇总第130期 ：百万朵玫瑰,福利汇总 · 11 条评论 · BGM：《百万本のバラ》：点击播放 热门视频： 我们平时点外卖的袋子是如何生产的？ 九年义务教育，正在变成“义务坐牢” 从北京坐火车去新加坡！ 细读,61866,https://fuliba2023.net/2026130.html,https://img03.sogoucdn.com/v2/thumb/retype_exclude_gif/ext/auto/q/100/?appid=122&url=tvax3.sinaimg.cn/large/006BNqYCly1ih5858bs24j323i1hc4qp.jpg,福利吧,最新文章,latest,hotlist,2026-09-16,2026-09-21 10:35:21
15,OnlyHaven：“OnlyFans”和“Patreon”付费资源公共存档站,好孩子kan不见 · 5 条评论 · 之前给大家分享过Coomer和Kemono之类的“OnlyFans”“Fansly”等付费资源存档站 Coomer：OnlyFans付费资源公共存档网站 Thotsbay：OnlyFans资源免付费,37682,https://fuliba2023.net/cum-st.html,https://img03.sogoucdn.com/v2/thumb/retype_exclude_gif/ext/auto/q/100/?appid=122&url=tvax2.sinaimg.cn/large/006BNqYCly1ih3y936dxqj31mi0rnx5b.jpg,福利吧,最新文章,latest,hotlist,2026-09-16,2026-09-21 10:35:21
16,论坛口碑商家：老猫配眼镜，小程序下单全网比价，产品保真价格包满意,购物网赚 · 22 条评论 · 老猫在论坛写了不少科普贴，他新开发了一个微信小程序， 蔡司、柯达、依视路、康耐特十几款镜片，高中低档都有，源头厂家产品保真。 各种材质样式的镜,25765,https://fuliba2023.net/laomao.html,https://img03.sogoucdn.com/v2/thumb/retype_exclude_gif/ext/auto/q/100/?appid=122&url=https://tva1.sinaimg.cn/large/006WeipRgy1igi5wkym3jj30me0gudhj.jpg,福利吧,最新文章,latest,hotlist,2026-09-15,2026-09-21 10:35:21
17,吐槽：又上麦片哥的当了，“蓝芽水月”飞机场秒变大师球 真相究竟是什么？,好孩子kan不见 · 14 条评论 · 之前我们曾经发帖讲过AI技术被麦片哥滥用，一部影片的找出处难度加大 吐槽：论现在麦片的已经恶心到什么地步了 AI技术滥用的后果！ 但是最近网友发帖,39954,https://fuliba2023.net/dvmm-263.html,https://img03.sogoucdn.com/v2/thumb/retype_exclude_gif/ext/auto/q/100/?appid=122&url=tvax2.sinaimg.cn/large/006BNqYCly1ih3z6jnkq1j31cn0r21kx.jpg,福利吧,最新文章,latest,hotlist,2026-09-15,2026-09-21 10:35:21
18,魔兽争霸3时隔23年更新资料片+剧情战役,福利吧 · 7 条评论 · 时隔二十三年，魔兽争霸3在2026年暴雪嘉年华开幕式上正式推出全新单人战役“被遗忘的王国”。 这是继2003年冰封王座资料片之后，该系列首次由官方推出,17799,https://fuliba2023.net/war3.html,https://img03.sogoucdn.com/v2/thumb/retype_exclude_gif/ext/auto/q/100/?appid=122&url=https://tva1.sinaimg.cn/large/009Zip4ygy1ih3luw6bgsj31ac0puwkp.jpg,福利吧,最新文章,latest,hotlist,2026-09-15,2026-09-21 10:35:21
19,摩的司机徐师傅：B站付费充电专属视频上新 从赌鬼到百万UP主，从上山躲债到日入数万,BILIBILI · 31 条评论 · 网盘下载：夸克网盘/百度网盘/迅雷网盘/ 从赌鬼到百万UP主，从上山躲债到日入数万，B站抽象健身博主“街健呆木头”的前半生 ——- 喜欢看各,121403,https://fuliba2023.net/mdsjxsf.html,https://img03.sogoucdn.com/v2/thumb/retype_exclude_gif/ext/auto/q/100/?appid=122&url=tvax4.sinaimg.cn/large/006BNqYCly1ih3xkthacej31j90v2e81.jpg,福利吧,最新文章,latest,hotlist,2026-09-14,2026-09-21 10:35:21
20,2026年福利汇总第129期 ：盒子里的猫,福利汇总 · 11 条评论 · BGM：《弥勒世果報 – undercooled》：点击播放 热门视频： 如何制造海苔 盘点【黄埔军校】各期学员含金量! 办公室没窗、走廊带坡？医院这些R,81200,https://fuliba2023.net/2026129.html,https://img03.sogoucdn.com/v2/thumb/retype_exclude_gif/ext/auto/q/100/?appid=122&url=tvax2.sinaimg.cn/large/006BNqYCly1ih2vimo6kvj323u1kw1kx.jpg,福利吧,最新文章,latest,hotlist,2026-09-14,2026-09-21 10:35:21
1,2026年9月趣站分享：听记/App比价/图标制作/装机软件 中国天气地图,趣站分享 · 0 条评论 · 趣味网站分享系列：https://fuliba2025.net/quwei 没有采取单发文章推荐的内容，大部分来自福利吧论坛或网友邮件投稿。 如果你也有不错的内容,2856,https://fuliba2023.net/website202609.html,https://img03.sogoucdn.com/v2/thumb/retype_exclude_gif/ext/auto/q/100/?appid=122&url=tvax1.sinaimg.cn/large/006BNqYCly1ift9t7n41kj315y0v1gwr.jpg,福利吧,最新文章,latest,hotlist,2026-09-21,2026-09-21 11:29:17
2,Netflix韩国剧集：《挑情丑闻》全8集 情爱画面很唯美,影视推荐 · 5 条评论 · Netflix最近上线的一部桃色剧集 原作品是法国18世纪小说家拉克洛用书信形式所写成的小说《危险关系》 剧版改编自由李在容执导、2003年上映的同名电影,9396,https://fuliba2023.net/scandals.html,https://img03.sogoucdn.com/v2/thumb/retype_exclude_gif/ext/auto/q/100/?appid=122&url=tvax1.sinaimg.cn/large/006BNqYCly1iha0neyeu0j31x90z5e82.jpg,福利吧,最新文章,latest,hotlist,2026-09-21,2026-09-21 11:29:17
3,淘宝京东优惠商品汇总，9月21日9点更新 购物领券fuliba99.net,购物网赚 · 314 条评论 · 购物搜券：福利久久 — 精选好货，实时更新 商品更新较快，请加购物群获得第一手消息。微信扫码加好友，回复“京东群”或者“淘宝群”自动拉你。 16枚,445004,https://fuliba2023.net/99.html,https://img03.sogoucdn.com/v2/thumb/retype_exclude_gif/ext/auto/q/100/?appid=122&url=https://tva1.sinaimg.cn/large/009Zip4ygy1ihb1o2d92gj309q09qab3.jpg,福利吧,最新文章,latest,hotlist,2026-09-21,2026-09-21 11:29:17
4,“倉木華”遗作《我在深夜便利店做收银被微醺大姐姐攻略》上线 可惜再也看不到妹子新作了,图解电影 · 6 条评论 · 前几天我们曾经发帖说过，又一位日本女演员因为牛郎问题选择了自杀离开这个世界 噩耗：日本女优“倉木華”在住所自杀身亡 死亡原因引网络热议 翻看她,29004,https://fuliba2023.net/snos-397.html,https://img03.sogoucdn.com/v2/thumb/retype_exclude_gif/ext/auto/q/100/?appid=122&url=tvax4.sinaimg.cn/large/006BNqYCly1ih9wo1lt79j31cl0r81kx.jpg,福利吧,最新文章,latest,hotlist,2026-09-20,2026-09-21 11:29:17
5,2026年福利汇总第132期 ：失语梦,福利汇总 · 8 条评论 · BGM：《失语梦》：点击播放 热门视频： 有网友到青海西宁旅游，打车途中，司机师傅一路介绍青海，讲得头头是道 铭文中的谜之天子，逨盘，195件国宝第1,27932,https://fuliba2023.net/2026132.html,https://img03.sogoucdn.com/v2/thumb/retype_exclude_gif/ext/auto/q/100/?appid=122&url=tvax1.sinaimg.cn/large/006BNqYCly1ih9uxu4308j335s23ub14.jpg,福利吧,最新文章,latest,hotlist,2026-09-20,2026-09-21 11:29:17
6,二二酸酸：《青春课本系列》 带你重新认识那些熟悉的语文课文,BILIBILI · 9 条评论 · 今天给大家推荐一个B站的UP主“二二酸酸” 她制作的有一个系列节目叫《青春课本系列》 讲解的都是我们上学时候学习的语文课本里那些文章之外的故事 有,15292,https://fuliba2023.net/erersuansuan.html,https://img03.sogoucdn.com/v2/thumb/retype_exclude_gif/ext/auto/q/100/?appid=122&url=tvax1.sinaimg.cn/large/006BNqYCly1ih8oakntacj313t0ov137.jpg,福利吧,最新文章,latest,hotlist,2026-09-19,2026-09-21 11:29:17
7,蚂蚁阿福X沃莱联名体脂秤4.9（34.9下单返30元支付宝红包）,购物网赚 · 12 条评论 · 体脂秤是一个健康入口，各大平台都在抢占市场。 几年前买的小米体脂秤还花了100多，现在竟然免费送了。 蚂蚁阿福体脂秤原价47的，官方立减7.1，再领5,14127,https://fuliba2023.net/wolai.html,https://img03.sogoucdn.com/v2/thumb/retype_exclude_gif/ext/auto/q/100/?appid=122&url=https://tva1.sinaimg.cn/large/009Zip4ygy1ih91ife18hj309q09o74l.jpg,福利吧,最新文章,latest,hotlist,2026-09-19,2026-09-21 11:29:17
8,“Gattouz0”新作，居然又是亚洲妹 三人同行有点猛,好孩子kan不见 · 13 条评论 · 前几天我们发帖说过“Gattouz0”发布的新作是一个亚洲女孩 虽然他描述是中国人，但是从更新动态等种种迹象来看，更像是一个越南妹 “Gattouz0”再约亚,28110,https://fuliba2023.net/new-gattouz0-bunny-umi-bunny-una-double.html,https://img03.sogoucdn.com/v2/thumb/retype_exclude_gif/ext/auto/q/100/?appid=122&url=tvax4.sinaimg.cn/large/006BNqYCly1ih7we2b494j31ct0rie7s.jpg,福利吧,最新文章,latest,hotlist,2026-09-19,2026-09-21 11:29:17
9,犬上いの字：《收到陌生女性隔空投送发来私密照片的经历》 苹果用户专享,漫画推荐 · 6 条评论 · 今天给大家推荐的是日本画师“犬上いの字”的作品 这部漫画创意挺好，故事内容有轻微SM向，不过是大姐姐纯爱作品 作品共计三话，85P左右，下面是剧情,20379,https://fuliba2023.net/the-story-of-how-i-received-a-racy-selfie-via-image-sharing-from-a-woman-i-didnt-know.html,https://img03.sogoucdn.com/v2/thumb/retype_exclude_gif/ext/auto/q/100/?appid=122&url=tvax1.sinaimg.cn/large/006BNqYCly1ih7wv859lrj31id0w5tm8.jpg,福利吧,最新文章,latest,hotlist,2026-09-18,2026-09-21 11:29:17
10,2026年福利汇总第131期 ：神秘礼物,福利汇总 · 9 条评论 · BGM：《神秘礼物》：点击播放 热门视频： 【邓肯】“梅姨”案 我只是想煮一个鸡蛋，互联网却想教我做人 为什么所有 App 都能借钱给你？网贷如何变得无,34925,https://fuliba2023.net/2026131.html,https://img03.sogoucdn.com/v2/thumb/retype_exclude_gif/ext/auto/q/100/?appid=122&url=tvax4.sinaimg.cn/large/006BNqYCly1ih7v9i5gyrj323u1kwdy6.jpg,福利吧,最新文章,latest,hotlist,2026-09-18,2026-09-21 11:29:17
11,NGA一个精彩刺激的私人经历文,福利吧 · 7 条评论 · 感谢福利吧论坛网友“yyds1111”分享，更多优秀分享请访问福利吧论坛。 这是NGA上一个帖子连载更新的，整理成文本分享。 主要讲KTV里约妹子的事，有荤,34208,https://fuliba2023.net/xiaoc.html,https://img03.sogoucdn.com/v2/thumb/retype_exclude_gif/ext/auto/q/100/?appid=122&url=https://tva1.sinaimg.cn/large/009Zip4ygy1ih6pc9dq8sj30or0gfwgc.jpg,福利吧,最新文章,latest,hotlist,2026-09-17,2026-09-21 11:29:17
12,よふかしのへや：《反正要死了，随你处置》翻拍真人版 逢沢みゆ出演,图解电影 · 20 条评论 · 去年的时候，我们给大家推荐过画师“よふかしのへや”的这部作品 よふかしのへや：《反正要死了，随你处置》 用爱爱拯救厌世少女 时隔一年，这部作品,45765,https://fuliba2023.net/rki-757.html,https://img03.sogoucdn.com/v2/thumb/retype_exclude_gif/ext/auto/q/100/?appid=122&url=tvax3.sinaimg.cn/large/006BNqYCly1ih6bur3oovj316d0r8tuo.jpg,福利吧,最新文章,latest,hotlist,2026-09-17,2026-09-21 11:29:17
13,2026年7月番剧推荐：《我独自盗墓》 更新至第10集,动漫影视 · 1 条评论 · 2024年的时候，我们给大家推荐过一部韩漫改编的异世界动漫作品 2025年这部作品已经出了第二季，异世界番剧里的黑马之作，非常好看 2024年1月番剧推荐,9932,https://fuliba2023.net/tomb-raider-king.html,https://img03.sogoucdn.com/v2/thumb/retype_exclude_gif/ext/auto/q/100/?appid=122&url=tvax3.sinaimg.cn/large/006BNqYCly1ih6v0vd7pmj31gr0u0k15.jpg,福利吧,最新文章,latest,hotlist,2026-09-17,2026-09-21 11:29:17
14,2026年福利汇总第130期 ：百万朵玫瑰,福利汇总 · 11 条评论 · BGM：《百万本のバラ》：点击播放 热门视频： 我们平时点外卖的袋子是如何生产的？ 九年义务教育，正在变成“义务坐牢” 从北京坐火车去新加坡！ 细读,61967,https://fuliba2023.net/2026130.html,https://img03.sogoucdn.com/v2/thumb/retype_exclude_gif/ext/auto/q/100/?appid=122&url=tvax3.sinaimg.cn/large/006BNqYCly1ih5858bs24j323i1hc4qp.jpg,福利吧,最新文章,latest,hotlist,2026-09-16,2026-09-21 11:29:17
15,OnlyHaven：“OnlyFans”和“Patreon”付费资源公共存档站,好孩子kan不见 · 5 条评论 · 之前给大家分享过Coomer和Kemono之类的“OnlyFans”“Fansly”等付费资源存档站 Coomer：OnlyFans付费资源公共存档网站 Thotsbay：OnlyFans资源免付费,37757,https://fuliba2023.net/cum-st.html,https://img03.sogoucdn.com/v2/thumb/retype_exclude_gif/ext/auto/q/100/?appid=122&url=tvax2.sinaimg.cn/large/006BNqYCly1ih3y936dxqj31mi0rnx5b.jpg,福利吧,最新文章,latest,hotlist,2026-09-16,2026-09-21 11:29:17
16,论坛口碑商家：老猫配眼镜，小程序下单全网比价，产品保真价格包满意,购物网赚 · 22 条评论 · 老猫在论坛写了不少科普贴，他新开发了一个微信小程序， 蔡司、柯达、依视路、康耐特十几款镜片，高中低档都有，源头厂家产品保真。 各种材质样式的镜,25800,https://fuliba2023.net/laomao.html,https://img03.sogoucdn.com/v2/thumb/retype_exclude_gif/ext/auto/q/100/?appid=122&url=https://tva1.sinaimg.cn/large/006WeipRgy1igi5wkym3jj30me0gudhj.jpg,福利吧,最新文章,latest,hotlist,2026-09-15,2026-09-21 11:29:17
17,吐槽：又上麦片哥的当了，“蓝芽水月”飞机场秒变大师球 真相究竟是什么？,好孩子kan不见 · 14 条评论 · 之前我们曾经发帖讲过AI技术被麦片哥滥用，一部影片的找出处难度加大 吐槽：论现在麦片的已经恶心到什么地步了 AI技术滥用的后果！ 但是最近网友发帖,40000,https://fuliba2023.net/dvmm-263.html,https://img03.sogoucdn.com/v2/thumb/retype_exclude_gif/ext/auto/q/100/?appid=122&url=tvax2.sinaimg.cn/large/006BNqYCly1ih3z6jnkq1j31cn0r21kx.jpg,福利吧,最新文章,latest,hotlist,2026-09-15,2026-09-21 11:29:17
18,魔兽争霸3时隔23年更新资料片+剧情战役,福利吧 · 7 条评论 · 时隔二十三年，魔兽争霸3在2026年暴雪嘉年华开幕式上正式推出全新单人战役“被遗忘的王国”。 这是继2003年冰封王座资料片之后，该系列首次由官方推出,17821,https://fuliba2023.net/war3.html,https://img03.sogoucdn.com/v2/thumb/retype_exclude_gif/ext/auto/q/100/?appid=122&url=https://tva1.sinaimg.cn/large/009Zip4ygy1ih3luw6bgsj31ac0puwkp.jpg,福利吧,最新文章,latest,hotlist,2026-09-15,2026-09-21 11:29:17
19,摩的司机徐师傅：B站付费充电专属视频上新 从赌鬼到百万UP主，从上山躲债到日入数万,BILIBILI · 31 条评论 · 网盘下载：夸克网盘/百度网盘/迅雷网盘/ 从赌鬼到百万UP主，从上山躲债到日入数万，B站抽象健身博主“街健呆木头”的前半生 ——- 喜欢看各,121423,https://fuliba2023.net/mdsjxsf.html,https://img03.sogoucdn.com/v2/thumb/retype_exclude_gif/ext/auto/q/100/?appid=122&url=tvax4.sinaimg.cn/large/006BNqYCly1ih3xkthacej31j90v2e81.jpg,福利吧,最新文章,latest,hotlist,2026-09-14,2026-09-21 11:29:17
20,2026年福利汇总第129期 ：盒子里的猫,福利汇总 · 11 条评论 · BGM：《弥勒世果報 – undercooled》：点击播放 热门视频： 如何制造海苔 盘点【黄埔军校】各期学员含金量! 办公室没窗、走廊带坡？医院这些R,81255,https://fuliba2023.net/2026129.html,https://img03.sogoucdn.com/v2/thumb/retype_exclude_gif/ext/auto/q/100/?appid=122&url=tvax2.sinaimg.cn/large/006BNqYCly1ih2vimo6kvj323u1kw1kx.jpg,福利吧,最新文章,latest,hotlist,2026-09-14,2026-09-21 11:29:17
1,2026年9月趣站分享：听记/App比价/图标制作/装机软件 中国天气地图,趣站分享 · 0 条评论 · 趣味网站分享系列：https://fuliba2025.net/quwei 没有采取单发文章推荐的内容，大部分来自福利吧论坛或网友邮件投稿。 如果你也有不错的内容,3588,https://fuliba2023.net/website202609.html,https://img03.sogoucdn.com/v2/thumb/retype_exclude_gif/ext/auto/q/100/?appid=122&url=tvax1.sinaimg.cn/large/006BNqYCly1ift9t7n41kj315y0v1gwr.jpg,福利吧,最新文章,latest,hotlist,2026-09-21,2026-09-21 12:28:26
2,Netflix韩国剧集：《挑情丑闻》全8集 情爱画面很唯美,影视推荐 · 5 条评论 · Netflix最近上线的一部桃色剧集 原作品是法国18世纪小说家拉克洛用书信形式所写成的小说《危险关系》 剧版改编自由李在容执导、2003年上映的同名电影,10518,https://fuliba2023.net/scandals.html,https://img03.sogoucdn.com/v2/thumb/retype_exclude_gif/ext/auto/q/100/?appid=122&url=tvax1.sinaimg.cn/large/006BNqYCly1iha0neyeu0j31x90z5e82.jpg,福利吧,最新文章,latest,hotlist,2026-09-21,2026-09-21 12:28:26
3,淘宝京东优惠商品汇总，9月21日9点更新 购物领券fuliba99.net,购物网赚 · 314 条评论 · 购物搜券：福利久久 — 精选好货，实时更新 商品更新较快，请加购物群获得第一手消息。微信扫码加好友，回复“京东群”或者“淘宝群”自动拉你。 16枚,445183,https://fuliba2023.net/99.html,https://img03.sogoucdn.com/v2/thumb/retype_exclude_gif/ext/auto/q/100/?appid=122&url=https://tva1.sinaimg.cn/large/009Zip4ygy1ihb1o2d92gj309q09qab3.jpg,福利吧,最新文章,latest,hotlist,2026-09-21,2026-09-21 12:28:26
4,“倉木華”遗作《我在深夜便利店做收银被微醺大姐姐攻略》上线 可惜再也看不到妹子新作了,图解电影 · 6 条评论 · 前几天我们曾经发帖说过，又一位日本女演员因为牛郎问题选择了自杀离开这个世界 噩耗：日本女优“倉木華”在住所自杀身亡 死亡原因引网络热议 翻看她,29456,https://fuliba2023.net/snos-397.html,https://img03.sogoucdn.com/v2/thumb/retype_exclude_gif/ext/auto/q/100/?appid=122&url=tvax4.sinaimg.cn/large/006BNqYCly1ih9wo1lt79j31cl0r81kx.jpg,福利吧,最新文章,latest,hotlist,2026-09-20,2026-09-21 12:28:26
5,2026年福利汇总第132期 ：失语梦,福利汇总 · 8 条评论 · BGM：《失语梦》：点击播放 热门视频： 有网友到青海西宁旅游，打车途中，司机师傅一路介绍青海，讲得头头是道 铭文中的谜之天子，逨盘，195件国宝第1,28440,https://fuliba2023.net/2026132.html,https://img03.sogoucdn.com/v2/thumb/retype_exclude_gif/ext/auto/q/100/?appid=122&url=tvax1.sinaimg.cn/large/006BNqYCly1ih9uxu4308j335s23ub14.jpg,福利吧,最新文章,latest,hotlist,2026-09-20,2026-09-21 12:28:26
6,二二酸酸：《青春课本系列》 带你重新认识那些熟悉的语文课文,BILIBILI · 9 条评论 · 今天给大家推荐一个B站的UP主“二二酸酸” 她制作的有一个系列节目叫《青春课本系列》 讲解的都是我们上学时候学习的语文课本里那些文章之外的故事 有,15384,https://fuliba2023.net/erersuansuan.html,https://img03.sogoucdn.com/v2/thumb/retype_exclude_gif/ext/auto/q/100/?appid=122&url=tvax1.sinaimg.cn/large/006BNqYCly1ih8oakntacj313t0ov137.jpg,福利吧,最新文章,latest,hotlist,2026-09-19,2026-09-21 12:28:26
7,蚂蚁阿福X沃莱联名体脂秤4.9（34.9下单返30元支付宝红包）,购物网赚 · 12 条评论 · 体脂秤是一个健康入口，各大平台都在抢占市场。 几年前买的小米体脂秤还花了100多，现在竟然免费送了。 蚂蚁阿福体脂秤原价47的，官方立减7.1，再领5,14166,https://fuliba2023.net/wolai.html,https://img03.sogoucdn.com/v2/thumb/retype_exclude_gif/ext/auto/q/100/?appid=122&url=https://tva1.sinaimg.cn/large/009Zip4ygy1ih91ife18hj309q09o74l.jpg,福利吧,最新文章,latest,hotlist,2026-09-19,2026-09-21 12:28:26
8,“Gattouz0”新作，居然又是亚洲妹 三人同行有点猛,好孩子kan不见 · 13 条评论 · 前几天我们发帖说过“Gattouz0”发布的新作是一个亚洲女孩 虽然他描述是中国人，但是从更新动态等种种迹象来看，更像是一个越南妹 “Gattouz0”再约亚,28282,https://fuliba2023.net/new-gattouz0-bunny-umi-bunny-una-double.html,https://img03.sogoucdn.com/v2/thumb/retype_exclude_gif/ext/auto/q/100/?appid=122&url=tvax4.sinaimg.cn/large/006BNqYCly1ih7we2b494j31ct0rie7s.jpg,福利吧,最新文章,latest,hotlist,2026-09-19,2026-09-21 12:28:26
9,犬上いの字：《收到陌生女性隔空投送发来私密照片的经历》 苹果用户专享,漫画推荐 · 6 条评论 · 今天给大家推荐的是日本画师“犬上いの字”的作品 这部漫画创意挺好，故事内容有轻微SM向，不过是大姐姐纯爱作品 作品共计三话，85P左右，下面是剧情,20448,https://fuliba2023.net/the-story-of-how-i-received-a-racy-selfie-via-image-sharing-from-a-woman-i-didnt-know.html,https://img03.sogoucdn.com/v2/thumb/retype_exclude_gif/ext/auto/q/100/?appid=122&url=tvax1.sinaimg.cn/large/006BNqYCly1ih7wv859lrj31id0w5tm8.jpg,福利吧,最新文章,latest,hotlist,2026-09-18,2026-09-21 12:28:26
10,2026年福利汇总第131期 ：神秘礼物,福利汇总 · 9 条评论 · BGM：《神秘礼物》：点击播放 热门视频： 【邓肯】“梅姨”案 我只是想煮一个鸡蛋，互联网却想教我做人 为什么所有 App 都能借钱给你？网贷如何变得无,35067,https://fuliba2023.net/2026131.html,https://img03.sogoucdn.com/v2/thumb/retype_exclude_gif/ext/auto/q/100/?appid=122&url=tvax4.sinaimg.cn/large/006BNqYCly1ih7v9i5gyrj323u1kwdy6.jpg,福利吧,最新文章,latest,hotlist,2026-09-18,2026-09-21 12:28:26
11,NGA一个精彩刺激的私人经历文,福利吧 · 7 条评论 · 感谢福利吧论坛网友“yyds1111”分享，更多优秀分享请访问福利吧论坛。 这是NGA上一个帖子连载更新的，整理成文本分享。 主要讲KTV里约妹子的事，有荤,34280,https://fuliba2023.net/xiaoc.html,https://img03.sogoucdn.com/v2/thumb/retype_exclude_gif/ext/auto/q/100/?appid=122&url=https://tva1.sinaimg.cn/large/009Zip4ygy1ih6pc9dq8sj30or0gfwgc.jpg,福利吧,最新文章,latest,hotlist,2026-09-17,2026-09-21 12:28:26
12,よふかしのへや：《反正要死了，随你处置》翻拍真人版 逢沢みゆ出演,图解电影 · 20 条评论 · 去年的时候，我们给大家推荐过画师“よふかしのへや”的这部作品 よふかしのへや：《反正要死了，随你处置》 用爱爱拯救厌世少女 时隔一年，这部作品,45843,https://fuliba2023.net/rki-757.html,https://img03.sogoucdn.com/v2/thumb/retype_exclude_gif/ext/auto/q/100/?appid=122&url=tvax3.sinaimg.cn/large/006BNqYCly1ih6bur3oovj316d0r8tuo.jpg,福利吧,最新文章,latest,hotlist,2026-09-17,2026-09-21 12:28:26
13,2026年7月番剧推荐：《我独自盗墓》 更新至第10集,动漫影视 · 1 条评论 · 2024年的时候，我们给大家推荐过一部韩漫改编的异世界动漫作品 2025年这部作品已经出了第二季，异世界番剧里的黑马之作，非常好看 2024年1月番剧推荐,9953,https://fuliba2023.net/tomb-raider-king.html,https://img03.sogoucdn.com/v2/thumb/retype_exclude_gif/ext/auto/q/100/?appid=122&url=tvax3.sinaimg.cn/large/006BNqYCly1ih6v0vd7pmj31gr0u0k15.jpg,福利吧,最新文章,latest,hotlist,2026-09-17,2026-09-21 12:28:26
14,2026年福利汇总第130期 ：百万朵玫瑰,福利汇总 · 11 条评论 · BGM：《百万本のバラ》：点击播放 热门视频： 我们平时点外卖的袋子是如何生产的？ 九年义务教育，正在变成“义务坐牢” 从北京坐火车去新加坡！ 细读,62035,https://fuliba2023.net/2026130.html,https://img03.sogoucdn.com/v2/thumb/retype_exclude_gif/ext/auto/q/100/?appid=122&url=tvax3.sinaimg.cn/large/006BNqYCly1ih5858bs24j323i1hc4qp.jpg,福利吧,最新文章,latest,hotlist,2026-09-16,2026-09-21 12:28:26
15,OnlyHaven：“OnlyFans”和“Patreon”付费资源公共存档站,好孩子kan不见 · 5 条评论 · 之前给大家分享过Coomer和Kemono之类的“OnlyFans”“Fansly”等付费资源存档站 Coomer：OnlyFans付费资源公共存档网站 Thotsbay：OnlyFans资源免付费,37796,https://fuliba2023.net/cum-st.html,https://img03.sogoucdn.com/v2/thumb/retype_exclude_gif/ext/auto/q/100/?appid=122&url=tvax2.sinaimg.cn/large/006BNqYCly1ih3y936dxqj31mi0rnx5b.jpg,福利吧,最新文章,latest,hotlist,2026-09-16,2026-09-21 12:28:26
16,论坛口碑商家：老猫配眼镜，小程序下单全网比价，产品保真价格包满意,购物网赚 · 22 条评论 · 老猫在论坛写了不少科普贴，他新开发了一个微信小程序， 蔡司、柯达、依视路、康耐特十几款镜片，高中低档都有，源头厂家产品保真。 各种材质样式的镜,25820,https://fuliba2023.net/laomao.html,https://img03.sogoucdn.com/v2/thumb/retype_exclude_gif/ext/auto/q/100/?appid=122&url=https://tva1.sinaimg.cn/large/006WeipRgy1igi5wkym3jj30me0gudhj.jpg,福利吧,最新文章,latest,hotlist,2026-09-15,2026-09-21 12:28:26
17,吐槽：又上麦片哥的当了，“蓝芽水月”飞机场秒变大师球 真相究竟是什么？,好孩子kan不见 · 14 条评论 · 之前我们曾经发帖讲过AI技术被麦片哥滥用，一部影片的找出处难度加大 吐槽：论现在麦片的已经恶心到什么地步了 AI技术滥用的后果！ 但是最近网友发帖,40034,https://fuliba2023.net/dvmm-263.html,https://img03.sogoucdn.com/v2/thumb/retype_exclude_gif/ext/auto/q/100/?appid=122&url=tvax2.sinaimg.cn/large/006BNqYCly1ih3z6jnkq1j31cn0r21kx.jpg,福利吧,最新文章,latest,hotlist,2026-09-15,2026-09-21 12:28:26
18,魔兽争霸3时隔23年更新资料片+剧情战役,福利吧 · 7 条评论 · 时隔二十三年，魔兽争霸3在2026年暴雪嘉年华开幕式上正式推出全新单人战役“被遗忘的王国”。 这是继2003年冰封王座资料片之后，该系列首次由官方推出,17840,https://fuliba2023.net/war3.html,https://img03.sogoucdn.com/v2/thumb/retype_exclude_gif/ext/auto/q/100/?appid=122&url=https://tva1.sinaimg.cn/large/009Zip4ygy1ih3luw6bgsj31ac0puwkp.jpg,福利吧,最新文章,latest,hotlist,2026-09-15,2026-09-21 12:28:26
19,摩的司机徐师傅：B站付费充电专属视频上新 从赌鬼到百万UP主，从上山躲债到日入数万,BILIBILI · 31 条评论 · 网盘下载：夸克网盘/百度网盘/迅雷网盘/ 从赌鬼到百万UP主，从上山躲债到日入数万，B站抽象健身博主“街健呆木头”的前半生 ——- 喜欢看各,121434,https://fuliba2023.net/mdsjxsf.html,https://img03.sogoucdn.com/v2/thumb/retype_exclude_gif/ext/auto/q/100/?appid=122&url=tvax4.sinaimg.cn/large/006BNqYCly1ih3xkthacej31j90v2e81.jpg,福利吧,最新文章,latest,hotlist,2026-09-14,2026-09-21 12:28:26
20,2026年福利汇总第129期 ：盒子里的猫,福利汇总 · 11 条评论 · BGM：《弥勒世果報 – undercooled》：点击播放 热门视频： 如何制造海苔 盘点【黄埔军校】各期学员含金量! 办公室没窗、走廊带坡？医院这些R,81299,https://fuliba2023.net/2026129.html,https://img03.sogoucdn.com/v2/thumb/retype_exclude_gif/ext/auto/q/100/?appid=122&url=tvax2.sinaimg.cn/large/006BNqYCly1ih2vimo6kvj323u1kw1kx.jpg,福利吧,最新文章,latest,hotlist,2026-09-14,2026-09-21 12:28:26
1,2026年9月趣站分享：听记/App比价/图标制作/装机软件 中国天气地图,趣站分享 · 1 条评论 · 趣味网站分享系列：https://fuliba2025.net/quwei 没有采取单发文章推荐的内容，大部分来自福利吧论坛或网友邮件投稿。 如果你也有不错的内容,4253,https://fuliba2023.net/website202609.html,https://img03.sogoucdn.com/v2/thumb/retype_exclude_gif/ext/auto/q/100/?appid=122&url=tvax1.sinaimg.cn/large/006BNqYCly1ift9t7n41kj315y0v1gwr.jpg,福利吧,最新文章,latest,hotlist,2026-09-21,2026-09-21 13:24:47
2,Netflix韩国剧集：《挑情丑闻》全8集 情爱画面很唯美,影视推荐 · 6 条评论 · Netflix最近上线的一部桃色剧集 原作品是法国18世纪小说家拉克洛用书信形式所写成的小说《危险关系》 剧版改编自由李在容执导、2003年上映的同名电影,11583,https://fuliba2023.net/scandals.html,https://img03.sogoucdn.com/v2/thumb/retype_exclude_gif/ext/auto/q/100/?appid=122&url=tvax1.sinaimg.cn/large/006BNqYCly1iha0neyeu0j31x90z5e82.jpg,福利吧,最新文章,latest,hotlist,2026-09-21,2026-09-21 13:24:47
3,淘宝京东优惠商品汇总，9月21日9点更新 购物领券fuliba99.net,购物网赚 · 314 条评论 · 购物搜券：福利久久 — 精选好货，实时更新 商品更新较快，请加购物群获得第一手消息。微信扫码加好友，回复“京东群”或者“淘宝群”自动拉你。 16枚,445331,https://fuliba2023.net/99.html,https://img03.sogoucdn.com/v2/thumb/retype_exclude_gif/ext/auto/q/100/?appid=122&url=https://tva1.sinaimg.cn/large/009Zip4ygy1ihb1o2d92gj309q09qab3.jpg,福利吧,最新文章,latest,hotlist,2026-09-21,2026-09-21 13:24:47
4,“倉木華”遗作《我在深夜便利店做收银被微醺大姐姐攻略》上线 可惜再也看不到妹子新作了,图解电影 · 6 条评论 · 前几天我们曾经发帖说过，又一位日本女演员因为牛郎问题选择了自杀离开这个世界 噩耗：日本女优“倉木華”在住所自杀身亡 死亡原因引网络热议 翻看她,29959,https://fuliba2023.net/snos-397.html,https://img03.sogoucdn.com/v2/thumb/retype_exclude_gif/ext/auto/q/100/?appid=122&url=tvax4.sinaimg.cn/large/006BNqYCly1ih9wo1lt79j31cl0r81kx.jpg,福利吧,最新文章,latest,hotlist,2026-09-20,2026-09-21 13:24:47
5,2026年福利汇总第132期 ：失语梦,福利汇总 · 8 条评论 · BGM：《失语梦》：点击播放 热门视频： 有网友到青海西宁旅游，打车途中，司机师傅一路介绍青海，讲得头头是道 铭文中的谜之天子，逨盘，195件国宝第1,28977,https://fuliba2023.net/2026132.html,https://img03.sogoucdn.com/v2/thumb/retype_exclude_gif/ext/auto/q/100/?appid=122&url=tvax1.sinaimg.cn/large/006BNqYCly1ih9uxu4308j335s23ub14.jpg,福利吧,最新文章,latest,hotlist,2026-09-20,2026-09-21 13:24:47
6,二二酸酸：《青春课本系列》 带你重新认识那些熟悉的语文课文,BILIBILI · 9 条评论 · 今天给大家推荐一个B站的UP主“二二酸酸” 她制作的有一个系列节目叫《青春课本系列》 讲解的都是我们上学时候学习的语文课本里那些文章之外的故事 有,15487,https://fuliba2023.net/erersuansuan.html,https://img03.sogoucdn.com/v2/thumb/retype_exclude_gif/ext/auto/q/100/?appid=122&url=tvax1.sinaimg.cn/large/006BNqYCly1ih8oakntacj313t0ov137.jpg,福利吧,最新文章,latest,hotlist,2026-09-19,2026-09-21 13:24:47
7,蚂蚁阿福X沃莱联名体脂秤4.9（34.9下单返30元支付宝红包）,购物网赚 · 12 条评论 · 体脂秤是一个健康入口，各大平台都在抢占市场。 几年前买的小米体脂秤还花了100多，现在竟然免费送了。 蚂蚁阿福体脂秤原价47的，官方立减7.1，再领5,14198,https://fuliba2023.net/wolai.html,https://img03.sogoucdn.com/v2/thumb/retype_exclude_gif/ext/auto/q/100/?appid=122&url=https://tva1.sinaimg.cn/large/009Zip4ygy1ih91ife18hj309q09o74l.jpg,福利吧,最新文章,latest,hotlist,2026-09-19,2026-09-21 13:24:47
8,“Gattouz0”新作，居然又是亚洲妹 三人同行有点猛,好孩子kan不见 · 13 条评论 · 前几天我们发帖说过“Gattouz0”发布的新作是一个亚洲女孩 虽然他描述是中国人，但是从更新动态等种种迹象来看，更像是一个越南妹 “Gattouz0”再约亚,28466,https://fuliba2023.net/new-gattouz0-bunny-umi-bunny-una-double.html,https://img03.sogoucdn.com/v2/thumb/retype_exclude_gif/ext/auto/q/100/?appid=122&url=tvax4.sinaimg.cn/large/006BNqYCly1ih7we2b494j31ct0rie7s.jpg,福利吧,最新文章,latest,hotlist,2026-09-19,2026-09-21 13:24:47
9,犬上いの字：《收到陌生女性隔空投送发来私密照片的经历》 苹果用户专享,漫画推荐 · 6 条评论 · 今天给大家推荐的是日本画师“犬上いの字”的作品 这部漫画创意挺好，故事内容有轻微SM向，不过是大姐姐纯爱作品 作品共计三话，85P左右，下面是剧情,20518,https://fuliba2023.net/the-story-of-how-i-received-a-racy-selfie-via-image-sharing-from-a-woman-i-didnt-know.html,https://img03.sogoucdn.com/v2/thumb/retype_exclude_gif/ext/auto/q/100/?appid=122&url=tvax1.sinaimg.cn/large/006BNqYCly1ih7wv859lrj31id0w5tm8.jpg,福利吧,最新文章,latest,hotlist,2026-09-18,2026-09-21 13:24:47
10,2026年福利汇总第131期 ：神秘礼物,福利汇总 · 9 条评论 · BGM：《神秘礼物》：点击播放 热门视频： 【邓肯】“梅姨”案 我只是想煮一个鸡蛋，互联网却想教我做人 为什么所有 App 都能借钱给你？网贷如何变得无,35187,https://fuliba2023.net/2026131.html,https://img03.sogoucdn.com/v2/thumb/retype_exclude_gif/ext/auto/q/100/?appid=122&url=tvax4.sinaimg.cn/large/006BNqYCly1ih7v9i5gyrj323u1kwdy6.jpg,福利吧,最新文章,latest,hotlist,2026-09-18,2026-09-21 13:24:47
11,NGA一个精彩刺激的私人经历文,福利吧 · 7 条评论 · 感谢福利吧论坛网友“yyds1111”分享，更多优秀分享请访问福利吧论坛。 这是NGA上一个帖子连载更新的，整理成文本分享。 主要讲KTV里约妹子的事，有荤,34353,https://fuliba2023.net/xiaoc.html,https://img03.sogoucdn.com/v2/thumb/retype_exclude_gif/ext/auto/q/100/?appid=122&url=https://tva1.sinaimg.cn/large/009Zip4ygy1ih6pc9dq8sj30or0gfwgc.jpg,福利吧,最新文章,latest,hotlist,2026-09-17,2026-09-21 13:24:47
12,よふかしのへや：《反正要死了，随你处置》翻拍真人版 逢沢みゆ出演,图解电影 · 20 条评论 · 去年的时候，我们给大家推荐过画师“よふかしのへや”的这部作品 よふかしのへや：《反正要死了，随你处置》 用爱爱拯救厌世少女 时隔一年，这部作品,45913,https://fuliba2023.net/rki-757.html,https://img03.sogoucdn.com/v2/thumb/retype_exclude_gif/ext/auto/q/100/?appid=122&url=tvax3.sinaimg.cn/large/006BNqYCly1ih6bur3oovj316d0r8tuo.jpg,福利吧,最新文章,latest,hotlist,2026-09-17,2026-09-21 13:24:47
13,2026年7月番剧推荐：《我独自盗墓》 更新至第10集,动漫影视 · 1 条评论 · 2024年的时候，我们给大家推荐过一部韩漫改编的异世界动漫作品 2025年这部作品已经出了第二季，异世界番剧里的黑马之作，非常好看 2024年1月番剧推荐,9990,https://fuliba2023.net/tomb-raider-king.html,https://img03.sogoucdn.com/v2/thumb/retype_exclude_gif/ext/auto/q/100/?appid=122&url=tvax3.sinaimg.cn/large/006BNqYCly1ih6v0vd7pmj31gr0u0k15.jpg,福利吧,最新文章,latest,hotlist,2026-09-17,2026-09-21 13:24:47
14,2026年福利汇总第130期 ：百万朵玫瑰,福利汇总 · 11 条评论 · BGM：《百万本のバラ》：点击播放 热门视频： 我们平时点外卖的袋子是如何生产的？ 九年义务教育，正在变成“义务坐牢” 从北京坐火车去新加坡！ 细读,62088,https://fuliba2023.net/2026130.html,https://img03.sogoucdn.com/v2/thumb/retype_exclude_gif/ext/auto/q/100/?appid=122&url=tvax3.sinaimg.cn/large/006BNqYCly1ih5858bs24j323i1hc4qp.jpg,福利吧,最新文章,latest,hotlist,2026-09-16,2026-09-21 13:24:47
15,OnlyHaven：“OnlyFans”和“Patreon”付费资源公共存档站,好孩子kan不见 · 5 条评论 · 之前给大家分享过Coomer和Kemono之类的“OnlyFans”“Fansly”等付费资源存档站 Coomer：OnlyFans付费资源公共存档网站 Thotsbay：OnlyFans资源免付费,37859,https://fuliba2023.net/cum-st.html,https://img03.sogoucdn.com/v2/thumb/retype_exclude_gif/ext/auto/q/100/?appid=122&url=tvax2.sinaimg.cn/large/006BNqYCly1ih3y936dxqj31mi0rnx5b.jpg,福利吧,最新文章,latest,hotlist,2026-09-16,2026-09-21 13:24:47
16,论坛口碑商家：老猫配眼镜，小程序下单全网比价，产品保真价格包满意,购物网赚 · 22 条评论 · 老猫在论坛写了不少科普贴，他新开发了一个微信小程序， 蔡司、柯达、依视路、康耐特十几款镜片，高中低档都有，源头厂家产品保真。 各种材质样式的镜,25836,https://fuliba2023.net/laomao.html,https://img03.sogoucdn.com/v2/thumb/retype_exclude_gif/ext/auto/q/100/?appid=122&url=https://tva1.sinaimg.cn/large/006WeipRgy1igi5wkym3jj30me0gudhj.jpg,福利吧,最新文章,latest,hotlist,2026-09-15,2026-09-21 13:24:47
17,吐槽：又上麦片哥的当了，“蓝芽水月”飞机场秒变大师球 真相究竟是什么？,好孩子kan不见 · 14 条评论 · 之前我们曾经发帖讲过AI技术被麦片哥滥用，一部影片的找出处难度加大 吐槽：论现在麦片的已经恶心到什么地步了 AI技术滥用的后果！ 但是最近网友发帖,40078,https://fuliba2023.net/dvmm-263.html,https://img03.sogoucdn.com/v2/thumb/retype_exclude_gif/ext/auto/q/100/?appid=122&url=tvax2.sinaimg.cn/large/006BNqYCly1ih3z6jnkq1j31cn0r21kx.jpg,福利吧,最新文章,latest,hotlist,2026-09-15,2026-09-21 13:24:47
18,魔兽争霸3时隔23年更新资料片+剧情战役,福利吧 · 7 条评论 · 时隔二十三年，魔兽争霸3在2026年暴雪嘉年华开幕式上正式推出全新单人战役“被遗忘的王国”。 这是继2003年冰封王座资料片之后，该系列首次由官方推出,17857,https://fuliba2023.net/war3.html,https://img03.sogoucdn.com/v2/thumb/retype_exclude_gif/ext/auto/q/100/?appid=122&url=https://tva1.sinaimg.cn/large/009Zip4ygy1ih3luw6bgsj31ac0puwkp.jpg,福利吧,最新文章,latest,hotlist,2026-09-15,2026-09-21 13:24:47
19,摩的司机徐师傅：B站付费充电专属视频上新 从赌鬼到百万UP主，从上山躲债到日入数万,BILIBILI · 31 条评论 · 网盘下载：夸克网盘/百度网盘/迅雷网盘/ 从赌鬼到百万UP主，从上山躲债到日入数万，B站抽象健身博主“街健呆木头”的前半生 ——- 喜欢看各,121445,https://fuliba2023.net/mdsjxsf.html,https://img03.sogoucdn.com/v2/thumb/retype_exclude_gif/ext/auto/q/100/?appid=122&url=tvax4.sinaimg.cn/large/006BNqYCly1ih3xkthacej31j90v2e81.jpg,福利吧,最新文章,latest,hotlist,2026-09-14,2026-09-21 13:24:47
20,2026年福利汇总第129期 ：盒子里的猫,福利汇总 · 11 条评论 · BGM：《弥勒世果報 – undercooled》：点击播放 热门视频： 如何制造海苔 盘点【黄埔军校】各期学员含金量! 办公室没窗、走廊带坡？医院这些R,81348,https://fuliba2023.net/2026129.html,https://img03.sogoucdn.com/v2/thumb/retype_exclude_gif/ext/auto/q/100/?appid=122&url=tvax2.sinaimg.cn/large/006BNqYCly1ih2vimo6kvj323u1kw1kx.jpg,福利吧,最新文章,latest,hotlist,2026-09-14,2026-09-21 13:24:47
1,2026年9月趣站分享：听记/App比价/图标制作/装机软件 中国天气地图,趣站分享 · 1 条评论 · 趣味网站分享系列：https://fuliba2025.net/quwei 没有采取单发文章推荐的内容，大部分来自福利吧论坛或网友邮件投稿。 如果你也有不错的内容,5262,https://fuliba2023.net/website202609.html,https://img03.sogoucdn.com/v2/thumb/retype_exclude_gif/ext/auto/q/100/?appid=122&url=tvax1.sinaimg.cn/large/006BNqYCly1ift9t7n41kj315y0v1gwr.jpg,福利吧,最新文章,latest,hotlist,2026-09-21,2026-09-21 14:47:59
2,Netflix韩国剧集：《挑情丑闻》全8集 情爱画面很唯美,影视推荐 · 6 条评论 · Netflix最近上线的一部桃色剧集 原作品是法国18世纪小说家拉克洛用书信形式所写成的小说《危险关系》 剧版改编自由李在容执导、2003年上映的同名电影,13073,https://fuliba2023.net/scandals.html,https://img03.sogoucdn.com/v2/thumb/retype_exclude_gif/ext/auto/q/100/?appid=122&url=tvax1.sinaimg.cn/large/006BNqYCly1iha0neyeu0j31x90z5e82.jpg,福利吧,最新文章,latest,hotlist,2026-09-21,2026-09-21 14:47:59
3,淘宝京东优惠商品汇总，9月21日9点更新 购物领券fuliba99.net,购物网赚 · 314 条评论 · 购物搜券：福利久久 — 精选好货，实时更新 商品更新较快，请加购物群获得第一手消息。微信扫码加好友，回复“京东群”或者“淘宝群”自动拉你。 16枚,445566,https://fuliba2023.net/99.html,https://img03.sogoucdn.com/v2/thumb/retype_exclude_gif/ext/auto/q/100/?appid=122&url=https://tva1.sinaimg.cn/large/009Zip4ygy1ihb1o2d92gj309q09qab3.jpg,福利吧,最新文章,latest,hotlist,2026-09-21,2026-09-21 14:47:59
4,“倉木華”遗作《我在深夜便利店做收银被微醺大姐姐攻略》上线 可惜再也看不到妹子新作了,图解电影 · 6 条评论 · 前几天我们曾经发帖说过，又一位日本女演员因为牛郎问题选择了自杀离开这个世界 噩耗：日本女优“倉木華”在住所自杀身亡 死亡原因引网络热议 翻看她,30704,https://fuliba2023.net/snos-397.html,https://img03.sogoucdn.com/v2/thumb/retype_exclude_gif/ext/auto/q/100/?appid=122&url=tvax4.sinaimg.cn/large/006BNqYCly1ih9wo1lt79j31cl0r81kx.jpg,福利吧,最新文章,latest,hotlist,2026-09-20,2026-09-21 14:47:59
5,2026年福利汇总第132期 ：失语梦,福利汇总 · 9 条评论 · BGM：《失语梦》：点击播放 热门视频： 有网友到青海西宁旅游，打车途中，司机师傅一路介绍青海，讲得头头是道 铭文中的谜之天子，逨盘，195件国宝第1,29722,https://fuliba2023.net/2026132.html,https://img03.sogoucdn.com/v2/thumb/retype_exclude_gif/ext/auto/q/100/?appid=122&url=tvax1.sinaimg.cn/large/006BNqYCly1ih9uxu4308j335s23ub14.jpg,福利吧,最新文章,latest,hotlist,2026-09-20,2026-09-21 14:47:59
6,二二酸酸：《青春课本系列》 带你重新认识那些熟悉的语文课文,BILIBILI · 9 条评论 · 今天给大家推荐一个B站的UP主“二二酸酸” 她制作的有一个系列节目叫《青春课本系列》 讲解的都是我们上学时候学习的语文课本里那些文章之外的故事 有,15660,https://fuliba2023.net/erersuansuan.html,https://img03.sogoucdn.com/v2/thumb/retype_exclude_gif/ext/auto/q/100/?appid=122&url=tvax1.sinaimg.cn/large/006BNqYCly1ih8oakntacj313t0ov137.jpg,福利吧,最新文章,latest,hotlist,2026-09-19,2026-09-21 14:47:59
7,蚂蚁阿福X沃莱联名体脂秤4.9（34.9下单返30元支付宝红包）,购物网赚 · 13 条评论 · 体脂秤是一个健康入口，各大平台都在抢占市场。 几年前买的小米体脂秤还花了100多，现在竟然免费送了。 蚂蚁阿福体脂秤原价47的，官方立减7.1，再领5,14251,https://fuliba2023.net/wolai.html,https://img03.sogoucdn.com/v2/thumb/retype_exclude_gif/ext/auto/q/100/?appid=122&url=https://tva1.sinaimg.cn/large/009Zip4ygy1ih91ife18hj309q09o74l.jpg,福利吧,最新文章,latest,hotlist,2026-09-19,2026-09-21 14:47:59
8,“Gattouz0”新作，居然又是亚洲妹 三人同行有点猛,好孩子kan不见 · 13 条评论 · 前几天我们发帖说过“Gattouz0”发布的新作是一个亚洲女孩 虽然他描述是中国人，但是从更新动态等种种迹象来看，更像是一个越南妹 “Gattouz0”再约亚,28780,https://fuliba2023.net/new-gattouz0-bunny-umi-bunny-una-double.html,https://img03.sogoucdn.com/v2/thumb/retype_exclude_gif/ext/auto/q/100/?appid=122&url=tvax4.sinaimg.cn/large/006BNqYCly1ih7we2b494j31ct0rie7s.jpg,福利吧,最新文章,latest,hotlist,2026-09-19,2026-09-21 14:47:59
9,犬上いの字：《收到陌生女性隔空投送发来私密照片的经历》 苹果用户专享,漫画推荐 · 6 条评论 · 今天给大家推荐的是日本画师“犬上いの字”的作品 这部漫画创意挺好，故事内容有轻微SM向，不过是大姐姐纯爱作品 作品共计三话，85P左右，下面是剧情,20658,https://fuliba2023.net/the-story-of-how-i-received-a-racy-selfie-via-image-sharing-from-a-woman-i-didnt-know.html,https://img03.sogoucdn.com/v2/thumb/retype_exclude_gif/ext/auto/q/100/?appid=122&url=tvax1.sinaimg.cn/large/006BNqYCly1ih7wv859lrj31id0w5tm8.jpg,福利吧,最新文章,latest,hotlist,2026-09-18,2026-09-21 14:47:59
10,2026年福利汇总第131期 ：神秘礼物,福利汇总 · 9 条评论 · BGM：《神秘礼物》：点击播放 热门视频： 【邓肯】“梅姨”案 我只是想煮一个鸡蛋，互联网却想教我做人 为什么所有 App 都能借钱给你？网贷如何变得无,35406,https://fuliba2023.net/2026131.html,https://img03.sogoucdn.com/v2/thumb/retype_exclude_gif/ext/auto/q/100/?appid=122&url=tvax4.sinaimg.cn/large/006BNqYCly1ih7v9i5gyrj323u1kwdy6.jpg,福利吧,最新文章,latest,hotlist,2026-09-18,2026-09-21 14:47:59
11,NGA一个精彩刺激的私人经历文,福利吧 · 7 条评论 · 感谢福利吧论坛网友“yyds1111”分享，更多优秀分享请访问福利吧论坛。 这是NGA上一个帖子连载更新的，整理成文本分享。 主要讲KTV里约妹子的事，有荤,34484,https://fuliba2023.net/xiaoc.html,https://img03.sogoucdn.com/v2/thumb/retype_exclude_gif/ext/auto/q/100/?appid=122&url=https://tva1.sinaimg.cn/large/009Zip4ygy1ih6pc9dq8sj30or0gfwgc.jpg,福利吧,最新文章,latest,hotlist,2026-09-17,2026-09-21 14:47:59
12,よふかしのへや：《反正要死了，随你处置》翻拍真人版 逢沢みゆ出演,图解电影 · 20 条评论 · 去年的时候，我们给大家推荐过画师“よふかしのへや”的这部作品 よふかしのへや：《反正要死了，随你处置》 用爱爱拯救厌世少女 时隔一年，这部作品,46036,https://fuliba2023.net/rki-757.html,https://img03.sogoucdn.com/v2/thumb/retype_exclude_gif/ext/auto/q/100/?appid=122&url=tvax3.sinaimg.cn/large/006BNqYCly1ih6bur3oovj316d0r8tuo.jpg,福利吧,最新文章,latest,hotlist,2026-09-17,2026-09-21 14:47:59
13,2026年7月番剧推荐：《我独自盗墓》 更新至第10集,动漫影视 · 1 条评论 · 2024年的时候，我们给大家推荐过一部韩漫改编的异世界动漫作品 2025年这部作品已经出了第二季，异世界番剧里的黑马之作，非常好看 2024年1月番剧推荐,10030,https://fuliba2023.net/tomb-raider-king.html,https://img03.sogoucdn.com/v2/thumb/retype_exclude_gif/ext/auto/q/100/?appid=122&url=tvax3.sinaimg.cn/large/006BNqYCly1ih6v0vd7pmj31gr0u0k15.jpg,福利吧,最新文章,latest,hotlist,2026-09-17,2026-09-21 14:47:59
14,2026年福利汇总第130期 ：百万朵玫瑰,福利汇总 · 11 条评论 · BGM：《百万本のバラ》：点击播放 热门视频： 我们平时点外卖的袋子是如何生产的？ 九年义务教育，正在变成“义务坐牢” 从北京坐火车去新加坡！ 细读,62177,https://fuliba2023.net/2026130.html,https://img03.sogoucdn.com/v2/thumb/retype_exclude_gif/ext/auto/q/100/?appid=122&url=tvax3.sinaimg.cn/large/006BNqYCly1ih5858bs24j323i1hc4qp.jpg,福利吧,最新文章,latest,hotlist,2026-09-16,2026-09-21 14:47:59
15,OnlyHaven：“OnlyFans”和“Patreon”付费资源公共存档站,好孩子kan不见 · 5 条评论 · 之前给大家分享过Coomer和Kemono之类的“OnlyFans”“Fansly”等付费资源存档站 Coomer：OnlyFans付费资源公共存档网站 Thotsbay：OnlyFans资源免付费,37941,https://fuliba2023.net/cum-st.html,https://img03.sogoucdn.com/v2/thumb/retype_exclude_gif/ext/auto/q/100/?appid=122&url=tvax2.sinaimg.cn/large/006BNqYCly1ih3y936dxqj31mi0rnx5b.jpg,福利吧,最新文章,latest,hotlist,2026-09-16,2026-09-21 14:47:59
16,论坛口碑商家：老猫配眼镜，小程序下单全网比价，产品保真价格包满意,购物网赚 · 22 条评论 · 老猫在论坛写了不少科普贴，他新开发了一个微信小程序， 蔡司、柯达、依视路、康耐特十几款镜片，高中低档都有，源头厂家产品保真。 各种材质样式的镜,25874,https://fuliba2023.net/laomao.html,https://img03.sogoucdn.com/v2/thumb/retype_exclude_gif/ext/auto/q/100/?appid=122&url=https://tva1.sinaimg.cn/large/006WeipRgy1igi5wkym3jj30me0gudhj.jpg,福利吧,最新文章,latest,hotlist,2026-09-15,2026-09-21 14:47:59
17,吐槽：又上麦片哥的当了，“蓝芽水月”飞机场秒变大师球 真相究竟是什么？,好孩子kan不见 · 14 条评论 · 之前我们曾经发帖讲过AI技术被麦片哥滥用，一部影片的找出处难度加大 吐槽：论现在麦片的已经恶心到什么地步了 AI技术滥用的后果！ 但是最近网友发帖,40151,https://fuliba2023.net/dvmm-263.html,https://img03.sogoucdn.com/v2/thumb/retype_exclude_gif/ext/auto/q/100/?appid=122&url=tvax2.sinaimg.cn/large/006BNqYCly1ih3z6jnkq1j31cn0r21kx.jpg,福利吧,最新文章,latest,hotlist,2026-09-15,2026-09-21 14:47:59
18,魔兽争霸3时隔23年更新资料片+剧情战役,福利吧 · 7 条评论 · 时隔二十三年，魔兽争霸3在2026年暴雪嘉年华开幕式上正式推出全新单人战役“被遗忘的王国”。 这是继2003年冰封王座资料片之后，该系列首次由官方推出,17888,https://fuliba2023.net/war3.html,https://img03.sogoucdn.com/v2/thumb/retype_exclude_gif/ext/auto/q/100/?appid=122&url=https://tva1.sinaimg.cn/large/009Zip4ygy1ih3luw6bgsj31ac0puwkp.jpg,福利吧,最新文章,latest,hotlist,2026-09-15,2026-09-21 14:47:59
19,摩的司机徐师傅：B站付费充电专属视频上新 从赌鬼到百万UP主，从上山躲债到日入数万,BILIBILI · 31 条评论 · 网盘下载：夸克网盘/百度网盘/迅雷网盘/ 从赌鬼到百万UP主，从上山躲债到日入数万，B站抽象健身博主“街健呆木头”的前半生 ——- 喜欢看各,121477,https://fuliba2023.net/mdsjxsf.html,https://img03.sogoucdn.com/v2/thumb/retype_exclude_gif/ext/auto/q/100/?appid=122&url=tvax4.sinaimg.cn/large/006BNqYCly1ih3xkthacej31j90v2e81.jpg,福利吧,最新文章,latest,hotlist,2026-09-14,2026-09-21 14:47:59
20,2026年福利汇总第129期 ：盒子里的猫,福利汇总 · 11 条评论 · BGM：《弥勒世果報 – undercooled》：点击播放 热门视频： 如何制造海苔 盘点【黄埔军校】各期学员含金量! 办公室没窗、走廊带坡？医院这些R,81445,https://fuliba2023.net/2026129.html,https://img03.sogoucdn.com/v2/thumb/retype_exclude_gif/ext/auto/q/100/?appid=122&url=tvax2.sinaimg.cn/large/006BNqYCly1ih2vimo6kvj323u1kw1kx.jpg,福利吧,最新文章,latest,hotlist,2026-09-14,2026-09-21 14:47:59
1,2026年9月趣站分享：听记/App比价/图标制作/装机软件 中国天气地图,趣站分享 · 2 条评论 · 趣味网站分享系列：https://fuliba2025.net/quwei 没有采取单发文章推荐的内容，大部分来自福利吧论坛或网友邮件投稿。 如果你也有不错的内容,5796,https://fuliba2023.net/website202609.html,https://img03.sogoucdn.com/v2/thumb/retype_exclude_gif/ext/auto/q/100/?appid=122&url=tvax1.sinaimg.cn/large/006BNqYCly1ift9t7n41kj315y0v1gwr.jpg,福利吧,最新文章,latest,hotlist,2026-09-21,2026-09-21 15:34:05
2,Netflix韩国剧集：《挑情丑闻》全8集 情爱画面很唯美,影视推荐 · 6 条评论 · Netflix最近上线的一部桃色剧集 原作品是法国18世纪小说家拉克洛用书信形式所写成的小说《危险关系》 剧版改编自由李在容执导、2003年上映的同名电影,13800,https://fuliba2023.net/scandals.html,https://img03.sogoucdn.com/v2/thumb/retype_exclude_gif/ext/auto/q/100/?appid=122&url=tvax1.sinaimg.cn/large/006BNqYCly1iha0neyeu0j31x90z5e82.jpg,福利吧,最新文章,latest,hotlist,2026-09-21,2026-09-21 15:34:05
3,淘宝京东优惠商品汇总，9月21日9点更新 购物领券fuliba99.net,购物网赚 · 314 条评论 · 购物搜券：福利久久 — 精选好货，实时更新 商品更新较快，请加购物群获得第一手消息。微信扫码加好友，回复“京东群”或者“淘宝群”自动拉你。 16枚,445678,https://fuliba2023.net/99.html,https://img03.sogoucdn.com/v2/thumb/retype_exclude_gif/ext/auto/q/100/?appid=122&url=https://tva1.sinaimg.cn/large/009Zip4ygy1ihb1o2d92gj309q09qab3.jpg,福利吧,最新文章,latest,hotlist,2026-09-21,2026-09-21 15:34:05
4,“倉木華”遗作《我在深夜便利店做收银被微醺大姐姐攻略》上线 可惜再也看不到妹子新作了,图解电影 · 6 条评论 · 前几天我们曾经发帖说过，又一位日本女演员因为牛郎问题选择了自杀离开这个世界 噩耗：日本女优“倉木華”在住所自杀身亡 死亡原因引网络热议 翻看她,31046,https://fuliba2023.net/snos-397.html,https://img03.sogoucdn.com/v2/thumb/retype_exclude_gif/ext/auto/q/100/?appid=122&url=tvax4.sinaimg.cn/large/006BNqYCly1ih9wo1lt79j31cl0r81kx.jpg,福利吧,最新文章,latest,hotlist,2026-09-20,2026-09-21 15:34:05
5,2026年福利汇总第132期 ：失语梦,福利汇总 · 9 条评论 · BGM：《失语梦》：点击播放 热门视频： 有网友到青海西宁旅游，打车途中，司机师傅一路介绍青海，讲得头头是道 铭文中的谜之天子，逨盘，195件国宝第1,30088,https://fuliba2023.net/2026132.html,https://img03.sogoucdn.com/v2/thumb/retype_exclude_gif/ext/auto/q/100/?appid=122&url=tvax1.sinaimg.cn/large/006BNqYCly1ih9uxu4308j335s23ub14.jpg,福利吧,最新文章,latest,hotlist,2026-09-20,2026-09-21 15:34:05
6,二二酸酸：《青春课本系列》 带你重新认识那些熟悉的语文课文,BILIBILI · 9 条评论 · 今天给大家推荐一个B站的UP主“二二酸酸” 她制作的有一个系列节目叫《青春课本系列》 讲解的都是我们上学时候学习的语文课本里那些文章之外的故事 有,15752,https://fuliba2023.net/erersuansuan.html,https://img03.sogoucdn.com/v2/thumb/retype_exclude_gif/ext/auto/q/100/?appid=122&url=tvax1.sinaimg.cn/large/006BNqYCly1ih8oakntacj313t0ov137.jpg,福利吧,最新文章,latest,hotlist,2026-09-19,2026-09-21 15:34:05
7,蚂蚁阿福X沃莱联名体脂秤4.9（34.9下单返30元支付宝红包）,购物网赚 · 14 条评论 · 体脂秤是一个健康入口，各大平台都在抢占市场。 几年前买的小米体脂秤还花了100多，现在竟然免费送了。 蚂蚁阿福体脂秤原价47的，官方立减7.1，再领5,14288,https://fuliba2023.net/wolai.html,https://img03.sogoucdn.com/v2/thumb/retype_exclude_gif/ext/auto/q/100/?appid=122&url=https://tva1.sinaimg.cn/large/009Zip4ygy1ih91ife18hj309q09o74l.jpg,福利吧,最新文章,latest,hotlist,2026-09-19,2026-09-21 15:34:05
8,“Gattouz0”新作，居然又是亚洲妹 三人同行有点猛,好孩子kan不见 · 13 条评论 · 前几天我们发帖说过“Gattouz0”发布的新作是一个亚洲女孩 虽然他描述是中国人，但是从更新动态等种种迹象来看，更像是一个越南妹 “Gattouz0”再约亚,28919,https://fuliba2023.net/new-gattouz0-bunny-umi-bunny-una-double.html,https://img03.sogoucdn.com/v2/thumb/retype_exclude_gif/ext/auto/q/100/?appid=122&url=tvax4.sinaimg.cn/large/006BNqYCly1ih7we2b494j31ct0rie7s.jpg,福利吧,最新文章,latest,hotlist,2026-09-19,2026-09-21 15:34:05
9,犬上いの字：《收到陌生女性隔空投送发来私密照片的经历》 苹果用户专享,漫画推荐 · 6 条评论 · 今天给大家推荐的是日本画师“犬上いの字”的作品 这部漫画创意挺好，故事内容有轻微SM向，不过是大姐姐纯爱作品 作品共计三话，85P左右，下面是剧情,20718,https://fuliba2023.net/the-story-of-how-i-received-a-racy-selfie-via-image-sharing-from-a-woman-i-didnt-know.html,https://img03.sogoucdn.com/v2/thumb/retype_exclude_gif/ext/auto/q/100/?appid=122&url=tvax1.sinaimg.cn/large/006BNqYCly1ih7wv859lrj31id0w5tm8.jpg,福利吧,最新文章,latest,hotlist,2026-09-18,2026-09-21 15:34:05
10,2026年福利汇总第131期 ：神秘礼物,福利汇总 · 9 条评论 · BGM：《神秘礼物》：点击播放 热门视频： 【邓肯】“梅姨”案 我只是想煮一个鸡蛋，互联网却想教我做人 为什么所有 App 都能借钱给你？网贷如何变得无,35523,https://fuliba2023.net/2026131.html,https://img03.sogoucdn.com/v2/thumb/retype_exclude_gif/ext/auto/q/100/?appid=122&url=tvax4.sinaimg.cn/large/006BNqYCly1ih7v9i5gyrj323u1kwdy6.jpg,福利吧,最新文章,latest,hotlist,2026-09-18,2026-09-21 15:34:05
11,NGA一个精彩刺激的私人经历文,福利吧 · 7 条评论 · 感谢福利吧论坛网友“yyds1111”分享，更多优秀分享请访问福利吧论坛。 这是NGA上一个帖子连载更新的，整理成文本分享。 主要讲KTV里约妹子的事，有荤,34557,https://fuliba2023.net/xiaoc.html,https://img03.sogoucdn.com/v2/thumb/retype_exclude_gif/ext/auto/q/100/?appid=122&url=https://tva1.sinaimg.cn/large/009Zip4ygy1ih6pc9dq8sj30or0gfwgc.jpg,福利吧,最新文章,latest,hotlist,2026-09-17,2026-09-21 15:34:05
12,よふかしのへや：《反正要死了，随你处置》翻拍真人版 逢沢みゆ出演,图解电影 · 20 条评论 · 去年的时候，我们给大家推荐过画师“よふかしのへや”的这部作品 よふかしのへや：《反正要死了，随你处置》 用爱爱拯救厌世少女 时隔一年，这部作品,46082,https://fuliba2023.net/rki-757.html,https://img03.sogoucdn.com/v2/thumb/retype_exclude_gif/ext/auto/q/100/?appid=122&url=tvax3.sinaimg.cn/large/006BNqYCly1ih6bur3oovj316d0r8tuo.jpg,福利吧,最新文章,latest,hotlist,2026-09-17,2026-09-21 15:34:05
13,2026年7月番剧推荐：《我独自盗墓》 更新至第10集,动漫影视 · 1 条评论 · 2024年的时候，我们给大家推荐过一部韩漫改编的异世界动漫作品 2025年这部作品已经出了第二季，异世界番剧里的黑马之作，非常好看 2024年1月番剧推荐,10052,https://fuliba2023.net/tomb-raider-king.html,https://img03.sogoucdn.com/v2/thumb/retype_exclude_gif/ext/auto/q/100/?appid=122&url=tvax3.sinaimg.cn/large/006BNqYCly1ih6v0vd7pmj31gr0u0k15.jpg,福利吧,最新文章,latest,hotlist,2026-09-17,2026-09-21 15:34:05
14,2026年福利汇总第130期 ：百万朵玫瑰,福利汇总 · 11 条评论 · BGM：《百万本のバラ》：点击播放 热门视频： 我们平时点外卖的袋子是如何生产的？ 九年义务教育，正在变成“义务坐牢” 从北京坐火车去新加坡！ 细读,62246,https://fuliba2023.net/2026130.html,https://img03.sogoucdn.com/v2/thumb/retype_exclude_gif/ext/auto/q/100/?appid=122&url=tvax3.sinaimg.cn/large/006BNqYCly1ih5858bs24j323i1hc4qp.jpg,福利吧,最新文章,latest,hotlist,2026-09-16,2026-09-21 15:34:05
15,OnlyHaven：“OnlyFans”和“Patreon”付费资源公共存档站,好孩子kan不见 · 5 条评论 · 之前给大家分享过Coomer和Kemono之类的“OnlyFans”“Fansly”等付费资源存档站 Coomer：OnlyFans付费资源公共存档网站 Thotsbay：OnlyFans资源免付费,37981,https://fuliba2023.net/cum-st.html,https://img03.sogoucdn.com/v2/thumb/retype_exclude_gif/ext/auto/q/100/?appid=122&url=tvax2.sinaimg.cn/large/006BNqYCly1ih3y936dxqj31mi0rnx5b.jpg,福利吧,最新文章,latest,hotlist,2026-09-16,2026-09-21 15:34:05
16,论坛口碑商家：老猫配眼镜，小程序下单全网比价，产品保真价格包满意,购物网赚 · 22 条评论 · 老猫在论坛写了不少科普贴，他新开发了一个微信小程序， 蔡司、柯达、依视路、康耐特十几款镜片，高中低档都有，源头厂家产品保真。 各种材质样式的镜,25896,https://fuliba2023.net/laomao.html,https://img03.sogoucdn.com/v2/thumb/retype_exclude_gif/ext/auto/q/100/?appid=122&url=https://tva1.sinaimg.cn/large/006WeipRgy1igi5wkym3jj30me0gudhj.jpg,福利吧,最新文章,latest,hotlist,2026-09-15,2026-09-21 15:34:05
17,吐槽：又上麦片哥的当了，“蓝芽水月”飞机场秒变大师球 真相究竟是什么？,好孩子kan不见 · 14 条评论 · 之前我们曾经发帖讲过AI技术被麦片哥滥用，一部影片的找出处难度加大 吐槽：论现在麦片的已经恶心到什么地步了 AI技术滥用的后果！ 但是最近网友发帖,40191,https://fuliba2023.net/dvmm-263.html,https://img03.sogoucdn.com/v2/thumb/retype_exclude_gif/ext/auto/q/100/?appid=122&url=tvax2.sinaimg.cn/large/006BNqYCly1ih3z6jnkq1j31cn0r21kx.jpg,福利吧,最新文章,latest,hotlist,2026-09-15,2026-09-21 15:34:05
18,魔兽争霸3时隔23年更新资料片+剧情战役,福利吧 · 7 条评论 · 时隔二十三年，魔兽争霸3在2026年暴雪嘉年华开幕式上正式推出全新单人战役“被遗忘的王国”。 这是继2003年冰封王座资料片之后，该系列首次由官方推出,17907,https://fuliba2023.net/war3.html,https://img03.sogoucdn.com/v2/thumb/retype_exclude_gif/ext/auto/q/100/?appid=122&url=https://tva1.sinaimg.cn/large/009Zip4ygy1ih3luw6bgsj31ac0puwkp.jpg,福利吧,最新文章,latest,hotlist,2026-09-15,2026-09-21 15:34:05
19,摩的司机徐师傅：B站付费充电专属视频上新 从赌鬼到百万UP主，从上山躲债到日入数万,BILIBILI · 31 条评论 · 网盘下载：夸克网盘/百度网盘/迅雷网盘/ 从赌鬼到百万UP主，从上山躲债到日入数万，B站抽象健身博主“街健呆木头”的前半生 ——- 喜欢看各,121498,https://fuliba2023.net/mdsjxsf.html,https://img03.sogoucdn.com/v2/thumb/retype_exclude_gif/ext/auto/q/100/?appid=122&url=tvax4.sinaimg.cn/large/006BNqYCly1ih3xkthacej31j90v2e81.jpg,福利吧,最新文章,latest,hotlist,2026-09-14,2026-09-21 15:34:05
20,2026年福利汇总第129期 ：盒子里的猫,福利汇总 · 11 条评论 · BGM：《弥勒世果報 – undercooled》：点击播放 热门视频： 如何制造海苔 盘点【黄埔军校】各期学员含金量! 办公室没窗、走廊带坡？医院这些R,81483,https://fuliba2023.net/2026129.html,https://img03.sogoucdn.com/v2/thumb/retype_exclude_gif/ext/auto/q/100/?appid=122&url=tvax2.sinaimg.cn/large/006BNqYCly1ih2vimo6kvj323u1kw1kx.jpg,福利吧,最新文章,latest,hotlist,2026-09-14,2026-09-21 15:34:05
1,2026年9月趣站分享：听记/App比价/图标制作/装机软件 中国天气地图,趣站分享 · 2 条评论 · 趣味网站分享系列：https://fuliba2025.net/quwei 没有采取单发文章推荐的内容，大部分来自福利吧论坛或网友邮件投稿。 如果你也有不错的内容,6477,https://fuliba2023.net/website202609.html,https://img03.sogoucdn.com/v2/thumb/retype_exclude_gif/ext/auto/q/100/?appid=122&url=tvax1.sinaimg.cn/large/006BNqYCly1ift9t7n41kj315y0v1gwr.jpg,福利吧,最新文章,latest,hotlist,2026-09-21,2026-09-21 16:34:43
2,Netflix韩国剧集：《挑情丑闻》全8集 情爱画面很唯美,影视推荐 · 6 条评论 · Netflix最近上线的一部桃色剧集 原作品是法国18世纪小说家拉克洛用书信形式所写成的小说《危险关系》 剧版改编自由李在容执导、2003年上映的同名电影,14702,https://fuliba2023.net/scandals.html,https://img03.sogoucdn.com/v2/thumb/retype_exclude_gif/ext/auto/q/100/?appid=122&url=tvax1.sinaimg.cn/large/006BNqYCly1iha0neyeu0j31x90z5e82.jpg,福利吧,最新文章,latest,hotlist,2026-09-21,2026-09-21 16:34:43
3,淘宝京东优惠商品汇总，9月21日9点更新 购物领券fuliba99.net,购物网赚 · 314 条评论 · 购物搜券：福利久久 — 精选好货，实时更新 商品更新较快，请加购物群获得第一手消息。微信扫码加好友，回复“京东群”或者“淘宝群”自动拉你。 16枚,445851,https://fuliba2023.net/99.html,https://img03.sogoucdn.com/v2/thumb/retype_exclude_gif/ext/auto/q/100/?appid=122&url=https://tva1.sinaimg.cn/large/009Zip4ygy1ihb1o2d92gj309q09qab3.jpg,福利吧,最新文章,latest,hotlist,2026-09-21,2026-09-21 16:34:43
4,“倉木華”遗作《我在深夜便利店做收银被微醺大姐姐攻略》上线 可惜再也看不到妹子新作了,图解电影 · 6 条评论 · 前几天我们曾经发帖说过，又一位日本女演员因为牛郎问题选择了自杀离开这个世界 噩耗：日本女优“倉木華”在住所自杀身亡 死亡原因引网络热议 翻看她,31519,https://fuliba2023.net/snos-397.html,https://img03.sogoucdn.com/v2/thumb/retype_exclude_gif/ext/auto/q/100/?appid=122&url=tvax4.sinaimg.cn/large/006BNqYCly1ih9wo1lt79j31cl0r81kx.jpg,福利吧,最新文章,latest,hotlist,2026-09-20,2026-09-21 16:34:43
5,2026年福利汇总第132期 ：失语梦,福利汇总 · 9 条评论 · BGM：《失语梦》：点击播放 热门视频： 有网友到青海西宁旅游，打车途中，司机师傅一路介绍青海，讲得头头是道 铭文中的谜之天子，逨盘，195件国宝第1,30605,https://fuliba2023.net/2026132.html,https://img03.sogoucdn.com/v2/thumb/retype_exclude_gif/ext/auto/q/100/?appid=122&url=tvax1.sinaimg.cn/large/006BNqYCly1ih9uxu4308j335s23ub14.jpg,福利吧,最新文章,latest,hotlist,2026-09-20,2026-09-21 16:34:43
6,二二酸酸：《青春课本系列》 带你重新认识那些熟悉的语文课文,BILIBILI · 9 条评论 · 今天给大家推荐一个B站的UP主“二二酸酸” 她制作的有一个系列节目叫《青春课本系列》 讲解的都是我们上学时候学习的语文课本里那些文章之外的故事 有,15879,https://fuliba2023.net/erersuansuan.html,https://img03.sogoucdn.com/v2/thumb/retype_exclude_gif/ext/auto/q/100/?appid=122&url=tvax1.sinaimg.cn/large/006BNqYCly1ih8oakntacj313t0ov137.jpg,福利吧,最新文章,latest,hotlist,2026-09-19,2026-09-21 16:34:43
7,蚂蚁阿福X沃莱联名体脂秤4.9（34.9下单返30元支付宝红包）,购物网赚 · 14 条评论 · 体脂秤是一个健康入口，各大平台都在抢占市场。 几年前买的小米体脂秤还花了100多，现在竟然免费送了。 蚂蚁阿福体脂秤原价47的，官方立减7.1，再领5,14346,https://fuliba2023.net/wolai.html,https://img03.sogoucdn.com/v2/thumb/retype_exclude_gif/ext/auto/q/100/?appid=122&url=https://tva1.sinaimg.cn/large/009Zip4ygy1ih91ife18hj309q09o74l.jpg,福利吧,最新文章,latest,hotlist,2026-09-19,2026-09-21 16:34:43
8,“Gattouz0”新作，居然又是亚洲妹 三人同行有点猛,好孩子kan不见 · 13 条评论 · 前几天我们发帖说过“Gattouz0”发布的新作是一个亚洲女孩 虽然他描述是中国人，但是从更新动态等种种迹象来看，更像是一个越南妹 “Gattouz0”再约亚,29169,https://fuliba2023.net/new-gattouz0-bunny-umi-bunny-una-double.html,https://img03.sogoucdn.com/v2/thumb/retype_exclude_gif/ext/auto/q/100/?appid=122&url=tvax4.sinaimg.cn/large/006BNqYCly1ih7we2b494j31ct0rie7s.jpg,福利吧,最新文章,latest,hotlist,2026-09-19,2026-09-21 16:34:43
9,犬上いの字：《收到陌生女性隔空投送发来私密照片的经历》 苹果用户专享,漫画推荐 · 6 条评论 · 今天给大家推荐的是日本画师“犬上いの字”的作品 这部漫画创意挺好，故事内容有轻微SM向，不过是大姐姐纯爱作品 作品共计三话，85P左右，下面是剧情,20823,https://fuliba2023.net/the-story-of-how-i-received-a-racy-selfie-via-image-sharing-from-a-woman-i-didnt-know.html,https://img03.sogoucdn.com/v2/thumb/retype_exclude_gif/ext/auto/q/100/?appid=122&url=tvax1.sinaimg.cn/large/006BNqYCly1ih7wv859lrj31id0w5tm8.jpg,福利吧,最新文章,latest,hotlist,2026-09-18,2026-09-21 16:34:43
10,2026年福利汇总第131期 ：神秘礼物,福利汇总 · 9 条评论 · BGM：《神秘礼物》：点击播放 热门视频： 【邓肯】“梅姨”案 我只是想煮一个鸡蛋，互联网却想教我做人 为什么所有 App 都能借钱给你？网贷如何变得无,35666,https://fuliba2023.net/2026131.html,https://img03.sogoucdn.com/v2/thumb/retype_exclude_gif/ext/auto/q/100/?appid=122&url=tvax4.sinaimg.cn/large/006BNqYCly1ih7v9i5gyrj323u1kwdy6.jpg,福利吧,最新文章,latest,hotlist,2026-09-18,2026-09-21 16:34:43
11,NGA一个精彩刺激的私人经历文,福利吧 · 7 条评论 · 感谢福利吧论坛网友“yyds1111”分享，更多优秀分享请访问福利吧论坛。 这是NGA上一个帖子连载更新的，整理成文本分享。 主要讲KTV里约妹子的事，有荤,34649,https://fuliba2023.net/xiaoc.html,https://img03.sogoucdn.com/v2/thumb/retype_exclude_gif/ext/auto/q/100/?appid=122&url=https://tva1.sinaimg.cn/large/009Zip4ygy1ih6pc9dq8sj30or0gfwgc.jpg,福利吧,最新文章,latest,hotlist,2026-09-17,2026-09-21 16:34:43
12,よふかしのへや：《反正要死了，随你处置》翻拍真人版 逢沢みゆ出演,图解电影 · 20 条评论 · 去年的时候，我们给大家推荐过画师“よふかしのへや”的这部作品 よふかしのへや：《反正要死了，随你处置》 用爱爱拯救厌世少女 时隔一年，这部作品,46176,https://fuliba2023.net/rki-757.html,https://img03.sogoucdn.com/v2/thumb/retype_exclude_gif/ext/auto/q/100/?appid=122&url=tvax3.sinaimg.cn/large/006BNqYCly1ih6bur3oovj316d0r8tuo.jpg,福利吧,最新文章,latest,hotlist,2026-09-17,2026-09-21 16:34:43
13,2026年7月番剧推荐：《我独自盗墓》 更新至第10集,动漫影视 · 1 条评论 · 2024年的时候，我们给大家推荐过一部韩漫改编的异世界动漫作品 2025年这部作品已经出了第二季，异世界番剧里的黑马之作，非常好看 2024年1月番剧推荐,10078,https://fuliba2023.net/tomb-raider-king.html,https://img03.sogoucdn.com/v2/thumb/retype_exclude_gif/ext/auto/q/100/?appid=122&url=tvax3.sinaimg.cn/large/006BNqYCly1ih6v0vd7pmj31gr0u0k15.jpg,福利吧,最新文章,latest,hotlist,2026-09-17,2026-09-21 16:34:43
14,2026年福利汇总第130期 ：百万朵玫瑰,福利汇总 · 11 条评论 · BGM：《百万本のバラ》：点击播放 热门视频： 我们平时点外卖的袋子是如何生产的？ 九年义务教育，正在变成“义务坐牢” 从北京坐火车去新加坡！ 细读,62324,https://fuliba2023.net/2026130.html,https://img03.sogoucdn.com/v2/thumb/retype_exclude_gif/ext/auto/q/100/?appid=122&url=tvax3.sinaimg.cn/large/006BNqYCly1ih5858bs24j323i1hc4qp.jpg,福利吧,最新文章,latest,hotlist,2026-09-16,2026-09-21 16:34:43
15,OnlyHaven：“OnlyFans”和“Patreon”付费资源公共存档站,好孩子kan不见 · 5 条评论 · 之前给大家分享过Coomer和Kemono之类的“OnlyFans”“Fansly”等付费资源存档站 Coomer：OnlyFans付费资源公共存档网站 Thotsbay：OnlyFans资源免付费,38041,https://fuliba2023.net/cum-st.html,https://img03.sogoucdn.com/v2/thumb/retype_exclude_gif/ext/auto/q/100/?appid=122&url=tvax2.sinaimg.cn/large/006BNqYCly1ih3y936dxqj31mi0rnx5b.jpg,福利吧,最新文章,latest,hotlist,2026-09-16,2026-09-21 16:34:43
16,论坛口碑商家：老猫配眼镜，小程序下单全网比价，产品保真价格包满意,购物网赚 · 22 条评论 · 老猫在论坛写了不少科普贴，他新开发了一个微信小程序， 蔡司、柯达、依视路、康耐特十几款镜片，高中低档都有，源头厂家产品保真。 各种材质样式的镜,25920,https://fuliba2023.net/laomao.html,https://img03.sogoucdn.com/v2/thumb/retype_exclude_gif/ext/auto/q/100/?appid=122&url=https://tva1.sinaimg.cn/large/006WeipRgy1igi5wkym3jj30me0gudhj.jpg,福利吧,最新文章,latest,hotlist,2026-09-15,2026-09-21 16:34:43
17,吐槽：又上麦片哥的当了，“蓝芽水月”飞机场秒变大师球 真相究竟是什么？,好孩子kan不见 · 14 条评论 · 之前我们曾经发帖讲过AI技术被麦片哥滥用，一部影片的找出处难度加大 吐槽：论现在麦片的已经恶心到什么地步了 AI技术滥用的后果！ 但是最近网友发帖,40247,https://fuliba2023.net/dvmm-263.html,https://img03.sogoucdn.com/v2/thumb/retype_exclude_gif/ext/auto/q/100/?appid=122&url=tvax2.sinaimg.cn/large/006BNqYCly1ih3z6jnkq1j31cn0r21kx.jpg,福利吧,最新文章,latest,hotlist,2026-09-15,2026-09-21 16:34:43
18,魔兽争霸3时隔23年更新资料片+剧情战役,福利吧 · 7 条评论 · 时隔二十三年，魔兽争霸3在2026年暴雪嘉年华开幕式上正式推出全新单人战役“被遗忘的王国”。 这是继2003年冰封王座资料片之后，该系列首次由官方推出,17927,https://fuliba2023.net/war3.html,https://img03.sogoucdn.com/v2/thumb/retype_exclude_gif/ext/auto/q/100/?appid=122&url=https://tva1.sinaimg.cn/large/009Zip4ygy1ih3luw6bgsj31ac0puwkp.jpg,福利吧,最新文章,latest,hotlist,2026-09-15,2026-09-21 16:34:43
19,摩的司机徐师傅：B站付费充电专属视频上新 从赌鬼到百万UP主，从上山躲债到日入数万,BILIBILI · 31 条评论 · 网盘下载：夸克网盘/百度网盘/迅雷网盘/ 从赌鬼到百万UP主，从上山躲债到日入数万，B站抽象健身博主“街健呆木头”的前半生 ——- 喜欢看各,121524,https://fuliba2023.net/mdsjxsf.html,https://img03.sogoucdn.com/v2/thumb/retype_exclude_gif/ext/auto/q/100/?appid=122&url=tvax4.sinaimg.cn/large/006BNqYCly1ih3xkthacej31j90v2e81.jpg,福利吧,最新文章,latest,hotlist,2026-09-14,2026-09-21 16:34:43
20,2026年福利汇总第129期 ：盒子里的猫,福利汇总 · 11 条评论 · BGM：《弥勒世果報 – undercooled》：点击播放 热门视频： 如何制造海苔 盘点【黄埔军校】各期学员含金量! 办公室没窗、走廊带坡？医院这些R,81563,https://fuliba2023.net/2026129.html,https://img03.sogoucdn.com/v2/thumb/retype_exclude_gif/ext/auto/q/100/?appid=122&url=tvax2.sinaimg.cn/large/006BNqYCly1ih2vimo6kvj323u1kw1kx.jpg,福利吧,最新文章,latest,hotlist,2026-09-14,2026-09-21 16:34:43
1,2026年9月趣站分享：听记/App比价/图标制作/装机软件 中国天气地图,趣站分享 · 3 条评论 · 趣味网站分享系列：https://fuliba2025.net/quwei 没有采取单发文章推荐的内容，大部分来自福利吧论坛或网友邮件投稿。 如果你也有不错的内容,7067,https://fuliba2023.net/website202609.html,https://img03.sogoucdn.com/v2/thumb/retype_exclude_gif/ext/auto/q/100/?appid=122&url=tvax1.sinaimg.cn/large/006BNqYCly1ift9t7n41kj315y0v1gwr.jpg,福利吧,最新文章,latest,hotlist,2026-09-21,2026-09-21 17:31:35
2,Netflix韩国剧集：《挑情丑闻》全8集 情爱画面很唯美,影视推荐 · 7 条评论 · Netflix最近上线的一部桃色剧集 原作品是法国18世纪小说家拉克洛用书信形式所写成的小说《危险关系》 剧版改编自由李在容执导、2003年上映的同名电影,15563,https://fuliba2023.net/scandals.html,https://img03.sogoucdn.com/v2/thumb/retype_exclude_gif/ext/auto/q/100/?appid=122&url=tvax1.sinaimg.cn/large/006BNqYCly1iha0neyeu0j31x90z5e82.jpg,福利吧,最新文章,latest,hotlist,2026-09-21,2026-09-21 17:31:35
3,淘宝京东优惠商品汇总，9月21日9点更新 购物领券fuliba99.net,购物网赚 · 314 条评论 · 购物搜券：福利久久 — 精选好货，实时更新 商品更新较快，请加购物群获得第一手消息。微信扫码加好友，回复“京东群”或者“淘宝群”自动拉你。 16枚,446003,https://fuliba2023.net/99.html,https://img03.sogoucdn.com/v2/thumb/retype_exclude_gif/ext/auto/q/100/?appid=122&url=https://tva1.sinaimg.cn/large/009Zip4ygy1ihb1o2d92gj309q09qab3.jpg,福利吧,最新文章,latest,hotlist,2026-09-21,2026-09-21 17:31:35
4,“倉木華”遗作《我在深夜便利店做收银被微醺大姐姐攻略》上线 可惜再也看不到妹子新作了,图解电影 · 6 条评论 · 前几天我们曾经发帖说过，又一位日本女演员因为牛郎问题选择了自杀离开这个世界 噩耗：日本女优“倉木華”在住所自杀身亡 死亡原因引网络热议 翻看她,31943,https://fuliba2023.net/snos-397.html,https://img03.sogoucdn.com/v2/thumb/retype_exclude_gif/ext/auto/q/100/?appid=122&url=tvax4.sinaimg.cn/large/006BNqYCly1ih9wo1lt79j31cl0r81kx.jpg,福利吧,最新文章,latest,hotlist,2026-09-20,2026-09-21 17:31:35
5,2026年福利汇总第132期 ：失语梦,福利汇总 · 9 条评论 · BGM：《失语梦》：点击播放 热门视频： 有网友到青海西宁旅游，打车途中，司机师傅一路介绍青海，讲得头头是道 铭文中的谜之天子，逨盘，195件国宝第1,31065,https://fuliba2023.net/2026132.html,https://img03.sogoucdn.com/v2/thumb/retype_exclude_gif/ext/auto/q/100/?appid=122&url=tvax1.sinaimg.cn/large/006BNqYCly1ih9uxu4308j335s23ub14.jpg,福利吧,最新文章,latest,hotlist,2026-09-20,2026-09-21 17:31:35
6,二二酸酸：《青春课本系列》 带你重新认识那些熟悉的语文课文,BILIBILI · 9 条评论 · 今天给大家推荐一个B站的UP主“二二酸酸” 她制作的有一个系列节目叫《青春课本系列》 讲解的都是我们上学时候学习的语文课本里那些文章之外的故事 有,16001,https://fuliba2023.net/erersuansuan.html,https://img03.sogoucdn.com/v2/thumb/retype_exclude_gif/ext/auto/q/100/?appid=122&url=tvax1.sinaimg.cn/large/006BNqYCly1ih8oakntacj313t0ov137.jpg,福利吧,最新文章,latest,hotlist,2026-09-19,2026-09-21 17:31:35
7,蚂蚁阿福X沃莱联名体脂秤4.9（34.9下单返30元支付宝红包）,购物网赚 · 14 条评论 · 体脂秤是一个健康入口，各大平台都在抢占市场。 几年前买的小米体脂秤还花了100多，现在竟然免费送了。 蚂蚁阿福体脂秤原价47的，官方立减7.1，再领5,14396,https://fuliba2023.net/wolai.html,https://img03.sogoucdn.com/v2/thumb/retype_exclude_gif/ext/auto/q/100/?appid=122&url=https://tva1.sinaimg.cn/large/009Zip4ygy1ih91ife18hj309q09o74l.jpg,福利吧,最新文章,latest,hotlist,2026-09-19,2026-09-21 17:31:35
8,“Gattouz0”新作，居然又是亚洲妹 三人同行有点猛,好孩子kan不见 · 13 条评论 · 前几天我们发帖说过“Gattouz0”发布的新作是一个亚洲女孩 虽然他描述是中国人，但是从更新动态等种种迹象来看，更像是一个越南妹 “Gattouz0”再约亚,29359,https://fuliba2023.net/new-gattouz0-bunny-umi-bunny-una-double.html,https://img03.sogoucdn.com/v2/thumb/retype_exclude_gif/ext/auto/q/100/?appid=122&url=tvax4.sinaimg.cn/large/006BNqYCly1ih7we2b494j31ct0rie7s.jpg,福利吧,最新文章,latest,hotlist,2026-09-19,2026-09-21 17:31:35
9,犬上いの字：《收到陌生女性隔空投送发来私密照片的经历》 苹果用户专享,漫画推荐 · 6 条评论 · 今天给大家推荐的是日本画师“犬上いの字”的作品 这部漫画创意挺好，故事内容有轻微SM向，不过是大姐姐纯爱作品 作品共计三话，85P左右，下面是剧情,20900,https://fuliba2023.net/the-story-of-how-i-received-a-racy-selfie-via-image-sharing-from-a-woman-i-didnt-know.html,https://img03.sogoucdn.com/v2/thumb/retype_exclude_gif/ext/auto/q/100/?appid=122&url=tvax1.sinaimg.cn/large/006BNqYCly1ih7wv859lrj31id0w5tm8.jpg,福利吧,最新文章,latest,hotlist,2026-09-18,2026-09-21 17:31:35
10,2026年福利汇总第131期 ：神秘礼物,福利汇总 · 9 条评论 · BGM：《神秘礼物》：点击播放 热门视频： 【邓肯】“梅姨”案 我只是想煮一个鸡蛋，互联网却想教我做人 为什么所有 App 都能借钱给你？网贷如何变得无,35792,https://fuliba2023.net/2026131.html,https://img03.sogoucdn.com/v2/thumb/retype_exclude_gif/ext/auto/q/100/?appid=122&url=tvax4.sinaimg.cn/large/006BNqYCly1ih7v9i5gyrj323u1kwdy6.jpg,福利吧,最新文章,latest,hotlist,2026-09-18,2026-09-21 17:31:35
11,NGA一个精彩刺激的私人经历文,福利吧 · 7 条评论 · 感谢福利吧论坛网友“yyds1111”分享，更多优秀分享请访问福利吧论坛。 这是NGA上一个帖子连载更新的，整理成文本分享。 主要讲KTV里约妹子的事，有荤,34734,https://fuliba2023.net/xiaoc.html,https://img03.sogoucdn.com/v2/thumb/retype_exclude_gif/ext/auto/q/100/?appid=122&url=https://tva1.sinaimg.cn/large/009Zip4ygy1ih6pc9dq8sj30or0gfwgc.jpg,福利吧,最新文章,latest,hotlist,2026-09-17,2026-09-21 17:31:35
12,よふかしのへや：《反正要死了，随你处置》翻拍真人版 逢沢みゆ出演,图解电影 · 20 条评论 · 去年的时候，我们给大家推荐过画师“よふかしのへや”的这部作品 よふかしのへや：《反正要死了，随你处置》 用爱爱拯救厌世少女 时隔一年，这部作品,46258,https://fuliba2023.net/rki-757.html,https://img03.sogoucdn.com/v2/thumb/retype_exclude_gif/ext/auto/q/100/?appid=122&url=tvax3.sinaimg.cn/large/006BNqYCly1ih6bur3oovj316d0r8tuo.jpg,福利吧,最新文章,latest,hotlist,2026-09-17,2026-09-21 17:31:35
13,2026年7月番剧推荐：《我独自盗墓》 更新至第10集,动漫影视 · 1 条评论 · 2024年的时候，我们给大家推荐过一部韩漫改编的异世界动漫作品 2025年这部作品已经出了第二季，异世界番剧里的黑马之作，非常好看 2024年1月番剧推荐,10093,https://fuliba2023.net/tomb-raider-king.html,https://img03.sogoucdn.com/v2/thumb/retype_exclude_gif/ext/auto/q/100/?appid=122&url=tvax3.sinaimg.cn/large/006BNqYCly1ih6v0vd7pmj31gr0u0k15.jpg,福利吧,最新文章,latest,hotlist,2026-09-17,2026-09-21 17:31:35
14,2026年福利汇总第130期 ：百万朵玫瑰,福利汇总 · 11 条评论 · BGM：《百万本のバラ》：点击播放 热门视频： 我们平时点外卖的袋子是如何生产的？ 九年义务教育，正在变成“义务坐牢” 从北京坐火车去新加坡！ 细读,62403,https://fuliba2023.net/2026130.html,https://img03.sogoucdn.com/v2/thumb/retype_exclude_gif/ext/auto/q/100/?appid=122&url=tvax3.sinaimg.cn/large/006BNqYCly1ih5858bs24j323i1hc4qp.jpg,福利吧,最新文章,latest,hotlist,2026-09-16,2026-09-21 17:31:35
15,OnlyHaven：“OnlyFans”和“Patreon”付费资源公共存档站,好孩子kan不见 · 5 条评论 · 之前给大家分享过Coomer和Kemono之类的“OnlyFans”“Fansly”等付费资源存档站 Coomer：OnlyFans付费资源公共存档网站 Thotsbay：OnlyFans资源免付费,38095,https://fuliba2023.net/cum-st.html,https://img03.sogoucdn.com/v2/thumb/retype_exclude_gif/ext/auto/q/100/?appid=122&url=tvax2.sinaimg.cn/large/006BNqYCly1ih3y936dxqj31mi0rnx5b.jpg,福利吧,最新文章,latest,hotlist,2026-09-16,2026-09-21 17:31:35
16,论坛口碑商家：老猫配眼镜，小程序下单全网比价，产品保真价格包满意,购物网赚 · 22 条评论 · 老猫在论坛写了不少科普贴，他新开发了一个微信小程序， 蔡司、柯达、依视路、康耐特十几款镜片，高中低档都有，源头厂家产品保真。 各种材质样式的镜,25947,https://fuliba2023.net/laomao.html,https://img03.sogoucdn.com/v2/thumb/retype_exclude_gif/ext/auto/q/100/?appid=122&url=https://tva1.sinaimg.cn/large/006WeipRgy1igi5wkym3jj30me0gudhj.jpg,福利吧,最新文章,latest,hotlist,2026-09-15,2026-09-21 17:31:35
17,吐槽：又上麦片哥的当了，“蓝芽水月”飞机场秒变大师球 真相究竟是什么？,好孩子kan不见 · 14 条评论 · 之前我们曾经发帖讲过AI技术被麦片哥滥用，一部影片的找出处难度加大 吐槽：论现在麦片的已经恶心到什么地步了 AI技术滥用的后果！ 但是最近网友发帖,40292,https://fuliba2023.net/dvmm-263.html,https://img03.sogoucdn.com/v2/thumb/retype_exclude_gif/ext/auto/q/100/?appid=122&url=tvax2.sinaimg.cn/large/006BNqYCly1ih3z6jnkq1j31cn0r21kx.jpg,福利吧,最新文章,latest,hotlist,2026-09-15,2026-09-21 17:31:35
18,魔兽争霸3时隔23年更新资料片+剧情战役,福利吧 · 7 条评论 · 时隔二十三年，魔兽争霸3在2026年暴雪嘉年华开幕式上正式推出全新单人战役“被遗忘的王国”。 这是继2003年冰封王座资料片之后，该系列首次由官方推出,17956,https://fuliba2023.net/war3.html,https://img03.sogoucdn.com/v2/thumb/retype_exclude_gif/ext/auto/q/100/?appid=122&url=https://tva1.sinaimg.cn/large/009Zip4ygy1ih3luw6bgsj31ac0puwkp.jpg,福利吧,最新文章,latest,hotlist,2026-09-15,2026-09-21 17:31:35
19,摩的司机徐师傅：B站付费充电专属视频上新 从赌鬼到百万UP主，从上山躲债到日入数万,BILIBILI · 31 条评论 · 网盘下载：夸克网盘/百度网盘/迅雷网盘/ 从赌鬼到百万UP主，从上山躲债到日入数万，B站抽象健身博主“街健呆木头”的前半生 ——- 喜欢看各,121550,https://fuliba2023.net/mdsjxsf.html,https://img03.sogoucdn.com/v2/thumb/retype_exclude_gif/ext/auto/q/100/?appid=122&url=tvax4.sinaimg.cn/large/006BNqYCly1ih3xkthacej31j90v2e81.jpg,福利吧,最新文章,latest,hotlist,2026-09-14,2026-09-21 17:31:35
20,2026年福利汇总第129期 ：盒子里的猫,福利汇总 · 11 条评论 · BGM：《弥勒世果報 – undercooled》：点击播放 热门视频： 如何制造海苔 盘点【黄埔军校】各期学员含金量! 办公室没窗、走廊带坡？医院这些R,81640,https://fuliba2023.net/2026129.html,https://img03.sogoucdn.com/v2/thumb/retype_exclude_gif/ext/auto/q/100/?appid=122&url=tvax2.sinaimg.cn/large/006BNqYCly1ih2vimo6kvj323u1kw1kx.jpg,福利吧,最新文章,latest,hotlist,2026-09-14,2026-09-21 17:31:35
1,2026年9月趣站分享：听记/App比价/图标制作/装机软件 中国天气地图,趣站分享 · 3 条评论 · 趣味网站分享系列：https://fuliba2025.net/quwei 没有采取单发文章推荐的内容，大部分来自福利吧论坛或网友邮件投稿。 如果你也有不错的内容,7502,https://fuliba2023.net/website202609.html,https://img03.sogoucdn.com/v2/thumb/retype_exclude_gif/ext/auto/q/100/?appid=122&url=tvax1.sinaimg.cn/large/006BNqYCly1ift9t7n41kj315y0v1gwr.jpg,福利吧,最新文章,latest,hotlist,2026-09-21,2026-09-21 18:24:23
2,Netflix韩国剧集：《挑情丑闻》全8集 情爱画面很唯美,影视推荐 · 8 条评论 · Netflix最近上线的一部桃色剧集 原作品是法国18世纪小说家拉克洛用书信形式所写成的小说《危险关系》 剧版改编自由李在容执导、2003年上映的同名电影,16295,https://fuliba2023.net/scandals.html,https://img03.sogoucdn.com/v2/thumb/retype_exclude_gif/ext/auto/q/100/?appid=122&url=tvax1.sinaimg.cn/large/006BNqYCly1iha0neyeu0j31x90z5e82.jpg,福利吧,最新文章,latest,hotlist,2026-09-21,2026-09-21 18:24:23
3,淘宝京东优惠商品汇总，9月21日9点更新 购物领券fuliba99.net,购物网赚 · 314 条评论 · 购物搜券：福利久久 — 精选好货，实时更新 商品更新较快，请加购物群获得第一手消息。微信扫码加好友，回复“京东群”或者“淘宝群”自动拉你。 16枚,446106,https://fuliba2023.net/99.html,https://img03.sogoucdn.com/v2/thumb/retype_exclude_gif/ext/auto/q/100/?appid=122&url=https://tva1.sinaimg.cn/large/009Zip4ygy1ihb1o2d92gj309q09qab3.jpg,福利吧,最新文章,latest,hotlist,2026-09-21,2026-09-21 18:24:23
4,“倉木華”遗作《我在深夜便利店做收银被微醺大姐姐攻略》上线 可惜再也看不到妹子新作了,图解电影 · 6 条评论 · 前几天我们曾经发帖说过，又一位日本女演员因为牛郎问题选择了自杀离开这个世界 噩耗：日本女优“倉木華”在住所自杀身亡 死亡原因引网络热议 翻看她,32277,https://fuliba2023.net/snos-397.html,https://img03.sogoucdn.com/v2/thumb/retype_exclude_gif/ext/auto/q/100/?appid=122&url=tvax4.sinaimg.cn/large/006BNqYCly1ih9wo1lt79j31cl0r81kx.jpg,福利吧,最新文章,latest,hotlist,2026-09-20,2026-09-21 18:24:23
5,2026年福利汇总第132期 ：失语梦,福利汇总 · 9 条评论 · BGM：《失语梦》：点击播放 热门视频： 有网友到青海西宁旅游，打车途中，司机师傅一路介绍青海，讲得头头是道 铭文中的谜之天子，逨盘，195件国宝第1,31416,https://fuliba2023.net/2026132.html,https://img03.sogoucdn.com/v2/thumb/retype_exclude_gif/ext/auto/q/100/?appid=122&url=tvax1.sinaimg.cn/large/006BNqYCly1ih9uxu4308j335s23ub14.jpg,福利吧,最新文章,latest,hotlist,2026-09-20,2026-09-21 18:24:23
6,二二酸酸：《青春课本系列》 带你重新认识那些熟悉的语文课文,BILIBILI · 9 条评论 · 今天给大家推荐一个B站的UP主“二二酸酸” 她制作的有一个系列节目叫《青春课本系列》 讲解的都是我们上学时候学习的语文课本里那些文章之外的故事 有,16073,https://fuliba2023.net/erersuansuan.html,https://img03.sogoucdn.com/v2/thumb/retype_exclude_gif/ext/auto/q/100/?appid=122&url=tvax1.sinaimg.cn/large/006BNqYCly1ih8oakntacj313t0ov137.jpg,福利吧,最新文章,latest,hotlist,2026-09-19,2026-09-21 18:24:23
7,蚂蚁阿福X沃莱联名体脂秤4.9（34.9下单返30元支付宝红包）,购物网赚 · 14 条评论 · 体脂秤是一个健康入口，各大平台都在抢占市场。 几年前买的小米体脂秤还花了100多，现在竟然免费送了。 蚂蚁阿福体脂秤原价47的，官方立减7.1，再领5,14430,https://fuliba2023.net/wolai.html,https://img03.sogoucdn.com/v2/thumb/retype_exclude_gif/ext/auto/q/100/?appid=122&url=https://tva1.sinaimg.cn/large/009Zip4ygy1ih91ife18hj309q09o74l.jpg,福利吧,最新文章,latest,hotlist,2026-09-19,2026-09-21 18:24:23
8,“Gattouz0”新作，居然又是亚洲妹 三人同行有点猛,好孩子kan不见 · 13 条评论 · 前几天我们发帖说过“Gattouz0”发布的新作是一个亚洲女孩 虽然他描述是中国人，但是从更新动态等种种迹象来看，更像是一个越南妹 “Gattouz0”再约亚,29491,https://fuliba2023.net/new-gattouz0-bunny-umi-bunny-una-double.html,https://img03.sogoucdn.com/v2/thumb/retype_exclude_gif/ext/auto/q/100/?appid=122&url=tvax4.sinaimg.cn/large/006BNqYCly1ih7we2b494j31ct0rie7s.jpg,福利吧,最新文章,latest,hotlist,2026-09-19,2026-09-21 18:24:23
9,犬上いの字：《收到陌生女性隔空投送发来私密照片的经历》 苹果用户专享,漫画推荐 · 6 条评论 · 今天给大家推荐的是日本画师“犬上いの字”的作品 这部漫画创意挺好，故事内容有轻微SM向，不过是大姐姐纯爱作品 作品共计三话，85P左右，下面是剧情,20943,https://fuliba2023.net/the-story-of-how-i-received-a-racy-selfie-via-image-sharing-from-a-woman-i-didnt-know.html,https://img03.sogoucdn.com/v2/thumb/retype_exclude_gif/ext/auto/q/100/?appid=122&url=tvax1.sinaimg.cn/large/006BNqYCly1ih7wv859lrj31id0w5tm8.jpg,福利吧,最新文章,latest,hotlist,2026-09-18,2026-09-21 18:24:23
10,2026年福利汇总第131期 ：神秘礼物,福利汇总 · 9 条评论 · BGM：《神秘礼物》：点击播放 热门视频： 【邓肯】“梅姨”案 我只是想煮一个鸡蛋，互联网却想教我做人 为什么所有 App 都能借钱给你？网贷如何变得无,35875,https://fuliba2023.net/2026131.html,https://img03.sogoucdn.com/v2/thumb/retype_exclude_gif/ext/auto/q/100/?appid=122&url=tvax4.sinaimg.cn/large/006BNqYCly1ih7v9i5gyrj323u1kwdy6.jpg,福利吧,最新文章,latest,hotlist,2026-09-18,2026-09-21 18:24:23
11,NGA一个精彩刺激的私人经历文,福利吧 · 7 条评论 · 感谢福利吧论坛网友“yyds1111”分享，更多优秀分享请访问福利吧论坛。 这是NGA上一个帖子连载更新的，整理成文本分享。 主要讲KTV里约妹子的事，有荤,34777,https://fuliba2023.net/xiaoc.html,https://img03.sogoucdn.com/v2/thumb/retype_exclude_gif/ext/auto/q/100/?appid=122&url=https://tva1.sinaimg.cn/large/009Zip4ygy1ih6pc9dq8sj30or0gfwgc.jpg,福利吧,最新文章,latest,hotlist,2026-09-17,2026-09-21 18:24:23
12,よふかしのへや：《反正要死了，随你处置》翻拍真人版 逢沢みゆ出演,图解电影 · 20 条评论 · 去年的时候，我们给大家推荐过画师“よふかしのへや”的这部作品 よふかしのへや：《反正要死了，随你处置》 用爱爱拯救厌世少女 时隔一年，这部作品,46302,https://fuliba2023.net/rki-757.html,https://img03.sogoucdn.com/v2/thumb/retype_exclude_gif/ext/auto/q/100/?appid=122&url=tvax3.sinaimg.cn/large/006BNqYCly1ih6bur3oovj316d0r8tuo.jpg,福利吧,最新文章,latest,hotlist,2026-09-17,2026-09-21 18:24:23
13,2026年7月番剧推荐：《我独自盗墓》 更新至第10集,动漫影视 · 1 条评论 · 2024年的时候，我们给大家推荐过一部韩漫改编的异世界动漫作品 2025年这部作品已经出了第二季，异世界番剧里的黑马之作，非常好看 2024年1月番剧推荐,10110,https://fuliba2023.net/tomb-raider-king.html,https://img03.sogoucdn.com/v2/thumb/retype_exclude_gif/ext/auto/q/100/?appid=122&url=tvax3.sinaimg.cn/large/006BNqYCly1ih6v0vd7pmj31gr0u0k15.jpg,福利吧,最新文章,latest,hotlist,2026-09-17,2026-09-21 18:24:23
14,2026年福利汇总第130期 ：百万朵玫瑰,福利汇总 · 11 条评论 · BGM：《百万本のバラ》：点击播放 热门视频： 我们平时点外卖的袋子是如何生产的？ 九年义务教育，正在变成“义务坐牢” 从北京坐火车去新加坡！ 细读,62455,https://fuliba2023.net/2026130.html,https://img03.sogoucdn.com/v2/thumb/retype_exclude_gif/ext/auto/q/100/?appid=122&url=tvax3.sinaimg.cn/large/006BNqYCly1ih5858bs24j323i1hc4qp.jpg,福利吧,最新文章,latest,hotlist,2026-09-16,2026-09-21 18:24:23
15,OnlyHaven：“OnlyFans”和“Patreon”付费资源公共存档站,好孩子kan不见 · 5 条评论 · 之前给大家分享过Coomer和Kemono之类的“OnlyFans”“Fansly”等付费资源存档站 Coomer：OnlyFans付费资源公共存档网站 Thotsbay：OnlyFans资源免付费,38141,https://fuliba2023.net/cum-st.html,https://img03.sogoucdn.com/v2/thumb/retype_exclude_gif/ext/auto/q/100/?appid=122&url=tvax2.sinaimg.cn/large/006BNqYCly1ih3y936dxqj31mi0rnx5b.jpg,福利吧,最新文章,latest,hotlist,2026-09-16,2026-09-21 18:24:23
16,论坛口碑商家：老猫配眼镜，小程序下单全网比价，产品保真价格包满意,购物网赚 · 22 条评论 · 老猫在论坛写了不少科普贴，他新开发了一个微信小程序， 蔡司、柯达、依视路、康耐特十几款镜片，高中低档都有，源头厂家产品保真。 各种材质样式的镜,25977,https://fuliba2023.net/laomao.html,https://img03.sogoucdn.com/v2/thumb/retype_exclude_gif/ext/auto/q/100/?appid=122&url=https://tva1.sinaimg.cn/large/006WeipRgy1igi5wkym3jj30me0gudhj.jpg,福利吧,最新文章,latest,hotlist,2026-09-15,2026-09-21 18:24:23
17,吐槽：又上麦片哥的当了，“蓝芽水月”飞机场秒变大师球 真相究竟是什么？,好孩子kan不见 · 14 条评论 · 之前我们曾经发帖讲过AI技术被麦片哥滥用，一部影片的找出处难度加大 吐槽：论现在麦片的已经恶心到什么地步了 AI技术滥用的后果！ 但是最近网友发帖,40311,https://fuliba2023.net/dvmm-263.html,https://img03.sogoucdn.com/v2/thumb/retype_exclude_gif/ext/auto/q/100/?appid=122&url=tvax2.sinaimg.cn/large/006BNqYCly1ih3z6jnkq1j31cn0r21kx.jpg,福利吧,最新文章,latest,hotlist,2026-09-15,2026-09-21 18:24:23
18,魔兽争霸3时隔23年更新资料片+剧情战役,福利吧 · 7 条评论 · 时隔二十三年，魔兽争霸3在2026年暴雪嘉年华开幕式上正式推出全新单人战役“被遗忘的王国”。 这是继2003年冰封王座资料片之后，该系列首次由官方推出,17964,https://fuliba2023.net/war3.html,https://img03.sogoucdn.com/v2/thumb/retype_exclude_gif/ext/auto/q/100/?appid=122&url=https://tva1.sinaimg.cn/large/009Zip4ygy1ih3luw6bgsj31ac0puwkp.jpg,福利吧,最新文章,latest,hotlist,2026-09-15,2026-09-21 18:24:23
19,摩的司机徐师傅：B站付费充电专属视频上新 从赌鬼到百万UP主，从上山躲债到日入数万,BILIBILI · 31 条评论 · 网盘下载：夸克网盘/百度网盘/迅雷网盘/ 从赌鬼到百万UP主，从上山躲债到日入数万，B站抽象健身博主“街健呆木头”的前半生 ——- 喜欢看各,121554,https://fuliba2023.net/mdsjxsf.html,https://img03.sogoucdn.com/v2/thumb/retype_exclude_gif/ext/auto/q/100/?appid=122&url=tvax4.sinaimg.cn/large/006BNqYCly1ih3xkthacej31j90v2e81.jpg,福利吧,最新文章,latest,hotlist,2026-09-14,2026-09-21 18:24:23
20,2026年福利汇总第129期 ：盒子里的猫,福利汇总 · 11 条评论 · BGM：《弥勒世果報 – undercooled》：点击播放 热门视频： 如何制造海苔 盘点【黄埔军校】各期学员含金量! 办公室没窗、走廊带坡？医院这些R,81677,https://fuliba2023.net/2026129.html,https://img03.sogoucdn.com/v2/thumb/retype_exclude_gif/ext/auto/q/100/?appid=122&url=tvax2.sinaimg.cn/large/006BNqYCly1ih2vimo6kvj323u1kw1kx.jpg,福利吧,最新文章,latest,hotlist,2026-09-14,2026-09-21 18:24:23
1,2026年9月趣站分享：听记/App比价/图标制作/装机软件 中国天气地图,趣站分享 · 4 条评论 · 趣味网站分享系列：https://fuliba2025.net/quwei 没有采取单发文章推荐的内容，大部分来自福利吧论坛或网友邮件投稿。 如果你也有不错的内容,8040,https://fuliba2023.net/website202609.html,https://img03.sogoucdn.com/v2/thumb/retype_exclude_gif/ext/auto/q/100/?appid=122&url=tvax1.sinaimg.cn/large/006BNqYCly1ift9t7n41kj315y0v1gwr.jpg,福利吧,最新文章,latest,hotlist,2026-09-21,2026-09-21 19:21:37
2,Netflix韩国剧集：《挑情丑闻》全8集 情爱画面很唯美,影视推荐 · 9 条评论 · Netflix最近上线的一部桃色剧集 原作品是法国18世纪小说家拉克洛用书信形式所写成的小说《危险关系》 剧版改编自由李在容执导、2003年上映的同名电影,17240,https://fuliba2023.net/scandals.html,https://img03.sogoucdn.com/v2/thumb/retype_exclude_gif/ext/auto/q/100/?appid=122&url=tvax1.sinaimg.cn/large/006BNqYCly1iha0neyeu0j31x90z5e82.jpg,福利吧,最新文章,latest,hotlist,2026-09-21,2026-09-21 19:21:37
3,淘宝京东优惠商品汇总，9月21日9点更新 购物领券fuliba99.net,购物网赚 · 314 条评论 · 购物搜券：福利久久 — 精选好货，实时更新 商品更新较快，请加购物群获得第一手消息。微信扫码加好友，回复“京东群”或者“淘宝群”自动拉你。 16枚,446248,https://fuliba2023.net/99.html,https://img03.sogoucdn.com/v2/thumb/retype_exclude_gif/ext/auto/q/100/?appid=122&url=https://tva1.sinaimg.cn/large/009Zip4ygy1ihb1o2d92gj309q09qab3.jpg,福利吧,最新文章,latest,hotlist,2026-09-21,2026-09-21 19:21:37
4,“倉木華”遗作《我在深夜便利店做收银被微醺大姐姐攻略》上线 可惜再也看不到妹子新作了,图解电影 · 6 条评论 · 前几天我们曾经发帖说过，又一位日本女演员因为牛郎问题选择了自杀离开这个世界 噩耗：日本女优“倉木華”在住所自杀身亡 死亡原因引网络热议 翻看她,32652,https://fuliba2023.net/snos-397.html,https://img03.sogoucdn.com/v2/thumb/retype_exclude_gif/ext/auto/q/100/?appid=122&url=tvax4.sinaimg.cn/large/006BNqYCly1ih9wo1lt79j31cl0r81kx.jpg,福利吧,最新文章,latest,hotlist,2026-09-20,2026-09-21 19:21:37
5,2026年福利汇总第132期 ：失语梦,福利汇总 · 9 条评论 · BGM：《失语梦》：点击播放 热门视频： 有网友到青海西宁旅游，打车途中，司机师傅一路介绍青海，讲得头头是道 铭文中的谜之天子，逨盘，195件国宝第1,31792,https://fuliba2023.net/2026132.html,https://img03.sogoucdn.com/v2/thumb/retype_exclude_gif/ext/auto/q/100/?appid=122&url=tvax1.sinaimg.cn/large/006BNqYCly1ih9uxu4308j335s23ub14.jpg,福利吧,最新文章,latest,hotlist,2026-09-20,2026-09-21 19:21:37
6,二二酸酸：《青春课本系列》 带你重新认识那些熟悉的语文课文,BILIBILI · 9 条评论 · 今天给大家推荐一个B站的UP主“二二酸酸” 她制作的有一个系列节目叫《青春课本系列》 讲解的都是我们上学时候学习的语文课本里那些文章之外的故事 有,16129,https://fuliba2023.net/erersuansuan.html,https://img03.sogoucdn.com/v2/thumb/retype_exclude_gif/ext/auto/q/100/?appid=122&url=tvax1.sinaimg.cn/large/006BNqYCly1ih8oakntacj313t0ov137.jpg,福利吧,最新文章,latest,hotlist,2026-09-19,2026-09-21 19:21:37
7,蚂蚁阿福X沃莱联名体脂秤4.9（34.9下单返30元支付宝红包）,购物网赚 · 14 条评论 · 体脂秤是一个健康入口，各大平台都在抢占市场。 几年前买的小米体脂秤还花了100多，现在竟然免费送了。 蚂蚁阿福体脂秤原价47的，官方立减7.1，再领5,14466,https://fuliba2023.net/wolai.html,https://img03.sogoucdn.com/v2/thumb/retype_exclude_gif/ext/auto/q/100/?appid=122&url=https://tva1.sinaimg.cn/large/009Zip4ygy1ih91ife18hj309q09o74l.jpg,福利吧,最新文章,latest,hotlist,2026-09-19,2026-09-21 19:21:37
8,“Gattouz0”新作，居然又是亚洲妹 三人同行有点猛,好孩子kan不见 · 13 条评论 · 前几天我们发帖说过“Gattouz0”发布的新作是一个亚洲女孩 虽然他描述是中国人，但是从更新动态等种种迹象来看，更像是一个越南妹 “Gattouz0”再约亚,29629,https://fuliba2023.net/new-gattouz0-bunny-umi-bunny-una-double.html,https://img03.sogoucdn.com/v2/thumb/retype_exclude_gif/ext/auto/q/100/?appid=122&url=tvax4.sinaimg.cn/large/006BNqYCly1ih7we2b494j31ct0rie7s.jpg,福利吧,最新文章,latest,hotlist,2026-09-19,2026-09-21 19:21:37
9,犬上いの字：《收到陌生女性隔空投送发来私密照片的经历》 苹果用户专享,漫画推荐 · 6 条评论 · 今天给大家推荐的是日本画师“犬上いの字”的作品 这部漫画创意挺好，故事内容有轻微SM向，不过是大姐姐纯爱作品 作品共计三话，85P左右，下面是剧情,20978,https://fuliba2023.net/the-story-of-how-i-received-a-racy-selfie-via-image-sharing-from-a-woman-i-didnt-know.html,https://img03.sogoucdn.com/v2/thumb/retype_exclude_gif/ext/auto/q/100/?appid=122&url=tvax1.sinaimg.cn/large/006BNqYCly1ih7wv859lrj31id0w5tm8.jpg,福利吧,最新文章,latest,hotlist,2026-09-18,2026-09-21 19:21:37
10,2026年福利汇总第131期 ：神秘礼物,福利汇总 · 9 条评论 · BGM：《神秘礼物》：点击播放 热门视频： 【邓肯】“梅姨”案 我只是想煮一个鸡蛋，互联网却想教我做人 为什么所有 App 都能借钱给你？网贷如何变得无,35967,https://fuliba2023.net/2026131.html,https://img03.sogoucdn.com/v2/thumb/retype_exclude_gif/ext/auto/q/100/?appid=122&url=tvax4.sinaimg.cn/large/006BNqYCly1ih7v9i5gyrj323u1kwdy6.jpg,福利吧,最新文章,latest,hotlist,2026-09-18,2026-09-21 19:21:37
11,NGA一个精彩刺激的私人经历文,福利吧 · 7 条评论 · 感谢福利吧论坛网友“yyds1111”分享，更多优秀分享请访问福利吧论坛。 这是NGA上一个帖子连载更新的，整理成文本分享。 主要讲KTV里约妹子的事，有荤,34820,https://fuliba2023.net/xiaoc.html,https://img03.sogoucdn.com/v2/thumb/retype_exclude_gif/ext/auto/q/100/?appid=122&url=https://tva1.sinaimg.cn/large/009Zip4ygy1ih6pc9dq8sj30or0gfwgc.jpg,福利吧,最新文章,latest,hotlist,2026-09-17,2026-09-21 19:21:37
12,よふかしのへや：《反正要死了，随你处置》翻拍真人版 逢沢みゆ出演,图解电影 · 20 条评论 · 去年的时候，我们给大家推荐过画师“よふかしのへや”的这部作品 よふかしのへや：《反正要死了，随你处置》 用爱爱拯救厌世少女 时隔一年，这部作品,46360,https://fuliba2023.net/rki-757.html,https://img03.sogoucdn.com/v2/thumb/retype_exclude_gif/ext/auto/q/100/?appid=122&url=tvax3.sinaimg.cn/large/006BNqYCly1ih6bur3oovj316d0r8tuo.jpg,福利吧,最新文章,latest,hotlist,2026-09-17,2026-09-21 19:21:37
13,2026年7月番剧推荐：《我独自盗墓》 更新至第10集,动漫影视 · 1 条评论 · 2024年的时候，我们给大家推荐过一部韩漫改编的异世界动漫作品 2025年这部作品已经出了第二季，异世界番剧里的黑马之作，非常好看 2024年1月番剧推荐,10133,https://fuliba2023.net/tomb-raider-king.html,https://img03.sogoucdn.com/v2/thumb/retype_exclude_gif/ext/auto/q/100/?appid=122&url=tvax3.sinaimg.cn/large/006BNqYCly1ih6v0vd7pmj31gr0u0k15.jpg,福利吧,最新文章,latest,hotlist,2026-09-17,2026-09-21 19:21:37
14,2026年福利汇总第130期 ：百万朵玫瑰,福利汇总 · 11 条评论 · BGM：《百万本のバラ》：点击播放 热门视频： 我们平时点外卖的袋子是如何生产的？ 九年义务教育，正在变成“义务坐牢” 从北京坐火车去新加坡！ 细读,62493,https://fuliba2023.net/2026130.html,https://img03.sogoucdn.com/v2/thumb/retype_exclude_gif/ext/auto/q/100/?appid=122&url=tvax3.sinaimg.cn/large/006BNqYCly1ih5858bs24j323i1hc4qp.jpg,福利吧,最新文章,latest,hotlist,2026-09-16,2026-09-21 19:21:37
15,OnlyHaven：“OnlyFans”和“Patreon”付费资源公共存档站,好孩子kan不见 · 5 条评论 · 之前给大家分享过Coomer和Kemono之类的“OnlyFans”“Fansly”等付费资源存档站 Coomer：OnlyFans付费资源公共存档网站 Thotsbay：OnlyFans资源免付费,38192,https://fuliba2023.net/cum-st.html,https://img03.sogoucdn.com/v2/thumb/retype_exclude_gif/ext/auto/q/100/?appid=122&url=tvax2.sinaimg.cn/large/006BNqYCly1ih3y936dxqj31mi0rnx5b.jpg,福利吧,最新文章,latest,hotlist,2026-09-16,2026-09-21 19:21:37
16,论坛口碑商家：老猫配眼镜，小程序下单全网比价，产品保真价格包满意,购物网赚 · 23 条评论 · 老猫在论坛写了不少科普贴，他新开发了一个微信小程序， 蔡司、柯达、依视路、康耐特十几款镜片，高中低档都有，源头厂家产品保真。 各种材质样式的镜,26013,https://fuliba2023.net/laomao.html,https://img03.sogoucdn.com/v2/thumb/retype_exclude_gif/ext/auto/q/100/?appid=122&url=https://tva1.sinaimg.cn/large/006WeipRgy1igi5wkym3jj30me0gudhj.jpg,福利吧,最新文章,latest,hotlist,2026-09-15,2026-09-21 19:21:37
17,吐槽：又上麦片哥的当了，“蓝芽水月”飞机场秒变大师球 真相究竟是什么？,好孩子kan不见 · 14 条评论 · 之前我们曾经发帖讲过AI技术被麦片哥滥用，一部影片的找出处难度加大 吐槽：论现在麦片的已经恶心到什么地步了 AI技术滥用的后果！ 但是最近网友发帖,40344,https://fuliba2023.net/dvmm-263.html,https://img03.sogoucdn.com/v2/thumb/retype_exclude_gif/ext/auto/q/100/?appid=122&url=tvax2.sinaimg.cn/large/006BNqYCly1ih3z6jnkq1j31cn0r21kx.jpg,福利吧,最新文章,latest,hotlist,2026-09-15,2026-09-21 19:21:37
18,魔兽争霸3时隔23年更新资料片+剧情战役,福利吧 · 7 条评论 · 时隔二十三年，魔兽争霸3在2026年暴雪嘉年华开幕式上正式推出全新单人战役“被遗忘的王国”。 这是继2003年冰封王座资料片之后，该系列首次由官方推出,17985,https://fuliba2023.net/war3.html,https://img03.sogoucdn.com/v2/thumb/retype_exclude_gif/ext/auto/q/100/?appid=122&url=https://tva1.sinaimg.cn/large/009Zip4ygy1ih3luw6bgsj31ac0puwkp.jpg,福利吧,最新文章,latest,hotlist,2026-09-15,2026-09-21 19:21:37
19,摩的司机徐师傅：B站付费充电专属视频上新 从赌鬼到百万UP主，从上山躲债到日入数万,BILIBILI · 31 条评论 · 网盘下载：夸克网盘/百度网盘/迅雷网盘/ 从赌鬼到百万UP主，从上山躲债到日入数万，B站抽象健身博主“街健呆木头”的前半生 ——- 喜欢看各,121571,https://fuliba2023.net/mdsjxsf.html,https://img03.sogoucdn.com/v2/thumb/retype_exclude_gif/ext/auto/q/100/?appid=122&url=tvax4.sinaimg.cn/large/006BNqYCly1ih3xkthacej31j90v2e81.jpg,福利吧,最新文章,latest,hotlist,2026-09-14,2026-09-21 19:21:37
20,2026年福利汇总第129期 ：盒子里的猫,福利汇总 · 11 条评论 · BGM：《弥勒世果報 – undercooled》：点击播放 热门视频： 如何制造海苔 盘点【黄埔军校】各期学员含金量! 办公室没窗、走廊带坡？医院这些R,81722,https://fuliba2023.net/2026129.html,https://img03.sogoucdn.com/v2/thumb/retype_exclude_gif/ext/auto/q/100/?appid=122&url=tvax2.sinaimg.cn/large/006BNqYCly1ih2vimo6kvj323u1kw1kx.jpg,福利吧,最新文章,latest,hotlist,2026-09-14,2026-09-21 19:21:37
1,2026年9月趣站分享：听记/App比价/图标制作/装机软件 中国天气地图,趣站分享 · 4 条评论 · 趣味网站分享系列：https://fuliba2025.net/quwei 没有采取单发文章推荐的内容，大部分来自福利吧论坛或网友邮件投稿。 如果你也有不错的内容,8806,https://fuliba2023.net/website202609.html,https://img03.sogoucdn.com/v2/thumb/retype_exclude_gif/ext/auto/q/100/?appid=122&url=tvax1.sinaimg.cn/large/006BNqYCly1ift9t7n41kj315y0v1gwr.jpg,福利吧,最新文章,latest,hotlist,2026-09-21,2026-09-21 20:31:56
2,Netflix韩国剧集：《挑情丑闻》全8集 情爱画面很唯美,影视推荐 · 9 条评论 · Netflix最近上线的一部桃色剧集 原作品是法国18世纪小说家拉克洛用书信形式所写成的小说《危险关系》 剧版改编自由李在容执导、2003年上映的同名电影,18589,https://fuliba2023.net/scandals.html,https://img03.sogoucdn.com/v2/thumb/retype_exclude_gif/ext/auto/q/100/?appid=122&url=tvax1.sinaimg.cn/large/006BNqYCly1iha0neyeu0j31x90z5e82.jpg,福利吧,最新文章,latest,hotlist,2026-09-21,2026-09-21 20:31:56
3,淘宝京东优惠商品汇总，9月21日9点更新 购物领券fuliba99.net,购物网赚 · 314 条评论 · 购物搜券：福利久久 — 精选好货，实时更新 商品更新较快，请加购物群获得第一手消息。微信扫码加好友，回复“京东群”或者“淘宝群”自动拉你。 16枚,446418,https://fuliba2023.net/99.html,https://img03.sogoucdn.com/v2/thumb/retype_exclude_gif/ext/auto/q/100/?appid=122&url=https://tva1.sinaimg.cn/large/009Zip4ygy1ihb1o2d92gj309q09qab3.jpg,福利吧,最新文章,latest,hotlist,2026-09-21,2026-09-21 20:31:56
4,“倉木華”遗作《我在深夜便利店做收银被微醺大姐姐攻略》上线 可惜再也看不到妹子新作了,图解电影 · 6 条评论 · 前几天我们曾经发帖说过，又一位日本女演员因为牛郎问题选择了自杀离开这个世界 噩耗：日本女优“倉木華”在住所自杀身亡 死亡原因引网络热议 翻看她,33243,https://fuliba2023.net/snos-397.html,https://img03.sogoucdn.com/v2/thumb/retype_exclude_gif/ext/auto/q/100/?appid=122&url=tvax4.sinaimg.cn/large/006BNqYCly1ih9wo1lt79j31cl0r81kx.jpg,福利吧,最新文章,latest,hotlist,2026-09-20,2026-09-21 20:31:56
5,2026年福利汇总第132期 ：失语梦,福利汇总 · 9 条评论 · BGM：《失语梦》：点击播放 热门视频： 有网友到青海西宁旅游，打车途中，司机师傅一路介绍青海，讲得头头是道 铭文中的谜之天子，逨盘，195件国宝第1,32350,https://fuliba2023.net/2026132.html,https://img03.sogoucdn.com/v2/thumb/retype_exclude_gif/ext/auto/q/100/?appid=122&url=tvax1.sinaimg.cn/large/006BNqYCly1ih9uxu4308j335s23ub14.jpg,福利吧,最新文章,latest,hotlist,2026-09-20,2026-09-21 20:31:56
6,二二酸酸：《青春课本系列》 带你重新认识那些熟悉的语文课文,BILIBILI · 9 条评论 · 今天给大家推荐一个B站的UP主“二二酸酸” 她制作的有一个系列节目叫《青春课本系列》 讲解的都是我们上学时候学习的语文课本里那些文章之外的故事 有,16254,https://fuliba2023.net/erersuansuan.html,https://img03.sogoucdn.com/v2/thumb/retype_exclude_gif/ext/auto/q/100/?appid=122&url=tvax1.sinaimg.cn/large/006BNqYCly1ih8oakntacj313t0ov137.jpg,福利吧,最新文章,latest,hotlist,2026-09-19,2026-09-21 20:31:56
7,蚂蚁阿福X沃莱联名体脂秤4.9（34.9下单返30元支付宝红包）,购物网赚 · 14 条评论 · 体脂秤是一个健康入口，各大平台都在抢占市场。 几年前买的小米体脂秤还花了100多，现在竟然免费送了。 蚂蚁阿福体脂秤原价47的，官方立减7.1，再领5,14538,https://fuliba2023.net/wolai.html,https://img03.sogoucdn.com/v2/thumb/retype_exclude_gif/ext/auto/q/100/?appid=122&url=https://tva1.sinaimg.cn/large/009Zip4ygy1ih91ife18hj309q09o74l.jpg,福利吧,最新文章,latest,hotlist,2026-09-19,2026-09-21 20:31:56
8,“Gattouz0”新作，居然又是亚洲妹 三人同行有点猛,好孩子kan不见 · 13 条评论 · 前几天我们发帖说过“Gattouz0”发布的新作是一个亚洲女孩 虽然他描述是中国人，但是从更新动态等种种迹象来看，更像是一个越南妹 “Gattouz0”再约亚,29869,https://fuliba2023.net/new-gattouz0-bunny-umi-bunny-una-double.html,https://img03.sogoucdn.com/v2/thumb/retype_exclude_gif/ext/auto/q/100/?appid=122&url=tvax4.sinaimg.cn/large/006BNqYCly1ih7we2b494j31ct0rie7s.jpg,福利吧,最新文章,latest,hotlist,2026-09-19,2026-09-21 20:31:56
9,犬上いの字：《收到陌生女性隔空投送发来私密照片的经历》 苹果用户专享,漫画推荐 · 6 条评论 · 今天给大家推荐的是日本画师“犬上いの字”的作品 这部漫画创意挺好，故事内容有轻微SM向，不过是大姐姐纯爱作品 作品共计三话，85P左右，下面是剧情,21042,https://fuliba2023.net/the-story-of-how-i-received-a-racy-selfie-via-image-sharing-from-a-woman-i-didnt-know.html,https://img03.sogoucdn.com/v2/thumb/retype_exclude_gif/ext/auto/q/100/?appid=122&url=tvax1.sinaimg.cn/large/006BNqYCly1ih7wv859lrj31id0w5tm8.jpg,福利吧,最新文章,latest,hotlist,2026-09-18,2026-09-21 20:31:56
10,2026年福利汇总第131期 ：神秘礼物,福利汇总 · 9 条评论 · BGM：《神秘礼物》：点击播放 热门视频： 【邓肯】“梅姨”案 我只是想煮一个鸡蛋，互联网却想教我做人 为什么所有 App 都能借钱给你？网贷如何变得无,36083,https://fuliba2023.net/2026131.html,https://img03.sogoucdn.com/v2/thumb/retype_exclude_gif/ext/auto/q/100/?appid=122&url=tvax4.sinaimg.cn/large/006BNqYCly1ih7v9i5gyrj323u1kwdy6.jpg,福利吧,最新文章,latest,hotlist,2026-09-18,2026-09-21 20:31:56
11,NGA一个精彩刺激的私人经历文,福利吧 · 7 条评论 · 感谢福利吧论坛网友“yyds1111”分享，更多优秀分享请访问福利吧论坛。 这是NGA上一个帖子连载更新的，整理成文本分享。 主要讲KTV里约妹子的事，有荤,34906,https://fuliba2023.net/xiaoc.html,https://img03.sogoucdn.com/v2/thumb/retype_exclude_gif/ext/auto/q/100/?appid=122&url=https://tva1.sinaimg.cn/large/009Zip4ygy1ih6pc9dq8sj30or0gfwgc.jpg,福利吧,最新文章,latest,hotlist,2026-09-17,2026-09-21 20:31:56
12,よふかしのへや：《反正要死了，随你处置》翻拍真人版 逢沢みゆ出演,图解电影 · 20 条评论 · 去年的时候，我们给大家推荐过画师“よふかしのへや”的这部作品 よふかしのへや：《反正要死了，随你处置》 用爱爱拯救厌世少女 时隔一年，这部作品,46465,https://fuliba2023.net/rki-757.html,https://img03.sogoucdn.com/v2/thumb/retype_exclude_gif/ext/auto/q/100/?appid=122&url=tvax3.sinaimg.cn/large/006BNqYCly1ih6bur3oovj316d0r8tuo.jpg,福利吧,最新文章,latest,hotlist,2026-09-17,2026-09-21 20:31:56
13,2026年7月番剧推荐：《我独自盗墓》 更新至第10集,动漫影视 · 1 条评论 · 2024年的时候，我们给大家推荐过一部韩漫改编的异世界动漫作品 2025年这部作品已经出了第二季，异世界番剧里的黑马之作，非常好看 2024年1月番剧推荐,10172,https://fuliba2023.net/tomb-raider-king.html,https://img03.sogoucdn.com/v2/thumb/retype_exclude_gif/ext/auto/q/100/?appid=122&url=tvax3.sinaimg.cn/large/006BNqYCly1ih6v0vd7pmj31gr0u0k15.jpg,福利吧,最新文章,latest,hotlist,2026-09-17,2026-09-21 20:31:56
14,2026年福利汇总第130期 ：百万朵玫瑰,福利汇总 · 11 条评论 · BGM：《百万本のバラ》：点击播放 热门视频： 我们平时点外卖的袋子是如何生产的？ 九年义务教育，正在变成“义务坐牢” 从北京坐火车去新加坡！ 细读,62584,https://fuliba2023.net/2026130.html,https://img03.sogoucdn.com/v2/thumb/retype_exclude_gif/ext/auto/q/100/?appid=122&url=tvax3.sinaimg.cn/large/006BNqYCly1ih5858bs24j323i1hc4qp.jpg,福利吧,最新文章,latest,hotlist,2026-09-16,2026-09-21 20:31:56
15,OnlyHaven：“OnlyFans”和“Patreon”付费资源公共存档站,好孩子kan不见 · 5 条评论 · 之前给大家分享过Coomer和Kemono之类的“OnlyFans”“Fansly”等付费资源存档站 Coomer：OnlyFans付费资源公共存档网站 Thotsbay：OnlyFans资源免付费,38261,https://fuliba2023.net/cum-st.html,https://img03.sogoucdn.com/v2/thumb/retype_exclude_gif/ext/auto/q/100/?appid=122&url=tvax2.sinaimg.cn/large/006BNqYCly1ih3y936dxqj31mi0rnx5b.jpg,福利吧,最新文章,latest,hotlist,2026-09-16,2026-09-21 20:31:56
16,论坛口碑商家：老猫配眼镜，小程序下单全网比价，产品保真价格包满意,购物网赚 · 23 条评论 · 老猫在论坛写了不少科普贴，他新开发了一个微信小程序， 蔡司、柯达、依视路、康耐特十几款镜片，高中低档都有，源头厂家产品保真。 各种材质样式的镜,26050,https://fuliba2023.net/laomao.html,https://img03.sogoucdn.com/v2/thumb/retype_exclude_gif/ext/auto/q/100/?appid=122&url=https://tva1.sinaimg.cn/large/006WeipRgy1igi5wkym3jj30me0gudhj.jpg,福利吧,最新文章,latest,hotlist,2026-09-15,2026-09-21 20:31:56
17,吐槽：又上麦片哥的当了，“蓝芽水月”飞机场秒变大师球 真相究竟是什么？,好孩子kan不见 · 14 条评论 · 之前我们曾经发帖讲过AI技术被麦片哥滥用，一部影片的找出处难度加大 吐槽：论现在麦片的已经恶心到什么地步了 AI技术滥用的后果！ 但是最近网友发帖,40399,https://fuliba2023.net/dvmm-263.html,https://img03.sogoucdn.com/v2/thumb/retype_exclude_gif/ext/auto/q/100/?appid=122&url=tvax2.sinaimg.cn/large/006BNqYCly1ih3z6jnkq1j31cn0r21kx.jpg,福利吧,最新文章,latest,hotlist,2026-09-15,2026-09-21 20:31:56
18,魔兽争霸3时隔23年更新资料片+剧情战役,福利吧 · 7 条评论 · 时隔二十三年，魔兽争霸3在2026年暴雪嘉年华开幕式上正式推出全新单人战役“被遗忘的王国”。 这是继2003年冰封王座资料片之后，该系列首次由官方推出,18002,https://fuliba2023.net/war3.html,https://img03.sogoucdn.com/v2/thumb/retype_exclude_gif/ext/auto/q/100/?appid=122&url=https://tva1.sinaimg.cn/large/009Zip4ygy1ih3luw6bgsj31ac0puwkp.jpg,福利吧,最新文章,latest,hotlist,2026-09-15,2026-09-21 20:31:56
19,摩的司机徐师傅：B站付费充电专属视频上新 从赌鬼到百万UP主，从上山躲债到日入数万,BILIBILI · 31 条评论 · 网盘下载：夸克网盘/百度网盘/迅雷网盘/ 从赌鬼到百万UP主，从上山躲债到日入数万，B站抽象健身博主“街健呆木头”的前半生 ——- 喜欢看各,121588,https://fuliba2023.net/mdsjxsf.html,https://img03.sogoucdn.com/v2/thumb/retype_exclude_gif/ext/auto/q/100/?appid=122&url=tvax4.sinaimg.cn/large/006BNqYCly1ih3xkthacej31j90v2e81.jpg,福利吧,最新文章,latest,hotlist,2026-09-14,2026-09-21 20:31:56
20,2026年福利汇总第129期 ：盒子里的猫,福利汇总 · 11 条评论 · BGM：《弥勒世果報 – undercooled》：点击播放 热门视频： 如何制造海苔 盘点【黄埔军校】各期学员含金量! 办公室没窗、走廊带坡？医院这些R,81787,https://fuliba2023.net/2026129.html,https://img03.sogoucdn.com/v2/thumb/retype_exclude_gif/ext/auto/q/100/?appid=122&url=tvax2.sinaimg.cn/large/006BNqYCly1ih2vimo6kvj323u1kw1kx.jpg,福利吧,最新文章,latest,hotlist,2026-09-14,2026-09-21 20:31:56
1,2026年9月趣站分享：听记/App比价/图标制作/装机软件 中国天气地图,趣站分享 · 4 条评论 · 趣味网站分享系列：https://fuliba2025.net/quwei 没有采取单发文章推荐的内容，大部分来自福利吧论坛或网友邮件投稿。 如果你也有不错的内容,9440,https://fuliba2023.net/website202609.html,https://img03.sogoucdn.com/v2/thumb/retype_exclude_gif/ext/auto/q/100/?appid=122&url=tvax1.sinaimg.cn/large/006BNqYCly1ift9t7n41kj315y0v1gwr.jpg,福利吧,最新文章,latest,hotlist,2026-09-21,2026-09-21 21:25:01
2,Netflix韩国剧集：《挑情丑闻》全8集 情爱画面很唯美,影视推荐 · 10 条评论 · Netflix最近上线的一部桃色剧集 原作品是法国18世纪小说家拉克洛用书信形式所写成的小说《危险关系》 剧版改编自由李在容执导、2003年上映的同名电影,19619,https://fuliba2023.net/scandals.html,https://img03.sogoucdn.com/v2/thumb/retype_exclude_gif/ext/auto/q/100/?appid=122&url=tvax1.sinaimg.cn/large/006BNqYCly1iha0neyeu0j31x90z5e82.jpg,福利吧,最新文章,latest,hotlist,2026-09-21,2026-09-21 21:25:01
3,淘宝京东优惠商品汇总，9月21日9点更新 购物领券fuliba99.net,购物网赚 · 314 条评论 · 购物搜券：福利久久 — 精选好货，实时更新 商品更新较快，请加购物群获得第一手消息。微信扫码加好友，回复“京东群”或者“淘宝群”自动拉你。 16枚,446581,https://fuliba2023.net/99.html,https://img03.sogoucdn.com/v2/thumb/retype_exclude_gif/ext/auto/q/100/?appid=122&url=https://tva1.sinaimg.cn/large/009Zip4ygy1ihb1o2d92gj309q09qab3.jpg,福利吧,最新文章,latest,hotlist,2026-09-21,2026-09-21 21:25:01
4,“倉木華”遗作《我在深夜便利店做收银被微醺大姐姐攻略》上线 可惜再也看不到妹子新作了,图解电影 · 6 条评论 · 前几天我们曾经发帖说过，又一位日本女演员因为牛郎问题选择了自杀离开这个世界 噩耗：日本女优“倉木華”在住所自杀身亡 死亡原因引网络热议 翻看她,33760,https://fuliba2023.net/snos-397.html,https://img03.sogoucdn.com/v2/thumb/retype_exclude_gif/ext/auto/q/100/?appid=122&url=tvax4.sinaimg.cn/large/006BNqYCly1ih9wo1lt79j31cl0r81kx.jpg,福利吧,最新文章,latest,hotlist,2026-09-20,2026-09-21 21:25:01
5,2026年福利汇总第132期 ：失语梦,福利汇总 · 9 条评论 · BGM：《失语梦》：点击播放 热门视频： 有网友到青海西宁旅游，打车途中，司机师傅一路介绍青海，讲得头头是道 铭文中的谜之天子，逨盘，195件国宝第1,32861,https://fuliba2023.net/2026132.html,https://img03.sogoucdn.com/v2/thumb/retype_exclude_gif/ext/auto/q/100/?appid=122&url=tvax1.sinaimg.cn/large/006BNqYCly1ih9uxu4308j335s23ub14.jpg,福利吧,最新文章,latest,hotlist,2026-09-20,2026-09-21 21:25:01
6,二二酸酸：《青春课本系列》 带你重新认识那些熟悉的语文课文,BILIBILI · 9 条评论 · 今天给大家推荐一个B站的UP主“二二酸酸” 她制作的有一个系列节目叫《青春课本系列》 讲解的都是我们上学时候学习的语文课本里那些文章之外的故事 有,16376,https://fuliba2023.net/erersuansuan.html,https://img03.sogoucdn.com/v2/thumb/retype_exclude_gif/ext/auto/q/100/?appid=122&url=tvax1.sinaimg.cn/large/006BNqYCly1ih8oakntacj313t0ov137.jpg,福利吧,最新文章,latest,hotlist,2026-09-19,2026-09-21 21:25:01
7,蚂蚁阿福X沃莱联名体脂秤4.9（34.9下单返30元支付宝红包）,购物网赚 · 14 条评论 · 体脂秤是一个健康入口，各大平台都在抢占市场。 几年前买的小米体脂秤还花了100多，现在竟然免费送了。 蚂蚁阿福体脂秤原价47的，官方立减7.1，再领5,14578,https://fuliba2023.net/wolai.html,https://img03.sogoucdn.com/v2/thumb/retype_exclude_gif/ext/auto/q/100/?appid=122&url=https://tva1.sinaimg.cn/large/009Zip4ygy1ih91ife18hj309q09o74l.jpg,福利吧,最新文章,latest,hotlist,2026-09-19,2026-09-21 21:25:01
8,“Gattouz0”新作，居然又是亚洲妹 三人同行有点猛,好孩子kan不见 · 13 条评论 · 前几天我们发帖说过“Gattouz0”发布的新作是一个亚洲女孩 虽然他描述是中国人，但是从更新动态等种种迹象来看，更像是一个越南妹 “Gattouz0”再约亚,30092,https://fuliba2023.net/new-gattouz0-bunny-umi-bunny-una-double.html,https://img03.sogoucdn.com/v2/thumb/retype_exclude_gif/ext/auto/q/100/?appid=122&url=tvax4.sinaimg.cn/large/006BNqYCly1ih7we2b494j31ct0rie7s.jpg,福利吧,最新文章,latest,hotlist,2026-09-19,2026-09-21 21:25:01
9,犬上いの字：《收到陌生女性隔空投送发来私密照片的经历》 苹果用户专享,漫画推荐 · 6 条评论 · 今天给大家推荐的是日本画师“犬上いの字”的作品 这部漫画创意挺好，故事内容有轻微SM向，不过是大姐姐纯爱作品 作品共计三话，85P左右，下面是剧情,21105,https://fuliba2023.net/the-story-of-how-i-received-a-racy-selfie-via-image-sharing-from-a-woman-i-didnt-know.html,https://img03.sogoucdn.com/v2/thumb/retype_exclude_gif/ext/auto/q/100/?appid=122&url=tvax1.sinaimg.cn/large/006BNqYCly1ih7wv859lrj31id0w5tm8.jpg,福利吧,最新文章,latest,hotlist,2026-09-18,2026-09-21 21:25:01
10,2026年福利汇总第131期 ：神秘礼物,福利汇总 · 9 条评论 · BGM：《神秘礼物》：点击播放 热门视频： 【邓肯】“梅姨”案 我只是想煮一个鸡蛋，互联网却想教我做人 为什么所有 App 都能借钱给你？网贷如何变得无,36228,https://fuliba2023.net/2026131.html,https://img03.sogoucdn.com/v2/thumb/retype_exclude_gif/ext/auto/q/100/?appid=122&url=tvax4.sinaimg.cn/large/006BNqYCly1ih7v9i5gyrj323u1kwdy6.jpg,福利吧,最新文章,latest,hotlist,2026-09-18,2026-09-21 21:25:01
11,NGA一个精彩刺激的私人经历文,福利吧 · 7 条评论 · 感谢福利吧论坛网友“yyds1111”分享，更多优秀分享请访问福利吧论坛。 这是NGA上一个帖子连载更新的，整理成文本分享。 主要讲KTV里约妹子的事，有荤,34988,https://fuliba2023.net/xiaoc.html,https://img03.sogoucdn.com/v2/thumb/retype_exclude_gif/ext/auto/q/100/?appid=122&url=https://tva1.sinaimg.cn/large/009Zip4ygy1ih6pc9dq8sj30or0gfwgc.jpg,福利吧,最新文章,latest,hotlist,2026-09-17,2026-09-21 21:25:01
12,よふかしのへや：《反正要死了，随你处置》翻拍真人版 逢沢みゆ出演,图解电影 · 20 条评论 · 去年的时候，我们给大家推荐过画师“よふかしのへや”的这部作品 よふかしのへや：《反正要死了，随你处置》 用爱爱拯救厌世少女 时隔一年，这部作品,46586,https://fuliba2023.net/rki-757.html,https://img03.sogoucdn.com/v2/thumb/retype_exclude_gif/ext/auto/q/100/?appid=122&url=tvax3.sinaimg.cn/large/006BNqYCly1ih6bur3oovj316d0r8tuo.jpg,福利吧,最新文章,latest,hotlist,2026-09-17,2026-09-21 21:25:01
13,2026年7月番剧推荐：《我独自盗墓》 更新至第10集,动漫影视 · 1 条评论 · 2024年的时候，我们给大家推荐过一部韩漫改编的异世界动漫作品 2025年这部作品已经出了第二季，异世界番剧里的黑马之作，非常好看 2024年1月番剧推荐,10222,https://fuliba2023.net/tomb-raider-king.html,https://img03.sogoucdn.com/v2/thumb/retype_exclude_gif/ext/auto/q/100/?appid=122&url=tvax3.sinaimg.cn/large/006BNqYCly1ih6v0vd7pmj31gr0u0k15.jpg,福利吧,最新文章,latest,hotlist,2026-09-17,2026-09-21 21:25:01
14,2026年福利汇总第130期 ：百万朵玫瑰,福利汇总 · 11 条评论 · BGM：《百万本のバラ》：点击播放 热门视频： 我们平时点外卖的袋子是如何生产的？ 九年义务教育，正在变成“义务坐牢” 从北京坐火车去新加坡！ 细读,62661,https://fuliba2023.net/2026130.html,https://img03.sogoucdn.com/v2/thumb/retype_exclude_gif/ext/auto/q/100/?appid=122&url=tvax3.sinaimg.cn/large/006BNqYCly1ih5858bs24j323i1hc4qp.jpg,福利吧,最新文章,latest,hotlist,2026-09-16,2026-09-21 21:25:01
15,OnlyHaven：“OnlyFans”和“Patreon”付费资源公共存档站,好孩子kan不见 · 5 条评论 · 之前给大家分享过Coomer和Kemono之类的“OnlyFans”“Fansly”等付费资源存档站 Coomer：OnlyFans付费资源公共存档网站 Thotsbay：OnlyFans资源免付费,38349,https://fuliba2023.net/cum-st.html,https://img03.sogoucdn.com/v2/thumb/retype_exclude_gif/ext/auto/q/100/?appid=122&url=tvax2.sinaimg.cn/large/006BNqYCly1ih3y936dxqj31mi0rnx5b.jpg,福利吧,最新文章,latest,hotlist,2026-09-16,2026-09-21 21:25:01
16,论坛口碑商家：老猫配眼镜，小程序下单全网比价，产品保真价格包满意,购物网赚 · 23 条评论 · 老猫在论坛写了不少科普贴，他新开发了一个微信小程序， 蔡司、柯达、依视路、康耐特十几款镜片，高中低档都有，源头厂家产品保真。 各种材质样式的镜,26082,https://fuliba2023.net/laomao.html,https://img03.sogoucdn.com/v2/thumb/retype_exclude_gif/ext/auto/q/100/?appid=122&url=https://tva1.sinaimg.cn/large/006WeipRgy1igi5wkym3jj30me0gudhj.jpg,福利吧,最新文章,latest,hotlist,2026-09-15,2026-09-21 21:25:01
17,吐槽：又上麦片哥的当了，“蓝芽水月”飞机场秒变大师球 真相究竟是什么？,好孩子kan不见 · 14 条评论 · 之前我们曾经发帖讲过AI技术被麦片哥滥用，一部影片的找出处难度加大 吐槽：论现在麦片的已经恶心到什么地步了 AI技术滥用的后果！ 但是最近网友发帖,40444,https://fuliba2023.net/dvmm-263.html,https://img03.sogoucdn.com/v2/thumb/retype_exclude_gif/ext/auto/q/100/?appid=122&url=tvax2.sinaimg.cn/large/006BNqYCly1ih3z6jnkq1j31cn0r21kx.jpg,福利吧,最新文章,latest,hotlist,2026-09-15,2026-09-21 21:25:01
18,魔兽争霸3时隔23年更新资料片+剧情战役,福利吧 · 7 条评论 · 时隔二十三年，魔兽争霸3在2026年暴雪嘉年华开幕式上正式推出全新单人战役“被遗忘的王国”。 这是继2003年冰封王座资料片之后，该系列首次由官方推出,18022,https://fuliba2023.net/war3.html,https://img03.sogoucdn.com/v2/thumb/retype_exclude_gif/ext/auto/q/100/?appid=122&url=https://tva1.sinaimg.cn/large/009Zip4ygy1ih3luw6bgsj31ac0puwkp.jpg,福利吧,最新文章,latest,hotlist,2026-09-15,2026-09-21 21:25:01
19,摩的司机徐师傅：B站付费充电专属视频上新 从赌鬼到百万UP主，从上山躲债到日入数万,BILIBILI · 31 条评论 · 网盘下载：夸克网盘/百度网盘/迅雷网盘/ 从赌鬼到百万UP主，从上山躲债到日入数万，B站抽象健身博主“街健呆木头”的前半生 ——- 喜欢看各,121604,https://fuliba2023.net/mdsjxsf.html,https://img03.sogoucdn.com/v2/thumb/retype_exclude_gif/ext/auto/q/100/?appid=122&url=tvax4.sinaimg.cn/large/006BNqYCly1ih3xkthacej31j90v2e81.jpg,福利吧,最新文章,latest,hotlist,2026-09-14,2026-09-21 21:25:01
20,2026年福利汇总第129期 ：盒子里的猫,福利汇总 · 11 条评论 · BGM：《弥勒世果報 – undercooled》：点击播放 热门视频： 如何制造海苔 盘点【黄埔军校】各期学员含金量! 办公室没窗、走廊带坡？医院这些R,81854,https://fuliba2023.net/2026129.html,https://img03.sogoucdn.com/v2/thumb/retype_exclude_gif/ext/auto/q/100/?appid=122&url=tvax2.sinaimg.cn/large/006BNqYCly1ih2vimo6kvj323u1kw1kx.jpg,福利吧,最新文章,latest,hotlist,2026-09-14,2026-09-21 21:25:01
1,2026年9月趣站分享：听记/App比价/图标制作/装机软件 中国天气地图,趣站分享 · 4 条评论 · 趣味网站分享系列：https://fuliba2025.net/quwei 没有采取单发文章推荐的内容，大部分来自福利吧论坛或网友邮件投稿。 如果你也有不错的内容,10128,https://fuliba2023.net/website202609.html,https://img03.sogoucdn.com/v2/thumb/retype_exclude_gif/ext/auto/q/100/?appid=122&url=tvax1.sinaimg.cn/large/006BNqYCly1ift9t7n41kj315y0v1gwr.jpg,福利吧,最新文章,latest,hotlist,2026-09-21,2026-09-21 22:26:14
2,Netflix韩国剧集：《挑情丑闻》全8集 情爱画面很唯美,影视推荐 · 10 条评论 · Netflix最近上线的一部桃色剧集 原作品是法国18世纪小说家拉克洛用书信形式所写成的小说《危险关系》 剧版改编自由李在容执导、2003年上映的同名电影,20899,https://fuliba2023.net/scandals.html,https://img03.sogoucdn.com/v2/thumb/retype_exclude_gif/ext/auto/q/100/?appid=122&url=tvax1.sinaimg.cn/large/006BNqYCly1iha0neyeu0j31x90z5e82.jpg,福利吧,最新文章,latest,hotlist,2026-09-21,2026-09-21 22:26:14
3,淘宝京东优惠商品汇总，9月21日9点更新 购物领券fuliba99.net,购物网赚 · 314 条评论 · 购物搜券：福利久久 — 精选好货，实时更新 商品更新较快，请加购物群获得第一手消息。微信扫码加好友，回复“京东群”或者“淘宝群”自动拉你。 16枚,446764,https://fuliba2023.net/99.html,https://img03.sogoucdn.com/v2/thumb/retype_exclude_gif/ext/auto/q/100/?appid=122&url=https://tva1.sinaimg.cn/large/009Zip4ygy1ihb1o2d92gj309q09qab3.jpg,福利吧,最新文章,latest,hotlist,2026-09-21,2026-09-21 22:26:14
4,“倉木華”遗作《我在深夜便利店做收银被微醺大姐姐攻略》上线 可惜再也看不到妹子新作了,图解电影 · 6 条评论 · 前几天我们曾经发帖说过，又一位日本女演员因为牛郎问题选择了自杀离开这个世界 噩耗：日本女优“倉木華”在住所自杀身亡 死亡原因引网络热议 翻看她,34371,https://fuliba2023.net/snos-397.html,https://img03.sogoucdn.com/v2/thumb/retype_exclude_gif/ext/auto/q/100/?appid=122&url=tvax4.sinaimg.cn/large/006BNqYCly1ih9wo1lt79j31cl0r81kx.jpg,福利吧,最新文章,latest,hotlist,2026-09-20,2026-09-21 22:26:14
5,2026年福利汇总第132期 ：失语梦,福利汇总 · 9 条评论 · BGM：《失语梦》：点击播放 热门视频： 有网友到青海西宁旅游，打车途中，司机师傅一路介绍青海，讲得头头是道 铭文中的谜之天子，逨盘，195件国宝第1,33456,https://fuliba2023.net/2026132.html,https://img03.sogoucdn.com/v2/thumb/retype_exclude_gif/ext/auto/q/100/?appid=122&url=tvax1.sinaimg.cn/large/006BNqYCly1ih9uxu4308j335s23ub14.jpg,福利吧,最新文章,latest,hotlist,2026-09-20,2026-09-21 22:26:14
6,二二酸酸：《青春课本系列》 带你重新认识那些熟悉的语文课文,BILIBILI · 9 条评论 · 今天给大家推荐一个B站的UP主“二二酸酸” 她制作的有一个系列节目叫《青春课本系列》 讲解的都是我们上学时候学习的语文课本里那些文章之外的故事 有,16503,https://fuliba2023.net/erersuansuan.html,https://img03.sogoucdn.com/v2/thumb/retype_exclude_gif/ext/auto/q/100/?appid=122&url=tvax1.sinaimg.cn/large/006BNqYCly1ih8oakntacj313t0ov137.jpg,福利吧,最新文章,latest,hotlist,2026-09-19,2026-09-21 22:26:14
7,蚂蚁阿福X沃莱联名体脂秤4.9（34.9下单返30元支付宝红包）,购物网赚 · 14 条评论 · 体脂秤是一个健康入口，各大平台都在抢占市场。 几年前买的小米体脂秤还花了100多，现在竟然免费送了。 蚂蚁阿福体脂秤原价47的，官方立减7.1，再领5,14658,https://fuliba2023.net/wolai.html,https://img03.sogoucdn.com/v2/thumb/retype_exclude_gif/ext/auto/q/100/?appid=122&url=https://tva1.sinaimg.cn/large/009Zip4ygy1ih91ife18hj309q09o74l.jpg,福利吧,最新文章,latest,hotlist,2026-09-19,2026-09-21 22:26:14
8,“Gattouz0”新作，居然又是亚洲妹 三人同行有点猛,好孩子kan不见 · 13 条评论 · 前几天我们发帖说过“Gattouz0”发布的新作是一个亚洲女孩 虽然他描述是中国人，但是从更新动态等种种迹象来看，更像是一个越南妹 “Gattouz0”再约亚,30342,https://fuliba2023.net/new-gattouz0-bunny-umi-bunny-una-double.html,https://img03.sogoucdn.com/v2/thumb/retype_exclude_gif/ext/auto/q/100/?appid=122&url=tvax4.sinaimg.cn/large/006BNqYCly1ih7we2b494j31ct0rie7s.jpg,福利吧,最新文章,latest,hotlist,2026-09-19,2026-09-21 22:26:14
9,犬上いの字：《收到陌生女性隔空投送发来私密照片的经历》 苹果用户专享,漫画推荐 · 6 条评论 · 今天给大家推荐的是日本画师“犬上いの字”的作品 这部漫画创意挺好，故事内容有轻微SM向，不过是大姐姐纯爱作品 作品共计三话，85P左右，下面是剧情,21185,https://fuliba2023.net/the-story-of-how-i-received-a-racy-selfie-via-image-sharing-from-a-woman-i-didnt-know.html,https://img03.sogoucdn.com/v2/thumb/retype_exclude_gif/ext/auto/q/100/?appid=122&url=tvax1.sinaimg.cn/large/006BNqYCly1ih7wv859lrj31id0w5tm8.jpg,福利吧,最新文章,latest,hotlist,2026-09-18,2026-09-21 22:26:14
10,2026年福利汇总第131期 ：神秘礼物,福利汇总 · 9 条评论 · BGM：《神秘礼物》：点击播放 热门视频： 【邓肯】“梅姨”案 我只是想煮一个鸡蛋，互联网却想教我做人 为什么所有 App 都能借钱给你？网贷如何变得无,36388,https://fuliba2023.net/2026131.html,https://img03.sogoucdn.com/v2/thumb/retype_exclude_gif/ext/auto/q/100/?appid=122&url=tvax4.sinaimg.cn/large/006BNqYCly1ih7v9i5gyrj323u1kwdy6.jpg,福利吧,最新文章,latest,hotlist,2026-09-18,2026-09-21 22:26:14
11,NGA一个精彩刺激的私人经历文,福利吧 · 7 条评论 · 感谢福利吧论坛网友“yyds1111”分享，更多优秀分享请访问福利吧论坛。 这是NGA上一个帖子连载更新的，整理成文本分享。 主要讲KTV里约妹子的事，有荤,35093,https://fuliba2023.net/xiaoc.html,https://img03.sogoucdn.com/v2/thumb/retype_exclude_gif/ext/auto/q/100/?appid=122&url=https://tva1.sinaimg.cn/large/009Zip4ygy1ih6pc9dq8sj30or0gfwgc.jpg,福利吧,最新文章,latest,hotlist,2026-09-17,2026-09-21 22:26:14
12,よふかしのへや：《反正要死了，随你处置》翻拍真人版 逢沢みゆ出演,图解电影 · 20 条评论 · 去年的时候，我们给大家推荐过画师“よふかしのへや”的这部作品 よふかしのへや：《反正要死了，随你处置》 用爱爱拯救厌世少女 时隔一年，这部作品,46698,https://fuliba2023.net/rki-757.html,https://img03.sogoucdn.com/v2/thumb/retype_exclude_gif/ext/auto/q/100/?appid=122&url=tvax3.sinaimg.cn/large/006BNqYCly1ih6bur3oovj316d0r8tuo.jpg,福利吧,最新文章,latest,hotlist,2026-09-17,2026-09-21 22:26:14
13,2026年7月番剧推荐：《我独自盗墓》 更新至第10集,动漫影视 · 1 条评论 · 2024年的时候，我们给大家推荐过一部韩漫改编的异世界动漫作品 2025年这部作品已经出了第二季，异世界番剧里的黑马之作，非常好看 2024年1月番剧推荐,10263,https://fuliba2023.net/tomb-raider-king.html,https://img03.sogoucdn.com/v2/thumb/retype_exclude_gif/ext/auto/q/100/?appid=122&url=tvax3.sinaimg.cn/large/006BNqYCly1ih6v0vd7pmj31gr0u0k15.jpg,福利吧,最新文章,latest,hotlist,2026-09-17,2026-09-21 22:26:14
14,2026年福利汇总第130期 ：百万朵玫瑰,福利汇总 · 11 条评论 · BGM：《百万本のバラ》：点击播放 热门视频： 我们平时点外卖的袋子是如何生产的？ 九年义务教育，正在变成“义务坐牢” 从北京坐火车去新加坡！ 细读,62759,https://fuliba2023.net/2026130.html,https://img03.sogoucdn.com/v2/thumb/retype_exclude_gif/ext/auto/q/100/?appid=122&url=tvax3.sinaimg.cn/large/006BNqYCly1ih5858bs24j323i1hc4qp.jpg,福利吧,最新文章,latest,hotlist,2026-09-16,2026-09-21 22:26:14
15,OnlyHaven：“OnlyFans”和“Patreon”付费资源公共存档站,好孩子kan不见 · 5 条评论 · 之前给大家分享过Coomer和Kemono之类的“OnlyFans”“Fansly”等付费资源存档站 Coomer：OnlyFans付费资源公共存档网站 Thotsbay：OnlyFans资源免付费,38442,https://fuliba2023.net/cum-st.html,https://img03.sogoucdn.com/v2/thumb/retype_exclude_gif/ext/auto/q/100/?appid=122&url=tvax2.sinaimg.cn/large/006BNqYCly1ih3y936dxqj31mi0rnx5b.jpg,福利吧,最新文章,latest,hotlist,2026-09-16,2026-09-21 22:26:14
16,论坛口碑商家：老猫配眼镜，小程序下单全网比价，产品保真价格包满意,购物网赚 · 23 条评论 · 老猫在论坛写了不少科普贴，他新开发了一个微信小程序， 蔡司、柯达、依视路、康耐特十几款镜片，高中低档都有，源头厂家产品保真。 各种材质样式的镜,26123,https://fuliba2023.net/laomao.html,https://img03.sogoucdn.com/v2/thumb/retype_exclude_gif/ext/auto/q/100/?appid=122&url=https://tva1.sinaimg.cn/large/006WeipRgy1igi5wkym3jj30me0gudhj.jpg,福利吧,最新文章,latest,hotlist,2026-09-15,2026-09-21 22:26:14
17,吐槽：又上麦片哥的当了，“蓝芽水月”飞机场秒变大师球 真相究竟是什么？,好孩子kan不见 · 14 条评论 · 之前我们曾经发帖讲过AI技术被麦片哥滥用，一部影片的找出处难度加大 吐槽：论现在麦片的已经恶心到什么地步了 AI技术滥用的后果！ 但是最近网友发帖,40515,https://fuliba2023.net/dvmm-263.html,https://img03.sogoucdn.com/v2/thumb/retype_exclude_gif/ext/auto/q/100/?appid=122&url=tvax2.sinaimg.cn/large/006BNqYCly1ih3z6jnkq1j31cn0r21kx.jpg,福利吧,最新文章,latest,hotlist,2026-09-15,2026-09-21 22:26:14
18,魔兽争霸3时隔23年更新资料片+剧情战役,福利吧 · 7 条评论 · 时隔二十三年，魔兽争霸3在2026年暴雪嘉年华开幕式上正式推出全新单人战役“被遗忘的王国”。 这是继2003年冰封王座资料片之后，该系列首次由官方推出,18064,https://fuliba2023.net/war3.html,https://img03.sogoucdn.com/v2/thumb/retype_exclude_gif/ext/auto/q/100/?appid=122&url=https://tva1.sinaimg.cn/large/009Zip4ygy1ih3luw6bgsj31ac0puwkp.jpg,福利吧,最新文章,latest,hotlist,2026-09-15,2026-09-21 22:26:14
19,摩的司机徐师傅：B站付费充电专属视频上新 从赌鬼到百万UP主，从上山躲债到日入数万,BILIBILI · 31 条评论 · 网盘下载：夸克网盘/百度网盘/迅雷网盘/ 从赌鬼到百万UP主，从上山躲债到日入数万，B站抽象健身博主“街健呆木头”的前半生 ——- 喜欢看各,121631,https://fuliba2023.net/mdsjxsf.html,https://img03.sogoucdn.com/v2/thumb/retype_exclude_gif/ext/auto/q/100/?appid=122&url=tvax4.sinaimg.cn/large/006BNqYCly1ih3xkthacej31j90v2e81.jpg,福利吧,最新文章,latest,hotlist,2026-09-14,2026-09-21 22:26:14
20,2026年福利汇总第129期 ：盒子里的猫,福利汇总 · 11 条评论 · BGM：《弥勒世果報 – undercooled》：点击播放 热门视频： 如何制造海苔 盘点【黄埔军校】各期学员含金量! 办公室没窗、走廊带坡？医院这些R,81937,https://fuliba2023.net/2026129.html,https://img03.sogoucdn.com/v2/thumb/retype_exclude_gif/ext/auto/q/100/?appid=122&url=tvax2.sinaimg.cn/large/006BNqYCly1ih2vimo6kvj323u1kw1kx.jpg,福利吧,最新文章,latest,hotlist,2026-09-14,2026-09-21 22:26:14
1,2026年9月趣站分享：听记/App比价/图标制作/装机软件 中国天气地图,趣站分享 · 4 条评论 · 趣味网站分享系列：https://fuliba2025.net/quwei 没有采取单发文章推荐的内容，大部分来自福利吧论坛或网友邮件投稿。 如果你也有不错的内容,10706,https://fuliba2023.net/website202609.html,https://img03.sogoucdn.com/v2/thumb/retype_exclude_gif/ext/auto/q/100/?appid=122&url=tvax1.sinaimg.cn/large/006BNqYCly1ift9t7n41kj315y0v1gwr.jpg,福利吧,最新文章,latest,hotlist,2026-09-21,2026-09-21 23:22:19
2,Netflix韩国剧集：《挑情丑闻》全8集 情爱画面很唯美,影视推荐 · 10 条评论 · Netflix最近上线的一部桃色剧集 原作品是法国18世纪小说家拉克洛用书信形式所写成的小说《危险关系》 剧版改编自由李在容执导、2003年上映的同名电影,21978,https://fuliba2023.net/scandals.html,https://img03.sogoucdn.com/v2/thumb/retype_exclude_gif/ext/auto/q/100/?appid=122&url=tvax1.sinaimg.cn/large/006BNqYCly1iha0neyeu0j31x90z5e82.jpg,福利吧,最新文章,latest,hotlist,2026-09-21,2026-09-21 23:22:19
3,淘宝京东优惠商品汇总，9月21日9点更新 购物领券fuliba99.net,购物网赚 · 314 条评论 · 购物搜券：福利久久 — 精选好货，实时更新 商品更新较快，请加购物群获得第一手消息。微信扫码加好友，回复“京东群”或者“淘宝群”自动拉你。 16枚,446889,https://fuliba2023.net/99.html,https://img03.sogoucdn.com/v2/thumb/retype_exclude_gif/ext/auto/q/100/?appid=122&url=https://tva1.sinaimg.cn/large/009Zip4ygy1ihb1o2d92gj309q09qab3.jpg,福利吧,最新文章,latest,hotlist,2026-09-21,2026-09-21 23:22:19
4,“倉木華”遗作《我在深夜便利店做收银被微醺大姐姐攻略》上线 可惜再也看不到妹子新作了,图解电影 · 6 条评论 · 前几天我们曾经发帖说过，又一位日本女演员因为牛郎问题选择了自杀离开这个世界 噩耗：日本女优“倉木華”在住所自杀身亡 死亡原因引网络热议 翻看她,34957,https://fuliba2023.net/snos-397.html,https://img03.sogoucdn.com/v2/thumb/retype_exclude_gif/ext/auto/q/100/?appid=122&url=tvax4.sinaimg.cn/large/006BNqYCly1ih9wo1lt79j31cl0r81kx.jpg,福利吧,最新文章,latest,hotlist,2026-09-20,2026-09-21 23:22:19
5,2026年福利汇总第132期 ：失语梦,福利汇总 · 10 条评论 · BGM：《失语梦》：点击播放 热门视频： 有网友到青海西宁旅游，打车途中，司机师傅一路介绍青海，讲得头头是道 铭文中的谜之天子，逨盘，195件国宝第1,33945,https://fuliba2023.net/2026132.html,https://img03.sogoucdn.com/v2/thumb/retype_exclude_gif/ext/auto/q/100/?appid=122&url=tvax1.sinaimg.cn/large/006BNqYCly1ih9uxu4308j335s23ub14.jpg,福利吧,最新文章,latest,hotlist,2026-09-20,2026-09-21 23:22:19
6,二二酸酸：《青春课本系列》 带你重新认识那些熟悉的语文课文,BILIBILI · 9 条评论 · 今天给大家推荐一个B站的UP主“二二酸酸” 她制作的有一个系列节目叫《青春课本系列》 讲解的都是我们上学时候学习的语文课本里那些文章之外的故事 有,16638,https://fuliba2023.net/erersuansuan.html,https://img03.sogoucdn.com/v2/thumb/retype_exclude_gif/ext/auto/q/100/?appid=122&url=tvax1.sinaimg.cn/large/006BNqYCly1ih8oakntacj313t0ov137.jpg,福利吧,最新文章,latest,hotlist,2026-09-19,2026-09-21 23:22:19
7,蚂蚁阿福X沃莱联名体脂秤4.9（34.9下单返30元支付宝红包）,购物网赚 · 14 条评论 · 体脂秤是一个健康入口，各大平台都在抢占市场。 几年前买的小米体脂秤还花了100多，现在竟然免费送了。 蚂蚁阿福体脂秤原价47的，官方立减7.1，再领5,14721,https://fuliba2023.net/wolai.html,https://img03.sogoucdn.com/v2/thumb/retype_exclude_gif/ext/auto/q/100/?appid=122&url=https://tva1.sinaimg.cn/large/009Zip4ygy1ih91ife18hj309q09o74l.jpg,福利吧,最新文章,latest,hotlist,2026-09-19,2026-09-21 23:22:19
8,“Gattouz0”新作，居然又是亚洲妹 三人同行有点猛,好孩子kan不见 · 13 条评论 · 前几天我们发帖说过“Gattouz0”发布的新作是一个亚洲女孩 虽然他描述是中国人，但是从更新动态等种种迹象来看，更像是一个越南妹 “Gattouz0”再约亚,30629,https://fuliba2023.net/new-gattouz0-bunny-umi-bunny-una-double.html,https://img03.sogoucdn.com/v2/thumb/retype_exclude_gif/ext/auto/q/100/?appid=122&url=tvax4.sinaimg.cn/large/006BNqYCly1ih7we2b494j31ct0rie7s.jpg,福利吧,最新文章,latest,hotlist,2026-09-19,2026-09-21 23:22:19
9,犬上いの字：《收到陌生女性隔空投送发来私密照片的经历》 苹果用户专享,漫画推荐 · 6 条评论 · 今天给大家推荐的是日本画师“犬上いの字”的作品 这部漫画创意挺好，故事内容有轻微SM向，不过是大姐姐纯爱作品 作品共计三话，85P左右，下面是剧情,21251,https://fuliba2023.net/the-story-of-how-i-received-a-racy-selfie-via-image-sharing-from-a-woman-i-didnt-know.html,https://img03.sogoucdn.com/v2/thumb/retype_exclude_gif/ext/auto/q/100/?appid=122&url=tvax1.sinaimg.cn/large/006BNqYCly1ih7wv859lrj31id0w5tm8.jpg,福利吧,最新文章,latest,hotlist,2026-09-18,2026-09-21 23:22:19
10,2026年福利汇总第131期 ：神秘礼物,福利汇总 · 9 条评论 · BGM：《神秘礼物》：点击播放 热门视频： 【邓肯】“梅姨”案 我只是想煮一个鸡蛋，互联网却想教我做人 为什么所有 App 都能借钱给你？网贷如何变得无,36513,https://fuliba2023.net/2026131.html,https://img03.sogoucdn.com/v2/thumb/retype_exclude_gif/ext/auto/q/100/?appid=122&url=tvax4.sinaimg.cn/large/006BNqYCly1ih7v9i5gyrj323u1kwdy6.jpg,福利吧,最新文章,latest,hotlist,2026-09-18,2026-09-21 23:22:19
11,NGA一个精彩刺激的私人经历文,福利吧 · 7 条评论 · 感谢福利吧论坛网友“yyds1111”分享，更多优秀分享请访问福利吧论坛。 这是NGA上一个帖子连载更新的，整理成文本分享。 主要讲KTV里约妹子的事，有荤,35173,https://fuliba2023.net/xiaoc.html,https://img03.sogoucdn.com/v2/thumb/retype_exclude_gif/ext/auto/q/100/?appid=122&url=https://tva1.sinaimg.cn/large/009Zip4ygy1ih6pc9dq8sj30or0gfwgc.jpg,福利吧,最新文章,latest,hotlist,2026-09-17,2026-09-21 23:22:19
12,よふかしのへや：《反正要死了，随你处置》翻拍真人版 逢沢みゆ出演,图解电影 · 20 条评论 · 去年的时候，我们给大家推荐过画师“よふかしのへや”的这部作品 よふかしのへや：《反正要死了，随你处置》 用爱爱拯救厌世少女 时隔一年，这部作品,46839,https://fuliba2023.net/rki-757.html,https://img03.sogoucdn.com/v2/thumb/retype_exclude_gif/ext/auto/q/100/?appid=122&url=tvax3.sinaimg.cn/large/006BNqYCly1ih6bur3oovj316d0r8tuo.jpg,福利吧,最新文章,latest,hotlist,2026-09-17,2026-09-21 23:22:19
13,2026年7月番剧推荐：《我独自盗墓》 更新至第10集,动漫影视 · 1 条评论 · 2024年的时候，我们给大家推荐过一部韩漫改编的异世界动漫作品 2025年这部作品已经出了第二季，异世界番剧里的黑马之作，非常好看 2024年1月番剧推荐,10299,https://fuliba2023.net/tomb-raider-king.html,https://img03.sogoucdn.com/v2/thumb/retype_exclude_gif/ext/auto/q/100/?appid=122&url=tvax3.sinaimg.cn/large/006BNqYCly1ih6v0vd7pmj31gr0u0k15.jpg,福利吧,最新文章,latest,hotlist,2026-09-17,2026-09-21 23:22:19
14,2026年福利汇总第130期 ：百万朵玫瑰,福利汇总 · 11 条评论 · BGM：《百万本のバラ》：点击播放 热门视频： 我们平时点外卖的袋子是如何生产的？ 九年义务教育，正在变成“义务坐牢” 从北京坐火车去新加坡！ 细读,62827,https://fuliba2023.net/2026130.html,https://img03.sogoucdn.com/v2/thumb/retype_exclude_gif/ext/auto/q/100/?appid=122&url=tvax3.sinaimg.cn/large/006BNqYCly1ih5858bs24j323i1hc4qp.jpg,福利吧,最新文章,latest,hotlist,2026-09-16,2026-09-21 23:22:19
15,OnlyHaven：“OnlyFans”和“Patreon”付费资源公共存档站,好孩子kan不见 · 5 条评论 · 之前给大家分享过Coomer和Kemono之类的“OnlyFans”“Fansly”等付费资源存档站 Coomer：OnlyFans付费资源公共存档网站 Thotsbay：OnlyFans资源免付费,38532,https://fuliba2023.net/cum-st.html,https://img03.sogoucdn.com/v2/thumb/retype_exclude_gif/ext/auto/q/100/?appid=122&url=tvax2.sinaimg.cn/large/006BNqYCly1ih3y936dxqj31mi0rnx5b.jpg,福利吧,最新文章,latest,hotlist,2026-09-16,2026-09-21 23:22:19
16,论坛口碑商家：老猫配眼镜，小程序下单全网比价，产品保真价格包满意,购物网赚 · 23 条评论 · 老猫在论坛写了不少科普贴，他新开发了一个微信小程序， 蔡司、柯达、依视路、康耐特十几款镜片，高中低档都有，源头厂家产品保真。 各种材质样式的镜,26146,https://fuliba2023.net/laomao.html,https://img03.sogoucdn.com/v2/thumb/retype_exclude_gif/ext/auto/q/100/?appid=122&url=https://tva1.sinaimg.cn/large/006WeipRgy1igi5wkym3jj30me0gudhj.jpg,福利吧,最新文章,latest,hotlist,2026-09-15,2026-09-21 23:22:19
17,吐槽：又上麦片哥的当了，“蓝芽水月”飞机场秒变大师球 真相究竟是什么？,好孩子kan不见 · 14 条评论 · 之前我们曾经发帖讲过AI技术被麦片哥滥用，一部影片的找出处难度加大 吐槽：论现在麦片的已经恶心到什么地步了 AI技术滥用的后果！ 但是最近网友发帖,40567,https://fuliba2023.net/dvmm-263.html,https://img03.sogoucdn.com/v2/thumb/retype_exclude_gif/ext/auto/q/100/?appid=122&url=tvax2.sinaimg.cn/large/006BNqYCly1ih3z6jnkq1j31cn0r21kx.jpg,福利吧,最新文章,latest,hotlist,2026-09-15,2026-09-21 23:22:19
18,魔兽争霸3时隔23年更新资料片+剧情战役,福利吧 · 7 条评论 · 时隔二十三年，魔兽争霸3在2026年暴雪嘉年华开幕式上正式推出全新单人战役“被遗忘的王国”。 这是继2003年冰封王座资料片之后，该系列首次由官方推出,18088,https://fuliba2023.net/war3.html,https://img03.sogoucdn.com/v2/thumb/retype_exclude_gif/ext/auto/q/100/?appid=122&url=https://tva1.sinaimg.cn/large/009Zip4ygy1ih3luw6bgsj31ac0puwkp.jpg,福利吧,最新文章,latest,hotlist,2026-09-15,2026-09-21 23:22:19
19,摩的司机徐师傅：B站付费充电专属视频上新 从赌鬼到百万UP主，从上山躲债到日入数万,BILIBILI · 31 条评论 · 网盘下载：夸克网盘/百度网盘/迅雷网盘/ 从赌鬼到百万UP主，从上山躲债到日入数万，B站抽象健身博主“街健呆木头”的前半生 ——- 喜欢看各,121650,https://fuliba2023.net/mdsjxsf.html,https://img03.sogoucdn.com/v2/thumb/retype_exclude_gif/ext/auto/q/100/?appid=122&url=tvax4.sinaimg.cn/large/006BNqYCly1ih3xkthacej31j90v2e81.jpg,福利吧,最新文章,latest,hotlist,2026-09-14,2026-09-21 23:22:19
20,2026年福利汇总第129期 ：盒子里的猫,福利汇总 · 11 条评论 · BGM：《弥勒世果報 – undercooled》：点击播放 热门视频： 如何制造海苔 盘点【黄埔军校】各期学员含金量! 办公室没窗、走廊带坡？医院这些R,82010,https://fuliba2023.net/2026129.html,https://img03.sogoucdn.com/v2/thumb/retype_exclude_gif/ext/auto/q/100/?appid=122&url=tvax2.sinaimg.cn/large/006BNqYCly1ih2vimo6kvj323u1kw1kx.jpg,福利吧,最新文章,latest,hotlist,2026-09-14,2026-09-21 23:22:19
