index,title,desc,hot,url,image,source,type,ranking_id,surface,published_at,datetime
1,ましゅまろ団：《交友软件上认识的辣妹居然是个土味女》 谁是谁的菜？,漫画推荐 · 4 条评论 · 今天给大家推荐的是画师“ましゅまろ団”的一个短篇作品 作品总计51P，故事是常见的约会见面套路，感觉有同类的真人版 没有的话，这剧情也很适合改编,7302,https://fuliba2023.net/tuweimeidechuntian.html,https://img03.sogoucdn.com/v2/thumb/retype_exclude_gif/ext/auto/q/100/?appid=122&url=tvax1.sinaimg.cn/large/006BNqYCly1ihdoy8qgy6j31320tnamf.jpg,福利吧,最新文章,latest,hotlist,2026-09-23,2026-09-24 00:26:15
2,蔡文娜：军阀姨太太的真实生活是什么样的？ 附《一个过渡时代的家庭》论文,福利吧 · 3 条评论 · 之前在抖音刷到一个视频，讲述了一个军阀太太“蔡文娜”考入大学 写了一篇记录自己婚姻生活的社会学论文，论文是客观的，故事是悲剧的 “蔡文娜”没有,20516,https://fuliba2023.net/gdsddjt.html,https://img03.sogoucdn.com/v2/thumb/retype_exclude_gif/ext/auto/q/100/?appid=122&url=tvax4.sinaimg.cn/large/006BNqYCly1ihb460bhx3j30af0ehwgd.jpg,福利吧,最新文章,latest,hotlist,2026-09-23,2026-09-24 00:26:15
3,淘宝京东优惠商品汇总，9月23日9点更新 购物领券fuliba99.net,购物网赚 · 314 条评论 · 购物搜券：福利久久 — 精选好货，实时更新 商品更新较快，请加购物群获得第一手消息。微信扫码加好友，回复“京东群”或者“淘宝群”自动拉你。 广西,452834,https://fuliba2023.net/99.html,https://img03.sogoucdn.com/v2/thumb/retype_exclude_gif/ext/auto/q/100/?appid=122&url=https://tva1.sinaimg.cn/large/009Zip4ygy1ihc69130ayj309q09qdg9.jpg,福利吧,最新文章,latest,hotlist,2026-09-23,2026-09-24 00:26:15
4,【福利】5.9元买二锅头送京东标准洗车&蚂蚁阿福智能体脂秤到手4.9元,购物网赚 · 18 条评论 · 京东下单二锅头，送京东工作日标准洗车一次。 商品价7.9元包邮，加购物车，会送一个2-2元的优惠券（或购物车内右侧砸蛋）， 实付5.9，主要是薅洗车福,20536,https://fuliba2023.net/wolai.html,https://img03.sogoucdn.com/v2/thumb/retype_exclude_gif/ext/auto/q/100/?appid=122&url=https://tva1.sinaimg.cn/large/009Zip4ygy1ihcfu9nketj309q09qaas.jpg,福利吧,最新文章,latest,hotlist,2026-09-22,2026-09-24 00:26:15
5,2026年福利汇总第133期 ：蜜桃甜妹,福利汇总 · 13 条评论 · BGM：《黄河谣》：点击播放 热门视频： 太牛逼了，崔健在2026湾区升明月演唱《时间的b面》把全场看傻眼 解读《末代皇帝》配乐：音乐到底是如何表达一,50778,https://fuliba2023.net/2026133.html,https://img03.sogoucdn.com/v2/thumb/retype_exclude_gif/ext/auto/q/100/?appid=122&url=tvax3.sinaimg.cn/large/006BNqYCly1ihc8qea2jbj33h04moe83.jpg,福利吧,最新文章,latest,hotlist,2026-09-22,2026-09-24 00:26:15
6,河北彩花：空姐主题新作片头居然是用AI生成 老乡越来越不走心？,业界速报 · 10 条评论 · 最近河北老乡又上热搜了，这次成为话题主要有俩原因 第一就是最近发布的一部空姐主题作品 开幕的一段居然全部都是AI生成的，不少网友吐槽老乡越来越敷,19500,https://fuliba2023.net/snos-377.html,https://img03.sogoucdn.com/v2/thumb/retype_exclude_gif/ext/auto/q/100/?appid=122&url=tvax4.sinaimg.cn/large/006BNqYCly1ihb5ip7rm6g30m80ciqv5.gif,福利吧,最新文章,latest,hotlist,2026-09-22,2026-09-24 00:26:15
7,2026年9月趣站分享：听记/App比价/图标制作/装机软件 中国天气地图,趣站分享 · 7 条评论 · 趣味网站分享系列：https://fuliba2025.net/quwei 没有采取单发文章推荐的内容，大部分来自福利吧论坛或网友邮件投稿。 如果你也有不错的内容,16806,https://fuliba2023.net/website202609.html,https://img03.sogoucdn.com/v2/thumb/retype_exclude_gif/ext/auto/q/100/?appid=122&url=tvax1.sinaimg.cn/large/006BNqYCly1ift9t7n41kj315y0v1gwr.jpg,福利吧,最新文章,latest,hotlist,2026-09-21,2026-09-24 00:26:15
8,Netflix韩国剧集：《挑情丑闻》全8集 情爱画面很唯美,影视推荐 · 11 条评论 · Netflix最近上线的一部桃色剧集 原作品是法国18世纪小说家拉克洛用书信形式所写成的小说《危险关系》 剧版改编自由李在容执导、2003年上映的同名电影,33843,https://fuliba2023.net/scandals.html,https://img03.sogoucdn.com/v2/thumb/retype_exclude_gif/ext/auto/q/100/?appid=122&url=tvax1.sinaimg.cn/large/006BNqYCly1iha0neyeu0j31x90z5e82.jpg,福利吧,最新文章,latest,hotlist,2026-09-21,2026-09-24 00:26:15
9,“倉木華”遗作《我在深夜便利店做收银被微醺大姐姐攻略》上线 可惜再也看不到妹子新作了,图解电影 · 6 条评论 · 前几天我们曾经发帖说过，又一位日本女演员因为牛郎问题选择了自杀离开这个世界 噩耗：日本女优“倉木華”在住所自杀身亡 死亡原因引网络热议 翻看她,42702,https://fuliba2023.net/snos-397.html,https://img03.sogoucdn.com/v2/thumb/retype_exclude_gif/ext/auto/q/100/?appid=122&url=tvax4.sinaimg.cn/large/006BNqYCly1ih9wo1lt79j31cl0r81kx.jpg,福利吧,最新文章,latest,hotlist,2026-09-20,2026-09-24 00:26:15
10,2026年福利汇总第132期 ：失语梦,福利汇总 · 10 条评论 · BGM：《失语梦》：点击播放 热门视频： 有网友到青海西宁旅游，打车途中，司机师傅一路介绍青海，讲得头头是道 铭文中的谜之天子，逨盘，195件国宝第1,41326,https://fuliba2023.net/2026132.html,https://img03.sogoucdn.com/v2/thumb/retype_exclude_gif/ext/auto/q/100/?appid=122&url=tvax1.sinaimg.cn/large/006BNqYCly1ih9uxu4308j335s23ub14.jpg,福利吧,最新文章,latest,hotlist,2026-09-20,2026-09-24 00:26:15
11,二二酸酸：《青春课本系列》 带你重新认识那些熟悉的语文课文,BILIBILI · 10 条评论 · 今天给大家推荐一个B站的UP主“二二酸酸” 她制作的有一个系列节目叫《青春课本系列》 讲解的都是我们上学时候学习的语文课本里那些文章之外的故事 有,18840,https://fuliba2023.net/erersuansuan.html,https://img03.sogoucdn.com/v2/thumb/retype_exclude_gif/ext/auto/q/100/?appid=122&url=tvax1.sinaimg.cn/large/006BNqYCly1ih8oakntacj313t0ov137.jpg,福利吧,最新文章,latest,hotlist,2026-09-19,2026-09-24 00:26:15
12,“Gattouz0”新作，居然又是亚洲妹 三人同行有点猛,好孩子kan不见 · 14 条评论 · 前几天我们发帖说过“Gattouz0”发布的新作是一个亚洲女孩 虽然他描述是中国人，但是从更新动态等种种迹象来看，更像是一个越南妹 “Gattouz0”再约亚,36337,https://fuliba2023.net/new-gattouz0-bunny-umi-bunny-una-double.html,https://img03.sogoucdn.com/v2/thumb/retype_exclude_gif/ext/auto/q/100/?appid=122&url=tvax4.sinaimg.cn/large/006BNqYCly1ih7we2b494j31ct0rie7s.jpg,福利吧,最新文章,latest,hotlist,2026-09-19,2026-09-24 00:26:15
13,犬上いの字：《收到陌生女性隔空投送发来私密照片的经历》 苹果用户专享,漫画推荐 · 6 条评论 · 今天给大家推荐的是日本画师“犬上いの字”的作品 这部漫画创意挺好，故事内容有轻微SM向，不过是大姐姐纯爱作品 作品共计三话，85P左右，下面是剧情,22870,https://fuliba2023.net/the-story-of-how-i-received-a-racy-selfie-via-image-sharing-from-a-woman-i-didnt-know.html,https://img03.sogoucdn.com/v2/thumb/retype_exclude_gif/ext/auto/q/100/?appid=122&url=tvax1.sinaimg.cn/large/006BNqYCly1ih7wv859lrj31id0w5tm8.jpg,福利吧,最新文章,latest,hotlist,2026-09-18,2026-09-24 00:26:15
14,2026年福利汇总第131期 ：神秘礼物,福利汇总 · 10 条评论 · BGM：《神秘礼物》：点击播放 热门视频： 【邓肯】“梅姨”案 我只是想煮一个鸡蛋，互联网却想教我做人 为什么所有 App 都能借钱给你？网贷如何变得无,39555,https://fuliba2023.net/2026131.html,https://img03.sogoucdn.com/v2/thumb/retype_exclude_gif/ext/auto/q/100/?appid=122&url=tvax4.sinaimg.cn/large/006BNqYCly1ih7v9i5gyrj323u1kwdy6.jpg,福利吧,最新文章,latest,hotlist,2026-09-18,2026-09-24 00:26:15
15,NGA一个精彩刺激的私人经历文,福利吧 · 7 条评论 · 感谢福利吧论坛网友“yyds1111”分享，更多优秀分享请访问福利吧论坛。 这是NGA上一个帖子连载更新的，整理成文本分享。 主要讲KTV里约妹子的事，有荤,37504,https://fuliba2023.net/xiaoc.html,https://img03.sogoucdn.com/v2/thumb/retype_exclude_gif/ext/auto/q/100/?appid=122&url=https://tva1.sinaimg.cn/large/009Zip4ygy1ih6pc9dq8sj30or0gfwgc.jpg,福利吧,最新文章,latest,hotlist,2026-09-17,2026-09-24 00:26:15
16,よふかしのへや：《反正要死了，随你处置》翻拍真人版 逢沢みゆ出演,图解电影 · 21 条评论 · 去年的时候，我们给大家推荐过画师“よふかしのへや”的这部作品 よふかしのへや：《反正要死了，随你处置》 用爱爱拯救厌世少女 时隔一年，这部作品,49616,https://fuliba2023.net/rki-757.html,https://img03.sogoucdn.com/v2/thumb/retype_exclude_gif/ext/auto/q/100/?appid=122&url=tvax3.sinaimg.cn/large/006BNqYCly1ih6bur3oovj316d0r8tuo.jpg,福利吧,最新文章,latest,hotlist,2026-09-17,2026-09-24 00:26:15
17,2026年7月番剧推荐：《我独自盗墓》 更新至第10集,动漫影视 · 1 条评论 · 2024年的时候，我们给大家推荐过一部韩漫改编的异世界动漫作品 2025年这部作品已经出了第二季，异世界番剧里的黑马之作，非常好看 2024年1月番剧推荐,11260,https://fuliba2023.net/tomb-raider-king.html,https://img03.sogoucdn.com/v2/thumb/retype_exclude_gif/ext/auto/q/100/?appid=122&url=tvax3.sinaimg.cn/large/006BNqYCly1ih6v0vd7pmj31gr0u0k15.jpg,福利吧,最新文章,latest,hotlist,2026-09-17,2026-09-24 00:26:15
18,2026年福利汇总第130期 ：百万朵玫瑰,福利汇总 · 11 条评论 · BGM：《百万本のバラ》：点击播放 热门视频： 我们平时点外卖的袋子是如何生产的？ 九年义务教育，正在变成“义务坐牢” 从北京坐火车去新加坡！ 细读,64999,https://fuliba2023.net/2026130.html,https://img03.sogoucdn.com/v2/thumb/retype_exclude_gif/ext/auto/q/100/?appid=122&url=tvax3.sinaimg.cn/large/006BNqYCly1ih5858bs24j323i1hc4qp.jpg,福利吧,最新文章,latest,hotlist,2026-09-16,2026-09-24 00:26:15
19,OnlyHaven：“OnlyFans”和“Patreon”付费资源公共存档站,好孩子kan不见 · 5 条评论 · 之前给大家分享过Coomer和Kemono之类的“OnlyFans”“Fansly”等付费资源存档站 Coomer：OnlyFans付费资源公共存档网站 Thotsbay：OnlyFans资源免付费,40725,https://fuliba2023.net/cum-st.html,https://img03.sogoucdn.com/v2/thumb/retype_exclude_gif/ext/auto/q/100/?appid=122&url=tvax2.sinaimg.cn/large/006BNqYCly1ih3y936dxqj31mi0rnx5b.jpg,福利吧,最新文章,latest,hotlist,2026-09-16,2026-09-24 00:26:15
20,论坛口碑商家：老猫配眼镜，小程序下单全网比价，产品保真价格包满意,购物网赚 · 23 条评论 · 老猫在论坛写了不少科普贴，他新开发了一个微信小程序， 蔡司、柯达、依视路、康耐特十几款镜片，高中低档都有，源头厂家产品保真。 各种材质样式的镜,27163,https://fuliba2023.net/laomao.html,https://img03.sogoucdn.com/v2/thumb/retype_exclude_gif/ext/auto/q/100/?appid=122&url=https://tva1.sinaimg.cn/large/006WeipRgy1igi5wkym3jj30me0gudhj.jpg,福利吧,最新文章,latest,hotlist,2026-09-15,2026-09-24 00:26:15
1,ましゅまろ団：《交友软件上认识的辣妹居然是个土味女》 谁是谁的菜？,漫画推荐 · 4 条评论 · 今天给大家推荐的是画师“ましゅまろ団”的一个短篇作品 作品总计51P，故事是常见的约会见面套路，感觉有同类的真人版 没有的话，这剧情也很适合改编,7612,https://fuliba2023.net/tuweimeidechuntian.html,https://img03.sogoucdn.com/v2/thumb/retype_exclude_gif/ext/auto/q/100/?appid=122&url=tvax1.sinaimg.cn/large/006BNqYCly1ihdoy8qgy6j31320tnamf.jpg,福利吧,最新文章,latest,hotlist,2026-09-23,2026-09-24 01:21:18
2,蔡文娜：军阀姨太太的真实生活是什么样的？ 附《一个过渡时代的家庭》论文,福利吧 · 3 条评论 · 之前在抖音刷到一个视频，讲述了一个军阀太太“蔡文娜”考入大学 写了一篇记录自己婚姻生活的社会学论文，论文是客观的，故事是悲剧的 “蔡文娜”没有,20742,https://fuliba2023.net/gdsddjt.html,https://img03.sogoucdn.com/v2/thumb/retype_exclude_gif/ext/auto/q/100/?appid=122&url=tvax4.sinaimg.cn/large/006BNqYCly1ihb460bhx3j30af0ehwgd.jpg,福利吧,最新文章,latest,hotlist,2026-09-23,2026-09-24 01:21:18
3,淘宝京东优惠商品汇总，9月23日9点更新 购物领券fuliba99.net,购物网赚 · 314 条评论 · 购物搜券：福利久久 — 精选好货，实时更新 商品更新较快，请加购物群获得第一手消息。微信扫码加好友，回复“京东群”或者“淘宝群”自动拉你。 广西,452890,https://fuliba2023.net/99.html,https://img03.sogoucdn.com/v2/thumb/retype_exclude_gif/ext/auto/q/100/?appid=122&url=https://tva1.sinaimg.cn/large/009Zip4ygy1ihc69130ayj309q09qdg9.jpg,福利吧,最新文章,latest,hotlist,2026-09-23,2026-09-24 01:21:18
4,【福利】5.9元买二锅头送京东标准洗车&蚂蚁阿福智能体脂秤到手4.9元,购物网赚 · 18 条评论 · 京东下单二锅头，送京东工作日标准洗车一次。 商品价7.9元包邮，加购物车，会送一个2-2元的优惠券（或购物车内右侧砸蛋）， 实付5.9，主要是薅洗车福,20568,https://fuliba2023.net/wolai.html,https://img03.sogoucdn.com/v2/thumb/retype_exclude_gif/ext/auto/q/100/?appid=122&url=https://tva1.sinaimg.cn/large/009Zip4ygy1ihcfu9nketj309q09qaas.jpg,福利吧,最新文章,latest,hotlist,2026-09-22,2026-09-24 01:21:18
5,2026年福利汇总第133期 ：蜜桃甜妹,福利汇总 · 13 条评论 · BGM：《黄河谣》：点击播放 热门视频： 太牛逼了，崔健在2026湾区升明月演唱《时间的b面》把全场看傻眼 解读《末代皇帝》配乐：音乐到底是如何表达一,51131,https://fuliba2023.net/2026133.html,https://img03.sogoucdn.com/v2/thumb/retype_exclude_gif/ext/auto/q/100/?appid=122&url=tvax3.sinaimg.cn/large/006BNqYCly1ihc8qea2jbj33h04moe83.jpg,福利吧,最新文章,latest,hotlist,2026-09-22,2026-09-24 01:21:18
6,河北彩花：空姐主题新作片头居然是用AI生成 老乡越来越不走心？,业界速报 · 10 条评论 · 最近河北老乡又上热搜了，这次成为话题主要有俩原因 第一就是最近发布的一部空姐主题作品 开幕的一段居然全部都是AI生成的，不少网友吐槽老乡越来越敷,19603,https://fuliba2023.net/snos-377.html,https://img03.sogoucdn.com/v2/thumb/retype_exclude_gif/ext/auto/q/100/?appid=122&url=tvax4.sinaimg.cn/large/006BNqYCly1ihb5ip7rm6g30m80ciqv5.gif,福利吧,最新文章,latest,hotlist,2026-09-22,2026-09-24 01:21:18
7,2026年9月趣站分享：听记/App比价/图标制作/装机软件 中国天气地图,趣站分享 · 7 条评论 · 趣味网站分享系列：https://fuliba2025.net/quwei 没有采取单发文章推荐的内容，大部分来自福利吧论坛或网友邮件投稿。 如果你也有不错的内容,16849,https://fuliba2023.net/website202609.html,https://img03.sogoucdn.com/v2/thumb/retype_exclude_gif/ext/auto/q/100/?appid=122&url=tvax1.sinaimg.cn/large/006BNqYCly1ift9t7n41kj315y0v1gwr.jpg,福利吧,最新文章,latest,hotlist,2026-09-21,2026-09-24 01:21:18
8,Netflix韩国剧集：《挑情丑闻》全8集 情爱画面很唯美,影视推荐 · 11 条评论 · Netflix最近上线的一部桃色剧集 原作品是法国18世纪小说家拉克洛用书信形式所写成的小说《危险关系》 剧版改编自由李在容执导、2003年上映的同名电影,33978,https://fuliba2023.net/scandals.html,https://img03.sogoucdn.com/v2/thumb/retype_exclude_gif/ext/auto/q/100/?appid=122&url=tvax1.sinaimg.cn/large/006BNqYCly1iha0neyeu0j31x90z5e82.jpg,福利吧,最新文章,latest,hotlist,2026-09-21,2026-09-24 01:21:18
9,“倉木華”遗作《我在深夜便利店做收银被微醺大姐姐攻略》上线 可惜再也看不到妹子新作了,图解电影 · 6 条评论 · 前几天我们曾经发帖说过，又一位日本女演员因为牛郎问题选择了自杀离开这个世界 噩耗：日本女优“倉木華”在住所自杀身亡 死亡原因引网络热议 翻看她,42804,https://fuliba2023.net/snos-397.html,https://img03.sogoucdn.com/v2/thumb/retype_exclude_gif/ext/auto/q/100/?appid=122&url=tvax4.sinaimg.cn/large/006BNqYCly1ih9wo1lt79j31cl0r81kx.jpg,福利吧,最新文章,latest,hotlist,2026-09-20,2026-09-24 01:21:18
10,2026年福利汇总第132期 ：失语梦,福利汇总 · 10 条评论 · BGM：《失语梦》：点击播放 热门视频： 有网友到青海西宁旅游，打车途中，司机师傅一路介绍青海，讲得头头是道 铭文中的谜之天子，逨盘，195件国宝第1,41400,https://fuliba2023.net/2026132.html,https://img03.sogoucdn.com/v2/thumb/retype_exclude_gif/ext/auto/q/100/?appid=122&url=tvax1.sinaimg.cn/large/006BNqYCly1ih9uxu4308j335s23ub14.jpg,福利吧,最新文章,latest,hotlist,2026-09-20,2026-09-24 01:21:18
11,二二酸酸：《青春课本系列》 带你重新认识那些熟悉的语文课文,BILIBILI · 10 条评论 · 今天给大家推荐一个B站的UP主“二二酸酸” 她制作的有一个系列节目叫《青春课本系列》 讲解的都是我们上学时候学习的语文课本里那些文章之外的故事 有,18870,https://fuliba2023.net/erersuansuan.html,https://img03.sogoucdn.com/v2/thumb/retype_exclude_gif/ext/auto/q/100/?appid=122&url=tvax1.sinaimg.cn/large/006BNqYCly1ih8oakntacj313t0ov137.jpg,福利吧,最新文章,latest,hotlist,2026-09-19,2026-09-24 01:21:18
12,“Gattouz0”新作，居然又是亚洲妹 三人同行有点猛,好孩子kan不见 · 14 条评论 · 前几天我们发帖说过“Gattouz0”发布的新作是一个亚洲女孩 虽然他描述是中国人，但是从更新动态等种种迹象来看，更像是一个越南妹 “Gattouz0”再约亚,36449,https://fuliba2023.net/new-gattouz0-bunny-umi-bunny-una-double.html,https://img03.sogoucdn.com/v2/thumb/retype_exclude_gif/ext/auto/q/100/?appid=122&url=tvax4.sinaimg.cn/large/006BNqYCly1ih7we2b494j31ct0rie7s.jpg,福利吧,最新文章,latest,hotlist,2026-09-19,2026-09-24 01:21:18
13,犬上いの字：《收到陌生女性隔空投送发来私密照片的经历》 苹果用户专享,漫画推荐 · 6 条评论 · 今天给大家推荐的是日本画师“犬上いの字”的作品 这部漫画创意挺好，故事内容有轻微SM向，不过是大姐姐纯爱作品 作品共计三话，85P左右，下面是剧情,22904,https://fuliba2023.net/the-story-of-how-i-received-a-racy-selfie-via-image-sharing-from-a-woman-i-didnt-know.html,https://img03.sogoucdn.com/v2/thumb/retype_exclude_gif/ext/auto/q/100/?appid=122&url=tvax1.sinaimg.cn/large/006BNqYCly1ih7wv859lrj31id0w5tm8.jpg,福利吧,最新文章,latest,hotlist,2026-09-18,2026-09-24 01:21:18
14,2026年福利汇总第131期 ：神秘礼物,福利汇总 · 10 条评论 · BGM：《神秘礼物》：点击播放 热门视频： 【邓肯】“梅姨”案 我只是想煮一个鸡蛋，互联网却想教我做人 为什么所有 App 都能借钱给你？网贷如何变得无,39591,https://fuliba2023.net/2026131.html,https://img03.sogoucdn.com/v2/thumb/retype_exclude_gif/ext/auto/q/100/?appid=122&url=tvax4.sinaimg.cn/large/006BNqYCly1ih7v9i5gyrj323u1kwdy6.jpg,福利吧,最新文章,latest,hotlist,2026-09-18,2026-09-24 01:21:18
15,NGA一个精彩刺激的私人经历文,福利吧 · 7 条评论 · 感谢福利吧论坛网友“yyds1111”分享，更多优秀分享请访问福利吧论坛。 这是NGA上一个帖子连载更新的，整理成文本分享。 主要讲KTV里约妹子的事，有荤,37539,https://fuliba2023.net/xiaoc.html,https://img03.sogoucdn.com/v2/thumb/retype_exclude_gif/ext/auto/q/100/?appid=122&url=https://tva1.sinaimg.cn/large/009Zip4ygy1ih6pc9dq8sj30or0gfwgc.jpg,福利吧,最新文章,latest,hotlist,2026-09-17,2026-09-24 01:21:18
16,よふかしのへや：《反正要死了，随你处置》翻拍真人版 逢沢みゆ出演,图解电影 · 21 条评论 · 去年的时候，我们给大家推荐过画师“よふかしのへや”的这部作品 よふかしのへや：《反正要死了，随你处置》 用爱爱拯救厌世少女 时隔一年，这部作品,49668,https://fuliba2023.net/rki-757.html,https://img03.sogoucdn.com/v2/thumb/retype_exclude_gif/ext/auto/q/100/?appid=122&url=tvax3.sinaimg.cn/large/006BNqYCly1ih6bur3oovj316d0r8tuo.jpg,福利吧,最新文章,latest,hotlist,2026-09-17,2026-09-24 01:21:18
17,2026年7月番剧推荐：《我独自盗墓》 更新至第10集,动漫影视 · 1 条评论 · 2024年的时候，我们给大家推荐过一部韩漫改编的异世界动漫作品 2025年这部作品已经出了第二季，异世界番剧里的黑马之作，非常好看 2024年1月番剧推荐,11275,https://fuliba2023.net/tomb-raider-king.html,https://img03.sogoucdn.com/v2/thumb/retype_exclude_gif/ext/auto/q/100/?appid=122&url=tvax3.sinaimg.cn/large/006BNqYCly1ih6v0vd7pmj31gr0u0k15.jpg,福利吧,最新文章,latest,hotlist,2026-09-17,2026-09-24 01:21:18
18,2026年福利汇总第130期 ：百万朵玫瑰,福利汇总 · 11 条评论 · BGM：《百万本のバラ》：点击播放 热门视频： 我们平时点外卖的袋子是如何生产的？ 九年义务教育，正在变成“义务坐牢” 从北京坐火车去新加坡！ 细读,65044,https://fuliba2023.net/2026130.html,https://img03.sogoucdn.com/v2/thumb/retype_exclude_gif/ext/auto/q/100/?appid=122&url=tvax3.sinaimg.cn/large/006BNqYCly1ih5858bs24j323i1hc4qp.jpg,福利吧,最新文章,latest,hotlist,2026-09-16,2026-09-24 01:21:18
19,OnlyHaven：“OnlyFans”和“Patreon”付费资源公共存档站,好孩子kan不见 · 5 条评论 · 之前给大家分享过Coomer和Kemono之类的“OnlyFans”“Fansly”等付费资源存档站 Coomer：OnlyFans付费资源公共存档网站 Thotsbay：OnlyFans资源免付费,40757,https://fuliba2023.net/cum-st.html,https://img03.sogoucdn.com/v2/thumb/retype_exclude_gif/ext/auto/q/100/?appid=122&url=tvax2.sinaimg.cn/large/006BNqYCly1ih3y936dxqj31mi0rnx5b.jpg,福利吧,最新文章,latest,hotlist,2026-09-16,2026-09-24 01:21:18
20,论坛口碑商家：老猫配眼镜，小程序下单全网比价，产品保真价格包满意,购物网赚 · 23 条评论 · 老猫在论坛写了不少科普贴，他新开发了一个微信小程序， 蔡司、柯达、依视路、康耐特十几款镜片，高中低档都有，源头厂家产品保真。 各种材质样式的镜,27178,https://fuliba2023.net/laomao.html,https://img03.sogoucdn.com/v2/thumb/retype_exclude_gif/ext/auto/q/100/?appid=122&url=https://tva1.sinaimg.cn/large/006WeipRgy1igi5wkym3jj30me0gudhj.jpg,福利吧,最新文章,latest,hotlist,2026-09-15,2026-09-24 01:21:18
1,ましゅまろ団：《交友软件上认识的辣妹居然是个土味女》 谁是谁的菜？,漫画推荐 · 4 条评论 · 今天给大家推荐的是画师“ましゅまろ団”的一个短篇作品 作品总计51P，故事是常见的约会见面套路，感觉有同类的真人版 没有的话，这剧情也很适合改编,7842,https://fuliba2023.net/tuweimeidechuntian.html,https://img03.sogoucdn.com/v2/thumb/retype_exclude_gif/ext/auto/q/100/?appid=122&url=tvax1.sinaimg.cn/large/006BNqYCly1ihdoy8qgy6j31320tnamf.jpg,福利吧,最新文章,latest,hotlist,2026-09-23,2026-09-24 02:28:05
2,蔡文娜：军阀姨太太的真实生活是什么样的？ 附《一个过渡时代的家庭》论文,福利吧 · 3 条评论 · 之前在抖音刷到一个视频，讲述了一个军阀太太“蔡文娜”考入大学 写了一篇记录自己婚姻生活的社会学论文，论文是客观的，故事是悲剧的 “蔡文娜”没有,20910,https://fuliba2023.net/gdsddjt.html,https://img03.sogoucdn.com/v2/thumb/retype_exclude_gif/ext/auto/q/100/?appid=122&url=tvax4.sinaimg.cn/large/006BNqYCly1ihb460bhx3j30af0ehwgd.jpg,福利吧,最新文章,latest,hotlist,2026-09-23,2026-09-24 02:28:05
3,淘宝京东优惠商品汇总，9月23日9点更新 购物领券fuliba99.net,购物网赚 · 314 条评论 · 购物搜券：福利久久 — 精选好货，实时更新 商品更新较快，请加购物群获得第一手消息。微信扫码加好友，回复“京东群”或者“淘宝群”自动拉你。 广西,452923,https://fuliba2023.net/99.html,https://img03.sogoucdn.com/v2/thumb/retype_exclude_gif/ext/auto/q/100/?appid=122&url=https://tva1.sinaimg.cn/large/009Zip4ygy1ihc69130ayj309q09qdg9.jpg,福利吧,最新文章,latest,hotlist,2026-09-23,2026-09-24 02:28:05
4,【福利】5.9元买二锅头送京东标准洗车&蚂蚁阿福智能体脂秤到手4.9元,购物网赚 · 18 条评论 · 京东下单二锅头，送京东工作日标准洗车一次。 商品价7.9元包邮，加购物车，会送一个2-2元的优惠券（或购物车内右侧砸蛋）， 实付5.9，主要是薅洗车福,20598,https://fuliba2023.net/wolai.html,https://img03.sogoucdn.com/v2/thumb/retype_exclude_gif/ext/auto/q/100/?appid=122&url=https://tva1.sinaimg.cn/large/009Zip4ygy1ihcfu9nketj309q09qaas.jpg,福利吧,最新文章,latest,hotlist,2026-09-22,2026-09-24 02:28:05
5,2026年福利汇总第133期 ：蜜桃甜妹,福利汇总 · 13 条评论 · BGM：《黄河谣》：点击播放 热门视频： 太牛逼了，崔健在2026湾区升明月演唱《时间的b面》把全场看傻眼 解读《末代皇帝》配乐：音乐到底是如何表达一,51358,https://fuliba2023.net/2026133.html,https://img03.sogoucdn.com/v2/thumb/retype_exclude_gif/ext/auto/q/100/?appid=122&url=tvax3.sinaimg.cn/large/006BNqYCly1ihc8qea2jbj33h04moe83.jpg,福利吧,最新文章,latest,hotlist,2026-09-22,2026-09-24 02:28:05
6,河北彩花：空姐主题新作片头居然是用AI生成 老乡越来越不走心？,业界速报 · 10 条评论 · 最近河北老乡又上热搜了，这次成为话题主要有俩原因 第一就是最近发布的一部空姐主题作品 开幕的一段居然全部都是AI生成的，不少网友吐槽老乡越来越敷,19683,https://fuliba2023.net/snos-377.html,https://img03.sogoucdn.com/v2/thumb/retype_exclude_gif/ext/auto/q/100/?appid=122&url=tvax4.sinaimg.cn/large/006BNqYCly1ihb5ip7rm6g30m80ciqv5.gif,福利吧,最新文章,latest,hotlist,2026-09-22,2026-09-24 02:28:05
7,2026年9月趣站分享：听记/App比价/图标制作/装机软件 中国天气地图,趣站分享 · 7 条评论 · 趣味网站分享系列：https://fuliba2025.net/quwei 没有采取单发文章推荐的内容，大部分来自福利吧论坛或网友邮件投稿。 如果你也有不错的内容,16885,https://fuliba2023.net/website202609.html,https://img03.sogoucdn.com/v2/thumb/retype_exclude_gif/ext/auto/q/100/?appid=122&url=tvax1.sinaimg.cn/large/006BNqYCly1ift9t7n41kj315y0v1gwr.jpg,福利吧,最新文章,latest,hotlist,2026-09-21,2026-09-24 02:28:05
8,Netflix韩国剧集：《挑情丑闻》全8集 情爱画面很唯美,影视推荐 · 11 条评论 · Netflix最近上线的一部桃色剧集 原作品是法国18世纪小说家拉克洛用书信形式所写成的小说《危险关系》 剧版改编自由李在容执导、2003年上映的同名电影,34058,https://fuliba2023.net/scandals.html,https://img03.sogoucdn.com/v2/thumb/retype_exclude_gif/ext/auto/q/100/?appid=122&url=tvax1.sinaimg.cn/large/006BNqYCly1iha0neyeu0j31x90z5e82.jpg,福利吧,最新文章,latest,hotlist,2026-09-21,2026-09-24 02:28:05
9,“倉木華”遗作《我在深夜便利店做收银被微醺大姐姐攻略》上线 可惜再也看不到妹子新作了,图解电影 · 6 条评论 · 前几天我们曾经发帖说过，又一位日本女演员因为牛郎问题选择了自杀离开这个世界 噩耗：日本女优“倉木華”在住所自杀身亡 死亡原因引网络热议 翻看她,42869,https://fuliba2023.net/snos-397.html,https://img03.sogoucdn.com/v2/thumb/retype_exclude_gif/ext/auto/q/100/?appid=122&url=tvax4.sinaimg.cn/large/006BNqYCly1ih9wo1lt79j31cl0r81kx.jpg,福利吧,最新文章,latest,hotlist,2026-09-20,2026-09-24 02:28:05
10,2026年福利汇总第132期 ：失语梦,福利汇总 · 10 条评论 · BGM：《失语梦》：点击播放 热门视频： 有网友到青海西宁旅游，打车途中，司机师傅一路介绍青海，讲得头头是道 铭文中的谜之天子，逨盘，195件国宝第1,41463,https://fuliba2023.net/2026132.html,https://img03.sogoucdn.com/v2/thumb/retype_exclude_gif/ext/auto/q/100/?appid=122&url=tvax1.sinaimg.cn/large/006BNqYCly1ih9uxu4308j335s23ub14.jpg,福利吧,最新文章,latest,hotlist,2026-09-20,2026-09-24 02:28:05
11,二二酸酸：《青春课本系列》 带你重新认识那些熟悉的语文课文,BILIBILI · 10 条评论 · 今天给大家推荐一个B站的UP主“二二酸酸” 她制作的有一个系列节目叫《青春课本系列》 讲解的都是我们上学时候学习的语文课本里那些文章之外的故事 有,18894,https://fuliba2023.net/erersuansuan.html,https://img03.sogoucdn.com/v2/thumb/retype_exclude_gif/ext/auto/q/100/?appid=122&url=tvax1.sinaimg.cn/large/006BNqYCly1ih8oakntacj313t0ov137.jpg,福利吧,最新文章,latest,hotlist,2026-09-19,2026-09-24 02:28:05
12,“Gattouz0”新作，居然又是亚洲妹 三人同行有点猛,好孩子kan不见 · 14 条评论 · 前几天我们发帖说过“Gattouz0”发布的新作是一个亚洲女孩 虽然他描述是中国人，但是从更新动态等种种迹象来看，更像是一个越南妹 “Gattouz0”再约亚,36554,https://fuliba2023.net/new-gattouz0-bunny-umi-bunny-una-double.html,https://img03.sogoucdn.com/v2/thumb/retype_exclude_gif/ext/auto/q/100/?appid=122&url=tvax4.sinaimg.cn/large/006BNqYCly1ih7we2b494j31ct0rie7s.jpg,福利吧,最新文章,latest,hotlist,2026-09-19,2026-09-24 02:28:05
13,犬上いの字：《收到陌生女性隔空投送发来私密照片的经历》 苹果用户专享,漫画推荐 · 6 条评论 · 今天给大家推荐的是日本画师“犬上いの字”的作品 这部漫画创意挺好，故事内容有轻微SM向，不过是大姐姐纯爱作品 作品共计三话，85P左右，下面是剧情,22934,https://fuliba2023.net/the-story-of-how-i-received-a-racy-selfie-via-image-sharing-from-a-woman-i-didnt-know.html,https://img03.sogoucdn.com/v2/thumb/retype_exclude_gif/ext/auto/q/100/?appid=122&url=tvax1.sinaimg.cn/large/006BNqYCly1ih7wv859lrj31id0w5tm8.jpg,福利吧,最新文章,latest,hotlist,2026-09-18,2026-09-24 02:28:05
14,2026年福利汇总第131期 ：神秘礼物,福利汇总 · 10 条评论 · BGM：《神秘礼物》：点击播放 热门视频： 【邓肯】“梅姨”案 我只是想煮一个鸡蛋，互联网却想教我做人 为什么所有 App 都能借钱给你？网贷如何变得无,39634,https://fuliba2023.net/2026131.html,https://img03.sogoucdn.com/v2/thumb/retype_exclude_gif/ext/auto/q/100/?appid=122&url=tvax4.sinaimg.cn/large/006BNqYCly1ih7v9i5gyrj323u1kwdy6.jpg,福利吧,最新文章,latest,hotlist,2026-09-18,2026-09-24 02:28:05
15,NGA一个精彩刺激的私人经历文,福利吧 · 7 条评论 · 感谢福利吧论坛网友“yyds1111”分享，更多优秀分享请访问福利吧论坛。 这是NGA上一个帖子连载更新的，整理成文本分享。 主要讲KTV里约妹子的事，有荤,37570,https://fuliba2023.net/xiaoc.html,https://img03.sogoucdn.com/v2/thumb/retype_exclude_gif/ext/auto/q/100/?appid=122&url=https://tva1.sinaimg.cn/large/009Zip4ygy1ih6pc9dq8sj30or0gfwgc.jpg,福利吧,最新文章,latest,hotlist,2026-09-17,2026-09-24 02:28:05
16,よふかしのへや：《反正要死了，随你处置》翻拍真人版 逢沢みゆ出演,图解电影 · 21 条评论 · 去年的时候，我们给大家推荐过画师“よふかしのへや”的这部作品 よふかしのへや：《反正要死了，随你处置》 用爱爱拯救厌世少女 时隔一年，这部作品,49733,https://fuliba2023.net/rki-757.html,https://img03.sogoucdn.com/v2/thumb/retype_exclude_gif/ext/auto/q/100/?appid=122&url=tvax3.sinaimg.cn/large/006BNqYCly1ih6bur3oovj316d0r8tuo.jpg,福利吧,最新文章,latest,hotlist,2026-09-17,2026-09-24 02:28:05
17,2026年7月番剧推荐：《我独自盗墓》 更新至第10集,动漫影视 · 1 条评论 · 2024年的时候，我们给大家推荐过一部韩漫改编的异世界动漫作品 2025年这部作品已经出了第二季，异世界番剧里的黑马之作，非常好看 2024年1月番剧推荐,11292,https://fuliba2023.net/tomb-raider-king.html,https://img03.sogoucdn.com/v2/thumb/retype_exclude_gif/ext/auto/q/100/?appid=122&url=tvax3.sinaimg.cn/large/006BNqYCly1ih6v0vd7pmj31gr0u0k15.jpg,福利吧,最新文章,latest,hotlist,2026-09-17,2026-09-24 02:28:05
18,2026年福利汇总第130期 ：百万朵玫瑰,福利汇总 · 11 条评论 · BGM：《百万本のバラ》：点击播放 热门视频： 我们平时点外卖的袋子是如何生产的？ 九年义务教育，正在变成“义务坐牢” 从北京坐火车去新加坡！ 细读,65071,https://fuliba2023.net/2026130.html,https://img03.sogoucdn.com/v2/thumb/retype_exclude_gif/ext/auto/q/100/?appid=122&url=tvax3.sinaimg.cn/large/006BNqYCly1ih5858bs24j323i1hc4qp.jpg,福利吧,最新文章,latest,hotlist,2026-09-16,2026-09-24 02:28:05
19,OnlyHaven：“OnlyFans”和“Patreon”付费资源公共存档站,好孩子kan不见 · 5 条评论 · 之前给大家分享过Coomer和Kemono之类的“OnlyFans”“Fansly”等付费资源存档站 Coomer：OnlyFans付费资源公共存档网站 Thotsbay：OnlyFans资源免付费,40790,https://fuliba2023.net/cum-st.html,https://img03.sogoucdn.com/v2/thumb/retype_exclude_gif/ext/auto/q/100/?appid=122&url=tvax2.sinaimg.cn/large/006BNqYCly1ih3y936dxqj31mi0rnx5b.jpg,福利吧,最新文章,latest,hotlist,2026-09-16,2026-09-24 02:28:05
20,论坛口碑商家：老猫配眼镜，小程序下单全网比价，产品保真价格包满意,购物网赚 · 23 条评论 · 老猫在论坛写了不少科普贴，他新开发了一个微信小程序， 蔡司、柯达、依视路、康耐特十几款镜片，高中低档都有，源头厂家产品保真。 各种材质样式的镜,27200,https://fuliba2023.net/laomao.html,https://img03.sogoucdn.com/v2/thumb/retype_exclude_gif/ext/auto/q/100/?appid=122&url=https://tva1.sinaimg.cn/large/006WeipRgy1igi5wkym3jj30me0gudhj.jpg,福利吧,最新文章,latest,hotlist,2026-09-15,2026-09-24 02:28:05
1,ましゅまろ団：《交友软件上认识的辣妹居然是个土味女》 谁是谁的菜？,漫画推荐 · 4 条评论 · 今天给大家推荐的是画师“ましゅまろ団”的一个短篇作品 作品总计51P，故事是常见的约会见面套路，感觉有同类的真人版 没有的话，这剧情也很适合改编,7919,https://fuliba2023.net/tuweimeidechuntian.html,https://img03.sogoucdn.com/v2/thumb/retype_exclude_gif/ext/auto/q/100/?appid=122&url=tvax1.sinaimg.cn/large/006BNqYCly1ihdoy8qgy6j31320tnamf.jpg,福利吧,最新文章,latest,hotlist,2026-09-23,2026-09-24 03:19:31
2,蔡文娜：军阀姨太太的真实生活是什么样的？ 附《一个过渡时代的家庭》论文,福利吧 · 3 条评论 · 之前在抖音刷到一个视频，讲述了一个军阀太太“蔡文娜”考入大学 写了一篇记录自己婚姻生活的社会学论文，论文是客观的，故事是悲剧的 “蔡文娜”没有,21001,https://fuliba2023.net/gdsddjt.html,https://img03.sogoucdn.com/v2/thumb/retype_exclude_gif/ext/auto/q/100/?appid=122&url=tvax4.sinaimg.cn/large/006BNqYCly1ihb460bhx3j30af0ehwgd.jpg,福利吧,最新文章,latest,hotlist,2026-09-23,2026-09-24 03:19:31
3,淘宝京东优惠商品汇总，9月23日9点更新 购物领券fuliba99.net,购物网赚 · 314 条评论 · 购物搜券：福利久久 — 精选好货，实时更新 商品更新较快，请加购物群获得第一手消息。微信扫码加好友，回复“京东群”或者“淘宝群”自动拉你。 广西,452943,https://fuliba2023.net/99.html,https://img03.sogoucdn.com/v2/thumb/retype_exclude_gif/ext/auto/q/100/?appid=122&url=https://tva1.sinaimg.cn/large/009Zip4ygy1ihc69130ayj309q09qdg9.jpg,福利吧,最新文章,latest,hotlist,2026-09-23,2026-09-24 03:19:31
4,【福利】5.9元买二锅头送京东标准洗车&蚂蚁阿福智能体脂秤到手4.9元,购物网赚 · 18 条评论 · 京东下单二锅头，送京东工作日标准洗车一次。 商品价7.9元包邮，加购物车，会送一个2-2元的优惠券（或购物车内右侧砸蛋）， 实付5.9，主要是薅洗车福,20610,https://fuliba2023.net/wolai.html,https://img03.sogoucdn.com/v2/thumb/retype_exclude_gif/ext/auto/q/100/?appid=122&url=https://tva1.sinaimg.cn/large/009Zip4ygy1ihcfu9nketj309q09qaas.jpg,福利吧,最新文章,latest,hotlist,2026-09-22,2026-09-24 03:19:31
5,2026年福利汇总第133期 ：蜜桃甜妹,福利汇总 · 13 条评论 · BGM：《黄河谣》：点击播放 热门视频： 太牛逼了，崔健在2026湾区升明月演唱《时间的b面》把全场看傻眼 解读《末代皇帝》配乐：音乐到底是如何表达一,51475,https://fuliba2023.net/2026133.html,https://img03.sogoucdn.com/v2/thumb/retype_exclude_gif/ext/auto/q/100/?appid=122&url=tvax3.sinaimg.cn/large/006BNqYCly1ihc8qea2jbj33h04moe83.jpg,福利吧,最新文章,latest,hotlist,2026-09-22,2026-09-24 03:19:31
6,河北彩花：空姐主题新作片头居然是用AI生成 老乡越来越不走心？,业界速报 · 10 条评论 · 最近河北老乡又上热搜了，这次成为话题主要有俩原因 第一就是最近发布的一部空姐主题作品 开幕的一段居然全部都是AI生成的，不少网友吐槽老乡越来越敷,19707,https://fuliba2023.net/snos-377.html,https://img03.sogoucdn.com/v2/thumb/retype_exclude_gif/ext/auto/q/100/?appid=122&url=tvax4.sinaimg.cn/large/006BNqYCly1ihb5ip7rm6g30m80ciqv5.gif,福利吧,最新文章,latest,hotlist,2026-09-22,2026-09-24 03:19:31
7,2026年9月趣站分享：听记/App比价/图标制作/装机软件 中国天气地图,趣站分享 · 7 条评论 · 趣味网站分享系列：https://fuliba2025.net/quwei 没有采取单发文章推荐的内容，大部分来自福利吧论坛或网友邮件投稿。 如果你也有不错的内容,16899,https://fuliba2023.net/website202609.html,https://img03.sogoucdn.com/v2/thumb/retype_exclude_gif/ext/auto/q/100/?appid=122&url=tvax1.sinaimg.cn/large/006BNqYCly1ift9t7n41kj315y0v1gwr.jpg,福利吧,最新文章,latest,hotlist,2026-09-21,2026-09-24 03:19:31
8,Netflix韩国剧集：《挑情丑闻》全8集 情爱画面很唯美,影视推荐 · 11 条评论 · Netflix最近上线的一部桃色剧集 原作品是法国18世纪小说家拉克洛用书信形式所写成的小说《危险关系》 剧版改编自由李在容执导、2003年上映的同名电影,34086,https://fuliba2023.net/scandals.html,https://img03.sogoucdn.com/v2/thumb/retype_exclude_gif/ext/auto/q/100/?appid=122&url=tvax1.sinaimg.cn/large/006BNqYCly1iha0neyeu0j31x90z5e82.jpg,福利吧,最新文章,latest,hotlist,2026-09-21,2026-09-24 03:19:31
9,“倉木華”遗作《我在深夜便利店做收银被微醺大姐姐攻略》上线 可惜再也看不到妹子新作了,图解电影 · 6 条评论 · 前几天我们曾经发帖说过，又一位日本女演员因为牛郎问题选择了自杀离开这个世界 噩耗：日本女优“倉木華”在住所自杀身亡 死亡原因引网络热议 翻看她,42893,https://fuliba2023.net/snos-397.html,https://img03.sogoucdn.com/v2/thumb/retype_exclude_gif/ext/auto/q/100/?appid=122&url=tvax4.sinaimg.cn/large/006BNqYCly1ih9wo1lt79j31cl0r81kx.jpg,福利吧,最新文章,latest,hotlist,2026-09-20,2026-09-24 03:19:31
10,2026年福利汇总第132期 ：失语梦,福利汇总 · 10 条评论 · BGM：《失语梦》：点击播放 热门视频： 有网友到青海西宁旅游，打车途中，司机师傅一路介绍青海，讲得头头是道 铭文中的谜之天子，逨盘，195件国宝第1,41485,https://fuliba2023.net/2026132.html,https://img03.sogoucdn.com/v2/thumb/retype_exclude_gif/ext/auto/q/100/?appid=122&url=tvax1.sinaimg.cn/large/006BNqYCly1ih9uxu4308j335s23ub14.jpg,福利吧,最新文章,latest,hotlist,2026-09-20,2026-09-24 03:19:31
11,二二酸酸：《青春课本系列》 带你重新认识那些熟悉的语文课文,BILIBILI · 10 条评论 · 今天给大家推荐一个B站的UP主“二二酸酸” 她制作的有一个系列节目叫《青春课本系列》 讲解的都是我们上学时候学习的语文课本里那些文章之外的故事 有,18903,https://fuliba2023.net/erersuansuan.html,https://img03.sogoucdn.com/v2/thumb/retype_exclude_gif/ext/auto/q/100/?appid=122&url=tvax1.sinaimg.cn/large/006BNqYCly1ih8oakntacj313t0ov137.jpg,福利吧,最新文章,latest,hotlist,2026-09-19,2026-09-24 03:19:31
12,“Gattouz0”新作，居然又是亚洲妹 三人同行有点猛,好孩子kan不见 · 14 条评论 · 前几天我们发帖说过“Gattouz0”发布的新作是一个亚洲女孩 虽然他描述是中国人，但是从更新动态等种种迹象来看，更像是一个越南妹 “Gattouz0”再约亚,36587,https://fuliba2023.net/new-gattouz0-bunny-umi-bunny-una-double.html,https://img03.sogoucdn.com/v2/thumb/retype_exclude_gif/ext/auto/q/100/?appid=122&url=tvax4.sinaimg.cn/large/006BNqYCly1ih7we2b494j31ct0rie7s.jpg,福利吧,最新文章,latest,hotlist,2026-09-19,2026-09-24 03:19:31
13,犬上いの字：《收到陌生女性隔空投送发来私密照片的经历》 苹果用户专享,漫画推荐 · 6 条评论 · 今天给大家推荐的是日本画师“犬上いの字”的作品 这部漫画创意挺好，故事内容有轻微SM向，不过是大姐姐纯爱作品 作品共计三话，85P左右，下面是剧情,22950,https://fuliba2023.net/the-story-of-how-i-received-a-racy-selfie-via-image-sharing-from-a-woman-i-didnt-know.html,https://img03.sogoucdn.com/v2/thumb/retype_exclude_gif/ext/auto/q/100/?appid=122&url=tvax1.sinaimg.cn/large/006BNqYCly1ih7wv859lrj31id0w5tm8.jpg,福利吧,最新文章,latest,hotlist,2026-09-18,2026-09-24 03:19:31
14,2026年福利汇总第131期 ：神秘礼物,福利汇总 · 10 条评论 · BGM：《神秘礼物》：点击播放 热门视频： 【邓肯】“梅姨”案 我只是想煮一个鸡蛋，互联网却想教我做人 为什么所有 App 都能借钱给你？网贷如何变得无,39642,https://fuliba2023.net/2026131.html,https://img03.sogoucdn.com/v2/thumb/retype_exclude_gif/ext/auto/q/100/?appid=122&url=tvax4.sinaimg.cn/large/006BNqYCly1ih7v9i5gyrj323u1kwdy6.jpg,福利吧,最新文章,latest,hotlist,2026-09-18,2026-09-24 03:19:31
15,NGA一个精彩刺激的私人经历文,福利吧 · 7 条评论 · 感谢福利吧论坛网友“yyds1111”分享，更多优秀分享请访问福利吧论坛。 这是NGA上一个帖子连载更新的，整理成文本分享。 主要讲KTV里约妹子的事，有荤,37586,https://fuliba2023.net/xiaoc.html,https://img03.sogoucdn.com/v2/thumb/retype_exclude_gif/ext/auto/q/100/?appid=122&url=https://tva1.sinaimg.cn/large/009Zip4ygy1ih6pc9dq8sj30or0gfwgc.jpg,福利吧,最新文章,latest,hotlist,2026-09-17,2026-09-24 03:19:31
16,よふかしのへや：《反正要死了，随你处置》翻拍真人版 逢沢みゆ出演,图解电影 · 21 条评论 · 去年的时候，我们给大家推荐过画师“よふかしのへや”的这部作品 よふかしのへや：《反正要死了，随你处置》 用爱爱拯救厌世少女 时隔一年，这部作品,49746,https://fuliba2023.net/rki-757.html,https://img03.sogoucdn.com/v2/thumb/retype_exclude_gif/ext/auto/q/100/?appid=122&url=tvax3.sinaimg.cn/large/006BNqYCly1ih6bur3oovj316d0r8tuo.jpg,福利吧,最新文章,latest,hotlist,2026-09-17,2026-09-24 03:19:31
17,2026年7月番剧推荐：《我独自盗墓》 更新至第10集,动漫影视 · 1 条评论 · 2024年的时候，我们给大家推荐过一部韩漫改编的异世界动漫作品 2025年这部作品已经出了第二季，异世界番剧里的黑马之作，非常好看 2024年1月番剧推荐,11296,https://fuliba2023.net/tomb-raider-king.html,https://img03.sogoucdn.com/v2/thumb/retype_exclude_gif/ext/auto/q/100/?appid=122&url=tvax3.sinaimg.cn/large/006BNqYCly1ih6v0vd7pmj31gr0u0k15.jpg,福利吧,最新文章,latest,hotlist,2026-09-17,2026-09-24 03:19:31
18,2026年福利汇总第130期 ：百万朵玫瑰,福利汇总 · 11 条评论 · BGM：《百万本のバラ》：点击播放 热门视频： 我们平时点外卖的袋子是如何生产的？ 九年义务教育，正在变成“义务坐牢” 从北京坐火车去新加坡！ 细读,65078,https://fuliba2023.net/2026130.html,https://img03.sogoucdn.com/v2/thumb/retype_exclude_gif/ext/auto/q/100/?appid=122&url=tvax3.sinaimg.cn/large/006BNqYCly1ih5858bs24j323i1hc4qp.jpg,福利吧,最新文章,latest,hotlist,2026-09-16,2026-09-24 03:19:31
19,OnlyHaven：“OnlyFans”和“Patreon”付费资源公共存档站,好孩子kan不见 · 5 条评论 · 之前给大家分享过Coomer和Kemono之类的“OnlyFans”“Fansly”等付费资源存档站 Coomer：OnlyFans付费资源公共存档网站 Thotsbay：OnlyFans资源免付费,40811,https://fuliba2023.net/cum-st.html,https://img03.sogoucdn.com/v2/thumb/retype_exclude_gif/ext/auto/q/100/?appid=122&url=tvax2.sinaimg.cn/large/006BNqYCly1ih3y936dxqj31mi0rnx5b.jpg,福利吧,最新文章,latest,hotlist,2026-09-16,2026-09-24 03:19:31
20,论坛口碑商家：老猫配眼镜，小程序下单全网比价，产品保真价格包满意,购物网赚 · 23 条评论 · 老猫在论坛写了不少科普贴，他新开发了一个微信小程序， 蔡司、柯达、依视路、康耐特十几款镜片，高中低档都有，源头厂家产品保真。 各种材质样式的镜,27215,https://fuliba2023.net/laomao.html,https://img03.sogoucdn.com/v2/thumb/retype_exclude_gif/ext/auto/q/100/?appid=122&url=https://tva1.sinaimg.cn/large/006WeipRgy1igi5wkym3jj30me0gudhj.jpg,福利吧,最新文章,latest,hotlist,2026-09-15,2026-09-24 03:19:31
1,ましゅまろ団：《交友软件上认识的辣妹居然是个土味女》 谁是谁的菜？,漫画推荐 · 4 条评论 · 今天给大家推荐的是画师“ましゅまろ団”的一个短篇作品 作品总计51P，故事是常见的约会见面套路，感觉有同类的真人版 没有的话，这剧情也很适合改编,8000,https://fuliba2023.net/tuweimeidechuntian.html,https://img03.sogoucdn.com/v2/thumb/retype_exclude_gif/ext/auto/q/100/?appid=122&url=tvax1.sinaimg.cn/large/006BNqYCly1ihdoy8qgy6j31320tnamf.jpg,福利吧,最新文章,latest,hotlist,2026-09-23,2026-09-24 04:23:41
2,蔡文娜：军阀姨太太的真实生活是什么样的？ 附《一个过渡时代的家庭》论文,福利吧 · 3 条评论 · 之前在抖音刷到一个视频，讲述了一个军阀太太“蔡文娜”考入大学 写了一篇记录自己婚姻生活的社会学论文，论文是客观的，故事是悲剧的 “蔡文娜”没有,21064,https://fuliba2023.net/gdsddjt.html,https://img03.sogoucdn.com/v2/thumb/retype_exclude_gif/ext/auto/q/100/?appid=122&url=tvax4.sinaimg.cn/large/006BNqYCly1ihb460bhx3j30af0ehwgd.jpg,福利吧,最新文章,latest,hotlist,2026-09-23,2026-09-24 04:23:41
3,淘宝京东优惠商品汇总，9月23日9点更新 购物领券fuliba99.net,购物网赚 · 314 条评论 · 购物搜券：福利久久 — 精选好货，实时更新 商品更新较快，请加购物群获得第一手消息。微信扫码加好友，回复“京东群”或者“淘宝群”自动拉你。 广西,452957,https://fuliba2023.net/99.html,https://img03.sogoucdn.com/v2/thumb/retype_exclude_gif/ext/auto/q/100/?appid=122&url=https://tva1.sinaimg.cn/large/009Zip4ygy1ihc69130ayj309q09qdg9.jpg,福利吧,最新文章,latest,hotlist,2026-09-23,2026-09-24 04:23:41
4,【福利】5.9元买二锅头送京东标准洗车&蚂蚁阿福智能体脂秤到手4.9元,购物网赚 · 18 条评论 · 京东下单二锅头，送京东工作日标准洗车一次。 商品价7.9元包邮，加购物车，会送一个2-2元的优惠券（或购物车内右侧砸蛋）， 实付5.9，主要是薅洗车福,20636,https://fuliba2023.net/wolai.html,https://img03.sogoucdn.com/v2/thumb/retype_exclude_gif/ext/auto/q/100/?appid=122&url=https://tva1.sinaimg.cn/large/009Zip4ygy1ihcfu9nketj309q09qaas.jpg,福利吧,最新文章,latest,hotlist,2026-09-22,2026-09-24 04:23:41
5,2026年福利汇总第133期 ：蜜桃甜妹,福利汇总 · 13 条评论 · BGM：《黄河谣》：点击播放 热门视频： 太牛逼了，崔健在2026湾区升明月演唱《时间的b面》把全场看傻眼 解读《末代皇帝》配乐：音乐到底是如何表达一,51586,https://fuliba2023.net/2026133.html,https://img03.sogoucdn.com/v2/thumb/retype_exclude_gif/ext/auto/q/100/?appid=122&url=tvax3.sinaimg.cn/large/006BNqYCly1ihc8qea2jbj33h04moe83.jpg,福利吧,最新文章,latest,hotlist,2026-09-22,2026-09-24 04:23:41
6,河北彩花：空姐主题新作片头居然是用AI生成 老乡越来越不走心？,业界速报 · 10 条评论 · 最近河北老乡又上热搜了，这次成为话题主要有俩原因 第一就是最近发布的一部空姐主题作品 开幕的一段居然全部都是AI生成的，不少网友吐槽老乡越来越敷,19747,https://fuliba2023.net/snos-377.html,https://img03.sogoucdn.com/v2/thumb/retype_exclude_gif/ext/auto/q/100/?appid=122&url=tvax4.sinaimg.cn/large/006BNqYCly1ihb5ip7rm6g30m80ciqv5.gif,福利吧,最新文章,latest,hotlist,2026-09-22,2026-09-24 04:23:41
7,2026年9月趣站分享：听记/App比价/图标制作/装机软件 中国天气地图,趣站分享 · 7 条评论 · 趣味网站分享系列：https://fuliba2025.net/quwei 没有采取单发文章推荐的内容，大部分来自福利吧论坛或网友邮件投稿。 如果你也有不错的内容,16917,https://fuliba2023.net/website202609.html,https://img03.sogoucdn.com/v2/thumb/retype_exclude_gif/ext/auto/q/100/?appid=122&url=tvax1.sinaimg.cn/large/006BNqYCly1ift9t7n41kj315y0v1gwr.jpg,福利吧,最新文章,latest,hotlist,2026-09-21,2026-09-24 04:23:41
8,Netflix韩国剧集：《挑情丑闻》全8集 情爱画面很唯美,影视推荐 · 11 条评论 · Netflix最近上线的一部桃色剧集 原作品是法国18世纪小说家拉克洛用书信形式所写成的小说《危险关系》 剧版改编自由李在容执导、2003年上映的同名电影,34122,https://fuliba2023.net/scandals.html,https://img03.sogoucdn.com/v2/thumb/retype_exclude_gif/ext/auto/q/100/?appid=122&url=tvax1.sinaimg.cn/large/006BNqYCly1iha0neyeu0j31x90z5e82.jpg,福利吧,最新文章,latest,hotlist,2026-09-21,2026-09-24 04:23:41
9,“倉木華”遗作《我在深夜便利店做收银被微醺大姐姐攻略》上线 可惜再也看不到妹子新作了,图解电影 · 6 条评论 · 前几天我们曾经发帖说过，又一位日本女演员因为牛郎问题选择了自杀离开这个世界 噩耗：日本女优“倉木華”在住所自杀身亡 死亡原因引网络热议 翻看她,42924,https://fuliba2023.net/snos-397.html,https://img03.sogoucdn.com/v2/thumb/retype_exclude_gif/ext/auto/q/100/?appid=122&url=tvax4.sinaimg.cn/large/006BNqYCly1ih9wo1lt79j31cl0r81kx.jpg,福利吧,最新文章,latest,hotlist,2026-09-20,2026-09-24 04:23:41
10,2026年福利汇总第132期 ：失语梦,福利汇总 · 10 条评论 · BGM：《失语梦》：点击播放 热门视频： 有网友到青海西宁旅游，打车途中，司机师傅一路介绍青海，讲得头头是道 铭文中的谜之天子，逨盘，195件国宝第1,41519,https://fuliba2023.net/2026132.html,https://img03.sogoucdn.com/v2/thumb/retype_exclude_gif/ext/auto/q/100/?appid=122&url=tvax1.sinaimg.cn/large/006BNqYCly1ih9uxu4308j335s23ub14.jpg,福利吧,最新文章,latest,hotlist,2026-09-20,2026-09-24 04:23:41
11,二二酸酸：《青春课本系列》 带你重新认识那些熟悉的语文课文,BILIBILI · 10 条评论 · 今天给大家推荐一个B站的UP主“二二酸酸” 她制作的有一个系列节目叫《青春课本系列》 讲解的都是我们上学时候学习的语文课本里那些文章之外的故事 有,18917,https://fuliba2023.net/erersuansuan.html,https://img03.sogoucdn.com/v2/thumb/retype_exclude_gif/ext/auto/q/100/?appid=122&url=tvax1.sinaimg.cn/large/006BNqYCly1ih8oakntacj313t0ov137.jpg,福利吧,最新文章,latest,hotlist,2026-09-19,2026-09-24 04:23:41
12,“Gattouz0”新作，居然又是亚洲妹 三人同行有点猛,好孩子kan不见 · 14 条评论 · 前几天我们发帖说过“Gattouz0”发布的新作是一个亚洲女孩 虽然他描述是中国人，但是从更新动态等种种迹象来看，更像是一个越南妹 “Gattouz0”再约亚,36647,https://fuliba2023.net/new-gattouz0-bunny-umi-bunny-una-double.html,https://img03.sogoucdn.com/v2/thumb/retype_exclude_gif/ext/auto/q/100/?appid=122&url=tvax4.sinaimg.cn/large/006BNqYCly1ih7we2b494j31ct0rie7s.jpg,福利吧,最新文章,latest,hotlist,2026-09-19,2026-09-24 04:23:41
13,犬上いの字：《收到陌生女性隔空投送发来私密照片的经历》 苹果用户专享,漫画推荐 · 6 条评论 · 今天给大家推荐的是日本画师“犬上いの字”的作品 这部漫画创意挺好，故事内容有轻微SM向，不过是大姐姐纯爱作品 作品共计三话，85P左右，下面是剧情,22967,https://fuliba2023.net/the-story-of-how-i-received-a-racy-selfie-via-image-sharing-from-a-woman-i-didnt-know.html,https://img03.sogoucdn.com/v2/thumb/retype_exclude_gif/ext/auto/q/100/?appid=122&url=tvax1.sinaimg.cn/large/006BNqYCly1ih7wv859lrj31id0w5tm8.jpg,福利吧,最新文章,latest,hotlist,2026-09-18,2026-09-24 04:23:41
14,2026年福利汇总第131期 ：神秘礼物,福利汇总 · 10 条评论 · BGM：《神秘礼物》：点击播放 热门视频： 【邓肯】“梅姨”案 我只是想煮一个鸡蛋，互联网却想教我做人 为什么所有 App 都能借钱给你？网贷如何变得无,39665,https://fuliba2023.net/2026131.html,https://img03.sogoucdn.com/v2/thumb/retype_exclude_gif/ext/auto/q/100/?appid=122&url=tvax4.sinaimg.cn/large/006BNqYCly1ih7v9i5gyrj323u1kwdy6.jpg,福利吧,最新文章,latest,hotlist,2026-09-18,2026-09-24 04:23:41
15,NGA一个精彩刺激的私人经历文,福利吧 · 7 条评论 · 感谢福利吧论坛网友“yyds1111”分享，更多优秀分享请访问福利吧论坛。 这是NGA上一个帖子连载更新的，整理成文本分享。 主要讲KTV里约妹子的事，有荤,37605,https://fuliba2023.net/xiaoc.html,https://img03.sogoucdn.com/v2/thumb/retype_exclude_gif/ext/auto/q/100/?appid=122&url=https://tva1.sinaimg.cn/large/009Zip4ygy1ih6pc9dq8sj30or0gfwgc.jpg,福利吧,最新文章,latest,hotlist,2026-09-17,2026-09-24 04:23:41
16,よふかしのへや：《反正要死了，随你处置》翻拍真人版 逢沢みゆ出演,图解电影 · 21 条评论 · 去年的时候，我们给大家推荐过画师“よふかしのへや”的这部作品 よふかしのへや：《反正要死了，随你处置》 用爱爱拯救厌世少女 时隔一年，这部作品,49770,https://fuliba2023.net/rki-757.html,https://img03.sogoucdn.com/v2/thumb/retype_exclude_gif/ext/auto/q/100/?appid=122&url=tvax3.sinaimg.cn/large/006BNqYCly1ih6bur3oovj316d0r8tuo.jpg,福利吧,最新文章,latest,hotlist,2026-09-17,2026-09-24 04:23:41
17,2026年7月番剧推荐：《我独自盗墓》 更新至第10集,动漫影视 · 1 条评论 · 2024年的时候，我们给大家推荐过一部韩漫改编的异世界动漫作品 2025年这部作品已经出了第二季，异世界番剧里的黑马之作，非常好看 2024年1月番剧推荐,11310,https://fuliba2023.net/tomb-raider-king.html,https://img03.sogoucdn.com/v2/thumb/retype_exclude_gif/ext/auto/q/100/?appid=122&url=tvax3.sinaimg.cn/large/006BNqYCly1ih6v0vd7pmj31gr0u0k15.jpg,福利吧,最新文章,latest,hotlist,2026-09-17,2026-09-24 04:23:41
18,2026年福利汇总第130期 ：百万朵玫瑰,福利汇总 · 11 条评论 · BGM：《百万本のバラ》：点击播放 热门视频： 我们平时点外卖的袋子是如何生产的？ 九年义务教育，正在变成“义务坐牢” 从北京坐火车去新加坡！ 细读,65105,https://fuliba2023.net/2026130.html,https://img03.sogoucdn.com/v2/thumb/retype_exclude_gif/ext/auto/q/100/?appid=122&url=tvax3.sinaimg.cn/large/006BNqYCly1ih5858bs24j323i1hc4qp.jpg,福利吧,最新文章,latest,hotlist,2026-09-16,2026-09-24 04:23:41
19,OnlyHaven：“OnlyFans”和“Patreon”付费资源公共存档站,好孩子kan不见 · 5 条评论 · 之前给大家分享过Coomer和Kemono之类的“OnlyFans”“Fansly”等付费资源存档站 Coomer：OnlyFans付费资源公共存档网站 Thotsbay：OnlyFans资源免付费,40832,https://fuliba2023.net/cum-st.html,https://img03.sogoucdn.com/v2/thumb/retype_exclude_gif/ext/auto/q/100/?appid=122&url=tvax2.sinaimg.cn/large/006BNqYCly1ih3y936dxqj31mi0rnx5b.jpg,福利吧,最新文章,latest,hotlist,2026-09-16,2026-09-24 04:23:41
20,论坛口碑商家：老猫配眼镜，小程序下单全网比价，产品保真价格包满意,购物网赚 · 23 条评论 · 老猫在论坛写了不少科普贴，他新开发了一个微信小程序， 蔡司、柯达、依视路、康耐特十几款镜片，高中低档都有，源头厂家产品保真。 各种材质样式的镜,27230,https://fuliba2023.net/laomao.html,https://img03.sogoucdn.com/v2/thumb/retype_exclude_gif/ext/auto/q/100/?appid=122&url=https://tva1.sinaimg.cn/large/006WeipRgy1igi5wkym3jj30me0gudhj.jpg,福利吧,最新文章,latest,hotlist,2026-09-15,2026-09-24 04:23:41
1,ましゅまろ団：《交友软件上认识的辣妹居然是个土味女》 谁是谁的菜？,漫画推荐 · 4 条评论 · 今天给大家推荐的是画师“ましゅまろ団”的一个短篇作品 作品总计51P，故事是常见的约会见面套路，感觉有同类的真人版 没有的话，这剧情也很适合改编,8092,https://fuliba2023.net/tuweimeidechuntian.html,https://img03.sogoucdn.com/v2/thumb/retype_exclude_gif/ext/auto/q/100/?appid=122&url=tvax1.sinaimg.cn/large/006BNqYCly1ihdoy8qgy6j31320tnamf.jpg,福利吧,最新文章,latest,hotlist,2026-09-23,2026-09-24 05:22:27
2,蔡文娜：军阀姨太太的真实生活是什么样的？ 附《一个过渡时代的家庭》论文,福利吧 · 3 条评论 · 之前在抖音刷到一个视频，讲述了一个军阀太太“蔡文娜”考入大学 写了一篇记录自己婚姻生活的社会学论文，论文是客观的，故事是悲剧的 “蔡文娜”没有,21116,https://fuliba2023.net/gdsddjt.html,https://img03.sogoucdn.com/v2/thumb/retype_exclude_gif/ext/auto/q/100/?appid=122&url=tvax4.sinaimg.cn/large/006BNqYCly1ihb460bhx3j30af0ehwgd.jpg,福利吧,最新文章,latest,hotlist,2026-09-23,2026-09-24 05:22:27
3,淘宝京东优惠商品汇总，9月23日9点更新 购物领券fuliba99.net,购物网赚 · 314 条评论 · 购物搜券：福利久久 — 精选好货，实时更新 商品更新较快，请加购物群获得第一手消息。微信扫码加好友，回复“京东群”或者“淘宝群”自动拉你。 广西,452973,https://fuliba2023.net/99.html,https://img03.sogoucdn.com/v2/thumb/retype_exclude_gif/ext/auto/q/100/?appid=122&url=https://tva1.sinaimg.cn/large/009Zip4ygy1ihc69130ayj309q09qdg9.jpg,福利吧,最新文章,latest,hotlist,2026-09-23,2026-09-24 05:22:27
4,【福利】5.9元买二锅头送京东标准洗车&蚂蚁阿福智能体脂秤到手4.9元,购物网赚 · 18 条评论 · 京东下单二锅头，送京东工作日标准洗车一次。 商品价7.9元包邮，加购物车，会送一个2-2元的优惠券（或购物车内右侧砸蛋）， 实付5.9，主要是薅洗车福,20648,https://fuliba2023.net/wolai.html,https://img03.sogoucdn.com/v2/thumb/retype_exclude_gif/ext/auto/q/100/?appid=122&url=https://tva1.sinaimg.cn/large/009Zip4ygy1ihcfu9nketj309q09qaas.jpg,福利吧,最新文章,latest,hotlist,2026-09-22,2026-09-24 05:22:27
5,2026年福利汇总第133期 ：蜜桃甜妹,福利汇总 · 13 条评论 · BGM：《黄河谣》：点击播放 热门视频： 太牛逼了，崔健在2026湾区升明月演唱《时间的b面》把全场看傻眼 解读《末代皇帝》配乐：音乐到底是如何表达一,51659,https://fuliba2023.net/2026133.html,https://img03.sogoucdn.com/v2/thumb/retype_exclude_gif/ext/auto/q/100/?appid=122&url=tvax3.sinaimg.cn/large/006BNqYCly1ihc8qea2jbj33h04moe83.jpg,福利吧,最新文章,latest,hotlist,2026-09-22,2026-09-24 05:22:27
6,河北彩花：空姐主题新作片头居然是用AI生成 老乡越来越不走心？,业界速报 · 10 条评论 · 最近河北老乡又上热搜了，这次成为话题主要有俩原因 第一就是最近发布的一部空姐主题作品 开幕的一段居然全部都是AI生成的，不少网友吐槽老乡越来越敷,19767,https://fuliba2023.net/snos-377.html,https://img03.sogoucdn.com/v2/thumb/retype_exclude_gif/ext/auto/q/100/?appid=122&url=tvax4.sinaimg.cn/large/006BNqYCly1ihb5ip7rm6g30m80ciqv5.gif,福利吧,最新文章,latest,hotlist,2026-09-22,2026-09-24 05:22:27
7,2026年9月趣站分享：听记/App比价/图标制作/装机软件 中国天气地图,趣站分享 · 7 条评论 · 趣味网站分享系列：https://fuliba2025.net/quwei 没有采取单发文章推荐的内容，大部分来自福利吧论坛或网友邮件投稿。 如果你也有不错的内容,16928,https://fuliba2023.net/website202609.html,https://img03.sogoucdn.com/v2/thumb/retype_exclude_gif/ext/auto/q/100/?appid=122&url=tvax1.sinaimg.cn/large/006BNqYCly1ift9t7n41kj315y0v1gwr.jpg,福利吧,最新文章,latest,hotlist,2026-09-21,2026-09-24 05:22:27
8,Netflix韩国剧集：《挑情丑闻》全8集 情爱画面很唯美,影视推荐 · 11 条评论 · Netflix最近上线的一部桃色剧集 原作品是法国18世纪小说家拉克洛用书信形式所写成的小说《危险关系》 剧版改编自由李在容执导、2003年上映的同名电影,34155,https://fuliba2023.net/scandals.html,https://img03.sogoucdn.com/v2/thumb/retype_exclude_gif/ext/auto/q/100/?appid=122&url=tvax1.sinaimg.cn/large/006BNqYCly1iha0neyeu0j31x90z5e82.jpg,福利吧,最新文章,latest,hotlist,2026-09-21,2026-09-24 05:22:27
9,“倉木華”遗作《我在深夜便利店做收银被微醺大姐姐攻略》上线 可惜再也看不到妹子新作了,图解电影 · 6 条评论 · 前几天我们曾经发帖说过，又一位日本女演员因为牛郎问题选择了自杀离开这个世界 噩耗：日本女优“倉木華”在住所自杀身亡 死亡原因引网络热议 翻看她,42944,https://fuliba2023.net/snos-397.html,https://img03.sogoucdn.com/v2/thumb/retype_exclude_gif/ext/auto/q/100/?appid=122&url=tvax4.sinaimg.cn/large/006BNqYCly1ih9wo1lt79j31cl0r81kx.jpg,福利吧,最新文章,latest,hotlist,2026-09-20,2026-09-24 05:22:27
10,2026年福利汇总第132期 ：失语梦,福利汇总 · 10 条评论 · BGM：《失语梦》：点击播放 热门视频： 有网友到青海西宁旅游，打车途中，司机师傅一路介绍青海，讲得头头是道 铭文中的谜之天子，逨盘，195件国宝第1,41540,https://fuliba2023.net/2026132.html,https://img03.sogoucdn.com/v2/thumb/retype_exclude_gif/ext/auto/q/100/?appid=122&url=tvax1.sinaimg.cn/large/006BNqYCly1ih9uxu4308j335s23ub14.jpg,福利吧,最新文章,latest,hotlist,2026-09-20,2026-09-24 05:22:27
11,二二酸酸：《青春课本系列》 带你重新认识那些熟悉的语文课文,BILIBILI · 10 条评论 · 今天给大家推荐一个B站的UP主“二二酸酸” 她制作的有一个系列节目叫《青春课本系列》 讲解的都是我们上学时候学习的语文课本里那些文章之外的故事 有,18920,https://fuliba2023.net/erersuansuan.html,https://img03.sogoucdn.com/v2/thumb/retype_exclude_gif/ext/auto/q/100/?appid=122&url=tvax1.sinaimg.cn/large/006BNqYCly1ih8oakntacj313t0ov137.jpg,福利吧,最新文章,latest,hotlist,2026-09-19,2026-09-24 05:22:27
12,“Gattouz0”新作，居然又是亚洲妹 三人同行有点猛,好孩子kan不见 · 14 条评论 · 前几天我们发帖说过“Gattouz0”发布的新作是一个亚洲女孩 虽然他描述是中国人，但是从更新动态等种种迹象来看，更像是一个越南妹 “Gattouz0”再约亚,36683,https://fuliba2023.net/new-gattouz0-bunny-umi-bunny-una-double.html,https://img03.sogoucdn.com/v2/thumb/retype_exclude_gif/ext/auto/q/100/?appid=122&url=tvax4.sinaimg.cn/large/006BNqYCly1ih7we2b494j31ct0rie7s.jpg,福利吧,最新文章,latest,hotlist,2026-09-19,2026-09-24 05:22:27
13,犬上いの字：《收到陌生女性隔空投送发来私密照片的经历》 苹果用户专享,漫画推荐 · 6 条评论 · 今天给大家推荐的是日本画师“犬上いの字”的作品 这部漫画创意挺好，故事内容有轻微SM向，不过是大姐姐纯爱作品 作品共计三话，85P左右，下面是剧情,22984,https://fuliba2023.net/the-story-of-how-i-received-a-racy-selfie-via-image-sharing-from-a-woman-i-didnt-know.html,https://img03.sogoucdn.com/v2/thumb/retype_exclude_gif/ext/auto/q/100/?appid=122&url=tvax1.sinaimg.cn/large/006BNqYCly1ih7wv859lrj31id0w5tm8.jpg,福利吧,最新文章,latest,hotlist,2026-09-18,2026-09-24 05:22:27
14,2026年福利汇总第131期 ：神秘礼物,福利汇总 · 10 条评论 · BGM：《神秘礼物》：点击播放 热门视频： 【邓肯】“梅姨”案 我只是想煮一个鸡蛋，互联网却想教我做人 为什么所有 App 都能借钱给你？网贷如何变得无,39674,https://fuliba2023.net/2026131.html,https://img03.sogoucdn.com/v2/thumb/retype_exclude_gif/ext/auto/q/100/?appid=122&url=tvax4.sinaimg.cn/large/006BNqYCly1ih7v9i5gyrj323u1kwdy6.jpg,福利吧,最新文章,latest,hotlist,2026-09-18,2026-09-24 05:22:27
15,NGA一个精彩刺激的私人经历文,福利吧 · 7 条评论 · 感谢福利吧论坛网友“yyds1111”分享，更多优秀分享请访问福利吧论坛。 这是NGA上一个帖子连载更新的，整理成文本分享。 主要讲KTV里约妹子的事，有荤,37612,https://fuliba2023.net/xiaoc.html,https://img03.sogoucdn.com/v2/thumb/retype_exclude_gif/ext/auto/q/100/?appid=122&url=https://tva1.sinaimg.cn/large/009Zip4ygy1ih6pc9dq8sj30or0gfwgc.jpg,福利吧,最新文章,latest,hotlist,2026-09-17,2026-09-24 05:22:27
16,よふかしのへや：《反正要死了，随你处置》翻拍真人版 逢沢みゆ出演,图解电影 · 21 条评论 · 去年的时候，我们给大家推荐过画师“よふかしのへや”的这部作品 よふかしのへや：《反正要死了，随你处置》 用爱爱拯救厌世少女 时隔一年，这部作品,49782,https://fuliba2023.net/rki-757.html,https://img03.sogoucdn.com/v2/thumb/retype_exclude_gif/ext/auto/q/100/?appid=122&url=tvax3.sinaimg.cn/large/006BNqYCly1ih6bur3oovj316d0r8tuo.jpg,福利吧,最新文章,latest,hotlist,2026-09-17,2026-09-24 05:22:27
17,2026年7月番剧推荐：《我独自盗墓》 更新至第10集,动漫影视 · 1 条评论 · 2024年的时候，我们给大家推荐过一部韩漫改编的异世界动漫作品 2025年这部作品已经出了第二季，异世界番剧里的黑马之作，非常好看 2024年1月番剧推荐,11314,https://fuliba2023.net/tomb-raider-king.html,https://img03.sogoucdn.com/v2/thumb/retype_exclude_gif/ext/auto/q/100/?appid=122&url=tvax3.sinaimg.cn/large/006BNqYCly1ih6v0vd7pmj31gr0u0k15.jpg,福利吧,最新文章,latest,hotlist,2026-09-17,2026-09-24 05:22:27
18,2026年福利汇总第130期 ：百万朵玫瑰,福利汇总 · 11 条评论 · BGM：《百万本のバラ》：点击播放 热门视频： 我们平时点外卖的袋子是如何生产的？ 九年义务教育，正在变成“义务坐牢” 从北京坐火车去新加坡！ 细读,65122,https://fuliba2023.net/2026130.html,https://img03.sogoucdn.com/v2/thumb/retype_exclude_gif/ext/auto/q/100/?appid=122&url=tvax3.sinaimg.cn/large/006BNqYCly1ih5858bs24j323i1hc4qp.jpg,福利吧,最新文章,latest,hotlist,2026-09-16,2026-09-24 05:22:27
19,OnlyHaven：“OnlyFans”和“Patreon”付费资源公共存档站,好孩子kan不见 · 5 条评论 · 之前给大家分享过Coomer和Kemono之类的“OnlyFans”“Fansly”等付费资源存档站 Coomer：OnlyFans付费资源公共存档网站 Thotsbay：OnlyFans资源免付费,40843,https://fuliba2023.net/cum-st.html,https://img03.sogoucdn.com/v2/thumb/retype_exclude_gif/ext/auto/q/100/?appid=122&url=tvax2.sinaimg.cn/large/006BNqYCly1ih3y936dxqj31mi0rnx5b.jpg,福利吧,最新文章,latest,hotlist,2026-09-16,2026-09-24 05:22:27
20,论坛口碑商家：老猫配眼镜，小程序下单全网比价，产品保真价格包满意,购物网赚 · 23 条评论 · 老猫在论坛写了不少科普贴，他新开发了一个微信小程序， 蔡司、柯达、依视路、康耐特十几款镜片，高中低档都有，源头厂家产品保真。 各种材质样式的镜,27237,https://fuliba2023.net/laomao.html,https://img03.sogoucdn.com/v2/thumb/retype_exclude_gif/ext/auto/q/100/?appid=122&url=https://tva1.sinaimg.cn/large/006WeipRgy1igi5wkym3jj30me0gudhj.jpg,福利吧,最新文章,latest,hotlist,2026-09-15,2026-09-24 05:22:27
1,歌曲推荐：柬埔寨迷幻流行摇滚乐专辑《Cambodian Rocks》 附纪录片《别认为我忘了:柬埔寨失去的摇滚乐》,福利吧 · 0 条评论 · 之前我们更新过一期食贫道的节目中讲过柬埔寨的摇滚音乐 2026.03.21食贫道最新纪录片食视频《电诈 摇滚 吴哥窟》 当时那个节目记录了一部分柬埔寨音乐,152,https://fuliba2023.net/cambodian-rocks.html,https://img03.sogoucdn.com/v2/thumb/retype_exclude_gif/ext/auto/q/100/?appid=122&url=tvax3.sinaimg.cn/large/006BNqYCly1ihdt5his8lj30ov0ov7jh.jpg,福利吧,最新文章,latest,hotlist,2026-09-24,2026-09-24 06:20:35
2,ましゅまろ団：《交友软件上认识的辣妹居然是个土味女》 谁是谁的菜？,漫画推荐 · 4 条评论 · 今天给大家推荐的是画师“ましゅまろ団”的一个短篇作品 作品总计51P，故事是常见的约会见面套路，感觉有同类的真人版 没有的话，这剧情也很适合改编,8209,https://fuliba2023.net/tuweimeidechuntian.html,https://img03.sogoucdn.com/v2/thumb/retype_exclude_gif/ext/auto/q/100/?appid=122&url=tvax1.sinaimg.cn/large/006BNqYCly1ihdoy8qgy6j31320tnamf.jpg,福利吧,最新文章,latest,hotlist,2026-09-23,2026-09-24 06:20:35
3,蔡文娜：军阀姨太太的真实生活是什么样的？ 附《一个过渡时代的家庭》论文,福利吧 · 3 条评论 · 之前在抖音刷到一个视频，讲述了一个军阀太太“蔡文娜”考入大学 写了一篇记录自己婚姻生活的社会学论文，论文是客观的，故事是悲剧的 “蔡文娜”没有,21189,https://fuliba2023.net/gdsddjt.html,https://img03.sogoucdn.com/v2/thumb/retype_exclude_gif/ext/auto/q/100/?appid=122&url=tvax4.sinaimg.cn/large/006BNqYCly1ihb460bhx3j30af0ehwgd.jpg,福利吧,最新文章,latest,hotlist,2026-09-23,2026-09-24 06:20:35
4,淘宝京东优惠商品汇总，9月23日9点更新 购物领券fuliba99.net,购物网赚 · 314 条评论 · 购物搜券：福利久久 — 精选好货，实时更新 商品更新较快，请加购物群获得第一手消息。微信扫码加好友，回复“京东群”或者“淘宝群”自动拉你。 广西,452992,https://fuliba2023.net/99.html,https://img03.sogoucdn.com/v2/thumb/retype_exclude_gif/ext/auto/q/100/?appid=122&url=https://tva1.sinaimg.cn/large/009Zip4ygy1ihc69130ayj309q09qdg9.jpg,福利吧,最新文章,latest,hotlist,2026-09-23,2026-09-24 06:20:35
5,【福利】5.9元买二锅头送京东标准洗车&蚂蚁阿福智能体脂秤到手4.9元,购物网赚 · 18 条评论 · 京东下单二锅头，送京东工作日标准洗车一次。 商品价7.9元包邮，加购物车，会送一个2-2元的优惠券（或购物车内右侧砸蛋）， 实付5.9，主要是薅洗车福,20672,https://fuliba2023.net/wolai.html,https://img03.sogoucdn.com/v2/thumb/retype_exclude_gif/ext/auto/q/100/?appid=122&url=https://tva1.sinaimg.cn/large/009Zip4ygy1ihcfu9nketj309q09qaas.jpg,福利吧,最新文章,latest,hotlist,2026-09-22,2026-09-24 06:20:35
6,2026年福利汇总第133期 ：蜜桃甜妹,福利汇总 · 13 条评论 · BGM：《黄河谣》：点击播放 热门视频： 太牛逼了，崔健在2026湾区升明月演唱《时间的b面》把全场看傻眼 解读《末代皇帝》配乐：音乐到底是如何表达一,51750,https://fuliba2023.net/2026133.html,https://img03.sogoucdn.com/v2/thumb/retype_exclude_gif/ext/auto/q/100/?appid=122&url=tvax3.sinaimg.cn/large/006BNqYCly1ihc8qea2jbj33h04moe83.jpg,福利吧,最新文章,latest,hotlist,2026-09-22,2026-09-24 06:20:35
7,河北彩花：空姐主题新作片头居然是用AI生成 老乡越来越不走心？,业界速报 · 10 条评论 · 最近河北老乡又上热搜了，这次成为话题主要有俩原因 第一就是最近发布的一部空姐主题作品 开幕的一段居然全部都是AI生成的，不少网友吐槽老乡越来越敷,19798,https://fuliba2023.net/snos-377.html,https://img03.sogoucdn.com/v2/thumb/retype_exclude_gif/ext/auto/q/100/?appid=122&url=tvax4.sinaimg.cn/large/006BNqYCly1ihb5ip7rm6g30m80ciqv5.gif,福利吧,最新文章,latest,hotlist,2026-09-22,2026-09-24 06:20:35
8,2026年9月趣站分享：听记/App比价/图标制作/装机软件 中国天气地图,趣站分享 · 7 条评论 · 趣味网站分享系列：https://fuliba2025.net/quwei 没有采取单发文章推荐的内容，大部分来自福利吧论坛或网友邮件投稿。 如果你也有不错的内容,16945,https://fuliba2023.net/website202609.html,https://img03.sogoucdn.com/v2/thumb/retype_exclude_gif/ext/auto/q/100/?appid=122&url=tvax1.sinaimg.cn/large/006BNqYCly1ift9t7n41kj315y0v1gwr.jpg,福利吧,最新文章,latest,hotlist,2026-09-21,2026-09-24 06:20:35
9,Netflix韩国剧集：《挑情丑闻》全8集 情爱画面很唯美,影视推荐 · 11 条评论 · Netflix最近上线的一部桃色剧集 原作品是法国18世纪小说家拉克洛用书信形式所写成的小说《危险关系》 剧版改编自由李在容执导、2003年上映的同名电影,34193,https://fuliba2023.net/scandals.html,https://img03.sogoucdn.com/v2/thumb/retype_exclude_gif/ext/auto/q/100/?appid=122&url=tvax1.sinaimg.cn/large/006BNqYCly1iha0neyeu0j31x90z5e82.jpg,福利吧,最新文章,latest,hotlist,2026-09-21,2026-09-24 06:20:35
10,“倉木華”遗作《我在深夜便利店做收银被微醺大姐姐攻略》上线 可惜再也看不到妹子新作了,图解电影 · 6 条评论 · 前几天我们曾经发帖说过，又一位日本女演员因为牛郎问题选择了自杀离开这个世界 噩耗：日本女优“倉木華”在住所自杀身亡 死亡原因引网络热议 翻看她,42974,https://fuliba2023.net/snos-397.html,https://img03.sogoucdn.com/v2/thumb/retype_exclude_gif/ext/auto/q/100/?appid=122&url=tvax4.sinaimg.cn/large/006BNqYCly1ih9wo1lt79j31cl0r81kx.jpg,福利吧,最新文章,latest,hotlist,2026-09-20,2026-09-24 06:20:35
11,2026年福利汇总第132期 ：失语梦,福利汇总 · 10 条评论 · BGM：《失语梦》：点击播放 热门视频： 有网友到青海西宁旅游，打车途中，司机师傅一路介绍青海，讲得头头是道 铭文中的谜之天子，逨盘，195件国宝第1,41576,https://fuliba2023.net/2026132.html,https://img03.sogoucdn.com/v2/thumb/retype_exclude_gif/ext/auto/q/100/?appid=122&url=tvax1.sinaimg.cn/large/006BNqYCly1ih9uxu4308j335s23ub14.jpg,福利吧,最新文章,latest,hotlist,2026-09-20,2026-09-24 06:20:35
12,二二酸酸：《青春课本系列》 带你重新认识那些熟悉的语文课文,BILIBILI · 10 条评论 · 今天给大家推荐一个B站的UP主“二二酸酸” 她制作的有一个系列节目叫《青春课本系列》 讲解的都是我们上学时候学习的语文课本里那些文章之外的故事 有,18939,https://fuliba2023.net/erersuansuan.html,https://img03.sogoucdn.com/v2/thumb/retype_exclude_gif/ext/auto/q/100/?appid=122&url=tvax1.sinaimg.cn/large/006BNqYCly1ih8oakntacj313t0ov137.jpg,福利吧,最新文章,latest,hotlist,2026-09-19,2026-09-24 06:20:35
13,“Gattouz0”新作，居然又是亚洲妹 三人同行有点猛,好孩子kan不见 · 14 条评论 · 前几天我们发帖说过“Gattouz0”发布的新作是一个亚洲女孩 虽然他描述是中国人，但是从更新动态等种种迹象来看，更像是一个越南妹 “Gattouz0”再约亚,36716,https://fuliba2023.net/new-gattouz0-bunny-umi-bunny-una-double.html,https://img03.sogoucdn.com/v2/thumb/retype_exclude_gif/ext/auto/q/100/?appid=122&url=tvax4.sinaimg.cn/large/006BNqYCly1ih7we2b494j31ct0rie7s.jpg,福利吧,最新文章,latest,hotlist,2026-09-19,2026-09-24 06:20:35
14,犬上いの字：《收到陌生女性隔空投送发来私密照片的经历》 苹果用户专享,漫画推荐 · 6 条评论 · 今天给大家推荐的是日本画师“犬上いの字”的作品 这部漫画创意挺好，故事内容有轻微SM向，不过是大姐姐纯爱作品 作品共计三话，85P左右，下面是剧情,23014,https://fuliba2023.net/the-story-of-how-i-received-a-racy-selfie-via-image-sharing-from-a-woman-i-didnt-know.html,https://img03.sogoucdn.com/v2/thumb/retype_exclude_gif/ext/auto/q/100/?appid=122&url=tvax1.sinaimg.cn/large/006BNqYCly1ih7wv859lrj31id0w5tm8.jpg,福利吧,最新文章,latest,hotlist,2026-09-18,2026-09-24 06:20:35
15,2026年福利汇总第131期 ：神秘礼物,福利汇总 · 10 条评论 · BGM：《神秘礼物》：点击播放 热门视频： 【邓肯】“梅姨”案 我只是想煮一个鸡蛋，互联网却想教我做人 为什么所有 App 都能借钱给你？网贷如何变得无,39692,https://fuliba2023.net/2026131.html,https://img03.sogoucdn.com/v2/thumb/retype_exclude_gif/ext/auto/q/100/?appid=122&url=tvax4.sinaimg.cn/large/006BNqYCly1ih7v9i5gyrj323u1kwdy6.jpg,福利吧,最新文章,latest,hotlist,2026-09-18,2026-09-24 06:20:35
16,NGA一个精彩刺激的私人经历文,福利吧 · 7 条评论 · 感谢福利吧论坛网友“yyds1111”分享，更多优秀分享请访问福利吧论坛。 这是NGA上一个帖子连载更新的，整理成文本分享。 主要讲KTV里约妹子的事，有荤,37626,https://fuliba2023.net/xiaoc.html,https://img03.sogoucdn.com/v2/thumb/retype_exclude_gif/ext/auto/q/100/?appid=122&url=https://tva1.sinaimg.cn/large/009Zip4ygy1ih6pc9dq8sj30or0gfwgc.jpg,福利吧,最新文章,latest,hotlist,2026-09-17,2026-09-24 06:20:35
17,よふかしのへや：《反正要死了，随你处置》翻拍真人版 逢沢みゆ出演,图解电影 · 21 条评论 · 去年的时候，我们给大家推荐过画师“よふかしのへや”的这部作品 よふかしのへや：《反正要死了，随你处置》 用爱爱拯救厌世少女 时隔一年，这部作品,49807,https://fuliba2023.net/rki-757.html,https://img03.sogoucdn.com/v2/thumb/retype_exclude_gif/ext/auto/q/100/?appid=122&url=tvax3.sinaimg.cn/large/006BNqYCly1ih6bur3oovj316d0r8tuo.jpg,福利吧,最新文章,latest,hotlist,2026-09-17,2026-09-24 06:20:35
18,2026年7月番剧推荐：《我独自盗墓》 更新至第10集,动漫影视 · 1 条评论 · 2024年的时候，我们给大家推荐过一部韩漫改编的异世界动漫作品 2025年这部作品已经出了第二季，异世界番剧里的黑马之作，非常好看 2024年1月番剧推荐,11320,https://fuliba2023.net/tomb-raider-king.html,https://img03.sogoucdn.com/v2/thumb/retype_exclude_gif/ext/auto/q/100/?appid=122&url=tvax3.sinaimg.cn/large/006BNqYCly1ih6v0vd7pmj31gr0u0k15.jpg,福利吧,最新文章,latest,hotlist,2026-09-17,2026-09-24 06:20:35
19,2026年福利汇总第130期 ：百万朵玫瑰,福利汇总 · 11 条评论 · BGM：《百万本のバラ》：点击播放 热门视频： 我们平时点外卖的袋子是如何生产的？ 九年义务教育，正在变成“义务坐牢” 从北京坐火车去新加坡！ 细读,65142,https://fuliba2023.net/2026130.html,https://img03.sogoucdn.com/v2/thumb/retype_exclude_gif/ext/auto/q/100/?appid=122&url=tvax3.sinaimg.cn/large/006BNqYCly1ih5858bs24j323i1hc4qp.jpg,福利吧,最新文章,latest,hotlist,2026-09-16,2026-09-24 06:20:35
20,OnlyHaven：“OnlyFans”和“Patreon”付费资源公共存档站,好孩子kan不见 · 5 条评论 · 之前给大家分享过Coomer和Kemono之类的“OnlyFans”“Fansly”等付费资源存档站 Coomer：OnlyFans付费资源公共存档网站 Thotsbay：OnlyFans资源免付费,40860,https://fuliba2023.net/cum-st.html,https://img03.sogoucdn.com/v2/thumb/retype_exclude_gif/ext/auto/q/100/?appid=122&url=tvax2.sinaimg.cn/large/006BNqYCly1ih3y936dxqj31mi0rnx5b.jpg,福利吧,最新文章,latest,hotlist,2026-09-16,2026-09-24 06:20:35
1,歌曲推荐：柬埔寨迷幻流行摇滚乐专辑《Cambodian Rocks》 附纪录片《别认为我忘了:柬埔寨失去的摇滚乐》,福利吧 · 0 条评论 · 之前我们更新过一期食贫道的节目中讲过柬埔寨的摇滚音乐 2026.03.21食贫道最新纪录片食视频《电诈 摇滚 吴哥窟》 当时那个节目记录了一部分柬埔寨音乐,529,https://fuliba2023.net/cambodian-rocks.html,https://img03.sogoucdn.com/v2/thumb/retype_exclude_gif/ext/auto/q/100/?appid=122&url=tvax3.sinaimg.cn/large/006BNqYCly1ihdt5his8lj30ov0ov7jh.jpg,福利吧,最新文章,latest,hotlist,2026-09-24,2026-09-24 07:17:51
2,ましゅまろ団：《交友软件上认识的辣妹居然是个土味女》 谁是谁的菜？,漫画推荐 · 4 条评论 · 今天给大家推荐的是画师“ましゅまろ団”的一个短篇作品 作品总计51P，故事是常见的约会见面套路，感觉有同类的真人版 没有的话，这剧情也很适合改编,8483,https://fuliba2023.net/tuweimeidechuntian.html,https://img03.sogoucdn.com/v2/thumb/retype_exclude_gif/ext/auto/q/100/?appid=122&url=tvax1.sinaimg.cn/large/006BNqYCly1ihdoy8qgy6j31320tnamf.jpg,福利吧,最新文章,latest,hotlist,2026-09-23,2026-09-24 07:17:51
3,蔡文娜：军阀姨太太的真实生活是什么样的？ 附《一个过渡时代的家庭》论文,福利吧 · 3 条评论 · 之前在抖音刷到一个视频，讲述了一个军阀太太“蔡文娜”考入大学 写了一篇记录自己婚姻生活的社会学论文，论文是客观的，故事是悲剧的 “蔡文娜”没有,21367,https://fuliba2023.net/gdsddjt.html,https://img03.sogoucdn.com/v2/thumb/retype_exclude_gif/ext/auto/q/100/?appid=122&url=tvax4.sinaimg.cn/large/006BNqYCly1ihb460bhx3j30af0ehwgd.jpg,福利吧,最新文章,latest,hotlist,2026-09-23,2026-09-24 07:17:51
4,淘宝京东优惠商品汇总，9月23日9点更新 购物领券fuliba99.net,购物网赚 · 314 条评论 · 购物搜券：福利久久 — 精选好货，实时更新 商品更新较快，请加购物群获得第一手消息。微信扫码加好友，回复“京东群”或者“淘宝群”自动拉你。 广西,453028,https://fuliba2023.net/99.html,https://img03.sogoucdn.com/v2/thumb/retype_exclude_gif/ext/auto/q/100/?appid=122&url=https://tva1.sinaimg.cn/large/009Zip4ygy1ihc69130ayj309q09qdg9.jpg,福利吧,最新文章,latest,hotlist,2026-09-23,2026-09-24 07:17:51
5,【福利】5.9元买二锅头送京东标准洗车&蚂蚁阿福智能体脂秤到手4.9元,购物网赚 · 18 条评论 · 京东下单二锅头，送京东工作日标准洗车一次。 商品价7.9元包邮，加购物车，会送一个2-2元的优惠券（或购物车内右侧砸蛋）， 实付5.9，主要是薅洗车福,20693,https://fuliba2023.net/wolai.html,https://img03.sogoucdn.com/v2/thumb/retype_exclude_gif/ext/auto/q/100/?appid=122&url=https://tva1.sinaimg.cn/large/009Zip4ygy1ihcfu9nketj309q09qaas.jpg,福利吧,最新文章,latest,hotlist,2026-09-22,2026-09-24 07:17:51
6,2026年福利汇总第133期 ：蜜桃甜妹,福利汇总 · 13 条评论 · BGM：《黄河谣》：点击播放 热门视频： 太牛逼了，崔健在2026湾区升明月演唱《时间的b面》把全场看傻眼 解读《末代皇帝》配乐：音乐到底是如何表达一,51970,https://fuliba2023.net/2026133.html,https://img03.sogoucdn.com/v2/thumb/retype_exclude_gif/ext/auto/q/100/?appid=122&url=tvax3.sinaimg.cn/large/006BNqYCly1ihc8qea2jbj33h04moe83.jpg,福利吧,最新文章,latest,hotlist,2026-09-22,2026-09-24 07:17:51
7,河北彩花：空姐主题新作片头居然是用AI生成 老乡越来越不走心？,业界速报 · 10 条评论 · 最近河北老乡又上热搜了，这次成为话题主要有俩原因 第一就是最近发布的一部空姐主题作品 开幕的一段居然全部都是AI生成的，不少网友吐槽老乡越来越敷,19857,https://fuliba2023.net/snos-377.html,https://img03.sogoucdn.com/v2/thumb/retype_exclude_gif/ext/auto/q/100/?appid=122&url=tvax4.sinaimg.cn/large/006BNqYCly1ihb5ip7rm6g30m80ciqv5.gif,福利吧,最新文章,latest,hotlist,2026-09-22,2026-09-24 07:17:51
8,2026年9月趣站分享：听记/App比价/图标制作/装机软件 中国天气地图,趣站分享 · 7 条评论 · 趣味网站分享系列：https://fuliba2025.net/quwei 没有采取单发文章推荐的内容，大部分来自福利吧论坛或网友邮件投稿。 如果你也有不错的内容,16965,https://fuliba2023.net/website202609.html,https://img03.sogoucdn.com/v2/thumb/retype_exclude_gif/ext/auto/q/100/?appid=122&url=tvax1.sinaimg.cn/large/006BNqYCly1ift9t7n41kj315y0v1gwr.jpg,福利吧,最新文章,latest,hotlist,2026-09-21,2026-09-24 07:17:51
9,Netflix韩国剧集：《挑情丑闻》全8集 情爱画面很唯美,影视推荐 · 11 条评论 · Netflix最近上线的一部桃色剧集 原作品是法国18世纪小说家拉克洛用书信形式所写成的小说《危险关系》 剧版改编自由李在容执导、2003年上映的同名电影,34252,https://fuliba2023.net/scandals.html,https://img03.sogoucdn.com/v2/thumb/retype_exclude_gif/ext/auto/q/100/?appid=122&url=tvax1.sinaimg.cn/large/006BNqYCly1iha0neyeu0j31x90z5e82.jpg,福利吧,最新文章,latest,hotlist,2026-09-21,2026-09-24 07:17:51
10,“倉木華”遗作《我在深夜便利店做收银被微醺大姐姐攻略》上线 可惜再也看不到妹子新作了,图解电影 · 6 条评论 · 前几天我们曾经发帖说过，又一位日本女演员因为牛郎问题选择了自杀离开这个世界 噩耗：日本女优“倉木華”在住所自杀身亡 死亡原因引网络热议 翻看她,43024,https://fuliba2023.net/snos-397.html,https://img03.sogoucdn.com/v2/thumb/retype_exclude_gif/ext/auto/q/100/?appid=122&url=tvax4.sinaimg.cn/large/006BNqYCly1ih9wo1lt79j31cl0r81kx.jpg,福利吧,最新文章,latest,hotlist,2026-09-20,2026-09-24 07:17:51
11,2026年福利汇总第132期 ：失语梦,福利汇总 · 10 条评论 · BGM：《失语梦》：点击播放 热门视频： 有网友到青海西宁旅游，打车途中，司机师傅一路介绍青海，讲得头头是道 铭文中的谜之天子，逨盘，195件国宝第1,41623,https://fuliba2023.net/2026132.html,https://img03.sogoucdn.com/v2/thumb/retype_exclude_gif/ext/auto/q/100/?appid=122&url=tvax1.sinaimg.cn/large/006BNqYCly1ih9uxu4308j335s23ub14.jpg,福利吧,最新文章,latest,hotlist,2026-09-20,2026-09-24 07:17:51
12,二二酸酸：《青春课本系列》 带你重新认识那些熟悉的语文课文,BILIBILI · 10 条评论 · 今天给大家推荐一个B站的UP主“二二酸酸” 她制作的有一个系列节目叫《青春课本系列》 讲解的都是我们上学时候学习的语文课本里那些文章之外的故事 有,18959,https://fuliba2023.net/erersuansuan.html,https://img03.sogoucdn.com/v2/thumb/retype_exclude_gif/ext/auto/q/100/?appid=122&url=tvax1.sinaimg.cn/large/006BNqYCly1ih8oakntacj313t0ov137.jpg,福利吧,最新文章,latest,hotlist,2026-09-19,2026-09-24 07:17:51
13,“Gattouz0”新作，居然又是亚洲妹 三人同行有点猛,好孩子kan不见 · 14 条评论 · 前几天我们发帖说过“Gattouz0”发布的新作是一个亚洲女孩 虽然他描述是中国人，但是从更新动态等种种迹象来看，更像是一个越南妹 “Gattouz0”再约亚,36762,https://fuliba2023.net/new-gattouz0-bunny-umi-bunny-una-double.html,https://img03.sogoucdn.com/v2/thumb/retype_exclude_gif/ext/auto/q/100/?appid=122&url=tvax4.sinaimg.cn/large/006BNqYCly1ih7we2b494j31ct0rie7s.jpg,福利吧,最新文章,latest,hotlist,2026-09-19,2026-09-24 07:17:51
14,犬上いの字：《收到陌生女性隔空投送发来私密照片的经历》 苹果用户专享,漫画推荐 · 6 条评论 · 今天给大家推荐的是日本画师“犬上いの字”的作品 这部漫画创意挺好，故事内容有轻微SM向，不过是大姐姐纯爱作品 作品共计三话，85P左右，下面是剧情,23044,https://fuliba2023.net/the-story-of-how-i-received-a-racy-selfie-via-image-sharing-from-a-woman-i-didnt-know.html,https://img03.sogoucdn.com/v2/thumb/retype_exclude_gif/ext/auto/q/100/?appid=122&url=tvax1.sinaimg.cn/large/006BNqYCly1ih7wv859lrj31id0w5tm8.jpg,福利吧,最新文章,latest,hotlist,2026-09-18,2026-09-24 07:17:51
15,2026年福利汇总第131期 ：神秘礼物,福利汇总 · 10 条评论 · BGM：《神秘礼物》：点击播放 热门视频： 【邓肯】“梅姨”案 我只是想煮一个鸡蛋，互联网却想教我做人 为什么所有 App 都能借钱给你？网贷如何变得无,39715,https://fuliba2023.net/2026131.html,https://img03.sogoucdn.com/v2/thumb/retype_exclude_gif/ext/auto/q/100/?appid=122&url=tvax4.sinaimg.cn/large/006BNqYCly1ih7v9i5gyrj323u1kwdy6.jpg,福利吧,最新文章,latest,hotlist,2026-09-18,2026-09-24 07:17:51
16,NGA一个精彩刺激的私人经历文,福利吧 · 7 条评论 · 感谢福利吧论坛网友“yyds1111”分享，更多优秀分享请访问福利吧论坛。 这是NGA上一个帖子连载更新的，整理成文本分享。 主要讲KTV里约妹子的事，有荤,37650,https://fuliba2023.net/xiaoc.html,https://img03.sogoucdn.com/v2/thumb/retype_exclude_gif/ext/auto/q/100/?appid=122&url=https://tva1.sinaimg.cn/large/009Zip4ygy1ih6pc9dq8sj30or0gfwgc.jpg,福利吧,最新文章,latest,hotlist,2026-09-17,2026-09-24 07:17:51
17,よふかしのへや：《反正要死了，随你处置》翻拍真人版 逢沢みゆ出演,图解电影 · 21 条评论 · 去年的时候，我们给大家推荐过画师“よふかしのへや”的这部作品 よふかしのへや：《反正要死了，随你处置》 用爱爱拯救厌世少女 时隔一年，这部作品,49841,https://fuliba2023.net/rki-757.html,https://img03.sogoucdn.com/v2/thumb/retype_exclude_gif/ext/auto/q/100/?appid=122&url=tvax3.sinaimg.cn/large/006BNqYCly1ih6bur3oovj316d0r8tuo.jpg,福利吧,最新文章,latest,hotlist,2026-09-17,2026-09-24 07:17:51
18,2026年7月番剧推荐：《我独自盗墓》 更新至第10集,动漫影视 · 1 条评论 · 2024年的时候，我们给大家推荐过一部韩漫改编的异世界动漫作品 2025年这部作品已经出了第二季，异世界番剧里的黑马之作，非常好看 2024年1月番剧推荐,11335,https://fuliba2023.net/tomb-raider-king.html,https://img03.sogoucdn.com/v2/thumb/retype_exclude_gif/ext/auto/q/100/?appid=122&url=tvax3.sinaimg.cn/large/006BNqYCly1ih6v0vd7pmj31gr0u0k15.jpg,福利吧,最新文章,latest,hotlist,2026-09-17,2026-09-24 07:17:51
19,2026年福利汇总第130期 ：百万朵玫瑰,福利汇总 · 11 条评论 · BGM：《百万本のバラ》：点击播放 热门视频： 我们平时点外卖的袋子是如何生产的？ 九年义务教育，正在变成“义务坐牢” 从北京坐火车去新加坡！ 细读,65165,https://fuliba2023.net/2026130.html,https://img03.sogoucdn.com/v2/thumb/retype_exclude_gif/ext/auto/q/100/?appid=122&url=tvax3.sinaimg.cn/large/006BNqYCly1ih5858bs24j323i1hc4qp.jpg,福利吧,最新文章,latest,hotlist,2026-09-16,2026-09-24 07:17:51
20,OnlyHaven：“OnlyFans”和“Patreon”付费资源公共存档站,好孩子kan不见 · 5 条评论 · 之前给大家分享过Coomer和Kemono之类的“OnlyFans”“Fansly”等付费资源存档站 Coomer：OnlyFans付费资源公共存档网站 Thotsbay：OnlyFans资源免付费,40875,https://fuliba2023.net/cum-st.html,https://img03.sogoucdn.com/v2/thumb/retype_exclude_gif/ext/auto/q/100/?appid=122&url=tvax2.sinaimg.cn/large/006BNqYCly1ih3y936dxqj31mi0rnx5b.jpg,福利吧,最新文章,latest,hotlist,2026-09-16,2026-09-24 07:17:51
1,歌曲推荐：柬埔寨迷幻流行摇滚乐专辑《Cambodian Rocks》 附纪录片《别认为我忘了:柬埔寨失去的摇滚乐》,福利吧 · 1 条评论 · 之前我们更新过一期食贫道的节目中讲过柬埔寨的摇滚音乐 2026.03.21食贫道最新纪录片食视频《电诈 摇滚 吴哥窟》 当时那个节目记录了一部分柬埔寨音乐,1755,https://fuliba2023.net/cambodian-rocks.html,https://img03.sogoucdn.com/v2/thumb/retype_exclude_gif/ext/auto/q/100/?appid=122&url=tvax3.sinaimg.cn/large/006BNqYCly1ihdt5his8lj30ov0ov7jh.jpg,福利吧,最新文章,latest,hotlist,2026-09-24,2026-09-24 08:55:44
2,ましゅまろ団：《交友软件上认识的辣妹居然是个土味女》 谁是谁的菜？,漫画推荐 · 5 条评论 · 今天给大家推荐的是画师“ましゅまろ団”的一个短篇作品 作品总计51P，故事是常见的约会见面套路，感觉有同类的真人版 没有的话，这剧情也很适合改编,9709,https://fuliba2023.net/tuweimeidechuntian.html,https://img03.sogoucdn.com/v2/thumb/retype_exclude_gif/ext/auto/q/100/?appid=122&url=tvax1.sinaimg.cn/large/006BNqYCly1ihdoy8qgy6j31320tnamf.jpg,福利吧,最新文章,latest,hotlist,2026-09-23,2026-09-24 08:55:44
3,蔡文娜：军阀姨太太的真实生活是什么样的？ 附《一个过渡时代的家庭》论文,福利吧 · 3 条评论 · 之前在抖音刷到一个视频，讲述了一个军阀太太“蔡文娜”考入大学 写了一篇记录自己婚姻生活的社会学论文，论文是客观的，故事是悲剧的 “蔡文娜”没有,21960,https://fuliba2023.net/gdsddjt.html,https://img03.sogoucdn.com/v2/thumb/retype_exclude_gif/ext/auto/q/100/?appid=122&url=tvax4.sinaimg.cn/large/006BNqYCly1ihb460bhx3j30af0ehwgd.jpg,福利吧,最新文章,latest,hotlist,2026-09-23,2026-09-24 08:55:44
4,淘宝京东优惠商品汇总，9月23日9点更新 购物领券fuliba99.net,购物网赚 · 314 条评论 · 购物搜券：福利久久 — 精选好货，实时更新 商品更新较快，请加购物群获得第一手消息。微信扫码加好友，回复“京东群”或者“淘宝群”自动拉你。 广西,453183,https://fuliba2023.net/99.html,https://img03.sogoucdn.com/v2/thumb/retype_exclude_gif/ext/auto/q/100/?appid=122&url=https://tva1.sinaimg.cn/large/009Zip4ygy1ihc69130ayj309q09qdg9.jpg,福利吧,最新文章,latest,hotlist,2026-09-23,2026-09-24 08:55:44
5,【福利】5.9元买二锅头送京东标准洗车&蚂蚁阿福智能体脂秤到手4.9元,购物网赚 · 18 条评论 · 京东下单二锅头，送京东工作日标准洗车一次。 商品价7.9元包邮，加购物车，会送一个2-2元的优惠券（或购物车内右侧砸蛋）， 实付5.9，主要是薅洗车福,20775,https://fuliba2023.net/wolai.html,https://img03.sogoucdn.com/v2/thumb/retype_exclude_gif/ext/auto/q/100/?appid=122&url=https://tva1.sinaimg.cn/large/009Zip4ygy1ihcfu9nketj309q09qaas.jpg,福利吧,最新文章,latest,hotlist,2026-09-22,2026-09-24 08:55:44
6,2026年福利汇总第133期 ：蜜桃甜妹,福利汇总 · 13 条评论 · BGM：《黄河谣》：点击播放 热门视频： 太牛逼了，崔健在2026湾区升明月演唱《时间的b面》把全场看傻眼 解读《末代皇帝》配乐：音乐到底是如何表达一,52622,https://fuliba2023.net/2026133.html,https://img03.sogoucdn.com/v2/thumb/retype_exclude_gif/ext/auto/q/100/?appid=122&url=tvax3.sinaimg.cn/large/006BNqYCly1ihc8qea2jbj33h04moe83.jpg,福利吧,最新文章,latest,hotlist,2026-09-22,2026-09-24 08:55:44
7,河北彩花：空姐主题新作片头居然是用AI生成 老乡越来越不走心？,业界速报 · 10 条评论 · 最近河北老乡又上热搜了，这次成为话题主要有俩原因 第一就是最近发布的一部空姐主题作品 开幕的一段居然全部都是AI生成的，不少网友吐槽老乡越来越敷,20016,https://fuliba2023.net/snos-377.html,https://img03.sogoucdn.com/v2/thumb/retype_exclude_gif/ext/auto/q/100/?appid=122&url=tvax4.sinaimg.cn/large/006BNqYCly1ihb5ip7rm6g30m80ciqv5.gif,福利吧,最新文章,latest,hotlist,2026-09-22,2026-09-24 08:55:44
8,2026年9月趣站分享：听记/App比价/图标制作/装机软件 中国天气地图,趣站分享 · 7 条评论 · 趣味网站分享系列：https://fuliba2025.net/quwei 没有采取单发文章推荐的内容，大部分来自福利吧论坛或网友邮件投稿。 如果你也有不错的内容,17035,https://fuliba2023.net/website202609.html,https://img03.sogoucdn.com/v2/thumb/retype_exclude_gif/ext/auto/q/100/?appid=122&url=tvax1.sinaimg.cn/large/006BNqYCly1ift9t7n41kj315y0v1gwr.jpg,福利吧,最新文章,latest,hotlist,2026-09-21,2026-09-24 08:55:44
9,Netflix韩国剧集：《挑情丑闻》全8集 情爱画面很唯美,影视推荐 · 11 条评论 · Netflix最近上线的一部桃色剧集 原作品是法国18世纪小说家拉克洛用书信形式所写成的小说《危险关系》 剧版改编自由李在容执导、2003年上映的同名电影,34394,https://fuliba2023.net/scandals.html,https://img03.sogoucdn.com/v2/thumb/retype_exclude_gif/ext/auto/q/100/?appid=122&url=tvax1.sinaimg.cn/large/006BNqYCly1iha0neyeu0j31x90z5e82.jpg,福利吧,最新文章,latest,hotlist,2026-09-21,2026-09-24 08:55:44
10,“倉木華”遗作《我在深夜便利店做收银被微醺大姐姐攻略》上线 可惜再也看不到妹子新作了,图解电影 · 6 条评论 · 前几天我们曾经发帖说过，又一位日本女演员因为牛郎问题选择了自杀离开这个世界 噩耗：日本女优“倉木華”在住所自杀身亡 死亡原因引网络热议 翻看她,43141,https://fuliba2023.net/snos-397.html,https://img03.sogoucdn.com/v2/thumb/retype_exclude_gif/ext/auto/q/100/?appid=122&url=tvax4.sinaimg.cn/large/006BNqYCly1ih9wo1lt79j31cl0r81kx.jpg,福利吧,最新文章,latest,hotlist,2026-09-20,2026-09-24 08:55:44
11,2026年福利汇总第132期 ：失语梦,福利汇总 · 10 条评论 · BGM：《失语梦》：点击播放 热门视频： 有网友到青海西宁旅游，打车途中，司机师傅一路介绍青海，讲得头头是道 铭文中的谜之天子，逨盘，195件国宝第1,41739,https://fuliba2023.net/2026132.html,https://img03.sogoucdn.com/v2/thumb/retype_exclude_gif/ext/auto/q/100/?appid=122&url=tvax1.sinaimg.cn/large/006BNqYCly1ih9uxu4308j335s23ub14.jpg,福利吧,最新文章,latest,hotlist,2026-09-20,2026-09-24 08:55:44
12,二二酸酸：《青春课本系列》 带你重新认识那些熟悉的语文课文,BILIBILI · 10 条评论 · 今天给大家推荐一个B站的UP主“二二酸酸” 她制作的有一个系列节目叫《青春课本系列》 讲解的都是我们上学时候学习的语文课本里那些文章之外的故事 有,18999,https://fuliba2023.net/erersuansuan.html,https://img03.sogoucdn.com/v2/thumb/retype_exclude_gif/ext/auto/q/100/?appid=122&url=tvax1.sinaimg.cn/large/006BNqYCly1ih8oakntacj313t0ov137.jpg,福利吧,最新文章,latest,hotlist,2026-09-19,2026-09-24 08:55:44
13,“Gattouz0”新作，居然又是亚洲妹 三人同行有点猛,好孩子kan不见 · 14 条评论 · 前几天我们发帖说过“Gattouz0”发布的新作是一个亚洲女孩 虽然他描述是中国人，但是从更新动态等种种迹象来看，更像是一个越南妹 “Gattouz0”再约亚,36857,https://fuliba2023.net/new-gattouz0-bunny-umi-bunny-una-double.html,https://img03.sogoucdn.com/v2/thumb/retype_exclude_gif/ext/auto/q/100/?appid=122&url=tvax4.sinaimg.cn/large/006BNqYCly1ih7we2b494j31ct0rie7s.jpg,福利吧,最新文章,latest,hotlist,2026-09-19,2026-09-24 08:55:44
14,犬上いの字：《收到陌生女性隔空投送发来私密照片的经历》 苹果用户专享,漫画推荐 · 6 条评论 · 今天给大家推荐的是日本画师“犬上いの字”的作品 这部漫画创意挺好，故事内容有轻微SM向，不过是大姐姐纯爱作品 作品共计三话，85P左右，下面是剧情,23099,https://fuliba2023.net/the-story-of-how-i-received-a-racy-selfie-via-image-sharing-from-a-woman-i-didnt-know.html,https://img03.sogoucdn.com/v2/thumb/retype_exclude_gif/ext/auto/q/100/?appid=122&url=tvax1.sinaimg.cn/large/006BNqYCly1ih7wv859lrj31id0w5tm8.jpg,福利吧,最新文章,latest,hotlist,2026-09-18,2026-09-24 08:55:44
15,2026年福利汇总第131期 ：神秘礼物,福利汇总 · 10 条评论 · BGM：《神秘礼物》：点击播放 热门视频： 【邓肯】“梅姨”案 我只是想煮一个鸡蛋，互联网却想教我做人 为什么所有 App 都能借钱给你？网贷如何变得无,39791,https://fuliba2023.net/2026131.html,https://img03.sogoucdn.com/v2/thumb/retype_exclude_gif/ext/auto/q/100/?appid=122&url=tvax4.sinaimg.cn/large/006BNqYCly1ih7v9i5gyrj323u1kwdy6.jpg,福利吧,最新文章,latest,hotlist,2026-09-18,2026-09-24 08:55:44
16,NGA一个精彩刺激的私人经历文,福利吧 · 7 条评论 · 感谢福利吧论坛网友“yyds1111”分享，更多优秀分享请访问福利吧论坛。 这是NGA上一个帖子连载更新的，整理成文本分享。 主要讲KTV里约妹子的事，有荤,37690,https://fuliba2023.net/xiaoc.html,https://img03.sogoucdn.com/v2/thumb/retype_exclude_gif/ext/auto/q/100/?appid=122&url=https://tva1.sinaimg.cn/large/009Zip4ygy1ih6pc9dq8sj30or0gfwgc.jpg,福利吧,最新文章,latest,hotlist,2026-09-17,2026-09-24 08:55:44
17,よふかしのへや：《反正要死了，随你处置》翻拍真人版 逢沢みゆ出演,图解电影 · 21 条评论 · 去年的时候，我们给大家推荐过画师“よふかしのへや”的这部作品 よふかしのへや：《反正要死了，随你处置》 用爱爱拯救厌世少女 时隔一年，这部作品,49916,https://fuliba2023.net/rki-757.html,https://img03.sogoucdn.com/v2/thumb/retype_exclude_gif/ext/auto/q/100/?appid=122&url=tvax3.sinaimg.cn/large/006BNqYCly1ih6bur3oovj316d0r8tuo.jpg,福利吧,最新文章,latest,hotlist,2026-09-17,2026-09-24 08:55:44
18,2026年7月番剧推荐：《我独自盗墓》 更新至第10集,动漫影视 · 1 条评论 · 2024年的时候，我们给大家推荐过一部韩漫改编的异世界动漫作品 2025年这部作品已经出了第二季，异世界番剧里的黑马之作，非常好看 2024年1月番剧推荐,11355,https://fuliba2023.net/tomb-raider-king.html,https://img03.sogoucdn.com/v2/thumb/retype_exclude_gif/ext/auto/q/100/?appid=122&url=tvax3.sinaimg.cn/large/006BNqYCly1ih6v0vd7pmj31gr0u0k15.jpg,福利吧,最新文章,latest,hotlist,2026-09-17,2026-09-24 08:55:44
19,2026年福利汇总第130期 ：百万朵玫瑰,福利汇总 · 11 条评论 · BGM：《百万本のバラ》：点击播放 热门视频： 我们平时点外卖的袋子是如何生产的？ 九年义务教育，正在变成“义务坐牢” 从北京坐火车去新加坡！ 细读,65221,https://fuliba2023.net/2026130.html,https://img03.sogoucdn.com/v2/thumb/retype_exclude_gif/ext/auto/q/100/?appid=122&url=tvax3.sinaimg.cn/large/006BNqYCly1ih5858bs24j323i1hc4qp.jpg,福利吧,最新文章,latest,hotlist,2026-09-16,2026-09-24 08:55:44
20,OnlyHaven：“OnlyFans”和“Patreon”付费资源公共存档站,好孩子kan不见 · 5 条评论 · 之前给大家分享过Coomer和Kemono之类的“OnlyFans”“Fansly”等付费资源存档站 Coomer：OnlyFans付费资源公共存档网站 Thotsbay：OnlyFans资源免付费,40929,https://fuliba2023.net/cum-st.html,https://img03.sogoucdn.com/v2/thumb/retype_exclude_gif/ext/auto/q/100/?appid=122&url=tvax2.sinaimg.cn/large/006BNqYCly1ih3y936dxqj31mi0rnx5b.jpg,福利吧,最新文章,latest,hotlist,2026-09-16,2026-09-24 08:55:44
1,2026年福利汇总第134期 ：甜味玉米,福利汇总 · 1 条评论 · BGM：《Cắt Đôi Nỗi Sầu》：点击播放 热门视频： 怪不得说能当团播的都不是一般人，龙浩天走播一场就是好几个小时 难评，太难评了 用iPhone的形,1852,https://fuliba2023.net/2026134.html,https://img03.sogoucdn.com/v2/thumb/retype_exclude_gif/ext/auto/q/100/?appid=122&url=tvax4.sinaimg.cn/large/006BNqYCly1ihdsa6ulp7j30wi0kogo4.jpg,福利吧,最新文章,latest,hotlist,2026-09-24,2026-09-24 09:32:42
2,歌曲推荐：柬埔寨迷幻流行摇滚乐专辑《Cambodian Rocks》 附纪录片《别认为我忘了:柬埔寨失去的摇滚乐》,福利吧 · 1 条评论 · 之前我们更新过一期食贫道的节目中讲过柬埔寨的摇滚音乐 2026.03.21食贫道最新纪录片食视频《电诈 摇滚 吴哥窟》 当时那个节目记录了一部分柬埔寨音乐,2222,https://fuliba2023.net/cambodian-rocks.html,https://img03.sogoucdn.com/v2/thumb/retype_exclude_gif/ext/auto/q/100/?appid=122&url=tvax3.sinaimg.cn/large/006BNqYCly1ihdt5his8lj30ov0ov7jh.jpg,福利吧,最新文章,latest,hotlist,2026-09-24,2026-09-24 09:32:42
3,ましゅまろ団：《交友软件上认识的辣妹居然是个土味女》 谁是谁的菜？,漫画推荐 · 6 条评论 · 今天给大家推荐的是画师“ましゅまろ団”的一个短篇作品 作品总计51P，故事是常见的约会见面套路，感觉有同类的真人版 没有的话，这剧情也很适合改编,10168,https://fuliba2023.net/tuweimeidechuntian.html,https://img03.sogoucdn.com/v2/thumb/retype_exclude_gif/ext/auto/q/100/?appid=122&url=tvax1.sinaimg.cn/large/006BNqYCly1ihdoy8qgy6j31320tnamf.jpg,福利吧,最新文章,latest,hotlist,2026-09-23,2026-09-24 09:32:42
4,蔡文娜：军阀姨太太的真实生活是什么样的？ 附《一个过渡时代的家庭》论文,福利吧 · 3 条评论 · 之前在抖音刷到一个视频，讲述了一个军阀太太“蔡文娜”考入大学 写了一篇记录自己婚姻生活的社会学论文，论文是客观的，故事是悲剧的 “蔡文娜”没有,22201,https://fuliba2023.net/gdsddjt.html,https://img03.sogoucdn.com/v2/thumb/retype_exclude_gif/ext/auto/q/100/?appid=122&url=tvax4.sinaimg.cn/large/006BNqYCly1ihb460bhx3j30af0ehwgd.jpg,福利吧,最新文章,latest,hotlist,2026-09-23,2026-09-24 09:32:42
5,淘宝京东优惠商品汇总，9月23日9点更新 购物领券fuliba99.net,购物网赚 · 314 条评论 · 购物搜券：福利久久 — 精选好货，实时更新 商品更新较快，请加购物群获得第一手消息。微信扫码加好友，回复“京东群”或者“淘宝群”自动拉你。 广西,453241,https://fuliba2023.net/99.html,https://img03.sogoucdn.com/v2/thumb/retype_exclude_gif/ext/auto/q/100/?appid=122&url=https://tva1.sinaimg.cn/large/009Zip4ygy1ihc69130ayj309q09qdg9.jpg,福利吧,最新文章,latest,hotlist,2026-09-23,2026-09-24 09:32:42
6,【福利】5.9元买二锅头送京东标准洗车&蚂蚁阿福智能体脂秤到手4.9元,购物网赚 · 18 条评论 · 京东下单二锅头，送京东工作日标准洗车一次。 商品价7.9元包邮，加购物车，会送一个2-2元的优惠券（或购物车内右侧砸蛋）， 实付5.9，主要是薅洗车福,20796,https://fuliba2023.net/wolai.html,https://img03.sogoucdn.com/v2/thumb/retype_exclude_gif/ext/auto/q/100/?appid=122&url=https://tva1.sinaimg.cn/large/009Zip4ygy1ihcfu9nketj309q09qaas.jpg,福利吧,最新文章,latest,hotlist,2026-09-22,2026-09-24 09:32:42
7,2026年福利汇总第133期 ：蜜桃甜妹,福利汇总 · 13 条评论 · BGM：《黄河谣》：点击播放 热门视频： 太牛逼了，崔健在2026湾区升明月演唱《时间的b面》把全场看傻眼 解读《末代皇帝》配乐：音乐到底是如何表达一,52849,https://fuliba2023.net/2026133.html,https://img03.sogoucdn.com/v2/thumb/retype_exclude_gif/ext/auto/q/100/?appid=122&url=tvax3.sinaimg.cn/large/006BNqYCly1ihc8qea2jbj33h04moe83.jpg,福利吧,最新文章,latest,hotlist,2026-09-22,2026-09-24 09:32:42
8,河北彩花：空姐主题新作片头居然是用AI生成 老乡越来越不走心？,业界速报 · 11 条评论 · 最近河北老乡又上热搜了，这次成为话题主要有俩原因 第一就是最近发布的一部空姐主题作品 开幕的一段居然全部都是AI生成的，不少网友吐槽老乡越来越敷,20089,https://fuliba2023.net/snos-377.html,https://img03.sogoucdn.com/v2/thumb/retype_exclude_gif/ext/auto/q/100/?appid=122&url=tvax4.sinaimg.cn/large/006BNqYCly1ihb5ip7rm6g30m80ciqv5.gif,福利吧,最新文章,latest,hotlist,2026-09-22,2026-09-24 09:32:42
9,2026年9月趣站分享：听记/App比价/图标制作/装机软件 中国天气地图,趣站分享 · 7 条评论 · 趣味网站分享系列：https://fuliba2025.net/quwei 没有采取单发文章推荐的内容，大部分来自福利吧论坛或网友邮件投稿。 如果你也有不错的内容,17065,https://fuliba2023.net/website202609.html,https://img03.sogoucdn.com/v2/thumb/retype_exclude_gif/ext/auto/q/100/?appid=122&url=tvax1.sinaimg.cn/large/006BNqYCly1ift9t7n41kj315y0v1gwr.jpg,福利吧,最新文章,latest,hotlist,2026-09-21,2026-09-24 09:32:42
10,Netflix韩国剧集：《挑情丑闻》全8集 情爱画面很唯美,影视推荐 · 11 条评论 · Netflix最近上线的一部桃色剧集 原作品是法国18世纪小说家拉克洛用书信形式所写成的小说《危险关系》 剧版改编自由李在容执导、2003年上映的同名电影,34452,https://fuliba2023.net/scandals.html,https://img03.sogoucdn.com/v2/thumb/retype_exclude_gif/ext/auto/q/100/?appid=122&url=tvax1.sinaimg.cn/large/006BNqYCly1iha0neyeu0j31x90z5e82.jpg,福利吧,最新文章,latest,hotlist,2026-09-21,2026-09-24 09:32:42
11,“倉木華”遗作《我在深夜便利店做收银被微醺大姐姐攻略》上线 可惜再也看不到妹子新作了,图解电影 · 6 条评论 · 前几天我们曾经发帖说过，又一位日本女演员因为牛郎问题选择了自杀离开这个世界 噩耗：日本女优“倉木華”在住所自杀身亡 死亡原因引网络热议 翻看她,43196,https://fuliba2023.net/snos-397.html,https://img03.sogoucdn.com/v2/thumb/retype_exclude_gif/ext/auto/q/100/?appid=122&url=tvax4.sinaimg.cn/large/006BNqYCly1ih9wo1lt79j31cl0r81kx.jpg,福利吧,最新文章,latest,hotlist,2026-09-20,2026-09-24 09:32:42
12,2026年福利汇总第132期 ：失语梦,福利汇总 · 10 条评论 · BGM：《失语梦》：点击播放 热门视频： 有网友到青海西宁旅游，打车途中，司机师傅一路介绍青海，讲得头头是道 铭文中的谜之天子，逨盘，195件国宝第1,41801,https://fuliba2023.net/2026132.html,https://img03.sogoucdn.com/v2/thumb/retype_exclude_gif/ext/auto/q/100/?appid=122&url=tvax1.sinaimg.cn/large/006BNqYCly1ih9uxu4308j335s23ub14.jpg,福利吧,最新文章,latest,hotlist,2026-09-20,2026-09-24 09:32:42
13,二二酸酸：《青春课本系列》 带你重新认识那些熟悉的语文课文,BILIBILI · 10 条评论 · 今天给大家推荐一个B站的UP主“二二酸酸” 她制作的有一个系列节目叫《青春课本系列》 讲解的都是我们上学时候学习的语文课本里那些文章之外的故事 有,19021,https://fuliba2023.net/erersuansuan.html,https://img03.sogoucdn.com/v2/thumb/retype_exclude_gif/ext/auto/q/100/?appid=122&url=tvax1.sinaimg.cn/large/006BNqYCly1ih8oakntacj313t0ov137.jpg,福利吧,最新文章,latest,hotlist,2026-09-19,2026-09-24 09:32:42
14,“Gattouz0”新作，居然又是亚洲妹 三人同行有点猛,好孩子kan不见 · 14 条评论 · 前几天我们发帖说过“Gattouz0”发布的新作是一个亚洲女孩 虽然他描述是中国人，但是从更新动态等种种迹象来看，更像是一个越南妹 “Gattouz0”再约亚,36900,https://fuliba2023.net/new-gattouz0-bunny-umi-bunny-una-double.html,https://img03.sogoucdn.com/v2/thumb/retype_exclude_gif/ext/auto/q/100/?appid=122&url=tvax4.sinaimg.cn/large/006BNqYCly1ih7we2b494j31ct0rie7s.jpg,福利吧,最新文章,latest,hotlist,2026-09-19,2026-09-24 09:32:42
15,犬上いの字：《收到陌生女性隔空投送发来私密照片的经历》 苹果用户专享,漫画推荐 · 6 条评论 · 今天给大家推荐的是日本画师“犬上いの字”的作品 这部漫画创意挺好，故事内容有轻微SM向，不过是大姐姐纯爱作品 作品共计三话，85P左右，下面是剧情,23117,https://fuliba2023.net/the-story-of-how-i-received-a-racy-selfie-via-image-sharing-from-a-woman-i-didnt-know.html,https://img03.sogoucdn.com/v2/thumb/retype_exclude_gif/ext/auto/q/100/?appid=122&url=tvax1.sinaimg.cn/large/006BNqYCly1ih7wv859lrj31id0w5tm8.jpg,福利吧,最新文章,latest,hotlist,2026-09-18,2026-09-24 09:32:42
16,2026年福利汇总第131期 ：神秘礼物,福利汇总 · 10 条评论 · BGM：《神秘礼物》：点击播放 热门视频： 【邓肯】“梅姨”案 我只是想煮一个鸡蛋，互联网却想教我做人 为什么所有 App 都能借钱给你？网贷如何变得无,39820,https://fuliba2023.net/2026131.html,https://img03.sogoucdn.com/v2/thumb/retype_exclude_gif/ext/auto/q/100/?appid=122&url=tvax4.sinaimg.cn/large/006BNqYCly1ih7v9i5gyrj323u1kwdy6.jpg,福利吧,最新文章,latest,hotlist,2026-09-18,2026-09-24 09:32:42
17,NGA一个精彩刺激的私人经历文,福利吧 · 7 条评论 · 感谢福利吧论坛网友“yyds1111”分享，更多优秀分享请访问福利吧论坛。 这是NGA上一个帖子连载更新的，整理成文本分享。 主要讲KTV里约妹子的事，有荤,37708,https://fuliba2023.net/xiaoc.html,https://img03.sogoucdn.com/v2/thumb/retype_exclude_gif/ext/auto/q/100/?appid=122&url=https://tva1.sinaimg.cn/large/009Zip4ygy1ih6pc9dq8sj30or0gfwgc.jpg,福利吧,最新文章,latest,hotlist,2026-09-17,2026-09-24 09:32:42
18,よふかしのへや：《反正要死了，随你处置》翻拍真人版 逢沢みゆ出演,图解电影 · 21 条评论 · 去年的时候，我们给大家推荐过画师“よふかしのへや”的这部作品 よふかしのへや：《反正要死了，随你处置》 用爱爱拯救厌世少女 时隔一年，这部作品,49945,https://fuliba2023.net/rki-757.html,https://img03.sogoucdn.com/v2/thumb/retype_exclude_gif/ext/auto/q/100/?appid=122&url=tvax3.sinaimg.cn/large/006BNqYCly1ih6bur3oovj316d0r8tuo.jpg,福利吧,最新文章,latest,hotlist,2026-09-17,2026-09-24 09:32:42
19,2026年7月番剧推荐：《我独自盗墓》 更新至第10集,动漫影视 · 1 条评论 · 2024年的时候，我们给大家推荐过一部韩漫改编的异世界动漫作品 2025年这部作品已经出了第二季，异世界番剧里的黑马之作，非常好看 2024年1月番剧推荐,11363,https://fuliba2023.net/tomb-raider-king.html,https://img03.sogoucdn.com/v2/thumb/retype_exclude_gif/ext/auto/q/100/?appid=122&url=tvax3.sinaimg.cn/large/006BNqYCly1ih6v0vd7pmj31gr0u0k15.jpg,福利吧,最新文章,latest,hotlist,2026-09-17,2026-09-24 09:32:42
20,2026年福利汇总第130期 ：百万朵玫瑰,福利汇总 · 11 条评论 · BGM：《百万本のバラ》：点击播放 热门视频： 我们平时点外卖的袋子是如何生产的？ 九年义务教育，正在变成“义务坐牢” 从北京坐火车去新加坡！ 细读,65244,https://fuliba2023.net/2026130.html,https://img03.sogoucdn.com/v2/thumb/retype_exclude_gif/ext/auto/q/100/?appid=122&url=tvax3.sinaimg.cn/large/006BNqYCly1ih5858bs24j323i1hc4qp.jpg,福利吧,最新文章,latest,hotlist,2026-09-16,2026-09-24 09:32:42
1,2026年福利汇总第134期 ：甜味玉米,福利汇总 · 4 条评论 · BGM：《Cắt Đôi Nỗi Sầu》：点击播放 热门视频： 怪不得说能当团播的都不是一般人，龙浩天走播一场就是好几个小时 难评，太难评了 用iPhone的形,4855,https://fuliba2023.net/2026134.html,https://img03.sogoucdn.com/v2/thumb/retype_exclude_gif/ext/auto/q/100/?appid=122&url=tvax4.sinaimg.cn/large/006BNqYCly1ihdsa6ulp7j30wi0kogo4.jpg,福利吧,最新文章,latest,hotlist,2026-09-24,2026-09-24 10:32:28
2,歌曲推荐：柬埔寨迷幻流行摇滚乐专辑《Cambodian Rocks》 附纪录片《别认为我忘了:柬埔寨失去的摇滚乐》,福利吧 · 1 条评论 · 之前我们更新过一期食贫道的节目中讲过柬埔寨的摇滚音乐 2026.03.21食贫道最新纪录片食视频《电诈 摇滚 吴哥窟》 当时那个节目记录了一部分柬埔寨音乐,2831,https://fuliba2023.net/cambodian-rocks.html,https://img03.sogoucdn.com/v2/thumb/retype_exclude_gif/ext/auto/q/100/?appid=122&url=tvax3.sinaimg.cn/large/006BNqYCly1ihdt5his8lj30ov0ov7jh.jpg,福利吧,最新文章,latest,hotlist,2026-09-24,2026-09-24 10:32:28
3,淘宝京东优惠商品汇总，9月24日9点更新 购物领券fuliba99.net,购物网赚 · 314 条评论 · 购物搜券：福利久久 — 精选好货，实时更新 商品更新较快，请加购物群获得第一手消息。微信扫码加好友，回复“京东群”或者“淘宝群”自动拉你。 500g,453392,https://fuliba2023.net/99.html,https://img03.sogoucdn.com/v2/thumb/retype_exclude_gif/ext/auto/q/100/?appid=122&url=https://tva1.sinaimg.cn/large/009Zip4ygy1ihejk5oza8j309q09qgmb.jpg,福利吧,最新文章,latest,hotlist,2026-09-24,2026-09-24 10:32:28
4,ましゅまろ団：《交友软件上认识的辣妹居然是个土味女》 谁是谁的菜？,漫画推荐 · 6 条评论 · 今天给大家推荐的是画师“ましゅまろ団”的一个短篇作品 作品总计51P，故事是常见的约会见面套路，感觉有同类的真人版 没有的话，这剧情也很适合改编,10765,https://fuliba2023.net/tuweimeidechuntian.html,https://img03.sogoucdn.com/v2/thumb/retype_exclude_gif/ext/auto/q/100/?appid=122&url=tvax1.sinaimg.cn/large/006BNqYCly1ihdoy8qgy6j31320tnamf.jpg,福利吧,最新文章,latest,hotlist,2026-09-23,2026-09-24 10:32:28
5,蔡文娜：军阀姨太太的真实生活是什么样的？ 附《一个过渡时代的家庭》论文,福利吧 · 3 条评论 · 之前在抖音刷到一个视频，讲述了一个军阀太太“蔡文娜”考入大学 写了一篇记录自己婚姻生活的社会学论文，论文是客观的，故事是悲剧的 “蔡文娜”没有,22560,https://fuliba2023.net/gdsddjt.html,https://img03.sogoucdn.com/v2/thumb/retype_exclude_gif/ext/auto/q/100/?appid=122&url=tvax4.sinaimg.cn/large/006BNqYCly1ihb460bhx3j30af0ehwgd.jpg,福利吧,最新文章,latest,hotlist,2026-09-23,2026-09-24 10:32:28
6,【福利】5.9元买二锅头送京东标准洗车&蚂蚁阿福智能体脂秤到手4.9元,购物网赚 · 18 条评论 · 京东下单二锅头，送京东工作日标准洗车一次。 商品价7.9元包邮，加购物车，会送一个2-2元的优惠券（或购物车内右侧砸蛋）， 实付5.9，主要是薅洗车福,20845,https://fuliba2023.net/wolai.html,https://img03.sogoucdn.com/v2/thumb/retype_exclude_gif/ext/auto/q/100/?appid=122&url=https://tva1.sinaimg.cn/large/009Zip4ygy1ihcfu9nketj309q09qaas.jpg,福利吧,最新文章,latest,hotlist,2026-09-22,2026-09-24 10:32:28
7,2026年福利汇总第133期 ：蜜桃甜妹,福利汇总 · 13 条评论 · BGM：《黄河谣》：点击播放 热门视频： 太牛逼了，崔健在2026湾区升明月演唱《时间的b面》把全场看傻眼 解读《末代皇帝》配乐：音乐到底是如何表达一,53173,https://fuliba2023.net/2026133.html,https://img03.sogoucdn.com/v2/thumb/retype_exclude_gif/ext/auto/q/100/?appid=122&url=tvax3.sinaimg.cn/large/006BNqYCly1ihc8qea2jbj33h04moe83.jpg,福利吧,最新文章,latest,hotlist,2026-09-22,2026-09-24 10:32:28
8,河北彩花：空姐主题新作片头居然是用AI生成 老乡越来越不走心？,业界速报 · 11 条评论 · 最近河北老乡又上热搜了，这次成为话题主要有俩原因 第一就是最近发布的一部空姐主题作品 开幕的一段居然全部都是AI生成的，不少网友吐槽老乡越来越敷,20186,https://fuliba2023.net/snos-377.html,https://img03.sogoucdn.com/v2/thumb/retype_exclude_gif/ext/auto/q/100/?appid=122&url=tvax4.sinaimg.cn/large/006BNqYCly1ihb5ip7rm6g30m80ciqv5.gif,福利吧,最新文章,latest,hotlist,2026-09-22,2026-09-24 10:32:28
9,2026年9月趣站分享：听记/App比价/图标制作/装机软件 中国天气地图,趣站分享 · 7 条评论 · 趣味网站分享系列：https://fuliba2025.net/quwei 没有采取单发文章推荐的内容，大部分来自福利吧论坛或网友邮件投稿。 如果你也有不错的内容,17111,https://fuliba2023.net/website202609.html,https://img03.sogoucdn.com/v2/thumb/retype_exclude_gif/ext/auto/q/100/?appid=122&url=tvax1.sinaimg.cn/large/006BNqYCly1ift9t7n41kj315y0v1gwr.jpg,福利吧,最新文章,latest,hotlist,2026-09-21,2026-09-24 10:32:28
10,Netflix韩国剧集：《挑情丑闻》全8集 情爱画面很唯美,影视推荐 · 11 条评论 · Netflix最近上线的一部桃色剧集 原作品是法国18世纪小说家拉克洛用书信形式所写成的小说《危险关系》 剧版改编自由李在容执导、2003年上映的同名电影,34561,https://fuliba2023.net/scandals.html,https://img03.sogoucdn.com/v2/thumb/retype_exclude_gif/ext/auto/q/100/?appid=122&url=tvax1.sinaimg.cn/large/006BNqYCly1iha0neyeu0j31x90z5e82.jpg,福利吧,最新文章,latest,hotlist,2026-09-21,2026-09-24 10:32:28
11,“倉木華”遗作《我在深夜便利店做收银被微醺大姐姐攻略》上线 可惜再也看不到妹子新作了,图解电影 · 6 条评论 · 前几天我们曾经发帖说过，又一位日本女演员因为牛郎问题选择了自杀离开这个世界 噩耗：日本女优“倉木華”在住所自杀身亡 死亡原因引网络热议 翻看她,43273,https://fuliba2023.net/snos-397.html,https://img03.sogoucdn.com/v2/thumb/retype_exclude_gif/ext/auto/q/100/?appid=122&url=tvax4.sinaimg.cn/large/006BNqYCly1ih9wo1lt79j31cl0r81kx.jpg,福利吧,最新文章,latest,hotlist,2026-09-20,2026-09-24 10:32:28
12,2026年福利汇总第132期 ：失语梦,福利汇总 · 10 条评论 · BGM：《失语梦》：点击播放 热门视频： 有网友到青海西宁旅游，打车途中，司机师傅一路介绍青海，讲得头头是道 铭文中的谜之天子，逨盘，195件国宝第1,41882,https://fuliba2023.net/2026132.html,https://img03.sogoucdn.com/v2/thumb/retype_exclude_gif/ext/auto/q/100/?appid=122&url=tvax1.sinaimg.cn/large/006BNqYCly1ih9uxu4308j335s23ub14.jpg,福利吧,最新文章,latest,hotlist,2026-09-20,2026-09-24 10:32:28
13,二二酸酸：《青春课本系列》 带你重新认识那些熟悉的语文课文,BILIBILI · 10 条评论 · 今天给大家推荐一个B站的UP主“二二酸酸” 她制作的有一个系列节目叫《青春课本系列》 讲解的都是我们上学时候学习的语文课本里那些文章之外的故事 有,19050,https://fuliba2023.net/erersuansuan.html,https://img03.sogoucdn.com/v2/thumb/retype_exclude_gif/ext/auto/q/100/?appid=122&url=tvax1.sinaimg.cn/large/006BNqYCly1ih8oakntacj313t0ov137.jpg,福利吧,最新文章,latest,hotlist,2026-09-19,2026-09-24 10:32:28
14,“Gattouz0”新作，居然又是亚洲妹 三人同行有点猛,好孩子kan不见 · 14 条评论 · 前几天我们发帖说过“Gattouz0”发布的新作是一个亚洲女孩 虽然他描述是中国人，但是从更新动态等种种迹象来看，更像是一个越南妹 “Gattouz0”再约亚,36960,https://fuliba2023.net/new-gattouz0-bunny-umi-bunny-una-double.html,https://img03.sogoucdn.com/v2/thumb/retype_exclude_gif/ext/auto/q/100/?appid=122&url=tvax4.sinaimg.cn/large/006BNqYCly1ih7we2b494j31ct0rie7s.jpg,福利吧,最新文章,latest,hotlist,2026-09-19,2026-09-24 10:32:28
15,犬上いの字：《收到陌生女性隔空投送发来私密照片的经历》 苹果用户专享,漫画推荐 · 6 条评论 · 今天给大家推荐的是日本画师“犬上いの字”的作品 这部漫画创意挺好，故事内容有轻微SM向，不过是大姐姐纯爱作品 作品共计三话，85P左右，下面是剧情,23144,https://fuliba2023.net/the-story-of-how-i-received-a-racy-selfie-via-image-sharing-from-a-woman-i-didnt-know.html,https://img03.sogoucdn.com/v2/thumb/retype_exclude_gif/ext/auto/q/100/?appid=122&url=tvax1.sinaimg.cn/large/006BNqYCly1ih7wv859lrj31id0w5tm8.jpg,福利吧,最新文章,latest,hotlist,2026-09-18,2026-09-24 10:32:28
16,2026年福利汇总第131期 ：神秘礼物,福利汇总 · 10 条评论 · BGM：《神秘礼物》：点击播放 热门视频： 【邓肯】“梅姨”案 我只是想煮一个鸡蛋，互联网却想教我做人 为什么所有 App 都能借钱给你？网贷如何变得无,39867,https://fuliba2023.net/2026131.html,https://img03.sogoucdn.com/v2/thumb/retype_exclude_gif/ext/auto/q/100/?appid=122&url=tvax4.sinaimg.cn/large/006BNqYCly1ih7v9i5gyrj323u1kwdy6.jpg,福利吧,最新文章,latest,hotlist,2026-09-18,2026-09-24 10:32:28
17,NGA一个精彩刺激的私人经历文,福利吧 · 7 条评论 · 感谢福利吧论坛网友“yyds1111”分享，更多优秀分享请访问福利吧论坛。 这是NGA上一个帖子连载更新的，整理成文本分享。 主要讲KTV里约妹子的事，有荤,37742,https://fuliba2023.net/xiaoc.html,https://img03.sogoucdn.com/v2/thumb/retype_exclude_gif/ext/auto/q/100/?appid=122&url=https://tva1.sinaimg.cn/large/009Zip4ygy1ih6pc9dq8sj30or0gfwgc.jpg,福利吧,最新文章,latest,hotlist,2026-09-17,2026-09-24 10:32:28
18,よふかしのへや：《反正要死了，随你处置》翻拍真人版 逢沢みゆ出演,图解电影 · 21 条评论 · 去年的时候，我们给大家推荐过画师“よふかしのへや”的这部作品 よふかしのへや：《反正要死了，随你处置》 用爱爱拯救厌世少女 时隔一年，这部作品,49984,https://fuliba2023.net/rki-757.html,https://img03.sogoucdn.com/v2/thumb/retype_exclude_gif/ext/auto/q/100/?appid=122&url=tvax3.sinaimg.cn/large/006BNqYCly1ih6bur3oovj316d0r8tuo.jpg,福利吧,最新文章,latest,hotlist,2026-09-17,2026-09-24 10:32:28
19,2026年7月番剧推荐：《我独自盗墓》 更新至第10集,动漫影视 · 1 条评论 · 2024年的时候，我们给大家推荐过一部韩漫改编的异世界动漫作品 2025年这部作品已经出了第二季，异世界番剧里的黑马之作，非常好看 2024年1月番剧推荐,11380,https://fuliba2023.net/tomb-raider-king.html,https://img03.sogoucdn.com/v2/thumb/retype_exclude_gif/ext/auto/q/100/?appid=122&url=tvax3.sinaimg.cn/large/006BNqYCly1ih6v0vd7pmj31gr0u0k15.jpg,福利吧,最新文章,latest,hotlist,2026-09-17,2026-09-24 10:32:28
20,2026年福利汇总第130期 ：百万朵玫瑰,福利汇总 · 11 条评论 · BGM：《百万本のバラ》：点击播放 热门视频： 我们平时点外卖的袋子是如何生产的？ 九年义务教育，正在变成“义务坐牢” 从北京坐火车去新加坡！ 细读,65278,https://fuliba2023.net/2026130.html,https://img03.sogoucdn.com/v2/thumb/retype_exclude_gif/ext/auto/q/100/?appid=122&url=tvax3.sinaimg.cn/large/006BNqYCly1ih5858bs24j323i1hc4qp.jpg,福利吧,最新文章,latest,hotlist,2026-09-16,2026-09-24 10:32:28
1,2026年福利汇总第134期 ：甜味玉米,福利汇总 · 5 条评论 · BGM：《Cắt Đôi Nỗi Sầu》：点击播放 热门视频： 怪不得说能当团播的都不是一般人，龙浩天走播一场就是好几个小时 难评，太难评了 用iPhone的形,7160,https://fuliba2023.net/2026134.html,https://img03.sogoucdn.com/v2/thumb/retype_exclude_gif/ext/auto/q/100/?appid=122&url=tvax4.sinaimg.cn/large/006BNqYCly1ihdsa6ulp7j30wi0kogo4.jpg,福利吧,最新文章,latest,hotlist,2026-09-24,2026-09-24 11:26:53
2,歌曲推荐：柬埔寨迷幻流行摇滚乐专辑《Cambodian Rocks》 附纪录片《别认为我忘了:柬埔寨失去的摇滚乐》,福利吧 · 1 条评论 · 之前我们更新过一期食贫道的节目中讲过柬埔寨的摇滚音乐 2026.03.21食贫道最新纪录片食视频《电诈 摇滚 吴哥窟》 当时那个节目记录了一部分柬埔寨音乐,3241,https://fuliba2023.net/cambodian-rocks.html,https://img03.sogoucdn.com/v2/thumb/retype_exclude_gif/ext/auto/q/100/?appid=122&url=tvax3.sinaimg.cn/large/006BNqYCly1ihdt5his8lj30ov0ov7jh.jpg,福利吧,最新文章,latest,hotlist,2026-09-24,2026-09-24 11:26:53
3,淘宝京东优惠商品汇总，9月24日9点更新 购物领券fuliba99.net,购物网赚 · 314 条评论 · 购物搜券：福利久久 — 精选好货，实时更新 商品更新较快，请加购物群获得第一手消息。微信扫码加好友，回复“京东群”或者“淘宝群”自动拉你。 500g,453594,https://fuliba2023.net/99.html,https://img03.sogoucdn.com/v2/thumb/retype_exclude_gif/ext/auto/q/100/?appid=122&url=https://tva1.sinaimg.cn/large/009Zip4ygy1ihejk5oza8j309q09qgmb.jpg,福利吧,最新文章,latest,hotlist,2026-09-24,2026-09-24 11:26:53
4,ましゅまろ団：《交友软件上认识的辣妹居然是个土味女》 谁是谁的菜？,漫画推荐 · 6 条评论 · 今天给大家推荐的是画师“ましゅまろ団”的一个短篇作品 作品总计51P，故事是常见的约会见面套路，感觉有同类的真人版 没有的话，这剧情也很适合改编,11077,https://fuliba2023.net/tuweimeidechuntian.html,https://img03.sogoucdn.com/v2/thumb/retype_exclude_gif/ext/auto/q/100/?appid=122&url=tvax1.sinaimg.cn/large/006BNqYCly1ihdoy8qgy6j31320tnamf.jpg,福利吧,最新文章,latest,hotlist,2026-09-23,2026-09-24 11:26:53
5,蔡文娜：军阀姨太太的真实生活是什么样的？ 附《一个过渡时代的家庭》论文,福利吧 · 3 条评论 · 之前在抖音刷到一个视频，讲述了一个军阀太太“蔡文娜”考入大学 写了一篇记录自己婚姻生活的社会学论文，论文是客观的，故事是悲剧的 “蔡文娜”没有,22829,https://fuliba2023.net/gdsddjt.html,https://img03.sogoucdn.com/v2/thumb/retype_exclude_gif/ext/auto/q/100/?appid=122&url=tvax4.sinaimg.cn/large/006BNqYCly1ihb460bhx3j30af0ehwgd.jpg,福利吧,最新文章,latest,hotlist,2026-09-23,2026-09-24 11:26:53
6,【福利】5.9元买二锅头送京东标准洗车&蚂蚁阿福智能体脂秤到手4.9元,购物网赚 · 18 条评论 · 京东下单二锅头，送京东工作日标准洗车一次。 商品价7.9元包邮，加购物车，会送一个2-2元的优惠券（或购物车内右侧砸蛋）， 实付5.9，主要是薅洗车福,20873,https://fuliba2023.net/wolai.html,https://img03.sogoucdn.com/v2/thumb/retype_exclude_gif/ext/auto/q/100/?appid=122&url=https://tva1.sinaimg.cn/large/009Zip4ygy1ihcfu9nketj309q09qaas.jpg,福利吧,最新文章,latest,hotlist,2026-09-22,2026-09-24 11:26:53
7,2026年福利汇总第133期 ：蜜桃甜妹,福利汇总 · 13 条评论 · BGM：《黄河谣》：点击播放 热门视频： 太牛逼了，崔健在2026湾区升明月演唱《时间的b面》把全场看傻眼 解读《末代皇帝》配乐：音乐到底是如何表达一,53449,https://fuliba2023.net/2026133.html,https://img03.sogoucdn.com/v2/thumb/retype_exclude_gif/ext/auto/q/100/?appid=122&url=tvax3.sinaimg.cn/large/006BNqYCly1ihc8qea2jbj33h04moe83.jpg,福利吧,最新文章,latest,hotlist,2026-09-22,2026-09-24 11:26:53
8,河北彩花：空姐主题新作片头居然是用AI生成 老乡越来越不走心？,业界速报 · 11 条评论 · 最近河北老乡又上热搜了，这次成为话题主要有俩原因 第一就是最近发布的一部空姐主题作品 开幕的一段居然全部都是AI生成的，不少网友吐槽老乡越来越敷,20274,https://fuliba2023.net/snos-377.html,https://img03.sogoucdn.com/v2/thumb/retype_exclude_gif/ext/auto/q/100/?appid=122&url=tvax4.sinaimg.cn/large/006BNqYCly1ihb5ip7rm6g30m80ciqv5.gif,福利吧,最新文章,latest,hotlist,2026-09-22,2026-09-24 11:26:53
9,2026年9月趣站分享：听记/App比价/图标制作/装机软件 中国天气地图,趣站分享 · 7 条评论 · 趣味网站分享系列：https://fuliba2025.net/quwei 没有采取单发文章推荐的内容，大部分来自福利吧论坛或网友邮件投稿。 如果你也有不错的内容,17162,https://fuliba2023.net/website202609.html,https://img03.sogoucdn.com/v2/thumb/retype_exclude_gif/ext/auto/q/100/?appid=122&url=tvax1.sinaimg.cn/large/006BNqYCly1ift9t7n41kj315y0v1gwr.jpg,福利吧,最新文章,latest,hotlist,2026-09-21,2026-09-24 11:26:53
10,Netflix韩国剧集：《挑情丑闻》全8集 情爱画面很唯美,影视推荐 · 11 条评论 · Netflix最近上线的一部桃色剧集 原作品是法国18世纪小说家拉克洛用书信形式所写成的小说《危险关系》 剧版改编自由李在容执导、2003年上映的同名电影,34661,https://fuliba2023.net/scandals.html,https://img03.sogoucdn.com/v2/thumb/retype_exclude_gif/ext/auto/q/100/?appid=122&url=tvax1.sinaimg.cn/large/006BNqYCly1iha0neyeu0j31x90z5e82.jpg,福利吧,最新文章,latest,hotlist,2026-09-21,2026-09-24 11:26:53
11,“倉木華”遗作《我在深夜便利店做收银被微醺大姐姐攻略》上线 可惜再也看不到妹子新作了,图解电影 · 6 条评论 · 前几天我们曾经发帖说过，又一位日本女演员因为牛郎问题选择了自杀离开这个世界 噩耗：日本女优“倉木華”在住所自杀身亡 死亡原因引网络热议 翻看她,43341,https://fuliba2023.net/snos-397.html,https://img03.sogoucdn.com/v2/thumb/retype_exclude_gif/ext/auto/q/100/?appid=122&url=tvax4.sinaimg.cn/large/006BNqYCly1ih9wo1lt79j31cl0r81kx.jpg,福利吧,最新文章,latest,hotlist,2026-09-20,2026-09-24 11:26:53
12,2026年福利汇总第132期 ：失语梦,福利汇总 · 10 条评论 · BGM：《失语梦》：点击播放 热门视频： 有网友到青海西宁旅游，打车途中，司机师傅一路介绍青海，讲得头头是道 铭文中的谜之天子，逨盘，195件国宝第1,41950,https://fuliba2023.net/2026132.html,https://img03.sogoucdn.com/v2/thumb/retype_exclude_gif/ext/auto/q/100/?appid=122&url=tvax1.sinaimg.cn/large/006BNqYCly1ih9uxu4308j335s23ub14.jpg,福利吧,最新文章,latest,hotlist,2026-09-20,2026-09-24 11:26:53
13,二二酸酸：《青春课本系列》 带你重新认识那些熟悉的语文课文,BILIBILI · 10 条评论 · 今天给大家推荐一个B站的UP主“二二酸酸” 她制作的有一个系列节目叫《青春课本系列》 讲解的都是我们上学时候学习的语文课本里那些文章之外的故事 有,19080,https://fuliba2023.net/erersuansuan.html,https://img03.sogoucdn.com/v2/thumb/retype_exclude_gif/ext/auto/q/100/?appid=122&url=tvax1.sinaimg.cn/large/006BNqYCly1ih8oakntacj313t0ov137.jpg,福利吧,最新文章,latest,hotlist,2026-09-19,2026-09-24 11:26:53
14,“Gattouz0”新作，居然又是亚洲妹 三人同行有点猛,好孩子kan不见 · 14 条评论 · 前几天我们发帖说过“Gattouz0”发布的新作是一个亚洲女孩 虽然他描述是中国人，但是从更新动态等种种迹象来看，更像是一个越南妹 “Gattouz0”再约亚,37028,https://fuliba2023.net/new-gattouz0-bunny-umi-bunny-una-double.html,https://img03.sogoucdn.com/v2/thumb/retype_exclude_gif/ext/auto/q/100/?appid=122&url=tvax4.sinaimg.cn/large/006BNqYCly1ih7we2b494j31ct0rie7s.jpg,福利吧,最新文章,latest,hotlist,2026-09-19,2026-09-24 11:26:53
15,犬上いの字：《收到陌生女性隔空投送发来私密照片的经历》 苹果用户专享,漫画推荐 · 6 条评论 · 今天给大家推荐的是日本画师“犬上いの字”的作品 这部漫画创意挺好，故事内容有轻微SM向，不过是大姐姐纯爱作品 作品共计三话，85P左右，下面是剧情,23171,https://fuliba2023.net/the-story-of-how-i-received-a-racy-selfie-via-image-sharing-from-a-woman-i-didnt-know.html,https://img03.sogoucdn.com/v2/thumb/retype_exclude_gif/ext/auto/q/100/?appid=122&url=tvax1.sinaimg.cn/large/006BNqYCly1ih7wv859lrj31id0w5tm8.jpg,福利吧,最新文章,latest,hotlist,2026-09-18,2026-09-24 11:26:53
16,2026年福利汇总第131期 ：神秘礼物,福利汇总 · 10 条评论 · BGM：《神秘礼物》：点击播放 热门视频： 【邓肯】“梅姨”案 我只是想煮一个鸡蛋，互联网却想教我做人 为什么所有 App 都能借钱给你？网贷如何变得无,39930,https://fuliba2023.net/2026131.html,https://img03.sogoucdn.com/v2/thumb/retype_exclude_gif/ext/auto/q/100/?appid=122&url=tvax4.sinaimg.cn/large/006BNqYCly1ih7v9i5gyrj323u1kwdy6.jpg,福利吧,最新文章,latest,hotlist,2026-09-18,2026-09-24 11:26:53
17,NGA一个精彩刺激的私人经历文,福利吧 · 7 条评论 · 感谢福利吧论坛网友“yyds1111”分享，更多优秀分享请访问福利吧论坛。 这是NGA上一个帖子连载更新的，整理成文本分享。 主要讲KTV里约妹子的事，有荤,37777,https://fuliba2023.net/xiaoc.html,https://img03.sogoucdn.com/v2/thumb/retype_exclude_gif/ext/auto/q/100/?appid=122&url=https://tva1.sinaimg.cn/large/009Zip4ygy1ih6pc9dq8sj30or0gfwgc.jpg,福利吧,最新文章,latest,hotlist,2026-09-17,2026-09-24 11:26:53
18,よふかしのへや：《反正要死了，随你处置》翻拍真人版 逢沢みゆ出演,图解电影 · 21 条评论 · 去年的时候，我们给大家推荐过画师“よふかしのへや”的这部作品 よふかしのへや：《反正要死了，随你处置》 用爱爱拯救厌世少女 时隔一年，这部作品,50022,https://fuliba2023.net/rki-757.html,https://img03.sogoucdn.com/v2/thumb/retype_exclude_gif/ext/auto/q/100/?appid=122&url=tvax3.sinaimg.cn/large/006BNqYCly1ih6bur3oovj316d0r8tuo.jpg,福利吧,最新文章,latest,hotlist,2026-09-17,2026-09-24 11:26:53
19,2026年7月番剧推荐：《我独自盗墓》 更新至第10集,动漫影视 · 1 条评论 · 2024年的时候，我们给大家推荐过一部韩漫改编的异世界动漫作品 2025年这部作品已经出了第二季，异世界番剧里的黑马之作，非常好看 2024年1月番剧推荐,11394,https://fuliba2023.net/tomb-raider-king.html,https://img03.sogoucdn.com/v2/thumb/retype_exclude_gif/ext/auto/q/100/?appid=122&url=tvax3.sinaimg.cn/large/006BNqYCly1ih6v0vd7pmj31gr0u0k15.jpg,福利吧,最新文章,latest,hotlist,2026-09-17,2026-09-24 11:26:53
20,2026年福利汇总第130期 ：百万朵玫瑰,福利汇总 · 11 条评论 · BGM：《百万本のバラ》：点击播放 热门视频： 我们平时点外卖的袋子是如何生产的？ 九年义务教育，正在变成“义务坐牢” 从北京坐火车去新加坡！ 细读,65318,https://fuliba2023.net/2026130.html,https://img03.sogoucdn.com/v2/thumb/retype_exclude_gif/ext/auto/q/100/?appid=122&url=tvax3.sinaimg.cn/large/006BNqYCly1ih5858bs24j323i1hc4qp.jpg,福利吧,最新文章,latest,hotlist,2026-09-16,2026-09-24 11:26:53
1,2026年福利汇总第134期 ：甜味玉米,福利汇总 · 7 条评论 · BGM：《Cắt Đôi Nỗi Sầu》：点击播放 热门视频： 怪不得说能当团播的都不是一般人，龙浩天走播一场就是好几个小时 难评，太难评了 用iPhone的形,9180,https://fuliba2023.net/2026134.html,https://img03.sogoucdn.com/v2/thumb/retype_exclude_gif/ext/auto/q/100/?appid=122&url=tvax4.sinaimg.cn/large/006BNqYCly1ihdsa6ulp7j30wi0kogo4.jpg,福利吧,最新文章,latest,hotlist,2026-09-24,2026-09-24 12:26:57
2,歌曲推荐：柬埔寨迷幻流行摇滚乐专辑《Cambodian Rocks》 附纪录片《别认为我忘了:柬埔寨失去的摇滚乐》,福利吧 · 1 条评论 · 之前我们更新过一期食贫道的节目中讲过柬埔寨的摇滚音乐 2026.03.21食贫道最新纪录片食视频《电诈 摇滚 吴哥窟》 当时那个节目记录了一部分柬埔寨音乐,3622,https://fuliba2023.net/cambodian-rocks.html,https://img03.sogoucdn.com/v2/thumb/retype_exclude_gif/ext/auto/q/100/?appid=122&url=tvax3.sinaimg.cn/large/006BNqYCly1ihdt5his8lj30ov0ov7jh.jpg,福利吧,最新文章,latest,hotlist,2026-09-24,2026-09-24 12:26:57
3,淘宝京东优惠商品汇总，9月24日9点更新 购物领券fuliba99.net,购物网赚 · 314 条评论 · 购物搜券：福利久久 — 精选好货，实时更新 商品更新较快，请加购物群获得第一手消息。微信扫码加好友，回复“京东群”或者“淘宝群”自动拉你。 500g,453749,https://fuliba2023.net/99.html,https://img03.sogoucdn.com/v2/thumb/retype_exclude_gif/ext/auto/q/100/?appid=122&url=https://tva1.sinaimg.cn/large/009Zip4ygy1ihejk5oza8j309q09qgmb.jpg,福利吧,最新文章,latest,hotlist,2026-09-24,2026-09-24 12:26:57
4,ましゅまろ団：《交友软件上认识的辣妹居然是个土味女》 谁是谁的菜？,漫画推荐 · 6 条评论 · 今天给大家推荐的是画师“ましゅまろ団”的一个短篇作品 作品总计51P，故事是常见的约会见面套路，感觉有同类的真人版 没有的话，这剧情也很适合改编,11386,https://fuliba2023.net/tuweimeidechuntian.html,https://img03.sogoucdn.com/v2/thumb/retype_exclude_gif/ext/auto/q/100/?appid=122&url=tvax1.sinaimg.cn/large/006BNqYCly1ihdoy8qgy6j31320tnamf.jpg,福利吧,最新文章,latest,hotlist,2026-09-23,2026-09-24 12:26:57
5,蔡文娜：军阀姨太太的真实生活是什么样的？ 附《一个过渡时代的家庭》论文,福利吧 · 3 条评论 · 之前在抖音刷到一个视频，讲述了一个军阀太太“蔡文娜”考入大学 写了一篇记录自己婚姻生活的社会学论文，论文是客观的，故事是悲剧的 “蔡文娜”没有,23049,https://fuliba2023.net/gdsddjt.html,https://img03.sogoucdn.com/v2/thumb/retype_exclude_gif/ext/auto/q/100/?appid=122&url=tvax4.sinaimg.cn/large/006BNqYCly1ihb460bhx3j30af0ehwgd.jpg,福利吧,最新文章,latest,hotlist,2026-09-23,2026-09-24 12:26:57
6,【福利】5.9元买二锅头送京东标准洗车&蚂蚁阿福智能体脂秤到手4.9元,购物网赚 · 18 条评论 · 京东下单二锅头，送京东工作日标准洗车一次。 商品价7.9元包邮，加购物车，会送一个2-2元的优惠券（或购物车内右侧砸蛋）， 实付5.9，主要是薅洗车福,20899,https://fuliba2023.net/wolai.html,https://img03.sogoucdn.com/v2/thumb/retype_exclude_gif/ext/auto/q/100/?appid=122&url=https://tva1.sinaimg.cn/large/009Zip4ygy1ihcfu9nketj309q09qaas.jpg,福利吧,最新文章,latest,hotlist,2026-09-22,2026-09-24 12:26:57
7,2026年福利汇总第133期 ：蜜桃甜妹,福利汇总 · 13 条评论 · BGM：《黄河谣》：点击播放 热门视频： 太牛逼了，崔健在2026湾区升明月演唱《时间的b面》把全场看傻眼 解读《末代皇帝》配乐：音乐到底是如何表达一,53705,https://fuliba2023.net/2026133.html,https://img03.sogoucdn.com/v2/thumb/retype_exclude_gif/ext/auto/q/100/?appid=122&url=tvax3.sinaimg.cn/large/006BNqYCly1ihc8qea2jbj33h04moe83.jpg,福利吧,最新文章,latest,hotlist,2026-09-22,2026-09-24 12:26:57
8,河北彩花：空姐主题新作片头居然是用AI生成 老乡越来越不走心？,业界速报 · 11 条评论 · 最近河北老乡又上热搜了，这次成为话题主要有俩原因 第一就是最近发布的一部空姐主题作品 开幕的一段居然全部都是AI生成的，不少网友吐槽老乡越来越敷,20349,https://fuliba2023.net/snos-377.html,https://img03.sogoucdn.com/v2/thumb/retype_exclude_gif/ext/auto/q/100/?appid=122&url=tvax4.sinaimg.cn/large/006BNqYCly1ihb5ip7rm6g30m80ciqv5.gif,福利吧,最新文章,latest,hotlist,2026-09-22,2026-09-24 12:26:57
9,2026年9月趣站分享：听记/App比价/图标制作/装机软件 中国天气地图,趣站分享 · 7 条评论 · 趣味网站分享系列：https://fuliba2025.net/quwei 没有采取单发文章推荐的内容，大部分来自福利吧论坛或网友邮件投稿。 如果你也有不错的内容,17191,https://fuliba2023.net/website202609.html,https://img03.sogoucdn.com/v2/thumb/retype_exclude_gif/ext/auto/q/100/?appid=122&url=tvax1.sinaimg.cn/large/006BNqYCly1ift9t7n41kj315y0v1gwr.jpg,福利吧,最新文章,latest,hotlist,2026-09-21,2026-09-24 12:26:57
10,Netflix韩国剧集：《挑情丑闻》全8集 情爱画面很唯美,影视推荐 · 11 条评论 · Netflix最近上线的一部桃色剧集 原作品是法国18世纪小说家拉克洛用书信形式所写成的小说《危险关系》 剧版改编自由李在容执导、2003年上映的同名电影,34747,https://fuliba2023.net/scandals.html,https://img03.sogoucdn.com/v2/thumb/retype_exclude_gif/ext/auto/q/100/?appid=122&url=tvax1.sinaimg.cn/large/006BNqYCly1iha0neyeu0j31x90z5e82.jpg,福利吧,最新文章,latest,hotlist,2026-09-21,2026-09-24 12:26:57
11,“倉木華”遗作《我在深夜便利店做收银被微醺大姐姐攻略》上线 可惜再也看不到妹子新作了,图解电影 · 6 条评论 · 前几天我们曾经发帖说过，又一位日本女演员因为牛郎问题选择了自杀离开这个世界 噩耗：日本女优“倉木華”在住所自杀身亡 死亡原因引网络热议 翻看她,43409,https://fuliba2023.net/snos-397.html,https://img03.sogoucdn.com/v2/thumb/retype_exclude_gif/ext/auto/q/100/?appid=122&url=tvax4.sinaimg.cn/large/006BNqYCly1ih9wo1lt79j31cl0r81kx.jpg,福利吧,最新文章,latest,hotlist,2026-09-20,2026-09-24 12:26:57
12,2026年福利汇总第132期 ：失语梦,福利汇总 · 10 条评论 · BGM：《失语梦》：点击播放 热门视频： 有网友到青海西宁旅游，打车途中，司机师傅一路介绍青海，讲得头头是道 铭文中的谜之天子，逨盘，195件国宝第1,42028,https://fuliba2023.net/2026132.html,https://img03.sogoucdn.com/v2/thumb/retype_exclude_gif/ext/auto/q/100/?appid=122&url=tvax1.sinaimg.cn/large/006BNqYCly1ih9uxu4308j335s23ub14.jpg,福利吧,最新文章,latest,hotlist,2026-09-20,2026-09-24 12:26:57
13,二二酸酸：《青春课本系列》 带你重新认识那些熟悉的语文课文,BILIBILI · 10 条评论 · 今天给大家推荐一个B站的UP主“二二酸酸” 她制作的有一个系列节目叫《青春课本系列》 讲解的都是我们上学时候学习的语文课本里那些文章之外的故事 有,19095,https://fuliba2023.net/erersuansuan.html,https://img03.sogoucdn.com/v2/thumb/retype_exclude_gif/ext/auto/q/100/?appid=122&url=tvax1.sinaimg.cn/large/006BNqYCly1ih8oakntacj313t0ov137.jpg,福利吧,最新文章,latest,hotlist,2026-09-19,2026-09-24 12:26:57
14,“Gattouz0”新作，居然又是亚洲妹 三人同行有点猛,好孩子kan不见 · 14 条评论 · 前几天我们发帖说过“Gattouz0”发布的新作是一个亚洲女孩 虽然他描述是中国人，但是从更新动态等种种迹象来看，更像是一个越南妹 “Gattouz0”再约亚,37080,https://fuliba2023.net/new-gattouz0-bunny-umi-bunny-una-double.html,https://img03.sogoucdn.com/v2/thumb/retype_exclude_gif/ext/auto/q/100/?appid=122&url=tvax4.sinaimg.cn/large/006BNqYCly1ih7we2b494j31ct0rie7s.jpg,福利吧,最新文章,latest,hotlist,2026-09-19,2026-09-24 12:26:57
15,犬上いの字：《收到陌生女性隔空投送发来私密照片的经历》 苹果用户专享,漫画推荐 · 6 条评论 · 今天给大家推荐的是日本画师“犬上いの字”的作品 这部漫画创意挺好，故事内容有轻微SM向，不过是大姐姐纯爱作品 作品共计三话，85P左右，下面是剧情,23190,https://fuliba2023.net/the-story-of-how-i-received-a-racy-selfie-via-image-sharing-from-a-woman-i-didnt-know.html,https://img03.sogoucdn.com/v2/thumb/retype_exclude_gif/ext/auto/q/100/?appid=122&url=tvax1.sinaimg.cn/large/006BNqYCly1ih7wv859lrj31id0w5tm8.jpg,福利吧,最新文章,latest,hotlist,2026-09-18,2026-09-24 12:26:57
16,2026年福利汇总第131期 ：神秘礼物,福利汇总 · 10 条评论 · BGM：《神秘礼物》：点击播放 热门视频： 【邓肯】“梅姨”案 我只是想煮一个鸡蛋，互联网却想教我做人 为什么所有 App 都能借钱给你？网贷如何变得无,39961,https://fuliba2023.net/2026131.html,https://img03.sogoucdn.com/v2/thumb/retype_exclude_gif/ext/auto/q/100/?appid=122&url=tvax4.sinaimg.cn/large/006BNqYCly1ih7v9i5gyrj323u1kwdy6.jpg,福利吧,最新文章,latest,hotlist,2026-09-18,2026-09-24 12:26:57
17,NGA一个精彩刺激的私人经历文,福利吧 · 7 条评论 · 感谢福利吧论坛网友“yyds1111”分享，更多优秀分享请访问福利吧论坛。 这是NGA上一个帖子连载更新的，整理成文本分享。 主要讲KTV里约妹子的事，有荤,37806,https://fuliba2023.net/xiaoc.html,https://img03.sogoucdn.com/v2/thumb/retype_exclude_gif/ext/auto/q/100/?appid=122&url=https://tva1.sinaimg.cn/large/009Zip4ygy1ih6pc9dq8sj30or0gfwgc.jpg,福利吧,最新文章,latest,hotlist,2026-09-17,2026-09-24 12:26:57
18,よふかしのへや：《反正要死了，随你处置》翻拍真人版 逢沢みゆ出演,图解电影 · 21 条评论 · 去年的时候，我们给大家推荐过画师“よふかしのへや”的这部作品 よふかしのへや：《反正要死了，随你处置》 用爱爱拯救厌世少女 时隔一年，这部作品,50048,https://fuliba2023.net/rki-757.html,https://img03.sogoucdn.com/v2/thumb/retype_exclude_gif/ext/auto/q/100/?appid=122&url=tvax3.sinaimg.cn/large/006BNqYCly1ih6bur3oovj316d0r8tuo.jpg,福利吧,最新文章,latest,hotlist,2026-09-17,2026-09-24 12:26:57
19,2026年7月番剧推荐：《我独自盗墓》 更新至第10集,动漫影视 · 1 条评论 · 2024年的时候，我们给大家推荐过一部韩漫改编的异世界动漫作品 2025年这部作品已经出了第二季，异世界番剧里的黑马之作，非常好看 2024年1月番剧推荐,11415,https://fuliba2023.net/tomb-raider-king.html,https://img03.sogoucdn.com/v2/thumb/retype_exclude_gif/ext/auto/q/100/?appid=122&url=tvax3.sinaimg.cn/large/006BNqYCly1ih6v0vd7pmj31gr0u0k15.jpg,福利吧,最新文章,latest,hotlist,2026-09-17,2026-09-24 12:26:57
20,2026年福利汇总第130期 ：百万朵玫瑰,福利汇总 · 11 条评论 · BGM：《百万本のバラ》：点击播放 热门视频： 我们平时点外卖的袋子是如何生产的？ 九年义务教育，正在变成“义务坐牢” 从北京坐火车去新加坡！ 细读,65349,https://fuliba2023.net/2026130.html,https://img03.sogoucdn.com/v2/thumb/retype_exclude_gif/ext/auto/q/100/?appid=122&url=tvax3.sinaimg.cn/large/006BNqYCly1ih5858bs24j323i1hc4qp.jpg,福利吧,最新文章,latest,hotlist,2026-09-16,2026-09-24 12:26:57
1,2026年福利汇总第134期 ：甜味玉米,福利汇总 · 7 条评论 · BGM：《Cắt Đôi Nỗi Sầu》：点击播放 热门视频： 怪不得说能当团播的都不是一般人，龙浩天走播一场就是好几个小时 难评，太难评了 用iPhone的形,11110,https://fuliba2023.net/2026134.html,https://img03.sogoucdn.com/v2/thumb/retype_exclude_gif/ext/auto/q/100/?appid=122&url=tvax4.sinaimg.cn/large/006BNqYCly1ihdsa6ulp7j30wi0kogo4.jpg,福利吧,最新文章,latest,hotlist,2026-09-24,2026-09-24 13:23:21
2,歌曲推荐：柬埔寨迷幻流行摇滚乐专辑《Cambodian Rocks》 附纪录片《别认为我忘了:柬埔寨失去的摇滚乐》,福利吧 · 1 条评论 · 之前我们更新过一期食贫道的节目中讲过柬埔寨的摇滚音乐 2026.03.21食贫道最新纪录片食视频《电诈 摇滚 吴哥窟》 当时那个节目记录了一部分柬埔寨音乐,4004,https://fuliba2023.net/cambodian-rocks.html,https://img03.sogoucdn.com/v2/thumb/retype_exclude_gif/ext/auto/q/100/?appid=122&url=tvax3.sinaimg.cn/large/006BNqYCly1ihdt5his8lj30ov0ov7jh.jpg,福利吧,最新文章,latest,hotlist,2026-09-24,2026-09-24 13:23:21
3,淘宝京东优惠商品汇总，9月24日9点更新 购物领券fuliba99.net,购物网赚 · 314 条评论 · 购物搜券：福利久久 — 精选好货，实时更新 商品更新较快，请加购物群获得第一手消息。微信扫码加好友，回复“京东群”或者“淘宝群”自动拉你。 500g,453872,https://fuliba2023.net/99.html,https://img03.sogoucdn.com/v2/thumb/retype_exclude_gif/ext/auto/q/100/?appid=122&url=https://tva1.sinaimg.cn/large/009Zip4ygy1ihejk5oza8j309q09qgmb.jpg,福利吧,最新文章,latest,hotlist,2026-09-24,2026-09-24 13:23:21
4,ましゅまろ団：《交友软件上认识的辣妹居然是个土味女》 谁是谁的菜？,漫画推荐 · 6 条评论 · 今天给大家推荐的是画师“ましゅまろ団”的一个短篇作品 作品总计51P，故事是常见的约会见面套路，感觉有同类的真人版 没有的话，这剧情也很适合改编,11670,https://fuliba2023.net/tuweimeidechuntian.html,https://img03.sogoucdn.com/v2/thumb/retype_exclude_gif/ext/auto/q/100/?appid=122&url=tvax1.sinaimg.cn/large/006BNqYCly1ihdoy8qgy6j31320tnamf.jpg,福利吧,最新文章,latest,hotlist,2026-09-23,2026-09-24 13:23:21
5,蔡文娜：军阀姨太太的真实生活是什么样的？ 附《一个过渡时代的家庭》论文,福利吧 · 3 条评论 · 之前在抖音刷到一个视频，讲述了一个军阀太太“蔡文娜”考入大学 写了一篇记录自己婚姻生活的社会学论文，论文是客观的，故事是悲剧的 “蔡文娜”没有,23276,https://fuliba2023.net/gdsddjt.html,https://img03.sogoucdn.com/v2/thumb/retype_exclude_gif/ext/auto/q/100/?appid=122&url=tvax4.sinaimg.cn/large/006BNqYCly1ihb460bhx3j30af0ehwgd.jpg,福利吧,最新文章,latest,hotlist,2026-09-23,2026-09-24 13:23:21
6,【福利】5.9元买二锅头送京东标准洗车&蚂蚁阿福智能体脂秤到手4.9元,购物网赚 · 18 条评论 · 京东下单二锅头，送京东工作日标准洗车一次。 商品价7.9元包邮，加购物车，会送一个2-2元的优惠券（或购物车内右侧砸蛋）， 实付5.9，主要是薅洗车福,20933,https://fuliba2023.net/wolai.html,https://img03.sogoucdn.com/v2/thumb/retype_exclude_gif/ext/auto/q/100/?appid=122&url=https://tva1.sinaimg.cn/large/009Zip4ygy1ihcfu9nketj309q09qaas.jpg,福利吧,最新文章,latest,hotlist,2026-09-22,2026-09-24 13:23:21
7,2026年福利汇总第133期 ：蜜桃甜妹,福利汇总 · 13 条评论 · BGM：《黄河谣》：点击播放 热门视频： 太牛逼了，崔健在2026湾区升明月演唱《时间的b面》把全场看傻眼 解读《末代皇帝》配乐：音乐到底是如何表达一,53944,https://fuliba2023.net/2026133.html,https://img03.sogoucdn.com/v2/thumb/retype_exclude_gif/ext/auto/q/100/?appid=122&url=tvax3.sinaimg.cn/large/006BNqYCly1ihc8qea2jbj33h04moe83.jpg,福利吧,最新文章,latest,hotlist,2026-09-22,2026-09-24 13:23:21
8,河北彩花：空姐主题新作片头居然是用AI生成 老乡越来越不走心？,业界速报 · 11 条评论 · 最近河北老乡又上热搜了，这次成为话题主要有俩原因 第一就是最近发布的一部空姐主题作品 开幕的一段居然全部都是AI生成的，不少网友吐槽老乡越来越敷,20425,https://fuliba2023.net/snos-377.html,https://img03.sogoucdn.com/v2/thumb/retype_exclude_gif/ext/auto/q/100/?appid=122&url=tvax4.sinaimg.cn/large/006BNqYCly1ihb5ip7rm6g30m80ciqv5.gif,福利吧,最新文章,latest,hotlist,2026-09-22,2026-09-24 13:23:21
9,2026年9月趣站分享：听记/App比价/图标制作/装机软件 中国天气地图,趣站分享 · 7 条评论 · 趣味网站分享系列：https://fuliba2025.net/quwei 没有采取单发文章推荐的内容，大部分来自福利吧论坛或网友邮件投稿。 如果你也有不错的内容,17223,https://fuliba2023.net/website202609.html,https://img03.sogoucdn.com/v2/thumb/retype_exclude_gif/ext/auto/q/100/?appid=122&url=tvax1.sinaimg.cn/large/006BNqYCly1ift9t7n41kj315y0v1gwr.jpg,福利吧,最新文章,latest,hotlist,2026-09-21,2026-09-24 13:23:21
10,Netflix韩国剧集：《挑情丑闻》全8集 情爱画面很唯美,影视推荐 · 11 条评论 · Netflix最近上线的一部桃色剧集 原作品是法国18世纪小说家拉克洛用书信形式所写成的小说《危险关系》 剧版改编自由李在容执导、2003年上映的同名电影,34835,https://fuliba2023.net/scandals.html,https://img03.sogoucdn.com/v2/thumb/retype_exclude_gif/ext/auto/q/100/?appid=122&url=tvax1.sinaimg.cn/large/006BNqYCly1iha0neyeu0j31x90z5e82.jpg,福利吧,最新文章,latest,hotlist,2026-09-21,2026-09-24 13:23:21
11,“倉木華”遗作《我在深夜便利店做收银被微醺大姐姐攻略》上线 可惜再也看不到妹子新作了,图解电影 · 6 条评论 · 前几天我们曾经发帖说过，又一位日本女演员因为牛郎问题选择了自杀离开这个世界 噩耗：日本女优“倉木華”在住所自杀身亡 死亡原因引网络热议 翻看她,43488,https://fuliba2023.net/snos-397.html,https://img03.sogoucdn.com/v2/thumb/retype_exclude_gif/ext/auto/q/100/?appid=122&url=tvax4.sinaimg.cn/large/006BNqYCly1ih9wo1lt79j31cl0r81kx.jpg,福利吧,最新文章,latest,hotlist,2026-09-20,2026-09-24 13:23:21
12,2026年福利汇总第132期 ：失语梦,福利汇总 · 10 条评论 · BGM：《失语梦》：点击播放 热门视频： 有网友到青海西宁旅游，打车途中，司机师傅一路介绍青海，讲得头头是道 铭文中的谜之天子，逨盘，195件国宝第1,42094,https://fuliba2023.net/2026132.html,https://img03.sogoucdn.com/v2/thumb/retype_exclude_gif/ext/auto/q/100/?appid=122&url=tvax1.sinaimg.cn/large/006BNqYCly1ih9uxu4308j335s23ub14.jpg,福利吧,最新文章,latest,hotlist,2026-09-20,2026-09-24 13:23:21
13,二二酸酸：《青春课本系列》 带你重新认识那些熟悉的语文课文,BILIBILI · 10 条评论 · 今天给大家推荐一个B站的UP主“二二酸酸” 她制作的有一个系列节目叫《青春课本系列》 讲解的都是我们上学时候学习的语文课本里那些文章之外的故事 有,19124,https://fuliba2023.net/erersuansuan.html,https://img03.sogoucdn.com/v2/thumb/retype_exclude_gif/ext/auto/q/100/?appid=122&url=tvax1.sinaimg.cn/large/006BNqYCly1ih8oakntacj313t0ov137.jpg,福利吧,最新文章,latest,hotlist,2026-09-19,2026-09-24 13:23:21
14,“Gattouz0”新作，居然又是亚洲妹 三人同行有点猛,好孩子kan不见 · 14 条评论 · 前几天我们发帖说过“Gattouz0”发布的新作是一个亚洲女孩 虽然他描述是中国人，但是从更新动态等种种迹象来看，更像是一个越南妹 “Gattouz0”再约亚,37148,https://fuliba2023.net/new-gattouz0-bunny-umi-bunny-una-double.html,https://img03.sogoucdn.com/v2/thumb/retype_exclude_gif/ext/auto/q/100/?appid=122&url=tvax4.sinaimg.cn/large/006BNqYCly1ih7we2b494j31ct0rie7s.jpg,福利吧,最新文章,latest,hotlist,2026-09-19,2026-09-24 13:23:21
15,犬上いの字：《收到陌生女性隔空投送发来私密照片的经历》 苹果用户专享,漫画推荐 · 6 条评论 · 今天给大家推荐的是日本画师“犬上いの字”的作品 这部漫画创意挺好，故事内容有轻微SM向，不过是大姐姐纯爱作品 作品共计三话，85P左右，下面是剧情,23219,https://fuliba2023.net/the-story-of-how-i-received-a-racy-selfie-via-image-sharing-from-a-woman-i-didnt-know.html,https://img03.sogoucdn.com/v2/thumb/retype_exclude_gif/ext/auto/q/100/?appid=122&url=tvax1.sinaimg.cn/large/006BNqYCly1ih7wv859lrj31id0w5tm8.jpg,福利吧,最新文章,latest,hotlist,2026-09-18,2026-09-24 13:23:21
16,2026年福利汇总第131期 ：神秘礼物,福利汇总 · 10 条评论 · BGM：《神秘礼物》：点击播放 热门视频： 【邓肯】“梅姨”案 我只是想煮一个鸡蛋，互联网却想教我做人 为什么所有 App 都能借钱给你？网贷如何变得无,39999,https://fuliba2023.net/2026131.html,https://img03.sogoucdn.com/v2/thumb/retype_exclude_gif/ext/auto/q/100/?appid=122&url=tvax4.sinaimg.cn/large/006BNqYCly1ih7v9i5gyrj323u1kwdy6.jpg,福利吧,最新文章,latest,hotlist,2026-09-18,2026-09-24 13:23:21
17,NGA一个精彩刺激的私人经历文,福利吧 · 7 条评论 · 感谢福利吧论坛网友“yyds1111”分享，更多优秀分享请访问福利吧论坛。 这是NGA上一个帖子连载更新的，整理成文本分享。 主要讲KTV里约妹子的事，有荤,37840,https://fuliba2023.net/xiaoc.html,https://img03.sogoucdn.com/v2/thumb/retype_exclude_gif/ext/auto/q/100/?appid=122&url=https://tva1.sinaimg.cn/large/009Zip4ygy1ih6pc9dq8sj30or0gfwgc.jpg,福利吧,最新文章,latest,hotlist,2026-09-17,2026-09-24 13:23:21
18,よふかしのへや：《反正要死了，随你处置》翻拍真人版 逢沢みゆ出演,图解电影 · 21 条评论 · 去年的时候，我们给大家推荐过画师“よふかしのへや”的这部作品 よふかしのへや：《反正要死了，随你处置》 用爱爱拯救厌世少女 时隔一年，这部作品,50085,https://fuliba2023.net/rki-757.html,https://img03.sogoucdn.com/v2/thumb/retype_exclude_gif/ext/auto/q/100/?appid=122&url=tvax3.sinaimg.cn/large/006BNqYCly1ih6bur3oovj316d0r8tuo.jpg,福利吧,最新文章,latest,hotlist,2026-09-17,2026-09-24 13:23:21
19,2026年7月番剧推荐：《我独自盗墓》 更新至第10集,动漫影视 · 1 条评论 · 2024年的时候，我们给大家推荐过一部韩漫改编的异世界动漫作品 2025年这部作品已经出了第二季，异世界番剧里的黑马之作，非常好看 2024年1月番剧推荐,11439,https://fuliba2023.net/tomb-raider-king.html,https://img03.sogoucdn.com/v2/thumb/retype_exclude_gif/ext/auto/q/100/?appid=122&url=tvax3.sinaimg.cn/large/006BNqYCly1ih6v0vd7pmj31gr0u0k15.jpg,福利吧,最新文章,latest,hotlist,2026-09-17,2026-09-24 13:23:21
20,2026年福利汇总第130期 ：百万朵玫瑰,福利汇总 · 11 条评论 · BGM：《百万本のバラ》：点击播放 热门视频： 我们平时点外卖的袋子是如何生产的？ 九年义务教育，正在变成“义务坐牢” 从北京坐火车去新加坡！ 细读,65385,https://fuliba2023.net/2026130.html,https://img03.sogoucdn.com/v2/thumb/retype_exclude_gif/ext/auto/q/100/?appid=122&url=tvax3.sinaimg.cn/large/006BNqYCly1ih5858bs24j323i1hc4qp.jpg,福利吧,最新文章,latest,hotlist,2026-09-16,2026-09-24 13:23:21
1,2026年福利汇总第134期 ：甜味玉米,福利汇总 · 8 条评论 · BGM：《Cắt Đôi Nỗi Sầu》：点击播放 热门视频： 怪不得说能当团播的都不是一般人，龙浩天走播一场就是好几个小时 难评，太难评了 用iPhone的形,13566,https://fuliba2023.net/2026134.html,https://img03.sogoucdn.com/v2/thumb/retype_exclude_gif/ext/auto/q/100/?appid=122&url=tvax4.sinaimg.cn/large/006BNqYCly1ihdsa6ulp7j30wi0kogo4.jpg,福利吧,最新文章,latest,hotlist,2026-09-24,2026-09-24 14:38:07
2,歌曲推荐：柬埔寨迷幻流行摇滚乐专辑《Cambodian Rocks》 附纪录片《别认为我忘了:柬埔寨失去的摇滚乐》,福利吧 · 1 条评论 · 之前我们更新过一期食贫道的节目中讲过柬埔寨的摇滚音乐 2026.03.21食贫道最新纪录片食视频《电诈 摇滚 吴哥窟》 当时那个节目记录了一部分柬埔寨音乐,4522,https://fuliba2023.net/cambodian-rocks.html,https://img03.sogoucdn.com/v2/thumb/retype_exclude_gif/ext/auto/q/100/?appid=122&url=tvax3.sinaimg.cn/large/006BNqYCly1ihdt5his8lj30ov0ov7jh.jpg,福利吧,最新文章,latest,hotlist,2026-09-24,2026-09-24 14:38:07
3,淘宝京东优惠商品汇总，9月24日9点更新 购物领券fuliba99.net,购物网赚 · 314 条评论 · 购物搜券：福利久久 — 精选好货，实时更新 商品更新较快，请加购物群获得第一手消息。微信扫码加好友，回复“京东群”或者“淘宝群”自动拉你。 500g,454115,https://fuliba2023.net/99.html,https://img03.sogoucdn.com/v2/thumb/retype_exclude_gif/ext/auto/q/100/?appid=122&url=https://tva1.sinaimg.cn/large/009Zip4ygy1ihejk5oza8j309q09qgmb.jpg,福利吧,最新文章,latest,hotlist,2026-09-24,2026-09-24 14:38:07
4,ましゅまろ団：《交友软件上认识的辣妹居然是个土味女》 谁是谁的菜？,漫画推荐 · 6 条评论 · 今天给大家推荐的是画师“ましゅまろ団”的一个短篇作品 作品总计51P，故事是常见的约会见面套路，感觉有同类的真人版 没有的话，这剧情也很适合改编,12033,https://fuliba2023.net/tuweimeidechuntian.html,https://img03.sogoucdn.com/v2/thumb/retype_exclude_gif/ext/auto/q/100/?appid=122&url=tvax1.sinaimg.cn/large/006BNqYCly1ihdoy8qgy6j31320tnamf.jpg,福利吧,最新文章,latest,hotlist,2026-09-23,2026-09-24 14:38:07
5,蔡文娜：军阀姨太太的真实生活是什么样的？ 附《一个过渡时代的家庭》论文,福利吧 · 3 条评论 · 之前在抖音刷到一个视频，讲述了一个军阀太太“蔡文娜”考入大学 写了一篇记录自己婚姻生活的社会学论文，论文是客观的，故事是悲剧的 “蔡文娜”没有,23607,https://fuliba2023.net/gdsddjt.html,https://img03.sogoucdn.com/v2/thumb/retype_exclude_gif/ext/auto/q/100/?appid=122&url=tvax4.sinaimg.cn/large/006BNqYCly1ihb460bhx3j30af0ehwgd.jpg,福利吧,最新文章,latest,hotlist,2026-09-23,2026-09-24 14:38:07
6,【福利】5.9元买二锅头送京东标准洗车&蚂蚁阿福智能体脂秤到手4.9元,购物网赚 · 18 条评论 · 京东下单二锅头，送京东工作日标准洗车一次。 商品价7.9元包邮，加购物车，会送一个2-2元的优惠券（或购物车内右侧砸蛋）， 实付5.9，主要是薅洗车福,21023,https://fuliba2023.net/wolai.html,https://img03.sogoucdn.com/v2/thumb/retype_exclude_gif/ext/auto/q/100/?appid=122&url=https://tva1.sinaimg.cn/large/009Zip4ygy1ihcfu9nketj309q09qaas.jpg,福利吧,最新文章,latest,hotlist,2026-09-22,2026-09-24 14:38:07
7,2026年福利汇总第133期 ：蜜桃甜妹,福利汇总 · 13 条评论 · BGM：《黄河谣》：点击播放 热门视频： 太牛逼了，崔健在2026湾区升明月演唱《时间的b面》把全场看傻眼 解读《末代皇帝》配乐：音乐到底是如何表达一,54269,https://fuliba2023.net/2026133.html,https://img03.sogoucdn.com/v2/thumb/retype_exclude_gif/ext/auto/q/100/?appid=122&url=tvax3.sinaimg.cn/large/006BNqYCly1ihc8qea2jbj33h04moe83.jpg,福利吧,最新文章,latest,hotlist,2026-09-22,2026-09-24 14:38:07
8,河北彩花：空姐主题新作片头居然是用AI生成 老乡越来越不走心？,业界速报 · 11 条评论 · 最近河北老乡又上热搜了，这次成为话题主要有俩原因 第一就是最近发布的一部空姐主题作品 开幕的一段居然全部都是AI生成的，不少网友吐槽老乡越来越敷,20557,https://fuliba2023.net/snos-377.html,https://img03.sogoucdn.com/v2/thumb/retype_exclude_gif/ext/auto/q/100/?appid=122&url=tvax4.sinaimg.cn/large/006BNqYCly1ihb5ip7rm6g30m80ciqv5.gif,福利吧,最新文章,latest,hotlist,2026-09-22,2026-09-24 14:38:07
9,2026年9月趣站分享：听记/App比价/图标制作/装机软件 中国天气地图,趣站分享 · 7 条评论 · 趣味网站分享系列：https://fuliba2025.net/quwei 没有采取单发文章推荐的内容，大部分来自福利吧论坛或网友邮件投稿。 如果你也有不错的内容,17295,https://fuliba2023.net/website202609.html,https://img03.sogoucdn.com/v2/thumb/retype_exclude_gif/ext/auto/q/100/?appid=122&url=tvax1.sinaimg.cn/large/006BNqYCly1ift9t7n41kj315y0v1gwr.jpg,福利吧,最新文章,latest,hotlist,2026-09-21,2026-09-24 14:38:07
10,Netflix韩国剧集：《挑情丑闻》全8集 情爱画面很唯美,影视推荐 · 11 条评论 · Netflix最近上线的一部桃色剧集 原作品是法国18世纪小说家拉克洛用书信形式所写成的小说《危险关系》 剧版改编自由李在容执导、2003年上映的同名电影,34959,https://fuliba2023.net/scandals.html,https://img03.sogoucdn.com/v2/thumb/retype_exclude_gif/ext/auto/q/100/?appid=122&url=tvax1.sinaimg.cn/large/006BNqYCly1iha0neyeu0j31x90z5e82.jpg,福利吧,最新文章,latest,hotlist,2026-09-21,2026-09-24 14:38:07
11,“倉木華”遗作《我在深夜便利店做收银被微醺大姐姐攻略》上线 可惜再也看不到妹子新作了,图解电影 · 6 条评论 · 前几天我们曾经发帖说过，又一位日本女演员因为牛郎问题选择了自杀离开这个世界 噩耗：日本女优“倉木華”在住所自杀身亡 死亡原因引网络热议 翻看她,43606,https://fuliba2023.net/snos-397.html,https://img03.sogoucdn.com/v2/thumb/retype_exclude_gif/ext/auto/q/100/?appid=122&url=tvax4.sinaimg.cn/large/006BNqYCly1ih9wo1lt79j31cl0r81kx.jpg,福利吧,最新文章,latest,hotlist,2026-09-20,2026-09-24 14:38:07
12,2026年福利汇总第132期 ：失语梦,福利汇总 · 10 条评论 · BGM：《失语梦》：点击播放 热门视频： 有网友到青海西宁旅游，打车途中，司机师傅一路介绍青海，讲得头头是道 铭文中的谜之天子，逨盘，195件国宝第1,42176,https://fuliba2023.net/2026132.html,https://img03.sogoucdn.com/v2/thumb/retype_exclude_gif/ext/auto/q/100/?appid=122&url=tvax1.sinaimg.cn/large/006BNqYCly1ih9uxu4308j335s23ub14.jpg,福利吧,最新文章,latest,hotlist,2026-09-20,2026-09-24 14:38:07
13,二二酸酸：《青春课本系列》 带你重新认识那些熟悉的语文课文,BILIBILI · 10 条评论 · 今天给大家推荐一个B站的UP主“二二酸酸” 她制作的有一个系列节目叫《青春课本系列》 讲解的都是我们上学时候学习的语文课本里那些文章之外的故事 有,19161,https://fuliba2023.net/erersuansuan.html,https://img03.sogoucdn.com/v2/thumb/retype_exclude_gif/ext/auto/q/100/?appid=122&url=tvax1.sinaimg.cn/large/006BNqYCly1ih8oakntacj313t0ov137.jpg,福利吧,最新文章,latest,hotlist,2026-09-19,2026-09-24 14:38:07
14,“Gattouz0”新作，居然又是亚洲妹 三人同行有点猛,好孩子kan不见 · 14 条评论 · 前几天我们发帖说过“Gattouz0”发布的新作是一个亚洲女孩 虽然他描述是中国人，但是从更新动态等种种迹象来看，更像是一个越南妹 “Gattouz0”再约亚,37228,https://fuliba2023.net/new-gattouz0-bunny-umi-bunny-una-double.html,https://img03.sogoucdn.com/v2/thumb/retype_exclude_gif/ext/auto/q/100/?appid=122&url=tvax4.sinaimg.cn/large/006BNqYCly1ih7we2b494j31ct0rie7s.jpg,福利吧,最新文章,latest,hotlist,2026-09-19,2026-09-24 14:38:07
15,犬上いの字：《收到陌生女性隔空投送发来私密照片的经历》 苹果用户专享,漫画推荐 · 6 条评论 · 今天给大家推荐的是日本画师“犬上いの字”的作品 这部漫画创意挺好，故事内容有轻微SM向，不过是大姐姐纯爱作品 作品共计三话，85P左右，下面是剧情,23243,https://fuliba2023.net/the-story-of-how-i-received-a-racy-selfie-via-image-sharing-from-a-woman-i-didnt-know.html,https://img03.sogoucdn.com/v2/thumb/retype_exclude_gif/ext/auto/q/100/?appid=122&url=tvax1.sinaimg.cn/large/006BNqYCly1ih7wv859lrj31id0w5tm8.jpg,福利吧,最新文章,latest,hotlist,2026-09-18,2026-09-24 14:38:07
16,2026年福利汇总第131期 ：神秘礼物,福利汇总 · 10 条评论 · BGM：《神秘礼物》：点击播放 热门视频： 【邓肯】“梅姨”案 我只是想煮一个鸡蛋，互联网却想教我做人 为什么所有 App 都能借钱给你？网贷如何变得无,40056,https://fuliba2023.net/2026131.html,https://img03.sogoucdn.com/v2/thumb/retype_exclude_gif/ext/auto/q/100/?appid=122&url=tvax4.sinaimg.cn/large/006BNqYCly1ih7v9i5gyrj323u1kwdy6.jpg,福利吧,最新文章,latest,hotlist,2026-09-18,2026-09-24 14:38:07
17,NGA一个精彩刺激的私人经历文,福利吧 · 7 条评论 · 感谢福利吧论坛网友“yyds1111”分享，更多优秀分享请访问福利吧论坛。 这是NGA上一个帖子连载更新的，整理成文本分享。 主要讲KTV里约妹子的事，有荤,37891,https://fuliba2023.net/xiaoc.html,https://img03.sogoucdn.com/v2/thumb/retype_exclude_gif/ext/auto/q/100/?appid=122&url=https://tva1.sinaimg.cn/large/009Zip4ygy1ih6pc9dq8sj30or0gfwgc.jpg,福利吧,最新文章,latest,hotlist,2026-09-17,2026-09-24 14:38:07
18,よふかしのへや：《反正要死了，随你处置》翻拍真人版 逢沢みゆ出演,图解电影 · 21 条评论 · 去年的时候，我们给大家推荐过画师“よふかしのへや”的这部作品 よふかしのへや：《反正要死了，随你处置》 用爱爱拯救厌世少女 时隔一年，这部作品,50152,https://fuliba2023.net/rki-757.html,https://img03.sogoucdn.com/v2/thumb/retype_exclude_gif/ext/auto/q/100/?appid=122&url=tvax3.sinaimg.cn/large/006BNqYCly1ih6bur3oovj316d0r8tuo.jpg,福利吧,最新文章,latest,hotlist,2026-09-17,2026-09-24 14:38:07
19,2026年7月番剧推荐：《我独自盗墓》 更新至第10集,动漫影视 · 1 条评论 · 2024年的时候，我们给大家推荐过一部韩漫改编的异世界动漫作品 2025年这部作品已经出了第二季，异世界番剧里的黑马之作，非常好看 2024年1月番剧推荐,11461,https://fuliba2023.net/tomb-raider-king.html,https://img03.sogoucdn.com/v2/thumb/retype_exclude_gif/ext/auto/q/100/?appid=122&url=tvax3.sinaimg.cn/large/006BNqYCly1ih6v0vd7pmj31gr0u0k15.jpg,福利吧,最新文章,latest,hotlist,2026-09-17,2026-09-24 14:38:07
20,2026年福利汇总第130期 ：百万朵玫瑰,福利汇总 · 11 条评论 · BGM：《百万本のバラ》：点击播放 热门视频： 我们平时点外卖的袋子是如何生产的？ 九年义务教育，正在变成“义务坐牢” 从北京坐火车去新加坡！ 细读,65442,https://fuliba2023.net/2026130.html,https://img03.sogoucdn.com/v2/thumb/retype_exclude_gif/ext/auto/q/100/?appid=122&url=tvax3.sinaimg.cn/large/006BNqYCly1ih5858bs24j323i1hc4qp.jpg,福利吧,最新文章,latest,hotlist,2026-09-16,2026-09-24 14:38:07
1,2026年福利汇总第134期 ：甜味玉米,福利汇总 · 8 条评论 · BGM：《Cắt Đôi Nỗi Sầu》：点击播放 热门视频： 怪不得说能当团播的都不是一般人，龙浩天走播一场就是好几个小时 难评，太难评了 用iPhone的形,15099,https://fuliba2023.net/2026134.html,https://img03.sogoucdn.com/v2/thumb/retype_exclude_gif/ext/auto/q/100/?appid=122&url=tvax4.sinaimg.cn/large/006BNqYCly1ihdsa6ulp7j30wi0kogo4.jpg,福利吧,最新文章,latest,hotlist,2026-09-24,2026-09-24 15:27:33
2,歌曲推荐：柬埔寨迷幻流行摇滚乐专辑《Cambodian Rocks》 附纪录片《别认为我忘了:柬埔寨失去的摇滚乐》,福利吧 · 1 条评论 · 之前我们更新过一期食贫道的节目中讲过柬埔寨的摇滚音乐 2026.03.21食贫道最新纪录片食视频《电诈 摇滚 吴哥窟》 当时那个节目记录了一部分柬埔寨音乐,4766,https://fuliba2023.net/cambodian-rocks.html,https://img03.sogoucdn.com/v2/thumb/retype_exclude_gif/ext/auto/q/100/?appid=122&url=tvax3.sinaimg.cn/large/006BNqYCly1ihdt5his8lj30ov0ov7jh.jpg,福利吧,最新文章,latest,hotlist,2026-09-24,2026-09-24 15:27:33
3,淘宝京东优惠商品汇总，9月24日9点更新 购物领券fuliba99.net,购物网赚 · 314 条评论 · 购物搜券：福利久久 — 精选好货，实时更新 商品更新较快，请加购物群获得第一手消息。微信扫码加好友，回复“京东群”或者“淘宝群”自动拉你。 500g,454234,https://fuliba2023.net/99.html,https://img03.sogoucdn.com/v2/thumb/retype_exclude_gif/ext/auto/q/100/?appid=122&url=https://tva1.sinaimg.cn/large/009Zip4ygy1ihejk5oza8j309q09qgmb.jpg,福利吧,最新文章,latest,hotlist,2026-09-24,2026-09-24 15:27:33
4,ましゅまろ団：《交友软件上认识的辣妹居然是个土味女》 谁是谁的菜？,漫画推荐 · 6 条评论 · 今天给大家推荐的是画师“ましゅまろ団”的一个短篇作品 作品总计51P，故事是常见的约会见面套路，感觉有同类的真人版 没有的话，这剧情也很适合改编,12267,https://fuliba2023.net/tuweimeidechuntian.html,https://img03.sogoucdn.com/v2/thumb/retype_exclude_gif/ext/auto/q/100/?appid=122&url=tvax1.sinaimg.cn/large/006BNqYCly1ihdoy8qgy6j31320tnamf.jpg,福利吧,最新文章,latest,hotlist,2026-09-23,2026-09-24 15:27:33
5,蔡文娜：军阀姨太太的真实生活是什么样的？ 附《一个过渡时代的家庭》论文,福利吧 · 3 条评论 · 之前在抖音刷到一个视频，讲述了一个军阀太太“蔡文娜”考入大学 写了一篇记录自己婚姻生活的社会学论文，论文是客观的，故事是悲剧的 “蔡文娜”没有,23779,https://fuliba2023.net/gdsddjt.html,https://img03.sogoucdn.com/v2/thumb/retype_exclude_gif/ext/auto/q/100/?appid=122&url=tvax4.sinaimg.cn/large/006BNqYCly1ihb460bhx3j30af0ehwgd.jpg,福利吧,最新文章,latest,hotlist,2026-09-23,2026-09-24 15:27:33
6,【福利】5.9元买二锅头送京东标准洗车&蚂蚁阿福智能体脂秤到手4.9元,购物网赚 · 18 条评论 · 京东下单二锅头，送京东工作日标准洗车一次。 商品价7.9元包邮，加购物车，会送一个2-2元的优惠券（或购物车内右侧砸蛋）， 实付5.9，主要是薅洗车福,21060,https://fuliba2023.net/wolai.html,https://img03.sogoucdn.com/v2/thumb/retype_exclude_gif/ext/auto/q/100/?appid=122&url=https://tva1.sinaimg.cn/large/009Zip4ygy1ihcfu9nketj309q09qaas.jpg,福利吧,最新文章,latest,hotlist,2026-09-22,2026-09-24 15:27:33
7,2026年福利汇总第133期 ：蜜桃甜妹,福利汇总 · 13 条评论 · BGM：《黄河谣》：点击播放 热门视频： 太牛逼了，崔健在2026湾区升明月演唱《时间的b面》把全场看傻眼 解读《末代皇帝》配乐：音乐到底是如何表达一,54530,https://fuliba2023.net/2026133.html,https://img03.sogoucdn.com/v2/thumb/retype_exclude_gif/ext/auto/q/100/?appid=122&url=tvax3.sinaimg.cn/large/006BNqYCly1ihc8qea2jbj33h04moe83.jpg,福利吧,最新文章,latest,hotlist,2026-09-22,2026-09-24 15:27:33
8,河北彩花：空姐主题新作片头居然是用AI生成 老乡越来越不走心？,业界速报 · 11 条评论 · 最近河北老乡又上热搜了，这次成为话题主要有俩原因 第一就是最近发布的一部空姐主题作品 开幕的一段居然全部都是AI生成的，不少网友吐槽老乡越来越敷,20629,https://fuliba2023.net/snos-377.html,https://img03.sogoucdn.com/v2/thumb/retype_exclude_gif/ext/auto/q/100/?appid=122&url=tvax4.sinaimg.cn/large/006BNqYCly1ihb5ip7rm6g30m80ciqv5.gif,福利吧,最新文章,latest,hotlist,2026-09-22,2026-09-24 15:27:33
9,2026年9月趣站分享：听记/App比价/图标制作/装机软件 中国天气地图,趣站分享 · 7 条评论 · 趣味网站分享系列：https://fuliba2025.net/quwei 没有采取单发文章推荐的内容，大部分来自福利吧论坛或网友邮件投稿。 如果你也有不错的内容,17337,https://fuliba2023.net/website202609.html,https://img03.sogoucdn.com/v2/thumb/retype_exclude_gif/ext/auto/q/100/?appid=122&url=tvax1.sinaimg.cn/large/006BNqYCly1ift9t7n41kj315y0v1gwr.jpg,福利吧,最新文章,latest,hotlist,2026-09-21,2026-09-24 15:27:33
10,Netflix韩国剧集：《挑情丑闻》全8集 情爱画面很唯美,影视推荐 · 11 条评论 · Netflix最近上线的一部桃色剧集 原作品是法国18世纪小说家拉克洛用书信形式所写成的小说《危险关系》 剧版改编自由李在容执导、2003年上映的同名电影,35050,https://fuliba2023.net/scandals.html,https://img03.sogoucdn.com/v2/thumb/retype_exclude_gif/ext/auto/q/100/?appid=122&url=tvax1.sinaimg.cn/large/006BNqYCly1iha0neyeu0j31x90z5e82.jpg,福利吧,最新文章,latest,hotlist,2026-09-21,2026-09-24 15:27:33
11,“倉木華”遗作《我在深夜便利店做收银被微醺大姐姐攻略》上线 可惜再也看不到妹子新作了,图解电影 · 6 条评论 · 前几天我们曾经发帖说过，又一位日本女演员因为牛郎问题选择了自杀离开这个世界 噩耗：日本女优“倉木華”在住所自杀身亡 死亡原因引网络热议 翻看她,43678,https://fuliba2023.net/snos-397.html,https://img03.sogoucdn.com/v2/thumb/retype_exclude_gif/ext/auto/q/100/?appid=122&url=tvax4.sinaimg.cn/large/006BNqYCly1ih9wo1lt79j31cl0r81kx.jpg,福利吧,最新文章,latest,hotlist,2026-09-20,2026-09-24 15:27:33
12,2026年福利汇总第132期 ：失语梦,福利汇总 · 10 条评论 · BGM：《失语梦》：点击播放 热门视频： 有网友到青海西宁旅游，打车途中，司机师傅一路介绍青海，讲得头头是道 铭文中的谜之天子，逨盘，195件国宝第1,42251,https://fuliba2023.net/2026132.html,https://img03.sogoucdn.com/v2/thumb/retype_exclude_gif/ext/auto/q/100/?appid=122&url=tvax1.sinaimg.cn/large/006BNqYCly1ih9uxu4308j335s23ub14.jpg,福利吧,最新文章,latest,hotlist,2026-09-20,2026-09-24 15:27:33
13,二二酸酸：《青春课本系列》 带你重新认识那些熟悉的语文课文,BILIBILI · 10 条评论 · 今天给大家推荐一个B站的UP主“二二酸酸” 她制作的有一个系列节目叫《青春课本系列》 讲解的都是我们上学时候学习的语文课本里那些文章之外的故事 有,19186,https://fuliba2023.net/erersuansuan.html,https://img03.sogoucdn.com/v2/thumb/retype_exclude_gif/ext/auto/q/100/?appid=122&url=tvax1.sinaimg.cn/large/006BNqYCly1ih8oakntacj313t0ov137.jpg,福利吧,最新文章,latest,hotlist,2026-09-19,2026-09-24 15:27:33
14,“Gattouz0”新作，居然又是亚洲妹 三人同行有点猛,好孩子kan不见 · 14 条评论 · 前几天我们发帖说过“Gattouz0”发布的新作是一个亚洲女孩 虽然他描述是中国人，但是从更新动态等种种迹象来看，更像是一个越南妹 “Gattouz0”再约亚,37295,https://fuliba2023.net/new-gattouz0-bunny-umi-bunny-una-double.html,https://img03.sogoucdn.com/v2/thumb/retype_exclude_gif/ext/auto/q/100/?appid=122&url=tvax4.sinaimg.cn/large/006BNqYCly1ih7we2b494j31ct0rie7s.jpg,福利吧,最新文章,latest,hotlist,2026-09-19,2026-09-24 15:27:33
15,犬上いの字：《收到陌生女性隔空投送发来私密照片的经历》 苹果用户专享,漫画推荐 · 6 条评论 · 今天给大家推荐的是日本画师“犬上いの字”的作品 这部漫画创意挺好，故事内容有轻微SM向，不过是大姐姐纯爱作品 作品共计三话，85P左右，下面是剧情,23272,https://fuliba2023.net/the-story-of-how-i-received-a-racy-selfie-via-image-sharing-from-a-woman-i-didnt-know.html,https://img03.sogoucdn.com/v2/thumb/retype_exclude_gif/ext/auto/q/100/?appid=122&url=tvax1.sinaimg.cn/large/006BNqYCly1ih7wv859lrj31id0w5tm8.jpg,福利吧,最新文章,latest,hotlist,2026-09-18,2026-09-24 15:27:33
16,2026年福利汇总第131期 ：神秘礼物,福利汇总 · 10 条评论 · BGM：《神秘礼物》：点击播放 热门视频： 【邓肯】“梅姨”案 我只是想煮一个鸡蛋，互联网却想教我做人 为什么所有 App 都能借钱给你？网贷如何变得无,40087,https://fuliba2023.net/2026131.html,https://img03.sogoucdn.com/v2/thumb/retype_exclude_gif/ext/auto/q/100/?appid=122&url=tvax4.sinaimg.cn/large/006BNqYCly1ih7v9i5gyrj323u1kwdy6.jpg,福利吧,最新文章,latest,hotlist,2026-09-18,2026-09-24 15:27:33
17,NGA一个精彩刺激的私人经历文,福利吧 · 7 条评论 · 感谢福利吧论坛网友“yyds1111”分享，更多优秀分享请访问福利吧论坛。 这是NGA上一个帖子连载更新的，整理成文本分享。 主要讲KTV里约妹子的事，有荤,37921,https://fuliba2023.net/xiaoc.html,https://img03.sogoucdn.com/v2/thumb/retype_exclude_gif/ext/auto/q/100/?appid=122&url=https://tva1.sinaimg.cn/large/009Zip4ygy1ih6pc9dq8sj30or0gfwgc.jpg,福利吧,最新文章,latest,hotlist,2026-09-17,2026-09-24 15:27:33
18,よふかしのへや：《反正要死了，随你处置》翻拍真人版 逢沢みゆ出演,图解电影 · 21 条评论 · 去年的时候，我们给大家推荐过画师“よふかしのへや”的这部作品 よふかしのへや：《反正要死了，随你处置》 用爱爱拯救厌世少女 时隔一年，这部作品,50190,https://fuliba2023.net/rki-757.html,https://img03.sogoucdn.com/v2/thumb/retype_exclude_gif/ext/auto/q/100/?appid=122&url=tvax3.sinaimg.cn/large/006BNqYCly1ih6bur3oovj316d0r8tuo.jpg,福利吧,最新文章,latest,hotlist,2026-09-17,2026-09-24 15:27:33
19,2026年7月番剧推荐：《我独自盗墓》 更新至第10集,动漫影视 · 1 条评论 · 2024年的时候，我们给大家推荐过一部韩漫改编的异世界动漫作品 2025年这部作品已经出了第二季，异世界番剧里的黑马之作，非常好看 2024年1月番剧推荐,11482,https://fuliba2023.net/tomb-raider-king.html,https://img03.sogoucdn.com/v2/thumb/retype_exclude_gif/ext/auto/q/100/?appid=122&url=tvax3.sinaimg.cn/large/006BNqYCly1ih6v0vd7pmj31gr0u0k15.jpg,福利吧,最新文章,latest,hotlist,2026-09-17,2026-09-24 15:27:33
20,2026年福利汇总第130期 ：百万朵玫瑰,福利汇总 · 11 条评论 · BGM：《百万本のバラ》：点击播放 热门视频： 我们平时点外卖的袋子是如何生产的？ 九年义务教育，正在变成“义务坐牢” 从北京坐火车去新加坡！ 细读,65472,https://fuliba2023.net/2026130.html,https://img03.sogoucdn.com/v2/thumb/retype_exclude_gif/ext/auto/q/100/?appid=122&url=tvax3.sinaimg.cn/large/006BNqYCly1ih5858bs24j323i1hc4qp.jpg,福利吧,最新文章,latest,hotlist,2026-09-16,2026-09-24 15:27:33
1,2026年福利汇总第134期 ：甜味玉米,福利汇总 · 9 条评论 · BGM：《Cắt Đôi Nỗi Sầu》：点击播放 热门视频： 怪不得说能当团播的都不是一般人，龙浩天走播一场就是好几个小时 难评，太难评了 用iPhone的形,16895,https://fuliba2023.net/2026134.html,https://img03.sogoucdn.com/v2/thumb/retype_exclude_gif/ext/auto/q/100/?appid=122&url=tvax4.sinaimg.cn/large/006BNqYCly1ihdsa6ulp7j30wi0kogo4.jpg,福利吧,最新文章,latest,hotlist,2026-09-24,2026-09-24 16:31:37
2,歌曲推荐：柬埔寨迷幻流行摇滚乐专辑《Cambodian Rocks》 附纪录片《别认为我忘了:柬埔寨失去的摇滚乐》,福利吧 · 1 条评论 · 之前我们更新过一期食贫道的节目中讲过柬埔寨的摇滚音乐 2026.03.21食贫道最新纪录片食视频《电诈 摇滚 吴哥窟》 当时那个节目记录了一部分柬埔寨音乐,5083,https://fuliba2023.net/cambodian-rocks.html,https://img03.sogoucdn.com/v2/thumb/retype_exclude_gif/ext/auto/q/100/?appid=122&url=tvax3.sinaimg.cn/large/006BNqYCly1ihdt5his8lj30ov0ov7jh.jpg,福利吧,最新文章,latest,hotlist,2026-09-24,2026-09-24 16:31:37
3,淘宝京东优惠商品汇总，9月24日9点更新 购物领券fuliba99.net,购物网赚 · 314 条评论 · 购物搜券：福利久久 — 精选好货，实时更新 商品更新较快，请加购物群获得第一手消息。微信扫码加好友，回复“京东群”或者“淘宝群”自动拉你。 500g,454387,https://fuliba2023.net/99.html,https://img03.sogoucdn.com/v2/thumb/retype_exclude_gif/ext/auto/q/100/?appid=122&url=https://tva1.sinaimg.cn/large/009Zip4ygy1ihejk5oza8j309q09qgmb.jpg,福利吧,最新文章,latest,hotlist,2026-09-24,2026-09-24 16:31:37
4,ましゅまろ団：《交友软件上认识的辣妹居然是个土味女》 谁是谁的菜？,漫画推荐 · 7 条评论 · 今天给大家推荐的是画师“ましゅまろ団”的一个短篇作品 作品总计51P，故事是常见的约会见面套路，感觉有同类的真人版 没有的话，这剧情也很适合改编,12520,https://fuliba2023.net/tuweimeidechuntian.html,https://img03.sogoucdn.com/v2/thumb/retype_exclude_gif/ext/auto/q/100/?appid=122&url=tvax1.sinaimg.cn/large/006BNqYCly1ihdoy8qgy6j31320tnamf.jpg,福利吧,最新文章,latest,hotlist,2026-09-23,2026-09-24 16:31:37
5,蔡文娜：军阀姨太太的真实生活是什么样的？ 附《一个过渡时代的家庭》论文,福利吧 · 3 条评论 · 之前在抖音刷到一个视频，讲述了一个军阀太太“蔡文娜”考入大学 写了一篇记录自己婚姻生活的社会学论文，论文是客观的，故事是悲剧的 “蔡文娜”没有,24020,https://fuliba2023.net/gdsddjt.html,https://img03.sogoucdn.com/v2/thumb/retype_exclude_gif/ext/auto/q/100/?appid=122&url=tvax4.sinaimg.cn/large/006BNqYCly1ihb460bhx3j30af0ehwgd.jpg,福利吧,最新文章,latest,hotlist,2026-09-23,2026-09-24 16:31:37
6,【福利】5.9元买二锅头送京东标准洗车&蚂蚁阿福智能体脂秤到手4.9元,购物网赚 · 18 条评论 · 京东下单二锅头，送京东工作日标准洗车一次。 商品价7.9元包邮，加购物车，会送一个2-2元的优惠券（或购物车内右侧砸蛋）， 实付5.9，主要是薅洗车福,21108,https://fuliba2023.net/wolai.html,https://img03.sogoucdn.com/v2/thumb/retype_exclude_gif/ext/auto/q/100/?appid=122&url=https://tva1.sinaimg.cn/large/009Zip4ygy1ihcfu9nketj309q09qaas.jpg,福利吧,最新文章,latest,hotlist,2026-09-22,2026-09-24 16:31:37
7,2026年福利汇总第133期 ：蜜桃甜妹,福利汇总 · 13 条评论 · BGM：《黄河谣》：点击播放 热门视频： 太牛逼了，崔健在2026湾区升明月演唱《时间的b面》把全场看傻眼 解读《末代皇帝》配乐：音乐到底是如何表达一,54825,https://fuliba2023.net/2026133.html,https://img03.sogoucdn.com/v2/thumb/retype_exclude_gif/ext/auto/q/100/?appid=122&url=tvax3.sinaimg.cn/large/006BNqYCly1ihc8qea2jbj33h04moe83.jpg,福利吧,最新文章,latest,hotlist,2026-09-22,2026-09-24 16:31:37
8,河北彩花：空姐主题新作片头居然是用AI生成 老乡越来越不走心？,业界速报 · 11 条评论 · 最近河北老乡又上热搜了，这次成为话题主要有俩原因 第一就是最近发布的一部空姐主题作品 开幕的一段居然全部都是AI生成的，不少网友吐槽老乡越来越敷,20732,https://fuliba2023.net/snos-377.html,https://img03.sogoucdn.com/v2/thumb/retype_exclude_gif/ext/auto/q/100/?appid=122&url=tvax4.sinaimg.cn/large/006BNqYCly1ihb5ip7rm6g30m80ciqv5.gif,福利吧,最新文章,latest,hotlist,2026-09-22,2026-09-24 16:31:37
9,2026年9月趣站分享：听记/App比价/图标制作/装机软件 中国天气地图,趣站分享 · 7 条评论 · 趣味网站分享系列：https://fuliba2025.net/quwei 没有采取单发文章推荐的内容，大部分来自福利吧论坛或网友邮件投稿。 如果你也有不错的内容,17360,https://fuliba2023.net/website202609.html,https://img03.sogoucdn.com/v2/thumb/retype_exclude_gif/ext/auto/q/100/?appid=122&url=tvax1.sinaimg.cn/large/006BNqYCly1ift9t7n41kj315y0v1gwr.jpg,福利吧,最新文章,latest,hotlist,2026-09-21,2026-09-24 16:31:37
10,Netflix韩国剧集：《挑情丑闻》全8集 情爱画面很唯美,影视推荐 · 11 条评论 · Netflix最近上线的一部桃色剧集 原作品是法国18世纪小说家拉克洛用书信形式所写成的小说《危险关系》 剧版改编自由李在容执导、2003年上映的同名电影,35141,https://fuliba2023.net/scandals.html,https://img03.sogoucdn.com/v2/thumb/retype_exclude_gif/ext/auto/q/100/?appid=122&url=tvax1.sinaimg.cn/large/006BNqYCly1iha0neyeu0j31x90z5e82.jpg,福利吧,最新文章,latest,hotlist,2026-09-21,2026-09-24 16:31:37
11,“倉木華”遗作《我在深夜便利店做收银被微醺大姐姐攻略》上线 可惜再也看不到妹子新作了,图解电影 · 6 条评论 · 前几天我们曾经发帖说过，又一位日本女演员因为牛郎问题选择了自杀离开这个世界 噩耗：日本女优“倉木華”在住所自杀身亡 死亡原因引网络热议 翻看她,43740,https://fuliba2023.net/snos-397.html,https://img03.sogoucdn.com/v2/thumb/retype_exclude_gif/ext/auto/q/100/?appid=122&url=tvax4.sinaimg.cn/large/006BNqYCly1ih9wo1lt79j31cl0r81kx.jpg,福利吧,最新文章,latest,hotlist,2026-09-20,2026-09-24 16:31:37
12,2026年福利汇总第132期 ：失语梦,福利汇总 · 10 条评论 · BGM：《失语梦》：点击播放 热门视频： 有网友到青海西宁旅游，打车途中，司机师傅一路介绍青海，讲得头头是道 铭文中的谜之天子，逨盘，195件国宝第1,42343,https://fuliba2023.net/2026132.html,https://img03.sogoucdn.com/v2/thumb/retype_exclude_gif/ext/auto/q/100/?appid=122&url=tvax1.sinaimg.cn/large/006BNqYCly1ih9uxu4308j335s23ub14.jpg,福利吧,最新文章,latest,hotlist,2026-09-20,2026-09-24 16:31:37
13,二二酸酸：《青春课本系列》 带你重新认识那些熟悉的语文课文,BILIBILI · 10 条评论 · 今天给大家推荐一个B站的UP主“二二酸酸” 她制作的有一个系列节目叫《青春课本系列》 讲解的都是我们上学时候学习的语文课本里那些文章之外的故事 有,19202,https://fuliba2023.net/erersuansuan.html,https://img03.sogoucdn.com/v2/thumb/retype_exclude_gif/ext/auto/q/100/?appid=122&url=tvax1.sinaimg.cn/large/006BNqYCly1ih8oakntacj313t0ov137.jpg,福利吧,最新文章,latest,hotlist,2026-09-19,2026-09-24 16:31:37
14,“Gattouz0”新作，居然又是亚洲妹 三人同行有点猛,好孩子kan不见 · 14 条评论 · 前几天我们发帖说过“Gattouz0”发布的新作是一个亚洲女孩 虽然他描述是中国人，但是从更新动态等种种迹象来看，更像是一个越南妹 “Gattouz0”再约亚,37355,https://fuliba2023.net/new-gattouz0-bunny-umi-bunny-una-double.html,https://img03.sogoucdn.com/v2/thumb/retype_exclude_gif/ext/auto/q/100/?appid=122&url=tvax4.sinaimg.cn/large/006BNqYCly1ih7we2b494j31ct0rie7s.jpg,福利吧,最新文章,latest,hotlist,2026-09-19,2026-09-24 16:31:37
15,犬上いの字：《收到陌生女性隔空投送发来私密照片的经历》 苹果用户专享,漫画推荐 · 6 条评论 · 今天给大家推荐的是日本画师“犬上いの字”的作品 这部漫画创意挺好，故事内容有轻微SM向，不过是大姐姐纯爱作品 作品共计三话，85P左右，下面是剧情,23293,https://fuliba2023.net/the-story-of-how-i-received-a-racy-selfie-via-image-sharing-from-a-woman-i-didnt-know.html,https://img03.sogoucdn.com/v2/thumb/retype_exclude_gif/ext/auto/q/100/?appid=122&url=tvax1.sinaimg.cn/large/006BNqYCly1ih7wv859lrj31id0w5tm8.jpg,福利吧,最新文章,latest,hotlist,2026-09-18,2026-09-24 16:31:37
16,2026年福利汇总第131期 ：神秘礼物,福利汇总 · 10 条评论 · BGM：《神秘礼物》：点击播放 热门视频： 【邓肯】“梅姨”案 我只是想煮一个鸡蛋，互联网却想教我做人 为什么所有 App 都能借钱给你？网贷如何变得无,40148,https://fuliba2023.net/2026131.html,https://img03.sogoucdn.com/v2/thumb/retype_exclude_gif/ext/auto/q/100/?appid=122&url=tvax4.sinaimg.cn/large/006BNqYCly1ih7v9i5gyrj323u1kwdy6.jpg,福利吧,最新文章,latest,hotlist,2026-09-18,2026-09-24 16:31:37
17,NGA一个精彩刺激的私人经历文,福利吧 · 7 条评论 · 感谢福利吧论坛网友“yyds1111”分享，更多优秀分享请访问福利吧论坛。 这是NGA上一个帖子连载更新的，整理成文本分享。 主要讲KTV里约妹子的事，有荤,37967,https://fuliba2023.net/xiaoc.html,https://img03.sogoucdn.com/v2/thumb/retype_exclude_gif/ext/auto/q/100/?appid=122&url=https://tva1.sinaimg.cn/large/009Zip4ygy1ih6pc9dq8sj30or0gfwgc.jpg,福利吧,最新文章,latest,hotlist,2026-09-17,2026-09-24 16:31:37
18,よふかしのへや：《反正要死了，随你处置》翻拍真人版 逢沢みゆ出演,图解电影 · 21 条评论 · 去年的时候，我们给大家推荐过画师“よふかしのへや”的这部作品 よふかしのへや：《反正要死了，随你处置》 用爱爱拯救厌世少女 时隔一年，这部作品,50228,https://fuliba2023.net/rki-757.html,https://img03.sogoucdn.com/v2/thumb/retype_exclude_gif/ext/auto/q/100/?appid=122&url=tvax3.sinaimg.cn/large/006BNqYCly1ih6bur3oovj316d0r8tuo.jpg,福利吧,最新文章,latest,hotlist,2026-09-17,2026-09-24 16:31:37
19,2026年7月番剧推荐：《我独自盗墓》 更新至第10集,动漫影视 · 1 条评论 · 2024年的时候，我们给大家推荐过一部韩漫改编的异世界动漫作品 2025年这部作品已经出了第二季，异世界番剧里的黑马之作，非常好看 2024年1月番剧推荐,11497,https://fuliba2023.net/tomb-raider-king.html,https://img03.sogoucdn.com/v2/thumb/retype_exclude_gif/ext/auto/q/100/?appid=122&url=tvax3.sinaimg.cn/large/006BNqYCly1ih6v0vd7pmj31gr0u0k15.jpg,福利吧,最新文章,latest,hotlist,2026-09-17,2026-09-24 16:31:37
20,2026年福利汇总第130期 ：百万朵玫瑰,福利汇总 · 11 条评论 · BGM：《百万本のバラ》：点击播放 热门视频： 我们平时点外卖的袋子是如何生产的？ 九年义务教育，正在变成“义务坐牢” 从北京坐火车去新加坡！ 细读,65528,https://fuliba2023.net/2026130.html,https://img03.sogoucdn.com/v2/thumb/retype_exclude_gif/ext/auto/q/100/?appid=122&url=tvax3.sinaimg.cn/large/006BNqYCly1ih5858bs24j323i1hc4qp.jpg,福利吧,最新文章,latest,hotlist,2026-09-16,2026-09-24 16:31:37
1,2026年福利汇总第134期 ：甜味玉米,福利汇总 · 9 条评论 · BGM：《Cắt Đôi Nỗi Sầu》：点击播放 热门视频： 怪不得说能当团播的都不是一般人，龙浩天走播一场就是好几个小时 难评，太难评了 用iPhone的形,18266,https://fuliba2023.net/2026134.html,https://img03.sogoucdn.com/v2/thumb/retype_exclude_gif/ext/auto/q/100/?appid=122&url=tvax4.sinaimg.cn/large/006BNqYCly1ihdsa6ulp7j30wi0kogo4.jpg,福利吧,最新文章,latest,hotlist,2026-09-24,2026-09-24 17:25:53
2,歌曲推荐：柬埔寨迷幻流行摇滚乐专辑《Cambodian Rocks》 附纪录片《别认为我忘了:柬埔寨失去的摇滚乐》,福利吧 · 1 条评论 · 之前我们更新过一期食贫道的节目中讲过柬埔寨的摇滚音乐 2026.03.21食贫道最新纪录片食视频《电诈 摇滚 吴哥窟》 当时那个节目记录了一部分柬埔寨音乐,5352,https://fuliba2023.net/cambodian-rocks.html,https://img03.sogoucdn.com/v2/thumb/retype_exclude_gif/ext/auto/q/100/?appid=122&url=tvax3.sinaimg.cn/large/006BNqYCly1ihdt5his8lj30ov0ov7jh.jpg,福利吧,最新文章,latest,hotlist,2026-09-24,2026-09-24 17:25:53
3,淘宝京东优惠商品汇总，9月24日9点更新 购物领券fuliba99.net,购物网赚 · 314 条评论 · 购物搜券：福利久久 — 精选好货，实时更新 商品更新较快，请加购物群获得第一手消息。微信扫码加好友，回复“京东群”或者“淘宝群”自动拉你。 500g,454494,https://fuliba2023.net/99.html,https://img03.sogoucdn.com/v2/thumb/retype_exclude_gif/ext/auto/q/100/?appid=122&url=https://tva1.sinaimg.cn/large/009Zip4ygy1ihejk5oza8j309q09qgmb.jpg,福利吧,最新文章,latest,hotlist,2026-09-24,2026-09-24 17:25:53
4,ましゅまろ団：《交友软件上认识的辣妹居然是个土味女》 谁是谁的菜？,漫画推荐 · 7 条评论 · 今天给大家推荐的是画师“ましゅまろ団”的一个短篇作品 作品总计51P，故事是常见的约会见面套路，感觉有同类的真人版 没有的话，这剧情也很适合改编,12720,https://fuliba2023.net/tuweimeidechuntian.html,https://img03.sogoucdn.com/v2/thumb/retype_exclude_gif/ext/auto/q/100/?appid=122&url=tvax1.sinaimg.cn/large/006BNqYCly1ihdoy8qgy6j31320tnamf.jpg,福利吧,最新文章,latest,hotlist,2026-09-23,2026-09-24 17:25:53
5,蔡文娜：军阀姨太太的真实生活是什么样的？ 附《一个过渡时代的家庭》论文,福利吧 · 3 条评论 · 之前在抖音刷到一个视频，讲述了一个军阀太太“蔡文娜”考入大学 写了一篇记录自己婚姻生活的社会学论文，论文是客观的，故事是悲剧的 “蔡文娜”没有,24231,https://fuliba2023.net/gdsddjt.html,https://img03.sogoucdn.com/v2/thumb/retype_exclude_gif/ext/auto/q/100/?appid=122&url=tvax4.sinaimg.cn/large/006BNqYCly1ihb460bhx3j30af0ehwgd.jpg,福利吧,最新文章,latest,hotlist,2026-09-23,2026-09-24 17:25:53
6,【福利】5.9元买二锅头送京东标准洗车&蚂蚁阿福智能体脂秤到手4.9元,购物网赚 · 18 条评论 · 京东下单二锅头，送京东工作日标准洗车一次。 商品价7.9元包邮，加购物车，会送一个2-2元的优惠券（或购物车内右侧砸蛋）， 实付5.9，主要是薅洗车福,21131,https://fuliba2023.net/wolai.html,https://img03.sogoucdn.com/v2/thumb/retype_exclude_gif/ext/auto/q/100/?appid=122&url=https://tva1.sinaimg.cn/large/009Zip4ygy1ihcfu9nketj309q09qaas.jpg,福利吧,最新文章,latest,hotlist,2026-09-22,2026-09-24 17:25:53
7,2026年福利汇总第133期 ：蜜桃甜妹,福利汇总 · 13 条评论 · BGM：《黄河谣》：点击播放 热门视频： 太牛逼了，崔健在2026湾区升明月演唱《时间的b面》把全场看傻眼 解读《末代皇帝》配乐：音乐到底是如何表达一,55076,https://fuliba2023.net/2026133.html,https://img03.sogoucdn.com/v2/thumb/retype_exclude_gif/ext/auto/q/100/?appid=122&url=tvax3.sinaimg.cn/large/006BNqYCly1ihc8qea2jbj33h04moe83.jpg,福利吧,最新文章,latest,hotlist,2026-09-22,2026-09-24 17:25:53
8,河北彩花：空姐主题新作片头居然是用AI生成 老乡越来越不走心？,业界速报 · 11 条评论 · 最近河北老乡又上热搜了，这次成为话题主要有俩原因 第一就是最近发布的一部空姐主题作品 开幕的一段居然全部都是AI生成的，不少网友吐槽老乡越来越敷,20801,https://fuliba2023.net/snos-377.html,https://img03.sogoucdn.com/v2/thumb/retype_exclude_gif/ext/auto/q/100/?appid=122&url=tvax4.sinaimg.cn/large/006BNqYCly1ihb5ip7rm6g30m80ciqv5.gif,福利吧,最新文章,latest,hotlist,2026-09-22,2026-09-24 17:25:53
9,2026年9月趣站分享：听记/App比价/图标制作/装机软件 中国天气地图,趣站分享 · 7 条评论 · 趣味网站分享系列：https://fuliba2025.net/quwei 没有采取单发文章推荐的内容，大部分来自福利吧论坛或网友邮件投稿。 如果你也有不错的内容,17393,https://fuliba2023.net/website202609.html,https://img03.sogoucdn.com/v2/thumb/retype_exclude_gif/ext/auto/q/100/?appid=122&url=tvax1.sinaimg.cn/large/006BNqYCly1ift9t7n41kj315y0v1gwr.jpg,福利吧,最新文章,latest,hotlist,2026-09-21,2026-09-24 17:25:53
10,Netflix韩国剧集：《挑情丑闻》全8集 情爱画面很唯美,影视推荐 · 11 条评论 · Netflix最近上线的一部桃色剧集 原作品是法国18世纪小说家拉克洛用书信形式所写成的小说《危险关系》 剧版改编自由李在容执导、2003年上映的同名电影,35234,https://fuliba2023.net/scandals.html,https://img03.sogoucdn.com/v2/thumb/retype_exclude_gif/ext/auto/q/100/?appid=122&url=tvax1.sinaimg.cn/large/006BNqYCly1iha0neyeu0j31x90z5e82.jpg,福利吧,最新文章,latest,hotlist,2026-09-21,2026-09-24 17:25:53
11,“倉木華”遗作《我在深夜便利店做收银被微醺大姐姐攻略》上线 可惜再也看不到妹子新作了,图解电影 · 6 条评论 · 前几天我们曾经发帖说过，又一位日本女演员因为牛郎问题选择了自杀离开这个世界 噩耗：日本女优“倉木華”在住所自杀身亡 死亡原因引网络热议 翻看她,43816,https://fuliba2023.net/snos-397.html,https://img03.sogoucdn.com/v2/thumb/retype_exclude_gif/ext/auto/q/100/?appid=122&url=tvax4.sinaimg.cn/large/006BNqYCly1ih9wo1lt79j31cl0r81kx.jpg,福利吧,最新文章,latest,hotlist,2026-09-20,2026-09-24 17:25:53
12,2026年福利汇总第132期 ：失语梦,福利汇总 · 10 条评论 · BGM：《失语梦》：点击播放 热门视频： 有网友到青海西宁旅游，打车途中，司机师傅一路介绍青海，讲得头头是道 铭文中的谜之天子，逨盘，195件国宝第1,42424,https://fuliba2023.net/2026132.html,https://img03.sogoucdn.com/v2/thumb/retype_exclude_gif/ext/auto/q/100/?appid=122&url=tvax1.sinaimg.cn/large/006BNqYCly1ih9uxu4308j335s23ub14.jpg,福利吧,最新文章,latest,hotlist,2026-09-20,2026-09-24 17:25:53
13,二二酸酸：《青春课本系列》 带你重新认识那些熟悉的语文课文,BILIBILI · 10 条评论 · 今天给大家推荐一个B站的UP主“二二酸酸” 她制作的有一个系列节目叫《青春课本系列》 讲解的都是我们上学时候学习的语文课本里那些文章之外的故事 有,19228,https://fuliba2023.net/erersuansuan.html,https://img03.sogoucdn.com/v2/thumb/retype_exclude_gif/ext/auto/q/100/?appid=122&url=tvax1.sinaimg.cn/large/006BNqYCly1ih8oakntacj313t0ov137.jpg,福利吧,最新文章,latest,hotlist,2026-09-19,2026-09-24 17:25:53
14,“Gattouz0”新作，居然又是亚洲妹 三人同行有点猛,好孩子kan不见 · 14 条评论 · 前几天我们发帖说过“Gattouz0”发布的新作是一个亚洲女孩 虽然他描述是中国人，但是从更新动态等种种迹象来看，更像是一个越南妹 “Gattouz0”再约亚,37418,https://fuliba2023.net/new-gattouz0-bunny-umi-bunny-una-double.html,https://img03.sogoucdn.com/v2/thumb/retype_exclude_gif/ext/auto/q/100/?appid=122&url=tvax4.sinaimg.cn/large/006BNqYCly1ih7we2b494j31ct0rie7s.jpg,福利吧,最新文章,latest,hotlist,2026-09-19,2026-09-24 17:25:53
15,犬上いの字：《收到陌生女性隔空投送发来私密照片的经历》 苹果用户专享,漫画推荐 · 6 条评论 · 今天给大家推荐的是日本画师“犬上いの字”的作品 这部漫画创意挺好，故事内容有轻微SM向，不过是大姐姐纯爱作品 作品共计三话，85P左右，下面是剧情,23311,https://fuliba2023.net/the-story-of-how-i-received-a-racy-selfie-via-image-sharing-from-a-woman-i-didnt-know.html,https://img03.sogoucdn.com/v2/thumb/retype_exclude_gif/ext/auto/q/100/?appid=122&url=tvax1.sinaimg.cn/large/006BNqYCly1ih7wv859lrj31id0w5tm8.jpg,福利吧,最新文章,latest,hotlist,2026-09-18,2026-09-24 17:25:53
16,2026年福利汇总第131期 ：神秘礼物,福利汇总 · 10 条评论 · BGM：《神秘礼物》：点击播放 热门视频： 【邓肯】“梅姨”案 我只是想煮一个鸡蛋，互联网却想教我做人 为什么所有 App 都能借钱给你？网贷如何变得无,40186,https://fuliba2023.net/2026131.html,https://img03.sogoucdn.com/v2/thumb/retype_exclude_gif/ext/auto/q/100/?appid=122&url=tvax4.sinaimg.cn/large/006BNqYCly1ih7v9i5gyrj323u1kwdy6.jpg,福利吧,最新文章,latest,hotlist,2026-09-18,2026-09-24 17:25:53
17,NGA一个精彩刺激的私人经历文,福利吧 · 7 条评论 · 感谢福利吧论坛网友“yyds1111”分享，更多优秀分享请访问福利吧论坛。 这是NGA上一个帖子连载更新的，整理成文本分享。 主要讲KTV里约妹子的事，有荤,37997,https://fuliba2023.net/xiaoc.html,https://img03.sogoucdn.com/v2/thumb/retype_exclude_gif/ext/auto/q/100/?appid=122&url=https://tva1.sinaimg.cn/large/009Zip4ygy1ih6pc9dq8sj30or0gfwgc.jpg,福利吧,最新文章,latest,hotlist,2026-09-17,2026-09-24 17:25:53
18,よふかしのへや：《反正要死了，随你处置》翻拍真人版 逢沢みゆ出演,图解电影 · 21 条评论 · 去年的时候，我们给大家推荐过画师“よふかしのへや”的这部作品 よふかしのへや：《反正要死了，随你处置》 用爱爱拯救厌世少女 时隔一年，这部作品,50263,https://fuliba2023.net/rki-757.html,https://img03.sogoucdn.com/v2/thumb/retype_exclude_gif/ext/auto/q/100/?appid=122&url=tvax3.sinaimg.cn/large/006BNqYCly1ih6bur3oovj316d0r8tuo.jpg,福利吧,最新文章,latest,hotlist,2026-09-17,2026-09-24 17:25:53
19,2026年7月番剧推荐：《我独自盗墓》 更新至第10集,动漫影视 · 1 条评论 · 2024年的时候，我们给大家推荐过一部韩漫改编的异世界动漫作品 2025年这部作品已经出了第二季，异世界番剧里的黑马之作，非常好看 2024年1月番剧推荐,11514,https://fuliba2023.net/tomb-raider-king.html,https://img03.sogoucdn.com/v2/thumb/retype_exclude_gif/ext/auto/q/100/?appid=122&url=tvax3.sinaimg.cn/large/006BNqYCly1ih6v0vd7pmj31gr0u0k15.jpg,福利吧,最新文章,latest,hotlist,2026-09-17,2026-09-24 17:25:53
20,2026年福利汇总第130期 ：百万朵玫瑰,福利汇总 · 11 条评论 · BGM：《百万本のバラ》：点击播放 热门视频： 我们平时点外卖的袋子是如何生产的？ 九年义务教育，正在变成“义务坐牢” 从北京坐火车去新加坡！ 细读,65556,https://fuliba2023.net/2026130.html,https://img03.sogoucdn.com/v2/thumb/retype_exclude_gif/ext/auto/q/100/?appid=122&url=tvax3.sinaimg.cn/large/006BNqYCly1ih5858bs24j323i1hc4qp.jpg,福利吧,最新文章,latest,hotlist,2026-09-16,2026-09-24 17:25:53
1,2026年福利汇总第134期 ：甜味玉米,福利汇总 · 9 条评论 · BGM：《Cắt Đôi Nỗi Sầu》：点击播放 热门视频： 怪不得说能当团播的都不是一般人，龙浩天走播一场就是好几个小时 难评，太难评了 用iPhone的形,19431,https://fuliba2023.net/2026134.html,https://img03.sogoucdn.com/v2/thumb/retype_exclude_gif/ext/auto/q/100/?appid=122&url=tvax4.sinaimg.cn/large/006BNqYCly1ihdsa6ulp7j30wi0kogo4.jpg,福利吧,最新文章,latest,hotlist,2026-09-24,2026-09-24 18:24:02
2,歌曲推荐：柬埔寨迷幻流行摇滚乐专辑《Cambodian Rocks》 附纪录片《别认为我忘了:柬埔寨失去的摇滚乐》,福利吧 · 1 条评论 · 之前我们更新过一期食贫道的节目中讲过柬埔寨的摇滚音乐 2026.03.21食贫道最新纪录片食视频《电诈 摇滚 吴哥窟》 当时那个节目记录了一部分柬埔寨音乐,5552,https://fuliba2023.net/cambodian-rocks.html,https://img03.sogoucdn.com/v2/thumb/retype_exclude_gif/ext/auto/q/100/?appid=122&url=tvax3.sinaimg.cn/large/006BNqYCly1ihdt5his8lj30ov0ov7jh.jpg,福利吧,最新文章,latest,hotlist,2026-09-24,2026-09-24 18:24:02
3,限免：DearMob iPhone Manager – iPhone/iPad 照片、视频传输，应用安装、整机备份恢复、换机工具[Win/macOS],福利吧 · 0 条评论 · 限免：DearMob iPhone Manager – iPhone/iPad 照片、视频传输，应用安装、整机备份恢复、换机工具[Win/macOS] Finder传输到一半又崩溃了？iCloud空间,272,https://fuliba2023.net/dearmob.html,https://img03.sogoucdn.com/v2/thumb/retype_exclude_gif/ext/auto/q/100/?appid=122&url=https://tva1.sinaimg.cn/large/009Zip4ygy1ihew48m96dj30ui0leahn.jpg,福利吧,最新文章,latest,hotlist,2026-09-24,2026-09-24 18:24:02
4,淘宝京东优惠商品汇总，9月24日9点更新 购物领券fuliba99.net,购物网赚 · 314 条评论 · 购物搜券：福利久久 — 精选好货，实时更新 商品更新较快，请加购物群获得第一手消息。微信扫码加好友，回复“京东群”或者“淘宝群”自动拉你。 500g,454582,https://fuliba2023.net/99.html,https://img03.sogoucdn.com/v2/thumb/retype_exclude_gif/ext/auto/q/100/?appid=122&url=https://tva1.sinaimg.cn/large/009Zip4ygy1ihejk5oza8j309q09qgmb.jpg,福利吧,最新文章,latest,hotlist,2026-09-24,2026-09-24 18:24:02
5,ましゅまろ団：《交友软件上认识的辣妹居然是个土味女》 谁是谁的菜？,漫画推荐 · 7 条评论 · 今天给大家推荐的是画师“ましゅまろ団”的一个短篇作品 作品总计51P，故事是常见的约会见面套路，感觉有同类的真人版 没有的话，这剧情也很适合改编,12836,https://fuliba2023.net/tuweimeidechuntian.html,https://img03.sogoucdn.com/v2/thumb/retype_exclude_gif/ext/auto/q/100/?appid=122&url=tvax1.sinaimg.cn/large/006BNqYCly1ihdoy8qgy6j31320tnamf.jpg,福利吧,最新文章,latest,hotlist,2026-09-23,2026-09-24 18:24:02
6,蔡文娜：军阀姨太太的真实生活是什么样的？ 附《一个过渡时代的家庭》论文,福利吧 · 3 条评论 · 之前在抖音刷到一个视频，讲述了一个军阀太太“蔡文娜”考入大学 写了一篇记录自己婚姻生活的社会学论文，论文是客观的，故事是悲剧的 “蔡文娜”没有,24373,https://fuliba2023.net/gdsddjt.html,https://img03.sogoucdn.com/v2/thumb/retype_exclude_gif/ext/auto/q/100/?appid=122&url=tvax4.sinaimg.cn/large/006BNqYCly1ihb460bhx3j30af0ehwgd.jpg,福利吧,最新文章,latest,hotlist,2026-09-23,2026-09-24 18:24:02
7,【福利】5.9元买二锅头送京东标准洗车&蚂蚁阿福智能体脂秤到手4.9元,购物网赚 · 18 条评论 · 京东下单二锅头，送京东工作日标准洗车一次。 商品价7.9元包邮，加购物车，会送一个2-2元的优惠券（或购物车内右侧砸蛋）， 实付5.9，主要是薅洗车福,21158,https://fuliba2023.net/wolai.html,https://img03.sogoucdn.com/v2/thumb/retype_exclude_gif/ext/auto/q/100/?appid=122&url=https://tva1.sinaimg.cn/large/009Zip4ygy1ihcfu9nketj309q09qaas.jpg,福利吧,最新文章,latest,hotlist,2026-09-22,2026-09-24 18:24:02
8,2026年福利汇总第133期 ：蜜桃甜妹,福利汇总 · 13 条评论 · BGM：《黄河谣》：点击播放 热门视频： 太牛逼了，崔健在2026湾区升明月演唱《时间的b面》把全场看傻眼 解读《末代皇帝》配乐：音乐到底是如何表达一,55227,https://fuliba2023.net/2026133.html,https://img03.sogoucdn.com/v2/thumb/retype_exclude_gif/ext/auto/q/100/?appid=122&url=tvax3.sinaimg.cn/large/006BNqYCly1ihc8qea2jbj33h04moe83.jpg,福利吧,最新文章,latest,hotlist,2026-09-22,2026-09-24 18:24:02
9,河北彩花：空姐主题新作片头居然是用AI生成 老乡越来越不走心？,业界速报 · 11 条评论 · 最近河北老乡又上热搜了，这次成为话题主要有俩原因 第一就是最近发布的一部空姐主题作品 开幕的一段居然全部都是AI生成的，不少网友吐槽老乡越来越敷,20857,https://fuliba2023.net/snos-377.html,https://img03.sogoucdn.com/v2/thumb/retype_exclude_gif/ext/auto/q/100/?appid=122&url=tvax4.sinaimg.cn/large/006BNqYCly1ihb5ip7rm6g30m80ciqv5.gif,福利吧,最新文章,latest,hotlist,2026-09-22,2026-09-24 18:24:02
10,2026年9月趣站分享：听记/App比价/图标制作/装机软件 中国天气地图,趣站分享 · 7 条评论 · 趣味网站分享系列：https://fuliba2025.net/quwei 没有采取单发文章推荐的内容，大部分来自福利吧论坛或网友邮件投稿。 如果你也有不错的内容,17423,https://fuliba2023.net/website202609.html,https://img03.sogoucdn.com/v2/thumb/retype_exclude_gif/ext/auto/q/100/?appid=122&url=tvax1.sinaimg.cn/large/006BNqYCly1ift9t7n41kj315y0v1gwr.jpg,福利吧,最新文章,latest,hotlist,2026-09-21,2026-09-24 18:24:02
11,Netflix韩国剧集：《挑情丑闻》全8集 情爱画面很唯美,影视推荐 · 11 条评论 · Netflix最近上线的一部桃色剧集 原作品是法国18世纪小说家拉克洛用书信形式所写成的小说《危险关系》 剧版改编自由李在容执导、2003年上映的同名电影,35312,https://fuliba2023.net/scandals.html,https://img03.sogoucdn.com/v2/thumb/retype_exclude_gif/ext/auto/q/100/?appid=122&url=tvax1.sinaimg.cn/large/006BNqYCly1iha0neyeu0j31x90z5e82.jpg,福利吧,最新文章,latest,hotlist,2026-09-21,2026-09-24 18:24:02
12,“倉木華”遗作《我在深夜便利店做收银被微醺大姐姐攻略》上线 可惜再也看不到妹子新作了,图解电影 · 6 条评论 · 前几天我们曾经发帖说过，又一位日本女演员因为牛郎问题选择了自杀离开这个世界 噩耗：日本女优“倉木華”在住所自杀身亡 死亡原因引网络热议 翻看她,43877,https://fuliba2023.net/snos-397.html,https://img03.sogoucdn.com/v2/thumb/retype_exclude_gif/ext/auto/q/100/?appid=122&url=tvax4.sinaimg.cn/large/006BNqYCly1ih9wo1lt79j31cl0r81kx.jpg,福利吧,最新文章,latest,hotlist,2026-09-20,2026-09-24 18:24:02
13,2026年福利汇总第132期 ：失语梦,福利汇总 · 10 条评论 · BGM：《失语梦》：点击播放 热门视频： 有网友到青海西宁旅游，打车途中，司机师傅一路介绍青海，讲得头头是道 铭文中的谜之天子，逨盘，195件国宝第1,42467,https://fuliba2023.net/2026132.html,https://img03.sogoucdn.com/v2/thumb/retype_exclude_gif/ext/auto/q/100/?appid=122&url=tvax1.sinaimg.cn/large/006BNqYCly1ih9uxu4308j335s23ub14.jpg,福利吧,最新文章,latest,hotlist,2026-09-20,2026-09-24 18:24:02
14,二二酸酸：《青春课本系列》 带你重新认识那些熟悉的语文课文,BILIBILI · 10 条评论 · 今天给大家推荐一个B站的UP主“二二酸酸” 她制作的有一个系列节目叫《青春课本系列》 讲解的都是我们上学时候学习的语文课本里那些文章之外的故事 有,19244,https://fuliba2023.net/erersuansuan.html,https://img03.sogoucdn.com/v2/thumb/retype_exclude_gif/ext/auto/q/100/?appid=122&url=tvax1.sinaimg.cn/large/006BNqYCly1ih8oakntacj313t0ov137.jpg,福利吧,最新文章,latest,hotlist,2026-09-19,2026-09-24 18:24:02
15,“Gattouz0”新作，居然又是亚洲妹 三人同行有点猛,好孩子kan不见 · 14 条评论 · 前几天我们发帖说过“Gattouz0”发布的新作是一个亚洲女孩 虽然他描述是中国人，但是从更新动态等种种迹象来看，更像是一个越南妹 “Gattouz0”再约亚,37487,https://fuliba2023.net/new-gattouz0-bunny-umi-bunny-una-double.html,https://img03.sogoucdn.com/v2/thumb/retype_exclude_gif/ext/auto/q/100/?appid=122&url=tvax4.sinaimg.cn/large/006BNqYCly1ih7we2b494j31ct0rie7s.jpg,福利吧,最新文章,latest,hotlist,2026-09-19,2026-09-24 18:24:02
16,犬上いの字：《收到陌生女性隔空投送发来私密照片的经历》 苹果用户专享,漫画推荐 · 6 条评论 · 今天给大家推荐的是日本画师“犬上いの字”的作品 这部漫画创意挺好，故事内容有轻微SM向，不过是大姐姐纯爱作品 作品共计三话，85P左右，下面是剧情,23328,https://fuliba2023.net/the-story-of-how-i-received-a-racy-selfie-via-image-sharing-from-a-woman-i-didnt-know.html,https://img03.sogoucdn.com/v2/thumb/retype_exclude_gif/ext/auto/q/100/?appid=122&url=tvax1.sinaimg.cn/large/006BNqYCly1ih7wv859lrj31id0w5tm8.jpg,福利吧,最新文章,latest,hotlist,2026-09-18,2026-09-24 18:24:02
17,2026年福利汇总第131期 ：神秘礼物,福利汇总 · 10 条评论 · BGM：《神秘礼物》：点击播放 热门视频： 【邓肯】“梅姨”案 我只是想煮一个鸡蛋，互联网却想教我做人 为什么所有 App 都能借钱给你？网贷如何变得无,40217,https://fuliba2023.net/2026131.html,https://img03.sogoucdn.com/v2/thumb/retype_exclude_gif/ext/auto/q/100/?appid=122&url=tvax4.sinaimg.cn/large/006BNqYCly1ih7v9i5gyrj323u1kwdy6.jpg,福利吧,最新文章,latest,hotlist,2026-09-18,2026-09-24 18:24:02
18,NGA一个精彩刺激的私人经历文,福利吧 · 7 条评论 · 感谢福利吧论坛网友“yyds1111”分享，更多优秀分享请访问福利吧论坛。 这是NGA上一个帖子连载更新的，整理成文本分享。 主要讲KTV里约妹子的事，有荤,38027,https://fuliba2023.net/xiaoc.html,https://img03.sogoucdn.com/v2/thumb/retype_exclude_gif/ext/auto/q/100/?appid=122&url=https://tva1.sinaimg.cn/large/009Zip4ygy1ih6pc9dq8sj30or0gfwgc.jpg,福利吧,最新文章,latest,hotlist,2026-09-17,2026-09-24 18:24:02
19,よふかしのへや：《反正要死了，随你处置》翻拍真人版 逢沢みゆ出演,图解电影 · 21 条评论 · 去年的时候，我们给大家推荐过画师“よふかしのへや”的这部作品 よふかしのへや：《反正要死了，随你处置》 用爱爱拯救厌世少女 时隔一年，这部作品,50292,https://fuliba2023.net/rki-757.html,https://img03.sogoucdn.com/v2/thumb/retype_exclude_gif/ext/auto/q/100/?appid=122&url=tvax3.sinaimg.cn/large/006BNqYCly1ih6bur3oovj316d0r8tuo.jpg,福利吧,最新文章,latest,hotlist,2026-09-17,2026-09-24 18:24:02
20,2026年7月番剧推荐：《我独自盗墓》 更新至第10集,动漫影视 · 1 条评论 · 2024年的时候，我们给大家推荐过一部韩漫改编的异世界动漫作品 2025年这部作品已经出了第二季，异世界番剧里的黑马之作，非常好看 2024年1月番剧推荐,11527,https://fuliba2023.net/tomb-raider-king.html,https://img03.sogoucdn.com/v2/thumb/retype_exclude_gif/ext/auto/q/100/?appid=122&url=tvax3.sinaimg.cn/large/006BNqYCly1ih6v0vd7pmj31gr0u0k15.jpg,福利吧,最新文章,latest,hotlist,2026-09-17,2026-09-24 18:24:02
1,2026年福利汇总第134期 ：甜味玉米,福利汇总 · 9 条评论 · BGM：《Cắt Đôi Nỗi Sầu》：点击播放 热门视频： 怪不得说能当团播的都不是一般人，龙浩天走播一场就是好几个小时 难评，太难评了 用iPhone的形,20621,https://fuliba2023.net/2026134.html,https://img03.sogoucdn.com/v2/thumb/retype_exclude_gif/ext/auto/q/100/?appid=122&url=tvax4.sinaimg.cn/large/006BNqYCly1ihdsa6ulp7j30wi0kogo4.jpg,福利吧,最新文章,latest,hotlist,2026-09-24,2026-09-24 19:22:47
2,歌曲推荐：柬埔寨迷幻流行摇滚乐专辑《Cambodian Rocks》 附纪录片《别认为我忘了:柬埔寨失去的摇滚乐》,福利吧 · 1 条评论 · 之前我们更新过一期食贫道的节目中讲过柬埔寨的摇滚音乐 2026.03.21食贫道最新纪录片食视频《电诈 摇滚 吴哥窟》 当时那个节目记录了一部分柬埔寨音乐,5749,https://fuliba2023.net/cambodian-rocks.html,https://img03.sogoucdn.com/v2/thumb/retype_exclude_gif/ext/auto/q/100/?appid=122&url=tvax3.sinaimg.cn/large/006BNqYCly1ihdt5his8lj30ov0ov7jh.jpg,福利吧,最新文章,latest,hotlist,2026-09-24,2026-09-24 19:22:47
3,限免：DearMob iPhone Manager – iPhone/iPad 照片、视频传输，应用安装、整机备份恢复、换机工具[Win/macOS],福利吧 · 0 条评论 · 限免：DearMob iPhone Manager – iPhone/iPad 照片、视频传输，应用安装、整机备份恢复、换机工具[Win/macOS] Finder传输到一半又崩溃了？iCloud空间,571,https://fuliba2023.net/dearmob.html,https://img03.sogoucdn.com/v2/thumb/retype_exclude_gif/ext/auto/q/100/?appid=122&url=https://tva1.sinaimg.cn/large/009Zip4ygy1ihew48m96dj30ui0leahn.jpg,福利吧,最新文章,latest,hotlist,2026-09-24,2026-09-24 19:22:47
4,淘宝京东优惠商品汇总，9月24日9点更新 购物领券fuliba99.net,购物网赚 · 314 条评论 · 购物搜券：福利久久 — 精选好货，实时更新 商品更新较快，请加购物群获得第一手消息。微信扫码加好友，回复“京东群”或者“淘宝群”自动拉你。 500g,454654,https://fuliba2023.net/99.html,https://img03.sogoucdn.com/v2/thumb/retype_exclude_gif/ext/auto/q/100/?appid=122&url=https://tva1.sinaimg.cn/large/009Zip4ygy1ihejk5oza8j309q09qgmb.jpg,福利吧,最新文章,latest,hotlist,2026-09-24,2026-09-24 19:22:47
5,ましゅまろ団：《交友软件上认识的辣妹居然是个土味女》 谁是谁的菜？,漫画推荐 · 7 条评论 · 今天给大家推荐的是画师“ましゅまろ団”的一个短篇作品 作品总计51P，故事是常见的约会见面套路，感觉有同类的真人版 没有的话，这剧情也很适合改编,12948,https://fuliba2023.net/tuweimeidechuntian.html,https://img03.sogoucdn.com/v2/thumb/retype_exclude_gif/ext/auto/q/100/?appid=122&url=tvax1.sinaimg.cn/large/006BNqYCly1ihdoy8qgy6j31320tnamf.jpg,福利吧,最新文章,latest,hotlist,2026-09-23,2026-09-24 19:22:47
6,蔡文娜：军阀姨太太的真实生活是什么样的？ 附《一个过渡时代的家庭》论文,福利吧 · 3 条评论 · 之前在抖音刷到一个视频，讲述了一个军阀太太“蔡文娜”考入大学 写了一篇记录自己婚姻生活的社会学论文，论文是客观的，故事是悲剧的 “蔡文娜”没有,24503,https://fuliba2023.net/gdsddjt.html,https://img03.sogoucdn.com/v2/thumb/retype_exclude_gif/ext/auto/q/100/?appid=122&url=tvax4.sinaimg.cn/large/006BNqYCly1ihb460bhx3j30af0ehwgd.jpg,福利吧,最新文章,latest,hotlist,2026-09-23,2026-09-24 19:22:47
7,【福利】5.9元买二锅头送京东标准洗车&蚂蚁阿福智能体脂秤到手4.9元,购物网赚 · 18 条评论 · 京东下单二锅头，送京东工作日标准洗车一次。 商品价7.9元包邮，加购物车，会送一个2-2元的优惠券（或购物车内右侧砸蛋）， 实付5.9，主要是薅洗车福,21175,https://fuliba2023.net/wolai.html,https://img03.sogoucdn.com/v2/thumb/retype_exclude_gif/ext/auto/q/100/?appid=122&url=https://tva1.sinaimg.cn/large/009Zip4ygy1ihcfu9nketj309q09qaas.jpg,福利吧,最新文章,latest,hotlist,2026-09-22,2026-09-24 19:22:47
8,2026年福利汇总第133期 ：蜜桃甜妹,福利汇总 · 13 条评论 · BGM：《黄河谣》：点击播放 热门视频： 太牛逼了，崔健在2026湾区升明月演唱《时间的b面》把全场看傻眼 解读《末代皇帝》配乐：音乐到底是如何表达一,55379,https://fuliba2023.net/2026133.html,https://img03.sogoucdn.com/v2/thumb/retype_exclude_gif/ext/auto/q/100/?appid=122&url=tvax3.sinaimg.cn/large/006BNqYCly1ihc8qea2jbj33h04moe83.jpg,福利吧,最新文章,latest,hotlist,2026-09-22,2026-09-24 19:22:47
9,河北彩花：空姐主题新作片头居然是用AI生成 老乡越来越不走心？,业界速报 · 11 条评论 · 最近河北老乡又上热搜了，这次成为话题主要有俩原因 第一就是最近发布的一部空姐主题作品 开幕的一段居然全部都是AI生成的，不少网友吐槽老乡越来越敷,20918,https://fuliba2023.net/snos-377.html,https://img03.sogoucdn.com/v2/thumb/retype_exclude_gif/ext/auto/q/100/?appid=122&url=tvax4.sinaimg.cn/large/006BNqYCly1ihb5ip7rm6g30m80ciqv5.gif,福利吧,最新文章,latest,hotlist,2026-09-22,2026-09-24 19:22:47
10,2026年9月趣站分享：听记/App比价/图标制作/装机软件 中国天气地图,趣站分享 · 7 条评论 · 趣味网站分享系列：https://fuliba2025.net/quwei 没有采取单发文章推荐的内容，大部分来自福利吧论坛或网友邮件投稿。 如果你也有不错的内容,17442,https://fuliba2023.net/website202609.html,https://img03.sogoucdn.com/v2/thumb/retype_exclude_gif/ext/auto/q/100/?appid=122&url=tvax1.sinaimg.cn/large/006BNqYCly1ift9t7n41kj315y0v1gwr.jpg,福利吧,最新文章,latest,hotlist,2026-09-21,2026-09-24 19:22:47
11,Netflix韩国剧集：《挑情丑闻》全8集 情爱画面很唯美,影视推荐 · 11 条评论 · Netflix最近上线的一部桃色剧集 原作品是法国18世纪小说家拉克洛用书信形式所写成的小说《危险关系》 剧版改编自由李在容执导、2003年上映的同名电影,35391,https://fuliba2023.net/scandals.html,https://img03.sogoucdn.com/v2/thumb/retype_exclude_gif/ext/auto/q/100/?appid=122&url=tvax1.sinaimg.cn/large/006BNqYCly1iha0neyeu0j31x90z5e82.jpg,福利吧,最新文章,latest,hotlist,2026-09-21,2026-09-24 19:22:47
12,“倉木華”遗作《我在深夜便利店做收银被微醺大姐姐攻略》上线 可惜再也看不到妹子新作了,图解电影 · 6 条评论 · 前几天我们曾经发帖说过，又一位日本女演员因为牛郎问题选择了自杀离开这个世界 噩耗：日本女优“倉木華”在住所自杀身亡 死亡原因引网络热议 翻看她,43938,https://fuliba2023.net/snos-397.html,https://img03.sogoucdn.com/v2/thumb/retype_exclude_gif/ext/auto/q/100/?appid=122&url=tvax4.sinaimg.cn/large/006BNqYCly1ih9wo1lt79j31cl0r81kx.jpg,福利吧,最新文章,latest,hotlist,2026-09-20,2026-09-24 19:22:47
13,2026年福利汇总第132期 ：失语梦,福利汇总 · 10 条评论 · BGM：《失语梦》：点击播放 热门视频： 有网友到青海西宁旅游，打车途中，司机师傅一路介绍青海，讲得头头是道 铭文中的谜之天子，逨盘，195件国宝第1,42528,https://fuliba2023.net/2026132.html,https://img03.sogoucdn.com/v2/thumb/retype_exclude_gif/ext/auto/q/100/?appid=122&url=tvax1.sinaimg.cn/large/006BNqYCly1ih9uxu4308j335s23ub14.jpg,福利吧,最新文章,latest,hotlist,2026-09-20,2026-09-24 19:22:47
14,二二酸酸：《青春课本系列》 带你重新认识那些熟悉的语文课文,BILIBILI · 10 条评论 · 今天给大家推荐一个B站的UP主“二二酸酸” 她制作的有一个系列节目叫《青春课本系列》 讲解的都是我们上学时候学习的语文课本里那些文章之外的故事 有,19264,https://fuliba2023.net/erersuansuan.html,https://img03.sogoucdn.com/v2/thumb/retype_exclude_gif/ext/auto/q/100/?appid=122&url=tvax1.sinaimg.cn/large/006BNqYCly1ih8oakntacj313t0ov137.jpg,福利吧,最新文章,latest,hotlist,2026-09-19,2026-09-24 19:22:47
15,“Gattouz0”新作，居然又是亚洲妹 三人同行有点猛,好孩子kan不见 · 14 条评论 · 前几天我们发帖说过“Gattouz0”发布的新作是一个亚洲女孩 虽然他描述是中国人，但是从更新动态等种种迹象来看，更像是一个越南妹 “Gattouz0”再约亚,37550,https://fuliba2023.net/new-gattouz0-bunny-umi-bunny-una-double.html,https://img03.sogoucdn.com/v2/thumb/retype_exclude_gif/ext/auto/q/100/?appid=122&url=tvax4.sinaimg.cn/large/006BNqYCly1ih7we2b494j31ct0rie7s.jpg,福利吧,最新文章,latest,hotlist,2026-09-19,2026-09-24 19:22:47
16,犬上いの字：《收到陌生女性隔空投送发来私密照片的经历》 苹果用户专享,漫画推荐 · 6 条评论 · 今天给大家推荐的是日本画师“犬上いの字”的作品 这部漫画创意挺好，故事内容有轻微SM向，不过是大姐姐纯爱作品 作品共计三话，85P左右，下面是剧情,23348,https://fuliba2023.net/the-story-of-how-i-received-a-racy-selfie-via-image-sharing-from-a-woman-i-didnt-know.html,https://img03.sogoucdn.com/v2/thumb/retype_exclude_gif/ext/auto/q/100/?appid=122&url=tvax1.sinaimg.cn/large/006BNqYCly1ih7wv859lrj31id0w5tm8.jpg,福利吧,最新文章,latest,hotlist,2026-09-18,2026-09-24 19:22:47
17,2026年福利汇总第131期 ：神秘礼物,福利汇总 · 10 条评论 · BGM：《神秘礼物》：点击播放 热门视频： 【邓肯】“梅姨”案 我只是想煮一个鸡蛋，互联网却想教我做人 为什么所有 App 都能借钱给你？网贷如何变得无,40244,https://fuliba2023.net/2026131.html,https://img03.sogoucdn.com/v2/thumb/retype_exclude_gif/ext/auto/q/100/?appid=122&url=tvax4.sinaimg.cn/large/006BNqYCly1ih7v9i5gyrj323u1kwdy6.jpg,福利吧,最新文章,latest,hotlist,2026-09-18,2026-09-24 19:22:47
18,NGA一个精彩刺激的私人经历文,福利吧 · 7 条评论 · 感谢福利吧论坛网友“yyds1111”分享，更多优秀分享请访问福利吧论坛。 这是NGA上一个帖子连载更新的，整理成文本分享。 主要讲KTV里约妹子的事，有荤,38052,https://fuliba2023.net/xiaoc.html,https://img03.sogoucdn.com/v2/thumb/retype_exclude_gif/ext/auto/q/100/?appid=122&url=https://tva1.sinaimg.cn/large/009Zip4ygy1ih6pc9dq8sj30or0gfwgc.jpg,福利吧,最新文章,latest,hotlist,2026-09-17,2026-09-24 19:22:47
19,よふかしのへや：《反正要死了，随你处置》翻拍真人版 逢沢みゆ出演,图解电影 · 21 条评论 · 去年的时候，我们给大家推荐过画师“よふかしのへや”的这部作品 よふかしのへや：《反正要死了，随你处置》 用爱爱拯救厌世少女 时隔一年，这部作品,50326,https://fuliba2023.net/rki-757.html,https://img03.sogoucdn.com/v2/thumb/retype_exclude_gif/ext/auto/q/100/?appid=122&url=tvax3.sinaimg.cn/large/006BNqYCly1ih6bur3oovj316d0r8tuo.jpg,福利吧,最新文章,latest,hotlist,2026-09-17,2026-09-24 19:22:47
20,2026年7月番剧推荐：《我独自盗墓》 更新至第10集,动漫影视 · 1 条评论 · 2024年的时候，我们给大家推荐过一部韩漫改编的异世界动漫作品 2025年这部作品已经出了第二季，异世界番剧里的黑马之作，非常好看 2024年1月番剧推荐,11544,https://fuliba2023.net/tomb-raider-king.html,https://img03.sogoucdn.com/v2/thumb/retype_exclude_gif/ext/auto/q/100/?appid=122&url=tvax3.sinaimg.cn/large/006BNqYCly1ih6v0vd7pmj31gr0u0k15.jpg,福利吧,最新文章,latest,hotlist,2026-09-17,2026-09-24 19:22:47
1,2026年福利汇总第134期 ：甜味玉米,福利汇总 · 9 条评论 · BGM：《Cắt Đôi Nỗi Sầu》：点击播放 热门视频： 怪不得说能当团播的都不是一般人，龙浩天走播一场就是好几个小时 难评，太难评了 用iPhone的形,22404,https://fuliba2023.net/2026134.html,https://img03.sogoucdn.com/v2/thumb/retype_exclude_gif/ext/auto/q/100/?appid=122&url=tvax4.sinaimg.cn/large/006BNqYCly1ihdsa6ulp7j30wi0kogo4.jpg,福利吧,最新文章,latest,hotlist,2026-09-24,2026-09-24 20:33:40
2,歌曲推荐：柬埔寨迷幻流行摇滚乐专辑《Cambodian Rocks》 附纪录片《别认为我忘了:柬埔寨失去的摇滚乐》,福利吧 · 1 条评论 · 之前我们更新过一期食贫道的节目中讲过柬埔寨的摇滚音乐 2026.03.21食贫道最新纪录片食视频《电诈 摇滚 吴哥窟》 当时那个节目记录了一部分柬埔寨音乐,6078,https://fuliba2023.net/cambodian-rocks.html,https://img03.sogoucdn.com/v2/thumb/retype_exclude_gif/ext/auto/q/100/?appid=122&url=tvax3.sinaimg.cn/large/006BNqYCly1ihdt5his8lj30ov0ov7jh.jpg,福利吧,最新文章,latest,hotlist,2026-09-24,2026-09-24 20:33:40
3,限免：DearMob iPhone Manager – iPhone/iPad 照片、视频传输，应用安装、整机备份恢复、换机工具[Win/macOS],福利吧 · 0 条评论 · 限免：DearMob iPhone Manager – iPhone/iPad 照片、视频传输，应用安装、整机备份恢复、换机工具[Win/macOS] Finder传输到一半又崩溃了？iCloud空间,946,https://fuliba2023.net/dearmob.html,https://img03.sogoucdn.com/v2/thumb/retype_exclude_gif/ext/auto/q/100/?appid=122&url=https://tva1.sinaimg.cn/large/009Zip4ygy1ihew48m96dj30ui0leahn.jpg,福利吧,最新文章,latest,hotlist,2026-09-24,2026-09-24 20:33:40
4,淘宝京东优惠商品汇总，9月24日9点更新 购物领券fuliba99.net,购物网赚 · 314 条评论 · 购物搜券：福利久久 — 精选好货，实时更新 商品更新较快，请加购物群获得第一手消息。微信扫码加好友，回复“京东群”或者“淘宝群”自动拉你。 500g,454786,https://fuliba2023.net/99.html,https://img03.sogoucdn.com/v2/thumb/retype_exclude_gif/ext/auto/q/100/?appid=122&url=https://tva1.sinaimg.cn/large/009Zip4ygy1ihejk5oza8j309q09qgmb.jpg,福利吧,最新文章,latest,hotlist,2026-09-24,2026-09-24 20:33:40
5,ましゅまろ団：《交友软件上认识的辣妹居然是个土味女》 谁是谁的菜？,漫画推荐 · 7 条评论 · 今天给大家推荐的是画师“ましゅまろ団”的一个短篇作品 作品总计51P，故事是常见的约会见面套路，感觉有同类的真人版 没有的话，这剧情也很适合改编,13140,https://fuliba2023.net/tuweimeidechuntian.html,https://img03.sogoucdn.com/v2/thumb/retype_exclude_gif/ext/auto/q/100/?appid=122&url=tvax1.sinaimg.cn/large/006BNqYCly1ihdoy8qgy6j31320tnamf.jpg,福利吧,最新文章,latest,hotlist,2026-09-23,2026-09-24 20:33:40
6,蔡文娜：军阀姨太太的真实生活是什么样的？ 附《一个过渡时代的家庭》论文,福利吧 · 3 条评论 · 之前在抖音刷到一个视频，讲述了一个军阀太太“蔡文娜”考入大学 写了一篇记录自己婚姻生活的社会学论文，论文是客观的，故事是悲剧的 “蔡文娜”没有,24721,https://fuliba2023.net/gdsddjt.html,https://img03.sogoucdn.com/v2/thumb/retype_exclude_gif/ext/auto/q/100/?appid=122&url=tvax4.sinaimg.cn/large/006BNqYCly1ihb460bhx3j30af0ehwgd.jpg,福利吧,最新文章,latest,hotlist,2026-09-23,2026-09-24 20:33:40
7,【福利】5.9元买二锅头送京东标准洗车&蚂蚁阿福智能体脂秤到手4.9元,购物网赚 · 18 条评论 · 京东下单二锅头，送京东工作日标准洗车一次。 商品价7.9元包邮，加购物车，会送一个2-2元的优惠券（或购物车内右侧砸蛋）， 实付5.9，主要是薅洗车福,21212,https://fuliba2023.net/wolai.html,https://img03.sogoucdn.com/v2/thumb/retype_exclude_gif/ext/auto/q/100/?appid=122&url=https://tva1.sinaimg.cn/large/009Zip4ygy1ihcfu9nketj309q09qaas.jpg,福利吧,最新文章,latest,hotlist,2026-09-22,2026-09-24 20:33:40
8,2026年福利汇总第133期 ：蜜桃甜妹,福利汇总 · 13 条评论 · BGM：《黄河谣》：点击播放 热门视频： 太牛逼了，崔健在2026湾区升明月演唱《时间的b面》把全场看傻眼 解读《末代皇帝》配乐：音乐到底是如何表达一,55623,https://fuliba2023.net/2026133.html,https://img03.sogoucdn.com/v2/thumb/retype_exclude_gif/ext/auto/q/100/?appid=122&url=tvax3.sinaimg.cn/large/006BNqYCly1ihc8qea2jbj33h04moe83.jpg,福利吧,最新文章,latest,hotlist,2026-09-22,2026-09-24 20:33:40
9,河北彩花：空姐主题新作片头居然是用AI生成 老乡越来越不走心？,业界速报 · 11 条评论 · 最近河北老乡又上热搜了，这次成为话题主要有俩原因 第一就是最近发布的一部空姐主题作品 开幕的一段居然全部都是AI生成的，不少网友吐槽老乡越来越敷,21020,https://fuliba2023.net/snos-377.html,https://img03.sogoucdn.com/v2/thumb/retype_exclude_gif/ext/auto/q/100/?appid=122&url=tvax4.sinaimg.cn/large/006BNqYCly1ihb5ip7rm6g30m80ciqv5.gif,福利吧,最新文章,latest,hotlist,2026-09-22,2026-09-24 20:33:40
10,2026年9月趣站分享：听记/App比价/图标制作/装机软件 中国天气地图,趣站分享 · 7 条评论 · 趣味网站分享系列：https://fuliba2025.net/quwei 没有采取单发文章推荐的内容，大部分来自福利吧论坛或网友邮件投稿。 如果你也有不错的内容,17478,https://fuliba2023.net/website202609.html,https://img03.sogoucdn.com/v2/thumb/retype_exclude_gif/ext/auto/q/100/?appid=122&url=tvax1.sinaimg.cn/large/006BNqYCly1ift9t7n41kj315y0v1gwr.jpg,福利吧,最新文章,latest,hotlist,2026-09-21,2026-09-24 20:33:40
11,Netflix韩国剧集：《挑情丑闻》全8集 情爱画面很唯美,影视推荐 · 11 条评论 · Netflix最近上线的一部桃色剧集 原作品是法国18世纪小说家拉克洛用书信形式所写成的小说《危险关系》 剧版改编自由李在容执导、2003年上映的同名电影,35522,https://fuliba2023.net/scandals.html,https://img03.sogoucdn.com/v2/thumb/retype_exclude_gif/ext/auto/q/100/?appid=122&url=tvax1.sinaimg.cn/large/006BNqYCly1iha0neyeu0j31x90z5e82.jpg,福利吧,最新文章,latest,hotlist,2026-09-21,2026-09-24 20:33:40
12,“倉木華”遗作《我在深夜便利店做收银被微醺大姐姐攻略》上线 可惜再也看不到妹子新作了,图解电影 · 6 条评论 · 前几天我们曾经发帖说过，又一位日本女演员因为牛郎问题选择了自杀离开这个世界 噩耗：日本女优“倉木華”在住所自杀身亡 死亡原因引网络热议 翻看她,44059,https://fuliba2023.net/snos-397.html,https://img03.sogoucdn.com/v2/thumb/retype_exclude_gif/ext/auto/q/100/?appid=122&url=tvax4.sinaimg.cn/large/006BNqYCly1ih9wo1lt79j31cl0r81kx.jpg,福利吧,最新文章,latest,hotlist,2026-09-20,2026-09-24 20:33:40
13,2026年福利汇总第132期 ：失语梦,福利汇总 · 10 条评论 · BGM：《失语梦》：点击播放 热门视频： 有网友到青海西宁旅游，打车途中，司机师傅一路介绍青海，讲得头头是道 铭文中的谜之天子，逨盘，195件国宝第1,42613,https://fuliba2023.net/2026132.html,https://img03.sogoucdn.com/v2/thumb/retype_exclude_gif/ext/auto/q/100/?appid=122&url=tvax1.sinaimg.cn/large/006BNqYCly1ih9uxu4308j335s23ub14.jpg,福利吧,最新文章,latest,hotlist,2026-09-20,2026-09-24 20:33:40
14,二二酸酸：《青春课本系列》 带你重新认识那些熟悉的语文课文,BILIBILI · 10 条评论 · 今天给大家推荐一个B站的UP主“二二酸酸” 她制作的有一个系列节目叫《青春课本系列》 讲解的都是我们上学时候学习的语文课本里那些文章之外的故事 有,19287,https://fuliba2023.net/erersuansuan.html,https://img03.sogoucdn.com/v2/thumb/retype_exclude_gif/ext/auto/q/100/?appid=122&url=tvax1.sinaimg.cn/large/006BNqYCly1ih8oakntacj313t0ov137.jpg,福利吧,最新文章,latest,hotlist,2026-09-19,2026-09-24 20:33:40
15,“Gattouz0”新作，居然又是亚洲妹 三人同行有点猛,好孩子kan不见 · 14 条评论 · 前几天我们发帖说过“Gattouz0”发布的新作是一个亚洲女孩 虽然他描述是中国人，但是从更新动态等种种迹象来看，更像是一个越南妹 “Gattouz0”再约亚,37637,https://fuliba2023.net/new-gattouz0-bunny-umi-bunny-una-double.html,https://img03.sogoucdn.com/v2/thumb/retype_exclude_gif/ext/auto/q/100/?appid=122&url=tvax4.sinaimg.cn/large/006BNqYCly1ih7we2b494j31ct0rie7s.jpg,福利吧,最新文章,latest,hotlist,2026-09-19,2026-09-24 20:33:40
16,犬上いの字：《收到陌生女性隔空投送发来私密照片的经历》 苹果用户专享,漫画推荐 · 6 条评论 · 今天给大家推荐的是日本画师“犬上いの字”的作品 这部漫画创意挺好，故事内容有轻微SM向，不过是大姐姐纯爱作品 作品共计三话，85P左右，下面是剧情,23380,https://fuliba2023.net/the-story-of-how-i-received-a-racy-selfie-via-image-sharing-from-a-woman-i-didnt-know.html,https://img03.sogoucdn.com/v2/thumb/retype_exclude_gif/ext/auto/q/100/?appid=122&url=tvax1.sinaimg.cn/large/006BNqYCly1ih7wv859lrj31id0w5tm8.jpg,福利吧,最新文章,latest,hotlist,2026-09-18,2026-09-24 20:33:40
17,2026年福利汇总第131期 ：神秘礼物,福利汇总 · 10 条评论 · BGM：《神秘礼物》：点击播放 热门视频： 【邓肯】“梅姨”案 我只是想煮一个鸡蛋，互联网却想教我做人 为什么所有 App 都能借钱给你？网贷如何变得无,40306,https://fuliba2023.net/2026131.html,https://img03.sogoucdn.com/v2/thumb/retype_exclude_gif/ext/auto/q/100/?appid=122&url=tvax4.sinaimg.cn/large/006BNqYCly1ih7v9i5gyrj323u1kwdy6.jpg,福利吧,最新文章,latest,hotlist,2026-09-18,2026-09-24 20:33:40
18,NGA一个精彩刺激的私人经历文,福利吧 · 7 条评论 · 感谢福利吧论坛网友“yyds1111”分享，更多优秀分享请访问福利吧论坛。 这是NGA上一个帖子连载更新的，整理成文本分享。 主要讲KTV里约妹子的事，有荤,38097,https://fuliba2023.net/xiaoc.html,https://img03.sogoucdn.com/v2/thumb/retype_exclude_gif/ext/auto/q/100/?appid=122&url=https://tva1.sinaimg.cn/large/009Zip4ygy1ih6pc9dq8sj30or0gfwgc.jpg,福利吧,最新文章,latest,hotlist,2026-09-17,2026-09-24 20:33:40
19,よふかしのへや：《反正要死了，随你处置》翻拍真人版 逢沢みゆ出演,图解电影 · 21 条评论 · 去年的时候，我们给大家推荐过画师“よふかしのへや”的这部作品 よふかしのへや：《反正要死了，随你处置》 用爱爱拯救厌世少女 时隔一年，这部作品,50360,https://fuliba2023.net/rki-757.html,https://img03.sogoucdn.com/v2/thumb/retype_exclude_gif/ext/auto/q/100/?appid=122&url=tvax3.sinaimg.cn/large/006BNqYCly1ih6bur3oovj316d0r8tuo.jpg,福利吧,最新文章,latest,hotlist,2026-09-17,2026-09-24 20:33:40
20,2026年7月番剧推荐：《我独自盗墓》 更新至第10集,动漫影视 · 1 条评论 · 2024年的时候，我们给大家推荐过一部韩漫改编的异世界动漫作品 2025年这部作品已经出了第二季，异世界番剧里的黑马之作，非常好看 2024年1月番剧推荐,11564,https://fuliba2023.net/tomb-raider-king.html,https://img03.sogoucdn.com/v2/thumb/retype_exclude_gif/ext/auto/q/100/?appid=122&url=tvax3.sinaimg.cn/large/006BNqYCly1ih6v0vd7pmj31gr0u0k15.jpg,福利吧,最新文章,latest,hotlist,2026-09-17,2026-09-24 20:33:40
1,2026年福利汇总第134期 ：甜味玉米,福利汇总 · 9 条评论 · BGM：《Cắt Đôi Nỗi Sầu》：点击播放 热门视频： 怪不得说能当团播的都不是一般人，龙浩天走播一场就是好几个小时 难评，太难评了 用iPhone的形,23750,https://fuliba2023.net/2026134.html,https://img03.sogoucdn.com/v2/thumb/retype_exclude_gif/ext/auto/q/100/?appid=122&url=tvax4.sinaimg.cn/large/006BNqYCly1ihdsa6ulp7j30wi0kogo4.jpg,福利吧,最新文章,latest,hotlist,2026-09-24,2026-09-24 21:23:57
2,歌曲推荐：柬埔寨迷幻流行摇滚乐专辑《Cambodian Rocks》 附纪录片《别认为我忘了:柬埔寨失去的摇滚乐》,福利吧 · 1 条评论 · 之前我们更新过一期食贫道的节目中讲过柬埔寨的摇滚音乐 2026.03.21食贫道最新纪录片食视频《电诈 摇滚 吴哥窟》 当时那个节目记录了一部分柬埔寨音乐,6356,https://fuliba2023.net/cambodian-rocks.html,https://img03.sogoucdn.com/v2/thumb/retype_exclude_gif/ext/auto/q/100/?appid=122&url=tvax3.sinaimg.cn/large/006BNqYCly1ihdt5his8lj30ov0ov7jh.jpg,福利吧,最新文章,latest,hotlist,2026-09-24,2026-09-24 21:23:57
3,限免：DearMob iPhone Manager – iPhone/iPad 照片、视频传输，应用安装、整机备份恢复、换机工具[Win/macOS],福利吧 · 0 条评论 · 限免：DearMob iPhone Manager – iPhone/iPad 照片、视频传输，应用安装、整机备份恢复、换机工具[Win/macOS] Finder传输到一半又崩溃了？iCloud空间,1234,https://fuliba2023.net/dearmob.html,https://img03.sogoucdn.com/v2/thumb/retype_exclude_gif/ext/auto/q/100/?appid=122&url=https://tva1.sinaimg.cn/large/009Zip4ygy1ihew48m96dj30ui0leahn.jpg,福利吧,最新文章,latest,hotlist,2026-09-24,2026-09-24 21:23:57
4,淘宝京东优惠商品汇总，9月24日9点更新 购物领券fuliba99.net,购物网赚 · 314 条评论 · 购物搜券：福利久久 — 精选好货，实时更新 商品更新较快，请加购物群获得第一手消息。微信扫码加好友，回复“京东群”或者“淘宝群”自动拉你。 500g,454886,https://fuliba2023.net/99.html,https://img03.sogoucdn.com/v2/thumb/retype_exclude_gif/ext/auto/q/100/?appid=122&url=https://tva1.sinaimg.cn/large/009Zip4ygy1ihejk5oza8j309q09qgmb.jpg,福利吧,最新文章,latest,hotlist,2026-09-24,2026-09-24 21:23:57
5,ましゅまろ団：《交友软件上认识的辣妹居然是个土味女》 谁是谁的菜？,漫画推荐 · 7 条评论 · 今天给大家推荐的是画师“ましゅまろ団”的一个短篇作品 作品总计51P，故事是常见的约会见面套路，感觉有同类的真人版 没有的话，这剧情也很适合改编,13285,https://fuliba2023.net/tuweimeidechuntian.html,https://img03.sogoucdn.com/v2/thumb/retype_exclude_gif/ext/auto/q/100/?appid=122&url=tvax1.sinaimg.cn/large/006BNqYCly1ihdoy8qgy6j31320tnamf.jpg,福利吧,最新文章,latest,hotlist,2026-09-23,2026-09-24 21:23:57
6,蔡文娜：军阀姨太太的真实生活是什么样的？ 附《一个过渡时代的家庭》论文,福利吧 · 3 条评论 · 之前在抖音刷到一个视频，讲述了一个军阀太太“蔡文娜”考入大学 写了一篇记录自己婚姻生活的社会学论文，论文是客观的，故事是悲剧的 “蔡文娜”没有,24932,https://fuliba2023.net/gdsddjt.html,https://img03.sogoucdn.com/v2/thumb/retype_exclude_gif/ext/auto/q/100/?appid=122&url=tvax4.sinaimg.cn/large/006BNqYCly1ihb460bhx3j30af0ehwgd.jpg,福利吧,最新文章,latest,hotlist,2026-09-23,2026-09-24 21:23:57
7,【福利】5.9元买二锅头送京东标准洗车&蚂蚁阿福智能体脂秤到手4.9元,购物网赚 · 18 条评论 · 京东下单二锅头，送京东工作日标准洗车一次。 商品价7.9元包邮，加购物车，会送一个2-2元的优惠券（或购物车内右侧砸蛋）， 实付5.9，主要是薅洗车福,21243,https://fuliba2023.net/wolai.html,https://img03.sogoucdn.com/v2/thumb/retype_exclude_gif/ext/auto/q/100/?appid=122&url=https://tva1.sinaimg.cn/large/009Zip4ygy1ihcfu9nketj309q09qaas.jpg,福利吧,最新文章,latest,hotlist,2026-09-22,2026-09-24 21:23:57
8,2026年福利汇总第133期 ：蜜桃甜妹,福利汇总 · 13 条评论 · BGM：《黄河谣》：点击播放 热门视频： 太牛逼了，崔健在2026湾区升明月演唱《时间的b面》把全场看傻眼 解读《末代皇帝》配乐：音乐到底是如何表达一,55802,https://fuliba2023.net/2026133.html,https://img03.sogoucdn.com/v2/thumb/retype_exclude_gif/ext/auto/q/100/?appid=122&url=tvax3.sinaimg.cn/large/006BNqYCly1ihc8qea2jbj33h04moe83.jpg,福利吧,最新文章,latest,hotlist,2026-09-22,2026-09-24 21:23:57
9,河北彩花：空姐主题新作片头居然是用AI生成 老乡越来越不走心？,业界速报 · 11 条评论 · 最近河北老乡又上热搜了，这次成为话题主要有俩原因 第一就是最近发布的一部空姐主题作品 开幕的一段居然全部都是AI生成的，不少网友吐槽老乡越来越敷,21098,https://fuliba2023.net/snos-377.html,https://img03.sogoucdn.com/v2/thumb/retype_exclude_gif/ext/auto/q/100/?appid=122&url=tvax4.sinaimg.cn/large/006BNqYCly1ihb5ip7rm6g30m80ciqv5.gif,福利吧,最新文章,latest,hotlist,2026-09-22,2026-09-24 21:23:57
10,2026年9月趣站分享：听记/App比价/图标制作/装机软件 中国天气地图,趣站分享 · 7 条评论 · 趣味网站分享系列：https://fuliba2025.net/quwei 没有采取单发文章推荐的内容，大部分来自福利吧论坛或网友邮件投稿。 如果你也有不错的内容,17514,https://fuliba2023.net/website202609.html,https://img03.sogoucdn.com/v2/thumb/retype_exclude_gif/ext/auto/q/100/?appid=122&url=tvax1.sinaimg.cn/large/006BNqYCly1ift9t7n41kj315y0v1gwr.jpg,福利吧,最新文章,latest,hotlist,2026-09-21,2026-09-24 21:23:57
11,Netflix韩国剧集：《挑情丑闻》全8集 情爱画面很唯美,影视推荐 · 11 条评论 · Netflix最近上线的一部桃色剧集 原作品是法国18世纪小说家拉克洛用书信形式所写成的小说《危险关系》 剧版改编自由李在容执导、2003年上映的同名电影,35627,https://fuliba2023.net/scandals.html,https://img03.sogoucdn.com/v2/thumb/retype_exclude_gif/ext/auto/q/100/?appid=122&url=tvax1.sinaimg.cn/large/006BNqYCly1iha0neyeu0j31x90z5e82.jpg,福利吧,最新文章,latest,hotlist,2026-09-21,2026-09-24 21:23:57
12,“倉木華”遗作《我在深夜便利店做收银被微醺大姐姐攻略》上线 可惜再也看不到妹子新作了,图解电影 · 6 条评论 · 前几天我们曾经发帖说过，又一位日本女演员因为牛郎问题选择了自杀离开这个世界 噩耗：日本女优“倉木華”在住所自杀身亡 死亡原因引网络热议 翻看她,44153,https://fuliba2023.net/snos-397.html,https://img03.sogoucdn.com/v2/thumb/retype_exclude_gif/ext/auto/q/100/?appid=122&url=tvax4.sinaimg.cn/large/006BNqYCly1ih9wo1lt79j31cl0r81kx.jpg,福利吧,最新文章,latest,hotlist,2026-09-20,2026-09-24 21:23:57
13,2026年福利汇总第132期 ：失语梦,福利汇总 · 10 条评论 · BGM：《失语梦》：点击播放 热门视频： 有网友到青海西宁旅游，打车途中，司机师傅一路介绍青海，讲得头头是道 铭文中的谜之天子，逨盘，195件国宝第1,42678,https://fuliba2023.net/2026132.html,https://img03.sogoucdn.com/v2/thumb/retype_exclude_gif/ext/auto/q/100/?appid=122&url=tvax1.sinaimg.cn/large/006BNqYCly1ih9uxu4308j335s23ub14.jpg,福利吧,最新文章,latest,hotlist,2026-09-20,2026-09-24 21:23:57
14,二二酸酸：《青春课本系列》 带你重新认识那些熟悉的语文课文,BILIBILI · 10 条评论 · 今天给大家推荐一个B站的UP主“二二酸酸” 她制作的有一个系列节目叫《青春课本系列》 讲解的都是我们上学时候学习的语文课本里那些文章之外的故事 有,19312,https://fuliba2023.net/erersuansuan.html,https://img03.sogoucdn.com/v2/thumb/retype_exclude_gif/ext/auto/q/100/?appid=122&url=tvax1.sinaimg.cn/large/006BNqYCly1ih8oakntacj313t0ov137.jpg,福利吧,最新文章,latest,hotlist,2026-09-19,2026-09-24 21:23:57
15,“Gattouz0”新作，居然又是亚洲妹 三人同行有点猛,好孩子kan不见 · 14 条评论 · 前几天我们发帖说过“Gattouz0”发布的新作是一个亚洲女孩 虽然他描述是中国人，但是从更新动态等种种迹象来看，更像是一个越南妹 “Gattouz0”再约亚,37708,https://fuliba2023.net/new-gattouz0-bunny-umi-bunny-una-double.html,https://img03.sogoucdn.com/v2/thumb/retype_exclude_gif/ext/auto/q/100/?appid=122&url=tvax4.sinaimg.cn/large/006BNqYCly1ih7we2b494j31ct0rie7s.jpg,福利吧,最新文章,latest,hotlist,2026-09-19,2026-09-24 21:23:57
16,犬上いの字：《收到陌生女性隔空投送发来私密照片的经历》 苹果用户专享,漫画推荐 · 6 条评论 · 今天给大家推荐的是日本画师“犬上いの字”的作品 这部漫画创意挺好，故事内容有轻微SM向，不过是大姐姐纯爱作品 作品共计三话，85P左右，下面是剧情,23407,https://fuliba2023.net/the-story-of-how-i-received-a-racy-selfie-via-image-sharing-from-a-woman-i-didnt-know.html,https://img03.sogoucdn.com/v2/thumb/retype_exclude_gif/ext/auto/q/100/?appid=122&url=tvax1.sinaimg.cn/large/006BNqYCly1ih7wv859lrj31id0w5tm8.jpg,福利吧,最新文章,latest,hotlist,2026-09-18,2026-09-24 21:23:57
17,2026年福利汇总第131期 ：神秘礼物,福利汇总 · 10 条评论 · BGM：《神秘礼物》：点击播放 热门视频： 【邓肯】“梅姨”案 我只是想煮一个鸡蛋，互联网却想教我做人 为什么所有 App 都能借钱给你？网贷如何变得无,40342,https://fuliba2023.net/2026131.html,https://img03.sogoucdn.com/v2/thumb/retype_exclude_gif/ext/auto/q/100/?appid=122&url=tvax4.sinaimg.cn/large/006BNqYCly1ih7v9i5gyrj323u1kwdy6.jpg,福利吧,最新文章,latest,hotlist,2026-09-18,2026-09-24 21:23:57
18,NGA一个精彩刺激的私人经历文,福利吧 · 7 条评论 · 感谢福利吧论坛网友“yyds1111”分享，更多优秀分享请访问福利吧论坛。 这是NGA上一个帖子连载更新的，整理成文本分享。 主要讲KTV里约妹子的事，有荤,38127,https://fuliba2023.net/xiaoc.html,https://img03.sogoucdn.com/v2/thumb/retype_exclude_gif/ext/auto/q/100/?appid=122&url=https://tva1.sinaimg.cn/large/009Zip4ygy1ih6pc9dq8sj30or0gfwgc.jpg,福利吧,最新文章,latest,hotlist,2026-09-17,2026-09-24 21:23:57
19,よふかしのへや：《反正要死了，随你处置》翻拍真人版 逢沢みゆ出演,图解电影 · 21 条评论 · 去年的时候，我们给大家推荐过画师“よふかしのへや”的这部作品 よふかしのへや：《反正要死了，随你处置》 用爱爱拯救厌世少女 时隔一年，这部作品,50391,https://fuliba2023.net/rki-757.html,https://img03.sogoucdn.com/v2/thumb/retype_exclude_gif/ext/auto/q/100/?appid=122&url=tvax3.sinaimg.cn/large/006BNqYCly1ih6bur3oovj316d0r8tuo.jpg,福利吧,最新文章,latest,hotlist,2026-09-17,2026-09-24 21:23:57
20,2026年7月番剧推荐：《我独自盗墓》 更新至第10集,动漫影视 · 1 条评论 · 2024年的时候，我们给大家推荐过一部韩漫改编的异世界动漫作品 2025年这部作品已经出了第二季，异世界番剧里的黑马之作，非常好看 2024年1月番剧推荐,11582,https://fuliba2023.net/tomb-raider-king.html,https://img03.sogoucdn.com/v2/thumb/retype_exclude_gif/ext/auto/q/100/?appid=122&url=tvax3.sinaimg.cn/large/006BNqYCly1ih6v0vd7pmj31gr0u0k15.jpg,福利吧,最新文章,latest,hotlist,2026-09-17,2026-09-24 21:23:57
1,2026年福利汇总第134期 ：甜味玉米,福利汇总 · 9 条评论 · BGM：《Cắt Đôi Nỗi Sầu》：点击播放 热门视频： 怪不得说能当团播的都不是一般人，龙浩天走播一场就是好几个小时 难评，太难评了 用iPhone的形,25612,https://fuliba2023.net/2026134.html,https://img03.sogoucdn.com/v2/thumb/retype_exclude_gif/ext/auto/q/100/?appid=122&url=tvax4.sinaimg.cn/large/006BNqYCly1ihdsa6ulp7j30wi0kogo4.jpg,福利吧,最新文章,latest,hotlist,2026-09-24,2026-09-24 22:25:13
2,歌曲推荐：柬埔寨迷幻流行摇滚乐专辑《Cambodian Rocks》 附纪录片《别认为我忘了:柬埔寨失去的摇滚乐》,福利吧 · 1 条评论 · 之前我们更新过一期食贫道的节目中讲过柬埔寨的摇滚音乐 2026.03.21食贫道最新纪录片食视频《电诈 摇滚 吴哥窟》 当时那个节目记录了一部分柬埔寨音乐,6674,https://fuliba2023.net/cambodian-rocks.html,https://img03.sogoucdn.com/v2/thumb/retype_exclude_gif/ext/auto/q/100/?appid=122&url=tvax3.sinaimg.cn/large/006BNqYCly1ihdt5his8lj30ov0ov7jh.jpg,福利吧,最新文章,latest,hotlist,2026-09-24,2026-09-24 22:25:13
3,限免：DearMob iPhone Manager – iPhone/iPad 照片、视频传输，应用安装、整机备份恢复、换机工具[Win/macOS],福利吧 · 0 条评论 · 限免：DearMob iPhone Manager – iPhone/iPad 照片、视频传输，应用安装、整机备份恢复、换机工具[Win/macOS] Finder传输到一半又崩溃了？iCloud空间,1639,https://fuliba2023.net/dearmob.html,https://img03.sogoucdn.com/v2/thumb/retype_exclude_gif/ext/auto/q/100/?appid=122&url=https://tva1.sinaimg.cn/large/009Zip4ygy1ihew48m96dj30ui0leahn.jpg,福利吧,最新文章,latest,hotlist,2026-09-24,2026-09-24 22:25:13
4,淘宝京东优惠商品汇总，9月24日9点更新 购物领券fuliba99.net,购物网赚 · 314 条评论 · 购物搜券：福利久久 — 精选好货，实时更新 商品更新较快，请加购物群获得第一手消息。微信扫码加好友，回复“京东群”或者“淘宝群”自动拉你。 500g,455007,https://fuliba2023.net/99.html,https://img03.sogoucdn.com/v2/thumb/retype_exclude_gif/ext/auto/q/100/?appid=122&url=https://tva1.sinaimg.cn/large/009Zip4ygy1ihejk5oza8j309q09qgmb.jpg,福利吧,最新文章,latest,hotlist,2026-09-24,2026-09-24 22:25:13
5,ましゅまろ団：《交友软件上认识的辣妹居然是个土味女》 谁是谁的菜？,漫画推荐 · 7 条评论 · 今天给大家推荐的是画师“ましゅまろ団”的一个短篇作品 作品总计51P，故事是常见的约会见面套路，感觉有同类的真人版 没有的话，这剧情也很适合改编,13510,https://fuliba2023.net/tuweimeidechuntian.html,https://img03.sogoucdn.com/v2/thumb/retype_exclude_gif/ext/auto/q/100/?appid=122&url=tvax1.sinaimg.cn/large/006BNqYCly1ihdoy8qgy6j31320tnamf.jpg,福利吧,最新文章,latest,hotlist,2026-09-23,2026-09-24 22:25:13
6,蔡文娜：军阀姨太太的真实生活是什么样的？ 附《一个过渡时代的家庭》论文,福利吧 · 3 条评论 · 之前在抖音刷到一个视频，讲述了一个军阀太太“蔡文娜”考入大学 写了一篇记录自己婚姻生活的社会学论文，论文是客观的，故事是悲剧的 “蔡文娜”没有,25158,https://fuliba2023.net/gdsddjt.html,https://img03.sogoucdn.com/v2/thumb/retype_exclude_gif/ext/auto/q/100/?appid=122&url=tvax4.sinaimg.cn/large/006BNqYCly1ihb460bhx3j30af0ehwgd.jpg,福利吧,最新文章,latest,hotlist,2026-09-23,2026-09-24 22:25:13
7,【福利】5.9元买二锅头送京东标准洗车&蚂蚁阿福智能体脂秤到手4.9元,购物网赚 · 18 条评论 · 京东下单二锅头，送京东工作日标准洗车一次。 商品价7.9元包邮，加购物车，会送一个2-2元的优惠券（或购物车内右侧砸蛋）， 实付5.9，主要是薅洗车福,21273,https://fuliba2023.net/wolai.html,https://img03.sogoucdn.com/v2/thumb/retype_exclude_gif/ext/auto/q/100/?appid=122&url=https://tva1.sinaimg.cn/large/009Zip4ygy1ihcfu9nketj309q09qaas.jpg,福利吧,最新文章,latest,hotlist,2026-09-22,2026-09-24 22:25:13
8,2026年福利汇总第133期 ：蜜桃甜妹,福利汇总 · 13 条评论 · BGM：《黄河谣》：点击播放 热门视频： 太牛逼了，崔健在2026湾区升明月演唱《时间的b面》把全场看傻眼 解读《末代皇帝》配乐：音乐到底是如何表达一,56123,https://fuliba2023.net/2026133.html,https://img03.sogoucdn.com/v2/thumb/retype_exclude_gif/ext/auto/q/100/?appid=122&url=tvax3.sinaimg.cn/large/006BNqYCly1ihc8qea2jbj33h04moe83.jpg,福利吧,最新文章,latest,hotlist,2026-09-22,2026-09-24 22:25:13
9,河北彩花：空姐主题新作片头居然是用AI生成 老乡越来越不走心？,业界速报 · 11 条评论 · 最近河北老乡又上热搜了，这次成为话题主要有俩原因 第一就是最近发布的一部空姐主题作品 开幕的一段居然全部都是AI生成的，不少网友吐槽老乡越来越敷,21226,https://fuliba2023.net/snos-377.html,https://img03.sogoucdn.com/v2/thumb/retype_exclude_gif/ext/auto/q/100/?appid=122&url=tvax4.sinaimg.cn/large/006BNqYCly1ihb5ip7rm6g30m80ciqv5.gif,福利吧,最新文章,latest,hotlist,2026-09-22,2026-09-24 22:25:13
10,2026年9月趣站分享：听记/App比价/图标制作/装机软件 中国天气地图,趣站分享 · 7 条评论 · 趣味网站分享系列：https://fuliba2025.net/quwei 没有采取单发文章推荐的内容，大部分来自福利吧论坛或网友邮件投稿。 如果你也有不错的内容,17576,https://fuliba2023.net/website202609.html,https://img03.sogoucdn.com/v2/thumb/retype_exclude_gif/ext/auto/q/100/?appid=122&url=tvax1.sinaimg.cn/large/006BNqYCly1ift9t7n41kj315y0v1gwr.jpg,福利吧,最新文章,latest,hotlist,2026-09-21,2026-09-24 22:25:13
11,Netflix韩国剧集：《挑情丑闻》全8集 情爱画面很唯美,影视推荐 · 11 条评论 · Netflix最近上线的一部桃色剧集 原作品是法国18世纪小说家拉克洛用书信形式所写成的小说《危险关系》 剧版改编自由李在容执导、2003年上映的同名电影,35795,https://fuliba2023.net/scandals.html,https://img03.sogoucdn.com/v2/thumb/retype_exclude_gif/ext/auto/q/100/?appid=122&url=tvax1.sinaimg.cn/large/006BNqYCly1iha0neyeu0j31x90z5e82.jpg,福利吧,最新文章,latest,hotlist,2026-09-21,2026-09-24 22:25:13
12,“倉木華”遗作《我在深夜便利店做收银被微醺大姐姐攻略》上线 可惜再也看不到妹子新作了,图解电影 · 6 条评论 · 前几天我们曾经发帖说过，又一位日本女演员因为牛郎问题选择了自杀离开这个世界 噩耗：日本女优“倉木華”在住所自杀身亡 死亡原因引网络热议 翻看她,44289,https://fuliba2023.net/snos-397.html,https://img03.sogoucdn.com/v2/thumb/retype_exclude_gif/ext/auto/q/100/?appid=122&url=tvax4.sinaimg.cn/large/006BNqYCly1ih9wo1lt79j31cl0r81kx.jpg,福利吧,最新文章,latest,hotlist,2026-09-20,2026-09-24 22:25:13
13,2026年福利汇总第132期 ：失语梦,福利汇总 · 10 条评论 · BGM：《失语梦》：点击播放 热门视频： 有网友到青海西宁旅游，打车途中，司机师傅一路介绍青海，讲得头头是道 铭文中的谜之天子，逨盘，195件国宝第1,42797,https://fuliba2023.net/2026132.html,https://img03.sogoucdn.com/v2/thumb/retype_exclude_gif/ext/auto/q/100/?appid=122&url=tvax1.sinaimg.cn/large/006BNqYCly1ih9uxu4308j335s23ub14.jpg,福利吧,最新文章,latest,hotlist,2026-09-20,2026-09-24 22:25:13
14,二二酸酸：《青春课本系列》 带你重新认识那些熟悉的语文课文,BILIBILI · 10 条评论 · 今天给大家推荐一个B站的UP主“二二酸酸” 她制作的有一个系列节目叫《青春课本系列》 讲解的都是我们上学时候学习的语文课本里那些文章之外的故事 有,19346,https://fuliba2023.net/erersuansuan.html,https://img03.sogoucdn.com/v2/thumb/retype_exclude_gif/ext/auto/q/100/?appid=122&url=tvax1.sinaimg.cn/large/006BNqYCly1ih8oakntacj313t0ov137.jpg,福利吧,最新文章,latest,hotlist,2026-09-19,2026-09-24 22:25:13
15,“Gattouz0”新作，居然又是亚洲妹 三人同行有点猛,好孩子kan不见 · 14 条评论 · 前几天我们发帖说过“Gattouz0”发布的新作是一个亚洲女孩 虽然他描述是中国人，但是从更新动态等种种迹象来看，更像是一个越南妹 “Gattouz0”再约亚,37828,https://fuliba2023.net/new-gattouz0-bunny-umi-bunny-una-double.html,https://img03.sogoucdn.com/v2/thumb/retype_exclude_gif/ext/auto/q/100/?appid=122&url=tvax4.sinaimg.cn/large/006BNqYCly1ih7we2b494j31ct0rie7s.jpg,福利吧,最新文章,latest,hotlist,2026-09-19,2026-09-24 22:25:13
16,犬上いの字：《收到陌生女性隔空投送发来私密照片的经历》 苹果用户专享,漫画推荐 · 6 条评论 · 今天给大家推荐的是日本画师“犬上いの字”的作品 这部漫画创意挺好，故事内容有轻微SM向，不过是大姐姐纯爱作品 作品共计三话，85P左右，下面是剧情,23452,https://fuliba2023.net/the-story-of-how-i-received-a-racy-selfie-via-image-sharing-from-a-woman-i-didnt-know.html,https://img03.sogoucdn.com/v2/thumb/retype_exclude_gif/ext/auto/q/100/?appid=122&url=tvax1.sinaimg.cn/large/006BNqYCly1ih7wv859lrj31id0w5tm8.jpg,福利吧,最新文章,latest,hotlist,2026-09-18,2026-09-24 22:25:13
17,2026年福利汇总第131期 ：神秘礼物,福利汇总 · 10 条评论 · BGM：《神秘礼物》：点击播放 热门视频： 【邓肯】“梅姨”案 我只是想煮一个鸡蛋，互联网却想教我做人 为什么所有 App 都能借钱给你？网贷如何变得无,40416,https://fuliba2023.net/2026131.html,https://img03.sogoucdn.com/v2/thumb/retype_exclude_gif/ext/auto/q/100/?appid=122&url=tvax4.sinaimg.cn/large/006BNqYCly1ih7v9i5gyrj323u1kwdy6.jpg,福利吧,最新文章,latest,hotlist,2026-09-18,2026-09-24 22:25:13
18,NGA一个精彩刺激的私人经历文,福利吧 · 7 条评论 · 感谢福利吧论坛网友“yyds1111”分享，更多优秀分享请访问福利吧论坛。 这是NGA上一个帖子连载更新的，整理成文本分享。 主要讲KTV里约妹子的事，有荤,38174,https://fuliba2023.net/xiaoc.html,https://img03.sogoucdn.com/v2/thumb/retype_exclude_gif/ext/auto/q/100/?appid=122&url=https://tva1.sinaimg.cn/large/009Zip4ygy1ih6pc9dq8sj30or0gfwgc.jpg,福利吧,最新文章,latest,hotlist,2026-09-17,2026-09-24 22:25:13
19,よふかしのへや：《反正要死了，随你处置》翻拍真人版 逢沢みゆ出演,图解电影 · 21 条评论 · 去年的时候，我们给大家推荐过画师“よふかしのへや”的这部作品 よふかしのへや：《反正要死了，随你处置》 用爱爱拯救厌世少女 时隔一年，这部作品,50448,https://fuliba2023.net/rki-757.html,https://img03.sogoucdn.com/v2/thumb/retype_exclude_gif/ext/auto/q/100/?appid=122&url=tvax3.sinaimg.cn/large/006BNqYCly1ih6bur3oovj316d0r8tuo.jpg,福利吧,最新文章,latest,hotlist,2026-09-17,2026-09-24 22:25:13
20,2026年7月番剧推荐：《我独自盗墓》 更新至第10集,动漫影视 · 1 条评论 · 2024年的时候，我们给大家推荐过一部韩漫改编的异世界动漫作品 2025年这部作品已经出了第二季，异世界番剧里的黑马之作，非常好看 2024年1月番剧推荐,11606,https://fuliba2023.net/tomb-raider-king.html,https://img03.sogoucdn.com/v2/thumb/retype_exclude_gif/ext/auto/q/100/?appid=122&url=tvax3.sinaimg.cn/large/006BNqYCly1ih6v0vd7pmj31gr0u0k15.jpg,福利吧,最新文章,latest,hotlist,2026-09-17,2026-09-24 22:25:13
1,2026年福利汇总第134期 ：甜味玉米,福利汇总 · 10 条评论 · BGM：《Cắt Đôi Nỗi Sầu》：点击播放 热门视频： 怪不得说能当团播的都不是一般人，龙浩天走播一场就是好几个小时 难评，太难评了 用iPhone的形,27231,https://fuliba2023.net/2026134.html,https://img03.sogoucdn.com/v2/thumb/retype_exclude_gif/ext/auto/q/100/?appid=122&url=tvax4.sinaimg.cn/large/006BNqYCly1ihdsa6ulp7j30wi0kogo4.jpg,福利吧,最新文章,latest,hotlist,2026-09-24,2026-09-24 23:24:15
2,歌曲推荐：柬埔寨迷幻流行摇滚乐专辑《Cambodian Rocks》 附纪录片《别认为我忘了:柬埔寨失去的摇滚乐》,福利吧 · 1 条评论 · 之前我们更新过一期食贫道的节目中讲过柬埔寨的摇滚音乐 2026.03.21食贫道最新纪录片食视频《电诈 摇滚 吴哥窟》 当时那个节目记录了一部分柬埔寨音乐,6951,https://fuliba2023.net/cambodian-rocks.html,https://img03.sogoucdn.com/v2/thumb/retype_exclude_gif/ext/auto/q/100/?appid=122&url=tvax3.sinaimg.cn/large/006BNqYCly1ihdt5his8lj30ov0ov7jh.jpg,福利吧,最新文章,latest,hotlist,2026-09-24,2026-09-24 23:24:15
3,限免：DearMob iPhone Manager – iPhone/iPad 照片、视频传输，应用安装、整机备份恢复、换机工具[Win/macOS],福利吧 · 0 条评论 · 限免：DearMob iPhone Manager – iPhone/iPad 照片、视频传输，应用安装、整机备份恢复、换机工具[Win/macOS] Finder传输到一半又崩溃了？iCloud空间,1977,https://fuliba2023.net/dearmob.html,https://img03.sogoucdn.com/v2/thumb/retype_exclude_gif/ext/auto/q/100/?appid=122&url=https://tva1.sinaimg.cn/large/009Zip4ygy1ihew48m96dj30ui0leahn.jpg,福利吧,最新文章,latest,hotlist,2026-09-24,2026-09-24 23:24:15
4,淘宝京东优惠商品汇总，9月24日9点更新 购物领券fuliba99.net,购物网赚 · 314 条评论 · 购物搜券：福利久久 — 精选好货，实时更新 商品更新较快，请加购物群获得第一手消息。微信扫码加好友，回复“京东群”或者“淘宝群”自动拉你。 500g,455116,https://fuliba2023.net/99.html,https://img03.sogoucdn.com/v2/thumb/retype_exclude_gif/ext/auto/q/100/?appid=122&url=https://tva1.sinaimg.cn/large/009Zip4ygy1ihejk5oza8j309q09qgmb.jpg,福利吧,最新文章,latest,hotlist,2026-09-24,2026-09-24 23:24:15
5,ましゅまろ団：《交友软件上认识的辣妹居然是个土味女》 谁是谁的菜？,漫画推荐 · 7 条评论 · 今天给大家推荐的是画师“ましゅまろ団”的一个短篇作品 作品总计51P，故事是常见的约会见面套路，感觉有同类的真人版 没有的话，这剧情也很适合改编,13690,https://fuliba2023.net/tuweimeidechuntian.html,https://img03.sogoucdn.com/v2/thumb/retype_exclude_gif/ext/auto/q/100/?appid=122&url=tvax1.sinaimg.cn/large/006BNqYCly1ihdoy8qgy6j31320tnamf.jpg,福利吧,最新文章,latest,hotlist,2026-09-23,2026-09-24 23:24:15
6,蔡文娜：军阀姨太太的真实生活是什么样的？ 附《一个过渡时代的家庭》论文,福利吧 · 3 条评论 · 之前在抖音刷到一个视频，讲述了一个军阀太太“蔡文娜”考入大学 写了一篇记录自己婚姻生活的社会学论文，论文是客观的，故事是悲剧的 “蔡文娜”没有,25384,https://fuliba2023.net/gdsddjt.html,https://img03.sogoucdn.com/v2/thumb/retype_exclude_gif/ext/auto/q/100/?appid=122&url=tvax4.sinaimg.cn/large/006BNqYCly1ihb460bhx3j30af0ehwgd.jpg,福利吧,最新文章,latest,hotlist,2026-09-23,2026-09-24 23:24:15
7,【福利】5.9元买二锅头送京东标准洗车&蚂蚁阿福智能体脂秤到手4.9元,购物网赚 · 18 条评论 · 京东下单二锅头，送京东工作日标准洗车一次。 商品价7.9元包邮，加购物车，会送一个2-2元的优惠券（或购物车内右侧砸蛋）， 实付5.9，主要是薅洗车福,21302,https://fuliba2023.net/wolai.html,https://img03.sogoucdn.com/v2/thumb/retype_exclude_gif/ext/auto/q/100/?appid=122&url=https://tva1.sinaimg.cn/large/009Zip4ygy1ihcfu9nketj309q09qaas.jpg,福利吧,最新文章,latest,hotlist,2026-09-22,2026-09-24 23:24:15
8,2026年福利汇总第133期 ：蜜桃甜妹,福利汇总 · 13 条评论 · BGM：《黄河谣》：点击播放 热门视频： 太牛逼了，崔健在2026湾区升明月演唱《时间的b面》把全场看傻眼 解读《末代皇帝》配乐：音乐到底是如何表达一,56380,https://fuliba2023.net/2026133.html,https://img03.sogoucdn.com/v2/thumb/retype_exclude_gif/ext/auto/q/100/?appid=122&url=tvax3.sinaimg.cn/large/006BNqYCly1ihc8qea2jbj33h04moe83.jpg,福利吧,最新文章,latest,hotlist,2026-09-22,2026-09-24 23:24:15
9,河北彩花：空姐主题新作片头居然是用AI生成 老乡越来越不走心？,业界速报 · 11 条评论 · 最近河北老乡又上热搜了，这次成为话题主要有俩原因 第一就是最近发布的一部空姐主题作品 开幕的一段居然全部都是AI生成的，不少网友吐槽老乡越来越敷,21350,https://fuliba2023.net/snos-377.html,https://img03.sogoucdn.com/v2/thumb/retype_exclude_gif/ext/auto/q/100/?appid=122&url=tvax4.sinaimg.cn/large/006BNqYCly1ihb5ip7rm6g30m80ciqv5.gif,福利吧,最新文章,latest,hotlist,2026-09-22,2026-09-24 23:24:15
10,2026年9月趣站分享：听记/App比价/图标制作/装机软件 中国天气地图,趣站分享 · 7 条评论 · 趣味网站分享系列：https://fuliba2025.net/quwei 没有采取单发文章推荐的内容，大部分来自福利吧论坛或网友邮件投稿。 如果你也有不错的内容,17624,https://fuliba2023.net/website202609.html,https://img03.sogoucdn.com/v2/thumb/retype_exclude_gif/ext/auto/q/100/?appid=122&url=tvax1.sinaimg.cn/large/006BNqYCly1ift9t7n41kj315y0v1gwr.jpg,福利吧,最新文章,latest,hotlist,2026-09-21,2026-09-24 23:24:15
11,Netflix韩国剧集：《挑情丑闻》全8集 情爱画面很唯美,影视推荐 · 11 条评论 · Netflix最近上线的一部桃色剧集 原作品是法国18世纪小说家拉克洛用书信形式所写成的小说《危险关系》 剧版改编自由李在容执导、2003年上映的同名电影,35952,https://fuliba2023.net/scandals.html,https://img03.sogoucdn.com/v2/thumb/retype_exclude_gif/ext/auto/q/100/?appid=122&url=tvax1.sinaimg.cn/large/006BNqYCly1iha0neyeu0j31x90z5e82.jpg,福利吧,最新文章,latest,hotlist,2026-09-21,2026-09-24 23:24:15
12,“倉木華”遗作《我在深夜便利店做收银被微醺大姐姐攻略》上线 可惜再也看不到妹子新作了,图解电影 · 6 条评论 · 前几天我们曾经发帖说过，又一位日本女演员因为牛郎问题选择了自杀离开这个世界 噩耗：日本女优“倉木華”在住所自杀身亡 死亡原因引网络热议 翻看她,44422,https://fuliba2023.net/snos-397.html,https://img03.sogoucdn.com/v2/thumb/retype_exclude_gif/ext/auto/q/100/?appid=122&url=tvax4.sinaimg.cn/large/006BNqYCly1ih9wo1lt79j31cl0r81kx.jpg,福利吧,最新文章,latest,hotlist,2026-09-20,2026-09-24 23:24:15
13,2026年福利汇总第132期 ：失语梦,福利汇总 · 10 条评论 · BGM：《失语梦》：点击播放 热门视频： 有网友到青海西宁旅游，打车途中，司机师傅一路介绍青海，讲得头头是道 铭文中的谜之天子，逨盘，195件国宝第1,42897,https://fuliba2023.net/2026132.html,https://img03.sogoucdn.com/v2/thumb/retype_exclude_gif/ext/auto/q/100/?appid=122&url=tvax1.sinaimg.cn/large/006BNqYCly1ih9uxu4308j335s23ub14.jpg,福利吧,最新文章,latest,hotlist,2026-09-20,2026-09-24 23:24:15
14,二二酸酸：《青春课本系列》 带你重新认识那些熟悉的语文课文,BILIBILI · 10 条评论 · 今天给大家推荐一个B站的UP主“二二酸酸” 她制作的有一个系列节目叫《青春课本系列》 讲解的都是我们上学时候学习的语文课本里那些文章之外的故事 有,19384,https://fuliba2023.net/erersuansuan.html,https://img03.sogoucdn.com/v2/thumb/retype_exclude_gif/ext/auto/q/100/?appid=122&url=tvax1.sinaimg.cn/large/006BNqYCly1ih8oakntacj313t0ov137.jpg,福利吧,最新文章,latest,hotlist,2026-09-19,2026-09-24 23:24:15
15,“Gattouz0”新作，居然又是亚洲妹 三人同行有点猛,好孩子kan不见 · 14 条评论 · 前几天我们发帖说过“Gattouz0”发布的新作是一个亚洲女孩 虽然他描述是中国人，但是从更新动态等种种迹象来看，更像是一个越南妹 “Gattouz0”再约亚,37947,https://fuliba2023.net/new-gattouz0-bunny-umi-bunny-una-double.html,https://img03.sogoucdn.com/v2/thumb/retype_exclude_gif/ext/auto/q/100/?appid=122&url=tvax4.sinaimg.cn/large/006BNqYCly1ih7we2b494j31ct0rie7s.jpg,福利吧,最新文章,latest,hotlist,2026-09-19,2026-09-24 23:24:15
16,犬上いの字：《收到陌生女性隔空投送发来私密照片的经历》 苹果用户专享,漫画推荐 · 6 条评论 · 今天给大家推荐的是日本画师“犬上いの字”的作品 这部漫画创意挺好，故事内容有轻微SM向，不过是大姐姐纯爱作品 作品共计三话，85P左右，下面是剧情,23490,https://fuliba2023.net/the-story-of-how-i-received-a-racy-selfie-via-image-sharing-from-a-woman-i-didnt-know.html,https://img03.sogoucdn.com/v2/thumb/retype_exclude_gif/ext/auto/q/100/?appid=122&url=tvax1.sinaimg.cn/large/006BNqYCly1ih7wv859lrj31id0w5tm8.jpg,福利吧,最新文章,latest,hotlist,2026-09-18,2026-09-24 23:24:15
17,2026年福利汇总第131期 ：神秘礼物,福利汇总 · 10 条评论 · BGM：《神秘礼物》：点击播放 热门视频： 【邓肯】“梅姨”案 我只是想煮一个鸡蛋，互联网却想教我做人 为什么所有 App 都能借钱给你？网贷如何变得无,40461,https://fuliba2023.net/2026131.html,https://img03.sogoucdn.com/v2/thumb/retype_exclude_gif/ext/auto/q/100/?appid=122&url=tvax4.sinaimg.cn/large/006BNqYCly1ih7v9i5gyrj323u1kwdy6.jpg,福利吧,最新文章,latest,hotlist,2026-09-18,2026-09-24 23:24:15
18,NGA一个精彩刺激的私人经历文,福利吧 · 7 条评论 · 感谢福利吧论坛网友“yyds1111”分享，更多优秀分享请访问福利吧论坛。 这是NGA上一个帖子连载更新的，整理成文本分享。 主要讲KTV里约妹子的事，有荤,38221,https://fuliba2023.net/xiaoc.html,https://img03.sogoucdn.com/v2/thumb/retype_exclude_gif/ext/auto/q/100/?appid=122&url=https://tva1.sinaimg.cn/large/009Zip4ygy1ih6pc9dq8sj30or0gfwgc.jpg,福利吧,最新文章,latest,hotlist,2026-09-17,2026-09-24 23:24:15
19,よふかしのへや：《反正要死了，随你处置》翻拍真人版 逢沢みゆ出演,图解电影 · 21 条评论 · 去年的时候，我们给大家推荐过画师“よふかしのへや”的这部作品 よふかしのへや：《反正要死了，随你处置》 用爱爱拯救厌世少女 时隔一年，这部作品,50519,https://fuliba2023.net/rki-757.html,https://img03.sogoucdn.com/v2/thumb/retype_exclude_gif/ext/auto/q/100/?appid=122&url=tvax3.sinaimg.cn/large/006BNqYCly1ih6bur3oovj316d0r8tuo.jpg,福利吧,最新文章,latest,hotlist,2026-09-17,2026-09-24 23:24:15
20,2026年7月番剧推荐：《我独自盗墓》 更新至第10集,动漫影视 · 1 条评论 · 2024年的时候，我们给大家推荐过一部韩漫改编的异世界动漫作品 2025年这部作品已经出了第二季，异世界番剧里的黑马之作，非常好看 2024年1月番剧推荐,11638,https://fuliba2023.net/tomb-raider-king.html,https://img03.sogoucdn.com/v2/thumb/retype_exclude_gif/ext/auto/q/100/?appid=122&url=tvax3.sinaimg.cn/large/006BNqYCly1ih6v0vd7pmj31gr0u0k15.jpg,福利吧,最新文章,latest,hotlist,2026-09-17,2026-09-24 23:24:15
