index,title,desc,hot,url,image,source,type,ranking_id,surface,published_at,datetime
1,法考成绩,,985112,https://s.weibo.com/weibo?q=%E6%B3%95%E8%80%83%E6%88%90%E7%BB%A9&Refer=index,,微博,微博热榜,hot,hotlist,,2026-09-19 00:21:04
2,中国的小偷为何断崖式下降,,886010,https://s.weibo.com/weibo?q=%E4%B8%AD%E5%9B%BD%E7%9A%84%E5%B0%8F%E5%81%B7%E4%B8%BA%E4%BD%95%E6%96%AD%E5%B4%96%E5%BC%8F%E4%B8%8B%E9%99%8D&Refer=index,,微博,微博热榜,hot,hotlist,,2026-09-19 00:21:04
3,斑驳旧物铭刻90多年前不屈抗争,,639774,https://s.weibo.com/weibo?q=%E6%96%91%E9%A9%B3%E6%97%A7%E7%89%A9%E9%93%AD%E5%88%BB90%E5%A4%9A%E5%B9%B4%E5%89%8D%E4%B8%8D%E5%B1%88%E6%8A%97%E4%BA%89&Refer=index,,微博,微博热榜,hot,hotlist,,2026-09-19 00:21:04
4,京东iPhone18Pro首批现货到手,,629035,https://s.weibo.com/weibo?q=%E4%BA%AC%E4%B8%9CiPhone18Pro%E9%A6%96%E6%89%B9%E7%8E%B0%E8%B4%A7%E5%88%B0%E6%89%8B&Refer=index,,微博,微博热榜,hot,hotlist,,2026-09-19 00:21:04
5,菲船加速冲撞中国海警船现场视频,,620248,https://s.weibo.com/weibo?q=%E8%8F%B2%E8%88%B9%E5%8A%A0%E9%80%9F%E5%86%B2%E6%92%9E%E4%B8%AD%E5%9B%BD%E6%B5%B7%E8%AD%A6%E8%88%B9%E7%8E%B0%E5%9C%BA%E8%A7%86%E9%A2%91&Refer=index,,微博,微博热榜,hot,hotlist,,2026-09-19 00:21:04
6,郑合惠子没有感情全是演技,,499044,https://s.weibo.com/weibo?q=%E9%83%91%E5%90%88%E6%83%A0%E5%AD%90%E6%B2%A1%E6%9C%89%E6%84%9F%E6%83%85%E5%85%A8%E6%98%AF%E6%BC%94%E6%8A%80&Refer=index,,微博,微博热榜,hot,hotlist,,2026-09-19 00:21:04
7,杨毅谈男篮不敌日本,,370055,https://s.weibo.com/weibo?q=%E6%9D%A8%E6%AF%85%E8%B0%88%E7%94%B7%E7%AF%AE%E4%B8%8D%E6%95%8C%E6%97%A5%E6%9C%AC&Refer=index,,微博,微博热榜,hot,hotlist,,2026-09-19 00:21:04
8,韩国选手听到朝鲜国歌集体慌乱,,344890,https://s.weibo.com/weibo?q=%E9%9F%A9%E5%9B%BD%E9%80%89%E6%89%8B%E5%90%AC%E5%88%B0%E6%9C%9D%E9%B2%9C%E5%9B%BD%E6%AD%8C%E9%9B%86%E4%BD%93%E6%85%8C%E4%B9%B1&Refer=index,,微博,微博热榜,hot,hotlist,,2026-09-19 00:21:04
9,兰香如故能否成为下一个知否,,250098,https://s.weibo.com/weibo?q=%E5%85%B0%E9%A6%99%E5%A6%82%E6%95%85%E8%83%BD%E5%90%A6%E6%88%90%E4%B8%BA%E4%B8%8B%E4%B8%80%E4%B8%AA%E7%9F%A5%E5%90%A6&Refer=index,,微博,微博热榜,hot,hotlist,,2026-09-19 00:21:04
10,中国男篮vs日本男篮,,249343,https://s.weibo.com/weibo?q=%E4%B8%AD%E5%9B%BD%E7%94%B7%E7%AF%AEvs%E6%97%A5%E6%9C%AC%E7%94%B7%E7%AF%AE&Refer=index,,微博,微博热榜,hot,hotlist,,2026-09-19 00:21:04
11,郑合惠子演技好牛,,247040,https://s.weibo.com/weibo?q=%E9%83%91%E5%90%88%E6%83%A0%E5%AD%90%E6%BC%94%E6%8A%80%E5%A5%BD%E7%89%9B&Refer=index,,微博,微博热榜,hot,hotlist,,2026-09-19 00:21:04
12,中国男篮惨败被日本球员嘲讽,,244535,https://s.weibo.com/weibo?q=%E4%B8%AD%E5%9B%BD%E7%94%B7%E7%AF%AE%E6%83%A8%E8%B4%A5%E8%A2%AB%E6%97%A5%E6%9C%AC%E7%90%83%E5%91%98%E5%98%B2%E8%AE%BD&Refer=index,,微博,微博热榜,hot,hotlist,,2026-09-19 00:21:04
13,池昌旭林珍娜太拼了吧,,242492,https://s.weibo.com/weibo?q=%E6%B1%A0%E6%98%8C%E6%97%AD%E6%9E%97%E7%8F%8D%E5%A8%9C%E5%A4%AA%E6%8B%BC%E4%BA%86%E5%90%A7&Refer=index,,微博,微博热榜,hot,hotlist,,2026-09-19 00:21:04
14,美使馆918发帖日本网民破防,,240103,https://s.weibo.com/weibo?q=%E7%BE%8E%E4%BD%BF%E9%A6%86918%E5%8F%91%E5%B8%96%E6%97%A5%E6%9C%AC%E7%BD%91%E6%B0%91%E7%A0%B4%E9%98%B2&Refer=index,,微博,微博热榜,hot,hotlist,,2026-09-19 00:21:04
15,郭士强 下课,,238814,https://s.weibo.com/weibo?q=%E9%83%AD%E5%A3%AB%E5%BC%BA%20%E4%B8%8B%E8%AF%BE&Refer=index,,微博,微博热榜,hot,hotlist,,2026-09-19 00:21:04
16,卢昱晓的脾气,,235171,https://s.weibo.com/weibo?q=%E5%8D%A2%E6%98%B1%E6%99%93%E7%9A%84%E8%84%BE%E6%B0%94&Refer=index,,微博,微博热榜,hot,hotlist,,2026-09-19 00:21:04
17,外国人称鹿晗本可统治KPOP,,235028,https://s.weibo.com/weibo?q=%E5%A4%96%E5%9B%BD%E4%BA%BA%E7%A7%B0%E9%B9%BF%E6%99%97%E6%9C%AC%E5%8F%AF%E7%BB%9F%E6%B2%BBKPOP&Refer=index,,微博,微博热榜,hot,hotlist,,2026-09-19 00:21:04
18,贾国龙西贝焖面开业4个月倒闭了,,216829,https://s.weibo.com/weibo?q=%E8%B4%BE%E5%9B%BD%E9%BE%99%E8%A5%BF%E8%B4%9D%E7%84%96%E9%9D%A2%E5%BC%80%E4%B8%9A4%E4%B8%AA%E6%9C%88%E5%80%92%E9%97%AD%E4%BA%86&Refer=index,,微博,微博热榜,hot,hotlist,,2026-09-19 00:21:04
19,湖南卫视连发20条王鹤棣,,214699,https://s.weibo.com/weibo?q=%E6%B9%96%E5%8D%97%E5%8D%AB%E8%A7%86%E8%BF%9E%E5%8F%9120%E6%9D%A1%E7%8E%8B%E9%B9%A4%E6%A3%A3&Refer=index,,微博,微博热榜,hot,hotlist,,2026-09-19 00:21:04
20,长沙警方回应网传电动车上路需称重,,213314,https://s.weibo.com/weibo?q=%E9%95%BF%E6%B2%99%E8%AD%A6%E6%96%B9%E5%9B%9E%E5%BA%94%E7%BD%91%E4%BC%A0%E7%94%B5%E5%8A%A8%E8%BD%A6%E4%B8%8A%E8%B7%AF%E9%9C%80%E7%A7%B0%E9%87%8D&Refer=index,,微博,微博热榜,hot,hotlist,,2026-09-19 00:21:04
21,华为赛力斯问界归属变动,,211088,https://s.weibo.com/weibo?q=%E5%8D%8E%E4%B8%BA%E8%B5%9B%E5%8A%9B%E6%96%AF%E9%97%AE%E7%95%8C%E5%BD%92%E5%B1%9E%E5%8F%98%E5%8A%A8&Refer=index,,微博,微博热榜,hot,hotlist,,2026-09-19 00:21:04
22,好清醒的顶级认知,,207495,https://s.weibo.com/weibo?q=%E5%A5%BD%E6%B8%85%E9%86%92%E7%9A%84%E9%A1%B6%E7%BA%A7%E8%AE%A4%E7%9F%A5&Refer=index,,微博,微博热榜,hot,hotlist,,2026-09-19 00:21:04
23,谭松韵收着演,,205488,https://s.weibo.com/weibo?q=%E8%B0%AD%E6%9D%BE%E9%9F%B5%E6%94%B6%E7%9D%80%E6%BC%94&Refer=index,,微博,微博热榜,hot,hotlist,,2026-09-19 00:21:04
24,挑情丑闻,,202620,https://s.weibo.com/weibo?q=%E6%8C%91%E6%83%85%E4%B8%91%E9%97%BB&Refer=index,,微博,微博热榜,hot,hotlist,,2026-09-19 00:21:04
25,女子称失踪闺蜜托梦暗示尸骸位置,,199947,https://s.weibo.com/weibo?q=%E5%A5%B3%E5%AD%90%E7%A7%B0%E5%A4%B1%E8%B8%AA%E9%97%BA%E8%9C%9C%E6%89%98%E6%A2%A6%E6%9A%97%E7%A4%BA%E5%B0%B8%E9%AA%B8%E4%BD%8D%E7%BD%AE&Refer=index,,微博,微博热榜,hot,hotlist,,2026-09-19 00:21:04
26,iPhone17Pro和18Pro外观对比,,197103,https://s.weibo.com/weibo?q=iPhone17Pro%E5%92%8C18Pro%E5%A4%96%E8%A7%82%E5%AF%B9%E6%AF%94&Refer=index,,微博,微博热榜,hot,hotlist,,2026-09-19 00:21:04
27,原来这就叫感官过载啊,,195614,https://s.weibo.com/weibo?q=%E5%8E%9F%E6%9D%A5%E8%BF%99%E5%B0%B1%E5%8F%AB%E6%84%9F%E5%AE%98%E8%BF%87%E8%BD%BD%E5%95%8A&Refer=index,,微博,微博热榜,hot,hotlist,,2026-09-19 00:21:04
28,本届亚运会混乱程度,,194239,https://s.weibo.com/weibo?q=%E6%9C%AC%E5%B1%8A%E4%BA%9A%E8%BF%90%E4%BC%9A%E6%B7%B7%E4%B9%B1%E7%A8%8B%E5%BA%A6&Refer=index,,微博,微博热榜,hot,hotlist,,2026-09-19 00:21:04
29,池昌旭林珍娜吻戏,,186617,https://s.weibo.com/weibo?q=%E6%B1%A0%E6%98%8C%E6%97%AD%E6%9E%97%E7%8F%8D%E5%A8%9C%E5%90%BB%E6%88%8F&Refer=index,,微博,微博热榜,hot,hotlist,,2026-09-19 00:21:04
30,人民网评罗永浩说野人先生难吃,,183805,https://s.weibo.com/weibo?q=%E4%BA%BA%E6%B0%91%E7%BD%91%E8%AF%84%E7%BD%97%E6%B0%B8%E6%B5%A9%E8%AF%B4%E9%87%8E%E4%BA%BA%E5%85%88%E7%94%9F%E9%9A%BE%E5%90%83&Refer=index,,微博,微博热榜,hot,hotlist,,2026-09-19 00:21:04
31,女子吐槽吃魏家凉皮牛肉堡像喝油,,176664,https://s.weibo.com/weibo?q=%E5%A5%B3%E5%AD%90%E5%90%90%E6%A7%BD%E5%90%83%E9%AD%8F%E5%AE%B6%E5%87%89%E7%9A%AE%E7%89%9B%E8%82%89%E5%A0%A1%E5%83%8F%E5%96%9D%E6%B2%B9&Refer=index,,微博,微博热榜,hot,hotlist,,2026-09-19 00:21:04
32,法考,,169315,https://s.weibo.com/weibo?q=%E6%B3%95%E8%80%83&Refer=index,,微博,微博热榜,hot,hotlist,,2026-09-19 00:21:04
33,愿意停下来的才是聪明人,,149411,https://s.weibo.com/weibo?q=%E6%84%BF%E6%84%8F%E5%81%9C%E4%B8%8B%E6%9D%A5%E7%9A%84%E6%89%8D%E6%98%AF%E8%81%AA%E6%98%8E%E4%BA%BA&Refer=index,,微博,微博热榜,hot,hotlist,,2026-09-19 00:21:04
34,杜翠雀活到了最后,,148153,https://s.weibo.com/weibo?q=%E6%9D%9C%E7%BF%A0%E9%9B%80%E6%B4%BB%E5%88%B0%E4%BA%86%E6%9C%80%E5%90%8E&Refer=index,,微博,微博热榜,hot,hotlist,,2026-09-19 00:21:04
35,学医果然什么事都能遇到,,143714,https://s.weibo.com/weibo?q=%E5%AD%A6%E5%8C%BB%E6%9E%9C%E7%84%B6%E4%BB%80%E4%B9%88%E4%BA%8B%E9%83%BD%E8%83%BD%E9%81%87%E5%88%B0&Refer=index,,微博,微博热榜,hot,hotlist,,2026-09-19 00:21:04
36,联合早报,,136382,https://s.weibo.com/weibo?q=%E8%81%94%E5%90%88%E6%97%A9%E6%8A%A5&Refer=index,,微博,微博热榜,hot,hotlist,,2026-09-19 00:21:04
37,亲子鉴定 医保,,133978,https://s.weibo.com/weibo?q=%E4%BA%B2%E5%AD%90%E9%89%B4%E5%AE%9A%20%E5%8C%BB%E4%BF%9D&Refer=index,,微博,微博热榜,hot,hotlist,,2026-09-19 00:21:04
38,男子高空作业绳子被2楼老人剪断,,130345,https://s.weibo.com/weibo?q=%E7%94%B7%E5%AD%90%E9%AB%98%E7%A9%BA%E4%BD%9C%E4%B8%9A%E7%BB%B3%E5%AD%90%E8%A2%AB2%E6%A5%BC%E8%80%81%E4%BA%BA%E5%89%AA%E6%96%AD&Refer=index,,微博,微博热榜,hot,hotlist,,2026-09-19 00:21:04
39,中国男篮回应不敌日本队,,129125,https://s.weibo.com/weibo?q=%E4%B8%AD%E5%9B%BD%E7%94%B7%E7%AF%AE%E5%9B%9E%E5%BA%94%E4%B8%8D%E6%95%8C%E6%97%A5%E6%9C%AC%E9%98%9F&Refer=index,,微博,微博热榜,hot,hotlist,,2026-09-19 00:21:04
40,卢昱晓发自拍被骂只会萌萌的道歉,,128036,https://s.weibo.com/weibo?q=%E5%8D%A2%E6%98%B1%E6%99%93%E5%8F%91%E8%87%AA%E6%8B%8D%E8%A2%AB%E9%AA%82%E5%8F%AA%E4%BC%9A%E8%90%8C%E8%90%8C%E7%9A%84%E9%81%93%E6%AD%89&Refer=index,,微博,微博热榜,hot,hotlist,,2026-09-19 00:21:04
41,WE全员回应无缘S16,,125599,https://s.weibo.com/weibo?q=WE%E5%85%A8%E5%91%98%E5%9B%9E%E5%BA%94%E6%97%A0%E7%BC%98S16&Refer=index,,微博,微博热榜,hot,hotlist,,2026-09-19 00:21:04
42,原广东省政府参事谈罗永浩吐槽,,122162,https://s.weibo.com/weibo?q=%E5%8E%9F%E5%B9%BF%E4%B8%9C%E7%9C%81%E6%94%BF%E5%BA%9C%E5%8F%82%E4%BA%8B%E8%B0%88%E7%BD%97%E6%B0%B8%E6%B5%A9%E5%90%90%E6%A7%BD&Refer=index,,微博,微博热榜,hot,hotlist,,2026-09-19 00:21:04
43,王鹤棣考古视频连发,,115802,https://s.weibo.com/weibo?q=%E7%8E%8B%E9%B9%A4%E6%A3%A3%E8%80%83%E5%8F%A4%E8%A7%86%E9%A2%91%E8%BF%9E%E5%8F%91&Refer=index,,微博,微博热榜,hot,hotlist,,2026-09-19 00:21:04
44,湖北通报长江武汉段倾倒淤泥事件,,113693,https://s.weibo.com/weibo?q=%E6%B9%96%E5%8C%97%E9%80%9A%E6%8A%A5%E9%95%BF%E6%B1%9F%E6%AD%A6%E6%B1%89%E6%AE%B5%E5%80%BE%E5%80%92%E6%B7%A4%E6%B3%A5%E4%BA%8B%E4%BB%B6&Refer=index,,微博,微博热榜,hot,hotlist,,2026-09-19 00:21:04
45,花少8 无聊,,111083,https://s.weibo.com/weibo?q=%E8%8A%B1%E5%B0%918%20%E6%97%A0%E8%81%8A&Refer=index,,微博,微博热榜,hot,hotlist,,2026-09-19 00:21:04
46,佟丽娅首谈离婚真相,,110591,https://s.weibo.com/weibo?q=%E4%BD%9F%E4%B8%BD%E5%A8%85%E9%A6%96%E8%B0%88%E7%A6%BB%E5%A9%9A%E7%9C%9F%E7%9B%B8&Refer=index,,微博,微博热榜,hot,hotlist,,2026-09-19 00:21:04
47,郭士强成首位两输日本的中国男篮主帅,,105319,https://s.weibo.com/weibo?q=%E9%83%AD%E5%A3%AB%E5%BC%BA%E6%88%90%E9%A6%96%E4%BD%8D%E4%B8%A4%E8%BE%93%E6%97%A5%E6%9C%AC%E7%9A%84%E4%B8%AD%E5%9B%BD%E7%94%B7%E7%AF%AE%E4%B8%BB%E5%B8%85&Refer=index,,微博,微博热榜,hot,hotlist,,2026-09-19 00:21:04
48,兰香如故数据倒挂,,103241,https://s.weibo.com/weibo?q=%E5%85%B0%E9%A6%99%E5%A6%82%E6%95%85%E6%95%B0%E6%8D%AE%E5%80%92%E6%8C%82&Refer=index,,微博,微博热榜,hot,hotlist,,2026-09-19 00:21:04
49,曝何瑞贤有孩子了,,100936,https://s.weibo.com/weibo?q=%E6%9B%9D%E4%BD%95%E7%91%9E%E8%B4%A4%E6%9C%89%E5%AD%A9%E5%AD%90%E4%BA%86&Refer=index,,微博,微博热榜,hot,hotlist,,2026-09-19 00:21:04
50,乔尔杰维奇 郭士强,,99427,https://s.weibo.com/weibo?q=%E4%B9%94%E5%B0%94%E6%9D%B0%E7%BB%B4%E5%A5%87%20%E9%83%AD%E5%A3%AB%E5%BC%BA&Refer=index,,微博,微博热榜,hot,hotlist,,2026-09-19 00:21:04
51,黄牛吐槽iPhone18Pro没人收,,98670,https://s.weibo.com/weibo?q=%E9%BB%84%E7%89%9B%E5%90%90%E6%A7%BDiPhone18Pro%E6%B2%A1%E4%BA%BA%E6%94%B6&Refer=index,,微博,微博热榜,hot,hotlist,,2026-09-19 00:21:04
1,中国的小偷为何断崖式下降,,667829,https://s.weibo.com/weibo?q=%E4%B8%AD%E5%9B%BD%E7%9A%84%E5%B0%8F%E5%81%B7%E4%B8%BA%E4%BD%95%E6%96%AD%E5%B4%96%E5%BC%8F%E4%B8%8B%E9%99%8D&Refer=index,,微博,微博热榜,hot,hotlist,,2026-09-19 01:17:06
2,菲船加速冲撞中国海警船现场视频,,408552,https://s.weibo.com/weibo?q=%E8%8F%B2%E8%88%B9%E5%8A%A0%E9%80%9F%E5%86%B2%E6%92%9E%E4%B8%AD%E5%9B%BD%E6%B5%B7%E8%AD%A6%E8%88%B9%E7%8E%B0%E5%9C%BA%E8%A7%86%E9%A2%91&Refer=index,,微博,微博热榜,hot,hotlist,,2026-09-19 01:17:06
3,斑驳旧物铭刻90多年前不屈抗争,,350186,https://s.weibo.com/weibo?q=%E6%96%91%E9%A9%B3%E6%97%A7%E7%89%A9%E9%93%AD%E5%88%BB90%E5%A4%9A%E5%B9%B4%E5%89%8D%E4%B8%8D%E5%B1%88%E6%8A%97%E4%BA%89&Refer=index,,微博,微博热榜,hot,hotlist,,2026-09-19 01:17:06
4,三战七周年庆首日近百服爆满,,348828,https://s.weibo.com/weibo?q=%E4%B8%89%E6%88%98%E4%B8%83%E5%91%A8%E5%B9%B4%E5%BA%86%E9%A6%96%E6%97%A5%E8%BF%91%E7%99%BE%E6%9C%8D%E7%88%86%E6%BB%A1&Refer=index,,微博,微博热榜,hot,hotlist,,2026-09-19 01:17:06
5,池昌旭林珍娜太拼了吧,,348444,https://s.weibo.com/weibo?q=%E6%B1%A0%E6%98%8C%E6%97%AD%E6%9E%97%E7%8F%8D%E5%A8%9C%E5%A4%AA%E6%8B%BC%E4%BA%86%E5%90%A7&Refer=index,,微博,微博热榜,hot,hotlist,,2026-09-19 01:17:06
6,法考成绩,,335969,https://s.weibo.com/weibo?q=%E6%B3%95%E8%80%83%E6%88%90%E7%BB%A9&Refer=index,,微博,微博热榜,hot,hotlist,,2026-09-19 01:17:06
7,郑合惠子没有感情全是演技,,281390,https://s.weibo.com/weibo?q=%E9%83%91%E5%90%88%E6%83%A0%E5%AD%90%E6%B2%A1%E6%9C%89%E6%84%9F%E6%83%85%E5%85%A8%E6%98%AF%E6%BC%94%E6%8A%80&Refer=index,,微博,微博热榜,hot,hotlist,,2026-09-19 01:17:06
8,九号杯王者争霸赛等你来战,,245533,https://s.weibo.com/weibo?q=%E4%B9%9D%E5%8F%B7%E6%9D%AF%E7%8E%8B%E8%80%85%E4%BA%89%E9%9C%B8%E8%B5%9B%E7%AD%89%E4%BD%A0%E6%9D%A5%E6%88%98&Refer=index,,微博,微博热榜,hot,hotlist,,2026-09-19 01:17:06
9,韩国选手听到朝鲜国歌集体慌乱,,220615,https://s.weibo.com/weibo?q=%E9%9F%A9%E5%9B%BD%E9%80%89%E6%89%8B%E5%90%AC%E5%88%B0%E6%9C%9D%E9%B2%9C%E5%9B%BD%E6%AD%8C%E9%9B%86%E4%BD%93%E6%85%8C%E4%B9%B1&Refer=index,,微博,微博热榜,hot,hotlist,,2026-09-19 01:17:06
10,杨毅谈男篮不敌日本,,219591,https://s.weibo.com/weibo?q=%E6%9D%A8%E6%AF%85%E8%B0%88%E7%94%B7%E7%AF%AE%E4%B8%8D%E6%95%8C%E6%97%A5%E6%9C%AC&Refer=index,,微博,微博热榜,hot,hotlist,,2026-09-19 01:17:06
11,贾国龙西贝焖面开业4个月倒闭了,,218540,https://s.weibo.com/weibo?q=%E8%B4%BE%E5%9B%BD%E9%BE%99%E8%A5%BF%E8%B4%9D%E7%84%96%E9%9D%A2%E5%BC%80%E4%B8%9A4%E4%B8%AA%E6%9C%88%E5%80%92%E9%97%AD%E4%BA%86&Refer=index,,微博,微博热榜,hot,hotlist,,2026-09-19 01:17:06
12,吃芒果真的是一件很私密的事,,216265,https://s.weibo.com/weibo?q=%E5%90%83%E8%8A%92%E6%9E%9C%E7%9C%9F%E7%9A%84%E6%98%AF%E4%B8%80%E4%BB%B6%E5%BE%88%E7%A7%81%E5%AF%86%E7%9A%84%E4%BA%8B&Refer=index,,微博,微博热榜,hot,hotlist,,2026-09-19 01:17:06
13,本届亚运会混乱程度,,214654,https://s.weibo.com/weibo?q=%E6%9C%AC%E5%B1%8A%E4%BA%9A%E8%BF%90%E4%BC%9A%E6%B7%B7%E4%B9%B1%E7%A8%8B%E5%BA%A6&Refer=index,,微博,微博热榜,hot,hotlist,,2026-09-19 01:17:06
14,郭士强 下课,,213322,https://s.weibo.com/weibo?q=%E9%83%AD%E5%A3%AB%E5%BC%BA%20%E4%B8%8B%E8%AF%BE&Refer=index,,微博,微博热榜,hot,hotlist,,2026-09-19 01:17:06
15,人民网评罗永浩说野人先生难吃,,212017,https://s.weibo.com/weibo?q=%E4%BA%BA%E6%B0%91%E7%BD%91%E8%AF%84%E7%BD%97%E6%B0%B8%E6%B5%A9%E8%AF%B4%E9%87%8E%E4%BA%BA%E5%85%88%E7%94%9F%E9%9A%BE%E5%90%83&Refer=index,,微博,微博热榜,hot,hotlist,,2026-09-19 01:17:06
16,兰香如故能否成为下一个知否,,210268,https://s.weibo.com/weibo?q=%E5%85%B0%E9%A6%99%E5%A6%82%E6%95%85%E8%83%BD%E5%90%A6%E6%88%90%E4%B8%BA%E4%B8%8B%E4%B8%80%E4%B8%AA%E7%9F%A5%E5%90%A6&Refer=index,,微博,微博热榜,hot,hotlist,,2026-09-19 01:17:06
17,学医果然什么事都能遇到,,209147,https://s.weibo.com/weibo?q=%E5%AD%A6%E5%8C%BB%E6%9E%9C%E7%84%B6%E4%BB%80%E4%B9%88%E4%BA%8B%E9%83%BD%E8%83%BD%E9%81%87%E5%88%B0&Refer=index,,微博,微博热榜,hot,hotlist,,2026-09-19 01:17:06
18,郑合惠子演技好牛,,207859,https://s.weibo.com/weibo?q=%E9%83%91%E5%90%88%E6%83%A0%E5%AD%90%E6%BC%94%E6%8A%80%E5%A5%BD%E7%89%9B&Refer=index,,微博,微博热榜,hot,hotlist,,2026-09-19 01:17:06
19,亲子鉴定 医保,,205259,https://s.weibo.com/weibo?q=%E4%BA%B2%E5%AD%90%E9%89%B4%E5%AE%9A%20%E5%8C%BB%E4%BF%9D&Refer=index,,微博,微博热榜,hot,hotlist,,2026-09-19 01:17:06
20,美使馆918发帖日本网民破防,,203969,https://s.weibo.com/weibo?q=%E7%BE%8E%E4%BD%BF%E9%A6%86918%E5%8F%91%E5%B8%96%E6%97%A5%E6%9C%AC%E7%BD%91%E6%B0%91%E7%A0%B4%E9%98%B2&Refer=index,,微博,微博热榜,hot,hotlist,,2026-09-19 01:17:06
21,乒乓球赛事后勤保障争议,,202654,https://s.weibo.com/weibo?q=%E4%B9%92%E4%B9%93%E7%90%83%E8%B5%9B%E4%BA%8B%E5%90%8E%E5%8B%A4%E4%BF%9D%E9%9A%9C%E4%BA%89%E8%AE%AE&Refer=index,,微博,微博热榜,hot,hotlist,,2026-09-19 01:17:06
22,谭松韵收着演,,201815,https://s.weibo.com/weibo?q=%E8%B0%AD%E6%9D%BE%E9%9F%B5%E6%94%B6%E7%9D%80%E6%BC%94&Refer=index,,微博,微博热榜,hot,hotlist,,2026-09-19 01:17:06
23,挑情丑闻,,199997,https://s.weibo.com/weibo?q=%E6%8C%91%E6%83%85%E4%B8%91%E9%97%BB&Refer=index,,微博,微博热榜,hot,hotlist,,2026-09-19 01:17:06
24,女子称失踪闺蜜托梦暗示尸骸位置,,197884,https://s.weibo.com/weibo?q=%E5%A5%B3%E5%AD%90%E7%A7%B0%E5%A4%B1%E8%B8%AA%E9%97%BA%E8%9C%9C%E6%89%98%E6%A2%A6%E6%9A%97%E7%A4%BA%E5%B0%B8%E9%AA%B8%E4%BD%8D%E7%BD%AE&Refer=index,,微博,微博热榜,hot,hotlist,,2026-09-19 01:17:06
25,好清醒的顶级认知,,197383,https://s.weibo.com/weibo?q=%E5%A5%BD%E6%B8%85%E9%86%92%E7%9A%84%E9%A1%B6%E7%BA%A7%E8%AE%A4%E7%9F%A5&Refer=index,,微博,微博热榜,hot,hotlist,,2026-09-19 01:17:06
26,女子吐槽吃魏家凉皮牛肉堡像喝油,,172971,https://s.weibo.com/weibo?q=%E5%A5%B3%E5%AD%90%E5%90%90%E6%A7%BD%E5%90%83%E9%AD%8F%E5%AE%B6%E5%87%89%E7%9A%AE%E7%89%9B%E8%82%89%E5%A0%A1%E5%83%8F%E5%96%9D%E6%B2%B9&Refer=index,,微博,微博热榜,hot,hotlist,,2026-09-19 01:17:06
27,中国男篮vs日本男篮,,169761,https://s.weibo.com/weibo?q=%E4%B8%AD%E5%9B%BD%E7%94%B7%E7%AF%AEvs%E6%97%A5%E6%9C%AC%E7%94%B7%E7%AF%AE&Refer=index,,微博,微博热榜,hot,hotlist,,2026-09-19 01:17:06
28,iPhone17Pro和18Pro外观对比,,168914,https://s.weibo.com/weibo?q=iPhone17Pro%E5%92%8C18Pro%E5%A4%96%E8%A7%82%E5%AF%B9%E6%AF%94&Refer=index,,微博,微博热榜,hot,hotlist,,2026-09-19 01:17:06
29,池昌旭林珍娜吻戏,,168489,https://s.weibo.com/weibo?q=%E6%B1%A0%E6%98%8C%E6%97%AD%E6%9E%97%E7%8F%8D%E5%A8%9C%E5%90%BB%E6%88%8F&Refer=index,,微博,微博热榜,hot,hotlist,,2026-09-19 01:17:06
30,原来这就叫感官过载啊,,168126,https://s.weibo.com/weibo?q=%E5%8E%9F%E6%9D%A5%E8%BF%99%E5%B0%B1%E5%8F%AB%E6%84%9F%E5%AE%98%E8%BF%87%E8%BD%BD%E5%95%8A&Refer=index,,微博,微博热榜,hot,hotlist,,2026-09-19 01:17:06
31,愿意停下来的才是聪明人,,167444,https://s.weibo.com/weibo?q=%E6%84%BF%E6%84%8F%E5%81%9C%E4%B8%8B%E6%9D%A5%E7%9A%84%E6%89%8D%E6%98%AF%E8%81%AA%E6%98%8E%E4%BA%BA&Refer=index,,微博,微博热榜,hot,hotlist,,2026-09-19 01:17:06
32,联合早报,,167222,https://s.weibo.com/weibo?q=%E8%81%94%E5%90%88%E6%97%A9%E6%8A%A5&Refer=index,,微博,微博热榜,hot,hotlist,,2026-09-19 01:17:06
33,法考,,166586,https://s.weibo.com/weibo?q=%E6%B3%95%E8%80%83&Refer=index,,微博,微博热榜,hot,hotlist,,2026-09-19 01:17:06
34,成年人的世界不再是为自己而活,,166135,https://s.weibo.com/weibo?q=%E6%88%90%E5%B9%B4%E4%BA%BA%E7%9A%84%E4%B8%96%E7%95%8C%E4%B8%8D%E5%86%8D%E6%98%AF%E4%B8%BA%E8%87%AA%E5%B7%B1%E8%80%8C%E6%B4%BB&Refer=index,,微博,微博热榜,hot,hotlist,,2026-09-19 01:17:06
35,苹果17Pro和18Pro双胞胎,,165555,https://s.weibo.com/weibo?q=%E8%8B%B9%E6%9E%9C17Pro%E5%92%8C18Pro%E5%8F%8C%E8%83%9E%E8%83%8E&Refer=index,,微博,微博热榜,hot,hotlist,,2026-09-19 01:17:06
36,杨毅 中国男篮,,165115,https://s.weibo.com/weibo?q=%E6%9D%A8%E6%AF%85%20%E4%B8%AD%E5%9B%BD%E7%94%B7%E7%AF%AE&Refer=index,,微博,微博热榜,hot,hotlist,,2026-09-19 01:17:06
37,WE全员回应无缘S16,,164502,https://s.weibo.com/weibo?q=WE%E5%85%A8%E5%91%98%E5%9B%9E%E5%BA%94%E6%97%A0%E7%BC%98S16&Refer=index,,微博,微博热榜,hot,hotlist,,2026-09-19 01:17:06
38,中国男篮回应不敌日本队,,164134,https://s.weibo.com/weibo?q=%E4%B8%AD%E5%9B%BD%E7%94%B7%E7%AF%AE%E5%9B%9E%E5%BA%94%E4%B8%8D%E6%95%8C%E6%97%A5%E6%9C%AC%E9%98%9F&Refer=index,,微博,微博热榜,hot,hotlist,,2026-09-19 01:17:06
39,崔永熙回应输日本男篮,,163149,https://s.weibo.com/weibo?q=%E5%B4%94%E6%B0%B8%E7%86%99%E5%9B%9E%E5%BA%94%E8%BE%93%E6%97%A5%E6%9C%AC%E7%94%B7%E7%AF%AE&Refer=index,,微博,微博热榜,hot,hotlist,,2026-09-19 01:17:06
40,物业暴力阻拦业主回家,,162716,https://s.weibo.com/weibo?q=%E7%89%A9%E4%B8%9A%E6%9A%B4%E5%8A%9B%E9%98%BB%E6%8B%A6%E4%B8%9A%E4%B8%BB%E5%9B%9E%E5%AE%B6&Refer=index,,微博,微博热榜,hot,hotlist,,2026-09-19 01:17:06
41,杜翠雀活到了最后,,162187,https://s.weibo.com/weibo?q=%E6%9D%9C%E7%BF%A0%E9%9B%80%E6%B4%BB%E5%88%B0%E4%BA%86%E6%9C%80%E5%90%8E&Refer=index,,微博,微博热榜,hot,hotlist,,2026-09-19 01:17:06
42,中国男篮惨败被日本球员嘲讽,,161704,https://s.weibo.com/weibo?q=%E4%B8%AD%E5%9B%BD%E7%94%B7%E7%AF%AE%E6%83%A8%E8%B4%A5%E8%A2%AB%E6%97%A5%E6%9C%AC%E7%90%83%E5%91%98%E5%98%B2%E8%AE%BD&Refer=index,,微博,微博热榜,hot,hotlist,,2026-09-19 01:17:06
43,男子高空作业绳子被2楼老人剪断,,161335,https://s.weibo.com/weibo?q=%E7%94%B7%E5%AD%90%E9%AB%98%E7%A9%BA%E4%BD%9C%E4%B8%9A%E7%BB%B3%E5%AD%90%E8%A2%AB2%E6%A5%BC%E8%80%81%E4%BA%BA%E5%89%AA%E6%96%AD&Refer=index,,微博,微博热榜,hot,hotlist,,2026-09-19 01:17:06
44,日本男篮仅2人入选世预赛名单,,160622,https://s.weibo.com/weibo?q=%E6%97%A5%E6%9C%AC%E7%94%B7%E7%AF%AE%E4%BB%852%E4%BA%BA%E5%85%A5%E9%80%89%E4%B8%96%E9%A2%84%E8%B5%9B%E5%90%8D%E5%8D%95&Refer=index,,微博,微博热榜,hot,hotlist,,2026-09-19 01:17:06
45,华为赛力斯问界归属变动,,160436,https://s.weibo.com/weibo?q=%E5%8D%8E%E4%B8%BA%E8%B5%9B%E5%8A%9B%E6%96%AF%E9%97%AE%E7%95%8C%E5%BD%92%E5%B1%9E%E5%8F%98%E5%8A%A8&Refer=index,,微博,微博热榜,hot,hotlist,,2026-09-19 01:17:06
46,中国男篮赛后被扣1分,,159923,https://s.weibo.com/weibo?q=%E4%B8%AD%E5%9B%BD%E7%94%B7%E7%AF%AE%E8%B5%9B%E5%90%8E%E8%A2%AB%E6%89%A31%E5%88%86&Refer=index,,微博,微博热榜,hot,hotlist,,2026-09-19 01:17:06
47,花少8 无聊,,159206,https://s.weibo.com/weibo?q=%E8%8A%B1%E5%B0%918%20%E6%97%A0%E8%81%8A&Refer=index,,微博,微博热榜,hot,hotlist,,2026-09-19 01:17:06
48,王楚钦孙颖莎单打签表,,158641,https://s.weibo.com/weibo?q=%E7%8E%8B%E6%A5%9A%E9%92%A6%E5%AD%99%E9%A2%96%E8%8E%8E%E5%8D%95%E6%89%93%E7%AD%BE%E8%A1%A8&Refer=index,,微博,微博热榜,hot,hotlist,,2026-09-19 01:17:06
49,亚运村邮轮 出海躲台风,,158318,https://s.weibo.com/weibo?q=%E4%BA%9A%E8%BF%90%E6%9D%91%E9%82%AE%E8%BD%AE%20%E5%87%BA%E6%B5%B7%E8%BA%B2%E5%8F%B0%E9%A3%8E&Refer=index,,微博,微博热榜,hot,hotlist,,2026-09-19 01:17:06
50,兰香如故数据倒挂,,157555,https://s.weibo.com/weibo?q=%E5%85%B0%E9%A6%99%E5%A6%82%E6%95%85%E6%95%B0%E6%8D%AE%E5%80%92%E6%8C%82&Refer=index,,微博,微博热榜,hot,hotlist,,2026-09-19 01:17:06
51,黄牛吐槽iPhone18Pro没人收,,157128,https://s.weibo.com/weibo?q=%E9%BB%84%E7%89%9B%E5%90%90%E6%A7%BDiPhone18Pro%E6%B2%A1%E4%BA%BA%E6%94%B6&Refer=index,,微博,微博热榜,hot,hotlist,,2026-09-19 01:17:06
52,沈鼓集团公告,,156458,https://s.weibo.com/weibo?q=%E6%B2%88%E9%BC%93%E9%9B%86%E5%9B%A2%E5%85%AC%E5%91%8A&Refer=index,,微博,微博热榜,hot,hotlist,,2026-09-19 01:17:06
1,中国的小偷为何断崖式下降,,283810,https://s.weibo.com/weibo?q=%E4%B8%AD%E5%9B%BD%E7%9A%84%E5%B0%8F%E5%81%B7%E4%B8%BA%E4%BD%95%E6%96%AD%E5%B4%96%E5%BC%8F%E4%B8%8B%E9%99%8D&Refer=index,,微博,微博热榜,hot,hotlist,,2026-09-19 02:24:55
2,菲船加速冲撞中国海警船现场视频,,166499,https://s.weibo.com/weibo?q=%E8%8F%B2%E8%88%B9%E5%8A%A0%E9%80%9F%E5%86%B2%E6%92%9E%E4%B8%AD%E5%9B%BD%E6%B5%B7%E8%AD%A6%E8%88%B9%E7%8E%B0%E5%9C%BA%E8%A7%86%E9%A2%91&Refer=index,,微博,微博热榜,hot,hotlist,,2026-09-19 02:24:55
3,斑驳旧物铭刻90多年前不屈抗争,,115986,https://s.weibo.com/weibo?q=%E6%96%91%E9%A9%B3%E6%97%A7%E7%89%A9%E9%93%AD%E5%88%BB90%E5%A4%9A%E5%B9%B4%E5%89%8D%E4%B8%8D%E5%B1%88%E6%8A%97%E4%BA%89&Refer=index,,微博,微博热榜,hot,hotlist,,2026-09-19 02:24:55
4,京东iPhone18Pro首批现货到手,,115973,https://s.weibo.com/weibo?q=%E4%BA%AC%E4%B8%9CiPhone18Pro%E9%A6%96%E6%89%B9%E7%8E%B0%E8%B4%A7%E5%88%B0%E6%89%8B&Refer=index,,微博,微博热榜,hot,hotlist,,2026-09-19 02:24:55
5,池昌旭林珍娜太拼了吧,,115961,https://s.weibo.com/weibo?q=%E6%B1%A0%E6%98%8C%E6%97%AD%E6%9E%97%E7%8F%8D%E5%A8%9C%E5%A4%AA%E6%8B%BC%E4%BA%86%E5%90%A7&Refer=index,,微博,微博热榜,hot,hotlist,,2026-09-19 02:24:55
6,韩国选手听到朝鲜国歌集体慌乱,,115938,https://s.weibo.com/weibo?q=%E9%9F%A9%E5%9B%BD%E9%80%89%E6%89%8B%E5%90%AC%E5%88%B0%E6%9C%9D%E9%B2%9C%E5%9B%BD%E6%AD%8C%E9%9B%86%E4%BD%93%E6%85%8C%E4%B9%B1&Refer=index,,微博,微博热榜,hot,hotlist,,2026-09-19 02:24:55
7,乒乓球赛事后勤保障争议,,115906,https://s.weibo.com/weibo?q=%E4%B9%92%E4%B9%93%E7%90%83%E8%B5%9B%E4%BA%8B%E5%90%8E%E5%8B%A4%E4%BF%9D%E9%9A%9C%E4%BA%89%E8%AE%AE&Refer=index,,微博,微博热榜,hot,hotlist,,2026-09-19 02:24:55
8,郑合惠子没有感情全是演技,,115156,https://s.weibo.com/weibo?q=%E9%83%91%E5%90%88%E6%83%A0%E5%AD%90%E6%B2%A1%E6%9C%89%E6%84%9F%E6%83%85%E5%85%A8%E6%98%AF%E6%BC%94%E6%8A%80&Refer=index,,微博,微博热榜,hot,hotlist,,2026-09-19 02:24:55
9,杨毅 中国男篮,,114481,https://s.weibo.com/weibo?q=%E6%9D%A8%E6%AF%85%20%E4%B8%AD%E5%9B%BD%E7%94%B7%E7%AF%AE&Refer=index,,微博,微博热榜,hot,hotlist,,2026-09-19 02:24:55
10,杨毅谈男篮不敌日本,,114468,https://s.weibo.com/weibo?q=%E6%9D%A8%E6%AF%85%E8%B0%88%E7%94%B7%E7%AF%AE%E4%B8%8D%E6%95%8C%E6%97%A5%E6%9C%AC&Refer=index,,微博,微博热榜,hot,hotlist,,2026-09-19 02:24:55
11,法考成绩,,114384,https://s.weibo.com/weibo?q=%E6%B3%95%E8%80%83%E6%88%90%E7%BB%A9&Refer=index,,微博,微博热榜,hot,hotlist,,2026-09-19 02:24:55
12,郭士强 下课,,114314,https://s.weibo.com/weibo?q=%E9%83%AD%E5%A3%AB%E5%BC%BA%20%E4%B8%8B%E8%AF%BE&Refer=index,,微博,微博热榜,hot,hotlist,,2026-09-19 02:24:55
13,本届亚运会混乱程度,,114200,https://s.weibo.com/weibo?q=%E6%9C%AC%E5%B1%8A%E4%BA%9A%E8%BF%90%E4%BC%9A%E6%B7%B7%E4%B9%B1%E7%A8%8B%E5%BA%A6&Refer=index,,微博,微博热榜,hot,hotlist,,2026-09-19 02:24:55
14,物业暴力阻拦业主回家,,114164,https://s.weibo.com/weibo?q=%E7%89%A9%E4%B8%9A%E6%9A%B4%E5%8A%9B%E9%98%BB%E6%8B%A6%E4%B8%9A%E4%B8%BB%E5%9B%9E%E5%AE%B6&Refer=index,,微博,微博热榜,hot,hotlist,,2026-09-19 02:24:55
15,人民网评罗永浩说野人先生难吃,,114065,https://s.weibo.com/weibo?q=%E4%BA%BA%E6%B0%91%E7%BD%91%E8%AF%84%E7%BD%97%E6%B0%B8%E6%B5%A9%E8%AF%B4%E9%87%8E%E4%BA%BA%E5%85%88%E7%94%9F%E9%9A%BE%E5%90%83&Refer=index,,微博,微博热榜,hot,hotlist,,2026-09-19 02:24:55
16,学医果然什么事都能遇到,,114015,https://s.weibo.com/weibo?q=%E5%AD%A6%E5%8C%BB%E6%9E%9C%E7%84%B6%E4%BB%80%E4%B9%88%E4%BA%8B%E9%83%BD%E8%83%BD%E9%81%87%E5%88%B0&Refer=index,,微博,微博热榜,hot,hotlist,,2026-09-19 02:24:55
17,贾国龙西贝焖面开业4个月倒闭了,,113893,https://s.weibo.com/weibo?q=%E8%B4%BE%E5%9B%BD%E9%BE%99%E8%A5%BF%E8%B4%9D%E7%84%96%E9%9D%A2%E5%BC%80%E4%B8%9A4%E4%B8%AA%E6%9C%88%E5%80%92%E9%97%AD%E4%BA%86&Refer=index,,微博,微博热榜,hot,hotlist,,2026-09-19 02:24:55
18,谭松韵收着演,,113815,https://s.weibo.com/weibo?q=%E8%B0%AD%E6%9D%BE%E9%9F%B5%E6%94%B6%E7%9D%80%E6%BC%94&Refer=index,,微博,微博热榜,hot,hotlist,,2026-09-19 02:24:55
19,吃芒果真的是一件很私密的事,,113796,https://s.weibo.com/weibo?q=%E5%90%83%E8%8A%92%E6%9E%9C%E7%9C%9F%E7%9A%84%E6%98%AF%E4%B8%80%E4%BB%B6%E5%BE%88%E7%A7%81%E5%AF%86%E7%9A%84%E4%BA%8B&Refer=index,,微博,微博热榜,hot,hotlist,,2026-09-19 02:24:55
20,兰香如故能否成为下一个知否,,113700,https://s.weibo.com/weibo?q=%E5%85%B0%E9%A6%99%E5%A6%82%E6%95%85%E8%83%BD%E5%90%A6%E6%88%90%E4%B8%BA%E4%B8%8B%E4%B8%80%E4%B8%AA%E7%9F%A5%E5%90%A6&Refer=index,,微博,微博热榜,hot,hotlist,,2026-09-19 02:24:55
21,美使馆918发帖日本网民破防,,113642,https://s.weibo.com/weibo?q=%E7%BE%8E%E4%BD%BF%E9%A6%86918%E5%8F%91%E5%B8%96%E6%97%A5%E6%9C%AC%E7%BD%91%E6%B0%91%E7%A0%B4%E9%98%B2&Refer=index,,微博,微博热榜,hot,hotlist,,2026-09-19 02:24:55
22,挑情丑闻,,113513,https://s.weibo.com/weibo?q=%E6%8C%91%E6%83%85%E4%B8%91%E9%97%BB&Refer=index,,微博,微博热榜,hot,hotlist,,2026-09-19 02:24:55
23,好清醒的顶级认知,,113427,https://s.weibo.com/weibo?q=%E5%A5%BD%E6%B8%85%E9%86%92%E7%9A%84%E9%A1%B6%E7%BA%A7%E8%AE%A4%E7%9F%A5&Refer=index,,微博,微博热榜,hot,hotlist,,2026-09-19 02:24:55
24,女子称失踪闺蜜托梦暗示尸骸位置,,113419,https://s.weibo.com/weibo?q=%E5%A5%B3%E5%AD%90%E7%A7%B0%E5%A4%B1%E8%B8%AA%E9%97%BA%E8%9C%9C%E6%89%98%E6%A2%A6%E6%9A%97%E7%A4%BA%E5%B0%B8%E9%AA%B8%E4%BD%8D%E7%BD%AE&Refer=index,,微博,微博热榜,hot,hotlist,,2026-09-19 02:24:55
25,女子吐槽吃魏家凉皮牛肉堡像喝油,,108737,https://s.weibo.com/weibo?q=%E5%A5%B3%E5%AD%90%E5%90%90%E6%A7%BD%E5%90%83%E9%AD%8F%E5%AE%B6%E5%87%89%E7%9A%AE%E7%89%9B%E8%82%89%E5%A0%A1%E5%83%8F%E5%96%9D%E6%B2%B9&Refer=index,,微博,微博热榜,hot,hotlist,,2026-09-19 02:24:55
26,iPhone17Pro和18Pro外观对比,,108503,https://s.weibo.com/weibo?q=iPhone17Pro%E5%92%8C18Pro%E5%A4%96%E8%A7%82%E5%AF%B9%E6%AF%94&Refer=index,,微博,微博热榜,hot,hotlist,,2026-09-19 02:24:55
27,愿意停下来的才是聪明人,,107399,https://s.weibo.com/weibo?q=%E6%84%BF%E6%84%8F%E5%81%9C%E4%B8%8B%E6%9D%A5%E7%9A%84%E6%89%8D%E6%98%AF%E8%81%AA%E6%98%8E%E4%BA%BA&Refer=index,,微博,微博热榜,hot,hotlist,,2026-09-19 02:24:55
28,原来这就叫感官过载啊,,106934,https://s.weibo.com/weibo?q=%E5%8E%9F%E6%9D%A5%E8%BF%99%E5%B0%B1%E5%8F%AB%E6%84%9F%E5%AE%98%E8%BF%87%E8%BD%BD%E5%95%8A&Refer=index,,微博,微博热榜,hot,hotlist,,2026-09-19 02:24:55
29,成年人的世界不再是为自己而活,,105862,https://s.weibo.com/weibo?q=%E6%88%90%E5%B9%B4%E4%BA%BA%E7%9A%84%E4%B8%96%E7%95%8C%E4%B8%8D%E5%86%8D%E6%98%AF%E4%B8%BA%E8%87%AA%E5%B7%B1%E8%80%8C%E6%B4%BB&Refer=index,,微博,微博热榜,hot,hotlist,,2026-09-19 02:24:55
30,池昌旭林珍娜吻戏,,105199,https://s.weibo.com/weibo?q=%E6%B1%A0%E6%98%8C%E6%97%AD%E6%9E%97%E7%8F%8D%E5%A8%9C%E5%90%BB%E6%88%8F&Refer=index,,微博,微博热榜,hot,hotlist,,2026-09-19 02:24:55
31,中国男篮vs日本男篮,,104226,https://s.weibo.com/weibo?q=%E4%B8%AD%E5%9B%BD%E7%94%B7%E7%AF%AEvs%E6%97%A5%E6%9C%AC%E7%94%B7%E7%AF%AE&Refer=index,,微博,微博热榜,hot,hotlist,,2026-09-19 02:24:55
32,法考,,103790,https://s.weibo.com/weibo?q=%E6%B3%95%E8%80%83&Refer=index,,微博,微博热榜,hot,hotlist,,2026-09-19 02:24:55
33,苹果17Pro和18Pro双胞胎,,103280,https://s.weibo.com/weibo?q=%E8%8B%B9%E6%9E%9C17Pro%E5%92%8C18Pro%E5%8F%8C%E8%83%9E%E8%83%8E&Refer=index,,微博,微博热榜,hot,hotlist,,2026-09-19 02:24:55
34,崔永熙回应输日本男篮,,102527,https://s.weibo.com/weibo?q=%E5%B4%94%E6%B0%B8%E7%86%99%E5%9B%9E%E5%BA%94%E8%BE%93%E6%97%A5%E6%9C%AC%E7%94%B7%E7%AF%AE&Refer=index,,微博,微博热榜,hot,hotlist,,2026-09-19 02:24:55
35,中国男篮回应不敌日本队,,101553,https://s.weibo.com/weibo?q=%E4%B8%AD%E5%9B%BD%E7%94%B7%E7%AF%AE%E5%9B%9E%E5%BA%94%E4%B8%8D%E6%95%8C%E6%97%A5%E6%9C%AC%E9%98%9F&Refer=index,,微博,微博热榜,hot,hotlist,,2026-09-19 02:24:55
36,郑合惠子演技好牛,,101248,https://s.weibo.com/weibo?q=%E9%83%91%E5%90%88%E6%83%A0%E5%AD%90%E6%BC%94%E6%8A%80%E5%A5%BD%E7%89%9B&Refer=index,,微博,微博热榜,hot,hotlist,,2026-09-19 02:24:55
37,WE全员回应无缘S16,,99741,https://s.weibo.com/weibo?q=WE%E5%85%A8%E5%91%98%E5%9B%9E%E5%BA%94%E6%97%A0%E7%BC%98S16&Refer=index,,微博,微博热榜,hot,hotlist,,2026-09-19 02:24:55
38,王楚钦孙颖莎单打签表,,99047,https://s.weibo.com/weibo?q=%E7%8E%8B%E6%A5%9A%E9%92%A6%E5%AD%99%E9%A2%96%E8%8E%8E%E5%8D%95%E6%89%93%E7%AD%BE%E8%A1%A8&Refer=index,,微博,微博热榜,hot,hotlist,,2026-09-19 02:24:55
39,亲子鉴定 医保,,98367,https://s.weibo.com/weibo?q=%E4%BA%B2%E5%AD%90%E9%89%B4%E5%AE%9A%20%E5%8C%BB%E4%BF%9D&Refer=index,,微博,微博热榜,hot,hotlist,,2026-09-19 02:24:55
40,亚运村邮轮 出海躲台风,,97825,https://s.weibo.com/weibo?q=%E4%BA%9A%E8%BF%90%E6%9D%91%E9%82%AE%E8%BD%AE%20%E5%87%BA%E6%B5%B7%E8%BA%B2%E5%8F%B0%E9%A3%8E&Refer=index,,微博,微博热榜,hot,hotlist,,2026-09-19 02:24:55
41,兰香如故数据倒挂,,96943,https://s.weibo.com/weibo?q=%E5%85%B0%E9%A6%99%E5%A6%82%E6%95%85%E6%95%B0%E6%8D%AE%E5%80%92%E6%8C%82&Refer=index,,微博,微博热榜,hot,hotlist,,2026-09-19 02:24:55
42,日本男篮仅2人入选世预赛名单,,96155,https://s.weibo.com/weibo?q=%E6%97%A5%E6%9C%AC%E7%94%B7%E7%AF%AE%E4%BB%852%E4%BA%BA%E5%85%A5%E9%80%89%E4%B8%96%E9%A2%84%E8%B5%9B%E5%90%8D%E5%8D%95&Refer=index,,微博,微博热榜,hot,hotlist,,2026-09-19 02:24:55
43,联合早报,,95496,https://s.weibo.com/weibo?q=%E8%81%94%E5%90%88%E6%97%A9%E6%8A%A5&Refer=index,,微博,微博热榜,hot,hotlist,,2026-09-19 02:24:55
44,杜翠雀活到了最后,,94732,https://s.weibo.com/weibo?q=%E6%9D%9C%E7%BF%A0%E9%9B%80%E6%B4%BB%E5%88%B0%E4%BA%86%E6%9C%80%E5%90%8E&Refer=index,,微博,微博热榜,hot,hotlist,,2026-09-19 02:24:55
45,媒体评中国男篮输20分,,93793,https://s.weibo.com/weibo?q=%E5%AA%92%E4%BD%93%E8%AF%84%E4%B8%AD%E5%9B%BD%E7%94%B7%E7%AF%AE%E8%BE%9320%E5%88%86&Refer=index,,微博,微博热榜,hot,hotlist,,2026-09-19 02:24:55
46,为什么结婚了才叫稳定下来,,93142,https://s.weibo.com/weibo?q=%E4%B8%BA%E4%BB%80%E4%B9%88%E7%BB%93%E5%A9%9A%E4%BA%86%E6%89%8D%E5%8F%AB%E7%A8%B3%E5%AE%9A%E4%B8%8B%E6%9D%A5&Refer=index,,微博,微博热榜,hot,hotlist,,2026-09-19 02:24:55
47,沈鼓集团公告,,91802,https://s.weibo.com/weibo?q=%E6%B2%88%E9%BC%93%E9%9B%86%E5%9B%A2%E5%85%AC%E5%91%8A&Refer=index,,微博,微博热榜,hot,hotlist,,2026-09-19 02:24:55
48,花少8 无聊,,91501,https://s.weibo.com/weibo?q=%E8%8A%B1%E5%B0%918%20%E6%97%A0%E8%81%8A&Refer=index,,微博,微博热榜,hot,hotlist,,2026-09-19 02:24:55
49,乔尔杰维奇 郭士强,,90649,https://s.weibo.com/weibo?q=%E4%B9%94%E5%B0%94%E6%9D%B0%E7%BB%B4%E5%A5%87%20%E9%83%AD%E5%A3%AB%E5%BC%BA&Refer=index,,微博,微博热榜,hot,hotlist,,2026-09-19 02:24:55
50,警方回应女子被情人杀害失踪7年,,89576,https://s.weibo.com/weibo?q=%E8%AD%A6%E6%96%B9%E5%9B%9E%E5%BA%94%E5%A5%B3%E5%AD%90%E8%A2%AB%E6%83%85%E4%BA%BA%E6%9D%80%E5%AE%B3%E5%A4%B1%E8%B8%AA7%E5%B9%B4&Refer=index,,微博,微博热榜,hot,hotlist,,2026-09-19 02:24:55
51,中国男篮主教练回应,,89094,https://s.weibo.com/weibo?q=%E4%B8%AD%E5%9B%BD%E7%94%B7%E7%AF%AE%E4%B8%BB%E6%95%99%E7%BB%83%E5%9B%9E%E5%BA%94&Refer=index,,微博,微博热榜,hot,hotlist,,2026-09-19 02:24:55
1,中国的小偷为何断崖式下降,,167333,https://s.weibo.com/weibo?q=%E4%B8%AD%E5%9B%BD%E7%9A%84%E5%B0%8F%E5%81%B7%E4%B8%BA%E4%BD%95%E6%96%AD%E5%B4%96%E5%BC%8F%E4%B8%8B%E9%99%8D&Refer=index,,微博,微博热榜,hot,hotlist,,2026-09-19 03:17:31
2,菲船加速冲撞中国海警船现场视频,,88618,https://s.weibo.com/weibo?q=%E8%8F%B2%E8%88%B9%E5%8A%A0%E9%80%9F%E5%86%B2%E6%92%9E%E4%B8%AD%E5%9B%BD%E6%B5%B7%E8%AD%A6%E8%88%B9%E7%8E%B0%E5%9C%BA%E8%A7%86%E9%A2%91&Refer=index,,微博,微博热榜,hot,hotlist,,2026-09-19 03:17:31
3,斑驳旧物铭刻90多年前不屈抗争,,86948,https://s.weibo.com/weibo?q=%E6%96%91%E9%A9%B3%E6%97%A7%E7%89%A9%E9%93%AD%E5%88%BB90%E5%A4%9A%E5%B9%B4%E5%89%8D%E4%B8%8D%E5%B1%88%E6%8A%97%E4%BA%89&Refer=index,,微博,微博热榜,hot,hotlist,,2026-09-19 03:17:31
4,池昌旭林珍娜太拼了吧,,86568,https://s.weibo.com/weibo?q=%E6%B1%A0%E6%98%8C%E6%97%AD%E6%9E%97%E7%8F%8D%E5%A8%9C%E5%A4%AA%E6%8B%BC%E4%BA%86%E5%90%A7&Refer=index,,微博,微博热榜,hot,hotlist,,2026-09-19 03:17:31
5,韩国选手听到朝鲜国歌集体慌乱,,86385,https://s.weibo.com/weibo?q=%E9%9F%A9%E5%9B%BD%E9%80%89%E6%89%8B%E5%90%AC%E5%88%B0%E6%9C%9D%E9%B2%9C%E5%9B%BD%E6%AD%8C%E9%9B%86%E4%BD%93%E6%85%8C%E4%B9%B1&Refer=index,,微博,微博热榜,hot,hotlist,,2026-09-19 03:17:31
6,杨毅 中国男篮,,85761,https://s.weibo.com/weibo?q=%E6%9D%A8%E6%AF%85%20%E4%B8%AD%E5%9B%BD%E7%94%B7%E7%AF%AE&Refer=index,,微博,微博热榜,hot,hotlist,,2026-09-19 03:17:31
7,今日辟谣,,76541,https://s.weibo.com/weibo?q=%E4%BB%8A%E6%97%A5%E8%BE%9F%E8%B0%A3&Refer=index,,微博,微博热榜,hot,hotlist,,2026-09-19 03:17:31
8,乒乓球赛事后勤保障争议,,75040,https://s.weibo.com/weibo?q=%E4%B9%92%E4%B9%93%E7%90%83%E8%B5%9B%E4%BA%8B%E5%90%8E%E5%8B%A4%E4%BF%9D%E9%9A%9C%E4%BA%89%E8%AE%AE&Refer=index,,微博,微博热榜,hot,hotlist,,2026-09-19 03:17:31
9,郑合惠子没有感情全是演技,,68925,https://s.weibo.com/weibo?q=%E9%83%91%E5%90%88%E6%83%A0%E5%AD%90%E6%B2%A1%E6%9C%89%E6%84%9F%E6%83%85%E5%85%A8%E6%98%AF%E6%BC%94%E6%8A%80&Refer=index,,微博,微博热榜,hot,hotlist,,2026-09-19 03:17:31
10,吃芒果真的是一件很私密的事,,57138,https://s.weibo.com/weibo?q=%E5%90%83%E8%8A%92%E6%9E%9C%E7%9C%9F%E7%9A%84%E6%98%AF%E4%B8%80%E4%BB%B6%E5%BE%88%E7%A7%81%E5%AF%86%E7%9A%84%E4%BA%8B&Refer=index,,微博,微博热榜,hot,hotlist,,2026-09-19 03:17:31
11,学医果然什么事都能遇到,,52564,https://s.weibo.com/weibo?q=%E5%AD%A6%E5%8C%BB%E6%9E%9C%E7%84%B6%E4%BB%80%E4%B9%88%E4%BA%8B%E9%83%BD%E8%83%BD%E9%81%87%E5%88%B0&Refer=index,,微博,微博热榜,hot,hotlist,,2026-09-19 03:17:31
12,郭士强 下课,,52479,https://s.weibo.com/weibo?q=%E9%83%AD%E5%A3%AB%E5%BC%BA%20%E4%B8%8B%E8%AF%BE&Refer=index,,微博,微博热榜,hot,hotlist,,2026-09-19 03:17:31
13,本届亚运会混乱程度,,52353,https://s.weibo.com/weibo?q=%E6%9C%AC%E5%B1%8A%E4%BA%9A%E8%BF%90%E4%BC%9A%E6%B7%B7%E4%B9%B1%E7%A8%8B%E5%BA%A6&Refer=index,,微博,微博热榜,hot,hotlist,,2026-09-19 03:17:31
14,中国男篮回应不敌日本队,,52182,https://s.weibo.com/weibo?q=%E4%B8%AD%E5%9B%BD%E7%94%B7%E7%AF%AE%E5%9B%9E%E5%BA%94%E4%B8%8D%E6%95%8C%E6%97%A5%E6%9C%AC%E9%98%9F&Refer=index,,微博,微博热榜,hot,hotlist,,2026-09-19 03:17:31
15,物业暴力阻拦业主回家,,52052,https://s.weibo.com/weibo?q=%E7%89%A9%E4%B8%9A%E6%9A%B4%E5%8A%9B%E9%98%BB%E6%8B%A6%E4%B8%9A%E4%B8%BB%E5%9B%9E%E5%AE%B6&Refer=index,,微博,微博热榜,hot,hotlist,,2026-09-19 03:17:31
16,法考成绩,,52013,https://s.weibo.com/weibo?q=%E6%B3%95%E8%80%83%E6%88%90%E7%BB%A9&Refer=index,,微博,微博热榜,hot,hotlist,,2026-09-19 03:17:31
17,人民网评罗永浩说野人先生难吃,,52010,https://s.weibo.com/weibo?q=%E4%BA%BA%E6%B0%91%E7%BD%91%E8%AF%84%E7%BD%97%E6%B0%B8%E6%B5%A9%E8%AF%B4%E9%87%8E%E4%BA%BA%E5%85%88%E7%94%9F%E9%9A%BE%E5%90%83&Refer=index,,微博,微博热榜,hot,hotlist,,2026-09-19 03:17:31
18,中国男篮vs日本男篮,,52008,https://s.weibo.com/weibo?q=%E4%B8%AD%E5%9B%BD%E7%94%B7%E7%AF%AEvs%E6%97%A5%E6%9C%AC%E7%94%B7%E7%AF%AE&Refer=index,,微博,微博热榜,hot,hotlist,,2026-09-19 03:17:31
19,贾国龙西贝焖面开业4个月倒闭了,,52003,https://s.weibo.com/weibo?q=%E8%B4%BE%E5%9B%BD%E9%BE%99%E8%A5%BF%E8%B4%9D%E7%84%96%E9%9D%A2%E5%BC%80%E4%B8%9A4%E4%B8%AA%E6%9C%88%E5%80%92%E9%97%AD%E4%BA%86&Refer=index,,微博,微博热榜,hot,hotlist,,2026-09-19 03:17:31
20,谭松韵收着演,,51999,https://s.weibo.com/weibo?q=%E8%B0%AD%E6%9D%BE%E9%9F%B5%E6%94%B6%E7%9D%80%E6%BC%94&Refer=index,,微博,微博热榜,hot,hotlist,,2026-09-19 03:17:31
21,杨毅谈男篮不敌日本,,51995,https://s.weibo.com/weibo?q=%E6%9D%A8%E6%AF%85%E8%B0%88%E7%94%B7%E7%AF%AE%E4%B8%8D%E6%95%8C%E6%97%A5%E6%9C%AC&Refer=index,,微博,微博热榜,hot,hotlist,,2026-09-19 03:17:31
22,挑情丑闻,,51991,https://s.weibo.com/weibo?q=%E6%8C%91%E6%83%85%E4%B8%91%E9%97%BB&Refer=index,,微博,微博热榜,hot,hotlist,,2026-09-19 03:17:31
23,女子称失踪闺蜜托梦暗示尸骸位置,,51990,https://s.weibo.com/weibo?q=%E5%A5%B3%E5%AD%90%E7%A7%B0%E5%A4%B1%E8%B8%AA%E9%97%BA%E8%9C%9C%E6%89%98%E6%A2%A6%E6%9A%97%E7%A4%BA%E5%B0%B8%E9%AA%B8%E4%BD%8D%E7%BD%AE&Refer=index,,微博,微博热榜,hot,hotlist,,2026-09-19 03:17:31
24,好清醒的顶级认知,,51987,https://s.weibo.com/weibo?q=%E5%A5%BD%E6%B8%85%E9%86%92%E7%9A%84%E9%A1%B6%E7%BA%A7%E8%AE%A4%E7%9F%A5&Refer=index,,微博,微博热榜,hot,hotlist,,2026-09-19 03:17:31
25,女子吐槽吃魏家凉皮牛肉堡像喝油,,51981,https://s.weibo.com/weibo?q=%E5%A5%B3%E5%AD%90%E5%90%90%E6%A7%BD%E5%90%83%E9%AD%8F%E5%AE%B6%E5%87%89%E7%9A%AE%E7%89%9B%E8%82%89%E5%A0%A1%E5%83%8F%E5%96%9D%E6%B2%B9&Refer=index,,微博,微博热榜,hot,hotlist,,2026-09-19 03:17:31
26,成年人的世界不再是为自己而活,,51978,https://s.weibo.com/weibo?q=%E6%88%90%E5%B9%B4%E4%BA%BA%E7%9A%84%E4%B8%96%E7%95%8C%E4%B8%8D%E5%86%8D%E6%98%AF%E4%B8%BA%E8%87%AA%E5%B7%B1%E8%80%8C%E6%B4%BB&Refer=index,,微博,微博热榜,hot,hotlist,,2026-09-19 03:17:31
27,愿意停下来的才是聪明人,,51977,https://s.weibo.com/weibo?q=%E6%84%BF%E6%84%8F%E5%81%9C%E4%B8%8B%E6%9D%A5%E7%9A%84%E6%89%8D%E6%98%AF%E8%81%AA%E6%98%8E%E4%BA%BA&Refer=index,,微博,微博热榜,hot,hotlist,,2026-09-19 03:17:31
28,原来这就叫感官过载啊,,49183,https://s.weibo.com/weibo?q=%E5%8E%9F%E6%9D%A5%E8%BF%99%E5%B0%B1%E5%8F%AB%E6%84%9F%E5%AE%98%E8%BF%87%E8%BD%BD%E5%95%8A&Refer=index,,微博,微博热榜,hot,hotlist,,2026-09-19 03:17:31
29,iPhone17Pro和18Pro外观对比,,48742,https://s.weibo.com/weibo?q=iPhone17Pro%E5%92%8C18Pro%E5%A4%96%E8%A7%82%E5%AF%B9%E6%AF%94&Refer=index,,微博,微博热榜,hot,hotlist,,2026-09-19 03:17:31
30,第一次直观感受到低碳脸的杀伤力,,43238,https://s.weibo.com/weibo?q=%E7%AC%AC%E4%B8%80%E6%AC%A1%E7%9B%B4%E8%A7%82%E6%84%9F%E5%8F%97%E5%88%B0%E4%BD%8E%E7%A2%B3%E8%84%B8%E7%9A%84%E6%9D%80%E4%BC%A4%E5%8A%9B&Refer=index,,微博,微博热榜,hot,hotlist,,2026-09-19 03:17:31
31,池昌旭林珍娜吻戏,,41855,https://s.weibo.com/weibo?q=%E6%B1%A0%E6%98%8C%E6%97%AD%E6%9E%97%E7%8F%8D%E5%A8%9C%E5%90%BB%E6%88%8F&Refer=index,,微博,微博热榜,hot,hotlist,,2026-09-19 03:17:31
32,梅毒越来越困扰年轻人,,40064,https://s.weibo.com/weibo?q=%E6%A2%85%E6%AF%92%E8%B6%8A%E6%9D%A5%E8%B6%8A%E5%9B%B0%E6%89%B0%E5%B9%B4%E8%BD%BB%E4%BA%BA&Refer=index,,微博,微博热榜,hot,hotlist,,2026-09-19 03:17:31
33,法考,,38796,https://s.weibo.com/weibo?q=%E6%B3%95%E8%80%83&Refer=index,,微博,微博热榜,hot,hotlist,,2026-09-19 03:17:31
34,苹果17Pro和18Pro双胞胎,,36474,https://s.weibo.com/weibo?q=%E8%8B%B9%E6%9E%9C17Pro%E5%92%8C18Pro%E5%8F%8C%E8%83%9E%E8%83%8E&Refer=index,,微博,微博热榜,hot,hotlist,,2026-09-19 03:17:31
35,兰香如故数据倒挂,,35871,https://s.weibo.com/weibo?q=%E5%85%B0%E9%A6%99%E5%A6%82%E6%95%85%E6%95%B0%E6%8D%AE%E5%80%92%E6%8C%82&Refer=index,,微博,微博热榜,hot,hotlist,,2026-09-19 03:17:31
36,亲子鉴定 医保,,34965,https://s.weibo.com/weibo?q=%E4%BA%B2%E5%AD%90%E9%89%B4%E5%AE%9A%20%E5%8C%BB%E4%BF%9D&Refer=index,,微博,微博热榜,hot,hotlist,,2026-09-19 03:17:31
37,兰香如故能否成为下一个知否,,34292,https://s.weibo.com/weibo?q=%E5%85%B0%E9%A6%99%E5%A6%82%E6%95%85%E8%83%BD%E5%90%A6%E6%88%90%E4%B8%BA%E4%B8%8B%E4%B8%80%E4%B8%AA%E7%9F%A5%E5%90%A6&Refer=index,,微博,微博热榜,hot,hotlist,,2026-09-19 03:17:31
38,美使馆918发帖日本网民破防,,33556,https://s.weibo.com/weibo?q=%E7%BE%8E%E4%BD%BF%E9%A6%86918%E5%8F%91%E5%B8%96%E6%97%A5%E6%9C%AC%E7%BD%91%E6%B0%91%E7%A0%B4%E9%98%B2&Refer=index,,微博,微博热榜,hot,hotlist,,2026-09-19 03:17:31
39,为什么结婚了才叫稳定下来,,32750,https://s.weibo.com/weibo?q=%E4%B8%BA%E4%BB%80%E4%B9%88%E7%BB%93%E5%A9%9A%E4%BA%86%E6%89%8D%E5%8F%AB%E7%A8%B3%E5%AE%9A%E4%B8%8B%E6%9D%A5&Refer=index,,微博,微博热榜,hot,hotlist,,2026-09-19 03:17:31
40,有人总把最伤人的一面留给最亲近的人,,32739,https://s.weibo.com/weibo?q=%E6%9C%89%E4%BA%BA%E6%80%BB%E6%8A%8A%E6%9C%80%E4%BC%A4%E4%BA%BA%E7%9A%84%E4%B8%80%E9%9D%A2%E7%95%99%E7%BB%99%E6%9C%80%E4%BA%B2%E8%BF%91%E7%9A%84%E4%BA%BA&Refer=index,,微博,微博热榜,hot,hotlist,,2026-09-19 03:17:31
41,崔永熙回应输日本男篮,,30850,https://s.weibo.com/weibo?q=%E5%B4%94%E6%B0%B8%E7%86%99%E5%9B%9E%E5%BA%94%E8%BE%93%E6%97%A5%E6%9C%AC%E7%94%B7%E7%AF%AE&Refer=index,,微博,微博热榜,hot,hotlist,,2026-09-19 03:17:31
42,亚运村邮轮 出海躲台风,,30242,https://s.weibo.com/weibo?q=%E4%BA%9A%E8%BF%90%E6%9D%91%E9%82%AE%E8%BD%AE%20%E5%87%BA%E6%B5%B7%E8%BA%B2%E5%8F%B0%E9%A3%8E&Refer=index,,微博,微博热榜,hot,hotlist,,2026-09-19 03:17:31
43,联合早报,,30092,https://s.weibo.com/weibo?q=%E8%81%94%E5%90%88%E6%97%A9%E6%8A%A5&Refer=index,,微博,微博热榜,hot,hotlist,,2026-09-19 03:17:31
44,WE全员回应无缘S16,,30053,https://s.weibo.com/weibo?q=WE%E5%85%A8%E5%91%98%E5%9B%9E%E5%BA%94%E6%97%A0%E7%BC%98S16&Refer=index,,微博,微博热榜,hot,hotlist,,2026-09-19 03:17:31
45,沈鼓集团公告,,29937,https://s.weibo.com/weibo?q=%E6%B2%88%E9%BC%93%E9%9B%86%E5%9B%A2%E5%85%AC%E5%91%8A&Refer=index,,微博,微博热榜,hot,hotlist,,2026-09-19 03:17:31
46,王楚钦孙颖莎单打签表,,29915,https://s.weibo.com/weibo?q=%E7%8E%8B%E6%A5%9A%E9%92%A6%E5%AD%99%E9%A2%96%E8%8E%8E%E5%8D%95%E6%89%93%E7%AD%BE%E8%A1%A8&Refer=index,,微博,微博热榜,hot,hotlist,,2026-09-19 03:17:31
47,郑合惠子演技好牛,,29278,https://s.weibo.com/weibo?q=%E9%83%91%E5%90%88%E6%83%A0%E5%AD%90%E6%BC%94%E6%8A%80%E5%A5%BD%E7%89%9B&Refer=index,,微博,微博热榜,hot,hotlist,,2026-09-19 03:17:31
48,警方回应女子被情人杀害失踪7年,,29278,https://s.weibo.com/weibo?q=%E8%AD%A6%E6%96%B9%E5%9B%9E%E5%BA%94%E5%A5%B3%E5%AD%90%E8%A2%AB%E6%83%85%E4%BA%BA%E6%9D%80%E5%AE%B3%E5%A4%B1%E8%B8%AA7%E5%B9%B4&Refer=index,,微博,微博热榜,hot,hotlist,,2026-09-19 03:17:31
49,乔尔杰维奇 郭士强,,29277,https://s.weibo.com/weibo?q=%E4%B9%94%E5%B0%94%E6%9D%B0%E7%BB%B4%E5%A5%87%20%E9%83%AD%E5%A3%AB%E5%BC%BA&Refer=index,,微博,微博热榜,hot,hotlist,,2026-09-19 03:17:31
50,中国男篮赛后被扣1分,,29276,https://s.weibo.com/weibo?q=%E4%B8%AD%E5%9B%BD%E7%94%B7%E7%AF%AE%E8%B5%9B%E5%90%8E%E8%A2%AB%E6%89%A31%E5%88%86&Refer=index,,微博,微博热榜,hot,hotlist,,2026-09-19 03:17:31
51,中国男篮防守问题,,29275,https://s.weibo.com/weibo?q=%E4%B8%AD%E5%9B%BD%E7%94%B7%E7%AF%AE%E9%98%B2%E5%AE%88%E9%97%AE%E9%A2%98&Refer=index,,微博,微博热榜,hot,hotlist,,2026-09-19 03:17:31
1,乒乓球赛事后勤保障争议,,95222,https://s.weibo.com/weibo?q=%E4%B9%92%E4%B9%93%E7%90%83%E8%B5%9B%E4%BA%8B%E5%90%8E%E5%8B%A4%E4%BF%9D%E9%9A%9C%E4%BA%89%E8%AE%AE&Refer=index,,微博,微博热榜,hot,hotlist,,2026-09-19 04:20:32
2,菲船加速冲撞中国海警船现场视频,,66545,https://s.weibo.com/weibo?q=%E8%8F%B2%E8%88%B9%E5%8A%A0%E9%80%9F%E5%86%B2%E6%92%9E%E4%B8%AD%E5%9B%BD%E6%B5%B7%E8%AD%A6%E8%88%B9%E7%8E%B0%E5%9C%BA%E8%A7%86%E9%A2%91&Refer=index,,微博,微博热榜,hot,hotlist,,2026-09-19 04:20:32
3,斑驳旧物铭刻90多年前不屈抗争,,60634,https://s.weibo.com/weibo?q=%E6%96%91%E9%A9%B3%E6%97%A7%E7%89%A9%E9%93%AD%E5%88%BB90%E5%A4%9A%E5%B9%B4%E5%89%8D%E4%B8%8D%E5%B1%88%E6%8A%97%E4%BA%89&Refer=index,,微博,微博热榜,hot,hotlist,,2026-09-19 04:20:32
4,韩国选手听到朝鲜国歌集体慌乱,,60539,https://s.weibo.com/weibo?q=%E9%9F%A9%E5%9B%BD%E9%80%89%E6%89%8B%E5%90%AC%E5%88%B0%E6%9C%9D%E9%B2%9C%E5%9B%BD%E6%AD%8C%E9%9B%86%E4%BD%93%E6%85%8C%E4%B9%B1&Refer=index,,微博,微博热榜,hot,hotlist,,2026-09-19 04:20:32
5,池昌旭林珍娜太拼了吧,,60084,https://s.weibo.com/weibo?q=%E6%B1%A0%E6%98%8C%E6%97%AD%E6%9E%97%E7%8F%8D%E5%A8%9C%E5%A4%AA%E6%8B%BC%E4%BA%86%E5%90%A7&Refer=index,,微博,微博热榜,hot,hotlist,,2026-09-19 04:20:32
6,中国男篮回应不敌日本队,,58696,https://s.weibo.com/weibo?q=%E4%B8%AD%E5%9B%BD%E7%94%B7%E7%AF%AE%E5%9B%9E%E5%BA%94%E4%B8%8D%E6%95%8C%E6%97%A5%E6%9C%AC%E9%98%9F&Refer=index,,微博,微博热榜,hot,hotlist,,2026-09-19 04:20:32
7,今日辟谣,,53940,https://s.weibo.com/weibo?q=%E4%BB%8A%E6%97%A5%E8%BE%9F%E8%B0%A3&Refer=index,,微博,微博热榜,hot,hotlist,,2026-09-19 04:20:32
8,郑合惠子没有感情全是演技,,53165,https://s.weibo.com/weibo?q=%E9%83%91%E5%90%88%E6%83%A0%E5%AD%90%E6%B2%A1%E6%9C%89%E6%84%9F%E6%83%85%E5%85%A8%E6%98%AF%E6%BC%94%E6%8A%80&Refer=index,,微博,微博热榜,hot,hotlist,,2026-09-19 04:20:32
9,学医果然什么事都能遇到,,53061,https://s.weibo.com/weibo?q=%E5%AD%A6%E5%8C%BB%E6%9E%9C%E7%84%B6%E4%BB%80%E4%B9%88%E4%BA%8B%E9%83%BD%E8%83%BD%E9%81%87%E5%88%B0&Refer=index,,微博,微博热榜,hot,hotlist,,2026-09-19 04:20:32
10,法考成绩,,52724,https://s.weibo.com/weibo?q=%E6%B3%95%E8%80%83%E6%88%90%E7%BB%A9&Refer=index,,微博,微博热榜,hot,hotlist,,2026-09-19 04:20:32
11,有人总把最伤人的一面留给最亲近的人,,52399,https://s.weibo.com/weibo?q=%E6%9C%89%E4%BA%BA%E6%80%BB%E6%8A%8A%E6%9C%80%E4%BC%A4%E4%BA%BA%E7%9A%84%E4%B8%80%E9%9D%A2%E7%95%99%E7%BB%99%E6%9C%80%E4%BA%B2%E8%BF%91%E7%9A%84%E4%BA%BA&Refer=index,,微博,微博热榜,hot,hotlist,,2026-09-19 04:20:32
12,中国的小偷为何断崖式下降,,52276,https://s.weibo.com/weibo?q=%E4%B8%AD%E5%9B%BD%E7%9A%84%E5%B0%8F%E5%81%B7%E4%B8%BA%E4%BD%95%E6%96%AD%E5%B4%96%E5%BC%8F%E4%B8%8B%E9%99%8D&Refer=index,,微博,微博热榜,hot,hotlist,,2026-09-19 04:20:32
13,郭士强 下课,,51810,https://s.weibo.com/weibo?q=%E9%83%AD%E5%A3%AB%E5%BC%BA%20%E4%B8%8B%E8%AF%BE&Refer=index,,微博,微博热榜,hot,hotlist,,2026-09-19 04:20:32
14,本届亚运会混乱程度,,51570,https://s.weibo.com/weibo?q=%E6%9C%AC%E5%B1%8A%E4%BA%9A%E8%BF%90%E4%BC%9A%E6%B7%B7%E4%B9%B1%E7%A8%8B%E5%BA%A6&Refer=index,,微博,微博热榜,hot,hotlist,,2026-09-19 04:20:32
15,物业暴力阻拦业主回家,,51424,https://s.weibo.com/weibo?q=%E7%89%A9%E4%B8%9A%E6%9A%B4%E5%8A%9B%E9%98%BB%E6%8B%A6%E4%B8%9A%E4%B8%BB%E5%9B%9E%E5%AE%B6&Refer=index,,微博,微博热榜,hot,hotlist,,2026-09-19 04:20:32
16,人民网评罗永浩说野人先生难吃,,51391,https://s.weibo.com/weibo?q=%E4%BA%BA%E6%B0%91%E7%BD%91%E8%AF%84%E7%BD%97%E6%B0%B8%E6%B5%A9%E8%AF%B4%E9%87%8E%E4%BA%BA%E5%85%88%E7%94%9F%E9%9A%BE%E5%90%83&Refer=index,,微博,微博热榜,hot,hotlist,,2026-09-19 04:20:32
17,杨毅 中国男篮,,51262,https://s.weibo.com/weibo?q=%E6%9D%A8%E6%AF%85%20%E4%B8%AD%E5%9B%BD%E7%94%B7%E7%AF%AE&Refer=index,,微博,微博热榜,hot,hotlist,,2026-09-19 04:20:32
18,崔永熙回应输日本男篮,,51139,https://s.weibo.com/weibo?q=%E5%B4%94%E6%B0%B8%E7%86%99%E5%9B%9E%E5%BA%94%E8%BE%93%E6%97%A5%E6%9C%AC%E7%94%B7%E7%AF%AE&Refer=index,,微博,微博热榜,hot,hotlist,,2026-09-19 04:20:32
19,沈鼓集团公告,,51055,https://s.weibo.com/weibo?q=%E6%B2%88%E9%BC%93%E9%9B%86%E5%9B%A2%E5%85%AC%E5%91%8A&Refer=index,,微博,微博热榜,hot,hotlist,,2026-09-19 04:20:32
20,中国男篮防守问题,,50931,https://s.weibo.com/weibo?q=%E4%B8%AD%E5%9B%BD%E7%94%B7%E7%AF%AE%E9%98%B2%E5%AE%88%E9%97%AE%E9%A2%98&Refer=index,,微博,微博热榜,hot,hotlist,,2026-09-19 04:20:32
21,中国男篮赛后被扣1分,,50877,https://s.weibo.com/weibo?q=%E4%B8%AD%E5%9B%BD%E7%94%B7%E7%AF%AE%E8%B5%9B%E5%90%8E%E8%A2%AB%E6%89%A31%E5%88%86&Refer=index,,微博,微博热榜,hot,hotlist,,2026-09-19 04:20:32
22,挑情丑闻,,50716,https://s.weibo.com/weibo?q=%E6%8C%91%E6%83%85%E4%B8%91%E9%97%BB&Refer=index,,微博,微博热榜,hot,hotlist,,2026-09-19 04:20:32
23,好清醒的顶级认知,,50635,https://s.weibo.com/weibo?q=%E5%A5%BD%E6%B8%85%E9%86%92%E7%9A%84%E9%A1%B6%E7%BA%A7%E8%AE%A4%E7%9F%A5&Refer=index,,微博,微博热榜,hot,hotlist,,2026-09-19 04:20:32
24,第一次直观感受到低碳脸的杀伤力,,50584,https://s.weibo.com/weibo?q=%E7%AC%AC%E4%B8%80%E6%AC%A1%E7%9B%B4%E8%A7%82%E6%84%9F%E5%8F%97%E5%88%B0%E4%BD%8E%E7%A2%B3%E8%84%B8%E7%9A%84%E6%9D%80%E4%BC%A4%E5%8A%9B&Refer=index,,微博,微博热榜,hot,hotlist,,2026-09-19 04:20:32
25,女子称失踪闺蜜托梦暗示尸骸位置,,50567,https://s.weibo.com/weibo?q=%E5%A5%B3%E5%AD%90%E7%A7%B0%E5%A4%B1%E8%B8%AA%E9%97%BA%E8%9C%9C%E6%89%98%E6%A2%A6%E6%9A%97%E7%A4%BA%E5%B0%B8%E9%AA%B8%E4%BD%8D%E7%BD%AE&Refer=index,,微博,微博热榜,hot,hotlist,,2026-09-19 04:20:32
26,女子吐槽吃魏家凉皮牛肉堡像喝油,,50555,https://s.weibo.com/weibo?q=%E5%A5%B3%E5%AD%90%E5%90%90%E6%A7%BD%E5%90%83%E9%AD%8F%E5%AE%B6%E5%87%89%E7%9A%AE%E7%89%9B%E8%82%89%E5%A0%A1%E5%83%8F%E5%96%9D%E6%B2%B9&Refer=index,,微博,微博热榜,hot,hotlist,,2026-09-19 04:20:32
27,乔尔杰维奇 郭士强,,50532,https://s.weibo.com/weibo?q=%E4%B9%94%E5%B0%94%E6%9D%B0%E7%BB%B4%E5%A5%87%20%E9%83%AD%E5%A3%AB%E5%BC%BA&Refer=index,,微博,微博热榜,hot,hotlist,,2026-09-19 04:20:32
28,愿意停下来的才是聪明人,,50529,https://s.weibo.com/weibo?q=%E6%84%BF%E6%84%8F%E5%81%9C%E4%B8%8B%E6%9D%A5%E7%9A%84%E6%89%8D%E6%98%AF%E8%81%AA%E6%98%8E%E4%BA%BA&Refer=index,,微博,微博热榜,hot,hotlist,,2026-09-19 04:20:32
29,成年人的世界不再是为自己而活,,50505,https://s.weibo.com/weibo?q=%E6%88%90%E5%B9%B4%E4%BA%BA%E7%9A%84%E4%B8%96%E7%95%8C%E4%B8%8D%E5%86%8D%E6%98%AF%E4%B8%BA%E8%87%AA%E5%B7%B1%E8%80%8C%E6%B4%BB&Refer=index,,微博,微博热榜,hot,hotlist,,2026-09-19 04:20:32
30,法考,,50496,https://s.weibo.com/weibo?q=%E6%B3%95%E8%80%83&Refer=index,,微博,微博热榜,hot,hotlist,,2026-09-19 04:20:32
31,原来这就叫感官过载啊,,50478,https://s.weibo.com/weibo?q=%E5%8E%9F%E6%9D%A5%E8%BF%99%E5%B0%B1%E5%8F%AB%E6%84%9F%E5%AE%98%E8%BF%87%E8%BD%BD%E5%95%8A&Refer=index,,微博,微博热榜,hot,hotlist,,2026-09-19 04:20:32
32,原神,,50453,https://s.weibo.com/weibo?q=%E5%8E%9F%E7%A5%9E&Refer=index,,微博,微博热榜,hot,hotlist,,2026-09-19 04:20:32
33,中国男篮vs日本男篮,,50429,https://s.weibo.com/weibo?q=%E4%B8%AD%E5%9B%BD%E7%94%B7%E7%AF%AEvs%E6%97%A5%E6%9C%AC%E7%94%B7%E7%AF%AE&Refer=index,,微博,微博热榜,hot,hotlist,,2026-09-19 04:20:32
34,亚运组委会致歉,,50428,https://s.weibo.com/weibo?q=%E4%BA%9A%E8%BF%90%E7%BB%84%E5%A7%94%E4%BC%9A%E8%87%B4%E6%AD%89&Refer=index,,微博,微博热榜,hot,hotlist,,2026-09-19 04:20:32
35,梅毒越来越困扰年轻人,,50418,https://s.weibo.com/weibo?q=%E6%A2%85%E6%AF%92%E8%B6%8A%E6%9D%A5%E8%B6%8A%E5%9B%B0%E6%89%B0%E5%B9%B4%E8%BD%BB%E4%BA%BA&Refer=index,,微博,微博热榜,hot,hotlist,,2026-09-19 04:20:32
36,苹果17Pro和18Pro双胞胎,,50405,https://s.weibo.com/weibo?q=%E8%8B%B9%E6%9E%9C17Pro%E5%92%8C18Pro%E5%8F%8C%E8%83%9E%E8%83%8E&Refer=index,,微博,微博热榜,hot,hotlist,,2026-09-19 04:20:32
37,池昌旭林珍娜吻戏,,50403,https://s.weibo.com/weibo?q=%E6%B1%A0%E6%98%8C%E6%97%AD%E6%9E%97%E7%8F%8D%E5%A8%9C%E5%90%BB%E6%88%8F&Refer=index,,微博,微博热榜,hot,hotlist,,2026-09-19 04:20:32
38,郑合惠子戏份虽少但次次惊艳,,50381,https://s.weibo.com/weibo?q=%E9%83%91%E5%90%88%E6%83%A0%E5%AD%90%E6%88%8F%E4%BB%BD%E8%99%BD%E5%B0%91%E4%BD%86%E6%AC%A1%E6%AC%A1%E6%83%8A%E8%89%B3&Refer=index,,微博,微博热榜,hot,hotlist,,2026-09-19 04:20:32
39,iPhone17Pro和18Pro外观对比,,50373,https://s.weibo.com/weibo?q=iPhone17Pro%E5%92%8C18Pro%E5%A4%96%E8%A7%82%E5%AF%B9%E6%AF%94&Refer=index,,微博,微博热榜,hot,hotlist,,2026-09-19 04:20:32
40,猫科动物又上新了,,50365,https://s.weibo.com/weibo?q=%E7%8C%AB%E7%A7%91%E5%8A%A8%E7%89%A9%E5%8F%88%E4%B8%8A%E6%96%B0%E4%BA%86&Refer=index,,微博,微博热榜,hot,hotlist,,2026-09-19 04:20:32
41,警方回应女子被情人杀害失踪7年,,50340,https://s.weibo.com/weibo?q=%E8%AD%A6%E6%96%B9%E5%9B%9E%E5%BA%94%E5%A5%B3%E5%AD%90%E8%A2%AB%E6%83%85%E4%BA%BA%E6%9D%80%E5%AE%B3%E5%A4%B1%E8%B8%AA7%E5%B9%B4&Refer=index,,微博,微博热榜,hot,hotlist,,2026-09-19 04:20:32
42,亲子鉴定 医保,,50337,https://s.weibo.com/weibo?q=%E4%BA%B2%E5%AD%90%E9%89%B4%E5%AE%9A%20%E5%8C%BB%E4%BF%9D&Refer=index,,微博,微博热榜,hot,hotlist,,2026-09-19 04:20:32
43,联合早报,,50319,https://s.weibo.com/weibo?q=%E8%81%94%E5%90%88%E6%97%A9%E6%8A%A5&Refer=index,,微博,微博热榜,hot,hotlist,,2026-09-19 04:20:32
44,为什么结婚了才叫稳定下来,,50312,https://s.weibo.com/weibo?q=%E4%B8%BA%E4%BB%80%E4%B9%88%E7%BB%93%E5%A9%9A%E4%BA%86%E6%89%8D%E5%8F%AB%E7%A8%B3%E5%AE%9A%E4%B8%8B%E6%9D%A5&Refer=index,,微博,微博热榜,hot,hotlist,,2026-09-19 04:20:32
45,吃芒果真的是一件很私密的事,,50294,https://s.weibo.com/weibo?q=%E5%90%83%E8%8A%92%E6%9E%9C%E7%9C%9F%E7%9A%84%E6%98%AF%E4%B8%80%E4%BB%B6%E5%BE%88%E7%A7%81%E5%AF%86%E7%9A%84%E4%BA%8B&Refer=index,,微博,微博热榜,hot,hotlist,,2026-09-19 04:20:32
46,兰香如故数据倒挂,,50286,https://s.weibo.com/weibo?q=%E5%85%B0%E9%A6%99%E5%A6%82%E6%95%85%E6%95%B0%E6%8D%AE%E5%80%92%E6%8C%82&Refer=index,,微博,微博热榜,hot,hotlist,,2026-09-19 04:20:32
47,谭松韵收着演,,50265,https://s.weibo.com/weibo?q=%E8%B0%AD%E6%9D%BE%E9%9F%B5%E6%94%B6%E7%9D%80%E6%BC%94&Refer=index,,微博,微博热榜,hot,hotlist,,2026-09-19 04:20:32
48,亚运村邮轮 出海躲台风,,50263,https://s.weibo.com/weibo?q=%E4%BA%9A%E8%BF%90%E6%9D%91%E9%82%AE%E8%BD%AE%20%E5%87%BA%E6%B5%B7%E8%BA%B2%E5%8F%B0%E9%A3%8E&Refer=index,,微博,微博热榜,hot,hotlist,,2026-09-19 04:20:32
49,美使馆918发帖日本网民破防,,50244,https://s.weibo.com/weibo?q=%E7%BE%8E%E4%BD%BF%E9%A6%86918%E5%8F%91%E5%B8%96%E6%97%A5%E6%9C%AC%E7%BD%91%E6%B0%91%E7%A0%B4%E9%98%B2&Refer=index,,微博,微博热榜,hot,hotlist,,2026-09-19 04:20:32
50,中国男篮失利反思,,50226,https://s.weibo.com/weibo?q=%E4%B8%AD%E5%9B%BD%E7%94%B7%E7%AF%AE%E5%A4%B1%E5%88%A9%E5%8F%8D%E6%80%9D&Refer=index,,微博,微博热榜,hot,hotlist,,2026-09-19 04:20:32
51,贾国龙西贝焖面开业4个月倒闭了,,50215,https://s.weibo.com/weibo?q=%E8%B4%BE%E5%9B%BD%E9%BE%99%E8%A5%BF%E8%B4%9D%E7%84%96%E9%9D%A2%E5%BC%80%E4%B8%9A4%E4%B8%AA%E6%9C%88%E5%80%92%E9%97%AD%E4%BA%86&Refer=index,,微博,微博热榜,hot,hotlist,,2026-09-19 04:20:32
1,乒乓球赛事后勤保障争议,,118617,https://s.weibo.com/weibo?q=%E4%B9%92%E4%B9%93%E7%90%83%E8%B5%9B%E4%BA%8B%E5%90%8E%E5%8B%A4%E4%BF%9D%E9%9A%9C%E4%BA%89%E8%AE%AE&Refer=index,,微博,微博热榜,hot,hotlist,,2026-09-19 05:18:10
2,菲船加速冲撞中国海警船现场视频,,87275,https://s.weibo.com/weibo?q=%E8%8F%B2%E8%88%B9%E5%8A%A0%E9%80%9F%E5%86%B2%E6%92%9E%E4%B8%AD%E5%9B%BD%E6%B5%B7%E8%AD%A6%E8%88%B9%E7%8E%B0%E5%9C%BA%E8%A7%86%E9%A2%91&Refer=index,,微博,微博热榜,hot,hotlist,,2026-09-19 05:18:10
3,斑驳旧物铭刻90多年前不屈抗争,,69560,https://s.weibo.com/weibo?q=%E6%96%91%E9%A9%B3%E6%97%A7%E7%89%A9%E9%93%AD%E5%88%BB90%E5%A4%9A%E5%B9%B4%E5%89%8D%E4%B8%8D%E5%B1%88%E6%8A%97%E4%BA%89&Refer=index,,微博,微博热榜,hot,hotlist,,2026-09-19 05:18:10
4,神行者8开启全国交付,,68792,https://s.weibo.com/weibo?q=%E7%A5%9E%E8%A1%8C%E8%80%858%E5%BC%80%E5%90%AF%E5%85%A8%E5%9B%BD%E4%BA%A4%E4%BB%98&Refer=index,,微博,微博热榜,hot,hotlist,,2026-09-19 05:18:10
5,韩国选手听到朝鲜国歌集体慌乱,,68083,https://s.weibo.com/weibo?q=%E9%9F%A9%E5%9B%BD%E9%80%89%E6%89%8B%E5%90%AC%E5%88%B0%E6%9C%9D%E9%B2%9C%E5%9B%BD%E6%AD%8C%E9%9B%86%E4%BD%93%E6%85%8C%E4%B9%B1&Refer=index,,微博,微博热榜,hot,hotlist,,2026-09-19 05:18:10
6,中国男篮回应不敌日本队,,64276,https://s.weibo.com/weibo?q=%E4%B8%AD%E5%9B%BD%E7%94%B7%E7%AF%AE%E5%9B%9E%E5%BA%94%E4%B8%8D%E6%95%8C%E6%97%A5%E6%9C%AC%E9%98%9F&Refer=index,,微博,微博热榜,hot,hotlist,,2026-09-19 05:18:10
7,池昌旭林珍娜太拼了吧,,49960,https://s.weibo.com/weibo?q=%E6%B1%A0%E6%98%8C%E6%97%AD%E6%9E%97%E7%8F%8D%E5%A8%9C%E5%A4%AA%E6%8B%BC%E4%BA%86%E5%90%A7&Refer=index,,微博,微博热榜,hot,hotlist,,2026-09-19 05:18:10
8,巩县石窟遇见云冈,,49362,https://s.weibo.com/weibo?q=%E5%B7%A9%E5%8E%BF%E7%9F%B3%E7%AA%9F%E9%81%87%E8%A7%81%E4%BA%91%E5%86%88&Refer=index,,微博,微博热榜,hot,hotlist,,2026-09-19 05:18:10
9,郑合惠子没有感情全是演技,,48249,https://s.weibo.com/weibo?q=%E9%83%91%E5%90%88%E6%83%A0%E5%AD%90%E6%B2%A1%E6%9C%89%E6%84%9F%E6%83%85%E5%85%A8%E6%98%AF%E6%BC%94%E6%8A%80&Refer=index,,微博,微博热榜,hot,hotlist,,2026-09-19 05:18:10
10,学医果然什么事都能遇到,,45534,https://s.weibo.com/weibo?q=%E5%AD%A6%E5%8C%BB%E6%9E%9C%E7%84%B6%E4%BB%80%E4%B9%88%E4%BA%8B%E9%83%BD%E8%83%BD%E9%81%87%E5%88%B0&Refer=index,,微博,微博热榜,hot,hotlist,,2026-09-19 05:18:10
11,法考成绩,,45527,https://s.weibo.com/weibo?q=%E6%B3%95%E8%80%83%E6%88%90%E7%BB%A9&Refer=index,,微博,微博热榜,hot,hotlist,,2026-09-19 05:18:10
12,吃芒果真的是一件很私密的事,,45499,https://s.weibo.com/weibo?q=%E5%90%83%E8%8A%92%E6%9E%9C%E7%9C%9F%E7%9A%84%E6%98%AF%E4%B8%80%E4%BB%B6%E5%BE%88%E7%A7%81%E5%AF%86%E7%9A%84%E4%BA%8B&Refer=index,,微博,微博热榜,hot,hotlist,,2026-09-19 05:18:10
13,中国的小偷为何断崖式下降,,45469,https://s.weibo.com/weibo?q=%E4%B8%AD%E5%9B%BD%E7%9A%84%E5%B0%8F%E5%81%B7%E4%B8%BA%E4%BD%95%E6%96%AD%E5%B4%96%E5%BC%8F%E4%B8%8B%E9%99%8D&Refer=index,,微博,微博热榜,hot,hotlist,,2026-09-19 05:18:10
14,郭士强 下课,,45426,https://s.weibo.com/weibo?q=%E9%83%AD%E5%A3%AB%E5%BC%BA%20%E4%B8%8B%E8%AF%BE&Refer=index,,微博,微博热榜,hot,hotlist,,2026-09-19 05:18:10
15,本届亚运会混乱程度,,45406,https://s.weibo.com/weibo?q=%E6%9C%AC%E5%B1%8A%E4%BA%9A%E8%BF%90%E4%BC%9A%E6%B7%B7%E4%B9%B1%E7%A8%8B%E5%BA%A6&Refer=index,,微博,微博热榜,hot,hotlist,,2026-09-19 05:18:10
16,物业暴力阻拦业主回家,,45373,https://s.weibo.com/weibo?q=%E7%89%A9%E4%B8%9A%E6%9A%B4%E5%8A%9B%E9%98%BB%E6%8B%A6%E4%B8%9A%E4%B8%BB%E5%9B%9E%E5%AE%B6&Refer=index,,微博,微博热榜,hot,hotlist,,2026-09-19 05:18:10
17,人民网评罗永浩说野人先生难吃,,45336,https://s.weibo.com/weibo?q=%E4%BA%BA%E6%B0%91%E7%BD%91%E8%AF%84%E7%BD%97%E6%B0%B8%E6%B5%A9%E8%AF%B4%E9%87%8E%E4%BA%BA%E5%85%88%E7%94%9F%E9%9A%BE%E5%90%83&Refer=index,,微博,微博热榜,hot,hotlist,,2026-09-19 05:18:10
18,杨毅 中国男篮,,45323,https://s.weibo.com/weibo?q=%E6%9D%A8%E6%AF%85%20%E4%B8%AD%E5%9B%BD%E7%94%B7%E7%AF%AE&Refer=index,,微博,微博热榜,hot,hotlist,,2026-09-19 05:18:10
19,郑合惠子演技好牛,,45284,https://s.weibo.com/weibo?q=%E9%83%91%E5%90%88%E6%83%A0%E5%AD%90%E6%BC%94%E6%8A%80%E5%A5%BD%E7%89%9B&Refer=index,,微博,微博热榜,hot,hotlist,,2026-09-19 05:18:10
20,有人总把最伤人的一面留给最亲近的人,,45272,https://s.weibo.com/weibo?q=%E6%9C%89%E4%BA%BA%E6%80%BB%E6%8A%8A%E6%9C%80%E4%BC%A4%E4%BA%BA%E7%9A%84%E4%B8%80%E9%9D%A2%E7%95%99%E7%BB%99%E6%9C%80%E4%BA%B2%E8%BF%91%E7%9A%84%E4%BA%BA&Refer=index,,微博,微博热榜,hot,hotlist,,2026-09-19 05:18:10
21,崔永熙回应输日本男篮,,45223,https://s.weibo.com/weibo?q=%E5%B4%94%E6%B0%B8%E7%86%99%E5%9B%9E%E5%BA%94%E8%BE%93%E6%97%A5%E6%9C%AC%E7%94%B7%E7%AF%AE&Refer=index,,微博,微博热榜,hot,hotlist,,2026-09-19 05:18:10
22,中国男篮vs日本男篮,,45192,https://s.weibo.com/weibo?q=%E4%B8%AD%E5%9B%BD%E7%94%B7%E7%AF%AEvs%E6%97%A5%E6%9C%AC%E7%94%B7%E7%AF%AE&Refer=index,,微博,微博热榜,hot,hotlist,,2026-09-19 05:18:10
23,挑情丑闻,,45176,https://s.weibo.com/weibo?q=%E6%8C%91%E6%83%85%E4%B8%91%E9%97%BB&Refer=index,,微博,微博热榜,hot,hotlist,,2026-09-19 05:18:10
24,好清醒的顶级认知,,45160,https://s.weibo.com/weibo?q=%E5%A5%BD%E6%B8%85%E9%86%92%E7%9A%84%E9%A1%B6%E7%BA%A7%E8%AE%A4%E7%9F%A5&Refer=index,,微博,微博热榜,hot,hotlist,,2026-09-19 05:18:10
25,第一次直观感受到低碳脸的杀伤力,,45131,https://s.weibo.com/weibo?q=%E7%AC%AC%E4%B8%80%E6%AC%A1%E7%9B%B4%E8%A7%82%E6%84%9F%E5%8F%97%E5%88%B0%E4%BD%8E%E7%A2%B3%E8%84%B8%E7%9A%84%E6%9D%80%E4%BC%A4%E5%8A%9B&Refer=index,,微博,微博热榜,hot,hotlist,,2026-09-19 05:18:10
26,女子称失踪闺蜜托梦暗示尸骸位置,,45128,https://s.weibo.com/weibo?q=%E5%A5%B3%E5%AD%90%E7%A7%B0%E5%A4%B1%E8%B8%AA%E9%97%BA%E8%9C%9C%E6%89%98%E6%A2%A6%E6%9A%97%E7%A4%BA%E5%B0%B8%E9%AA%B8%E4%BD%8D%E7%BD%AE&Refer=index,,微博,微博热榜,hot,hotlist,,2026-09-19 05:18:10
27,愿意停下来的才是聪明人,,45121,https://s.weibo.com/weibo?q=%E6%84%BF%E6%84%8F%E5%81%9C%E4%B8%8B%E6%9D%A5%E7%9A%84%E6%89%8D%E6%98%AF%E8%81%AA%E6%98%8E%E4%BA%BA&Refer=index,,微博,微博热榜,hot,hotlist,,2026-09-19 05:18:10
28,女子吐槽吃魏家凉皮牛肉堡像喝油,,45110,https://s.weibo.com/weibo?q=%E5%A5%B3%E5%AD%90%E5%90%90%E6%A7%BD%E5%90%83%E9%AD%8F%E5%AE%B6%E5%87%89%E7%9A%AE%E7%89%9B%E8%82%89%E5%A0%A1%E5%83%8F%E5%96%9D%E6%B2%B9&Refer=index,,微博,微博热榜,hot,hotlist,,2026-09-19 05:18:10
29,法考,,45098,https://s.weibo.com/weibo?q=%E6%B3%95%E8%80%83&Refer=index,,微博,微博热榜,hot,hotlist,,2026-09-19 05:18:10
30,成年人的世界不再是为自己而活,,45089,https://s.weibo.com/weibo?q=%E6%88%90%E5%B9%B4%E4%BA%BA%E7%9A%84%E4%B8%96%E7%95%8C%E4%B8%8D%E5%86%8D%E6%98%AF%E4%B8%BA%E8%87%AA%E5%B7%B1%E8%80%8C%E6%B4%BB&Refer=index,,微博,微博热榜,hot,hotlist,,2026-09-19 05:18:10
31,原来这就叫感官过载啊,,45078,https://s.weibo.com/weibo?q=%E5%8E%9F%E6%9D%A5%E8%BF%99%E5%B0%B1%E5%8F%AB%E6%84%9F%E5%AE%98%E8%BF%87%E8%BD%BD%E5%95%8A&Refer=index,,微博,微博热榜,hot,hotlist,,2026-09-19 05:18:10
32,池昌旭林珍娜吻戏,,45071,https://s.weibo.com/weibo?q=%E6%B1%A0%E6%98%8C%E6%97%AD%E6%9E%97%E7%8F%8D%E5%A8%9C%E5%90%BB%E6%88%8F&Refer=index,,微博,微博热榜,hot,hotlist,,2026-09-19 05:18:10
33,亚运组委会致歉,,45058,https://s.weibo.com/weibo?q=%E4%BA%9A%E8%BF%90%E7%BB%84%E5%A7%94%E4%BC%9A%E8%87%B4%E6%AD%89&Refer=index,,微博,微博热榜,hot,hotlist,,2026-09-19 05:18:10
34,梅毒越来越困扰年轻人,,45051,https://s.weibo.com/weibo?q=%E6%A2%85%E6%AF%92%E8%B6%8A%E6%9D%A5%E8%B6%8A%E5%9B%B0%E6%89%B0%E5%B9%B4%E8%BD%BB%E4%BA%BA&Refer=index,,微博,微博热榜,hot,hotlist,,2026-09-19 05:18:10
35,原神,,45039,https://s.weibo.com/weibo?q=%E5%8E%9F%E7%A5%9E&Refer=index,,微博,微博热榜,hot,hotlist,,2026-09-19 05:18:10
36,猫科动物又上新了,,45024,https://s.weibo.com/weibo?q=%E7%8C%AB%E7%A7%91%E5%8A%A8%E7%89%A9%E5%8F%88%E4%B8%8A%E6%96%B0%E4%BA%86&Refer=index,,微博,微博热榜,hot,hotlist,,2026-09-19 05:18:10
37,警方回应女子被情人杀害失踪7年,,45018,https://s.weibo.com/weibo?q=%E8%AD%A6%E6%96%B9%E5%9B%9E%E5%BA%94%E5%A5%B3%E5%AD%90%E8%A2%AB%E6%83%85%E4%BA%BA%E6%9D%80%E5%AE%B3%E5%A4%B1%E8%B8%AA7%E5%B9%B4&Refer=index,,微博,微博热榜,hot,hotlist,,2026-09-19 05:18:10
38,联合早报,,45003,https://s.weibo.com/weibo?q=%E8%81%94%E5%90%88%E6%97%A9%E6%8A%A5&Refer=index,,微博,微博热榜,hot,hotlist,,2026-09-19 05:18:10
39,亚运村邮轮 出海躲台风,,45002,https://s.weibo.com/weibo?q=%E4%BA%9A%E8%BF%90%E6%9D%91%E9%82%AE%E8%BD%AE%20%E5%87%BA%E6%B5%B7%E8%BA%B2%E5%8F%B0%E9%A3%8E&Refer=index,,微博,微博热榜,hot,hotlist,,2026-09-19 05:18:10
40,中国男篮赛后被扣1分,,44989,https://s.weibo.com/weibo?q=%E4%B8%AD%E5%9B%BD%E7%94%B7%E7%AF%AE%E8%B5%9B%E5%90%8E%E8%A2%AB%E6%89%A31%E5%88%86&Refer=index,,微博,微博热榜,hot,hotlist,,2026-09-19 05:18:10
41,兰香如故数据倒挂,,44978,https://s.weibo.com/weibo?q=%E5%85%B0%E9%A6%99%E5%A6%82%E6%95%85%E6%95%B0%E6%8D%AE%E5%80%92%E6%8C%82&Refer=index,,微博,微博热榜,hot,hotlist,,2026-09-19 05:18:10
42,乔尔杰维奇 郭士强,,44966,https://s.weibo.com/weibo?q=%E4%B9%94%E5%B0%94%E6%9D%B0%E7%BB%B4%E5%A5%87%20%E9%83%AD%E5%A3%AB%E5%BC%BA&Refer=index,,微博,微博热榜,hot,hotlist,,2026-09-19 05:18:10
43,沈鼓集团公告,,44954,https://s.weibo.com/weibo?q=%E6%B2%88%E9%BC%93%E9%9B%86%E5%9B%A2%E5%85%AC%E5%91%8A&Refer=index,,微博,微博热榜,hot,hotlist,,2026-09-19 05:18:10
44,中国男篮失利反思,,44948,https://s.weibo.com/weibo?q=%E4%B8%AD%E5%9B%BD%E7%94%B7%E7%AF%AE%E5%A4%B1%E5%88%A9%E5%8F%8D%E6%80%9D&Refer=index,,微博,微博热榜,hot,hotlist,,2026-09-19 05:18:10
45,王楚钦孙颖莎单打签表,,44936,https://s.weibo.com/weibo?q=%E7%8E%8B%E6%A5%9A%E9%92%A6%E5%AD%99%E9%A2%96%E8%8E%8E%E5%8D%95%E6%89%93%E7%AD%BE%E8%A1%A8&Refer=index,,微博,微博热榜,hot,hotlist,,2026-09-19 05:18:10
46,苹果17Pro和18Pro双胞胎,,44924,https://s.weibo.com/weibo?q=%E8%8B%B9%E6%9E%9C17Pro%E5%92%8C18Pro%E5%8F%8C%E8%83%9E%E8%83%8E&Refer=index,,微博,微博热榜,hot,hotlist,,2026-09-19 05:18:10
47,贾国龙西贝焖面开业4个月倒闭了,,44918,https://s.weibo.com/weibo?q=%E8%B4%BE%E5%9B%BD%E9%BE%99%E8%A5%BF%E8%B4%9D%E7%84%96%E9%9D%A2%E5%BC%80%E4%B8%9A4%E4%B8%AA%E6%9C%88%E5%80%92%E9%97%AD%E4%BA%86&Refer=index,,微博,微博热榜,hot,hotlist,,2026-09-19 05:18:10
48,亲子鉴定 医保,,44908,https://s.weibo.com/weibo?q=%E4%BA%B2%E5%AD%90%E9%89%B4%E5%AE%9A%20%E5%8C%BB%E4%BF%9D&Refer=index,,微博,微博热榜,hot,hotlist,,2026-09-19 05:18:10
49,为什么结婚了才叫稳定下来,,44903,https://s.weibo.com/weibo?q=%E4%B8%BA%E4%BB%80%E4%B9%88%E7%BB%93%E5%A9%9A%E4%BA%86%E6%89%8D%E5%8F%AB%E7%A8%B3%E5%AE%9A%E4%B8%8B%E6%9D%A5&Refer=index,,微博,微博热榜,hot,hotlist,,2026-09-19 05:18:10
50,中国男篮防守问题,,44891,https://s.weibo.com/weibo?q=%E4%B8%AD%E5%9B%BD%E7%94%B7%E7%AF%AE%E9%98%B2%E5%AE%88%E9%97%AE%E9%A2%98&Refer=index,,微博,微博热榜,hot,hotlist,,2026-09-19 05:18:10
51,美使馆918发帖日本网民破防,,44874,https://s.weibo.com/weibo?q=%E7%BE%8E%E4%BD%BF%E9%A6%86918%E5%8F%91%E5%B8%96%E6%97%A5%E6%9C%AC%E7%BD%91%E6%B0%91%E7%A0%B4%E9%98%B2&Refer=index,,微博,微博热榜,hot,hotlist,,2026-09-19 05:18:10
52,iPhone17Pro和18Pro外观对比,,44865,https://s.weibo.com/weibo?q=iPhone17Pro%E5%92%8C18Pro%E5%A4%96%E8%A7%82%E5%AF%B9%E6%AF%94&Refer=index,,微博,微博热榜,hot,hotlist,,2026-09-19 05:18:10
1,乒乓球赛事后勤保障争议,,365903,https://s.weibo.com/weibo?q=%E4%B9%92%E4%B9%93%E7%90%83%E8%B5%9B%E4%BA%8B%E5%90%8E%E5%8B%A4%E4%BF%9D%E9%9A%9C%E4%BA%89%E8%AE%AE&Refer=index,,微博,微博热榜,hot,hotlist,,2026-09-19 06:19:15
2,中国的小偷为何断崖式下降,,259356,https://s.weibo.com/weibo?q=%E4%B8%AD%E5%9B%BD%E7%9A%84%E5%B0%8F%E5%81%B7%E4%B8%BA%E4%BD%95%E6%96%AD%E5%B4%96%E5%BC%8F%E4%B8%8B%E9%99%8D&Refer=index,,微博,微博热榜,hot,hotlist,,2026-09-19 06:19:15
3,斑驳旧物铭刻90多年前不屈抗争,,209514,https://s.weibo.com/weibo?q=%E6%96%91%E9%A9%B3%E6%97%A7%E7%89%A9%E9%93%AD%E5%88%BB90%E5%A4%9A%E5%B9%B4%E5%89%8D%E4%B8%8D%E5%B1%88%E6%8A%97%E4%BA%89&Refer=index,,微博,微博热榜,hot,hotlist,,2026-09-19 06:19:15
4,三战七周年庆首日近百服爆满,,154308,https://s.weibo.com/weibo?q=%E4%B8%89%E6%88%98%E4%B8%83%E5%91%A8%E5%B9%B4%E5%BA%86%E9%A6%96%E6%97%A5%E8%BF%91%E7%99%BE%E6%9C%8D%E7%88%86%E6%BB%A1&Refer=index,,微博,微博热榜,hot,hotlist,,2026-09-19 06:19:15
5,菲船加速冲撞中国海警船现场视频,,138737,https://s.weibo.com/weibo?q=%E8%8F%B2%E8%88%B9%E5%8A%A0%E9%80%9F%E5%86%B2%E6%92%9E%E4%B8%AD%E5%9B%BD%E6%B5%B7%E8%AD%A6%E8%88%B9%E7%8E%B0%E5%9C%BA%E8%A7%86%E9%A2%91&Refer=index,,微博,微博热榜,hot,hotlist,,2026-09-19 06:19:15
6,韩国选手听到朝鲜国歌集体慌乱,,134749,https://s.weibo.com/weibo?q=%E9%9F%A9%E5%9B%BD%E9%80%89%E6%89%8B%E5%90%AC%E5%88%B0%E6%9C%9D%E9%B2%9C%E5%9B%BD%E6%AD%8C%E9%9B%86%E4%BD%93%E6%85%8C%E4%B9%B1&Refer=index,,微博,微博热榜,hot,hotlist,,2026-09-19 06:19:15
7,中国男篮回应不敌日本队,,105292,https://s.weibo.com/weibo?q=%E4%B8%AD%E5%9B%BD%E7%94%B7%E7%AF%AE%E5%9B%9E%E5%BA%94%E4%B8%8D%E6%95%8C%E6%97%A5%E6%9C%AC%E9%98%9F&Refer=index,,微博,微博热榜,hot,hotlist,,2026-09-19 06:19:15
8,池昌旭林珍娜太拼了吧,,74070,https://s.weibo.com/weibo?q=%E6%B1%A0%E6%98%8C%E6%97%AD%E6%9E%97%E7%8F%8D%E5%A8%9C%E5%A4%AA%E6%8B%BC%E4%BA%86%E5%90%A7&Refer=index,,微博,微博热榜,hot,hotlist,,2026-09-19 06:19:15
9,郑合惠子没有感情全是演技,,71611,https://s.weibo.com/weibo?q=%E9%83%91%E5%90%88%E6%83%A0%E5%AD%90%E6%B2%A1%E6%9C%89%E6%84%9F%E6%83%85%E5%85%A8%E6%98%AF%E6%BC%94%E6%8A%80&Refer=index,,微博,微博热榜,hot,hotlist,,2026-09-19 06:19:15
10,学医果然什么事都能遇到,,59341,https://s.weibo.com/weibo?q=%E5%AD%A6%E5%8C%BB%E6%9E%9C%E7%84%B6%E4%BB%80%E4%B9%88%E4%BA%8B%E9%83%BD%E8%83%BD%E9%81%87%E5%88%B0&Refer=index,,微博,微博热榜,hot,hotlist,,2026-09-19 06:19:15
11,法考成绩,,49138,https://s.weibo.com/weibo?q=%E6%B3%95%E8%80%83%E6%88%90%E7%BB%A9&Refer=index,,微博,微博热榜,hot,hotlist,,2026-09-19 06:19:15
12,物业暴力阻拦业主回家,,49087,https://s.weibo.com/weibo?q=%E7%89%A9%E4%B8%9A%E6%9A%B4%E5%8A%9B%E9%98%BB%E6%8B%A6%E4%B8%9A%E4%B8%BB%E5%9B%9E%E5%AE%B6&Refer=index,,微博,微博热榜,hot,hotlist,,2026-09-19 06:19:15
13,郭士强 下课,,48930,https://s.weibo.com/weibo?q=%E9%83%AD%E5%A3%AB%E5%BC%BA%20%E4%B8%8B%E8%AF%BE&Refer=index,,微博,微博热榜,hot,hotlist,,2026-09-19 06:19:15
14,本届亚运会混乱程度,,48744,https://s.weibo.com/weibo?q=%E6%9C%AC%E5%B1%8A%E4%BA%9A%E8%BF%90%E4%BC%9A%E6%B7%B7%E4%B9%B1%E7%A8%8B%E5%BA%A6&Refer=index,,微博,微博热榜,hot,hotlist,,2026-09-19 06:19:15
15,人民网评罗永浩说野人先生难吃,,48539,https://s.weibo.com/weibo?q=%E4%BA%BA%E6%B0%91%E7%BD%91%E8%AF%84%E7%BD%97%E6%B0%B8%E6%B5%A9%E8%AF%B4%E9%87%8E%E4%BA%BA%E5%85%88%E7%94%9F%E9%9A%BE%E5%90%83&Refer=index,,微博,微博热榜,hot,hotlist,,2026-09-19 06:19:15
16,中国男篮赛后被扣1分,,48532,https://s.weibo.com/weibo?q=%E4%B8%AD%E5%9B%BD%E7%94%B7%E7%AF%AE%E8%B5%9B%E5%90%8E%E8%A2%AB%E6%89%A31%E5%88%86&Refer=index,,微博,微博热榜,hot,hotlist,,2026-09-19 06:19:15
17,杨毅 中国男篮,,44318,https://s.weibo.com/weibo?q=%E6%9D%A8%E6%AF%85%20%E4%B8%AD%E5%9B%BD%E7%94%B7%E7%AF%AE&Refer=index,,微博,微博热榜,hot,hotlist,,2026-09-19 06:19:15
18,吃芒果真的是一件很私密的事,,43027,https://s.weibo.com/weibo?q=%E5%90%83%E8%8A%92%E6%9E%9C%E7%9C%9F%E7%9A%84%E6%98%AF%E4%B8%80%E4%BB%B6%E5%BE%88%E7%A7%81%E5%AF%86%E7%9A%84%E4%BA%8B&Refer=index,,微博,微博热榜,hot,hotlist,,2026-09-19 06:19:15
19,崔永熙回应输日本男篮,,39157,https://s.weibo.com/weibo?q=%E5%B4%94%E6%B0%B8%E7%86%99%E5%9B%9E%E5%BA%94%E8%BE%93%E6%97%A5%E6%9C%AC%E7%94%B7%E7%AF%AE&Refer=index,,微博,微博热榜,hot,hotlist,,2026-09-19 06:19:15
20,郑合惠子演技好牛,,38080,https://s.weibo.com/weibo?q=%E9%83%91%E5%90%88%E6%83%A0%E5%AD%90%E6%BC%94%E6%8A%80%E5%A5%BD%E7%89%9B&Refer=index,,微博,微博热榜,hot,hotlist,,2026-09-19 06:19:15
21,法考,,38062,https://s.weibo.com/weibo?q=%E6%B3%95%E8%80%83&Refer=index,,微博,微博热榜,hot,hotlist,,2026-09-19 06:19:15
22,挑情丑闻,,37961,https://s.weibo.com/weibo?q=%E6%8C%91%E6%83%85%E4%B8%91%E9%97%BB&Refer=index,,微博,微博热榜,hot,hotlist,,2026-09-19 06:19:15
23,好清醒的顶级认知,,37751,https://s.weibo.com/weibo?q=%E5%A5%BD%E6%B8%85%E9%86%92%E7%9A%84%E9%A1%B6%E7%BA%A7%E8%AE%A4%E7%9F%A5&Refer=index,,微博,微博热榜,hot,hotlist,,2026-09-19 06:19:15
24,女子称失踪闺蜜托梦暗示尸骸位置,,37674,https://s.weibo.com/weibo?q=%E5%A5%B3%E5%AD%90%E7%A7%B0%E5%A4%B1%E8%B8%AA%E9%97%BA%E8%9C%9C%E6%89%98%E6%A2%A6%E6%9A%97%E7%A4%BA%E5%B0%B8%E9%AA%B8%E4%BD%8D%E7%BD%AE&Refer=index,,微博,微博热榜,hot,hotlist,,2026-09-19 06:19:15
25,愿意停下来的才是聪明人,,37556,https://s.weibo.com/weibo?q=%E6%84%BF%E6%84%8F%E5%81%9C%E4%B8%8B%E6%9D%A5%E7%9A%84%E6%89%8D%E6%98%AF%E8%81%AA%E6%98%8E%E4%BA%BA&Refer=index,,微博,微博热榜,hot,hotlist,,2026-09-19 06:19:15
26,第一次直观感受到低碳脸的杀伤力,,37398,https://s.weibo.com/weibo?q=%E7%AC%AC%E4%B8%80%E6%AC%A1%E7%9B%B4%E8%A7%82%E6%84%9F%E5%8F%97%E5%88%B0%E4%BD%8E%E7%A2%B3%E8%84%B8%E7%9A%84%E6%9D%80%E4%BC%A4%E5%8A%9B&Refer=index,,微博,微博热榜,hot,hotlist,,2026-09-19 06:19:15
27,原来这就叫感官过载啊,,37379,https://s.weibo.com/weibo?q=%E5%8E%9F%E6%9D%A5%E8%BF%99%E5%B0%B1%E5%8F%AB%E6%84%9F%E5%AE%98%E8%BF%87%E8%BD%BD%E5%95%8A&Refer=index,,微博,微博热榜,hot,hotlist,,2026-09-19 06:19:15
28,成年人的世界不再是为自己而活,,35534,https://s.weibo.com/weibo?q=%E6%88%90%E5%B9%B4%E4%BA%BA%E7%9A%84%E4%B8%96%E7%95%8C%E4%B8%8D%E5%86%8D%E6%98%AF%E4%B8%BA%E8%87%AA%E5%B7%B1%E8%80%8C%E6%B4%BB&Refer=index,,微博,微博热榜,hot,hotlist,,2026-09-19 06:19:15
29,贾国龙西贝焖面开业4个月倒闭了,,33254,https://s.weibo.com/weibo?q=%E8%B4%BE%E5%9B%BD%E9%BE%99%E8%A5%BF%E8%B4%9D%E7%84%96%E9%9D%A2%E5%BC%80%E4%B8%9A4%E4%B8%AA%E6%9C%88%E5%80%92%E9%97%AD%E4%BA%86&Refer=index,,微博,微博热榜,hot,hotlist,,2026-09-19 06:19:15
30,中国男篮vs日本男篮,,32243,https://s.weibo.com/weibo?q=%E4%B8%AD%E5%9B%BD%E7%94%B7%E7%AF%AEvs%E6%97%A5%E6%9C%AC%E7%94%B7%E7%AF%AE&Refer=index,,微博,微博热榜,hot,hotlist,,2026-09-19 06:19:15
31,联合早报,,31976,https://s.weibo.com/weibo?q=%E8%81%94%E5%90%88%E6%97%A9%E6%8A%A5&Refer=index,,微博,微博热榜,hot,hotlist,,2026-09-19 06:19:15
32,梅毒越来越困扰年轻人,,31971,https://s.weibo.com/weibo?q=%E6%A2%85%E6%AF%92%E8%B6%8A%E6%9D%A5%E8%B6%8A%E5%9B%B0%E6%89%B0%E5%B9%B4%E8%BD%BB%E4%BA%BA&Refer=index,,微博,微博热榜,hot,hotlist,,2026-09-19 06:19:15
33,亚运组委会致歉,,31949,https://s.weibo.com/weibo?q=%E4%BA%9A%E8%BF%90%E7%BB%84%E5%A7%94%E4%BC%9A%E8%87%B4%E6%AD%89&Refer=index,,微博,微博热榜,hot,hotlist,,2026-09-19 06:19:15
34,原神,,31947,https://s.weibo.com/weibo?q=%E5%8E%9F%E7%A5%9E&Refer=index,,微博,微博热榜,hot,hotlist,,2026-09-19 06:19:15
35,猫科动物又上新了,,31926,https://s.weibo.com/weibo?q=%E7%8C%AB%E7%A7%91%E5%8A%A8%E7%89%A9%E5%8F%88%E4%B8%8A%E6%96%B0%E4%BA%86&Refer=index,,微博,微博热榜,hot,hotlist,,2026-09-19 06:19:15
36,中国男篮防守问题,,31917,https://s.weibo.com/weibo?q=%E4%B8%AD%E5%9B%BD%E7%94%B7%E7%AF%AE%E9%98%B2%E5%AE%88%E9%97%AE%E9%A2%98&Refer=index,,微博,微博热榜,hot,hotlist,,2026-09-19 06:19:15
37,池昌旭林珍娜吻戏,,31509,https://s.weibo.com/weibo?q=%E6%B1%A0%E6%98%8C%E6%97%AD%E6%9E%97%E7%8F%8D%E5%A8%9C%E5%90%BB%E6%88%8F&Refer=index,,微博,微博热榜,hot,hotlist,,2026-09-19 06:19:15
38,女子吐槽吃魏家凉皮牛肉堡像喝油,,31270,https://s.weibo.com/weibo?q=%E5%A5%B3%E5%AD%90%E5%90%90%E6%A7%BD%E5%90%83%E9%AD%8F%E5%AE%B6%E5%87%89%E7%9A%AE%E7%89%9B%E8%82%89%E5%A0%A1%E5%83%8F%E5%96%9D%E6%B2%B9&Refer=index,,微博,微博热榜,hot,hotlist,,2026-09-19 06:19:15
39,警方回应女子被情人杀害失踪7年,,30445,https://s.weibo.com/weibo?q=%E8%AD%A6%E6%96%B9%E5%9B%9E%E5%BA%94%E5%A5%B3%E5%AD%90%E8%A2%AB%E6%83%85%E4%BA%BA%E6%9D%80%E5%AE%B3%E5%A4%B1%E8%B8%AA7%E5%B9%B4&Refer=index,,微博,微博热榜,hot,hotlist,,2026-09-19 06:19:15
40,为什么结婚了才叫稳定下来,,30104,https://s.weibo.com/weibo?q=%E4%B8%BA%E4%BB%80%E4%B9%88%E7%BB%93%E5%A9%9A%E4%BA%86%E6%89%8D%E5%8F%AB%E7%A8%B3%E5%AE%9A%E4%B8%8B%E6%9D%A5&Refer=index,,微博,微博热榜,hot,hotlist,,2026-09-19 06:19:15
41,亚运村邮轮 出海躲台风,,29301,https://s.weibo.com/weibo?q=%E4%BA%9A%E8%BF%90%E6%9D%91%E9%82%AE%E8%BD%AE%20%E5%87%BA%E6%B5%B7%E8%BA%B2%E5%8F%B0%E9%A3%8E&Refer=index,,微博,微博热榜,hot,hotlist,,2026-09-19 06:19:15
42,王楚钦孙颖莎单打签表,,29130,https://s.weibo.com/weibo?q=%E7%8E%8B%E6%A5%9A%E9%92%A6%E5%AD%99%E9%A2%96%E8%8E%8E%E5%8D%95%E6%89%93%E7%AD%BE%E8%A1%A8&Refer=index,,微博,微博热榜,hot,hotlist,,2026-09-19 06:19:15
43,中国男篮失利反思,,27710,https://s.weibo.com/weibo?q=%E4%B8%AD%E5%9B%BD%E7%94%B7%E7%AF%AE%E5%A4%B1%E5%88%A9%E5%8F%8D%E6%80%9D&Refer=index,,微博,微博热榜,hot,hotlist,,2026-09-19 06:19:15
44,有人总把最伤人的一面留给最亲近的人,,27615,https://s.weibo.com/weibo?q=%E6%9C%89%E4%BA%BA%E6%80%BB%E6%8A%8A%E6%9C%80%E4%BC%A4%E4%BA%BA%E7%9A%84%E4%B8%80%E9%9D%A2%E7%95%99%E7%BB%99%E6%9C%80%E4%BA%B2%E8%BF%91%E7%9A%84%E4%BA%BA&Refer=index,,微博,微博热榜,hot,hotlist,,2026-09-19 06:19:15
45,苹果17Pro和18Pro双胞胎,,27577,https://s.weibo.com/weibo?q=%E8%8B%B9%E6%9E%9C17Pro%E5%92%8C18Pro%E5%8F%8C%E8%83%9E%E8%83%8E&Refer=index,,微博,微博热榜,hot,hotlist,,2026-09-19 06:19:15
46,iPhone17Pro和18Pro外观对比,,27138,https://s.weibo.com/weibo?q=iPhone17Pro%E5%92%8C18Pro%E5%A4%96%E8%A7%82%E5%AF%B9%E6%AF%94&Refer=index,,微博,微博热榜,hot,hotlist,,2026-09-19 06:19:15
47,名古屋亚运村 住宿简陋,,27132,https://s.weibo.com/weibo?q=%E5%90%8D%E5%8F%A4%E5%B1%8B%E4%BA%9A%E8%BF%90%E6%9D%91%20%E4%BD%8F%E5%AE%BF%E7%AE%80%E9%99%8B&Refer=index,,微博,微博热榜,hot,hotlist,,2026-09-19 06:19:15
48,日本男篮仅2人入选世预赛名单,,27079,https://s.weibo.com/weibo?q=%E6%97%A5%E6%9C%AC%E7%94%B7%E7%AF%AE%E4%BB%852%E4%BA%BA%E5%85%A5%E9%80%89%E4%B8%96%E9%A2%84%E8%B5%9B%E5%90%8D%E5%8D%95&Refer=index,,微博,微博热榜,hot,hotlist,,2026-09-19 06:19:15
49,亲子鉴定 医保,,27046,https://s.weibo.com/weibo?q=%E4%BA%B2%E5%AD%90%E9%89%B4%E5%AE%9A%20%E5%8C%BB%E4%BF%9D&Refer=index,,微博,微博热榜,hot,hotlist,,2026-09-19 06:19:15
50,乔尔杰维奇 郭士强,,27021,https://s.weibo.com/weibo?q=%E4%B9%94%E5%B0%94%E6%9D%B0%E7%BB%B4%E5%A5%87%20%E9%83%AD%E5%A3%AB%E5%BC%BA&Refer=index,,微博,微博热榜,hot,hotlist,,2026-09-19 06:19:15
51,兰香如故数据倒挂,,26947,https://s.weibo.com/weibo?q=%E5%85%B0%E9%A6%99%E5%A6%82%E6%95%85%E6%95%B0%E6%8D%AE%E5%80%92%E6%8C%82&Refer=index,,微博,微博热榜,hot,hotlist,,2026-09-19 06:19:15
1,中国的小偷为何断崖式下降,,790116,https://s.weibo.com/weibo?q=%E4%B8%AD%E5%9B%BD%E7%9A%84%E5%B0%8F%E5%81%B7%E4%B8%BA%E4%BD%95%E6%96%AD%E5%B4%96%E5%BC%8F%E4%B8%8B%E9%99%8D&Refer=index,,微博,微博热榜,hot,hotlist,,2026-09-19 07:19:21
2,韩国选手听到朝鲜国歌集体慌乱,,555230,https://s.weibo.com/weibo?q=%E9%9F%A9%E5%9B%BD%E9%80%89%E6%89%8B%E5%90%AC%E5%88%B0%E6%9C%9D%E9%B2%9C%E5%9B%BD%E6%AD%8C%E9%9B%86%E4%BD%93%E6%85%8C%E4%B9%B1&Refer=index,,微博,微博热榜,hot,hotlist,,2026-09-19 07:19:21
3,斑驳旧物铭刻90多年前不屈抗争,,440734,https://s.weibo.com/weibo?q=%E6%96%91%E9%A9%B3%E6%97%A7%E7%89%A9%E9%93%AD%E5%88%BB90%E5%A4%9A%E5%B9%B4%E5%89%8D%E4%B8%8D%E5%B1%88%E6%8A%97%E4%BA%89&Refer=index,,微博,微博热榜,hot,hotlist,,2026-09-19 07:19:21
4,十万级华为乾崑ADSSE星海V6上市,,401126,https://s.weibo.com/weibo?q=%E5%8D%81%E4%B8%87%E7%BA%A7%E5%8D%8E%E4%B8%BA%E4%B9%BE%E5%B4%91ADSSE%E6%98%9F%E6%B5%B7V6%E4%B8%8A%E5%B8%82&Refer=index,,微博,微博热榜,hot,hotlist,,2026-09-19 07:19:21
5,亚运组委会致歉,,324239,https://s.weibo.com/weibo?q=%E4%BA%9A%E8%BF%90%E7%BB%84%E5%A7%94%E4%BC%9A%E8%87%B4%E6%AD%89&Refer=index,,微博,微博热榜,hot,hotlist,,2026-09-19 07:19:21
6,梅毒越来越困扰年轻人,,321924,https://s.weibo.com/weibo?q=%E6%A2%85%E6%AF%92%E8%B6%8A%E6%9D%A5%E8%B6%8A%E5%9B%B0%E6%89%B0%E5%B9%B4%E8%BD%BB%E4%BA%BA&Refer=index,,微博,微博热榜,hot,hotlist,,2026-09-19 07:19:21
7,乒乓球赛事后勤保障争议,,288868,https://s.weibo.com/weibo?q=%E4%B9%92%E4%B9%93%E7%90%83%E8%B5%9B%E4%BA%8B%E5%90%8E%E5%8B%A4%E4%BF%9D%E9%9A%9C%E4%BA%89%E8%AE%AE&Refer=index,,微博,微博热榜,hot,hotlist,,2026-09-19 07:19:21
8,今日辟谣,,268546,https://s.weibo.com/weibo?q=%E4%BB%8A%E6%97%A5%E8%BE%9F%E8%B0%A3&Refer=index,,微博,微博热榜,hot,hotlist,,2026-09-19 07:19:21
9,菲船加速冲撞中国海警船现场视频,,265237,https://s.weibo.com/weibo?q=%E8%8F%B2%E8%88%B9%E5%8A%A0%E9%80%9F%E5%86%B2%E6%92%9E%E4%B8%AD%E5%9B%BD%E6%B5%B7%E8%AD%A6%E8%88%B9%E7%8E%B0%E5%9C%BA%E8%A7%86%E9%A2%91&Refer=index,,微博,微博热榜,hot,hotlist,,2026-09-19 07:19:21
10,中国男篮回应不敌日本队,,185016,https://s.weibo.com/weibo?q=%E4%B8%AD%E5%9B%BD%E7%94%B7%E7%AF%AE%E5%9B%9E%E5%BA%94%E4%B8%8D%E6%95%8C%E6%97%A5%E6%9C%AC%E9%98%9F&Refer=index,,微博,微博热榜,hot,hotlist,,2026-09-19 07:19:21
11,郑合惠子没有感情全是演技,,141757,https://s.weibo.com/weibo?q=%E9%83%91%E5%90%88%E6%83%A0%E5%AD%90%E6%B2%A1%E6%9C%89%E6%84%9F%E6%83%85%E5%85%A8%E6%98%AF%E6%BC%94%E6%8A%80&Refer=index,,微博,微博热榜,hot,hotlist,,2026-09-19 07:19:21
12,本届亚运会混乱程度,,123836,https://s.weibo.com/weibo?q=%E6%9C%AC%E5%B1%8A%E4%BA%9A%E8%BF%90%E4%BC%9A%E6%B7%B7%E4%B9%B1%E7%A8%8B%E5%BA%A6&Refer=index,,微博,微博热榜,hot,hotlist,,2026-09-19 07:19:21
13,物业暴力阻拦业主回家,,116674,https://s.weibo.com/weibo?q=%E7%89%A9%E4%B8%9A%E6%9A%B4%E5%8A%9B%E9%98%BB%E6%8B%A6%E4%B8%9A%E4%B8%BB%E5%9B%9E%E5%AE%B6&Refer=index,,微博,微博热榜,hot,hotlist,,2026-09-19 07:19:21
14,郭士强 下课,,115706,https://s.weibo.com/weibo?q=%E9%83%AD%E5%A3%AB%E5%BC%BA%20%E4%B8%8B%E8%AF%BE&Refer=index,,微博,微博热榜,hot,hotlist,,2026-09-19 07:19:21
15,人民网评罗永浩说野人先生难吃,,109490,https://s.weibo.com/weibo?q=%E4%BA%BA%E6%B0%91%E7%BD%91%E8%AF%84%E7%BD%97%E6%B0%B8%E6%B5%A9%E8%AF%B4%E9%87%8E%E4%BA%BA%E5%85%88%E7%94%9F%E9%9A%BE%E5%90%83&Refer=index,,微博,微博热榜,hot,hotlist,,2026-09-19 07:19:21
16,池昌旭林珍娜太拼了吧,,94543,https://s.weibo.com/weibo?q=%E6%B1%A0%E6%98%8C%E6%97%AD%E6%9E%97%E7%8F%8D%E5%A8%9C%E5%A4%AA%E6%8B%BC%E4%BA%86%E5%90%A7&Refer=index,,微博,微博热榜,hot,hotlist,,2026-09-19 07:19:21
17,罗永浩评价难吃为何大众不买账了,,94324,https://s.weibo.com/weibo?q=%E7%BD%97%E6%B0%B8%E6%B5%A9%E8%AF%84%E4%BB%B7%E9%9A%BE%E5%90%83%E4%B8%BA%E4%BD%95%E5%A4%A7%E4%BC%97%E4%B8%8D%E4%B9%B0%E8%B4%A6%E4%BA%86&Refer=index,,微博,微博热榜,hot,hotlist,,2026-09-19 07:19:21
18,猫科动物又上新了,,88267,https://s.weibo.com/weibo?q=%E7%8C%AB%E7%A7%91%E5%8A%A8%E7%89%A9%E5%8F%88%E4%B8%8A%E6%96%B0%E4%BA%86&Refer=index,,微博,微博热榜,hot,hotlist,,2026-09-19 07:19:21
19,法考成绩,,78749,https://s.weibo.com/weibo?q=%E6%B3%95%E8%80%83%E6%88%90%E7%BB%A9&Refer=index,,微博,微博热榜,hot,hotlist,,2026-09-19 07:19:21
20,郑合惠子演技好牛,,67076,https://s.weibo.com/weibo?q=%E9%83%91%E5%90%88%E6%83%A0%E5%AD%90%E6%BC%94%E6%8A%80%E5%A5%BD%E7%89%9B&Refer=index,,微博,微博热榜,hot,hotlist,,2026-09-19 07:19:21
21,崔永熙回应输日本男篮,,65363,https://s.weibo.com/weibo?q=%E5%B4%94%E6%B0%B8%E7%86%99%E5%9B%9E%E5%BA%94%E8%BE%93%E6%97%A5%E6%9C%AC%E7%94%B7%E7%AF%AE&Refer=index,,微博,微博热榜,hot,hotlist,,2026-09-19 07:19:21
22,杨毅 中国男篮,,58963,https://s.weibo.com/weibo?q=%E6%9D%A8%E6%AF%85%20%E4%B8%AD%E5%9B%BD%E7%94%B7%E7%AF%AE&Refer=index,,微博,微博热榜,hot,hotlist,,2026-09-19 07:19:21
23,挑情丑闻,,58420,https://s.weibo.com/weibo?q=%E6%8C%91%E6%83%85%E4%B8%91%E9%97%BB&Refer=index,,微博,微博热榜,hot,hotlist,,2026-09-19 07:19:21
24,晚上11点是睡眠分水岭,,57803,https://s.weibo.com/weibo?q=%E6%99%9A%E4%B8%8A11%E7%82%B9%E6%98%AF%E7%9D%A1%E7%9C%A0%E5%88%86%E6%B0%B4%E5%B2%AD&Refer=index,,微博,微博热榜,hot,hotlist,,2026-09-19 07:19:21
25,好清醒的顶级认知,,56970,https://s.weibo.com/weibo?q=%E5%A5%BD%E6%B8%85%E9%86%92%E7%9A%84%E9%A1%B6%E7%BA%A7%E8%AE%A4%E7%9F%A5&Refer=index,,微博,微博热榜,hot,hotlist,,2026-09-19 07:19:21
26,女子称失踪闺蜜托梦暗示尸骸位置,,56333,https://s.weibo.com/weibo?q=%E5%A5%B3%E5%AD%90%E7%A7%B0%E5%A4%B1%E8%B8%AA%E9%97%BA%E8%9C%9C%E6%89%98%E6%A2%A6%E6%9A%97%E7%A4%BA%E5%B0%B8%E9%AA%B8%E4%BD%8D%E7%BD%AE&Refer=index,,微博,微博热榜,hot,hotlist,,2026-09-19 07:19:21
27,愿意停下来的才是聪明人,,55910,https://s.weibo.com/weibo?q=%E6%84%BF%E6%84%8F%E5%81%9C%E4%B8%8B%E6%9D%A5%E7%9A%84%E6%89%8D%E6%98%AF%E8%81%AA%E6%98%8E%E4%BA%BA&Refer=index,,微博,微博热榜,hot,hotlist,,2026-09-19 07:19:21
28,中国男篮赛后被扣1分,,55462,https://s.weibo.com/weibo?q=%E4%B8%AD%E5%9B%BD%E7%94%B7%E7%AF%AE%E8%B5%9B%E5%90%8E%E8%A2%AB%E6%89%A31%E5%88%86&Refer=index,,微博,微博热榜,hot,hotlist,,2026-09-19 07:19:21
29,女子咳痰3年竟因洗澡时1个小动作,,55450,https://s.weibo.com/weibo?q=%E5%A5%B3%E5%AD%90%E5%92%B3%E7%97%B03%E5%B9%B4%E7%AB%9F%E5%9B%A0%E6%B4%97%E6%BE%A1%E6%97%B61%E4%B8%AA%E5%B0%8F%E5%8A%A8%E4%BD%9C&Refer=index,,微博,微博热榜,hot,hotlist,,2026-09-19 07:19:21
30,成年人的世界不再是为自己而活,,54740,https://s.weibo.com/weibo?q=%E6%88%90%E5%B9%B4%E4%BA%BA%E7%9A%84%E4%B8%96%E7%95%8C%E4%B8%8D%E5%86%8D%E6%98%AF%E4%B8%BA%E8%87%AA%E5%B7%B1%E8%80%8C%E6%B4%BB&Refer=index,,微博,微博热榜,hot,hotlist,,2026-09-19 07:19:21
31,兰香如故数据倒挂,,54308,https://s.weibo.com/weibo?q=%E5%85%B0%E9%A6%99%E5%A6%82%E6%95%85%E6%95%B0%E6%8D%AE%E5%80%92%E6%8C%82&Refer=index,,微博,微博热榜,hot,hotlist,,2026-09-19 07:19:21
32,第一次直观感受到低碳脸的杀伤力,,53696,https://s.weibo.com/weibo?q=%E7%AC%AC%E4%B8%80%E6%AC%A1%E7%9B%B4%E8%A7%82%E6%84%9F%E5%8F%97%E5%88%B0%E4%BD%8E%E7%A2%B3%E8%84%B8%E7%9A%84%E6%9D%80%E4%BC%A4%E5%8A%9B&Refer=index,,微博,微博热榜,hot,hotlist,,2026-09-19 07:19:21
33,孙千上过央视春晚哈尔滨分会场,,53130,https://s.weibo.com/weibo?q=%E5%AD%99%E5%8D%83%E4%B8%8A%E8%BF%87%E5%A4%AE%E8%A7%86%E6%98%A5%E6%99%9A%E5%93%88%E5%B0%94%E6%BB%A8%E5%88%86%E4%BC%9A%E5%9C%BA&Refer=index,,微博,微博热榜,hot,hotlist,,2026-09-19 07:19:21
34,杨鸣观战男篮比赛提前退场,,52721,https://s.weibo.com/weibo?q=%E6%9D%A8%E9%B8%A3%E8%A7%82%E6%88%98%E7%94%B7%E7%AF%AE%E6%AF%94%E8%B5%9B%E6%8F%90%E5%89%8D%E9%80%80%E5%9C%BA&Refer=index,,微博,微博热榜,hot,hotlist,,2026-09-19 07:19:21
35,法考,,52445,https://s.weibo.com/weibo?q=%E6%B3%95%E8%80%83&Refer=index,,微博,微博热榜,hot,hotlist,,2026-09-19 07:19:21
36,学医果然什么事都能遇到,,52138,https://s.weibo.com/weibo?q=%E5%AD%A6%E5%8C%BB%E6%9E%9C%E7%84%B6%E4%BB%80%E4%B9%88%E4%BA%8B%E9%83%BD%E8%83%BD%E9%81%87%E5%88%B0&Refer=index,,微博,微博热榜,hot,hotlist,,2026-09-19 07:19:21
37,为什么结婚了才叫稳定下来,,49188,https://s.weibo.com/weibo?q=%E4%B8%BA%E4%BB%80%E4%B9%88%E7%BB%93%E5%A9%9A%E4%BA%86%E6%89%8D%E5%8F%AB%E7%A8%B3%E5%AE%9A%E4%B8%8B%E6%9D%A5&Refer=index,,微博,微博热榜,hot,hotlist,,2026-09-19 07:19:21
38,警方回应女子被情人杀害失踪7年,,47939,https://s.weibo.com/weibo?q=%E8%AD%A6%E6%96%B9%E5%9B%9E%E5%BA%94%E5%A5%B3%E5%AD%90%E8%A2%AB%E6%83%85%E4%BA%BA%E6%9D%80%E5%AE%B3%E5%A4%B1%E8%B8%AA7%E5%B9%B4&Refer=index,,微博,微博热榜,hot,hotlist,,2026-09-19 07:19:21
39,原神,,47410,https://s.weibo.com/weibo?q=%E5%8E%9F%E7%A5%9E&Refer=index,,微博,微博热榜,hot,hotlist,,2026-09-19 07:19:21
40,亚运村邮轮 出海躲台风,,46921,https://s.weibo.com/weibo?q=%E4%BA%9A%E8%BF%90%E6%9D%91%E9%82%AE%E8%BD%AE%20%E5%87%BA%E6%B5%B7%E8%BA%B2%E5%8F%B0%E9%A3%8E&Refer=index,,微博,微博热榜,hot,hotlist,,2026-09-19 07:19:21
41,贾国龙西贝焖面开业4个月倒闭了,,46071,https://s.weibo.com/weibo?q=%E8%B4%BE%E5%9B%BD%E9%BE%99%E8%A5%BF%E8%B4%9D%E7%84%96%E9%9D%A2%E5%BC%80%E4%B8%9A4%E4%B8%AA%E6%9C%88%E5%80%92%E9%97%AD%E4%BA%86&Refer=index,,微博,微博热榜,hot,hotlist,,2026-09-19 07:19:21
42,女子吐槽吃魏家凉皮牛肉堡像喝油,,45643,https://s.weibo.com/weibo?q=%E5%A5%B3%E5%AD%90%E5%90%90%E6%A7%BD%E5%90%83%E9%AD%8F%E5%AE%B6%E5%87%89%E7%9A%AE%E7%89%9B%E8%82%89%E5%A0%A1%E5%83%8F%E5%96%9D%E6%B2%B9&Refer=index,,微博,微博热榜,hot,hotlist,,2026-09-19 07:19:21
43,联合早报,,45633,https://s.weibo.com/weibo?q=%E8%81%94%E5%90%88%E6%97%A9%E6%8A%A5&Refer=index,,微博,微博热榜,hot,hotlist,,2026-09-19 07:19:21
44,中国男篮vs日本男篮,,45435,https://s.weibo.com/weibo?q=%E4%B8%AD%E5%9B%BD%E7%94%B7%E7%AF%AEvs%E6%97%A5%E6%9C%AC%E7%94%B7%E7%AF%AE&Refer=index,,微博,微博热榜,hot,hotlist,,2026-09-19 07:19:21
45,亚运会男篮中国不敌日本,,45133,https://s.weibo.com/weibo?q=%E4%BA%9A%E8%BF%90%E4%BC%9A%E7%94%B7%E7%AF%AE%E4%B8%AD%E5%9B%BD%E4%B8%8D%E6%95%8C%E6%97%A5%E6%9C%AC&Refer=index,,微博,微博热榜,hot,hotlist,,2026-09-19 07:19:21
46,亲子鉴定 医保,,45132,https://s.weibo.com/weibo?q=%E4%BA%B2%E5%AD%90%E9%89%B4%E5%AE%9A%20%E5%8C%BB%E4%BF%9D&Refer=index,,微博,微博热榜,hot,hotlist,,2026-09-19 07:19:21
47,姚安娜进娱乐圈后就没人设了,,45129,https://s.weibo.com/weibo?q=%E5%A7%9A%E5%AE%89%E5%A8%9C%E8%BF%9B%E5%A8%B1%E4%B9%90%E5%9C%88%E5%90%8E%E5%B0%B1%E6%B2%A1%E4%BA%BA%E8%AE%BE%E4%BA%86&Refer=index,,微博,微博热榜,hot,hotlist,,2026-09-19 07:19:21
48,池昌旭林珍娜吻戏,,45127,https://s.weibo.com/weibo?q=%E6%B1%A0%E6%98%8C%E6%97%AD%E6%9E%97%E7%8F%8D%E5%A8%9C%E5%90%BB%E6%88%8F&Refer=index,,微博,微博热榜,hot,hotlist,,2026-09-19 07:19:21
49,王楚钦孙颖莎单打签表,,45127,https://s.weibo.com/weibo?q=%E7%8E%8B%E6%A5%9A%E9%92%A6%E5%AD%99%E9%A2%96%E8%8E%8E%E5%8D%95%E6%89%93%E7%AD%BE%E8%A1%A8&Refer=index,,微博,微博热榜,hot,hotlist,,2026-09-19 07:19:21
50,凯恩德甲100球,,45124,https://s.weibo.com/weibo?q=%E5%87%AF%E6%81%A9%E5%BE%B7%E7%94%B2100%E7%90%83&Refer=index,,微博,微博热榜,hot,hotlist,,2026-09-19 07:19:21
51,拜仁慕尼黑VS柏林联合,,45124,https://s.weibo.com/weibo?q=%E6%8B%9C%E4%BB%81%E6%85%95%E5%B0%BC%E9%BB%91VS%E6%9F%8F%E6%9E%97%E8%81%94%E5%90%88&Refer=index,,微博,微博热榜,hot,hotlist,,2026-09-19 07:19:21
52,女子爬黄山被猴群围攻打8针疫苗,,45121,https://s.weibo.com/weibo?q=%E5%A5%B3%E5%AD%90%E7%88%AC%E9%BB%84%E5%B1%B1%E8%A2%AB%E7%8C%B4%E7%BE%A4%E5%9B%B4%E6%94%BB%E6%89%938%E9%92%88%E7%96%AB%E8%8B%97&Refer=index,,微博,微博热榜,hot,hotlist,,2026-09-19 07:19:21
1,梅毒越来越困扰年轻人,,1188977,https://s.weibo.com/weibo?q=%E6%A2%85%E6%AF%92%E8%B6%8A%E6%9D%A5%E8%B6%8A%E5%9B%B0%E6%89%B0%E5%B9%B4%E8%BD%BB%E4%BA%BA&Refer=index,,微博,微博热榜,hot,hotlist,,2026-09-19 08:53:30
2,中国的小偷为何断崖式下降,,859724,https://s.weibo.com/weibo?q=%E4%B8%AD%E5%9B%BD%E7%9A%84%E5%B0%8F%E5%81%B7%E4%B8%BA%E4%BD%95%E6%96%AD%E5%B4%96%E5%BC%8F%E4%B8%8B%E9%99%8D&Refer=index,,微博,微博热榜,hot,hotlist,,2026-09-19 08:53:30
3,斑驳旧物铭刻90多年前不屈抗争,,656547,https://s.weibo.com/weibo?q=%E6%96%91%E9%A9%B3%E6%97%A7%E7%89%A9%E9%93%AD%E5%88%BB90%E5%A4%9A%E5%B9%B4%E5%89%8D%E4%B8%8D%E5%B1%88%E6%8A%97%E4%BA%89&Refer=index,,微博,微博热榜,hot,hotlist,,2026-09-19 08:53:30
4,十万级华为乾崑ADSSE星海V6上市,,655108,https://s.weibo.com/weibo?q=%E5%8D%81%E4%B8%87%E7%BA%A7%E5%8D%8E%E4%B8%BA%E4%B9%BE%E5%B4%91ADSSE%E6%98%9F%E6%B5%B7V6%E4%B8%8A%E5%B8%82&Refer=index,,微博,微博热榜,hot,hotlist,,2026-09-19 08:53:30
5,韩国选手听到朝鲜国歌集体慌乱,,652314,https://s.weibo.com/weibo?q=%E9%9F%A9%E5%9B%BD%E9%80%89%E6%89%8B%E5%90%AC%E5%88%B0%E6%9C%9D%E9%B2%9C%E5%9B%BD%E6%AD%8C%E9%9B%86%E4%BD%93%E6%85%8C%E4%B9%B1&Refer=index,,微博,微博热榜,hot,hotlist,,2026-09-19 08:53:30
6,许兰香被发卖青楼,,621568,https://s.weibo.com/weibo?q=%E8%AE%B8%E5%85%B0%E9%A6%99%E8%A2%AB%E5%8F%91%E5%8D%96%E9%9D%92%E6%A5%BC&Refer=index,,微博,微博热榜,hot,hotlist,,2026-09-19 08:53:30
7,亚运组委会致歉,,428057,https://s.weibo.com/weibo?q=%E4%BA%9A%E8%BF%90%E7%BB%84%E5%A7%94%E4%BC%9A%E8%87%B4%E6%AD%89&Refer=index,,微博,微博热榜,hot,hotlist,,2026-09-19 08:53:30
8,特朗普称获格陵兰岛永久安全控制权,,392682,https://s.weibo.com/weibo?q=%E7%89%B9%E6%9C%97%E6%99%AE%E7%A7%B0%E8%8E%B7%E6%A0%BC%E9%99%B5%E5%85%B0%E5%B2%9B%E6%B0%B8%E4%B9%85%E5%AE%89%E5%85%A8%E6%8E%A7%E5%88%B6%E6%9D%83&Refer=index,,微博,微博热榜,hot,hotlist,,2026-09-19 08:53:30
9,菲船加速冲撞中国海警船现场视频,,392432,https://s.weibo.com/weibo?q=%E8%8F%B2%E8%88%B9%E5%8A%A0%E9%80%9F%E5%86%B2%E6%92%9E%E4%B8%AD%E5%9B%BD%E6%B5%B7%E8%AD%A6%E8%88%B9%E7%8E%B0%E5%9C%BA%E8%A7%86%E9%A2%91&Refer=index,,微博,微博热榜,hot,hotlist,,2026-09-19 08:53:30
10,周翊然问孙怡的腿有没有一米二,,298804,https://s.weibo.com/weibo?q=%E5%91%A8%E7%BF%8A%E7%84%B6%E9%97%AE%E5%AD%99%E6%80%A1%E7%9A%84%E8%85%BF%E6%9C%89%E6%B2%A1%E6%9C%89%E4%B8%80%E7%B1%B3%E4%BA%8C&Refer=index,,微博,微博热榜,hot,hotlist,,2026-09-19 08:53:30
11,本届亚运会混乱程度,,293132,https://s.weibo.com/weibo?q=%E6%9C%AC%E5%B1%8A%E4%BA%9A%E8%BF%90%E4%BC%9A%E6%B7%B7%E4%B9%B1%E7%A8%8B%E5%BA%A6&Refer=index,,微博,微博热榜,hot,hotlist,,2026-09-19 08:53:30
12,张凯毅官宣离婚,,292768,https://s.weibo.com/weibo?q=%E5%BC%A0%E5%87%AF%E6%AF%85%E5%AE%98%E5%AE%A3%E7%A6%BB%E5%A9%9A&Refer=index,,微博,微博热榜,hot,hotlist,,2026-09-19 08:53:30
13,物业暴力阻拦业主回家,,291493,https://s.weibo.com/weibo?q=%E7%89%A9%E4%B8%9A%E6%9A%B4%E5%8A%9B%E9%98%BB%E6%8B%A6%E4%B8%9A%E4%B8%BB%E5%9B%9E%E5%AE%B6&Refer=index,,微博,微博热榜,hot,hotlist,,2026-09-19 08:53:30
14,中国男篮队长胡明轩赛后发声,,290151,https://s.weibo.com/weibo?q=%E4%B8%AD%E5%9B%BD%E7%94%B7%E7%AF%AE%E9%98%9F%E9%95%BF%E8%83%A1%E6%98%8E%E8%BD%A9%E8%B5%9B%E5%90%8E%E5%8F%91%E5%A3%B0&Refer=index,,微博,微博热榜,hot,hotlist,,2026-09-19 08:53:30
15,池昌旭林珍娜是关系很铁的好友关系,,289542,https://s.weibo.com/weibo?q=%E6%B1%A0%E6%98%8C%E6%97%AD%E6%9E%97%E7%8F%8D%E5%A8%9C%E6%98%AF%E5%85%B3%E7%B3%BB%E5%BE%88%E9%93%81%E7%9A%84%E5%A5%BD%E5%8F%8B%E5%85%B3%E7%B3%BB&Refer=index,,微博,微博热榜,hot,hotlist,,2026-09-19 08:53:30
16,郑合惠子没有感情全是演技,,288595,https://s.weibo.com/weibo?q=%E9%83%91%E5%90%88%E6%83%A0%E5%AD%90%E6%B2%A1%E6%9C%89%E6%84%9F%E6%83%85%E5%85%A8%E6%98%AF%E6%BC%94%E6%8A%80&Refer=index,,微博,微博热榜,hot,hotlist,,2026-09-19 08:53:30
17,王一博嘉人十月刊封面宣发节奏,,246765,https://s.weibo.com/weibo?q=%E7%8E%8B%E4%B8%80%E5%8D%9A%E5%98%89%E4%BA%BA%E5%8D%81%E6%9C%88%E5%88%8A%E5%B0%81%E9%9D%A2%E5%AE%A3%E5%8F%91%E8%8A%82%E5%A5%8F&Refer=index,,微博,微博热榜,hot,hotlist,,2026-09-19 08:53:30
18,孙千上过央视春晚哈尔滨分会场,,223932,https://s.weibo.com/weibo?q=%E5%AD%99%E5%8D%83%E4%B8%8A%E8%BF%87%E5%A4%AE%E8%A7%86%E6%98%A5%E6%99%9A%E5%93%88%E5%B0%94%E6%BB%A8%E5%88%86%E4%BC%9A%E5%9C%BA&Refer=index,,微博,微博热榜,hot,hotlist,,2026-09-19 08:53:30
19,郭士强 下课,,198458,https://s.weibo.com/weibo?q=%E9%83%AD%E5%A3%AB%E5%BC%BA%20%E4%B8%8B%E8%AF%BE&Refer=index,,微博,微博热榜,hot,hotlist,,2026-09-19 08:53:30
20,猫科动物又上新了,,176846,https://s.weibo.com/weibo?q=%E7%8C%AB%E7%A7%91%E5%8A%A8%E7%89%A9%E5%8F%88%E4%B8%8A%E6%96%B0%E4%BA%86&Refer=index,,微博,微博热榜,hot,hotlist,,2026-09-19 08:53:30
21,旧手机格式化也不安全,,176751,https://s.weibo.com/weibo?q=%E6%97%A7%E6%89%8B%E6%9C%BA%E6%A0%BC%E5%BC%8F%E5%8C%96%E4%B9%9F%E4%B8%8D%E5%AE%89%E5%85%A8&Refer=index,,微博,微博热榜,hot,hotlist,,2026-09-19 08:53:30
22,晚上11点是睡眠分水岭,,176589,https://s.weibo.com/weibo?q=%E6%99%9A%E4%B8%8A11%E7%82%B9%E6%98%AF%E7%9D%A1%E7%9C%A0%E5%88%86%E6%B0%B4%E5%B2%AD&Refer=index,,微博,微博热榜,hot,hotlist,,2026-09-19 08:53:30
23,女子咳痰3年竟因洗澡时1个小动作,,176494,https://s.weibo.com/weibo?q=%E5%A5%B3%E5%AD%90%E5%92%B3%E7%97%B03%E5%B9%B4%E7%AB%9F%E5%9B%A0%E6%B4%97%E6%BE%A1%E6%97%B61%E4%B8%AA%E5%B0%8F%E5%8A%A8%E4%BD%9C&Refer=index,,微博,微博热榜,hot,hotlist,,2026-09-19 08:53:30
24,好清醒的顶级认知,,176237,https://s.weibo.com/weibo?q=%E5%A5%BD%E6%B8%85%E9%86%92%E7%9A%84%E9%A1%B6%E7%BA%A7%E8%AE%A4%E7%9F%A5&Refer=index,,微博,微博热榜,hot,hotlist,,2026-09-19 08:53:30
25,挑情丑闻,,176023,https://s.weibo.com/weibo?q=%E6%8C%91%E6%83%85%E4%B8%91%E9%97%BB&Refer=index,,微博,微博热榜,hot,hotlist,,2026-09-19 08:53:30
26,第一次直观感受到低碳脸的杀伤力,,175859,https://s.weibo.com/weibo?q=%E7%AC%AC%E4%B8%80%E6%AC%A1%E7%9B%B4%E8%A7%82%E6%84%9F%E5%8F%97%E5%88%B0%E4%BD%8E%E7%A2%B3%E8%84%B8%E7%9A%84%E6%9D%80%E4%BC%A4%E5%8A%9B&Refer=index,,微博,微博热榜,hot,hotlist,,2026-09-19 08:53:30
27,张凯毅 张煜东,,175742,https://s.weibo.com/weibo?q=%E5%BC%A0%E5%87%AF%E6%AF%85%20%E5%BC%A0%E7%85%9C%E4%B8%9C&Refer=index,,微博,微博热榜,hot,hotlist,,2026-09-19 08:53:30
28,女子称失踪闺蜜托梦暗示尸骸位置,,175680,https://s.weibo.com/weibo?q=%E5%A5%B3%E5%AD%90%E7%A7%B0%E5%A4%B1%E8%B8%AA%E9%97%BA%E8%9C%9C%E6%89%98%E6%A2%A6%E6%9A%97%E7%A4%BA%E5%B0%B8%E9%AA%B8%E4%BD%8D%E7%BD%AE&Refer=index,,微博,微博热榜,hot,hotlist,,2026-09-19 08:53:30
29,吕蕺儿当花魁救了兰香,,175513,https://s.weibo.com/weibo?q=%E5%90%95%E8%95%BA%E5%84%BF%E5%BD%93%E8%8A%B1%E9%AD%81%E6%95%91%E4%BA%86%E5%85%B0%E9%A6%99&Refer=index,,微博,微博热榜,hot,hotlist,,2026-09-19 08:53:30
30,乒乓球赛事后勤保障争议,,164310,https://s.weibo.com/weibo?q=%E4%B9%92%E4%B9%93%E7%90%83%E8%B5%9B%E4%BA%8B%E5%90%8E%E5%8B%A4%E4%BF%9D%E9%9A%9C%E4%BA%89%E8%AE%AE&Refer=index,,微博,微博热榜,hot,hotlist,,2026-09-19 08:53:30
31,成年人的世界不再是为自己而活,,139411,https://s.weibo.com/weibo?q=%E6%88%90%E5%B9%B4%E4%BA%BA%E7%9A%84%E4%B8%96%E7%95%8C%E4%B8%8D%E5%86%8D%E6%98%AF%E4%B8%BA%E8%87%AA%E5%B7%B1%E8%80%8C%E6%B4%BB&Refer=index,,微博,微博热榜,hot,hotlist,,2026-09-19 08:53:30
32,田栩宁梓渝生日都是樱桃蛋糕,,138965,https://s.weibo.com/weibo?q=%E7%94%B0%E6%A0%A9%E5%AE%81%E6%A2%93%E6%B8%9D%E7%94%9F%E6%97%A5%E9%83%BD%E6%98%AF%E6%A8%B1%E6%A1%83%E8%9B%8B%E7%B3%95&Refer=index,,微博,微博热榜,hot,hotlist,,2026-09-19 08:53:30
33,流浪大橘找到全中国最安全午睡地,,136279,https://s.weibo.com/weibo?q=%E6%B5%81%E6%B5%AA%E5%A4%A7%E6%A9%98%E6%89%BE%E5%88%B0%E5%85%A8%E4%B8%AD%E5%9B%BD%E6%9C%80%E5%AE%89%E5%85%A8%E5%8D%88%E7%9D%A1%E5%9C%B0&Refer=index,,微博,微博热榜,hot,hotlist,,2026-09-19 08:53:30
34,有西藏室友才有的牦牛肉干,,134504,https://s.weibo.com/weibo?q=%E6%9C%89%E8%A5%BF%E8%97%8F%E5%AE%A4%E5%8F%8B%E6%89%8D%E6%9C%89%E7%9A%84%E7%89%A6%E7%89%9B%E8%82%89%E5%B9%B2&Refer=index,,微博,微博热榜,hot,hotlist,,2026-09-19 08:53:30
35,中国男篮回应不敌日本队,,131406,https://s.weibo.com/weibo?q=%E4%B8%AD%E5%9B%BD%E7%94%B7%E7%AF%AE%E5%9B%9E%E5%BA%94%E4%B8%8D%E6%95%8C%E6%97%A5%E6%9C%AC%E9%98%9F&Refer=index,,微博,微博热榜,hot,hotlist,,2026-09-19 08:53:30
36,贾国龙西贝焖面开业4个月倒闭了,,122003,https://s.weibo.com/weibo?q=%E8%B4%BE%E5%9B%BD%E9%BE%99%E8%A5%BF%E8%B4%9D%E7%84%96%E9%9D%A2%E5%BC%80%E4%B8%9A4%E4%B8%AA%E6%9C%88%E5%80%92%E9%97%AD%E4%BA%86&Refer=index,,微博,微博热榜,hot,hotlist,,2026-09-19 08:53:30
37,Sakee喊话Asen,,115353,https://s.weibo.com/weibo?q=Sakee%E5%96%8A%E8%AF%9DAsen&Refer=index,,微博,微博热榜,hot,hotlist,,2026-09-19 08:53:30
38,台独分子称大陆室外没有贩卖机,,114126,https://s.weibo.com/weibo?q=%E5%8F%B0%E7%8B%AC%E5%88%86%E5%AD%90%E7%A7%B0%E5%A4%A7%E9%99%86%E5%AE%A4%E5%A4%96%E6%B2%A1%E6%9C%89%E8%B4%A9%E5%8D%96%E6%9C%BA&Refer=index,,微博,微博热榜,hot,hotlist,,2026-09-19 08:53:30
39,为什么结婚了才叫稳定下来,,111405,https://s.weibo.com/weibo?q=%E4%B8%BA%E4%BB%80%E4%B9%88%E7%BB%93%E5%A9%9A%E4%BA%86%E6%89%8D%E5%8F%AB%E7%A8%B3%E5%AE%9A%E4%B8%8B%E6%9D%A5&Refer=index,,微博,微博热榜,hot,hotlist,,2026-09-19 08:53:30
40,人民网评罗永浩说野人先生难吃,,110393,https://s.weibo.com/weibo?q=%E4%BA%BA%E6%B0%91%E7%BD%91%E8%AF%84%E7%BD%97%E6%B0%B8%E6%B5%A9%E8%AF%B4%E9%87%8E%E4%BA%BA%E5%85%88%E7%94%9F%E9%9A%BE%E5%90%83&Refer=index,,微博,微博热榜,hot,hotlist,,2026-09-19 08:53:30
41,iPhone17Pro和18Pro外观对比,,110097,https://s.weibo.com/weibo?q=iPhone17Pro%E5%92%8C18Pro%E5%A4%96%E8%A7%82%E5%AF%B9%E6%AF%94&Refer=index,,微博,微博热榜,hot,hotlist,,2026-09-19 08:53:30
42,刘学义对李梦的穿搭欲言又止,,108945,https://s.weibo.com/weibo?q=%E5%88%98%E5%AD%A6%E4%B9%89%E5%AF%B9%E6%9D%8E%E6%A2%A6%E7%9A%84%E7%A9%BF%E6%90%AD%E6%AC%B2%E8%A8%80%E5%8F%88%E6%AD%A2&Refer=index,,微博,微博热榜,hot,hotlist,,2026-09-19 08:53:30
43,法考成绩,,107832,https://s.weibo.com/weibo?q=%E6%B3%95%E8%80%83%E6%88%90%E7%BB%A9&Refer=index,,微博,微博热榜,hot,hotlist,,2026-09-19 08:53:30
44,亚马尔无视凯恩,,102684,https://s.weibo.com/weibo?q=%E4%BA%9A%E9%A9%AC%E5%B0%94%E6%97%A0%E8%A7%86%E5%87%AF%E6%81%A9&Refer=index,,微博,微博热榜,hot,hotlist,,2026-09-19 08:53:30
45,鞠婧祎苏绿夏,,96873,https://s.weibo.com/weibo?q=%E9%9E%A0%E5%A9%A7%E7%A5%8E%E8%8B%8F%E7%BB%BF%E5%A4%8F&Refer=index,,微博,微博热榜,hot,hotlist,,2026-09-19 08:53:30
46,原神,,91167,https://s.weibo.com/weibo?q=%E5%8E%9F%E7%A5%9E&Refer=index,,微博,微博热榜,hot,hotlist,,2026-09-19 08:53:30
47,外国人称鹿晗本可统治KPOP,,89681,https://s.weibo.com/weibo?q=%E5%A4%96%E5%9B%BD%E4%BA%BA%E7%A7%B0%E9%B9%BF%E6%99%97%E6%9C%AC%E5%8F%AF%E7%BB%9F%E6%B2%BBKPOP&Refer=index,,微博,微博热榜,hot,hotlist,,2026-09-19 08:53:30
48,奥利塞帽子戏法,,87999,https://s.weibo.com/weibo?q=%E5%A5%A5%E5%88%A9%E5%A1%9E%E5%B8%BD%E5%AD%90%E6%88%8F%E6%B3%95&Refer=index,,微博,微博热榜,hot,hotlist,,2026-09-19 08:53:30
49,亲子鉴定 医保,,87620,https://s.weibo.com/weibo?q=%E4%BA%B2%E5%AD%90%E9%89%B4%E5%AE%9A%20%E5%8C%BB%E4%BF%9D&Refer=index,,微博,微博热榜,hot,hotlist,,2026-09-19 08:53:30
50,兰香如故数据倒挂,,83520,https://s.weibo.com/weibo?q=%E5%85%B0%E9%A6%99%E5%A6%82%E6%95%85%E6%95%B0%E6%8D%AE%E5%80%92%E6%8C%82&Refer=index,,微博,微博热榜,hot,hotlist,,2026-09-19 08:53:30
51,法考 李佳,,81082,https://s.weibo.com/weibo?q=%E6%B3%95%E8%80%83%20%E6%9D%8E%E4%BD%B3&Refer=index,,微博,微博热榜,hot,hotlist,,2026-09-19 08:53:30
1,梅毒越来越困扰年轻人,,1515852,https://s.weibo.com/weibo?q=%E6%A2%85%E6%AF%92%E8%B6%8A%E6%9D%A5%E8%B6%8A%E5%9B%B0%E6%89%B0%E5%B9%B4%E8%BD%BB%E4%BA%BA&Refer=index,,微博,微博热榜,hot,hotlist,,2026-09-19 09:28:46
2,中国的小偷为何断崖式下降,,924559,https://s.weibo.com/weibo?q=%E4%B8%AD%E5%9B%BD%E7%9A%84%E5%B0%8F%E5%81%B7%E4%B8%BA%E4%BD%95%E6%96%AD%E5%B4%96%E5%BC%8F%E4%B8%8B%E9%99%8D&Refer=index,,微博,微博热榜,hot,hotlist,,2026-09-19 09:28:46
3,斑驳旧物铭刻90多年前不屈抗争,,694168,https://s.weibo.com/weibo?q=%E6%96%91%E9%A9%B3%E6%97%A7%E7%89%A9%E9%93%AD%E5%88%BB90%E5%A4%9A%E5%B9%B4%E5%89%8D%E4%B8%8D%E5%B1%88%E6%8A%97%E4%BA%89&Refer=index,,微博,微博热榜,hot,hotlist,,2026-09-19 09:28:46
4,京东iPhone18Pro首批现货到手,,622123,https://s.weibo.com/weibo?q=%E4%BA%AC%E4%B8%9CiPhone18Pro%E9%A6%96%E6%89%B9%E7%8E%B0%E8%B4%A7%E5%88%B0%E6%89%8B&Refer=index,,微博,微博热榜,hot,hotlist,,2026-09-19 09:28:46
5,许兰香被发卖青楼,,563176,https://s.weibo.com/weibo?q=%E8%AE%B8%E5%85%B0%E9%A6%99%E8%A2%AB%E5%8F%91%E5%8D%96%E9%9D%92%E6%A5%BC&Refer=index,,微博,微博热榜,hot,hotlist,,2026-09-19 09:28:46
6,中国男篮队长胡明轩赛后发声,,535540,https://s.weibo.com/weibo?q=%E4%B8%AD%E5%9B%BD%E7%94%B7%E7%AF%AE%E9%98%9F%E9%95%BF%E8%83%A1%E6%98%8E%E8%BD%A9%E8%B5%9B%E5%90%8E%E5%8F%91%E5%A3%B0&Refer=index,,微博,微博热榜,hot,hotlist,,2026-09-19 09:28:46
7,韩国选手听到朝鲜国歌集体慌乱,,476573,https://s.weibo.com/weibo?q=%E9%9F%A9%E5%9B%BD%E9%80%89%E6%89%8B%E5%90%AC%E5%88%B0%E6%9C%9D%E9%B2%9C%E5%9B%BD%E6%AD%8C%E9%9B%86%E4%BD%93%E6%85%8C%E4%B9%B1&Refer=index,,微博,微博热榜,hot,hotlist,,2026-09-19 09:28:46
8,官方辟谣四川绵阳出租车罢工,,460109,https://s.weibo.com/weibo?q=%E5%AE%98%E6%96%B9%E8%BE%9F%E8%B0%A3%E5%9B%9B%E5%B7%9D%E7%BB%B5%E9%98%B3%E5%87%BA%E7%A7%9F%E8%BD%A6%E7%BD%A2%E5%B7%A5&Refer=index,,微博,微博热榜,hot,hotlist,,2026-09-19 09:28:46
9,特朗普称获格陵兰岛永久安全控制权,,401733,https://s.weibo.com/weibo?q=%E7%89%B9%E6%9C%97%E6%99%AE%E7%A7%B0%E8%8E%B7%E6%A0%BC%E9%99%B5%E5%85%B0%E5%B2%9B%E6%B0%B8%E4%B9%85%E5%AE%89%E5%85%A8%E6%8E%A7%E5%88%B6%E6%9D%83&Refer=index,,微博,微博热榜,hot,hotlist,,2026-09-19 09:28:46
10,郑合惠子没有感情全是演技,,311829,https://s.weibo.com/weibo?q=%E9%83%91%E5%90%88%E6%83%A0%E5%AD%90%E6%B2%A1%E6%9C%89%E6%84%9F%E6%83%85%E5%85%A8%E6%98%AF%E6%BC%94%E6%8A%80&Refer=index,,微博,微博热榜,hot,hotlist,,2026-09-19 09:28:46
11,菲船加速冲撞中国海警船现场视频,,294954,https://s.weibo.com/weibo?q=%E8%8F%B2%E8%88%B9%E5%8A%A0%E9%80%9F%E5%86%B2%E6%92%9E%E4%B8%AD%E5%9B%BD%E6%B5%B7%E8%AD%A6%E8%88%B9%E7%8E%B0%E5%9C%BA%E8%A7%86%E9%A2%91&Refer=index,,微博,微博热榜,hot,hotlist,,2026-09-19 09:28:46
12,亚运组委会致歉,,285146,https://s.weibo.com/weibo?q=%E4%BA%9A%E8%BF%90%E7%BB%84%E5%A7%94%E4%BC%9A%E8%87%B4%E6%AD%89&Refer=index,,微博,微博热榜,hot,hotlist,,2026-09-19 09:28:46
13,张凯毅官宣离婚,,282600,https://s.weibo.com/weibo?q=%E5%BC%A0%E5%87%AF%E6%AF%85%E5%AE%98%E5%AE%A3%E7%A6%BB%E5%A9%9A&Refer=index,,微博,微博热榜,hot,hotlist,,2026-09-19 09:28:46
14,物业暴力阻拦业主回家,,277873,https://s.weibo.com/weibo?q=%E7%89%A9%E4%B8%9A%E6%9A%B4%E5%8A%9B%E9%98%BB%E6%8B%A6%E4%B8%9A%E4%B8%BB%E5%9B%9E%E5%AE%B6&Refer=index,,微博,微博热榜,hot,hotlist,,2026-09-19 09:28:46
15,池昌旭林珍娜是关系很铁的好友关系,,264420,https://s.weibo.com/weibo?q=%E6%B1%A0%E6%98%8C%E6%97%AD%E6%9E%97%E7%8F%8D%E5%A8%9C%E6%98%AF%E5%85%B3%E7%B3%BB%E5%BE%88%E9%93%81%E7%9A%84%E5%A5%BD%E5%8F%8B%E5%85%B3%E7%B3%BB&Refer=index,,微博,微博热榜,hot,hotlist,,2026-09-19 09:28:46
16,周翊然问孙怡的腿有没有一米二,,246239,https://s.weibo.com/weibo?q=%E5%91%A8%E7%BF%8A%E7%84%B6%E9%97%AE%E5%AD%99%E6%80%A1%E7%9A%84%E8%85%BF%E6%9C%89%E6%B2%A1%E6%9C%89%E4%B8%80%E7%B1%B3%E4%BA%8C&Refer=index,,微博,微博热榜,hot,hotlist,,2026-09-19 09:28:46
17,本届亚运会混乱程度,,244437,https://s.weibo.com/weibo?q=%E6%9C%AC%E5%B1%8A%E4%BA%9A%E8%BF%90%E4%BC%9A%E6%B7%B7%E4%B9%B1%E7%A8%8B%E5%BA%A6&Refer=index,,微博,微博热榜,hot,hotlist,,2026-09-19 09:28:46
18,王一博嘉人十月刊封面宣发节奏,,227419,https://s.weibo.com/weibo?q=%E7%8E%8B%E4%B8%80%E5%8D%9A%E5%98%89%E4%BA%BA%E5%8D%81%E6%9C%88%E5%88%8A%E5%B0%81%E9%9D%A2%E5%AE%A3%E5%8F%91%E8%8A%82%E5%A5%8F&Refer=index,,微博,微博热榜,hot,hotlist,,2026-09-19 09:28:46
19,孙千上过央视春晚哈尔滨分会场,,184679,https://s.weibo.com/weibo?q=%E5%AD%99%E5%8D%83%E4%B8%8A%E8%BF%87%E5%A4%AE%E8%A7%86%E6%98%A5%E6%99%9A%E5%93%88%E5%B0%94%E6%BB%A8%E5%88%86%E4%BC%9A%E5%9C%BA&Refer=index,,微博,微博热榜,hot,hotlist,,2026-09-19 09:28:46
20,郭士强 下课,,177225,https://s.weibo.com/weibo?q=%E9%83%AD%E5%A3%AB%E5%BC%BA%20%E4%B8%8B%E8%AF%BE&Refer=index,,微博,微博热榜,hot,hotlist,,2026-09-19 09:28:46
21,亚马尔无视凯恩,,176409,https://s.weibo.com/weibo?q=%E4%BA%9A%E9%A9%AC%E5%B0%94%E6%97%A0%E8%A7%86%E5%87%AF%E6%81%A9&Refer=index,,微博,微博热榜,hot,hotlist,,2026-09-19 09:28:46
22,旧手机格式化也不安全,,175612,https://s.weibo.com/weibo?q=%E6%97%A7%E6%89%8B%E6%9C%BA%E6%A0%BC%E5%BC%8F%E5%8C%96%E4%B9%9F%E4%B8%8D%E5%AE%89%E5%85%A8&Refer=index,,微博,微博热榜,hot,hotlist,,2026-09-19 09:28:46
23,张凯毅 张煜东,,174471,https://s.weibo.com/weibo?q=%E5%BC%A0%E5%87%AF%E6%AF%85%20%E5%BC%A0%E7%85%9C%E4%B8%9C&Refer=index,,微博,微博热榜,hot,hotlist,,2026-09-19 09:28:46
24,经济上行期是一种感觉,,172791,https://s.weibo.com/weibo?q=%E7%BB%8F%E6%B5%8E%E4%B8%8A%E8%A1%8C%E6%9C%9F%E6%98%AF%E4%B8%80%E7%A7%8D%E6%84%9F%E8%A7%89&Refer=index,,微博,微博热榜,hot,hotlist,,2026-09-19 09:28:46
25,晚上11点是睡眠分水岭,,171811,https://s.weibo.com/weibo?q=%E6%99%9A%E4%B8%8A11%E7%82%B9%E6%98%AF%E7%9D%A1%E7%9C%A0%E5%88%86%E6%B0%B4%E5%B2%AD&Refer=index,,微博,微博热榜,hot,hotlist,,2026-09-19 09:28:46
26,女子咳痰3年竟因洗澡时1个小动作,,169658,https://s.weibo.com/weibo?q=%E5%A5%B3%E5%AD%90%E5%92%B3%E7%97%B03%E5%B9%B4%E7%AB%9F%E5%9B%A0%E6%B4%97%E6%BE%A1%E6%97%B61%E4%B8%AA%E5%B0%8F%E5%8A%A8%E4%BD%9C&Refer=index,,微博,微博热榜,hot,hotlist,,2026-09-19 09:28:46
27,好清醒的顶级认知,,168151,https://s.weibo.com/weibo?q=%E5%A5%BD%E6%B8%85%E9%86%92%E7%9A%84%E9%A1%B6%E7%BA%A7%E8%AE%A4%E7%9F%A5&Refer=index,,微博,微博热榜,hot,hotlist,,2026-09-19 09:28:46
28,女子称失踪闺蜜托梦暗示尸骸位置,,167021,https://s.weibo.com/weibo?q=%E5%A5%B3%E5%AD%90%E7%A7%B0%E5%A4%B1%E8%B8%AA%E9%97%BA%E8%9C%9C%E6%89%98%E6%A2%A6%E6%9A%97%E7%A4%BA%E5%B0%B8%E9%AA%B8%E4%BD%8D%E7%BD%AE&Refer=index,,微博,微博热榜,hot,hotlist,,2026-09-19 09:28:46
29,第一次直观感受到低碳脸的杀伤力,,164995,https://s.weibo.com/weibo?q=%E7%AC%AC%E4%B8%80%E6%AC%A1%E7%9B%B4%E8%A7%82%E6%84%9F%E5%8F%97%E5%88%B0%E4%BD%8E%E7%A2%B3%E8%84%B8%E7%9A%84%E6%9D%80%E4%BC%A4%E5%8A%9B&Refer=index,,微博,微博热榜,hot,hotlist,,2026-09-19 09:28:46
30,挑情丑闻,,164645,https://s.weibo.com/weibo?q=%E6%8C%91%E6%83%85%E4%B8%91%E9%97%BB&Refer=index,,微博,微博热榜,hot,hotlist,,2026-09-19 09:28:46
31,吕蕺儿当花魁救了兰香,,163553,https://s.weibo.com/weibo?q=%E5%90%95%E8%95%BA%E5%84%BF%E5%BD%93%E8%8A%B1%E9%AD%81%E6%95%91%E4%BA%86%E5%85%B0%E9%A6%99&Refer=index,,微博,微博热榜,hot,hotlist,,2026-09-19 09:28:46
32,贾国龙西贝焖面开业4个月倒闭了,,146705,https://s.weibo.com/weibo?q=%E8%B4%BE%E5%9B%BD%E9%BE%99%E8%A5%BF%E8%B4%9D%E7%84%96%E9%9D%A2%E5%BC%80%E4%B8%9A4%E4%B8%AA%E6%9C%88%E5%80%92%E9%97%AD%E4%BA%86&Refer=index,,微博,微博热榜,hot,hotlist,,2026-09-19 09:28:46
33,流浪大橘找到全中国最安全午睡地,,142818,https://s.weibo.com/weibo?q=%E6%B5%81%E6%B5%AA%E5%A4%A7%E6%A9%98%E6%89%BE%E5%88%B0%E5%85%A8%E4%B8%AD%E5%9B%BD%E6%9C%80%E5%AE%89%E5%85%A8%E5%8D%88%E7%9D%A1%E5%9C%B0&Refer=index,,微博,微博热榜,hot,hotlist,,2026-09-19 09:28:46
34,田栩宁梓渝生日都是樱桃蛋糕,,141275,https://s.weibo.com/weibo?q=%E7%94%B0%E6%A0%A9%E5%AE%81%E6%A2%93%E6%B8%9D%E7%94%9F%E6%97%A5%E9%83%BD%E6%98%AF%E6%A8%B1%E6%A1%83%E8%9B%8B%E7%B3%95&Refer=index,,微博,微博热榜,hot,hotlist,,2026-09-19 09:28:46
35,蒲熠星我们之间到底算什么呢,,141066,https://s.weibo.com/weibo?q=%E8%92%B2%E7%86%A0%E6%98%9F%E6%88%91%E4%BB%AC%E4%B9%8B%E9%97%B4%E5%88%B0%E5%BA%95%E7%AE%97%E4%BB%80%E4%B9%88%E5%91%A2&Refer=index,,微博,微博热榜,hot,hotlist,,2026-09-19 09:28:46
36,21岁巴西女网红被拖出家门当街枪杀,,138002,https://s.weibo.com/weibo?q=21%E5%B2%81%E5%B7%B4%E8%A5%BF%E5%A5%B3%E7%BD%91%E7%BA%A2%E8%A2%AB%E6%8B%96%E5%87%BA%E5%AE%B6%E9%97%A8%E5%BD%93%E8%A1%97%E6%9E%AA%E6%9D%80&Refer=index,,微博,微博热榜,hot,hotlist,,2026-09-19 09:28:46
37,漠河舞厅 王安宇李宛妲,,137698,https://s.weibo.com/weibo?q=%E6%BC%A0%E6%B2%B3%E8%88%9E%E5%8E%85%20%E7%8E%8B%E5%AE%89%E5%AE%87%E6%9D%8E%E5%AE%9B%E5%A6%B2&Refer=index,,微博,微博热榜,hot,hotlist,,2026-09-19 09:28:46
38,猫科动物又上新了,,133115,https://s.weibo.com/weibo?q=%E7%8C%AB%E7%A7%91%E5%8A%A8%E7%89%A9%E5%8F%88%E4%B8%8A%E6%96%B0%E4%BA%86&Refer=index,,微博,微博热榜,hot,hotlist,,2026-09-19 09:28:46
39,沙特首都利雅得遭空袭,,132339,https://s.weibo.com/weibo?q=%E6%B2%99%E7%89%B9%E9%A6%96%E9%83%BD%E5%88%A9%E9%9B%85%E5%BE%97%E9%81%AD%E7%A9%BA%E8%A2%AD&Refer=index,,微博,微博热榜,hot,hotlist,,2026-09-19 09:28:46
40,成年人的世界不再是为自己而活,,129260,https://s.weibo.com/weibo?q=%E6%88%90%E5%B9%B4%E4%BA%BA%E7%9A%84%E4%B8%96%E7%95%8C%E4%B8%8D%E5%86%8D%E6%98%AF%E4%B8%BA%E8%87%AA%E5%B7%B1%E8%80%8C%E6%B4%BB&Refer=index,,微博,微博热榜,hot,hotlist,,2026-09-19 09:28:46
41,乒乓球赛事后勤保障争议,,122951,https://s.weibo.com/weibo?q=%E4%B9%92%E4%B9%93%E7%90%83%E8%B5%9B%E4%BA%8B%E5%90%8E%E5%8B%A4%E4%BF%9D%E9%9A%9C%E4%BA%89%E8%AE%AE&Refer=index,,微博,微博热榜,hot,hotlist,,2026-09-19 09:28:46
42,法考成绩,,114636,https://s.weibo.com/weibo?q=%E6%B3%95%E8%80%83%E6%88%90%E7%BB%A9&Refer=index,,微博,微博热榜,hot,hotlist,,2026-09-19 09:28:46
43,田栩宁荧幕变化,,107312,https://s.weibo.com/weibo?q=%E7%94%B0%E6%A0%A9%E5%AE%81%E8%8D%A7%E5%B9%95%E5%8F%98%E5%8C%96&Refer=index,,微博,微博热榜,hot,hotlist,,2026-09-19 09:28:46
44,原神,,105031,https://s.weibo.com/weibo?q=%E5%8E%9F%E7%A5%9E&Refer=index,,微博,微博热榜,hot,hotlist,,2026-09-19 09:28:46
45,为什么结婚了才叫稳定下来,,103292,https://s.weibo.com/weibo?q=%E4%B8%BA%E4%BB%80%E4%B9%88%E7%BB%93%E5%A9%9A%E4%BA%86%E6%89%8D%E5%8F%AB%E7%A8%B3%E5%AE%9A%E4%B8%8B%E6%9D%A5&Refer=index,,微博,微博热榜,hot,hotlist,,2026-09-19 09:28:46
46,有西藏室友才有的牦牛肉干,,102702,https://s.weibo.com/weibo?q=%E6%9C%89%E8%A5%BF%E8%97%8F%E5%AE%A4%E5%8F%8B%E6%89%8D%E6%9C%89%E7%9A%84%E7%89%A6%E7%89%9B%E8%82%89%E5%B9%B2&Refer=index,,微博,微博热榜,hot,hotlist,,2026-09-19 09:28:46
47,iPhone17Pro和18Pro外观对比,,102684,https://s.weibo.com/weibo?q=iPhone17Pro%E5%92%8C18Pro%E5%A4%96%E8%A7%82%E5%AF%B9%E6%AF%94&Refer=index,,微博,微博热榜,hot,hotlist,,2026-09-19 09:28:46
48,亚马尔称金球奖该给最出色球员,,99970,https://s.weibo.com/weibo?q=%E4%BA%9A%E9%A9%AC%E5%B0%94%E7%A7%B0%E9%87%91%E7%90%83%E5%A5%96%E8%AF%A5%E7%BB%99%E6%9C%80%E5%87%BA%E8%89%B2%E7%90%83%E5%91%98&Refer=index,,微博,微博热榜,hot,hotlist,,2026-09-19 09:28:46
49,奥利塞帽子戏法,,97745,https://s.weibo.com/weibo?q=%E5%A5%A5%E5%88%A9%E5%A1%9E%E5%B8%BD%E5%AD%90%E6%88%8F%E6%B3%95&Refer=index,,微博,微博热榜,hot,hotlist,,2026-09-19 09:28:46
50,奥萨尔1.55亿续约活塞,,94808,https://s.weibo.com/weibo?q=%E5%A5%A5%E8%90%A8%E5%B0%941.55%E4%BA%BF%E7%BB%AD%E7%BA%A6%E6%B4%BB%E5%A1%9E&Refer=index,,微博,微博热榜,hot,hotlist,,2026-09-19 09:28:46
51,鞠婧祎苏绿夏,,94723,https://s.weibo.com/weibo?q=%E9%9E%A0%E5%A9%A7%E7%A5%8E%E8%8B%8F%E7%BB%BF%E5%A4%8F&Refer=index,,微博,微博热榜,hot,hotlist,,2026-09-19 09:28:46
52,法考 李佳,,93951,https://s.weibo.com/weibo?q=%E6%B3%95%E8%80%83%20%E6%9D%8E%E4%BD%B3&Refer=index,,微博,微博热榜,hot,hotlist,,2026-09-19 09:28:46
1,中国男篮队长胡明轩赛后发声,,1114058,https://s.weibo.com/weibo?q=%E4%B8%AD%E5%9B%BD%E7%94%B7%E7%AF%AE%E9%98%9F%E9%95%BF%E8%83%A1%E6%98%8E%E8%BD%A9%E8%B5%9B%E5%90%8E%E5%8F%91%E5%A3%B0&Refer=index,,微博,微博热榜,hot,hotlist,,2026-09-19 10:28:31
2,中国的小偷为何断崖式下降,,835177,https://s.weibo.com/weibo?q=%E4%B8%AD%E5%9B%BD%E7%9A%84%E5%B0%8F%E5%81%B7%E4%B8%BA%E4%BD%95%E6%96%AD%E5%B4%96%E5%BC%8F%E4%B8%8B%E9%99%8D&Refer=index,,微博,微博热榜,hot,hotlist,,2026-09-19 10:28:31
3,斑驳旧物铭刻90多年前不屈抗争,,613858,https://s.weibo.com/weibo?q=%E6%96%91%E9%A9%B3%E6%97%A7%E7%89%A9%E9%93%AD%E5%88%BB90%E5%A4%9A%E5%B9%B4%E5%89%8D%E4%B8%8D%E5%B1%88%E6%8A%97%E4%BA%89&Refer=index,,微博,微博热榜,hot,hotlist,,2026-09-19 10:28:31
4,京东iPhone18Pro首批现货到手,,594357,https://s.weibo.com/weibo?q=%E4%BA%AC%E4%B8%9CiPhone18Pro%E9%A6%96%E6%89%B9%E7%8E%B0%E8%B4%A7%E5%88%B0%E6%89%8B&Refer=index,,微博,微博热榜,hot,hotlist,,2026-09-19 10:28:31
5,梅毒越来越困扰年轻人,,578400,https://s.weibo.com/weibo?q=%E6%A2%85%E6%AF%92%E8%B6%8A%E6%9D%A5%E8%B6%8A%E5%9B%B0%E6%89%B0%E5%B9%B4%E8%BD%BB%E4%BA%BA&Refer=index,,微博,微博热榜,hot,hotlist,,2026-09-19 10:28:31
6,沙特首都利雅得遭空袭,,484139,https://s.weibo.com/weibo?q=%E6%B2%99%E7%89%B9%E9%A6%96%E9%83%BD%E5%88%A9%E9%9B%85%E5%BE%97%E9%81%AD%E7%A9%BA%E8%A2%AD&Refer=index,,微博,微博热榜,hot,hotlist,,2026-09-19 10:28:31
7,韩国选手听到朝鲜国歌集体慌乱,,405054,https://s.weibo.com/weibo?q=%E9%9F%A9%E5%9B%BD%E9%80%89%E6%89%8B%E5%90%AC%E5%88%B0%E6%9C%9D%E9%B2%9C%E5%9B%BD%E6%AD%8C%E9%9B%86%E4%BD%93%E6%85%8C%E4%B9%B1&Refer=index,,微博,微博热榜,hot,hotlist,,2026-09-19 10:28:31
8,巩县石窟遇见云冈,,370154,https://s.weibo.com/weibo?q=%E5%B7%A9%E5%8E%BF%E7%9F%B3%E7%AA%9F%E9%81%87%E8%A7%81%E4%BA%91%E5%86%88&Refer=index,,微博,微博热榜,hot,hotlist,,2026-09-19 10:28:31
9,啄木鸟修1个开关2800已全额退还,,305339,https://s.weibo.com/weibo?q=%E5%95%84%E6%9C%A8%E9%B8%9F%E4%BF%AE1%E4%B8%AA%E5%BC%80%E5%85%B32800%E5%B7%B2%E5%85%A8%E9%A2%9D%E9%80%80%E8%BF%98&Refer=index,,微博,微博热榜,hot,hotlist,,2026-09-19 10:28:31
10,郑合惠子没有感情全是演技,,244074,https://s.weibo.com/weibo?q=%E9%83%91%E5%90%88%E6%83%A0%E5%AD%90%E6%B2%A1%E6%9C%89%E6%84%9F%E6%83%85%E5%85%A8%E6%98%AF%E6%BC%94%E6%8A%80&Refer=index,,微博,微博热榜,hot,hotlist,,2026-09-19 10:28:31
11,特朗普称获格陵兰岛永久安全控制权,,224749,https://s.weibo.com/weibo?q=%E7%89%B9%E6%9C%97%E6%99%AE%E7%A7%B0%E8%8E%B7%E6%A0%BC%E9%99%B5%E5%85%B0%E5%B2%9B%E6%B0%B8%E4%B9%85%E5%AE%89%E5%85%A8%E6%8E%A7%E5%88%B6%E6%9D%83&Refer=index,,微博,微博热榜,hot,hotlist,,2026-09-19 10:28:31
12,亚运会,,218946,https://s.weibo.com/weibo?q=%E4%BA%9A%E8%BF%90%E4%BC%9A&Refer=index,,微博,微博热榜,hot,hotlist,,2026-09-19 10:28:31
13,张凯毅官宣离婚,,216914,https://s.weibo.com/weibo?q=%E5%BC%A0%E5%87%AF%E6%AF%85%E5%AE%98%E5%AE%A3%E7%A6%BB%E5%A9%9A&Refer=index,,微博,微博热榜,hot,hotlist,,2026-09-19 10:28:31
14,池昌旭林珍娜是关系很铁的好友关系,,215390,https://s.weibo.com/weibo?q=%E6%B1%A0%E6%98%8C%E6%97%AD%E6%9E%97%E7%8F%8D%E5%A8%9C%E6%98%AF%E5%85%B3%E7%B3%BB%E5%BE%88%E9%93%81%E7%9A%84%E5%A5%BD%E5%8F%8B%E5%85%B3%E7%B3%BB&Refer=index,,微博,微博热榜,hot,hotlist,,2026-09-19 10:28:31
15,亚马尔无视凯恩,,213035,https://s.weibo.com/weibo?q=%E4%BA%9A%E9%A9%AC%E5%B0%94%E6%97%A0%E8%A7%86%E5%87%AF%E6%81%A9&Refer=index,,微博,微博热榜,hot,hotlist,,2026-09-19 10:28:31
16,本届亚运会混乱程度,,209123,https://s.weibo.com/weibo?q=%E6%9C%AC%E5%B1%8A%E4%BA%9A%E8%BF%90%E4%BC%9A%E6%B7%B7%E4%B9%B1%E7%A8%8B%E5%BA%A6&Refer=index,,微博,微博热榜,hot,hotlist,,2026-09-19 10:28:31
17,物业暴力阻拦业主回家,,203974,https://s.weibo.com/weibo?q=%E7%89%A9%E4%B8%9A%E6%9A%B4%E5%8A%9B%E9%98%BB%E6%8B%A6%E4%B8%9A%E4%B8%BB%E5%9B%9E%E5%AE%B6&Refer=index,,微博,微博热榜,hot,hotlist,,2026-09-19 10:28:31
18,张凯毅曾说凤冠碎了是不好的预兆,,195459,https://s.weibo.com/weibo?q=%E5%BC%A0%E5%87%AF%E6%AF%85%E6%9B%BE%E8%AF%B4%E5%87%A4%E5%86%A0%E7%A2%8E%E4%BA%86%E6%98%AF%E4%B8%8D%E5%A5%BD%E7%9A%84%E9%A2%84%E5%85%86&Refer=index,,微博,微博热榜,hot,hotlist,,2026-09-19 10:28:31
19,北京 防空警报,,181790,https://s.weibo.com/weibo?q=%E5%8C%97%E4%BA%AC%20%E9%98%B2%E7%A9%BA%E8%AD%A6%E6%8A%A5&Refer=index,,微博,微博热榜,hot,hotlist,,2026-09-19 10:28:31
20,池昌旭林珍娜口碑,,166156,https://s.weibo.com/weibo?q=%E6%B1%A0%E6%98%8C%E6%97%AD%E6%9E%97%E7%8F%8D%E5%A8%9C%E5%8F%A3%E7%A2%91&Refer=index,,微博,微博热榜,hot,hotlist,,2026-09-19 10:28:31
21,亚运组委会致歉,,161244,https://s.weibo.com/weibo?q=%E4%BA%9A%E8%BF%90%E7%BB%84%E5%A7%94%E4%BC%9A%E8%87%B4%E6%AD%89&Refer=index,,微博,微博热榜,hot,hotlist,,2026-09-19 10:28:31
22,旧手机格式化也不安全,,161202,https://s.weibo.com/weibo?q=%E6%97%A7%E6%89%8B%E6%9C%BA%E6%A0%BC%E5%BC%8F%E5%8C%96%E4%B9%9F%E4%B8%8D%E5%AE%89%E5%85%A8&Refer=index,,微博,微博热榜,hot,hotlist,,2026-09-19 10:28:31
23,经济上行期是一种感觉,,160767,https://s.weibo.com/weibo?q=%E7%BB%8F%E6%B5%8E%E4%B8%8A%E8%A1%8C%E6%9C%9F%E6%98%AF%E4%B8%80%E7%A7%8D%E6%84%9F%E8%A7%89&Refer=index,,微博,微博热榜,hot,hotlist,,2026-09-19 10:28:31
24,女子咳痰3年竟因洗澡时1个小动作,,160421,https://s.weibo.com/weibo?q=%E5%A5%B3%E5%AD%90%E5%92%B3%E7%97%B03%E5%B9%B4%E7%AB%9F%E5%9B%A0%E6%B4%97%E6%BE%A1%E6%97%B61%E4%B8%AA%E5%B0%8F%E5%8A%A8%E4%BD%9C&Refer=index,,微博,微博热榜,hot,hotlist,,2026-09-19 10:28:31
25,数学老师投300万拍电影票房不足3万,,160342,https://s.weibo.com/weibo?q=%E6%95%B0%E5%AD%A6%E8%80%81%E5%B8%88%E6%8A%95300%E4%B8%87%E6%8B%8D%E7%94%B5%E5%BD%B1%E7%A5%A8%E6%88%BF%E4%B8%8D%E8%B6%B33%E4%B8%87&Refer=index,,微博,微博热榜,hot,hotlist,,2026-09-19 10:28:31
26,晚上11点是睡眠分水岭,,159905,https://s.weibo.com/weibo?q=%E6%99%9A%E4%B8%8A11%E7%82%B9%E6%98%AF%E7%9D%A1%E7%9C%A0%E5%88%86%E6%B0%B4%E5%B2%AD&Refer=index,,微博,微博热榜,hot,hotlist,,2026-09-19 10:28:31
27,挑情丑闻,,159615,https://s.weibo.com/weibo?q=%E6%8C%91%E6%83%85%E4%B8%91%E9%97%BB&Refer=index,,微博,微博热榜,hot,hotlist,,2026-09-19 10:28:31
28,好清醒的顶级认知,,159261,https://s.weibo.com/weibo?q=%E5%A5%BD%E6%B8%85%E9%86%92%E7%9A%84%E9%A1%B6%E7%BA%A7%E8%AE%A4%E7%9F%A5&Refer=index,,微博,微博热榜,hot,hotlist,,2026-09-19 10:28:31
29,特朗普签署对俄制裁新法案,,159205,https://s.weibo.com/weibo?q=%E7%89%B9%E6%9C%97%E6%99%AE%E7%AD%BE%E7%BD%B2%E5%AF%B9%E4%BF%84%E5%88%B6%E8%A3%81%E6%96%B0%E6%B3%95%E6%A1%88&Refer=index,,微博,微博热榜,hot,hotlist,,2026-09-19 10:28:31
30,第一次直观感受到低碳脸的杀伤力,,158889,https://s.weibo.com/weibo?q=%E7%AC%AC%E4%B8%80%E6%AC%A1%E7%9B%B4%E8%A7%82%E6%84%9F%E5%8F%97%E5%88%B0%E4%BD%8E%E7%A2%B3%E8%84%B8%E7%9A%84%E6%9D%80%E4%BC%A4%E5%8A%9B&Refer=index,,微博,微博热榜,hot,hotlist,,2026-09-19 10:28:31
31,女子称失踪闺蜜托梦暗示尸骸位置,,158631,https://s.weibo.com/weibo?q=%E5%A5%B3%E5%AD%90%E7%A7%B0%E5%A4%B1%E8%B8%AA%E9%97%BA%E8%9C%9C%E6%89%98%E6%A2%A6%E6%9A%97%E7%A4%BA%E5%B0%B8%E9%AA%B8%E4%BD%8D%E7%BD%AE&Refer=index,,微博,微博热榜,hot,hotlist,,2026-09-19 10:28:31
32,花呗白条月付产品退出支付选项,,158371,https://s.weibo.com/weibo?q=%E8%8A%B1%E5%91%97%E7%99%BD%E6%9D%A1%E6%9C%88%E4%BB%98%E4%BA%A7%E5%93%81%E9%80%80%E5%87%BA%E6%94%AF%E4%BB%98%E9%80%89%E9%A1%B9&Refer=index,,微博,微博热榜,hot,hotlist,,2026-09-19 10:28:31
33,流浪大橘找到全中国最安全午睡地,,156912,https://s.weibo.com/weibo?q=%E6%B5%81%E6%B5%AA%E5%A4%A7%E6%A9%98%E6%89%BE%E5%88%B0%E5%85%A8%E4%B8%AD%E5%9B%BD%E6%9C%80%E5%AE%89%E5%85%A8%E5%8D%88%E7%9D%A1%E5%9C%B0&Refer=index,,微博,微博热榜,hot,hotlist,,2026-09-19 10:28:31
34,吕蕺儿见到兰香第一反应是舍命相救,,155762,https://s.weibo.com/weibo?q=%E5%90%95%E8%95%BA%E5%84%BF%E8%A7%81%E5%88%B0%E5%85%B0%E9%A6%99%E7%AC%AC%E4%B8%80%E5%8F%8D%E5%BA%94%E6%98%AF%E8%88%8D%E5%91%BD%E7%9B%B8%E6%95%91&Refer=index,,微博,微博热榜,hot,hotlist,,2026-09-19 10:28:31
35,田栩宁实体专辑秒切,,155016,https://s.weibo.com/weibo?q=%E7%94%B0%E6%A0%A9%E5%AE%81%E5%AE%9E%E4%BD%93%E4%B8%93%E8%BE%91%E7%A7%92%E5%88%87&Refer=index,,微博,微博热榜,hot,hotlist,,2026-09-19 10:28:31
36,王一博嘉人十月刊封面宣发节奏,,153850,https://s.weibo.com/weibo?q=%E7%8E%8B%E4%B8%80%E5%8D%9A%E5%98%89%E4%BA%BA%E5%8D%81%E6%9C%88%E5%88%8A%E5%B0%81%E9%9D%A2%E5%AE%A3%E5%8F%91%E8%8A%82%E5%A5%8F&Refer=index,,微博,微博热榜,hot,hotlist,,2026-09-19 10:28:31
37,林锦岐半裸勾引许兰香,,151681,https://s.weibo.com/weibo?q=%E6%9E%97%E9%94%A6%E5%B2%90%E5%8D%8A%E8%A3%B8%E5%8B%BE%E5%BC%95%E8%AE%B8%E5%85%B0%E9%A6%99&Refer=index,,微博,微博热榜,hot,hotlist,,2026-09-19 10:28:31
38,蒲熠星我们之间到底算什么呢,,149343,https://s.weibo.com/weibo?q=%E8%92%B2%E7%86%A0%E6%98%9F%E6%88%91%E4%BB%AC%E4%B9%8B%E9%97%B4%E5%88%B0%E5%BA%95%E7%AE%97%E4%BB%80%E4%B9%88%E5%91%A2&Refer=index,,微博,微博热榜,hot,hotlist,,2026-09-19 10:28:31
39,计算机二级,,148797,https://s.weibo.com/weibo?q=%E8%AE%A1%E7%AE%97%E6%9C%BA%E4%BA%8C%E7%BA%A7&Refer=index,,微博,微博热榜,hot,hotlist,,2026-09-19 10:28:31
40,吕蕺儿当花魁救了兰香,,145698,https://s.weibo.com/weibo?q=%E5%90%95%E8%95%BA%E5%84%BF%E5%BD%93%E8%8A%B1%E9%AD%81%E6%95%91%E4%BA%86%E5%85%B0%E9%A6%99&Refer=index,,微博,微博热榜,hot,hotlist,,2026-09-19 10:28:31
41,王楚钦亚运男单首轮轮空,,140868,https://s.weibo.com/weibo?q=%E7%8E%8B%E6%A5%9A%E9%92%A6%E4%BA%9A%E8%BF%90%E7%94%B7%E5%8D%95%E9%A6%96%E8%BD%AE%E8%BD%AE%E7%A9%BA&Refer=index,,微博,微博热榜,hot,hotlist,,2026-09-19 10:28:31
42,菲船加速冲撞中国海警船现场视频,,129542,https://s.weibo.com/weibo?q=%E8%8F%B2%E8%88%B9%E5%8A%A0%E9%80%9F%E5%86%B2%E6%92%9E%E4%B8%AD%E5%9B%BD%E6%B5%B7%E8%AD%A6%E8%88%B9%E7%8E%B0%E5%9C%BA%E8%A7%86%E9%A2%91&Refer=index,,微博,微博热榜,hot,hotlist,,2026-09-19 10:28:31
43,漠河舞厅 王安宇李宛妲,,127419,https://s.weibo.com/weibo?q=%E6%BC%A0%E6%B2%B3%E8%88%9E%E5%8E%85%20%E7%8E%8B%E5%AE%89%E5%AE%87%E6%9D%8E%E5%AE%9B%E5%A6%B2&Refer=index,,微博,微博热榜,hot,hotlist,,2026-09-19 10:28:31
44,郭士强 下课,,124799,https://s.weibo.com/weibo?q=%E9%83%AD%E5%A3%AB%E5%BC%BA%20%E4%B8%8B%E8%AF%BE&Refer=index,,微博,微博热榜,hot,hotlist,,2026-09-19 10:28:31
45,成年人的世界不再是为自己而活,,122951,https://s.weibo.com/weibo?q=%E6%88%90%E5%B9%B4%E4%BA%BA%E7%9A%84%E4%B8%96%E7%95%8C%E4%B8%8D%E5%86%8D%E6%98%AF%E4%B8%BA%E8%87%AA%E5%B7%B1%E8%80%8C%E6%B4%BB&Refer=index,,微博,微博热榜,hot,hotlist,,2026-09-19 10:28:31
46,有西藏室友才有的牦牛肉干,,119507,https://s.weibo.com/weibo?q=%E6%9C%89%E8%A5%BF%E8%97%8F%E5%AE%A4%E5%8F%8B%E6%89%8D%E6%9C%89%E7%9A%84%E7%89%A6%E7%89%9B%E8%82%89%E5%B9%B2&Refer=index,,微博,微博热榜,hot,hotlist,,2026-09-19 10:28:31
47,王楚钦孙颖莎亚运首轮轮空,,119428,https://s.weibo.com/weibo?q=%E7%8E%8B%E6%A5%9A%E9%92%A6%E5%AD%99%E9%A2%96%E8%8E%8E%E4%BA%9A%E8%BF%90%E9%A6%96%E8%BD%AE%E8%BD%AE%E7%A9%BA&Refer=index,,微博,微博热榜,hot,hotlist,,2026-09-19 10:28:31
48,欧阳妮妮和欧阳娜娜偷偷跑出来吃夜宵,,117190,https://s.weibo.com/weibo?q=%E6%AC%A7%E9%98%B3%E5%A6%AE%E5%A6%AE%E5%92%8C%E6%AC%A7%E9%98%B3%E5%A8%9C%E5%A8%9C%E5%81%B7%E5%81%B7%E8%B7%91%E5%87%BA%E6%9D%A5%E5%90%83%E5%A4%9C%E5%AE%B5&Refer=index,,微博,微博热榜,hot,hotlist,,2026-09-19 10:28:31
49,终于有古装剧正常吃药了,,109159,https://s.weibo.com/weibo?q=%E7%BB%88%E4%BA%8E%E6%9C%89%E5%8F%A4%E8%A3%85%E5%89%A7%E6%AD%A3%E5%B8%B8%E5%90%83%E8%8D%AF%E4%BA%86&Refer=index,,微博,微博热榜,hot,hotlist,,2026-09-19 10:28:31
50,胃镜多久做一次才安全,,108657,https://s.weibo.com/weibo?q=%E8%83%83%E9%95%9C%E5%A4%9A%E4%B9%85%E5%81%9A%E4%B8%80%E6%AC%A1%E6%89%8D%E5%AE%89%E5%85%A8&Refer=index,,微博,微博热榜,hot,hotlist,,2026-09-19 10:28:31
51,iG对战JDG首发名单,,102287,https://s.weibo.com/weibo?q=iG%E5%AF%B9%E6%88%98JDG%E9%A6%96%E5%8F%91%E5%90%8D%E5%8D%95&Refer=index,,微博,微博热榜,hot,hotlist,,2026-09-19 10:28:31
52,iPhone17Pro和18Pro外观对比,,102195,https://s.weibo.com/weibo?q=iPhone17Pro%E5%92%8C18Pro%E5%A4%96%E8%A7%82%E5%AF%B9%E6%AF%94&Refer=index,,微博,微博热榜,hot,hotlist,,2026-09-19 10:28:31
1,中国男篮队长胡明轩赛后发声,,1080551,https://s.weibo.com/weibo?q=%E4%B8%AD%E5%9B%BD%E7%94%B7%E7%AF%AE%E9%98%9F%E9%95%BF%E8%83%A1%E6%98%8E%E8%BD%A9%E8%B5%9B%E5%90%8E%E5%8F%91%E5%A3%B0&Refer=index,,微博,微博热榜,hot,hotlist,,2026-09-19 11:23:59
2,中国的小偷为何断崖式下降,,773759,https://s.weibo.com/weibo?q=%E4%B8%AD%E5%9B%BD%E7%9A%84%E5%B0%8F%E5%81%B7%E4%B8%BA%E4%BD%95%E6%96%AD%E5%B4%96%E5%BC%8F%E4%B8%8B%E9%99%8D&Refer=index,,微博,微博热榜,hot,hotlist,,2026-09-19 11:23:59
3,2026亚运会今天开幕,,616438,https://s.weibo.com/weibo?q=2026%E4%BA%9A%E8%BF%90%E4%BC%9A%E4%BB%8A%E5%A4%A9%E5%BC%80%E5%B9%95&Refer=index,,微博,微博热榜,hot,hotlist,,2026-09-19 11:23:59
4,花呗白条月付产品退出支付选项,,514284,https://s.weibo.com/weibo?q=%E8%8A%B1%E5%91%97%E7%99%BD%E6%9D%A1%E6%9C%88%E4%BB%98%E4%BA%A7%E5%93%81%E9%80%80%E5%87%BA%E6%94%AF%E4%BB%98%E9%80%89%E9%A1%B9&Refer=index,,微博,微博热榜,hot,hotlist,,2026-09-19 11:23:59
5,梅毒越来越困扰年轻人,,491358,https://s.weibo.com/weibo?q=%E6%A2%85%E6%AF%92%E8%B6%8A%E6%9D%A5%E8%B6%8A%E5%9B%B0%E6%89%B0%E5%B9%B4%E8%BD%BB%E4%BA%BA&Refer=index,,微博,微博热榜,hot,hotlist,,2026-09-19 11:23:59
6,女装到底怎么了,,273071,https://s.weibo.com/weibo?q=%E5%A5%B3%E8%A3%85%E5%88%B0%E5%BA%95%E6%80%8E%E4%B9%88%E4%BA%86&Refer=index,,微博,微博热榜,hot,hotlist,,2026-09-19 11:23:59
7,池昌旭林珍娜口碑,,240270,https://s.weibo.com/weibo?q=%E6%B1%A0%E6%98%8C%E6%97%AD%E6%9E%97%E7%8F%8D%E5%A8%9C%E5%8F%A3%E7%A2%91&Refer=index,,微博,微博热榜,hot,hotlist,,2026-09-19 11:23:59
8,沙特首都利雅得遭空袭,,237476,https://s.weibo.com/weibo?q=%E6%B2%99%E7%89%B9%E9%A6%96%E9%83%BD%E5%88%A9%E9%9B%85%E5%BE%97%E9%81%AD%E7%A9%BA%E8%A2%AD&Refer=index,,微博,微博热榜,hot,hotlist,,2026-09-19 11:23:59
9,吕蕺儿见到兰香第一反应是舍命相救,,232814,https://s.weibo.com/weibo?q=%E5%90%95%E8%95%BA%E5%84%BF%E8%A7%81%E5%88%B0%E5%85%B0%E9%A6%99%E7%AC%AC%E4%B8%80%E5%8F%8D%E5%BA%94%E6%98%AF%E8%88%8D%E5%91%BD%E7%9B%B8%E6%95%91&Refer=index,,微博,微博热榜,hot,hotlist,,2026-09-19 11:23:59
10,iPhoneDuo 反掰,,222916,https://s.weibo.com/weibo?q=iPhoneDuo%20%E5%8F%8D%E6%8E%B0&Refer=index,,微博,微博热榜,hot,hotlist,,2026-09-19 11:23:59
11,张凯毅曾说凤冠碎了是不好的预兆,,220447,https://s.weibo.com/weibo?q=%E5%BC%A0%E5%87%AF%E6%AF%85%E6%9B%BE%E8%AF%B4%E5%87%A4%E5%86%A0%E7%A2%8E%E4%BA%86%E6%98%AF%E4%B8%8D%E5%A5%BD%E7%9A%84%E9%A2%84%E5%85%86&Refer=index,,微博,微博热榜,hot,hotlist,,2026-09-19 11:23:59
12,林锦岐半裸勾引许兰香,,216949,https://s.weibo.com/weibo?q=%E6%9E%97%E9%94%A6%E5%B2%90%E5%8D%8A%E8%A3%B8%E5%8B%BE%E5%BC%95%E8%AE%B8%E5%85%B0%E9%A6%99&Refer=index,,微博,微博热榜,hot,hotlist,,2026-09-19 11:23:59
13,肉包不吃肉 没有给过餐饮授权,,214600,https://s.weibo.com/weibo?q=%E8%82%89%E5%8C%85%E4%B8%8D%E5%90%83%E8%82%89%20%E6%B2%A1%E6%9C%89%E7%BB%99%E8%BF%87%E9%A4%90%E9%A5%AE%E6%8E%88%E6%9D%83&Refer=index,,微博,微博热榜,hot,hotlist,,2026-09-19 11:23:59
14,舒畅 脸,,207818,https://s.weibo.com/weibo?q=%E8%88%92%E7%95%85%20%E8%84%B8&Refer=index,,微博,微博热榜,hot,hotlist,,2026-09-19 11:23:59
15,亚运会,,204749,https://s.weibo.com/weibo?q=%E4%BA%9A%E8%BF%90%E4%BC%9A&Refer=index,,微博,微博热榜,hot,hotlist,,2026-09-19 11:23:59
16,张凯毅张煜东 黄金凤冠,,201893,https://s.weibo.com/weibo?q=%E5%BC%A0%E5%87%AF%E6%AF%85%E5%BC%A0%E7%85%9C%E4%B8%9C%20%E9%BB%84%E9%87%91%E5%87%A4%E5%86%A0&Refer=index,,微博,微博热榜,hot,hotlist,,2026-09-19 11:23:59
17,井柏然剪头发需要经纪人和品牌方同意,,199963,https://s.weibo.com/weibo?q=%E4%BA%95%E6%9F%8F%E7%84%B6%E5%89%AA%E5%A4%B4%E5%8F%91%E9%9C%80%E8%A6%81%E7%BB%8F%E7%BA%AA%E4%BA%BA%E5%92%8C%E5%93%81%E7%89%8C%E6%96%B9%E5%90%8C%E6%84%8F&Refer=index,,微博,微博热榜,hot,hotlist,,2026-09-19 11:23:59
18,微博发现页变红了,,195913,https://s.weibo.com/weibo?q=%E5%BE%AE%E5%8D%9A%E5%8F%91%E7%8E%B0%E9%A1%B5%E5%8F%98%E7%BA%A2%E4%BA%86&Refer=index,,微博,微博热榜,hot,hotlist,,2026-09-19 11:23:59
19,娃哈哈就员工公积金问题道歉,,195231,https://s.weibo.com/weibo?q=%E5%A8%83%E5%93%88%E5%93%88%E5%B0%B1%E5%91%98%E5%B7%A5%E5%85%AC%E7%A7%AF%E9%87%91%E9%97%AE%E9%A2%98%E9%81%93%E6%AD%89&Refer=index,,微博,微博热榜,hot,hotlist,,2026-09-19 11:23:59
20,成都理工大学 考试作弊群,,195071,https://s.weibo.com/weibo?q=%E6%88%90%E9%83%BD%E7%90%86%E5%B7%A5%E5%A4%A7%E5%AD%A6%20%E8%80%83%E8%AF%95%E4%BD%9C%E5%BC%8A%E7%BE%A4&Refer=index,,微博,微博热榜,hot,hotlist,,2026-09-19 11:23:59
21,北京 防空警报,,194957,https://s.weibo.com/weibo?q=%E5%8C%97%E4%BA%AC%20%E9%98%B2%E7%A9%BA%E8%AD%A6%E6%8A%A5&Refer=index,,微博,微博热榜,hot,hotlist,,2026-09-19 11:23:59
22,韩国选手听到朝鲜国歌集体慌乱,,185776,https://s.weibo.com/weibo?q=%E9%9F%A9%E5%9B%BD%E9%80%89%E6%89%8B%E5%90%AC%E5%88%B0%E6%9C%9D%E9%B2%9C%E5%9B%BD%E6%AD%8C%E9%9B%86%E4%BD%93%E6%85%8C%E4%B9%B1&Refer=index,,微博,微博热榜,hot,hotlist,,2026-09-19 11:23:59
23,经济上行期是一种感觉,,185532,https://s.weibo.com/weibo?q=%E7%BB%8F%E6%B5%8E%E4%B8%8A%E8%A1%8C%E6%9C%9F%E6%98%AF%E4%B8%80%E7%A7%8D%E6%84%9F%E8%A7%89&Refer=index,,微博,微博热榜,hot,hotlist,,2026-09-19 11:23:59
24,数学老师投300万拍电影票房不足3万,,185176,https://s.weibo.com/weibo?q=%E6%95%B0%E5%AD%A6%E8%80%81%E5%B8%88%E6%8A%95300%E4%B8%87%E6%8B%8D%E7%94%B5%E5%BD%B1%E7%A5%A8%E6%88%BF%E4%B8%8D%E8%B6%B33%E4%B8%87&Refer=index,,微博,微博热榜,hot,hotlist,,2026-09-19 11:23:59
25,女子咳痰3年竟因洗澡时1个小动作,,184705,https://s.weibo.com/weibo?q=%E5%A5%B3%E5%AD%90%E5%92%B3%E7%97%B03%E5%B9%B4%E7%AB%9F%E5%9B%A0%E6%B4%97%E6%BE%A1%E6%97%B61%E4%B8%AA%E5%B0%8F%E5%8A%A8%E4%BD%9C&Refer=index,,微博,微博热榜,hot,hotlist,,2026-09-19 11:23:59
26,恶犬咬伤婴儿,,184381,https://s.weibo.com/weibo?q=%E6%81%B6%E7%8A%AC%E5%92%AC%E4%BC%A4%E5%A9%B4%E5%84%BF&Refer=index,,微博,微博热榜,hot,hotlist,,2026-09-19 11:23:59
27,国外网友批ladygaga代孕,,183932,https://s.weibo.com/weibo?q=%E5%9B%BD%E5%A4%96%E7%BD%91%E5%8F%8B%E6%89%B9ladygaga%E4%BB%A3%E5%AD%95&Refer=index,,微博,微博热榜,hot,hotlist,,2026-09-19 11:23:59
28,京东iPhone18开售即送达,,183597,https://s.weibo.com/weibo?q=%E4%BA%AC%E4%B8%9CiPhone18%E5%BC%80%E5%94%AE%E5%8D%B3%E9%80%81%E8%BE%BE&Refer=index,,微博,微博热榜,hot,hotlist,,2026-09-19 11:23:59
29,啄木鸟修1个开关2800已全额退还,,183318,https://s.weibo.com/weibo?q=%E5%95%84%E6%9C%A8%E9%B8%9F%E4%BF%AE1%E4%B8%AA%E5%BC%80%E5%85%B32800%E5%B7%B2%E5%85%A8%E9%A2%9D%E9%80%80%E8%BF%98&Refer=index,,微博,微博热榜,hot,hotlist,,2026-09-19 11:23:59
30,局长被查家人花300万找政治骗子捞人,,179097,https://s.weibo.com/weibo?q=%E5%B1%80%E9%95%BF%E8%A2%AB%E6%9F%A5%E5%AE%B6%E4%BA%BA%E8%8A%B1300%E4%B8%87%E6%89%BE%E6%94%BF%E6%B2%BB%E9%AA%97%E5%AD%90%E6%8D%9E%E4%BA%BA&Refer=index,,微博,微博热榜,hot,hotlist,,2026-09-19 11:23:59
31,流浪大橘找到全中国最安全午睡地,,179072,https://s.weibo.com/weibo?q=%E6%B5%81%E6%B5%AA%E5%A4%A7%E6%A9%98%E6%89%BE%E5%88%B0%E5%85%A8%E4%B8%AD%E5%9B%BD%E6%9C%80%E5%AE%89%E5%85%A8%E5%8D%88%E7%9D%A1%E5%9C%B0&Refer=index,,微博,微博热榜,hot,hotlist,,2026-09-19 11:23:59
32,恋与深空,,178558,https://s.weibo.com/weibo?q=%E6%81%8B%E4%B8%8E%E6%B7%B1%E7%A9%BA&Refer=index,,微博,微博热榜,hot,hotlist,,2026-09-19 11:23:59
33,本届亚运会混乱程度,,177280,https://s.weibo.com/weibo?q=%E6%9C%AC%E5%B1%8A%E4%BA%9A%E8%BF%90%E4%BC%9A%E6%B7%B7%E4%B9%B1%E7%A8%8B%E5%BA%A6&Refer=index,,微博,微博热榜,hot,hotlist,,2026-09-19 11:23:59
34,王俊凯回应生日应援取消,,172750,https://s.weibo.com/weibo?q=%E7%8E%8B%E4%BF%8A%E5%87%AF%E5%9B%9E%E5%BA%94%E7%94%9F%E6%97%A5%E5%BA%94%E6%8F%B4%E5%8F%96%E6%B6%88&Refer=index,,微博,微博热榜,hot,hotlist,,2026-09-19 11:23:59
35,两口子离婚平台把结婚照判给商家,,168860,https://s.weibo.com/weibo?q=%E4%B8%A4%E5%8F%A3%E5%AD%90%E7%A6%BB%E5%A9%9A%E5%B9%B3%E5%8F%B0%E6%8A%8A%E7%BB%93%E5%A9%9A%E7%85%A7%E5%88%A4%E7%BB%99%E5%95%86%E5%AE%B6&Refer=index,,微博,微博热榜,hot,hotlist,,2026-09-19 11:23:59
36,好清醒的顶级认知,,157327,https://s.weibo.com/weibo?q=%E5%A5%BD%E6%B8%85%E9%86%92%E7%9A%84%E9%A1%B6%E7%BA%A7%E8%AE%A4%E7%9F%A5&Refer=index,,微博,微博热榜,hot,hotlist,,2026-09-19 11:23:59
37,田栩宁实体专辑秒切,,150680,https://s.weibo.com/weibo?q=%E7%94%B0%E6%A0%A9%E5%AE%81%E5%AE%9E%E4%BD%93%E4%B8%93%E8%BE%91%E7%A7%92%E5%88%87&Refer=index,,微博,微博热榜,hot,hotlist,,2026-09-19 11:23:59
38,特朗普称获格陵兰岛永久安全控制权,,137427,https://s.weibo.com/weibo?q=%E7%89%B9%E6%9C%97%E6%99%AE%E7%A7%B0%E8%8E%B7%E6%A0%BC%E9%99%B5%E5%85%B0%E5%B2%9B%E6%B0%B8%E4%B9%85%E5%AE%89%E5%85%A8%E6%8E%A7%E5%88%B6%E6%9D%83&Refer=index,,微博,微博热榜,hot,hotlist,,2026-09-19 11:23:59
39,董卿 送别敬一丹,,136064,https://s.weibo.com/weibo?q=%E8%91%A3%E5%8D%BF%20%E9%80%81%E5%88%AB%E6%95%AC%E4%B8%80%E4%B8%B9&Refer=index,,微博,微博热榜,hot,hotlist,,2026-09-19 11:23:59
40,挑情丑闻,,135917,https://s.weibo.com/weibo?q=%E6%8C%91%E6%83%85%E4%B8%91%E9%97%BB&Refer=index,,微博,微博热榜,hot,hotlist,,2026-09-19 11:23:59
41,王楚钦亚运男单首轮轮空,,134855,https://s.weibo.com/weibo?q=%E7%8E%8B%E6%A5%9A%E9%92%A6%E4%BA%9A%E8%BF%90%E7%94%B7%E5%8D%95%E9%A6%96%E8%BD%AE%E8%BD%AE%E7%A9%BA&Refer=index,,微博,微博热榜,hot,hotlist,,2026-09-19 11:23:59
42,攀枝花泥石流有人员失联,,133663,https://s.weibo.com/weibo?q=%E6%94%80%E6%9E%9D%E8%8A%B1%E6%B3%A5%E7%9F%B3%E6%B5%81%E6%9C%89%E4%BA%BA%E5%91%98%E5%A4%B1%E8%81%94&Refer=index,,微博,微博热榜,hot,hotlist,,2026-09-19 11:23:59
43,王鹤棣姚安娜被P图造谣法律后果,,133462,https://s.weibo.com/weibo?q=%E7%8E%8B%E9%B9%A4%E6%A3%A3%E5%A7%9A%E5%AE%89%E5%A8%9C%E8%A2%ABP%E5%9B%BE%E9%80%A0%E8%B0%A3%E6%B3%95%E5%BE%8B%E5%90%8E%E6%9E%9C&Refer=index,,微博,微博热榜,hot,hotlist,,2026-09-19 11:23:59
44,2名外籍游客抱出侧翻被困车中老人,,132841,https://s.weibo.com/weibo?q=2%E5%90%8D%E5%A4%96%E7%B1%8D%E6%B8%B8%E5%AE%A2%E6%8A%B1%E5%87%BA%E4%BE%A7%E7%BF%BB%E8%A2%AB%E5%9B%B0%E8%BD%A6%E4%B8%AD%E8%80%81%E4%BA%BA&Refer=index,,微博,微博热榜,hot,hotlist,,2026-09-19 11:23:59
45,晚上11点是睡眠分水岭,,131842,https://s.weibo.com/weibo?q=%E6%99%9A%E4%B8%8A11%E7%82%B9%E6%98%AF%E7%9D%A1%E7%9C%A0%E5%88%86%E6%B0%B4%E5%B2%AD&Refer=index,,微博,微博热榜,hot,hotlist,,2026-09-19 11:23:59
46,计算机二级,,131543,https://s.weibo.com/weibo?q=%E8%AE%A1%E7%AE%97%E6%9C%BA%E4%BA%8C%E7%BA%A7&Refer=index,,微博,微博热榜,hot,hotlist,,2026-09-19 11:23:59
47,亚马尔无视凯恩,,116589,https://s.weibo.com/weibo?q=%E4%BA%9A%E9%A9%AC%E5%B0%94%E6%97%A0%E8%A7%86%E5%87%AF%E6%81%A9&Refer=index,,微博,微博热榜,hot,hotlist,,2026-09-19 11:23:59
48,凯恩说不知道亚马尔什么意思,,115863,https://s.weibo.com/weibo?q=%E5%87%AF%E6%81%A9%E8%AF%B4%E4%B8%8D%E7%9F%A5%E9%81%93%E4%BA%9A%E9%A9%AC%E5%B0%94%E4%BB%80%E4%B9%88%E6%84%8F%E6%80%9D&Refer=index,,微博,微博热榜,hot,hotlist,,2026-09-19 11:23:59
49,物业暴力阻拦业主回家,,111404,https://s.weibo.com/weibo?q=%E7%89%A9%E4%B8%9A%E6%9A%B4%E5%8A%9B%E9%98%BB%E6%8B%A6%E4%B8%9A%E4%B8%BB%E5%9B%9E%E5%AE%B6&Refer=index,,微博,微博热榜,hot,hotlist,,2026-09-19 11:23:59
50,二期梅毒的最典型特征,,107123,https://s.weibo.com/weibo?q=%E4%BA%8C%E6%9C%9F%E6%A2%85%E6%AF%92%E7%9A%84%E6%9C%80%E5%85%B8%E5%9E%8B%E7%89%B9%E5%BE%81&Refer=index,,微博,微博热榜,hot,hotlist,,2026-09-19 11:23:59
1,女装到底怎么了,,1105597,https://s.weibo.com/weibo?q=%E5%A5%B3%E8%A3%85%E5%88%B0%E5%BA%95%E6%80%8E%E4%B9%88%E4%BA%86&Refer=index,,微博,微博热榜,hot,hotlist,,2026-09-19 12:23:41
2,iPhoneDuo 反掰,,799896,https://s.weibo.com/weibo?q=iPhoneDuo%20%E5%8F%8D%E6%8E%B0&Refer=index,,微博,微博热榜,hot,hotlist,,2026-09-19 12:23:41
3,2026亚运会今天开幕,,659514,https://s.weibo.com/weibo?q=2026%E4%BA%9A%E8%BF%90%E4%BC%9A%E4%BB%8A%E5%A4%A9%E5%BC%80%E5%B9%95&Refer=index,,微博,微博热榜,hot,hotlist,,2026-09-19 12:23:41
4,问界M7车主称从华为亲儿子变东风小康,,604754,https://s.weibo.com/weibo?q=%E9%97%AE%E7%95%8CM7%E8%BD%A6%E4%B8%BB%E7%A7%B0%E4%BB%8E%E5%8D%8E%E4%B8%BA%E4%BA%B2%E5%84%BF%E5%AD%90%E5%8F%98%E4%B8%9C%E9%A3%8E%E5%B0%8F%E5%BA%B7&Refer=index,,微博,微博热榜,hot,hotlist,,2026-09-19 12:23:41
5,中国男篮队长胡明轩赛后发声,,408016,https://s.weibo.com/weibo?q=%E4%B8%AD%E5%9B%BD%E7%94%B7%E7%AF%AE%E9%98%9F%E9%95%BF%E8%83%A1%E6%98%8E%E8%BD%A9%E8%B5%9B%E5%90%8E%E5%8F%91%E5%A3%B0&Refer=index,,微博,微博热榜,hot,hotlist,,2026-09-19 12:23:41
6,花呗白条月付产品退出支付选项,,351282,https://s.weibo.com/weibo?q=%E8%8A%B1%E5%91%97%E7%99%BD%E6%9D%A1%E6%9C%88%E4%BB%98%E4%BA%A7%E5%93%81%E9%80%80%E5%87%BA%E6%94%AF%E4%BB%98%E9%80%89%E9%A1%B9&Refer=index,,微博,微博热榜,hot,hotlist,,2026-09-19 12:23:41
7,九号杯王者争霸赛等你来战,,334575,https://s.weibo.com/weibo?q=%E4%B9%9D%E5%8F%B7%E6%9D%AF%E7%8E%8B%E8%80%85%E4%BA%89%E9%9C%B8%E8%B5%9B%E7%AD%89%E4%BD%A0%E6%9D%A5%E6%88%98&Refer=index,,微博,微博热榜,hot,hotlist,,2026-09-19 12:23:41
8,梅毒越来越困扰年轻人,,322964,https://s.weibo.com/weibo?q=%E6%A2%85%E6%AF%92%E8%B6%8A%E6%9D%A5%E8%B6%8A%E5%9B%B0%E6%89%B0%E5%B9%B4%E8%BD%BB%E4%BA%BA&Refer=index,,微博,微博热榜,hot,hotlist,,2026-09-19 12:23:41
9,中国的小偷为何断崖式下降,,265893,https://s.weibo.com/weibo?q=%E4%B8%AD%E5%9B%BD%E7%9A%84%E5%B0%8F%E5%81%B7%E4%B8%BA%E4%BD%95%E6%96%AD%E5%B4%96%E5%BC%8F%E4%B8%8B%E9%99%8D&Refer=index,,微博,微博热榜,hot,hotlist,,2026-09-19 12:23:41
10,孙颖莎王楚钦出征亚运会,,257057,https://s.weibo.com/weibo?q=%E5%AD%99%E9%A2%96%E8%8E%8E%E7%8E%8B%E6%A5%9A%E9%92%A6%E5%87%BA%E5%BE%81%E4%BA%9A%E8%BF%90%E4%BC%9A&Refer=index,,微博,微博热榜,hot,hotlist,,2026-09-19 12:23:41
11,中国男篮上次亚运夺冠是8年前,,257046,https://s.weibo.com/weibo?q=%E4%B8%AD%E5%9B%BD%E7%94%B7%E7%AF%AE%E4%B8%8A%E6%AC%A1%E4%BA%9A%E8%BF%90%E5%A4%BA%E5%86%A0%E6%98%AF8%E5%B9%B4%E5%89%8D&Refer=index,,微博,微博热榜,hot,hotlist,,2026-09-19 12:23:41
12,浙江商K大面积关门,,256922,https://s.weibo.com/weibo?q=%E6%B5%99%E6%B1%9F%E5%95%86K%E5%A4%A7%E9%9D%A2%E7%A7%AF%E5%85%B3%E9%97%A8&Refer=index,,微博,微博热榜,hot,hotlist,,2026-09-19 12:23:41
13,肉包不吃肉 没有给过餐饮授权,,256882,https://s.weibo.com/weibo?q=%E8%82%89%E5%8C%85%E4%B8%8D%E5%90%83%E8%82%89%20%E6%B2%A1%E6%9C%89%E7%BB%99%E8%BF%87%E9%A4%90%E9%A5%AE%E6%8E%88%E6%9D%83&Refer=index,,微博,微博热榜,hot,hotlist,,2026-09-19 12:23:41
14,张煜东自张凯毅2月生产后再无更新,,256818,https://s.weibo.com/weibo?q=%E5%BC%A0%E7%85%9C%E4%B8%9C%E8%87%AA%E5%BC%A0%E5%87%AF%E6%AF%852%E6%9C%88%E7%94%9F%E4%BA%A7%E5%90%8E%E5%86%8D%E6%97%A0%E6%9B%B4%E6%96%B0&Refer=index,,微博,微博热榜,hot,hotlist,,2026-09-19 12:23:41
15,舒畅 脸,,256701,https://s.weibo.com/weibo?q=%E8%88%92%E7%95%85%20%E8%84%B8&Refer=index,,微博,微博热榜,hot,hotlist,,2026-09-19 12:23:41
16,亚运会,,256632,https://s.weibo.com/weibo?q=%E4%BA%9A%E8%BF%90%E4%BC%9A&Refer=index,,微博,微博热榜,hot,hotlist,,2026-09-19 12:23:41
17,建议大家少用这种充电宝,,256615,https://s.weibo.com/weibo?q=%E5%BB%BA%E8%AE%AE%E5%A4%A7%E5%AE%B6%E5%B0%91%E7%94%A8%E8%BF%99%E7%A7%8D%E5%85%85%E7%94%B5%E5%AE%9D&Refer=index,,微博,微博热榜,hot,hotlist,,2026-09-19 12:23:41
18,无限暖暖,,256550,https://s.weibo.com/weibo?q=%E6%97%A0%E9%99%90%E6%9A%96%E6%9A%96&Refer=index,,微博,微博热榜,hot,hotlist,,2026-09-19 12:23:41
19,国外网友批ladygaga代孕,,250778,https://s.weibo.com/weibo?q=%E5%9B%BD%E5%A4%96%E7%BD%91%E5%8F%8B%E6%89%B9ladygaga%E4%BB%A3%E5%AD%95&Refer=index,,微博,微博热榜,hot,hotlist,,2026-09-19 12:23:41
20,尘肺病人举报公司反被罚5万获撤销,,250492,https://s.weibo.com/weibo?q=%E5%B0%98%E8%82%BA%E7%97%85%E4%BA%BA%E4%B8%BE%E6%8A%A5%E5%85%AC%E5%8F%B8%E5%8F%8D%E8%A2%AB%E7%BD%9A5%E4%B8%87%E8%8E%B7%E6%92%A4%E9%94%80&Refer=index,,微博,微博热榜,hot,hotlist,,2026-09-19 12:23:41
21,舒畅 我38岁状态挺好的,,250312,https://s.weibo.com/weibo?q=%E8%88%92%E7%95%85%20%E6%88%9138%E5%B2%81%E7%8A%B6%E6%80%81%E6%8C%BA%E5%A5%BD%E7%9A%84&Refer=index,,微博,微博热榜,hot,hotlist,,2026-09-19 12:23:41
22,王俊凯回应生日应援取消,,250119,https://s.weibo.com/weibo?q=%E7%8E%8B%E4%BF%8A%E5%87%AF%E5%9B%9E%E5%BA%94%E7%94%9F%E6%97%A5%E5%BA%94%E6%8F%B4%E5%8F%96%E6%B6%88&Refer=index,,微博,微博热榜,hot,hotlist,,2026-09-19 12:23:41
23,经济上行期是一种感觉,,249750,https://s.weibo.com/weibo?q=%E7%BB%8F%E6%B5%8E%E4%B8%8A%E8%A1%8C%E6%9C%9F%E6%98%AF%E4%B8%80%E7%A7%8D%E6%84%9F%E8%A7%89&Refer=index,,微博,微博热榜,hot,hotlist,,2026-09-19 12:23:41
24,胡军全家伦敦给闺女干活,,249548,https://s.weibo.com/weibo?q=%E8%83%A1%E5%86%9B%E5%85%A8%E5%AE%B6%E4%BC%A6%E6%95%A6%E7%BB%99%E9%97%BA%E5%A5%B3%E5%B9%B2%E6%B4%BB&Refer=index,,微博,微博热榜,hot,hotlist,,2026-09-19 12:23:41
25,上海防空警报,,243793,https://s.weibo.com/weibo?q=%E4%B8%8A%E6%B5%B7%E9%98%B2%E7%A9%BA%E8%AD%A6%E6%8A%A5&Refer=index,,微博,微博热榜,hot,hotlist,,2026-09-19 12:23:41
26,井柏然剪头发需要经纪人和品牌方同意,,239614,https://s.weibo.com/weibo?q=%E4%BA%95%E6%9F%8F%E7%84%B6%E5%89%AA%E5%A4%B4%E5%8F%91%E9%9C%80%E8%A6%81%E7%BB%8F%E7%BA%AA%E4%BA%BA%E5%92%8C%E5%93%81%E7%89%8C%E6%96%B9%E5%90%8C%E6%84%8F&Refer=index,,微博,微博热榜,hot,hotlist,,2026-09-19 12:23:41
27,第五人格亚运纪录片,,232932,https://s.weibo.com/weibo?q=%E7%AC%AC%E4%BA%94%E4%BA%BA%E6%A0%BC%E4%BA%9A%E8%BF%90%E7%BA%AA%E5%BD%95%E7%89%87&Refer=index,,微博,微博热榜,hot,hotlist,,2026-09-19 12:23:41
28,能找到好工作的人都有野路子,,214106,https://s.weibo.com/weibo?q=%E8%83%BD%E6%89%BE%E5%88%B0%E5%A5%BD%E5%B7%A5%E4%BD%9C%E7%9A%84%E4%BA%BA%E9%83%BD%E6%9C%89%E9%87%8E%E8%B7%AF%E5%AD%90&Refer=index,,微博,微博热榜,hot,hotlist,,2026-09-19 12:23:41
29,闪耀暖暖,,194905,https://s.weibo.com/weibo?q=%E9%97%AA%E8%80%80%E6%9A%96%E6%9A%96&Refer=index,,微博,微博热榜,hot,hotlist,,2026-09-19 12:23:41
30,于东来正被自己的人设绑架,,182567,https://s.weibo.com/weibo?q=%E4%BA%8E%E4%B8%9C%E6%9D%A5%E6%AD%A3%E8%A2%AB%E8%87%AA%E5%B7%B1%E7%9A%84%E4%BA%BA%E8%AE%BE%E7%BB%91%E6%9E%B6&Refer=index,,微博,微博热榜,hot,hotlist,,2026-09-19 12:23:41
31,晚上11点是睡眠分水岭,,182047,https://s.weibo.com/weibo?q=%E6%99%9A%E4%B8%8A11%E7%82%B9%E6%98%AF%E7%9D%A1%E7%9C%A0%E5%88%86%E6%B0%B4%E5%B2%AD&Refer=index,,微博,微博热榜,hot,hotlist,,2026-09-19 12:23:41
32,张凯毅前夫被曝称当网红像耍猴,,181706,https://s.weibo.com/weibo?q=%E5%BC%A0%E5%87%AF%E6%AF%85%E5%89%8D%E5%A4%AB%E8%A2%AB%E6%9B%9D%E7%A7%B0%E5%BD%93%E7%BD%91%E7%BA%A2%E5%83%8F%E8%80%8D%E7%8C%B4&Refer=index,,微博,微博热榜,hot,hotlist,,2026-09-19 12:23:41
33,曝光硫磺笋博主发声,,181330,https://s.weibo.com/weibo?q=%E6%9B%9D%E5%85%89%E7%A1%AB%E7%A3%BA%E7%AC%8B%E5%8D%9A%E4%B8%BB%E5%8F%91%E5%A3%B0&Refer=index,,微博,微博热榜,hot,hotlist,,2026-09-19 12:23:41
34,林珍娜替身,,180702,https://s.weibo.com/weibo?q=%E6%9E%97%E7%8F%8D%E5%A8%9C%E6%9B%BF%E8%BA%AB&Refer=index,,微博,微博热榜,hot,hotlist,,2026-09-19 12:23:41
35,数学老师投300万拍电影票房不足3万,,180346,https://s.weibo.com/weibo?q=%E6%95%B0%E5%AD%A6%E8%80%81%E5%B8%88%E6%8A%95300%E4%B8%87%E6%8B%8D%E7%94%B5%E5%BD%B1%E7%A5%A8%E6%88%BF%E4%B8%8D%E8%B6%B33%E4%B8%87&Refer=index,,微博,微博热榜,hot,hotlist,,2026-09-19 12:23:41
36,吕蕺儿见到兰香第一反应是舍命相救,,161260,https://s.weibo.com/weibo?q=%E5%90%95%E8%95%BA%E5%84%BF%E8%A7%81%E5%88%B0%E5%85%B0%E9%A6%99%E7%AC%AC%E4%B8%80%E5%8F%8D%E5%BA%94%E6%98%AF%E8%88%8D%E5%91%BD%E7%9B%B8%E6%95%91&Refer=index,,微博,微博热榜,hot,hotlist,,2026-09-19 12:23:41
37,北京 防空警报,,161232,https://s.weibo.com/weibo?q=%E5%8C%97%E4%BA%AC%20%E9%98%B2%E7%A9%BA%E8%AD%A6%E6%8A%A5&Refer=index,,微博,微博热榜,hot,hotlist,,2026-09-19 12:23:41
38,防空警报试鸣日期疑问,,157441,https://s.weibo.com/weibo?q=%E9%98%B2%E7%A9%BA%E8%AD%A6%E6%8A%A5%E8%AF%95%E9%B8%A3%E6%97%A5%E6%9C%9F%E7%96%91%E9%97%AE&Refer=index,,微博,微博热榜,hot,hotlist,,2026-09-19 12:23:41
39,王鹤棣姚安娜被P图造谣法律后果,,154323,https://s.weibo.com/weibo?q=%E7%8E%8B%E9%B9%A4%E6%A3%A3%E5%A7%9A%E5%AE%89%E5%A8%9C%E8%A2%ABP%E5%9B%BE%E9%80%A0%E8%B0%A3%E6%B3%95%E5%BE%8B%E5%90%8E%E6%9E%9C&Refer=index,,微博,微博热榜,hot,hotlist,,2026-09-19 12:23:41
40,恋与深空混池PV延迟,,148697,https://s.weibo.com/weibo?q=%E6%81%8B%E4%B8%8E%E6%B7%B1%E7%A9%BA%E6%B7%B7%E6%B1%A0PV%E5%BB%B6%E8%BF%9F&Refer=index,,微博,微博热榜,hot,hotlist,,2026-09-19 12:23:41
41,两口子离婚平台把结婚照判给商家,,140463,https://s.weibo.com/weibo?q=%E4%B8%A4%E5%8F%A3%E5%AD%90%E7%A6%BB%E5%A9%9A%E5%B9%B3%E5%8F%B0%E6%8A%8A%E7%BB%93%E5%A9%9A%E7%85%A7%E5%88%A4%E7%BB%99%E5%95%86%E5%AE%B6&Refer=index,,微博,微博热榜,hot,hotlist,,2026-09-19 12:23:41
42,亲子鉴定规则被指双标,,139220,https://s.weibo.com/weibo?q=%E4%BA%B2%E5%AD%90%E9%89%B4%E5%AE%9A%E8%A7%84%E5%88%99%E8%A2%AB%E6%8C%87%E5%8F%8C%E6%A0%87&Refer=index,,微博,微博热榜,hot,hotlist,,2026-09-19 12:23:41
43,王俊凯你是在养死士吗,,139170,https://s.weibo.com/weibo?q=%E7%8E%8B%E4%BF%8A%E5%87%AF%E4%BD%A0%E6%98%AF%E5%9C%A8%E5%85%BB%E6%AD%BB%E5%A3%AB%E5%90%97&Refer=index,,微博,微博热榜,hot,hotlist,,2026-09-19 12:23:41
44,中国女篮111比46泰国女篮,,135853,https://s.weibo.com/weibo?q=%E4%B8%AD%E5%9B%BD%E5%A5%B3%E7%AF%AE111%E6%AF%9446%E6%B3%B0%E5%9B%BD%E5%A5%B3%E7%AF%AE&Refer=index,,微博,微博热榜,hot,hotlist,,2026-09-19 12:23:41
45,沙特首都利雅得遭空袭,,134153,https://s.weibo.com/weibo?q=%E6%B2%99%E7%89%B9%E9%A6%96%E9%83%BD%E5%88%A9%E9%9B%85%E5%BE%97%E9%81%AD%E7%A9%BA%E8%A2%AD&Refer=index,,微博,微博热榜,hot,hotlist,,2026-09-19 12:23:41
46,流浪大橘找到全中国最安全午睡地,,123502,https://s.weibo.com/weibo?q=%E6%B5%81%E6%B5%AA%E5%A4%A7%E6%A9%98%E6%89%BE%E5%88%B0%E5%85%A8%E4%B8%AD%E5%9B%BD%E6%9C%80%E5%AE%89%E5%85%A8%E5%8D%88%E7%9D%A1%E5%9C%B0&Refer=index,,微博,微博热榜,hot,hotlist,,2026-09-19 12:23:41
47,白鹿红秀高定封面,,122754,https://s.weibo.com/weibo?q=%E7%99%BD%E9%B9%BF%E7%BA%A2%E7%A7%80%E9%AB%98%E5%AE%9A%E5%B0%81%E9%9D%A2&Refer=index,,微博,微博热榜,hot,hotlist,,2026-09-19 12:23:41
48,池昌旭林珍娜口碑,,118155,https://s.weibo.com/weibo?q=%E6%B1%A0%E6%98%8C%E6%97%AD%E6%9E%97%E7%8F%8D%E5%A8%9C%E5%8F%A3%E7%A2%91&Refer=index,,微博,微博热榜,hot,hotlist,,2026-09-19 12:23:41
49,微博发现页变红了,,114197,https://s.weibo.com/weibo?q=%E5%BE%AE%E5%8D%9A%E5%8F%91%E7%8E%B0%E9%A1%B5%E5%8F%98%E7%BA%A2%E4%BA%86&Refer=index,,微博,微博热榜,hot,hotlist,,2026-09-19 12:23:41
50,啄木鸟修1个开关2800已全额退还,,112449,https://s.weibo.com/weibo?q=%E5%95%84%E6%9C%A8%E9%B8%9F%E4%BF%AE1%E4%B8%AA%E5%BC%80%E5%85%B32800%E5%B7%B2%E5%85%A8%E9%A2%9D%E9%80%80%E8%BF%98&Refer=index,,微博,微博热榜,hot,hotlist,,2026-09-19 12:23:41
51,孙颖莎亚运女单首轮轮空,,109873,https://s.weibo.com/weibo?q=%E5%AD%99%E9%A2%96%E8%8E%8E%E4%BA%9A%E8%BF%90%E5%A5%B3%E5%8D%95%E9%A6%96%E8%BD%AE%E8%BD%AE%E7%A9%BA&Refer=index,,微博,微博热榜,hot,hotlist,,2026-09-19 12:23:41
1,女装到底怎么了,,1101232,https://s.weibo.com/weibo?q=%E5%A5%B3%E8%A3%85%E5%88%B0%E5%BA%95%E6%80%8E%E4%B9%88%E4%BA%86&Refer=index,,微博,微博热榜,hot,hotlist,,2026-09-19 13:19:30
2,能找到好工作的人都有野路子,,797268,https://s.weibo.com/weibo?q=%E8%83%BD%E6%89%BE%E5%88%B0%E5%A5%BD%E5%B7%A5%E4%BD%9C%E7%9A%84%E4%BA%BA%E9%83%BD%E6%9C%89%E9%87%8E%E8%B7%AF%E5%AD%90&Refer=index,,微博,微博热榜,hot,hotlist,,2026-09-19 13:19:30
3,向国旗敬礼,,626409,https://s.weibo.com/weibo?q=%E5%90%91%E5%9B%BD%E6%97%97%E6%95%AC%E7%A4%BC&Refer=index,,微博,微博热榜,hot,hotlist,,2026-09-19 13:19:30
4,京东iPhone18Pro首批现货到手,,436715,https://s.weibo.com/weibo?q=%E4%BA%AC%E4%B8%9CiPhone18Pro%E9%A6%96%E6%89%B9%E7%8E%B0%E8%B4%A7%E5%88%B0%E6%89%8B&Refer=index,,微博,微博热榜,hot,hotlist,,2026-09-19 13:19:30
5,四川攀枝花泥石流,,281510,https://s.weibo.com/weibo?q=%E5%9B%9B%E5%B7%9D%E6%94%80%E6%9E%9D%E8%8A%B1%E6%B3%A5%E7%9F%B3%E6%B5%81&Refer=index,,微博,微博热榜,hot,hotlist,,2026-09-19 13:19:30
6,亚运会,,271540,https://s.weibo.com/weibo?q=%E4%BA%9A%E8%BF%90%E4%BC%9A&Refer=index,,微博,微博热榜,hot,hotlist,,2026-09-19 13:19:30
7,花呗白条月付产品退出支付选项,,265319,https://s.weibo.com/weibo?q=%E8%8A%B1%E5%91%97%E7%99%BD%E6%9D%A1%E6%9C%88%E4%BB%98%E4%BA%A7%E5%93%81%E9%80%80%E5%87%BA%E6%94%AF%E4%BB%98%E9%80%89%E9%A1%B9&Refer=index,,微博,微博热榜,hot,hotlist,,2026-09-19 13:19:30
8,超自然行动组典藏包第1弹上线,,248442,https://s.weibo.com/weibo?q=%E8%B6%85%E8%87%AA%E7%84%B6%E8%A1%8C%E5%8A%A8%E7%BB%84%E5%85%B8%E8%97%8F%E5%8C%85%E7%AC%AC1%E5%BC%B9%E4%B8%8A%E7%BA%BF&Refer=index,,微博,微博热榜,hot,hotlist,,2026-09-19 13:19:30
9,胡军全家伦敦给闺女干活,,234632,https://s.weibo.com/weibo?q=%E8%83%A1%E5%86%9B%E5%85%A8%E5%AE%B6%E4%BC%A6%E6%95%A6%E7%BB%99%E9%97%BA%E5%A5%B3%E5%B9%B2%E6%B4%BB&Refer=index,,微博,微博热榜,hot,hotlist,,2026-09-19 13:19:30
10,梅毒越来越困扰年轻人,,224600,https://s.weibo.com/weibo?q=%E6%A2%85%E6%AF%92%E8%B6%8A%E6%9D%A5%E8%B6%8A%E5%9B%B0%E6%89%B0%E5%B9%B4%E8%BD%BB%E4%BA%BA&Refer=index,,微博,微博热榜,hot,hotlist,,2026-09-19 13:19:30
11,中国男篮队长胡明轩赛后发声,,186072,https://s.weibo.com/weibo?q=%E4%B8%AD%E5%9B%BD%E7%94%B7%E7%AF%AE%E9%98%9F%E9%95%BF%E8%83%A1%E6%98%8E%E8%BD%A9%E8%B5%9B%E5%90%8E%E5%8F%91%E5%A3%B0&Refer=index,,微博,微博热榜,hot,hotlist,,2026-09-19 13:19:30
12,于东来正被自己的人设绑架,,186063,https://s.weibo.com/weibo?q=%E4%BA%8E%E4%B8%9C%E6%9D%A5%E6%AD%A3%E8%A2%AB%E8%87%AA%E5%B7%B1%E7%9A%84%E4%BA%BA%E8%AE%BE%E7%BB%91%E6%9E%B6&Refer=index,,微博,微博热榜,hot,hotlist,,2026-09-19 13:19:30
13,西贝被曝将彻底倒闭,,185945,https://s.weibo.com/weibo?q=%E8%A5%BF%E8%B4%9D%E8%A2%AB%E6%9B%9D%E5%B0%86%E5%BD%BB%E5%BA%95%E5%80%92%E9%97%AD&Refer=index,,微博,微博热榜,hot,hotlist,,2026-09-19 13:19:30
14,张凯毅前夫被曝称当网红像耍猴,,185878,https://s.weibo.com/weibo?q=%E5%BC%A0%E5%87%AF%E6%AF%85%E5%89%8D%E5%A4%AB%E8%A2%AB%E6%9B%9D%E7%A7%B0%E5%BD%93%E7%BD%91%E7%BA%A2%E5%83%8F%E8%80%8D%E7%8C%B4&Refer=index,,微博,微博热榜,hot,hotlist,,2026-09-19 13:19:30
15,肉包不吃肉 没有给过餐饮授权,,185818,https://s.weibo.com/weibo?q=%E8%82%89%E5%8C%85%E4%B8%8D%E5%90%83%E8%82%89%20%E6%B2%A1%E6%9C%89%E7%BB%99%E8%BF%87%E9%A4%90%E9%A5%AE%E6%8E%88%E6%9D%83&Refer=index,,微博,微博热榜,hot,hotlist,,2026-09-19 13:19:30
16,浙江商K大面积关门,,185781,https://s.weibo.com/weibo?q=%E6%B5%99%E6%B1%9F%E5%95%86K%E5%A4%A7%E9%9D%A2%E7%A7%AF%E5%85%B3%E9%97%A8&Refer=index,,微博,微博热榜,hot,hotlist,,2026-09-19 13:19:30
17,舒畅 脸,,185670,https://s.weibo.com/weibo?q=%E8%88%92%E7%95%85%20%E8%84%B8&Refer=index,,微博,微博热榜,hot,hotlist,,2026-09-19 13:19:30
18,18岁女儿高一退学坚持出嫁,,185573,https://s.weibo.com/weibo?q=18%E5%B2%81%E5%A5%B3%E5%84%BF%E9%AB%98%E4%B8%80%E9%80%80%E5%AD%A6%E5%9D%9A%E6%8C%81%E5%87%BA%E5%AB%81&Refer=index,,微博,微博热榜,hot,hotlist,,2026-09-19 13:19:30
19,张煜东自张凯毅2月生产后再无更新,,185538,https://s.weibo.com/weibo?q=%E5%BC%A0%E7%85%9C%E4%B8%9C%E8%87%AA%E5%BC%A0%E5%87%AF%E6%AF%852%E6%9C%88%E7%94%9F%E4%BA%A7%E5%90%8E%E5%86%8D%E6%97%A0%E6%9B%B4%E6%96%B0&Refer=index,,微博,微博热榜,hot,hotlist,,2026-09-19 13:19:30
20,跟着吴磊爱回收,,185498,https://s.weibo.com/weibo?q=%E8%B7%9F%E7%9D%80%E5%90%B4%E7%A3%8A%E7%88%B1%E5%9B%9E%E6%94%B6&Refer=index,,微博,微博热榜,hot,hotlist,,2026-09-19 13:19:30
21,建议大家少用这种充电宝,,185364,https://s.weibo.com/weibo?q=%E5%BB%BA%E8%AE%AE%E5%A4%A7%E5%AE%B6%E5%B0%91%E7%94%A8%E8%BF%99%E7%A7%8D%E5%85%85%E7%94%B5%E5%AE%9D&Refer=index,,微博,微博热榜,hot,hotlist,,2026-09-19 13:19:30
22,亲子鉴定规则被指双标,,185293,https://s.weibo.com/weibo?q=%E4%BA%B2%E5%AD%90%E9%89%B4%E5%AE%9A%E8%A7%84%E5%88%99%E8%A2%AB%E6%8C%87%E5%8F%8C%E6%A0%87&Refer=index,,微博,微博热榜,hot,hotlist,,2026-09-19 13:19:30
23,25岁妻子捐肾救患尿毒症丈夫,,185268,https://s.weibo.com/weibo?q=25%E5%B2%81%E5%A6%BB%E5%AD%90%E6%8D%90%E8%82%BE%E6%95%91%E6%82%A3%E5%B0%BF%E6%AF%92%E7%97%87%E4%B8%88%E5%A4%AB&Refer=index,,微博,微博热榜,hot,hotlist,,2026-09-19 13:19:30
24,涉事硫磺熏笋流向至今成谜,,185207,https://s.weibo.com/weibo?q=%E6%B6%89%E4%BA%8B%E7%A1%AB%E7%A3%BA%E7%86%8F%E7%AC%8B%E6%B5%81%E5%90%91%E8%87%B3%E4%BB%8A%E6%88%90%E8%B0%9C&Refer=index,,微博,微博热榜,hot,hotlist,,2026-09-19 13:19:30
25,林珍娜替身,,185099,https://s.weibo.com/weibo?q=%E6%9E%97%E7%8F%8D%E5%A8%9C%E6%9B%BF%E8%BA%AB&Refer=index,,微博,微博热榜,hot,hotlist,,2026-09-19 13:19:30
26,王俊凯回应生日应援取消,,185013,https://s.weibo.com/weibo?q=%E7%8E%8B%E4%BF%8A%E5%87%AF%E5%9B%9E%E5%BA%94%E7%94%9F%E6%97%A5%E5%BA%94%E6%8F%B4%E5%8F%96%E6%B6%88&Refer=index,,微博,微博热榜,hot,hotlist,,2026-09-19 13:19:30
27,井柏然剪头发需要经纪人和品牌方同意,,184945,https://s.weibo.com/weibo?q=%E4%BA%95%E6%9F%8F%E7%84%B6%E5%89%AA%E5%A4%B4%E5%8F%91%E9%9C%80%E8%A6%81%E7%BB%8F%E7%BA%AA%E4%BA%BA%E5%92%8C%E5%93%81%E7%89%8C%E6%96%B9%E5%90%8C%E6%84%8F&Refer=index,,微博,微博热榜,hot,hotlist,,2026-09-19 13:19:30
28,问界M7车主称从华为亲儿子变东风小康,,184892,https://s.weibo.com/weibo?q=%E9%97%AE%E7%95%8CM7%E8%BD%A6%E4%B8%BB%E7%A7%B0%E4%BB%8E%E5%8D%8E%E4%B8%BA%E4%BA%B2%E5%84%BF%E5%AD%90%E5%8F%98%E4%B8%9C%E9%A3%8E%E5%B0%8F%E5%BA%B7&Refer=index,,微博,微博热榜,hot,hotlist,,2026-09-19 13:19:30
29,iPhoneDuo 反掰,,184846,https://s.weibo.com/weibo?q=iPhoneDuo%20%E5%8F%8D%E6%8E%B0&Refer=index,,微博,微博热榜,hot,hotlist,,2026-09-19 13:19:30
30,舒畅 我38岁状态挺好的,,184783,https://s.weibo.com/weibo?q=%E8%88%92%E7%95%85%20%E6%88%9138%E5%B2%81%E7%8A%B6%E6%80%81%E6%8C%BA%E5%A5%BD%E7%9A%84&Refer=index,,微博,微博热榜,hot,hotlist,,2026-09-19 13:19:30
31,经济上行期是一种感觉,,184675,https://s.weibo.com/weibo?q=%E7%BB%8F%E6%B5%8E%E4%B8%8A%E8%A1%8C%E6%9C%9F%E6%98%AF%E4%B8%80%E7%A7%8D%E6%84%9F%E8%A7%89&Refer=index,,微博,微博热榜,hot,hotlist,,2026-09-19 13:19:30
32,2026亚运会今天开幕,,184624,https://s.weibo.com/weibo?q=2026%E4%BA%9A%E8%BF%90%E4%BC%9A%E4%BB%8A%E5%A4%A9%E5%BC%80%E5%B9%95&Refer=index,,微博,微博热榜,hot,hotlist,,2026-09-19 13:19:30
33,中国的小偷为何断崖式下降,,184513,https://s.weibo.com/weibo?q=%E4%B8%AD%E5%9B%BD%E7%9A%84%E5%B0%8F%E5%81%B7%E4%B8%BA%E4%BD%95%E6%96%AD%E5%B4%96%E5%BC%8F%E4%B8%8B%E9%99%8D&Refer=index,,微博,微博热榜,hot,hotlist,,2026-09-19 13:19:30
34,天蚕土豆沫子上演沫欺中年穷,,184478,https://s.weibo.com/weibo?q=%E5%A4%A9%E8%9A%95%E5%9C%9F%E8%B1%86%E6%B2%AB%E5%AD%90%E4%B8%8A%E6%BC%94%E6%B2%AB%E6%AC%BA%E4%B8%AD%E5%B9%B4%E7%A9%B7&Refer=index,,微博,微博热榜,hot,hotlist,,2026-09-19 13:19:30
35,日本19岁女孩卖淫日接待3至4人,,184354,https://s.weibo.com/weibo?q=%E6%97%A5%E6%9C%AC19%E5%B2%81%E5%A5%B3%E5%AD%A9%E5%8D%96%E6%B7%AB%E6%97%A5%E6%8E%A5%E5%BE%853%E8%87%B34%E4%BA%BA&Refer=index,,微博,微博热榜,hot,hotlist,,2026-09-19 13:19:30
36,兰香如故腾讯年冠,,184353,https://s.weibo.com/weibo?q=%E5%85%B0%E9%A6%99%E5%A6%82%E6%95%85%E8%85%BE%E8%AE%AF%E5%B9%B4%E5%86%A0&Refer=index,,微博,微博热榜,hot,hotlist,,2026-09-19 13:19:30
37,国外网友批ladygaga代孕,,184007,https://s.weibo.com/weibo?q=%E5%9B%BD%E5%A4%96%E7%BD%91%E5%8F%8B%E6%89%B9ladygaga%E4%BB%A3%E5%AD%95&Refer=index,,微博,微博热榜,hot,hotlist,,2026-09-19 13:19:30
38,麦当劳开进燕云了,,181839,https://s.weibo.com/weibo?q=%E9%BA%A6%E5%BD%93%E5%8A%B3%E5%BC%80%E8%BF%9B%E7%87%95%E4%BA%91%E4%BA%86&Refer=index,,微博,微博热榜,hot,hotlist,,2026-09-19 13:19:30
39,朱一龙听到镇魂的反应,,180310,https://s.weibo.com/weibo?q=%E6%9C%B1%E4%B8%80%E9%BE%99%E5%90%AC%E5%88%B0%E9%95%87%E9%AD%82%E7%9A%84%E5%8F%8D%E5%BA%94&Refer=index,,微博,微博热榜,hot,hotlist,,2026-09-19 13:19:30
40,周也女鬼塑大片,,178795,https://s.weibo.com/weibo?q=%E5%91%A8%E4%B9%9F%E5%A5%B3%E9%AC%BC%E5%A1%91%E5%A4%A7%E7%89%87&Refer=index,,微博,微博热榜,hot,hotlist,,2026-09-19 13:19:30
41,上海防空警报,,152507,https://s.weibo.com/weibo?q=%E4%B8%8A%E6%B5%B7%E9%98%B2%E7%A9%BA%E8%AD%A6%E6%8A%A5&Refer=index,,微博,微博热榜,hot,hotlist,,2026-09-19 13:19:30
42,宗馥莉清库存式中秋福利被吐槽了,,136725,https://s.weibo.com/weibo?q=%E5%AE%97%E9%A6%A5%E8%8E%89%E6%B8%85%E5%BA%93%E5%AD%98%E5%BC%8F%E4%B8%AD%E7%A7%8B%E7%A6%8F%E5%88%A9%E8%A2%AB%E5%90%90%E6%A7%BD%E4%BA%86&Refer=index,,微博,微博热榜,hot,hotlist,,2026-09-19 13:19:30
43,无限暖暖,,131472,https://s.weibo.com/weibo?q=%E6%97%A0%E9%99%90%E6%9A%96%E6%9A%96&Refer=index,,微博,微博热榜,hot,hotlist,,2026-09-19 13:19:30
44,凡人修仙传,,120393,https://s.weibo.com/weibo?q=%E5%87%A1%E4%BA%BA%E4%BF%AE%E4%BB%99%E4%BC%A0&Refer=index,,微博,微博热榜,hot,hotlist,,2026-09-19 13:19:30
45,数学老师投300万拍电影票房不足3万,,118646,https://s.weibo.com/weibo?q=%E6%95%B0%E5%AD%A6%E8%80%81%E5%B8%88%E6%8A%95300%E4%B8%87%E6%8B%8D%E7%94%B5%E5%BD%B1%E7%A5%A8%E6%88%BF%E4%B8%8D%E8%B6%B33%E4%B8%87&Refer=index,,微博,微博热榜,hot,hotlist,,2026-09-19 13:19:30
46,曝华为门店撤掉问界,,118225,https://s.weibo.com/weibo?q=%E6%9B%9D%E5%8D%8E%E4%B8%BA%E9%97%A8%E5%BA%97%E6%92%A4%E6%8E%89%E9%97%AE%E7%95%8C&Refer=index,,微博,微博热榜,hot,hotlist,,2026-09-19 13:19:30
47,恋与深空混池PV延迟,,111031,https://s.weibo.com/weibo?q=%E6%81%8B%E4%B8%8E%E6%B7%B1%E7%A9%BA%E6%B7%B7%E6%B1%A0PV%E5%BB%B6%E8%BF%9F&Refer=index,,微博,微博热榜,hot,hotlist,,2026-09-19 13:19:30
48,新疆人第一次见自己的馕发霉震惊了,,110404,https://s.weibo.com/weibo?q=%E6%96%B0%E7%96%86%E4%BA%BA%E7%AC%AC%E4%B8%80%E6%AC%A1%E8%A7%81%E8%87%AA%E5%B7%B1%E7%9A%84%E9%A6%95%E5%8F%91%E9%9C%89%E9%9C%87%E6%83%8A%E4%BA%86&Refer=index,,微博,微博热榜,hot,hotlist,,2026-09-19 13:19:30
49,中国女篮111比46泰国女篮,,109384,https://s.weibo.com/weibo?q=%E4%B8%AD%E5%9B%BD%E5%A5%B3%E7%AF%AE111%E6%AF%9446%E6%B3%B0%E5%9B%BD%E5%A5%B3%E7%AF%AE&Refer=index,,微博,微博热榜,hot,hotlist,,2026-09-19 13:19:30
50,吕蕺儿见到兰香第一反应是舍命相救,,105912,https://s.weibo.com/weibo?q=%E5%90%95%E8%95%BA%E5%84%BF%E8%A7%81%E5%88%B0%E5%85%B0%E9%A6%99%E7%AC%AC%E4%B8%80%E5%8F%8D%E5%BA%94%E6%98%AF%E8%88%8D%E5%91%BD%E7%9B%B8%E6%95%91&Refer=index,,微博,微博热榜,hot,hotlist,,2026-09-19 13:19:30
51,孙颖莎王楚钦出征亚运会,,100836,https://s.weibo.com/weibo?q=%E5%AD%99%E9%A2%96%E8%8E%8E%E7%8E%8B%E6%A5%9A%E9%92%A6%E5%87%BA%E5%BE%81%E4%BA%9A%E8%BF%90%E4%BC%9A&Refer=index,,微博,微博热榜,hot,hotlist,,2026-09-19 13:19:30
52,两口子离婚平台把结婚照判给商家,,100538,https://s.weibo.com/weibo?q=%E4%B8%A4%E5%8F%A3%E5%AD%90%E7%A6%BB%E5%A9%9A%E5%B9%B3%E5%8F%B0%E6%8A%8A%E7%BB%93%E5%A9%9A%E7%85%A7%E5%88%A4%E7%BB%99%E5%95%86%E5%AE%B6&Refer=index,,微博,微博热榜,hot,hotlist,,2026-09-19 13:19:30
1,女装到底怎么了,,1124284,https://s.weibo.com/weibo?q=%E5%A5%B3%E8%A3%85%E5%88%B0%E5%BA%95%E6%80%8E%E4%B9%88%E4%BA%86&Refer=index,,微博,微博热榜,hot,hotlist,,2026-09-19 14:32:15
2,我有王一博微信 想加,,827144,https://s.weibo.com/weibo?q=%E6%88%91%E6%9C%89%E7%8E%8B%E4%B8%80%E5%8D%9A%E5%BE%AE%E4%BF%A1%20%E6%83%B3%E5%8A%A0&Refer=index,,微博,微博热榜,hot,hotlist,,2026-09-19 14:32:15
3,向国旗敬礼,,651814,https://s.weibo.com/weibo?q=%E5%90%91%E5%9B%BD%E6%97%97%E6%95%AC%E7%A4%BC&Refer=index,,微博,微博热榜,hot,hotlist,,2026-09-19 14:32:15
4,京东iPhone18Pro首批现货到手,,593364,https://s.weibo.com/weibo?q=%E4%BA%AC%E4%B8%9CiPhone18Pro%E9%A6%96%E6%89%B9%E7%8E%B0%E8%B4%A7%E5%88%B0%E6%89%8B&Refer=index,,微博,微博热榜,hot,hotlist,,2026-09-19 14:32:15
5,能找到好工作的人都有野路子,,545541,https://s.weibo.com/weibo?q=%E8%83%BD%E6%89%BE%E5%88%B0%E5%A5%BD%E5%B7%A5%E4%BD%9C%E7%9A%84%E4%BA%BA%E9%83%BD%E6%9C%89%E9%87%8E%E8%B7%AF%E5%AD%90&Refer=index,,微博,微博热榜,hot,hotlist,,2026-09-19 14:32:15
6,新疆人第一次见自己的馕发霉震惊了,,377512,https://s.weibo.com/weibo?q=%E6%96%B0%E7%96%86%E4%BA%BA%E7%AC%AC%E4%B8%80%E6%AC%A1%E8%A7%81%E8%87%AA%E5%B7%B1%E7%9A%84%E9%A6%95%E5%8F%91%E9%9C%89%E9%9C%87%E6%83%8A%E4%BA%86&Refer=index,,微博,微博热榜,hot,hotlist,,2026-09-19 14:32:15
7,林珍娜替身,,360431,https://s.weibo.com/weibo?q=%E6%9E%97%E7%8F%8D%E5%A8%9C%E6%9B%BF%E8%BA%AB&Refer=index,,微博,微博热榜,hot,hotlist,,2026-09-19 14:32:15
8,2026亚运会第五人格亚运版本项目,,346009,https://s.weibo.com/weibo?q=2026%E4%BA%9A%E8%BF%90%E4%BC%9A%E7%AC%AC%E4%BA%94%E4%BA%BA%E6%A0%BC%E4%BA%9A%E8%BF%90%E7%89%88%E6%9C%AC%E9%A1%B9%E7%9B%AE&Refer=index,,微博,微博热榜,hot,hotlist,,2026-09-19 14:32:15
9,iPhone18Pro1TB采用QLC,,344226,https://s.weibo.com/weibo?q=iPhone18Pro1TB%E9%87%87%E7%94%A8QLC&Refer=index,,微博,微博热榜,hot,hotlist,,2026-09-19 14:32:15
10,于东来正被自己的人设绑架,,338733,https://s.weibo.com/weibo?q=%E4%BA%8E%E4%B8%9C%E6%9D%A5%E6%AD%A3%E8%A2%AB%E8%87%AA%E5%B7%B1%E7%9A%84%E4%BA%BA%E8%AE%BE%E7%BB%91%E6%9E%B6&Refer=index,,微博,微博热榜,hot,hotlist,,2026-09-19 14:32:15
11,以为是抠门男友直到蛋糕转起来,,335131,https://s.weibo.com/weibo?q=%E4%BB%A5%E4%B8%BA%E6%98%AF%E6%8A%A0%E9%97%A8%E7%94%B7%E5%8F%8B%E7%9B%B4%E5%88%B0%E8%9B%8B%E7%B3%95%E8%BD%AC%E8%B5%B7%E6%9D%A5&Refer=index,,微博,微博热榜,hot,hotlist,,2026-09-19 14:32:15
12,亚运会,,326003,https://s.weibo.com/weibo?q=%E4%BA%9A%E8%BF%90%E4%BC%9A&Refer=index,,微博,微博热榜,hot,hotlist,,2026-09-19 14:32:15
13,西贝被曝将彻底倒闭,,322240,https://s.weibo.com/weibo?q=%E8%A5%BF%E8%B4%9D%E8%A2%AB%E6%9B%9D%E5%B0%86%E5%BD%BB%E5%BA%95%E5%80%92%E9%97%AD&Refer=index,,微博,微博热榜,hot,hotlist,,2026-09-19 14:32:15
14,舒畅 脸,,312570,https://s.weibo.com/weibo?q=%E8%88%92%E7%95%85%20%E8%84%B8&Refer=index,,微博,微博热榜,hot,hotlist,,2026-09-19 14:32:15
15,张凯毅前夫被曝称当网红像耍猴,,308006,https://s.weibo.com/weibo?q=%E5%BC%A0%E5%87%AF%E6%AF%85%E5%89%8D%E5%A4%AB%E8%A2%AB%E6%9B%9D%E7%A7%B0%E5%BD%93%E7%BD%91%E7%BA%A2%E5%83%8F%E8%80%8D%E7%8C%B4&Refer=index,,微博,微博热榜,hot,hotlist,,2026-09-19 14:32:15
16,浙江商K大面积关门,,299556,https://s.weibo.com/weibo?q=%E6%B5%99%E6%B1%9F%E5%95%86K%E5%A4%A7%E9%9D%A2%E7%A7%AF%E5%85%B3%E9%97%A8&Refer=index,,微博,微博热榜,hot,hotlist,,2026-09-19 14:32:15
17,贾国龙 西贝,,298142,https://s.weibo.com/weibo?q=%E8%B4%BE%E5%9B%BD%E9%BE%99%20%E8%A5%BF%E8%B4%9D&Refer=index,,微博,微博热榜,hot,hotlist,,2026-09-19 14:32:15
18,肉包不吃肉 没有给过餐饮授权,,286211,https://s.weibo.com/weibo?q=%E8%82%89%E5%8C%85%E4%B8%8D%E5%90%83%E8%82%89%20%E6%B2%A1%E6%9C%89%E7%BB%99%E8%BF%87%E9%A4%90%E9%A5%AE%E6%8E%88%E6%9D%83&Refer=index,,微博,微博热榜,hot,hotlist,,2026-09-19 14:32:15
19,18岁女儿高一退学坚持出嫁,,281801,https://s.weibo.com/weibo?q=18%E5%B2%81%E5%A5%B3%E5%84%BF%E9%AB%98%E4%B8%80%E9%80%80%E5%AD%A6%E5%9D%9A%E6%8C%81%E5%87%BA%E5%AB%81&Refer=index,,微博,微博热榜,hot,hotlist,,2026-09-19 14:32:15
20,于正官宣杨蓉出演朝玉阶,,276203,https://s.weibo.com/weibo?q=%E4%BA%8E%E6%AD%A3%E5%AE%98%E5%AE%A3%E6%9D%A8%E8%93%89%E5%87%BA%E6%BC%94%E6%9C%9D%E7%8E%89%E9%98%B6&Refer=index,,微博,微博热榜,hot,hotlist,,2026-09-19 14:32:15
21,张煜东自张凯毅2月生产后再无更新,,272151,https://s.weibo.com/weibo?q=%E5%BC%A0%E7%85%9C%E4%B8%9C%E8%87%AA%E5%BC%A0%E5%87%AF%E6%AF%852%E6%9C%88%E7%94%9F%E4%BA%A7%E5%90%8E%E5%86%8D%E6%97%A0%E6%9B%B4%E6%96%B0&Refer=index,,微博,微博热榜,hot,hotlist,,2026-09-19 14:32:15
22,建议大家少用这种充电宝,,258730,https://s.weibo.com/weibo?q=%E5%BB%BA%E8%AE%AE%E5%A4%A7%E5%AE%B6%E5%B0%91%E7%94%A8%E8%BF%99%E7%A7%8D%E5%85%85%E7%94%B5%E5%AE%9D&Refer=index,,微博,微博热榜,hot,hotlist,,2026-09-19 14:32:15
23,日本19岁女孩卖淫日接待3至4人,,258472,https://s.weibo.com/weibo?q=%E6%97%A5%E6%9C%AC19%E5%B2%81%E5%A5%B3%E5%AD%A9%E5%8D%96%E6%B7%AB%E6%97%A5%E6%8E%A5%E5%BE%853%E8%87%B34%E4%BA%BA&Refer=index,,微博,微博热榜,hot,hotlist,,2026-09-19 14:32:15
24,舒畅 我38岁状态挺好的,,256662,https://s.weibo.com/weibo?q=%E8%88%92%E7%95%85%20%E6%88%9138%E5%B2%81%E7%8A%B6%E6%80%81%E6%8C%BA%E5%A5%BD%E7%9A%84&Refer=index,,微博,微博热榜,hot,hotlist,,2026-09-19 14:32:15
25,宗馥莉清库存式中秋福利被吐槽了,,256183,https://s.weibo.com/weibo?q=%E5%AE%97%E9%A6%A5%E8%8E%89%E6%B8%85%E5%BA%93%E5%AD%98%E5%BC%8F%E4%B8%AD%E7%A7%8B%E7%A6%8F%E5%88%A9%E8%A2%AB%E5%90%90%E6%A7%BD%E4%BA%86&Refer=index,,微博,微博热榜,hot,hotlist,,2026-09-19 14:32:15
26,王俊凯回应生日应援取消,,247595,https://s.weibo.com/weibo?q=%E7%8E%8B%E4%BF%8A%E5%87%AF%E5%9B%9E%E5%BA%94%E7%94%9F%E6%97%A5%E5%BA%94%E6%8F%B4%E5%8F%96%E6%B6%88&Refer=index,,微博,微博热榜,hot,hotlist,,2026-09-19 14:32:15
27,iPhoneDuo 反掰,,231096,https://s.weibo.com/weibo?q=iPhoneDuo%20%E5%8F%8D%E6%8E%B0&Refer=index,,微博,微博热榜,hot,hotlist,,2026-09-19 14:32:15
28,易梦玲自曝do脸,,230094,https://s.weibo.com/weibo?q=%E6%98%93%E6%A2%A6%E7%8E%B2%E8%87%AA%E6%9B%9Ddo%E8%84%B8&Refer=index,,微博,微博热榜,hot,hotlist,,2026-09-19 14:32:15
29,朝玉阶,,219442,https://s.weibo.com/weibo?q=%E6%9C%9D%E7%8E%89%E9%98%B6&Refer=index,,微博,微博热榜,hot,hotlist,,2026-09-19 14:32:15
30,曝华为门店撤掉问界,,218382,https://s.weibo.com/weibo?q=%E6%9B%9D%E5%8D%8E%E4%B8%BA%E9%97%A8%E5%BA%97%E6%92%A4%E6%8E%89%E9%97%AE%E7%95%8C&Refer=index,,微博,微博热榜,hot,hotlist,,2026-09-19 14:32:15
31,四川攀枝花泥石流,,214744,https://s.weibo.com/weibo?q=%E5%9B%9B%E5%B7%9D%E6%94%80%E6%9E%9D%E8%8A%B1%E6%B3%A5%E7%9F%B3%E6%B5%81&Refer=index,,微博,微博热榜,hot,hotlist,,2026-09-19 14:32:15
32,2岁男童坠楼家中事发区域无监控,,214537,https://s.weibo.com/weibo?q=2%E5%B2%81%E7%94%B7%E7%AB%A5%E5%9D%A0%E6%A5%BC%E5%AE%B6%E4%B8%AD%E4%BA%8B%E5%8F%91%E5%8C%BA%E5%9F%9F%E6%97%A0%E7%9B%91%E6%8E%A7&Refer=index,,微博,微博热榜,hot,hotlist,,2026-09-19 14:32:15
33,渔猎齐哥称取证硫磺熏笋并不顺利,,214480,https://s.weibo.com/weibo?q=%E6%B8%94%E7%8C%8E%E9%BD%90%E5%93%A5%E7%A7%B0%E5%8F%96%E8%AF%81%E7%A1%AB%E7%A3%BA%E7%86%8F%E7%AC%8B%E5%B9%B6%E4%B8%8D%E9%A1%BA%E5%88%A9&Refer=index,,微博,微博热榜,hot,hotlist,,2026-09-19 14:32:15
34,张晋晒参加白举纲婚礼照,,214429,https://s.weibo.com/weibo?q=%E5%BC%A0%E6%99%8B%E6%99%92%E5%8F%82%E5%8A%A0%E7%99%BD%E4%B8%BE%E7%BA%B2%E5%A9%9A%E7%A4%BC%E7%85%A7&Refer=index,,微博,微博热榜,hot,hotlist,,2026-09-19 14:32:15
35,胡军全家伦敦给闺女干活,,203975,https://s.weibo.com/weibo?q=%E8%83%A1%E5%86%9B%E5%85%A8%E5%AE%B6%E4%BC%A6%E6%95%A6%E7%BB%99%E9%97%BA%E5%A5%B3%E5%B9%B2%E6%B4%BB&Refer=index,,微博,微博热榜,hot,hotlist,,2026-09-19 14:32:15
36,亲子鉴定规则被指双标,,195470,https://s.weibo.com/weibo?q=%E4%BA%B2%E5%AD%90%E9%89%B4%E5%AE%9A%E8%A7%84%E5%88%99%E8%A2%AB%E6%8C%87%E5%8F%8C%E6%A0%87&Refer=index,,微博,微博热榜,hot,hotlist,,2026-09-19 14:32:15
37,经济上行期是一种感觉,,185492,https://s.weibo.com/weibo?q=%E7%BB%8F%E6%B5%8E%E4%B8%8A%E8%A1%8C%E6%9C%9F%E6%98%AF%E4%B8%80%E7%A7%8D%E6%84%9F%E8%A7%89&Refer=index,,微博,微博热榜,hot,hotlist,,2026-09-19 14:32:15
38,父亲车祸失明22万赔偿仅收到11.3元,,177131,https://s.weibo.com/weibo?q=%E7%88%B6%E4%BA%B2%E8%BD%A6%E7%A5%B8%E5%A4%B1%E6%98%8E22%E4%B8%87%E8%B5%94%E5%81%BF%E4%BB%85%E6%94%B6%E5%88%B011.3%E5%85%83&Refer=index,,微博,微博热榜,hot,hotlist,,2026-09-19 14:32:15
39,调休,,172433,https://s.weibo.com/weibo?q=%E8%B0%83%E4%BC%91&Refer=index,,微博,微博热榜,hot,hotlist,,2026-09-19 14:32:15
40,心动的信号,,166706,https://s.weibo.com/weibo?q=%E5%BF%83%E5%8A%A8%E7%9A%84%E4%BF%A1%E5%8F%B7&Refer=index,,微博,微博热榜,hot,hotlist,,2026-09-19 14:32:15
41,上海防空警报,,165445,https://s.weibo.com/weibo?q=%E4%B8%8A%E6%B5%B7%E9%98%B2%E7%A9%BA%E8%AD%A6%E6%8A%A5&Refer=index,,微博,微博热榜,hot,hotlist,,2026-09-19 14:32:15
42,吴昕 谁说路人缘没用的,,164208,https://s.weibo.com/weibo?q=%E5%90%B4%E6%98%95%20%E8%B0%81%E8%AF%B4%E8%B7%AF%E4%BA%BA%E7%BC%98%E6%B2%A1%E7%94%A8%E7%9A%84&Refer=index,,微博,微博热榜,hot,hotlist,,2026-09-19 14:32:15
43,祖先在下面托了所有关系,,163412,https://s.weibo.com/weibo?q=%E7%A5%96%E5%85%88%E5%9C%A8%E4%B8%8B%E9%9D%A2%E6%89%98%E4%BA%86%E6%89%80%E6%9C%89%E5%85%B3%E7%B3%BB&Refer=index,,微博,微博热榜,hot,hotlist,,2026-09-19 14:32:15
44,男明星顶着蔬菜大棚就出来了,,161175,https://s.weibo.com/weibo?q=%E7%94%B7%E6%98%8E%E6%98%9F%E9%A1%B6%E7%9D%80%E8%94%AC%E8%8F%9C%E5%A4%A7%E6%A3%9A%E5%B0%B1%E5%87%BA%E6%9D%A5%E4%BA%86&Refer=index,,微博,微博热榜,hot,hotlist,,2026-09-19 14:32:15
45,李荣浩 怎么每个群都是634人,,159766,https://s.weibo.com/weibo?q=%E6%9D%8E%E8%8D%A3%E6%B5%A9%20%E6%80%8E%E4%B9%88%E6%AF%8F%E4%B8%AA%E7%BE%A4%E9%83%BD%E6%98%AF634%E4%BA%BA&Refer=index,,微博,微博热榜,hot,hotlist,,2026-09-19 14:32:15
46,花呗白条月付产品退出支付选项,,153947,https://s.weibo.com/weibo?q=%E8%8A%B1%E5%91%97%E7%99%BD%E6%9D%A1%E6%9C%88%E4%BB%98%E4%BA%A7%E5%93%81%E9%80%80%E5%87%BA%E6%94%AF%E4%BB%98%E9%80%89%E9%A1%B9&Refer=index,,微博,微博热榜,hot,hotlist,,2026-09-19 14:32:15
47,朱一龙听到镇魂的反应,,153234,https://s.weibo.com/weibo?q=%E6%9C%B1%E4%B8%80%E9%BE%99%E5%90%AC%E5%88%B0%E9%95%87%E9%AD%82%E7%9A%84%E5%8F%8D%E5%BA%94&Refer=index,,微博,微博热榜,hot,hotlist,,2026-09-19 14:32:15
48,郑合惠子台词要嫁就嫁豪门世家,,148002,https://s.weibo.com/weibo?q=%E9%83%91%E5%90%88%E6%83%A0%E5%AD%90%E5%8F%B0%E8%AF%8D%E8%A6%81%E5%AB%81%E5%B0%B1%E5%AB%81%E8%B1%AA%E9%97%A8%E4%B8%96%E5%AE%B6&Refer=index,,微博,微博热榜,hot,hotlist,,2026-09-19 14:32:15
49,法国总统候选人知道中国23省,,146385,https://s.weibo.com/weibo?q=%E6%B3%95%E5%9B%BD%E6%80%BB%E7%BB%9F%E5%80%99%E9%80%89%E4%BA%BA%E7%9F%A5%E9%81%93%E4%B8%AD%E5%9B%BD23%E7%9C%81&Refer=index,,微博,微博热榜,hot,hotlist,,2026-09-19 14:32:15
50,井柏然剪头发需要经纪人和品牌方同意,,145746,https://s.weibo.com/weibo?q=%E4%BA%95%E6%9F%8F%E7%84%B6%E5%89%AA%E5%A4%B4%E5%8F%91%E9%9C%80%E8%A6%81%E7%BB%8F%E7%BA%AA%E4%BA%BA%E5%92%8C%E5%93%81%E7%89%8C%E6%96%B9%E5%90%8C%E6%84%8F&Refer=index,,微博,微博热榜,hot,hotlist,,2026-09-19 14:32:15
51,兰香如故腾讯年冠,,143534,https://s.weibo.com/weibo?q=%E5%85%B0%E9%A6%99%E5%A6%82%E6%95%85%E8%85%BE%E8%AE%AF%E5%B9%B4%E5%86%A0&Refer=index,,微博,微博热榜,hot,hotlist,,2026-09-19 14:32:15
52,iG生死战海报,,131748,https://s.weibo.com/weibo?q=iG%E7%94%9F%E6%AD%BB%E6%88%98%E6%B5%B7%E6%8A%A5&Refer=index,,微博,微博热榜,hot,hotlist,,2026-09-19 14:32:15
1,中秋节等于没放假,,1423998,https://s.weibo.com/weibo?q=%E4%B8%AD%E7%A7%8B%E8%8A%82%E7%AD%89%E4%BA%8E%E6%B2%A1%E6%94%BE%E5%81%87&Refer=index,,微博,微博热榜,hot,hotlist,,2026-09-19 15:21:12
2,我有王一博微信 想加,,882567,https://s.weibo.com/weibo?q=%E6%88%91%E6%9C%89%E7%8E%8B%E4%B8%80%E5%8D%9A%E5%BE%AE%E4%BF%A1%20%E6%83%B3%E5%8A%A0&Refer=index,,微博,微博热榜,hot,hotlist,,2026-09-19 15:21:12
3,十五五时期推进好房子建设,,733536,https://s.weibo.com/weibo?q=%E5%8D%81%E4%BA%94%E4%BA%94%E6%97%B6%E6%9C%9F%E6%8E%A8%E8%BF%9B%E5%A5%BD%E6%88%BF%E5%AD%90%E5%BB%BA%E8%AE%BE&Refer=index,,微博,微博热榜,hot,hotlist,,2026-09-19 15:21:12
4,十万级华为乾崑ADSSE星海V6上市,,715626,https://s.weibo.com/weibo?q=%E5%8D%81%E4%B8%87%E7%BA%A7%E5%8D%8E%E4%B8%BA%E4%B9%BE%E5%B4%91ADSSE%E6%98%9F%E6%B5%B7V6%E4%B8%8A%E5%B8%82&Refer=index,,微博,微博热榜,hot,hotlist,,2026-09-19 15:21:12
5,调休,,680859,https://s.weibo.com/weibo?q=%E8%B0%83%E4%BC%91&Refer=index,,微博,微博热榜,hot,hotlist,,2026-09-19 15:21:12
6,女装到底怎么了,,494480,https://s.weibo.com/weibo?q=%E5%A5%B3%E8%A3%85%E5%88%B0%E5%BA%95%E6%80%8E%E4%B9%88%E4%BA%86&Refer=index,,微博,微博热榜,hot,hotlist,,2026-09-19 15:21:12
7,于正官宣杨蓉出演朝玉阶,,425050,https://s.weibo.com/weibo?q=%E4%BA%8E%E6%AD%A3%E5%AE%98%E5%AE%A3%E6%9D%A8%E8%93%89%E5%87%BA%E6%BC%94%E6%9C%9D%E7%8E%89%E9%98%B6&Refer=index,,微博,微博热榜,hot,hotlist,,2026-09-19 15:21:12
8,上飞猪抢徐良北京站 稳了,,422977,https://s.weibo.com/weibo?q=%E4%B8%8A%E9%A3%9E%E7%8C%AA%E6%8A%A2%E5%BE%90%E8%89%AF%E5%8C%97%E4%BA%AC%E7%AB%99%20%E7%A8%B3%E4%BA%86&Refer=index,,微博,微博热榜,hot,hotlist,,2026-09-19 15:21:12
9,新疆人第一次见自己的馕发霉震惊了,,321398,https://s.weibo.com/weibo?q=%E6%96%B0%E7%96%86%E4%BA%BA%E7%AC%AC%E4%B8%80%E6%AC%A1%E8%A7%81%E8%87%AA%E5%B7%B1%E7%9A%84%E9%A6%95%E5%8F%91%E9%9C%89%E9%9C%87%E6%83%8A%E4%BA%86&Refer=index,,微博,微博热榜,hot,hotlist,,2026-09-19 15:21:12
10,能找到好工作的人都有野路子,,318405,https://s.weibo.com/weibo?q=%E8%83%BD%E6%89%BE%E5%88%B0%E5%A5%BD%E5%B7%A5%E4%BD%9C%E7%9A%84%E4%BA%BA%E9%83%BD%E6%9C%89%E9%87%8E%E8%B7%AF%E5%AD%90&Refer=index,,微博,微博热榜,hot,hotlist,,2026-09-19 15:21:12
11,单休我恨你,,317847,https://s.weibo.com/weibo?q=%E5%8D%95%E4%BC%91%E6%88%91%E6%81%A8%E4%BD%A0&Refer=index,,微博,微博热榜,hot,hotlist,,2026-09-19 15:21:12
12,朝玉阶,,316660,https://s.weibo.com/weibo?q=%E6%9C%9D%E7%8E%89%E9%98%B6&Refer=index,,微博,微博热榜,hot,hotlist,,2026-09-19 15:21:12
13,西贝被曝将彻底倒闭,,314896,https://s.weibo.com/weibo?q=%E8%A5%BF%E8%B4%9D%E8%A2%AB%E6%9B%9D%E5%B0%86%E5%BD%BB%E5%BA%95%E5%80%92%E9%97%AD&Refer=index,,微博,微博热榜,hot,hotlist,,2026-09-19 15:21:12
14,错换人生28年姚策生父郭希宽去世,,314143,https://s.weibo.com/weibo?q=%E9%94%99%E6%8D%A2%E4%BA%BA%E7%94%9F28%E5%B9%B4%E5%A7%9A%E7%AD%96%E7%94%9F%E7%88%B6%E9%83%AD%E5%B8%8C%E5%AE%BD%E5%8E%BB%E4%B8%96&Refer=index,,微博,微博热榜,hot,hotlist,,2026-09-19 15:21:12
15,青年失业率 灵活就业统计口径,,313015,https://s.weibo.com/weibo?q=%E9%9D%92%E5%B9%B4%E5%A4%B1%E4%B8%9A%E7%8E%87%20%E7%81%B5%E6%B4%BB%E5%B0%B1%E4%B8%9A%E7%BB%9F%E8%AE%A1%E5%8F%A3%E5%BE%84&Refer=index,,微博,微博热榜,hot,hotlist,,2026-09-19 15:21:12
16,papi家的大咪回喵星了,,311623,https://s.weibo.com/weibo?q=papi%E5%AE%B6%E7%9A%84%E5%A4%A7%E5%92%AA%E5%9B%9E%E5%96%B5%E6%98%9F%E4%BA%86&Refer=index,,微博,微博热榜,hot,hotlist,,2026-09-19 15:21:12
17,舒畅 脸,,311063,https://s.weibo.com/weibo?q=%E8%88%92%E7%95%85%20%E8%84%B8&Refer=index,,微博,微博热榜,hot,hotlist,,2026-09-19 15:21:12
18,浙江商K大面积关门,,309772,https://s.weibo.com/weibo?q=%E6%B5%99%E6%B1%9F%E5%95%86K%E5%A4%A7%E9%9D%A2%E7%A7%AF%E5%85%B3%E9%97%A8&Refer=index,,微博,微博热榜,hot,hotlist,,2026-09-19 15:21:12
19,建议大家少用这种充电宝,,308336,https://s.weibo.com/weibo?q=%E5%BB%BA%E8%AE%AE%E5%A4%A7%E5%AE%B6%E5%B0%91%E7%94%A8%E8%BF%99%E7%A7%8D%E5%85%85%E7%94%B5%E5%AE%9D&Refer=index,,微博,微博热榜,hot,hotlist,,2026-09-19 15:21:12
20,徐静雨谈中国男篮惨败日本,,307294,https://s.weibo.com/weibo?q=%E5%BE%90%E9%9D%99%E9%9B%A8%E8%B0%88%E4%B8%AD%E5%9B%BD%E7%94%B7%E7%AF%AE%E6%83%A8%E8%B4%A5%E6%97%A5%E6%9C%AC&Refer=index,,微博,微博热榜,hot,hotlist,,2026-09-19 15:21:12
21,CNN曝美军轻信AI险误冲中国船,,305818,https://s.weibo.com/weibo?q=CNN%E6%9B%9D%E7%BE%8E%E5%86%9B%E8%BD%BB%E4%BF%A1AI%E9%99%A9%E8%AF%AF%E5%86%B2%E4%B8%AD%E5%9B%BD%E8%88%B9&Refer=index,,微博,微博热榜,hot,hotlist,,2026-09-19 15:21:12
22,12306候补 存钱,,304869,https://s.weibo.com/weibo?q=12306%E5%80%99%E8%A1%A5%20%E5%AD%98%E9%92%B1&Refer=index,,微博,微博热榜,hot,hotlist,,2026-09-19 15:21:12
23,日本19岁女孩卖淫日接待3至4人,,303715,https://s.weibo.com/weibo?q=%E6%97%A5%E6%9C%AC19%E5%B2%81%E5%A5%B3%E5%AD%A9%E5%8D%96%E6%B7%AB%E6%97%A5%E6%8E%A5%E5%BE%853%E8%87%B34%E4%BA%BA&Refer=index,,微博,微博热榜,hot,hotlist,,2026-09-19 15:21:12
24,为了卖睡眠仪主播表演1秒入睡,,302873,https://s.weibo.com/weibo?q=%E4%B8%BA%E4%BA%86%E5%8D%96%E7%9D%A1%E7%9C%A0%E4%BB%AA%E4%B8%BB%E6%92%AD%E8%A1%A8%E6%BC%941%E7%A7%92%E5%85%A5%E7%9D%A1&Refer=index,,微博,微博热榜,hot,hotlist,,2026-09-19 15:21:12
25,iPhone18Pro1TB采用QLC,,300832,https://s.weibo.com/weibo?q=iPhone18Pro1TB%E9%87%87%E7%94%A8QLC&Refer=index,,微博,微博热榜,hot,hotlist,,2026-09-19 15:21:12
26,肉包不吃肉 没有给过餐饮授权,,299996,https://s.weibo.com/weibo?q=%E8%82%89%E5%8C%85%E4%B8%8D%E5%90%83%E8%82%89%20%E6%B2%A1%E6%9C%89%E7%BB%99%E8%BF%87%E9%A4%90%E9%A5%AE%E6%8E%88%E6%9D%83&Refer=index,,微博,微博热榜,hot,hotlist,,2026-09-19 15:21:12
27,贾国龙 西贝,,299368,https://s.weibo.com/weibo?q=%E8%B4%BE%E5%9B%BD%E9%BE%99%20%E8%A5%BF%E8%B4%9D&Refer=index,,微博,微博热榜,hot,hotlist,,2026-09-19 15:21:12
28,男明星顶着蔬菜大棚就出来了,,298298,https://s.weibo.com/weibo?q=%E7%94%B7%E6%98%8E%E6%98%9F%E9%A1%B6%E7%9D%80%E8%94%AC%E8%8F%9C%E5%A4%A7%E6%A3%9A%E5%B0%B1%E5%87%BA%E6%9D%A5%E4%BA%86&Refer=index,,微博,微博热榜,hot,hotlist,,2026-09-19 15:21:12
29,青年失业率 统计年龄范围,,282737,https://s.weibo.com/weibo?q=%E9%9D%92%E5%B9%B4%E5%A4%B1%E4%B8%9A%E7%8E%87%20%E7%BB%9F%E8%AE%A1%E5%B9%B4%E9%BE%84%E8%8C%83%E5%9B%B4&Refer=index,,微博,微博热榜,hot,hotlist,,2026-09-19 15:21:12
30,易梦玲自曝do脸,,282535,https://s.weibo.com/weibo?q=%E6%98%93%E6%A2%A6%E7%8E%B2%E8%87%AA%E6%9B%9Ddo%E8%84%B8&Refer=index,,微博,微博热榜,hot,hotlist,,2026-09-19 15:21:12
31,怎么越来越多人用vivo了,,279579,https://s.weibo.com/weibo?q=%E6%80%8E%E4%B9%88%E8%B6%8A%E6%9D%A5%E8%B6%8A%E5%A4%9A%E4%BA%BA%E7%94%A8vivo%E4%BA%86&Refer=index,,微博,微博热榜,hot,hotlist,,2026-09-19 15:21:12
32,董明珠获联合国表彰,,279432,https://s.weibo.com/weibo?q=%E8%91%A3%E6%98%8E%E7%8F%A0%E8%8E%B7%E8%81%94%E5%90%88%E5%9B%BD%E8%A1%A8%E5%BD%B0&Refer=index,,微博,微博热榜,hot,hotlist,,2026-09-19 15:21:12
33,全世界最不吃压力之人出现了,,279431,https://s.weibo.com/weibo?q=%E5%85%A8%E4%B8%96%E7%95%8C%E6%9C%80%E4%B8%8D%E5%90%83%E5%8E%8B%E5%8A%9B%E4%B9%8B%E4%BA%BA%E5%87%BA%E7%8E%B0%E4%BA%86&Refer=index,,微博,微博热榜,hot,hotlist,,2026-09-19 15:21:12
34,小红书邪恶教程 坐飞机弄坏耳机索赔,,279429,https://s.weibo.com/weibo?q=%E5%B0%8F%E7%BA%A2%E4%B9%A6%E9%82%AA%E6%81%B6%E6%95%99%E7%A8%8B%20%E5%9D%90%E9%A3%9E%E6%9C%BA%E5%BC%84%E5%9D%8F%E8%80%B3%E6%9C%BA%E7%B4%A2%E8%B5%94&Refer=index,,微博,微博热榜,hot,hotlist,,2026-09-19 15:21:12
35,心动的信号,,278530,https://s.weibo.com/weibo?q=%E5%BF%83%E5%8A%A8%E7%9A%84%E4%BF%A1%E5%8F%B7&Refer=index,,微博,微博热榜,hot,hotlist,,2026-09-19 15:21:12
36,林珍娜替身,,260832,https://s.weibo.com/weibo?q=%E6%9E%97%E7%8F%8D%E5%A8%9C%E6%9B%BF%E8%BA%AB&Refer=index,,微博,微博热榜,hot,hotlist,,2026-09-19 15:21:12
37,18岁女儿高一退学坚持出嫁,,260830,https://s.weibo.com/weibo?q=18%E5%B2%81%E5%A5%B3%E5%84%BF%E9%AB%98%E4%B8%80%E9%80%80%E5%AD%A6%E5%9D%9A%E6%8C%81%E5%87%BA%E5%AB%81&Refer=index,,微博,微博热榜,hot,hotlist,,2026-09-19 15:21:12
38,第五人格,,244681,https://s.weibo.com/weibo?q=%E7%AC%AC%E4%BA%94%E4%BA%BA%E6%A0%BC&Refer=index,,微博,微博热榜,hot,hotlist,,2026-09-19 15:21:12
39,以为是抠门男友直到蛋糕转起来,,239488,https://s.weibo.com/weibo?q=%E4%BB%A5%E4%B8%BA%E6%98%AF%E6%8A%A0%E9%97%A8%E7%94%B7%E5%8F%8B%E7%9B%B4%E5%88%B0%E8%9B%8B%E7%B3%95%E8%BD%AC%E8%B5%B7%E6%9D%A5&Refer=index,,微博,微博热榜,hot,hotlist,,2026-09-19 15:21:12
40,高市早苗凝视帅哥引热议,,231568,https://s.weibo.com/weibo?q=%E9%AB%98%E5%B8%82%E6%97%A9%E8%8B%97%E5%87%9D%E8%A7%86%E5%B8%85%E5%93%A5%E5%BC%95%E7%83%AD%E8%AE%AE&Refer=index,,微博,微博热榜,hot,hotlist,,2026-09-19 15:21:12
41,包上恩说卧蚕是在妈妈肚子里打的,,218055,https://s.weibo.com/weibo?q=%E5%8C%85%E4%B8%8A%E6%81%A9%E8%AF%B4%E5%8D%A7%E8%9A%95%E6%98%AF%E5%9C%A8%E5%A6%88%E5%A6%88%E8%82%9A%E5%AD%90%E9%87%8C%E6%89%93%E7%9A%84&Refer=index,,微博,微博热榜,hot,hotlist,,2026-09-19 15:21:12
42,舒畅 我38岁状态挺好的,,213297,https://s.weibo.com/weibo?q=%E8%88%92%E7%95%85%20%E6%88%9138%E5%B2%81%E7%8A%B6%E6%80%81%E6%8C%BA%E5%A5%BD%E7%9A%84&Refer=index,,微博,微博热榜,hot,hotlist,,2026-09-19 15:21:12
43,严浩翔原创的含金量,,187099,https://s.weibo.com/weibo?q=%E4%B8%A5%E6%B5%A9%E7%BF%94%E5%8E%9F%E5%88%9B%E7%9A%84%E5%90%AB%E9%87%91%E9%87%8F&Refer=index,,微博,微博热榜,hot,hotlist,,2026-09-19 15:21:12
44,祖先在下面托了所有关系,,186251,https://s.weibo.com/weibo?q=%E7%A5%96%E5%85%88%E5%9C%A8%E4%B8%8B%E9%9D%A2%E6%89%98%E4%BA%86%E6%89%80%E6%9C%89%E5%85%B3%E7%B3%BB&Refer=index,,微博,微博热榜,hot,hotlist,,2026-09-19 15:21:12
45,中秋国庆一共放四天假,,180712,https://s.weibo.com/weibo?q=%E4%B8%AD%E7%A7%8B%E5%9B%BD%E5%BA%86%E4%B8%80%E5%85%B1%E6%94%BE%E5%9B%9B%E5%A4%A9%E5%81%87&Refer=index,,微博,微博热榜,hot,hotlist,,2026-09-19 15:21:12
46,你做事不干不净 根本都不入流,,177768,https://s.weibo.com/weibo?q=%E4%BD%A0%E5%81%9A%E4%BA%8B%E4%B8%8D%E5%B9%B2%E4%B8%8D%E5%87%80%20%E6%A0%B9%E6%9C%AC%E9%83%BD%E4%B8%8D%E5%85%A5%E6%B5%81&Refer=index,,微博,微博热榜,hot,hotlist,,2026-09-19 15:21:12
47,生母回应姚策生父去世,,173964,https://s.weibo.com/weibo?q=%E7%94%9F%E6%AF%8D%E5%9B%9E%E5%BA%94%E5%A7%9A%E7%AD%96%E7%94%9F%E7%88%B6%E5%8E%BB%E4%B8%96&Refer=index,,微博,微博热榜,hot,hotlist,,2026-09-19 15:21:12
48,王俊凯回应生日应援取消,,169351,https://s.weibo.com/weibo?q=%E7%8E%8B%E4%BF%8A%E5%87%AF%E5%9B%9E%E5%BA%94%E7%94%9F%E6%97%A5%E5%BA%94%E6%8F%B4%E5%8F%96%E6%B6%88&Refer=index,,微博,微博热榜,hot,hotlist,,2026-09-19 15:21:12
49,上海世界技能大赛倒计时3天,,168362,https://s.weibo.com/weibo?q=%E4%B8%8A%E6%B5%B7%E4%B8%96%E7%95%8C%E6%8A%80%E8%83%BD%E5%A4%A7%E8%B5%9B%E5%80%92%E8%AE%A1%E6%97%B63%E5%A4%A9&Refer=index,,微博,微博热榜,hot,hotlist,,2026-09-19 15:21:12
50,曝华为门店撤掉问界,,163447,https://s.weibo.com/weibo?q=%E6%9B%9D%E5%8D%8E%E4%B8%BA%E9%97%A8%E5%BA%97%E6%92%A4%E6%8E%89%E9%97%AE%E7%95%8C&Refer=index,,微博,微博热榜,hot,hotlist,,2026-09-19 15:21:12
51,张晋晒参加白举纲婚礼照,,159424,https://s.weibo.com/weibo?q=%E5%BC%A0%E6%99%8B%E6%99%92%E5%8F%82%E5%8A%A0%E7%99%BD%E4%B8%BE%E7%BA%B2%E5%A9%9A%E7%A4%BC%E7%85%A7&Refer=index,,微博,微博热榜,hot,hotlist,,2026-09-19 15:21:12
52,张凯毅说离婚后会再找,,155963,https://s.weibo.com/weibo?q=%E5%BC%A0%E5%87%AF%E6%AF%85%E8%AF%B4%E7%A6%BB%E5%A9%9A%E5%90%8E%E4%BC%9A%E5%86%8D%E6%89%BE&Refer=index,,微博,微博热榜,hot,hotlist,,2026-09-19 15:21:12
