index,title,desc,hot,url,image,source,type,ranking_id,surface,published_at,datetime
1,旧电脑被当废品收走，拆开发现是2013年的老古董，硬盘还能用,,10.0万,https://mp.weixin.qq.com/s?__biz=MzcxMDI2MzU3Mg==&mid=2247487781&idx=2&sn=e5c8818fb8888447cacfe0fd3738b894#rd,,微信文章,24h 热文榜,articles_24h,hotlist,,2026-09-21 00:21:16
2,抗战胜利那一刻，重庆城里的离别与期盼,,10.0万,https://mp.weixin.qq.com/s?__biz=MzE5MTY2MzU2NQ==&mid=2247490014&idx=1&sn=b0ff18842f77894c37fbaeb3665fcec5#rd,,微信文章,24h 热文榜,articles_24h,hotlist,,2026-09-21 00:21:16
3,孙千的裙子是成长进度条，井柏然挡酒坐不住,,10.0万,https://mp.weixin.qq.com/s?__biz=MzYyNDA5MTg0Mw==&mid=2247488815&idx=1&sn=55f31dc0200d5ead7b371f6a68ef4ac8#rd,,微信文章,24h 热文榜,articles_24h,hotlist,,2026-09-21 00:21:16
4,许嵩和冯禧官宣结婚，相差14岁的追星梦成真,,10.0万,https://mp.weixin.qq.com/s?__biz=MzU2OTgzOTAzMQ==&mid=2247488409&idx=1&sn=e9727700b45bace51ba72385c758aeb6#rd,,微信文章,24h 热文榜,articles_24h,hotlist,,2026-09-21 00:21:16
5,92年 35岁，终于活成了我喜欢的样子 #居家锻炼 #零基础…,,10.0万,https://mp.weixin.qq.com/s?__biz=MzcwODM0MzM2MQ==&mid=2247485378&idx=1&sn=bc60386ed443d44b2917bb9d115d489c#rd,,微信文章,24h 热文榜,articles_24h,hotlist,,2026-09-21 00:21:16
6,我是80后,,10.0万,https://mp.weixin.qq.com/s?__biz=MzU3OTgwMjI5Nw==&mid=2247491724&idx=1&sn=2b26759f7c3f9615393c32754ff1201b#rd,,微信文章,24h 热文榜,articles_24h,hotlist,,2026-09-21 00:21:16
7,五年四胎，每天只睡五小时，照顾十六口人：那个“超人妈妈”终于撑不住了,,10.0万,https://mp.weixin.qq.com/s?__biz=MzA3MzY0NzUzMQ==&mid=2651709777&idx=1&sn=82f1c922b345d6bfa47aa463532cb64d#rd,,微信文章,24h 热文榜,articles_24h,hotlist,,2026-09-21 00:21:16
8,哄娃，橙汁儿的爸爸是专业的。,,10.0万,https://mp.weixin.qq.com/s?__biz=Mzg4NDEwNzQ1OA==&mid=2247489260&idx=1&sn=dfa8bd170d42401cbcb516395f3fc48e#rd,,微信文章,24h 热文榜,articles_24h,hotlist,,2026-09-21 00:21:16
9,人到中年，不想老跑医院，一定要舍得吃,,10.0万,https://mp.weixin.qq.com/s?__biz=MzYyNTExODQ1OQ==&mid=2247486360&idx=1&sn=dbcd1ff7cf94b647729bbe01db58fb14#rd,,微信文章,24h 热文榜,articles_24h,hotlist,,2026-09-21 00:21:16
10,太帅了，史上最帅的老干部,,10.0万,https://mp.weixin.qq.com/s?__biz=Mzk0MzgxMDY4Nw==&mid=2247499574&idx=1&sn=02c67a2e83b70251348dd891f8933e4a#rd,,微信文章,24h 热文榜,articles_24h,hotlist,,2026-09-21 00:21:16
11,儿子把我扔垃圾堆的无线鼠标捡回来，说要研究一下，结果我们花了一块多钱把鼠标修好了,,10.0万,https://mp.weixin.qq.com/s?__biz=MzUxMjc2NDEyOA==&mid=2247486938&idx=1&sn=e9ac567f0e33754d7c2d2f3391ade4d3#rd,,微信文章,24h 热文榜,articles_24h,hotlist,,2026-09-21 00:21:16
12,这就是惨败日本的反思结果？郭士强:努力了,,10.0万,https://mp.weixin.qq.com/s?__biz=MzUyMTk3ODY1NQ==&mid=2247484221&idx=1&sn=73a8945618ada6532a2e815d10364e78#rd,,微信文章,24h 热文榜,articles_24h,hotlist,,2026-09-21 00:21:16
13,印度给中美俄上了一课：粮食产量不到中国一半，却养活了同样14亿人。印度粮食总产量还不到咱们中国的一半，人口却差不多都是14亿人。,,7.5万,https://mp.weixin.qq.com/s?__biz=MjM5NDI5MDE1MQ==&mid=2450687357&idx=1&sn=2a1ce12684a99e2ea5dbd86309025d61#rd,,微信文章,24h 热文榜,articles_24h,hotlist,,2026-09-21 00:21:16
14,复出了！陈冠希+港毒黄XX主演贺岁片，片方好大胆！可两人连横店实拍都进不去！,,7.3万,https://mp.weixin.qq.com/s?__biz=MzY5MjM4NDA3NA==&mid=2247483906&idx=1&sn=b3d4dc1aa81205df6fb79020bff52619#rd,,微信文章,24h 热文榜,articles_24h,hotlist,,2026-09-21 00:21:16
15,达到发达国家水平的31个城市，快看看有你的家乡吗？,,7.0万,https://mp.weixin.qq.com/s?__biz=MzY4MjE0ODY1OQ==&mid=2247485392&idx=1&sn=819c8b87d661ec5239a5fb2141720a50#rd,,微信文章,24h 热文榜,articles_24h,hotlist,,2026-09-21 00:21:16
16,网传小米外包员工领中秋月饼遭拒，9月17日的时候，他拿着工作证来领公司的中秋节礼品，但是被工作人员告知：“你不在领取范围内,,5.9万,https://mp.weixin.qq.com/s?__biz=MzY5MTMzMTg3MQ==&mid=2247484576&idx=1&sn=0df8ca628d4c56dc1b8da80ec66e2122#rd,,微信文章,24h 热文榜,articles_24h,hotlist,,2026-09-21 00:21:16
17,胖东来标准——工程界从此多了一种新标准,,5.7万,https://mp.weixin.qq.com/s?__biz=MzAxMTk3NjE1Mw==&mid=2247497855&idx=1&sn=d70194a3c43dfcc7282cf7f8ecb8c3df#rd,,微信文章,24h 热文榜,articles_24h,hotlist,,2026-09-21 00:21:16
18,"油价忽然下跌！9月19日调价后92,95号汽油价格，蛋价承压，报复性下跌？",,5.7万,https://mp.weixin.qq.com/s?__biz=MzU5NDA1MzQxNA==&mid=2247611092&idx=4&sn=39d83de3ae4ec8c66f7832f970fb31f1#rd,,微信文章,24h 热文榜,articles_24h,hotlist,,2026-09-21 00:21:16
19,震撼！中科院院士郑泉水：一千多位高考状元，几乎没有人成为顶尖人才！孩子到底该怎么培养？,,5.7万,https://mp.weixin.qq.com/s?__biz=MzA5OTk3Mjc2Mg==&mid=2650654809&idx=1&sn=4dc01dd829d5ccd94f4373d97d2466bb#rd,,微信文章,24h 热文榜,articles_24h,hotlist,,2026-09-21 00:21:16
20,终于醒悟了：我们应该花十几万块建一套房子，留几百万来生活，而不是花几百万建一套房子，留十几万来生活,,5.6万,https://mp.weixin.qq.com/s?__biz=MzYzMjY0NzM0MA==&mid=2247485503&idx=1&sn=4854511a511d74e709360ddb117ba92a#rd,,微信文章,24h 热文榜,articles_24h,hotlist,,2026-09-21 00:21:16
21,男女一旦有了亲密就成了暗夫妻，看完这段话就明白了,,5.5万,https://mp.weixin.qq.com/s?__biz=MzYzNjMzNTc4Mw==&mid=2247484816&idx=1&sn=b279a32d8a15285cd8027f1b8d8939e4#rd,,微信文章,24h 热文榜,articles_24h,hotlist,,2026-09-21 00:21:16
22,女生永不贬值的资产！,,5.5万,https://mp.weixin.qq.com/s?__biz=MzYzNDcyMTc0OQ==&mid=2247487393&idx=1&sn=bcbbba9ef7e210d1189fe169ffe7dec5#rd,,微信文章,24h 热文榜,articles_24h,hotlist,,2026-09-21 00:21:16
23,U23国足VS伊朗：命运之战，央视不播,,5.4万,https://mp.weixin.qq.com/s?__biz=MzcwMTE1NzkyOA==&mid=2247488243&idx=1&sn=87bb60fab6a9685815680e523006f81b#rd,,微信文章,24h 热文榜,articles_24h,hotlist,,2026-09-21 00:21:16
24,无知真的会害了娃！30天婴儿失明真相曝光，全家后悔已来不及,,5.3万,https://mp.weixin.qq.com/s?__biz=MzcwNjMwNjExNQ==&mid=2247485375&idx=1&sn=df9048f90db65828fa4a09bfd06a3f41#rd,,微信文章,24h 热文榜,articles_24h,hotlist,,2026-09-21 00:21:16
25,敬一丹与李修平的晚年对比：人生下半场，顶级的智慧是体面退场,,5.2万,https://mp.weixin.qq.com/s?__biz=MzkxOTAxNjM3Nw==&mid=2247495852&idx=1&sn=97d2ce0cdecba4e991d7fdab51894fc3#rd,,微信文章,24h 热文榜,articles_24h,hotlist,,2026-09-21 00:21:16
26,十万级搭载华为乾崑智驾大六座 星海V6 为家而来,,5.2万,https://mp.weixin.qq.com/s?__biz=MzI5MjAyNjM1OA==&mid=2651552332&idx=1&sn=32ab4b64d7f4e2ffd1abdedfe18bfc69#rd,,微信文章,24h 热文榜,articles_24h,hotlist,,2026-09-21 00:21:16
27,北京火葬场不要骨灰的人越来越多，有人把骨灰偷埋进西山，不立碑，不留名，免费的海葬也不愿意选？,,5.2万,https://mp.weixin.qq.com/s?__biz=Mzk2NDIwMTc1Ng==&mid=2247485506&idx=1&sn=c578e36c14c31a1e90e9310e0c1b4682#rd,,微信文章,24h 热文榜,articles_24h,hotlist,,2026-09-21 00:21:16
28,关于养老金调整，人社部官网最新动态,,4.7万,https://mp.weixin.qq.com/s?__biz=MzkyMjUyNTE4Mw==&mid=2247487455&idx=1&sn=b84f7e7d378157d9d4b63d66ee6e37c0#rd,,微信文章,24h 热文榜,articles_24h,hotlist,,2026-09-21 00:21:16
29,国航C919乌兰巴托航线9月16日起不再执飞 !,,4.5万,https://mp.weixin.qq.com/s?__biz=MzA3OTY4OTU5Ng==&mid=2247493092&idx=2&sn=b9c0bc4c31ec71ac4fe13f260adcb1d1#rd,,微信文章,24h 热文榜,articles_24h,hotlist,,2026-09-21 00:21:16
30,一个清华教授，8个月卷走650亿,,4.4万,https://mp.weixin.qq.com/s?__biz=MzAxNDMwNjQ1OA==&mid=2650538429&idx=1&sn=efe0933570035ec695eae5a6237525cf&chksm=82ad4fca471597c4993c46d629366fc212e72df8e20673b0c5019978873bd7272f6729d0c241#rd,,微信文章,24h 热文榜,articles_24h,hotlist,,2026-09-21 00:21:16
1,旧电脑被当废品收走，拆开发现是2013年的老古董，硬盘还能用,,10.0万,https://mp.weixin.qq.com/s?__biz=MzcxMDI2MzU3Mg==&mid=2247487781&idx=2&sn=e5c8818fb8888447cacfe0fd3738b894#rd,,微信文章,24h 热文榜,articles_24h,hotlist,,2026-09-21 01:17:15
2,抗战胜利那一刻，重庆城里的离别与期盼,,10.0万,https://mp.weixin.qq.com/s?__biz=MzE5MTY2MzU2NQ==&mid=2247490014&idx=1&sn=b0ff18842f77894c37fbaeb3665fcec5#rd,,微信文章,24h 热文榜,articles_24h,hotlist,,2026-09-21 01:17:15
3,孙千的裙子是成长进度条，井柏然挡酒坐不住,,10.0万,https://mp.weixin.qq.com/s?__biz=MzYyNDA5MTg0Mw==&mid=2247488815&idx=1&sn=55f31dc0200d5ead7b371f6a68ef4ac8#rd,,微信文章,24h 热文榜,articles_24h,hotlist,,2026-09-21 01:17:15
4,许嵩和冯禧官宣结婚，相差14岁的追星梦成真,,10.0万,https://mp.weixin.qq.com/s?__biz=MzU2OTgzOTAzMQ==&mid=2247488409&idx=1&sn=e9727700b45bace51ba72385c758aeb6#rd,,微信文章,24h 热文榜,articles_24h,hotlist,,2026-09-21 01:17:15
5,92年 35岁，终于活成了我喜欢的样子 #居家锻炼 #零基础…,,10.0万,https://mp.weixin.qq.com/s?__biz=MzcwODM0MzM2MQ==&mid=2247485378&idx=1&sn=bc60386ed443d44b2917bb9d115d489c#rd,,微信文章,24h 热文榜,articles_24h,hotlist,,2026-09-21 01:17:15
6,我是80后,,10.0万,https://mp.weixin.qq.com/s?__biz=MzU3OTgwMjI5Nw==&mid=2247491724&idx=1&sn=2b26759f7c3f9615393c32754ff1201b#rd,,微信文章,24h 热文榜,articles_24h,hotlist,,2026-09-21 01:17:15
7,五年四胎，每天只睡五小时，照顾十六口人：那个“超人妈妈”终于撑不住了,,10.0万,https://mp.weixin.qq.com/s?__biz=MzA3MzY0NzUzMQ==&mid=2651709777&idx=1&sn=82f1c922b345d6bfa47aa463532cb64d#rd,,微信文章,24h 热文榜,articles_24h,hotlist,,2026-09-21 01:17:15
8,哄娃，橙汁儿的爸爸是专业的。,,10.0万,https://mp.weixin.qq.com/s?__biz=Mzg4NDEwNzQ1OA==&mid=2247489260&idx=1&sn=dfa8bd170d42401cbcb516395f3fc48e#rd,,微信文章,24h 热文榜,articles_24h,hotlist,,2026-09-21 01:17:15
9,人到中年，不想老跑医院，一定要舍得吃,,10.0万,https://mp.weixin.qq.com/s?__biz=MzYyNTExODQ1OQ==&mid=2247486360&idx=1&sn=dbcd1ff7cf94b647729bbe01db58fb14#rd,,微信文章,24h 热文榜,articles_24h,hotlist,,2026-09-21 01:17:15
10,太帅了，史上最帅的老干部,,10.0万,https://mp.weixin.qq.com/s?__biz=Mzk0MzgxMDY4Nw==&mid=2247499574&idx=1&sn=02c67a2e83b70251348dd891f8933e4a#rd,,微信文章,24h 热文榜,articles_24h,hotlist,,2026-09-21 01:17:15
11,儿子把我扔垃圾堆的无线鼠标捡回来，说要研究一下，结果我们花了一块多钱把鼠标修好了,,10.0万,https://mp.weixin.qq.com/s?__biz=MzUxMjc2NDEyOA==&mid=2247486938&idx=1&sn=e9ac567f0e33754d7c2d2f3391ade4d3#rd,,微信文章,24h 热文榜,articles_24h,hotlist,,2026-09-21 01:17:15
12,这就是惨败日本的反思结果？郭士强:努力了,,10.0万,https://mp.weixin.qq.com/s?__biz=MzUyMTk3ODY1NQ==&mid=2247484221&idx=1&sn=73a8945618ada6532a2e815d10364e78#rd,,微信文章,24h 热文榜,articles_24h,hotlist,,2026-09-21 01:17:15
13,印度给中美俄上了一课：粮食产量不到中国一半，却养活了同样14亿人。印度粮食总产量还不到咱们中国的一半，人口却差不多都是14亿人。,,7.5万,https://mp.weixin.qq.com/s?__biz=MjM5NDI5MDE1MQ==&mid=2450687357&idx=1&sn=2a1ce12684a99e2ea5dbd86309025d61#rd,,微信文章,24h 热文榜,articles_24h,hotlist,,2026-09-21 01:17:15
14,复出了！陈冠希+港毒黄XX主演贺岁片，片方好大胆！可两人连横店实拍都进不去！,,7.3万,https://mp.weixin.qq.com/s?__biz=MzY5MjM4NDA3NA==&mid=2247483906&idx=1&sn=b3d4dc1aa81205df6fb79020bff52619#rd,,微信文章,24h 热文榜,articles_24h,hotlist,,2026-09-21 01:17:15
15,达到发达国家水平的31个城市，快看看有你的家乡吗？,,7.0万,https://mp.weixin.qq.com/s?__biz=MzY4MjE0ODY1OQ==&mid=2247485392&idx=1&sn=819c8b87d661ec5239a5fb2141720a50#rd,,微信文章,24h 热文榜,articles_24h,hotlist,,2026-09-21 01:17:15
16,网传小米外包员工领中秋月饼遭拒，9月17日的时候，他拿着工作证来领公司的中秋节礼品，但是被工作人员告知：“你不在领取范围内,,5.9万,https://mp.weixin.qq.com/s?__biz=MzY5MTMzMTg3MQ==&mid=2247484576&idx=1&sn=0df8ca628d4c56dc1b8da80ec66e2122#rd,,微信文章,24h 热文榜,articles_24h,hotlist,,2026-09-21 01:17:15
17,胖东来标准——工程界从此多了一种新标准,,5.7万,https://mp.weixin.qq.com/s?__biz=MzAxMTk3NjE1Mw==&mid=2247497855&idx=1&sn=d70194a3c43dfcc7282cf7f8ecb8c3df#rd,,微信文章,24h 热文榜,articles_24h,hotlist,,2026-09-21 01:17:15
18,"油价忽然下跌！9月19日调价后92,95号汽油价格，蛋价承压，报复性下跌？",,5.7万,https://mp.weixin.qq.com/s?__biz=MzU5NDA1MzQxNA==&mid=2247611092&idx=4&sn=39d83de3ae4ec8c66f7832f970fb31f1#rd,,微信文章,24h 热文榜,articles_24h,hotlist,,2026-09-21 01:17:15
19,震撼！中科院院士郑泉水：一千多位高考状元，几乎没有人成为顶尖人才！孩子到底该怎么培养？,,5.7万,https://mp.weixin.qq.com/s?__biz=MzA5OTk3Mjc2Mg==&mid=2650654809&idx=1&sn=4dc01dd829d5ccd94f4373d97d2466bb#rd,,微信文章,24h 热文榜,articles_24h,hotlist,,2026-09-21 01:17:15
20,终于醒悟了：我们应该花十几万块建一套房子，留几百万来生活，而不是花几百万建一套房子，留十几万来生活,,5.6万,https://mp.weixin.qq.com/s?__biz=MzYzMjY0NzM0MA==&mid=2247485503&idx=1&sn=4854511a511d74e709360ddb117ba92a#rd,,微信文章,24h 热文榜,articles_24h,hotlist,,2026-09-21 01:17:15
21,男女一旦有了亲密就成了暗夫妻，看完这段话就明白了,,5.5万,https://mp.weixin.qq.com/s?__biz=MzYzNjMzNTc4Mw==&mid=2247484816&idx=1&sn=b279a32d8a15285cd8027f1b8d8939e4#rd,,微信文章,24h 热文榜,articles_24h,hotlist,,2026-09-21 01:17:15
22,女生永不贬值的资产！,,5.5万,https://mp.weixin.qq.com/s?__biz=MzYzNDcyMTc0OQ==&mid=2247487393&idx=1&sn=bcbbba9ef7e210d1189fe169ffe7dec5#rd,,微信文章,24h 热文榜,articles_24h,hotlist,,2026-09-21 01:17:15
23,U23国足VS伊朗：命运之战，央视不播,,5.4万,https://mp.weixin.qq.com/s?__biz=MzcwMTE1NzkyOA==&mid=2247488243&idx=1&sn=87bb60fab6a9685815680e523006f81b#rd,,微信文章,24h 热文榜,articles_24h,hotlist,,2026-09-21 01:17:15
24,无知真的会害了娃！30天婴儿失明真相曝光，全家后悔已来不及,,5.3万,https://mp.weixin.qq.com/s?__biz=MzcwNjMwNjExNQ==&mid=2247485375&idx=1&sn=df9048f90db65828fa4a09bfd06a3f41#rd,,微信文章,24h 热文榜,articles_24h,hotlist,,2026-09-21 01:17:15
25,敬一丹与李修平的晚年对比：人生下半场，顶级的智慧是体面退场,,5.2万,https://mp.weixin.qq.com/s?__biz=MzkxOTAxNjM3Nw==&mid=2247495852&idx=1&sn=97d2ce0cdecba4e991d7fdab51894fc3#rd,,微信文章,24h 热文榜,articles_24h,hotlist,,2026-09-21 01:17:15
26,十万级搭载华为乾崑智驾大六座 星海V6 为家而来,,5.2万,https://mp.weixin.qq.com/s?__biz=MzI5MjAyNjM1OA==&mid=2651552332&idx=1&sn=32ab4b64d7f4e2ffd1abdedfe18bfc69#rd,,微信文章,24h 热文榜,articles_24h,hotlist,,2026-09-21 01:17:15
27,北京火葬场不要骨灰的人越来越多，有人把骨灰偷埋进西山，不立碑，不留名，免费的海葬也不愿意选？,,5.2万,https://mp.weixin.qq.com/s?__biz=Mzk2NDIwMTc1Ng==&mid=2247485506&idx=1&sn=c578e36c14c31a1e90e9310e0c1b4682#rd,,微信文章,24h 热文榜,articles_24h,hotlist,,2026-09-21 01:17:15
28,关于养老金调整，人社部官网最新动态,,4.7万,https://mp.weixin.qq.com/s?__biz=MzkyMjUyNTE4Mw==&mid=2247487455&idx=1&sn=b84f7e7d378157d9d4b63d66ee6e37c0#rd,,微信文章,24h 热文榜,articles_24h,hotlist,,2026-09-21 01:17:15
29,国航C919乌兰巴托航线9月16日起不再执飞 !,,4.5万,https://mp.weixin.qq.com/s?__biz=MzA3OTY4OTU5Ng==&mid=2247493092&idx=2&sn=b9c0bc4c31ec71ac4fe13f260adcb1d1#rd,,微信文章,24h 热文榜,articles_24h,hotlist,,2026-09-21 01:17:15
30,一个清华教授，8个月卷走650亿,,4.4万,https://mp.weixin.qq.com/s?__biz=MzAxNDMwNjQ1OA==&mid=2650538429&idx=1&sn=efe0933570035ec695eae5a6237525cf&chksm=82ad4fca471597c4993c46d629366fc212e72df8e20673b0c5019978873bd7272f6729d0c241#rd,,微信文章,24h 热文榜,articles_24h,hotlist,,2026-09-21 01:17:15
1,旧电脑被当废品收走，拆开发现是2013年的老古董，硬盘还能用,,10.0万,https://mp.weixin.qq.com/s?__biz=MzcxMDI2MzU3Mg==&mid=2247487781&idx=2&sn=e5c8818fb8888447cacfe0fd3738b894#rd,,微信文章,24h 热文榜,articles_24h,hotlist,,2026-09-21 02:23:50
2,抗战胜利那一刻，重庆城里的离别与期盼,,10.0万,https://mp.weixin.qq.com/s?__biz=MzE5MTY2MzU2NQ==&mid=2247490014&idx=1&sn=b0ff18842f77894c37fbaeb3665fcec5#rd,,微信文章,24h 热文榜,articles_24h,hotlist,,2026-09-21 02:23:50
3,孙千的裙子是成长进度条，井柏然挡酒坐不住,,10.0万,https://mp.weixin.qq.com/s?__biz=MzYyNDA5MTg0Mw==&mid=2247488815&idx=1&sn=55f31dc0200d5ead7b371f6a68ef4ac8#rd,,微信文章,24h 热文榜,articles_24h,hotlist,,2026-09-21 02:23:50
4,许嵩和冯禧官宣结婚，相差14岁的追星梦成真,,10.0万,https://mp.weixin.qq.com/s?__biz=MzU2OTgzOTAzMQ==&mid=2247488409&idx=1&sn=e9727700b45bace51ba72385c758aeb6#rd,,微信文章,24h 热文榜,articles_24h,hotlist,,2026-09-21 02:23:50
5,92年 35岁，终于活成了我喜欢的样子 #居家锻炼 #零基础…,,10.0万,https://mp.weixin.qq.com/s?__biz=MzcwODM0MzM2MQ==&mid=2247485378&idx=1&sn=bc60386ed443d44b2917bb9d115d489c#rd,,微信文章,24h 热文榜,articles_24h,hotlist,,2026-09-21 02:23:50
6,我是80后,,10.0万,https://mp.weixin.qq.com/s?__biz=MzU3OTgwMjI5Nw==&mid=2247491724&idx=1&sn=2b26759f7c3f9615393c32754ff1201b#rd,,微信文章,24h 热文榜,articles_24h,hotlist,,2026-09-21 02:23:50
7,五年四胎，每天只睡五小时，照顾十六口人：那个“超人妈妈”终于撑不住了,,10.0万,https://mp.weixin.qq.com/s?__biz=MzA3MzY0NzUzMQ==&mid=2651709777&idx=1&sn=82f1c922b345d6bfa47aa463532cb64d#rd,,微信文章,24h 热文榜,articles_24h,hotlist,,2026-09-21 02:23:50
8,哄娃，橙汁儿的爸爸是专业的。,,10.0万,https://mp.weixin.qq.com/s?__biz=Mzg4NDEwNzQ1OA==&mid=2247489260&idx=1&sn=dfa8bd170d42401cbcb516395f3fc48e#rd,,微信文章,24h 热文榜,articles_24h,hotlist,,2026-09-21 02:23:50
9,人到中年，不想老跑医院，一定要舍得吃,,10.0万,https://mp.weixin.qq.com/s?__biz=MzYyNTExODQ1OQ==&mid=2247486360&idx=1&sn=dbcd1ff7cf94b647729bbe01db58fb14#rd,,微信文章,24h 热文榜,articles_24h,hotlist,,2026-09-21 02:23:50
10,太帅了，史上最帅的老干部,,10.0万,https://mp.weixin.qq.com/s?__biz=Mzk0MzgxMDY4Nw==&mid=2247499574&idx=1&sn=02c67a2e83b70251348dd891f8933e4a#rd,,微信文章,24h 热文榜,articles_24h,hotlist,,2026-09-21 02:23:50
11,儿子把我扔垃圾堆的无线鼠标捡回来，说要研究一下，结果我们花了一块多钱把鼠标修好了,,10.0万,https://mp.weixin.qq.com/s?__biz=MzUxMjc2NDEyOA==&mid=2247486938&idx=1&sn=e9ac567f0e33754d7c2d2f3391ade4d3#rd,,微信文章,24h 热文榜,articles_24h,hotlist,,2026-09-21 02:23:50
12,这就是惨败日本的反思结果？郭士强:努力了,,10.0万,https://mp.weixin.qq.com/s?__biz=MzUyMTk3ODY1NQ==&mid=2247484221&idx=1&sn=73a8945618ada6532a2e815d10364e78#rd,,微信文章,24h 热文榜,articles_24h,hotlist,,2026-09-21 02:23:50
13,印度给中美俄上了一课：粮食产量不到中国一半，却养活了同样14亿人。印度粮食总产量还不到咱们中国的一半，人口却差不多都是14亿人。,,7.5万,https://mp.weixin.qq.com/s?__biz=MjM5NDI5MDE1MQ==&mid=2450687357&idx=1&sn=2a1ce12684a99e2ea5dbd86309025d61#rd,,微信文章,24h 热文榜,articles_24h,hotlist,,2026-09-21 02:23:50
14,复出了！陈冠希+港毒黄XX主演贺岁片，片方好大胆！可两人连横店实拍都进不去！,,7.3万,https://mp.weixin.qq.com/s?__biz=MzY5MjM4NDA3NA==&mid=2247483906&idx=1&sn=b3d4dc1aa81205df6fb79020bff52619#rd,,微信文章,24h 热文榜,articles_24h,hotlist,,2026-09-21 02:23:50
15,达到发达国家水平的31个城市，快看看有你的家乡吗？,,7.0万,https://mp.weixin.qq.com/s?__biz=MzY4MjE0ODY1OQ==&mid=2247485392&idx=1&sn=819c8b87d661ec5239a5fb2141720a50#rd,,微信文章,24h 热文榜,articles_24h,hotlist,,2026-09-21 02:23:50
16,网传小米外包员工领中秋月饼遭拒，9月17日的时候，他拿着工作证来领公司的中秋节礼品，但是被工作人员告知：“你不在领取范围内,,5.9万,https://mp.weixin.qq.com/s?__biz=MzY5MTMzMTg3MQ==&mid=2247484576&idx=1&sn=0df8ca628d4c56dc1b8da80ec66e2122#rd,,微信文章,24h 热文榜,articles_24h,hotlist,,2026-09-21 02:23:50
17,胖东来标准——工程界从此多了一种新标准,,5.7万,https://mp.weixin.qq.com/s?__biz=MzAxMTk3NjE1Mw==&mid=2247497855&idx=1&sn=d70194a3c43dfcc7282cf7f8ecb8c3df#rd,,微信文章,24h 热文榜,articles_24h,hotlist,,2026-09-21 02:23:50
18,"油价忽然下跌！9月19日调价后92,95号汽油价格，蛋价承压，报复性下跌？",,5.7万,https://mp.weixin.qq.com/s?__biz=MzU5NDA1MzQxNA==&mid=2247611092&idx=4&sn=39d83de3ae4ec8c66f7832f970fb31f1#rd,,微信文章,24h 热文榜,articles_24h,hotlist,,2026-09-21 02:23:50
19,震撼！中科院院士郑泉水：一千多位高考状元，几乎没有人成为顶尖人才！孩子到底该怎么培养？,,5.7万,https://mp.weixin.qq.com/s?__biz=MzA5OTk3Mjc2Mg==&mid=2650654809&idx=1&sn=4dc01dd829d5ccd94f4373d97d2466bb#rd,,微信文章,24h 热文榜,articles_24h,hotlist,,2026-09-21 02:23:50
20,终于醒悟了：我们应该花十几万块建一套房子，留几百万来生活，而不是花几百万建一套房子，留十几万来生活,,5.6万,https://mp.weixin.qq.com/s?__biz=MzYzMjY0NzM0MA==&mid=2247485503&idx=1&sn=4854511a511d74e709360ddb117ba92a#rd,,微信文章,24h 热文榜,articles_24h,hotlist,,2026-09-21 02:23:50
21,男女一旦有了亲密就成了暗夫妻，看完这段话就明白了,,5.5万,https://mp.weixin.qq.com/s?__biz=MzYzNjMzNTc4Mw==&mid=2247484816&idx=1&sn=b279a32d8a15285cd8027f1b8d8939e4#rd,,微信文章,24h 热文榜,articles_24h,hotlist,,2026-09-21 02:23:50
22,女生永不贬值的资产！,,5.5万,https://mp.weixin.qq.com/s?__biz=MzYzNDcyMTc0OQ==&mid=2247487393&idx=1&sn=bcbbba9ef7e210d1189fe169ffe7dec5#rd,,微信文章,24h 热文榜,articles_24h,hotlist,,2026-09-21 02:23:50
23,U23国足VS伊朗：命运之战，央视不播,,5.4万,https://mp.weixin.qq.com/s?__biz=MzcwMTE1NzkyOA==&mid=2247488243&idx=1&sn=87bb60fab6a9685815680e523006f81b#rd,,微信文章,24h 热文榜,articles_24h,hotlist,,2026-09-21 02:23:50
24,无知真的会害了娃！30天婴儿失明真相曝光，全家后悔已来不及,,5.3万,https://mp.weixin.qq.com/s?__biz=MzcwNjMwNjExNQ==&mid=2247485375&idx=1&sn=df9048f90db65828fa4a09bfd06a3f41#rd,,微信文章,24h 热文榜,articles_24h,hotlist,,2026-09-21 02:23:50
25,敬一丹与李修平的晚年对比：人生下半场，顶级的智慧是体面退场,,5.2万,https://mp.weixin.qq.com/s?__biz=MzkxOTAxNjM3Nw==&mid=2247495852&idx=1&sn=97d2ce0cdecba4e991d7fdab51894fc3#rd,,微信文章,24h 热文榜,articles_24h,hotlist,,2026-09-21 02:23:50
26,十万级搭载华为乾崑智驾大六座 星海V6 为家而来,,5.2万,https://mp.weixin.qq.com/s?__biz=MzI5MjAyNjM1OA==&mid=2651552332&idx=1&sn=32ab4b64d7f4e2ffd1abdedfe18bfc69#rd,,微信文章,24h 热文榜,articles_24h,hotlist,,2026-09-21 02:23:50
27,北京火葬场不要骨灰的人越来越多，有人把骨灰偷埋进西山，不立碑，不留名，免费的海葬也不愿意选？,,5.2万,https://mp.weixin.qq.com/s?__biz=Mzk2NDIwMTc1Ng==&mid=2247485506&idx=1&sn=c578e36c14c31a1e90e9310e0c1b4682#rd,,微信文章,24h 热文榜,articles_24h,hotlist,,2026-09-21 02:23:50
28,关于养老金调整，人社部官网最新动态,,4.7万,https://mp.weixin.qq.com/s?__biz=MzkyMjUyNTE4Mw==&mid=2247487455&idx=1&sn=b84f7e7d378157d9d4b63d66ee6e37c0#rd,,微信文章,24h 热文榜,articles_24h,hotlist,,2026-09-21 02:23:50
29,国航C919乌兰巴托航线9月16日起不再执飞 !,,4.5万,https://mp.weixin.qq.com/s?__biz=MzA3OTY4OTU5Ng==&mid=2247493092&idx=2&sn=b9c0bc4c31ec71ac4fe13f260adcb1d1#rd,,微信文章,24h 热文榜,articles_24h,hotlist,,2026-09-21 02:23:50
30,一个清华教授，8个月卷走650亿,,4.4万,https://mp.weixin.qq.com/s?__biz=MzAxNDMwNjQ1OA==&mid=2650538429&idx=1&sn=efe0933570035ec695eae5a6237525cf&chksm=82ad4fca471597c4993c46d629366fc212e72df8e20673b0c5019978873bd7272f6729d0c241#rd,,微信文章,24h 热文榜,articles_24h,hotlist,,2026-09-21 02:23:50
1,旧电脑被当废品收走，拆开发现是2013年的老古董，硬盘还能用,,10.0万,https://mp.weixin.qq.com/s?__biz=MzcxMDI2MzU3Mg==&mid=2247487781&idx=2&sn=e5c8818fb8888447cacfe0fd3738b894#rd,,微信文章,24h 热文榜,articles_24h,hotlist,,2026-09-21 03:16:12
2,抗战胜利那一刻，重庆城里的离别与期盼,,10.0万,https://mp.weixin.qq.com/s?__biz=MzE5MTY2MzU2NQ==&mid=2247490014&idx=1&sn=b0ff18842f77894c37fbaeb3665fcec5#rd,,微信文章,24h 热文榜,articles_24h,hotlist,,2026-09-21 03:16:12
3,孙千的裙子是成长进度条，井柏然挡酒坐不住,,10.0万,https://mp.weixin.qq.com/s?__biz=MzYyNDA5MTg0Mw==&mid=2247488815&idx=1&sn=55f31dc0200d5ead7b371f6a68ef4ac8#rd,,微信文章,24h 热文榜,articles_24h,hotlist,,2026-09-21 03:16:12
4,许嵩和冯禧官宣结婚，相差14岁的追星梦成真,,10.0万,https://mp.weixin.qq.com/s?__biz=MzU2OTgzOTAzMQ==&mid=2247488409&idx=1&sn=e9727700b45bace51ba72385c758aeb6#rd,,微信文章,24h 热文榜,articles_24h,hotlist,,2026-09-21 03:16:12
5,92年 35岁，终于活成了我喜欢的样子 #居家锻炼 #零基础…,,10.0万,https://mp.weixin.qq.com/s?__biz=MzcwODM0MzM2MQ==&mid=2247485378&idx=1&sn=bc60386ed443d44b2917bb9d115d489c#rd,,微信文章,24h 热文榜,articles_24h,hotlist,,2026-09-21 03:16:12
6,我是80后,,10.0万,https://mp.weixin.qq.com/s?__biz=MzU3OTgwMjI5Nw==&mid=2247491724&idx=1&sn=2b26759f7c3f9615393c32754ff1201b#rd,,微信文章,24h 热文榜,articles_24h,hotlist,,2026-09-21 03:16:12
7,五年四胎，每天只睡五小时，照顾十六口人：那个“超人妈妈”终于撑不住了,,10.0万,https://mp.weixin.qq.com/s?__biz=MzA3MzY0NzUzMQ==&mid=2651709777&idx=1&sn=82f1c922b345d6bfa47aa463532cb64d#rd,,微信文章,24h 热文榜,articles_24h,hotlist,,2026-09-21 03:16:12
8,哄娃，橙汁儿的爸爸是专业的。,,10.0万,https://mp.weixin.qq.com/s?__biz=Mzg4NDEwNzQ1OA==&mid=2247489260&idx=1&sn=dfa8bd170d42401cbcb516395f3fc48e#rd,,微信文章,24h 热文榜,articles_24h,hotlist,,2026-09-21 03:16:12
9,人到中年，不想老跑医院，一定要舍得吃,,10.0万,https://mp.weixin.qq.com/s?__biz=MzYyNTExODQ1OQ==&mid=2247486360&idx=1&sn=dbcd1ff7cf94b647729bbe01db58fb14#rd,,微信文章,24h 热文榜,articles_24h,hotlist,,2026-09-21 03:16:12
10,太帅了，史上最帅的老干部,,10.0万,https://mp.weixin.qq.com/s?__biz=Mzk0MzgxMDY4Nw==&mid=2247499574&idx=1&sn=02c67a2e83b70251348dd891f8933e4a#rd,,微信文章,24h 热文榜,articles_24h,hotlist,,2026-09-21 03:16:12
11,儿子把我扔垃圾堆的无线鼠标捡回来，说要研究一下，结果我们花了一块多钱把鼠标修好了,,10.0万,https://mp.weixin.qq.com/s?__biz=MzUxMjc2NDEyOA==&mid=2247486938&idx=1&sn=e9ac567f0e33754d7c2d2f3391ade4d3#rd,,微信文章,24h 热文榜,articles_24h,hotlist,,2026-09-21 03:16:12
12,这就是惨败日本的反思结果？郭士强:努力了,,10.0万,https://mp.weixin.qq.com/s?__biz=MzUyMTk3ODY1NQ==&mid=2247484221&idx=1&sn=73a8945618ada6532a2e815d10364e78#rd,,微信文章,24h 热文榜,articles_24h,hotlist,,2026-09-21 03:16:12
13,印度给中美俄上了一课：粮食产量不到中国一半，却养活了同样14亿人。印度粮食总产量还不到咱们中国的一半，人口却差不多都是14亿人。,,7.5万,https://mp.weixin.qq.com/s?__biz=MjM5NDI5MDE1MQ==&mid=2450687357&idx=1&sn=2a1ce12684a99e2ea5dbd86309025d61#rd,,微信文章,24h 热文榜,articles_24h,hotlist,,2026-09-21 03:16:12
14,复出了！陈冠希+港毒黄XX主演贺岁片，片方好大胆！可两人连横店实拍都进不去！,,7.3万,https://mp.weixin.qq.com/s?__biz=MzY5MjM4NDA3NA==&mid=2247483906&idx=1&sn=b3d4dc1aa81205df6fb79020bff52619#rd,,微信文章,24h 热文榜,articles_24h,hotlist,,2026-09-21 03:16:12
15,达到发达国家水平的31个城市，快看看有你的家乡吗？,,7.0万,https://mp.weixin.qq.com/s?__biz=MzY4MjE0ODY1OQ==&mid=2247485392&idx=1&sn=819c8b87d661ec5239a5fb2141720a50#rd,,微信文章,24h 热文榜,articles_24h,hotlist,,2026-09-21 03:16:12
16,网传小米外包员工领中秋月饼遭拒，9月17日的时候，他拿着工作证来领公司的中秋节礼品，但是被工作人员告知：“你不在领取范围内,,5.9万,https://mp.weixin.qq.com/s?__biz=MzY5MTMzMTg3MQ==&mid=2247484576&idx=1&sn=0df8ca628d4c56dc1b8da80ec66e2122#rd,,微信文章,24h 热文榜,articles_24h,hotlist,,2026-09-21 03:16:12
17,胖东来标准——工程界从此多了一种新标准,,5.7万,https://mp.weixin.qq.com/s?__biz=MzAxMTk3NjE1Mw==&mid=2247497855&idx=1&sn=d70194a3c43dfcc7282cf7f8ecb8c3df#rd,,微信文章,24h 热文榜,articles_24h,hotlist,,2026-09-21 03:16:12
18,"油价忽然下跌！9月19日调价后92,95号汽油价格，蛋价承压，报复性下跌？",,5.7万,https://mp.weixin.qq.com/s?__biz=MzU5NDA1MzQxNA==&mid=2247611092&idx=4&sn=39d83de3ae4ec8c66f7832f970fb31f1#rd,,微信文章,24h 热文榜,articles_24h,hotlist,,2026-09-21 03:16:12
19,震撼！中科院院士郑泉水：一千多位高考状元，几乎没有人成为顶尖人才！孩子到底该怎么培养？,,5.7万,https://mp.weixin.qq.com/s?__biz=MzA5OTk3Mjc2Mg==&mid=2650654809&idx=1&sn=4dc01dd829d5ccd94f4373d97d2466bb#rd,,微信文章,24h 热文榜,articles_24h,hotlist,,2026-09-21 03:16:12
20,终于醒悟了：我们应该花十几万块建一套房子，留几百万来生活，而不是花几百万建一套房子，留十几万来生活,,5.6万,https://mp.weixin.qq.com/s?__biz=MzYzMjY0NzM0MA==&mid=2247485503&idx=1&sn=4854511a511d74e709360ddb117ba92a#rd,,微信文章,24h 热文榜,articles_24h,hotlist,,2026-09-21 03:16:12
21,男女一旦有了亲密就成了暗夫妻，看完这段话就明白了,,5.5万,https://mp.weixin.qq.com/s?__biz=MzYzNjMzNTc4Mw==&mid=2247484816&idx=1&sn=b279a32d8a15285cd8027f1b8d8939e4#rd,,微信文章,24h 热文榜,articles_24h,hotlist,,2026-09-21 03:16:12
22,女生永不贬值的资产！,,5.5万,https://mp.weixin.qq.com/s?__biz=MzYzNDcyMTc0OQ==&mid=2247487393&idx=1&sn=bcbbba9ef7e210d1189fe169ffe7dec5#rd,,微信文章,24h 热文榜,articles_24h,hotlist,,2026-09-21 03:16:12
23,U23国足VS伊朗：命运之战，央视不播,,5.4万,https://mp.weixin.qq.com/s?__biz=MzcwMTE1NzkyOA==&mid=2247488243&idx=1&sn=87bb60fab6a9685815680e523006f81b#rd,,微信文章,24h 热文榜,articles_24h,hotlist,,2026-09-21 03:16:12
24,无知真的会害了娃！30天婴儿失明真相曝光，全家后悔已来不及,,5.3万,https://mp.weixin.qq.com/s?__biz=MzcwNjMwNjExNQ==&mid=2247485375&idx=1&sn=df9048f90db65828fa4a09bfd06a3f41#rd,,微信文章,24h 热文榜,articles_24h,hotlist,,2026-09-21 03:16:12
25,敬一丹与李修平的晚年对比：人生下半场，顶级的智慧是体面退场,,5.2万,https://mp.weixin.qq.com/s?__biz=MzkxOTAxNjM3Nw==&mid=2247495852&idx=1&sn=97d2ce0cdecba4e991d7fdab51894fc3#rd,,微信文章,24h 热文榜,articles_24h,hotlist,,2026-09-21 03:16:12
26,十万级搭载华为乾崑智驾大六座 星海V6 为家而来,,5.2万,https://mp.weixin.qq.com/s?__biz=MzI5MjAyNjM1OA==&mid=2651552332&idx=1&sn=32ab4b64d7f4e2ffd1abdedfe18bfc69#rd,,微信文章,24h 热文榜,articles_24h,hotlist,,2026-09-21 03:16:12
27,北京火葬场不要骨灰的人越来越多，有人把骨灰偷埋进西山，不立碑，不留名，免费的海葬也不愿意选？,,5.2万,https://mp.weixin.qq.com/s?__biz=Mzk2NDIwMTc1Ng==&mid=2247485506&idx=1&sn=c578e36c14c31a1e90e9310e0c1b4682#rd,,微信文章,24h 热文榜,articles_24h,hotlist,,2026-09-21 03:16:12
28,关于养老金调整，人社部官网最新动态,,4.7万,https://mp.weixin.qq.com/s?__biz=MzkyMjUyNTE4Mw==&mid=2247487455&idx=1&sn=b84f7e7d378157d9d4b63d66ee6e37c0#rd,,微信文章,24h 热文榜,articles_24h,hotlist,,2026-09-21 03:16:12
29,国航C919乌兰巴托航线9月16日起不再执飞 !,,4.5万,https://mp.weixin.qq.com/s?__biz=MzA3OTY4OTU5Ng==&mid=2247493092&idx=2&sn=b9c0bc4c31ec71ac4fe13f260adcb1d1#rd,,微信文章,24h 热文榜,articles_24h,hotlist,,2026-09-21 03:16:12
30,一个清华教授，8个月卷走650亿,,4.4万,https://mp.weixin.qq.com/s?__biz=MzAxNDMwNjQ1OA==&mid=2650538429&idx=1&sn=efe0933570035ec695eae5a6237525cf&chksm=82ad4fca471597c4993c46d629366fc212e72df8e20673b0c5019978873bd7272f6729d0c241#rd,,微信文章,24h 热文榜,articles_24h,hotlist,,2026-09-21 03:16:12
1,旧电脑被当废品收走，拆开发现是2013年的老古董，硬盘还能用,,10.0万,https://mp.weixin.qq.com/s?__biz=MzcxMDI2MzU3Mg==&mid=2247487781&idx=2&sn=e5c8818fb8888447cacfe0fd3738b894#rd,,微信文章,24h 热文榜,articles_24h,hotlist,,2026-09-21 04:20:11
2,抗战胜利那一刻，重庆城里的离别与期盼,,10.0万,https://mp.weixin.qq.com/s?__biz=MzE5MTY2MzU2NQ==&mid=2247490014&idx=1&sn=b0ff18842f77894c37fbaeb3665fcec5#rd,,微信文章,24h 热文榜,articles_24h,hotlist,,2026-09-21 04:20:11
3,孙千的裙子是成长进度条，井柏然挡酒坐不住,,10.0万,https://mp.weixin.qq.com/s?__biz=MzYyNDA5MTg0Mw==&mid=2247488815&idx=1&sn=55f31dc0200d5ead7b371f6a68ef4ac8#rd,,微信文章,24h 热文榜,articles_24h,hotlist,,2026-09-21 04:20:11
4,许嵩和冯禧官宣结婚，相差14岁的追星梦成真,,10.0万,https://mp.weixin.qq.com/s?__biz=MzU2OTgzOTAzMQ==&mid=2247488409&idx=1&sn=e9727700b45bace51ba72385c758aeb6#rd,,微信文章,24h 热文榜,articles_24h,hotlist,,2026-09-21 04:20:11
5,92年 35岁，终于活成了我喜欢的样子 #居家锻炼 #零基础…,,10.0万,https://mp.weixin.qq.com/s?__biz=MzcwODM0MzM2MQ==&mid=2247485378&idx=1&sn=bc60386ed443d44b2917bb9d115d489c#rd,,微信文章,24h 热文榜,articles_24h,hotlist,,2026-09-21 04:20:11
6,我是80后,,10.0万,https://mp.weixin.qq.com/s?__biz=MzU3OTgwMjI5Nw==&mid=2247491724&idx=1&sn=2b26759f7c3f9615393c32754ff1201b#rd,,微信文章,24h 热文榜,articles_24h,hotlist,,2026-09-21 04:20:11
7,五年四胎，每天只睡五小时，照顾十六口人：那个“超人妈妈”终于撑不住了,,10.0万,https://mp.weixin.qq.com/s?__biz=MzA3MzY0NzUzMQ==&mid=2651709777&idx=1&sn=82f1c922b345d6bfa47aa463532cb64d#rd,,微信文章,24h 热文榜,articles_24h,hotlist,,2026-09-21 04:20:11
8,哄娃，橙汁儿的爸爸是专业的。,,10.0万,https://mp.weixin.qq.com/s?__biz=Mzg4NDEwNzQ1OA==&mid=2247489260&idx=1&sn=dfa8bd170d42401cbcb516395f3fc48e#rd,,微信文章,24h 热文榜,articles_24h,hotlist,,2026-09-21 04:20:11
9,人到中年，不想老跑医院，一定要舍得吃,,10.0万,https://mp.weixin.qq.com/s?__biz=MzYyNTExODQ1OQ==&mid=2247486360&idx=1&sn=dbcd1ff7cf94b647729bbe01db58fb14#rd,,微信文章,24h 热文榜,articles_24h,hotlist,,2026-09-21 04:20:11
10,太帅了，史上最帅的老干部,,10.0万,https://mp.weixin.qq.com/s?__biz=Mzk0MzgxMDY4Nw==&mid=2247499574&idx=1&sn=02c67a2e83b70251348dd891f8933e4a#rd,,微信文章,24h 热文榜,articles_24h,hotlist,,2026-09-21 04:20:11
11,儿子把我扔垃圾堆的无线鼠标捡回来，说要研究一下，结果我们花了一块多钱把鼠标修好了,,10.0万,https://mp.weixin.qq.com/s?__biz=MzUxMjc2NDEyOA==&mid=2247486938&idx=1&sn=e9ac567f0e33754d7c2d2f3391ade4d3#rd,,微信文章,24h 热文榜,articles_24h,hotlist,,2026-09-21 04:20:11
12,这就是惨败日本的反思结果？郭士强:努力了,,10.0万,https://mp.weixin.qq.com/s?__biz=MzUyMTk3ODY1NQ==&mid=2247484221&idx=1&sn=73a8945618ada6532a2e815d10364e78#rd,,微信文章,24h 热文榜,articles_24h,hotlist,,2026-09-21 04:20:11
13,印度给中美俄上了一课：粮食产量不到中国一半，却养活了同样14亿人。印度粮食总产量还不到咱们中国的一半，人口却差不多都是14亿人。,,7.5万,https://mp.weixin.qq.com/s?__biz=MjM5NDI5MDE1MQ==&mid=2450687357&idx=1&sn=2a1ce12684a99e2ea5dbd86309025d61#rd,,微信文章,24h 热文榜,articles_24h,hotlist,,2026-09-21 04:20:11
14,复出了！陈冠希+港毒黄XX主演贺岁片，片方好大胆！可两人连横店实拍都进不去！,,7.3万,https://mp.weixin.qq.com/s?__biz=MzY5MjM4NDA3NA==&mid=2247483906&idx=1&sn=b3d4dc1aa81205df6fb79020bff52619#rd,,微信文章,24h 热文榜,articles_24h,hotlist,,2026-09-21 04:20:11
15,达到发达国家水平的31个城市，快看看有你的家乡吗？,,7.0万,https://mp.weixin.qq.com/s?__biz=MzY4MjE0ODY1OQ==&mid=2247485392&idx=1&sn=819c8b87d661ec5239a5fb2141720a50#rd,,微信文章,24h 热文榜,articles_24h,hotlist,,2026-09-21 04:20:11
16,网传小米外包员工领中秋月饼遭拒，9月17日的时候，他拿着工作证来领公司的中秋节礼品，但是被工作人员告知：“你不在领取范围内,,5.9万,https://mp.weixin.qq.com/s?__biz=MzY5MTMzMTg3MQ==&mid=2247484576&idx=1&sn=0df8ca628d4c56dc1b8da80ec66e2122#rd,,微信文章,24h 热文榜,articles_24h,hotlist,,2026-09-21 04:20:11
17,胖东来标准——工程界从此多了一种新标准,,5.7万,https://mp.weixin.qq.com/s?__biz=MzAxMTk3NjE1Mw==&mid=2247497855&idx=1&sn=d70194a3c43dfcc7282cf7f8ecb8c3df#rd,,微信文章,24h 热文榜,articles_24h,hotlist,,2026-09-21 04:20:11
18,"油价忽然下跌！9月19日调价后92,95号汽油价格，蛋价承压，报复性下跌？",,5.7万,https://mp.weixin.qq.com/s?__biz=MzU5NDA1MzQxNA==&mid=2247611092&idx=4&sn=39d83de3ae4ec8c66f7832f970fb31f1#rd,,微信文章,24h 热文榜,articles_24h,hotlist,,2026-09-21 04:20:11
19,震撼！中科院院士郑泉水：一千多位高考状元，几乎没有人成为顶尖人才！孩子到底该怎么培养？,,5.7万,https://mp.weixin.qq.com/s?__biz=MzA5OTk3Mjc2Mg==&mid=2650654809&idx=1&sn=4dc01dd829d5ccd94f4373d97d2466bb#rd,,微信文章,24h 热文榜,articles_24h,hotlist,,2026-09-21 04:20:11
20,终于醒悟了：我们应该花十几万块建一套房子，留几百万来生活，而不是花几百万建一套房子，留十几万来生活,,5.6万,https://mp.weixin.qq.com/s?__biz=MzYzMjY0NzM0MA==&mid=2247485503&idx=1&sn=4854511a511d74e709360ddb117ba92a#rd,,微信文章,24h 热文榜,articles_24h,hotlist,,2026-09-21 04:20:11
21,男女一旦有了亲密就成了暗夫妻，看完这段话就明白了,,5.5万,https://mp.weixin.qq.com/s?__biz=MzYzNjMzNTc4Mw==&mid=2247484816&idx=1&sn=b279a32d8a15285cd8027f1b8d8939e4#rd,,微信文章,24h 热文榜,articles_24h,hotlist,,2026-09-21 04:20:11
22,女生永不贬值的资产！,,5.5万,https://mp.weixin.qq.com/s?__biz=MzYzNDcyMTc0OQ==&mid=2247487393&idx=1&sn=bcbbba9ef7e210d1189fe169ffe7dec5#rd,,微信文章,24h 热文榜,articles_24h,hotlist,,2026-09-21 04:20:11
23,U23国足VS伊朗：命运之战，央视不播,,5.4万,https://mp.weixin.qq.com/s?__biz=MzcwMTE1NzkyOA==&mid=2247488243&idx=1&sn=87bb60fab6a9685815680e523006f81b#rd,,微信文章,24h 热文榜,articles_24h,hotlist,,2026-09-21 04:20:11
24,无知真的会害了娃！30天婴儿失明真相曝光，全家后悔已来不及,,5.3万,https://mp.weixin.qq.com/s?__biz=MzcwNjMwNjExNQ==&mid=2247485375&idx=1&sn=df9048f90db65828fa4a09bfd06a3f41#rd,,微信文章,24h 热文榜,articles_24h,hotlist,,2026-09-21 04:20:11
25,敬一丹与李修平的晚年对比：人生下半场，顶级的智慧是体面退场,,5.2万,https://mp.weixin.qq.com/s?__biz=MzkxOTAxNjM3Nw==&mid=2247495852&idx=1&sn=97d2ce0cdecba4e991d7fdab51894fc3#rd,,微信文章,24h 热文榜,articles_24h,hotlist,,2026-09-21 04:20:11
26,十万级搭载华为乾崑智驾大六座 星海V6 为家而来,,5.2万,https://mp.weixin.qq.com/s?__biz=MzI5MjAyNjM1OA==&mid=2651552332&idx=1&sn=32ab4b64d7f4e2ffd1abdedfe18bfc69#rd,,微信文章,24h 热文榜,articles_24h,hotlist,,2026-09-21 04:20:11
27,北京火葬场不要骨灰的人越来越多，有人把骨灰偷埋进西山，不立碑，不留名，免费的海葬也不愿意选？,,5.2万,https://mp.weixin.qq.com/s?__biz=Mzk2NDIwMTc1Ng==&mid=2247485506&idx=1&sn=c578e36c14c31a1e90e9310e0c1b4682#rd,,微信文章,24h 热文榜,articles_24h,hotlist,,2026-09-21 04:20:11
28,关于养老金调整，人社部官网最新动态,,4.7万,https://mp.weixin.qq.com/s?__biz=MzkyMjUyNTE4Mw==&mid=2247487455&idx=1&sn=b84f7e7d378157d9d4b63d66ee6e37c0#rd,,微信文章,24h 热文榜,articles_24h,hotlist,,2026-09-21 04:20:11
29,国航C919乌兰巴托航线9月16日起不再执飞 !,,4.5万,https://mp.weixin.qq.com/s?__biz=MzA3OTY4OTU5Ng==&mid=2247493092&idx=2&sn=b9c0bc4c31ec71ac4fe13f260adcb1d1#rd,,微信文章,24h 热文榜,articles_24h,hotlist,,2026-09-21 04:20:11
30,一个清华教授，8个月卷走650亿,,4.4万,https://mp.weixin.qq.com/s?__biz=MzAxNDMwNjQ1OA==&mid=2650538429&idx=1&sn=efe0933570035ec695eae5a6237525cf&chksm=82ad4fca471597c4993c46d629366fc212e72df8e20673b0c5019978873bd7272f6729d0c241#rd,,微信文章,24h 热文榜,articles_24h,hotlist,,2026-09-21 04:20:11
1,旧电脑被当废品收走，拆开发现是2013年的老古董，硬盘还能用,,10.0万,https://mp.weixin.qq.com/s?__biz=MzcxMDI2MzU3Mg==&mid=2247487781&idx=2&sn=e5c8818fb8888447cacfe0fd3738b894#rd,,微信文章,24h 热文榜,articles_24h,hotlist,,2026-09-21 05:18:25
2,抗战胜利那一刻，重庆城里的离别与期盼,,10.0万,https://mp.weixin.qq.com/s?__biz=MzE5MTY2MzU2NQ==&mid=2247490014&idx=1&sn=b0ff18842f77894c37fbaeb3665fcec5#rd,,微信文章,24h 热文榜,articles_24h,hotlist,,2026-09-21 05:18:25
3,孙千的裙子是成长进度条，井柏然挡酒坐不住,,10.0万,https://mp.weixin.qq.com/s?__biz=MzYyNDA5MTg0Mw==&mid=2247488815&idx=1&sn=55f31dc0200d5ead7b371f6a68ef4ac8#rd,,微信文章,24h 热文榜,articles_24h,hotlist,,2026-09-21 05:18:25
4,许嵩和冯禧官宣结婚，相差14岁的追星梦成真,,10.0万,https://mp.weixin.qq.com/s?__biz=MzU2OTgzOTAzMQ==&mid=2247488409&idx=1&sn=e9727700b45bace51ba72385c758aeb6#rd,,微信文章,24h 热文榜,articles_24h,hotlist,,2026-09-21 05:18:25
5,92年 35岁，终于活成了我喜欢的样子 #居家锻炼 #零基础…,,10.0万,https://mp.weixin.qq.com/s?__biz=MzcwODM0MzM2MQ==&mid=2247485378&idx=1&sn=bc60386ed443d44b2917bb9d115d489c#rd,,微信文章,24h 热文榜,articles_24h,hotlist,,2026-09-21 05:18:25
6,我是80后,,10.0万,https://mp.weixin.qq.com/s?__biz=MzU3OTgwMjI5Nw==&mid=2247491724&idx=1&sn=2b26759f7c3f9615393c32754ff1201b#rd,,微信文章,24h 热文榜,articles_24h,hotlist,,2026-09-21 05:18:25
7,五年四胎，每天只睡五小时，照顾十六口人：那个“超人妈妈”终于撑不住了,,10.0万,https://mp.weixin.qq.com/s?__biz=MzA3MzY0NzUzMQ==&mid=2651709777&idx=1&sn=82f1c922b345d6bfa47aa463532cb64d#rd,,微信文章,24h 热文榜,articles_24h,hotlist,,2026-09-21 05:18:25
8,哄娃，橙汁儿的爸爸是专业的。,,10.0万,https://mp.weixin.qq.com/s?__biz=Mzg4NDEwNzQ1OA==&mid=2247489260&idx=1&sn=dfa8bd170d42401cbcb516395f3fc48e#rd,,微信文章,24h 热文榜,articles_24h,hotlist,,2026-09-21 05:18:25
9,人到中年，不想老跑医院，一定要舍得吃,,10.0万,https://mp.weixin.qq.com/s?__biz=MzYyNTExODQ1OQ==&mid=2247486360&idx=1&sn=dbcd1ff7cf94b647729bbe01db58fb14#rd,,微信文章,24h 热文榜,articles_24h,hotlist,,2026-09-21 05:18:25
10,太帅了，史上最帅的老干部,,10.0万,https://mp.weixin.qq.com/s?__biz=Mzk0MzgxMDY4Nw==&mid=2247499574&idx=1&sn=02c67a2e83b70251348dd891f8933e4a#rd,,微信文章,24h 热文榜,articles_24h,hotlist,,2026-09-21 05:18:25
11,儿子把我扔垃圾堆的无线鼠标捡回来，说要研究一下，结果我们花了一块多钱把鼠标修好了,,10.0万,https://mp.weixin.qq.com/s?__biz=MzUxMjc2NDEyOA==&mid=2247486938&idx=1&sn=e9ac567f0e33754d7c2d2f3391ade4d3#rd,,微信文章,24h 热文榜,articles_24h,hotlist,,2026-09-21 05:18:25
12,这就是惨败日本的反思结果？郭士强:努力了,,10.0万,https://mp.weixin.qq.com/s?__biz=MzUyMTk3ODY1NQ==&mid=2247484221&idx=1&sn=73a8945618ada6532a2e815d10364e78#rd,,微信文章,24h 热文榜,articles_24h,hotlist,,2026-09-21 05:18:25
13,印度给中美俄上了一课：粮食产量不到中国一半，却养活了同样14亿人。印度粮食总产量还不到咱们中国的一半，人口却差不多都是14亿人。,,7.5万,https://mp.weixin.qq.com/s?__biz=MjM5NDI5MDE1MQ==&mid=2450687357&idx=1&sn=2a1ce12684a99e2ea5dbd86309025d61#rd,,微信文章,24h 热文榜,articles_24h,hotlist,,2026-09-21 05:18:25
14,复出了！陈冠希+港毒黄XX主演贺岁片，片方好大胆！可两人连横店实拍都进不去！,,7.3万,https://mp.weixin.qq.com/s?__biz=MzY5MjM4NDA3NA==&mid=2247483906&idx=1&sn=b3d4dc1aa81205df6fb79020bff52619#rd,,微信文章,24h 热文榜,articles_24h,hotlist,,2026-09-21 05:18:25
15,达到发达国家水平的31个城市，快看看有你的家乡吗？,,7.0万,https://mp.weixin.qq.com/s?__biz=MzY4MjE0ODY1OQ==&mid=2247485392&idx=1&sn=819c8b87d661ec5239a5fb2141720a50#rd,,微信文章,24h 热文榜,articles_24h,hotlist,,2026-09-21 05:18:25
16,网传小米外包员工领中秋月饼遭拒，9月17日的时候，他拿着工作证来领公司的中秋节礼品，但是被工作人员告知：“你不在领取范围内,,5.9万,https://mp.weixin.qq.com/s?__biz=MzY5MTMzMTg3MQ==&mid=2247484576&idx=1&sn=0df8ca628d4c56dc1b8da80ec66e2122#rd,,微信文章,24h 热文榜,articles_24h,hotlist,,2026-09-21 05:18:25
17,胖东来标准——工程界从此多了一种新标准,,5.7万,https://mp.weixin.qq.com/s?__biz=MzAxMTk3NjE1Mw==&mid=2247497855&idx=1&sn=d70194a3c43dfcc7282cf7f8ecb8c3df#rd,,微信文章,24h 热文榜,articles_24h,hotlist,,2026-09-21 05:18:25
18,"油价忽然下跌！9月19日调价后92,95号汽油价格，蛋价承压，报复性下跌？",,5.7万,https://mp.weixin.qq.com/s?__biz=MzU5NDA1MzQxNA==&mid=2247611092&idx=4&sn=39d83de3ae4ec8c66f7832f970fb31f1#rd,,微信文章,24h 热文榜,articles_24h,hotlist,,2026-09-21 05:18:25
19,震撼！中科院院士郑泉水：一千多位高考状元，几乎没有人成为顶尖人才！孩子到底该怎么培养？,,5.7万,https://mp.weixin.qq.com/s?__biz=MzA5OTk3Mjc2Mg==&mid=2650654809&idx=1&sn=4dc01dd829d5ccd94f4373d97d2466bb#rd,,微信文章,24h 热文榜,articles_24h,hotlist,,2026-09-21 05:18:25
20,终于醒悟了：我们应该花十几万块建一套房子，留几百万来生活，而不是花几百万建一套房子，留十几万来生活,,5.6万,https://mp.weixin.qq.com/s?__biz=MzYzMjY0NzM0MA==&mid=2247485503&idx=1&sn=4854511a511d74e709360ddb117ba92a#rd,,微信文章,24h 热文榜,articles_24h,hotlist,,2026-09-21 05:18:25
21,男女一旦有了亲密就成了暗夫妻，看完这段话就明白了,,5.5万,https://mp.weixin.qq.com/s?__biz=MzYzNjMzNTc4Mw==&mid=2247484816&idx=1&sn=b279a32d8a15285cd8027f1b8d8939e4#rd,,微信文章,24h 热文榜,articles_24h,hotlist,,2026-09-21 05:18:25
22,女生永不贬值的资产！,,5.5万,https://mp.weixin.qq.com/s?__biz=MzYzNDcyMTc0OQ==&mid=2247487393&idx=1&sn=bcbbba9ef7e210d1189fe169ffe7dec5#rd,,微信文章,24h 热文榜,articles_24h,hotlist,,2026-09-21 05:18:25
23,U23国足VS伊朗：命运之战，央视不播,,5.4万,https://mp.weixin.qq.com/s?__biz=MzcwMTE1NzkyOA==&mid=2247488243&idx=1&sn=87bb60fab6a9685815680e523006f81b#rd,,微信文章,24h 热文榜,articles_24h,hotlist,,2026-09-21 05:18:25
24,无知真的会害了娃！30天婴儿失明真相曝光，全家后悔已来不及,,5.3万,https://mp.weixin.qq.com/s?__biz=MzcwNjMwNjExNQ==&mid=2247485375&idx=1&sn=df9048f90db65828fa4a09bfd06a3f41#rd,,微信文章,24h 热文榜,articles_24h,hotlist,,2026-09-21 05:18:25
25,敬一丹与李修平的晚年对比：人生下半场，顶级的智慧是体面退场,,5.2万,https://mp.weixin.qq.com/s?__biz=MzkxOTAxNjM3Nw==&mid=2247495852&idx=1&sn=97d2ce0cdecba4e991d7fdab51894fc3#rd,,微信文章,24h 热文榜,articles_24h,hotlist,,2026-09-21 05:18:25
26,十万级搭载华为乾崑智驾大六座 星海V6 为家而来,,5.2万,https://mp.weixin.qq.com/s?__biz=MzI5MjAyNjM1OA==&mid=2651552332&idx=1&sn=32ab4b64d7f4e2ffd1abdedfe18bfc69#rd,,微信文章,24h 热文榜,articles_24h,hotlist,,2026-09-21 05:18:25
27,北京火葬场不要骨灰的人越来越多，有人把骨灰偷埋进西山，不立碑，不留名，免费的海葬也不愿意选？,,5.2万,https://mp.weixin.qq.com/s?__biz=Mzk2NDIwMTc1Ng==&mid=2247485506&idx=1&sn=c578e36c14c31a1e90e9310e0c1b4682#rd,,微信文章,24h 热文榜,articles_24h,hotlist,,2026-09-21 05:18:25
28,关于养老金调整，人社部官网最新动态,,4.7万,https://mp.weixin.qq.com/s?__biz=MzkyMjUyNTE4Mw==&mid=2247487455&idx=1&sn=b84f7e7d378157d9d4b63d66ee6e37c0#rd,,微信文章,24h 热文榜,articles_24h,hotlist,,2026-09-21 05:18:25
29,国航C919乌兰巴托航线9月16日起不再执飞 !,,4.5万,https://mp.weixin.qq.com/s?__biz=MzA3OTY4OTU5Ng==&mid=2247493092&idx=2&sn=b9c0bc4c31ec71ac4fe13f260adcb1d1#rd,,微信文章,24h 热文榜,articles_24h,hotlist,,2026-09-21 05:18:25
30,一个清华教授，8个月卷走650亿,,4.4万,https://mp.weixin.qq.com/s?__biz=MzAxNDMwNjQ1OA==&mid=2650538429&idx=1&sn=efe0933570035ec695eae5a6237525cf&chksm=82ad4fca471597c4993c46d629366fc212e72df8e20673b0c5019978873bd7272f6729d0c241#rd,,微信文章,24h 热文榜,articles_24h,hotlist,,2026-09-21 05:18:25
1,旧电脑被当废品收走，拆开发现是2013年的老古董，硬盘还能用,,10.0万,https://mp.weixin.qq.com/s?__biz=MzcxMDI2MzU3Mg==&mid=2247487781&idx=2&sn=e5c8818fb8888447cacfe0fd3738b894#rd,,微信文章,24h 热文榜,articles_24h,hotlist,,2026-09-21 06:19:01
2,抗战胜利那一刻，重庆城里的离别与期盼,,10.0万,https://mp.weixin.qq.com/s?__biz=MzE5MTY2MzU2NQ==&mid=2247490014&idx=1&sn=b0ff18842f77894c37fbaeb3665fcec5#rd,,微信文章,24h 热文榜,articles_24h,hotlist,,2026-09-21 06:19:01
3,孙千的裙子是成长进度条，井柏然挡酒坐不住,,10.0万,https://mp.weixin.qq.com/s?__biz=MzYyNDA5MTg0Mw==&mid=2247488815&idx=1&sn=55f31dc0200d5ead7b371f6a68ef4ac8#rd,,微信文章,24h 热文榜,articles_24h,hotlist,,2026-09-21 06:19:01
4,许嵩和冯禧官宣结婚，相差14岁的追星梦成真,,10.0万,https://mp.weixin.qq.com/s?__biz=MzU2OTgzOTAzMQ==&mid=2247488409&idx=1&sn=e9727700b45bace51ba72385c758aeb6#rd,,微信文章,24h 热文榜,articles_24h,hotlist,,2026-09-21 06:19:01
5,92年 35岁，终于活成了我喜欢的样子 #居家锻炼 #零基础…,,10.0万,https://mp.weixin.qq.com/s?__biz=MzcwODM0MzM2MQ==&mid=2247485378&idx=1&sn=bc60386ed443d44b2917bb9d115d489c#rd,,微信文章,24h 热文榜,articles_24h,hotlist,,2026-09-21 06:19:01
6,我是80后,,10.0万,https://mp.weixin.qq.com/s?__biz=MzU3OTgwMjI5Nw==&mid=2247491724&idx=1&sn=2b26759f7c3f9615393c32754ff1201b#rd,,微信文章,24h 热文榜,articles_24h,hotlist,,2026-09-21 06:19:01
7,五年四胎，每天只睡五小时，照顾十六口人：那个“超人妈妈”终于撑不住了,,10.0万,https://mp.weixin.qq.com/s?__biz=MzA3MzY0NzUzMQ==&mid=2651709777&idx=1&sn=82f1c922b345d6bfa47aa463532cb64d#rd,,微信文章,24h 热文榜,articles_24h,hotlist,,2026-09-21 06:19:01
8,哄娃，橙汁儿的爸爸是专业的。,,10.0万,https://mp.weixin.qq.com/s?__biz=Mzg4NDEwNzQ1OA==&mid=2247489260&idx=1&sn=dfa8bd170d42401cbcb516395f3fc48e#rd,,微信文章,24h 热文榜,articles_24h,hotlist,,2026-09-21 06:19:01
9,人到中年，不想老跑医院，一定要舍得吃,,10.0万,https://mp.weixin.qq.com/s?__biz=MzYyNTExODQ1OQ==&mid=2247486360&idx=1&sn=dbcd1ff7cf94b647729bbe01db58fb14#rd,,微信文章,24h 热文榜,articles_24h,hotlist,,2026-09-21 06:19:01
10,太帅了，史上最帅的老干部,,10.0万,https://mp.weixin.qq.com/s?__biz=Mzk0MzgxMDY4Nw==&mid=2247499574&idx=1&sn=02c67a2e83b70251348dd891f8933e4a#rd,,微信文章,24h 热文榜,articles_24h,hotlist,,2026-09-21 06:19:01
11,儿子把我扔垃圾堆的无线鼠标捡回来，说要研究一下，结果我们花了一块多钱把鼠标修好了,,10.0万,https://mp.weixin.qq.com/s?__biz=MzUxMjc2NDEyOA==&mid=2247486938&idx=1&sn=e9ac567f0e33754d7c2d2f3391ade4d3#rd,,微信文章,24h 热文榜,articles_24h,hotlist,,2026-09-21 06:19:01
12,这就是惨败日本的反思结果？郭士强:努力了,,10.0万,https://mp.weixin.qq.com/s?__biz=MzUyMTk3ODY1NQ==&mid=2247484221&idx=1&sn=73a8945618ada6532a2e815d10364e78#rd,,微信文章,24h 热文榜,articles_24h,hotlist,,2026-09-21 06:19:01
13,印度给中美俄上了一课：粮食产量不到中国一半，却养活了同样14亿人。印度粮食总产量还不到咱们中国的一半，人口却差不多都是14亿人。,,7.5万,https://mp.weixin.qq.com/s?__biz=MjM5NDI5MDE1MQ==&mid=2450687357&idx=1&sn=2a1ce12684a99e2ea5dbd86309025d61#rd,,微信文章,24h 热文榜,articles_24h,hotlist,,2026-09-21 06:19:01
14,复出了！陈冠希+港毒黄XX主演贺岁片，片方好大胆！可两人连横店实拍都进不去！,,7.3万,https://mp.weixin.qq.com/s?__biz=MzY5MjM4NDA3NA==&mid=2247483906&idx=1&sn=b3d4dc1aa81205df6fb79020bff52619#rd,,微信文章,24h 热文榜,articles_24h,hotlist,,2026-09-21 06:19:01
15,达到发达国家水平的31个城市，快看看有你的家乡吗？,,7.0万,https://mp.weixin.qq.com/s?__biz=MzY4MjE0ODY1OQ==&mid=2247485392&idx=1&sn=819c8b87d661ec5239a5fb2141720a50#rd,,微信文章,24h 热文榜,articles_24h,hotlist,,2026-09-21 06:19:01
16,网传小米外包员工领中秋月饼遭拒，9月17日的时候，他拿着工作证来领公司的中秋节礼品，但是被工作人员告知：“你不在领取范围内,,5.9万,https://mp.weixin.qq.com/s?__biz=MzY5MTMzMTg3MQ==&mid=2247484576&idx=1&sn=0df8ca628d4c56dc1b8da80ec66e2122#rd,,微信文章,24h 热文榜,articles_24h,hotlist,,2026-09-21 06:19:01
17,胖东来标准——工程界从此多了一种新标准,,5.7万,https://mp.weixin.qq.com/s?__biz=MzAxMTk3NjE1Mw==&mid=2247497855&idx=1&sn=d70194a3c43dfcc7282cf7f8ecb8c3df#rd,,微信文章,24h 热文榜,articles_24h,hotlist,,2026-09-21 06:19:01
18,"油价忽然下跌！9月19日调价后92,95号汽油价格，蛋价承压，报复性下跌？",,5.7万,https://mp.weixin.qq.com/s?__biz=MzU5NDA1MzQxNA==&mid=2247611092&idx=4&sn=39d83de3ae4ec8c66f7832f970fb31f1#rd,,微信文章,24h 热文榜,articles_24h,hotlist,,2026-09-21 06:19:01
19,震撼！中科院院士郑泉水：一千多位高考状元，几乎没有人成为顶尖人才！孩子到底该怎么培养？,,5.7万,https://mp.weixin.qq.com/s?__biz=MzA5OTk3Mjc2Mg==&mid=2650654809&idx=1&sn=4dc01dd829d5ccd94f4373d97d2466bb#rd,,微信文章,24h 热文榜,articles_24h,hotlist,,2026-09-21 06:19:01
20,终于醒悟了：我们应该花十几万块建一套房子，留几百万来生活，而不是花几百万建一套房子，留十几万来生活,,5.6万,https://mp.weixin.qq.com/s?__biz=MzYzMjY0NzM0MA==&mid=2247485503&idx=1&sn=4854511a511d74e709360ddb117ba92a#rd,,微信文章,24h 热文榜,articles_24h,hotlist,,2026-09-21 06:19:01
21,男女一旦有了亲密就成了暗夫妻，看完这段话就明白了,,5.5万,https://mp.weixin.qq.com/s?__biz=MzYzNjMzNTc4Mw==&mid=2247484816&idx=1&sn=b279a32d8a15285cd8027f1b8d8939e4#rd,,微信文章,24h 热文榜,articles_24h,hotlist,,2026-09-21 06:19:01
22,女生永不贬值的资产！,,5.5万,https://mp.weixin.qq.com/s?__biz=MzYzNDcyMTc0OQ==&mid=2247487393&idx=1&sn=bcbbba9ef7e210d1189fe169ffe7dec5#rd,,微信文章,24h 热文榜,articles_24h,hotlist,,2026-09-21 06:19:01
23,U23国足VS伊朗：命运之战，央视不播,,5.4万,https://mp.weixin.qq.com/s?__biz=MzcwMTE1NzkyOA==&mid=2247488243&idx=1&sn=87bb60fab6a9685815680e523006f81b#rd,,微信文章,24h 热文榜,articles_24h,hotlist,,2026-09-21 06:19:01
24,无知真的会害了娃！30天婴儿失明真相曝光，全家后悔已来不及,,5.3万,https://mp.weixin.qq.com/s?__biz=MzcwNjMwNjExNQ==&mid=2247485375&idx=1&sn=df9048f90db65828fa4a09bfd06a3f41#rd,,微信文章,24h 热文榜,articles_24h,hotlist,,2026-09-21 06:19:01
25,敬一丹与李修平的晚年对比：人生下半场，顶级的智慧是体面退场,,5.2万,https://mp.weixin.qq.com/s?__biz=MzkxOTAxNjM3Nw==&mid=2247495852&idx=1&sn=97d2ce0cdecba4e991d7fdab51894fc3#rd,,微信文章,24h 热文榜,articles_24h,hotlist,,2026-09-21 06:19:01
26,十万级搭载华为乾崑智驾大六座 星海V6 为家而来,,5.2万,https://mp.weixin.qq.com/s?__biz=MzI5MjAyNjM1OA==&mid=2651552332&idx=1&sn=32ab4b64d7f4e2ffd1abdedfe18bfc69#rd,,微信文章,24h 热文榜,articles_24h,hotlist,,2026-09-21 06:19:01
27,北京火葬场不要骨灰的人越来越多，有人把骨灰偷埋进西山，不立碑，不留名，免费的海葬也不愿意选？,,5.2万,https://mp.weixin.qq.com/s?__biz=Mzk2NDIwMTc1Ng==&mid=2247485506&idx=1&sn=c578e36c14c31a1e90e9310e0c1b4682#rd,,微信文章,24h 热文榜,articles_24h,hotlist,,2026-09-21 06:19:01
28,关于养老金调整，人社部官网最新动态,,4.7万,https://mp.weixin.qq.com/s?__biz=MzkyMjUyNTE4Mw==&mid=2247487455&idx=1&sn=b84f7e7d378157d9d4b63d66ee6e37c0#rd,,微信文章,24h 热文榜,articles_24h,hotlist,,2026-09-21 06:19:01
29,国航C919乌兰巴托航线9月16日起不再执飞 !,,4.5万,https://mp.weixin.qq.com/s?__biz=MzA3OTY4OTU5Ng==&mid=2247493092&idx=2&sn=b9c0bc4c31ec71ac4fe13f260adcb1d1#rd,,微信文章,24h 热文榜,articles_24h,hotlist,,2026-09-21 06:19:01
30,一个清华教授，8个月卷走650亿,,4.4万,https://mp.weixin.qq.com/s?__biz=MzAxNDMwNjQ1OA==&mid=2650538429&idx=1&sn=efe0933570035ec695eae5a6237525cf&chksm=82ad4fca471597c4993c46d629366fc212e72df8e20673b0c5019978873bd7272f6729d0c241#rd,,微信文章,24h 热文榜,articles_24h,hotlist,,2026-09-21 06:19:01
1,旧电脑被当废品收走，拆开发现是2013年的老古董，硬盘还能用,,10.0万,https://mp.weixin.qq.com/s?__biz=MzcxMDI2MzU3Mg==&mid=2247487781&idx=2&sn=e5c8818fb8888447cacfe0fd3738b894#rd,,微信文章,24h 热文榜,articles_24h,hotlist,,2026-09-21 07:18:16
2,抗战胜利那一刻，重庆城里的离别与期盼,,10.0万,https://mp.weixin.qq.com/s?__biz=MzE5MTY2MzU2NQ==&mid=2247490014&idx=1&sn=b0ff18842f77894c37fbaeb3665fcec5#rd,,微信文章,24h 热文榜,articles_24h,hotlist,,2026-09-21 07:18:16
3,孙千的裙子是成长进度条，井柏然挡酒坐不住,,10.0万,https://mp.weixin.qq.com/s?__biz=MzYyNDA5MTg0Mw==&mid=2247488815&idx=1&sn=55f31dc0200d5ead7b371f6a68ef4ac8#rd,,微信文章,24h 热文榜,articles_24h,hotlist,,2026-09-21 07:18:16
4,许嵩和冯禧官宣结婚，相差14岁的追星梦成真,,10.0万,https://mp.weixin.qq.com/s?__biz=MzU2OTgzOTAzMQ==&mid=2247488409&idx=1&sn=e9727700b45bace51ba72385c758aeb6#rd,,微信文章,24h 热文榜,articles_24h,hotlist,,2026-09-21 07:18:16
5,92年 35岁，终于活成了我喜欢的样子 #居家锻炼 #零基础…,,10.0万,https://mp.weixin.qq.com/s?__biz=MzcwODM0MzM2MQ==&mid=2247485378&idx=1&sn=bc60386ed443d44b2917bb9d115d489c#rd,,微信文章,24h 热文榜,articles_24h,hotlist,,2026-09-21 07:18:16
6,我是80后,,10.0万,https://mp.weixin.qq.com/s?__biz=MzU3OTgwMjI5Nw==&mid=2247491724&idx=1&sn=2b26759f7c3f9615393c32754ff1201b#rd,,微信文章,24h 热文榜,articles_24h,hotlist,,2026-09-21 07:18:16
7,五年四胎，每天只睡五小时，照顾十六口人：那个“超人妈妈”终于撑不住了,,10.0万,https://mp.weixin.qq.com/s?__biz=MzA3MzY0NzUzMQ==&mid=2651709777&idx=1&sn=82f1c922b345d6bfa47aa463532cb64d#rd,,微信文章,24h 热文榜,articles_24h,hotlist,,2026-09-21 07:18:16
8,哄娃，橙汁儿的爸爸是专业的。,,10.0万,https://mp.weixin.qq.com/s?__biz=Mzg4NDEwNzQ1OA==&mid=2247489260&idx=1&sn=dfa8bd170d42401cbcb516395f3fc48e#rd,,微信文章,24h 热文榜,articles_24h,hotlist,,2026-09-21 07:18:16
9,人到中年，不想老跑医院，一定要舍得吃,,10.0万,https://mp.weixin.qq.com/s?__biz=MzYyNTExODQ1OQ==&mid=2247486360&idx=1&sn=dbcd1ff7cf94b647729bbe01db58fb14#rd,,微信文章,24h 热文榜,articles_24h,hotlist,,2026-09-21 07:18:16
10,太帅了，史上最帅的老干部,,10.0万,https://mp.weixin.qq.com/s?__biz=Mzk0MzgxMDY4Nw==&mid=2247499574&idx=1&sn=02c67a2e83b70251348dd891f8933e4a#rd,,微信文章,24h 热文榜,articles_24h,hotlist,,2026-09-21 07:18:16
11,儿子把我扔垃圾堆的无线鼠标捡回来，说要研究一下，结果我们花了一块多钱把鼠标修好了,,10.0万,https://mp.weixin.qq.com/s?__biz=MzUxMjc2NDEyOA==&mid=2247486938&idx=1&sn=e9ac567f0e33754d7c2d2f3391ade4d3#rd,,微信文章,24h 热文榜,articles_24h,hotlist,,2026-09-21 07:18:16
12,这就是惨败日本的反思结果？郭士强:努力了,,10.0万,https://mp.weixin.qq.com/s?__biz=MzUyMTk3ODY1NQ==&mid=2247484221&idx=1&sn=73a8945618ada6532a2e815d10364e78#rd,,微信文章,24h 热文榜,articles_24h,hotlist,,2026-09-21 07:18:16
13,印度给中美俄上了一课：粮食产量不到中国一半，却养活了同样14亿人。印度粮食总产量还不到咱们中国的一半，人口却差不多都是14亿人。,,7.5万,https://mp.weixin.qq.com/s?__biz=MjM5NDI5MDE1MQ==&mid=2450687357&idx=1&sn=2a1ce12684a99e2ea5dbd86309025d61#rd,,微信文章,24h 热文榜,articles_24h,hotlist,,2026-09-21 07:18:16
14,复出了！陈冠希+港毒黄XX主演贺岁片，片方好大胆！可两人连横店实拍都进不去！,,7.3万,https://mp.weixin.qq.com/s?__biz=MzY5MjM4NDA3NA==&mid=2247483906&idx=1&sn=b3d4dc1aa81205df6fb79020bff52619#rd,,微信文章,24h 热文榜,articles_24h,hotlist,,2026-09-21 07:18:16
15,达到发达国家水平的31个城市，快看看有你的家乡吗？,,7.0万,https://mp.weixin.qq.com/s?__biz=MzY4MjE0ODY1OQ==&mid=2247485392&idx=1&sn=819c8b87d661ec5239a5fb2141720a50#rd,,微信文章,24h 热文榜,articles_24h,hotlist,,2026-09-21 07:18:16
16,网传小米外包员工领中秋月饼遭拒，9月17日的时候，他拿着工作证来领公司的中秋节礼品，但是被工作人员告知：“你不在领取范围内,,5.9万,https://mp.weixin.qq.com/s?__biz=MzY5MTMzMTg3MQ==&mid=2247484576&idx=1&sn=0df8ca628d4c56dc1b8da80ec66e2122#rd,,微信文章,24h 热文榜,articles_24h,hotlist,,2026-09-21 07:18:16
17,胖东来标准——工程界从此多了一种新标准,,5.7万,https://mp.weixin.qq.com/s?__biz=MzAxMTk3NjE1Mw==&mid=2247497855&idx=1&sn=d70194a3c43dfcc7282cf7f8ecb8c3df#rd,,微信文章,24h 热文榜,articles_24h,hotlist,,2026-09-21 07:18:16
18,"油价忽然下跌！9月19日调价后92,95号汽油价格，蛋价承压，报复性下跌？",,5.7万,https://mp.weixin.qq.com/s?__biz=MzU5NDA1MzQxNA==&mid=2247611092&idx=4&sn=39d83de3ae4ec8c66f7832f970fb31f1#rd,,微信文章,24h 热文榜,articles_24h,hotlist,,2026-09-21 07:18:16
19,震撼！中科院院士郑泉水：一千多位高考状元，几乎没有人成为顶尖人才！孩子到底该怎么培养？,,5.7万,https://mp.weixin.qq.com/s?__biz=MzA5OTk3Mjc2Mg==&mid=2650654809&idx=1&sn=4dc01dd829d5ccd94f4373d97d2466bb#rd,,微信文章,24h 热文榜,articles_24h,hotlist,,2026-09-21 07:18:16
20,终于醒悟了：我们应该花十几万块建一套房子，留几百万来生活，而不是花几百万建一套房子，留十几万来生活,,5.6万,https://mp.weixin.qq.com/s?__biz=MzYzMjY0NzM0MA==&mid=2247485503&idx=1&sn=4854511a511d74e709360ddb117ba92a#rd,,微信文章,24h 热文榜,articles_24h,hotlist,,2026-09-21 07:18:16
21,男女一旦有了亲密就成了暗夫妻，看完这段话就明白了,,5.5万,https://mp.weixin.qq.com/s?__biz=MzYzNjMzNTc4Mw==&mid=2247484816&idx=1&sn=b279a32d8a15285cd8027f1b8d8939e4#rd,,微信文章,24h 热文榜,articles_24h,hotlist,,2026-09-21 07:18:16
22,女生永不贬值的资产！,,5.5万,https://mp.weixin.qq.com/s?__biz=MzYzNDcyMTc0OQ==&mid=2247487393&idx=1&sn=bcbbba9ef7e210d1189fe169ffe7dec5#rd,,微信文章,24h 热文榜,articles_24h,hotlist,,2026-09-21 07:18:16
23,U23国足VS伊朗：命运之战，央视不播,,5.4万,https://mp.weixin.qq.com/s?__biz=MzcwMTE1NzkyOA==&mid=2247488243&idx=1&sn=87bb60fab6a9685815680e523006f81b#rd,,微信文章,24h 热文榜,articles_24h,hotlist,,2026-09-21 07:18:16
24,无知真的会害了娃！30天婴儿失明真相曝光，全家后悔已来不及,,5.3万,https://mp.weixin.qq.com/s?__biz=MzcwNjMwNjExNQ==&mid=2247485375&idx=1&sn=df9048f90db65828fa4a09bfd06a3f41#rd,,微信文章,24h 热文榜,articles_24h,hotlist,,2026-09-21 07:18:16
25,敬一丹与李修平的晚年对比：人生下半场，顶级的智慧是体面退场,,5.2万,https://mp.weixin.qq.com/s?__biz=MzkxOTAxNjM3Nw==&mid=2247495852&idx=1&sn=97d2ce0cdecba4e991d7fdab51894fc3#rd,,微信文章,24h 热文榜,articles_24h,hotlist,,2026-09-21 07:18:16
26,十万级搭载华为乾崑智驾大六座 星海V6 为家而来,,5.2万,https://mp.weixin.qq.com/s?__biz=MzI5MjAyNjM1OA==&mid=2651552332&idx=1&sn=32ab4b64d7f4e2ffd1abdedfe18bfc69#rd,,微信文章,24h 热文榜,articles_24h,hotlist,,2026-09-21 07:18:16
27,北京火葬场不要骨灰的人越来越多，有人把骨灰偷埋进西山，不立碑，不留名，免费的海葬也不愿意选？,,5.2万,https://mp.weixin.qq.com/s?__biz=Mzk2NDIwMTc1Ng==&mid=2247485506&idx=1&sn=c578e36c14c31a1e90e9310e0c1b4682#rd,,微信文章,24h 热文榜,articles_24h,hotlist,,2026-09-21 07:18:16
28,关于养老金调整，人社部官网最新动态,,4.7万,https://mp.weixin.qq.com/s?__biz=MzkyMjUyNTE4Mw==&mid=2247487455&idx=1&sn=b84f7e7d378157d9d4b63d66ee6e37c0#rd,,微信文章,24h 热文榜,articles_24h,hotlist,,2026-09-21 07:18:16
29,国航C919乌兰巴托航线9月16日起不再执飞 !,,4.5万,https://mp.weixin.qq.com/s?__biz=MzA3OTY4OTU5Ng==&mid=2247493092&idx=2&sn=b9c0bc4c31ec71ac4fe13f260adcb1d1#rd,,微信文章,24h 热文榜,articles_24h,hotlist,,2026-09-21 07:18:16
30,一个清华教授，8个月卷走650亿,,4.4万,https://mp.weixin.qq.com/s?__biz=MzAxNDMwNjQ1OA==&mid=2650538429&idx=1&sn=efe0933570035ec695eae5a6237525cf&chksm=82ad4fca471597c4993c46d629366fc212e72df8e20673b0c5019978873bd7272f6729d0c241#rd,,微信文章,24h 热文榜,articles_24h,hotlist,,2026-09-21 07:18:16
1,旧电脑被当废品收走，拆开发现是2013年的老古董，硬盘还能用,,10.0万,https://mp.weixin.qq.com/s?__biz=MzcxMDI2MzU3Mg==&mid=2247487781&idx=2&sn=e5c8818fb8888447cacfe0fd3738b894#rd,,微信文章,24h 热文榜,articles_24h,hotlist,,2026-09-21 09:00:19
2,抗战胜利那一刻，重庆城里的离别与期盼,,10.0万,https://mp.weixin.qq.com/s?__biz=MzE5MTY2MzU2NQ==&mid=2247490014&idx=1&sn=b0ff18842f77894c37fbaeb3665fcec5#rd,,微信文章,24h 热文榜,articles_24h,hotlist,,2026-09-21 09:00:19
3,孙千的裙子是成长进度条，井柏然挡酒坐不住,,10.0万,https://mp.weixin.qq.com/s?__biz=MzYyNDA5MTg0Mw==&mid=2247488815&idx=1&sn=55f31dc0200d5ead7b371f6a68ef4ac8#rd,,微信文章,24h 热文榜,articles_24h,hotlist,,2026-09-21 09:00:19
4,许嵩和冯禧官宣结婚，相差14岁的追星梦成真,,10.0万,https://mp.weixin.qq.com/s?__biz=MzU2OTgzOTAzMQ==&mid=2247488409&idx=1&sn=e9727700b45bace51ba72385c758aeb6#rd,,微信文章,24h 热文榜,articles_24h,hotlist,,2026-09-21 09:00:19
5,92年 35岁，终于活成了我喜欢的样子 #居家锻炼 #零基础…,,10.0万,https://mp.weixin.qq.com/s?__biz=MzcwODM0MzM2MQ==&mid=2247485378&idx=1&sn=bc60386ed443d44b2917bb9d115d489c#rd,,微信文章,24h 热文榜,articles_24h,hotlist,,2026-09-21 09:00:19
6,我是80后,,10.0万,https://mp.weixin.qq.com/s?__biz=MzU3OTgwMjI5Nw==&mid=2247491724&idx=1&sn=2b26759f7c3f9615393c32754ff1201b#rd,,微信文章,24h 热文榜,articles_24h,hotlist,,2026-09-21 09:00:19
7,五年四胎，每天只睡五小时，照顾十六口人：那个“超人妈妈”终于撑不住了,,10.0万,https://mp.weixin.qq.com/s?__biz=MzA3MzY0NzUzMQ==&mid=2651709777&idx=1&sn=82f1c922b345d6bfa47aa463532cb64d#rd,,微信文章,24h 热文榜,articles_24h,hotlist,,2026-09-21 09:00:19
8,哄娃，橙汁儿的爸爸是专业的。,,10.0万,https://mp.weixin.qq.com/s?__biz=Mzg4NDEwNzQ1OA==&mid=2247489260&idx=1&sn=dfa8bd170d42401cbcb516395f3fc48e#rd,,微信文章,24h 热文榜,articles_24h,hotlist,,2026-09-21 09:00:19
9,人到中年，不想老跑医院，一定要舍得吃,,10.0万,https://mp.weixin.qq.com/s?__biz=MzYyNTExODQ1OQ==&mid=2247486360&idx=1&sn=dbcd1ff7cf94b647729bbe01db58fb14#rd,,微信文章,24h 热文榜,articles_24h,hotlist,,2026-09-21 09:00:19
10,太帅了，史上最帅的老干部,,10.0万,https://mp.weixin.qq.com/s?__biz=Mzk0MzgxMDY4Nw==&mid=2247499574&idx=1&sn=02c67a2e83b70251348dd891f8933e4a#rd,,微信文章,24h 热文榜,articles_24h,hotlist,,2026-09-21 09:00:19
11,儿子把我扔垃圾堆的无线鼠标捡回来，说要研究一下，结果我们花了一块多钱把鼠标修好了,,10.0万,https://mp.weixin.qq.com/s?__biz=MzUxMjc2NDEyOA==&mid=2247486938&idx=1&sn=e9ac567f0e33754d7c2d2f3391ade4d3#rd,,微信文章,24h 热文榜,articles_24h,hotlist,,2026-09-21 09:00:19
12,这就是惨败日本的反思结果？郭士强:努力了,,10.0万,https://mp.weixin.qq.com/s?__biz=MzUyMTk3ODY1NQ==&mid=2247484221&idx=1&sn=73a8945618ada6532a2e815d10364e78#rd,,微信文章,24h 热文榜,articles_24h,hotlist,,2026-09-21 09:00:19
13,印度给中美俄上了一课：粮食产量不到中国一半，却养活了同样14亿人。印度粮食总产量还不到咱们中国的一半，人口却差不多都是14亿人。,,7.5万,https://mp.weixin.qq.com/s?__biz=MjM5NDI5MDE1MQ==&mid=2450687357&idx=1&sn=2a1ce12684a99e2ea5dbd86309025d61#rd,,微信文章,24h 热文榜,articles_24h,hotlist,,2026-09-21 09:00:19
14,复出了！陈冠希+港毒黄XX主演贺岁片，片方好大胆！可两人连横店实拍都进不去！,,7.3万,https://mp.weixin.qq.com/s?__biz=MzY5MjM4NDA3NA==&mid=2247483906&idx=1&sn=b3d4dc1aa81205df6fb79020bff52619#rd,,微信文章,24h 热文榜,articles_24h,hotlist,,2026-09-21 09:00:19
15,达到发达国家水平的31个城市，快看看有你的家乡吗？,,7.0万,https://mp.weixin.qq.com/s?__biz=MzY4MjE0ODY1OQ==&mid=2247485392&idx=1&sn=819c8b87d661ec5239a5fb2141720a50#rd,,微信文章,24h 热文榜,articles_24h,hotlist,,2026-09-21 09:00:19
16,网传小米外包员工领中秋月饼遭拒，9月17日的时候，他拿着工作证来领公司的中秋节礼品，但是被工作人员告知：“你不在领取范围内,,5.9万,https://mp.weixin.qq.com/s?__biz=MzY5MTMzMTg3MQ==&mid=2247484576&idx=1&sn=0df8ca628d4c56dc1b8da80ec66e2122#rd,,微信文章,24h 热文榜,articles_24h,hotlist,,2026-09-21 09:00:19
17,胖东来标准——工程界从此多了一种新标准,,5.7万,https://mp.weixin.qq.com/s?__biz=MzAxMTk3NjE1Mw==&mid=2247497855&idx=1&sn=d70194a3c43dfcc7282cf7f8ecb8c3df#rd,,微信文章,24h 热文榜,articles_24h,hotlist,,2026-09-21 09:00:19
18,"油价忽然下跌！9月19日调价后92,95号汽油价格，蛋价承压，报复性下跌？",,5.7万,https://mp.weixin.qq.com/s?__biz=MzU5NDA1MzQxNA==&mid=2247611092&idx=4&sn=39d83de3ae4ec8c66f7832f970fb31f1#rd,,微信文章,24h 热文榜,articles_24h,hotlist,,2026-09-21 09:00:19
19,震撼！中科院院士郑泉水：一千多位高考状元，几乎没有人成为顶尖人才！孩子到底该怎么培养？,,5.7万,https://mp.weixin.qq.com/s?__biz=MzA5OTk3Mjc2Mg==&mid=2650654809&idx=1&sn=4dc01dd829d5ccd94f4373d97d2466bb#rd,,微信文章,24h 热文榜,articles_24h,hotlist,,2026-09-21 09:00:19
20,终于醒悟了：我们应该花十几万块建一套房子，留几百万来生活，而不是花几百万建一套房子，留十几万来生活,,5.6万,https://mp.weixin.qq.com/s?__biz=MzYzMjY0NzM0MA==&mid=2247485503&idx=1&sn=4854511a511d74e709360ddb117ba92a#rd,,微信文章,24h 热文榜,articles_24h,hotlist,,2026-09-21 09:00:19
21,男女一旦有了亲密就成了暗夫妻，看完这段话就明白了,,5.5万,https://mp.weixin.qq.com/s?__biz=MzYzNjMzNTc4Mw==&mid=2247484816&idx=1&sn=b279a32d8a15285cd8027f1b8d8939e4#rd,,微信文章,24h 热文榜,articles_24h,hotlist,,2026-09-21 09:00:19
22,女生永不贬值的资产！,,5.5万,https://mp.weixin.qq.com/s?__biz=MzYzNDcyMTc0OQ==&mid=2247487393&idx=1&sn=bcbbba9ef7e210d1189fe169ffe7dec5#rd,,微信文章,24h 热文榜,articles_24h,hotlist,,2026-09-21 09:00:19
23,U23国足VS伊朗：命运之战，央视不播,,5.4万,https://mp.weixin.qq.com/s?__biz=MzcwMTE1NzkyOA==&mid=2247488243&idx=1&sn=87bb60fab6a9685815680e523006f81b#rd,,微信文章,24h 热文榜,articles_24h,hotlist,,2026-09-21 09:00:19
24,无知真的会害了娃！30天婴儿失明真相曝光，全家后悔已来不及,,5.3万,https://mp.weixin.qq.com/s?__biz=MzcwNjMwNjExNQ==&mid=2247485375&idx=1&sn=df9048f90db65828fa4a09bfd06a3f41#rd,,微信文章,24h 热文榜,articles_24h,hotlist,,2026-09-21 09:00:19
25,敬一丹与李修平的晚年对比：人生下半场，顶级的智慧是体面退场,,5.2万,https://mp.weixin.qq.com/s?__biz=MzkxOTAxNjM3Nw==&mid=2247495852&idx=1&sn=97d2ce0cdecba4e991d7fdab51894fc3#rd,,微信文章,24h 热文榜,articles_24h,hotlist,,2026-09-21 09:00:19
26,十万级搭载华为乾崑智驾大六座 星海V6 为家而来,,5.2万,https://mp.weixin.qq.com/s?__biz=MzI5MjAyNjM1OA==&mid=2651552332&idx=1&sn=32ab4b64d7f4e2ffd1abdedfe18bfc69#rd,,微信文章,24h 热文榜,articles_24h,hotlist,,2026-09-21 09:00:19
27,北京火葬场不要骨灰的人越来越多，有人把骨灰偷埋进西山，不立碑，不留名，免费的海葬也不愿意选？,,5.2万,https://mp.weixin.qq.com/s?__biz=Mzk2NDIwMTc1Ng==&mid=2247485506&idx=1&sn=c578e36c14c31a1e90e9310e0c1b4682#rd,,微信文章,24h 热文榜,articles_24h,hotlist,,2026-09-21 09:00:19
28,关于养老金调整，人社部官网最新动态,,4.7万,https://mp.weixin.qq.com/s?__biz=MzkyMjUyNTE4Mw==&mid=2247487455&idx=1&sn=b84f7e7d378157d9d4b63d66ee6e37c0#rd,,微信文章,24h 热文榜,articles_24h,hotlist,,2026-09-21 09:00:19
29,国航C919乌兰巴托航线9月16日起不再执飞 !,,4.5万,https://mp.weixin.qq.com/s?__biz=MzA3OTY4OTU5Ng==&mid=2247493092&idx=2&sn=b9c0bc4c31ec71ac4fe13f260adcb1d1#rd,,微信文章,24h 热文榜,articles_24h,hotlist,,2026-09-21 09:00:19
30,一个清华教授，8个月卷走650亿,,4.4万,https://mp.weixin.qq.com/s?__biz=MzAxNDMwNjQ1OA==&mid=2650538429&idx=1&sn=efe0933570035ec695eae5a6237525cf&chksm=82ad4fca471597c4993c46d629366fc212e72df8e20673b0c5019978873bd7272f6729d0c241#rd,,微信文章,24h 热文榜,articles_24h,hotlist,,2026-09-21 09:00:19
1,旧电脑被当废品收走，拆开发现是2013年的老古董，硬盘还能用,,10.0万,https://mp.weixin.qq.com/s?__biz=MzcxMDI2MzU3Mg==&mid=2247487781&idx=2&sn=e5c8818fb8888447cacfe0fd3738b894#rd,,微信文章,24h 热文榜,articles_24h,hotlist,,2026-09-21 09:37:49
2,抗战胜利那一刻，重庆城里的离别与期盼,,10.0万,https://mp.weixin.qq.com/s?__biz=MzE5MTY2MzU2NQ==&mid=2247490014&idx=1&sn=b0ff18842f77894c37fbaeb3665fcec5#rd,,微信文章,24h 热文榜,articles_24h,hotlist,,2026-09-21 09:37:49
3,孙千的裙子是成长进度条，井柏然挡酒坐不住,,10.0万,https://mp.weixin.qq.com/s?__biz=MzYyNDA5MTg0Mw==&mid=2247488815&idx=1&sn=55f31dc0200d5ead7b371f6a68ef4ac8#rd,,微信文章,24h 热文榜,articles_24h,hotlist,,2026-09-21 09:37:49
4,许嵩和冯禧官宣结婚，相差14岁的追星梦成真,,10.0万,https://mp.weixin.qq.com/s?__biz=MzU2OTgzOTAzMQ==&mid=2247488409&idx=1&sn=e9727700b45bace51ba72385c758aeb6#rd,,微信文章,24h 热文榜,articles_24h,hotlist,,2026-09-21 09:37:49
5,92年 35岁，终于活成了我喜欢的样子 #居家锻炼 #零基础…,,10.0万,https://mp.weixin.qq.com/s?__biz=MzcwODM0MzM2MQ==&mid=2247485378&idx=1&sn=bc60386ed443d44b2917bb9d115d489c#rd,,微信文章,24h 热文榜,articles_24h,hotlist,,2026-09-21 09:37:49
6,我是80后,,10.0万,https://mp.weixin.qq.com/s?__biz=MzU3OTgwMjI5Nw==&mid=2247491724&idx=1&sn=2b26759f7c3f9615393c32754ff1201b#rd,,微信文章,24h 热文榜,articles_24h,hotlist,,2026-09-21 09:37:49
7,五年四胎，每天只睡五小时，照顾十六口人：那个“超人妈妈”终于撑不住了,,10.0万,https://mp.weixin.qq.com/s?__biz=MzA3MzY0NzUzMQ==&mid=2651709777&idx=1&sn=82f1c922b345d6bfa47aa463532cb64d#rd,,微信文章,24h 热文榜,articles_24h,hotlist,,2026-09-21 09:37:49
8,哄娃，橙汁儿的爸爸是专业的。,,10.0万,https://mp.weixin.qq.com/s?__biz=Mzg4NDEwNzQ1OA==&mid=2247489260&idx=1&sn=dfa8bd170d42401cbcb516395f3fc48e#rd,,微信文章,24h 热文榜,articles_24h,hotlist,,2026-09-21 09:37:49
9,人到中年，不想老跑医院，一定要舍得吃,,10.0万,https://mp.weixin.qq.com/s?__biz=MzYyNTExODQ1OQ==&mid=2247486360&idx=1&sn=dbcd1ff7cf94b647729bbe01db58fb14#rd,,微信文章,24h 热文榜,articles_24h,hotlist,,2026-09-21 09:37:49
10,太帅了，史上最帅的老干部,,10.0万,https://mp.weixin.qq.com/s?__biz=Mzk0MzgxMDY4Nw==&mid=2247499574&idx=1&sn=02c67a2e83b70251348dd891f8933e4a#rd,,微信文章,24h 热文榜,articles_24h,hotlist,,2026-09-21 09:37:49
11,儿子把我扔垃圾堆的无线鼠标捡回来，说要研究一下，结果我们花了一块多钱把鼠标修好了,,10.0万,https://mp.weixin.qq.com/s?__biz=MzUxMjc2NDEyOA==&mid=2247486938&idx=1&sn=e9ac567f0e33754d7c2d2f3391ade4d3#rd,,微信文章,24h 热文榜,articles_24h,hotlist,,2026-09-21 09:37:49
12,这就是惨败日本的反思结果？郭士强:努力了,,10.0万,https://mp.weixin.qq.com/s?__biz=MzUyMTk3ODY1NQ==&mid=2247484221&idx=1&sn=73a8945618ada6532a2e815d10364e78#rd,,微信文章,24h 热文榜,articles_24h,hotlist,,2026-09-21 09:37:49
13,印度给中美俄上了一课：粮食产量不到中国一半，却养活了同样14亿人。印度粮食总产量还不到咱们中国的一半，人口却差不多都是14亿人。,,7.5万,https://mp.weixin.qq.com/s?__biz=MjM5NDI5MDE1MQ==&mid=2450687357&idx=1&sn=2a1ce12684a99e2ea5dbd86309025d61#rd,,微信文章,24h 热文榜,articles_24h,hotlist,,2026-09-21 09:37:49
14,复出了！陈冠希+港毒黄XX主演贺岁片，片方好大胆！可两人连横店实拍都进不去！,,7.3万,https://mp.weixin.qq.com/s?__biz=MzY5MjM4NDA3NA==&mid=2247483906&idx=1&sn=b3d4dc1aa81205df6fb79020bff52619#rd,,微信文章,24h 热文榜,articles_24h,hotlist,,2026-09-21 09:37:49
15,达到发达国家水平的31个城市，快看看有你的家乡吗？,,7.0万,https://mp.weixin.qq.com/s?__biz=MzY4MjE0ODY1OQ==&mid=2247485392&idx=1&sn=819c8b87d661ec5239a5fb2141720a50#rd,,微信文章,24h 热文榜,articles_24h,hotlist,,2026-09-21 09:37:49
16,网传小米外包员工领中秋月饼遭拒，9月17日的时候，他拿着工作证来领公司的中秋节礼品，但是被工作人员告知：“你不在领取范围内,,5.9万,https://mp.weixin.qq.com/s?__biz=MzY5MTMzMTg3MQ==&mid=2247484576&idx=1&sn=0df8ca628d4c56dc1b8da80ec66e2122#rd,,微信文章,24h 热文榜,articles_24h,hotlist,,2026-09-21 09:37:49
17,胖东来标准——工程界从此多了一种新标准,,5.7万,https://mp.weixin.qq.com/s?__biz=MzAxMTk3NjE1Mw==&mid=2247497855&idx=1&sn=d70194a3c43dfcc7282cf7f8ecb8c3df#rd,,微信文章,24h 热文榜,articles_24h,hotlist,,2026-09-21 09:37:49
18,"油价忽然下跌！9月19日调价后92,95号汽油价格，蛋价承压，报复性下跌？",,5.7万,https://mp.weixin.qq.com/s?__biz=MzU5NDA1MzQxNA==&mid=2247611092&idx=4&sn=39d83de3ae4ec8c66f7832f970fb31f1#rd,,微信文章,24h 热文榜,articles_24h,hotlist,,2026-09-21 09:37:49
19,震撼！中科院院士郑泉水：一千多位高考状元，几乎没有人成为顶尖人才！孩子到底该怎么培养？,,5.7万,https://mp.weixin.qq.com/s?__biz=MzA5OTk3Mjc2Mg==&mid=2650654809&idx=1&sn=4dc01dd829d5ccd94f4373d97d2466bb#rd,,微信文章,24h 热文榜,articles_24h,hotlist,,2026-09-21 09:37:49
20,终于醒悟了：我们应该花十几万块建一套房子，留几百万来生活，而不是花几百万建一套房子，留十几万来生活,,5.6万,https://mp.weixin.qq.com/s?__biz=MzYzMjY0NzM0MA==&mid=2247485503&idx=1&sn=4854511a511d74e709360ddb117ba92a#rd,,微信文章,24h 热文榜,articles_24h,hotlist,,2026-09-21 09:37:49
21,男女一旦有了亲密就成了暗夫妻，看完这段话就明白了,,5.5万,https://mp.weixin.qq.com/s?__biz=MzYzNjMzNTc4Mw==&mid=2247484816&idx=1&sn=b279a32d8a15285cd8027f1b8d8939e4#rd,,微信文章,24h 热文榜,articles_24h,hotlist,,2026-09-21 09:37:49
22,女生永不贬值的资产！,,5.5万,https://mp.weixin.qq.com/s?__biz=MzYzNDcyMTc0OQ==&mid=2247487393&idx=1&sn=bcbbba9ef7e210d1189fe169ffe7dec5#rd,,微信文章,24h 热文榜,articles_24h,hotlist,,2026-09-21 09:37:49
23,U23国足VS伊朗：命运之战，央视不播,,5.4万,https://mp.weixin.qq.com/s?__biz=MzcwMTE1NzkyOA==&mid=2247488243&idx=1&sn=87bb60fab6a9685815680e523006f81b#rd,,微信文章,24h 热文榜,articles_24h,hotlist,,2026-09-21 09:37:49
24,无知真的会害了娃！30天婴儿失明真相曝光，全家后悔已来不及,,5.3万,https://mp.weixin.qq.com/s?__biz=MzcwNjMwNjExNQ==&mid=2247485375&idx=1&sn=df9048f90db65828fa4a09bfd06a3f41#rd,,微信文章,24h 热文榜,articles_24h,hotlist,,2026-09-21 09:37:49
25,敬一丹与李修平的晚年对比：人生下半场，顶级的智慧是体面退场,,5.2万,https://mp.weixin.qq.com/s?__biz=MzkxOTAxNjM3Nw==&mid=2247495852&idx=1&sn=97d2ce0cdecba4e991d7fdab51894fc3#rd,,微信文章,24h 热文榜,articles_24h,hotlist,,2026-09-21 09:37:49
26,十万级搭载华为乾崑智驾大六座 星海V6 为家而来,,5.2万,https://mp.weixin.qq.com/s?__biz=MzI5MjAyNjM1OA==&mid=2651552332&idx=1&sn=32ab4b64d7f4e2ffd1abdedfe18bfc69#rd,,微信文章,24h 热文榜,articles_24h,hotlist,,2026-09-21 09:37:49
27,北京火葬场不要骨灰的人越来越多，有人把骨灰偷埋进西山，不立碑，不留名，免费的海葬也不愿意选？,,5.2万,https://mp.weixin.qq.com/s?__biz=Mzk2NDIwMTc1Ng==&mid=2247485506&idx=1&sn=c578e36c14c31a1e90e9310e0c1b4682#rd,,微信文章,24h 热文榜,articles_24h,hotlist,,2026-09-21 09:37:49
28,关于养老金调整，人社部官网最新动态,,4.7万,https://mp.weixin.qq.com/s?__biz=MzkyMjUyNTE4Mw==&mid=2247487455&idx=1&sn=b84f7e7d378157d9d4b63d66ee6e37c0#rd,,微信文章,24h 热文榜,articles_24h,hotlist,,2026-09-21 09:37:49
29,国航C919乌兰巴托航线9月16日起不再执飞 !,,4.5万,https://mp.weixin.qq.com/s?__biz=MzA3OTY4OTU5Ng==&mid=2247493092&idx=2&sn=b9c0bc4c31ec71ac4fe13f260adcb1d1#rd,,微信文章,24h 热文榜,articles_24h,hotlist,,2026-09-21 09:37:49
30,一个清华教授，8个月卷走650亿,,4.4万,https://mp.weixin.qq.com/s?__biz=MzAxNDMwNjQ1OA==&mid=2650538429&idx=1&sn=efe0933570035ec695eae5a6237525cf&chksm=82ad4fca471597c4993c46d629366fc212e72df8e20673b0c5019978873bd7272f6729d0c241#rd,,微信文章,24h 热文榜,articles_24h,hotlist,,2026-09-21 09:37:49
1,旧电脑被当废品收走，拆开发现是2013年的老古董，硬盘还能用,,10.0万,https://mp.weixin.qq.com/s?__biz=MzcxMDI2MzU3Mg==&mid=2247487781&idx=2&sn=e5c8818fb8888447cacfe0fd3738b894#rd,,微信文章,24h 热文榜,articles_24h,hotlist,,2026-09-21 10:34:42
2,抗战胜利那一刻，重庆城里的离别与期盼,,10.0万,https://mp.weixin.qq.com/s?__biz=MzE5MTY2MzU2NQ==&mid=2247490014&idx=1&sn=b0ff18842f77894c37fbaeb3665fcec5#rd,,微信文章,24h 热文榜,articles_24h,hotlist,,2026-09-21 10:34:42
3,孙千的裙子是成长进度条，井柏然挡酒坐不住,,10.0万,https://mp.weixin.qq.com/s?__biz=MzYyNDA5MTg0Mw==&mid=2247488815&idx=1&sn=55f31dc0200d5ead7b371f6a68ef4ac8#rd,,微信文章,24h 热文榜,articles_24h,hotlist,,2026-09-21 10:34:42
4,许嵩和冯禧官宣结婚，相差14岁的追星梦成真,,10.0万,https://mp.weixin.qq.com/s?__biz=MzU2OTgzOTAzMQ==&mid=2247488409&idx=1&sn=e9727700b45bace51ba72385c758aeb6#rd,,微信文章,24h 热文榜,articles_24h,hotlist,,2026-09-21 10:34:42
5,92年 35岁，终于活成了我喜欢的样子 #居家锻炼 #零基础…,,10.0万,https://mp.weixin.qq.com/s?__biz=MzcwODM0MzM2MQ==&mid=2247485378&idx=1&sn=bc60386ed443d44b2917bb9d115d489c#rd,,微信文章,24h 热文榜,articles_24h,hotlist,,2026-09-21 10:34:42
6,我是80后,,10.0万,https://mp.weixin.qq.com/s?__biz=MzU3OTgwMjI5Nw==&mid=2247491724&idx=1&sn=2b26759f7c3f9615393c32754ff1201b#rd,,微信文章,24h 热文榜,articles_24h,hotlist,,2026-09-21 10:34:42
7,五年四胎，每天只睡五小时，照顾十六口人：那个“超人妈妈”终于撑不住了,,10.0万,https://mp.weixin.qq.com/s?__biz=MzA3MzY0NzUzMQ==&mid=2651709777&idx=1&sn=82f1c922b345d6bfa47aa463532cb64d#rd,,微信文章,24h 热文榜,articles_24h,hotlist,,2026-09-21 10:34:42
8,哄娃，橙汁儿的爸爸是专业的。,,10.0万,https://mp.weixin.qq.com/s?__biz=Mzg4NDEwNzQ1OA==&mid=2247489260&idx=1&sn=dfa8bd170d42401cbcb516395f3fc48e#rd,,微信文章,24h 热文榜,articles_24h,hotlist,,2026-09-21 10:34:42
9,人到中年，不想老跑医院，一定要舍得吃,,10.0万,https://mp.weixin.qq.com/s?__biz=MzYyNTExODQ1OQ==&mid=2247486360&idx=1&sn=dbcd1ff7cf94b647729bbe01db58fb14#rd,,微信文章,24h 热文榜,articles_24h,hotlist,,2026-09-21 10:34:42
10,太帅了，史上最帅的老干部,,10.0万,https://mp.weixin.qq.com/s?__biz=Mzk0MzgxMDY4Nw==&mid=2247499574&idx=1&sn=02c67a2e83b70251348dd891f8933e4a#rd,,微信文章,24h 热文榜,articles_24h,hotlist,,2026-09-21 10:34:42
11,儿子把我扔垃圾堆的无线鼠标捡回来，说要研究一下，结果我们花了一块多钱把鼠标修好了,,10.0万,https://mp.weixin.qq.com/s?__biz=MzUxMjc2NDEyOA==&mid=2247486938&idx=1&sn=e9ac567f0e33754d7c2d2f3391ade4d3#rd,,微信文章,24h 热文榜,articles_24h,hotlist,,2026-09-21 10:34:42
12,这就是惨败日本的反思结果？郭士强:努力了,,10.0万,https://mp.weixin.qq.com/s?__biz=MzUyMTk3ODY1NQ==&mid=2247484221&idx=1&sn=73a8945618ada6532a2e815d10364e78#rd,,微信文章,24h 热文榜,articles_24h,hotlist,,2026-09-21 10:34:42
13,印度给中美俄上了一课：粮食产量不到中国一半，却养活了同样14亿人。印度粮食总产量还不到咱们中国的一半，人口却差不多都是14亿人。,,7.5万,https://mp.weixin.qq.com/s?__biz=MjM5NDI5MDE1MQ==&mid=2450687357&idx=1&sn=2a1ce12684a99e2ea5dbd86309025d61#rd,,微信文章,24h 热文榜,articles_24h,hotlist,,2026-09-21 10:34:42
14,复出了！陈冠希+港毒黄XX主演贺岁片，片方好大胆！可两人连横店实拍都进不去！,,7.3万,https://mp.weixin.qq.com/s?__biz=MzY5MjM4NDA3NA==&mid=2247483906&idx=1&sn=b3d4dc1aa81205df6fb79020bff52619#rd,,微信文章,24h 热文榜,articles_24h,hotlist,,2026-09-21 10:34:42
15,达到发达国家水平的31个城市，快看看有你的家乡吗？,,7.0万,https://mp.weixin.qq.com/s?__biz=MzY4MjE0ODY1OQ==&mid=2247485392&idx=1&sn=819c8b87d661ec5239a5fb2141720a50#rd,,微信文章,24h 热文榜,articles_24h,hotlist,,2026-09-21 10:34:42
16,网传小米外包员工领中秋月饼遭拒，9月17日的时候，他拿着工作证来领公司的中秋节礼品，但是被工作人员告知：“你不在领取范围内,,5.9万,https://mp.weixin.qq.com/s?__biz=MzY5MTMzMTg3MQ==&mid=2247484576&idx=1&sn=0df8ca628d4c56dc1b8da80ec66e2122#rd,,微信文章,24h 热文榜,articles_24h,hotlist,,2026-09-21 10:34:42
17,胖东来标准——工程界从此多了一种新标准,,5.7万,https://mp.weixin.qq.com/s?__biz=MzAxMTk3NjE1Mw==&mid=2247497855&idx=1&sn=d70194a3c43dfcc7282cf7f8ecb8c3df#rd,,微信文章,24h 热文榜,articles_24h,hotlist,,2026-09-21 10:34:42
18,"油价忽然下跌！9月19日调价后92,95号汽油价格，蛋价承压，报复性下跌？",,5.7万,https://mp.weixin.qq.com/s?__biz=MzU5NDA1MzQxNA==&mid=2247611092&idx=4&sn=39d83de3ae4ec8c66f7832f970fb31f1#rd,,微信文章,24h 热文榜,articles_24h,hotlist,,2026-09-21 10:34:42
19,震撼！中科院院士郑泉水：一千多位高考状元，几乎没有人成为顶尖人才！孩子到底该怎么培养？,,5.7万,https://mp.weixin.qq.com/s?__biz=MzA5OTk3Mjc2Mg==&mid=2650654809&idx=1&sn=4dc01dd829d5ccd94f4373d97d2466bb#rd,,微信文章,24h 热文榜,articles_24h,hotlist,,2026-09-21 10:34:42
20,终于醒悟了：我们应该花十几万块建一套房子，留几百万来生活，而不是花几百万建一套房子，留十几万来生活,,5.6万,https://mp.weixin.qq.com/s?__biz=MzYzMjY0NzM0MA==&mid=2247485503&idx=1&sn=4854511a511d74e709360ddb117ba92a#rd,,微信文章,24h 热文榜,articles_24h,hotlist,,2026-09-21 10:34:42
21,男女一旦有了亲密就成了暗夫妻，看完这段话就明白了,,5.5万,https://mp.weixin.qq.com/s?__biz=MzYzNjMzNTc4Mw==&mid=2247484816&idx=1&sn=b279a32d8a15285cd8027f1b8d8939e4#rd,,微信文章,24h 热文榜,articles_24h,hotlist,,2026-09-21 10:34:42
22,女生永不贬值的资产！,,5.5万,https://mp.weixin.qq.com/s?__biz=MzYzNDcyMTc0OQ==&mid=2247487393&idx=1&sn=bcbbba9ef7e210d1189fe169ffe7dec5#rd,,微信文章,24h 热文榜,articles_24h,hotlist,,2026-09-21 10:34:42
23,U23国足VS伊朗：命运之战，央视不播,,5.4万,https://mp.weixin.qq.com/s?__biz=MzcwMTE1NzkyOA==&mid=2247488243&idx=1&sn=87bb60fab6a9685815680e523006f81b#rd,,微信文章,24h 热文榜,articles_24h,hotlist,,2026-09-21 10:34:42
24,无知真的会害了娃！30天婴儿失明真相曝光，全家后悔已来不及,,5.3万,https://mp.weixin.qq.com/s?__biz=MzcwNjMwNjExNQ==&mid=2247485375&idx=1&sn=df9048f90db65828fa4a09bfd06a3f41#rd,,微信文章,24h 热文榜,articles_24h,hotlist,,2026-09-21 10:34:42
25,敬一丹与李修平的晚年对比：人生下半场，顶级的智慧是体面退场,,5.2万,https://mp.weixin.qq.com/s?__biz=MzkxOTAxNjM3Nw==&mid=2247495852&idx=1&sn=97d2ce0cdecba4e991d7fdab51894fc3#rd,,微信文章,24h 热文榜,articles_24h,hotlist,,2026-09-21 10:34:42
26,十万级搭载华为乾崑智驾大六座 星海V6 为家而来,,5.2万,https://mp.weixin.qq.com/s?__biz=MzI5MjAyNjM1OA==&mid=2651552332&idx=1&sn=32ab4b64d7f4e2ffd1abdedfe18bfc69#rd,,微信文章,24h 热文榜,articles_24h,hotlist,,2026-09-21 10:34:42
27,北京火葬场不要骨灰的人越来越多，有人把骨灰偷埋进西山，不立碑，不留名，免费的海葬也不愿意选？,,5.2万,https://mp.weixin.qq.com/s?__biz=Mzk2NDIwMTc1Ng==&mid=2247485506&idx=1&sn=c578e36c14c31a1e90e9310e0c1b4682#rd,,微信文章,24h 热文榜,articles_24h,hotlist,,2026-09-21 10:34:42
28,关于养老金调整，人社部官网最新动态,,4.7万,https://mp.weixin.qq.com/s?__biz=MzkyMjUyNTE4Mw==&mid=2247487455&idx=1&sn=b84f7e7d378157d9d4b63d66ee6e37c0#rd,,微信文章,24h 热文榜,articles_24h,hotlist,,2026-09-21 10:34:42
29,国航C919乌兰巴托航线9月16日起不再执飞 !,,4.5万,https://mp.weixin.qq.com/s?__biz=MzA3OTY4OTU5Ng==&mid=2247493092&idx=2&sn=b9c0bc4c31ec71ac4fe13f260adcb1d1#rd,,微信文章,24h 热文榜,articles_24h,hotlist,,2026-09-21 10:34:42
30,一个清华教授，8个月卷走650亿,,4.4万,https://mp.weixin.qq.com/s?__biz=MzAxNDMwNjQ1OA==&mid=2650538429&idx=1&sn=efe0933570035ec695eae5a6237525cf&chksm=82ad4fca471597c4993c46d629366fc212e72df8e20673b0c5019978873bd7272f6729d0c241#rd,,微信文章,24h 热文榜,articles_24h,hotlist,,2026-09-21 10:34:42
1,旧电脑被当废品收走，拆开发现是2013年的老古董，硬盘还能用,,10.0万,https://mp.weixin.qq.com/s?__biz=MzcxMDI2MzU3Mg==&mid=2247487781&idx=2&sn=e5c8818fb8888447cacfe0fd3738b894#rd,,微信文章,24h 热文榜,articles_24h,hotlist,,2026-09-21 11:28:46
2,抗战胜利那一刻，重庆城里的离别与期盼,,10.0万,https://mp.weixin.qq.com/s?__biz=MzE5MTY2MzU2NQ==&mid=2247490014&idx=1&sn=b0ff18842f77894c37fbaeb3665fcec5#rd,,微信文章,24h 热文榜,articles_24h,hotlist,,2026-09-21 11:28:46
3,孙千的裙子是成长进度条，井柏然挡酒坐不住,,10.0万,https://mp.weixin.qq.com/s?__biz=MzYyNDA5MTg0Mw==&mid=2247488815&idx=1&sn=55f31dc0200d5ead7b371f6a68ef4ac8#rd,,微信文章,24h 热文榜,articles_24h,hotlist,,2026-09-21 11:28:46
4,许嵩和冯禧官宣结婚，相差14岁的追星梦成真,,10.0万,https://mp.weixin.qq.com/s?__biz=MzU2OTgzOTAzMQ==&mid=2247488409&idx=1&sn=e9727700b45bace51ba72385c758aeb6#rd,,微信文章,24h 热文榜,articles_24h,hotlist,,2026-09-21 11:28:46
5,92年 35岁，终于活成了我喜欢的样子 #居家锻炼 #零基础…,,10.0万,https://mp.weixin.qq.com/s?__biz=MzcwODM0MzM2MQ==&mid=2247485378&idx=1&sn=bc60386ed443d44b2917bb9d115d489c#rd,,微信文章,24h 热文榜,articles_24h,hotlist,,2026-09-21 11:28:46
6,我是80后,,10.0万,https://mp.weixin.qq.com/s?__biz=MzU3OTgwMjI5Nw==&mid=2247491724&idx=1&sn=2b26759f7c3f9615393c32754ff1201b#rd,,微信文章,24h 热文榜,articles_24h,hotlist,,2026-09-21 11:28:46
7,五年四胎，每天只睡五小时，照顾十六口人：那个“超人妈妈”终于撑不住了,,10.0万,https://mp.weixin.qq.com/s?__biz=MzA3MzY0NzUzMQ==&mid=2651709777&idx=1&sn=82f1c922b345d6bfa47aa463532cb64d#rd,,微信文章,24h 热文榜,articles_24h,hotlist,,2026-09-21 11:28:46
8,哄娃，橙汁儿的爸爸是专业的。,,10.0万,https://mp.weixin.qq.com/s?__biz=Mzg4NDEwNzQ1OA==&mid=2247489260&idx=1&sn=dfa8bd170d42401cbcb516395f3fc48e#rd,,微信文章,24h 热文榜,articles_24h,hotlist,,2026-09-21 11:28:46
9,人到中年，不想老跑医院，一定要舍得吃,,10.0万,https://mp.weixin.qq.com/s?__biz=MzYyNTExODQ1OQ==&mid=2247486360&idx=1&sn=dbcd1ff7cf94b647729bbe01db58fb14#rd,,微信文章,24h 热文榜,articles_24h,hotlist,,2026-09-21 11:28:46
10,太帅了，史上最帅的老干部,,10.0万,https://mp.weixin.qq.com/s?__biz=Mzk0MzgxMDY4Nw==&mid=2247499574&idx=1&sn=02c67a2e83b70251348dd891f8933e4a#rd,,微信文章,24h 热文榜,articles_24h,hotlist,,2026-09-21 11:28:46
11,儿子把我扔垃圾堆的无线鼠标捡回来，说要研究一下，结果我们花了一块多钱把鼠标修好了,,10.0万,https://mp.weixin.qq.com/s?__biz=MzUxMjc2NDEyOA==&mid=2247486938&idx=1&sn=e9ac567f0e33754d7c2d2f3391ade4d3#rd,,微信文章,24h 热文榜,articles_24h,hotlist,,2026-09-21 11:28:46
12,这就是惨败日本的反思结果？郭士强:努力了,,10.0万,https://mp.weixin.qq.com/s?__biz=MzUyMTk3ODY1NQ==&mid=2247484221&idx=1&sn=73a8945618ada6532a2e815d10364e78#rd,,微信文章,24h 热文榜,articles_24h,hotlist,,2026-09-21 11:28:46
13,印度给中美俄上了一课：粮食产量不到中国一半，却养活了同样14亿人。印度粮食总产量还不到咱们中国的一半，人口却差不多都是14亿人。,,7.5万,https://mp.weixin.qq.com/s?__biz=MjM5NDI5MDE1MQ==&mid=2450687357&idx=1&sn=2a1ce12684a99e2ea5dbd86309025d61#rd,,微信文章,24h 热文榜,articles_24h,hotlist,,2026-09-21 11:28:46
14,复出了！陈冠希+港毒黄XX主演贺岁片，片方好大胆！可两人连横店实拍都进不去！,,7.3万,https://mp.weixin.qq.com/s?__biz=MzY5MjM4NDA3NA==&mid=2247483906&idx=1&sn=b3d4dc1aa81205df6fb79020bff52619#rd,,微信文章,24h 热文榜,articles_24h,hotlist,,2026-09-21 11:28:46
15,达到发达国家水平的31个城市，快看看有你的家乡吗？,,7.0万,https://mp.weixin.qq.com/s?__biz=MzY4MjE0ODY1OQ==&mid=2247485392&idx=1&sn=819c8b87d661ec5239a5fb2141720a50#rd,,微信文章,24h 热文榜,articles_24h,hotlist,,2026-09-21 11:28:46
16,网传小米外包员工领中秋月饼遭拒，9月17日的时候，他拿着工作证来领公司的中秋节礼品，但是被工作人员告知：“你不在领取范围内,,5.9万,https://mp.weixin.qq.com/s?__biz=MzY5MTMzMTg3MQ==&mid=2247484576&idx=1&sn=0df8ca628d4c56dc1b8da80ec66e2122#rd,,微信文章,24h 热文榜,articles_24h,hotlist,,2026-09-21 11:28:46
17,胖东来标准——工程界从此多了一种新标准,,5.7万,https://mp.weixin.qq.com/s?__biz=MzAxMTk3NjE1Mw==&mid=2247497855&idx=1&sn=d70194a3c43dfcc7282cf7f8ecb8c3df#rd,,微信文章,24h 热文榜,articles_24h,hotlist,,2026-09-21 11:28:46
18,"油价忽然下跌！9月19日调价后92,95号汽油价格，蛋价承压，报复性下跌？",,5.7万,https://mp.weixin.qq.com/s?__biz=MzU5NDA1MzQxNA==&mid=2247611092&idx=4&sn=39d83de3ae4ec8c66f7832f970fb31f1#rd,,微信文章,24h 热文榜,articles_24h,hotlist,,2026-09-21 11:28:46
19,震撼！中科院院士郑泉水：一千多位高考状元，几乎没有人成为顶尖人才！孩子到底该怎么培养？,,5.7万,https://mp.weixin.qq.com/s?__biz=MzA5OTk3Mjc2Mg==&mid=2650654809&idx=1&sn=4dc01dd829d5ccd94f4373d97d2466bb#rd,,微信文章,24h 热文榜,articles_24h,hotlist,,2026-09-21 11:28:46
20,终于醒悟了：我们应该花十几万块建一套房子，留几百万来生活，而不是花几百万建一套房子，留十几万来生活,,5.6万,https://mp.weixin.qq.com/s?__biz=MzYzMjY0NzM0MA==&mid=2247485503&idx=1&sn=4854511a511d74e709360ddb117ba92a#rd,,微信文章,24h 热文榜,articles_24h,hotlist,,2026-09-21 11:28:46
21,男女一旦有了亲密就成了暗夫妻，看完这段话就明白了,,5.5万,https://mp.weixin.qq.com/s?__biz=MzYzNjMzNTc4Mw==&mid=2247484816&idx=1&sn=b279a32d8a15285cd8027f1b8d8939e4#rd,,微信文章,24h 热文榜,articles_24h,hotlist,,2026-09-21 11:28:46
22,女生永不贬值的资产！,,5.5万,https://mp.weixin.qq.com/s?__biz=MzYzNDcyMTc0OQ==&mid=2247487393&idx=1&sn=bcbbba9ef7e210d1189fe169ffe7dec5#rd,,微信文章,24h 热文榜,articles_24h,hotlist,,2026-09-21 11:28:46
23,U23国足VS伊朗：命运之战，央视不播,,5.4万,https://mp.weixin.qq.com/s?__biz=MzcwMTE1NzkyOA==&mid=2247488243&idx=1&sn=87bb60fab6a9685815680e523006f81b#rd,,微信文章,24h 热文榜,articles_24h,hotlist,,2026-09-21 11:28:46
24,无知真的会害了娃！30天婴儿失明真相曝光，全家后悔已来不及,,5.3万,https://mp.weixin.qq.com/s?__biz=MzcwNjMwNjExNQ==&mid=2247485375&idx=1&sn=df9048f90db65828fa4a09bfd06a3f41#rd,,微信文章,24h 热文榜,articles_24h,hotlist,,2026-09-21 11:28:46
25,敬一丹与李修平的晚年对比：人生下半场，顶级的智慧是体面退场,,5.2万,https://mp.weixin.qq.com/s?__biz=MzkxOTAxNjM3Nw==&mid=2247495852&idx=1&sn=97d2ce0cdecba4e991d7fdab51894fc3#rd,,微信文章,24h 热文榜,articles_24h,hotlist,,2026-09-21 11:28:46
26,十万级搭载华为乾崑智驾大六座 星海V6 为家而来,,5.2万,https://mp.weixin.qq.com/s?__biz=MzI5MjAyNjM1OA==&mid=2651552332&idx=1&sn=32ab4b64d7f4e2ffd1abdedfe18bfc69#rd,,微信文章,24h 热文榜,articles_24h,hotlist,,2026-09-21 11:28:46
27,北京火葬场不要骨灰的人越来越多，有人把骨灰偷埋进西山，不立碑，不留名，免费的海葬也不愿意选？,,5.2万,https://mp.weixin.qq.com/s?__biz=Mzk2NDIwMTc1Ng==&mid=2247485506&idx=1&sn=c578e36c14c31a1e90e9310e0c1b4682#rd,,微信文章,24h 热文榜,articles_24h,hotlist,,2026-09-21 11:28:46
28,关于养老金调整，人社部官网最新动态,,4.7万,https://mp.weixin.qq.com/s?__biz=MzkyMjUyNTE4Mw==&mid=2247487455&idx=1&sn=b84f7e7d378157d9d4b63d66ee6e37c0#rd,,微信文章,24h 热文榜,articles_24h,hotlist,,2026-09-21 11:28:46
29,国航C919乌兰巴托航线9月16日起不再执飞 !,,4.5万,https://mp.weixin.qq.com/s?__biz=MzA3OTY4OTU5Ng==&mid=2247493092&idx=2&sn=b9c0bc4c31ec71ac4fe13f260adcb1d1#rd,,微信文章,24h 热文榜,articles_24h,hotlist,,2026-09-21 11:28:46
30,一个清华教授，8个月卷走650亿,,4.4万,https://mp.weixin.qq.com/s?__biz=MzAxNDMwNjQ1OA==&mid=2650538429&idx=1&sn=efe0933570035ec695eae5a6237525cf&chksm=82ad4fca471597c4993c46d629366fc212e72df8e20673b0c5019978873bd7272f6729d0c241#rd,,微信文章,24h 热文榜,articles_24h,hotlist,,2026-09-21 11:28:46
1,旧电脑被当废品收走，拆开发现是2013年的老古董，硬盘还能用,,10.0万,https://mp.weixin.qq.com/s?__biz=MzcxMDI2MzU3Mg==&mid=2247487781&idx=2&sn=e5c8818fb8888447cacfe0fd3738b894#rd,,微信文章,24h 热文榜,articles_24h,hotlist,,2026-09-21 12:27:53
2,抗战胜利那一刻，重庆城里的离别与期盼,,10.0万,https://mp.weixin.qq.com/s?__biz=MzE5MTY2MzU2NQ==&mid=2247490014&idx=1&sn=b0ff18842f77894c37fbaeb3665fcec5#rd,,微信文章,24h 热文榜,articles_24h,hotlist,,2026-09-21 12:27:53
3,孙千的裙子是成长进度条，井柏然挡酒坐不住,,10.0万,https://mp.weixin.qq.com/s?__biz=MzYyNDA5MTg0Mw==&mid=2247488815&idx=1&sn=55f31dc0200d5ead7b371f6a68ef4ac8#rd,,微信文章,24h 热文榜,articles_24h,hotlist,,2026-09-21 12:27:53
4,许嵩和冯禧官宣结婚，相差14岁的追星梦成真,,10.0万,https://mp.weixin.qq.com/s?__biz=MzU2OTgzOTAzMQ==&mid=2247488409&idx=1&sn=e9727700b45bace51ba72385c758aeb6#rd,,微信文章,24h 热文榜,articles_24h,hotlist,,2026-09-21 12:27:53
5,92年 35岁，终于活成了我喜欢的样子 #居家锻炼 #零基础…,,10.0万,https://mp.weixin.qq.com/s?__biz=MzcwODM0MzM2MQ==&mid=2247485378&idx=1&sn=bc60386ed443d44b2917bb9d115d489c#rd,,微信文章,24h 热文榜,articles_24h,hotlist,,2026-09-21 12:27:53
6,我是80后,,10.0万,https://mp.weixin.qq.com/s?__biz=MzU3OTgwMjI5Nw==&mid=2247491724&idx=1&sn=2b26759f7c3f9615393c32754ff1201b#rd,,微信文章,24h 热文榜,articles_24h,hotlist,,2026-09-21 12:27:53
7,五年四胎，每天只睡五小时，照顾十六口人：那个“超人妈妈”终于撑不住了,,10.0万,https://mp.weixin.qq.com/s?__biz=MzA3MzY0NzUzMQ==&mid=2651709777&idx=1&sn=82f1c922b345d6bfa47aa463532cb64d#rd,,微信文章,24h 热文榜,articles_24h,hotlist,,2026-09-21 12:27:53
8,哄娃，橙汁儿的爸爸是专业的。,,10.0万,https://mp.weixin.qq.com/s?__biz=Mzg4NDEwNzQ1OA==&mid=2247489260&idx=1&sn=dfa8bd170d42401cbcb516395f3fc48e#rd,,微信文章,24h 热文榜,articles_24h,hotlist,,2026-09-21 12:27:53
9,人到中年，不想老跑医院，一定要舍得吃,,10.0万,https://mp.weixin.qq.com/s?__biz=MzYyNTExODQ1OQ==&mid=2247486360&idx=1&sn=dbcd1ff7cf94b647729bbe01db58fb14#rd,,微信文章,24h 热文榜,articles_24h,hotlist,,2026-09-21 12:27:53
10,太帅了，史上最帅的老干部,,10.0万,https://mp.weixin.qq.com/s?__biz=Mzk0MzgxMDY4Nw==&mid=2247499574&idx=1&sn=02c67a2e83b70251348dd891f8933e4a#rd,,微信文章,24h 热文榜,articles_24h,hotlist,,2026-09-21 12:27:53
11,儿子把我扔垃圾堆的无线鼠标捡回来，说要研究一下，结果我们花了一块多钱把鼠标修好了,,10.0万,https://mp.weixin.qq.com/s?__biz=MzUxMjc2NDEyOA==&mid=2247486938&idx=1&sn=e9ac567f0e33754d7c2d2f3391ade4d3#rd,,微信文章,24h 热文榜,articles_24h,hotlist,,2026-09-21 12:27:53
12,这就是惨败日本的反思结果？郭士强:努力了,,10.0万,https://mp.weixin.qq.com/s?__biz=MzUyMTk3ODY1NQ==&mid=2247484221&idx=1&sn=73a8945618ada6532a2e815d10364e78#rd,,微信文章,24h 热文榜,articles_24h,hotlist,,2026-09-21 12:27:53
13,印度给中美俄上了一课：粮食产量不到中国一半，却养活了同样14亿人。印度粮食总产量还不到咱们中国的一半，人口却差不多都是14亿人。,,7.5万,https://mp.weixin.qq.com/s?__biz=MjM5NDI5MDE1MQ==&mid=2450687357&idx=1&sn=2a1ce12684a99e2ea5dbd86309025d61#rd,,微信文章,24h 热文榜,articles_24h,hotlist,,2026-09-21 12:27:53
14,复出了！陈冠希+港毒黄XX主演贺岁片，片方好大胆！可两人连横店实拍都进不去！,,7.3万,https://mp.weixin.qq.com/s?__biz=MzY5MjM4NDA3NA==&mid=2247483906&idx=1&sn=b3d4dc1aa81205df6fb79020bff52619#rd,,微信文章,24h 热文榜,articles_24h,hotlist,,2026-09-21 12:27:53
15,达到发达国家水平的31个城市，快看看有你的家乡吗？,,7.0万,https://mp.weixin.qq.com/s?__biz=MzY4MjE0ODY1OQ==&mid=2247485392&idx=1&sn=819c8b87d661ec5239a5fb2141720a50#rd,,微信文章,24h 热文榜,articles_24h,hotlist,,2026-09-21 12:27:53
16,网传小米外包员工领中秋月饼遭拒，9月17日的时候，他拿着工作证来领公司的中秋节礼品，但是被工作人员告知：“你不在领取范围内,,5.9万,https://mp.weixin.qq.com/s?__biz=MzY5MTMzMTg3MQ==&mid=2247484576&idx=1&sn=0df8ca628d4c56dc1b8da80ec66e2122#rd,,微信文章,24h 热文榜,articles_24h,hotlist,,2026-09-21 12:27:53
17,胖东来标准——工程界从此多了一种新标准,,5.7万,https://mp.weixin.qq.com/s?__biz=MzAxMTk3NjE1Mw==&mid=2247497855&idx=1&sn=d70194a3c43dfcc7282cf7f8ecb8c3df#rd,,微信文章,24h 热文榜,articles_24h,hotlist,,2026-09-21 12:27:53
18,"油价忽然下跌！9月19日调价后92,95号汽油价格，蛋价承压，报复性下跌？",,5.7万,https://mp.weixin.qq.com/s?__biz=MzU5NDA1MzQxNA==&mid=2247611092&idx=4&sn=39d83de3ae4ec8c66f7832f970fb31f1#rd,,微信文章,24h 热文榜,articles_24h,hotlist,,2026-09-21 12:27:53
19,震撼！中科院院士郑泉水：一千多位高考状元，几乎没有人成为顶尖人才！孩子到底该怎么培养？,,5.7万,https://mp.weixin.qq.com/s?__biz=MzA5OTk3Mjc2Mg==&mid=2650654809&idx=1&sn=4dc01dd829d5ccd94f4373d97d2466bb#rd,,微信文章,24h 热文榜,articles_24h,hotlist,,2026-09-21 12:27:53
20,终于醒悟了：我们应该花十几万块建一套房子，留几百万来生活，而不是花几百万建一套房子，留十几万来生活,,5.6万,https://mp.weixin.qq.com/s?__biz=MzYzMjY0NzM0MA==&mid=2247485503&idx=1&sn=4854511a511d74e709360ddb117ba92a#rd,,微信文章,24h 热文榜,articles_24h,hotlist,,2026-09-21 12:27:53
21,男女一旦有了亲密就成了暗夫妻，看完这段话就明白了,,5.5万,https://mp.weixin.qq.com/s?__biz=MzYzNjMzNTc4Mw==&mid=2247484816&idx=1&sn=b279a32d8a15285cd8027f1b8d8939e4#rd,,微信文章,24h 热文榜,articles_24h,hotlist,,2026-09-21 12:27:53
22,女生永不贬值的资产！,,5.5万,https://mp.weixin.qq.com/s?__biz=MzYzNDcyMTc0OQ==&mid=2247487393&idx=1&sn=bcbbba9ef7e210d1189fe169ffe7dec5#rd,,微信文章,24h 热文榜,articles_24h,hotlist,,2026-09-21 12:27:53
23,U23国足VS伊朗：命运之战，央视不播,,5.4万,https://mp.weixin.qq.com/s?__biz=MzcwMTE1NzkyOA==&mid=2247488243&idx=1&sn=87bb60fab6a9685815680e523006f81b#rd,,微信文章,24h 热文榜,articles_24h,hotlist,,2026-09-21 12:27:53
24,无知真的会害了娃！30天婴儿失明真相曝光，全家后悔已来不及,,5.3万,https://mp.weixin.qq.com/s?__biz=MzcwNjMwNjExNQ==&mid=2247485375&idx=1&sn=df9048f90db65828fa4a09bfd06a3f41#rd,,微信文章,24h 热文榜,articles_24h,hotlist,,2026-09-21 12:27:53
25,敬一丹与李修平的晚年对比：人生下半场，顶级的智慧是体面退场,,5.2万,https://mp.weixin.qq.com/s?__biz=MzkxOTAxNjM3Nw==&mid=2247495852&idx=1&sn=97d2ce0cdecba4e991d7fdab51894fc3#rd,,微信文章,24h 热文榜,articles_24h,hotlist,,2026-09-21 12:27:53
26,十万级搭载华为乾崑智驾大六座 星海V6 为家而来,,5.2万,https://mp.weixin.qq.com/s?__biz=MzI5MjAyNjM1OA==&mid=2651552332&idx=1&sn=32ab4b64d7f4e2ffd1abdedfe18bfc69#rd,,微信文章,24h 热文榜,articles_24h,hotlist,,2026-09-21 12:27:53
27,北京火葬场不要骨灰的人越来越多，有人把骨灰偷埋进西山，不立碑，不留名，免费的海葬也不愿意选？,,5.2万,https://mp.weixin.qq.com/s?__biz=Mzk2NDIwMTc1Ng==&mid=2247485506&idx=1&sn=c578e36c14c31a1e90e9310e0c1b4682#rd,,微信文章,24h 热文榜,articles_24h,hotlist,,2026-09-21 12:27:53
28,关于养老金调整，人社部官网最新动态,,4.7万,https://mp.weixin.qq.com/s?__biz=MzkyMjUyNTE4Mw==&mid=2247487455&idx=1&sn=b84f7e7d378157d9d4b63d66ee6e37c0#rd,,微信文章,24h 热文榜,articles_24h,hotlist,,2026-09-21 12:27:53
29,国航C919乌兰巴托航线9月16日起不再执飞 !,,4.5万,https://mp.weixin.qq.com/s?__biz=MzA3OTY4OTU5Ng==&mid=2247493092&idx=2&sn=b9c0bc4c31ec71ac4fe13f260adcb1d1#rd,,微信文章,24h 热文榜,articles_24h,hotlist,,2026-09-21 12:27:53
30,一个清华教授，8个月卷走650亿,,4.4万,https://mp.weixin.qq.com/s?__biz=MzAxNDMwNjQ1OA==&mid=2650538429&idx=1&sn=efe0933570035ec695eae5a6237525cf&chksm=82ad4fca471597c4993c46d629366fc212e72df8e20673b0c5019978873bd7272f6729d0c241#rd,,微信文章,24h 热文榜,articles_24h,hotlist,,2026-09-21 12:27:53
1,旧电脑被当废品收走，拆开发现是2013年的老古董，硬盘还能用,,10.0万,https://mp.weixin.qq.com/s?__biz=MzcxMDI2MzU3Mg==&mid=2247487781&idx=2&sn=e5c8818fb8888447cacfe0fd3738b894#rd,,微信文章,24h 热文榜,articles_24h,hotlist,,2026-09-21 13:23:52
2,抗战胜利那一刻，重庆城里的离别与期盼,,10.0万,https://mp.weixin.qq.com/s?__biz=MzE5MTY2MzU2NQ==&mid=2247490014&idx=1&sn=b0ff18842f77894c37fbaeb3665fcec5#rd,,微信文章,24h 热文榜,articles_24h,hotlist,,2026-09-21 13:23:52
3,孙千的裙子是成长进度条，井柏然挡酒坐不住,,10.0万,https://mp.weixin.qq.com/s?__biz=MzYyNDA5MTg0Mw==&mid=2247488815&idx=1&sn=55f31dc0200d5ead7b371f6a68ef4ac8#rd,,微信文章,24h 热文榜,articles_24h,hotlist,,2026-09-21 13:23:52
4,许嵩和冯禧官宣结婚，相差14岁的追星梦成真,,10.0万,https://mp.weixin.qq.com/s?__biz=MzU2OTgzOTAzMQ==&mid=2247488409&idx=1&sn=e9727700b45bace51ba72385c758aeb6#rd,,微信文章,24h 热文榜,articles_24h,hotlist,,2026-09-21 13:23:52
5,92年 35岁，终于活成了我喜欢的样子 #居家锻炼 #零基础…,,10.0万,https://mp.weixin.qq.com/s?__biz=MzcwODM0MzM2MQ==&mid=2247485378&idx=1&sn=bc60386ed443d44b2917bb9d115d489c#rd,,微信文章,24h 热文榜,articles_24h,hotlist,,2026-09-21 13:23:52
6,我是80后,,10.0万,https://mp.weixin.qq.com/s?__biz=MzU3OTgwMjI5Nw==&mid=2247491724&idx=1&sn=2b26759f7c3f9615393c32754ff1201b#rd,,微信文章,24h 热文榜,articles_24h,hotlist,,2026-09-21 13:23:52
7,五年四胎，每天只睡五小时，照顾十六口人：那个“超人妈妈”终于撑不住了,,10.0万,https://mp.weixin.qq.com/s?__biz=MzA3MzY0NzUzMQ==&mid=2651709777&idx=1&sn=82f1c922b345d6bfa47aa463532cb64d#rd,,微信文章,24h 热文榜,articles_24h,hotlist,,2026-09-21 13:23:52
8,哄娃，橙汁儿的爸爸是专业的。,,10.0万,https://mp.weixin.qq.com/s?__biz=Mzg4NDEwNzQ1OA==&mid=2247489260&idx=1&sn=dfa8bd170d42401cbcb516395f3fc48e#rd,,微信文章,24h 热文榜,articles_24h,hotlist,,2026-09-21 13:23:52
9,人到中年，不想老跑医院，一定要舍得吃,,10.0万,https://mp.weixin.qq.com/s?__biz=MzYyNTExODQ1OQ==&mid=2247486360&idx=1&sn=dbcd1ff7cf94b647729bbe01db58fb14#rd,,微信文章,24h 热文榜,articles_24h,hotlist,,2026-09-21 13:23:52
10,太帅了，史上最帅的老干部,,10.0万,https://mp.weixin.qq.com/s?__biz=Mzk0MzgxMDY4Nw==&mid=2247499574&idx=1&sn=02c67a2e83b70251348dd891f8933e4a#rd,,微信文章,24h 热文榜,articles_24h,hotlist,,2026-09-21 13:23:52
11,儿子把我扔垃圾堆的无线鼠标捡回来，说要研究一下，结果我们花了一块多钱把鼠标修好了,,10.0万,https://mp.weixin.qq.com/s?__biz=MzUxMjc2NDEyOA==&mid=2247486938&idx=1&sn=e9ac567f0e33754d7c2d2f3391ade4d3#rd,,微信文章,24h 热文榜,articles_24h,hotlist,,2026-09-21 13:23:52
12,这就是惨败日本的反思结果？郭士强:努力了,,10.0万,https://mp.weixin.qq.com/s?__biz=MzUyMTk3ODY1NQ==&mid=2247484221&idx=1&sn=73a8945618ada6532a2e815d10364e78#rd,,微信文章,24h 热文榜,articles_24h,hotlist,,2026-09-21 13:23:52
13,印度给中美俄上了一课：粮食产量不到中国一半，却养活了同样14亿人。印度粮食总产量还不到咱们中国的一半，人口却差不多都是14亿人。,,7.5万,https://mp.weixin.qq.com/s?__biz=MjM5NDI5MDE1MQ==&mid=2450687357&idx=1&sn=2a1ce12684a99e2ea5dbd86309025d61#rd,,微信文章,24h 热文榜,articles_24h,hotlist,,2026-09-21 13:23:52
14,复出了！陈冠希+港毒黄XX主演贺岁片，片方好大胆！可两人连横店实拍都进不去！,,7.3万,https://mp.weixin.qq.com/s?__biz=MzY5MjM4NDA3NA==&mid=2247483906&idx=1&sn=b3d4dc1aa81205df6fb79020bff52619#rd,,微信文章,24h 热文榜,articles_24h,hotlist,,2026-09-21 13:23:52
15,达到发达国家水平的31个城市，快看看有你的家乡吗？,,7.0万,https://mp.weixin.qq.com/s?__biz=MzY4MjE0ODY1OQ==&mid=2247485392&idx=1&sn=819c8b87d661ec5239a5fb2141720a50#rd,,微信文章,24h 热文榜,articles_24h,hotlist,,2026-09-21 13:23:52
16,网传小米外包员工领中秋月饼遭拒，9月17日的时候，他拿着工作证来领公司的中秋节礼品，但是被工作人员告知：“你不在领取范围内,,5.9万,https://mp.weixin.qq.com/s?__biz=MzY5MTMzMTg3MQ==&mid=2247484576&idx=1&sn=0df8ca628d4c56dc1b8da80ec66e2122#rd,,微信文章,24h 热文榜,articles_24h,hotlist,,2026-09-21 13:23:52
17,胖东来标准——工程界从此多了一种新标准,,5.7万,https://mp.weixin.qq.com/s?__biz=MzAxMTk3NjE1Mw==&mid=2247497855&idx=1&sn=d70194a3c43dfcc7282cf7f8ecb8c3df#rd,,微信文章,24h 热文榜,articles_24h,hotlist,,2026-09-21 13:23:52
18,"油价忽然下跌！9月19日调价后92,95号汽油价格，蛋价承压，报复性下跌？",,5.7万,https://mp.weixin.qq.com/s?__biz=MzU5NDA1MzQxNA==&mid=2247611092&idx=4&sn=39d83de3ae4ec8c66f7832f970fb31f1#rd,,微信文章,24h 热文榜,articles_24h,hotlist,,2026-09-21 13:23:52
19,震撼！中科院院士郑泉水：一千多位高考状元，几乎没有人成为顶尖人才！孩子到底该怎么培养？,,5.7万,https://mp.weixin.qq.com/s?__biz=MzA5OTk3Mjc2Mg==&mid=2650654809&idx=1&sn=4dc01dd829d5ccd94f4373d97d2466bb#rd,,微信文章,24h 热文榜,articles_24h,hotlist,,2026-09-21 13:23:52
20,终于醒悟了：我们应该花十几万块建一套房子，留几百万来生活，而不是花几百万建一套房子，留十几万来生活,,5.6万,https://mp.weixin.qq.com/s?__biz=MzYzMjY0NzM0MA==&mid=2247485503&idx=1&sn=4854511a511d74e709360ddb117ba92a#rd,,微信文章,24h 热文榜,articles_24h,hotlist,,2026-09-21 13:23:52
21,男女一旦有了亲密就成了暗夫妻，看完这段话就明白了,,5.5万,https://mp.weixin.qq.com/s?__biz=MzYzNjMzNTc4Mw==&mid=2247484816&idx=1&sn=b279a32d8a15285cd8027f1b8d8939e4#rd,,微信文章,24h 热文榜,articles_24h,hotlist,,2026-09-21 13:23:52
22,女生永不贬值的资产！,,5.5万,https://mp.weixin.qq.com/s?__biz=MzYzNDcyMTc0OQ==&mid=2247487393&idx=1&sn=bcbbba9ef7e210d1189fe169ffe7dec5#rd,,微信文章,24h 热文榜,articles_24h,hotlist,,2026-09-21 13:23:52
23,U23国足VS伊朗：命运之战，央视不播,,5.4万,https://mp.weixin.qq.com/s?__biz=MzcwMTE1NzkyOA==&mid=2247488243&idx=1&sn=87bb60fab6a9685815680e523006f81b#rd,,微信文章,24h 热文榜,articles_24h,hotlist,,2026-09-21 13:23:52
24,无知真的会害了娃！30天婴儿失明真相曝光，全家后悔已来不及,,5.3万,https://mp.weixin.qq.com/s?__biz=MzcwNjMwNjExNQ==&mid=2247485375&idx=1&sn=df9048f90db65828fa4a09bfd06a3f41#rd,,微信文章,24h 热文榜,articles_24h,hotlist,,2026-09-21 13:23:52
25,敬一丹与李修平的晚年对比：人生下半场，顶级的智慧是体面退场,,5.2万,https://mp.weixin.qq.com/s?__biz=MzkxOTAxNjM3Nw==&mid=2247495852&idx=1&sn=97d2ce0cdecba4e991d7fdab51894fc3#rd,,微信文章,24h 热文榜,articles_24h,hotlist,,2026-09-21 13:23:52
26,十万级搭载华为乾崑智驾大六座 星海V6 为家而来,,5.2万,https://mp.weixin.qq.com/s?__biz=MzI5MjAyNjM1OA==&mid=2651552332&idx=1&sn=32ab4b64d7f4e2ffd1abdedfe18bfc69#rd,,微信文章,24h 热文榜,articles_24h,hotlist,,2026-09-21 13:23:52
27,北京火葬场不要骨灰的人越来越多，有人把骨灰偷埋进西山，不立碑，不留名，免费的海葬也不愿意选？,,5.2万,https://mp.weixin.qq.com/s?__biz=Mzk2NDIwMTc1Ng==&mid=2247485506&idx=1&sn=c578e36c14c31a1e90e9310e0c1b4682#rd,,微信文章,24h 热文榜,articles_24h,hotlist,,2026-09-21 13:23:52
28,关于养老金调整，人社部官网最新动态,,4.7万,https://mp.weixin.qq.com/s?__biz=MzkyMjUyNTE4Mw==&mid=2247487455&idx=1&sn=b84f7e7d378157d9d4b63d66ee6e37c0#rd,,微信文章,24h 热文榜,articles_24h,hotlist,,2026-09-21 13:23:52
29,国航C919乌兰巴托航线9月16日起不再执飞 !,,4.5万,https://mp.weixin.qq.com/s?__biz=MzA3OTY4OTU5Ng==&mid=2247493092&idx=2&sn=b9c0bc4c31ec71ac4fe13f260adcb1d1#rd,,微信文章,24h 热文榜,articles_24h,hotlist,,2026-09-21 13:23:52
30,一个清华教授，8个月卷走650亿,,4.4万,https://mp.weixin.qq.com/s?__biz=MzAxNDMwNjQ1OA==&mid=2650538429&idx=1&sn=efe0933570035ec695eae5a6237525cf&chksm=82ad4fca471597c4993c46d629366fc212e72df8e20673b0c5019978873bd7272f6729d0c241#rd,,微信文章,24h 热文榜,articles_24h,hotlist,,2026-09-21 13:23:52
1,马云亲自设计的淘宝骑手服，拿下国际大奖,,10.0万,https://mp.weixin.qq.com/s?__biz=MzAxNDQwMTEyNA==&mid=2656370069&idx=1&sn=7c237f306943513b82c34649c0b4a0f8#rd,,微信文章,24h 热文榜,articles_24h,hotlist,,2026-09-21 14:47:14
2,十年前那个开滴滴被免职的副镇长,,10.0万,https://mp.weixin.qq.com/s?__biz=MzY0MDEyOTMyMg==&mid=2247485134&idx=1&sn=1c2a002dd47de817536687788ea5c46b#rd,,微信文章,24h 热文榜,articles_24h,hotlist,,2026-09-21 14:47:14
3,俩搞导弹的整不了俩捣蛋的,,10.0万,https://mp.weixin.qq.com/s?__biz=MzYyMzEyMzg0NA==&mid=2247484980&idx=1&sn=7e510e870f2b5d573b8d04b29085225e#rd,,微信文章,24h 热文榜,articles_24h,hotlist,,2026-09-21 14:47:14
4,下架！,,10.0万,https://mp.weixin.qq.com/s?__biz=Mzk4ODEyOTk0MA==&mid=2247498140&idx=1&sn=41d2134f0fc44fc793d2e724ca2e69ef#rd,,微信文章,24h 热文榜,articles_24h,hotlist,,2026-09-21 14:47:14
5,年少不懂她的美,,10.0万,https://mp.weixin.qq.com/s?__biz=MzYzMjE5ODI0MQ==&mid=2247485582&idx=1&sn=10c7632b544d4a6525d7194b233ac2bd#rd,,微信文章,24h 热文榜,articles_24h,hotlist,,2026-09-21 14:47:14
6,闹市惊魂！马路不是游乐场，行车千万要谨慎,,10.0万,https://mp.weixin.qq.com/s?__biz=MzY4NTMzMTIyNQ==&mid=2247484671&idx=1&sn=5ba473d2ee7228fda9a0b667431ae7f1#rd,,微信文章,24h 热文榜,articles_24h,hotlist,,2026-09-21 14:47:14
7,看名古屋亚运会颁奖仪式，托盘服务的志愿者大多已是白发长者,,10.0万,https://mp.weixin.qq.com/s?__biz=MzU0MzQzODg2Ng==&mid=2247484310&idx=1&sn=792bd82a794f37b74d5c7056e5355bfa#rd,,微信文章,24h 热文榜,articles_24h,hotlist,,2026-09-21 14:47:14
8,我老公这人正经到什么程度，说出来你们都得好笑,,9.9万,https://mp.weixin.qq.com/s?__biz=MjM5NzQ2MTgyMA==&mid=2651119607&idx=1&sn=f8a37f7bfda9552fb4477aa08efd44c6#rd,,微信文章,24h 热文榜,articles_24h,hotlist,,2026-09-21 14:47:14
9,拆解武汉卡萨帝思享荟：最好的产品说明书，是用户的生活,,9.0万,https://mp.weixin.qq.com/s?__biz=MzIyNDE2NjkzMQ==&mid=2650516176&idx=1&sn=52184ab25fb2f402ed2e61f262457806#rd,,微信文章,24h 热文榜,articles_24h,hotlist,,2026-09-21 14:47:14
10,华为和赛力斯闹矛盾的主要原因就是问界销量不太好，问界销量不行的原因就是鸿蒙智行2026年的战略决策和营销太差了,,9.0万,https://mp.weixin.qq.com/s?__biz=MzUyMTkzMDc1OQ==&mid=2247484650&idx=1&sn=34d378b7365e2b5cac02e1720fe2e028#rd,,微信文章,24h 热文榜,articles_24h,hotlist,,2026-09-21 14:47:14
11,45岁配音演员赵然去世：他配活了我们的童年，却没人记住他的名字,,8.6万,https://mp.weixin.qq.com/s?__biz=MzcwNTM4Mzg5MQ==&mid=2247483824&idx=1&sn=b5d3c5e314310fd6cb18983454f1b793#rd,,微信文章,24h 热文榜,articles_24h,hotlist,,2026-09-21 14:47:14
12,好想搬来成都啊🍜一座宜吃城市,,8.5万,https://mp.weixin.qq.com/s?__biz=MzA4MDQzNDk0MQ==&mid=2650639040&idx=1&sn=cdb04d635de12795688b7c344c7347f3#rd,,微信文章,24h 热文榜,articles_24h,hotlist,,2026-09-21 14:47:14
13,这十三类的人，尽量别深交,,7.5万,https://mp.weixin.qq.com/s?__biz=MzY4MTM0NDA4NA==&mid=2247485477&idx=1&sn=2a06f14a2303f7dd402f6867faa055ec#rd,,微信文章,24h 热文榜,articles_24h,hotlist,,2026-09-21 14:47:14
14,@全体内师er，喜迎双节，万元好礼免费送！,,7.3万,https://mp.weixin.qq.com/s?__biz=MzIwNDg5NDc3Mg==&mid=2247493728&idx=1&sn=7b308858d21d908c0351980c975963bc#rd,,微信文章,24h 热文榜,articles_24h,hotlist,,2026-09-21 14:47:14
15,“TES世界赛签证被拒，曝郭皓不会投诉DYS”，白本太严格，赛制七人组,,6.8万,https://mp.weixin.qq.com/s?__biz=Mzg4ODkzMjg4MQ==&mid=2247501857&idx=1&sn=acf75becbbf3c4416dbf4ed58f9e50ff#rd,,微信文章,24h 热文榜,articles_24h,hotlist,,2026-09-21 14:47:14
16,亚运会比赛闹出大乌龙，王楚钦名放反,,6.3万,https://mp.weixin.qq.com/s?__biz=MzY0MDQwMDIzMQ==&mid=2247497767&idx=1&sn=1e44ca1245229389fff3817fb829e128#rd,,微信文章,24h 热文榜,articles_24h,hotlist,,2026-09-21 14:47:14
17,不看不知道，一看吓一跳！,,6.2万,https://mp.weixin.qq.com/s?__biz=Mzk5MDMzNTY4MA==&mid=2247484538&idx=1&sn=d643a4227a6f4c97b0b186b68079badf#rd,,微信文章,24h 热文榜,articles_24h,hotlist,,2026-09-21 14:47:14
18,认知定方向，行动出结果,,5.9万,https://mp.weixin.qq.com/s?__biz=MzIxODQxNDIyMw==&mid=2247485867&idx=1&sn=ea9e58ccb5dcc4719542ab8ce47f1e69#rd,,微信文章,24h 热文榜,articles_24h,hotlist,,2026-09-21 14:47:14
19,如果小区楼上有人过世，在客厅设灵堂，楼下千万别硬熬，不妨暂时避一避,,5.7万,https://mp.weixin.qq.com/s?__biz=MzYzMjg5MTQ1OA==&mid=2247484421&idx=1&sn=b9ac676fd8c68c67fc65c1bd7152b49d#rd,,微信文章,24h 热文榜,articles_24h,hotlist,,2026-09-21 14:47:14
20,小萨勒曼引狼入室,,5.5万,https://mp.weixin.qq.com/s?__biz=MzI2MDAxMTc2Mw==&mid=2247490930&idx=1&sn=e690b658871fbf705313bf97a526d46a#rd,,微信文章,24h 热文榜,articles_24h,hotlist,,2026-09-21 14:47:14
21,这部在北美刚刚上映的电影，我已先睹为快,,5.3万,https://mp.weixin.qq.com/s?__biz=MzU1MDc4MzcwMw==&mid=2247488081&idx=1&sn=5cdbad2ffa8c6a00c851d2bb9d33a103#rd,,微信文章,24h 热文榜,articles_24h,hotlist,,2026-09-21 14:47:14
22,男子为感谢同事，花223元请客吃饭，对方却拿了一瓶60元的白酒，要让他付钱吗?,,5.3万,https://mp.weixin.qq.com/s?__biz=MzYyMzc4ODU2NA==&mid=2247487874&idx=3&sn=608469ef2f05ce7c727fa9ab3aa6fea4#rd,,微信文章,24h 热文榜,articles_24h,hotlist,,2026-09-21 14:47:14
23,“广告一分钟，穿着衣服的时间只有八秒”，美国女星“悉尼妹”又翻车,,5.2万,https://mp.weixin.qq.com/s?__biz=Mzg3NDczMjI4MQ==&mid=2247512429&idx=1&sn=87a7f9e66936fad63b46f2b579217fb4#rd,,微信文章,24h 热文榜,articles_24h,hotlist,,2026-09-21 14:47:14
24,冯禧2023年合同到期未续约，离开《你好星期六》，都说冯禧是准备结婚去了，实则是继续学业，做更好的自己。如今官宣结婚，也是好磕的。,,5.2万,https://mp.weixin.qq.com/s?__biz=MzYzNTI5ODM2MA==&mid=2247488821&idx=1&sn=0e1bc2c951ad6f1b0bca9747e2a1b95c#rd,,微信文章,24h 热文榜,articles_24h,hotlist,,2026-09-21 14:47:14
25,“新型养老”方式来了，85岁大爷不请保姆，不去养老院，花钱少，比子女还靠谱，让人羡慕,,5.2万,https://mp.weixin.qq.com/s?__biz=MzcwNjM1MTA4Mg==&mid=2247484139&idx=1&sn=29f51b10c7c8d192dc2d96641fdafdb3#rd,,微信文章,24h 热文榜,articles_24h,hotlist,,2026-09-21 14:47:14
26,《兰香如故》：要不是许兰香被卖入青楼接客被吕蕺儿救出，她还不知是林锦岐给她惹来麻烦（含剧透，慎点）,,5.1万,https://mp.weixin.qq.com/s?__biz=MzU3MDY0NjUyMg==&mid=2247487045&idx=1&sn=d55aa9151d5bc28544f696069e7c515b#rd,,微信文章,24h 热文榜,articles_24h,hotlist,,2026-09-21 14:47:14
27,小时候看《半生缘》男女主多年后重逢的片段，我总觉得他们俩最后…,,5.1万,https://mp.weixin.qq.com/s?__biz=Mzg4NTc0NjExMw==&mid=2247492198&idx=1&sn=f74f352b63510b5e8f473be7f2084973#rd,,微信文章,24h 热文榜,articles_24h,hotlist,,2026-09-21 14:47:14
28,小姐姐结婚当天抱着柯基拍照，剪刀手刚抬起来，怀里的就已经打上双闪了：妈妈酱，大喜的日子也要动手吗？,,5.1万,https://mp.weixin.qq.com/s?__biz=MzkzNDk2MTEyNg==&mid=2247485075&idx=1&sn=234976a432e8d51ebff2209816c55c0e#rd,,微信文章,24h 热文榜,articles_24h,hotlist,,2026-09-21 14:47:14
29,36万买一块全金劳力士，拆开一称全网哗然：里面的黄金竟然只值10万！,,5.1万,https://mp.weixin.qq.com/s?__biz=MzkxMTM5MDYzNQ==&mid=2247497610&idx=8&sn=b80ec784a5cecd4aa9d97f7553aed074#rd,,微信文章,24h 热文榜,articles_24h,hotlist,,2026-09-21 14:47:14
30,10万级也有华为乾崑智驾！星海V6抢先实测,,5.1万,https://mp.weixin.qq.com/s?__biz=MzI5MjAyNjM1OA==&mid=2651552407&idx=1&sn=5451074bfc530393a06d5d3166707036#rd,,微信文章,24h 热文榜,articles_24h,hotlist,,2026-09-21 14:47:14
1,马云亲自设计的淘宝骑手服，拿下国际大奖,,10.0万,https://mp.weixin.qq.com/s?__biz=MzAxNDQwMTEyNA==&mid=2656370069&idx=1&sn=7c237f306943513b82c34649c0b4a0f8#rd,,微信文章,24h 热文榜,articles_24h,hotlist,,2026-09-21 15:33:29
2,十年前那个开滴滴被免职的副镇长,,10.0万,https://mp.weixin.qq.com/s?__biz=MzY0MDEyOTMyMg==&mid=2247485134&idx=1&sn=1c2a002dd47de817536687788ea5c46b#rd,,微信文章,24h 热文榜,articles_24h,hotlist,,2026-09-21 15:33:29
3,俩搞导弹的整不了俩捣蛋的,,10.0万,https://mp.weixin.qq.com/s?__biz=MzYyMzEyMzg0NA==&mid=2247484980&idx=1&sn=7e510e870f2b5d573b8d04b29085225e#rd,,微信文章,24h 热文榜,articles_24h,hotlist,,2026-09-21 15:33:29
4,下架！,,10.0万,https://mp.weixin.qq.com/s?__biz=Mzk4ODEyOTk0MA==&mid=2247498140&idx=1&sn=41d2134f0fc44fc793d2e724ca2e69ef#rd,,微信文章,24h 热文榜,articles_24h,hotlist,,2026-09-21 15:33:29
5,年少不懂她的美,,10.0万,https://mp.weixin.qq.com/s?__biz=MzYzMjE5ODI0MQ==&mid=2247485582&idx=1&sn=10c7632b544d4a6525d7194b233ac2bd#rd,,微信文章,24h 热文榜,articles_24h,hotlist,,2026-09-21 15:33:29
6,闹市惊魂！马路不是游乐场，行车千万要谨慎,,10.0万,https://mp.weixin.qq.com/s?__biz=MzY4NTMzMTIyNQ==&mid=2247484671&idx=1&sn=5ba473d2ee7228fda9a0b667431ae7f1#rd,,微信文章,24h 热文榜,articles_24h,hotlist,,2026-09-21 15:33:29
7,看名古屋亚运会颁奖仪式，托盘服务的志愿者大多已是白发长者,,10.0万,https://mp.weixin.qq.com/s?__biz=MzU0MzQzODg2Ng==&mid=2247484310&idx=1&sn=792bd82a794f37b74d5c7056e5355bfa#rd,,微信文章,24h 热文榜,articles_24h,hotlist,,2026-09-21 15:33:29
8,我老公这人正经到什么程度，说出来你们都得好笑,,9.9万,https://mp.weixin.qq.com/s?__biz=MjM5NzQ2MTgyMA==&mid=2651119607&idx=1&sn=f8a37f7bfda9552fb4477aa08efd44c6#rd,,微信文章,24h 热文榜,articles_24h,hotlist,,2026-09-21 15:33:29
9,拆解武汉卡萨帝思享荟：最好的产品说明书，是用户的生活,,9.0万,https://mp.weixin.qq.com/s?__biz=MzIyNDE2NjkzMQ==&mid=2650516176&idx=1&sn=52184ab25fb2f402ed2e61f262457806#rd,,微信文章,24h 热文榜,articles_24h,hotlist,,2026-09-21 15:33:29
10,华为和赛力斯闹矛盾的主要原因就是问界销量不太好，问界销量不行的原因就是鸿蒙智行2026年的战略决策和营销太差了,,9.0万,https://mp.weixin.qq.com/s?__biz=MzUyMTkzMDc1OQ==&mid=2247484650&idx=1&sn=34d378b7365e2b5cac02e1720fe2e028#rd,,微信文章,24h 热文榜,articles_24h,hotlist,,2026-09-21 15:33:29
11,45岁配音演员赵然去世：他配活了我们的童年，却没人记住他的名字,,8.6万,https://mp.weixin.qq.com/s?__biz=MzcwNTM4Mzg5MQ==&mid=2247483824&idx=1&sn=b5d3c5e314310fd6cb18983454f1b793#rd,,微信文章,24h 热文榜,articles_24h,hotlist,,2026-09-21 15:33:29
12,好想搬来成都啊🍜一座宜吃城市,,8.5万,https://mp.weixin.qq.com/s?__biz=MzA4MDQzNDk0MQ==&mid=2650639040&idx=1&sn=cdb04d635de12795688b7c344c7347f3#rd,,微信文章,24h 热文榜,articles_24h,hotlist,,2026-09-21 15:33:29
13,这十三类的人，尽量别深交,,7.5万,https://mp.weixin.qq.com/s?__biz=MzY4MTM0NDA4NA==&mid=2247485477&idx=1&sn=2a06f14a2303f7dd402f6867faa055ec#rd,,微信文章,24h 热文榜,articles_24h,hotlist,,2026-09-21 15:33:29
14,@全体内师er，喜迎双节，万元好礼免费送！,,7.3万,https://mp.weixin.qq.com/s?__biz=MzIwNDg5NDc3Mg==&mid=2247493728&idx=1&sn=7b308858d21d908c0351980c975963bc#rd,,微信文章,24h 热文榜,articles_24h,hotlist,,2026-09-21 15:33:29
15,“TES世界赛签证被拒，曝郭皓不会投诉DYS”，白本太严格，赛制七人组,,6.8万,https://mp.weixin.qq.com/s?__biz=Mzg4ODkzMjg4MQ==&mid=2247501857&idx=1&sn=acf75becbbf3c4416dbf4ed58f9e50ff#rd,,微信文章,24h 热文榜,articles_24h,hotlist,,2026-09-21 15:33:29
16,亚运会比赛闹出大乌龙，王楚钦名放反,,6.3万,https://mp.weixin.qq.com/s?__biz=MzY0MDQwMDIzMQ==&mid=2247497767&idx=1&sn=1e44ca1245229389fff3817fb829e128#rd,,微信文章,24h 热文榜,articles_24h,hotlist,,2026-09-21 15:33:29
17,不看不知道，一看吓一跳！,,6.2万,https://mp.weixin.qq.com/s?__biz=Mzk5MDMzNTY4MA==&mid=2247484538&idx=1&sn=d643a4227a6f4c97b0b186b68079badf#rd,,微信文章,24h 热文榜,articles_24h,hotlist,,2026-09-21 15:33:29
18,认知定方向，行动出结果,,5.9万,https://mp.weixin.qq.com/s?__biz=MzIxODQxNDIyMw==&mid=2247485867&idx=1&sn=ea9e58ccb5dcc4719542ab8ce47f1e69#rd,,微信文章,24h 热文榜,articles_24h,hotlist,,2026-09-21 15:33:29
19,如果小区楼上有人过世，在客厅设灵堂，楼下千万别硬熬，不妨暂时避一避,,5.7万,https://mp.weixin.qq.com/s?__biz=MzYzMjg5MTQ1OA==&mid=2247484421&idx=1&sn=b9ac676fd8c68c67fc65c1bd7152b49d#rd,,微信文章,24h 热文榜,articles_24h,hotlist,,2026-09-21 15:33:29
20,小萨勒曼引狼入室,,5.5万,https://mp.weixin.qq.com/s?__biz=MzI2MDAxMTc2Mw==&mid=2247490930&idx=1&sn=e690b658871fbf705313bf97a526d46a#rd,,微信文章,24h 热文榜,articles_24h,hotlist,,2026-09-21 15:33:29
21,这部在北美刚刚上映的电影，我已先睹为快,,5.3万,https://mp.weixin.qq.com/s?__biz=MzU1MDc4MzcwMw==&mid=2247488081&idx=1&sn=5cdbad2ffa8c6a00c851d2bb9d33a103#rd,,微信文章,24h 热文榜,articles_24h,hotlist,,2026-09-21 15:33:29
22,男子为感谢同事，花223元请客吃饭，对方却拿了一瓶60元的白酒，要让他付钱吗?,,5.3万,https://mp.weixin.qq.com/s?__biz=MzYyMzc4ODU2NA==&mid=2247487874&idx=3&sn=608469ef2f05ce7c727fa9ab3aa6fea4#rd,,微信文章,24h 热文榜,articles_24h,hotlist,,2026-09-21 15:33:29
23,“广告一分钟，穿着衣服的时间只有八秒”，美国女星“悉尼妹”又翻车,,5.2万,https://mp.weixin.qq.com/s?__biz=Mzg3NDczMjI4MQ==&mid=2247512429&idx=1&sn=87a7f9e66936fad63b46f2b579217fb4#rd,,微信文章,24h 热文榜,articles_24h,hotlist,,2026-09-21 15:33:29
24,冯禧2023年合同到期未续约，离开《你好星期六》，都说冯禧是准备结婚去了，实则是继续学业，做更好的自己。如今官宣结婚，也是好磕的。,,5.2万,https://mp.weixin.qq.com/s?__biz=MzYzNTI5ODM2MA==&mid=2247488821&idx=1&sn=0e1bc2c951ad6f1b0bca9747e2a1b95c#rd,,微信文章,24h 热文榜,articles_24h,hotlist,,2026-09-21 15:33:29
25,“新型养老”方式来了，85岁大爷不请保姆，不去养老院，花钱少，比子女还靠谱，让人羡慕,,5.2万,https://mp.weixin.qq.com/s?__biz=MzcwNjM1MTA4Mg==&mid=2247484139&idx=1&sn=29f51b10c7c8d192dc2d96641fdafdb3#rd,,微信文章,24h 热文榜,articles_24h,hotlist,,2026-09-21 15:33:29
26,《兰香如故》：要不是许兰香被卖入青楼接客被吕蕺儿救出，她还不知是林锦岐给她惹来麻烦（含剧透，慎点）,,5.1万,https://mp.weixin.qq.com/s?__biz=MzU3MDY0NjUyMg==&mid=2247487045&idx=1&sn=d55aa9151d5bc28544f696069e7c515b#rd,,微信文章,24h 热文榜,articles_24h,hotlist,,2026-09-21 15:33:29
27,小时候看《半生缘》男女主多年后重逢的片段，我总觉得他们俩最后…,,5.1万,https://mp.weixin.qq.com/s?__biz=Mzg4NTc0NjExMw==&mid=2247492198&idx=1&sn=f74f352b63510b5e8f473be7f2084973#rd,,微信文章,24h 热文榜,articles_24h,hotlist,,2026-09-21 15:33:29
28,小姐姐结婚当天抱着柯基拍照，剪刀手刚抬起来，怀里的就已经打上双闪了：妈妈酱，大喜的日子也要动手吗？,,5.1万,https://mp.weixin.qq.com/s?__biz=MzkzNDk2MTEyNg==&mid=2247485075&idx=1&sn=234976a432e8d51ebff2209816c55c0e#rd,,微信文章,24h 热文榜,articles_24h,hotlist,,2026-09-21 15:33:29
29,36万买一块全金劳力士，拆开一称全网哗然：里面的黄金竟然只值10万！,,5.1万,https://mp.weixin.qq.com/s?__biz=MzkxMTM5MDYzNQ==&mid=2247497610&idx=8&sn=b80ec784a5cecd4aa9d97f7553aed074#rd,,微信文章,24h 热文榜,articles_24h,hotlist,,2026-09-21 15:33:29
30,10万级也有华为乾崑智驾！星海V6抢先实测,,5.1万,https://mp.weixin.qq.com/s?__biz=MzI5MjAyNjM1OA==&mid=2651552407&idx=1&sn=5451074bfc530393a06d5d3166707036#rd,,微信文章,24h 热文榜,articles_24h,hotlist,,2026-09-21 15:33:29
1,马云亲自设计的淘宝骑手服，拿下国际大奖,,10.0万,https://mp.weixin.qq.com/s?__biz=MzAxNDQwMTEyNA==&mid=2656370069&idx=1&sn=7c237f306943513b82c34649c0b4a0f8#rd,,微信文章,24h 热文榜,articles_24h,hotlist,,2026-09-21 16:33:31
2,十年前那个开滴滴被免职的副镇长,,10.0万,https://mp.weixin.qq.com/s?__biz=MzY0MDEyOTMyMg==&mid=2247485134&idx=1&sn=1c2a002dd47de817536687788ea5c46b#rd,,微信文章,24h 热文榜,articles_24h,hotlist,,2026-09-21 16:33:31
3,俩搞导弹的整不了俩捣蛋的,,10.0万,https://mp.weixin.qq.com/s?__biz=MzYyMzEyMzg0NA==&mid=2247484980&idx=1&sn=7e510e870f2b5d573b8d04b29085225e#rd,,微信文章,24h 热文榜,articles_24h,hotlist,,2026-09-21 16:33:31
4,下架！,,10.0万,https://mp.weixin.qq.com/s?__biz=Mzk4ODEyOTk0MA==&mid=2247498140&idx=1&sn=41d2134f0fc44fc793d2e724ca2e69ef#rd,,微信文章,24h 热文榜,articles_24h,hotlist,,2026-09-21 16:33:31
5,年少不懂她的美,,10.0万,https://mp.weixin.qq.com/s?__biz=MzYzMjE5ODI0MQ==&mid=2247485582&idx=1&sn=10c7632b544d4a6525d7194b233ac2bd#rd,,微信文章,24h 热文榜,articles_24h,hotlist,,2026-09-21 16:33:31
6,闹市惊魂！马路不是游乐场，行车千万要谨慎,,10.0万,https://mp.weixin.qq.com/s?__biz=MzY4NTMzMTIyNQ==&mid=2247484671&idx=1&sn=5ba473d2ee7228fda9a0b667431ae7f1#rd,,微信文章,24h 热文榜,articles_24h,hotlist,,2026-09-21 16:33:31
7,看名古屋亚运会颁奖仪式，托盘服务的志愿者大多已是白发长者,,10.0万,https://mp.weixin.qq.com/s?__biz=MzU0MzQzODg2Ng==&mid=2247484310&idx=1&sn=792bd82a794f37b74d5c7056e5355bfa#rd,,微信文章,24h 热文榜,articles_24h,hotlist,,2026-09-21 16:33:31
8,我老公这人正经到什么程度，说出来你们都得好笑,,9.9万,https://mp.weixin.qq.com/s?__biz=MjM5NzQ2MTgyMA==&mid=2651119607&idx=1&sn=f8a37f7bfda9552fb4477aa08efd44c6#rd,,微信文章,24h 热文榜,articles_24h,hotlist,,2026-09-21 16:33:31
9,拆解武汉卡萨帝思享荟：最好的产品说明书，是用户的生活,,9.0万,https://mp.weixin.qq.com/s?__biz=MzIyNDE2NjkzMQ==&mid=2650516176&idx=1&sn=52184ab25fb2f402ed2e61f262457806#rd,,微信文章,24h 热文榜,articles_24h,hotlist,,2026-09-21 16:33:31
10,华为和赛力斯闹矛盾的主要原因就是问界销量不太好，问界销量不行的原因就是鸿蒙智行2026年的战略决策和营销太差了,,9.0万,https://mp.weixin.qq.com/s?__biz=MzUyMTkzMDc1OQ==&mid=2247484650&idx=1&sn=34d378b7365e2b5cac02e1720fe2e028#rd,,微信文章,24h 热文榜,articles_24h,hotlist,,2026-09-21 16:33:31
11,45岁配音演员赵然去世：他配活了我们的童年，却没人记住他的名字,,8.6万,https://mp.weixin.qq.com/s?__biz=MzcwNTM4Mzg5MQ==&mid=2247483824&idx=1&sn=b5d3c5e314310fd6cb18983454f1b793#rd,,微信文章,24h 热文榜,articles_24h,hotlist,,2026-09-21 16:33:31
12,好想搬来成都啊🍜一座宜吃城市,,8.5万,https://mp.weixin.qq.com/s?__biz=MzA4MDQzNDk0MQ==&mid=2650639040&idx=1&sn=cdb04d635de12795688b7c344c7347f3#rd,,微信文章,24h 热文榜,articles_24h,hotlist,,2026-09-21 16:33:31
13,这十三类的人，尽量别深交,,7.5万,https://mp.weixin.qq.com/s?__biz=MzY4MTM0NDA4NA==&mid=2247485477&idx=1&sn=2a06f14a2303f7dd402f6867faa055ec#rd,,微信文章,24h 热文榜,articles_24h,hotlist,,2026-09-21 16:33:31
14,@全体内师er，喜迎双节，万元好礼免费送！,,7.3万,https://mp.weixin.qq.com/s?__biz=MzIwNDg5NDc3Mg==&mid=2247493728&idx=1&sn=7b308858d21d908c0351980c975963bc#rd,,微信文章,24h 热文榜,articles_24h,hotlist,,2026-09-21 16:33:31
15,“TES世界赛签证被拒，曝郭皓不会投诉DYS”，白本太严格，赛制七人组,,6.8万,https://mp.weixin.qq.com/s?__biz=Mzg4ODkzMjg4MQ==&mid=2247501857&idx=1&sn=acf75becbbf3c4416dbf4ed58f9e50ff#rd,,微信文章,24h 热文榜,articles_24h,hotlist,,2026-09-21 16:33:31
16,亚运会比赛闹出大乌龙，王楚钦名放反,,6.3万,https://mp.weixin.qq.com/s?__biz=MzY0MDQwMDIzMQ==&mid=2247497767&idx=1&sn=1e44ca1245229389fff3817fb829e128#rd,,微信文章,24h 热文榜,articles_24h,hotlist,,2026-09-21 16:33:31
17,不看不知道，一看吓一跳！,,6.2万,https://mp.weixin.qq.com/s?__biz=Mzk5MDMzNTY4MA==&mid=2247484538&idx=1&sn=d643a4227a6f4c97b0b186b68079badf#rd,,微信文章,24h 热文榜,articles_24h,hotlist,,2026-09-21 16:33:31
18,认知定方向，行动出结果,,5.9万,https://mp.weixin.qq.com/s?__biz=MzIxODQxNDIyMw==&mid=2247485867&idx=1&sn=ea9e58ccb5dcc4719542ab8ce47f1e69#rd,,微信文章,24h 热文榜,articles_24h,hotlist,,2026-09-21 16:33:31
19,如果小区楼上有人过世，在客厅设灵堂，楼下千万别硬熬，不妨暂时避一避,,5.7万,https://mp.weixin.qq.com/s?__biz=MzYzMjg5MTQ1OA==&mid=2247484421&idx=1&sn=b9ac676fd8c68c67fc65c1bd7152b49d#rd,,微信文章,24h 热文榜,articles_24h,hotlist,,2026-09-21 16:33:31
20,小萨勒曼引狼入室,,5.5万,https://mp.weixin.qq.com/s?__biz=MzI2MDAxMTc2Mw==&mid=2247490930&idx=1&sn=e690b658871fbf705313bf97a526d46a#rd,,微信文章,24h 热文榜,articles_24h,hotlist,,2026-09-21 16:33:31
21,这部在北美刚刚上映的电影，我已先睹为快,,5.3万,https://mp.weixin.qq.com/s?__biz=MzU1MDc4MzcwMw==&mid=2247488081&idx=1&sn=5cdbad2ffa8c6a00c851d2bb9d33a103#rd,,微信文章,24h 热文榜,articles_24h,hotlist,,2026-09-21 16:33:31
22,男子为感谢同事，花223元请客吃饭，对方却拿了一瓶60元的白酒，要让他付钱吗?,,5.3万,https://mp.weixin.qq.com/s?__biz=MzYyMzc4ODU2NA==&mid=2247487874&idx=3&sn=608469ef2f05ce7c727fa9ab3aa6fea4#rd,,微信文章,24h 热文榜,articles_24h,hotlist,,2026-09-21 16:33:31
23,“广告一分钟，穿着衣服的时间只有八秒”，美国女星“悉尼妹”又翻车,,5.2万,https://mp.weixin.qq.com/s?__biz=Mzg3NDczMjI4MQ==&mid=2247512429&idx=1&sn=87a7f9e66936fad63b46f2b579217fb4#rd,,微信文章,24h 热文榜,articles_24h,hotlist,,2026-09-21 16:33:31
24,冯禧2023年合同到期未续约，离开《你好星期六》，都说冯禧是准备结婚去了，实则是继续学业，做更好的自己。如今官宣结婚，也是好磕的。,,5.2万,https://mp.weixin.qq.com/s?__biz=MzYzNTI5ODM2MA==&mid=2247488821&idx=1&sn=0e1bc2c951ad6f1b0bca9747e2a1b95c#rd,,微信文章,24h 热文榜,articles_24h,hotlist,,2026-09-21 16:33:31
25,“新型养老”方式来了，85岁大爷不请保姆，不去养老院，花钱少，比子女还靠谱，让人羡慕,,5.2万,https://mp.weixin.qq.com/s?__biz=MzcwNjM1MTA4Mg==&mid=2247484139&idx=1&sn=29f51b10c7c8d192dc2d96641fdafdb3#rd,,微信文章,24h 热文榜,articles_24h,hotlist,,2026-09-21 16:33:31
26,《兰香如故》：要不是许兰香被卖入青楼接客被吕蕺儿救出，她还不知是林锦岐给她惹来麻烦（含剧透，慎点）,,5.1万,https://mp.weixin.qq.com/s?__biz=MzU3MDY0NjUyMg==&mid=2247487045&idx=1&sn=d55aa9151d5bc28544f696069e7c515b#rd,,微信文章,24h 热文榜,articles_24h,hotlist,,2026-09-21 16:33:31
27,小时候看《半生缘》男女主多年后重逢的片段，我总觉得他们俩最后…,,5.1万,https://mp.weixin.qq.com/s?__biz=Mzg4NTc0NjExMw==&mid=2247492198&idx=1&sn=f74f352b63510b5e8f473be7f2084973#rd,,微信文章,24h 热文榜,articles_24h,hotlist,,2026-09-21 16:33:31
28,小姐姐结婚当天抱着柯基拍照，剪刀手刚抬起来，怀里的就已经打上双闪了：妈妈酱，大喜的日子也要动手吗？,,5.1万,https://mp.weixin.qq.com/s?__biz=MzkzNDk2MTEyNg==&mid=2247485075&idx=1&sn=234976a432e8d51ebff2209816c55c0e#rd,,微信文章,24h 热文榜,articles_24h,hotlist,,2026-09-21 16:33:31
29,36万买一块全金劳力士，拆开一称全网哗然：里面的黄金竟然只值10万！,,5.1万,https://mp.weixin.qq.com/s?__biz=MzkxMTM5MDYzNQ==&mid=2247497610&idx=8&sn=b80ec784a5cecd4aa9d97f7553aed074#rd,,微信文章,24h 热文榜,articles_24h,hotlist,,2026-09-21 16:33:31
30,10万级也有华为乾崑智驾！星海V6抢先实测,,5.1万,https://mp.weixin.qq.com/s?__biz=MzI5MjAyNjM1OA==&mid=2651552407&idx=1&sn=5451074bfc530393a06d5d3166707036#rd,,微信文章,24h 热文榜,articles_24h,hotlist,,2026-09-21 16:33:31
